ISO-10303-21;
HEADER;
FILE_NAME('Open CASCADE Shape Model','2026-03-29T09:23:51',('Author'),(
    'Open CASCADE'),'Open CASCADE STEP processor 7.8','Open CASCADE 7.8'
  ,'Unknown');
FILE_DESCRIPTION(('Open CASCADE Model'),'2;1');
FILE_SCHEMA(('AUTOMOTIVE_DESIGN { 1 0 10303 214 1 1 1 1 }'));
ENDSEC;
DATA;
#1 = APPLICATION_PROTOCOL_DEFINITION('international standard',
  'automotive_design',2000,#2);
#2 = APPLICATION_CONTEXT(
  'core data for automotive mechanical design processes');
#3 = SHAPE_DEFINITION_REPRESENTATION(#4,#10);
#4 = PRODUCT_DEFINITION_SHAPE('','',#5);
#5 = PRODUCT_DEFINITION('design','',#6,#9);
#6 = PRODUCT_DEFINITION_FORMATION('','',#7);
#7 = PRODUCT('Open CASCADE STEP translator 7.8 154',
  'Open CASCADE STEP translator 7.8 154','',(#8));
#8 = PRODUCT_CONTEXT('',#2,'mechanical');
#9 = PRODUCT_DEFINITION_CONTEXT('part definition',#2,'design');
#10 = SHAPE_REPRESENTATION('',(#11,#15,#19,#23,#27,#31,#35,#39,#43,#47,
    #51,#55,#59,#63,#67,#71,#75,#79,#83,#87,#91,#95,#99),#103);
#11 = AXIS2_PLACEMENT_3D('',#12,#13,#14);
#12 = CARTESIAN_POINT('',(0.,0.,0.));
#13 = DIRECTION('',(0.,0.,1.));
#14 = DIRECTION('',(1.,0.,-0.));
#15 = AXIS2_PLACEMENT_3D('',#16,#17,#18);
#16 = CARTESIAN_POINT('',(0.,0.,0.));
#17 = DIRECTION('',(0.,0.,1.));
#18 = DIRECTION('',(1.,0.,-0.));
#19 = AXIS2_PLACEMENT_3D('',#20,#21,#22);
#20 = CARTESIAN_POINT('',(0.,0.,0.));
#21 = DIRECTION('',(0.,0.,1.));
#22 = DIRECTION('',(1.,0.,-0.));
#23 = AXIS2_PLACEMENT_3D('',#24,#25,#26);
#24 = CARTESIAN_POINT('',(0.,0.,0.));
#25 = DIRECTION('',(0.,0.,1.));
#26 = DIRECTION('',(1.,0.,-0.));
#27 = AXIS2_PLACEMENT_3D('',#28,#29,#30);
#28 = CARTESIAN_POINT('',(0.,0.,0.));
#29 = DIRECTION('',(0.,0.,1.));
#30 = DIRECTION('',(1.,0.,-0.));
#31 = AXIS2_PLACEMENT_3D('',#32,#33,#34);
#32 = CARTESIAN_POINT('',(0.,0.,0.));
#33 = DIRECTION('',(0.,0.,1.));
#34 = DIRECTION('',(1.,0.,-0.));
#35 = AXIS2_PLACEMENT_3D('',#36,#37,#38);
#36 = CARTESIAN_POINT('',(0.,0.,0.));
#37 = DIRECTION('',(0.,0.,1.));
#38 = DIRECTION('',(1.,0.,-0.));
#39 = AXIS2_PLACEMENT_3D('',#40,#41,#42);
#40 = CARTESIAN_POINT('',(0.,0.,0.));
#41 = DIRECTION('',(0.,0.,1.));
#42 = DIRECTION('',(1.,0.,-0.));
#43 = AXIS2_PLACEMENT_3D('',#44,#45,#46);
#44 = CARTESIAN_POINT('',(0.,0.,0.));
#45 = DIRECTION('',(0.,0.,1.));
#46 = DIRECTION('',(1.,0.,-0.));
#47 = AXIS2_PLACEMENT_3D('',#48,#49,#50);
#48 = CARTESIAN_POINT('',(0.,0.,0.));
#49 = DIRECTION('',(0.,0.,1.));
#50 = DIRECTION('',(1.,0.,-0.));
#51 = AXIS2_PLACEMENT_3D('',#52,#53,#54);
#52 = CARTESIAN_POINT('',(0.,0.,0.));
#53 = DIRECTION('',(0.,0.,1.));
#54 = DIRECTION('',(1.,0.,-0.));
#55 = AXIS2_PLACEMENT_3D('',#56,#57,#58);
#56 = CARTESIAN_POINT('',(0.,0.,0.));
#57 = DIRECTION('',(0.,0.,1.));
#58 = DIRECTION('',(1.,0.,-0.));
#59 = AXIS2_PLACEMENT_3D('',#60,#61,#62);
#60 = CARTESIAN_POINT('',(0.,0.,0.));
#61 = DIRECTION('',(0.,0.,1.));
#62 = DIRECTION('',(1.,0.,-0.));
#63 = AXIS2_PLACEMENT_3D('',#64,#65,#66);
#64 = CARTESIAN_POINT('',(0.,0.,0.));
#65 = DIRECTION('',(0.,0.,1.));
#66 = DIRECTION('',(1.,0.,-0.));
#67 = AXIS2_PLACEMENT_3D('',#68,#69,#70);
#68 = CARTESIAN_POINT('',(0.,0.,0.));
#69 = DIRECTION('',(0.,0.,1.));
#70 = DIRECTION('',(1.,0.,-0.));
#71 = AXIS2_PLACEMENT_3D('',#72,#73,#74);
#72 = CARTESIAN_POINT('',(0.,0.,0.));
#73 = DIRECTION('',(0.,0.,1.));
#74 = DIRECTION('',(1.,0.,-0.));
#75 = AXIS2_PLACEMENT_3D('',#76,#77,#78);
#76 = CARTESIAN_POINT('',(0.,0.,0.));
#77 = DIRECTION('',(0.,0.,1.));
#78 = DIRECTION('',(1.,0.,-0.));
#79 = AXIS2_PLACEMENT_3D('',#80,#81,#82);
#80 = CARTESIAN_POINT('',(0.,0.,0.));
#81 = DIRECTION('',(0.,0.,1.));
#82 = DIRECTION('',(1.,0.,-0.));
#83 = AXIS2_PLACEMENT_3D('',#84,#85,#86);
#84 = CARTESIAN_POINT('',(0.,0.,0.));
#85 = DIRECTION('',(0.,0.,1.));
#86 = DIRECTION('',(1.,0.,-0.));
#87 = AXIS2_PLACEMENT_3D('',#88,#89,#90);
#88 = CARTESIAN_POINT('',(0.,0.,0.));
#89 = DIRECTION('',(0.,0.,1.));
#90 = DIRECTION('',(1.,0.,-0.));
#91 = AXIS2_PLACEMENT_3D('',#92,#93,#94);
#92 = CARTESIAN_POINT('',(0.,0.,0.));
#93 = DIRECTION('',(0.,0.,1.));
#94 = DIRECTION('',(1.,0.,-0.));
#95 = AXIS2_PLACEMENT_3D('',#96,#97,#98);
#96 = CARTESIAN_POINT('',(0.,0.,0.));
#97 = DIRECTION('',(0.,0.,1.));
#98 = DIRECTION('',(1.,0.,-0.));
#99 = AXIS2_PLACEMENT_3D('',#100,#101,#102);
#100 = CARTESIAN_POINT('',(0.,0.,0.));
#101 = DIRECTION('',(0.,0.,1.));
#102 = DIRECTION('',(1.,0.,-0.));
#103 = ( GEOMETRIC_REPRESENTATION_CONTEXT(3) 
GLOBAL_UNCERTAINTY_ASSIGNED_CONTEXT((#107)) GLOBAL_UNIT_ASSIGNED_CONTEXT
((#104,#105,#106)) REPRESENTATION_CONTEXT('Context #1',
  '3D Context with UNIT and UNCERTAINTY') );
#104 = ( LENGTH_UNIT() NAMED_UNIT(*) SI_UNIT(.MILLI.,.METRE.) );
#105 = ( NAMED_UNIT(*) PLANE_ANGLE_UNIT() SI_UNIT($,.RADIAN.) );
#106 = ( NAMED_UNIT(*) SI_UNIT($,.STERADIAN.) SOLID_ANGLE_UNIT() );
#107 = UNCERTAINTY_MEASURE_WITH_UNIT(LENGTH_MEASURE(1.E-04),#104,
  'distance_accuracy_value','confusion accuracy');
#108 = PRODUCT_RELATED_PRODUCT_CATEGORY('part',$,(#7));
#109 = SHAPE_DEFINITION_REPRESENTATION(#110,#116);
#110 = PRODUCT_DEFINITION_SHAPE('','',#111);
#111 = PRODUCT_DEFINITION('design','',#112,#115);
#112 = PRODUCT_DEFINITION_FORMATION('','',#113);
#113 = PRODUCT('Open CASCADE STEP translator 7.8 154.1',
  'Open CASCADE STEP translator 7.8 154.1','',(#114));
#114 = PRODUCT_CONTEXT('',#2,'mechanical');
#115 = PRODUCT_DEFINITION_CONTEXT('part definition',#2,'design');
#116 = ADVANCED_BREP_SHAPE_REPRESENTATION('',(#11,#117),#431);
#117 = MANIFOLD_SOLID_BREP('',#118);
#118 = CLOSED_SHELL('',(#119,#233,#307,#370,#417,#424));
#119 = ADVANCED_FACE('',(#120),#133,.T.);
#120 = FACE_BOUND('',#121,.T.);
#121 = EDGE_LOOP('',(#122,#157,#182,#210));
#122 = ORIENTED_EDGE('',*,*,#123,.T.);
#123 = EDGE_CURVE('',#124,#126,#128,.T.);
#124 = VERTEX_POINT('',#125);
#125 = CARTESIAN_POINT('',(13.696990121473,3.567657160136,
    18.750028531283));
#126 = VERTEX_POINT('',#127);
#127 = CARTESIAN_POINT('',(13.696990121473,3.567657160136,
    25.221605084184));
#128 = SURFACE_CURVE('',#129,(#132,#143),.PCURVE_S1.);
#129 = B_SPLINE_CURVE_WITH_KNOTS('',1,(#130,#131),.UNSPECIFIED.,.F.,.F.,
  (2,2),(0.,6.471576552901E-03),.PIECEWISE_BEZIER_KNOTS.);
#130 = CARTESIAN_POINT('',(13.696990121473,3.567657160136,
    18.750028531283));
#131 = CARTESIAN_POINT('',(13.696990121473,3.567657160136,
    25.221605084184));
#132 = PCURVE('',#133,#138);
#133 = B_SPLINE_SURFACE_WITH_KNOTS('',1,1,(
    (#134,#135)
    ,(#136,#137
    )),.UNSPECIFIED.,.F.,.F.,.F.,(2,2),(2,2),(0.,8.876117240666E-03),(
    -6.471576552901E-03,0.),.PIECEWISE_BEZIER_KNOTS.);
#134 = CARTESIAN_POINT('',(13.696990121473,3.567657160136,
    25.221605084184));
#135 = CARTESIAN_POINT('',(13.696990121473,3.567657160136,
    18.750028531283));
#136 = CARTESIAN_POINT('',(22.271659075312,5.861237244225,
    25.221605084184));
#137 = CARTESIAN_POINT('',(22.271659075312,5.861237244225,
    18.750028531283));
#138 = DEFINITIONAL_REPRESENTATION('',(#139),#142);
#139 = B_SPLINE_CURVE_WITH_KNOTS('',1,(#140,#141),.UNSPECIFIED.,.F.,.F.,
  (2,2),(0.,6.471576552901E-03),.PIECEWISE_BEZIER_KNOTS.);
#140 = CARTESIAN_POINT('',(0.,0.));
#141 = CARTESIAN_POINT('',(0.,-6.471576552901E-03));
#142 = ( GEOMETRIC_REPRESENTATION_CONTEXT(2) 
PARAMETRIC_REPRESENTATION_CONTEXT() REPRESENTATION_CONTEXT('2D SPACE',''
  ) );
#143 = PCURVE('',#144,#151);
#144 = ( BOUNDED_SURFACE() B_SPLINE_SURFACE(2,1,(
    (#145,#146)
    ,(#147,#148)
,(#149,#150
    )),.UNSPECIFIED.,.F.,.F.,.F.) B_SPLINE_SURFACE_WITH_KNOTS((3,3),(2,2
    ),(3.144119493737,3.39640104805),(-6.471576552901E-03,0.),
.PIECEWISE_BEZIER_KNOTS.) GEOMETRIC_REPRESENTATION_ITEM() 
RATIONAL_B_SPLINE_SURFACE((
    (1.,1.)
    ,(0.992054795563,0.992054795563)
,(1.,1.))) REPRESENTATION_ITEM('') SURFACE() );
#145 = CARTESIAN_POINT('',(14.153954813937,3.576485738651E-02,
    25.221605084184));
#146 = CARTESIAN_POINT('',(14.153954813937,3.576485738651E-02,
    18.750028531283));
#147 = CARTESIAN_POINT('',(14.14941932601,1.830685790114,25.221605084184
    ));
#148 = CARTESIAN_POINT('',(14.14941932601,1.830685790114,18.750028531283
    ));
#149 = CARTESIAN_POINT('',(13.696990121473,3.567657160136,
    25.221605084184));
#150 = CARTESIAN_POINT('',(13.696990121473,3.567657160136,
    18.750028531283));
#151 = DEFINITIONAL_REPRESENTATION('',(#152),#156);
#152 = B_SPLINE_CURVE_WITH_KNOTS('',2,(#153,#154,#155),.UNSPECIFIED.,.F.
  ,.F.,(3,3),(0.,6.471576552901E-03),.PIECEWISE_BEZIER_KNOTS.);
#153 = CARTESIAN_POINT('',(3.39640104805,0.));
#154 = CARTESIAN_POINT('',(3.39640104805,-3.23578827645E-03));
#155 = CARTESIAN_POINT('',(3.39640104805,-6.471576552901E-03));
#156 = ( GEOMETRIC_REPRESENTATION_CONTEXT(2) 
PARAMETRIC_REPRESENTATION_CONTEXT() REPRESENTATION_CONTEXT('2D SPACE',''
  ) );
#157 = ORIENTED_EDGE('',*,*,#158,.T.);
#158 = EDGE_CURVE('',#126,#159,#161,.T.);
#159 = VERTEX_POINT('',#160);
#160 = CARTESIAN_POINT('',(22.271659075312,5.861237244225,
    25.221605084184));
#161 = SURFACE_CURVE('',#162,(#165,#171),.PCURVE_S1.);
#162 = B_SPLINE_CURVE_WITH_KNOTS('',1,(#163,#164),.UNSPECIFIED.,.F.,.F.,
  (2,2),(0.,8.876117240666E-03),.PIECEWISE_BEZIER_KNOTS.);
#163 = CARTESIAN_POINT('',(13.696990121473,3.567657160136,
    25.221605084184));
#164 = CARTESIAN_POINT('',(22.271659075312,5.861237244225,
    25.221605084184));
#165 = PCURVE('',#133,#166);
#166 = DEFINITIONAL_REPRESENTATION('',(#167),#170);
#167 = B_SPLINE_CURVE_WITH_KNOTS('',1,(#168,#169),.UNSPECIFIED.,.F.,.F.,
  (2,2),(0.,8.876117240666E-03),.PIECEWISE_BEZIER_KNOTS.);
#168 = CARTESIAN_POINT('',(0.,-6.471576552901E-03));
#169 = CARTESIAN_POINT('',(8.876117240666E-03,-6.471576552901E-03));
#170 = ( GEOMETRIC_REPRESENTATION_CONTEXT(2) 
PARAMETRIC_REPRESENTATION_CONTEXT() REPRESENTATION_CONTEXT('2D SPACE',''
  ) );
#171 = PCURVE('',#172,#177);
#172 = B_SPLINE_SURFACE_WITH_KNOTS('',1,1,(
    (#173,#174)
    ,(#175,#176
    )),.UNSPECIFIED.,.F.,.F.,.F.,(2,2),(2,2),(1.369699012147E-02,
    2.303E-02),(-2.13442549697E-18,5.861237244225E-03),
  .PIECEWISE_BEZIER_KNOTS.);
#173 = CARTESIAN_POINT('',(13.696990121473,-2.820361578436E-15,
    25.221605084184));
#174 = CARTESIAN_POINT('',(13.696990121473,5.861237244225,
    25.221605084184));
#175 = CARTESIAN_POINT('',(23.03,-2.820361578436E-15,25.221605084184));
#176 = CARTESIAN_POINT('',(23.03,5.861237244225,25.221605084184));
#177 = DEFINITIONAL_REPRESENTATION('',(#178),#181);
#178 = B_SPLINE_CURVE_WITH_KNOTS('',1,(#179,#180),.UNSPECIFIED.,.F.,.F.,
  (2,2),(0.,8.876117240666E-03),.PIECEWISE_BEZIER_KNOTS.);
#179 = CARTESIAN_POINT('',(1.369699012147E-02,3.567657160136E-03));
#180 = CARTESIAN_POINT('',(2.227165907531E-02,5.861237244225E-03));
#181 = ( GEOMETRIC_REPRESENTATION_CONTEXT(2) 
PARAMETRIC_REPRESENTATION_CONTEXT() REPRESENTATION_CONTEXT('2D SPACE',''
  ) );
#182 = ORIENTED_EDGE('',*,*,#183,.F.);
#183 = EDGE_CURVE('',#184,#159,#186,.T.);
#184 = VERTEX_POINT('',#185);
#185 = CARTESIAN_POINT('',(22.271659075312,5.861237244225,
    18.750028531283));
#186 = SURFACE_CURVE('',#187,(#190,#196),.PCURVE_S1.);
#187 = B_SPLINE_CURVE_WITH_KNOTS('',1,(#188,#189),.UNSPECIFIED.,.F.,.F.,
  (2,2),(0.,6.471576552901E-03),.PIECEWISE_BEZIER_KNOTS.);
#188 = CARTESIAN_POINT('',(22.271659075312,5.861237244225,
    18.750028531283));
#189 = CARTESIAN_POINT('',(22.271659075312,5.861237244225,
    25.221605084184));
#190 = PCURVE('',#133,#191);
#191 = DEFINITIONAL_REPRESENTATION('',(#192),#195);
#192 = B_SPLINE_CURVE_WITH_KNOTS('',1,(#193,#194),.UNSPECIFIED.,.F.,.F.,
  (2,2),(0.,6.471576552901E-03),.PIECEWISE_BEZIER_KNOTS.);
#193 = CARTESIAN_POINT('',(8.876117240666E-03,0.));
#194 = CARTESIAN_POINT('',(8.876117240666E-03,-6.471576552901E-03));
#195 = ( GEOMETRIC_REPRESENTATION_CONTEXT(2) 
PARAMETRIC_REPRESENTATION_CONTEXT() REPRESENTATION_CONTEXT('2D SPACE',''
  ) );
#196 = PCURVE('',#197,#204);
#197 = ( BOUNDED_SURFACE() B_SPLINE_SURFACE(2,1,(
    (#198,#199)
    ,(#200,#201)
,(#202,#203
    )),.UNSPECIFIED.,.F.,.F.,.F.) B_SPLINE_SURFACE_WITH_KNOTS((3,3),(2,2
    ),(6.025850072572,6.28318530718),(-6.471576552901E-03,0.),
.PIECEWISE_BEZIER_KNOTS.) GEOMETRIC_REPRESENTATION_ITEM() 
RATIONAL_B_SPLINE_SURFACE((
    (1.,1.)
    ,(0.99173373582,0.99173373582)
,(1.,1.))) REPRESENTATION_ITEM('') SURFACE() );
#198 = CARTESIAN_POINT('',(22.271659075312,5.861237244225,
    25.221605084184));
#199 = CARTESIAN_POINT('',(22.271659075312,5.861237244225,
    18.750028531283));
#200 = CARTESIAN_POINT('',(23.03,2.979676605444,25.221605084184));
#201 = CARTESIAN_POINT('',(23.03,2.979676605444,18.750028531283));
#202 = CARTESIAN_POINT('',(23.03,5.640723156873E-15,25.221605084184));
#203 = CARTESIAN_POINT('',(23.03,5.640723156873E-15,18.750028531283));
#204 = DEFINITIONAL_REPRESENTATION('',(#205),#209);
#205 = B_SPLINE_CURVE_WITH_KNOTS('',2,(#206,#207,#208),.UNSPECIFIED.,.F.
  ,.F.,(3,3),(0.,6.471576552901E-03),.PIECEWISE_BEZIER_KNOTS.);
#206 = CARTESIAN_POINT('',(6.025850072572,0.));
#207 = CARTESIAN_POINT('',(6.025850072572,-3.23578827645E-03));
#208 = CARTESIAN_POINT('',(6.025850072572,-6.471576552901E-03));
#209 = ( GEOMETRIC_REPRESENTATION_CONTEXT(2) 
PARAMETRIC_REPRESENTATION_CONTEXT() REPRESENTATION_CONTEXT('2D SPACE',''
  ) );
#210 = ORIENTED_EDGE('',*,*,#211,.F.);
#211 = EDGE_CURVE('',#124,#184,#212,.T.);
#212 = SURFACE_CURVE('',#213,(#216,#222),.PCURVE_S1.);
#213 = B_SPLINE_CURVE_WITH_KNOTS('',1,(#214,#215),.UNSPECIFIED.,.F.,.F.,
  (2,2),(0.,8.876117240666E-03),.PIECEWISE_BEZIER_KNOTS.);
#214 = CARTESIAN_POINT('',(13.696990121473,3.567657160136,
    18.750028531283));
#215 = CARTESIAN_POINT('',(22.271659075312,5.861237244225,
    18.750028531283));
#216 = PCURVE('',#133,#217);
#217 = DEFINITIONAL_REPRESENTATION('',(#218),#221);
#218 = B_SPLINE_CURVE_WITH_KNOTS('',1,(#219,#220),.UNSPECIFIED.,.F.,.F.,
  (2,2),(0.,8.876117240666E-03),.PIECEWISE_BEZIER_KNOTS.);
#219 = CARTESIAN_POINT('',(0.,0.));
#220 = CARTESIAN_POINT('',(8.876117240666E-03,0.));
#221 = ( GEOMETRIC_REPRESENTATION_CONTEXT(2) 
PARAMETRIC_REPRESENTATION_CONTEXT() REPRESENTATION_CONTEXT('2D SPACE',''
  ) );
#222 = PCURVE('',#223,#228);
#223 = B_SPLINE_SURFACE_WITH_KNOTS('',1,1,(
    (#224,#225)
    ,(#226,#227
    )),.UNSPECIFIED.,.F.,.F.,.F.,(2,2),(2,2),(-4.331809092001E-03,
    5.001200786526E-03),(-2.419216761298E-03,3.442020482927E-03),
  .PIECEWISE_BEZIER_KNOTS.);
#224 = CARTESIAN_POINT('',(23.03,8.673617379884E-16,18.750028531283));
#225 = CARTESIAN_POINT('',(23.03,5.861237244225,18.750028531283));
#226 = CARTESIAN_POINT('',(13.696990121473,8.673617379884E-16,
    18.750028531283));
#227 = CARTESIAN_POINT('',(13.696990121473,5.861237244225,
    18.750028531283));
#228 = DEFINITIONAL_REPRESENTATION('',(#229),#232);
#229 = B_SPLINE_CURVE_WITH_KNOTS('',1,(#230,#231),.UNSPECIFIED.,.F.,.F.,
  (2,2),(0.,8.876117240666E-03),.PIECEWISE_BEZIER_KNOTS.);
#230 = CARTESIAN_POINT('',(5.001200786526E-03,1.148440398838E-03));
#231 = CARTESIAN_POINT('',(-3.573468167312E-03,3.442020482927E-03));
#232 = ( GEOMETRIC_REPRESENTATION_CONTEXT(2) 
PARAMETRIC_REPRESENTATION_CONTEXT() REPRESENTATION_CONTEXT('2D SPACE',''
  ) );
#233 = ADVANCED_FACE('',(#234),#197,.T.);
#234 = FACE_BOUND('',#235,.T.);
#235 = EDGE_LOOP('',(#236,#237,#260,#286));
#236 = ORIENTED_EDGE('',*,*,#183,.T.);
#237 = ORIENTED_EDGE('',*,*,#238,.F.);
#238 = EDGE_CURVE('',#239,#159,#241,.T.);
#239 = VERTEX_POINT('',#240);
#240 = CARTESIAN_POINT('',(23.03,2.888941799189E-16,25.221605084184));
#241 = SURFACE_CURVE('',#242,(#246,#253),.PCURVE_S1.);
#242 = ( BOUNDED_CURVE() B_SPLINE_CURVE(2,(#243,#244,#245),
.UNSPECIFIED.,.F.,.F.) B_SPLINE_CURVE_WITH_KNOTS((3,3),(3.14159265359,
3.398927888198),.PIECEWISE_BEZIER_KNOTS.) CURVE() 
GEOMETRIC_REPRESENTATION_ITEM() RATIONAL_B_SPLINE_CURVE((1.,
0.99173373582,1.)) REPRESENTATION_ITEM('') );
#243 = CARTESIAN_POINT('',(23.03,-2.820361578436E-15,25.221605084184));
#244 = CARTESIAN_POINT('',(23.03,2.979676605444,25.221605084184));
#245 = CARTESIAN_POINT('',(22.271659075312,5.861237244225,
    25.221605084184));
#246 = PCURVE('',#197,#247);
#247 = DEFINITIONAL_REPRESENTATION('',(#248),#252);
#248 = B_SPLINE_CURVE_WITH_KNOTS('',2,(#249,#250,#251),.UNSPECIFIED.,.F.
  ,.F.,(3,3),(3.14159265359,3.398927888198),.PIECEWISE_BEZIER_KNOTS.);
#249 = CARTESIAN_POINT('',(6.28318530718,-6.471576552901E-03));
#250 = CARTESIAN_POINT('',(6.154517689876,-6.471576552901E-03));
#251 = CARTESIAN_POINT('',(6.025850072572,-6.471576552901E-03));
#252 = ( GEOMETRIC_REPRESENTATION_CONTEXT(2) 
PARAMETRIC_REPRESENTATION_CONTEXT() REPRESENTATION_CONTEXT('2D SPACE',''
  ) );
#253 = PCURVE('',#172,#254);
#254 = DEFINITIONAL_REPRESENTATION('',(#255),#259);
#255 = ( BOUNDED_CURVE() B_SPLINE_CURVE(2,(#256,#257,#258),
.UNSPECIFIED.,.F.,.F.) B_SPLINE_CURVE_WITH_KNOTS((3,3),(3.14159265359,
3.398927888198),.PIECEWISE_BEZIER_KNOTS.) CURVE() 
GEOMETRIC_REPRESENTATION_ITEM() RATIONAL_B_SPLINE_CURVE((1.,
0.99173373582,1.)) REPRESENTATION_ITEM('') );
#256 = CARTESIAN_POINT('',(2.303E-02,-2.13442549697E-18));
#257 = CARTESIAN_POINT('',(2.303E-02,2.979676605444E-03));
#258 = CARTESIAN_POINT('',(2.227165907531E-02,5.861237244225E-03));
#259 = ( GEOMETRIC_REPRESENTATION_CONTEXT(2) 
PARAMETRIC_REPRESENTATION_CONTEXT() REPRESENTATION_CONTEXT('2D SPACE',''
  ) );
#260 = ORIENTED_EDGE('',*,*,#261,.F.);
#261 = EDGE_CURVE('',#262,#239,#264,.T.);
#262 = VERTEX_POINT('',#263);
#263 = CARTESIAN_POINT('',(23.03,8.666825397566E-16,18.750028531283));
#264 = SURFACE_CURVE('',#265,(#268,#275),.PCURVE_S1.);
#265 = B_SPLINE_CURVE_WITH_KNOTS('',1,(#266,#267),.UNSPECIFIED.,.F.,.F.,
  (2,2),(0.,6.471576552901E-03),.PIECEWISE_BEZIER_KNOTS.);
#266 = CARTESIAN_POINT('',(23.03,8.666825397566E-16,18.750028531283));
#267 = CARTESIAN_POINT('',(23.03,8.666825397566E-16,25.221605084184));
#268 = PCURVE('',#197,#269);
#269 = DEFINITIONAL_REPRESENTATION('',(#270),#274);
#270 = B_SPLINE_CURVE_WITH_KNOTS('',2,(#271,#272,#273),.UNSPECIFIED.,.F.
  ,.F.,(3,3),(0.,6.471576552901E-03),.PIECEWISE_BEZIER_KNOTS.);
#271 = CARTESIAN_POINT('',(6.28318530718,0.));
#272 = CARTESIAN_POINT('',(6.28318530718,-3.23578827645E-03));
#273 = CARTESIAN_POINT('',(6.28318530718,-6.471576552901E-03));
#274 = ( GEOMETRIC_REPRESENTATION_CONTEXT(2) 
PARAMETRIC_REPRESENTATION_CONTEXT() REPRESENTATION_CONTEXT('2D SPACE',''
  ) );
#275 = PCURVE('',#276,#281);
#276 = B_SPLINE_SURFACE_WITH_KNOTS('',1,1,(
    (#277,#278)
    ,(#279,#280
    )),.UNSPECIFIED.,.F.,.F.,.F.,(2,2),(2,2),(0.,8.876117240666E-03),(
    -6.471576552901E-03,0.),.PIECEWISE_BEZIER_KNOTS.);
#277 = CARTESIAN_POINT('',(23.03,8.666825397566E-16,25.221605084184));
#278 = CARTESIAN_POINT('',(23.03,8.666825397566E-16,18.750028531283));
#279 = CARTESIAN_POINT('',(14.153954813937,3.576485738651E-02,
    25.221605084184));
#280 = CARTESIAN_POINT('',(14.153954813937,3.576485738651E-02,
    18.750028531283));
#281 = DEFINITIONAL_REPRESENTATION('',(#282),#285);
#282 = B_SPLINE_CURVE_WITH_KNOTS('',1,(#283,#284),.UNSPECIFIED.,.F.,.F.,
  (2,2),(0.,6.471576552901E-03),.PIECEWISE_BEZIER_KNOTS.);
#283 = CARTESIAN_POINT('',(0.,0.));
#284 = CARTESIAN_POINT('',(0.,-6.471576552901E-03));
#285 = ( GEOMETRIC_REPRESENTATION_CONTEXT(2) 
PARAMETRIC_REPRESENTATION_CONTEXT() REPRESENTATION_CONTEXT('2D SPACE',''
  ) );
#286 = ORIENTED_EDGE('',*,*,#287,.F.);
#287 = EDGE_CURVE('',#184,#262,#288,.T.);
#288 = SURFACE_CURVE('',#289,(#293,#300),.PCURVE_S1.);
#289 = ( BOUNDED_CURVE() B_SPLINE_CURVE(2,(#290,#291,#292),
.UNSPECIFIED.,.F.,.F.) B_SPLINE_CURVE_WITH_KNOTS((3,3),(6.025850072572,
6.28318530718),.PIECEWISE_BEZIER_KNOTS.) CURVE() 
GEOMETRIC_REPRESENTATION_ITEM() RATIONAL_B_SPLINE_CURVE((1.,
0.99173373582,1.)) REPRESENTATION_ITEM('') );
#290 = CARTESIAN_POINT('',(22.271659075312,5.861237244225,
    18.750028531283));
#291 = CARTESIAN_POINT('',(23.03,2.979676605444,18.750028531283));
#292 = CARTESIAN_POINT('',(23.03,5.640723156873E-15,18.750028531283));
#293 = PCURVE('',#197,#294);
#294 = DEFINITIONAL_REPRESENTATION('',(#295),#299);
#295 = B_SPLINE_CURVE_WITH_KNOTS('',2,(#296,#297,#298),.UNSPECIFIED.,.F.
  ,.F.,(3,3),(6.025850072572,6.28318530718),.PIECEWISE_BEZIER_KNOTS.);
#296 = CARTESIAN_POINT('',(6.025850072572,0.));
#297 = CARTESIAN_POINT('',(6.154517689876,0.));
#298 = CARTESIAN_POINT('',(6.28318530718,0.));
#299 = ( GEOMETRIC_REPRESENTATION_CONTEXT(2) 
PARAMETRIC_REPRESENTATION_CONTEXT() REPRESENTATION_CONTEXT('2D SPACE',''
  ) );
#300 = PCURVE('',#223,#301);
#301 = DEFINITIONAL_REPRESENTATION('',(#302),#306);
#302 = ( BOUNDED_CURVE() B_SPLINE_CURVE(2,(#303,#304,#305),
.UNSPECIFIED.,.F.,.F.) B_SPLINE_CURVE_WITH_KNOTS((3,3),(6.025850072572,
6.28318530718),.PIECEWISE_BEZIER_KNOTS.) CURVE() 
GEOMETRIC_REPRESENTATION_ITEM() RATIONAL_B_SPLINE_CURVE((1.,
0.99173373582,1.)) REPRESENTATION_ITEM('') );
#303 = CARTESIAN_POINT('',(-3.573468167312E-03,3.442020482927E-03));
#304 = CARTESIAN_POINT('',(-4.331809092001E-03,5.604598441461E-04));
#305 = CARTESIAN_POINT('',(-4.331809092001E-03,-2.419216761298E-03));
#306 = ( GEOMETRIC_REPRESENTATION_CONTEXT(2) 
PARAMETRIC_REPRESENTATION_CONTEXT() REPRESENTATION_CONTEXT('2D SPACE',''
  ) );
#307 = ADVANCED_FACE('',(#308),#276,.T.);
#308 = FACE_BOUND('',#309,.T.);
#309 = EDGE_LOOP('',(#310,#311,#331,#352));
#310 = ORIENTED_EDGE('',*,*,#261,.T.);
#311 = ORIENTED_EDGE('',*,*,#312,.T.);
#312 = EDGE_CURVE('',#239,#313,#315,.T.);
#313 = VERTEX_POINT('',#314);
#314 = CARTESIAN_POINT('',(14.153954813937,3.576485738651E-02,
    25.221605084184));
#315 = SURFACE_CURVE('',#316,(#319,#325),.PCURVE_S1.);
#316 = B_SPLINE_CURVE_WITH_KNOTS('',1,(#317,#318),.UNSPECIFIED.,.F.,.F.,
  (2,2),(0.,8.876117240666E-03),.PIECEWISE_BEZIER_KNOTS.);
#317 = CARTESIAN_POINT('',(23.03,8.666825397566E-16,25.221605084184));
#318 = CARTESIAN_POINT('',(14.153954813937,3.576485738651E-02,
    25.221605084184));
#319 = PCURVE('',#276,#320);
#320 = DEFINITIONAL_REPRESENTATION('',(#321),#324);
#321 = B_SPLINE_CURVE_WITH_KNOTS('',1,(#322,#323),.UNSPECIFIED.,.F.,.F.,
  (2,2),(0.,8.876117240666E-03),.PIECEWISE_BEZIER_KNOTS.);
#322 = CARTESIAN_POINT('',(0.,-6.471576552901E-03));
#323 = CARTESIAN_POINT('',(8.876117240666E-03,-6.471576552901E-03));
#324 = ( GEOMETRIC_REPRESENTATION_CONTEXT(2) 
PARAMETRIC_REPRESENTATION_CONTEXT() REPRESENTATION_CONTEXT('2D SPACE',''
  ) );
#325 = PCURVE('',#172,#326);
#326 = DEFINITIONAL_REPRESENTATION('',(#327),#330);
#327 = B_SPLINE_CURVE_WITH_KNOTS('',1,(#328,#329),.UNSPECIFIED.,.F.,.F.,
  (2,2),(0.,8.876117240666E-03),.PIECEWISE_BEZIER_KNOTS.);
#328 = CARTESIAN_POINT('',(2.303E-02,1.552618621223E-18));
#329 = CARTESIAN_POINT('',(1.415395481394E-02,3.576485738651E-05));
#330 = ( GEOMETRIC_REPRESENTATION_CONTEXT(2) 
PARAMETRIC_REPRESENTATION_CONTEXT() REPRESENTATION_CONTEXT('2D SPACE',''
  ) );
#331 = ORIENTED_EDGE('',*,*,#332,.F.);
#332 = EDGE_CURVE('',#333,#313,#335,.T.);
#333 = VERTEX_POINT('',#334);
#334 = CARTESIAN_POINT('',(14.153954813937,3.576485738651E-02,
    18.750028531283));
#335 = SURFACE_CURVE('',#336,(#339,#345),.PCURVE_S1.);
#336 = B_SPLINE_CURVE_WITH_KNOTS('',1,(#337,#338),.UNSPECIFIED.,.F.,.F.,
  (2,2),(0.,6.471576552901E-03),.PIECEWISE_BEZIER_KNOTS.);
#337 = CARTESIAN_POINT('',(14.153954813937,3.576485738651E-02,
    18.750028531283));
#338 = CARTESIAN_POINT('',(14.153954813937,3.576485738651E-02,
    25.221605084184));
#339 = PCURVE('',#276,#340);
#340 = DEFINITIONAL_REPRESENTATION('',(#341),#344);
#341 = B_SPLINE_CURVE_WITH_KNOTS('',1,(#342,#343),.UNSPECIFIED.,.F.,.F.,
  (2,2),(0.,6.471576552901E-03),.PIECEWISE_BEZIER_KNOTS.);
#342 = CARTESIAN_POINT('',(8.876117240666E-03,0.));
#343 = CARTESIAN_POINT('',(8.876117240666E-03,-6.471576552901E-03));
#344 = ( GEOMETRIC_REPRESENTATION_CONTEXT(2) 
PARAMETRIC_REPRESENTATION_CONTEXT() REPRESENTATION_CONTEXT('2D SPACE',''
  ) );
#345 = PCURVE('',#144,#346);
#346 = DEFINITIONAL_REPRESENTATION('',(#347),#351);
#347 = B_SPLINE_CURVE_WITH_KNOTS('',2,(#348,#349,#350),.UNSPECIFIED.,.F.
  ,.F.,(3,3),(0.,6.471576552901E-03),.PIECEWISE_BEZIER_KNOTS.);
#348 = CARTESIAN_POINT('',(3.144119493737,0.));
#349 = CARTESIAN_POINT('',(3.144119493737,-3.23578827645E-03));
#350 = CARTESIAN_POINT('',(3.144119493737,-6.471576552901E-03));
#351 = ( GEOMETRIC_REPRESENTATION_CONTEXT(2) 
PARAMETRIC_REPRESENTATION_CONTEXT() REPRESENTATION_CONTEXT('2D SPACE',''
  ) );
#352 = ORIENTED_EDGE('',*,*,#353,.F.);
#353 = EDGE_CURVE('',#262,#333,#354,.T.);
#354 = SURFACE_CURVE('',#355,(#358,#364),.PCURVE_S1.);
#355 = B_SPLINE_CURVE_WITH_KNOTS('',1,(#356,#357),.UNSPECIFIED.,.F.,.F.,
  (2,2),(0.,8.876117240666E-03),.PIECEWISE_BEZIER_KNOTS.);
#356 = CARTESIAN_POINT('',(23.03,8.666825397566E-16,18.750028531283));
#357 = CARTESIAN_POINT('',(14.153954813937,3.576485738651E-02,
    18.750028531283));
#358 = PCURVE('',#276,#359);
#359 = DEFINITIONAL_REPRESENTATION('',(#360),#363);
#360 = B_SPLINE_CURVE_WITH_KNOTS('',1,(#361,#362),.UNSPECIFIED.,.F.,.F.,
  (2,2),(0.,8.876117240666E-03),.PIECEWISE_BEZIER_KNOTS.);
#361 = CARTESIAN_POINT('',(0.,0.));
#362 = CARTESIAN_POINT('',(8.876117240666E-03,0.));
#363 = ( GEOMETRIC_REPRESENTATION_CONTEXT(2) 
PARAMETRIC_REPRESENTATION_CONTEXT() REPRESENTATION_CONTEXT('2D SPACE',''
  ) );
#364 = PCURVE('',#223,#365);
#365 = DEFINITIONAL_REPRESENTATION('',(#366),#369);
#366 = B_SPLINE_CURVE_WITH_KNOTS('',1,(#367,#368),.UNSPECIFIED.,.F.,.F.,
  (2,2),(0.,8.876117240666E-03),.PIECEWISE_BEZIER_KNOTS.);
#367 = CARTESIAN_POINT('',(-4.331809092001E-03,-2.419216761298E-03));
#368 = CARTESIAN_POINT('',(4.544236094062E-03,-2.383451903911E-03));
#369 = ( GEOMETRIC_REPRESENTATION_CONTEXT(2) 
PARAMETRIC_REPRESENTATION_CONTEXT() REPRESENTATION_CONTEXT('2D SPACE',''
  ) );
#370 = ADVANCED_FACE('',(#371),#144,.T.);
#371 = FACE_BOUND('',#372,.T.);
#372 = EDGE_LOOP('',(#373,#374,#395,#396));
#373 = ORIENTED_EDGE('',*,*,#332,.T.);
#374 = ORIENTED_EDGE('',*,*,#375,.T.);
#375 = EDGE_CURVE('',#313,#126,#376,.T.);
#376 = SURFACE_CURVE('',#377,(#381,#388),.PCURVE_S1.);
#377 = ( BOUNDED_CURVE() B_SPLINE_CURVE(2,(#378,#379,#380),
.UNSPECIFIED.,.F.,.F.) B_SPLINE_CURVE_WITH_KNOTS((3,3),(3.144119493737,
3.39640104805),.PIECEWISE_BEZIER_KNOTS.) CURVE() 
GEOMETRIC_REPRESENTATION_ITEM() RATIONAL_B_SPLINE_CURVE((1.,
0.992054795563,1.)) REPRESENTATION_ITEM('') );
#378 = CARTESIAN_POINT('',(14.153954813937,3.576485738651E-02,
    25.221605084184));
#379 = CARTESIAN_POINT('',(14.14941932601,1.830685790114,25.221605084184
    ));
#380 = CARTESIAN_POINT('',(13.696990121473,3.567657160136,
    25.221605084184));
#381 = PCURVE('',#144,#382);
#382 = DEFINITIONAL_REPRESENTATION('',(#383),#387);
#383 = B_SPLINE_CURVE_WITH_KNOTS('',2,(#384,#385,#386),.UNSPECIFIED.,.F.
  ,.F.,(3,3),(3.144119493737,3.39640104805),.PIECEWISE_BEZIER_KNOTS.);
#384 = CARTESIAN_POINT('',(3.144119493737,-6.471576552901E-03));
#385 = CARTESIAN_POINT('',(3.270260270894,-6.471576552901E-03));
#386 = CARTESIAN_POINT('',(3.39640104805,-6.471576552901E-03));
#387 = ( GEOMETRIC_REPRESENTATION_CONTEXT(2) 
PARAMETRIC_REPRESENTATION_CONTEXT() REPRESENTATION_CONTEXT('2D SPACE',''
  ) );
#388 = PCURVE('',#172,#389);
#389 = DEFINITIONAL_REPRESENTATION('',(#390),#394);
#390 = ( BOUNDED_CURVE() B_SPLINE_CURVE(2,(#391,#392,#393),
.UNSPECIFIED.,.F.,.F.) B_SPLINE_CURVE_WITH_KNOTS((3,3),(3.144119493737,
3.39640104805),.PIECEWISE_BEZIER_KNOTS.) CURVE() 
GEOMETRIC_REPRESENTATION_ITEM() RATIONAL_B_SPLINE_CURVE((1.,
0.992054795563,1.)) REPRESENTATION_ITEM('') );
#391 = CARTESIAN_POINT('',(1.415395481394E-02,3.576485738651E-05));
#392 = CARTESIAN_POINT('',(1.414941932601E-02,1.830685790114E-03));
#393 = CARTESIAN_POINT('',(1.369699012147E-02,3.567657160136E-03));
#394 = ( GEOMETRIC_REPRESENTATION_CONTEXT(2) 
PARAMETRIC_REPRESENTATION_CONTEXT() REPRESENTATION_CONTEXT('2D SPACE',''
  ) );
#395 = ORIENTED_EDGE('',*,*,#123,.F.);
#396 = ORIENTED_EDGE('',*,*,#397,.F.);
#397 = EDGE_CURVE('',#333,#124,#398,.T.);
#398 = SURFACE_CURVE('',#399,(#403,#410),.PCURVE_S1.);
#399 = ( BOUNDED_CURVE() B_SPLINE_CURVE(2,(#400,#401,#402),
.UNSPECIFIED.,.F.,.F.) B_SPLINE_CURVE_WITH_KNOTS((3,3),(3.144119493737,
3.39640104805),.PIECEWISE_BEZIER_KNOTS.) CURVE() 
GEOMETRIC_REPRESENTATION_ITEM() RATIONAL_B_SPLINE_CURVE((1.,
0.992054795563,1.)) REPRESENTATION_ITEM('') );
#400 = CARTESIAN_POINT('',(14.153954813937,3.576485738651E-02,
    18.750028531283));
#401 = CARTESIAN_POINT('',(14.14941932601,1.830685790114,18.750028531283
    ));
#402 = CARTESIAN_POINT('',(13.696990121473,3.567657160136,
    18.750028531283));
#403 = PCURVE('',#144,#404);
#404 = DEFINITIONAL_REPRESENTATION('',(#405),#409);
#405 = B_SPLINE_CURVE_WITH_KNOTS('',2,(#406,#407,#408),.UNSPECIFIED.,.F.
  ,.F.,(3,3),(3.144119493737,3.39640104805),.PIECEWISE_BEZIER_KNOTS.);
#406 = CARTESIAN_POINT('',(3.144119493737,0.));
#407 = CARTESIAN_POINT('',(3.270260270894,0.));
#408 = CARTESIAN_POINT('',(3.39640104805,0.));
#409 = ( GEOMETRIC_REPRESENTATION_CONTEXT(2) 
PARAMETRIC_REPRESENTATION_CONTEXT() REPRESENTATION_CONTEXT('2D SPACE',''
  ) );
#410 = PCURVE('',#223,#411);
#411 = DEFINITIONAL_REPRESENTATION('',(#412),#416);
#412 = ( BOUNDED_CURVE() B_SPLINE_CURVE(2,(#413,#414,#415),
.UNSPECIFIED.,.F.,.F.) B_SPLINE_CURVE_WITH_KNOTS((3,3),(3.144119493737,
3.39640104805),.PIECEWISE_BEZIER_KNOTS.) CURVE() 
GEOMETRIC_REPRESENTATION_ITEM() RATIONAL_B_SPLINE_CURVE((1.,
0.992054795563,1.)) REPRESENTATION_ITEM('') );
#413 = CARTESIAN_POINT('',(4.544236094062E-03,-2.383451903911E-03));
#414 = CARTESIAN_POINT('',(4.548771581989E-03,-5.885309711837E-04));
#415 = CARTESIAN_POINT('',(5.001200786526E-03,1.148440398838E-03));
#416 = ( GEOMETRIC_REPRESENTATION_CONTEXT(2) 
PARAMETRIC_REPRESENTATION_CONTEXT() REPRESENTATION_CONTEXT('2D SPACE',''
  ) );
#417 = ADVANCED_FACE('',(#418),#223,.T.);
#418 = FACE_BOUND('',#419,.T.);
#419 = EDGE_LOOP('',(#420,#421,#422,#423));
#420 = ORIENTED_EDGE('',*,*,#211,.T.);
#421 = ORIENTED_EDGE('',*,*,#287,.T.);
#422 = ORIENTED_EDGE('',*,*,#353,.T.);
#423 = ORIENTED_EDGE('',*,*,#397,.T.);
#424 = ADVANCED_FACE('',(#425),#172,.T.);
#425 = FACE_BOUND('',#426,.T.);
#426 = EDGE_LOOP('',(#427,#428,#429,#430));
#427 = ORIENTED_EDGE('',*,*,#312,.F.);
#428 = ORIENTED_EDGE('',*,*,#238,.T.);
#429 = ORIENTED_EDGE('',*,*,#158,.F.);
#430 = ORIENTED_EDGE('',*,*,#375,.F.);
#431 = ( GEOMETRIC_REPRESENTATION_CONTEXT(3) 
GLOBAL_UNCERTAINTY_ASSIGNED_CONTEXT((#435)) GLOBAL_UNIT_ASSIGNED_CONTEXT
((#432,#433,#434)) REPRESENTATION_CONTEXT('Context #1',
  '3D Context with UNIT and UNCERTAINTY') );
#432 = ( LENGTH_UNIT() NAMED_UNIT(*) SI_UNIT(.MILLI.,.METRE.) );
#433 = ( NAMED_UNIT(*) PLANE_ANGLE_UNIT() SI_UNIT($,.RADIAN.) );
#434 = ( NAMED_UNIT(*) SI_UNIT($,.STERADIAN.) SOLID_ANGLE_UNIT() );
#435 = UNCERTAINTY_MEASURE_WITH_UNIT(LENGTH_MEASURE(1.E-04),#432,
  'distance_accuracy_value','confusion accuracy');
#436 = CONTEXT_DEPENDENT_SHAPE_REPRESENTATION(#437,#439);
#437 = ( REPRESENTATION_RELATIONSHIP('','',#116,#10) 
REPRESENTATION_RELATIONSHIP_WITH_TRANSFORMATION(#438) 
SHAPE_REPRESENTATION_RELATIONSHIP() );
#438 = ITEM_DEFINED_TRANSFORMATION('','',#11,#15);
#439 = PRODUCT_DEFINITION_SHAPE('Placement','Placement of an item',#440
  );
#440 = NEXT_ASSEMBLY_USAGE_OCCURRENCE('5985','','',#5,#111,$);
#441 = PRODUCT_RELATED_PRODUCT_CATEGORY('part',$,(#113));
#442 = SHAPE_DEFINITION_REPRESENTATION(#443,#449);
#443 = PRODUCT_DEFINITION_SHAPE('','',#444);
#444 = PRODUCT_DEFINITION('design','',#445,#448);
#445 = PRODUCT_DEFINITION_FORMATION('','',#446);
#446 = PRODUCT('Open CASCADE STEP translator 7.8 154.2',
  'Open CASCADE STEP translator 7.8 154.2','',(#447));
#447 = PRODUCT_CONTEXT('',#2,'mechanical');
#448 = PRODUCT_DEFINITION_CONTEXT('part definition',#2,'design');
#449 = ADVANCED_BREP_SHAPE_REPRESENTATION('',(#11,#450),#764);
#450 = MANIFOLD_SOLID_BREP('',#451);
#451 = CLOSED_SHELL('',(#452,#566,#640,#703,#750,#757));
#452 = ADVANCED_FACE('',(#453),#466,.T.);
#453 = FACE_BOUND('',#454,.T.);
#454 = EDGE_LOOP('',(#455,#490,#515,#543));
#455 = ORIENTED_EDGE('',*,*,#456,.T.);
#456 = EDGE_CURVE('',#457,#459,#461,.T.);
#457 = VERTEX_POINT('',#458);
#458 = CARTESIAN_POINT('',(11.924145016072,7.625646309376,
    18.750028531283));
#459 = VERTEX_POINT('',#460);
#460 = CARTESIAN_POINT('',(11.924145016072,7.625646309376,
    25.221605084184));
#461 = SURFACE_CURVE('',#462,(#465,#476),.PCURVE_S1.);
#462 = B_SPLINE_CURVE_WITH_KNOTS('',1,(#463,#464),.UNSPECIFIED.,.F.,.F.,
  (2,2),(0.,6.471576552901E-03),.PIECEWISE_BEZIER_KNOTS.);
#463 = CARTESIAN_POINT('',(11.924145016072,7.625646309376,
    18.750028531283));
#464 = CARTESIAN_POINT('',(11.924145016072,7.625646309376,
    25.221605084184));
#465 = PCURVE('',#466,#471);
#466 = B_SPLINE_SURFACE_WITH_KNOTS('',1,1,(
    (#467,#468)
    ,(#469,#470
    )),.UNSPECIFIED.,.F.,.F.,.F.,(2,2),(2,2),(0.,8.876117240666E-03),(
    -6.471576552901E-03,0.),.PIECEWISE_BEZIER_KNOTS.);
#467 = CARTESIAN_POINT('',(11.924145016072,7.625646309376,
    25.221605084184));
#468 = CARTESIAN_POINT('',(11.924145016072,7.625646309376,
    18.750028531283));
#469 = CARTESIAN_POINT('',(19.37038457575,12.456689021868,
    25.221605084184));
#470 = CARTESIAN_POINT('',(19.37038457575,12.456689021868,
    18.750028531283));
#471 = DEFINITIONAL_REPRESENTATION('',(#472),#475);
#472 = B_SPLINE_CURVE_WITH_KNOTS('',1,(#473,#474),.UNSPECIFIED.,.F.,.F.,
  (2,2),(0.,6.471576552901E-03),.PIECEWISE_BEZIER_KNOTS.);
#473 = CARTESIAN_POINT('',(0.,0.));
#474 = CARTESIAN_POINT('',(0.,-6.471576552901E-03));
#475 = ( GEOMETRIC_REPRESENTATION_CONTEXT(2) 
PARAMETRIC_REPRESENTATION_CONTEXT() REPRESENTATION_CONTEXT('2D SPACE',''
  ) );
#476 = PCURVE('',#477,#484);
#477 = ( BOUNDED_SURFACE() B_SPLINE_SURFACE(2,1,(
    (#478,#479)
    ,(#480,#481)
,(#482,#483
    )),.UNSPECIFIED.,.F.,.F.,.F.) B_SPLINE_SURFACE_WITH_KNOTS((3,3),(2,2
    ),(3.144119493737,3.39640104805),(-6.471576552901E-03,0.),
.PIECEWISE_BEZIER_KNOTS.) GEOMETRIC_REPRESENTATION_ITEM() 
RATIONAL_B_SPLINE_SURFACE((
    (1.,1.)
    ,(0.992054795563,0.992054795563)
,(1.,1.))) REPRESENTATION_ITEM('') SURFACE() );
#478 = CARTESIAN_POINT('',(13.450159008408,4.407826975794,
    25.221605084184));
#479 = CARTESIAN_POINT('',(13.450159008408,4.407826975794,
    18.750028531283));
#480 = CARTESIAN_POINT('',(12.891184431289,6.113496682251,
    25.221605084184));
#481 = CARTESIAN_POINT('',(12.891184431289,6.113496682251,
    18.750028531283));
#482 = CARTESIAN_POINT('',(11.924145016072,7.625646309376,
    25.221605084184));
#483 = CARTESIAN_POINT('',(11.924145016072,7.625646309376,
    18.750028531283));
#484 = DEFINITIONAL_REPRESENTATION('',(#485),#489);
#485 = B_SPLINE_CURVE_WITH_KNOTS('',2,(#486,#487,#488),.UNSPECIFIED.,.F.
  ,.F.,(3,3),(0.,6.471576552901E-03),.PIECEWISE_BEZIER_KNOTS.);
#486 = CARTESIAN_POINT('',(3.39640104805,0.));
#487 = CARTESIAN_POINT('',(3.39640104805,-3.23578827645E-03));
#488 = CARTESIAN_POINT('',(3.39640104805,-6.471576552901E-03));
#489 = ( GEOMETRIC_REPRESENTATION_CONTEXT(2) 
PARAMETRIC_REPRESENTATION_CONTEXT() REPRESENTATION_CONTEXT('2D SPACE',''
  ) );
#490 = ORIENTED_EDGE('',*,*,#491,.T.);
#491 = EDGE_CURVE('',#459,#492,#494,.T.);
#492 = VERTEX_POINT('',#493);
#493 = CARTESIAN_POINT('',(19.37038457575,12.456689021868,
    25.221605084184));
#494 = SURFACE_CURVE('',#495,(#498,#504),.PCURVE_S1.);
#495 = B_SPLINE_CURVE_WITH_KNOTS('',1,(#496,#497),.UNSPECIFIED.,.F.,.F.,
  (2,2),(0.,8.876117240666E-03),.PIECEWISE_BEZIER_KNOTS.);
#496 = CARTESIAN_POINT('',(11.924145016072,7.625646309376,
    25.221605084184));
#497 = CARTESIAN_POINT('',(19.37038457575,12.456689021868,
    25.221605084184));
#498 = PCURVE('',#466,#499);
#499 = DEFINITIONAL_REPRESENTATION('',(#500),#503);
#500 = B_SPLINE_CURVE_WITH_KNOTS('',1,(#501,#502),.UNSPECIFIED.,.F.,.F.,
  (2,2),(0.,8.876117240666E-03),.PIECEWISE_BEZIER_KNOTS.);
#501 = CARTESIAN_POINT('',(0.,-6.471576552901E-03));
#502 = CARTESIAN_POINT('',(8.876117240666E-03,-6.471576552901E-03));
#503 = ( GEOMETRIC_REPRESENTATION_CONTEXT(2) 
PARAMETRIC_REPRESENTATION_CONTEXT() REPRESENTATION_CONTEXT('2D SPACE',''
  ) );
#504 = PCURVE('',#505,#510);
#505 = B_SPLINE_SURFACE_WITH_KNOTS('',1,1,(
    (#506,#507)
    ,(#508,#509
    )),.UNSPECIFIED.,.F.,.F.,.F.,(2,2),(2,2),(-4.331809092001E-03,
    5.001200786526E-03),(-2.419216761298E-03,3.442020482927E-03),
  .PIECEWISE_BEZIER_KNOTS.);
#506 = CARTESIAN_POINT('',(21.902831570277,7.116661380455,
    25.221605084184));
#507 = CARTESIAN_POINT('',(20.091609653748,12.691029255127,
    25.221605084184));
#508 = CARTESIAN_POINT('',(13.026611708657,4.232602719321,
    25.221605084184));
#509 = CARTESIAN_POINT('',(11.215389792128,9.806970593993,
    25.221605084184));
#510 = DEFINITIONAL_REPRESENTATION('',(#511),#514);
#511 = B_SPLINE_CURVE_WITH_KNOTS('',1,(#512,#513),.UNSPECIFIED.,.F.,.F.,
  (2,2),(0.,8.876117240666E-03),.PIECEWISE_BEZIER_KNOTS.);
#512 = CARTESIAN_POINT('',(5.001200786526E-03,1.148440398838E-03));
#513 = CARTESIAN_POINT('',(-3.573468167312E-03,3.442020482927E-03));
#514 = ( GEOMETRIC_REPRESENTATION_CONTEXT(2) 
PARAMETRIC_REPRESENTATION_CONTEXT() REPRESENTATION_CONTEXT('2D SPACE',''
  ) );
#515 = ORIENTED_EDGE('',*,*,#516,.F.);
#516 = EDGE_CURVE('',#517,#492,#519,.T.);
#517 = VERTEX_POINT('',#518);
#518 = CARTESIAN_POINT('',(19.37038457575,12.456689021868,
    18.750028531283));
#519 = SURFACE_CURVE('',#520,(#523,#529),.PCURVE_S1.);
#520 = B_SPLINE_CURVE_WITH_KNOTS('',1,(#521,#522),.UNSPECIFIED.,.F.,.F.,
  (2,2),(0.,6.471576552901E-03),.PIECEWISE_BEZIER_KNOTS.);
#521 = CARTESIAN_POINT('',(19.37038457575,12.456689021868,
    18.750028531283));
#522 = CARTESIAN_POINT('',(19.37038457575,12.456689021868,
    25.221605084184));
#523 = PCURVE('',#466,#524);
#524 = DEFINITIONAL_REPRESENTATION('',(#525),#528);
#525 = B_SPLINE_CURVE_WITH_KNOTS('',1,(#526,#527),.UNSPECIFIED.,.F.,.F.,
  (2,2),(0.,6.471576552901E-03),.PIECEWISE_BEZIER_KNOTS.);
#526 = CARTESIAN_POINT('',(8.876117240666E-03,0.));
#527 = CARTESIAN_POINT('',(8.876117240666E-03,-6.471576552901E-03));
#528 = ( GEOMETRIC_REPRESENTATION_CONTEXT(2) 
PARAMETRIC_REPRESENTATION_CONTEXT() REPRESENTATION_CONTEXT('2D SPACE',''
  ) );
#529 = PCURVE('',#530,#537);
#530 = ( BOUNDED_SURFACE() B_SPLINE_SURFACE(2,1,(
    (#531,#532)
    ,(#533,#534)
,(#535,#536
    )),.UNSPECIFIED.,.F.,.F.,.F.) B_SPLINE_SURFACE_WITH_KNOTS((3,3),(2,2
    ),(6.025850072572,6.28318530718),(-6.471576552901E-03,0.),
.PIECEWISE_BEZIER_KNOTS.) GEOMETRIC_REPRESENTATION_ITEM() 
RATIONAL_B_SPLINE_SURFACE((
    (1.,1.)
    ,(0.99173373582,0.99173373582)
,(1.,1.))) REPRESENTATION_ITEM('') SURFACE() );
#531 = CARTESIAN_POINT('',(19.37038457575,12.456689021868,
    25.221605084184));
#532 = CARTESIAN_POINT('',(19.37038457575,12.456689021868,
    18.750028531283));
#533 = CARTESIAN_POINT('',(20.982060861454,9.950502232515,
    25.221605084184));
#534 = CARTESIAN_POINT('',(20.982060861454,9.950502232515,
    18.750028531283));
#535 = CARTESIAN_POINT('',(21.902831570277,7.116661380455,
    25.221605084184));
#536 = CARTESIAN_POINT('',(21.902831570277,7.116661380455,
    18.750028531283));
#537 = DEFINITIONAL_REPRESENTATION('',(#538),#542);
#538 = B_SPLINE_CURVE_WITH_KNOTS('',2,(#539,#540,#541),.UNSPECIFIED.,.F.
  ,.F.,(3,3),(0.,6.471576552901E-03),.PIECEWISE_BEZIER_KNOTS.);
#539 = CARTESIAN_POINT('',(6.025850072572,0.));
#540 = CARTESIAN_POINT('',(6.025850072572,-3.23578827645E-03));
#541 = CARTESIAN_POINT('',(6.025850072572,-6.471576552901E-03));
#542 = ( GEOMETRIC_REPRESENTATION_CONTEXT(2) 
PARAMETRIC_REPRESENTATION_CONTEXT() REPRESENTATION_CONTEXT('2D SPACE',''
  ) );
#543 = ORIENTED_EDGE('',*,*,#544,.F.);
#544 = EDGE_CURVE('',#457,#517,#545,.T.);
#545 = SURFACE_CURVE('',#546,(#549,#555),.PCURVE_S1.);
#546 = B_SPLINE_CURVE_WITH_KNOTS('',1,(#547,#548),.UNSPECIFIED.,.F.,.F.,
  (2,2),(0.,8.876117240666E-03),.PIECEWISE_BEZIER_KNOTS.);
#547 = CARTESIAN_POINT('',(11.924145016072,7.625646309376,
    18.750028531283));
#548 = CARTESIAN_POINT('',(19.37038457575,12.456689021868,
    18.750028531283));
#549 = PCURVE('',#466,#550);
#550 = DEFINITIONAL_REPRESENTATION('',(#551),#554);
#551 = B_SPLINE_CURVE_WITH_KNOTS('',1,(#552,#553),.UNSPECIFIED.,.F.,.F.,
  (2,2),(0.,8.876117240666E-03),.PIECEWISE_BEZIER_KNOTS.);
#552 = CARTESIAN_POINT('',(0.,0.));
#553 = CARTESIAN_POINT('',(8.876117240666E-03,0.));
#554 = ( GEOMETRIC_REPRESENTATION_CONTEXT(2) 
PARAMETRIC_REPRESENTATION_CONTEXT() REPRESENTATION_CONTEXT('2D SPACE',''
  ) );
#555 = PCURVE('',#556,#561);
#556 = B_SPLINE_SURFACE_WITH_KNOTS('',1,1,(
    (#557,#558)
    ,(#559,#560
    )),.UNSPECIFIED.,.F.,.F.,.F.,(2,2),(2,2),(-4.331809092001E-03,
    5.001200786526E-03),(-2.419216761298E-03,3.442020482927E-03),
  .PIECEWISE_BEZIER_KNOTS.);
#557 = CARTESIAN_POINT('',(21.902831570277,7.116661380455,
    18.750028531283));
#558 = CARTESIAN_POINT('',(20.091609653748,12.691029255127,
    18.750028531283));
#559 = CARTESIAN_POINT('',(13.026611708657,4.232602719321,
    18.750028531283));
#560 = CARTESIAN_POINT('',(11.215389792128,9.806970593993,
    18.750028531283));
#561 = DEFINITIONAL_REPRESENTATION('',(#562),#565);
#562 = B_SPLINE_CURVE_WITH_KNOTS('',1,(#563,#564),.UNSPECIFIED.,.F.,.F.,
  (2,2),(0.,8.876117240666E-03),.PIECEWISE_BEZIER_KNOTS.);
#563 = CARTESIAN_POINT('',(5.001200786526E-03,1.148440398838E-03));
#564 = CARTESIAN_POINT('',(-3.573468167312E-03,3.442020482927E-03));
#565 = ( GEOMETRIC_REPRESENTATION_CONTEXT(2) 
PARAMETRIC_REPRESENTATION_CONTEXT() REPRESENTATION_CONTEXT('2D SPACE',''
  ) );
#566 = ADVANCED_FACE('',(#567),#530,.T.);
#567 = FACE_BOUND('',#568,.T.);
#568 = EDGE_LOOP('',(#569,#570,#593,#619));
#569 = ORIENTED_EDGE('',*,*,#516,.T.);
#570 = ORIENTED_EDGE('',*,*,#571,.T.);
#571 = EDGE_CURVE('',#492,#572,#574,.T.);
#572 = VERTEX_POINT('',#573);
#573 = CARTESIAN_POINT('',(21.902831570277,7.116661380455,
    25.221605084184));
#574 = SURFACE_CURVE('',#575,(#579,#586),.PCURVE_S1.);
#575 = ( BOUNDED_CURVE() B_SPLINE_CURVE(2,(#576,#577,#578),
.UNSPECIFIED.,.F.,.F.) B_SPLINE_CURVE_WITH_KNOTS((3,3),(6.025850072572,
6.28318530718),.PIECEWISE_BEZIER_KNOTS.) CURVE() 
GEOMETRIC_REPRESENTATION_ITEM() RATIONAL_B_SPLINE_CURVE((1.,
0.99173373582,1.)) REPRESENTATION_ITEM('') );
#576 = CARTESIAN_POINT('',(19.37038457575,12.456689021868,
    25.221605084184));
#577 = CARTESIAN_POINT('',(20.982060861454,9.950502232515,
    25.221605084184));
#578 = CARTESIAN_POINT('',(21.902831570277,7.116661380455,
    25.221605084184));
#579 = PCURVE('',#530,#580);
#580 = DEFINITIONAL_REPRESENTATION('',(#581),#585);
#581 = B_SPLINE_CURVE_WITH_KNOTS('',2,(#582,#583,#584),.UNSPECIFIED.,.F.
  ,.F.,(3,3),(6.025850072572,6.28318530718),.PIECEWISE_BEZIER_KNOTS.);
#582 = CARTESIAN_POINT('',(6.025850072572,-6.471576552901E-03));
#583 = CARTESIAN_POINT('',(6.154517689876,-6.471576552901E-03));
#584 = CARTESIAN_POINT('',(6.28318530718,-6.471576552901E-03));
#585 = ( GEOMETRIC_REPRESENTATION_CONTEXT(2) 
PARAMETRIC_REPRESENTATION_CONTEXT() REPRESENTATION_CONTEXT('2D SPACE',''
  ) );
#586 = PCURVE('',#505,#587);
#587 = DEFINITIONAL_REPRESENTATION('',(#588),#592);
#588 = ( BOUNDED_CURVE() B_SPLINE_CURVE(2,(#589,#590,#591),
.UNSPECIFIED.,.F.,.F.) B_SPLINE_CURVE_WITH_KNOTS((3,3),(6.025850072572,
6.28318530718),.PIECEWISE_BEZIER_KNOTS.) CURVE() 
GEOMETRIC_REPRESENTATION_ITEM() RATIONAL_B_SPLINE_CURVE((1.,
0.99173373582,1.)) REPRESENTATION_ITEM('') );
#589 = CARTESIAN_POINT('',(-3.573468167312E-03,3.442020482927E-03));
#590 = CARTESIAN_POINT('',(-4.331809092001E-03,5.604598441461E-04));
#591 = CARTESIAN_POINT('',(-4.331809092001E-03,-2.419216761298E-03));
#592 = ( GEOMETRIC_REPRESENTATION_CONTEXT(2) 
PARAMETRIC_REPRESENTATION_CONTEXT() REPRESENTATION_CONTEXT('2D SPACE',''
  ) );
#593 = ORIENTED_EDGE('',*,*,#594,.F.);
#594 = EDGE_CURVE('',#595,#572,#597,.T.);
#595 = VERTEX_POINT('',#596);
#596 = CARTESIAN_POINT('',(21.902831570277,7.116661380455,
    18.750028531283));
#597 = SURFACE_CURVE('',#598,(#601,#608),.PCURVE_S1.);
#598 = B_SPLINE_CURVE_WITH_KNOTS('',1,(#599,#600),.UNSPECIFIED.,.F.,.F.,
  (2,2),(0.,6.471576552901E-03),.PIECEWISE_BEZIER_KNOTS.);
#599 = CARTESIAN_POINT('',(21.902831570277,7.116661380455,
    18.750028531283));
#600 = CARTESIAN_POINT('',(21.902831570277,7.116661380455,
    25.221605084184));
#601 = PCURVE('',#530,#602);
#602 = DEFINITIONAL_REPRESENTATION('',(#603),#607);
#603 = B_SPLINE_CURVE_WITH_KNOTS('',2,(#604,#605,#606),.UNSPECIFIED.,.F.
  ,.F.,(3,3),(0.,6.471576552901E-03),.PIECEWISE_BEZIER_KNOTS.);
#604 = CARTESIAN_POINT('',(6.28318530718,0.));
#605 = CARTESIAN_POINT('',(6.28318530718,-3.23578827645E-03));
#606 = CARTESIAN_POINT('',(6.28318530718,-6.471576552901E-03));
#607 = ( GEOMETRIC_REPRESENTATION_CONTEXT(2) 
PARAMETRIC_REPRESENTATION_CONTEXT() REPRESENTATION_CONTEXT('2D SPACE',''
  ) );
#608 = PCURVE('',#609,#614);
#609 = B_SPLINE_SURFACE_WITH_KNOTS('',1,1,(
    (#610,#611)
    ,(#612,#613
    )),.UNSPECIFIED.,.F.,.F.,.F.,(2,2),(2,2),(0.,8.876117240666E-03),(
    -6.471576552901E-03,0.),.PIECEWISE_BEZIER_KNOTS.);
#610 = CARTESIAN_POINT('',(21.902831570277,7.116661380455,
    25.221605084184));
#611 = CARTESIAN_POINT('',(21.902831570277,7.116661380455,
    18.750028531283));
#612 = CARTESIAN_POINT('',(13.450159008408,4.407826975794,
    25.221605084184));
#613 = CARTESIAN_POINT('',(13.450159008408,4.407826975794,
    18.750028531283));
#614 = DEFINITIONAL_REPRESENTATION('',(#615),#618);
#615 = B_SPLINE_CURVE_WITH_KNOTS('',1,(#616,#617),.UNSPECIFIED.,.F.,.F.,
  (2,2),(0.,6.471576552901E-03),.PIECEWISE_BEZIER_KNOTS.);
#616 = CARTESIAN_POINT('',(0.,0.));
#617 = CARTESIAN_POINT('',(0.,-6.471576552901E-03));
#618 = ( GEOMETRIC_REPRESENTATION_CONTEXT(2) 
PARAMETRIC_REPRESENTATION_CONTEXT() REPRESENTATION_CONTEXT('2D SPACE',''
  ) );
#619 = ORIENTED_EDGE('',*,*,#620,.F.);
#620 = EDGE_CURVE('',#517,#595,#621,.T.);
#621 = SURFACE_CURVE('',#622,(#626,#633),.PCURVE_S1.);
#622 = ( BOUNDED_CURVE() B_SPLINE_CURVE(2,(#623,#624,#625),
.UNSPECIFIED.,.F.,.F.) B_SPLINE_CURVE_WITH_KNOTS((3,3),(6.025850072572,
6.28318530718),.PIECEWISE_BEZIER_KNOTS.) CURVE() 
GEOMETRIC_REPRESENTATION_ITEM() RATIONAL_B_SPLINE_CURVE((1.,
0.99173373582,1.)) REPRESENTATION_ITEM('') );
#623 = CARTESIAN_POINT('',(19.37038457575,12.456689021868,
    18.750028531283));
#624 = CARTESIAN_POINT('',(20.982060861454,9.950502232515,
    18.750028531283));
#625 = CARTESIAN_POINT('',(21.902831570277,7.116661380455,
    18.750028531283));
#626 = PCURVE('',#530,#627);
#627 = DEFINITIONAL_REPRESENTATION('',(#628),#632);
#628 = B_SPLINE_CURVE_WITH_KNOTS('',2,(#629,#630,#631),.UNSPECIFIED.,.F.
  ,.F.,(3,3),(6.025850072572,6.28318530718),.PIECEWISE_BEZIER_KNOTS.);
#629 = CARTESIAN_POINT('',(6.025850072572,0.));
#630 = CARTESIAN_POINT('',(6.154517689876,0.));
#631 = CARTESIAN_POINT('',(6.28318530718,0.));
#632 = ( GEOMETRIC_REPRESENTATION_CONTEXT(2) 
PARAMETRIC_REPRESENTATION_CONTEXT() REPRESENTATION_CONTEXT('2D SPACE',''
  ) );
#633 = PCURVE('',#556,#634);
#634 = DEFINITIONAL_REPRESENTATION('',(#635),#639);
#635 = ( BOUNDED_CURVE() B_SPLINE_CURVE(2,(#636,#637,#638),
.UNSPECIFIED.,.F.,.F.) B_SPLINE_CURVE_WITH_KNOTS((3,3),(6.025850072572,
6.28318530718),.PIECEWISE_BEZIER_KNOTS.) CURVE() 
GEOMETRIC_REPRESENTATION_ITEM() RATIONAL_B_SPLINE_CURVE((1.,
0.99173373582,1.)) REPRESENTATION_ITEM('') );
#636 = CARTESIAN_POINT('',(-3.573468167312E-03,3.442020482927E-03));
#637 = CARTESIAN_POINT('',(-4.331809092001E-03,5.604598441461E-04));
#638 = CARTESIAN_POINT('',(-4.331809092001E-03,-2.419216761298E-03));
#639 = ( GEOMETRIC_REPRESENTATION_CONTEXT(2) 
PARAMETRIC_REPRESENTATION_CONTEXT() REPRESENTATION_CONTEXT('2D SPACE',''
  ) );
#640 = ADVANCED_FACE('',(#641),#609,.T.);
#641 = FACE_BOUND('',#642,.T.);
#642 = EDGE_LOOP('',(#643,#644,#664,#685));
#643 = ORIENTED_EDGE('',*,*,#594,.T.);
#644 = ORIENTED_EDGE('',*,*,#645,.T.);
#645 = EDGE_CURVE('',#572,#646,#648,.T.);
#646 = VERTEX_POINT('',#647);
#647 = CARTESIAN_POINT('',(13.450159008408,4.407826975794,
    25.221605084184));
#648 = SURFACE_CURVE('',#649,(#652,#658),.PCURVE_S1.);
#649 = B_SPLINE_CURVE_WITH_KNOTS('',1,(#650,#651),.UNSPECIFIED.,.F.,.F.,
  (2,2),(0.,8.876117240666E-03),.PIECEWISE_BEZIER_KNOTS.);
#650 = CARTESIAN_POINT('',(21.902831570277,7.116661380455,
    25.221605084184));
#651 = CARTESIAN_POINT('',(13.450159008408,4.407826975794,
    25.221605084184));
#652 = PCURVE('',#609,#653);
#653 = DEFINITIONAL_REPRESENTATION('',(#654),#657);
#654 = B_SPLINE_CURVE_WITH_KNOTS('',1,(#655,#656),.UNSPECIFIED.,.F.,.F.,
  (2,2),(0.,8.876117240666E-03),.PIECEWISE_BEZIER_KNOTS.);
#655 = CARTESIAN_POINT('',(0.,-6.471576552901E-03));
#656 = CARTESIAN_POINT('',(8.876117240666E-03,-6.471576552901E-03));
#657 = ( GEOMETRIC_REPRESENTATION_CONTEXT(2) 
PARAMETRIC_REPRESENTATION_CONTEXT() REPRESENTATION_CONTEXT('2D SPACE',''
  ) );
#658 = PCURVE('',#505,#659);
#659 = DEFINITIONAL_REPRESENTATION('',(#660),#663);
#660 = B_SPLINE_CURVE_WITH_KNOTS('',1,(#661,#662),.UNSPECIFIED.,.F.,.F.,
  (2,2),(0.,8.876117240666E-03),.PIECEWISE_BEZIER_KNOTS.);
#661 = CARTESIAN_POINT('',(-4.331809092001E-03,-2.419216761298E-03));
#662 = CARTESIAN_POINT('',(4.544236094062E-03,-2.383451903911E-03));
#663 = ( GEOMETRIC_REPRESENTATION_CONTEXT(2) 
PARAMETRIC_REPRESENTATION_CONTEXT() REPRESENTATION_CONTEXT('2D SPACE',''
  ) );
#664 = ORIENTED_EDGE('',*,*,#665,.F.);
#665 = EDGE_CURVE('',#666,#646,#668,.T.);
#666 = VERTEX_POINT('',#667);
#667 = CARTESIAN_POINT('',(13.450159008408,4.407826975794,
    18.750028531283));
#668 = SURFACE_CURVE('',#669,(#672,#678),.PCURVE_S1.);
#669 = B_SPLINE_CURVE_WITH_KNOTS('',1,(#670,#671),.UNSPECIFIED.,.F.,.F.,
  (2,2),(0.,6.471576552901E-03),.PIECEWISE_BEZIER_KNOTS.);
#670 = CARTESIAN_POINT('',(13.450159008408,4.407826975794,
    18.750028531283));
#671 = CARTESIAN_POINT('',(13.450159008408,4.407826975794,
    25.221605084184));
#672 = PCURVE('',#609,#673);
#673 = DEFINITIONAL_REPRESENTATION('',(#674),#677);
#674 = B_SPLINE_CURVE_WITH_KNOTS('',1,(#675,#676),.UNSPECIFIED.,.F.,.F.,
  (2,2),(0.,6.471576552901E-03),.PIECEWISE_BEZIER_KNOTS.);
#675 = CARTESIAN_POINT('',(8.876117240666E-03,0.));
#676 = CARTESIAN_POINT('',(8.876117240666E-03,-6.471576552901E-03));
#677 = ( GEOMETRIC_REPRESENTATION_CONTEXT(2) 
PARAMETRIC_REPRESENTATION_CONTEXT() REPRESENTATION_CONTEXT('2D SPACE',''
  ) );
#678 = PCURVE('',#477,#679);
#679 = DEFINITIONAL_REPRESENTATION('',(#680),#684);
#680 = B_SPLINE_CURVE_WITH_KNOTS('',2,(#681,#682,#683),.UNSPECIFIED.,.F.
  ,.F.,(3,3),(0.,6.471576552901E-03),.PIECEWISE_BEZIER_KNOTS.);
#681 = CARTESIAN_POINT('',(3.144119493737,0.));
#682 = CARTESIAN_POINT('',(3.144119493737,-3.23578827645E-03));
#683 = CARTESIAN_POINT('',(3.144119493737,-6.471576552901E-03));
#684 = ( GEOMETRIC_REPRESENTATION_CONTEXT(2) 
PARAMETRIC_REPRESENTATION_CONTEXT() REPRESENTATION_CONTEXT('2D SPACE',''
  ) );
#685 = ORIENTED_EDGE('',*,*,#686,.F.);
#686 = EDGE_CURVE('',#595,#666,#687,.T.);
#687 = SURFACE_CURVE('',#688,(#691,#697),.PCURVE_S1.);
#688 = B_SPLINE_CURVE_WITH_KNOTS('',1,(#689,#690),.UNSPECIFIED.,.F.,.F.,
  (2,2),(0.,8.876117240666E-03),.PIECEWISE_BEZIER_KNOTS.);
#689 = CARTESIAN_POINT('',(21.902831570277,7.116661380455,
    18.750028531283));
#690 = CARTESIAN_POINT('',(13.450159008408,4.407826975794,
    18.750028531283));
#691 = PCURVE('',#609,#692);
#692 = DEFINITIONAL_REPRESENTATION('',(#693),#696);
#693 = B_SPLINE_CURVE_WITH_KNOTS('',1,(#694,#695),.UNSPECIFIED.,.F.,.F.,
  (2,2),(0.,8.876117240666E-03),.PIECEWISE_BEZIER_KNOTS.);
#694 = CARTESIAN_POINT('',(0.,0.));
#695 = CARTESIAN_POINT('',(8.876117240666E-03,0.));
#696 = ( GEOMETRIC_REPRESENTATION_CONTEXT(2) 
PARAMETRIC_REPRESENTATION_CONTEXT() REPRESENTATION_CONTEXT('2D SPACE',''
  ) );
#697 = PCURVE('',#556,#698);
#698 = DEFINITIONAL_REPRESENTATION('',(#699),#702);
#699 = B_SPLINE_CURVE_WITH_KNOTS('',1,(#700,#701),.UNSPECIFIED.,.F.,.F.,
  (2,2),(0.,8.876117240666E-03),.PIECEWISE_BEZIER_KNOTS.);
#700 = CARTESIAN_POINT('',(-4.331809092001E-03,-2.419216761298E-03));
#701 = CARTESIAN_POINT('',(4.544236094062E-03,-2.383451903911E-03));
#702 = ( GEOMETRIC_REPRESENTATION_CONTEXT(2) 
PARAMETRIC_REPRESENTATION_CONTEXT() REPRESENTATION_CONTEXT('2D SPACE',''
  ) );
#703 = ADVANCED_FACE('',(#704),#477,.T.);
#704 = FACE_BOUND('',#705,.T.);
#705 = EDGE_LOOP('',(#706,#707,#728,#729));
#706 = ORIENTED_EDGE('',*,*,#665,.T.);
#707 = ORIENTED_EDGE('',*,*,#708,.T.);
#708 = EDGE_CURVE('',#646,#459,#709,.T.);
#709 = SURFACE_CURVE('',#710,(#714,#721),.PCURVE_S1.);
#710 = ( BOUNDED_CURVE() B_SPLINE_CURVE(2,(#711,#712,#713),
.UNSPECIFIED.,.F.,.F.) B_SPLINE_CURVE_WITH_KNOTS((3,3),(3.144119493737,
3.39640104805),.PIECEWISE_BEZIER_KNOTS.) CURVE() 
GEOMETRIC_REPRESENTATION_ITEM() RATIONAL_B_SPLINE_CURVE((1.,
0.992054795563,1.)) REPRESENTATION_ITEM('') );
#711 = CARTESIAN_POINT('',(13.450159008408,4.407826975794,
    25.221605084184));
#712 = CARTESIAN_POINT('',(12.891184431289,6.113496682251,
    25.221605084184));
#713 = CARTESIAN_POINT('',(11.924145016072,7.625646309376,
    25.221605084184));
#714 = PCURVE('',#477,#715);
#715 = DEFINITIONAL_REPRESENTATION('',(#716),#720);
#716 = B_SPLINE_CURVE_WITH_KNOTS('',2,(#717,#718,#719),.UNSPECIFIED.,.F.
  ,.F.,(3,3),(3.144119493737,3.39640104805),.PIECEWISE_BEZIER_KNOTS.);
#717 = CARTESIAN_POINT('',(3.144119493737,-6.471576552901E-03));
#718 = CARTESIAN_POINT('',(3.270260270894,-6.471576552901E-03));
#719 = CARTESIAN_POINT('',(3.39640104805,-6.471576552901E-03));
#720 = ( GEOMETRIC_REPRESENTATION_CONTEXT(2) 
PARAMETRIC_REPRESENTATION_CONTEXT() REPRESENTATION_CONTEXT('2D SPACE',''
  ) );
#721 = PCURVE('',#505,#722);
#722 = DEFINITIONAL_REPRESENTATION('',(#723),#727);
#723 = ( BOUNDED_CURVE() B_SPLINE_CURVE(2,(#724,#725,#726),
.UNSPECIFIED.,.F.,.F.) B_SPLINE_CURVE_WITH_KNOTS((3,3),(3.144119493737,
3.39640104805),.PIECEWISE_BEZIER_KNOTS.) CURVE() 
GEOMETRIC_REPRESENTATION_ITEM() RATIONAL_B_SPLINE_CURVE((1.,
0.992054795563,1.)) REPRESENTATION_ITEM('') );
#724 = CARTESIAN_POINT('',(4.544236094062E-03,-2.383451903911E-03));
#725 = CARTESIAN_POINT('',(4.548771581989E-03,-5.885309711837E-04));
#726 = CARTESIAN_POINT('',(5.001200786526E-03,1.148440398838E-03));
#727 = ( GEOMETRIC_REPRESENTATION_CONTEXT(2) 
PARAMETRIC_REPRESENTATION_CONTEXT() REPRESENTATION_CONTEXT('2D SPACE',''
  ) );
#728 = ORIENTED_EDGE('',*,*,#456,.F.);
#729 = ORIENTED_EDGE('',*,*,#730,.F.);
#730 = EDGE_CURVE('',#666,#457,#731,.T.);
#731 = SURFACE_CURVE('',#732,(#736,#743),.PCURVE_S1.);
#732 = ( BOUNDED_CURVE() B_SPLINE_CURVE(2,(#733,#734,#735),
.UNSPECIFIED.,.F.,.F.) B_SPLINE_CURVE_WITH_KNOTS((3,3),(3.144119493737,
3.39640104805),.PIECEWISE_BEZIER_KNOTS.) CURVE() 
GEOMETRIC_REPRESENTATION_ITEM() RATIONAL_B_SPLINE_CURVE((1.,
0.992054795563,1.)) REPRESENTATION_ITEM('') );
#733 = CARTESIAN_POINT('',(13.450159008408,4.407826975794,
    18.750028531283));
#734 = CARTESIAN_POINT('',(12.891184431289,6.113496682251,
    18.750028531283));
#735 = CARTESIAN_POINT('',(11.924145016072,7.625646309376,
    18.750028531283));
#736 = PCURVE('',#477,#737);
#737 = DEFINITIONAL_REPRESENTATION('',(#738),#742);
#738 = B_SPLINE_CURVE_WITH_KNOTS('',2,(#739,#740,#741),.UNSPECIFIED.,.F.
  ,.F.,(3,3),(3.144119493737,3.39640104805),.PIECEWISE_BEZIER_KNOTS.);
#739 = CARTESIAN_POINT('',(3.144119493737,0.));
#740 = CARTESIAN_POINT('',(3.270260270894,0.));
#741 = CARTESIAN_POINT('',(3.39640104805,0.));
#742 = ( GEOMETRIC_REPRESENTATION_CONTEXT(2) 
PARAMETRIC_REPRESENTATION_CONTEXT() REPRESENTATION_CONTEXT('2D SPACE',''
  ) );
#743 = PCURVE('',#556,#744);
#744 = DEFINITIONAL_REPRESENTATION('',(#745),#749);
#745 = ( BOUNDED_CURVE() B_SPLINE_CURVE(2,(#746,#747,#748),
.UNSPECIFIED.,.F.,.F.) B_SPLINE_CURVE_WITH_KNOTS((3,3),(3.144119493737,
3.39640104805),.PIECEWISE_BEZIER_KNOTS.) CURVE() 
GEOMETRIC_REPRESENTATION_ITEM() RATIONAL_B_SPLINE_CURVE((1.,
0.992054795563,1.)) REPRESENTATION_ITEM('') );
#746 = CARTESIAN_POINT('',(4.544236094062E-03,-2.383451903911E-03));
#747 = CARTESIAN_POINT('',(4.548771581989E-03,-5.885309711837E-04));
#748 = CARTESIAN_POINT('',(5.001200786526E-03,1.148440398838E-03));
#749 = ( GEOMETRIC_REPRESENTATION_CONTEXT(2) 
PARAMETRIC_REPRESENTATION_CONTEXT() REPRESENTATION_CONTEXT('2D SPACE',''
  ) );
#750 = ADVANCED_FACE('',(#751),#556,.T.);
#751 = FACE_BOUND('',#752,.T.);
#752 = EDGE_LOOP('',(#753,#754,#755,#756));
#753 = ORIENTED_EDGE('',*,*,#544,.T.);
#754 = ORIENTED_EDGE('',*,*,#620,.T.);
#755 = ORIENTED_EDGE('',*,*,#686,.T.);
#756 = ORIENTED_EDGE('',*,*,#730,.T.);
#757 = ADVANCED_FACE('',(#758),#505,.F.);
#758 = FACE_BOUND('',#759,.F.);
#759 = EDGE_LOOP('',(#760,#761,#762,#763));
#760 = ORIENTED_EDGE('',*,*,#491,.T.);
#761 = ORIENTED_EDGE('',*,*,#571,.T.);
#762 = ORIENTED_EDGE('',*,*,#645,.T.);
#763 = ORIENTED_EDGE('',*,*,#708,.T.);
#764 = ( GEOMETRIC_REPRESENTATION_CONTEXT(3) 
GLOBAL_UNCERTAINTY_ASSIGNED_CONTEXT((#768)) GLOBAL_UNIT_ASSIGNED_CONTEXT
((#765,#766,#767)) REPRESENTATION_CONTEXT('Context #1',
  '3D Context with UNIT and UNCERTAINTY') );
#765 = ( LENGTH_UNIT() NAMED_UNIT(*) SI_UNIT(.MILLI.,.METRE.) );
#766 = ( NAMED_UNIT(*) PLANE_ANGLE_UNIT() SI_UNIT($,.RADIAN.) );
#767 = ( NAMED_UNIT(*) SI_UNIT($,.STERADIAN.) SOLID_ANGLE_UNIT() );
#768 = UNCERTAINTY_MEASURE_WITH_UNIT(LENGTH_MEASURE(1.E-04),#765,
  'distance_accuracy_value','confusion accuracy');
#769 = CONTEXT_DEPENDENT_SHAPE_REPRESENTATION(#770,#772);
#770 = ( REPRESENTATION_RELATIONSHIP('','',#449,#10) 
REPRESENTATION_RELATIONSHIP_WITH_TRANSFORMATION(#771) 
SHAPE_REPRESENTATION_RELATIONSHIP() );
#771 = ITEM_DEFINED_TRANSFORMATION('','',#11,#19);
#772 = PRODUCT_DEFINITION_SHAPE('Placement','Placement of an item',#773
  );
#773 = NEXT_ASSEMBLY_USAGE_OCCURRENCE('5986','','',#5,#444,$);
#774 = PRODUCT_RELATED_PRODUCT_CATEGORY('part',$,(#446));
#775 = SHAPE_DEFINITION_REPRESENTATION(#776,#782);
#776 = PRODUCT_DEFINITION_SHAPE('','',#777);
#777 = PRODUCT_DEFINITION('design','',#778,#781);
#778 = PRODUCT_DEFINITION_FORMATION('','',#779);
#779 = PRODUCT('Open CASCADE STEP translator 7.8 154.3',
  'Open CASCADE STEP translator 7.8 154.3','',(#780));
#780 = PRODUCT_CONTEXT('',#2,'mechanical');
#781 = PRODUCT_DEFINITION_CONTEXT('part definition',#2,'design');
#782 = ADVANCED_BREP_SHAPE_REPRESENTATION('',(#11,#783),#1097);
#783 = MANIFOLD_SOLID_BREP('',#784);
#784 = CLOSED_SHELL('',(#785,#899,#973,#1036,#1083,#1090));
#785 = ADVANCED_FACE('',(#786),#799,.T.);
#786 = FACE_BOUND('',#787,.T.);
#787 = EDGE_LOOP('',(#788,#823,#848,#876));
#788 = ORIENTED_EDGE('',*,*,#789,.T.);
#789 = EDGE_CURVE('',#790,#792,#794,.T.);
#790 = VERTEX_POINT('',#791);
#791 = CARTESIAN_POINT('',(8.984081516094,10.937184066851,
    18.750028531283));
#792 = VERTEX_POINT('',#793);
#793 = CARTESIAN_POINT('',(8.984081516094,10.937184066851,
    25.221605084184));
#794 = SURFACE_CURVE('',#795,(#798,#809),.PCURVE_S1.);
#795 = B_SPLINE_CURVE_WITH_KNOTS('',1,(#796,#797),.UNSPECIFIED.,.F.,.F.,
  (2,2),(0.,6.471576552901E-03),.PIECEWISE_BEZIER_KNOTS.);
#796 = CARTESIAN_POINT('',(8.984081516094,10.937184066851,
    18.750028531283));
#797 = CARTESIAN_POINT('',(8.984081516094,10.937184066851,
    25.221605084184));
#798 = PCURVE('',#799,#804);
#799 = B_SPLINE_SURFACE_WITH_KNOTS('',1,1,(
    (#800,#801)
    ,(#802,#803
    )),.UNSPECIFIED.,.F.,.F.,.F.,(2,2),(2,2),(0.,8.876117240666E-03),(
    -6.471576552901E-03,0.),.PIECEWISE_BEZIER_KNOTS.);
#800 = CARTESIAN_POINT('',(8.984081516094,10.937184066851,
    25.221605084184));
#801 = CARTESIAN_POINT('',(8.984081516094,10.937184066851,
    18.750028531283));
#802 = CARTESIAN_POINT('',(14.573001872509,17.832793287195,
    25.221605084184));
#803 = CARTESIAN_POINT('',(14.573001872509,17.832793287195,
    18.750028531283));
#804 = DEFINITIONAL_REPRESENTATION('',(#805),#808);
#805 = B_SPLINE_CURVE_WITH_KNOTS('',1,(#806,#807),.UNSPECIFIED.,.F.,.F.,
  (2,2),(0.,6.471576552901E-03),.PIECEWISE_BEZIER_KNOTS.);
#806 = CARTESIAN_POINT('',(0.,0.));
#807 = CARTESIAN_POINT('',(0.,-6.471576552901E-03));
#808 = ( GEOMETRIC_REPRESENTATION_CONTEXT(2) 
PARAMETRIC_REPRESENTATION_CONTEXT() REPRESENTATION_CONTEXT('2D SPACE',''
  ) );
#809 = PCURVE('',#810,#817);
#810 = ( BOUNDED_SURFACE() B_SPLINE_SURFACE(2,1,(
    (#811,#812)
    ,(#813,#814)
,(#815,#816
    )),.UNSPECIFIED.,.F.,.F.,.F.) B_SPLINE_SURFACE_WITH_KNOTS((3,3),(2,2
    ),(3.144119493737,3.39640104805),(-6.471576552901E-03,0.),
.PIECEWISE_BEZIER_KNOTS.) GEOMETRIC_REPRESENTATION_ITEM() 
RATIONAL_B_SPLINE_SURFACE((
    (1.,1.)
    ,(0.992054795563,0.992054795563)
,(1.,1.))) REPRESENTATION_ITEM('') SURFACE() );
#811 = CARTESIAN_POINT('',(11.429767926368,8.348420278673,
    25.221605084184));
#812 = CARTESIAN_POINT('',(11.429767926368,8.348420278673,
    18.750028531283));
#813 = CARTESIAN_POINT('',(10.371070586269,9.797875923894,
    25.221605084184));
#814 = CARTESIAN_POINT('',(10.371070586269,9.797875923894,
    18.750028531283));
#815 = CARTESIAN_POINT('',(8.984081516094,10.937184066851,
    25.221605084184));
#816 = CARTESIAN_POINT('',(8.984081516094,10.937184066851,
    18.750028531283));
#817 = DEFINITIONAL_REPRESENTATION('',(#818),#822);
#818 = B_SPLINE_CURVE_WITH_KNOTS('',2,(#819,#820,#821),.UNSPECIFIED.,.F.
  ,.F.,(3,3),(0.,6.471576552901E-03),.PIECEWISE_BEZIER_KNOTS.);
#819 = CARTESIAN_POINT('',(3.39640104805,0.));
#820 = CARTESIAN_POINT('',(3.39640104805,-3.23578827645E-03));
#821 = CARTESIAN_POINT('',(3.39640104805,-6.471576552901E-03));
#822 = ( GEOMETRIC_REPRESENTATION_CONTEXT(2) 
PARAMETRIC_REPRESENTATION_CONTEXT() REPRESENTATION_CONTEXT('2D SPACE',''
  ) );
#823 = ORIENTED_EDGE('',*,*,#824,.T.);
#824 = EDGE_CURVE('',#792,#825,#827,.T.);
#825 = VERTEX_POINT('',#826);
#826 = CARTESIAN_POINT('',(14.573001872509,17.832793287195,
    25.221605084184));
#827 = SURFACE_CURVE('',#828,(#831,#837),.PCURVE_S1.);
#828 = B_SPLINE_CURVE_WITH_KNOTS('',1,(#829,#830),.UNSPECIFIED.,.F.,.F.,
  (2,2),(0.,8.876117240666E-03),.PIECEWISE_BEZIER_KNOTS.);
#829 = CARTESIAN_POINT('',(8.984081516094,10.937184066851,
    25.221605084184));
#830 = CARTESIAN_POINT('',(14.573001872509,17.832793287195,
    25.221605084184));
#831 = PCURVE('',#799,#832);
#832 = DEFINITIONAL_REPRESENTATION('',(#833),#836);
#833 = B_SPLINE_CURVE_WITH_KNOTS('',1,(#834,#835),.UNSPECIFIED.,.F.,.F.,
  (2,2),(0.,8.876117240666E-03),.PIECEWISE_BEZIER_KNOTS.);
#834 = CARTESIAN_POINT('',(0.,-6.471576552901E-03));
#835 = CARTESIAN_POINT('',(8.876117240666E-03,-6.471576552901E-03));
#836 = ( GEOMETRIC_REPRESENTATION_CONTEXT(2) 
PARAMETRIC_REPRESENTATION_CONTEXT() REPRESENTATION_CONTEXT('2D SPACE',''
  ) );
#837 = PCURVE('',#838,#843);
#838 = B_SPLINE_SURFACE_WITH_KNOTS('',1,1,(
    (#839,#840)
    ,(#841,#842
    )),.UNSPECIFIED.,.F.,.F.,.F.,(2,2),(2,2),(-4.331809092001E-03,
    5.001200786526E-03),(-2.419216761298E-03,3.442020482927E-03),
  .PIECEWISE_BEZIER_KNOTS.);
#839 = CARTESIAN_POINT('',(18.631661380455,13.536694360296,
    25.221605084184));
#840 = CARTESIAN_POINT('',(15.186512568112,18.278534898937,
    25.221605084184));
#841 = CARTESIAN_POINT('',(11.081097780057,8.050888794198,
    25.221605084184));
#842 = CARTESIAN_POINT('',(7.635948967715,12.792729332839,
    25.221605084184));
#843 = DEFINITIONAL_REPRESENTATION('',(#844),#847);
#844 = B_SPLINE_CURVE_WITH_KNOTS('',1,(#845,#846),.UNSPECIFIED.,.F.,.F.,
  (2,2),(0.,8.876117240666E-03),.PIECEWISE_BEZIER_KNOTS.);
#845 = CARTESIAN_POINT('',(5.001200786526E-03,1.148440398838E-03));
#846 = CARTESIAN_POINT('',(-3.573468167312E-03,3.442020482927E-03));
#847 = ( GEOMETRIC_REPRESENTATION_CONTEXT(2) 
PARAMETRIC_REPRESENTATION_CONTEXT() REPRESENTATION_CONTEXT('2D SPACE',''
  ) );
#848 = ORIENTED_EDGE('',*,*,#849,.F.);
#849 = EDGE_CURVE('',#850,#825,#852,.T.);
#850 = VERTEX_POINT('',#851);
#851 = CARTESIAN_POINT('',(14.573001872509,17.832793287195,
    18.750028531283));
#852 = SURFACE_CURVE('',#853,(#856,#862),.PCURVE_S1.);
#853 = B_SPLINE_CURVE_WITH_KNOTS('',1,(#854,#855),.UNSPECIFIED.,.F.,.F.,
  (2,2),(0.,6.471576552901E-03),.PIECEWISE_BEZIER_KNOTS.);
#854 = CARTESIAN_POINT('',(14.573001872509,17.832793287195,
    18.750028531283));
#855 = CARTESIAN_POINT('',(14.573001872509,17.832793287195,
    25.221605084184));
#856 = PCURVE('',#799,#857);
#857 = DEFINITIONAL_REPRESENTATION('',(#858),#861);
#858 = B_SPLINE_CURVE_WITH_KNOTS('',1,(#859,#860),.UNSPECIFIED.,.F.,.F.,
  (2,2),(0.,6.471576552901E-03),.PIECEWISE_BEZIER_KNOTS.);
#859 = CARTESIAN_POINT('',(8.876117240666E-03,0.));
#860 = CARTESIAN_POINT('',(8.876117240666E-03,-6.471576552901E-03));
#861 = ( GEOMETRIC_REPRESENTATION_CONTEXT(2) 
PARAMETRIC_REPRESENTATION_CONTEXT() REPRESENTATION_CONTEXT('2D SPACE',''
  ) );
#862 = PCURVE('',#863,#870);
#863 = ( BOUNDED_SURFACE() B_SPLINE_SURFACE(2,1,(
    (#864,#865)
    ,(#866,#867)
,(#868,#869
    )),.UNSPECIFIED.,.F.,.F.,.F.) B_SPLINE_SURFACE_WITH_KNOTS((3,3),(2,2
    ),(6.025850072572,6.28318530718),(-6.471576552901E-03,0.),
.PIECEWISE_BEZIER_KNOTS.) GEOMETRIC_REPRESENTATION_ITEM() 
RATIONAL_B_SPLINE_SURFACE((
    (1.,1.)
    ,(0.99173373582,0.99173373582)
,(1.,1.))) REPRESENTATION_ITEM('') SURFACE() );
#864 = CARTESIAN_POINT('',(14.573001872509,17.832793287195,
    25.221605084184));
#865 = CARTESIAN_POINT('',(14.573001872509,17.832793287195,
    18.750028531283));
#866 = CARTESIAN_POINT('',(16.880251415174,15.947303371841,
    25.221605084184));
#867 = CARTESIAN_POINT('',(16.880251415174,15.947303371841,
    18.750028531283));
#868 = CARTESIAN_POINT('',(18.631661380455,13.536694360296,
    25.221605084184));
#869 = CARTESIAN_POINT('',(18.631661380455,13.536694360296,
    18.750028531283));
#870 = DEFINITIONAL_REPRESENTATION('',(#871),#875);
#871 = B_SPLINE_CURVE_WITH_KNOTS('',2,(#872,#873,#874),.UNSPECIFIED.,.F.
  ,.F.,(3,3),(0.,6.471576552901E-03),.PIECEWISE_BEZIER_KNOTS.);
#872 = CARTESIAN_POINT('',(6.025850072572,0.));
#873 = CARTESIAN_POINT('',(6.025850072572,-3.23578827645E-03));
#874 = CARTESIAN_POINT('',(6.025850072572,-6.471576552901E-03));
#875 = ( GEOMETRIC_REPRESENTATION_CONTEXT(2) 
PARAMETRIC_REPRESENTATION_CONTEXT() REPRESENTATION_CONTEXT('2D SPACE',''
  ) );
#876 = ORIENTED_EDGE('',*,*,#877,.F.);
#877 = EDGE_CURVE('',#790,#850,#878,.T.);
#878 = SURFACE_CURVE('',#879,(#882,#888),.PCURVE_S1.);
#879 = B_SPLINE_CURVE_WITH_KNOTS('',1,(#880,#881),.UNSPECIFIED.,.F.,.F.,
  (2,2),(0.,8.876117240666E-03),.PIECEWISE_BEZIER_KNOTS.);
#880 = CARTESIAN_POINT('',(8.984081516094,10.937184066851,
    18.750028531283));
#881 = CARTESIAN_POINT('',(14.573001872509,17.832793287195,
    18.750028531283));
#882 = PCURVE('',#799,#883);
#883 = DEFINITIONAL_REPRESENTATION('',(#884),#887);
#884 = B_SPLINE_CURVE_WITH_KNOTS('',1,(#885,#886),.UNSPECIFIED.,.F.,.F.,
  (2,2),(0.,8.876117240666E-03),.PIECEWISE_BEZIER_KNOTS.);
#885 = CARTESIAN_POINT('',(0.,0.));
#886 = CARTESIAN_POINT('',(8.876117240666E-03,0.));
#887 = ( GEOMETRIC_REPRESENTATION_CONTEXT(2) 
PARAMETRIC_REPRESENTATION_CONTEXT() REPRESENTATION_CONTEXT('2D SPACE',''
  ) );
#888 = PCURVE('',#889,#894);
#889 = B_SPLINE_SURFACE_WITH_KNOTS('',1,1,(
    (#890,#891)
    ,(#892,#893
    )),.UNSPECIFIED.,.F.,.F.,.F.,(2,2),(2,2),(-4.331809092001E-03,
    5.001200786526E-03),(-2.419216761298E-03,3.442020482927E-03),
  .PIECEWISE_BEZIER_KNOTS.);
#890 = CARTESIAN_POINT('',(18.631661380455,13.536694360296,
    18.750028531283));
#891 = CARTESIAN_POINT('',(15.186512568112,18.278534898937,
    18.750028531283));
#892 = CARTESIAN_POINT('',(11.081097780057,8.050888794198,
    18.750028531283));
#893 = CARTESIAN_POINT('',(7.635948967715,12.792729332839,
    18.750028531283));
#894 = DEFINITIONAL_REPRESENTATION('',(#895),#898);
#895 = B_SPLINE_CURVE_WITH_KNOTS('',1,(#896,#897),.UNSPECIFIED.,.F.,.F.,
  (2,2),(0.,8.876117240666E-03),.PIECEWISE_BEZIER_KNOTS.);
#896 = CARTESIAN_POINT('',(5.001200786526E-03,1.148440398838E-03));
#897 = CARTESIAN_POINT('',(-3.573468167312E-03,3.442020482927E-03));
#898 = ( GEOMETRIC_REPRESENTATION_CONTEXT(2) 
PARAMETRIC_REPRESENTATION_CONTEXT() REPRESENTATION_CONTEXT('2D SPACE',''
  ) );
#899 = ADVANCED_FACE('',(#900),#863,.T.);
#900 = FACE_BOUND('',#901,.T.);
#901 = EDGE_LOOP('',(#902,#903,#926,#952));
#902 = ORIENTED_EDGE('',*,*,#849,.T.);
#903 = ORIENTED_EDGE('',*,*,#904,.T.);
#904 = EDGE_CURVE('',#825,#905,#907,.T.);
#905 = VERTEX_POINT('',#906);
#906 = CARTESIAN_POINT('',(18.631661380455,13.536694360296,
    25.221605084184));
#907 = SURFACE_CURVE('',#908,(#912,#919),.PCURVE_S1.);
#908 = ( BOUNDED_CURVE() B_SPLINE_CURVE(2,(#909,#910,#911),
.UNSPECIFIED.,.F.,.F.) B_SPLINE_CURVE_WITH_KNOTS((3,3),(6.025850072572,
6.28318530718),.PIECEWISE_BEZIER_KNOTS.) CURVE() 
GEOMETRIC_REPRESENTATION_ITEM() RATIONAL_B_SPLINE_CURVE((1.,
0.99173373582,1.)) REPRESENTATION_ITEM('') );
#909 = CARTESIAN_POINT('',(14.573001872509,17.832793287195,
    25.221605084184));
#910 = CARTESIAN_POINT('',(16.880251415174,15.947303371841,
    25.221605084184));
#911 = CARTESIAN_POINT('',(18.631661380455,13.536694360296,
    25.221605084184));
#912 = PCURVE('',#863,#913);
#913 = DEFINITIONAL_REPRESENTATION('',(#914),#918);
#914 = B_SPLINE_CURVE_WITH_KNOTS('',2,(#915,#916,#917),.UNSPECIFIED.,.F.
  ,.F.,(3,3),(6.025850072572,6.28318530718),.PIECEWISE_BEZIER_KNOTS.);
#915 = CARTESIAN_POINT('',(6.025850072572,-6.471576552901E-03));
#916 = CARTESIAN_POINT('',(6.154517689876,-6.471576552901E-03));
#917 = CARTESIAN_POINT('',(6.28318530718,-6.471576552901E-03));
#918 = ( GEOMETRIC_REPRESENTATION_CONTEXT(2) 
PARAMETRIC_REPRESENTATION_CONTEXT() REPRESENTATION_CONTEXT('2D SPACE',''
  ) );
#919 = PCURVE('',#838,#920);
#920 = DEFINITIONAL_REPRESENTATION('',(#921),#925);
#921 = ( BOUNDED_CURVE() B_SPLINE_CURVE(2,(#922,#923,#924),
.UNSPECIFIED.,.F.,.F.) B_SPLINE_CURVE_WITH_KNOTS((3,3),(6.025850072572,
6.28318530718),.PIECEWISE_BEZIER_KNOTS.) CURVE() 
GEOMETRIC_REPRESENTATION_ITEM() RATIONAL_B_SPLINE_CURVE((1.,
0.99173373582,1.)) REPRESENTATION_ITEM('') );
#922 = CARTESIAN_POINT('',(-3.573468167312E-03,3.442020482927E-03));
#923 = CARTESIAN_POINT('',(-4.331809092001E-03,5.604598441461E-04));
#924 = CARTESIAN_POINT('',(-4.331809092001E-03,-2.419216761298E-03));
#925 = ( GEOMETRIC_REPRESENTATION_CONTEXT(2) 
PARAMETRIC_REPRESENTATION_CONTEXT() REPRESENTATION_CONTEXT('2D SPACE',''
  ) );
#926 = ORIENTED_EDGE('',*,*,#927,.F.);
#927 = EDGE_CURVE('',#928,#905,#930,.T.);
#928 = VERTEX_POINT('',#929);
#929 = CARTESIAN_POINT('',(18.631661380455,13.536694360296,
    18.750028531283));
#930 = SURFACE_CURVE('',#931,(#934,#941),.PCURVE_S1.);
#931 = B_SPLINE_CURVE_WITH_KNOTS('',1,(#932,#933),.UNSPECIFIED.,.F.,.F.,
  (2,2),(0.,6.471576552901E-03),.PIECEWISE_BEZIER_KNOTS.);
#932 = CARTESIAN_POINT('',(18.631661380455,13.536694360296,
    18.750028531283));
#933 = CARTESIAN_POINT('',(18.631661380455,13.536694360296,
    25.221605084184));
#934 = PCURVE('',#863,#935);
#935 = DEFINITIONAL_REPRESENTATION('',(#936),#940);
#936 = B_SPLINE_CURVE_WITH_KNOTS('',2,(#937,#938,#939),.UNSPECIFIED.,.F.
  ,.F.,(3,3),(0.,6.471576552901E-03),.PIECEWISE_BEZIER_KNOTS.);
#937 = CARTESIAN_POINT('',(6.28318530718,0.));
#938 = CARTESIAN_POINT('',(6.28318530718,-3.23578827645E-03));
#939 = CARTESIAN_POINT('',(6.28318530718,-6.471576552901E-03));
#940 = ( GEOMETRIC_REPRESENTATION_CONTEXT(2) 
PARAMETRIC_REPRESENTATION_CONTEXT() REPRESENTATION_CONTEXT('2D SPACE',''
  ) );
#941 = PCURVE('',#942,#947);
#942 = B_SPLINE_SURFACE_WITH_KNOTS('',1,1,(
    (#943,#944)
    ,(#945,#946
    )),.UNSPECIFIED.,.F.,.F.,.F.,(2,2),(2,2),(0.,8.876117240666E-03),(
    -6.471576552901E-03,0.),.PIECEWISE_BEZIER_KNOTS.);
#943 = CARTESIAN_POINT('',(18.631661380455,13.536694360296,
    25.221605084184));
#944 = CARTESIAN_POINT('',(18.631661380455,13.536694360296,
    18.750028531283));
#945 = CARTESIAN_POINT('',(11.429767926368,8.348420278673,
    25.221605084184));
#946 = CARTESIAN_POINT('',(11.429767926368,8.348420278673,
    18.750028531283));
#947 = DEFINITIONAL_REPRESENTATION('',(#948),#951);
#948 = B_SPLINE_CURVE_WITH_KNOTS('',1,(#949,#950),.UNSPECIFIED.,.F.,.F.,
  (2,2),(0.,6.471576552901E-03),.PIECEWISE_BEZIER_KNOTS.);
#949 = CARTESIAN_POINT('',(0.,0.));
#950 = CARTESIAN_POINT('',(0.,-6.471576552901E-03));
#951 = ( GEOMETRIC_REPRESENTATION_CONTEXT(2) 
PARAMETRIC_REPRESENTATION_CONTEXT() REPRESENTATION_CONTEXT('2D SPACE',''
  ) );
#952 = ORIENTED_EDGE('',*,*,#953,.F.);
#953 = EDGE_CURVE('',#850,#928,#954,.T.);
#954 = SURFACE_CURVE('',#955,(#959,#966),.PCURVE_S1.);
#955 = ( BOUNDED_CURVE() B_SPLINE_CURVE(2,(#956,#957,#958),
.UNSPECIFIED.,.F.,.F.) B_SPLINE_CURVE_WITH_KNOTS((3,3),(6.025850072572,
6.28318530718),.PIECEWISE_BEZIER_KNOTS.) CURVE() 
GEOMETRIC_REPRESENTATION_ITEM() RATIONAL_B_SPLINE_CURVE((1.,
0.99173373582,1.)) REPRESENTATION_ITEM('') );
#956 = CARTESIAN_POINT('',(14.573001872509,17.832793287195,
    18.750028531283));
#957 = CARTESIAN_POINT('',(16.880251415174,15.947303371841,
    18.750028531283));
#958 = CARTESIAN_POINT('',(18.631661380455,13.536694360296,
    18.750028531283));
#959 = PCURVE('',#863,#960);
#960 = DEFINITIONAL_REPRESENTATION('',(#961),#965);
#961 = B_SPLINE_CURVE_WITH_KNOTS('',2,(#962,#963,#964),.UNSPECIFIED.,.F.
  ,.F.,(3,3),(6.025850072572,6.28318530718),.PIECEWISE_BEZIER_KNOTS.);
#962 = CARTESIAN_POINT('',(6.025850072572,0.));
#963 = CARTESIAN_POINT('',(6.154517689876,0.));
#964 = CARTESIAN_POINT('',(6.28318530718,0.));
#965 = ( GEOMETRIC_REPRESENTATION_CONTEXT(2) 
PARAMETRIC_REPRESENTATION_CONTEXT() REPRESENTATION_CONTEXT('2D SPACE',''
  ) );
#966 = PCURVE('',#889,#967);
#967 = DEFINITIONAL_REPRESENTATION('',(#968),#972);
#968 = ( BOUNDED_CURVE() B_SPLINE_CURVE(2,(#969,#970,#971),
.UNSPECIFIED.,.F.,.F.) B_SPLINE_CURVE_WITH_KNOTS((3,3),(6.025850072572,
6.28318530718),.PIECEWISE_BEZIER_KNOTS.) CURVE() 
GEOMETRIC_REPRESENTATION_ITEM() RATIONAL_B_SPLINE_CURVE((1.,
0.99173373582,1.)) REPRESENTATION_ITEM('') );
#969 = CARTESIAN_POINT('',(-3.573468167312E-03,3.442020482927E-03));
#970 = CARTESIAN_POINT('',(-4.331809092001E-03,5.604598441461E-04));
#971 = CARTESIAN_POINT('',(-4.331809092001E-03,-2.419216761298E-03));
#972 = ( GEOMETRIC_REPRESENTATION_CONTEXT(2) 
PARAMETRIC_REPRESENTATION_CONTEXT() REPRESENTATION_CONTEXT('2D SPACE',''
  ) );
#973 = ADVANCED_FACE('',(#974),#942,.T.);
#974 = FACE_BOUND('',#975,.T.);
#975 = EDGE_LOOP('',(#976,#977,#997,#1018));
#976 = ORIENTED_EDGE('',*,*,#927,.T.);
#977 = ORIENTED_EDGE('',*,*,#978,.T.);
#978 = EDGE_CURVE('',#905,#979,#981,.T.);
#979 = VERTEX_POINT('',#980);
#980 = CARTESIAN_POINT('',(11.429767926368,8.348420278673,
    25.221605084184));
#981 = SURFACE_CURVE('',#982,(#985,#991),.PCURVE_S1.);
#982 = B_SPLINE_CURVE_WITH_KNOTS('',1,(#983,#984),.UNSPECIFIED.,.F.,.F.,
  (2,2),(0.,8.876117240666E-03),.PIECEWISE_BEZIER_KNOTS.);
#983 = CARTESIAN_POINT('',(18.631661380455,13.536694360296,
    25.221605084184));
#984 = CARTESIAN_POINT('',(11.429767926368,8.348420278673,
    25.221605084184));
#985 = PCURVE('',#942,#986);
#986 = DEFINITIONAL_REPRESENTATION('',(#987),#990);
#987 = B_SPLINE_CURVE_WITH_KNOTS('',1,(#988,#989),.UNSPECIFIED.,.F.,.F.,
  (2,2),(0.,8.876117240666E-03),.PIECEWISE_BEZIER_KNOTS.);
#988 = CARTESIAN_POINT('',(0.,-6.471576552901E-03));
#989 = CARTESIAN_POINT('',(8.876117240666E-03,-6.471576552901E-03));
#990 = ( GEOMETRIC_REPRESENTATION_CONTEXT(2) 
PARAMETRIC_REPRESENTATION_CONTEXT() REPRESENTATION_CONTEXT('2D SPACE',''
  ) );
#991 = PCURVE('',#838,#992);
#992 = DEFINITIONAL_REPRESENTATION('',(#993),#996);
#993 = B_SPLINE_CURVE_WITH_KNOTS('',1,(#994,#995),.UNSPECIFIED.,.F.,.F.,
  (2,2),(0.,8.876117240666E-03),.PIECEWISE_BEZIER_KNOTS.);
#994 = CARTESIAN_POINT('',(-4.331809092001E-03,-2.419216761298E-03));
#995 = CARTESIAN_POINT('',(4.544236094062E-03,-2.383451903911E-03));
#996 = ( GEOMETRIC_REPRESENTATION_CONTEXT(2) 
PARAMETRIC_REPRESENTATION_CONTEXT() REPRESENTATION_CONTEXT('2D SPACE',''
  ) );
#997 = ORIENTED_EDGE('',*,*,#998,.F.);
#998 = EDGE_CURVE('',#999,#979,#1001,.T.);
#999 = VERTEX_POINT('',#1000);
#1000 = CARTESIAN_POINT('',(11.429767926368,8.348420278673,
    18.750028531283));
#1001 = SURFACE_CURVE('',#1002,(#1005,#1011),.PCURVE_S1.);
#1002 = B_SPLINE_CURVE_WITH_KNOTS('',1,(#1003,#1004),.UNSPECIFIED.,.F.,
  .F.,(2,2),(0.,6.471576552901E-03),.PIECEWISE_BEZIER_KNOTS.);
#1003 = CARTESIAN_POINT('',(11.429767926368,8.348420278673,
    18.750028531283));
#1004 = CARTESIAN_POINT('',(11.429767926368,8.348420278673,
    25.221605084184));
#1005 = PCURVE('',#942,#1006);
#1006 = DEFINITIONAL_REPRESENTATION('',(#1007),#1010);
#1007 = B_SPLINE_CURVE_WITH_KNOTS('',1,(#1008,#1009),.UNSPECIFIED.,.F.,
  .F.,(2,2),(0.,6.471576552901E-03),.PIECEWISE_BEZIER_KNOTS.);
#1008 = CARTESIAN_POINT('',(8.876117240666E-03,0.));
#1009 = CARTESIAN_POINT('',(8.876117240666E-03,-6.471576552901E-03));
#1010 = ( GEOMETRIC_REPRESENTATION_CONTEXT(2) 
PARAMETRIC_REPRESENTATION_CONTEXT() REPRESENTATION_CONTEXT('2D SPACE',''
  ) );
#1011 = PCURVE('',#810,#1012);
#1012 = DEFINITIONAL_REPRESENTATION('',(#1013),#1017);
#1013 = B_SPLINE_CURVE_WITH_KNOTS('',2,(#1014,#1015,#1016),
  .UNSPECIFIED.,.F.,.F.,(3,3),(0.,6.471576552901E-03),
  .PIECEWISE_BEZIER_KNOTS.);
#1014 = CARTESIAN_POINT('',(3.144119493737,0.));
#1015 = CARTESIAN_POINT('',(3.144119493737,-3.23578827645E-03));
#1016 = CARTESIAN_POINT('',(3.144119493737,-6.471576552901E-03));
#1017 = ( GEOMETRIC_REPRESENTATION_CONTEXT(2) 
PARAMETRIC_REPRESENTATION_CONTEXT() REPRESENTATION_CONTEXT('2D SPACE',''
  ) );
#1018 = ORIENTED_EDGE('',*,*,#1019,.F.);
#1019 = EDGE_CURVE('',#928,#999,#1020,.T.);
#1020 = SURFACE_CURVE('',#1021,(#1024,#1030),.PCURVE_S1.);
#1021 = B_SPLINE_CURVE_WITH_KNOTS('',1,(#1022,#1023),.UNSPECIFIED.,.F.,
  .F.,(2,2),(0.,8.876117240666E-03),.PIECEWISE_BEZIER_KNOTS.);
#1022 = CARTESIAN_POINT('',(18.631661380455,13.536694360296,
    18.750028531283));
#1023 = CARTESIAN_POINT('',(11.429767926368,8.348420278673,
    18.750028531283));
#1024 = PCURVE('',#942,#1025);
#1025 = DEFINITIONAL_REPRESENTATION('',(#1026),#1029);
#1026 = B_SPLINE_CURVE_WITH_KNOTS('',1,(#1027,#1028),.UNSPECIFIED.,.F.,
  .F.,(2,2),(0.,8.876117240666E-03),.PIECEWISE_BEZIER_KNOTS.);
#1027 = CARTESIAN_POINT('',(0.,0.));
#1028 = CARTESIAN_POINT('',(8.876117240666E-03,0.));
#1029 = ( GEOMETRIC_REPRESENTATION_CONTEXT(2) 
PARAMETRIC_REPRESENTATION_CONTEXT() REPRESENTATION_CONTEXT('2D SPACE',''
  ) );
#1030 = PCURVE('',#889,#1031);
#1031 = DEFINITIONAL_REPRESENTATION('',(#1032),#1035);
#1032 = B_SPLINE_CURVE_WITH_KNOTS('',1,(#1033,#1034),.UNSPECIFIED.,.F.,
  .F.,(2,2),(0.,8.876117240666E-03),.PIECEWISE_BEZIER_KNOTS.);
#1033 = CARTESIAN_POINT('',(-4.331809092001E-03,-2.419216761298E-03));
#1034 = CARTESIAN_POINT('',(4.544236094062E-03,-2.383451903911E-03));
#1035 = ( GEOMETRIC_REPRESENTATION_CONTEXT(2) 
PARAMETRIC_REPRESENTATION_CONTEXT() REPRESENTATION_CONTEXT('2D SPACE',''
  ) );
#1036 = ADVANCED_FACE('',(#1037),#810,.T.);
#1037 = FACE_BOUND('',#1038,.T.);
#1038 = EDGE_LOOP('',(#1039,#1040,#1061,#1062));
#1039 = ORIENTED_EDGE('',*,*,#998,.T.);
#1040 = ORIENTED_EDGE('',*,*,#1041,.T.);
#1041 = EDGE_CURVE('',#979,#792,#1042,.T.);
#1042 = SURFACE_CURVE('',#1043,(#1047,#1054),.PCURVE_S1.);
#1043 = ( BOUNDED_CURVE() B_SPLINE_CURVE(2,(#1044,#1045,#1046),
.UNSPECIFIED.,.F.,.F.) B_SPLINE_CURVE_WITH_KNOTS((3,3),(3.144119493737,
3.39640104805),.PIECEWISE_BEZIER_KNOTS.) CURVE() 
GEOMETRIC_REPRESENTATION_ITEM() RATIONAL_B_SPLINE_CURVE((1.,
0.992054795563,1.)) REPRESENTATION_ITEM('') );
#1044 = CARTESIAN_POINT('',(11.429767926368,8.348420278673,
    25.221605084184));
#1045 = CARTESIAN_POINT('',(10.371070586269,9.797875923894,
    25.221605084184));
#1046 = CARTESIAN_POINT('',(8.984081516094,10.937184066851,
    25.221605084184));
#1047 = PCURVE('',#810,#1048);
#1048 = DEFINITIONAL_REPRESENTATION('',(#1049),#1053);
#1049 = B_SPLINE_CURVE_WITH_KNOTS('',2,(#1050,#1051,#1052),
  .UNSPECIFIED.,.F.,.F.,(3,3),(3.144119493737,3.39640104805),
  .PIECEWISE_BEZIER_KNOTS.);
#1050 = CARTESIAN_POINT('',(3.144119493737,-6.471576552901E-03));
#1051 = CARTESIAN_POINT('',(3.270260270894,-6.471576552901E-03));
#1052 = CARTESIAN_POINT('',(3.39640104805,-6.471576552901E-03));
#1053 = ( GEOMETRIC_REPRESENTATION_CONTEXT(2) 
PARAMETRIC_REPRESENTATION_CONTEXT() REPRESENTATION_CONTEXT('2D SPACE',''
  ) );
#1054 = PCURVE('',#838,#1055);
#1055 = DEFINITIONAL_REPRESENTATION('',(#1056),#1060);
#1056 = ( BOUNDED_CURVE() B_SPLINE_CURVE(2,(#1057,#1058,#1059),
.UNSPECIFIED.,.F.,.F.) B_SPLINE_CURVE_WITH_KNOTS((3,3),(3.144119493737,
3.39640104805),.PIECEWISE_BEZIER_KNOTS.) CURVE() 
GEOMETRIC_REPRESENTATION_ITEM() RATIONAL_B_SPLINE_CURVE((1.,
0.992054795563,1.)) REPRESENTATION_ITEM('') );
#1057 = CARTESIAN_POINT('',(4.544236094062E-03,-2.383451903911E-03));
#1058 = CARTESIAN_POINT('',(4.548771581989E-03,-5.885309711837E-04));
#1059 = CARTESIAN_POINT('',(5.001200786526E-03,1.148440398838E-03));
#1060 = ( GEOMETRIC_REPRESENTATION_CONTEXT(2) 
PARAMETRIC_REPRESENTATION_CONTEXT() REPRESENTATION_CONTEXT('2D SPACE',''
  ) );
#1061 = ORIENTED_EDGE('',*,*,#789,.F.);
#1062 = ORIENTED_EDGE('',*,*,#1063,.F.);
#1063 = EDGE_CURVE('',#999,#790,#1064,.T.);
#1064 = SURFACE_CURVE('',#1065,(#1069,#1076),.PCURVE_S1.);
#1065 = ( BOUNDED_CURVE() B_SPLINE_CURVE(2,(#1066,#1067,#1068),
.UNSPECIFIED.,.F.,.F.) B_SPLINE_CURVE_WITH_KNOTS((3,3),(3.144119493737,
3.39640104805),.PIECEWISE_BEZIER_KNOTS.) CURVE() 
GEOMETRIC_REPRESENTATION_ITEM() RATIONAL_B_SPLINE_CURVE((1.,
0.992054795563,1.)) REPRESENTATION_ITEM('') );
#1066 = CARTESIAN_POINT('',(11.429767926368,8.348420278673,
    18.750028531283));
#1067 = CARTESIAN_POINT('',(10.371070586269,9.797875923894,
    18.750028531283));
#1068 = CARTESIAN_POINT('',(8.984081516094,10.937184066851,
    18.750028531283));
#1069 = PCURVE('',#810,#1070);
#1070 = DEFINITIONAL_REPRESENTATION('',(#1071),#1075);
#1071 = B_SPLINE_CURVE_WITH_KNOTS('',2,(#1072,#1073,#1074),
  .UNSPECIFIED.,.F.,.F.,(3,3),(3.144119493737,3.39640104805),
  .PIECEWISE_BEZIER_KNOTS.);
#1072 = CARTESIAN_POINT('',(3.144119493737,0.));
#1073 = CARTESIAN_POINT('',(3.270260270894,0.));
#1074 = CARTESIAN_POINT('',(3.39640104805,0.));
#1075 = ( GEOMETRIC_REPRESENTATION_CONTEXT(2) 
PARAMETRIC_REPRESENTATION_CONTEXT() REPRESENTATION_CONTEXT('2D SPACE',''
  ) );
#1076 = PCURVE('',#889,#1077);
#1077 = DEFINITIONAL_REPRESENTATION('',(#1078),#1082);
#1078 = ( BOUNDED_CURVE() B_SPLINE_CURVE(2,(#1079,#1080,#1081),
.UNSPECIFIED.,.F.,.F.) B_SPLINE_CURVE_WITH_KNOTS((3,3),(3.144119493737,
3.39640104805),.PIECEWISE_BEZIER_KNOTS.) CURVE() 
GEOMETRIC_REPRESENTATION_ITEM() RATIONAL_B_SPLINE_CURVE((1.,
0.992054795563,1.)) REPRESENTATION_ITEM('') );
#1079 = CARTESIAN_POINT('',(4.544236094062E-03,-2.383451903911E-03));
#1080 = CARTESIAN_POINT('',(4.548771581989E-03,-5.885309711837E-04));
#1081 = CARTESIAN_POINT('',(5.001200786526E-03,1.148440398838E-03));
#1082 = ( GEOMETRIC_REPRESENTATION_CONTEXT(2) 
PARAMETRIC_REPRESENTATION_CONTEXT() REPRESENTATION_CONTEXT('2D SPACE',''
  ) );
#1083 = ADVANCED_FACE('',(#1084),#889,.T.);
#1084 = FACE_BOUND('',#1085,.T.);
#1085 = EDGE_LOOP('',(#1086,#1087,#1088,#1089));
#1086 = ORIENTED_EDGE('',*,*,#877,.T.);
#1087 = ORIENTED_EDGE('',*,*,#953,.T.);
#1088 = ORIENTED_EDGE('',*,*,#1019,.T.);
#1089 = ORIENTED_EDGE('',*,*,#1063,.T.);
#1090 = ADVANCED_FACE('',(#1091),#838,.F.);
#1091 = FACE_BOUND('',#1092,.F.);
#1092 = EDGE_LOOP('',(#1093,#1094,#1095,#1096));
#1093 = ORIENTED_EDGE('',*,*,#824,.T.);
#1094 = ORIENTED_EDGE('',*,*,#904,.T.);
#1095 = ORIENTED_EDGE('',*,*,#978,.T.);
#1096 = ORIENTED_EDGE('',*,*,#1041,.T.);
#1097 = ( GEOMETRIC_REPRESENTATION_CONTEXT(3) 
GLOBAL_UNCERTAINTY_ASSIGNED_CONTEXT((#1101)) 
GLOBAL_UNIT_ASSIGNED_CONTEXT((#1098,#1099,#1100)) REPRESENTATION_CONTEXT
('Context #1','3D Context with UNIT and UNCERTAINTY') );
#1098 = ( LENGTH_UNIT() NAMED_UNIT(*) SI_UNIT(.MILLI.,.METRE.) );
#1099 = ( NAMED_UNIT(*) PLANE_ANGLE_UNIT() SI_UNIT($,.RADIAN.) );
#1100 = ( NAMED_UNIT(*) SI_UNIT($,.STERADIAN.) SOLID_ANGLE_UNIT() );
#1101 = UNCERTAINTY_MEASURE_WITH_UNIT(LENGTH_MEASURE(1.E-04),#1098,
  'distance_accuracy_value','confusion accuracy');
#1102 = CONTEXT_DEPENDENT_SHAPE_REPRESENTATION(#1103,#1105);
#1103 = ( REPRESENTATION_RELATIONSHIP('','',#782,#10) 
REPRESENTATION_RELATIONSHIP_WITH_TRANSFORMATION(#1104) 
SHAPE_REPRESENTATION_RELATIONSHIP() );
#1104 = ITEM_DEFINED_TRANSFORMATION('','',#11,#23);
#1105 = PRODUCT_DEFINITION_SHAPE('Placement','Placement of an item',
  #1106);
#1106 = NEXT_ASSEMBLY_USAGE_OCCURRENCE('5987','','',#5,#777,$);
#1107 = PRODUCT_RELATED_PRODUCT_CATEGORY('part',$,(#779));
#1108 = SHAPE_DEFINITION_REPRESENTATION(#1109,#1115);
#1109 = PRODUCT_DEFINITION_SHAPE('','',#1110);
#1110 = PRODUCT_DEFINITION('design','',#1111,#1114);
#1111 = PRODUCT_DEFINITION_FORMATION('','',#1112);
#1112 = PRODUCT('Open CASCADE STEP translator 7.8 154.4',
  'Open CASCADE STEP translator 7.8 154.4','',(#1113));
#1113 = PRODUCT_CONTEXT('',#2,'mechanical');
#1114 = PRODUCT_DEFINITION_CONTEXT('part definition',#2,'design');
#1115 = ADVANCED_BREP_SHAPE_REPRESENTATION('',(#11,#1116),#1430);
#1116 = MANIFOLD_SOLID_BREP('',#1117);
#1117 = CLOSED_SHELL('',(#1118,#1232,#1306,#1369,#1416,#1423));
#1118 = ADVANCED_FACE('',(#1119),#1132,.T.);
#1119 = FACE_BOUND('',#1120,.T.);
#1120 = EDGE_LOOP('',(#1121,#1156,#1181,#1209));
#1121 = ORIENTED_EDGE('',*,*,#1122,.T.);
#1122 = EDGE_CURVE('',#1123,#1125,#1127,.T.);
#1123 = VERTEX_POINT('',#1124);
#1124 = CARTESIAN_POINT('',(5.164593521544,13.178114044021,
    18.750028531283));
#1125 = VERTEX_POINT('',#1126);
#1126 = CARTESIAN_POINT('',(5.164593521544,13.178114044021,
    25.221605084184));
#1127 = SURFACE_CURVE('',#1128,(#1131,#1142),.PCURVE_S1.);
#1128 = B_SPLINE_CURVE_WITH_KNOTS('',1,(#1129,#1130),.UNSPECIFIED.,.F.,
  .F.,(2,2),(0.,6.471576552901E-03),.PIECEWISE_BEZIER_KNOTS.);
#1129 = CARTESIAN_POINT('',(5.164593521544,13.178114044021,
    18.750028531283));
#1130 = CARTESIAN_POINT('',(5.164593521544,13.178114044021,
    25.221605084184));
#1131 = PCURVE('',#1132,#1137);
#1132 = B_SPLINE_SURFACE_WITH_KNOTS('',1,1,(
    (#1133,#1134)
    ,(#1135,#1136
    )),.UNSPECIFIED.,.F.,.F.,.F.,(2,2),(2,2),(0.,8.876117240666E-03),(
    -6.471576552901E-03,0.),.PIECEWISE_BEZIER_KNOTS.);
#1133 = CARTESIAN_POINT('',(5.164593521544,13.178114044021,
    25.221605084184));
#1134 = CARTESIAN_POINT('',(5.164593521544,13.178114044021,
    18.750028531283));
#1135 = CARTESIAN_POINT('',(8.349112209913,21.463299497195,
    25.221605084184));
#1136 = CARTESIAN_POINT('',(8.349112209913,21.463299497195,
    18.750028531283));
#1137 = DEFINITIONAL_REPRESENTATION('',(#1138),#1141);
#1138 = B_SPLINE_CURVE_WITH_KNOTS('',1,(#1139,#1140),.UNSPECIFIED.,.F.,
  .F.,(2,2),(0.,6.471576552901E-03),.PIECEWISE_BEZIER_KNOTS.);
#1139 = CARTESIAN_POINT('',(0.,0.));
#1140 = CARTESIAN_POINT('',(0.,-6.471576552901E-03));
#1141 = ( GEOMETRIC_REPRESENTATION_CONTEXT(2) 
PARAMETRIC_REPRESENTATION_CONTEXT() REPRESENTATION_CONTEXT('2D SPACE',''
  ) );
#1142 = PCURVE('',#1143,#1150);
#1143 = ( BOUNDED_SURFACE() B_SPLINE_SURFACE(2,1,(
    (#1144,#1145)
    ,(#1146,#1147)
    ,(#1148,#1149
)),.UNSPECIFIED.,.F.,.F.,.F.) B_SPLINE_SURFACE_WITH_KNOTS((3,3),(2,2),(
    3.144119493737,3.39640104805),(-6.471576552901E-03,0.),
.PIECEWISE_BEZIER_KNOTS.) GEOMETRIC_REPRESENTATION_ITEM() 
RATIONAL_B_SPLINE_SURFACE((
    (1.,1.)
    ,(0.992054795563,0.992054795563)
,(1.,1.))) REPRESENTATION_ITEM('') SURFACE() );
#1144 = CARTESIAN_POINT('',(8.290551523819,11.471812037812,
    25.221605084184));
#1145 = CARTESIAN_POINT('',(8.290551523819,11.471812037812,
    18.750028531283));
#1146 = CARTESIAN_POINT('',(6.835764092768,12.52317080429,
    25.221605084184));
#1147 = CARTESIAN_POINT('',(6.835764092768,12.52317080429,
    18.750028531283));
#1148 = CARTESIAN_POINT('',(5.164593521544,13.178114044021,
    25.221605084184));
#1149 = CARTESIAN_POINT('',(5.164593521544,13.178114044021,
    18.750028531283));
#1150 = DEFINITIONAL_REPRESENTATION('',(#1151),#1155);
#1151 = B_SPLINE_CURVE_WITH_KNOTS('',2,(#1152,#1153,#1154),
  .UNSPECIFIED.,.F.,.F.,(3,3),(0.,6.471576552901E-03),
  .PIECEWISE_BEZIER_KNOTS.);
#1152 = CARTESIAN_POINT('',(3.39640104805,0.));
#1153 = CARTESIAN_POINT('',(3.39640104805,-3.23578827645E-03));
#1154 = CARTESIAN_POINT('',(3.39640104805,-6.471576552901E-03));
#1155 = ( GEOMETRIC_REPRESENTATION_CONTEXT(2) 
PARAMETRIC_REPRESENTATION_CONTEXT() REPRESENTATION_CONTEXT('2D SPACE',''
  ) );
#1156 = ORIENTED_EDGE('',*,*,#1157,.T.);
#1157 = EDGE_CURVE('',#1125,#1158,#1160,.T.);
#1158 = VERTEX_POINT('',#1159);
#1159 = CARTESIAN_POINT('',(8.349112209913,21.463299497195,
    25.221605084184));
#1160 = SURFACE_CURVE('',#1161,(#1164,#1170),.PCURVE_S1.);
#1161 = B_SPLINE_CURVE_WITH_KNOTS('',1,(#1162,#1163),.UNSPECIFIED.,.F.,
  .F.,(2,2),(0.,8.876117240666E-03),.PIECEWISE_BEZIER_KNOTS.);
#1162 = CARTESIAN_POINT('',(5.164593521544,13.178114044021,
    25.221605084184));
#1163 = CARTESIAN_POINT('',(8.349112209913,21.463299497195,
    25.221605084184));
#1164 = PCURVE('',#1132,#1165);
#1165 = DEFINITIONAL_REPRESENTATION('',(#1166),#1169);
#1166 = B_SPLINE_CURVE_WITH_KNOTS('',1,(#1167,#1168),.UNSPECIFIED.,.F.,
  .F.,(2,2),(0.,8.876117240666E-03),.PIECEWISE_BEZIER_KNOTS.);
#1167 = CARTESIAN_POINT('',(0.,-6.471576552901E-03));
#1168 = CARTESIAN_POINT('',(8.876117240666E-03,-6.471576552901E-03));
#1169 = ( GEOMETRIC_REPRESENTATION_CONTEXT(2) 
PARAMETRIC_REPRESENTATION_CONTEXT() REPRESENTATION_CONTEXT('2D SPACE',''
  ) );
#1170 = PCURVE('',#1171,#1176);
#1171 = B_SPLINE_SURFACE_WITH_KNOTS('',1,1,(
    (#1172,#1173)
    ,(#1174,#1175
    )),.UNSPECIFIED.,.F.,.F.,.F.,(2,2),(2,2),(-4.331809092001E-03,
    5.001200786526E-03),(-2.419216761298E-03,3.442020482927E-03),
  .PIECEWISE_BEZIER_KNOTS.);
#1172 = CARTESIAN_POINT('',(13.536694360296,18.631661380455,
    25.221605084184));
#1173 = CARTESIAN_POINT('',(8.794853821654,22.076810192798,
    25.221605084184));
#1174 = CARTESIAN_POINT('',(8.050888794198,11.081097780057,
    25.221605084184));
#1175 = CARTESIAN_POINT('',(3.309048255556,14.5262465924,25.221605084184
    ));
#1176 = DEFINITIONAL_REPRESENTATION('',(#1177),#1180);
#1177 = B_SPLINE_CURVE_WITH_KNOTS('',1,(#1178,#1179),.UNSPECIFIED.,.F.,
  .F.,(2,2),(0.,8.876117240666E-03),.PIECEWISE_BEZIER_KNOTS.);
#1178 = CARTESIAN_POINT('',(5.001200786526E-03,1.148440398838E-03));
#1179 = CARTESIAN_POINT('',(-3.573468167312E-03,3.442020482927E-03));
#1180 = ( GEOMETRIC_REPRESENTATION_CONTEXT(2) 
PARAMETRIC_REPRESENTATION_CONTEXT() REPRESENTATION_CONTEXT('2D SPACE',''
  ) );
#1181 = ORIENTED_EDGE('',*,*,#1182,.F.);
#1182 = EDGE_CURVE('',#1183,#1158,#1185,.T.);
#1183 = VERTEX_POINT('',#1184);
#1184 = CARTESIAN_POINT('',(8.349112209913,21.463299497195,
    18.750028531283));
#1185 = SURFACE_CURVE('',#1186,(#1189,#1195),.PCURVE_S1.);
#1186 = B_SPLINE_CURVE_WITH_KNOTS('',1,(#1187,#1188),.UNSPECIFIED.,.F.,
  .F.,(2,2),(0.,6.471576552901E-03),.PIECEWISE_BEZIER_KNOTS.);
#1187 = CARTESIAN_POINT('',(8.349112209913,21.463299497195,
    18.750028531283));
#1188 = CARTESIAN_POINT('',(8.349112209913,21.463299497195,
    25.221605084184));
#1189 = PCURVE('',#1132,#1190);
#1190 = DEFINITIONAL_REPRESENTATION('',(#1191),#1194);
#1191 = B_SPLINE_CURVE_WITH_KNOTS('',1,(#1192,#1193),.UNSPECIFIED.,.F.,
  .F.,(2,2),(0.,6.471576552901E-03),.PIECEWISE_BEZIER_KNOTS.);
#1192 = CARTESIAN_POINT('',(8.876117240666E-03,0.));
#1193 = CARTESIAN_POINT('',(8.876117240666E-03,-6.471576552901E-03));
#1194 = ( GEOMETRIC_REPRESENTATION_CONTEXT(2) 
PARAMETRIC_REPRESENTATION_CONTEXT() REPRESENTATION_CONTEXT('2D SPACE',''
  ) );
#1195 = PCURVE('',#1196,#1203);
#1196 = ( BOUNDED_SURFACE() B_SPLINE_SURFACE(2,1,(
    (#1197,#1198)
    ,(#1199,#1200)
    ,(#1201,#1202
)),.UNSPECIFIED.,.F.,.F.,.F.) B_SPLINE_SURFACE_WITH_KNOTS((3,3),(2,2),(
    6.025850072572,6.28318530718),(-6.471576552901E-03,0.),
.PIECEWISE_BEZIER_KNOTS.) GEOMETRIC_REPRESENTATION_ITEM() 
RATIONAL_B_SPLINE_SURFACE((
    (1.,1.)
    ,(0.99173373582,0.99173373582)
,(1.,1.))) REPRESENTATION_ITEM('') SURFACE() );
#1197 = CARTESIAN_POINT('',(8.349112209912,21.463299497195,
    25.221605084184));
#1198 = CARTESIAN_POINT('',(8.349112209912,21.463299497195,
    18.750028531283));
#1199 = CARTESIAN_POINT('',(11.12608534875,20.383071345736,
    25.221605084184));
#1200 = CARTESIAN_POINT('',(11.12608534875,20.383071345736,
    18.750028531283));
#1201 = CARTESIAN_POINT('',(13.536694360296,18.631661380455,
    25.221605084184));
#1202 = CARTESIAN_POINT('',(13.536694360296,18.631661380455,
    18.750028531283));
#1203 = DEFINITIONAL_REPRESENTATION('',(#1204),#1208);
#1204 = B_SPLINE_CURVE_WITH_KNOTS('',2,(#1205,#1206,#1207),
  .UNSPECIFIED.,.F.,.F.,(3,3),(0.,6.471576552901E-03),
  .PIECEWISE_BEZIER_KNOTS.);
#1205 = CARTESIAN_POINT('',(6.025850072572,0.));
#1206 = CARTESIAN_POINT('',(6.025850072572,-3.23578827645E-03));
#1207 = CARTESIAN_POINT('',(6.025850072572,-6.471576552901E-03));
#1208 = ( GEOMETRIC_REPRESENTATION_CONTEXT(2) 
PARAMETRIC_REPRESENTATION_CONTEXT() REPRESENTATION_CONTEXT('2D SPACE',''
  ) );
#1209 = ORIENTED_EDGE('',*,*,#1210,.F.);
#1210 = EDGE_CURVE('',#1123,#1183,#1211,.T.);
#1211 = SURFACE_CURVE('',#1212,(#1215,#1221),.PCURVE_S1.);
#1212 = B_SPLINE_CURVE_WITH_KNOTS('',1,(#1213,#1214),.UNSPECIFIED.,.F.,
  .F.,(2,2),(0.,8.876117240666E-03),.PIECEWISE_BEZIER_KNOTS.);
#1213 = CARTESIAN_POINT('',(5.164593521544,13.178114044021,
    18.750028531283));
#1214 = CARTESIAN_POINT('',(8.349112209913,21.463299497195,
    18.750028531283));
#1215 = PCURVE('',#1132,#1216);
#1216 = DEFINITIONAL_REPRESENTATION('',(#1217),#1220);
#1217 = B_SPLINE_CURVE_WITH_KNOTS('',1,(#1218,#1219),.UNSPECIFIED.,.F.,
  .F.,(2,2),(0.,8.876117240666E-03),.PIECEWISE_BEZIER_KNOTS.);
#1218 = CARTESIAN_POINT('',(0.,0.));
#1219 = CARTESIAN_POINT('',(8.876117240666E-03,0.));
#1220 = ( GEOMETRIC_REPRESENTATION_CONTEXT(2) 
PARAMETRIC_REPRESENTATION_CONTEXT() REPRESENTATION_CONTEXT('2D SPACE',''
  ) );
#1221 = PCURVE('',#1222,#1227);
#1222 = B_SPLINE_SURFACE_WITH_KNOTS('',1,1,(
    (#1223,#1224)
    ,(#1225,#1226
    )),.UNSPECIFIED.,.F.,.F.,.F.,(2,2),(2,2),(-4.331809092001E-03,
    5.001200786526E-03),(-2.419216761298E-03,3.442020482927E-03),
  .PIECEWISE_BEZIER_KNOTS.);
#1223 = CARTESIAN_POINT('',(13.536694360296,18.631661380455,
    18.750028531283));
#1224 = CARTESIAN_POINT('',(8.794853821654,22.076810192798,
    18.750028531283));
#1225 = CARTESIAN_POINT('',(8.050888794198,11.081097780057,
    18.750028531283));
#1226 = CARTESIAN_POINT('',(3.309048255556,14.5262465924,18.750028531283
    ));
#1227 = DEFINITIONAL_REPRESENTATION('',(#1228),#1231);
#1228 = B_SPLINE_CURVE_WITH_KNOTS('',1,(#1229,#1230),.UNSPECIFIED.,.F.,
  .F.,(2,2),(0.,8.876117240666E-03),.PIECEWISE_BEZIER_KNOTS.);
#1229 = CARTESIAN_POINT('',(5.001200786526E-03,1.148440398838E-03));
#1230 = CARTESIAN_POINT('',(-3.573468167312E-03,3.442020482927E-03));
#1231 = ( GEOMETRIC_REPRESENTATION_CONTEXT(2) 
PARAMETRIC_REPRESENTATION_CONTEXT() REPRESENTATION_CONTEXT('2D SPACE',''
  ) );
#1232 = ADVANCED_FACE('',(#1233),#1196,.T.);
#1233 = FACE_BOUND('',#1234,.T.);
#1234 = EDGE_LOOP('',(#1235,#1236,#1259,#1285));
#1235 = ORIENTED_EDGE('',*,*,#1182,.T.);
#1236 = ORIENTED_EDGE('',*,*,#1237,.T.);
#1237 = EDGE_CURVE('',#1158,#1238,#1240,.T.);
#1238 = VERTEX_POINT('',#1239);
#1239 = CARTESIAN_POINT('',(13.536694360296,18.631661380455,
    25.221605084184));
#1240 = SURFACE_CURVE('',#1241,(#1245,#1252),.PCURVE_S1.);
#1241 = ( BOUNDED_CURVE() B_SPLINE_CURVE(2,(#1242,#1243,#1244),
.UNSPECIFIED.,.F.,.F.) B_SPLINE_CURVE_WITH_KNOTS((3,3),(6.025850072572,
6.28318530718),.PIECEWISE_BEZIER_KNOTS.) CURVE() 
GEOMETRIC_REPRESENTATION_ITEM() RATIONAL_B_SPLINE_CURVE((1.,
0.99173373582,1.)) REPRESENTATION_ITEM('') );
#1242 = CARTESIAN_POINT('',(8.349112209912,21.463299497195,
    25.221605084184));
#1243 = CARTESIAN_POINT('',(11.12608534875,20.383071345736,
    25.221605084184));
#1244 = CARTESIAN_POINT('',(13.536694360296,18.631661380455,
    25.221605084184));
#1245 = PCURVE('',#1196,#1246);
#1246 = DEFINITIONAL_REPRESENTATION('',(#1247),#1251);
#1247 = B_SPLINE_CURVE_WITH_KNOTS('',2,(#1248,#1249,#1250),
  .UNSPECIFIED.,.F.,.F.,(3,3),(6.025850072572,6.28318530718),
  .PIECEWISE_BEZIER_KNOTS.);
#1248 = CARTESIAN_POINT('',(6.025850072572,-6.471576552901E-03));
#1249 = CARTESIAN_POINT('',(6.154517689876,-6.471576552901E-03));
#1250 = CARTESIAN_POINT('',(6.28318530718,-6.471576552901E-03));
#1251 = ( GEOMETRIC_REPRESENTATION_CONTEXT(2) 
PARAMETRIC_REPRESENTATION_CONTEXT() REPRESENTATION_CONTEXT('2D SPACE',''
  ) );
#1252 = PCURVE('',#1171,#1253);
#1253 = DEFINITIONAL_REPRESENTATION('',(#1254),#1258);
#1254 = ( BOUNDED_CURVE() B_SPLINE_CURVE(2,(#1255,#1256,#1257),
.UNSPECIFIED.,.F.,.F.) B_SPLINE_CURVE_WITH_KNOTS((3,3),(6.025850072572,
6.28318530718),.PIECEWISE_BEZIER_KNOTS.) CURVE() 
GEOMETRIC_REPRESENTATION_ITEM() RATIONAL_B_SPLINE_CURVE((1.,
0.99173373582,1.)) REPRESENTATION_ITEM('') );
#1255 = CARTESIAN_POINT('',(-3.573468167312E-03,3.442020482927E-03));
#1256 = CARTESIAN_POINT('',(-4.331809092001E-03,5.604598441461E-04));
#1257 = CARTESIAN_POINT('',(-4.331809092001E-03,-2.419216761298E-03));
#1258 = ( GEOMETRIC_REPRESENTATION_CONTEXT(2) 
PARAMETRIC_REPRESENTATION_CONTEXT() REPRESENTATION_CONTEXT('2D SPACE',''
  ) );
#1259 = ORIENTED_EDGE('',*,*,#1260,.F.);
#1260 = EDGE_CURVE('',#1261,#1238,#1263,.T.);
#1261 = VERTEX_POINT('',#1262);
#1262 = CARTESIAN_POINT('',(13.536694360296,18.631661380455,
    18.750028531283));
#1263 = SURFACE_CURVE('',#1264,(#1267,#1274),.PCURVE_S1.);
#1264 = B_SPLINE_CURVE_WITH_KNOTS('',1,(#1265,#1266),.UNSPECIFIED.,.F.,
  .F.,(2,2),(0.,6.471576552901E-03),.PIECEWISE_BEZIER_KNOTS.);
#1265 = CARTESIAN_POINT('',(13.536694360296,18.631661380455,
    18.750028531283));
#1266 = CARTESIAN_POINT('',(13.536694360296,18.631661380455,
    25.221605084184));
#1267 = PCURVE('',#1196,#1268);
#1268 = DEFINITIONAL_REPRESENTATION('',(#1269),#1273);
#1269 = B_SPLINE_CURVE_WITH_KNOTS('',2,(#1270,#1271,#1272),
  .UNSPECIFIED.,.F.,.F.,(3,3),(0.,6.471576552901E-03),
  .PIECEWISE_BEZIER_KNOTS.);
#1270 = CARTESIAN_POINT('',(6.28318530718,0.));
#1271 = CARTESIAN_POINT('',(6.28318530718,-3.23578827645E-03));
#1272 = CARTESIAN_POINT('',(6.28318530718,-6.471576552901E-03));
#1273 = ( GEOMETRIC_REPRESENTATION_CONTEXT(2) 
PARAMETRIC_REPRESENTATION_CONTEXT() REPRESENTATION_CONTEXT('2D SPACE',''
  ) );
#1274 = PCURVE('',#1275,#1280);
#1275 = B_SPLINE_SURFACE_WITH_KNOTS('',1,1,(
    (#1276,#1277)
    ,(#1278,#1279
    )),.UNSPECIFIED.,.F.,.F.,.F.,(2,2),(2,2),(0.,8.876117240666E-03),(
    -6.471576552901E-03,0.),.PIECEWISE_BEZIER_KNOTS.);
#1276 = CARTESIAN_POINT('',(13.536694360296,18.631661380455,
    25.221605084184));
#1277 = CARTESIAN_POINT('',(13.536694360296,18.631661380455,
    18.750028531283));
#1278 = CARTESIAN_POINT('',(8.290551523819,11.471812037812,
    25.221605084184));
#1279 = CARTESIAN_POINT('',(8.290551523819,11.471812037812,
    18.750028531283));
#1280 = DEFINITIONAL_REPRESENTATION('',(#1281),#1284);
#1281 = B_SPLINE_CURVE_WITH_KNOTS('',1,(#1282,#1283),.UNSPECIFIED.,.F.,
  .F.,(2,2),(0.,6.471576552901E-03),.PIECEWISE_BEZIER_KNOTS.);
#1282 = CARTESIAN_POINT('',(0.,0.));
#1283 = CARTESIAN_POINT('',(0.,-6.471576552901E-03));
#1284 = ( GEOMETRIC_REPRESENTATION_CONTEXT(2) 
PARAMETRIC_REPRESENTATION_CONTEXT() REPRESENTATION_CONTEXT('2D SPACE',''
  ) );
#1285 = ORIENTED_EDGE('',*,*,#1286,.F.);
#1286 = EDGE_CURVE('',#1183,#1261,#1287,.T.);
#1287 = SURFACE_CURVE('',#1288,(#1292,#1299),.PCURVE_S1.);
#1288 = ( BOUNDED_CURVE() B_SPLINE_CURVE(2,(#1289,#1290,#1291),
.UNSPECIFIED.,.F.,.F.) B_SPLINE_CURVE_WITH_KNOTS((3,3),(6.025850072572,
6.28318530718),.PIECEWISE_BEZIER_KNOTS.) CURVE() 
GEOMETRIC_REPRESENTATION_ITEM() RATIONAL_B_SPLINE_CURVE((1.,
0.99173373582,1.)) REPRESENTATION_ITEM('') );
#1289 = CARTESIAN_POINT('',(8.349112209912,21.463299497195,
    18.750028531283));
#1290 = CARTESIAN_POINT('',(11.12608534875,20.383071345736,
    18.750028531283));
#1291 = CARTESIAN_POINT('',(13.536694360296,18.631661380455,
    18.750028531283));
#1292 = PCURVE('',#1196,#1293);
#1293 = DEFINITIONAL_REPRESENTATION('',(#1294),#1298);
#1294 = B_SPLINE_CURVE_WITH_KNOTS('',2,(#1295,#1296,#1297),
  .UNSPECIFIED.,.F.,.F.,(3,3),(6.025850072572,6.28318530718),
  .PIECEWISE_BEZIER_KNOTS.);
#1295 = CARTESIAN_POINT('',(6.025850072572,0.));
#1296 = CARTESIAN_POINT('',(6.154517689876,0.));
#1297 = CARTESIAN_POINT('',(6.28318530718,0.));
#1298 = ( GEOMETRIC_REPRESENTATION_CONTEXT(2) 
PARAMETRIC_REPRESENTATION_CONTEXT() REPRESENTATION_CONTEXT('2D SPACE',''
  ) );
#1299 = PCURVE('',#1222,#1300);
#1300 = DEFINITIONAL_REPRESENTATION('',(#1301),#1305);
#1301 = ( BOUNDED_CURVE() B_SPLINE_CURVE(2,(#1302,#1303,#1304),
.UNSPECIFIED.,.F.,.F.) B_SPLINE_CURVE_WITH_KNOTS((3,3),(6.025850072572,
6.28318530718),.PIECEWISE_BEZIER_KNOTS.) CURVE() 
GEOMETRIC_REPRESENTATION_ITEM() RATIONAL_B_SPLINE_CURVE((1.,
0.99173373582,1.)) REPRESENTATION_ITEM('') );
#1302 = CARTESIAN_POINT('',(-3.573468167312E-03,3.442020482927E-03));
#1303 = CARTESIAN_POINT('',(-4.331809092001E-03,5.604598441461E-04));
#1304 = CARTESIAN_POINT('',(-4.331809092001E-03,-2.419216761298E-03));
#1305 = ( GEOMETRIC_REPRESENTATION_CONTEXT(2) 
PARAMETRIC_REPRESENTATION_CONTEXT() REPRESENTATION_CONTEXT('2D SPACE',''
  ) );
#1306 = ADVANCED_FACE('',(#1307),#1275,.T.);
#1307 = FACE_BOUND('',#1308,.T.);
#1308 = EDGE_LOOP('',(#1309,#1310,#1330,#1351));
#1309 = ORIENTED_EDGE('',*,*,#1260,.T.);
#1310 = ORIENTED_EDGE('',*,*,#1311,.T.);
#1311 = EDGE_CURVE('',#1238,#1312,#1314,.T.);
#1312 = VERTEX_POINT('',#1313);
#1313 = CARTESIAN_POINT('',(8.290551523819,11.471812037812,
    25.221605084184));
#1314 = SURFACE_CURVE('',#1315,(#1318,#1324),.PCURVE_S1.);
#1315 = B_SPLINE_CURVE_WITH_KNOTS('',1,(#1316,#1317),.UNSPECIFIED.,.F.,
  .F.,(2,2),(0.,8.876117240666E-03),.PIECEWISE_BEZIER_KNOTS.);
#1316 = CARTESIAN_POINT('',(13.536694360296,18.631661380455,
    25.221605084184));
#1317 = CARTESIAN_POINT('',(8.290551523819,11.471812037812,
    25.221605084184));
#1318 = PCURVE('',#1275,#1319);
#1319 = DEFINITIONAL_REPRESENTATION('',(#1320),#1323);
#1320 = B_SPLINE_CURVE_WITH_KNOTS('',1,(#1321,#1322),.UNSPECIFIED.,.F.,
  .F.,(2,2),(0.,8.876117240666E-03),.PIECEWISE_BEZIER_KNOTS.);
#1321 = CARTESIAN_POINT('',(0.,-6.471576552901E-03));
#1322 = CARTESIAN_POINT('',(8.876117240666E-03,-6.471576552901E-03));
#1323 = ( GEOMETRIC_REPRESENTATION_CONTEXT(2) 
PARAMETRIC_REPRESENTATION_CONTEXT() REPRESENTATION_CONTEXT('2D SPACE',''
  ) );
#1324 = PCURVE('',#1171,#1325);
#1325 = DEFINITIONAL_REPRESENTATION('',(#1326),#1329);
#1326 = B_SPLINE_CURVE_WITH_KNOTS('',1,(#1327,#1328),.UNSPECIFIED.,.F.,
  .F.,(2,2),(0.,8.876117240666E-03),.PIECEWISE_BEZIER_KNOTS.);
#1327 = CARTESIAN_POINT('',(-4.331809092001E-03,-2.419216761298E-03));
#1328 = CARTESIAN_POINT('',(4.544236094062E-03,-2.383451903911E-03));
#1329 = ( GEOMETRIC_REPRESENTATION_CONTEXT(2) 
PARAMETRIC_REPRESENTATION_CONTEXT() REPRESENTATION_CONTEXT('2D SPACE',''
  ) );
#1330 = ORIENTED_EDGE('',*,*,#1331,.F.);
#1331 = EDGE_CURVE('',#1332,#1312,#1334,.T.);
#1332 = VERTEX_POINT('',#1333);
#1333 = CARTESIAN_POINT('',(8.290551523819,11.471812037812,
    18.750028531283));
#1334 = SURFACE_CURVE('',#1335,(#1338,#1344),.PCURVE_S1.);
#1335 = B_SPLINE_CURVE_WITH_KNOTS('',1,(#1336,#1337),.UNSPECIFIED.,.F.,
  .F.,(2,2),(0.,6.471576552901E-03),.PIECEWISE_BEZIER_KNOTS.);
#1336 = CARTESIAN_POINT('',(8.290551523819,11.471812037812,
    18.750028531283));
#1337 = CARTESIAN_POINT('',(8.290551523819,11.471812037812,
    25.221605084184));
#1338 = PCURVE('',#1275,#1339);
#1339 = DEFINITIONAL_REPRESENTATION('',(#1340),#1343);
#1340 = B_SPLINE_CURVE_WITH_KNOTS('',1,(#1341,#1342),.UNSPECIFIED.,.F.,
  .F.,(2,2),(0.,6.471576552901E-03),.PIECEWISE_BEZIER_KNOTS.);
#1341 = CARTESIAN_POINT('',(8.876117240666E-03,0.));
#1342 = CARTESIAN_POINT('',(8.876117240666E-03,-6.471576552901E-03));
#1343 = ( GEOMETRIC_REPRESENTATION_CONTEXT(2) 
PARAMETRIC_REPRESENTATION_CONTEXT() REPRESENTATION_CONTEXT('2D SPACE',''
  ) );
#1344 = PCURVE('',#1143,#1345);
#1345 = DEFINITIONAL_REPRESENTATION('',(#1346),#1350);
#1346 = B_SPLINE_CURVE_WITH_KNOTS('',2,(#1347,#1348,#1349),
  .UNSPECIFIED.,.F.,.F.,(3,3),(0.,6.471576552901E-03),
  .PIECEWISE_BEZIER_KNOTS.);
#1347 = CARTESIAN_POINT('',(3.144119493737,0.));
#1348 = CARTESIAN_POINT('',(3.144119493737,-3.23578827645E-03));
#1349 = CARTESIAN_POINT('',(3.144119493737,-6.471576552901E-03));
#1350 = ( GEOMETRIC_REPRESENTATION_CONTEXT(2) 
PARAMETRIC_REPRESENTATION_CONTEXT() REPRESENTATION_CONTEXT('2D SPACE',''
  ) );
#1351 = ORIENTED_EDGE('',*,*,#1352,.F.);
#1352 = EDGE_CURVE('',#1261,#1332,#1353,.T.);
#1353 = SURFACE_CURVE('',#1354,(#1357,#1363),.PCURVE_S1.);
#1354 = B_SPLINE_CURVE_WITH_KNOTS('',1,(#1355,#1356),.UNSPECIFIED.,.F.,
  .F.,(2,2),(0.,8.876117240666E-03),.PIECEWISE_BEZIER_KNOTS.);
#1355 = CARTESIAN_POINT('',(13.536694360296,18.631661380455,
    18.750028531283));
#1356 = CARTESIAN_POINT('',(8.290551523819,11.471812037812,
    18.750028531283));
#1357 = PCURVE('',#1275,#1358);
#1358 = DEFINITIONAL_REPRESENTATION('',(#1359),#1362);
#1359 = B_SPLINE_CURVE_WITH_KNOTS('',1,(#1360,#1361),.UNSPECIFIED.,.F.,
  .F.,(2,2),(0.,8.876117240666E-03),.PIECEWISE_BEZIER_KNOTS.);
#1360 = CARTESIAN_POINT('',(0.,0.));
#1361 = CARTESIAN_POINT('',(8.876117240666E-03,0.));
#1362 = ( GEOMETRIC_REPRESENTATION_CONTEXT(2) 
PARAMETRIC_REPRESENTATION_CONTEXT() REPRESENTATION_CONTEXT('2D SPACE',''
  ) );
#1363 = PCURVE('',#1222,#1364);
#1364 = DEFINITIONAL_REPRESENTATION('',(#1365),#1368);
#1365 = B_SPLINE_CURVE_WITH_KNOTS('',1,(#1366,#1367),.UNSPECIFIED.,.F.,
  .F.,(2,2),(0.,8.876117240666E-03),.PIECEWISE_BEZIER_KNOTS.);
#1366 = CARTESIAN_POINT('',(-4.331809092001E-03,-2.419216761298E-03));
#1367 = CARTESIAN_POINT('',(4.544236094062E-03,-2.383451903911E-03));
#1368 = ( GEOMETRIC_REPRESENTATION_CONTEXT(2) 
PARAMETRIC_REPRESENTATION_CONTEXT() REPRESENTATION_CONTEXT('2D SPACE',''
  ) );
#1369 = ADVANCED_FACE('',(#1370),#1143,.T.);
#1370 = FACE_BOUND('',#1371,.T.);
#1371 = EDGE_LOOP('',(#1372,#1373,#1394,#1395));
#1372 = ORIENTED_EDGE('',*,*,#1331,.T.);
#1373 = ORIENTED_EDGE('',*,*,#1374,.T.);
#1374 = EDGE_CURVE('',#1312,#1125,#1375,.T.);
#1375 = SURFACE_CURVE('',#1376,(#1380,#1387),.PCURVE_S1.);
#1376 = ( BOUNDED_CURVE() B_SPLINE_CURVE(2,(#1377,#1378,#1379),
.UNSPECIFIED.,.F.,.F.) B_SPLINE_CURVE_WITH_KNOTS((3,3),(3.144119493737,
3.39640104805),.PIECEWISE_BEZIER_KNOTS.) CURVE() 
GEOMETRIC_REPRESENTATION_ITEM() RATIONAL_B_SPLINE_CURVE((1.,
0.992054795563,1.)) REPRESENTATION_ITEM('') );
#1377 = CARTESIAN_POINT('',(8.290551523819,11.471812037812,
    25.221605084184));
#1378 = CARTESIAN_POINT('',(6.835764092768,12.52317080429,
    25.221605084184));
#1379 = CARTESIAN_POINT('',(5.164593521544,13.178114044021,
    25.221605084184));
#1380 = PCURVE('',#1143,#1381);
#1381 = DEFINITIONAL_REPRESENTATION('',(#1382),#1386);
#1382 = B_SPLINE_CURVE_WITH_KNOTS('',2,(#1383,#1384,#1385),
  .UNSPECIFIED.,.F.,.F.,(3,3),(3.144119493737,3.39640104805),
  .PIECEWISE_BEZIER_KNOTS.);
#1383 = CARTESIAN_POINT('',(3.144119493737,-6.471576552901E-03));
#1384 = CARTESIAN_POINT('',(3.270260270894,-6.471576552901E-03));
#1385 = CARTESIAN_POINT('',(3.39640104805,-6.471576552901E-03));
#1386 = ( GEOMETRIC_REPRESENTATION_CONTEXT(2) 
PARAMETRIC_REPRESENTATION_CONTEXT() REPRESENTATION_CONTEXT('2D SPACE',''
  ) );
#1387 = PCURVE('',#1171,#1388);
#1388 = DEFINITIONAL_REPRESENTATION('',(#1389),#1393);
#1389 = ( BOUNDED_CURVE() B_SPLINE_CURVE(2,(#1390,#1391,#1392),
.UNSPECIFIED.,.F.,.F.) B_SPLINE_CURVE_WITH_KNOTS((3,3),(3.144119493737,
3.39640104805),.PIECEWISE_BEZIER_KNOTS.) CURVE() 
GEOMETRIC_REPRESENTATION_ITEM() RATIONAL_B_SPLINE_CURVE((1.,
0.992054795563,1.)) REPRESENTATION_ITEM('') );
#1390 = CARTESIAN_POINT('',(4.544236094062E-03,-2.383451903911E-03));
#1391 = CARTESIAN_POINT('',(4.548771581989E-03,-5.885309711837E-04));
#1392 = CARTESIAN_POINT('',(5.001200786526E-03,1.148440398838E-03));
#1393 = ( GEOMETRIC_REPRESENTATION_CONTEXT(2) 
PARAMETRIC_REPRESENTATION_CONTEXT() REPRESENTATION_CONTEXT('2D SPACE',''
  ) );
#1394 = ORIENTED_EDGE('',*,*,#1122,.F.);
#1395 = ORIENTED_EDGE('',*,*,#1396,.F.);
#1396 = EDGE_CURVE('',#1332,#1123,#1397,.T.);
#1397 = SURFACE_CURVE('',#1398,(#1402,#1409),.PCURVE_S1.);
#1398 = ( BOUNDED_CURVE() B_SPLINE_CURVE(2,(#1399,#1400,#1401),
.UNSPECIFIED.,.F.,.F.) B_SPLINE_CURVE_WITH_KNOTS((3,3),(3.144119493737,
3.39640104805),.PIECEWISE_BEZIER_KNOTS.) CURVE() 
GEOMETRIC_REPRESENTATION_ITEM() RATIONAL_B_SPLINE_CURVE((1.,
0.992054795563,1.)) REPRESENTATION_ITEM('') );
#1399 = CARTESIAN_POINT('',(8.290551523819,11.471812037812,
    18.750028531283));
#1400 = CARTESIAN_POINT('',(6.835764092768,12.52317080429,
    18.750028531283));
#1401 = CARTESIAN_POINT('',(5.164593521544,13.178114044021,
    18.750028531283));
#1402 = PCURVE('',#1143,#1403);
#1403 = DEFINITIONAL_REPRESENTATION('',(#1404),#1408);
#1404 = B_SPLINE_CURVE_WITH_KNOTS('',2,(#1405,#1406,#1407),
  .UNSPECIFIED.,.F.,.F.,(3,3),(3.144119493737,3.39640104805),
  .PIECEWISE_BEZIER_KNOTS.);
#1405 = CARTESIAN_POINT('',(3.144119493737,0.));
#1406 = CARTESIAN_POINT('',(3.270260270894,0.));
#1407 = CARTESIAN_POINT('',(3.39640104805,0.));
#1408 = ( GEOMETRIC_REPRESENTATION_CONTEXT(2) 
PARAMETRIC_REPRESENTATION_CONTEXT() REPRESENTATION_CONTEXT('2D SPACE',''
  ) );
#1409 = PCURVE('',#1222,#1410);
#1410 = DEFINITIONAL_REPRESENTATION('',(#1411),#1415);
#1411 = ( BOUNDED_CURVE() B_SPLINE_CURVE(2,(#1412,#1413,#1414),
.UNSPECIFIED.,.F.,.F.) B_SPLINE_CURVE_WITH_KNOTS((3,3),(3.144119493737,
3.39640104805),.PIECEWISE_BEZIER_KNOTS.) CURVE() 
GEOMETRIC_REPRESENTATION_ITEM() RATIONAL_B_SPLINE_CURVE((1.,
0.992054795563,1.)) REPRESENTATION_ITEM('') );
#1412 = CARTESIAN_POINT('',(4.544236094062E-03,-2.383451903911E-03));
#1413 = CARTESIAN_POINT('',(4.548771581989E-03,-5.885309711837E-04));
#1414 = CARTESIAN_POINT('',(5.001200786526E-03,1.148440398838E-03));
#1415 = ( GEOMETRIC_REPRESENTATION_CONTEXT(2) 
PARAMETRIC_REPRESENTATION_CONTEXT() REPRESENTATION_CONTEXT('2D SPACE',''
  ) );
#1416 = ADVANCED_FACE('',(#1417),#1222,.T.);
#1417 = FACE_BOUND('',#1418,.T.);
#1418 = EDGE_LOOP('',(#1419,#1420,#1421,#1422));
#1419 = ORIENTED_EDGE('',*,*,#1210,.T.);
#1420 = ORIENTED_EDGE('',*,*,#1286,.T.);
#1421 = ORIENTED_EDGE('',*,*,#1352,.T.);
#1422 = ORIENTED_EDGE('',*,*,#1396,.T.);
#1423 = ADVANCED_FACE('',(#1424),#1171,.F.);
#1424 = FACE_BOUND('',#1425,.F.);
#1425 = EDGE_LOOP('',(#1426,#1427,#1428,#1429));
#1426 = ORIENTED_EDGE('',*,*,#1157,.T.);
#1427 = ORIENTED_EDGE('',*,*,#1237,.T.);
#1428 = ORIENTED_EDGE('',*,*,#1311,.T.);
#1429 = ORIENTED_EDGE('',*,*,#1374,.T.);
#1430 = ( GEOMETRIC_REPRESENTATION_CONTEXT(3) 
GLOBAL_UNCERTAINTY_ASSIGNED_CONTEXT((#1434)) 
GLOBAL_UNIT_ASSIGNED_CONTEXT((#1431,#1432,#1433)) REPRESENTATION_CONTEXT
('Context #1','3D Context with UNIT and UNCERTAINTY') );
#1431 = ( LENGTH_UNIT() NAMED_UNIT(*) SI_UNIT(.MILLI.,.METRE.) );
#1432 = ( NAMED_UNIT(*) PLANE_ANGLE_UNIT() SI_UNIT($,.RADIAN.) );
#1433 = ( NAMED_UNIT(*) SI_UNIT($,.STERADIAN.) SOLID_ANGLE_UNIT() );
#1434 = UNCERTAINTY_MEASURE_WITH_UNIT(LENGTH_MEASURE(1.E-04),#1431,
  'distance_accuracy_value','confusion accuracy');
#1435 = CONTEXT_DEPENDENT_SHAPE_REPRESENTATION(#1436,#1438);
#1436 = ( REPRESENTATION_RELATIONSHIP('','',#1115,#10) 
REPRESENTATION_RELATIONSHIP_WITH_TRANSFORMATION(#1437) 
SHAPE_REPRESENTATION_RELATIONSHIP() );
#1437 = ITEM_DEFINED_TRANSFORMATION('','',#11,#27);
#1438 = PRODUCT_DEFINITION_SHAPE('Placement','Placement of an item',
  #1439);
#1439 = NEXT_ASSEMBLY_USAGE_OCCURRENCE('5988','','',#5,#1110,$);
#1440 = PRODUCT_RELATED_PRODUCT_CATEGORY('part',$,(#1112));
#1441 = SHAPE_DEFINITION_REPRESENTATION(#1442,#1448);
#1442 = PRODUCT_DEFINITION_SHAPE('','',#1443);
#1443 = PRODUCT_DEFINITION('design','',#1444,#1447);
#1444 = PRODUCT_DEFINITION_FORMATION('','',#1445);
#1445 = PRODUCT('Open CASCADE STEP translator 7.8 154.5',
  'Open CASCADE STEP translator 7.8 154.5','',(#1446));
#1446 = PRODUCT_CONTEXT('',#2,'mechanical');
#1447 = PRODUCT_DEFINITION_CONTEXT('part definition',#2,'design');
#1448 = ADVANCED_BREP_SHAPE_REPRESENTATION('',(#11,#1449),#1763);
#1449 = MANIFOLD_SOLID_BREP('',#1450);
#1450 = CLOSED_SHELL('',(#1451,#1565,#1639,#1702,#1749,#1756));
#1451 = ADVANCED_FACE('',(#1452),#1465,.T.);
#1452 = FACE_BOUND('',#1453,.T.);
#1453 = EDGE_LOOP('',(#1454,#1489,#1514,#1542));
#1454 = ORIENTED_EDGE('',*,*,#1455,.T.);
#1455 = EDGE_CURVE('',#1456,#1458,#1460,.T.);
#1456 = VERTEX_POINT('',#1457);
#1457 = CARTESIAN_POINT('',(0.839559129266,14.129078401243,
    18.750028531283));
#1458 = VERTEX_POINT('',#1459);
#1459 = CARTESIAN_POINT('',(0.839559129266,14.129078401243,
    25.221605084184));
#1460 = SURFACE_CURVE('',#1461,(#1464,#1475),.PCURVE_S1.);
#1461 = B_SPLINE_CURVE_WITH_KNOTS('',1,(#1462,#1463),.UNSPECIFIED.,.F.,
  .F.,(2,2),(0.,6.471576552901E-03),.PIECEWISE_BEZIER_KNOTS.);
#1462 = CARTESIAN_POINT('',(0.839559129266,14.129078401243,
    18.750028531283));
#1463 = CARTESIAN_POINT('',(0.839559129266,14.129078401243,
    25.221605084184));
#1464 = PCURVE('',#1465,#1470);
#1465 = B_SPLINE_SURFACE_WITH_KNOTS('',1,1,(
    (#1466,#1467)
    ,(#1468,#1469
    )),.UNSPECIFIED.,.F.,.F.,.F.,(2,2),(2,2),(0.,8.876117240666E-03),(
    -6.471576552901E-03,0.),.PIECEWISE_BEZIER_KNOTS.);
#1466 = CARTESIAN_POINT('',(0.839559129266,14.129078401243,
    25.221605084184));
#1467 = CARTESIAN_POINT('',(0.839559129266,14.129078401243,
    18.750028531283));
#1468 = CARTESIAN_POINT('',(1.307953272524,22.992828408808,
    25.221605084184));
#1469 = CARTESIAN_POINT('',(1.307953272524,22.992828408808,
    18.750028531283));
#1470 = DEFINITIONAL_REPRESENTATION('',(#1471),#1474);
#1471 = B_SPLINE_CURVE_WITH_KNOTS('',1,(#1472,#1473),.UNSPECIFIED.,.F.,
  .F.,(2,2),(0.,6.471576552901E-03),.PIECEWISE_BEZIER_KNOTS.);
#1472 = CARTESIAN_POINT('',(0.,0.));
#1473 = CARTESIAN_POINT('',(0.,-6.471576552901E-03));
#1474 = ( GEOMETRIC_REPRESENTATION_CONTEXT(2) 
PARAMETRIC_REPRESENTATION_CONTEXT() REPRESENTATION_CONTEXT('2D SPACE',''
  ) );
#1475 = PCURVE('',#1476,#1483);
#1476 = ( BOUNDED_SURFACE() B_SPLINE_SURFACE(2,1,(
    (#1477,#1478)
    ,(#1479,#1480)
    ,(#1481,#1482
)),.UNSPECIFIED.,.F.,.F.,.F.) B_SPLINE_SURFACE_WITH_KNOTS((3,3),(2,2),(
    3.144119493737,3.39640104805),(-6.471576552901E-03,0.),
.PIECEWISE_BEZIER_KNOTS.) GEOMETRIC_REPRESENTATION_ITEM() 
RATIONAL_B_SPLINE_SURFACE((
    (1.,1.)
    ,(0.992054795563,0.992054795563)
,(1.,1.))) REPRESENTATION_ITEM('') SURFACE() );
#1477 = CARTESIAN_POINT('',(4.33979817445,13.472262905876,
    25.221605084184));
#1478 = CARTESIAN_POINT('',(4.33979817445,13.472262905876,
    18.750028531283));
#1479 = CARTESIAN_POINT('',(2.631325382297,14.022610472301,
    25.221605084184));
#1480 = CARTESIAN_POINT('',(2.631325382297,14.022610472301,
    18.750028531283));
#1481 = CARTESIAN_POINT('',(0.839559129266,14.129078401243,
    25.221605084184));
#1482 = CARTESIAN_POINT('',(0.839559129266,14.129078401243,
    18.750028531283));
#1483 = DEFINITIONAL_REPRESENTATION('',(#1484),#1488);
#1484 = B_SPLINE_CURVE_WITH_KNOTS('',2,(#1485,#1486,#1487),
  .UNSPECIFIED.,.F.,.F.,(3,3),(0.,6.471576552901E-03),
  .PIECEWISE_BEZIER_KNOTS.);
#1485 = CARTESIAN_POINT('',(3.39640104805,0.));
#1486 = CARTESIAN_POINT('',(3.39640104805,-3.23578827645E-03));
#1487 = CARTESIAN_POINT('',(3.39640104805,-6.471576552901E-03));
#1488 = ( GEOMETRIC_REPRESENTATION_CONTEXT(2) 
PARAMETRIC_REPRESENTATION_CONTEXT() REPRESENTATION_CONTEXT('2D SPACE',''
  ) );
#1489 = ORIENTED_EDGE('',*,*,#1490,.T.);
#1490 = EDGE_CURVE('',#1458,#1491,#1493,.T.);
#1491 = VERTEX_POINT('',#1492);
#1492 = CARTESIAN_POINT('',(1.307953272524,22.992828408808,
    25.221605084184));
#1493 = SURFACE_CURVE('',#1494,(#1497,#1503),.PCURVE_S1.);
#1494 = B_SPLINE_CURVE_WITH_KNOTS('',1,(#1495,#1496),.UNSPECIFIED.,.F.,
  .F.,(2,2),(0.,8.876117240666E-03),.PIECEWISE_BEZIER_KNOTS.);
#1495 = CARTESIAN_POINT('',(0.839559129266,14.129078401243,
    25.221605084184));
#1496 = CARTESIAN_POINT('',(1.307953272524,22.992828408808,
    25.221605084184));
#1497 = PCURVE('',#1465,#1498);
#1498 = DEFINITIONAL_REPRESENTATION('',(#1499),#1502);
#1499 = B_SPLINE_CURVE_WITH_KNOTS('',1,(#1500,#1501),.UNSPECIFIED.,.F.,
  .F.,(2,2),(0.,8.876117240666E-03),.PIECEWISE_BEZIER_KNOTS.);
#1500 = CARTESIAN_POINT('',(0.,-6.471576552901E-03));
#1501 = CARTESIAN_POINT('',(8.876117240666E-03,-6.471576552901E-03));
#1502 = ( GEOMETRIC_REPRESENTATION_CONTEXT(2) 
PARAMETRIC_REPRESENTATION_CONTEXT() REPRESENTATION_CONTEXT('2D SPACE',''
  ) );
#1503 = PCURVE('',#1504,#1509);
#1504 = B_SPLINE_SURFACE_WITH_KNOTS('',1,1,(
    (#1505,#1506)
    ,(#1507,#1508
    )),.UNSPECIFIED.,.F.,.F.,.F.,(2,2),(2,2),(-4.331809092001E-03,
    5.001200786526E-03),(-2.419216761298E-03,3.442020482927E-03),
  .PIECEWISE_BEZIER_KNOTS.);
#1505 = CARTESIAN_POINT('',(7.116661380455,21.902831570277,
    25.221605084184));
#1506 = CARTESIAN_POINT('',(1.542293505783,23.714053486806,
    25.221605084184));
#1507 = CARTESIAN_POINT('',(4.232602719321,13.026611708657,
    25.221605084184));
#1508 = CARTESIAN_POINT('',(-1.341765155351,14.837833625186,
    25.221605084184));
#1509 = DEFINITIONAL_REPRESENTATION('',(#1510),#1513);
#1510 = B_SPLINE_CURVE_WITH_KNOTS('',1,(#1511,#1512),.UNSPECIFIED.,.F.,
  .F.,(2,2),(0.,8.876117240666E-03),.PIECEWISE_BEZIER_KNOTS.);
#1511 = CARTESIAN_POINT('',(5.001200786526E-03,1.148440398838E-03));
#1512 = CARTESIAN_POINT('',(-3.573468167312E-03,3.442020482927E-03));
#1513 = ( GEOMETRIC_REPRESENTATION_CONTEXT(2) 
PARAMETRIC_REPRESENTATION_CONTEXT() REPRESENTATION_CONTEXT('2D SPACE',''
  ) );
#1514 = ORIENTED_EDGE('',*,*,#1515,.F.);
#1515 = EDGE_CURVE('',#1516,#1491,#1518,.T.);
#1516 = VERTEX_POINT('',#1517);
#1517 = CARTESIAN_POINT('',(1.307953272524,22.992828408808,
    18.750028531283));
#1518 = SURFACE_CURVE('',#1519,(#1522,#1528),.PCURVE_S1.);
#1519 = B_SPLINE_CURVE_WITH_KNOTS('',1,(#1520,#1521),.UNSPECIFIED.,.F.,
  .F.,(2,2),(0.,6.471576552901E-03),.PIECEWISE_BEZIER_KNOTS.);
#1520 = CARTESIAN_POINT('',(1.307953272524,22.992828408808,
    18.750028531283));
#1521 = CARTESIAN_POINT('',(1.307953272524,22.992828408808,
    25.221605084184));
#1522 = PCURVE('',#1465,#1523);
#1523 = DEFINITIONAL_REPRESENTATION('',(#1524),#1527);
#1524 = B_SPLINE_CURVE_WITH_KNOTS('',1,(#1525,#1526),.UNSPECIFIED.,.F.,
  .F.,(2,2),(0.,6.471576552901E-03),.PIECEWISE_BEZIER_KNOTS.);
#1525 = CARTESIAN_POINT('',(8.876117240666E-03,0.));
#1526 = CARTESIAN_POINT('',(8.876117240666E-03,-6.471576552901E-03));
#1527 = ( GEOMETRIC_REPRESENTATION_CONTEXT(2) 
PARAMETRIC_REPRESENTATION_CONTEXT() REPRESENTATION_CONTEXT('2D SPACE',''
  ) );
#1528 = PCURVE('',#1529,#1536);
#1529 = ( BOUNDED_SURFACE() B_SPLINE_SURFACE(2,1,(
    (#1530,#1531)
    ,(#1532,#1533)
    ,(#1534,#1535
)),.UNSPECIFIED.,.F.,.F.,.F.) B_SPLINE_SURFACE_WITH_KNOTS((3,3),(2,2),(
    6.025850072572,6.28318530718),(-6.471576552901E-03,0.),
.PIECEWISE_BEZIER_KNOTS.) GEOMETRIC_REPRESENTATION_ITEM() 
RATIONAL_B_SPLINE_SURFACE((
    (1.,1.)
    ,(0.99173373582,0.99173373582)
,(1.,1.))) REPRESENTATION_ITEM('') SURFACE() );
#1530 = CARTESIAN_POINT('',(1.307953272524,22.992828408808,
    25.221605084184));
#1531 = CARTESIAN_POINT('',(1.307953272524,22.992828408808,
    18.750028531283));
#1532 = CARTESIAN_POINT('',(4.282820528395,22.823602279101,
    25.221605084184));
#1533 = CARTESIAN_POINT('',(4.282820528395,22.823602279101,
    18.750028531283));
#1534 = CARTESIAN_POINT('',(7.116661380455,21.902831570277,
    25.221605084184));
#1535 = CARTESIAN_POINT('',(7.116661380455,21.902831570277,
    18.750028531283));
#1536 = DEFINITIONAL_REPRESENTATION('',(#1537),#1541);
#1537 = B_SPLINE_CURVE_WITH_KNOTS('',2,(#1538,#1539,#1540),
  .UNSPECIFIED.,.F.,.F.,(3,3),(0.,6.471576552901E-03),
  .PIECEWISE_BEZIER_KNOTS.);
#1538 = CARTESIAN_POINT('',(6.025850072572,0.));
#1539 = CARTESIAN_POINT('',(6.025850072572,-3.23578827645E-03));
#1540 = CARTESIAN_POINT('',(6.025850072572,-6.471576552901E-03));
#1541 = ( GEOMETRIC_REPRESENTATION_CONTEXT(2) 
PARAMETRIC_REPRESENTATION_CONTEXT() REPRESENTATION_CONTEXT('2D SPACE',''
  ) );
#1542 = ORIENTED_EDGE('',*,*,#1543,.F.);
#1543 = EDGE_CURVE('',#1456,#1516,#1544,.T.);
#1544 = SURFACE_CURVE('',#1545,(#1548,#1554),.PCURVE_S1.);
#1545 = B_SPLINE_CURVE_WITH_KNOTS('',1,(#1546,#1547),.UNSPECIFIED.,.F.,
  .F.,(2,2),(0.,8.876117240666E-03),.PIECEWISE_BEZIER_KNOTS.);
#1546 = CARTESIAN_POINT('',(0.839559129266,14.129078401243,
    18.750028531283));
#1547 = CARTESIAN_POINT('',(1.307953272524,22.992828408808,
    18.750028531283));
#1548 = PCURVE('',#1465,#1549);
#1549 = DEFINITIONAL_REPRESENTATION('',(#1550),#1553);
#1550 = B_SPLINE_CURVE_WITH_KNOTS('',1,(#1551,#1552),.UNSPECIFIED.,.F.,
  .F.,(2,2),(0.,8.876117240666E-03),.PIECEWISE_BEZIER_KNOTS.);
#1551 = CARTESIAN_POINT('',(0.,0.));
#1552 = CARTESIAN_POINT('',(8.876117240666E-03,0.));
#1553 = ( GEOMETRIC_REPRESENTATION_CONTEXT(2) 
PARAMETRIC_REPRESENTATION_CONTEXT() REPRESENTATION_CONTEXT('2D SPACE',''
  ) );
#1554 = PCURVE('',#1555,#1560);
#1555 = B_SPLINE_SURFACE_WITH_KNOTS('',1,1,(
    (#1556,#1557)
    ,(#1558,#1559
    )),.UNSPECIFIED.,.F.,.F.,.F.,(2,2),(2,2),(-4.331809092001E-03,
    5.001200786526E-03),(-2.419216761298E-03,3.442020482927E-03),
  .PIECEWISE_BEZIER_KNOTS.);
#1556 = CARTESIAN_POINT('',(7.116661380455,21.902831570277,
    18.750028531283));
#1557 = CARTESIAN_POINT('',(1.542293505783,23.714053486806,
    18.750028531283));
#1558 = CARTESIAN_POINT('',(4.232602719321,13.026611708657,
    18.750028531283));
#1559 = CARTESIAN_POINT('',(-1.341765155351,14.837833625186,
    18.750028531283));
#1560 = DEFINITIONAL_REPRESENTATION('',(#1561),#1564);
#1561 = B_SPLINE_CURVE_WITH_KNOTS('',1,(#1562,#1563),.UNSPECIFIED.,.F.,
  .F.,(2,2),(0.,8.876117240666E-03),.PIECEWISE_BEZIER_KNOTS.);
#1562 = CARTESIAN_POINT('',(5.001200786526E-03,1.148440398838E-03));
#1563 = CARTESIAN_POINT('',(-3.573468167312E-03,3.442020482927E-03));
#1564 = ( GEOMETRIC_REPRESENTATION_CONTEXT(2) 
PARAMETRIC_REPRESENTATION_CONTEXT() REPRESENTATION_CONTEXT('2D SPACE',''
  ) );
#1565 = ADVANCED_FACE('',(#1566),#1529,.T.);
#1566 = FACE_BOUND('',#1567,.T.);
#1567 = EDGE_LOOP('',(#1568,#1569,#1592,#1618));
#1568 = ORIENTED_EDGE('',*,*,#1515,.T.);
#1569 = ORIENTED_EDGE('',*,*,#1570,.T.);
#1570 = EDGE_CURVE('',#1491,#1571,#1573,.T.);
#1571 = VERTEX_POINT('',#1572);
#1572 = CARTESIAN_POINT('',(7.116661380455,21.902831570277,
    25.221605084184));
#1573 = SURFACE_CURVE('',#1574,(#1578,#1585),.PCURVE_S1.);
#1574 = ( BOUNDED_CURVE() B_SPLINE_CURVE(2,(#1575,#1576,#1577),
.UNSPECIFIED.,.F.,.F.) B_SPLINE_CURVE_WITH_KNOTS((3,3),(6.025850072572,
6.28318530718),.PIECEWISE_BEZIER_KNOTS.) CURVE() 
GEOMETRIC_REPRESENTATION_ITEM() RATIONAL_B_SPLINE_CURVE((1.,
0.99173373582,1.)) REPRESENTATION_ITEM('') );
#1575 = CARTESIAN_POINT('',(1.307953272524,22.992828408808,
    25.221605084184));
#1576 = CARTESIAN_POINT('',(4.282820528395,22.823602279101,
    25.221605084184));
#1577 = CARTESIAN_POINT('',(7.116661380455,21.902831570277,
    25.221605084184));
#1578 = PCURVE('',#1529,#1579);
#1579 = DEFINITIONAL_REPRESENTATION('',(#1580),#1584);
#1580 = B_SPLINE_CURVE_WITH_KNOTS('',2,(#1581,#1582,#1583),
  .UNSPECIFIED.,.F.,.F.,(3,3),(6.025850072572,6.28318530718),
  .PIECEWISE_BEZIER_KNOTS.);
#1581 = CARTESIAN_POINT('',(6.025850072572,-6.471576552901E-03));
#1582 = CARTESIAN_POINT('',(6.154517689876,-6.471576552901E-03));
#1583 = CARTESIAN_POINT('',(6.28318530718,-6.471576552901E-03));
#1584 = ( GEOMETRIC_REPRESENTATION_CONTEXT(2) 
PARAMETRIC_REPRESENTATION_CONTEXT() REPRESENTATION_CONTEXT('2D SPACE',''
  ) );
#1585 = PCURVE('',#1504,#1586);
#1586 = DEFINITIONAL_REPRESENTATION('',(#1587),#1591);
#1587 = ( BOUNDED_CURVE() B_SPLINE_CURVE(2,(#1588,#1589,#1590),
.UNSPECIFIED.,.F.,.F.) B_SPLINE_CURVE_WITH_KNOTS((3,3),(6.025850072572,
6.28318530718),.PIECEWISE_BEZIER_KNOTS.) CURVE() 
GEOMETRIC_REPRESENTATION_ITEM() RATIONAL_B_SPLINE_CURVE((1.,
0.99173373582,1.)) REPRESENTATION_ITEM('') );
#1588 = CARTESIAN_POINT('',(-3.573468167312E-03,3.442020482927E-03));
#1589 = CARTESIAN_POINT('',(-4.331809092001E-03,5.604598441461E-04));
#1590 = CARTESIAN_POINT('',(-4.331809092001E-03,-2.419216761298E-03));
#1591 = ( GEOMETRIC_REPRESENTATION_CONTEXT(2) 
PARAMETRIC_REPRESENTATION_CONTEXT() REPRESENTATION_CONTEXT('2D SPACE',''
  ) );
#1592 = ORIENTED_EDGE('',*,*,#1593,.F.);
#1593 = EDGE_CURVE('',#1594,#1571,#1596,.T.);
#1594 = VERTEX_POINT('',#1595);
#1595 = CARTESIAN_POINT('',(7.116661380455,21.902831570277,
    18.750028531283));
#1596 = SURFACE_CURVE('',#1597,(#1600,#1607),.PCURVE_S1.);
#1597 = B_SPLINE_CURVE_WITH_KNOTS('',1,(#1598,#1599),.UNSPECIFIED.,.F.,
  .F.,(2,2),(0.,6.471576552901E-03),.PIECEWISE_BEZIER_KNOTS.);
#1598 = CARTESIAN_POINT('',(7.116661380455,21.902831570277,
    18.750028531283));
#1599 = CARTESIAN_POINT('',(7.116661380455,21.902831570277,
    25.221605084184));
#1600 = PCURVE('',#1529,#1601);
#1601 = DEFINITIONAL_REPRESENTATION('',(#1602),#1606);
#1602 = B_SPLINE_CURVE_WITH_KNOTS('',2,(#1603,#1604,#1605),
  .UNSPECIFIED.,.F.,.F.,(3,3),(0.,6.471576552901E-03),
  .PIECEWISE_BEZIER_KNOTS.);
#1603 = CARTESIAN_POINT('',(6.28318530718,0.));
#1604 = CARTESIAN_POINT('',(6.28318530718,-3.23578827645E-03));
#1605 = CARTESIAN_POINT('',(6.28318530718,-6.471576552901E-03));
#1606 = ( GEOMETRIC_REPRESENTATION_CONTEXT(2) 
PARAMETRIC_REPRESENTATION_CONTEXT() REPRESENTATION_CONTEXT('2D SPACE',''
  ) );
#1607 = PCURVE('',#1608,#1613);
#1608 = B_SPLINE_SURFACE_WITH_KNOTS('',1,1,(
    (#1609,#1610)
    ,(#1611,#1612
    )),.UNSPECIFIED.,.F.,.F.,.F.,(2,2),(2,2),(0.,8.876117240666E-03),(
    -6.471576552901E-03,0.),.PIECEWISE_BEZIER_KNOTS.);
#1609 = CARTESIAN_POINT('',(7.116661380455,21.902831570277,
    25.221605084184));
#1610 = CARTESIAN_POINT('',(7.116661380455,21.902831570277,
    18.750028531283));
#1611 = CARTESIAN_POINT('',(4.33979817445,13.472262905876,
    25.221605084184));
#1612 = CARTESIAN_POINT('',(4.33979817445,13.472262905876,
    18.750028531283));
#1613 = DEFINITIONAL_REPRESENTATION('',(#1614),#1617);
#1614 = B_SPLINE_CURVE_WITH_KNOTS('',1,(#1615,#1616),.UNSPECIFIED.,.F.,
  .F.,(2,2),(0.,6.471576552901E-03),.PIECEWISE_BEZIER_KNOTS.);
#1615 = CARTESIAN_POINT('',(0.,0.));
#1616 = CARTESIAN_POINT('',(0.,-6.471576552901E-03));
#1617 = ( GEOMETRIC_REPRESENTATION_CONTEXT(2) 
PARAMETRIC_REPRESENTATION_CONTEXT() REPRESENTATION_CONTEXT('2D SPACE',''
  ) );
#1618 = ORIENTED_EDGE('',*,*,#1619,.F.);
#1619 = EDGE_CURVE('',#1516,#1594,#1620,.T.);
#1620 = SURFACE_CURVE('',#1621,(#1625,#1632),.PCURVE_S1.);
#1621 = ( BOUNDED_CURVE() B_SPLINE_CURVE(2,(#1622,#1623,#1624),
.UNSPECIFIED.,.F.,.F.) B_SPLINE_CURVE_WITH_KNOTS((3,3),(6.025850072572,
6.28318530718),.PIECEWISE_BEZIER_KNOTS.) CURVE() 
GEOMETRIC_REPRESENTATION_ITEM() RATIONAL_B_SPLINE_CURVE((1.,
0.99173373582,1.)) REPRESENTATION_ITEM('') );
#1622 = CARTESIAN_POINT('',(1.307953272524,22.992828408808,
    18.750028531283));
#1623 = CARTESIAN_POINT('',(4.282820528395,22.823602279101,
    18.750028531283));
#1624 = CARTESIAN_POINT('',(7.116661380455,21.902831570277,
    18.750028531283));
#1625 = PCURVE('',#1529,#1626);
#1626 = DEFINITIONAL_REPRESENTATION('',(#1627),#1631);
#1627 = B_SPLINE_CURVE_WITH_KNOTS('',2,(#1628,#1629,#1630),
  .UNSPECIFIED.,.F.,.F.,(3,3),(6.025850072572,6.28318530718),
  .PIECEWISE_BEZIER_KNOTS.);
#1628 = CARTESIAN_POINT('',(6.025850072572,0.));
#1629 = CARTESIAN_POINT('',(6.154517689876,0.));
#1630 = CARTESIAN_POINT('',(6.28318530718,0.));
#1631 = ( GEOMETRIC_REPRESENTATION_CONTEXT(2) 
PARAMETRIC_REPRESENTATION_CONTEXT() REPRESENTATION_CONTEXT('2D SPACE',''
  ) );
#1632 = PCURVE('',#1555,#1633);
#1633 = DEFINITIONAL_REPRESENTATION('',(#1634),#1638);
#1634 = ( BOUNDED_CURVE() B_SPLINE_CURVE(2,(#1635,#1636,#1637),
.UNSPECIFIED.,.F.,.F.) B_SPLINE_CURVE_WITH_KNOTS((3,3),(6.025850072572,
6.28318530718),.PIECEWISE_BEZIER_KNOTS.) CURVE() 
GEOMETRIC_REPRESENTATION_ITEM() RATIONAL_B_SPLINE_CURVE((1.,
0.99173373582,1.)) REPRESENTATION_ITEM('') );
#1635 = CARTESIAN_POINT('',(-3.573468167312E-03,3.442020482927E-03));
#1636 = CARTESIAN_POINT('',(-4.331809092001E-03,5.604598441461E-04));
#1637 = CARTESIAN_POINT('',(-4.331809092001E-03,-2.419216761298E-03));
#1638 = ( GEOMETRIC_REPRESENTATION_CONTEXT(2) 
PARAMETRIC_REPRESENTATION_CONTEXT() REPRESENTATION_CONTEXT('2D SPACE',''
  ) );
#1639 = ADVANCED_FACE('',(#1640),#1608,.T.);
#1640 = FACE_BOUND('',#1641,.T.);
#1641 = EDGE_LOOP('',(#1642,#1643,#1663,#1684));
#1642 = ORIENTED_EDGE('',*,*,#1593,.T.);
#1643 = ORIENTED_EDGE('',*,*,#1644,.T.);
#1644 = EDGE_CURVE('',#1571,#1645,#1647,.T.);
#1645 = VERTEX_POINT('',#1646);
#1646 = CARTESIAN_POINT('',(4.33979817445,13.472262905876,
    25.221605084184));
#1647 = SURFACE_CURVE('',#1648,(#1651,#1657),.PCURVE_S1.);
#1648 = B_SPLINE_CURVE_WITH_KNOTS('',1,(#1649,#1650),.UNSPECIFIED.,.F.,
  .F.,(2,2),(0.,8.876117240666E-03),.PIECEWISE_BEZIER_KNOTS.);
#1649 = CARTESIAN_POINT('',(7.116661380455,21.902831570277,
    25.221605084184));
#1650 = CARTESIAN_POINT('',(4.33979817445,13.472262905876,
    25.221605084184));
#1651 = PCURVE('',#1608,#1652);
#1652 = DEFINITIONAL_REPRESENTATION('',(#1653),#1656);
#1653 = B_SPLINE_CURVE_WITH_KNOTS('',1,(#1654,#1655),.UNSPECIFIED.,.F.,
  .F.,(2,2),(0.,8.876117240666E-03),.PIECEWISE_BEZIER_KNOTS.);
#1654 = CARTESIAN_POINT('',(0.,-6.471576552901E-03));
#1655 = CARTESIAN_POINT('',(8.876117240666E-03,-6.471576552901E-03));
#1656 = ( GEOMETRIC_REPRESENTATION_CONTEXT(2) 
PARAMETRIC_REPRESENTATION_CONTEXT() REPRESENTATION_CONTEXT('2D SPACE',''
  ) );
#1657 = PCURVE('',#1504,#1658);
#1658 = DEFINITIONAL_REPRESENTATION('',(#1659),#1662);
#1659 = B_SPLINE_CURVE_WITH_KNOTS('',1,(#1660,#1661),.UNSPECIFIED.,.F.,
  .F.,(2,2),(0.,8.876117240666E-03),.PIECEWISE_BEZIER_KNOTS.);
#1660 = CARTESIAN_POINT('',(-4.331809092001E-03,-2.419216761298E-03));
#1661 = CARTESIAN_POINT('',(4.544236094062E-03,-2.383451903911E-03));
#1662 = ( GEOMETRIC_REPRESENTATION_CONTEXT(2) 
PARAMETRIC_REPRESENTATION_CONTEXT() REPRESENTATION_CONTEXT('2D SPACE',''
  ) );
#1663 = ORIENTED_EDGE('',*,*,#1664,.F.);
#1664 = EDGE_CURVE('',#1665,#1645,#1667,.T.);
#1665 = VERTEX_POINT('',#1666);
#1666 = CARTESIAN_POINT('',(4.33979817445,13.472262905876,
    18.750028531283));
#1667 = SURFACE_CURVE('',#1668,(#1671,#1677),.PCURVE_S1.);
#1668 = B_SPLINE_CURVE_WITH_KNOTS('',1,(#1669,#1670),.UNSPECIFIED.,.F.,
  .F.,(2,2),(0.,6.471576552901E-03),.PIECEWISE_BEZIER_KNOTS.);
#1669 = CARTESIAN_POINT('',(4.33979817445,13.472262905876,
    18.750028531283));
#1670 = CARTESIAN_POINT('',(4.33979817445,13.472262905876,
    25.221605084184));
#1671 = PCURVE('',#1608,#1672);
#1672 = DEFINITIONAL_REPRESENTATION('',(#1673),#1676);
#1673 = B_SPLINE_CURVE_WITH_KNOTS('',1,(#1674,#1675),.UNSPECIFIED.,.F.,
  .F.,(2,2),(0.,6.471576552901E-03),.PIECEWISE_BEZIER_KNOTS.);
#1674 = CARTESIAN_POINT('',(8.876117240666E-03,0.));
#1675 = CARTESIAN_POINT('',(8.876117240666E-03,-6.471576552901E-03));
#1676 = ( GEOMETRIC_REPRESENTATION_CONTEXT(2) 
PARAMETRIC_REPRESENTATION_CONTEXT() REPRESENTATION_CONTEXT('2D SPACE',''
  ) );
#1677 = PCURVE('',#1476,#1678);
#1678 = DEFINITIONAL_REPRESENTATION('',(#1679),#1683);
#1679 = B_SPLINE_CURVE_WITH_KNOTS('',2,(#1680,#1681,#1682),
  .UNSPECIFIED.,.F.,.F.,(3,3),(0.,6.471576552901E-03),
  .PIECEWISE_BEZIER_KNOTS.);
#1680 = CARTESIAN_POINT('',(3.144119493737,0.));
#1681 = CARTESIAN_POINT('',(3.144119493737,-3.23578827645E-03));
#1682 = CARTESIAN_POINT('',(3.144119493737,-6.471576552901E-03));
#1683 = ( GEOMETRIC_REPRESENTATION_CONTEXT(2) 
PARAMETRIC_REPRESENTATION_CONTEXT() REPRESENTATION_CONTEXT('2D SPACE',''
  ) );
#1684 = ORIENTED_EDGE('',*,*,#1685,.F.);
#1685 = EDGE_CURVE('',#1594,#1665,#1686,.T.);
#1686 = SURFACE_CURVE('',#1687,(#1690,#1696),.PCURVE_S1.);
#1687 = B_SPLINE_CURVE_WITH_KNOTS('',1,(#1688,#1689),.UNSPECIFIED.,.F.,
  .F.,(2,2),(0.,8.876117240666E-03),.PIECEWISE_BEZIER_KNOTS.);
#1688 = CARTESIAN_POINT('',(7.116661380455,21.902831570277,
    18.750028531283));
#1689 = CARTESIAN_POINT('',(4.33979817445,13.472262905876,
    18.750028531283));
#1690 = PCURVE('',#1608,#1691);
#1691 = DEFINITIONAL_REPRESENTATION('',(#1692),#1695);
#1692 = B_SPLINE_CURVE_WITH_KNOTS('',1,(#1693,#1694),.UNSPECIFIED.,.F.,
  .F.,(2,2),(0.,8.876117240666E-03),.PIECEWISE_BEZIER_KNOTS.);
#1693 = CARTESIAN_POINT('',(0.,0.));
#1694 = CARTESIAN_POINT('',(8.876117240666E-03,0.));
#1695 = ( GEOMETRIC_REPRESENTATION_CONTEXT(2) 
PARAMETRIC_REPRESENTATION_CONTEXT() REPRESENTATION_CONTEXT('2D SPACE',''
  ) );
#1696 = PCURVE('',#1555,#1697);
#1697 = DEFINITIONAL_REPRESENTATION('',(#1698),#1701);
#1698 = B_SPLINE_CURVE_WITH_KNOTS('',1,(#1699,#1700),.UNSPECIFIED.,.F.,
  .F.,(2,2),(0.,8.876117240666E-03),.PIECEWISE_BEZIER_KNOTS.);
#1699 = CARTESIAN_POINT('',(-4.331809092001E-03,-2.419216761298E-03));
#1700 = CARTESIAN_POINT('',(4.544236094062E-03,-2.383451903911E-03));
#1701 = ( GEOMETRIC_REPRESENTATION_CONTEXT(2) 
PARAMETRIC_REPRESENTATION_CONTEXT() REPRESENTATION_CONTEXT('2D SPACE',''
  ) );
#1702 = ADVANCED_FACE('',(#1703),#1476,.T.);
#1703 = FACE_BOUND('',#1704,.T.);
#1704 = EDGE_LOOP('',(#1705,#1706,#1727,#1728));
#1705 = ORIENTED_EDGE('',*,*,#1664,.T.);
#1706 = ORIENTED_EDGE('',*,*,#1707,.T.);
#1707 = EDGE_CURVE('',#1645,#1458,#1708,.T.);
#1708 = SURFACE_CURVE('',#1709,(#1713,#1720),.PCURVE_S1.);
#1709 = ( BOUNDED_CURVE() B_SPLINE_CURVE(2,(#1710,#1711,#1712),
.UNSPECIFIED.,.F.,.F.) B_SPLINE_CURVE_WITH_KNOTS((3,3),(3.144119493737,
3.39640104805),.PIECEWISE_BEZIER_KNOTS.) CURVE() 
GEOMETRIC_REPRESENTATION_ITEM() RATIONAL_B_SPLINE_CURVE((1.,
0.992054795563,1.)) REPRESENTATION_ITEM('') );
#1710 = CARTESIAN_POINT('',(4.33979817445,13.472262905876,
    25.221605084184));
#1711 = CARTESIAN_POINT('',(2.631325382297,14.022610472301,
    25.221605084184));
#1712 = CARTESIAN_POINT('',(0.839559129266,14.129078401243,
    25.221605084184));
#1713 = PCURVE('',#1476,#1714);
#1714 = DEFINITIONAL_REPRESENTATION('',(#1715),#1719);
#1715 = B_SPLINE_CURVE_WITH_KNOTS('',2,(#1716,#1717,#1718),
  .UNSPECIFIED.,.F.,.F.,(3,3),(3.144119493737,3.39640104805),
  .PIECEWISE_BEZIER_KNOTS.);
#1716 = CARTESIAN_POINT('',(3.144119493737,-6.471576552901E-03));
#1717 = CARTESIAN_POINT('',(3.270260270894,-6.471576552901E-03));
#1718 = CARTESIAN_POINT('',(3.39640104805,-6.471576552901E-03));
#1719 = ( GEOMETRIC_REPRESENTATION_CONTEXT(2) 
PARAMETRIC_REPRESENTATION_CONTEXT() REPRESENTATION_CONTEXT('2D SPACE',''
  ) );
#1720 = PCURVE('',#1504,#1721);
#1721 = DEFINITIONAL_REPRESENTATION('',(#1722),#1726);
#1722 = ( BOUNDED_CURVE() B_SPLINE_CURVE(2,(#1723,#1724,#1725),
.UNSPECIFIED.,.F.,.F.) B_SPLINE_CURVE_WITH_KNOTS((3,3),(3.144119493737,
3.39640104805),.PIECEWISE_BEZIER_KNOTS.) CURVE() 
GEOMETRIC_REPRESENTATION_ITEM() RATIONAL_B_SPLINE_CURVE((1.,
0.992054795563,1.)) REPRESENTATION_ITEM('') );
#1723 = CARTESIAN_POINT('',(4.544236094062E-03,-2.383451903911E-03));
#1724 = CARTESIAN_POINT('',(4.548771581989E-03,-5.885309711837E-04));
#1725 = CARTESIAN_POINT('',(5.001200786526E-03,1.148440398838E-03));
#1726 = ( GEOMETRIC_REPRESENTATION_CONTEXT(2) 
PARAMETRIC_REPRESENTATION_CONTEXT() REPRESENTATION_CONTEXT('2D SPACE',''
  ) );
#1727 = ORIENTED_EDGE('',*,*,#1455,.F.);
#1728 = ORIENTED_EDGE('',*,*,#1729,.F.);
#1729 = EDGE_CURVE('',#1665,#1456,#1730,.T.);
#1730 = SURFACE_CURVE('',#1731,(#1735,#1742),.PCURVE_S1.);
#1731 = ( BOUNDED_CURVE() B_SPLINE_CURVE(2,(#1732,#1733,#1734),
.UNSPECIFIED.,.F.,.F.) B_SPLINE_CURVE_WITH_KNOTS((3,3),(3.144119493737,
3.39640104805),.PIECEWISE_BEZIER_KNOTS.) CURVE() 
GEOMETRIC_REPRESENTATION_ITEM() RATIONAL_B_SPLINE_CURVE((1.,
0.992054795563,1.)) REPRESENTATION_ITEM('') );
#1732 = CARTESIAN_POINT('',(4.33979817445,13.472262905876,
    18.750028531283));
#1733 = CARTESIAN_POINT('',(2.631325382297,14.022610472301,
    18.750028531283));
#1734 = CARTESIAN_POINT('',(0.839559129266,14.129078401243,
    18.750028531283));
#1735 = PCURVE('',#1476,#1736);
#1736 = DEFINITIONAL_REPRESENTATION('',(#1737),#1741);
#1737 = B_SPLINE_CURVE_WITH_KNOTS('',2,(#1738,#1739,#1740),
  .UNSPECIFIED.,.F.,.F.,(3,3),(3.144119493737,3.39640104805),
  .PIECEWISE_BEZIER_KNOTS.);
#1738 = CARTESIAN_POINT('',(3.144119493737,0.));
#1739 = CARTESIAN_POINT('',(3.270260270894,0.));
#1740 = CARTESIAN_POINT('',(3.39640104805,0.));
#1741 = ( GEOMETRIC_REPRESENTATION_CONTEXT(2) 
PARAMETRIC_REPRESENTATION_CONTEXT() REPRESENTATION_CONTEXT('2D SPACE',''
  ) );
#1742 = PCURVE('',#1555,#1743);
#1743 = DEFINITIONAL_REPRESENTATION('',(#1744),#1748);
#1744 = ( BOUNDED_CURVE() B_SPLINE_CURVE(2,(#1745,#1746,#1747),
.UNSPECIFIED.,.F.,.F.) B_SPLINE_CURVE_WITH_KNOTS((3,3),(3.144119493737,
3.39640104805),.PIECEWISE_BEZIER_KNOTS.) CURVE() 
GEOMETRIC_REPRESENTATION_ITEM() RATIONAL_B_SPLINE_CURVE((1.,
0.992054795563,1.)) REPRESENTATION_ITEM('') );
#1745 = CARTESIAN_POINT('',(4.544236094062E-03,-2.383451903911E-03));
#1746 = CARTESIAN_POINT('',(4.548771581989E-03,-5.885309711837E-04));
#1747 = CARTESIAN_POINT('',(5.001200786526E-03,1.148440398838E-03));
#1748 = ( GEOMETRIC_REPRESENTATION_CONTEXT(2) 
PARAMETRIC_REPRESENTATION_CONTEXT() REPRESENTATION_CONTEXT('2D SPACE',''
  ) );
#1749 = ADVANCED_FACE('',(#1750),#1555,.T.);
#1750 = FACE_BOUND('',#1751,.T.);
#1751 = EDGE_LOOP('',(#1752,#1753,#1754,#1755));
#1752 = ORIENTED_EDGE('',*,*,#1543,.T.);
#1753 = ORIENTED_EDGE('',*,*,#1619,.T.);
#1754 = ORIENTED_EDGE('',*,*,#1685,.T.);
#1755 = ORIENTED_EDGE('',*,*,#1729,.T.);
#1756 = ADVANCED_FACE('',(#1757),#1504,.F.);
#1757 = FACE_BOUND('',#1758,.F.);
#1758 = EDGE_LOOP('',(#1759,#1760,#1761,#1762));
#1759 = ORIENTED_EDGE('',*,*,#1490,.T.);
#1760 = ORIENTED_EDGE('',*,*,#1570,.T.);
#1761 = ORIENTED_EDGE('',*,*,#1644,.T.);
#1762 = ORIENTED_EDGE('',*,*,#1707,.T.);
#1763 = ( GEOMETRIC_REPRESENTATION_CONTEXT(3) 
GLOBAL_UNCERTAINTY_ASSIGNED_CONTEXT((#1767)) 
GLOBAL_UNIT_ASSIGNED_CONTEXT((#1764,#1765,#1766)) REPRESENTATION_CONTEXT
('Context #1','3D Context with UNIT and UNCERTAINTY') );
#1764 = ( LENGTH_UNIT() NAMED_UNIT(*) SI_UNIT(.MILLI.,.METRE.) );
#1765 = ( NAMED_UNIT(*) PLANE_ANGLE_UNIT() SI_UNIT($,.RADIAN.) );
#1766 = ( NAMED_UNIT(*) SI_UNIT($,.STERADIAN.) SOLID_ANGLE_UNIT() );
#1767 = UNCERTAINTY_MEASURE_WITH_UNIT(LENGTH_MEASURE(1.E-04),#1764,
  'distance_accuracy_value','confusion accuracy');
#1768 = CONTEXT_DEPENDENT_SHAPE_REPRESENTATION(#1769,#1771);
#1769 = ( REPRESENTATION_RELATIONSHIP('','',#1448,#10) 
REPRESENTATION_RELATIONSHIP_WITH_TRANSFORMATION(#1770) 
SHAPE_REPRESENTATION_RELATIONSHIP() );
#1770 = ITEM_DEFINED_TRANSFORMATION('','',#11,#31);
#1771 = PRODUCT_DEFINITION_SHAPE('Placement','Placement of an item',
  #1772);
#1772 = NEXT_ASSEMBLY_USAGE_OCCURRENCE('5989','','',#5,#1443,$);
#1773 = PRODUCT_RELATED_PRODUCT_CATEGORY('part',$,(#1445));
#1774 = SHAPE_DEFINITION_REPRESENTATION(#1775,#1781);
#1775 = PRODUCT_DEFINITION_SHAPE('','',#1776);
#1776 = PRODUCT_DEFINITION('design','',#1777,#1780);
#1777 = PRODUCT_DEFINITION_FORMATION('','',#1778);
#1778 = PRODUCT('Open CASCADE STEP translator 7.8 154.6',
  'Open CASCADE STEP translator 7.8 154.6','',(#1779));
#1779 = PRODUCT_CONTEXT('',#2,'mechanical');
#1780 = PRODUCT_DEFINITION_CONTEXT('part definition',#2,'design');
#1781 = ADVANCED_BREP_SHAPE_REPRESENTATION('',(#11,#1782),#2096);
#1782 = MANIFOLD_SOLID_BREP('',#1783);
#1783 = CLOSED_SHELL('',(#1784,#1898,#1972,#2035,#2082,#2089));
#1784 = ADVANCED_FACE('',(#1785),#1798,.T.);
#1785 = FACE_BOUND('',#1786,.T.);
#1786 = EDGE_LOOP('',(#1787,#1822,#1847,#1875));
#1787 = ORIENTED_EDGE('',*,*,#1788,.T.);
#1788 = EDGE_CURVE('',#1789,#1791,#1793,.T.);
#1789 = VERTEX_POINT('',#1790);
#1790 = CARTESIAN_POINT('',(-3.567657160136,13.696990121473,
    18.750028531283));
#1791 = VERTEX_POINT('',#1792);
#1792 = CARTESIAN_POINT('',(-3.567657160136,13.696990121473,
    25.221605084184));
#1793 = SURFACE_CURVE('',#1794,(#1797,#1808),.PCURVE_S1.);
#1794 = B_SPLINE_CURVE_WITH_KNOTS('',1,(#1795,#1796),.UNSPECIFIED.,.F.,
  .F.,(2,2),(0.,6.471576552901E-03),.PIECEWISE_BEZIER_KNOTS.);
#1795 = CARTESIAN_POINT('',(-3.567657160136,13.696990121473,
    18.750028531283));
#1796 = CARTESIAN_POINT('',(-3.567657160136,13.696990121473,
    25.221605084184));
#1797 = PCURVE('',#1798,#1803);
#1798 = B_SPLINE_SURFACE_WITH_KNOTS('',1,1,(
    (#1799,#1800)
    ,(#1801,#1802
    )),.UNSPECIFIED.,.F.,.F.,.F.,(2,2),(2,2),(0.,8.876117240666E-03),(
    -6.471576552901E-03,0.),.PIECEWISE_BEZIER_KNOTS.);
#1799 = CARTESIAN_POINT('',(-3.567657160136,13.696990121473,
    25.221605084184));
#1800 = CARTESIAN_POINT('',(-3.567657160136,13.696990121473,
    18.750028531283));
#1801 = CARTESIAN_POINT('',(-5.861237244225,22.271659075312,
    25.221605084184));
#1802 = CARTESIAN_POINT('',(-5.861237244225,22.271659075312,
    18.750028531283));
#1803 = DEFINITIONAL_REPRESENTATION('',(#1804),#1807);
#1804 = B_SPLINE_CURVE_WITH_KNOTS('',1,(#1805,#1806),.UNSPECIFIED.,.F.,
  .F.,(2,2),(0.,6.471576552901E-03),.PIECEWISE_BEZIER_KNOTS.);
#1805 = CARTESIAN_POINT('',(0.,0.));
#1806 = CARTESIAN_POINT('',(0.,-6.471576552901E-03));
#1807 = ( GEOMETRIC_REPRESENTATION_CONTEXT(2) 
PARAMETRIC_REPRESENTATION_CONTEXT() REPRESENTATION_CONTEXT('2D SPACE',''
  ) );
#1808 = PCURVE('',#1809,#1816);
#1809 = ( BOUNDED_SURFACE() B_SPLINE_SURFACE(2,1,(
    (#1810,#1811)
    ,(#1812,#1813)
    ,(#1814,#1815
)),.UNSPECIFIED.,.F.,.F.,.F.) B_SPLINE_SURFACE_WITH_KNOTS((3,3),(2,2),(
    3.144119493737,3.39640104805),(-6.471576552901E-03,0.),
.PIECEWISE_BEZIER_KNOTS.) GEOMETRIC_REPRESENTATION_ITEM() 
RATIONAL_B_SPLINE_SURFACE((
    (1.,1.)
    ,(0.992054795563,0.992054795563)
,(1.,1.))) REPRESENTATION_ITEM('') SURFACE() );
#1810 = CARTESIAN_POINT('',(-3.576485738651E-02,14.153954813937,
    25.221605084184));
#1811 = CARTESIAN_POINT('',(-3.576485738651E-02,14.153954813937,
    18.750028531283));
#1812 = CARTESIAN_POINT('',(-1.830685790114,14.14941932601,
    25.221605084184));
#1813 = CARTESIAN_POINT('',(-1.830685790114,14.14941932601,
    18.750028531283));
#1814 = CARTESIAN_POINT('',(-3.567657160136,13.696990121473,
    25.221605084184));
#1815 = CARTESIAN_POINT('',(-3.567657160136,13.696990121473,
    18.750028531283));
#1816 = DEFINITIONAL_REPRESENTATION('',(#1817),#1821);
#1817 = B_SPLINE_CURVE_WITH_KNOTS('',2,(#1818,#1819,#1820),
  .UNSPECIFIED.,.F.,.F.,(3,3),(0.,6.471576552901E-03),
  .PIECEWISE_BEZIER_KNOTS.);
#1818 = CARTESIAN_POINT('',(3.39640104805,0.));
#1819 = CARTESIAN_POINT('',(3.39640104805,-3.23578827645E-03));
#1820 = CARTESIAN_POINT('',(3.39640104805,-6.471576552901E-03));
#1821 = ( GEOMETRIC_REPRESENTATION_CONTEXT(2) 
PARAMETRIC_REPRESENTATION_CONTEXT() REPRESENTATION_CONTEXT('2D SPACE',''
  ) );
#1822 = ORIENTED_EDGE('',*,*,#1823,.T.);
#1823 = EDGE_CURVE('',#1791,#1824,#1826,.T.);
#1824 = VERTEX_POINT('',#1825);
#1825 = CARTESIAN_POINT('',(-5.861237244225,22.271659075312,
    25.221605084184));
#1826 = SURFACE_CURVE('',#1827,(#1830,#1836),.PCURVE_S1.);
#1827 = B_SPLINE_CURVE_WITH_KNOTS('',1,(#1828,#1829),.UNSPECIFIED.,.F.,
  .F.,(2,2),(0.,8.876117240666E-03),.PIECEWISE_BEZIER_KNOTS.);
#1828 = CARTESIAN_POINT('',(-3.567657160136,13.696990121473,
    25.221605084184));
#1829 = CARTESIAN_POINT('',(-5.861237244225,22.271659075312,
    25.221605084184));
#1830 = PCURVE('',#1798,#1831);
#1831 = DEFINITIONAL_REPRESENTATION('',(#1832),#1835);
#1832 = B_SPLINE_CURVE_WITH_KNOTS('',1,(#1833,#1834),.UNSPECIFIED.,.F.,
  .F.,(2,2),(0.,8.876117240666E-03),.PIECEWISE_BEZIER_KNOTS.);
#1833 = CARTESIAN_POINT('',(0.,-6.471576552901E-03));
#1834 = CARTESIAN_POINT('',(8.876117240666E-03,-6.471576552901E-03));
#1835 = ( GEOMETRIC_REPRESENTATION_CONTEXT(2) 
PARAMETRIC_REPRESENTATION_CONTEXT() REPRESENTATION_CONTEXT('2D SPACE',''
  ) );
#1836 = PCURVE('',#1837,#1842);
#1837 = B_SPLINE_SURFACE_WITH_KNOTS('',1,1,(
    (#1838,#1839)
    ,(#1840,#1841
    )),.UNSPECIFIED.,.F.,.F.,.F.,(2,2),(2,2),(-5.861237244225E-03,
    3.851595023856E-18),(1.369699012147E-02,2.303E-02),
  .PIECEWISE_BEZIER_KNOTS.);
#1838 = CARTESIAN_POINT('',(-5.861237244225,13.696990121473,
    25.221605084184));
#1839 = CARTESIAN_POINT('',(-5.861237244225,23.03,25.221605084184));
#1840 = CARTESIAN_POINT('',(4.230542367655E-15,13.696990121473,
    25.221605084184));
#1841 = CARTESIAN_POINT('',(4.230542367655E-15,23.03,25.221605084184));
#1842 = DEFINITIONAL_REPRESENTATION('',(#1843),#1846);
#1843 = B_SPLINE_CURVE_WITH_KNOTS('',1,(#1844,#1845),.UNSPECIFIED.,.F.,
  .F.,(2,2),(0.,8.876117240666E-03),.PIECEWISE_BEZIER_KNOTS.);
#1844 = CARTESIAN_POINT('',(-3.567657160136E-03,1.369699012147E-02));
#1845 = CARTESIAN_POINT('',(-5.861237244225E-03,2.227165907531E-02));
#1846 = ( GEOMETRIC_REPRESENTATION_CONTEXT(2) 
PARAMETRIC_REPRESENTATION_CONTEXT() REPRESENTATION_CONTEXT('2D SPACE',''
  ) );
#1847 = ORIENTED_EDGE('',*,*,#1848,.F.);
#1848 = EDGE_CURVE('',#1849,#1824,#1851,.T.);
#1849 = VERTEX_POINT('',#1850);
#1850 = CARTESIAN_POINT('',(-5.861237244225,22.271659075312,
    18.750028531283));
#1851 = SURFACE_CURVE('',#1852,(#1855,#1861),.PCURVE_S1.);
#1852 = B_SPLINE_CURVE_WITH_KNOTS('',1,(#1853,#1854),.UNSPECIFIED.,.F.,
  .F.,(2,2),(0.,6.471576552901E-03),.PIECEWISE_BEZIER_KNOTS.);
#1853 = CARTESIAN_POINT('',(-5.861237244225,22.271659075312,
    18.750028531283));
#1854 = CARTESIAN_POINT('',(-5.861237244225,22.271659075312,
    25.221605084184));
#1855 = PCURVE('',#1798,#1856);
#1856 = DEFINITIONAL_REPRESENTATION('',(#1857),#1860);
#1857 = B_SPLINE_CURVE_WITH_KNOTS('',1,(#1858,#1859),.UNSPECIFIED.,.F.,
  .F.,(2,2),(0.,6.471576552901E-03),.PIECEWISE_BEZIER_KNOTS.);
#1858 = CARTESIAN_POINT('',(8.876117240666E-03,0.));
#1859 = CARTESIAN_POINT('',(8.876117240666E-03,-6.471576552901E-03));
#1860 = ( GEOMETRIC_REPRESENTATION_CONTEXT(2) 
PARAMETRIC_REPRESENTATION_CONTEXT() REPRESENTATION_CONTEXT('2D SPACE',''
  ) );
#1861 = PCURVE('',#1862,#1869);
#1862 = ( BOUNDED_SURFACE() B_SPLINE_SURFACE(2,1,(
    (#1863,#1864)
    ,(#1865,#1866)
    ,(#1867,#1868
)),.UNSPECIFIED.,.F.,.F.,.F.) B_SPLINE_SURFACE_WITH_KNOTS((3,3),(2,2),(
    6.025850072572,6.28318530718),(-6.471576552901E-03,0.),
.PIECEWISE_BEZIER_KNOTS.) GEOMETRIC_REPRESENTATION_ITEM() 
RATIONAL_B_SPLINE_SURFACE((
    (1.,1.)
    ,(0.99173373582,0.99173373582)
,(1.,1.))) REPRESENTATION_ITEM('') SURFACE() );
#1863 = CARTESIAN_POINT('',(-5.861237244225,22.271659075312,
    25.221605084184));
#1864 = CARTESIAN_POINT('',(-5.861237244225,22.271659075312,
    18.750028531283));
#1865 = CARTESIAN_POINT('',(-2.979676605444,23.03,25.221605084184));
#1866 = CARTESIAN_POINT('',(-2.979676605444,23.03,18.750028531283));
#1867 = CARTESIAN_POINT('',(-5.640723156873E-15,23.03,25.221605084184));
#1868 = CARTESIAN_POINT('',(-5.640723156873E-15,23.03,18.750028531283));
#1869 = DEFINITIONAL_REPRESENTATION('',(#1870),#1874);
#1870 = B_SPLINE_CURVE_WITH_KNOTS('',2,(#1871,#1872,#1873),
  .UNSPECIFIED.,.F.,.F.,(3,3),(0.,6.471576552901E-03),
  .PIECEWISE_BEZIER_KNOTS.);
#1871 = CARTESIAN_POINT('',(6.025850072572,0.));
#1872 = CARTESIAN_POINT('',(6.025850072572,-3.23578827645E-03));
#1873 = CARTESIAN_POINT('',(6.025850072572,-6.471576552901E-03));
#1874 = ( GEOMETRIC_REPRESENTATION_CONTEXT(2) 
PARAMETRIC_REPRESENTATION_CONTEXT() REPRESENTATION_CONTEXT('2D SPACE',''
  ) );
#1875 = ORIENTED_EDGE('',*,*,#1876,.F.);
#1876 = EDGE_CURVE('',#1789,#1849,#1877,.T.);
#1877 = SURFACE_CURVE('',#1878,(#1881,#1887),.PCURVE_S1.);
#1878 = B_SPLINE_CURVE_WITH_KNOTS('',1,(#1879,#1880),.UNSPECIFIED.,.F.,
  .F.,(2,2),(0.,8.876117240666E-03),.PIECEWISE_BEZIER_KNOTS.);
#1879 = CARTESIAN_POINT('',(-3.567657160136,13.696990121473,
    18.750028531283));
#1880 = CARTESIAN_POINT('',(-5.861237244225,22.271659075312,
    18.750028531283));
#1881 = PCURVE('',#1798,#1882);
#1882 = DEFINITIONAL_REPRESENTATION('',(#1883),#1886);
#1883 = B_SPLINE_CURVE_WITH_KNOTS('',1,(#1884,#1885),.UNSPECIFIED.,.F.,
  .F.,(2,2),(0.,8.876117240666E-03),.PIECEWISE_BEZIER_KNOTS.);
#1884 = CARTESIAN_POINT('',(0.,0.));
#1885 = CARTESIAN_POINT('',(8.876117240666E-03,0.));
#1886 = ( GEOMETRIC_REPRESENTATION_CONTEXT(2) 
PARAMETRIC_REPRESENTATION_CONTEXT() REPRESENTATION_CONTEXT('2D SPACE',''
  ) );
#1887 = PCURVE('',#1888,#1893);
#1888 = B_SPLINE_SURFACE_WITH_KNOTS('',1,1,(
    (#1889,#1890)
    ,(#1891,#1892
    )),.UNSPECIFIED.,.F.,.F.,.F.,(2,2),(2,2),(-4.331809092001E-03,
    5.001200786526E-03),(-2.419216761298E-03,3.442020482927E-03),
  .PIECEWISE_BEZIER_KNOTS.);
#1889 = CARTESIAN_POINT('',(3.469446951954E-15,23.03,18.750028531283));
#1890 = CARTESIAN_POINT('',(-5.861237244225,23.03,18.750028531283));
#1891 = CARTESIAN_POINT('',(3.469446951954E-15,13.696990121473,
    18.750028531283));
#1892 = CARTESIAN_POINT('',(-5.861237244225,13.696990121473,
    18.750028531283));
#1893 = DEFINITIONAL_REPRESENTATION('',(#1894),#1897);
#1894 = B_SPLINE_CURVE_WITH_KNOTS('',1,(#1895,#1896),.UNSPECIFIED.,.F.,
  .F.,(2,2),(0.,8.876117240666E-03),.PIECEWISE_BEZIER_KNOTS.);
#1895 = CARTESIAN_POINT('',(5.001200786526E-03,1.148440398838E-03));
#1896 = CARTESIAN_POINT('',(-3.573468167312E-03,3.442020482927E-03));
#1897 = ( GEOMETRIC_REPRESENTATION_CONTEXT(2) 
PARAMETRIC_REPRESENTATION_CONTEXT() REPRESENTATION_CONTEXT('2D SPACE',''
  ) );
#1898 = ADVANCED_FACE('',(#1899),#1862,.T.);
#1899 = FACE_BOUND('',#1900,.T.);
#1900 = EDGE_LOOP('',(#1901,#1902,#1925,#1951));
#1901 = ORIENTED_EDGE('',*,*,#1848,.T.);
#1902 = ORIENTED_EDGE('',*,*,#1903,.F.);
#1903 = EDGE_CURVE('',#1904,#1824,#1906,.T.);
#1904 = VERTEX_POINT('',#1905);
#1905 = CARTESIAN_POINT('',(1.156482317318E-15,23.03,25.221605084184));
#1906 = SURFACE_CURVE('',#1907,(#1911,#1918),.PCURVE_S1.);
#1907 = ( BOUNDED_CURVE() B_SPLINE_CURVE(2,(#1908,#1909,#1910),
.UNSPECIFIED.,.F.,.F.) B_SPLINE_CURVE_WITH_KNOTS((3,3),(4.712388980385,
4.969724214993),.PIECEWISE_BEZIER_KNOTS.) CURVE() 
GEOMETRIC_REPRESENTATION_ITEM() RATIONAL_B_SPLINE_CURVE((1.,
0.99173373582,1.)) REPRESENTATION_ITEM('') );
#1908 = CARTESIAN_POINT('',(4.230542367655E-15,23.03,25.221605084184));
#1909 = CARTESIAN_POINT('',(-2.979676605444,23.03,25.221605084184));
#1910 = CARTESIAN_POINT('',(-5.861237244225,22.271659075312,
    25.221605084184));
#1911 = PCURVE('',#1862,#1912);
#1912 = DEFINITIONAL_REPRESENTATION('',(#1913),#1917);
#1913 = B_SPLINE_CURVE_WITH_KNOTS('',2,(#1914,#1915,#1916),
  .UNSPECIFIED.,.F.,.F.,(3,3),(4.712388980385,4.969724214993),
  .PIECEWISE_BEZIER_KNOTS.);
#1914 = CARTESIAN_POINT('',(6.28318530718,-6.471576552901E-03));
#1915 = CARTESIAN_POINT('',(6.154517689876,-6.471576552901E-03));
#1916 = CARTESIAN_POINT('',(6.025850072572,-6.471576552901E-03));
#1917 = ( GEOMETRIC_REPRESENTATION_CONTEXT(2) 
PARAMETRIC_REPRESENTATION_CONTEXT() REPRESENTATION_CONTEXT('2D SPACE',''
  ) );
#1918 = PCURVE('',#1837,#1919);
#1919 = DEFINITIONAL_REPRESENTATION('',(#1920),#1924);
#1920 = ( BOUNDED_CURVE() B_SPLINE_CURVE(2,(#1921,#1922,#1923),
.UNSPECIFIED.,.F.,.F.) B_SPLINE_CURVE_WITH_KNOTS((3,3),(4.712388980385,
4.969724214993),.PIECEWISE_BEZIER_KNOTS.) CURVE() 
GEOMETRIC_REPRESENTATION_ITEM() RATIONAL_B_SPLINE_CURVE((1.,
0.99173373582,1.)) REPRESENTATION_ITEM('') );
#1921 = CARTESIAN_POINT('',(3.851595023856E-18,2.303E-02));
#1922 = CARTESIAN_POINT('',(-2.979676605444E-03,2.303E-02));
#1923 = CARTESIAN_POINT('',(-5.861237244225E-03,2.227165907531E-02));
#1924 = ( GEOMETRIC_REPRESENTATION_CONTEXT(2) 
PARAMETRIC_REPRESENTATION_CONTEXT() REPRESENTATION_CONTEXT('2D SPACE',''
  ) );
#1925 = ORIENTED_EDGE('',*,*,#1926,.F.);
#1926 = EDGE_CURVE('',#1927,#1904,#1929,.T.);
#1927 = VERTEX_POINT('',#1928);
#1928 = CARTESIAN_POINT('',(3.469446951954E-15,23.03,18.750028531283));
#1929 = SURFACE_CURVE('',#1930,(#1933,#1940),.PCURVE_S1.);
#1930 = B_SPLINE_CURVE_WITH_KNOTS('',1,(#1931,#1932),.UNSPECIFIED.,.F.,
  .F.,(2,2),(0.,6.471576552901E-03),.PIECEWISE_BEZIER_KNOTS.);
#1931 = CARTESIAN_POINT('',(3.469446951954E-15,23.03,18.750028531283));
#1932 = CARTESIAN_POINT('',(3.469446951954E-15,23.03,25.221605084184));
#1933 = PCURVE('',#1862,#1934);
#1934 = DEFINITIONAL_REPRESENTATION('',(#1935),#1939);
#1935 = B_SPLINE_CURVE_WITH_KNOTS('',2,(#1936,#1937,#1938),
  .UNSPECIFIED.,.F.,.F.,(3,3),(0.,6.471576552901E-03),
  .PIECEWISE_BEZIER_KNOTS.);
#1936 = CARTESIAN_POINT('',(6.28318530718,0.));
#1937 = CARTESIAN_POINT('',(6.28318530718,-3.23578827645E-03));
#1938 = CARTESIAN_POINT('',(6.28318530718,-6.471576552901E-03));
#1939 = ( GEOMETRIC_REPRESENTATION_CONTEXT(2) 
PARAMETRIC_REPRESENTATION_CONTEXT() REPRESENTATION_CONTEXT('2D SPACE',''
  ) );
#1940 = PCURVE('',#1941,#1946);
#1941 = B_SPLINE_SURFACE_WITH_KNOTS('',1,1,(
    (#1942,#1943)
    ,(#1944,#1945
    )),.UNSPECIFIED.,.F.,.F.,.F.,(2,2),(2,2),(0.,8.876117240666E-03),(
    -6.471576552901E-03,0.),.PIECEWISE_BEZIER_KNOTS.);
#1942 = CARTESIAN_POINT('',(3.469446951954E-15,23.03,25.221605084184));
#1943 = CARTESIAN_POINT('',(3.469446951954E-15,23.03,18.750028531283));
#1944 = CARTESIAN_POINT('',(-3.576485738651E-02,14.153954813937,
    25.221605084184));
#1945 = CARTESIAN_POINT('',(-3.576485738651E-02,14.153954813937,
    18.750028531283));
#1946 = DEFINITIONAL_REPRESENTATION('',(#1947),#1950);
#1947 = B_SPLINE_CURVE_WITH_KNOTS('',1,(#1948,#1949),.UNSPECIFIED.,.F.,
  .F.,(2,2),(0.,6.471576552901E-03),.PIECEWISE_BEZIER_KNOTS.);
#1948 = CARTESIAN_POINT('',(0.,0.));
#1949 = CARTESIAN_POINT('',(0.,-6.471576552901E-03));
#1950 = ( GEOMETRIC_REPRESENTATION_CONTEXT(2) 
PARAMETRIC_REPRESENTATION_CONTEXT() REPRESENTATION_CONTEXT('2D SPACE',''
  ) );
#1951 = ORIENTED_EDGE('',*,*,#1952,.F.);
#1952 = EDGE_CURVE('',#1849,#1927,#1953,.T.);
#1953 = SURFACE_CURVE('',#1954,(#1958,#1965),.PCURVE_S1.);
#1954 = ( BOUNDED_CURVE() B_SPLINE_CURVE(2,(#1955,#1956,#1957),
.UNSPECIFIED.,.F.,.F.) B_SPLINE_CURVE_WITH_KNOTS((3,3),(6.025850072572,
6.28318530718),.PIECEWISE_BEZIER_KNOTS.) CURVE() 
GEOMETRIC_REPRESENTATION_ITEM() RATIONAL_B_SPLINE_CURVE((1.,
0.99173373582,1.)) REPRESENTATION_ITEM('') );
#1955 = CARTESIAN_POINT('',(-5.861237244225,22.271659075312,
    18.750028531283));
#1956 = CARTESIAN_POINT('',(-2.979676605444,23.03,18.750028531283));
#1957 = CARTESIAN_POINT('',(-5.640723156873E-15,23.03,18.750028531283));
#1958 = PCURVE('',#1862,#1959);
#1959 = DEFINITIONAL_REPRESENTATION('',(#1960),#1964);
#1960 = B_SPLINE_CURVE_WITH_KNOTS('',2,(#1961,#1962,#1963),
  .UNSPECIFIED.,.F.,.F.,(3,3),(6.025850072572,6.28318530718),
  .PIECEWISE_BEZIER_KNOTS.);
#1961 = CARTESIAN_POINT('',(6.025850072572,0.));
#1962 = CARTESIAN_POINT('',(6.154517689876,0.));
#1963 = CARTESIAN_POINT('',(6.28318530718,0.));
#1964 = ( GEOMETRIC_REPRESENTATION_CONTEXT(2) 
PARAMETRIC_REPRESENTATION_CONTEXT() REPRESENTATION_CONTEXT('2D SPACE',''
  ) );
#1965 = PCURVE('',#1888,#1966);
#1966 = DEFINITIONAL_REPRESENTATION('',(#1967),#1971);
#1967 = ( BOUNDED_CURVE() B_SPLINE_CURVE(2,(#1968,#1969,#1970),
.UNSPECIFIED.,.F.,.F.) B_SPLINE_CURVE_WITH_KNOTS((3,3),(6.025850072572,
6.28318530718),.PIECEWISE_BEZIER_KNOTS.) CURVE() 
GEOMETRIC_REPRESENTATION_ITEM() RATIONAL_B_SPLINE_CURVE((1.,
0.99173373582,1.)) REPRESENTATION_ITEM('') );
#1968 = CARTESIAN_POINT('',(-3.573468167312E-03,3.442020482927E-03));
#1969 = CARTESIAN_POINT('',(-4.331809092001E-03,5.604598441461E-04));
#1970 = CARTESIAN_POINT('',(-4.331809092001E-03,-2.419216761298E-03));
#1971 = ( GEOMETRIC_REPRESENTATION_CONTEXT(2) 
PARAMETRIC_REPRESENTATION_CONTEXT() REPRESENTATION_CONTEXT('2D SPACE',''
  ) );
#1972 = ADVANCED_FACE('',(#1973),#1941,.T.);
#1973 = FACE_BOUND('',#1974,.T.);
#1974 = EDGE_LOOP('',(#1975,#1976,#1996,#2017));
#1975 = ORIENTED_EDGE('',*,*,#1926,.T.);
#1976 = ORIENTED_EDGE('',*,*,#1977,.T.);
#1977 = EDGE_CURVE('',#1904,#1978,#1980,.T.);
#1978 = VERTEX_POINT('',#1979);
#1979 = CARTESIAN_POINT('',(-3.576485738651E-02,14.153954813937,
    25.221605084184));
#1980 = SURFACE_CURVE('',#1981,(#1984,#1990),.PCURVE_S1.);
#1981 = B_SPLINE_CURVE_WITH_KNOTS('',1,(#1982,#1983),.UNSPECIFIED.,.F.,
  .F.,(2,2),(0.,8.876117240666E-03),.PIECEWISE_BEZIER_KNOTS.);
#1982 = CARTESIAN_POINT('',(3.469446951954E-15,23.03,25.221605084184));
#1983 = CARTESIAN_POINT('',(-3.576485738651E-02,14.153954813937,
    25.221605084184));
#1984 = PCURVE('',#1941,#1985);
#1985 = DEFINITIONAL_REPRESENTATION('',(#1986),#1989);
#1986 = B_SPLINE_CURVE_WITH_KNOTS('',1,(#1987,#1988),.UNSPECIFIED.,.F.,
  .F.,(2,2),(0.,8.876117240666E-03),.PIECEWISE_BEZIER_KNOTS.);
#1987 = CARTESIAN_POINT('',(0.,-6.471576552901E-03));
#1988 = CARTESIAN_POINT('',(8.876117240666E-03,-6.471576552901E-03));
#1989 = ( GEOMETRIC_REPRESENTATION_CONTEXT(2) 
PARAMETRIC_REPRESENTATION_CONTEXT() REPRESENTATION_CONTEXT('2D SPACE',''
  ) );
#1990 = PCURVE('',#1837,#1991);
#1991 = DEFINITIONAL_REPRESENTATION('',(#1992),#1995);
#1992 = B_SPLINE_CURVE_WITH_KNOTS('',1,(#1993,#1994),.UNSPECIFIED.,.F.,
  .F.,(2,2),(0.,8.876117240666E-03),.PIECEWISE_BEZIER_KNOTS.);
#1993 = CARTESIAN_POINT('',(3.090499608155E-18,2.303E-02));
#1994 = CARTESIAN_POINT('',(-3.576485738651E-05,1.415395481394E-02));
#1995 = ( GEOMETRIC_REPRESENTATION_CONTEXT(2) 
PARAMETRIC_REPRESENTATION_CONTEXT() REPRESENTATION_CONTEXT('2D SPACE',''
  ) );
#1996 = ORIENTED_EDGE('',*,*,#1997,.F.);
#1997 = EDGE_CURVE('',#1998,#1978,#2000,.T.);
#1998 = VERTEX_POINT('',#1999);
#1999 = CARTESIAN_POINT('',(-3.576485738651E-02,14.153954813937,
    18.750028531283));
#2000 = SURFACE_CURVE('',#2001,(#2004,#2010),.PCURVE_S1.);
#2001 = B_SPLINE_CURVE_WITH_KNOTS('',1,(#2002,#2003),.UNSPECIFIED.,.F.,
  .F.,(2,2),(0.,6.471576552901E-03),.PIECEWISE_BEZIER_KNOTS.);
#2002 = CARTESIAN_POINT('',(-3.576485738651E-02,14.153954813937,
    18.750028531283));
#2003 = CARTESIAN_POINT('',(-3.576485738651E-02,14.153954813937,
    25.221605084184));
#2004 = PCURVE('',#1941,#2005);
#2005 = DEFINITIONAL_REPRESENTATION('',(#2006),#2009);
#2006 = B_SPLINE_CURVE_WITH_KNOTS('',1,(#2007,#2008),.UNSPECIFIED.,.F.,
  .F.,(2,2),(0.,6.471576552901E-03),.PIECEWISE_BEZIER_KNOTS.);
#2007 = CARTESIAN_POINT('',(8.876117240666E-03,0.));
#2008 = CARTESIAN_POINT('',(8.876117240666E-03,-6.471576552901E-03));
#2009 = ( GEOMETRIC_REPRESENTATION_CONTEXT(2) 
PARAMETRIC_REPRESENTATION_CONTEXT() REPRESENTATION_CONTEXT('2D SPACE',''
  ) );
#2010 = PCURVE('',#1809,#2011);
#2011 = DEFINITIONAL_REPRESENTATION('',(#2012),#2016);
#2012 = B_SPLINE_CURVE_WITH_KNOTS('',2,(#2013,#2014,#2015),
  .UNSPECIFIED.,.F.,.F.,(3,3),(0.,6.471576552901E-03),
  .PIECEWISE_BEZIER_KNOTS.);
#2013 = CARTESIAN_POINT('',(3.144119493737,0.));
#2014 = CARTESIAN_POINT('',(3.144119493737,-3.23578827645E-03));
#2015 = CARTESIAN_POINT('',(3.144119493737,-6.471576552901E-03));
#2016 = ( GEOMETRIC_REPRESENTATION_CONTEXT(2) 
PARAMETRIC_REPRESENTATION_CONTEXT() REPRESENTATION_CONTEXT('2D SPACE',''
  ) );
#2017 = ORIENTED_EDGE('',*,*,#2018,.F.);
#2018 = EDGE_CURVE('',#1927,#1998,#2019,.T.);
#2019 = SURFACE_CURVE('',#2020,(#2023,#2029),.PCURVE_S1.);
#2020 = B_SPLINE_CURVE_WITH_KNOTS('',1,(#2021,#2022),.UNSPECIFIED.,.F.,
  .F.,(2,2),(0.,8.876117240666E-03),.PIECEWISE_BEZIER_KNOTS.);
#2021 = CARTESIAN_POINT('',(3.469446951954E-15,23.03,18.750028531283));
#2022 = CARTESIAN_POINT('',(-3.576485738651E-02,14.153954813937,
    18.750028531283));
#2023 = PCURVE('',#1941,#2024);
#2024 = DEFINITIONAL_REPRESENTATION('',(#2025),#2028);
#2025 = B_SPLINE_CURVE_WITH_KNOTS('',1,(#2026,#2027),.UNSPECIFIED.,.F.,
  .F.,(2,2),(0.,8.876117240666E-03),.PIECEWISE_BEZIER_KNOTS.);
#2026 = CARTESIAN_POINT('',(0.,0.));
#2027 = CARTESIAN_POINT('',(8.876117240666E-03,0.));
#2028 = ( GEOMETRIC_REPRESENTATION_CONTEXT(2) 
PARAMETRIC_REPRESENTATION_CONTEXT() REPRESENTATION_CONTEXT('2D SPACE',''
  ) );
#2029 = PCURVE('',#1888,#2030);
#2030 = DEFINITIONAL_REPRESENTATION('',(#2031),#2034);
#2031 = B_SPLINE_CURVE_WITH_KNOTS('',1,(#2032,#2033),.UNSPECIFIED.,.F.,
  .F.,(2,2),(0.,8.876117240666E-03),.PIECEWISE_BEZIER_KNOTS.);
#2032 = CARTESIAN_POINT('',(-4.331809092001E-03,-2.419216761298E-03));
#2033 = CARTESIAN_POINT('',(4.544236094062E-03,-2.383451903911E-03));
#2034 = ( GEOMETRIC_REPRESENTATION_CONTEXT(2) 
PARAMETRIC_REPRESENTATION_CONTEXT() REPRESENTATION_CONTEXT('2D SPACE',''
  ) );
#2035 = ADVANCED_FACE('',(#2036),#1809,.T.);
#2036 = FACE_BOUND('',#2037,.T.);
#2037 = EDGE_LOOP('',(#2038,#2039,#2060,#2061));
#2038 = ORIENTED_EDGE('',*,*,#1997,.T.);
#2039 = ORIENTED_EDGE('',*,*,#2040,.T.);
#2040 = EDGE_CURVE('',#1978,#1791,#2041,.T.);
#2041 = SURFACE_CURVE('',#2042,(#2046,#2053),.PCURVE_S1.);
#2042 = ( BOUNDED_CURVE() B_SPLINE_CURVE(2,(#2043,#2044,#2045),
.UNSPECIFIED.,.F.,.F.) B_SPLINE_CURVE_WITH_KNOTS((3,3),(3.144119493737,
3.39640104805),.PIECEWISE_BEZIER_KNOTS.) CURVE() 
GEOMETRIC_REPRESENTATION_ITEM() RATIONAL_B_SPLINE_CURVE((1.,
0.992054795563,1.)) REPRESENTATION_ITEM('') );
#2043 = CARTESIAN_POINT('',(-3.576485738651E-02,14.153954813937,
    25.221605084184));
#2044 = CARTESIAN_POINT('',(-1.830685790114,14.14941932601,
    25.221605084184));
#2045 = CARTESIAN_POINT('',(-3.567657160136,13.696990121473,
    25.221605084184));
#2046 = PCURVE('',#1809,#2047);
#2047 = DEFINITIONAL_REPRESENTATION('',(#2048),#2052);
#2048 = B_SPLINE_CURVE_WITH_KNOTS('',2,(#2049,#2050,#2051),
  .UNSPECIFIED.,.F.,.F.,(3,3),(3.144119493737,3.39640104805),
  .PIECEWISE_BEZIER_KNOTS.);
#2049 = CARTESIAN_POINT('',(3.144119493737,-6.471576552901E-03));
#2050 = CARTESIAN_POINT('',(3.270260270894,-6.471576552901E-03));
#2051 = CARTESIAN_POINT('',(3.39640104805,-6.471576552901E-03));
#2052 = ( GEOMETRIC_REPRESENTATION_CONTEXT(2) 
PARAMETRIC_REPRESENTATION_CONTEXT() REPRESENTATION_CONTEXT('2D SPACE',''
  ) );
#2053 = PCURVE('',#1837,#2054);
#2054 = DEFINITIONAL_REPRESENTATION('',(#2055),#2059);
#2055 = ( BOUNDED_CURVE() B_SPLINE_CURVE(2,(#2056,#2057,#2058),
.UNSPECIFIED.,.F.,.F.) B_SPLINE_CURVE_WITH_KNOTS((3,3),(3.144119493737,
3.39640104805),.PIECEWISE_BEZIER_KNOTS.) CURVE() 
GEOMETRIC_REPRESENTATION_ITEM() RATIONAL_B_SPLINE_CURVE((1.,
0.992054795563,1.)) REPRESENTATION_ITEM('') );
#2056 = CARTESIAN_POINT('',(-3.576485738651E-05,1.415395481394E-02));
#2057 = CARTESIAN_POINT('',(-1.830685790114E-03,1.414941932601E-02));
#2058 = CARTESIAN_POINT('',(-3.567657160136E-03,1.369699012147E-02));
#2059 = ( GEOMETRIC_REPRESENTATION_CONTEXT(2) 
PARAMETRIC_REPRESENTATION_CONTEXT() REPRESENTATION_CONTEXT('2D SPACE',''
  ) );
#2060 = ORIENTED_EDGE('',*,*,#1788,.F.);
#2061 = ORIENTED_EDGE('',*,*,#2062,.F.);
#2062 = EDGE_CURVE('',#1998,#1789,#2063,.T.);
#2063 = SURFACE_CURVE('',#2064,(#2068,#2075),.PCURVE_S1.);
#2064 = ( BOUNDED_CURVE() B_SPLINE_CURVE(2,(#2065,#2066,#2067),
.UNSPECIFIED.,.F.,.F.) B_SPLINE_CURVE_WITH_KNOTS((3,3),(3.144119493737,
3.39640104805),.PIECEWISE_BEZIER_KNOTS.) CURVE() 
GEOMETRIC_REPRESENTATION_ITEM() RATIONAL_B_SPLINE_CURVE((1.,
0.992054795563,1.)) REPRESENTATION_ITEM('') );
#2065 = CARTESIAN_POINT('',(-3.576485738651E-02,14.153954813937,
    18.750028531283));
#2066 = CARTESIAN_POINT('',(-1.830685790114,14.14941932601,
    18.750028531283));
#2067 = CARTESIAN_POINT('',(-3.567657160136,13.696990121473,
    18.750028531283));
#2068 = PCURVE('',#1809,#2069);
#2069 = DEFINITIONAL_REPRESENTATION('',(#2070),#2074);
#2070 = B_SPLINE_CURVE_WITH_KNOTS('',2,(#2071,#2072,#2073),
  .UNSPECIFIED.,.F.,.F.,(3,3),(3.144119493737,3.39640104805),
  .PIECEWISE_BEZIER_KNOTS.);
#2071 = CARTESIAN_POINT('',(3.144119493737,0.));
#2072 = CARTESIAN_POINT('',(3.270260270894,0.));
#2073 = CARTESIAN_POINT('',(3.39640104805,0.));
#2074 = ( GEOMETRIC_REPRESENTATION_CONTEXT(2) 
PARAMETRIC_REPRESENTATION_CONTEXT() REPRESENTATION_CONTEXT('2D SPACE',''
  ) );
#2075 = PCURVE('',#1888,#2076);
#2076 = DEFINITIONAL_REPRESENTATION('',(#2077),#2081);
#2077 = ( BOUNDED_CURVE() B_SPLINE_CURVE(2,(#2078,#2079,#2080),
.UNSPECIFIED.,.F.,.F.) B_SPLINE_CURVE_WITH_KNOTS((3,3),(3.144119493737,
3.39640104805),.PIECEWISE_BEZIER_KNOTS.) CURVE() 
GEOMETRIC_REPRESENTATION_ITEM() RATIONAL_B_SPLINE_CURVE((1.,
0.992054795563,1.)) REPRESENTATION_ITEM('') );
#2078 = CARTESIAN_POINT('',(4.544236094062E-03,-2.383451903911E-03));
#2079 = CARTESIAN_POINT('',(4.548771581989E-03,-5.885309711837E-04));
#2080 = CARTESIAN_POINT('',(5.001200786526E-03,1.148440398838E-03));
#2081 = ( GEOMETRIC_REPRESENTATION_CONTEXT(2) 
PARAMETRIC_REPRESENTATION_CONTEXT() REPRESENTATION_CONTEXT('2D SPACE',''
  ) );
#2082 = ADVANCED_FACE('',(#2083),#1888,.T.);
#2083 = FACE_BOUND('',#2084,.T.);
#2084 = EDGE_LOOP('',(#2085,#2086,#2087,#2088));
#2085 = ORIENTED_EDGE('',*,*,#1876,.T.);
#2086 = ORIENTED_EDGE('',*,*,#1952,.T.);
#2087 = ORIENTED_EDGE('',*,*,#2018,.T.);
#2088 = ORIENTED_EDGE('',*,*,#2062,.T.);
#2089 = ADVANCED_FACE('',(#2090),#1837,.T.);
#2090 = FACE_BOUND('',#2091,.T.);
#2091 = EDGE_LOOP('',(#2092,#2093,#2094,#2095));
#2092 = ORIENTED_EDGE('',*,*,#1977,.F.);
#2093 = ORIENTED_EDGE('',*,*,#1903,.T.);
#2094 = ORIENTED_EDGE('',*,*,#1823,.F.);
#2095 = ORIENTED_EDGE('',*,*,#2040,.F.);
#2096 = ( GEOMETRIC_REPRESENTATION_CONTEXT(3) 
GLOBAL_UNCERTAINTY_ASSIGNED_CONTEXT((#2100)) 
GLOBAL_UNIT_ASSIGNED_CONTEXT((#2097,#2098,#2099)) REPRESENTATION_CONTEXT
('Context #1','3D Context with UNIT and UNCERTAINTY') );
#2097 = ( LENGTH_UNIT() NAMED_UNIT(*) SI_UNIT(.MILLI.,.METRE.) );
#2098 = ( NAMED_UNIT(*) PLANE_ANGLE_UNIT() SI_UNIT($,.RADIAN.) );
#2099 = ( NAMED_UNIT(*) SI_UNIT($,.STERADIAN.) SOLID_ANGLE_UNIT() );
#2100 = UNCERTAINTY_MEASURE_WITH_UNIT(LENGTH_MEASURE(1.E-04),#2097,
  'distance_accuracy_value','confusion accuracy');
#2101 = CONTEXT_DEPENDENT_SHAPE_REPRESENTATION(#2102,#2104);
#2102 = ( REPRESENTATION_RELATIONSHIP('','',#1781,#10) 
REPRESENTATION_RELATIONSHIP_WITH_TRANSFORMATION(#2103) 
SHAPE_REPRESENTATION_RELATIONSHIP() );
#2103 = ITEM_DEFINED_TRANSFORMATION('','',#11,#35);
#2104 = PRODUCT_DEFINITION_SHAPE('Placement','Placement of an item',
  #2105);
#2105 = NEXT_ASSEMBLY_USAGE_OCCURRENCE('5990','','',#5,#1776,$);
#2106 = PRODUCT_RELATED_PRODUCT_CATEGORY('part',$,(#1778));
#2107 = SHAPE_DEFINITION_REPRESENTATION(#2108,#2114);
#2108 = PRODUCT_DEFINITION_SHAPE('','',#2109);
#2109 = PRODUCT_DEFINITION('design','',#2110,#2113);
#2110 = PRODUCT_DEFINITION_FORMATION('','',#2111);
#2111 = PRODUCT('Open CASCADE STEP translator 7.8 154.7',
  'Open CASCADE STEP translator 7.8 154.7','',(#2112));
#2112 = PRODUCT_CONTEXT('',#2,'mechanical');
#2113 = PRODUCT_DEFINITION_CONTEXT('part definition',#2,'design');
#2114 = ADVANCED_BREP_SHAPE_REPRESENTATION('',(#11,#2115),#2429);
#2115 = MANIFOLD_SOLID_BREP('',#2116);
#2116 = CLOSED_SHELL('',(#2117,#2231,#2305,#2368,#2415,#2422));
#2117 = ADVANCED_FACE('',(#2118),#2131,.T.);
#2118 = FACE_BOUND('',#2119,.T.);
#2119 = EDGE_LOOP('',(#2120,#2155,#2180,#2208));
#2120 = ORIENTED_EDGE('',*,*,#2121,.T.);
#2121 = EDGE_CURVE('',#2122,#2124,#2126,.T.);
#2122 = VERTEX_POINT('',#2123);
#2123 = CARTESIAN_POINT('',(-7.625646309376,11.924145016072,
    18.750028531283));
#2124 = VERTEX_POINT('',#2125);
#2125 = CARTESIAN_POINT('',(-7.625646309376,11.924145016072,
    25.221605084184));
#2126 = SURFACE_CURVE('',#2127,(#2130,#2141),.PCURVE_S1.);
#2127 = B_SPLINE_CURVE_WITH_KNOTS('',1,(#2128,#2129),.UNSPECIFIED.,.F.,
  .F.,(2,2),(0.,6.471576552901E-03),.PIECEWISE_BEZIER_KNOTS.);
#2128 = CARTESIAN_POINT('',(-7.625646309376,11.924145016072,
    18.750028531283));
#2129 = CARTESIAN_POINT('',(-7.625646309376,11.924145016072,
    25.221605084184));
#2130 = PCURVE('',#2131,#2136);
#2131 = B_SPLINE_SURFACE_WITH_KNOTS('',1,1,(
    (#2132,#2133)
    ,(#2134,#2135
    )),.UNSPECIFIED.,.F.,.F.,.F.,(2,2),(2,2),(0.,8.876117240666E-03),(
    -6.471576552901E-03,0.),.PIECEWISE_BEZIER_KNOTS.);
#2132 = CARTESIAN_POINT('',(-7.625646309376,11.924145016072,
    25.221605084184));
#2133 = CARTESIAN_POINT('',(-7.625646309376,11.924145016072,
    18.750028531283));
#2134 = CARTESIAN_POINT('',(-12.45668902186,19.37038457575,
    25.221605084184));
#2135 = CARTESIAN_POINT('',(-12.45668902186,19.37038457575,
    18.750028531283));
#2136 = DEFINITIONAL_REPRESENTATION('',(#2137),#2140);
#2137 = B_SPLINE_CURVE_WITH_KNOTS('',1,(#2138,#2139),.UNSPECIFIED.,.F.,
  .F.,(2,2),(0.,6.471576552901E-03),.PIECEWISE_BEZIER_KNOTS.);
#2138 = CARTESIAN_POINT('',(0.,0.));
#2139 = CARTESIAN_POINT('',(0.,-6.471576552901E-03));
#2140 = ( GEOMETRIC_REPRESENTATION_CONTEXT(2) 
PARAMETRIC_REPRESENTATION_CONTEXT() REPRESENTATION_CONTEXT('2D SPACE',''
  ) );
#2141 = PCURVE('',#2142,#2149);
#2142 = ( BOUNDED_SURFACE() B_SPLINE_SURFACE(2,1,(
    (#2143,#2144)
    ,(#2145,#2146)
    ,(#2147,#2148
)),.UNSPECIFIED.,.F.,.F.,.F.) B_SPLINE_SURFACE_WITH_KNOTS((3,3),(2,2),(
    3.144119493737,3.39640104805),(-6.471576552901E-03,0.),
.PIECEWISE_BEZIER_KNOTS.) GEOMETRIC_REPRESENTATION_ITEM() 
RATIONAL_B_SPLINE_SURFACE((
    (1.,1.)
    ,(0.992054795563,0.992054795563)
,(1.,1.))) REPRESENTATION_ITEM('') SURFACE() );
#2143 = CARTESIAN_POINT('',(-4.407826975794,13.450159008408,
    25.221605084184));
#2144 = CARTESIAN_POINT('',(-4.407826975794,13.450159008408,
    18.750028531283));
#2145 = CARTESIAN_POINT('',(-6.113496682251,12.891184431289,
    25.221605084184));
#2146 = CARTESIAN_POINT('',(-6.113496682251,12.891184431289,
    18.750028531283));
#2147 = CARTESIAN_POINT('',(-7.625646309376,11.924145016072,
    25.221605084184));
#2148 = CARTESIAN_POINT('',(-7.625646309376,11.924145016072,
    18.750028531283));
#2149 = DEFINITIONAL_REPRESENTATION('',(#2150),#2154);
#2150 = B_SPLINE_CURVE_WITH_KNOTS('',2,(#2151,#2152,#2153),
  .UNSPECIFIED.,.F.,.F.,(3,3),(0.,6.471576552901E-03),
  .PIECEWISE_BEZIER_KNOTS.);
#2151 = CARTESIAN_POINT('',(3.39640104805,0.));
#2152 = CARTESIAN_POINT('',(3.39640104805,-3.23578827645E-03));
#2153 = CARTESIAN_POINT('',(3.39640104805,-6.471576552901E-03));
#2154 = ( GEOMETRIC_REPRESENTATION_CONTEXT(2) 
PARAMETRIC_REPRESENTATION_CONTEXT() REPRESENTATION_CONTEXT('2D SPACE',''
  ) );
#2155 = ORIENTED_EDGE('',*,*,#2156,.T.);
#2156 = EDGE_CURVE('',#2124,#2157,#2159,.T.);
#2157 = VERTEX_POINT('',#2158);
#2158 = CARTESIAN_POINT('',(-12.45668902186,19.37038457575,
    25.221605084184));
#2159 = SURFACE_CURVE('',#2160,(#2163,#2169),.PCURVE_S1.);
#2160 = B_SPLINE_CURVE_WITH_KNOTS('',1,(#2161,#2162),.UNSPECIFIED.,.F.,
  .F.,(2,2),(0.,8.876117240666E-03),.PIECEWISE_BEZIER_KNOTS.);
#2161 = CARTESIAN_POINT('',(-7.625646309376,11.924145016072,
    25.221605084184));
#2162 = CARTESIAN_POINT('',(-12.45668902186,19.37038457575,
    25.221605084184));
#2163 = PCURVE('',#2131,#2164);
#2164 = DEFINITIONAL_REPRESENTATION('',(#2165),#2168);
#2165 = B_SPLINE_CURVE_WITH_KNOTS('',1,(#2166,#2167),.UNSPECIFIED.,.F.,
  .F.,(2,2),(0.,8.876117240666E-03),.PIECEWISE_BEZIER_KNOTS.);
#2166 = CARTESIAN_POINT('',(0.,-6.471576552901E-03));
#2167 = CARTESIAN_POINT('',(8.876117240666E-03,-6.471576552901E-03));
#2168 = ( GEOMETRIC_REPRESENTATION_CONTEXT(2) 
PARAMETRIC_REPRESENTATION_CONTEXT() REPRESENTATION_CONTEXT('2D SPACE',''
  ) );
#2169 = PCURVE('',#2170,#2175);
#2170 = B_SPLINE_SURFACE_WITH_KNOTS('',1,1,(
    (#2171,#2172)
    ,(#2173,#2174
    )),.UNSPECIFIED.,.F.,.F.,.F.,(2,2),(2,2),(-4.331809092001E-03,
    5.001200786526E-03),(-2.419216761298E-03,3.442020482927E-03),
  .PIECEWISE_BEZIER_KNOTS.);
#2171 = CARTESIAN_POINT('',(-7.116661380455,21.902831570277,
    25.221605084184));
#2172 = CARTESIAN_POINT('',(-12.69102925512,20.091609653748,
    25.221605084184));
#2173 = CARTESIAN_POINT('',(-4.232602719321,13.026611708657,
    25.221605084184));
#2174 = CARTESIAN_POINT('',(-9.806970593993,11.215389792128,
    25.221605084184));
#2175 = DEFINITIONAL_REPRESENTATION('',(#2176),#2179);
#2176 = B_SPLINE_CURVE_WITH_KNOTS('',1,(#2177,#2178),.UNSPECIFIED.,.F.,
  .F.,(2,2),(0.,8.876117240666E-03),.PIECEWISE_BEZIER_KNOTS.);
#2177 = CARTESIAN_POINT('',(5.001200786526E-03,1.148440398838E-03));
#2178 = CARTESIAN_POINT('',(-3.573468167312E-03,3.442020482927E-03));
#2179 = ( GEOMETRIC_REPRESENTATION_CONTEXT(2) 
PARAMETRIC_REPRESENTATION_CONTEXT() REPRESENTATION_CONTEXT('2D SPACE',''
  ) );
#2180 = ORIENTED_EDGE('',*,*,#2181,.F.);
#2181 = EDGE_CURVE('',#2182,#2157,#2184,.T.);
#2182 = VERTEX_POINT('',#2183);
#2183 = CARTESIAN_POINT('',(-12.45668902186,19.37038457575,
    18.750028531283));
#2184 = SURFACE_CURVE('',#2185,(#2188,#2194),.PCURVE_S1.);
#2185 = B_SPLINE_CURVE_WITH_KNOTS('',1,(#2186,#2187),.UNSPECIFIED.,.F.,
  .F.,(2,2),(0.,6.471576552901E-03),.PIECEWISE_BEZIER_KNOTS.);
#2186 = CARTESIAN_POINT('',(-12.45668902186,19.37038457575,
    18.750028531283));
#2187 = CARTESIAN_POINT('',(-12.45668902186,19.37038457575,
    25.221605084184));
#2188 = PCURVE('',#2131,#2189);
#2189 = DEFINITIONAL_REPRESENTATION('',(#2190),#2193);
#2190 = B_SPLINE_CURVE_WITH_KNOTS('',1,(#2191,#2192),.UNSPECIFIED.,.F.,
  .F.,(2,2),(0.,6.471576552901E-03),.PIECEWISE_BEZIER_KNOTS.);
#2191 = CARTESIAN_POINT('',(8.876117240666E-03,0.));
#2192 = CARTESIAN_POINT('',(8.876117240666E-03,-6.471576552901E-03));
#2193 = ( GEOMETRIC_REPRESENTATION_CONTEXT(2) 
PARAMETRIC_REPRESENTATION_CONTEXT() REPRESENTATION_CONTEXT('2D SPACE',''
  ) );
#2194 = PCURVE('',#2195,#2202);
#2195 = ( BOUNDED_SURFACE() B_SPLINE_SURFACE(2,1,(
    (#2196,#2197)
    ,(#2198,#2199)
    ,(#2200,#2201
)),.UNSPECIFIED.,.F.,.F.,.F.) B_SPLINE_SURFACE_WITH_KNOTS((3,3),(2,2),(
    6.025850072572,6.28318530718),(-6.471576552901E-03,0.),
.PIECEWISE_BEZIER_KNOTS.) GEOMETRIC_REPRESENTATION_ITEM() 
RATIONAL_B_SPLINE_SURFACE((
    (1.,1.)
    ,(0.99173373582,0.99173373582)
,(1.,1.))) REPRESENTATION_ITEM('') SURFACE() );
#2196 = CARTESIAN_POINT('',(-12.45668902186,19.37038457575,
    25.221605084184));
#2197 = CARTESIAN_POINT('',(-12.45668902186,19.37038457575,
    18.750028531283));
#2198 = CARTESIAN_POINT('',(-9.950502232515,20.982060861454,
    25.221605084184));
#2199 = CARTESIAN_POINT('',(-9.950502232515,20.982060861454,
    18.750028531283));
#2200 = CARTESIAN_POINT('',(-7.116661380455,21.902831570277,
    25.221605084184));
#2201 = CARTESIAN_POINT('',(-7.116661380455,21.902831570277,
    18.750028531283));
#2202 = DEFINITIONAL_REPRESENTATION('',(#2203),#2207);
#2203 = B_SPLINE_CURVE_WITH_KNOTS('',2,(#2204,#2205,#2206),
  .UNSPECIFIED.,.F.,.F.,(3,3),(0.,6.471576552901E-03),
  .PIECEWISE_BEZIER_KNOTS.);
#2204 = CARTESIAN_POINT('',(6.025850072572,0.));
#2205 = CARTESIAN_POINT('',(6.025850072572,-3.23578827645E-03));
#2206 = CARTESIAN_POINT('',(6.025850072572,-6.471576552901E-03));
#2207 = ( GEOMETRIC_REPRESENTATION_CONTEXT(2) 
PARAMETRIC_REPRESENTATION_CONTEXT() REPRESENTATION_CONTEXT('2D SPACE',''
  ) );
#2208 = ORIENTED_EDGE('',*,*,#2209,.F.);
#2209 = EDGE_CURVE('',#2122,#2182,#2210,.T.);
#2210 = SURFACE_CURVE('',#2211,(#2214,#2220),.PCURVE_S1.);
#2211 = B_SPLINE_CURVE_WITH_KNOTS('',1,(#2212,#2213),.UNSPECIFIED.,.F.,
  .F.,(2,2),(0.,8.876117240666E-03),.PIECEWISE_BEZIER_KNOTS.);
#2212 = CARTESIAN_POINT('',(-7.625646309376,11.924145016072,
    18.750028531283));
#2213 = CARTESIAN_POINT('',(-12.45668902186,19.37038457575,
    18.750028531283));
#2214 = PCURVE('',#2131,#2215);
#2215 = DEFINITIONAL_REPRESENTATION('',(#2216),#2219);
#2216 = B_SPLINE_CURVE_WITH_KNOTS('',1,(#2217,#2218),.UNSPECIFIED.,.F.,
  .F.,(2,2),(0.,8.876117240666E-03),.PIECEWISE_BEZIER_KNOTS.);
#2217 = CARTESIAN_POINT('',(0.,0.));
#2218 = CARTESIAN_POINT('',(8.876117240666E-03,0.));
#2219 = ( GEOMETRIC_REPRESENTATION_CONTEXT(2) 
PARAMETRIC_REPRESENTATION_CONTEXT() REPRESENTATION_CONTEXT('2D SPACE',''
  ) );
#2220 = PCURVE('',#2221,#2226);
#2221 = B_SPLINE_SURFACE_WITH_KNOTS('',1,1,(
    (#2222,#2223)
    ,(#2224,#2225
    )),.UNSPECIFIED.,.F.,.F.,.F.,(2,2),(2,2),(-4.331809092001E-03,
    5.001200786526E-03),(-2.419216761298E-03,3.442020482927E-03),
  .PIECEWISE_BEZIER_KNOTS.);
#2222 = CARTESIAN_POINT('',(-7.116661380455,21.902831570277,
    18.750028531283));
#2223 = CARTESIAN_POINT('',(-12.69102925512,20.091609653748,
    18.750028531283));
#2224 = CARTESIAN_POINT('',(-4.232602719321,13.026611708657,
    18.750028531283));
#2225 = CARTESIAN_POINT('',(-9.806970593993,11.215389792128,
    18.750028531283));
#2226 = DEFINITIONAL_REPRESENTATION('',(#2227),#2230);
#2227 = B_SPLINE_CURVE_WITH_KNOTS('',1,(#2228,#2229),.UNSPECIFIED.,.F.,
  .F.,(2,2),(0.,8.876117240666E-03),.PIECEWISE_BEZIER_KNOTS.);
#2228 = CARTESIAN_POINT('',(5.001200786526E-03,1.148440398838E-03));
#2229 = CARTESIAN_POINT('',(-3.573468167312E-03,3.442020482927E-03));
#2230 = ( GEOMETRIC_REPRESENTATION_CONTEXT(2) 
PARAMETRIC_REPRESENTATION_CONTEXT() REPRESENTATION_CONTEXT('2D SPACE',''
  ) );
#2231 = ADVANCED_FACE('',(#2232),#2195,.T.);
#2232 = FACE_BOUND('',#2233,.T.);
#2233 = EDGE_LOOP('',(#2234,#2235,#2258,#2284));
#2234 = ORIENTED_EDGE('',*,*,#2181,.T.);
#2235 = ORIENTED_EDGE('',*,*,#2236,.T.);
#2236 = EDGE_CURVE('',#2157,#2237,#2239,.T.);
#2237 = VERTEX_POINT('',#2238);
#2238 = CARTESIAN_POINT('',(-7.116661380455,21.902831570277,
    25.221605084184));
#2239 = SURFACE_CURVE('',#2240,(#2244,#2251),.PCURVE_S1.);
#2240 = ( BOUNDED_CURVE() B_SPLINE_CURVE(2,(#2241,#2242,#2243),
.UNSPECIFIED.,.F.,.F.) B_SPLINE_CURVE_WITH_KNOTS((3,3),(6.025850072572,
6.28318530718),.PIECEWISE_BEZIER_KNOTS.) CURVE() 
GEOMETRIC_REPRESENTATION_ITEM() RATIONAL_B_SPLINE_CURVE((1.,
0.99173373582,1.)) REPRESENTATION_ITEM('') );
#2241 = CARTESIAN_POINT('',(-12.45668902186,19.37038457575,
    25.221605084184));
#2242 = CARTESIAN_POINT('',(-9.950502232515,20.982060861454,
    25.221605084184));
#2243 = CARTESIAN_POINT('',(-7.116661380455,21.902831570277,
    25.221605084184));
#2244 = PCURVE('',#2195,#2245);
#2245 = DEFINITIONAL_REPRESENTATION('',(#2246),#2250);
#2246 = B_SPLINE_CURVE_WITH_KNOTS('',2,(#2247,#2248,#2249),
  .UNSPECIFIED.,.F.,.F.,(3,3),(6.025850072572,6.28318530718),
  .PIECEWISE_BEZIER_KNOTS.);
#2247 = CARTESIAN_POINT('',(6.025850072572,-6.471576552901E-03));
#2248 = CARTESIAN_POINT('',(6.154517689876,-6.471576552901E-03));
#2249 = CARTESIAN_POINT('',(6.28318530718,-6.471576552901E-03));
#2250 = ( GEOMETRIC_REPRESENTATION_CONTEXT(2) 
PARAMETRIC_REPRESENTATION_CONTEXT() REPRESENTATION_CONTEXT('2D SPACE',''
  ) );
#2251 = PCURVE('',#2170,#2252);
#2252 = DEFINITIONAL_REPRESENTATION('',(#2253),#2257);
#2253 = ( BOUNDED_CURVE() B_SPLINE_CURVE(2,(#2254,#2255,#2256),
.UNSPECIFIED.,.F.,.F.) B_SPLINE_CURVE_WITH_KNOTS((3,3),(6.025850072572,
6.28318530718),.PIECEWISE_BEZIER_KNOTS.) CURVE() 
GEOMETRIC_REPRESENTATION_ITEM() RATIONAL_B_SPLINE_CURVE((1.,
0.99173373582,1.)) REPRESENTATION_ITEM('') );
#2254 = CARTESIAN_POINT('',(-3.573468167312E-03,3.442020482927E-03));
#2255 = CARTESIAN_POINT('',(-4.331809092001E-03,5.604598441461E-04));
#2256 = CARTESIAN_POINT('',(-4.331809092001E-03,-2.419216761298E-03));
#2257 = ( GEOMETRIC_REPRESENTATION_CONTEXT(2) 
PARAMETRIC_REPRESENTATION_CONTEXT() REPRESENTATION_CONTEXT('2D SPACE',''
  ) );
#2258 = ORIENTED_EDGE('',*,*,#2259,.F.);
#2259 = EDGE_CURVE('',#2260,#2237,#2262,.T.);
#2260 = VERTEX_POINT('',#2261);
#2261 = CARTESIAN_POINT('',(-7.116661380455,21.902831570277,
    18.750028531283));
#2262 = SURFACE_CURVE('',#2263,(#2266,#2273),.PCURVE_S1.);
#2263 = B_SPLINE_CURVE_WITH_KNOTS('',1,(#2264,#2265),.UNSPECIFIED.,.F.,
  .F.,(2,2),(0.,6.471576552901E-03),.PIECEWISE_BEZIER_KNOTS.);
#2264 = CARTESIAN_POINT('',(-7.116661380455,21.902831570277,
    18.750028531283));
#2265 = CARTESIAN_POINT('',(-7.116661380455,21.902831570277,
    25.221605084184));
#2266 = PCURVE('',#2195,#2267);
#2267 = DEFINITIONAL_REPRESENTATION('',(#2268),#2272);
#2268 = B_SPLINE_CURVE_WITH_KNOTS('',2,(#2269,#2270,#2271),
  .UNSPECIFIED.,.F.,.F.,(3,3),(0.,6.471576552901E-03),
  .PIECEWISE_BEZIER_KNOTS.);
#2269 = CARTESIAN_POINT('',(6.28318530718,0.));
#2270 = CARTESIAN_POINT('',(6.28318530718,-3.23578827645E-03));
#2271 = CARTESIAN_POINT('',(6.28318530718,-6.471576552901E-03));
#2272 = ( GEOMETRIC_REPRESENTATION_CONTEXT(2) 
PARAMETRIC_REPRESENTATION_CONTEXT() REPRESENTATION_CONTEXT('2D SPACE',''
  ) );
#2273 = PCURVE('',#2274,#2279);
#2274 = B_SPLINE_SURFACE_WITH_KNOTS('',1,1,(
    (#2275,#2276)
    ,(#2277,#2278
    )),.UNSPECIFIED.,.F.,.F.,.F.,(2,2),(2,2),(0.,8.876117240666E-03),(
    -6.471576552901E-03,0.),.PIECEWISE_BEZIER_KNOTS.);
#2275 = CARTESIAN_POINT('',(-7.116661380455,21.902831570277,
    25.221605084184));
#2276 = CARTESIAN_POINT('',(-7.116661380455,21.902831570277,
    18.750028531283));
#2277 = CARTESIAN_POINT('',(-4.407826975794,13.450159008408,
    25.221605084184));
#2278 = CARTESIAN_POINT('',(-4.407826975794,13.450159008408,
    18.750028531283));
#2279 = DEFINITIONAL_REPRESENTATION('',(#2280),#2283);
#2280 = B_SPLINE_CURVE_WITH_KNOTS('',1,(#2281,#2282),.UNSPECIFIED.,.F.,
  .F.,(2,2),(0.,6.471576552901E-03),.PIECEWISE_BEZIER_KNOTS.);
#2281 = CARTESIAN_POINT('',(0.,0.));
#2282 = CARTESIAN_POINT('',(0.,-6.471576552901E-03));
#2283 = ( GEOMETRIC_REPRESENTATION_CONTEXT(2) 
PARAMETRIC_REPRESENTATION_CONTEXT() REPRESENTATION_CONTEXT('2D SPACE',''
  ) );
#2284 = ORIENTED_EDGE('',*,*,#2285,.F.);
#2285 = EDGE_CURVE('',#2182,#2260,#2286,.T.);
#2286 = SURFACE_CURVE('',#2287,(#2291,#2298),.PCURVE_S1.);
#2287 = ( BOUNDED_CURVE() B_SPLINE_CURVE(2,(#2288,#2289,#2290),
.UNSPECIFIED.,.F.,.F.) B_SPLINE_CURVE_WITH_KNOTS((3,3),(6.025850072572,
6.28318530718),.PIECEWISE_BEZIER_KNOTS.) CURVE() 
GEOMETRIC_REPRESENTATION_ITEM() RATIONAL_B_SPLINE_CURVE((1.,
0.99173373582,1.)) REPRESENTATION_ITEM('') );
#2288 = CARTESIAN_POINT('',(-12.45668902186,19.37038457575,
    18.750028531283));
#2289 = CARTESIAN_POINT('',(-9.950502232515,20.982060861454,
    18.750028531283));
#2290 = CARTESIAN_POINT('',(-7.116661380455,21.902831570277,
    18.750028531283));
#2291 = PCURVE('',#2195,#2292);
#2292 = DEFINITIONAL_REPRESENTATION('',(#2293),#2297);
#2293 = B_SPLINE_CURVE_WITH_KNOTS('',2,(#2294,#2295,#2296),
  .UNSPECIFIED.,.F.,.F.,(3,3),(6.025850072572,6.28318530718),
  .PIECEWISE_BEZIER_KNOTS.);
#2294 = CARTESIAN_POINT('',(6.025850072572,0.));
#2295 = CARTESIAN_POINT('',(6.154517689876,0.));
#2296 = CARTESIAN_POINT('',(6.28318530718,0.));
#2297 = ( GEOMETRIC_REPRESENTATION_CONTEXT(2) 
PARAMETRIC_REPRESENTATION_CONTEXT() REPRESENTATION_CONTEXT('2D SPACE',''
  ) );
#2298 = PCURVE('',#2221,#2299);
#2299 = DEFINITIONAL_REPRESENTATION('',(#2300),#2304);
#2300 = ( BOUNDED_CURVE() B_SPLINE_CURVE(2,(#2301,#2302,#2303),
.UNSPECIFIED.,.F.,.F.) B_SPLINE_CURVE_WITH_KNOTS((3,3),(6.025850072572,
6.28318530718),.PIECEWISE_BEZIER_KNOTS.) CURVE() 
GEOMETRIC_REPRESENTATION_ITEM() RATIONAL_B_SPLINE_CURVE((1.,
0.99173373582,1.)) REPRESENTATION_ITEM('') );
#2301 = CARTESIAN_POINT('',(-3.573468167312E-03,3.442020482927E-03));
#2302 = CARTESIAN_POINT('',(-4.331809092001E-03,5.604598441461E-04));
#2303 = CARTESIAN_POINT('',(-4.331809092001E-03,-2.419216761298E-03));
#2304 = ( GEOMETRIC_REPRESENTATION_CONTEXT(2) 
PARAMETRIC_REPRESENTATION_CONTEXT() REPRESENTATION_CONTEXT('2D SPACE',''
  ) );
#2305 = ADVANCED_FACE('',(#2306),#2274,.T.);
#2306 = FACE_BOUND('',#2307,.T.);
#2307 = EDGE_LOOP('',(#2308,#2309,#2329,#2350));
#2308 = ORIENTED_EDGE('',*,*,#2259,.T.);
#2309 = ORIENTED_EDGE('',*,*,#2310,.T.);
#2310 = EDGE_CURVE('',#2237,#2311,#2313,.T.);
#2311 = VERTEX_POINT('',#2312);
#2312 = CARTESIAN_POINT('',(-4.407826975794,13.450159008408,
    25.221605084184));
#2313 = SURFACE_CURVE('',#2314,(#2317,#2323),.PCURVE_S1.);
#2314 = B_SPLINE_CURVE_WITH_KNOTS('',1,(#2315,#2316),.UNSPECIFIED.,.F.,
  .F.,(2,2),(0.,8.876117240666E-03),.PIECEWISE_BEZIER_KNOTS.);
#2315 = CARTESIAN_POINT('',(-7.116661380455,21.902831570277,
    25.221605084184));
#2316 = CARTESIAN_POINT('',(-4.407826975794,13.450159008408,
    25.221605084184));
#2317 = PCURVE('',#2274,#2318);
#2318 = DEFINITIONAL_REPRESENTATION('',(#2319),#2322);
#2319 = B_SPLINE_CURVE_WITH_KNOTS('',1,(#2320,#2321),.UNSPECIFIED.,.F.,
  .F.,(2,2),(0.,8.876117240666E-03),.PIECEWISE_BEZIER_KNOTS.);
#2320 = CARTESIAN_POINT('',(0.,-6.471576552901E-03));
#2321 = CARTESIAN_POINT('',(8.876117240666E-03,-6.471576552901E-03));
#2322 = ( GEOMETRIC_REPRESENTATION_CONTEXT(2) 
PARAMETRIC_REPRESENTATION_CONTEXT() REPRESENTATION_CONTEXT('2D SPACE',''
  ) );
#2323 = PCURVE('',#2170,#2324);
#2324 = DEFINITIONAL_REPRESENTATION('',(#2325),#2328);
#2325 = B_SPLINE_CURVE_WITH_KNOTS('',1,(#2326,#2327),.UNSPECIFIED.,.F.,
  .F.,(2,2),(0.,8.876117240666E-03),.PIECEWISE_BEZIER_KNOTS.);
#2326 = CARTESIAN_POINT('',(-4.331809092001E-03,-2.419216761298E-03));
#2327 = CARTESIAN_POINT('',(4.544236094062E-03,-2.383451903911E-03));
#2328 = ( GEOMETRIC_REPRESENTATION_CONTEXT(2) 
PARAMETRIC_REPRESENTATION_CONTEXT() REPRESENTATION_CONTEXT('2D SPACE',''
  ) );
#2329 = ORIENTED_EDGE('',*,*,#2330,.F.);
#2330 = EDGE_CURVE('',#2331,#2311,#2333,.T.);
#2331 = VERTEX_POINT('',#2332);
#2332 = CARTESIAN_POINT('',(-4.407826975794,13.450159008408,
    18.750028531283));
#2333 = SURFACE_CURVE('',#2334,(#2337,#2343),.PCURVE_S1.);
#2334 = B_SPLINE_CURVE_WITH_KNOTS('',1,(#2335,#2336),.UNSPECIFIED.,.F.,
  .F.,(2,2),(0.,6.471576552901E-03),.PIECEWISE_BEZIER_KNOTS.);
#2335 = CARTESIAN_POINT('',(-4.407826975794,13.450159008408,
    18.750028531283));
#2336 = CARTESIAN_POINT('',(-4.407826975794,13.450159008408,
    25.221605084184));
#2337 = PCURVE('',#2274,#2338);
#2338 = DEFINITIONAL_REPRESENTATION('',(#2339),#2342);
#2339 = B_SPLINE_CURVE_WITH_KNOTS('',1,(#2340,#2341),.UNSPECIFIED.,.F.,
  .F.,(2,2),(0.,6.471576552901E-03),.PIECEWISE_BEZIER_KNOTS.);
#2340 = CARTESIAN_POINT('',(8.876117240666E-03,0.));
#2341 = CARTESIAN_POINT('',(8.876117240666E-03,-6.471576552901E-03));
#2342 = ( GEOMETRIC_REPRESENTATION_CONTEXT(2) 
PARAMETRIC_REPRESENTATION_CONTEXT() REPRESENTATION_CONTEXT('2D SPACE',''
  ) );
#2343 = PCURVE('',#2142,#2344);
#2344 = DEFINITIONAL_REPRESENTATION('',(#2345),#2349);
#2345 = B_SPLINE_CURVE_WITH_KNOTS('',2,(#2346,#2347,#2348),
  .UNSPECIFIED.,.F.,.F.,(3,3),(0.,6.471576552901E-03),
  .PIECEWISE_BEZIER_KNOTS.);
#2346 = CARTESIAN_POINT('',(3.144119493737,0.));
#2347 = CARTESIAN_POINT('',(3.144119493737,-3.23578827645E-03));
#2348 = CARTESIAN_POINT('',(3.144119493737,-6.471576552901E-03));
#2349 = ( GEOMETRIC_REPRESENTATION_CONTEXT(2) 
PARAMETRIC_REPRESENTATION_CONTEXT() REPRESENTATION_CONTEXT('2D SPACE',''
  ) );
#2350 = ORIENTED_EDGE('',*,*,#2351,.F.);
#2351 = EDGE_CURVE('',#2260,#2331,#2352,.T.);
#2352 = SURFACE_CURVE('',#2353,(#2356,#2362),.PCURVE_S1.);
#2353 = B_SPLINE_CURVE_WITH_KNOTS('',1,(#2354,#2355),.UNSPECIFIED.,.F.,
  .F.,(2,2),(0.,8.876117240666E-03),.PIECEWISE_BEZIER_KNOTS.);
#2354 = CARTESIAN_POINT('',(-7.116661380455,21.902831570277,
    18.750028531283));
#2355 = CARTESIAN_POINT('',(-4.407826975794,13.450159008408,
    18.750028531283));
#2356 = PCURVE('',#2274,#2357);
#2357 = DEFINITIONAL_REPRESENTATION('',(#2358),#2361);
#2358 = B_SPLINE_CURVE_WITH_KNOTS('',1,(#2359,#2360),.UNSPECIFIED.,.F.,
  .F.,(2,2),(0.,8.876117240666E-03),.PIECEWISE_BEZIER_KNOTS.);
#2359 = CARTESIAN_POINT('',(0.,0.));
#2360 = CARTESIAN_POINT('',(8.876117240666E-03,0.));
#2361 = ( GEOMETRIC_REPRESENTATION_CONTEXT(2) 
PARAMETRIC_REPRESENTATION_CONTEXT() REPRESENTATION_CONTEXT('2D SPACE',''
  ) );
#2362 = PCURVE('',#2221,#2363);
#2363 = DEFINITIONAL_REPRESENTATION('',(#2364),#2367);
#2364 = B_SPLINE_CURVE_WITH_KNOTS('',1,(#2365,#2366),.UNSPECIFIED.,.F.,
  .F.,(2,2),(0.,8.876117240666E-03),.PIECEWISE_BEZIER_KNOTS.);
#2365 = CARTESIAN_POINT('',(-4.331809092001E-03,-2.419216761298E-03));
#2366 = CARTESIAN_POINT('',(4.544236094062E-03,-2.383451903911E-03));
#2367 = ( GEOMETRIC_REPRESENTATION_CONTEXT(2) 
PARAMETRIC_REPRESENTATION_CONTEXT() REPRESENTATION_CONTEXT('2D SPACE',''
  ) );
#2368 = ADVANCED_FACE('',(#2369),#2142,.T.);
#2369 = FACE_BOUND('',#2370,.T.);
#2370 = EDGE_LOOP('',(#2371,#2372,#2393,#2394));
#2371 = ORIENTED_EDGE('',*,*,#2330,.T.);
#2372 = ORIENTED_EDGE('',*,*,#2373,.T.);
#2373 = EDGE_CURVE('',#2311,#2124,#2374,.T.);
#2374 = SURFACE_CURVE('',#2375,(#2379,#2386),.PCURVE_S1.);
#2375 = ( BOUNDED_CURVE() B_SPLINE_CURVE(2,(#2376,#2377,#2378),
.UNSPECIFIED.,.F.,.F.) B_SPLINE_CURVE_WITH_KNOTS((3,3),(3.144119493737,
3.39640104805),.PIECEWISE_BEZIER_KNOTS.) CURVE() 
GEOMETRIC_REPRESENTATION_ITEM() RATIONAL_B_SPLINE_CURVE((1.,
0.992054795563,1.)) REPRESENTATION_ITEM('') );
#2376 = CARTESIAN_POINT('',(-4.407826975794,13.450159008408,
    25.221605084184));
#2377 = CARTESIAN_POINT('',(-6.113496682251,12.891184431289,
    25.221605084184));
#2378 = CARTESIAN_POINT('',(-7.625646309376,11.924145016072,
    25.221605084184));
#2379 = PCURVE('',#2142,#2380);
#2380 = DEFINITIONAL_REPRESENTATION('',(#2381),#2385);
#2381 = B_SPLINE_CURVE_WITH_KNOTS('',2,(#2382,#2383,#2384),
  .UNSPECIFIED.,.F.,.F.,(3,3),(3.144119493737,3.39640104805),
  .PIECEWISE_BEZIER_KNOTS.);
#2382 = CARTESIAN_POINT('',(3.144119493737,-6.471576552901E-03));
#2383 = CARTESIAN_POINT('',(3.270260270894,-6.471576552901E-03));
#2384 = CARTESIAN_POINT('',(3.39640104805,-6.471576552901E-03));
#2385 = ( GEOMETRIC_REPRESENTATION_CONTEXT(2) 
PARAMETRIC_REPRESENTATION_CONTEXT() REPRESENTATION_CONTEXT('2D SPACE',''
  ) );
#2386 = PCURVE('',#2170,#2387);
#2387 = DEFINITIONAL_REPRESENTATION('',(#2388),#2392);
#2388 = ( BOUNDED_CURVE() B_SPLINE_CURVE(2,(#2389,#2390,#2391),
.UNSPECIFIED.,.F.,.F.) B_SPLINE_CURVE_WITH_KNOTS((3,3),(3.144119493737,
3.39640104805),.PIECEWISE_BEZIER_KNOTS.) CURVE() 
GEOMETRIC_REPRESENTATION_ITEM() RATIONAL_B_SPLINE_CURVE((1.,
0.992054795563,1.)) REPRESENTATION_ITEM('') );
#2389 = CARTESIAN_POINT('',(4.544236094062E-03,-2.383451903911E-03));
#2390 = CARTESIAN_POINT('',(4.548771581989E-03,-5.885309711837E-04));
#2391 = CARTESIAN_POINT('',(5.001200786526E-03,1.148440398838E-03));
#2392 = ( GEOMETRIC_REPRESENTATION_CONTEXT(2) 
PARAMETRIC_REPRESENTATION_CONTEXT() REPRESENTATION_CONTEXT('2D SPACE',''
  ) );
#2393 = ORIENTED_EDGE('',*,*,#2121,.F.);
#2394 = ORIENTED_EDGE('',*,*,#2395,.F.);
#2395 = EDGE_CURVE('',#2331,#2122,#2396,.T.);
#2396 = SURFACE_CURVE('',#2397,(#2401,#2408),.PCURVE_S1.);
#2397 = ( BOUNDED_CURVE() B_SPLINE_CURVE(2,(#2398,#2399,#2400),
.UNSPECIFIED.,.F.,.F.) B_SPLINE_CURVE_WITH_KNOTS((3,3),(3.144119493737,
3.39640104805),.PIECEWISE_BEZIER_KNOTS.) CURVE() 
GEOMETRIC_REPRESENTATION_ITEM() RATIONAL_B_SPLINE_CURVE((1.,
0.992054795563,1.)) REPRESENTATION_ITEM('') );
#2398 = CARTESIAN_POINT('',(-4.407826975794,13.450159008408,
    18.750028531283));
#2399 = CARTESIAN_POINT('',(-6.113496682251,12.891184431289,
    18.750028531283));
#2400 = CARTESIAN_POINT('',(-7.625646309376,11.924145016072,
    18.750028531283));
#2401 = PCURVE('',#2142,#2402);
#2402 = DEFINITIONAL_REPRESENTATION('',(#2403),#2407);
#2403 = B_SPLINE_CURVE_WITH_KNOTS('',2,(#2404,#2405,#2406),
  .UNSPECIFIED.,.F.,.F.,(3,3),(3.144119493737,3.39640104805),
  .PIECEWISE_BEZIER_KNOTS.);
#2404 = CARTESIAN_POINT('',(3.144119493737,0.));
#2405 = CARTESIAN_POINT('',(3.270260270894,0.));
#2406 = CARTESIAN_POINT('',(3.39640104805,0.));
#2407 = ( GEOMETRIC_REPRESENTATION_CONTEXT(2) 
PARAMETRIC_REPRESENTATION_CONTEXT() REPRESENTATION_CONTEXT('2D SPACE',''
  ) );
#2408 = PCURVE('',#2221,#2409);
#2409 = DEFINITIONAL_REPRESENTATION('',(#2410),#2414);
#2410 = ( BOUNDED_CURVE() B_SPLINE_CURVE(2,(#2411,#2412,#2413),
.UNSPECIFIED.,.F.,.F.) B_SPLINE_CURVE_WITH_KNOTS((3,3),(3.144119493737,
3.39640104805),.PIECEWISE_BEZIER_KNOTS.) CURVE() 
GEOMETRIC_REPRESENTATION_ITEM() RATIONAL_B_SPLINE_CURVE((1.,
0.992054795563,1.)) REPRESENTATION_ITEM('') );
#2411 = CARTESIAN_POINT('',(4.544236094062E-03,-2.383451903911E-03));
#2412 = CARTESIAN_POINT('',(4.548771581989E-03,-5.885309711837E-04));
#2413 = CARTESIAN_POINT('',(5.001200786526E-03,1.148440398838E-03));
#2414 = ( GEOMETRIC_REPRESENTATION_CONTEXT(2) 
PARAMETRIC_REPRESENTATION_CONTEXT() REPRESENTATION_CONTEXT('2D SPACE',''
  ) );
#2415 = ADVANCED_FACE('',(#2416),#2221,.T.);
#2416 = FACE_BOUND('',#2417,.T.);
#2417 = EDGE_LOOP('',(#2418,#2419,#2420,#2421));
#2418 = ORIENTED_EDGE('',*,*,#2209,.T.);
#2419 = ORIENTED_EDGE('',*,*,#2285,.T.);
#2420 = ORIENTED_EDGE('',*,*,#2351,.T.);
#2421 = ORIENTED_EDGE('',*,*,#2395,.T.);
#2422 = ADVANCED_FACE('',(#2423),#2170,.F.);
#2423 = FACE_BOUND('',#2424,.F.);
#2424 = EDGE_LOOP('',(#2425,#2426,#2427,#2428));
#2425 = ORIENTED_EDGE('',*,*,#2156,.T.);
#2426 = ORIENTED_EDGE('',*,*,#2236,.T.);
#2427 = ORIENTED_EDGE('',*,*,#2310,.T.);
#2428 = ORIENTED_EDGE('',*,*,#2373,.T.);
#2429 = ( GEOMETRIC_REPRESENTATION_CONTEXT(3) 
GLOBAL_UNCERTAINTY_ASSIGNED_CONTEXT((#2433)) 
GLOBAL_UNIT_ASSIGNED_CONTEXT((#2430,#2431,#2432)) REPRESENTATION_CONTEXT
('Context #1','3D Context with UNIT and UNCERTAINTY') );
#2430 = ( LENGTH_UNIT() NAMED_UNIT(*) SI_UNIT(.MILLI.,.METRE.) );
#2431 = ( NAMED_UNIT(*) PLANE_ANGLE_UNIT() SI_UNIT($,.RADIAN.) );
#2432 = ( NAMED_UNIT(*) SI_UNIT($,.STERADIAN.) SOLID_ANGLE_UNIT() );
#2433 = UNCERTAINTY_MEASURE_WITH_UNIT(LENGTH_MEASURE(1.E-04),#2430,
  'distance_accuracy_value','confusion accuracy');
#2434 = CONTEXT_DEPENDENT_SHAPE_REPRESENTATION(#2435,#2437);
#2435 = ( REPRESENTATION_RELATIONSHIP('','',#2114,#10) 
REPRESENTATION_RELATIONSHIP_WITH_TRANSFORMATION(#2436) 
SHAPE_REPRESENTATION_RELATIONSHIP() );
#2436 = ITEM_DEFINED_TRANSFORMATION('','',#11,#39);
#2437 = PRODUCT_DEFINITION_SHAPE('Placement','Placement of an item',
  #2438);
#2438 = NEXT_ASSEMBLY_USAGE_OCCURRENCE('5991','','',#5,#2109,$);
#2439 = PRODUCT_RELATED_PRODUCT_CATEGORY('part',$,(#2111));
#2440 = SHAPE_DEFINITION_REPRESENTATION(#2441,#2447);
#2441 = PRODUCT_DEFINITION_SHAPE('','',#2442);
#2442 = PRODUCT_DEFINITION('design','',#2443,#2446);
#2443 = PRODUCT_DEFINITION_FORMATION('','',#2444);
#2444 = PRODUCT('Open CASCADE STEP translator 7.8 154.8',
  'Open CASCADE STEP translator 7.8 154.8','',(#2445));
#2445 = PRODUCT_CONTEXT('',#2,'mechanical');
#2446 = PRODUCT_DEFINITION_CONTEXT('part definition',#2,'design');
#2447 = ADVANCED_BREP_SHAPE_REPRESENTATION('',(#11,#2448),#2762);
#2448 = MANIFOLD_SOLID_BREP('',#2449);
#2449 = CLOSED_SHELL('',(#2450,#2564,#2638,#2701,#2748,#2755));
#2450 = ADVANCED_FACE('',(#2451),#2464,.T.);
#2451 = FACE_BOUND('',#2452,.T.);
#2452 = EDGE_LOOP('',(#2453,#2488,#2513,#2541));
#2453 = ORIENTED_EDGE('',*,*,#2454,.T.);
#2454 = EDGE_CURVE('',#2455,#2457,#2459,.T.);
#2455 = VERTEX_POINT('',#2456);
#2456 = CARTESIAN_POINT('',(-10.93718406685,8.984081516094,
    18.750028531283));
#2457 = VERTEX_POINT('',#2458);
#2458 = CARTESIAN_POINT('',(-10.93718406685,8.984081516094,
    25.221605084184));
#2459 = SURFACE_CURVE('',#2460,(#2463,#2474),.PCURVE_S1.);
#2460 = B_SPLINE_CURVE_WITH_KNOTS('',1,(#2461,#2462),.UNSPECIFIED.,.F.,
  .F.,(2,2),(0.,6.471576552901E-03),.PIECEWISE_BEZIER_KNOTS.);
#2461 = CARTESIAN_POINT('',(-10.93718406685,8.984081516094,
    18.750028531283));
#2462 = CARTESIAN_POINT('',(-10.93718406685,8.984081516094,
    25.221605084184));
#2463 = PCURVE('',#2464,#2469);
#2464 = B_SPLINE_SURFACE_WITH_KNOTS('',1,1,(
    (#2465,#2466)
    ,(#2467,#2468
    )),.UNSPECIFIED.,.F.,.F.,.F.,(2,2),(2,2),(0.,8.876117240666E-03),(
    -6.471576552901E-03,0.),.PIECEWISE_BEZIER_KNOTS.);
#2465 = CARTESIAN_POINT('',(-10.93718406685,8.984081516094,
    25.221605084184));
#2466 = CARTESIAN_POINT('',(-10.93718406685,8.984081516094,
    18.750028531283));
#2467 = CARTESIAN_POINT('',(-17.83279328719,14.573001872509,
    25.221605084184));
#2468 = CARTESIAN_POINT('',(-17.83279328719,14.573001872509,
    18.750028531283));
#2469 = DEFINITIONAL_REPRESENTATION('',(#2470),#2473);
#2470 = B_SPLINE_CURVE_WITH_KNOTS('',1,(#2471,#2472),.UNSPECIFIED.,.F.,
  .F.,(2,2),(0.,6.471576552901E-03),.PIECEWISE_BEZIER_KNOTS.);
#2471 = CARTESIAN_POINT('',(0.,0.));
#2472 = CARTESIAN_POINT('',(0.,-6.471576552901E-03));
#2473 = ( GEOMETRIC_REPRESENTATION_CONTEXT(2) 
PARAMETRIC_REPRESENTATION_CONTEXT() REPRESENTATION_CONTEXT('2D SPACE',''
  ) );
#2474 = PCURVE('',#2475,#2482);
#2475 = ( BOUNDED_SURFACE() B_SPLINE_SURFACE(2,1,(
    (#2476,#2477)
    ,(#2478,#2479)
    ,(#2480,#2481
)),.UNSPECIFIED.,.F.,.F.,.F.) B_SPLINE_SURFACE_WITH_KNOTS((3,3),(2,2),(
    3.144119493737,3.39640104805),(-6.471576552901E-03,0.),
.PIECEWISE_BEZIER_KNOTS.) GEOMETRIC_REPRESENTATION_ITEM() 
RATIONAL_B_SPLINE_SURFACE((
    (1.,1.)
    ,(0.992054795563,0.992054795563)
,(1.,1.))) REPRESENTATION_ITEM('') SURFACE() );
#2476 = CARTESIAN_POINT('',(-8.348420278673,11.429767926368,
    25.221605084184));
#2477 = CARTESIAN_POINT('',(-8.348420278673,11.429767926368,
    18.750028531283));
#2478 = CARTESIAN_POINT('',(-9.797875923894,10.371070586269,
    25.221605084184));
#2479 = CARTESIAN_POINT('',(-9.797875923894,10.371070586269,
    18.750028531283));
#2480 = CARTESIAN_POINT('',(-10.93718406685,8.984081516094,
    25.221605084184));
#2481 = CARTESIAN_POINT('',(-10.93718406685,8.984081516094,
    18.750028531283));
#2482 = DEFINITIONAL_REPRESENTATION('',(#2483),#2487);
#2483 = B_SPLINE_CURVE_WITH_KNOTS('',2,(#2484,#2485,#2486),
  .UNSPECIFIED.,.F.,.F.,(3,3),(0.,6.471576552901E-03),
  .PIECEWISE_BEZIER_KNOTS.);
#2484 = CARTESIAN_POINT('',(3.39640104805,0.));
#2485 = CARTESIAN_POINT('',(3.39640104805,-3.23578827645E-03));
#2486 = CARTESIAN_POINT('',(3.39640104805,-6.471576552901E-03));
#2487 = ( GEOMETRIC_REPRESENTATION_CONTEXT(2) 
PARAMETRIC_REPRESENTATION_CONTEXT() REPRESENTATION_CONTEXT('2D SPACE',''
  ) );
#2488 = ORIENTED_EDGE('',*,*,#2489,.T.);
#2489 = EDGE_CURVE('',#2457,#2490,#2492,.T.);
#2490 = VERTEX_POINT('',#2491);
#2491 = CARTESIAN_POINT('',(-17.83279328719,14.573001872509,
    25.221605084184));
#2492 = SURFACE_CURVE('',#2493,(#2496,#2502),.PCURVE_S1.);
#2493 = B_SPLINE_CURVE_WITH_KNOTS('',1,(#2494,#2495),.UNSPECIFIED.,.F.,
  .F.,(2,2),(0.,8.876117240666E-03),.PIECEWISE_BEZIER_KNOTS.);
#2494 = CARTESIAN_POINT('',(-10.93718406685,8.984081516094,
    25.221605084184));
#2495 = CARTESIAN_POINT('',(-17.83279328719,14.573001872509,
    25.221605084184));
#2496 = PCURVE('',#2464,#2497);
#2497 = DEFINITIONAL_REPRESENTATION('',(#2498),#2501);
#2498 = B_SPLINE_CURVE_WITH_KNOTS('',1,(#2499,#2500),.UNSPECIFIED.,.F.,
  .F.,(2,2),(0.,8.876117240666E-03),.PIECEWISE_BEZIER_KNOTS.);
#2499 = CARTESIAN_POINT('',(0.,-6.471576552901E-03));
#2500 = CARTESIAN_POINT('',(8.876117240666E-03,-6.471576552901E-03));
#2501 = ( GEOMETRIC_REPRESENTATION_CONTEXT(2) 
PARAMETRIC_REPRESENTATION_CONTEXT() REPRESENTATION_CONTEXT('2D SPACE',''
  ) );
#2502 = PCURVE('',#2503,#2508);
#2503 = B_SPLINE_SURFACE_WITH_KNOTS('',1,1,(
    (#2504,#2505)
    ,(#2506,#2507
    )),.UNSPECIFIED.,.F.,.F.,.F.,(2,2),(2,2),(-4.331809092001E-03,
    5.001200786526E-03),(-2.419216761298E-03,3.442020482927E-03),
  .PIECEWISE_BEZIER_KNOTS.);
#2504 = CARTESIAN_POINT('',(-13.53669436029,18.631661380455,
    25.221605084184));
#2505 = CARTESIAN_POINT('',(-18.27853489893,15.186512568112,
    25.221605084184));
#2506 = CARTESIAN_POINT('',(-8.050888794198,11.081097780057,
    25.221605084184));
#2507 = CARTESIAN_POINT('',(-12.79272933283,7.635948967715,
    25.221605084184));
#2508 = DEFINITIONAL_REPRESENTATION('',(#2509),#2512);
#2509 = B_SPLINE_CURVE_WITH_KNOTS('',1,(#2510,#2511),.UNSPECIFIED.,.F.,
  .F.,(2,2),(0.,8.876117240666E-03),.PIECEWISE_BEZIER_KNOTS.);
#2510 = CARTESIAN_POINT('',(5.001200786526E-03,1.148440398838E-03));
#2511 = CARTESIAN_POINT('',(-3.573468167312E-03,3.442020482927E-03));
#2512 = ( GEOMETRIC_REPRESENTATION_CONTEXT(2) 
PARAMETRIC_REPRESENTATION_CONTEXT() REPRESENTATION_CONTEXT('2D SPACE',''
  ) );
#2513 = ORIENTED_EDGE('',*,*,#2514,.F.);
#2514 = EDGE_CURVE('',#2515,#2490,#2517,.T.);
#2515 = VERTEX_POINT('',#2516);
#2516 = CARTESIAN_POINT('',(-17.83279328719,14.573001872509,
    18.750028531283));
#2517 = SURFACE_CURVE('',#2518,(#2521,#2527),.PCURVE_S1.);
#2518 = B_SPLINE_CURVE_WITH_KNOTS('',1,(#2519,#2520),.UNSPECIFIED.,.F.,
  .F.,(2,2),(0.,6.471576552901E-03),.PIECEWISE_BEZIER_KNOTS.);
#2519 = CARTESIAN_POINT('',(-17.83279328719,14.573001872509,
    18.750028531283));
#2520 = CARTESIAN_POINT('',(-17.83279328719,14.573001872509,
    25.221605084184));
#2521 = PCURVE('',#2464,#2522);
#2522 = DEFINITIONAL_REPRESENTATION('',(#2523),#2526);
#2523 = B_SPLINE_CURVE_WITH_KNOTS('',1,(#2524,#2525),.UNSPECIFIED.,.F.,
  .F.,(2,2),(0.,6.471576552901E-03),.PIECEWISE_BEZIER_KNOTS.);
#2524 = CARTESIAN_POINT('',(8.876117240666E-03,0.));
#2525 = CARTESIAN_POINT('',(8.876117240666E-03,-6.471576552901E-03));
#2526 = ( GEOMETRIC_REPRESENTATION_CONTEXT(2) 
PARAMETRIC_REPRESENTATION_CONTEXT() REPRESENTATION_CONTEXT('2D SPACE',''
  ) );
#2527 = PCURVE('',#2528,#2535);
#2528 = ( BOUNDED_SURFACE() B_SPLINE_SURFACE(2,1,(
    (#2529,#2530)
    ,(#2531,#2532)
    ,(#2533,#2534
)),.UNSPECIFIED.,.F.,.F.,.F.) B_SPLINE_SURFACE_WITH_KNOTS((3,3),(2,2),(
    6.025850072572,6.28318530718),(-6.471576552901E-03,0.),
.PIECEWISE_BEZIER_KNOTS.) GEOMETRIC_REPRESENTATION_ITEM() 
RATIONAL_B_SPLINE_SURFACE((
    (1.,1.)
    ,(0.99173373582,0.99173373582)
,(1.,1.))) REPRESENTATION_ITEM('') SURFACE() );
#2529 = CARTESIAN_POINT('',(-17.83279328719,14.573001872509,
    25.221605084184));
#2530 = CARTESIAN_POINT('',(-17.83279328719,14.573001872509,
    18.750028531283));
#2531 = CARTESIAN_POINT('',(-15.94730337184,16.880251415174,
    25.221605084184));
#2532 = CARTESIAN_POINT('',(-15.94730337184,16.880251415174,
    18.750028531283));
#2533 = CARTESIAN_POINT('',(-13.53669436029,18.631661380455,
    25.221605084184));
#2534 = CARTESIAN_POINT('',(-13.53669436029,18.631661380455,
    18.750028531283));
#2535 = DEFINITIONAL_REPRESENTATION('',(#2536),#2540);
#2536 = B_SPLINE_CURVE_WITH_KNOTS('',2,(#2537,#2538,#2539),
  .UNSPECIFIED.,.F.,.F.,(3,3),(0.,6.471576552901E-03),
  .PIECEWISE_BEZIER_KNOTS.);
#2537 = CARTESIAN_POINT('',(6.025850072572,0.));
#2538 = CARTESIAN_POINT('',(6.025850072572,-3.23578827645E-03));
#2539 = CARTESIAN_POINT('',(6.025850072572,-6.471576552901E-03));
#2540 = ( GEOMETRIC_REPRESENTATION_CONTEXT(2) 
PARAMETRIC_REPRESENTATION_CONTEXT() REPRESENTATION_CONTEXT('2D SPACE',''
  ) );
#2541 = ORIENTED_EDGE('',*,*,#2542,.F.);
#2542 = EDGE_CURVE('',#2455,#2515,#2543,.T.);
#2543 = SURFACE_CURVE('',#2544,(#2547,#2553),.PCURVE_S1.);
#2544 = B_SPLINE_CURVE_WITH_KNOTS('',1,(#2545,#2546),.UNSPECIFIED.,.F.,
  .F.,(2,2),(0.,8.876117240666E-03),.PIECEWISE_BEZIER_KNOTS.);
#2545 = CARTESIAN_POINT('',(-10.93718406685,8.984081516094,
    18.750028531283));
#2546 = CARTESIAN_POINT('',(-17.83279328719,14.573001872509,
    18.750028531283));
#2547 = PCURVE('',#2464,#2548);
#2548 = DEFINITIONAL_REPRESENTATION('',(#2549),#2552);
#2549 = B_SPLINE_CURVE_WITH_KNOTS('',1,(#2550,#2551),.UNSPECIFIED.,.F.,
  .F.,(2,2),(0.,8.876117240666E-03),.PIECEWISE_BEZIER_KNOTS.);
#2550 = CARTESIAN_POINT('',(0.,0.));
#2551 = CARTESIAN_POINT('',(8.876117240666E-03,0.));
#2552 = ( GEOMETRIC_REPRESENTATION_CONTEXT(2) 
PARAMETRIC_REPRESENTATION_CONTEXT() REPRESENTATION_CONTEXT('2D SPACE',''
  ) );
#2553 = PCURVE('',#2554,#2559);
#2554 = B_SPLINE_SURFACE_WITH_KNOTS('',1,1,(
    (#2555,#2556)
    ,(#2557,#2558
    )),.UNSPECIFIED.,.F.,.F.,.F.,(2,2),(2,2),(-4.331809092001E-03,
    5.001200786526E-03),(-2.419216761298E-03,3.442020482927E-03),
  .PIECEWISE_BEZIER_KNOTS.);
#2555 = CARTESIAN_POINT('',(-13.53669436029,18.631661380455,
    18.750028531283));
#2556 = CARTESIAN_POINT('',(-18.27853489893,15.186512568112,
    18.750028531283));
#2557 = CARTESIAN_POINT('',(-8.050888794198,11.081097780057,
    18.750028531283));
#2558 = CARTESIAN_POINT('',(-12.79272933283,7.635948967715,
    18.750028531283));
#2559 = DEFINITIONAL_REPRESENTATION('',(#2560),#2563);
#2560 = B_SPLINE_CURVE_WITH_KNOTS('',1,(#2561,#2562),.UNSPECIFIED.,.F.,
  .F.,(2,2),(0.,8.876117240666E-03),.PIECEWISE_BEZIER_KNOTS.);
#2561 = CARTESIAN_POINT('',(5.001200786526E-03,1.148440398838E-03));
#2562 = CARTESIAN_POINT('',(-3.573468167312E-03,3.442020482927E-03));
#2563 = ( GEOMETRIC_REPRESENTATION_CONTEXT(2) 
PARAMETRIC_REPRESENTATION_CONTEXT() REPRESENTATION_CONTEXT('2D SPACE',''
  ) );
#2564 = ADVANCED_FACE('',(#2565),#2528,.T.);
#2565 = FACE_BOUND('',#2566,.T.);
#2566 = EDGE_LOOP('',(#2567,#2568,#2591,#2617));
#2567 = ORIENTED_EDGE('',*,*,#2514,.T.);
#2568 = ORIENTED_EDGE('',*,*,#2569,.T.);
#2569 = EDGE_CURVE('',#2490,#2570,#2572,.T.);
#2570 = VERTEX_POINT('',#2571);
#2571 = CARTESIAN_POINT('',(-13.53669436029,18.631661380455,
    25.221605084184));
#2572 = SURFACE_CURVE('',#2573,(#2577,#2584),.PCURVE_S1.);
#2573 = ( BOUNDED_CURVE() B_SPLINE_CURVE(2,(#2574,#2575,#2576),
.UNSPECIFIED.,.F.,.F.) B_SPLINE_CURVE_WITH_KNOTS((3,3),(6.025850072572,
6.28318530718),.PIECEWISE_BEZIER_KNOTS.) CURVE() 
GEOMETRIC_REPRESENTATION_ITEM() RATIONAL_B_SPLINE_CURVE((1.,
0.99173373582,1.)) REPRESENTATION_ITEM('') );
#2574 = CARTESIAN_POINT('',(-17.83279328719,14.573001872509,
    25.221605084184));
#2575 = CARTESIAN_POINT('',(-15.94730337184,16.880251415174,
    25.221605084184));
#2576 = CARTESIAN_POINT('',(-13.53669436029,18.631661380455,
    25.221605084184));
#2577 = PCURVE('',#2528,#2578);
#2578 = DEFINITIONAL_REPRESENTATION('',(#2579),#2583);
#2579 = B_SPLINE_CURVE_WITH_KNOTS('',2,(#2580,#2581,#2582),
  .UNSPECIFIED.,.F.,.F.,(3,3),(6.025850072572,6.28318530718),
  .PIECEWISE_BEZIER_KNOTS.);
#2580 = CARTESIAN_POINT('',(6.025850072572,-6.471576552901E-03));
#2581 = CARTESIAN_POINT('',(6.154517689876,-6.471576552901E-03));
#2582 = CARTESIAN_POINT('',(6.28318530718,-6.471576552901E-03));
#2583 = ( GEOMETRIC_REPRESENTATION_CONTEXT(2) 
PARAMETRIC_REPRESENTATION_CONTEXT() REPRESENTATION_CONTEXT('2D SPACE',''
  ) );
#2584 = PCURVE('',#2503,#2585);
#2585 = DEFINITIONAL_REPRESENTATION('',(#2586),#2590);
#2586 = ( BOUNDED_CURVE() B_SPLINE_CURVE(2,(#2587,#2588,#2589),
.UNSPECIFIED.,.F.,.F.) B_SPLINE_CURVE_WITH_KNOTS((3,3),(6.025850072572,
6.28318530718),.PIECEWISE_BEZIER_KNOTS.) CURVE() 
GEOMETRIC_REPRESENTATION_ITEM() RATIONAL_B_SPLINE_CURVE((1.,
0.99173373582,1.)) REPRESENTATION_ITEM('') );
#2587 = CARTESIAN_POINT('',(-3.573468167312E-03,3.442020482927E-03));
#2588 = CARTESIAN_POINT('',(-4.331809092001E-03,5.604598441461E-04));
#2589 = CARTESIAN_POINT('',(-4.331809092001E-03,-2.419216761298E-03));
#2590 = ( GEOMETRIC_REPRESENTATION_CONTEXT(2) 
PARAMETRIC_REPRESENTATION_CONTEXT() REPRESENTATION_CONTEXT('2D SPACE',''
  ) );
#2591 = ORIENTED_EDGE('',*,*,#2592,.F.);
#2592 = EDGE_CURVE('',#2593,#2570,#2595,.T.);
#2593 = VERTEX_POINT('',#2594);
#2594 = CARTESIAN_POINT('',(-13.53669436029,18.631661380455,
    18.750028531283));
#2595 = SURFACE_CURVE('',#2596,(#2599,#2606),.PCURVE_S1.);
#2596 = B_SPLINE_CURVE_WITH_KNOTS('',1,(#2597,#2598),.UNSPECIFIED.,.F.,
  .F.,(2,2),(0.,6.471576552901E-03),.PIECEWISE_BEZIER_KNOTS.);
#2597 = CARTESIAN_POINT('',(-13.53669436029,18.631661380455,
    18.750028531283));
#2598 = CARTESIAN_POINT('',(-13.53669436029,18.631661380455,
    25.221605084184));
#2599 = PCURVE('',#2528,#2600);
#2600 = DEFINITIONAL_REPRESENTATION('',(#2601),#2605);
#2601 = B_SPLINE_CURVE_WITH_KNOTS('',2,(#2602,#2603,#2604),
  .UNSPECIFIED.,.F.,.F.,(3,3),(0.,6.471576552901E-03),
  .PIECEWISE_BEZIER_KNOTS.);
#2602 = CARTESIAN_POINT('',(6.28318530718,0.));
#2603 = CARTESIAN_POINT('',(6.28318530718,-3.23578827645E-03));
#2604 = CARTESIAN_POINT('',(6.28318530718,-6.471576552901E-03));
#2605 = ( GEOMETRIC_REPRESENTATION_CONTEXT(2) 
PARAMETRIC_REPRESENTATION_CONTEXT() REPRESENTATION_CONTEXT('2D SPACE',''
  ) );
#2606 = PCURVE('',#2607,#2612);
#2607 = B_SPLINE_SURFACE_WITH_KNOTS('',1,1,(
    (#2608,#2609)
    ,(#2610,#2611
    )),.UNSPECIFIED.,.F.,.F.,.F.,(2,2),(2,2),(0.,8.876117240666E-03),(
    -6.471576552901E-03,0.),.PIECEWISE_BEZIER_KNOTS.);
#2608 = CARTESIAN_POINT('',(-13.53669436029,18.631661380455,
    25.221605084184));
#2609 = CARTESIAN_POINT('',(-13.53669436029,18.631661380455,
    18.750028531283));
#2610 = CARTESIAN_POINT('',(-8.348420278673,11.429767926368,
    25.221605084184));
#2611 = CARTESIAN_POINT('',(-8.348420278673,11.429767926368,
    18.750028531283));
#2612 = DEFINITIONAL_REPRESENTATION('',(#2613),#2616);
#2613 = B_SPLINE_CURVE_WITH_KNOTS('',1,(#2614,#2615),.UNSPECIFIED.,.F.,
  .F.,(2,2),(0.,6.471576552901E-03),.PIECEWISE_BEZIER_KNOTS.);
#2614 = CARTESIAN_POINT('',(0.,0.));
#2615 = CARTESIAN_POINT('',(0.,-6.471576552901E-03));
#2616 = ( GEOMETRIC_REPRESENTATION_CONTEXT(2) 
PARAMETRIC_REPRESENTATION_CONTEXT() REPRESENTATION_CONTEXT('2D SPACE',''
  ) );
#2617 = ORIENTED_EDGE('',*,*,#2618,.F.);
#2618 = EDGE_CURVE('',#2515,#2593,#2619,.T.);
#2619 = SURFACE_CURVE('',#2620,(#2624,#2631),.PCURVE_S1.);
#2620 = ( BOUNDED_CURVE() B_SPLINE_CURVE(2,(#2621,#2622,#2623),
.UNSPECIFIED.,.F.,.F.) B_SPLINE_CURVE_WITH_KNOTS((3,3),(6.025850072572,
6.28318530718),.PIECEWISE_BEZIER_KNOTS.) CURVE() 
GEOMETRIC_REPRESENTATION_ITEM() RATIONAL_B_SPLINE_CURVE((1.,
0.99173373582,1.)) REPRESENTATION_ITEM('') );
#2621 = CARTESIAN_POINT('',(-17.83279328719,14.573001872509,
    18.750028531283));
#2622 = CARTESIAN_POINT('',(-15.94730337184,16.880251415174,
    18.750028531283));
#2623 = CARTESIAN_POINT('',(-13.53669436029,18.631661380455,
    18.750028531283));
#2624 = PCURVE('',#2528,#2625);
#2625 = DEFINITIONAL_REPRESENTATION('',(#2626),#2630);
#2626 = B_SPLINE_CURVE_WITH_KNOTS('',2,(#2627,#2628,#2629),
  .UNSPECIFIED.,.F.,.F.,(3,3),(6.025850072572,6.28318530718),
  .PIECEWISE_BEZIER_KNOTS.);
#2627 = CARTESIAN_POINT('',(6.025850072572,0.));
#2628 = CARTESIAN_POINT('',(6.154517689876,0.));
#2629 = CARTESIAN_POINT('',(6.28318530718,0.));
#2630 = ( GEOMETRIC_REPRESENTATION_CONTEXT(2) 
PARAMETRIC_REPRESENTATION_CONTEXT() REPRESENTATION_CONTEXT('2D SPACE',''
  ) );
#2631 = PCURVE('',#2554,#2632);
#2632 = DEFINITIONAL_REPRESENTATION('',(#2633),#2637);
#2633 = ( BOUNDED_CURVE() B_SPLINE_CURVE(2,(#2634,#2635,#2636),
.UNSPECIFIED.,.F.,.F.) B_SPLINE_CURVE_WITH_KNOTS((3,3),(6.025850072572,
6.28318530718),.PIECEWISE_BEZIER_KNOTS.) CURVE() 
GEOMETRIC_REPRESENTATION_ITEM() RATIONAL_B_SPLINE_CURVE((1.,
0.99173373582,1.)) REPRESENTATION_ITEM('') );
#2634 = CARTESIAN_POINT('',(-3.573468167312E-03,3.442020482927E-03));
#2635 = CARTESIAN_POINT('',(-4.331809092001E-03,5.604598441461E-04));
#2636 = CARTESIAN_POINT('',(-4.331809092001E-03,-2.419216761298E-03));
#2637 = ( GEOMETRIC_REPRESENTATION_CONTEXT(2) 
PARAMETRIC_REPRESENTATION_CONTEXT() REPRESENTATION_CONTEXT('2D SPACE',''
  ) );
#2638 = ADVANCED_FACE('',(#2639),#2607,.T.);
#2639 = FACE_BOUND('',#2640,.T.);
#2640 = EDGE_LOOP('',(#2641,#2642,#2662,#2683));
#2641 = ORIENTED_EDGE('',*,*,#2592,.T.);
#2642 = ORIENTED_EDGE('',*,*,#2643,.T.);
#2643 = EDGE_CURVE('',#2570,#2644,#2646,.T.);
#2644 = VERTEX_POINT('',#2645);
#2645 = CARTESIAN_POINT('',(-8.348420278673,11.429767926368,
    25.221605084184));
#2646 = SURFACE_CURVE('',#2647,(#2650,#2656),.PCURVE_S1.);
#2647 = B_SPLINE_CURVE_WITH_KNOTS('',1,(#2648,#2649),.UNSPECIFIED.,.F.,
  .F.,(2,2),(0.,8.876117240666E-03),.PIECEWISE_BEZIER_KNOTS.);
#2648 = CARTESIAN_POINT('',(-13.53669436029,18.631661380455,
    25.221605084184));
#2649 = CARTESIAN_POINT('',(-8.348420278673,11.429767926368,
    25.221605084184));
#2650 = PCURVE('',#2607,#2651);
#2651 = DEFINITIONAL_REPRESENTATION('',(#2652),#2655);
#2652 = B_SPLINE_CURVE_WITH_KNOTS('',1,(#2653,#2654),.UNSPECIFIED.,.F.,
  .F.,(2,2),(0.,8.876117240666E-03),.PIECEWISE_BEZIER_KNOTS.);
#2653 = CARTESIAN_POINT('',(0.,-6.471576552901E-03));
#2654 = CARTESIAN_POINT('',(8.876117240666E-03,-6.471576552901E-03));
#2655 = ( GEOMETRIC_REPRESENTATION_CONTEXT(2) 
PARAMETRIC_REPRESENTATION_CONTEXT() REPRESENTATION_CONTEXT('2D SPACE',''
  ) );
#2656 = PCURVE('',#2503,#2657);
#2657 = DEFINITIONAL_REPRESENTATION('',(#2658),#2661);
#2658 = B_SPLINE_CURVE_WITH_KNOTS('',1,(#2659,#2660),.UNSPECIFIED.,.F.,
  .F.,(2,2),(0.,8.876117240666E-03),.PIECEWISE_BEZIER_KNOTS.);
#2659 = CARTESIAN_POINT('',(-4.331809092001E-03,-2.419216761298E-03));
#2660 = CARTESIAN_POINT('',(4.544236094062E-03,-2.383451903911E-03));
#2661 = ( GEOMETRIC_REPRESENTATION_CONTEXT(2) 
PARAMETRIC_REPRESENTATION_CONTEXT() REPRESENTATION_CONTEXT('2D SPACE',''
  ) );
#2662 = ORIENTED_EDGE('',*,*,#2663,.F.);
#2663 = EDGE_CURVE('',#2664,#2644,#2666,.T.);
#2664 = VERTEX_POINT('',#2665);
#2665 = CARTESIAN_POINT('',(-8.348420278673,11.429767926368,
    18.750028531283));
#2666 = SURFACE_CURVE('',#2667,(#2670,#2676),.PCURVE_S1.);
#2667 = B_SPLINE_CURVE_WITH_KNOTS('',1,(#2668,#2669),.UNSPECIFIED.,.F.,
  .F.,(2,2),(0.,6.471576552901E-03),.PIECEWISE_BEZIER_KNOTS.);
#2668 = CARTESIAN_POINT('',(-8.348420278673,11.429767926368,
    18.750028531283));
#2669 = CARTESIAN_POINT('',(-8.348420278673,11.429767926368,
    25.221605084184));
#2670 = PCURVE('',#2607,#2671);
#2671 = DEFINITIONAL_REPRESENTATION('',(#2672),#2675);
#2672 = B_SPLINE_CURVE_WITH_KNOTS('',1,(#2673,#2674),.UNSPECIFIED.,.F.,
  .F.,(2,2),(0.,6.471576552901E-03),.PIECEWISE_BEZIER_KNOTS.);
#2673 = CARTESIAN_POINT('',(8.876117240666E-03,0.));
#2674 = CARTESIAN_POINT('',(8.876117240666E-03,-6.471576552901E-03));
#2675 = ( GEOMETRIC_REPRESENTATION_CONTEXT(2) 
PARAMETRIC_REPRESENTATION_CONTEXT() REPRESENTATION_CONTEXT('2D SPACE',''
  ) );
#2676 = PCURVE('',#2475,#2677);
#2677 = DEFINITIONAL_REPRESENTATION('',(#2678),#2682);
#2678 = B_SPLINE_CURVE_WITH_KNOTS('',2,(#2679,#2680,#2681),
  .UNSPECIFIED.,.F.,.F.,(3,3),(0.,6.471576552901E-03),
  .PIECEWISE_BEZIER_KNOTS.);
#2679 = CARTESIAN_POINT('',(3.144119493737,0.));
#2680 = CARTESIAN_POINT('',(3.144119493737,-3.23578827645E-03));
#2681 = CARTESIAN_POINT('',(3.144119493737,-6.471576552901E-03));
#2682 = ( GEOMETRIC_REPRESENTATION_CONTEXT(2) 
PARAMETRIC_REPRESENTATION_CONTEXT() REPRESENTATION_CONTEXT('2D SPACE',''
  ) );
#2683 = ORIENTED_EDGE('',*,*,#2684,.F.);
#2684 = EDGE_CURVE('',#2593,#2664,#2685,.T.);
#2685 = SURFACE_CURVE('',#2686,(#2689,#2695),.PCURVE_S1.);
#2686 = B_SPLINE_CURVE_WITH_KNOTS('',1,(#2687,#2688),.UNSPECIFIED.,.F.,
  .F.,(2,2),(0.,8.876117240666E-03),.PIECEWISE_BEZIER_KNOTS.);
#2687 = CARTESIAN_POINT('',(-13.53669436029,18.631661380455,
    18.750028531283));
#2688 = CARTESIAN_POINT('',(-8.348420278673,11.429767926368,
    18.750028531283));
#2689 = PCURVE('',#2607,#2690);
#2690 = DEFINITIONAL_REPRESENTATION('',(#2691),#2694);
#2691 = B_SPLINE_CURVE_WITH_KNOTS('',1,(#2692,#2693),.UNSPECIFIED.,.F.,
  .F.,(2,2),(0.,8.876117240666E-03),.PIECEWISE_BEZIER_KNOTS.);
#2692 = CARTESIAN_POINT('',(0.,0.));
#2693 = CARTESIAN_POINT('',(8.876117240666E-03,0.));
#2694 = ( GEOMETRIC_REPRESENTATION_CONTEXT(2) 
PARAMETRIC_REPRESENTATION_CONTEXT() REPRESENTATION_CONTEXT('2D SPACE',''
  ) );
#2695 = PCURVE('',#2554,#2696);
#2696 = DEFINITIONAL_REPRESENTATION('',(#2697),#2700);
#2697 = B_SPLINE_CURVE_WITH_KNOTS('',1,(#2698,#2699),.UNSPECIFIED.,.F.,
  .F.,(2,2),(0.,8.876117240666E-03),.PIECEWISE_BEZIER_KNOTS.);
#2698 = CARTESIAN_POINT('',(-4.331809092001E-03,-2.419216761298E-03));
#2699 = CARTESIAN_POINT('',(4.544236094062E-03,-2.383451903911E-03));
#2700 = ( GEOMETRIC_REPRESENTATION_CONTEXT(2) 
PARAMETRIC_REPRESENTATION_CONTEXT() REPRESENTATION_CONTEXT('2D SPACE',''
  ) );
#2701 = ADVANCED_FACE('',(#2702),#2475,.T.);
#2702 = FACE_BOUND('',#2703,.T.);
#2703 = EDGE_LOOP('',(#2704,#2705,#2726,#2727));
#2704 = ORIENTED_EDGE('',*,*,#2663,.T.);
#2705 = ORIENTED_EDGE('',*,*,#2706,.T.);
#2706 = EDGE_CURVE('',#2644,#2457,#2707,.T.);
#2707 = SURFACE_CURVE('',#2708,(#2712,#2719),.PCURVE_S1.);
#2708 = ( BOUNDED_CURVE() B_SPLINE_CURVE(2,(#2709,#2710,#2711),
.UNSPECIFIED.,.F.,.F.) B_SPLINE_CURVE_WITH_KNOTS((3,3),(3.144119493737,
3.39640104805),.PIECEWISE_BEZIER_KNOTS.) CURVE() 
GEOMETRIC_REPRESENTATION_ITEM() RATIONAL_B_SPLINE_CURVE((1.,
0.992054795563,1.)) REPRESENTATION_ITEM('') );
#2709 = CARTESIAN_POINT('',(-8.348420278673,11.429767926368,
    25.221605084184));
#2710 = CARTESIAN_POINT('',(-9.797875923894,10.371070586269,
    25.221605084184));
#2711 = CARTESIAN_POINT('',(-10.93718406685,8.984081516094,
    25.221605084184));
#2712 = PCURVE('',#2475,#2713);
#2713 = DEFINITIONAL_REPRESENTATION('',(#2714),#2718);
#2714 = B_SPLINE_CURVE_WITH_KNOTS('',2,(#2715,#2716,#2717),
  .UNSPECIFIED.,.F.,.F.,(3,3),(3.144119493737,3.39640104805),
  .PIECEWISE_BEZIER_KNOTS.);
#2715 = CARTESIAN_POINT('',(3.144119493737,-6.471576552901E-03));
#2716 = CARTESIAN_POINT('',(3.270260270894,-6.471576552901E-03));
#2717 = CARTESIAN_POINT('',(3.39640104805,-6.471576552901E-03));
#2718 = ( GEOMETRIC_REPRESENTATION_CONTEXT(2) 
PARAMETRIC_REPRESENTATION_CONTEXT() REPRESENTATION_CONTEXT('2D SPACE',''
  ) );
#2719 = PCURVE('',#2503,#2720);
#2720 = DEFINITIONAL_REPRESENTATION('',(#2721),#2725);
#2721 = ( BOUNDED_CURVE() B_SPLINE_CURVE(2,(#2722,#2723,#2724),
.UNSPECIFIED.,.F.,.F.) B_SPLINE_CURVE_WITH_KNOTS((3,3),(3.144119493737,
3.39640104805),.PIECEWISE_BEZIER_KNOTS.) CURVE() 
GEOMETRIC_REPRESENTATION_ITEM() RATIONAL_B_SPLINE_CURVE((1.,
0.992054795563,1.)) REPRESENTATION_ITEM('') );
#2722 = CARTESIAN_POINT('',(4.544236094062E-03,-2.383451903911E-03));
#2723 = CARTESIAN_POINT('',(4.548771581989E-03,-5.885309711837E-04));
#2724 = CARTESIAN_POINT('',(5.001200786526E-03,1.148440398838E-03));
#2725 = ( GEOMETRIC_REPRESENTATION_CONTEXT(2) 
PARAMETRIC_REPRESENTATION_CONTEXT() REPRESENTATION_CONTEXT('2D SPACE',''
  ) );
#2726 = ORIENTED_EDGE('',*,*,#2454,.F.);
#2727 = ORIENTED_EDGE('',*,*,#2728,.F.);
#2728 = EDGE_CURVE('',#2664,#2455,#2729,.T.);
#2729 = SURFACE_CURVE('',#2730,(#2734,#2741),.PCURVE_S1.);
#2730 = ( BOUNDED_CURVE() B_SPLINE_CURVE(2,(#2731,#2732,#2733),
.UNSPECIFIED.,.F.,.F.) B_SPLINE_CURVE_WITH_KNOTS((3,3),(3.144119493737,
3.39640104805),.PIECEWISE_BEZIER_KNOTS.) CURVE() 
GEOMETRIC_REPRESENTATION_ITEM() RATIONAL_B_SPLINE_CURVE((1.,
0.992054795563,1.)) REPRESENTATION_ITEM('') );
#2731 = CARTESIAN_POINT('',(-8.348420278673,11.429767926368,
    18.750028531283));
#2732 = CARTESIAN_POINT('',(-9.797875923894,10.371070586269,
    18.750028531283));
#2733 = CARTESIAN_POINT('',(-10.93718406685,8.984081516094,
    18.750028531283));
#2734 = PCURVE('',#2475,#2735);
#2735 = DEFINITIONAL_REPRESENTATION('',(#2736),#2740);
#2736 = B_SPLINE_CURVE_WITH_KNOTS('',2,(#2737,#2738,#2739),
  .UNSPECIFIED.,.F.,.F.,(3,3),(3.144119493737,3.39640104805),
  .PIECEWISE_BEZIER_KNOTS.);
#2737 = CARTESIAN_POINT('',(3.144119493737,0.));
#2738 = CARTESIAN_POINT('',(3.270260270894,0.));
#2739 = CARTESIAN_POINT('',(3.39640104805,0.));
#2740 = ( GEOMETRIC_REPRESENTATION_CONTEXT(2) 
PARAMETRIC_REPRESENTATION_CONTEXT() REPRESENTATION_CONTEXT('2D SPACE',''
  ) );
#2741 = PCURVE('',#2554,#2742);
#2742 = DEFINITIONAL_REPRESENTATION('',(#2743),#2747);
#2743 = ( BOUNDED_CURVE() B_SPLINE_CURVE(2,(#2744,#2745,#2746),
.UNSPECIFIED.,.F.,.F.) B_SPLINE_CURVE_WITH_KNOTS((3,3),(3.144119493737,
3.39640104805),.PIECEWISE_BEZIER_KNOTS.) CURVE() 
GEOMETRIC_REPRESENTATION_ITEM() RATIONAL_B_SPLINE_CURVE((1.,
0.992054795563,1.)) REPRESENTATION_ITEM('') );
#2744 = CARTESIAN_POINT('',(4.544236094062E-03,-2.383451903911E-03));
#2745 = CARTESIAN_POINT('',(4.548771581989E-03,-5.885309711837E-04));
#2746 = CARTESIAN_POINT('',(5.001200786526E-03,1.148440398838E-03));
#2747 = ( GEOMETRIC_REPRESENTATION_CONTEXT(2) 
PARAMETRIC_REPRESENTATION_CONTEXT() REPRESENTATION_CONTEXT('2D SPACE',''
  ) );
#2748 = ADVANCED_FACE('',(#2749),#2554,.T.);
#2749 = FACE_BOUND('',#2750,.T.);
#2750 = EDGE_LOOP('',(#2751,#2752,#2753,#2754));
#2751 = ORIENTED_EDGE('',*,*,#2542,.T.);
#2752 = ORIENTED_EDGE('',*,*,#2618,.T.);
#2753 = ORIENTED_EDGE('',*,*,#2684,.T.);
#2754 = ORIENTED_EDGE('',*,*,#2728,.T.);
#2755 = ADVANCED_FACE('',(#2756),#2503,.F.);
#2756 = FACE_BOUND('',#2757,.F.);
#2757 = EDGE_LOOP('',(#2758,#2759,#2760,#2761));
#2758 = ORIENTED_EDGE('',*,*,#2489,.T.);
#2759 = ORIENTED_EDGE('',*,*,#2569,.T.);
#2760 = ORIENTED_EDGE('',*,*,#2643,.T.);
#2761 = ORIENTED_EDGE('',*,*,#2706,.T.);
#2762 = ( GEOMETRIC_REPRESENTATION_CONTEXT(3) 
GLOBAL_UNCERTAINTY_ASSIGNED_CONTEXT((#2766)) 
GLOBAL_UNIT_ASSIGNED_CONTEXT((#2763,#2764,#2765)) REPRESENTATION_CONTEXT
('Context #1','3D Context with UNIT and UNCERTAINTY') );
#2763 = ( LENGTH_UNIT() NAMED_UNIT(*) SI_UNIT(.MILLI.,.METRE.) );
#2764 = ( NAMED_UNIT(*) PLANE_ANGLE_UNIT() SI_UNIT($,.RADIAN.) );
#2765 = ( NAMED_UNIT(*) SI_UNIT($,.STERADIAN.) SOLID_ANGLE_UNIT() );
#2766 = UNCERTAINTY_MEASURE_WITH_UNIT(LENGTH_MEASURE(1.E-04),#2763,
  'distance_accuracy_value','confusion accuracy');
#2767 = CONTEXT_DEPENDENT_SHAPE_REPRESENTATION(#2768,#2770);
#2768 = ( REPRESENTATION_RELATIONSHIP('','',#2447,#10) 
REPRESENTATION_RELATIONSHIP_WITH_TRANSFORMATION(#2769) 
SHAPE_REPRESENTATION_RELATIONSHIP() );
#2769 = ITEM_DEFINED_TRANSFORMATION('','',#11,#43);
#2770 = PRODUCT_DEFINITION_SHAPE('Placement','Placement of an item',
  #2771);
#2771 = NEXT_ASSEMBLY_USAGE_OCCURRENCE('5992','','',#5,#2442,$);
#2772 = PRODUCT_RELATED_PRODUCT_CATEGORY('part',$,(#2444));
#2773 = SHAPE_DEFINITION_REPRESENTATION(#2774,#2780);
#2774 = PRODUCT_DEFINITION_SHAPE('','',#2775);
#2775 = PRODUCT_DEFINITION('design','',#2776,#2779);
#2776 = PRODUCT_DEFINITION_FORMATION('','',#2777);
#2777 = PRODUCT('Open CASCADE STEP translator 7.8 154.9',
  'Open CASCADE STEP translator 7.8 154.9','',(#2778));
#2778 = PRODUCT_CONTEXT('',#2,'mechanical');
#2779 = PRODUCT_DEFINITION_CONTEXT('part definition',#2,'design');
#2780 = ADVANCED_BREP_SHAPE_REPRESENTATION('',(#11,#2781),#3095);
#2781 = MANIFOLD_SOLID_BREP('',#2782);
#2782 = CLOSED_SHELL('',(#2783,#2897,#2971,#3034,#3081,#3088));
#2783 = ADVANCED_FACE('',(#2784),#2797,.T.);
#2784 = FACE_BOUND('',#2785,.T.);
#2785 = EDGE_LOOP('',(#2786,#2821,#2846,#2874));
#2786 = ORIENTED_EDGE('',*,*,#2787,.T.);
#2787 = EDGE_CURVE('',#2788,#2790,#2792,.T.);
#2788 = VERTEX_POINT('',#2789);
#2789 = CARTESIAN_POINT('',(-13.17811404402,5.164593521544,
    18.750028531283));
#2790 = VERTEX_POINT('',#2791);
#2791 = CARTESIAN_POINT('',(-13.17811404402,5.164593521544,
    25.221605084184));
#2792 = SURFACE_CURVE('',#2793,(#2796,#2807),.PCURVE_S1.);
#2793 = B_SPLINE_CURVE_WITH_KNOTS('',1,(#2794,#2795),.UNSPECIFIED.,.F.,
  .F.,(2,2),(0.,6.471576552901E-03),.PIECEWISE_BEZIER_KNOTS.);
#2794 = CARTESIAN_POINT('',(-13.17811404402,5.164593521544,
    18.750028531283));
#2795 = CARTESIAN_POINT('',(-13.17811404402,5.164593521544,
    25.221605084184));
#2796 = PCURVE('',#2797,#2802);
#2797 = B_SPLINE_SURFACE_WITH_KNOTS('',1,1,(
    (#2798,#2799)
    ,(#2800,#2801
    )),.UNSPECIFIED.,.F.,.F.,.F.,(2,2),(2,2),(0.,8.876117240666E-03),(
    -6.471576552901E-03,0.),.PIECEWISE_BEZIER_KNOTS.);
#2798 = CARTESIAN_POINT('',(-13.17811404402,5.164593521544,
    25.221605084184));
#2799 = CARTESIAN_POINT('',(-13.17811404402,5.164593521544,
    18.750028531283));
#2800 = CARTESIAN_POINT('',(-21.46329949719,8.349112209913,
    25.221605084184));
#2801 = CARTESIAN_POINT('',(-21.46329949719,8.349112209913,
    18.750028531283));
#2802 = DEFINITIONAL_REPRESENTATION('',(#2803),#2806);
#2803 = B_SPLINE_CURVE_WITH_KNOTS('',1,(#2804,#2805),.UNSPECIFIED.,.F.,
  .F.,(2,2),(0.,6.471576552901E-03),.PIECEWISE_BEZIER_KNOTS.);
#2804 = CARTESIAN_POINT('',(0.,0.));
#2805 = CARTESIAN_POINT('',(0.,-6.471576552901E-03));
#2806 = ( GEOMETRIC_REPRESENTATION_CONTEXT(2) 
PARAMETRIC_REPRESENTATION_CONTEXT() REPRESENTATION_CONTEXT('2D SPACE',''
  ) );
#2807 = PCURVE('',#2808,#2815);
#2808 = ( BOUNDED_SURFACE() B_SPLINE_SURFACE(2,1,(
    (#2809,#2810)
    ,(#2811,#2812)
    ,(#2813,#2814
)),.UNSPECIFIED.,.F.,.F.,.F.) B_SPLINE_SURFACE_WITH_KNOTS((3,3),(2,2),(
    3.144119493737,3.39640104805),(-6.471576552901E-03,0.),
.PIECEWISE_BEZIER_KNOTS.) GEOMETRIC_REPRESENTATION_ITEM() 
RATIONAL_B_SPLINE_SURFACE((
    (1.,1.)
    ,(0.992054795563,0.992054795563)
,(1.,1.))) REPRESENTATION_ITEM('') SURFACE() );
#2809 = CARTESIAN_POINT('',(-11.47181203781,8.290551523819,
    25.221605084184));
#2810 = CARTESIAN_POINT('',(-11.47181203781,8.290551523819,
    18.750028531283));
#2811 = CARTESIAN_POINT('',(-12.52317080429,6.835764092768,
    25.221605084184));
#2812 = CARTESIAN_POINT('',(-12.52317080429,6.835764092768,
    18.750028531283));
#2813 = CARTESIAN_POINT('',(-13.17811404402,5.164593521544,
    25.221605084184));
#2814 = CARTESIAN_POINT('',(-13.17811404402,5.164593521544,
    18.750028531283));
#2815 = DEFINITIONAL_REPRESENTATION('',(#2816),#2820);
#2816 = B_SPLINE_CURVE_WITH_KNOTS('',2,(#2817,#2818,#2819),
  .UNSPECIFIED.,.F.,.F.,(3,3),(0.,6.471576552901E-03),
  .PIECEWISE_BEZIER_KNOTS.);
#2817 = CARTESIAN_POINT('',(3.39640104805,0.));
#2818 = CARTESIAN_POINT('',(3.39640104805,-3.23578827645E-03));
#2819 = CARTESIAN_POINT('',(3.39640104805,-6.471576552901E-03));
#2820 = ( GEOMETRIC_REPRESENTATION_CONTEXT(2) 
PARAMETRIC_REPRESENTATION_CONTEXT() REPRESENTATION_CONTEXT('2D SPACE',''
  ) );
#2821 = ORIENTED_EDGE('',*,*,#2822,.T.);
#2822 = EDGE_CURVE('',#2790,#2823,#2825,.T.);
#2823 = VERTEX_POINT('',#2824);
#2824 = CARTESIAN_POINT('',(-21.46329949719,8.349112209913,
    25.221605084184));
#2825 = SURFACE_CURVE('',#2826,(#2829,#2835),.PCURVE_S1.);
#2826 = B_SPLINE_CURVE_WITH_KNOTS('',1,(#2827,#2828),.UNSPECIFIED.,.F.,
  .F.,(2,2),(0.,8.876117240666E-03),.PIECEWISE_BEZIER_KNOTS.);
#2827 = CARTESIAN_POINT('',(-13.17811404402,5.164593521544,
    25.221605084184));
#2828 = CARTESIAN_POINT('',(-21.46329949719,8.349112209913,
    25.221605084184));
#2829 = PCURVE('',#2797,#2830);
#2830 = DEFINITIONAL_REPRESENTATION('',(#2831),#2834);
#2831 = B_SPLINE_CURVE_WITH_KNOTS('',1,(#2832,#2833),.UNSPECIFIED.,.F.,
  .F.,(2,2),(0.,8.876117240666E-03),.PIECEWISE_BEZIER_KNOTS.);
#2832 = CARTESIAN_POINT('',(0.,-6.471576552901E-03));
#2833 = CARTESIAN_POINT('',(8.876117240666E-03,-6.471576552901E-03));
#2834 = ( GEOMETRIC_REPRESENTATION_CONTEXT(2) 
PARAMETRIC_REPRESENTATION_CONTEXT() REPRESENTATION_CONTEXT('2D SPACE',''
  ) );
#2835 = PCURVE('',#2836,#2841);
#2836 = B_SPLINE_SURFACE_WITH_KNOTS('',1,1,(
    (#2837,#2838)
    ,(#2839,#2840
    )),.UNSPECIFIED.,.F.,.F.,.F.,(2,2),(2,2),(-4.331809092001E-03,
    5.001200786526E-03),(-2.419216761298E-03,3.442020482927E-03),
  .PIECEWISE_BEZIER_KNOTS.);
#2837 = CARTESIAN_POINT('',(-18.63166138045,13.536694360296,
    25.221605084184));
#2838 = CARTESIAN_POINT('',(-22.07681019279,8.794853821654,
    25.221605084184));
#2839 = CARTESIAN_POINT('',(-11.08109778005,8.050888794198,
    25.221605084184));
#2840 = CARTESIAN_POINT('',(-14.5262465924,3.309048255556,
    25.221605084184));
#2841 = DEFINITIONAL_REPRESENTATION('',(#2842),#2845);
#2842 = B_SPLINE_CURVE_WITH_KNOTS('',1,(#2843,#2844),.UNSPECIFIED.,.F.,
  .F.,(2,2),(0.,8.876117240666E-03),.PIECEWISE_BEZIER_KNOTS.);
#2843 = CARTESIAN_POINT('',(5.001200786526E-03,1.148440398838E-03));
#2844 = CARTESIAN_POINT('',(-3.573468167312E-03,3.442020482927E-03));
#2845 = ( GEOMETRIC_REPRESENTATION_CONTEXT(2) 
PARAMETRIC_REPRESENTATION_CONTEXT() REPRESENTATION_CONTEXT('2D SPACE',''
  ) );
#2846 = ORIENTED_EDGE('',*,*,#2847,.F.);
#2847 = EDGE_CURVE('',#2848,#2823,#2850,.T.);
#2848 = VERTEX_POINT('',#2849);
#2849 = CARTESIAN_POINT('',(-21.46329949719,8.349112209913,
    18.750028531283));
#2850 = SURFACE_CURVE('',#2851,(#2854,#2860),.PCURVE_S1.);
#2851 = B_SPLINE_CURVE_WITH_KNOTS('',1,(#2852,#2853),.UNSPECIFIED.,.F.,
  .F.,(2,2),(0.,6.471576552901E-03),.PIECEWISE_BEZIER_KNOTS.);
#2852 = CARTESIAN_POINT('',(-21.46329949719,8.349112209913,
    18.750028531283));
#2853 = CARTESIAN_POINT('',(-21.46329949719,8.349112209913,
    25.221605084184));
#2854 = PCURVE('',#2797,#2855);
#2855 = DEFINITIONAL_REPRESENTATION('',(#2856),#2859);
#2856 = B_SPLINE_CURVE_WITH_KNOTS('',1,(#2857,#2858),.UNSPECIFIED.,.F.,
  .F.,(2,2),(0.,6.471576552901E-03),.PIECEWISE_BEZIER_KNOTS.);
#2857 = CARTESIAN_POINT('',(8.876117240666E-03,0.));
#2858 = CARTESIAN_POINT('',(8.876117240666E-03,-6.471576552901E-03));
#2859 = ( GEOMETRIC_REPRESENTATION_CONTEXT(2) 
PARAMETRIC_REPRESENTATION_CONTEXT() REPRESENTATION_CONTEXT('2D SPACE',''
  ) );
#2860 = PCURVE('',#2861,#2868);
#2861 = ( BOUNDED_SURFACE() B_SPLINE_SURFACE(2,1,(
    (#2862,#2863)
    ,(#2864,#2865)
    ,(#2866,#2867
)),.UNSPECIFIED.,.F.,.F.,.F.) B_SPLINE_SURFACE_WITH_KNOTS((3,3),(2,2),(
    6.025850072572,6.28318530718),(-6.471576552901E-03,0.),
.PIECEWISE_BEZIER_KNOTS.) GEOMETRIC_REPRESENTATION_ITEM() 
RATIONAL_B_SPLINE_SURFACE((
    (1.,1.)
    ,(0.99173373582,0.99173373582)
,(1.,1.))) REPRESENTATION_ITEM('') SURFACE() );
#2862 = CARTESIAN_POINT('',(-21.46329949719,8.349112209912,
    25.221605084184));
#2863 = CARTESIAN_POINT('',(-21.46329949719,8.349112209912,
    18.750028531283));
#2864 = CARTESIAN_POINT('',(-20.38307134573,11.12608534875,
    25.221605084184));
#2865 = CARTESIAN_POINT('',(-20.38307134573,11.12608534875,
    18.750028531283));
#2866 = CARTESIAN_POINT('',(-18.63166138045,13.536694360296,
    25.221605084184));
#2867 = CARTESIAN_POINT('',(-18.63166138045,13.536694360296,
    18.750028531283));
#2868 = DEFINITIONAL_REPRESENTATION('',(#2869),#2873);
#2869 = B_SPLINE_CURVE_WITH_KNOTS('',2,(#2870,#2871,#2872),
  .UNSPECIFIED.,.F.,.F.,(3,3),(0.,6.471576552901E-03),
  .PIECEWISE_BEZIER_KNOTS.);
#2870 = CARTESIAN_POINT('',(6.025850072572,0.));
#2871 = CARTESIAN_POINT('',(6.025850072572,-3.23578827645E-03));
#2872 = CARTESIAN_POINT('',(6.025850072572,-6.471576552901E-03));
#2873 = ( GEOMETRIC_REPRESENTATION_CONTEXT(2) 
PARAMETRIC_REPRESENTATION_CONTEXT() REPRESENTATION_CONTEXT('2D SPACE',''
  ) );
#2874 = ORIENTED_EDGE('',*,*,#2875,.F.);
#2875 = EDGE_CURVE('',#2788,#2848,#2876,.T.);
#2876 = SURFACE_CURVE('',#2877,(#2880,#2886),.PCURVE_S1.);
#2877 = B_SPLINE_CURVE_WITH_KNOTS('',1,(#2878,#2879),.UNSPECIFIED.,.F.,
  .F.,(2,2),(0.,8.876117240666E-03),.PIECEWISE_BEZIER_KNOTS.);
#2878 = CARTESIAN_POINT('',(-13.17811404402,5.164593521544,
    18.750028531283));
#2879 = CARTESIAN_POINT('',(-21.46329949719,8.349112209913,
    18.750028531283));
#2880 = PCURVE('',#2797,#2881);
#2881 = DEFINITIONAL_REPRESENTATION('',(#2882),#2885);
#2882 = B_SPLINE_CURVE_WITH_KNOTS('',1,(#2883,#2884),.UNSPECIFIED.,.F.,
  .F.,(2,2),(0.,8.876117240666E-03),.PIECEWISE_BEZIER_KNOTS.);
#2883 = CARTESIAN_POINT('',(0.,0.));
#2884 = CARTESIAN_POINT('',(8.876117240666E-03,0.));
#2885 = ( GEOMETRIC_REPRESENTATION_CONTEXT(2) 
PARAMETRIC_REPRESENTATION_CONTEXT() REPRESENTATION_CONTEXT('2D SPACE',''
  ) );
#2886 = PCURVE('',#2887,#2892);
#2887 = B_SPLINE_SURFACE_WITH_KNOTS('',1,1,(
    (#2888,#2889)
    ,(#2890,#2891
    )),.UNSPECIFIED.,.F.,.F.,.F.,(2,2),(2,2),(-4.331809092001E-03,
    5.001200786526E-03),(-2.419216761298E-03,3.442020482927E-03),
  .PIECEWISE_BEZIER_KNOTS.);
#2888 = CARTESIAN_POINT('',(-18.63166138045,13.536694360296,
    18.750028531283));
#2889 = CARTESIAN_POINT('',(-22.07681019279,8.794853821654,
    18.750028531283));
#2890 = CARTESIAN_POINT('',(-11.08109778005,8.050888794198,
    18.750028531283));
#2891 = CARTESIAN_POINT('',(-14.5262465924,3.309048255556,
    18.750028531283));
#2892 = DEFINITIONAL_REPRESENTATION('',(#2893),#2896);
#2893 = B_SPLINE_CURVE_WITH_KNOTS('',1,(#2894,#2895),.UNSPECIFIED.,.F.,
  .F.,(2,2),(0.,8.876117240666E-03),.PIECEWISE_BEZIER_KNOTS.);
#2894 = CARTESIAN_POINT('',(5.001200786526E-03,1.148440398838E-03));
#2895 = CARTESIAN_POINT('',(-3.573468167312E-03,3.442020482927E-03));
#2896 = ( GEOMETRIC_REPRESENTATION_CONTEXT(2) 
PARAMETRIC_REPRESENTATION_CONTEXT() REPRESENTATION_CONTEXT('2D SPACE',''
  ) );
#2897 = ADVANCED_FACE('',(#2898),#2861,.T.);
#2898 = FACE_BOUND('',#2899,.T.);
#2899 = EDGE_LOOP('',(#2900,#2901,#2924,#2950));
#2900 = ORIENTED_EDGE('',*,*,#2847,.T.);
#2901 = ORIENTED_EDGE('',*,*,#2902,.T.);
#2902 = EDGE_CURVE('',#2823,#2903,#2905,.T.);
#2903 = VERTEX_POINT('',#2904);
#2904 = CARTESIAN_POINT('',(-18.63166138045,13.536694360296,
    25.221605084184));
#2905 = SURFACE_CURVE('',#2906,(#2910,#2917),.PCURVE_S1.);
#2906 = ( BOUNDED_CURVE() B_SPLINE_CURVE(2,(#2907,#2908,#2909),
.UNSPECIFIED.,.F.,.F.) B_SPLINE_CURVE_WITH_KNOTS((3,3),(6.025850072572,
6.28318530718),.PIECEWISE_BEZIER_KNOTS.) CURVE() 
GEOMETRIC_REPRESENTATION_ITEM() RATIONAL_B_SPLINE_CURVE((1.,
0.99173373582,1.)) REPRESENTATION_ITEM('') );
#2907 = CARTESIAN_POINT('',(-21.46329949719,8.349112209912,
    25.221605084184));
#2908 = CARTESIAN_POINT('',(-20.38307134573,11.12608534875,
    25.221605084184));
#2909 = CARTESIAN_POINT('',(-18.63166138045,13.536694360296,
    25.221605084184));
#2910 = PCURVE('',#2861,#2911);
#2911 = DEFINITIONAL_REPRESENTATION('',(#2912),#2916);
#2912 = B_SPLINE_CURVE_WITH_KNOTS('',2,(#2913,#2914,#2915),
  .UNSPECIFIED.,.F.,.F.,(3,3),(6.025850072572,6.28318530718),
  .PIECEWISE_BEZIER_KNOTS.);
#2913 = CARTESIAN_POINT('',(6.025850072572,-6.471576552901E-03));
#2914 = CARTESIAN_POINT('',(6.154517689876,-6.471576552901E-03));
#2915 = CARTESIAN_POINT('',(6.28318530718,-6.471576552901E-03));
#2916 = ( GEOMETRIC_REPRESENTATION_CONTEXT(2) 
PARAMETRIC_REPRESENTATION_CONTEXT() REPRESENTATION_CONTEXT('2D SPACE',''
  ) );
#2917 = PCURVE('',#2836,#2918);
#2918 = DEFINITIONAL_REPRESENTATION('',(#2919),#2923);
#2919 = ( BOUNDED_CURVE() B_SPLINE_CURVE(2,(#2920,#2921,#2922),
.UNSPECIFIED.,.F.,.F.) B_SPLINE_CURVE_WITH_KNOTS((3,3),(6.025850072572,
6.28318530718),.PIECEWISE_BEZIER_KNOTS.) CURVE() 
GEOMETRIC_REPRESENTATION_ITEM() RATIONAL_B_SPLINE_CURVE((1.,
0.99173373582,1.)) REPRESENTATION_ITEM('') );
#2920 = CARTESIAN_POINT('',(-3.573468167312E-03,3.442020482927E-03));
#2921 = CARTESIAN_POINT('',(-4.331809092001E-03,5.604598441461E-04));
#2922 = CARTESIAN_POINT('',(-4.331809092001E-03,-2.419216761298E-03));
#2923 = ( GEOMETRIC_REPRESENTATION_CONTEXT(2) 
PARAMETRIC_REPRESENTATION_CONTEXT() REPRESENTATION_CONTEXT('2D SPACE',''
  ) );
#2924 = ORIENTED_EDGE('',*,*,#2925,.F.);
#2925 = EDGE_CURVE('',#2926,#2903,#2928,.T.);
#2926 = VERTEX_POINT('',#2927);
#2927 = CARTESIAN_POINT('',(-18.63166138045,13.536694360296,
    18.750028531283));
#2928 = SURFACE_CURVE('',#2929,(#2932,#2939),.PCURVE_S1.);
#2929 = B_SPLINE_CURVE_WITH_KNOTS('',1,(#2930,#2931),.UNSPECIFIED.,.F.,
  .F.,(2,2),(0.,6.471576552901E-03),.PIECEWISE_BEZIER_KNOTS.);
#2930 = CARTESIAN_POINT('',(-18.63166138045,13.536694360296,
    18.750028531283));
#2931 = CARTESIAN_POINT('',(-18.63166138045,13.536694360296,
    25.221605084184));
#2932 = PCURVE('',#2861,#2933);
#2933 = DEFINITIONAL_REPRESENTATION('',(#2934),#2938);
#2934 = B_SPLINE_CURVE_WITH_KNOTS('',2,(#2935,#2936,#2937),
  .UNSPECIFIED.,.F.,.F.,(3,3),(0.,6.471576552901E-03),
  .PIECEWISE_BEZIER_KNOTS.);
#2935 = CARTESIAN_POINT('',(6.28318530718,0.));
#2936 = CARTESIAN_POINT('',(6.28318530718,-3.23578827645E-03));
#2937 = CARTESIAN_POINT('',(6.28318530718,-6.471576552901E-03));
#2938 = ( GEOMETRIC_REPRESENTATION_CONTEXT(2) 
PARAMETRIC_REPRESENTATION_CONTEXT() REPRESENTATION_CONTEXT('2D SPACE',''
  ) );
#2939 = PCURVE('',#2940,#2945);
#2940 = B_SPLINE_SURFACE_WITH_KNOTS('',1,1,(
    (#2941,#2942)
    ,(#2943,#2944
    )),.UNSPECIFIED.,.F.,.F.,.F.,(2,2),(2,2),(0.,8.876117240666E-03),(
    -6.471576552901E-03,0.),.PIECEWISE_BEZIER_KNOTS.);
#2941 = CARTESIAN_POINT('',(-18.63166138045,13.536694360296,
    25.221605084184));
#2942 = CARTESIAN_POINT('',(-18.63166138045,13.536694360296,
    18.750028531283));
#2943 = CARTESIAN_POINT('',(-11.47181203781,8.290551523819,
    25.221605084184));
#2944 = CARTESIAN_POINT('',(-11.47181203781,8.290551523819,
    18.750028531283));
#2945 = DEFINITIONAL_REPRESENTATION('',(#2946),#2949);
#2946 = B_SPLINE_CURVE_WITH_KNOTS('',1,(#2947,#2948),.UNSPECIFIED.,.F.,
  .F.,(2,2),(0.,6.471576552901E-03),.PIECEWISE_BEZIER_KNOTS.);
#2947 = CARTESIAN_POINT('',(0.,0.));
#2948 = CARTESIAN_POINT('',(0.,-6.471576552901E-03));
#2949 = ( GEOMETRIC_REPRESENTATION_CONTEXT(2) 
PARAMETRIC_REPRESENTATION_CONTEXT() REPRESENTATION_CONTEXT('2D SPACE',''
  ) );
#2950 = ORIENTED_EDGE('',*,*,#2951,.F.);
#2951 = EDGE_CURVE('',#2848,#2926,#2952,.T.);
#2952 = SURFACE_CURVE('',#2953,(#2957,#2964),.PCURVE_S1.);
#2953 = ( BOUNDED_CURVE() B_SPLINE_CURVE(2,(#2954,#2955,#2956),
.UNSPECIFIED.,.F.,.F.) B_SPLINE_CURVE_WITH_KNOTS((3,3),(6.025850072572,
6.28318530718),.PIECEWISE_BEZIER_KNOTS.) CURVE() 
GEOMETRIC_REPRESENTATION_ITEM() RATIONAL_B_SPLINE_CURVE((1.,
0.99173373582,1.)) REPRESENTATION_ITEM('') );
#2954 = CARTESIAN_POINT('',(-21.46329949719,8.349112209912,
    18.750028531283));
#2955 = CARTESIAN_POINT('',(-20.38307134573,11.12608534875,
    18.750028531283));
#2956 = CARTESIAN_POINT('',(-18.63166138045,13.536694360296,
    18.750028531283));
#2957 = PCURVE('',#2861,#2958);
#2958 = DEFINITIONAL_REPRESENTATION('',(#2959),#2963);
#2959 = B_SPLINE_CURVE_WITH_KNOTS('',2,(#2960,#2961,#2962),
  .UNSPECIFIED.,.F.,.F.,(3,3),(6.025850072572,6.28318530718),
  .PIECEWISE_BEZIER_KNOTS.);
#2960 = CARTESIAN_POINT('',(6.025850072572,0.));
#2961 = CARTESIAN_POINT('',(6.154517689876,0.));
#2962 = CARTESIAN_POINT('',(6.28318530718,0.));
#2963 = ( GEOMETRIC_REPRESENTATION_CONTEXT(2) 
PARAMETRIC_REPRESENTATION_CONTEXT() REPRESENTATION_CONTEXT('2D SPACE',''
  ) );
#2964 = PCURVE('',#2887,#2965);
#2965 = DEFINITIONAL_REPRESENTATION('',(#2966),#2970);
#2966 = ( BOUNDED_CURVE() B_SPLINE_CURVE(2,(#2967,#2968,#2969),
.UNSPECIFIED.,.F.,.F.) B_SPLINE_CURVE_WITH_KNOTS((3,3),(6.025850072572,
6.28318530718),.PIECEWISE_BEZIER_KNOTS.) CURVE() 
GEOMETRIC_REPRESENTATION_ITEM() RATIONAL_B_SPLINE_CURVE((1.,
0.99173373582,1.)) REPRESENTATION_ITEM('') );
#2967 = CARTESIAN_POINT('',(-3.573468167312E-03,3.442020482927E-03));
#2968 = CARTESIAN_POINT('',(-4.331809092001E-03,5.604598441461E-04));
#2969 = CARTESIAN_POINT('',(-4.331809092001E-03,-2.419216761298E-03));
#2970 = ( GEOMETRIC_REPRESENTATION_CONTEXT(2) 
PARAMETRIC_REPRESENTATION_CONTEXT() REPRESENTATION_CONTEXT('2D SPACE',''
  ) );
#2971 = ADVANCED_FACE('',(#2972),#2940,.T.);
#2972 = FACE_BOUND('',#2973,.T.);
#2973 = EDGE_LOOP('',(#2974,#2975,#2995,#3016));
#2974 = ORIENTED_EDGE('',*,*,#2925,.T.);
#2975 = ORIENTED_EDGE('',*,*,#2976,.T.);
#2976 = EDGE_CURVE('',#2903,#2977,#2979,.T.);
#2977 = VERTEX_POINT('',#2978);
#2978 = CARTESIAN_POINT('',(-11.47181203781,8.290551523819,
    25.221605084184));
#2979 = SURFACE_CURVE('',#2980,(#2983,#2989),.PCURVE_S1.);
#2980 = B_SPLINE_CURVE_WITH_KNOTS('',1,(#2981,#2982),.UNSPECIFIED.,.F.,
  .F.,(2,2),(0.,8.876117240666E-03),.PIECEWISE_BEZIER_KNOTS.);
#2981 = CARTESIAN_POINT('',(-18.63166138045,13.536694360296,
    25.221605084184));
#2982 = CARTESIAN_POINT('',(-11.47181203781,8.290551523819,
    25.221605084184));
#2983 = PCURVE('',#2940,#2984);
#2984 = DEFINITIONAL_REPRESENTATION('',(#2985),#2988);
#2985 = B_SPLINE_CURVE_WITH_KNOTS('',1,(#2986,#2987),.UNSPECIFIED.,.F.,
  .F.,(2,2),(0.,8.876117240666E-03),.PIECEWISE_BEZIER_KNOTS.);
#2986 = CARTESIAN_POINT('',(0.,-6.471576552901E-03));
#2987 = CARTESIAN_POINT('',(8.876117240666E-03,-6.471576552901E-03));
#2988 = ( GEOMETRIC_REPRESENTATION_CONTEXT(2) 
PARAMETRIC_REPRESENTATION_CONTEXT() REPRESENTATION_CONTEXT('2D SPACE',''
  ) );
#2989 = PCURVE('',#2836,#2990);
#2990 = DEFINITIONAL_REPRESENTATION('',(#2991),#2994);
#2991 = B_SPLINE_CURVE_WITH_KNOTS('',1,(#2992,#2993),.UNSPECIFIED.,.F.,
  .F.,(2,2),(0.,8.876117240666E-03),.PIECEWISE_BEZIER_KNOTS.);
#2992 = CARTESIAN_POINT('',(-4.331809092001E-03,-2.419216761298E-03));
#2993 = CARTESIAN_POINT('',(4.544236094062E-03,-2.383451903911E-03));
#2994 = ( GEOMETRIC_REPRESENTATION_CONTEXT(2) 
PARAMETRIC_REPRESENTATION_CONTEXT() REPRESENTATION_CONTEXT('2D SPACE',''
  ) );
#2995 = ORIENTED_EDGE('',*,*,#2996,.F.);
#2996 = EDGE_CURVE('',#2997,#2977,#2999,.T.);
#2997 = VERTEX_POINT('',#2998);
#2998 = CARTESIAN_POINT('',(-11.47181203781,8.290551523819,
    18.750028531283));
#2999 = SURFACE_CURVE('',#3000,(#3003,#3009),.PCURVE_S1.);
#3000 = B_SPLINE_CURVE_WITH_KNOTS('',1,(#3001,#3002),.UNSPECIFIED.,.F.,
  .F.,(2,2),(0.,6.471576552901E-03),.PIECEWISE_BEZIER_KNOTS.);
#3001 = CARTESIAN_POINT('',(-11.47181203781,8.290551523819,
    18.750028531283));
#3002 = CARTESIAN_POINT('',(-11.47181203781,8.290551523819,
    25.221605084184));
#3003 = PCURVE('',#2940,#3004);
#3004 = DEFINITIONAL_REPRESENTATION('',(#3005),#3008);
#3005 = B_SPLINE_CURVE_WITH_KNOTS('',1,(#3006,#3007),.UNSPECIFIED.,.F.,
  .F.,(2,2),(0.,6.471576552901E-03),.PIECEWISE_BEZIER_KNOTS.);
#3006 = CARTESIAN_POINT('',(8.876117240666E-03,0.));
#3007 = CARTESIAN_POINT('',(8.876117240666E-03,-6.471576552901E-03));
#3008 = ( GEOMETRIC_REPRESENTATION_CONTEXT(2) 
PARAMETRIC_REPRESENTATION_CONTEXT() REPRESENTATION_CONTEXT('2D SPACE',''
  ) );
#3009 = PCURVE('',#2808,#3010);
#3010 = DEFINITIONAL_REPRESENTATION('',(#3011),#3015);
#3011 = B_SPLINE_CURVE_WITH_KNOTS('',2,(#3012,#3013,#3014),
  .UNSPECIFIED.,.F.,.F.,(3,3),(0.,6.471576552901E-03),
  .PIECEWISE_BEZIER_KNOTS.);
#3012 = CARTESIAN_POINT('',(3.144119493737,0.));
#3013 = CARTESIAN_POINT('',(3.144119493737,-3.23578827645E-03));
#3014 = CARTESIAN_POINT('',(3.144119493737,-6.471576552901E-03));
#3015 = ( GEOMETRIC_REPRESENTATION_CONTEXT(2) 
PARAMETRIC_REPRESENTATION_CONTEXT() REPRESENTATION_CONTEXT('2D SPACE',''
  ) );
#3016 = ORIENTED_EDGE('',*,*,#3017,.F.);
#3017 = EDGE_CURVE('',#2926,#2997,#3018,.T.);
#3018 = SURFACE_CURVE('',#3019,(#3022,#3028),.PCURVE_S1.);
#3019 = B_SPLINE_CURVE_WITH_KNOTS('',1,(#3020,#3021),.UNSPECIFIED.,.F.,
  .F.,(2,2),(0.,8.876117240666E-03),.PIECEWISE_BEZIER_KNOTS.);
#3020 = CARTESIAN_POINT('',(-18.63166138045,13.536694360296,
    18.750028531283));
#3021 = CARTESIAN_POINT('',(-11.47181203781,8.290551523819,
    18.750028531283));
#3022 = PCURVE('',#2940,#3023);
#3023 = DEFINITIONAL_REPRESENTATION('',(#3024),#3027);
#3024 = B_SPLINE_CURVE_WITH_KNOTS('',1,(#3025,#3026),.UNSPECIFIED.,.F.,
  .F.,(2,2),(0.,8.876117240666E-03),.PIECEWISE_BEZIER_KNOTS.);
#3025 = CARTESIAN_POINT('',(0.,0.));
#3026 = CARTESIAN_POINT('',(8.876117240666E-03,0.));
#3027 = ( GEOMETRIC_REPRESENTATION_CONTEXT(2) 
PARAMETRIC_REPRESENTATION_CONTEXT() REPRESENTATION_CONTEXT('2D SPACE',''
  ) );
#3028 = PCURVE('',#2887,#3029);
#3029 = DEFINITIONAL_REPRESENTATION('',(#3030),#3033);
#3030 = B_SPLINE_CURVE_WITH_KNOTS('',1,(#3031,#3032),.UNSPECIFIED.,.F.,
  .F.,(2,2),(0.,8.876117240666E-03),.PIECEWISE_BEZIER_KNOTS.);
#3031 = CARTESIAN_POINT('',(-4.331809092001E-03,-2.419216761298E-03));
#3032 = CARTESIAN_POINT('',(4.544236094062E-03,-2.383451903911E-03));
#3033 = ( GEOMETRIC_REPRESENTATION_CONTEXT(2) 
PARAMETRIC_REPRESENTATION_CONTEXT() REPRESENTATION_CONTEXT('2D SPACE',''
  ) );
#3034 = ADVANCED_FACE('',(#3035),#2808,.T.);
#3035 = FACE_BOUND('',#3036,.T.);
#3036 = EDGE_LOOP('',(#3037,#3038,#3059,#3060));
#3037 = ORIENTED_EDGE('',*,*,#2996,.T.);
#3038 = ORIENTED_EDGE('',*,*,#3039,.T.);
#3039 = EDGE_CURVE('',#2977,#2790,#3040,.T.);
#3040 = SURFACE_CURVE('',#3041,(#3045,#3052),.PCURVE_S1.);
#3041 = ( BOUNDED_CURVE() B_SPLINE_CURVE(2,(#3042,#3043,#3044),
.UNSPECIFIED.,.F.,.F.) B_SPLINE_CURVE_WITH_KNOTS((3,3),(3.144119493737,
3.39640104805),.PIECEWISE_BEZIER_KNOTS.) CURVE() 
GEOMETRIC_REPRESENTATION_ITEM() RATIONAL_B_SPLINE_CURVE((1.,
0.992054795563,1.)) REPRESENTATION_ITEM('') );
#3042 = CARTESIAN_POINT('',(-11.47181203781,8.290551523819,
    25.221605084184));
#3043 = CARTESIAN_POINT('',(-12.52317080429,6.835764092768,
    25.221605084184));
#3044 = CARTESIAN_POINT('',(-13.17811404402,5.164593521544,
    25.221605084184));
#3045 = PCURVE('',#2808,#3046);
#3046 = DEFINITIONAL_REPRESENTATION('',(#3047),#3051);
#3047 = B_SPLINE_CURVE_WITH_KNOTS('',2,(#3048,#3049,#3050),
  .UNSPECIFIED.,.F.,.F.,(3,3),(3.144119493737,3.39640104805),
  .PIECEWISE_BEZIER_KNOTS.);
#3048 = CARTESIAN_POINT('',(3.144119493737,-6.471576552901E-03));
#3049 = CARTESIAN_POINT('',(3.270260270894,-6.471576552901E-03));
#3050 = CARTESIAN_POINT('',(3.39640104805,-6.471576552901E-03));
#3051 = ( GEOMETRIC_REPRESENTATION_CONTEXT(2) 
PARAMETRIC_REPRESENTATION_CONTEXT() REPRESENTATION_CONTEXT('2D SPACE',''
  ) );
#3052 = PCURVE('',#2836,#3053);
#3053 = DEFINITIONAL_REPRESENTATION('',(#3054),#3058);
#3054 = ( BOUNDED_CURVE() B_SPLINE_CURVE(2,(#3055,#3056,#3057),
.UNSPECIFIED.,.F.,.F.) B_SPLINE_CURVE_WITH_KNOTS((3,3),(3.144119493737,
3.39640104805),.PIECEWISE_BEZIER_KNOTS.) CURVE() 
GEOMETRIC_REPRESENTATION_ITEM() RATIONAL_B_SPLINE_CURVE((1.,
0.992054795563,1.)) REPRESENTATION_ITEM('') );
#3055 = CARTESIAN_POINT('',(4.544236094062E-03,-2.383451903911E-03));
#3056 = CARTESIAN_POINT('',(4.548771581989E-03,-5.885309711837E-04));
#3057 = CARTESIAN_POINT('',(5.001200786526E-03,1.148440398838E-03));
#3058 = ( GEOMETRIC_REPRESENTATION_CONTEXT(2) 
PARAMETRIC_REPRESENTATION_CONTEXT() REPRESENTATION_CONTEXT('2D SPACE',''
  ) );
#3059 = ORIENTED_EDGE('',*,*,#2787,.F.);
#3060 = ORIENTED_EDGE('',*,*,#3061,.F.);
#3061 = EDGE_CURVE('',#2997,#2788,#3062,.T.);
#3062 = SURFACE_CURVE('',#3063,(#3067,#3074),.PCURVE_S1.);
#3063 = ( BOUNDED_CURVE() B_SPLINE_CURVE(2,(#3064,#3065,#3066),
.UNSPECIFIED.,.F.,.F.) B_SPLINE_CURVE_WITH_KNOTS((3,3),(3.144119493737,
3.39640104805),.PIECEWISE_BEZIER_KNOTS.) CURVE() 
GEOMETRIC_REPRESENTATION_ITEM() RATIONAL_B_SPLINE_CURVE((1.,
0.992054795563,1.)) REPRESENTATION_ITEM('') );
#3064 = CARTESIAN_POINT('',(-11.47181203781,8.290551523819,
    18.750028531283));
#3065 = CARTESIAN_POINT('',(-12.52317080429,6.835764092768,
    18.750028531283));
#3066 = CARTESIAN_POINT('',(-13.17811404402,5.164593521544,
    18.750028531283));
#3067 = PCURVE('',#2808,#3068);
#3068 = DEFINITIONAL_REPRESENTATION('',(#3069),#3073);
#3069 = B_SPLINE_CURVE_WITH_KNOTS('',2,(#3070,#3071,#3072),
  .UNSPECIFIED.,.F.,.F.,(3,3),(3.144119493737,3.39640104805),
  .PIECEWISE_BEZIER_KNOTS.);
#3070 = CARTESIAN_POINT('',(3.144119493737,0.));
#3071 = CARTESIAN_POINT('',(3.270260270894,0.));
#3072 = CARTESIAN_POINT('',(3.39640104805,0.));
#3073 = ( GEOMETRIC_REPRESENTATION_CONTEXT(2) 
PARAMETRIC_REPRESENTATION_CONTEXT() REPRESENTATION_CONTEXT('2D SPACE',''
  ) );
#3074 = PCURVE('',#2887,#3075);
#3075 = DEFINITIONAL_REPRESENTATION('',(#3076),#3080);
#3076 = ( BOUNDED_CURVE() B_SPLINE_CURVE(2,(#3077,#3078,#3079),
.UNSPECIFIED.,.F.,.F.) B_SPLINE_CURVE_WITH_KNOTS((3,3),(3.144119493737,
3.39640104805),.PIECEWISE_BEZIER_KNOTS.) CURVE() 
GEOMETRIC_REPRESENTATION_ITEM() RATIONAL_B_SPLINE_CURVE((1.,
0.992054795563,1.)) REPRESENTATION_ITEM('') );
#3077 = CARTESIAN_POINT('',(4.544236094062E-03,-2.383451903911E-03));
#3078 = CARTESIAN_POINT('',(4.548771581989E-03,-5.885309711837E-04));
#3079 = CARTESIAN_POINT('',(5.001200786526E-03,1.148440398838E-03));
#3080 = ( GEOMETRIC_REPRESENTATION_CONTEXT(2) 
PARAMETRIC_REPRESENTATION_CONTEXT() REPRESENTATION_CONTEXT('2D SPACE',''
  ) );
#3081 = ADVANCED_FACE('',(#3082),#2887,.T.);
#3082 = FACE_BOUND('',#3083,.T.);
#3083 = EDGE_LOOP('',(#3084,#3085,#3086,#3087));
#3084 = ORIENTED_EDGE('',*,*,#2875,.T.);
#3085 = ORIENTED_EDGE('',*,*,#2951,.T.);
#3086 = ORIENTED_EDGE('',*,*,#3017,.T.);
#3087 = ORIENTED_EDGE('',*,*,#3061,.T.);
#3088 = ADVANCED_FACE('',(#3089),#2836,.F.);
#3089 = FACE_BOUND('',#3090,.F.);
#3090 = EDGE_LOOP('',(#3091,#3092,#3093,#3094));
#3091 = ORIENTED_EDGE('',*,*,#2822,.T.);
#3092 = ORIENTED_EDGE('',*,*,#2902,.T.);
#3093 = ORIENTED_EDGE('',*,*,#2976,.T.);
#3094 = ORIENTED_EDGE('',*,*,#3039,.T.);
#3095 = ( GEOMETRIC_REPRESENTATION_CONTEXT(3) 
GLOBAL_UNCERTAINTY_ASSIGNED_CONTEXT((#3099)) 
GLOBAL_UNIT_ASSIGNED_CONTEXT((#3096,#3097,#3098)) REPRESENTATION_CONTEXT
('Context #1','3D Context with UNIT and UNCERTAINTY') );
#3096 = ( LENGTH_UNIT() NAMED_UNIT(*) SI_UNIT(.MILLI.,.METRE.) );
#3097 = ( NAMED_UNIT(*) PLANE_ANGLE_UNIT() SI_UNIT($,.RADIAN.) );
#3098 = ( NAMED_UNIT(*) SI_UNIT($,.STERADIAN.) SOLID_ANGLE_UNIT() );
#3099 = UNCERTAINTY_MEASURE_WITH_UNIT(LENGTH_MEASURE(1.E-04),#3096,
  'distance_accuracy_value','confusion accuracy');
#3100 = CONTEXT_DEPENDENT_SHAPE_REPRESENTATION(#3101,#3103);
#3101 = ( REPRESENTATION_RELATIONSHIP('','',#2780,#10) 
REPRESENTATION_RELATIONSHIP_WITH_TRANSFORMATION(#3102) 
SHAPE_REPRESENTATION_RELATIONSHIP() );
#3102 = ITEM_DEFINED_TRANSFORMATION('','',#11,#47);
#3103 = PRODUCT_DEFINITION_SHAPE('Placement','Placement of an item',
  #3104);
#3104 = NEXT_ASSEMBLY_USAGE_OCCURRENCE('5993','','',#5,#2775,$);
#3105 = PRODUCT_RELATED_PRODUCT_CATEGORY('part',$,(#2777));
#3106 = SHAPE_DEFINITION_REPRESENTATION(#3107,#3113);
#3107 = PRODUCT_DEFINITION_SHAPE('','',#3108);
#3108 = PRODUCT_DEFINITION('design','',#3109,#3112);
#3109 = PRODUCT_DEFINITION_FORMATION('','',#3110);
#3110 = PRODUCT('Open CASCADE STEP translator 7.8 154.10',
  'Open CASCADE STEP translator 7.8 154.10','',(#3111));
#3111 = PRODUCT_CONTEXT('',#2,'mechanical');
#3112 = PRODUCT_DEFINITION_CONTEXT('part definition',#2,'design');
#3113 = ADVANCED_BREP_SHAPE_REPRESENTATION('',(#11,#3114),#3428);
#3114 = MANIFOLD_SOLID_BREP('',#3115);
#3115 = CLOSED_SHELL('',(#3116,#3230,#3304,#3367,#3414,#3421));
#3116 = ADVANCED_FACE('',(#3117),#3130,.T.);
#3117 = FACE_BOUND('',#3118,.T.);
#3118 = EDGE_LOOP('',(#3119,#3154,#3179,#3207));
#3119 = ORIENTED_EDGE('',*,*,#3120,.T.);
#3120 = EDGE_CURVE('',#3121,#3123,#3125,.T.);
#3121 = VERTEX_POINT('',#3122);
#3122 = CARTESIAN_POINT('',(-14.12907840124,0.839559129266,
    18.750028531283));
#3123 = VERTEX_POINT('',#3124);
#3124 = CARTESIAN_POINT('',(-14.12907840124,0.839559129266,
    25.221605084184));
#3125 = SURFACE_CURVE('',#3126,(#3129,#3140),.PCURVE_S1.);
#3126 = B_SPLINE_CURVE_WITH_KNOTS('',1,(#3127,#3128),.UNSPECIFIED.,.F.,
  .F.,(2,2),(0.,6.471576552901E-03),.PIECEWISE_BEZIER_KNOTS.);
#3127 = CARTESIAN_POINT('',(-14.12907840124,0.839559129266,
    18.750028531283));
#3128 = CARTESIAN_POINT('',(-14.12907840124,0.839559129266,
    25.221605084184));
#3129 = PCURVE('',#3130,#3135);
#3130 = B_SPLINE_SURFACE_WITH_KNOTS('',1,1,(
    (#3131,#3132)
    ,(#3133,#3134
    )),.UNSPECIFIED.,.F.,.F.,.F.,(2,2),(2,2),(0.,8.876117240666E-03),(
    -6.471576552901E-03,0.),.PIECEWISE_BEZIER_KNOTS.);
#3131 = CARTESIAN_POINT('',(-14.12907840124,0.839559129266,
    25.221605084184));
#3132 = CARTESIAN_POINT('',(-14.12907840124,0.839559129266,
    18.750028531283));
#3133 = CARTESIAN_POINT('',(-22.9928284088,1.307953272524,
    25.221605084184));
#3134 = CARTESIAN_POINT('',(-22.9928284088,1.307953272524,
    18.750028531283));
#3135 = DEFINITIONAL_REPRESENTATION('',(#3136),#3139);
#3136 = B_SPLINE_CURVE_WITH_KNOTS('',1,(#3137,#3138),.UNSPECIFIED.,.F.,
  .F.,(2,2),(0.,6.471576552901E-03),.PIECEWISE_BEZIER_KNOTS.);
#3137 = CARTESIAN_POINT('',(0.,0.));
#3138 = CARTESIAN_POINT('',(0.,-6.471576552901E-03));
#3139 = ( GEOMETRIC_REPRESENTATION_CONTEXT(2) 
PARAMETRIC_REPRESENTATION_CONTEXT() REPRESENTATION_CONTEXT('2D SPACE',''
  ) );
#3140 = PCURVE('',#3141,#3148);
#3141 = ( BOUNDED_SURFACE() B_SPLINE_SURFACE(2,1,(
    (#3142,#3143)
    ,(#3144,#3145)
    ,(#3146,#3147
)),.UNSPECIFIED.,.F.,.F.,.F.) B_SPLINE_SURFACE_WITH_KNOTS((3,3),(2,2),(
    3.144119493737,3.39640104805),(-6.471576552901E-03,0.),
.PIECEWISE_BEZIER_KNOTS.) GEOMETRIC_REPRESENTATION_ITEM() 
RATIONAL_B_SPLINE_SURFACE((
    (1.,1.)
    ,(0.992054795563,0.992054795563)
,(1.,1.))) REPRESENTATION_ITEM('') SURFACE() );
#3142 = CARTESIAN_POINT('',(-13.47226290587,4.33979817445,
    25.221605084184));
#3143 = CARTESIAN_POINT('',(-13.47226290587,4.33979817445,
    18.750028531283));
#3144 = CARTESIAN_POINT('',(-14.0226104723,2.631325382297,
    25.221605084184));
#3145 = CARTESIAN_POINT('',(-14.0226104723,2.631325382297,
    18.750028531283));
#3146 = CARTESIAN_POINT('',(-14.12907840124,0.839559129266,
    25.221605084184));
#3147 = CARTESIAN_POINT('',(-14.12907840124,0.839559129266,
    18.750028531283));
#3148 = DEFINITIONAL_REPRESENTATION('',(#3149),#3153);
#3149 = B_SPLINE_CURVE_WITH_KNOTS('',2,(#3150,#3151,#3152),
  .UNSPECIFIED.,.F.,.F.,(3,3),(0.,6.471576552901E-03),
  .PIECEWISE_BEZIER_KNOTS.);
#3150 = CARTESIAN_POINT('',(3.39640104805,0.));
#3151 = CARTESIAN_POINT('',(3.39640104805,-3.23578827645E-03));
#3152 = CARTESIAN_POINT('',(3.39640104805,-6.471576552901E-03));
#3153 = ( GEOMETRIC_REPRESENTATION_CONTEXT(2) 
PARAMETRIC_REPRESENTATION_CONTEXT() REPRESENTATION_CONTEXT('2D SPACE',''
  ) );
#3154 = ORIENTED_EDGE('',*,*,#3155,.T.);
#3155 = EDGE_CURVE('',#3123,#3156,#3158,.T.);
#3156 = VERTEX_POINT('',#3157);
#3157 = CARTESIAN_POINT('',(-22.9928284088,1.307953272524,
    25.221605084184));
#3158 = SURFACE_CURVE('',#3159,(#3162,#3168),.PCURVE_S1.);
#3159 = B_SPLINE_CURVE_WITH_KNOTS('',1,(#3160,#3161),.UNSPECIFIED.,.F.,
  .F.,(2,2),(0.,8.876117240666E-03),.PIECEWISE_BEZIER_KNOTS.);
#3160 = CARTESIAN_POINT('',(-14.12907840124,0.839559129266,
    25.221605084184));
#3161 = CARTESIAN_POINT('',(-22.9928284088,1.307953272524,
    25.221605084184));
#3162 = PCURVE('',#3130,#3163);
#3163 = DEFINITIONAL_REPRESENTATION('',(#3164),#3167);
#3164 = B_SPLINE_CURVE_WITH_KNOTS('',1,(#3165,#3166),.UNSPECIFIED.,.F.,
  .F.,(2,2),(0.,8.876117240666E-03),.PIECEWISE_BEZIER_KNOTS.);
#3165 = CARTESIAN_POINT('',(0.,-6.471576552901E-03));
#3166 = CARTESIAN_POINT('',(8.876117240666E-03,-6.471576552901E-03));
#3167 = ( GEOMETRIC_REPRESENTATION_CONTEXT(2) 
PARAMETRIC_REPRESENTATION_CONTEXT() REPRESENTATION_CONTEXT('2D SPACE',''
  ) );
#3168 = PCURVE('',#3169,#3174);
#3169 = B_SPLINE_SURFACE_WITH_KNOTS('',1,1,(
    (#3170,#3171)
    ,(#3172,#3173
    )),.UNSPECIFIED.,.F.,.F.,.F.,(2,2),(2,2),(-4.331809092001E-03,
    5.001200786526E-03),(-2.419216761298E-03,3.442020482927E-03),
  .PIECEWISE_BEZIER_KNOTS.);
#3170 = CARTESIAN_POINT('',(-21.90283157027,7.116661380455,
    25.221605084184));
#3171 = CARTESIAN_POINT('',(-23.7140534868,1.542293505783,
    25.221605084184));
#3172 = CARTESIAN_POINT('',(-13.02661170865,4.232602719321,
    25.221605084184));
#3173 = CARTESIAN_POINT('',(-14.83783362518,-1.341765155351,
    25.221605084184));
#3174 = DEFINITIONAL_REPRESENTATION('',(#3175),#3178);
#3175 = B_SPLINE_CURVE_WITH_KNOTS('',1,(#3176,#3177),.UNSPECIFIED.,.F.,
  .F.,(2,2),(0.,8.876117240666E-03),.PIECEWISE_BEZIER_KNOTS.);
#3176 = CARTESIAN_POINT('',(5.001200786526E-03,1.148440398838E-03));
#3177 = CARTESIAN_POINT('',(-3.573468167312E-03,3.442020482927E-03));
#3178 = ( GEOMETRIC_REPRESENTATION_CONTEXT(2) 
PARAMETRIC_REPRESENTATION_CONTEXT() REPRESENTATION_CONTEXT('2D SPACE',''
  ) );
#3179 = ORIENTED_EDGE('',*,*,#3180,.F.);
#3180 = EDGE_CURVE('',#3181,#3156,#3183,.T.);
#3181 = VERTEX_POINT('',#3182);
#3182 = CARTESIAN_POINT('',(-22.9928284088,1.307953272524,
    18.750028531283));
#3183 = SURFACE_CURVE('',#3184,(#3187,#3193),.PCURVE_S1.);
#3184 = B_SPLINE_CURVE_WITH_KNOTS('',1,(#3185,#3186),.UNSPECIFIED.,.F.,
  .F.,(2,2),(0.,6.471576552901E-03),.PIECEWISE_BEZIER_KNOTS.);
#3185 = CARTESIAN_POINT('',(-22.9928284088,1.307953272524,
    18.750028531283));
#3186 = CARTESIAN_POINT('',(-22.9928284088,1.307953272524,
    25.221605084184));
#3187 = PCURVE('',#3130,#3188);
#3188 = DEFINITIONAL_REPRESENTATION('',(#3189),#3192);
#3189 = B_SPLINE_CURVE_WITH_KNOTS('',1,(#3190,#3191),.UNSPECIFIED.,.F.,
  .F.,(2,2),(0.,6.471576552901E-03),.PIECEWISE_BEZIER_KNOTS.);
#3190 = CARTESIAN_POINT('',(8.876117240666E-03,0.));
#3191 = CARTESIAN_POINT('',(8.876117240666E-03,-6.471576552901E-03));
#3192 = ( GEOMETRIC_REPRESENTATION_CONTEXT(2) 
PARAMETRIC_REPRESENTATION_CONTEXT() REPRESENTATION_CONTEXT('2D SPACE',''
  ) );
#3193 = PCURVE('',#3194,#3201);
#3194 = ( BOUNDED_SURFACE() B_SPLINE_SURFACE(2,1,(
    (#3195,#3196)
    ,(#3197,#3198)
    ,(#3199,#3200
)),.UNSPECIFIED.,.F.,.F.,.F.) B_SPLINE_SURFACE_WITH_KNOTS((3,3),(2,2),(
    6.025850072572,6.28318530718),(-6.471576552901E-03,0.),
.PIECEWISE_BEZIER_KNOTS.) GEOMETRIC_REPRESENTATION_ITEM() 
RATIONAL_B_SPLINE_SURFACE((
    (1.,1.)
    ,(0.99173373582,0.99173373582)
,(1.,1.))) REPRESENTATION_ITEM('') SURFACE() );
#3195 = CARTESIAN_POINT('',(-22.9928284088,1.307953272524,
    25.221605084184));
#3196 = CARTESIAN_POINT('',(-22.9928284088,1.307953272524,
    18.750028531283));
#3197 = CARTESIAN_POINT('',(-22.8236022791,4.282820528395,
    25.221605084184));
#3198 = CARTESIAN_POINT('',(-22.8236022791,4.282820528395,
    18.750028531283));
#3199 = CARTESIAN_POINT('',(-21.90283157027,7.116661380455,
    25.221605084184));
#3200 = CARTESIAN_POINT('',(-21.90283157027,7.116661380455,
    18.750028531283));
#3201 = DEFINITIONAL_REPRESENTATION('',(#3202),#3206);
#3202 = B_SPLINE_CURVE_WITH_KNOTS('',2,(#3203,#3204,#3205),
  .UNSPECIFIED.,.F.,.F.,(3,3),(0.,6.471576552901E-03),
  .PIECEWISE_BEZIER_KNOTS.);
#3203 = CARTESIAN_POINT('',(6.025850072572,0.));
#3204 = CARTESIAN_POINT('',(6.025850072572,-3.23578827645E-03));
#3205 = CARTESIAN_POINT('',(6.025850072572,-6.471576552901E-03));
#3206 = ( GEOMETRIC_REPRESENTATION_CONTEXT(2) 
PARAMETRIC_REPRESENTATION_CONTEXT() REPRESENTATION_CONTEXT('2D SPACE',''
  ) );
#3207 = ORIENTED_EDGE('',*,*,#3208,.F.);
#3208 = EDGE_CURVE('',#3121,#3181,#3209,.T.);
#3209 = SURFACE_CURVE('',#3210,(#3213,#3219),.PCURVE_S1.);
#3210 = B_SPLINE_CURVE_WITH_KNOTS('',1,(#3211,#3212),.UNSPECIFIED.,.F.,
  .F.,(2,2),(0.,8.876117240666E-03),.PIECEWISE_BEZIER_KNOTS.);
#3211 = CARTESIAN_POINT('',(-14.12907840124,0.839559129266,
    18.750028531283));
#3212 = CARTESIAN_POINT('',(-22.9928284088,1.307953272524,
    18.750028531283));
#3213 = PCURVE('',#3130,#3214);
#3214 = DEFINITIONAL_REPRESENTATION('',(#3215),#3218);
#3215 = B_SPLINE_CURVE_WITH_KNOTS('',1,(#3216,#3217),.UNSPECIFIED.,.F.,
  .F.,(2,2),(0.,8.876117240666E-03),.PIECEWISE_BEZIER_KNOTS.);
#3216 = CARTESIAN_POINT('',(0.,0.));
#3217 = CARTESIAN_POINT('',(8.876117240666E-03,0.));
#3218 = ( GEOMETRIC_REPRESENTATION_CONTEXT(2) 
PARAMETRIC_REPRESENTATION_CONTEXT() REPRESENTATION_CONTEXT('2D SPACE',''
  ) );
#3219 = PCURVE('',#3220,#3225);
#3220 = B_SPLINE_SURFACE_WITH_KNOTS('',1,1,(
    (#3221,#3222)
    ,(#3223,#3224
    )),.UNSPECIFIED.,.F.,.F.,.F.,(2,2),(2,2),(-4.331809092001E-03,
    5.001200786526E-03),(-2.419216761298E-03,3.442020482927E-03),
  .PIECEWISE_BEZIER_KNOTS.);
#3221 = CARTESIAN_POINT('',(-21.90283157027,7.116661380455,
    18.750028531283));
#3222 = CARTESIAN_POINT('',(-23.7140534868,1.542293505783,
    18.750028531283));
#3223 = CARTESIAN_POINT('',(-13.02661170865,4.232602719321,
    18.750028531283));
#3224 = CARTESIAN_POINT('',(-14.83783362518,-1.341765155351,
    18.750028531283));
#3225 = DEFINITIONAL_REPRESENTATION('',(#3226),#3229);
#3226 = B_SPLINE_CURVE_WITH_KNOTS('',1,(#3227,#3228),.UNSPECIFIED.,.F.,
  .F.,(2,2),(0.,8.876117240666E-03),.PIECEWISE_BEZIER_KNOTS.);
#3227 = CARTESIAN_POINT('',(5.001200786526E-03,1.148440398838E-03));
#3228 = CARTESIAN_POINT('',(-3.573468167312E-03,3.442020482927E-03));
#3229 = ( GEOMETRIC_REPRESENTATION_CONTEXT(2) 
PARAMETRIC_REPRESENTATION_CONTEXT() REPRESENTATION_CONTEXT('2D SPACE',''
  ) );
#3230 = ADVANCED_FACE('',(#3231),#3194,.T.);
#3231 = FACE_BOUND('',#3232,.T.);
#3232 = EDGE_LOOP('',(#3233,#3234,#3257,#3283));
#3233 = ORIENTED_EDGE('',*,*,#3180,.T.);
#3234 = ORIENTED_EDGE('',*,*,#3235,.T.);
#3235 = EDGE_CURVE('',#3156,#3236,#3238,.T.);
#3236 = VERTEX_POINT('',#3237);
#3237 = CARTESIAN_POINT('',(-21.90283157027,7.116661380455,
    25.221605084184));
#3238 = SURFACE_CURVE('',#3239,(#3243,#3250),.PCURVE_S1.);
#3239 = ( BOUNDED_CURVE() B_SPLINE_CURVE(2,(#3240,#3241,#3242),
.UNSPECIFIED.,.F.,.F.) B_SPLINE_CURVE_WITH_KNOTS((3,3),(6.025850072572,
6.28318530718),.PIECEWISE_BEZIER_KNOTS.) CURVE() 
GEOMETRIC_REPRESENTATION_ITEM() RATIONAL_B_SPLINE_CURVE((1.,
0.99173373582,1.)) REPRESENTATION_ITEM('') );
#3240 = CARTESIAN_POINT('',(-22.9928284088,1.307953272524,
    25.221605084184));
#3241 = CARTESIAN_POINT('',(-22.8236022791,4.282820528395,
    25.221605084184));
#3242 = CARTESIAN_POINT('',(-21.90283157027,7.116661380455,
    25.221605084184));
#3243 = PCURVE('',#3194,#3244);
#3244 = DEFINITIONAL_REPRESENTATION('',(#3245),#3249);
#3245 = B_SPLINE_CURVE_WITH_KNOTS('',2,(#3246,#3247,#3248),
  .UNSPECIFIED.,.F.,.F.,(3,3),(6.025850072572,6.28318530718),
  .PIECEWISE_BEZIER_KNOTS.);
#3246 = CARTESIAN_POINT('',(6.025850072572,-6.471576552901E-03));
#3247 = CARTESIAN_POINT('',(6.154517689876,-6.471576552901E-03));
#3248 = CARTESIAN_POINT('',(6.28318530718,-6.471576552901E-03));
#3249 = ( GEOMETRIC_REPRESENTATION_CONTEXT(2) 
PARAMETRIC_REPRESENTATION_CONTEXT() REPRESENTATION_CONTEXT('2D SPACE',''
  ) );
#3250 = PCURVE('',#3169,#3251);
#3251 = DEFINITIONAL_REPRESENTATION('',(#3252),#3256);
#3252 = ( BOUNDED_CURVE() B_SPLINE_CURVE(2,(#3253,#3254,#3255),
.UNSPECIFIED.,.F.,.F.) B_SPLINE_CURVE_WITH_KNOTS((3,3),(6.025850072572,
6.28318530718),.PIECEWISE_BEZIER_KNOTS.) CURVE() 
GEOMETRIC_REPRESENTATION_ITEM() RATIONAL_B_SPLINE_CURVE((1.,
0.99173373582,1.)) REPRESENTATION_ITEM('') );
#3253 = CARTESIAN_POINT('',(-3.573468167312E-03,3.442020482927E-03));
#3254 = CARTESIAN_POINT('',(-4.331809092001E-03,5.604598441461E-04));
#3255 = CARTESIAN_POINT('',(-4.331809092001E-03,-2.419216761298E-03));
#3256 = ( GEOMETRIC_REPRESENTATION_CONTEXT(2) 
PARAMETRIC_REPRESENTATION_CONTEXT() REPRESENTATION_CONTEXT('2D SPACE',''
  ) );
#3257 = ORIENTED_EDGE('',*,*,#3258,.F.);
#3258 = EDGE_CURVE('',#3259,#3236,#3261,.T.);
#3259 = VERTEX_POINT('',#3260);
#3260 = CARTESIAN_POINT('',(-21.90283157027,7.116661380455,
    18.750028531283));
#3261 = SURFACE_CURVE('',#3262,(#3265,#3272),.PCURVE_S1.);
#3262 = B_SPLINE_CURVE_WITH_KNOTS('',1,(#3263,#3264),.UNSPECIFIED.,.F.,
  .F.,(2,2),(0.,6.471576552901E-03),.PIECEWISE_BEZIER_KNOTS.);
#3263 = CARTESIAN_POINT('',(-21.90283157027,7.116661380455,
    18.750028531283));
#3264 = CARTESIAN_POINT('',(-21.90283157027,7.116661380455,
    25.221605084184));
#3265 = PCURVE('',#3194,#3266);
#3266 = DEFINITIONAL_REPRESENTATION('',(#3267),#3271);
#3267 = B_SPLINE_CURVE_WITH_KNOTS('',2,(#3268,#3269,#3270),
  .UNSPECIFIED.,.F.,.F.,(3,3),(0.,6.471576552901E-03),
  .PIECEWISE_BEZIER_KNOTS.);
#3268 = CARTESIAN_POINT('',(6.28318530718,0.));
#3269 = CARTESIAN_POINT('',(6.28318530718,-3.23578827645E-03));
#3270 = CARTESIAN_POINT('',(6.28318530718,-6.471576552901E-03));
#3271 = ( GEOMETRIC_REPRESENTATION_CONTEXT(2) 
PARAMETRIC_REPRESENTATION_CONTEXT() REPRESENTATION_CONTEXT('2D SPACE',''
  ) );
#3272 = PCURVE('',#3273,#3278);
#3273 = B_SPLINE_SURFACE_WITH_KNOTS('',1,1,(
    (#3274,#3275)
    ,(#3276,#3277
    )),.UNSPECIFIED.,.F.,.F.,.F.,(2,2),(2,2),(0.,8.876117240666E-03),(
    -6.471576552901E-03,0.),.PIECEWISE_BEZIER_KNOTS.);
#3274 = CARTESIAN_POINT('',(-21.90283157027,7.116661380455,
    25.221605084184));
#3275 = CARTESIAN_POINT('',(-21.90283157027,7.116661380455,
    18.750028531283));
#3276 = CARTESIAN_POINT('',(-13.47226290587,4.33979817445,
    25.221605084184));
#3277 = CARTESIAN_POINT('',(-13.47226290587,4.33979817445,
    18.750028531283));
#3278 = DEFINITIONAL_REPRESENTATION('',(#3279),#3282);
#3279 = B_SPLINE_CURVE_WITH_KNOTS('',1,(#3280,#3281),.UNSPECIFIED.,.F.,
  .F.,(2,2),(0.,6.471576552901E-03),.PIECEWISE_BEZIER_KNOTS.);
#3280 = CARTESIAN_POINT('',(0.,0.));
#3281 = CARTESIAN_POINT('',(0.,-6.471576552901E-03));
#3282 = ( GEOMETRIC_REPRESENTATION_CONTEXT(2) 
PARAMETRIC_REPRESENTATION_CONTEXT() REPRESENTATION_CONTEXT('2D SPACE',''
  ) );
#3283 = ORIENTED_EDGE('',*,*,#3284,.F.);
#3284 = EDGE_CURVE('',#3181,#3259,#3285,.T.);
#3285 = SURFACE_CURVE('',#3286,(#3290,#3297),.PCURVE_S1.);
#3286 = ( BOUNDED_CURVE() B_SPLINE_CURVE(2,(#3287,#3288,#3289),
.UNSPECIFIED.,.F.,.F.) B_SPLINE_CURVE_WITH_KNOTS((3,3),(6.025850072572,
6.28318530718),.PIECEWISE_BEZIER_KNOTS.) CURVE() 
GEOMETRIC_REPRESENTATION_ITEM() RATIONAL_B_SPLINE_CURVE((1.,
0.99173373582,1.)) REPRESENTATION_ITEM('') );
#3287 = CARTESIAN_POINT('',(-22.9928284088,1.307953272524,
    18.750028531283));
#3288 = CARTESIAN_POINT('',(-22.8236022791,4.282820528395,
    18.750028531283));
#3289 = CARTESIAN_POINT('',(-21.90283157027,7.116661380455,
    18.750028531283));
#3290 = PCURVE('',#3194,#3291);
#3291 = DEFINITIONAL_REPRESENTATION('',(#3292),#3296);
#3292 = B_SPLINE_CURVE_WITH_KNOTS('',2,(#3293,#3294,#3295),
  .UNSPECIFIED.,.F.,.F.,(3,3),(6.025850072572,6.28318530718),
  .PIECEWISE_BEZIER_KNOTS.);
#3293 = CARTESIAN_POINT('',(6.025850072572,0.));
#3294 = CARTESIAN_POINT('',(6.154517689876,0.));
#3295 = CARTESIAN_POINT('',(6.28318530718,0.));
#3296 = ( GEOMETRIC_REPRESENTATION_CONTEXT(2) 
PARAMETRIC_REPRESENTATION_CONTEXT() REPRESENTATION_CONTEXT('2D SPACE',''
  ) );
#3297 = PCURVE('',#3220,#3298);
#3298 = DEFINITIONAL_REPRESENTATION('',(#3299),#3303);
#3299 = ( BOUNDED_CURVE() B_SPLINE_CURVE(2,(#3300,#3301,#3302),
.UNSPECIFIED.,.F.,.F.) B_SPLINE_CURVE_WITH_KNOTS((3,3),(6.025850072572,
6.28318530718),.PIECEWISE_BEZIER_KNOTS.) CURVE() 
GEOMETRIC_REPRESENTATION_ITEM() RATIONAL_B_SPLINE_CURVE((1.,
0.99173373582,1.)) REPRESENTATION_ITEM('') );
#3300 = CARTESIAN_POINT('',(-3.573468167312E-03,3.442020482927E-03));
#3301 = CARTESIAN_POINT('',(-4.331809092001E-03,5.604598441461E-04));
#3302 = CARTESIAN_POINT('',(-4.331809092001E-03,-2.419216761298E-03));
#3303 = ( GEOMETRIC_REPRESENTATION_CONTEXT(2) 
PARAMETRIC_REPRESENTATION_CONTEXT() REPRESENTATION_CONTEXT('2D SPACE',''
  ) );
#3304 = ADVANCED_FACE('',(#3305),#3273,.T.);
#3305 = FACE_BOUND('',#3306,.T.);
#3306 = EDGE_LOOP('',(#3307,#3308,#3328,#3349));
#3307 = ORIENTED_EDGE('',*,*,#3258,.T.);
#3308 = ORIENTED_EDGE('',*,*,#3309,.T.);
#3309 = EDGE_CURVE('',#3236,#3310,#3312,.T.);
#3310 = VERTEX_POINT('',#3311);
#3311 = CARTESIAN_POINT('',(-13.47226290587,4.33979817445,
    25.221605084184));
#3312 = SURFACE_CURVE('',#3313,(#3316,#3322),.PCURVE_S1.);
#3313 = B_SPLINE_CURVE_WITH_KNOTS('',1,(#3314,#3315),.UNSPECIFIED.,.F.,
  .F.,(2,2),(0.,8.876117240666E-03),.PIECEWISE_BEZIER_KNOTS.);
#3314 = CARTESIAN_POINT('',(-21.90283157027,7.116661380455,
    25.221605084184));
#3315 = CARTESIAN_POINT('',(-13.47226290587,4.33979817445,
    25.221605084184));
#3316 = PCURVE('',#3273,#3317);
#3317 = DEFINITIONAL_REPRESENTATION('',(#3318),#3321);
#3318 = B_SPLINE_CURVE_WITH_KNOTS('',1,(#3319,#3320),.UNSPECIFIED.,.F.,
  .F.,(2,2),(0.,8.876117240666E-03),.PIECEWISE_BEZIER_KNOTS.);
#3319 = CARTESIAN_POINT('',(0.,-6.471576552901E-03));
#3320 = CARTESIAN_POINT('',(8.876117240666E-03,-6.471576552901E-03));
#3321 = ( GEOMETRIC_REPRESENTATION_CONTEXT(2) 
PARAMETRIC_REPRESENTATION_CONTEXT() REPRESENTATION_CONTEXT('2D SPACE',''
  ) );
#3322 = PCURVE('',#3169,#3323);
#3323 = DEFINITIONAL_REPRESENTATION('',(#3324),#3327);
#3324 = B_SPLINE_CURVE_WITH_KNOTS('',1,(#3325,#3326),.UNSPECIFIED.,.F.,
  .F.,(2,2),(0.,8.876117240666E-03),.PIECEWISE_BEZIER_KNOTS.);
#3325 = CARTESIAN_POINT('',(-4.331809092001E-03,-2.419216761298E-03));
#3326 = CARTESIAN_POINT('',(4.544236094062E-03,-2.383451903911E-03));
#3327 = ( GEOMETRIC_REPRESENTATION_CONTEXT(2) 
PARAMETRIC_REPRESENTATION_CONTEXT() REPRESENTATION_CONTEXT('2D SPACE',''
  ) );
#3328 = ORIENTED_EDGE('',*,*,#3329,.F.);
#3329 = EDGE_CURVE('',#3330,#3310,#3332,.T.);
#3330 = VERTEX_POINT('',#3331);
#3331 = CARTESIAN_POINT('',(-13.47226290587,4.33979817445,
    18.750028531283));
#3332 = SURFACE_CURVE('',#3333,(#3336,#3342),.PCURVE_S1.);
#3333 = B_SPLINE_CURVE_WITH_KNOTS('',1,(#3334,#3335),.UNSPECIFIED.,.F.,
  .F.,(2,2),(0.,6.471576552901E-03),.PIECEWISE_BEZIER_KNOTS.);
#3334 = CARTESIAN_POINT('',(-13.47226290587,4.33979817445,
    18.750028531283));
#3335 = CARTESIAN_POINT('',(-13.47226290587,4.33979817445,
    25.221605084184));
#3336 = PCURVE('',#3273,#3337);
#3337 = DEFINITIONAL_REPRESENTATION('',(#3338),#3341);
#3338 = B_SPLINE_CURVE_WITH_KNOTS('',1,(#3339,#3340),.UNSPECIFIED.,.F.,
  .F.,(2,2),(0.,6.471576552901E-03),.PIECEWISE_BEZIER_KNOTS.);
#3339 = CARTESIAN_POINT('',(8.876117240666E-03,0.));
#3340 = CARTESIAN_POINT('',(8.876117240666E-03,-6.471576552901E-03));
#3341 = ( GEOMETRIC_REPRESENTATION_CONTEXT(2) 
PARAMETRIC_REPRESENTATION_CONTEXT() REPRESENTATION_CONTEXT('2D SPACE',''
  ) );
#3342 = PCURVE('',#3141,#3343);
#3343 = DEFINITIONAL_REPRESENTATION('',(#3344),#3348);
#3344 = B_SPLINE_CURVE_WITH_KNOTS('',2,(#3345,#3346,#3347),
  .UNSPECIFIED.,.F.,.F.,(3,3),(0.,6.471576552901E-03),
  .PIECEWISE_BEZIER_KNOTS.);
#3345 = CARTESIAN_POINT('',(3.144119493737,0.));
#3346 = CARTESIAN_POINT('',(3.144119493737,-3.23578827645E-03));
#3347 = CARTESIAN_POINT('',(3.144119493737,-6.471576552901E-03));
#3348 = ( GEOMETRIC_REPRESENTATION_CONTEXT(2) 
PARAMETRIC_REPRESENTATION_CONTEXT() REPRESENTATION_CONTEXT('2D SPACE',''
  ) );
#3349 = ORIENTED_EDGE('',*,*,#3350,.F.);
#3350 = EDGE_CURVE('',#3259,#3330,#3351,.T.);
#3351 = SURFACE_CURVE('',#3352,(#3355,#3361),.PCURVE_S1.);
#3352 = B_SPLINE_CURVE_WITH_KNOTS('',1,(#3353,#3354),.UNSPECIFIED.,.F.,
  .F.,(2,2),(0.,8.876117240666E-03),.PIECEWISE_BEZIER_KNOTS.);
#3353 = CARTESIAN_POINT('',(-21.90283157027,7.116661380455,
    18.750028531283));
#3354 = CARTESIAN_POINT('',(-13.47226290587,4.33979817445,
    18.750028531283));
#3355 = PCURVE('',#3273,#3356);
#3356 = DEFINITIONAL_REPRESENTATION('',(#3357),#3360);
#3357 = B_SPLINE_CURVE_WITH_KNOTS('',1,(#3358,#3359),.UNSPECIFIED.,.F.,
  .F.,(2,2),(0.,8.876117240666E-03),.PIECEWISE_BEZIER_KNOTS.);
#3358 = CARTESIAN_POINT('',(0.,0.));
#3359 = CARTESIAN_POINT('',(8.876117240666E-03,0.));
#3360 = ( GEOMETRIC_REPRESENTATION_CONTEXT(2) 
PARAMETRIC_REPRESENTATION_CONTEXT() REPRESENTATION_CONTEXT('2D SPACE',''
  ) );
#3361 = PCURVE('',#3220,#3362);
#3362 = DEFINITIONAL_REPRESENTATION('',(#3363),#3366);
#3363 = B_SPLINE_CURVE_WITH_KNOTS('',1,(#3364,#3365),.UNSPECIFIED.,.F.,
  .F.,(2,2),(0.,8.876117240666E-03),.PIECEWISE_BEZIER_KNOTS.);
#3364 = CARTESIAN_POINT('',(-4.331809092001E-03,-2.419216761298E-03));
#3365 = CARTESIAN_POINT('',(4.544236094062E-03,-2.383451903911E-03));
#3366 = ( GEOMETRIC_REPRESENTATION_CONTEXT(2) 
PARAMETRIC_REPRESENTATION_CONTEXT() REPRESENTATION_CONTEXT('2D SPACE',''
  ) );
#3367 = ADVANCED_FACE('',(#3368),#3141,.T.);
#3368 = FACE_BOUND('',#3369,.T.);
#3369 = EDGE_LOOP('',(#3370,#3371,#3392,#3393));
#3370 = ORIENTED_EDGE('',*,*,#3329,.T.);
#3371 = ORIENTED_EDGE('',*,*,#3372,.T.);
#3372 = EDGE_CURVE('',#3310,#3123,#3373,.T.);
#3373 = SURFACE_CURVE('',#3374,(#3378,#3385),.PCURVE_S1.);
#3374 = ( BOUNDED_CURVE() B_SPLINE_CURVE(2,(#3375,#3376,#3377),
.UNSPECIFIED.,.F.,.F.) B_SPLINE_CURVE_WITH_KNOTS((3,3),(3.144119493737,
3.39640104805),.PIECEWISE_BEZIER_KNOTS.) CURVE() 
GEOMETRIC_REPRESENTATION_ITEM() RATIONAL_B_SPLINE_CURVE((1.,
0.992054795563,1.)) REPRESENTATION_ITEM('') );
#3375 = CARTESIAN_POINT('',(-13.47226290587,4.33979817445,
    25.221605084184));
#3376 = CARTESIAN_POINT('',(-14.0226104723,2.631325382297,
    25.221605084184));
#3377 = CARTESIAN_POINT('',(-14.12907840124,0.839559129266,
    25.221605084184));
#3378 = PCURVE('',#3141,#3379);
#3379 = DEFINITIONAL_REPRESENTATION('',(#3380),#3384);
#3380 = B_SPLINE_CURVE_WITH_KNOTS('',2,(#3381,#3382,#3383),
  .UNSPECIFIED.,.F.,.F.,(3,3),(3.144119493737,3.39640104805),
  .PIECEWISE_BEZIER_KNOTS.);
#3381 = CARTESIAN_POINT('',(3.144119493737,-6.471576552901E-03));
#3382 = CARTESIAN_POINT('',(3.270260270894,-6.471576552901E-03));
#3383 = CARTESIAN_POINT('',(3.39640104805,-6.471576552901E-03));
#3384 = ( GEOMETRIC_REPRESENTATION_CONTEXT(2) 
PARAMETRIC_REPRESENTATION_CONTEXT() REPRESENTATION_CONTEXT('2D SPACE',''
  ) );
#3385 = PCURVE('',#3169,#3386);
#3386 = DEFINITIONAL_REPRESENTATION('',(#3387),#3391);
#3387 = ( BOUNDED_CURVE() B_SPLINE_CURVE(2,(#3388,#3389,#3390),
.UNSPECIFIED.,.F.,.F.) B_SPLINE_CURVE_WITH_KNOTS((3,3),(3.144119493737,
3.39640104805),.PIECEWISE_BEZIER_KNOTS.) CURVE() 
GEOMETRIC_REPRESENTATION_ITEM() RATIONAL_B_SPLINE_CURVE((1.,
0.992054795563,1.)) REPRESENTATION_ITEM('') );
#3388 = CARTESIAN_POINT('',(4.544236094062E-03,-2.383451903911E-03));
#3389 = CARTESIAN_POINT('',(4.548771581989E-03,-5.885309711837E-04));
#3390 = CARTESIAN_POINT('',(5.001200786526E-03,1.148440398838E-03));
#3391 = ( GEOMETRIC_REPRESENTATION_CONTEXT(2) 
PARAMETRIC_REPRESENTATION_CONTEXT() REPRESENTATION_CONTEXT('2D SPACE',''
  ) );
#3392 = ORIENTED_EDGE('',*,*,#3120,.F.);
#3393 = ORIENTED_EDGE('',*,*,#3394,.F.);
#3394 = EDGE_CURVE('',#3330,#3121,#3395,.T.);
#3395 = SURFACE_CURVE('',#3396,(#3400,#3407),.PCURVE_S1.);
#3396 = ( BOUNDED_CURVE() B_SPLINE_CURVE(2,(#3397,#3398,#3399),
.UNSPECIFIED.,.F.,.F.) B_SPLINE_CURVE_WITH_KNOTS((3,3),(3.144119493737,
3.39640104805),.PIECEWISE_BEZIER_KNOTS.) CURVE() 
GEOMETRIC_REPRESENTATION_ITEM() RATIONAL_B_SPLINE_CURVE((1.,
0.992054795563,1.)) REPRESENTATION_ITEM('') );
#3397 = CARTESIAN_POINT('',(-13.47226290587,4.33979817445,
    18.750028531283));
#3398 = CARTESIAN_POINT('',(-14.0226104723,2.631325382297,
    18.750028531283));
#3399 = CARTESIAN_POINT('',(-14.12907840124,0.839559129266,
    18.750028531283));
#3400 = PCURVE('',#3141,#3401);
#3401 = DEFINITIONAL_REPRESENTATION('',(#3402),#3406);
#3402 = B_SPLINE_CURVE_WITH_KNOTS('',2,(#3403,#3404,#3405),
  .UNSPECIFIED.,.F.,.F.,(3,3),(3.144119493737,3.39640104805),
  .PIECEWISE_BEZIER_KNOTS.);
#3403 = CARTESIAN_POINT('',(3.144119493737,0.));
#3404 = CARTESIAN_POINT('',(3.270260270894,0.));
#3405 = CARTESIAN_POINT('',(3.39640104805,0.));
#3406 = ( GEOMETRIC_REPRESENTATION_CONTEXT(2) 
PARAMETRIC_REPRESENTATION_CONTEXT() REPRESENTATION_CONTEXT('2D SPACE',''
  ) );
#3407 = PCURVE('',#3220,#3408);
#3408 = DEFINITIONAL_REPRESENTATION('',(#3409),#3413);
#3409 = ( BOUNDED_CURVE() B_SPLINE_CURVE(2,(#3410,#3411,#3412),
.UNSPECIFIED.,.F.,.F.) B_SPLINE_CURVE_WITH_KNOTS((3,3),(3.144119493737,
3.39640104805),.PIECEWISE_BEZIER_KNOTS.) CURVE() 
GEOMETRIC_REPRESENTATION_ITEM() RATIONAL_B_SPLINE_CURVE((1.,
0.992054795563,1.)) REPRESENTATION_ITEM('') );
#3410 = CARTESIAN_POINT('',(4.544236094062E-03,-2.383451903911E-03));
#3411 = CARTESIAN_POINT('',(4.548771581989E-03,-5.885309711837E-04));
#3412 = CARTESIAN_POINT('',(5.001200786526E-03,1.148440398838E-03));
#3413 = ( GEOMETRIC_REPRESENTATION_CONTEXT(2) 
PARAMETRIC_REPRESENTATION_CONTEXT() REPRESENTATION_CONTEXT('2D SPACE',''
  ) );
#3414 = ADVANCED_FACE('',(#3415),#3220,.T.);
#3415 = FACE_BOUND('',#3416,.T.);
#3416 = EDGE_LOOP('',(#3417,#3418,#3419,#3420));
#3417 = ORIENTED_EDGE('',*,*,#3208,.T.);
#3418 = ORIENTED_EDGE('',*,*,#3284,.T.);
#3419 = ORIENTED_EDGE('',*,*,#3350,.T.);
#3420 = ORIENTED_EDGE('',*,*,#3394,.T.);
#3421 = ADVANCED_FACE('',(#3422),#3169,.F.);
#3422 = FACE_BOUND('',#3423,.F.);
#3423 = EDGE_LOOP('',(#3424,#3425,#3426,#3427));
#3424 = ORIENTED_EDGE('',*,*,#3155,.T.);
#3425 = ORIENTED_EDGE('',*,*,#3235,.T.);
#3426 = ORIENTED_EDGE('',*,*,#3309,.T.);
#3427 = ORIENTED_EDGE('',*,*,#3372,.T.);
#3428 = ( GEOMETRIC_REPRESENTATION_CONTEXT(3) 
GLOBAL_UNCERTAINTY_ASSIGNED_CONTEXT((#3432)) 
GLOBAL_UNIT_ASSIGNED_CONTEXT((#3429,#3430,#3431)) REPRESENTATION_CONTEXT
('Context #1','3D Context with UNIT and UNCERTAINTY') );
#3429 = ( LENGTH_UNIT() NAMED_UNIT(*) SI_UNIT(.MILLI.,.METRE.) );
#3430 = ( NAMED_UNIT(*) PLANE_ANGLE_UNIT() SI_UNIT($,.RADIAN.) );
#3431 = ( NAMED_UNIT(*) SI_UNIT($,.STERADIAN.) SOLID_ANGLE_UNIT() );
#3432 = UNCERTAINTY_MEASURE_WITH_UNIT(LENGTH_MEASURE(1.E-04),#3429,
  'distance_accuracy_value','confusion accuracy');
#3433 = CONTEXT_DEPENDENT_SHAPE_REPRESENTATION(#3434,#3436);
#3434 = ( REPRESENTATION_RELATIONSHIP('','',#3113,#10) 
REPRESENTATION_RELATIONSHIP_WITH_TRANSFORMATION(#3435) 
SHAPE_REPRESENTATION_RELATIONSHIP() );
#3435 = ITEM_DEFINED_TRANSFORMATION('','',#11,#51);
#3436 = PRODUCT_DEFINITION_SHAPE('Placement','Placement of an item',
  #3437);
#3437 = NEXT_ASSEMBLY_USAGE_OCCURRENCE('5994','','',#5,#3108,$);
#3438 = PRODUCT_RELATED_PRODUCT_CATEGORY('part',$,(#3110));
#3439 = SHAPE_DEFINITION_REPRESENTATION(#3440,#3446);
#3440 = PRODUCT_DEFINITION_SHAPE('','',#3441);
#3441 = PRODUCT_DEFINITION('design','',#3442,#3445);
#3442 = PRODUCT_DEFINITION_FORMATION('','',#3443);
#3443 = PRODUCT('Open CASCADE STEP translator 7.8 154.11',
  'Open CASCADE STEP translator 7.8 154.11','',(#3444));
#3444 = PRODUCT_CONTEXT('',#2,'mechanical');
#3445 = PRODUCT_DEFINITION_CONTEXT('part definition',#2,'design');
#3446 = ADVANCED_BREP_SHAPE_REPRESENTATION('',(#11,#3447),#3761);
#3447 = MANIFOLD_SOLID_BREP('',#3448);
#3448 = CLOSED_SHELL('',(#3449,#3563,#3637,#3700,#3747,#3754));
#3449 = ADVANCED_FACE('',(#3450),#3463,.T.);
#3450 = FACE_BOUND('',#3451,.T.);
#3451 = EDGE_LOOP('',(#3452,#3487,#3512,#3540));
#3452 = ORIENTED_EDGE('',*,*,#3453,.T.);
#3453 = EDGE_CURVE('',#3454,#3456,#3458,.T.);
#3454 = VERTEX_POINT('',#3455);
#3455 = CARTESIAN_POINT('',(-13.69699012147,-3.567657160136,
    18.750028531283));
#3456 = VERTEX_POINT('',#3457);
#3457 = CARTESIAN_POINT('',(-13.69699012147,-3.567657160136,
    25.221605084184));
#3458 = SURFACE_CURVE('',#3459,(#3462,#3473),.PCURVE_S1.);
#3459 = B_SPLINE_CURVE_WITH_KNOTS('',1,(#3460,#3461),.UNSPECIFIED.,.F.,
  .F.,(2,2),(0.,6.471576552901E-03),.PIECEWISE_BEZIER_KNOTS.);
#3460 = CARTESIAN_POINT('',(-13.69699012147,-3.567657160136,
    18.750028531283));
#3461 = CARTESIAN_POINT('',(-13.69699012147,-3.567657160136,
    25.221605084184));
#3462 = PCURVE('',#3463,#3468);
#3463 = B_SPLINE_SURFACE_WITH_KNOTS('',1,1,(
    (#3464,#3465)
    ,(#3466,#3467
    )),.UNSPECIFIED.,.F.,.F.,.F.,(2,2),(2,2),(0.,8.876117240666E-03),(
    -6.471576552901E-03,0.),.PIECEWISE_BEZIER_KNOTS.);
#3464 = CARTESIAN_POINT('',(-13.69699012147,-3.567657160136,
    25.221605084184));
#3465 = CARTESIAN_POINT('',(-13.69699012147,-3.567657160136,
    18.750028531283));
#3466 = CARTESIAN_POINT('',(-22.27165907531,-5.861237244225,
    25.221605084184));
#3467 = CARTESIAN_POINT('',(-22.27165907531,-5.861237244225,
    18.750028531283));
#3468 = DEFINITIONAL_REPRESENTATION('',(#3469),#3472);
#3469 = B_SPLINE_CURVE_WITH_KNOTS('',1,(#3470,#3471),.UNSPECIFIED.,.F.,
  .F.,(2,2),(0.,6.471576552901E-03),.PIECEWISE_BEZIER_KNOTS.);
#3470 = CARTESIAN_POINT('',(0.,0.));
#3471 = CARTESIAN_POINT('',(0.,-6.471576552901E-03));
#3472 = ( GEOMETRIC_REPRESENTATION_CONTEXT(2) 
PARAMETRIC_REPRESENTATION_CONTEXT() REPRESENTATION_CONTEXT('2D SPACE',''
  ) );
#3473 = PCURVE('',#3474,#3481);
#3474 = ( BOUNDED_SURFACE() B_SPLINE_SURFACE(2,1,(
    (#3475,#3476)
    ,(#3477,#3478)
    ,(#3479,#3480
)),.UNSPECIFIED.,.F.,.F.,.F.) B_SPLINE_SURFACE_WITH_KNOTS((3,3),(2,2),(
    3.144119493737,3.39640104805),(-6.471576552901E-03,0.),
.PIECEWISE_BEZIER_KNOTS.) GEOMETRIC_REPRESENTATION_ITEM() 
RATIONAL_B_SPLINE_SURFACE((
    (1.,1.)
    ,(0.992054795563,0.992054795563)
,(1.,1.))) REPRESENTATION_ITEM('') SURFACE() );
#3475 = CARTESIAN_POINT('',(-14.15395481393,-3.576485738651E-02,
    25.221605084184));
#3476 = CARTESIAN_POINT('',(-14.15395481393,-3.576485738651E-02,
    18.750028531283));
#3477 = CARTESIAN_POINT('',(-14.14941932601,-1.830685790114,
    25.221605084184));
#3478 = CARTESIAN_POINT('',(-14.14941932601,-1.830685790114,
    18.750028531283));
#3479 = CARTESIAN_POINT('',(-13.69699012147,-3.567657160136,
    25.221605084184));
#3480 = CARTESIAN_POINT('',(-13.69699012147,-3.567657160136,
    18.750028531283));
#3481 = DEFINITIONAL_REPRESENTATION('',(#3482),#3486);
#3482 = B_SPLINE_CURVE_WITH_KNOTS('',2,(#3483,#3484,#3485),
  .UNSPECIFIED.,.F.,.F.,(3,3),(0.,6.471576552901E-03),
  .PIECEWISE_BEZIER_KNOTS.);
#3483 = CARTESIAN_POINT('',(3.39640104805,0.));
#3484 = CARTESIAN_POINT('',(3.39640104805,-3.23578827645E-03));
#3485 = CARTESIAN_POINT('',(3.39640104805,-6.471576552901E-03));
#3486 = ( GEOMETRIC_REPRESENTATION_CONTEXT(2) 
PARAMETRIC_REPRESENTATION_CONTEXT() REPRESENTATION_CONTEXT('2D SPACE',''
  ) );
#3487 = ORIENTED_EDGE('',*,*,#3488,.T.);
#3488 = EDGE_CURVE('',#3456,#3489,#3491,.T.);
#3489 = VERTEX_POINT('',#3490);
#3490 = CARTESIAN_POINT('',(-22.27165907531,-5.861237244225,
    25.221605084184));
#3491 = SURFACE_CURVE('',#3492,(#3495,#3501),.PCURVE_S1.);
#3492 = B_SPLINE_CURVE_WITH_KNOTS('',1,(#3493,#3494),.UNSPECIFIED.,.F.,
  .F.,(2,2),(0.,8.876117240666E-03),.PIECEWISE_BEZIER_KNOTS.);
#3493 = CARTESIAN_POINT('',(-13.69699012147,-3.567657160136,
    25.221605084184));
#3494 = CARTESIAN_POINT('',(-22.27165907531,-5.861237244225,
    25.221605084184));
#3495 = PCURVE('',#3463,#3496);
#3496 = DEFINITIONAL_REPRESENTATION('',(#3497),#3500);
#3497 = B_SPLINE_CURVE_WITH_KNOTS('',1,(#3498,#3499),.UNSPECIFIED.,.F.,
  .F.,(2,2),(0.,8.876117240666E-03),.PIECEWISE_BEZIER_KNOTS.);
#3498 = CARTESIAN_POINT('',(0.,-6.471576552901E-03));
#3499 = CARTESIAN_POINT('',(8.876117240666E-03,-6.471576552901E-03));
#3500 = ( GEOMETRIC_REPRESENTATION_CONTEXT(2) 
PARAMETRIC_REPRESENTATION_CONTEXT() REPRESENTATION_CONTEXT('2D SPACE',''
  ) );
#3501 = PCURVE('',#3502,#3507);
#3502 = B_SPLINE_SURFACE_WITH_KNOTS('',1,1,(
    (#3503,#3504)
    ,(#3505,#3506
    )),.UNSPECIFIED.,.F.,.F.,.F.,(2,2),(2,2),(-4.331809092001E-03,
    5.001200786526E-03),(-2.419216761298E-03,3.442020482927E-03),
  .PIECEWISE_BEZIER_KNOTS.);
#3503 = CARTESIAN_POINT('',(-23.03,7.806255641896E-15,25.221605084184));
#3504 = CARTESIAN_POINT('',(-23.03,-5.861237244225,25.221605084184));
#3505 = CARTESIAN_POINT('',(-13.69699012147,7.806255641896E-15,
    25.221605084184));
#3506 = CARTESIAN_POINT('',(-13.69699012147,-5.861237244225,
    25.221605084184));
#3507 = DEFINITIONAL_REPRESENTATION('',(#3508),#3511);
#3508 = B_SPLINE_CURVE_WITH_KNOTS('',1,(#3509,#3510),.UNSPECIFIED.,.F.,
  .F.,(2,2),(0.,8.876117240666E-03),.PIECEWISE_BEZIER_KNOTS.);
#3509 = CARTESIAN_POINT('',(5.001200786526E-03,1.148440398838E-03));
#3510 = CARTESIAN_POINT('',(-3.573468167312E-03,3.442020482927E-03));
#3511 = ( GEOMETRIC_REPRESENTATION_CONTEXT(2) 
PARAMETRIC_REPRESENTATION_CONTEXT() REPRESENTATION_CONTEXT('2D SPACE',''
  ) );
#3512 = ORIENTED_EDGE('',*,*,#3513,.F.);
#3513 = EDGE_CURVE('',#3514,#3489,#3516,.T.);
#3514 = VERTEX_POINT('',#3515);
#3515 = CARTESIAN_POINT('',(-22.27165907531,-5.861237244225,
    18.750028531283));
#3516 = SURFACE_CURVE('',#3517,(#3520,#3526),.PCURVE_S1.);
#3517 = B_SPLINE_CURVE_WITH_KNOTS('',1,(#3518,#3519),.UNSPECIFIED.,.F.,
  .F.,(2,2),(0.,6.471576552901E-03),.PIECEWISE_BEZIER_KNOTS.);
#3518 = CARTESIAN_POINT('',(-22.27165907531,-5.861237244225,
    18.750028531283));
#3519 = CARTESIAN_POINT('',(-22.27165907531,-5.861237244225,
    25.221605084184));
#3520 = PCURVE('',#3463,#3521);
#3521 = DEFINITIONAL_REPRESENTATION('',(#3522),#3525);
#3522 = B_SPLINE_CURVE_WITH_KNOTS('',1,(#3523,#3524),.UNSPECIFIED.,.F.,
  .F.,(2,2),(0.,6.471576552901E-03),.PIECEWISE_BEZIER_KNOTS.);
#3523 = CARTESIAN_POINT('',(8.876117240666E-03,0.));
#3524 = CARTESIAN_POINT('',(8.876117240666E-03,-6.471576552901E-03));
#3525 = ( GEOMETRIC_REPRESENTATION_CONTEXT(2) 
PARAMETRIC_REPRESENTATION_CONTEXT() REPRESENTATION_CONTEXT('2D SPACE',''
  ) );
#3526 = PCURVE('',#3527,#3534);
#3527 = ( BOUNDED_SURFACE() B_SPLINE_SURFACE(2,1,(
    (#3528,#3529)
    ,(#3530,#3531)
    ,(#3532,#3533
)),.UNSPECIFIED.,.F.,.F.,.F.) B_SPLINE_SURFACE_WITH_KNOTS((3,3),(2,2),(
    6.025850072572,6.28318530718),(-6.471576552901E-03,0.),
.PIECEWISE_BEZIER_KNOTS.) GEOMETRIC_REPRESENTATION_ITEM() 
RATIONAL_B_SPLINE_SURFACE((
    (1.,1.)
    ,(0.99173373582,0.99173373582)
,(1.,1.))) REPRESENTATION_ITEM('') SURFACE() );
#3528 = CARTESIAN_POINT('',(-22.27165907531,-5.861237244225,
    25.221605084184));
#3529 = CARTESIAN_POINT('',(-22.27165907531,-5.861237244225,
    18.750028531283));
#3530 = CARTESIAN_POINT('',(-23.03,-2.979676605444,25.221605084184));
#3531 = CARTESIAN_POINT('',(-23.03,-2.979676605444,18.750028531283));
#3532 = CARTESIAN_POINT('',(-23.03,-5.640723156873E-15,25.221605084184)
  );
#3533 = CARTESIAN_POINT('',(-23.03,-5.640723156873E-15,18.750028531283)
  );
#3534 = DEFINITIONAL_REPRESENTATION('',(#3535),#3539);
#3535 = B_SPLINE_CURVE_WITH_KNOTS('',2,(#3536,#3537,#3538),
  .UNSPECIFIED.,.F.,.F.,(3,3),(0.,6.471576552901E-03),
  .PIECEWISE_BEZIER_KNOTS.);
#3536 = CARTESIAN_POINT('',(6.025850072572,0.));
#3537 = CARTESIAN_POINT('',(6.025850072572,-3.23578827645E-03));
#3538 = CARTESIAN_POINT('',(6.025850072572,-6.471576552901E-03));
#3539 = ( GEOMETRIC_REPRESENTATION_CONTEXT(2) 
PARAMETRIC_REPRESENTATION_CONTEXT() REPRESENTATION_CONTEXT('2D SPACE',''
  ) );
#3540 = ORIENTED_EDGE('',*,*,#3541,.F.);
#3541 = EDGE_CURVE('',#3454,#3514,#3542,.T.);
#3542 = SURFACE_CURVE('',#3543,(#3546,#3552),.PCURVE_S1.);
#3543 = B_SPLINE_CURVE_WITH_KNOTS('',1,(#3544,#3545),.UNSPECIFIED.,.F.,
  .F.,(2,2),(0.,8.876117240666E-03),.PIECEWISE_BEZIER_KNOTS.);
#3544 = CARTESIAN_POINT('',(-13.69699012147,-3.567657160136,
    18.750028531283));
#3545 = CARTESIAN_POINT('',(-22.27165907531,-5.861237244225,
    18.750028531283));
#3546 = PCURVE('',#3463,#3547);
#3547 = DEFINITIONAL_REPRESENTATION('',(#3548),#3551);
#3548 = B_SPLINE_CURVE_WITH_KNOTS('',1,(#3549,#3550),.UNSPECIFIED.,.F.,
  .F.,(2,2),(0.,8.876117240666E-03),.PIECEWISE_BEZIER_KNOTS.);
#3549 = CARTESIAN_POINT('',(0.,0.));
#3550 = CARTESIAN_POINT('',(8.876117240666E-03,0.));
#3551 = ( GEOMETRIC_REPRESENTATION_CONTEXT(2) 
PARAMETRIC_REPRESENTATION_CONTEXT() REPRESENTATION_CONTEXT('2D SPACE',''
  ) );
#3552 = PCURVE('',#3553,#3558);
#3553 = B_SPLINE_SURFACE_WITH_KNOTS('',1,1,(
    (#3554,#3555)
    ,(#3556,#3557
    )),.UNSPECIFIED.,.F.,.F.,.F.,(2,2),(2,2),(-4.331809092001E-03,
    5.001200786526E-03),(-2.419216761298E-03,3.442020482927E-03),
  .PIECEWISE_BEZIER_KNOTS.);
#3554 = CARTESIAN_POINT('',(-23.03,7.806255641896E-15,18.750028531283));
#3555 = CARTESIAN_POINT('',(-23.03,-5.861237244225,18.750028531283));
#3556 = CARTESIAN_POINT('',(-13.69699012147,7.806255641896E-15,
    18.750028531283));
#3557 = CARTESIAN_POINT('',(-13.69699012147,-5.861237244225,
    18.750028531283));
#3558 = DEFINITIONAL_REPRESENTATION('',(#3559),#3562);
#3559 = B_SPLINE_CURVE_WITH_KNOTS('',1,(#3560,#3561),.UNSPECIFIED.,.F.,
  .F.,(2,2),(0.,8.876117240666E-03),.PIECEWISE_BEZIER_KNOTS.);
#3560 = CARTESIAN_POINT('',(5.001200786526E-03,1.148440398838E-03));
#3561 = CARTESIAN_POINT('',(-3.573468167312E-03,3.442020482927E-03));
#3562 = ( GEOMETRIC_REPRESENTATION_CONTEXT(2) 
PARAMETRIC_REPRESENTATION_CONTEXT() REPRESENTATION_CONTEXT('2D SPACE',''
  ) );
#3563 = ADVANCED_FACE('',(#3564),#3527,.T.);
#3564 = FACE_BOUND('',#3565,.T.);
#3565 = EDGE_LOOP('',(#3566,#3567,#3590,#3616));
#3566 = ORIENTED_EDGE('',*,*,#3513,.T.);
#3567 = ORIENTED_EDGE('',*,*,#3568,.T.);
#3568 = EDGE_CURVE('',#3489,#3569,#3571,.T.);
#3569 = VERTEX_POINT('',#3570);
#3570 = CARTESIAN_POINT('',(-23.03,5.20417042793E-15,25.221605084184));
#3571 = SURFACE_CURVE('',#3572,(#3576,#3583),.PCURVE_S1.);
#3572 = ( BOUNDED_CURVE() B_SPLINE_CURVE(2,(#3573,#3574,#3575),
.UNSPECIFIED.,.F.,.F.) B_SPLINE_CURVE_WITH_KNOTS((3,3),(6.025850072572,
6.28318530718),.PIECEWISE_BEZIER_KNOTS.) CURVE() 
GEOMETRIC_REPRESENTATION_ITEM() RATIONAL_B_SPLINE_CURVE((1.,
0.99173373582,1.)) REPRESENTATION_ITEM('') );
#3573 = CARTESIAN_POINT('',(-22.27165907531,-5.861237244225,
    25.221605084184));
#3574 = CARTESIAN_POINT('',(-23.03,-2.979676605444,25.221605084184));
#3575 = CARTESIAN_POINT('',(-23.03,-5.640723156873E-15,25.221605084184)
  );
#3576 = PCURVE('',#3527,#3577);
#3577 = DEFINITIONAL_REPRESENTATION('',(#3578),#3582);
#3578 = B_SPLINE_CURVE_WITH_KNOTS('',2,(#3579,#3580,#3581),
  .UNSPECIFIED.,.F.,.F.,(3,3),(6.025850072572,6.28318530718),
  .PIECEWISE_BEZIER_KNOTS.);
#3579 = CARTESIAN_POINT('',(6.025850072572,-6.471576552901E-03));
#3580 = CARTESIAN_POINT('',(6.154517689876,-6.471576552901E-03));
#3581 = CARTESIAN_POINT('',(6.28318530718,-6.471576552901E-03));
#3582 = ( GEOMETRIC_REPRESENTATION_CONTEXT(2) 
PARAMETRIC_REPRESENTATION_CONTEXT() REPRESENTATION_CONTEXT('2D SPACE',''
  ) );
#3583 = PCURVE('',#3502,#3584);
#3584 = DEFINITIONAL_REPRESENTATION('',(#3585),#3589);
#3585 = ( BOUNDED_CURVE() B_SPLINE_CURVE(2,(#3586,#3587,#3588),
.UNSPECIFIED.,.F.,.F.) B_SPLINE_CURVE_WITH_KNOTS((3,3),(6.025850072572,
6.28318530718),.PIECEWISE_BEZIER_KNOTS.) CURVE() 
GEOMETRIC_REPRESENTATION_ITEM() RATIONAL_B_SPLINE_CURVE((1.,
0.99173373582,1.)) REPRESENTATION_ITEM('') );
#3586 = CARTESIAN_POINT('',(-3.573468167312E-03,3.442020482927E-03));
#3587 = CARTESIAN_POINT('',(-4.331809092001E-03,5.604598441461E-04));
#3588 = CARTESIAN_POINT('',(-4.331809092001E-03,-2.419216761298E-03));
#3589 = ( GEOMETRIC_REPRESENTATION_CONTEXT(2) 
PARAMETRIC_REPRESENTATION_CONTEXT() REPRESENTATION_CONTEXT('2D SPACE',''
  ) );
#3590 = ORIENTED_EDGE('',*,*,#3591,.F.);
#3591 = EDGE_CURVE('',#3592,#3569,#3594,.T.);
#3592 = VERTEX_POINT('',#3593);
#3593 = CARTESIAN_POINT('',(-23.03,7.806255641896E-15,18.750028531283));
#3594 = SURFACE_CURVE('',#3595,(#3598,#3605),.PCURVE_S1.);
#3595 = B_SPLINE_CURVE_WITH_KNOTS('',1,(#3596,#3597),.UNSPECIFIED.,.F.,
  .F.,(2,2),(0.,6.471576552901E-03),.PIECEWISE_BEZIER_KNOTS.);
#3596 = CARTESIAN_POINT('',(-23.03,7.806255641896E-15,18.750028531283));
#3597 = CARTESIAN_POINT('',(-23.03,7.806255641896E-15,25.221605084184));
#3598 = PCURVE('',#3527,#3599);
#3599 = DEFINITIONAL_REPRESENTATION('',(#3600),#3604);
#3600 = B_SPLINE_CURVE_WITH_KNOTS('',2,(#3601,#3602,#3603),
  .UNSPECIFIED.,.F.,.F.,(3,3),(0.,6.471576552901E-03),
  .PIECEWISE_BEZIER_KNOTS.);
#3601 = CARTESIAN_POINT('',(6.28318530718,0.));
#3602 = CARTESIAN_POINT('',(6.28318530718,-3.23578827645E-03));
#3603 = CARTESIAN_POINT('',(6.28318530718,-6.471576552901E-03));
#3604 = ( GEOMETRIC_REPRESENTATION_CONTEXT(2) 
PARAMETRIC_REPRESENTATION_CONTEXT() REPRESENTATION_CONTEXT('2D SPACE',''
  ) );
#3605 = PCURVE('',#3606,#3611);
#3606 = B_SPLINE_SURFACE_WITH_KNOTS('',1,1,(
    (#3607,#3608)
    ,(#3609,#3610
    )),.UNSPECIFIED.,.F.,.F.,.F.,(2,2),(2,2),(0.,8.876117240666E-03),(
    -6.471576552901E-03,0.),.PIECEWISE_BEZIER_KNOTS.);
#3607 = CARTESIAN_POINT('',(-23.03,7.806255641896E-15,25.221605084184));
#3608 = CARTESIAN_POINT('',(-23.03,7.806255641896E-15,18.750028531283));
#3609 = CARTESIAN_POINT('',(-14.15395481393,-3.576485738651E-02,
    25.221605084184));
#3610 = CARTESIAN_POINT('',(-14.15395481393,-3.576485738651E-02,
    18.750028531283));
#3611 = DEFINITIONAL_REPRESENTATION('',(#3612),#3615);
#3612 = B_SPLINE_CURVE_WITH_KNOTS('',1,(#3613,#3614),.UNSPECIFIED.,.F.,
  .F.,(2,2),(0.,6.471576552901E-03),.PIECEWISE_BEZIER_KNOTS.);
#3613 = CARTESIAN_POINT('',(0.,0.));
#3614 = CARTESIAN_POINT('',(0.,-6.471576552901E-03));
#3615 = ( GEOMETRIC_REPRESENTATION_CONTEXT(2) 
PARAMETRIC_REPRESENTATION_CONTEXT() REPRESENTATION_CONTEXT('2D SPACE',''
  ) );
#3616 = ORIENTED_EDGE('',*,*,#3617,.F.);
#3617 = EDGE_CURVE('',#3514,#3592,#3618,.T.);
#3618 = SURFACE_CURVE('',#3619,(#3623,#3630),.PCURVE_S1.);
#3619 = ( BOUNDED_CURVE() B_SPLINE_CURVE(2,(#3620,#3621,#3622),
.UNSPECIFIED.,.F.,.F.) B_SPLINE_CURVE_WITH_KNOTS((3,3),(6.025850072572,
6.28318530718),.PIECEWISE_BEZIER_KNOTS.) CURVE() 
GEOMETRIC_REPRESENTATION_ITEM() RATIONAL_B_SPLINE_CURVE((1.,
0.99173373582,1.)) REPRESENTATION_ITEM('') );
#3620 = CARTESIAN_POINT('',(-22.27165907531,-5.861237244225,
    18.750028531283));
#3621 = CARTESIAN_POINT('',(-23.03,-2.979676605444,18.750028531283));
#3622 = CARTESIAN_POINT('',(-23.03,-5.640723156873E-15,18.750028531283)
  );
#3623 = PCURVE('',#3527,#3624);
#3624 = DEFINITIONAL_REPRESENTATION('',(#3625),#3629);
#3625 = B_SPLINE_CURVE_WITH_KNOTS('',2,(#3626,#3627,#3628),
  .UNSPECIFIED.,.F.,.F.,(3,3),(6.025850072572,6.28318530718),
  .PIECEWISE_BEZIER_KNOTS.);
#3626 = CARTESIAN_POINT('',(6.025850072572,0.));
#3627 = CARTESIAN_POINT('',(6.154517689876,0.));
#3628 = CARTESIAN_POINT('',(6.28318530718,0.));
#3629 = ( GEOMETRIC_REPRESENTATION_CONTEXT(2) 
PARAMETRIC_REPRESENTATION_CONTEXT() REPRESENTATION_CONTEXT('2D SPACE',''
  ) );
#3630 = PCURVE('',#3553,#3631);
#3631 = DEFINITIONAL_REPRESENTATION('',(#3632),#3636);
#3632 = ( BOUNDED_CURVE() B_SPLINE_CURVE(2,(#3633,#3634,#3635),
.UNSPECIFIED.,.F.,.F.) B_SPLINE_CURVE_WITH_KNOTS((3,3),(6.025850072572,
6.28318530718),.PIECEWISE_BEZIER_KNOTS.) CURVE() 
GEOMETRIC_REPRESENTATION_ITEM() RATIONAL_B_SPLINE_CURVE((1.,
0.99173373582,1.)) REPRESENTATION_ITEM('') );
#3633 = CARTESIAN_POINT('',(-3.573468167312E-03,3.442020482927E-03));
#3634 = CARTESIAN_POINT('',(-4.331809092001E-03,5.604598441461E-04));
#3635 = CARTESIAN_POINT('',(-4.331809092001E-03,-2.419216761298E-03));
#3636 = ( GEOMETRIC_REPRESENTATION_CONTEXT(2) 
PARAMETRIC_REPRESENTATION_CONTEXT() REPRESENTATION_CONTEXT('2D SPACE',''
  ) );
#3637 = ADVANCED_FACE('',(#3638),#3606,.T.);
#3638 = FACE_BOUND('',#3639,.T.);
#3639 = EDGE_LOOP('',(#3640,#3641,#3661,#3682));
#3640 = ORIENTED_EDGE('',*,*,#3591,.T.);
#3641 = ORIENTED_EDGE('',*,*,#3642,.T.);
#3642 = EDGE_CURVE('',#3569,#3643,#3645,.T.);
#3643 = VERTEX_POINT('',#3644);
#3644 = CARTESIAN_POINT('',(-14.15395481393,-3.576485738651E-02,
    25.221605084184));
#3645 = SURFACE_CURVE('',#3646,(#3649,#3655),.PCURVE_S1.);
#3646 = B_SPLINE_CURVE_WITH_KNOTS('',1,(#3647,#3648),.UNSPECIFIED.,.F.,
  .F.,(2,2),(0.,8.876117240666E-03),.PIECEWISE_BEZIER_KNOTS.);
#3647 = CARTESIAN_POINT('',(-23.03,7.806255641896E-15,25.221605084184));
#3648 = CARTESIAN_POINT('',(-14.15395481393,-3.576485738651E-02,
    25.221605084184));
#3649 = PCURVE('',#3606,#3650);
#3650 = DEFINITIONAL_REPRESENTATION('',(#3651),#3654);
#3651 = B_SPLINE_CURVE_WITH_KNOTS('',1,(#3652,#3653),.UNSPECIFIED.,.F.,
  .F.,(2,2),(0.,8.876117240666E-03),.PIECEWISE_BEZIER_KNOTS.);
#3652 = CARTESIAN_POINT('',(0.,-6.471576552901E-03));
#3653 = CARTESIAN_POINT('',(8.876117240666E-03,-6.471576552901E-03));
#3654 = ( GEOMETRIC_REPRESENTATION_CONTEXT(2) 
PARAMETRIC_REPRESENTATION_CONTEXT() REPRESENTATION_CONTEXT('2D SPACE',''
  ) );
#3655 = PCURVE('',#3502,#3656);
#3656 = DEFINITIONAL_REPRESENTATION('',(#3657),#3660);
#3657 = B_SPLINE_CURVE_WITH_KNOTS('',1,(#3658,#3659),.UNSPECIFIED.,.F.,
  .F.,(2,2),(0.,8.876117240666E-03),.PIECEWISE_BEZIER_KNOTS.);
#3658 = CARTESIAN_POINT('',(-4.331809092001E-03,-2.419216761298E-03));
#3659 = CARTESIAN_POINT('',(4.544236094062E-03,-2.383451903911E-03));
#3660 = ( GEOMETRIC_REPRESENTATION_CONTEXT(2) 
PARAMETRIC_REPRESENTATION_CONTEXT() REPRESENTATION_CONTEXT('2D SPACE',''
  ) );
#3661 = ORIENTED_EDGE('',*,*,#3662,.F.);
#3662 = EDGE_CURVE('',#3663,#3643,#3665,.T.);
#3663 = VERTEX_POINT('',#3664);
#3664 = CARTESIAN_POINT('',(-14.15395481393,-3.576485738651E-02,
    18.750028531283));
#3665 = SURFACE_CURVE('',#3666,(#3669,#3675),.PCURVE_S1.);
#3666 = B_SPLINE_CURVE_WITH_KNOTS('',1,(#3667,#3668),.UNSPECIFIED.,.F.,
  .F.,(2,2),(0.,6.471576552901E-03),.PIECEWISE_BEZIER_KNOTS.);
#3667 = CARTESIAN_POINT('',(-14.15395481393,-3.576485738651E-02,
    18.750028531283));
#3668 = CARTESIAN_POINT('',(-14.15395481393,-3.576485738651E-02,
    25.221605084184));
#3669 = PCURVE('',#3606,#3670);
#3670 = DEFINITIONAL_REPRESENTATION('',(#3671),#3674);
#3671 = B_SPLINE_CURVE_WITH_KNOTS('',1,(#3672,#3673),.UNSPECIFIED.,.F.,
  .F.,(2,2),(0.,6.471576552901E-03),.PIECEWISE_BEZIER_KNOTS.);
#3672 = CARTESIAN_POINT('',(8.876117240666E-03,0.));
#3673 = CARTESIAN_POINT('',(8.876117240666E-03,-6.471576552901E-03));
#3674 = ( GEOMETRIC_REPRESENTATION_CONTEXT(2) 
PARAMETRIC_REPRESENTATION_CONTEXT() REPRESENTATION_CONTEXT('2D SPACE',''
  ) );
#3675 = PCURVE('',#3474,#3676);
#3676 = DEFINITIONAL_REPRESENTATION('',(#3677),#3681);
#3677 = B_SPLINE_CURVE_WITH_KNOTS('',2,(#3678,#3679,#3680),
  .UNSPECIFIED.,.F.,.F.,(3,3),(0.,6.471576552901E-03),
  .PIECEWISE_BEZIER_KNOTS.);
#3678 = CARTESIAN_POINT('',(3.144119493737,0.));
#3679 = CARTESIAN_POINT('',(3.144119493737,-3.23578827645E-03));
#3680 = CARTESIAN_POINT('',(3.144119493737,-6.471576552901E-03));
#3681 = ( GEOMETRIC_REPRESENTATION_CONTEXT(2) 
PARAMETRIC_REPRESENTATION_CONTEXT() REPRESENTATION_CONTEXT('2D SPACE',''
  ) );
#3682 = ORIENTED_EDGE('',*,*,#3683,.F.);
#3683 = EDGE_CURVE('',#3592,#3663,#3684,.T.);
#3684 = SURFACE_CURVE('',#3685,(#3688,#3694),.PCURVE_S1.);
#3685 = B_SPLINE_CURVE_WITH_KNOTS('',1,(#3686,#3687),.UNSPECIFIED.,.F.,
  .F.,(2,2),(0.,8.876117240666E-03),.PIECEWISE_BEZIER_KNOTS.);
#3686 = CARTESIAN_POINT('',(-23.03,7.806255641896E-15,18.750028531283));
#3687 = CARTESIAN_POINT('',(-14.15395481393,-3.576485738651E-02,
    18.750028531283));
#3688 = PCURVE('',#3606,#3689);
#3689 = DEFINITIONAL_REPRESENTATION('',(#3690),#3693);
#3690 = B_SPLINE_CURVE_WITH_KNOTS('',1,(#3691,#3692),.UNSPECIFIED.,.F.,
  .F.,(2,2),(0.,8.876117240666E-03),.PIECEWISE_BEZIER_KNOTS.);
#3691 = CARTESIAN_POINT('',(0.,0.));
#3692 = CARTESIAN_POINT('',(8.876117240666E-03,0.));
#3693 = ( GEOMETRIC_REPRESENTATION_CONTEXT(2) 
PARAMETRIC_REPRESENTATION_CONTEXT() REPRESENTATION_CONTEXT('2D SPACE',''
  ) );
#3694 = PCURVE('',#3553,#3695);
#3695 = DEFINITIONAL_REPRESENTATION('',(#3696),#3699);
#3696 = B_SPLINE_CURVE_WITH_KNOTS('',1,(#3697,#3698),.UNSPECIFIED.,.F.,
  .F.,(2,2),(0.,8.876117240666E-03),.PIECEWISE_BEZIER_KNOTS.);
#3697 = CARTESIAN_POINT('',(-4.331809092001E-03,-2.419216761298E-03));
#3698 = CARTESIAN_POINT('',(4.544236094062E-03,-2.383451903911E-03));
#3699 = ( GEOMETRIC_REPRESENTATION_CONTEXT(2) 
PARAMETRIC_REPRESENTATION_CONTEXT() REPRESENTATION_CONTEXT('2D SPACE',''
  ) );
#3700 = ADVANCED_FACE('',(#3701),#3474,.T.);
#3701 = FACE_BOUND('',#3702,.T.);
#3702 = EDGE_LOOP('',(#3703,#3704,#3725,#3726));
#3703 = ORIENTED_EDGE('',*,*,#3662,.T.);
#3704 = ORIENTED_EDGE('',*,*,#3705,.T.);
#3705 = EDGE_CURVE('',#3643,#3456,#3706,.T.);
#3706 = SURFACE_CURVE('',#3707,(#3711,#3718),.PCURVE_S1.);
#3707 = ( BOUNDED_CURVE() B_SPLINE_CURVE(2,(#3708,#3709,#3710),
.UNSPECIFIED.,.F.,.F.) B_SPLINE_CURVE_WITH_KNOTS((3,3),(3.144119493737,
3.39640104805),.PIECEWISE_BEZIER_KNOTS.) CURVE() 
GEOMETRIC_REPRESENTATION_ITEM() RATIONAL_B_SPLINE_CURVE((1.,
0.992054795563,1.)) REPRESENTATION_ITEM('') );
#3708 = CARTESIAN_POINT('',(-14.15395481393,-3.576485738651E-02,
    25.221605084184));
#3709 = CARTESIAN_POINT('',(-14.14941932601,-1.830685790114,
    25.221605084184));
#3710 = CARTESIAN_POINT('',(-13.69699012147,-3.567657160136,
    25.221605084184));
#3711 = PCURVE('',#3474,#3712);
#3712 = DEFINITIONAL_REPRESENTATION('',(#3713),#3717);
#3713 = B_SPLINE_CURVE_WITH_KNOTS('',2,(#3714,#3715,#3716),
  .UNSPECIFIED.,.F.,.F.,(3,3),(3.144119493737,3.39640104805),
  .PIECEWISE_BEZIER_KNOTS.);
#3714 = CARTESIAN_POINT('',(3.144119493737,-6.471576552901E-03));
#3715 = CARTESIAN_POINT('',(3.270260270894,-6.471576552901E-03));
#3716 = CARTESIAN_POINT('',(3.39640104805,-6.471576552901E-03));
#3717 = ( GEOMETRIC_REPRESENTATION_CONTEXT(2) 
PARAMETRIC_REPRESENTATION_CONTEXT() REPRESENTATION_CONTEXT('2D SPACE',''
  ) );
#3718 = PCURVE('',#3502,#3719);
#3719 = DEFINITIONAL_REPRESENTATION('',(#3720),#3724);
#3720 = ( BOUNDED_CURVE() B_SPLINE_CURVE(2,(#3721,#3722,#3723),
.UNSPECIFIED.,.F.,.F.) B_SPLINE_CURVE_WITH_KNOTS((3,3),(3.144119493737,
3.39640104805),.PIECEWISE_BEZIER_KNOTS.) CURVE() 
GEOMETRIC_REPRESENTATION_ITEM() RATIONAL_B_SPLINE_CURVE((1.,
0.992054795563,1.)) REPRESENTATION_ITEM('') );
#3721 = CARTESIAN_POINT('',(4.544236094062E-03,-2.383451903911E-03));
#3722 = CARTESIAN_POINT('',(4.548771581989E-03,-5.885309711837E-04));
#3723 = CARTESIAN_POINT('',(5.001200786526E-03,1.148440398838E-03));
#3724 = ( GEOMETRIC_REPRESENTATION_CONTEXT(2) 
PARAMETRIC_REPRESENTATION_CONTEXT() REPRESENTATION_CONTEXT('2D SPACE',''
  ) );
#3725 = ORIENTED_EDGE('',*,*,#3453,.F.);
#3726 = ORIENTED_EDGE('',*,*,#3727,.F.);
#3727 = EDGE_CURVE('',#3663,#3454,#3728,.T.);
#3728 = SURFACE_CURVE('',#3729,(#3733,#3740),.PCURVE_S1.);
#3729 = ( BOUNDED_CURVE() B_SPLINE_CURVE(2,(#3730,#3731,#3732),
.UNSPECIFIED.,.F.,.F.) B_SPLINE_CURVE_WITH_KNOTS((3,3),(3.144119493737,
3.39640104805),.PIECEWISE_BEZIER_KNOTS.) CURVE() 
GEOMETRIC_REPRESENTATION_ITEM() RATIONAL_B_SPLINE_CURVE((1.,
0.992054795563,1.)) REPRESENTATION_ITEM('') );
#3730 = CARTESIAN_POINT('',(-14.15395481393,-3.576485738651E-02,
    18.750028531283));
#3731 = CARTESIAN_POINT('',(-14.14941932601,-1.830685790114,
    18.750028531283));
#3732 = CARTESIAN_POINT('',(-13.69699012147,-3.567657160136,
    18.750028531283));
#3733 = PCURVE('',#3474,#3734);
#3734 = DEFINITIONAL_REPRESENTATION('',(#3735),#3739);
#3735 = B_SPLINE_CURVE_WITH_KNOTS('',2,(#3736,#3737,#3738),
  .UNSPECIFIED.,.F.,.F.,(3,3),(3.144119493737,3.39640104805),
  .PIECEWISE_BEZIER_KNOTS.);
#3736 = CARTESIAN_POINT('',(3.144119493737,0.));
#3737 = CARTESIAN_POINT('',(3.270260270894,0.));
#3738 = CARTESIAN_POINT('',(3.39640104805,0.));
#3739 = ( GEOMETRIC_REPRESENTATION_CONTEXT(2) 
PARAMETRIC_REPRESENTATION_CONTEXT() REPRESENTATION_CONTEXT('2D SPACE',''
  ) );
#3740 = PCURVE('',#3553,#3741);
#3741 = DEFINITIONAL_REPRESENTATION('',(#3742),#3746);
#3742 = ( BOUNDED_CURVE() B_SPLINE_CURVE(2,(#3743,#3744,#3745),
.UNSPECIFIED.,.F.,.F.) B_SPLINE_CURVE_WITH_KNOTS((3,3),(3.144119493737,
3.39640104805),.PIECEWISE_BEZIER_KNOTS.) CURVE() 
GEOMETRIC_REPRESENTATION_ITEM() RATIONAL_B_SPLINE_CURVE((1.,
0.992054795563,1.)) REPRESENTATION_ITEM('') );
#3743 = CARTESIAN_POINT('',(4.544236094062E-03,-2.383451903911E-03));
#3744 = CARTESIAN_POINT('',(4.548771581989E-03,-5.885309711837E-04));
#3745 = CARTESIAN_POINT('',(5.001200786526E-03,1.148440398838E-03));
#3746 = ( GEOMETRIC_REPRESENTATION_CONTEXT(2) 
PARAMETRIC_REPRESENTATION_CONTEXT() REPRESENTATION_CONTEXT('2D SPACE',''
  ) );
#3747 = ADVANCED_FACE('',(#3748),#3553,.T.);
#3748 = FACE_BOUND('',#3749,.T.);
#3749 = EDGE_LOOP('',(#3750,#3751,#3752,#3753));
#3750 = ORIENTED_EDGE('',*,*,#3541,.T.);
#3751 = ORIENTED_EDGE('',*,*,#3617,.T.);
#3752 = ORIENTED_EDGE('',*,*,#3683,.T.);
#3753 = ORIENTED_EDGE('',*,*,#3727,.T.);
#3754 = ADVANCED_FACE('',(#3755),#3502,.F.);
#3755 = FACE_BOUND('',#3756,.F.);
#3756 = EDGE_LOOP('',(#3757,#3758,#3759,#3760));
#3757 = ORIENTED_EDGE('',*,*,#3488,.T.);
#3758 = ORIENTED_EDGE('',*,*,#3568,.T.);
#3759 = ORIENTED_EDGE('',*,*,#3642,.T.);
#3760 = ORIENTED_EDGE('',*,*,#3705,.T.);
#3761 = ( GEOMETRIC_REPRESENTATION_CONTEXT(3) 
GLOBAL_UNCERTAINTY_ASSIGNED_CONTEXT((#3765)) 
GLOBAL_UNIT_ASSIGNED_CONTEXT((#3762,#3763,#3764)) REPRESENTATION_CONTEXT
('Context #1','3D Context with UNIT and UNCERTAINTY') );
#3762 = ( LENGTH_UNIT() NAMED_UNIT(*) SI_UNIT(.MILLI.,.METRE.) );
#3763 = ( NAMED_UNIT(*) PLANE_ANGLE_UNIT() SI_UNIT($,.RADIAN.) );
#3764 = ( NAMED_UNIT(*) SI_UNIT($,.STERADIAN.) SOLID_ANGLE_UNIT() );
#3765 = UNCERTAINTY_MEASURE_WITH_UNIT(LENGTH_MEASURE(1.E-04),#3762,
  'distance_accuracy_value','confusion accuracy');
#3766 = CONTEXT_DEPENDENT_SHAPE_REPRESENTATION(#3767,#3769);
#3767 = ( REPRESENTATION_RELATIONSHIP('','',#3446,#10) 
REPRESENTATION_RELATIONSHIP_WITH_TRANSFORMATION(#3768) 
SHAPE_REPRESENTATION_RELATIONSHIP() );
#3768 = ITEM_DEFINED_TRANSFORMATION('','',#11,#55);
#3769 = PRODUCT_DEFINITION_SHAPE('Placement','Placement of an item',
  #3770);
#3770 = NEXT_ASSEMBLY_USAGE_OCCURRENCE('5995','','',#5,#3441,$);
#3771 = PRODUCT_RELATED_PRODUCT_CATEGORY('part',$,(#3443));
#3772 = SHAPE_DEFINITION_REPRESENTATION(#3773,#3779);
#3773 = PRODUCT_DEFINITION_SHAPE('','',#3774);
#3774 = PRODUCT_DEFINITION('design','',#3775,#3778);
#3775 = PRODUCT_DEFINITION_FORMATION('','',#3776);
#3776 = PRODUCT('Open CASCADE STEP translator 7.8 154.12',
  'Open CASCADE STEP translator 7.8 154.12','',(#3777));
#3777 = PRODUCT_CONTEXT('',#2,'mechanical');
#3778 = PRODUCT_DEFINITION_CONTEXT('part definition',#2,'design');
#3779 = ADVANCED_BREP_SHAPE_REPRESENTATION('',(#11,#3780),#4094);
#3780 = MANIFOLD_SOLID_BREP('',#3781);
#3781 = CLOSED_SHELL('',(#3782,#3896,#3970,#4033,#4080,#4087));
#3782 = ADVANCED_FACE('',(#3783),#3796,.T.);
#3783 = FACE_BOUND('',#3784,.T.);
#3784 = EDGE_LOOP('',(#3785,#3820,#3845,#3873));
#3785 = ORIENTED_EDGE('',*,*,#3786,.T.);
#3786 = EDGE_CURVE('',#3787,#3789,#3791,.T.);
#3787 = VERTEX_POINT('',#3788);
#3788 = CARTESIAN_POINT('',(-11.92414501607,-7.625646309376,
    18.750028531283));
#3789 = VERTEX_POINT('',#3790);
#3790 = CARTESIAN_POINT('',(-11.92414501607,-7.625646309376,
    25.221605084184));
#3791 = SURFACE_CURVE('',#3792,(#3795,#3806),.PCURVE_S1.);
#3792 = B_SPLINE_CURVE_WITH_KNOTS('',1,(#3793,#3794),.UNSPECIFIED.,.F.,
  .F.,(2,2),(0.,6.471576552901E-03),.PIECEWISE_BEZIER_KNOTS.);
#3793 = CARTESIAN_POINT('',(-11.92414501607,-7.625646309376,
    18.750028531283));
#3794 = CARTESIAN_POINT('',(-11.92414501607,-7.625646309376,
    25.221605084184));
#3795 = PCURVE('',#3796,#3801);
#3796 = B_SPLINE_SURFACE_WITH_KNOTS('',1,1,(
    (#3797,#3798)
    ,(#3799,#3800
    )),.UNSPECIFIED.,.F.,.F.,.F.,(2,2),(2,2),(0.,8.876117240666E-03),(
    -6.471576552901E-03,0.),.PIECEWISE_BEZIER_KNOTS.);
#3797 = CARTESIAN_POINT('',(-11.92414501607,-7.625646309376,
    25.221605084184));
#3798 = CARTESIAN_POINT('',(-11.92414501607,-7.625646309376,
    18.750028531283));
#3799 = CARTESIAN_POINT('',(-19.37038457575,-12.45668902186,
    25.221605084184));
#3800 = CARTESIAN_POINT('',(-19.37038457575,-12.45668902186,
    18.750028531283));
#3801 = DEFINITIONAL_REPRESENTATION('',(#3802),#3805);
#3802 = B_SPLINE_CURVE_WITH_KNOTS('',1,(#3803,#3804),.UNSPECIFIED.,.F.,
  .F.,(2,2),(0.,6.471576552901E-03),.PIECEWISE_BEZIER_KNOTS.);
#3803 = CARTESIAN_POINT('',(0.,0.));
#3804 = CARTESIAN_POINT('',(0.,-6.471576552901E-03));
#3805 = ( GEOMETRIC_REPRESENTATION_CONTEXT(2) 
PARAMETRIC_REPRESENTATION_CONTEXT() REPRESENTATION_CONTEXT('2D SPACE',''
  ) );
#3806 = PCURVE('',#3807,#3814);
#3807 = ( BOUNDED_SURFACE() B_SPLINE_SURFACE(2,1,(
    (#3808,#3809)
    ,(#3810,#3811)
    ,(#3812,#3813
)),.UNSPECIFIED.,.F.,.F.,.F.) B_SPLINE_SURFACE_WITH_KNOTS((3,3),(2,2),(
    3.144119493737,3.39640104805),(-6.471576552901E-03,0.),
.PIECEWISE_BEZIER_KNOTS.) GEOMETRIC_REPRESENTATION_ITEM() 
RATIONAL_B_SPLINE_SURFACE((
    (1.,1.)
    ,(0.992054795563,0.992054795563)
,(1.,1.))) REPRESENTATION_ITEM('') SURFACE() );
#3808 = CARTESIAN_POINT('',(-13.4501590084,-4.407826975794,
    25.221605084184));
#3809 = CARTESIAN_POINT('',(-13.4501590084,-4.407826975794,
    18.750028531283));
#3810 = CARTESIAN_POINT('',(-12.89118443128,-6.113496682251,
    25.221605084184));
#3811 = CARTESIAN_POINT('',(-12.89118443128,-6.113496682251,
    18.750028531283));
#3812 = CARTESIAN_POINT('',(-11.92414501607,-7.625646309376,
    25.221605084184));
#3813 = CARTESIAN_POINT('',(-11.92414501607,-7.625646309376,
    18.750028531283));
#3814 = DEFINITIONAL_REPRESENTATION('',(#3815),#3819);
#3815 = B_SPLINE_CURVE_WITH_KNOTS('',2,(#3816,#3817,#3818),
  .UNSPECIFIED.,.F.,.F.,(3,3),(0.,6.471576552901E-03),
  .PIECEWISE_BEZIER_KNOTS.);
#3816 = CARTESIAN_POINT('',(3.39640104805,0.));
#3817 = CARTESIAN_POINT('',(3.39640104805,-3.23578827645E-03));
#3818 = CARTESIAN_POINT('',(3.39640104805,-6.471576552901E-03));
#3819 = ( GEOMETRIC_REPRESENTATION_CONTEXT(2) 
PARAMETRIC_REPRESENTATION_CONTEXT() REPRESENTATION_CONTEXT('2D SPACE',''
  ) );
#3820 = ORIENTED_EDGE('',*,*,#3821,.T.);
#3821 = EDGE_CURVE('',#3789,#3822,#3824,.T.);
#3822 = VERTEX_POINT('',#3823);
#3823 = CARTESIAN_POINT('',(-19.37038457575,-12.45668902186,
    25.221605084184));
#3824 = SURFACE_CURVE('',#3825,(#3828,#3834),.PCURVE_S1.);
#3825 = B_SPLINE_CURVE_WITH_KNOTS('',1,(#3826,#3827),.UNSPECIFIED.,.F.,
  .F.,(2,2),(0.,8.876117240666E-03),.PIECEWISE_BEZIER_KNOTS.);
#3826 = CARTESIAN_POINT('',(-11.92414501607,-7.625646309376,
    25.221605084184));
#3827 = CARTESIAN_POINT('',(-19.37038457575,-12.45668902186,
    25.221605084184));
#3828 = PCURVE('',#3796,#3829);
#3829 = DEFINITIONAL_REPRESENTATION('',(#3830),#3833);
#3830 = B_SPLINE_CURVE_WITH_KNOTS('',1,(#3831,#3832),.UNSPECIFIED.,.F.,
  .F.,(2,2),(0.,8.876117240666E-03),.PIECEWISE_BEZIER_KNOTS.);
#3831 = CARTESIAN_POINT('',(0.,-6.471576552901E-03));
#3832 = CARTESIAN_POINT('',(8.876117240666E-03,-6.471576552901E-03));
#3833 = ( GEOMETRIC_REPRESENTATION_CONTEXT(2) 
PARAMETRIC_REPRESENTATION_CONTEXT() REPRESENTATION_CONTEXT('2D SPACE',''
  ) );
#3834 = PCURVE('',#3835,#3840);
#3835 = B_SPLINE_SURFACE_WITH_KNOTS('',1,1,(
    (#3836,#3837)
    ,(#3838,#3839
    )),.UNSPECIFIED.,.F.,.F.,.F.,(2,2),(2,2),(-4.331809092001E-03,
    5.001200786526E-03),(-2.419216761298E-03,3.442020482927E-03),
  .PIECEWISE_BEZIER_KNOTS.);
#3836 = CARTESIAN_POINT('',(-21.90283157027,-7.116661380455,
    25.221605084184));
#3837 = CARTESIAN_POINT('',(-20.09160965374,-12.69102925512,
    25.221605084184));
#3838 = CARTESIAN_POINT('',(-13.02661170865,-4.232602719321,
    25.221605084184));
#3839 = CARTESIAN_POINT('',(-11.21538979212,-9.806970593993,
    25.221605084184));
#3840 = DEFINITIONAL_REPRESENTATION('',(#3841),#3844);
#3841 = B_SPLINE_CURVE_WITH_KNOTS('',1,(#3842,#3843),.UNSPECIFIED.,.F.,
  .F.,(2,2),(0.,8.876117240666E-03),.PIECEWISE_BEZIER_KNOTS.);
#3842 = CARTESIAN_POINT('',(5.001200786526E-03,1.148440398838E-03));
#3843 = CARTESIAN_POINT('',(-3.573468167312E-03,3.442020482927E-03));
#3844 = ( GEOMETRIC_REPRESENTATION_CONTEXT(2) 
PARAMETRIC_REPRESENTATION_CONTEXT() REPRESENTATION_CONTEXT('2D SPACE',''
  ) );
#3845 = ORIENTED_EDGE('',*,*,#3846,.F.);
#3846 = EDGE_CURVE('',#3847,#3822,#3849,.T.);
#3847 = VERTEX_POINT('',#3848);
#3848 = CARTESIAN_POINT('',(-19.37038457575,-12.45668902186,
    18.750028531283));
#3849 = SURFACE_CURVE('',#3850,(#3853,#3859),.PCURVE_S1.);
#3850 = B_SPLINE_CURVE_WITH_KNOTS('',1,(#3851,#3852),.UNSPECIFIED.,.F.,
  .F.,(2,2),(0.,6.471576552901E-03),.PIECEWISE_BEZIER_KNOTS.);
#3851 = CARTESIAN_POINT('',(-19.37038457575,-12.45668902186,
    18.750028531283));
#3852 = CARTESIAN_POINT('',(-19.37038457575,-12.45668902186,
    25.221605084184));
#3853 = PCURVE('',#3796,#3854);
#3854 = DEFINITIONAL_REPRESENTATION('',(#3855),#3858);
#3855 = B_SPLINE_CURVE_WITH_KNOTS('',1,(#3856,#3857),.UNSPECIFIED.,.F.,
  .F.,(2,2),(0.,6.471576552901E-03),.PIECEWISE_BEZIER_KNOTS.);
#3856 = CARTESIAN_POINT('',(8.876117240666E-03,0.));
#3857 = CARTESIAN_POINT('',(8.876117240666E-03,-6.471576552901E-03));
#3858 = ( GEOMETRIC_REPRESENTATION_CONTEXT(2) 
PARAMETRIC_REPRESENTATION_CONTEXT() REPRESENTATION_CONTEXT('2D SPACE',''
  ) );
#3859 = PCURVE('',#3860,#3867);
#3860 = ( BOUNDED_SURFACE() B_SPLINE_SURFACE(2,1,(
    (#3861,#3862)
    ,(#3863,#3864)
    ,(#3865,#3866
)),.UNSPECIFIED.,.F.,.F.,.F.) B_SPLINE_SURFACE_WITH_KNOTS((3,3),(2,2),(
    6.025850072572,6.28318530718),(-6.471576552901E-03,0.),
.PIECEWISE_BEZIER_KNOTS.) GEOMETRIC_REPRESENTATION_ITEM() 
RATIONAL_B_SPLINE_SURFACE((
    (1.,1.)
    ,(0.99173373582,0.99173373582)
,(1.,1.))) REPRESENTATION_ITEM('') SURFACE() );
#3861 = CARTESIAN_POINT('',(-19.37038457575,-12.45668902186,
    25.221605084184));
#3862 = CARTESIAN_POINT('',(-19.37038457575,-12.45668902186,
    18.750028531283));
#3863 = CARTESIAN_POINT('',(-20.98206086145,-9.950502232515,
    25.221605084184));
#3864 = CARTESIAN_POINT('',(-20.98206086145,-9.950502232515,
    18.750028531283));
#3865 = CARTESIAN_POINT('',(-21.90283157027,-7.116661380455,
    25.221605084184));
#3866 = CARTESIAN_POINT('',(-21.90283157027,-7.116661380455,
    18.750028531283));
#3867 = DEFINITIONAL_REPRESENTATION('',(#3868),#3872);
#3868 = B_SPLINE_CURVE_WITH_KNOTS('',2,(#3869,#3870,#3871),
  .UNSPECIFIED.,.F.,.F.,(3,3),(0.,6.471576552901E-03),
  .PIECEWISE_BEZIER_KNOTS.);
#3869 = CARTESIAN_POINT('',(6.025850072572,0.));
#3870 = CARTESIAN_POINT('',(6.025850072572,-3.23578827645E-03));
#3871 = CARTESIAN_POINT('',(6.025850072572,-6.471576552901E-03));
#3872 = ( GEOMETRIC_REPRESENTATION_CONTEXT(2) 
PARAMETRIC_REPRESENTATION_CONTEXT() REPRESENTATION_CONTEXT('2D SPACE',''
  ) );
#3873 = ORIENTED_EDGE('',*,*,#3874,.F.);
#3874 = EDGE_CURVE('',#3787,#3847,#3875,.T.);
#3875 = SURFACE_CURVE('',#3876,(#3879,#3885),.PCURVE_S1.);
#3876 = B_SPLINE_CURVE_WITH_KNOTS('',1,(#3877,#3878),.UNSPECIFIED.,.F.,
  .F.,(2,2),(0.,8.876117240666E-03),.PIECEWISE_BEZIER_KNOTS.);
#3877 = CARTESIAN_POINT('',(-11.92414501607,-7.625646309376,
    18.750028531283));
#3878 = CARTESIAN_POINT('',(-19.37038457575,-12.45668902186,
    18.750028531283));
#3879 = PCURVE('',#3796,#3880);
#3880 = DEFINITIONAL_REPRESENTATION('',(#3881),#3884);
#3881 = B_SPLINE_CURVE_WITH_KNOTS('',1,(#3882,#3883),.UNSPECIFIED.,.F.,
  .F.,(2,2),(0.,8.876117240666E-03),.PIECEWISE_BEZIER_KNOTS.);
#3882 = CARTESIAN_POINT('',(0.,0.));
#3883 = CARTESIAN_POINT('',(8.876117240666E-03,0.));
#3884 = ( GEOMETRIC_REPRESENTATION_CONTEXT(2) 
PARAMETRIC_REPRESENTATION_CONTEXT() REPRESENTATION_CONTEXT('2D SPACE',''
  ) );
#3885 = PCURVE('',#3886,#3891);
#3886 = B_SPLINE_SURFACE_WITH_KNOTS('',1,1,(
    (#3887,#3888)
    ,(#3889,#3890
    )),.UNSPECIFIED.,.F.,.F.,.F.,(2,2),(2,2),(-4.331809092001E-03,
    5.001200786526E-03),(-2.419216761298E-03,3.442020482927E-03),
  .PIECEWISE_BEZIER_KNOTS.);
#3887 = CARTESIAN_POINT('',(-21.90283157027,-7.116661380455,
    18.750028531283));
#3888 = CARTESIAN_POINT('',(-20.09160965374,-12.69102925512,
    18.750028531283));
#3889 = CARTESIAN_POINT('',(-13.02661170865,-4.232602719321,
    18.750028531283));
#3890 = CARTESIAN_POINT('',(-11.21538979212,-9.806970593993,
    18.750028531283));
#3891 = DEFINITIONAL_REPRESENTATION('',(#3892),#3895);
#3892 = B_SPLINE_CURVE_WITH_KNOTS('',1,(#3893,#3894),.UNSPECIFIED.,.F.,
  .F.,(2,2),(0.,8.876117240666E-03),.PIECEWISE_BEZIER_KNOTS.);
#3893 = CARTESIAN_POINT('',(5.001200786526E-03,1.148440398838E-03));
#3894 = CARTESIAN_POINT('',(-3.573468167312E-03,3.442020482927E-03));
#3895 = ( GEOMETRIC_REPRESENTATION_CONTEXT(2) 
PARAMETRIC_REPRESENTATION_CONTEXT() REPRESENTATION_CONTEXT('2D SPACE',''
  ) );
#3896 = ADVANCED_FACE('',(#3897),#3860,.T.);
#3897 = FACE_BOUND('',#3898,.T.);
#3898 = EDGE_LOOP('',(#3899,#3900,#3923,#3949));
#3899 = ORIENTED_EDGE('',*,*,#3846,.T.);
#3900 = ORIENTED_EDGE('',*,*,#3901,.T.);
#3901 = EDGE_CURVE('',#3822,#3902,#3904,.T.);
#3902 = VERTEX_POINT('',#3903);
#3903 = CARTESIAN_POINT('',(-21.90283157027,-7.116661380455,
    25.221605084184));
#3904 = SURFACE_CURVE('',#3905,(#3909,#3916),.PCURVE_S1.);
#3905 = ( BOUNDED_CURVE() B_SPLINE_CURVE(2,(#3906,#3907,#3908),
.UNSPECIFIED.,.F.,.F.) B_SPLINE_CURVE_WITH_KNOTS((3,3),(6.025850072572,
6.28318530718),.PIECEWISE_BEZIER_KNOTS.) CURVE() 
GEOMETRIC_REPRESENTATION_ITEM() RATIONAL_B_SPLINE_CURVE((1.,
0.99173373582,1.)) REPRESENTATION_ITEM('') );
#3906 = CARTESIAN_POINT('',(-19.37038457575,-12.45668902186,
    25.221605084184));
#3907 = CARTESIAN_POINT('',(-20.98206086145,-9.950502232515,
    25.221605084184));
#3908 = CARTESIAN_POINT('',(-21.90283157027,-7.116661380455,
    25.221605084184));
#3909 = PCURVE('',#3860,#3910);
#3910 = DEFINITIONAL_REPRESENTATION('',(#3911),#3915);
#3911 = B_SPLINE_CURVE_WITH_KNOTS('',2,(#3912,#3913,#3914),
  .UNSPECIFIED.,.F.,.F.,(3,3),(6.025850072572,6.28318530718),
  .PIECEWISE_BEZIER_KNOTS.);
#3912 = CARTESIAN_POINT('',(6.025850072572,-6.471576552901E-03));
#3913 = CARTESIAN_POINT('',(6.154517689876,-6.471576552901E-03));
#3914 = CARTESIAN_POINT('',(6.28318530718,-6.471576552901E-03));
#3915 = ( GEOMETRIC_REPRESENTATION_CONTEXT(2) 
PARAMETRIC_REPRESENTATION_CONTEXT() REPRESENTATION_CONTEXT('2D SPACE',''
  ) );
#3916 = PCURVE('',#3835,#3917);
#3917 = DEFINITIONAL_REPRESENTATION('',(#3918),#3922);
#3918 = ( BOUNDED_CURVE() B_SPLINE_CURVE(2,(#3919,#3920,#3921),
.UNSPECIFIED.,.F.,.F.) B_SPLINE_CURVE_WITH_KNOTS((3,3),(6.025850072572,
6.28318530718),.PIECEWISE_BEZIER_KNOTS.) CURVE() 
GEOMETRIC_REPRESENTATION_ITEM() RATIONAL_B_SPLINE_CURVE((1.,
0.99173373582,1.)) REPRESENTATION_ITEM('') );
#3919 = CARTESIAN_POINT('',(-3.573468167312E-03,3.442020482927E-03));
#3920 = CARTESIAN_POINT('',(-4.331809092001E-03,5.604598441461E-04));
#3921 = CARTESIAN_POINT('',(-4.331809092001E-03,-2.419216761298E-03));
#3922 = ( GEOMETRIC_REPRESENTATION_CONTEXT(2) 
PARAMETRIC_REPRESENTATION_CONTEXT() REPRESENTATION_CONTEXT('2D SPACE',''
  ) );
#3923 = ORIENTED_EDGE('',*,*,#3924,.F.);
#3924 = EDGE_CURVE('',#3925,#3902,#3927,.T.);
#3925 = VERTEX_POINT('',#3926);
#3926 = CARTESIAN_POINT('',(-21.90283157027,-7.116661380455,
    18.750028531283));
#3927 = SURFACE_CURVE('',#3928,(#3931,#3938),.PCURVE_S1.);
#3928 = B_SPLINE_CURVE_WITH_KNOTS('',1,(#3929,#3930),.UNSPECIFIED.,.F.,
  .F.,(2,2),(0.,6.471576552901E-03),.PIECEWISE_BEZIER_KNOTS.);
#3929 = CARTESIAN_POINT('',(-21.90283157027,-7.116661380455,
    18.750028531283));
#3930 = CARTESIAN_POINT('',(-21.90283157027,-7.116661380455,
    25.221605084184));
#3931 = PCURVE('',#3860,#3932);
#3932 = DEFINITIONAL_REPRESENTATION('',(#3933),#3937);
#3933 = B_SPLINE_CURVE_WITH_KNOTS('',2,(#3934,#3935,#3936),
  .UNSPECIFIED.,.F.,.F.,(3,3),(0.,6.471576552901E-03),
  .PIECEWISE_BEZIER_KNOTS.);
#3934 = CARTESIAN_POINT('',(6.28318530718,0.));
#3935 = CARTESIAN_POINT('',(6.28318530718,-3.23578827645E-03));
#3936 = CARTESIAN_POINT('',(6.28318530718,-6.471576552901E-03));
#3937 = ( GEOMETRIC_REPRESENTATION_CONTEXT(2) 
PARAMETRIC_REPRESENTATION_CONTEXT() REPRESENTATION_CONTEXT('2D SPACE',''
  ) );
#3938 = PCURVE('',#3939,#3944);
#3939 = B_SPLINE_SURFACE_WITH_KNOTS('',1,1,(
    (#3940,#3941)
    ,(#3942,#3943
    )),.UNSPECIFIED.,.F.,.F.,.F.,(2,2),(2,2),(0.,8.876117240666E-03),(
    -6.471576552901E-03,0.),.PIECEWISE_BEZIER_KNOTS.);
#3940 = CARTESIAN_POINT('',(-21.90283157027,-7.116661380455,
    25.221605084184));
#3941 = CARTESIAN_POINT('',(-21.90283157027,-7.116661380455,
    18.750028531283));
#3942 = CARTESIAN_POINT('',(-13.4501590084,-4.407826975793,
    25.221605084184));
#3943 = CARTESIAN_POINT('',(-13.4501590084,-4.407826975793,
    18.750028531283));
#3944 = DEFINITIONAL_REPRESENTATION('',(#3945),#3948);
#3945 = B_SPLINE_CURVE_WITH_KNOTS('',1,(#3946,#3947),.UNSPECIFIED.,.F.,
  .F.,(2,2),(0.,6.471576552901E-03),.PIECEWISE_BEZIER_KNOTS.);
#3946 = CARTESIAN_POINT('',(0.,0.));
#3947 = CARTESIAN_POINT('',(0.,-6.471576552901E-03));
#3948 = ( GEOMETRIC_REPRESENTATION_CONTEXT(2) 
PARAMETRIC_REPRESENTATION_CONTEXT() REPRESENTATION_CONTEXT('2D SPACE',''
  ) );
#3949 = ORIENTED_EDGE('',*,*,#3950,.F.);
#3950 = EDGE_CURVE('',#3847,#3925,#3951,.T.);
#3951 = SURFACE_CURVE('',#3952,(#3956,#3963),.PCURVE_S1.);
#3952 = ( BOUNDED_CURVE() B_SPLINE_CURVE(2,(#3953,#3954,#3955),
.UNSPECIFIED.,.F.,.F.) B_SPLINE_CURVE_WITH_KNOTS((3,3),(6.025850072572,
6.28318530718),.PIECEWISE_BEZIER_KNOTS.) CURVE() 
GEOMETRIC_REPRESENTATION_ITEM() RATIONAL_B_SPLINE_CURVE((1.,
0.99173373582,1.)) REPRESENTATION_ITEM('') );
#3953 = CARTESIAN_POINT('',(-19.37038457575,-12.45668902186,
    18.750028531283));
#3954 = CARTESIAN_POINT('',(-20.98206086145,-9.950502232515,
    18.750028531283));
#3955 = CARTESIAN_POINT('',(-21.90283157027,-7.116661380455,
    18.750028531283));
#3956 = PCURVE('',#3860,#3957);
#3957 = DEFINITIONAL_REPRESENTATION('',(#3958),#3962);
#3958 = B_SPLINE_CURVE_WITH_KNOTS('',2,(#3959,#3960,#3961),
  .UNSPECIFIED.,.F.,.F.,(3,3),(6.025850072572,6.28318530718),
  .PIECEWISE_BEZIER_KNOTS.);
#3959 = CARTESIAN_POINT('',(6.025850072572,0.));
#3960 = CARTESIAN_POINT('',(6.154517689876,0.));
#3961 = CARTESIAN_POINT('',(6.28318530718,0.));
#3962 = ( GEOMETRIC_REPRESENTATION_CONTEXT(2) 
PARAMETRIC_REPRESENTATION_CONTEXT() REPRESENTATION_CONTEXT('2D SPACE',''
  ) );
#3963 = PCURVE('',#3886,#3964);
#3964 = DEFINITIONAL_REPRESENTATION('',(#3965),#3969);
#3965 = ( BOUNDED_CURVE() B_SPLINE_CURVE(2,(#3966,#3967,#3968),
.UNSPECIFIED.,.F.,.F.) B_SPLINE_CURVE_WITH_KNOTS((3,3),(6.025850072572,
6.28318530718),.PIECEWISE_BEZIER_KNOTS.) CURVE() 
GEOMETRIC_REPRESENTATION_ITEM() RATIONAL_B_SPLINE_CURVE((1.,
0.99173373582,1.)) REPRESENTATION_ITEM('') );
#3966 = CARTESIAN_POINT('',(-3.573468167312E-03,3.442020482927E-03));
#3967 = CARTESIAN_POINT('',(-4.331809092001E-03,5.604598441461E-04));
#3968 = CARTESIAN_POINT('',(-4.331809092001E-03,-2.419216761298E-03));
#3969 = ( GEOMETRIC_REPRESENTATION_CONTEXT(2) 
PARAMETRIC_REPRESENTATION_CONTEXT() REPRESENTATION_CONTEXT('2D SPACE',''
  ) );
#3970 = ADVANCED_FACE('',(#3971),#3939,.T.);
#3971 = FACE_BOUND('',#3972,.T.);
#3972 = EDGE_LOOP('',(#3973,#3974,#3994,#4015));
#3973 = ORIENTED_EDGE('',*,*,#3924,.T.);
#3974 = ORIENTED_EDGE('',*,*,#3975,.T.);
#3975 = EDGE_CURVE('',#3902,#3976,#3978,.T.);
#3976 = VERTEX_POINT('',#3977);
#3977 = CARTESIAN_POINT('',(-13.4501590084,-4.407826975793,
    25.221605084184));
#3978 = SURFACE_CURVE('',#3979,(#3982,#3988),.PCURVE_S1.);
#3979 = B_SPLINE_CURVE_WITH_KNOTS('',1,(#3980,#3981),.UNSPECIFIED.,.F.,
  .F.,(2,2),(0.,8.876117240666E-03),.PIECEWISE_BEZIER_KNOTS.);
#3980 = CARTESIAN_POINT('',(-21.90283157027,-7.116661380455,
    25.221605084184));
#3981 = CARTESIAN_POINT('',(-13.4501590084,-4.407826975793,
    25.221605084184));
#3982 = PCURVE('',#3939,#3983);
#3983 = DEFINITIONAL_REPRESENTATION('',(#3984),#3987);
#3984 = B_SPLINE_CURVE_WITH_KNOTS('',1,(#3985,#3986),.UNSPECIFIED.,.F.,
  .F.,(2,2),(0.,8.876117240666E-03),.PIECEWISE_BEZIER_KNOTS.);
#3985 = CARTESIAN_POINT('',(0.,-6.471576552901E-03));
#3986 = CARTESIAN_POINT('',(8.876117240666E-03,-6.471576552901E-03));
#3987 = ( GEOMETRIC_REPRESENTATION_CONTEXT(2) 
PARAMETRIC_REPRESENTATION_CONTEXT() REPRESENTATION_CONTEXT('2D SPACE',''
  ) );
#3988 = PCURVE('',#3835,#3989);
#3989 = DEFINITIONAL_REPRESENTATION('',(#3990),#3993);
#3990 = B_SPLINE_CURVE_WITH_KNOTS('',1,(#3991,#3992),.UNSPECIFIED.,.F.,
  .F.,(2,2),(0.,8.876117240666E-03),.PIECEWISE_BEZIER_KNOTS.);
#3991 = CARTESIAN_POINT('',(-4.331809092001E-03,-2.419216761298E-03));
#3992 = CARTESIAN_POINT('',(4.544236094062E-03,-2.383451903911E-03));
#3993 = ( GEOMETRIC_REPRESENTATION_CONTEXT(2) 
PARAMETRIC_REPRESENTATION_CONTEXT() REPRESENTATION_CONTEXT('2D SPACE',''
  ) );
#3994 = ORIENTED_EDGE('',*,*,#3995,.F.);
#3995 = EDGE_CURVE('',#3996,#3976,#3998,.T.);
#3996 = VERTEX_POINT('',#3997);
#3997 = CARTESIAN_POINT('',(-13.4501590084,-4.407826975793,
    18.750028531283));
#3998 = SURFACE_CURVE('',#3999,(#4002,#4008),.PCURVE_S1.);
#3999 = B_SPLINE_CURVE_WITH_KNOTS('',1,(#4000,#4001),.UNSPECIFIED.,.F.,
  .F.,(2,2),(0.,6.471576552901E-03),.PIECEWISE_BEZIER_KNOTS.);
#4000 = CARTESIAN_POINT('',(-13.4501590084,-4.407826975793,
    18.750028531283));
#4001 = CARTESIAN_POINT('',(-13.4501590084,-4.407826975793,
    25.221605084184));
#4002 = PCURVE('',#3939,#4003);
#4003 = DEFINITIONAL_REPRESENTATION('',(#4004),#4007);
#4004 = B_SPLINE_CURVE_WITH_KNOTS('',1,(#4005,#4006),.UNSPECIFIED.,.F.,
  .F.,(2,2),(0.,6.471576552901E-03),.PIECEWISE_BEZIER_KNOTS.);
#4005 = CARTESIAN_POINT('',(8.876117240666E-03,0.));
#4006 = CARTESIAN_POINT('',(8.876117240666E-03,-6.471576552901E-03));
#4007 = ( GEOMETRIC_REPRESENTATION_CONTEXT(2) 
PARAMETRIC_REPRESENTATION_CONTEXT() REPRESENTATION_CONTEXT('2D SPACE',''
  ) );
#4008 = PCURVE('',#3807,#4009);
#4009 = DEFINITIONAL_REPRESENTATION('',(#4010),#4014);
#4010 = B_SPLINE_CURVE_WITH_KNOTS('',2,(#4011,#4012,#4013),
  .UNSPECIFIED.,.F.,.F.,(3,3),(0.,6.471576552901E-03),
  .PIECEWISE_BEZIER_KNOTS.);
#4011 = CARTESIAN_POINT('',(3.144119493737,0.));
#4012 = CARTESIAN_POINT('',(3.144119493737,-3.23578827645E-03));
#4013 = CARTESIAN_POINT('',(3.144119493737,-6.471576552901E-03));
#4014 = ( GEOMETRIC_REPRESENTATION_CONTEXT(2) 
PARAMETRIC_REPRESENTATION_CONTEXT() REPRESENTATION_CONTEXT('2D SPACE',''
  ) );
#4015 = ORIENTED_EDGE('',*,*,#4016,.F.);
#4016 = EDGE_CURVE('',#3925,#3996,#4017,.T.);
#4017 = SURFACE_CURVE('',#4018,(#4021,#4027),.PCURVE_S1.);
#4018 = B_SPLINE_CURVE_WITH_KNOTS('',1,(#4019,#4020),.UNSPECIFIED.,.F.,
  .F.,(2,2),(0.,8.876117240666E-03),.PIECEWISE_BEZIER_KNOTS.);
#4019 = CARTESIAN_POINT('',(-21.90283157027,-7.116661380455,
    18.750028531283));
#4020 = CARTESIAN_POINT('',(-13.4501590084,-4.407826975793,
    18.750028531283));
#4021 = PCURVE('',#3939,#4022);
#4022 = DEFINITIONAL_REPRESENTATION('',(#4023),#4026);
#4023 = B_SPLINE_CURVE_WITH_KNOTS('',1,(#4024,#4025),.UNSPECIFIED.,.F.,
  .F.,(2,2),(0.,8.876117240666E-03),.PIECEWISE_BEZIER_KNOTS.);
#4024 = CARTESIAN_POINT('',(0.,0.));
#4025 = CARTESIAN_POINT('',(8.876117240666E-03,0.));
#4026 = ( GEOMETRIC_REPRESENTATION_CONTEXT(2) 
PARAMETRIC_REPRESENTATION_CONTEXT() REPRESENTATION_CONTEXT('2D SPACE',''
  ) );
#4027 = PCURVE('',#3886,#4028);
#4028 = DEFINITIONAL_REPRESENTATION('',(#4029),#4032);
#4029 = B_SPLINE_CURVE_WITH_KNOTS('',1,(#4030,#4031),.UNSPECIFIED.,.F.,
  .F.,(2,2),(0.,8.876117240666E-03),.PIECEWISE_BEZIER_KNOTS.);
#4030 = CARTESIAN_POINT('',(-4.331809092001E-03,-2.419216761298E-03));
#4031 = CARTESIAN_POINT('',(4.544236094062E-03,-2.383451903911E-03));
#4032 = ( GEOMETRIC_REPRESENTATION_CONTEXT(2) 
PARAMETRIC_REPRESENTATION_CONTEXT() REPRESENTATION_CONTEXT('2D SPACE',''
  ) );
#4033 = ADVANCED_FACE('',(#4034),#3807,.T.);
#4034 = FACE_BOUND('',#4035,.T.);
#4035 = EDGE_LOOP('',(#4036,#4037,#4058,#4059));
#4036 = ORIENTED_EDGE('',*,*,#3995,.T.);
#4037 = ORIENTED_EDGE('',*,*,#4038,.T.);
#4038 = EDGE_CURVE('',#3976,#3789,#4039,.T.);
#4039 = SURFACE_CURVE('',#4040,(#4044,#4051),.PCURVE_S1.);
#4040 = ( BOUNDED_CURVE() B_SPLINE_CURVE(2,(#4041,#4042,#4043),
.UNSPECIFIED.,.F.,.F.) B_SPLINE_CURVE_WITH_KNOTS((3,3),(3.144119493737,
3.39640104805),.PIECEWISE_BEZIER_KNOTS.) CURVE() 
GEOMETRIC_REPRESENTATION_ITEM() RATIONAL_B_SPLINE_CURVE((1.,
0.992054795563,1.)) REPRESENTATION_ITEM('') );
#4041 = CARTESIAN_POINT('',(-13.4501590084,-4.407826975794,
    25.221605084184));
#4042 = CARTESIAN_POINT('',(-12.89118443128,-6.113496682251,
    25.221605084184));
#4043 = CARTESIAN_POINT('',(-11.92414501607,-7.625646309376,
    25.221605084184));
#4044 = PCURVE('',#3807,#4045);
#4045 = DEFINITIONAL_REPRESENTATION('',(#4046),#4050);
#4046 = B_SPLINE_CURVE_WITH_KNOTS('',2,(#4047,#4048,#4049),
  .UNSPECIFIED.,.F.,.F.,(3,3),(3.144119493737,3.39640104805),
  .PIECEWISE_BEZIER_KNOTS.);
#4047 = CARTESIAN_POINT('',(3.144119493737,-6.471576552901E-03));
#4048 = CARTESIAN_POINT('',(3.270260270894,-6.471576552901E-03));
#4049 = CARTESIAN_POINT('',(3.39640104805,-6.471576552901E-03));
#4050 = ( GEOMETRIC_REPRESENTATION_CONTEXT(2) 
PARAMETRIC_REPRESENTATION_CONTEXT() REPRESENTATION_CONTEXT('2D SPACE',''
  ) );
#4051 = PCURVE('',#3835,#4052);
#4052 = DEFINITIONAL_REPRESENTATION('',(#4053),#4057);
#4053 = ( BOUNDED_CURVE() B_SPLINE_CURVE(2,(#4054,#4055,#4056),
.UNSPECIFIED.,.F.,.F.) B_SPLINE_CURVE_WITH_KNOTS((3,3),(3.144119493737,
3.39640104805),.PIECEWISE_BEZIER_KNOTS.) CURVE() 
GEOMETRIC_REPRESENTATION_ITEM() RATIONAL_B_SPLINE_CURVE((1.,
0.992054795563,1.)) REPRESENTATION_ITEM('') );
#4054 = CARTESIAN_POINT('',(4.544236094062E-03,-2.383451903911E-03));
#4055 = CARTESIAN_POINT('',(4.548771581989E-03,-5.885309711837E-04));
#4056 = CARTESIAN_POINT('',(5.001200786526E-03,1.148440398838E-03));
#4057 = ( GEOMETRIC_REPRESENTATION_CONTEXT(2) 
PARAMETRIC_REPRESENTATION_CONTEXT() REPRESENTATION_CONTEXT('2D SPACE',''
  ) );
#4058 = ORIENTED_EDGE('',*,*,#3786,.F.);
#4059 = ORIENTED_EDGE('',*,*,#4060,.F.);
#4060 = EDGE_CURVE('',#3996,#3787,#4061,.T.);
#4061 = SURFACE_CURVE('',#4062,(#4066,#4073),.PCURVE_S1.);
#4062 = ( BOUNDED_CURVE() B_SPLINE_CURVE(2,(#4063,#4064,#4065),
.UNSPECIFIED.,.F.,.F.) B_SPLINE_CURVE_WITH_KNOTS((3,3),(3.144119493737,
3.39640104805),.PIECEWISE_BEZIER_KNOTS.) CURVE() 
GEOMETRIC_REPRESENTATION_ITEM() RATIONAL_B_SPLINE_CURVE((1.,
0.992054795563,1.)) REPRESENTATION_ITEM('') );
#4063 = CARTESIAN_POINT('',(-13.4501590084,-4.407826975794,
    18.750028531283));
#4064 = CARTESIAN_POINT('',(-12.89118443128,-6.113496682251,
    18.750028531283));
#4065 = CARTESIAN_POINT('',(-11.92414501607,-7.625646309376,
    18.750028531283));
#4066 = PCURVE('',#3807,#4067);
#4067 = DEFINITIONAL_REPRESENTATION('',(#4068),#4072);
#4068 = B_SPLINE_CURVE_WITH_KNOTS('',2,(#4069,#4070,#4071),
  .UNSPECIFIED.,.F.,.F.,(3,3),(3.144119493737,3.39640104805),
  .PIECEWISE_BEZIER_KNOTS.);
#4069 = CARTESIAN_POINT('',(3.144119493737,0.));
#4070 = CARTESIAN_POINT('',(3.270260270894,0.));
#4071 = CARTESIAN_POINT('',(3.39640104805,0.));
#4072 = ( GEOMETRIC_REPRESENTATION_CONTEXT(2) 
PARAMETRIC_REPRESENTATION_CONTEXT() REPRESENTATION_CONTEXT('2D SPACE',''
  ) );
#4073 = PCURVE('',#3886,#4074);
#4074 = DEFINITIONAL_REPRESENTATION('',(#4075),#4079);
#4075 = ( BOUNDED_CURVE() B_SPLINE_CURVE(2,(#4076,#4077,#4078),
.UNSPECIFIED.,.F.,.F.) B_SPLINE_CURVE_WITH_KNOTS((3,3),(3.144119493737,
3.39640104805),.PIECEWISE_BEZIER_KNOTS.) CURVE() 
GEOMETRIC_REPRESENTATION_ITEM() RATIONAL_B_SPLINE_CURVE((1.,
0.992054795563,1.)) REPRESENTATION_ITEM('') );
#4076 = CARTESIAN_POINT('',(4.544236094062E-03,-2.383451903911E-03));
#4077 = CARTESIAN_POINT('',(4.548771581989E-03,-5.885309711837E-04));
#4078 = CARTESIAN_POINT('',(5.001200786526E-03,1.148440398838E-03));
#4079 = ( GEOMETRIC_REPRESENTATION_CONTEXT(2) 
PARAMETRIC_REPRESENTATION_CONTEXT() REPRESENTATION_CONTEXT('2D SPACE',''
  ) );
#4080 = ADVANCED_FACE('',(#4081),#3886,.T.);
#4081 = FACE_BOUND('',#4082,.T.);
#4082 = EDGE_LOOP('',(#4083,#4084,#4085,#4086));
#4083 = ORIENTED_EDGE('',*,*,#3874,.T.);
#4084 = ORIENTED_EDGE('',*,*,#3950,.T.);
#4085 = ORIENTED_EDGE('',*,*,#4016,.T.);
#4086 = ORIENTED_EDGE('',*,*,#4060,.T.);
#4087 = ADVANCED_FACE('',(#4088),#3835,.F.);
#4088 = FACE_BOUND('',#4089,.F.);
#4089 = EDGE_LOOP('',(#4090,#4091,#4092,#4093));
#4090 = ORIENTED_EDGE('',*,*,#3821,.T.);
#4091 = ORIENTED_EDGE('',*,*,#3901,.T.);
#4092 = ORIENTED_EDGE('',*,*,#3975,.T.);
#4093 = ORIENTED_EDGE('',*,*,#4038,.T.);
#4094 = ( GEOMETRIC_REPRESENTATION_CONTEXT(3) 
GLOBAL_UNCERTAINTY_ASSIGNED_CONTEXT((#4098)) 
GLOBAL_UNIT_ASSIGNED_CONTEXT((#4095,#4096,#4097)) REPRESENTATION_CONTEXT
('Context #1','3D Context with UNIT and UNCERTAINTY') );
#4095 = ( LENGTH_UNIT() NAMED_UNIT(*) SI_UNIT(.MILLI.,.METRE.) );
#4096 = ( NAMED_UNIT(*) PLANE_ANGLE_UNIT() SI_UNIT($,.RADIAN.) );
#4097 = ( NAMED_UNIT(*) SI_UNIT($,.STERADIAN.) SOLID_ANGLE_UNIT() );
#4098 = UNCERTAINTY_MEASURE_WITH_UNIT(LENGTH_MEASURE(1.E-04),#4095,
  'distance_accuracy_value','confusion accuracy');
#4099 = CONTEXT_DEPENDENT_SHAPE_REPRESENTATION(#4100,#4102);
#4100 = ( REPRESENTATION_RELATIONSHIP('','',#3779,#10) 
REPRESENTATION_RELATIONSHIP_WITH_TRANSFORMATION(#4101) 
SHAPE_REPRESENTATION_RELATIONSHIP() );
#4101 = ITEM_DEFINED_TRANSFORMATION('','',#11,#59);
#4102 = PRODUCT_DEFINITION_SHAPE('Placement','Placement of an item',
  #4103);
#4103 = NEXT_ASSEMBLY_USAGE_OCCURRENCE('5996','','',#5,#3774,$);
#4104 = PRODUCT_RELATED_PRODUCT_CATEGORY('part',$,(#3776));
#4105 = SHAPE_DEFINITION_REPRESENTATION(#4106,#4112);
#4106 = PRODUCT_DEFINITION_SHAPE('','',#4107);
#4107 = PRODUCT_DEFINITION('design','',#4108,#4111);
#4108 = PRODUCT_DEFINITION_FORMATION('','',#4109);
#4109 = PRODUCT('Open CASCADE STEP translator 7.8 154.13',
  'Open CASCADE STEP translator 7.8 154.13','',(#4110));
#4110 = PRODUCT_CONTEXT('',#2,'mechanical');
#4111 = PRODUCT_DEFINITION_CONTEXT('part definition',#2,'design');
#4112 = ADVANCED_BREP_SHAPE_REPRESENTATION('',(#11,#4113),#4427);
#4113 = MANIFOLD_SOLID_BREP('',#4114);
#4114 = CLOSED_SHELL('',(#4115,#4229,#4303,#4366,#4413,#4420));
#4115 = ADVANCED_FACE('',(#4116),#4129,.T.);
#4116 = FACE_BOUND('',#4117,.T.);
#4117 = EDGE_LOOP('',(#4118,#4153,#4178,#4206));
#4118 = ORIENTED_EDGE('',*,*,#4119,.T.);
#4119 = EDGE_CURVE('',#4120,#4122,#4124,.T.);
#4120 = VERTEX_POINT('',#4121);
#4121 = CARTESIAN_POINT('',(-8.984081516094,-10.93718406685,
    18.750028531283));
#4122 = VERTEX_POINT('',#4123);
#4123 = CARTESIAN_POINT('',(-8.984081516094,-10.93718406685,
    25.221605084184));
#4124 = SURFACE_CURVE('',#4125,(#4128,#4139),.PCURVE_S1.);
#4125 = B_SPLINE_CURVE_WITH_KNOTS('',1,(#4126,#4127),.UNSPECIFIED.,.F.,
  .F.,(2,2),(0.,6.471576552901E-03),.PIECEWISE_BEZIER_KNOTS.);
#4126 = CARTESIAN_POINT('',(-8.984081516094,-10.93718406685,
    18.750028531283));
#4127 = CARTESIAN_POINT('',(-8.984081516094,-10.93718406685,
    25.221605084184));
#4128 = PCURVE('',#4129,#4134);
#4129 = B_SPLINE_SURFACE_WITH_KNOTS('',1,1,(
    (#4130,#4131)
    ,(#4132,#4133
    )),.UNSPECIFIED.,.F.,.F.,.F.,(2,2),(2,2),(0.,8.876117240666E-03),(
    -6.471576552901E-03,0.),.PIECEWISE_BEZIER_KNOTS.);
#4130 = CARTESIAN_POINT('',(-8.984081516094,-10.93718406685,
    25.221605084184));
#4131 = CARTESIAN_POINT('',(-8.984081516094,-10.93718406685,
    18.750028531283));
#4132 = CARTESIAN_POINT('',(-14.5730018725,-17.83279328719,
    25.221605084184));
#4133 = CARTESIAN_POINT('',(-14.5730018725,-17.83279328719,
    18.750028531283));
#4134 = DEFINITIONAL_REPRESENTATION('',(#4135),#4138);
#4135 = B_SPLINE_CURVE_WITH_KNOTS('',1,(#4136,#4137),.UNSPECIFIED.,.F.,
  .F.,(2,2),(0.,6.471576552901E-03),.PIECEWISE_BEZIER_KNOTS.);
#4136 = CARTESIAN_POINT('',(0.,0.));
#4137 = CARTESIAN_POINT('',(0.,-6.471576552901E-03));
#4138 = ( GEOMETRIC_REPRESENTATION_CONTEXT(2) 
PARAMETRIC_REPRESENTATION_CONTEXT() REPRESENTATION_CONTEXT('2D SPACE',''
  ) );
#4139 = PCURVE('',#4140,#4147);
#4140 = ( BOUNDED_SURFACE() B_SPLINE_SURFACE(2,1,(
    (#4141,#4142)
    ,(#4143,#4144)
    ,(#4145,#4146
)),.UNSPECIFIED.,.F.,.F.,.F.) B_SPLINE_SURFACE_WITH_KNOTS((3,3),(2,2),(
    3.144119493737,3.39640104805),(-6.471576552901E-03,0.),
.PIECEWISE_BEZIER_KNOTS.) GEOMETRIC_REPRESENTATION_ITEM() 
RATIONAL_B_SPLINE_SURFACE((
    (1.,1.)
    ,(0.992054795563,0.992054795563)
,(1.,1.))) REPRESENTATION_ITEM('') SURFACE() );
#4141 = CARTESIAN_POINT('',(-11.42976792636,-8.348420278673,
    25.221605084184));
#4142 = CARTESIAN_POINT('',(-11.42976792636,-8.348420278673,
    18.750028531283));
#4143 = CARTESIAN_POINT('',(-10.37107058626,-9.797875923894,
    25.221605084184));
#4144 = CARTESIAN_POINT('',(-10.37107058626,-9.797875923894,
    18.750028531283));
#4145 = CARTESIAN_POINT('',(-8.984081516094,-10.93718406685,
    25.221605084184));
#4146 = CARTESIAN_POINT('',(-8.984081516094,-10.93718406685,
    18.750028531283));
#4147 = DEFINITIONAL_REPRESENTATION('',(#4148),#4152);
#4148 = B_SPLINE_CURVE_WITH_KNOTS('',2,(#4149,#4150,#4151),
  .UNSPECIFIED.,.F.,.F.,(3,3),(0.,6.471576552901E-03),
  .PIECEWISE_BEZIER_KNOTS.);
#4149 = CARTESIAN_POINT('',(3.39640104805,0.));
#4150 = CARTESIAN_POINT('',(3.39640104805,-3.23578827645E-03));
#4151 = CARTESIAN_POINT('',(3.39640104805,-6.471576552901E-03));
#4152 = ( GEOMETRIC_REPRESENTATION_CONTEXT(2) 
PARAMETRIC_REPRESENTATION_CONTEXT() REPRESENTATION_CONTEXT('2D SPACE',''
  ) );
#4153 = ORIENTED_EDGE('',*,*,#4154,.T.);
#4154 = EDGE_CURVE('',#4122,#4155,#4157,.T.);
#4155 = VERTEX_POINT('',#4156);
#4156 = CARTESIAN_POINT('',(-14.5730018725,-17.83279328719,
    25.221605084184));
#4157 = SURFACE_CURVE('',#4158,(#4161,#4167),.PCURVE_S1.);
#4158 = B_SPLINE_CURVE_WITH_KNOTS('',1,(#4159,#4160),.UNSPECIFIED.,.F.,
  .F.,(2,2),(0.,8.876117240666E-03),.PIECEWISE_BEZIER_KNOTS.);
#4159 = CARTESIAN_POINT('',(-8.984081516094,-10.93718406685,
    25.221605084184));
#4160 = CARTESIAN_POINT('',(-14.5730018725,-17.83279328719,
    25.221605084184));
#4161 = PCURVE('',#4129,#4162);
#4162 = DEFINITIONAL_REPRESENTATION('',(#4163),#4166);
#4163 = B_SPLINE_CURVE_WITH_KNOTS('',1,(#4164,#4165),.UNSPECIFIED.,.F.,
  .F.,(2,2),(0.,8.876117240666E-03),.PIECEWISE_BEZIER_KNOTS.);
#4164 = CARTESIAN_POINT('',(0.,-6.471576552901E-03));
#4165 = CARTESIAN_POINT('',(8.876117240666E-03,-6.471576552901E-03));
#4166 = ( GEOMETRIC_REPRESENTATION_CONTEXT(2) 
PARAMETRIC_REPRESENTATION_CONTEXT() REPRESENTATION_CONTEXT('2D SPACE',''
  ) );
#4167 = PCURVE('',#4168,#4173);
#4168 = B_SPLINE_SURFACE_WITH_KNOTS('',1,1,(
    (#4169,#4170)
    ,(#4171,#4172
    )),.UNSPECIFIED.,.F.,.F.,.F.,(2,2),(2,2),(-4.331809092001E-03,
    5.001200786526E-03),(-2.419216761298E-03,3.442020482927E-03),
  .PIECEWISE_BEZIER_KNOTS.);
#4169 = CARTESIAN_POINT('',(-18.63166138045,-13.53669436029,
    25.221605084184));
#4170 = CARTESIAN_POINT('',(-15.18651256811,-18.27853489893,
    25.221605084184));
#4171 = CARTESIAN_POINT('',(-11.08109778005,-8.050888794197,
    25.221605084184));
#4172 = CARTESIAN_POINT('',(-7.635948967715,-12.79272933283,
    25.221605084184));
#4173 = DEFINITIONAL_REPRESENTATION('',(#4174),#4177);
#4174 = B_SPLINE_CURVE_WITH_KNOTS('',1,(#4175,#4176),.UNSPECIFIED.,.F.,
  .F.,(2,2),(0.,8.876117240666E-03),.PIECEWISE_BEZIER_KNOTS.);
#4175 = CARTESIAN_POINT('',(5.001200786526E-03,1.148440398838E-03));
#4176 = CARTESIAN_POINT('',(-3.573468167312E-03,3.442020482927E-03));
#4177 = ( GEOMETRIC_REPRESENTATION_CONTEXT(2) 
PARAMETRIC_REPRESENTATION_CONTEXT() REPRESENTATION_CONTEXT('2D SPACE',''
  ) );
#4178 = ORIENTED_EDGE('',*,*,#4179,.F.);
#4179 = EDGE_CURVE('',#4180,#4155,#4182,.T.);
#4180 = VERTEX_POINT('',#4181);
#4181 = CARTESIAN_POINT('',(-14.5730018725,-17.83279328719,
    18.750028531283));
#4182 = SURFACE_CURVE('',#4183,(#4186,#4192),.PCURVE_S1.);
#4183 = B_SPLINE_CURVE_WITH_KNOTS('',1,(#4184,#4185),.UNSPECIFIED.,.F.,
  .F.,(2,2),(0.,6.471576552901E-03),.PIECEWISE_BEZIER_KNOTS.);
#4184 = CARTESIAN_POINT('',(-14.5730018725,-17.83279328719,
    18.750028531283));
#4185 = CARTESIAN_POINT('',(-14.5730018725,-17.83279328719,
    25.221605084184));
#4186 = PCURVE('',#4129,#4187);
#4187 = DEFINITIONAL_REPRESENTATION('',(#4188),#4191);
#4188 = B_SPLINE_CURVE_WITH_KNOTS('',1,(#4189,#4190),.UNSPECIFIED.,.F.,
  .F.,(2,2),(0.,6.471576552901E-03),.PIECEWISE_BEZIER_KNOTS.);
#4189 = CARTESIAN_POINT('',(8.876117240666E-03,0.));
#4190 = CARTESIAN_POINT('',(8.876117240666E-03,-6.471576552901E-03));
#4191 = ( GEOMETRIC_REPRESENTATION_CONTEXT(2) 
PARAMETRIC_REPRESENTATION_CONTEXT() REPRESENTATION_CONTEXT('2D SPACE',''
  ) );
#4192 = PCURVE('',#4193,#4200);
#4193 = ( BOUNDED_SURFACE() B_SPLINE_SURFACE(2,1,(
    (#4194,#4195)
    ,(#4196,#4197)
    ,(#4198,#4199
)),.UNSPECIFIED.,.F.,.F.,.F.) B_SPLINE_SURFACE_WITH_KNOTS((3,3),(2,2),(
    6.025850072572,6.28318530718),(-6.471576552901E-03,0.),
.PIECEWISE_BEZIER_KNOTS.) GEOMETRIC_REPRESENTATION_ITEM() 
RATIONAL_B_SPLINE_SURFACE((
    (1.,1.)
    ,(0.99173373582,0.99173373582)
,(1.,1.))) REPRESENTATION_ITEM('') SURFACE() );
#4194 = CARTESIAN_POINT('',(-14.5730018725,-17.83279328719,
    25.221605084184));
#4195 = CARTESIAN_POINT('',(-14.5730018725,-17.83279328719,
    18.750028531283));
#4196 = CARTESIAN_POINT('',(-16.88025141517,-15.94730337184,
    25.221605084184));
#4197 = CARTESIAN_POINT('',(-16.88025141517,-15.94730337184,
    18.750028531283));
#4198 = CARTESIAN_POINT('',(-18.63166138045,-13.53669436029,
    25.221605084184));
#4199 = CARTESIAN_POINT('',(-18.63166138045,-13.53669436029,
    18.750028531283));
#4200 = DEFINITIONAL_REPRESENTATION('',(#4201),#4205);
#4201 = B_SPLINE_CURVE_WITH_KNOTS('',2,(#4202,#4203,#4204),
  .UNSPECIFIED.,.F.,.F.,(3,3),(0.,6.471576552901E-03),
  .PIECEWISE_BEZIER_KNOTS.);
#4202 = CARTESIAN_POINT('',(6.025850072572,0.));
#4203 = CARTESIAN_POINT('',(6.025850072572,-3.23578827645E-03));
#4204 = CARTESIAN_POINT('',(6.025850072572,-6.471576552901E-03));
#4205 = ( GEOMETRIC_REPRESENTATION_CONTEXT(2) 
PARAMETRIC_REPRESENTATION_CONTEXT() REPRESENTATION_CONTEXT('2D SPACE',''
  ) );
#4206 = ORIENTED_EDGE('',*,*,#4207,.F.);
#4207 = EDGE_CURVE('',#4120,#4180,#4208,.T.);
#4208 = SURFACE_CURVE('',#4209,(#4212,#4218),.PCURVE_S1.);
#4209 = B_SPLINE_CURVE_WITH_KNOTS('',1,(#4210,#4211),.UNSPECIFIED.,.F.,
  .F.,(2,2),(0.,8.876117240666E-03),.PIECEWISE_BEZIER_KNOTS.);
#4210 = CARTESIAN_POINT('',(-8.984081516094,-10.93718406685,
    18.750028531283));
#4211 = CARTESIAN_POINT('',(-14.5730018725,-17.83279328719,
    18.750028531283));
#4212 = PCURVE('',#4129,#4213);
#4213 = DEFINITIONAL_REPRESENTATION('',(#4214),#4217);
#4214 = B_SPLINE_CURVE_WITH_KNOTS('',1,(#4215,#4216),.UNSPECIFIED.,.F.,
  .F.,(2,2),(0.,8.876117240666E-03),.PIECEWISE_BEZIER_KNOTS.);
#4215 = CARTESIAN_POINT('',(0.,0.));
#4216 = CARTESIAN_POINT('',(8.876117240666E-03,0.));
#4217 = ( GEOMETRIC_REPRESENTATION_CONTEXT(2) 
PARAMETRIC_REPRESENTATION_CONTEXT() REPRESENTATION_CONTEXT('2D SPACE',''
  ) );
#4218 = PCURVE('',#4219,#4224);
#4219 = B_SPLINE_SURFACE_WITH_KNOTS('',1,1,(
    (#4220,#4221)
    ,(#4222,#4223
    )),.UNSPECIFIED.,.F.,.F.,.F.,(2,2),(2,2),(-4.331809092001E-03,
    5.001200786526E-03),(-2.419216761298E-03,3.442020482927E-03),
  .PIECEWISE_BEZIER_KNOTS.);
#4220 = CARTESIAN_POINT('',(-18.63166138045,-13.53669436029,
    18.750028531283));
#4221 = CARTESIAN_POINT('',(-15.18651256811,-18.27853489893,
    18.750028531283));
#4222 = CARTESIAN_POINT('',(-11.08109778005,-8.050888794197,
    18.750028531283));
#4223 = CARTESIAN_POINT('',(-7.635948967715,-12.79272933283,
    18.750028531283));
#4224 = DEFINITIONAL_REPRESENTATION('',(#4225),#4228);
#4225 = B_SPLINE_CURVE_WITH_KNOTS('',1,(#4226,#4227),.UNSPECIFIED.,.F.,
  .F.,(2,2),(0.,8.876117240666E-03),.PIECEWISE_BEZIER_KNOTS.);
#4226 = CARTESIAN_POINT('',(5.001200786526E-03,1.148440398838E-03));
#4227 = CARTESIAN_POINT('',(-3.573468167312E-03,3.442020482927E-03));
#4228 = ( GEOMETRIC_REPRESENTATION_CONTEXT(2) 
PARAMETRIC_REPRESENTATION_CONTEXT() REPRESENTATION_CONTEXT('2D SPACE',''
  ) );
#4229 = ADVANCED_FACE('',(#4230),#4193,.T.);
#4230 = FACE_BOUND('',#4231,.T.);
#4231 = EDGE_LOOP('',(#4232,#4233,#4256,#4282));
#4232 = ORIENTED_EDGE('',*,*,#4179,.T.);
#4233 = ORIENTED_EDGE('',*,*,#4234,.T.);
#4234 = EDGE_CURVE('',#4155,#4235,#4237,.T.);
#4235 = VERTEX_POINT('',#4236);
#4236 = CARTESIAN_POINT('',(-18.63166138045,-13.53669436029,
    25.221605084184));
#4237 = SURFACE_CURVE('',#4238,(#4242,#4249),.PCURVE_S1.);
#4238 = ( BOUNDED_CURVE() B_SPLINE_CURVE(2,(#4239,#4240,#4241),
.UNSPECIFIED.,.F.,.F.) B_SPLINE_CURVE_WITH_KNOTS((3,3),(6.025850072572,
6.28318530718),.PIECEWISE_BEZIER_KNOTS.) CURVE() 
GEOMETRIC_REPRESENTATION_ITEM() RATIONAL_B_SPLINE_CURVE((1.,
0.99173373582,1.)) REPRESENTATION_ITEM('') );
#4239 = CARTESIAN_POINT('',(-14.5730018725,-17.83279328719,
    25.221605084184));
#4240 = CARTESIAN_POINT('',(-16.88025141517,-15.94730337184,
    25.221605084184));
#4241 = CARTESIAN_POINT('',(-18.63166138045,-13.53669436029,
    25.221605084184));
#4242 = PCURVE('',#4193,#4243);
#4243 = DEFINITIONAL_REPRESENTATION('',(#4244),#4248);
#4244 = B_SPLINE_CURVE_WITH_KNOTS('',2,(#4245,#4246,#4247),
  .UNSPECIFIED.,.F.,.F.,(3,3),(6.025850072572,6.28318530718),
  .PIECEWISE_BEZIER_KNOTS.);
#4245 = CARTESIAN_POINT('',(6.025850072572,-6.471576552901E-03));
#4246 = CARTESIAN_POINT('',(6.154517689876,-6.471576552901E-03));
#4247 = CARTESIAN_POINT('',(6.28318530718,-6.471576552901E-03));
#4248 = ( GEOMETRIC_REPRESENTATION_CONTEXT(2) 
PARAMETRIC_REPRESENTATION_CONTEXT() REPRESENTATION_CONTEXT('2D SPACE',''
  ) );
#4249 = PCURVE('',#4168,#4250);
#4250 = DEFINITIONAL_REPRESENTATION('',(#4251),#4255);
#4251 = ( BOUNDED_CURVE() B_SPLINE_CURVE(2,(#4252,#4253,#4254),
.UNSPECIFIED.,.F.,.F.) B_SPLINE_CURVE_WITH_KNOTS((3,3),(6.025850072572,
6.28318530718),.PIECEWISE_BEZIER_KNOTS.) CURVE() 
GEOMETRIC_REPRESENTATION_ITEM() RATIONAL_B_SPLINE_CURVE((1.,
0.99173373582,1.)) REPRESENTATION_ITEM('') );
#4252 = CARTESIAN_POINT('',(-3.573468167312E-03,3.442020482927E-03));
#4253 = CARTESIAN_POINT('',(-4.331809092001E-03,5.604598441461E-04));
#4254 = CARTESIAN_POINT('',(-4.331809092001E-03,-2.419216761298E-03));
#4255 = ( GEOMETRIC_REPRESENTATION_CONTEXT(2) 
PARAMETRIC_REPRESENTATION_CONTEXT() REPRESENTATION_CONTEXT('2D SPACE',''
  ) );
#4256 = ORIENTED_EDGE('',*,*,#4257,.F.);
#4257 = EDGE_CURVE('',#4258,#4235,#4260,.T.);
#4258 = VERTEX_POINT('',#4259);
#4259 = CARTESIAN_POINT('',(-18.63166138045,-13.53669436029,
    18.750028531283));
#4260 = SURFACE_CURVE('',#4261,(#4264,#4271),.PCURVE_S1.);
#4261 = B_SPLINE_CURVE_WITH_KNOTS('',1,(#4262,#4263),.UNSPECIFIED.,.F.,
  .F.,(2,2),(0.,6.471576552901E-03),.PIECEWISE_BEZIER_KNOTS.);
#4262 = CARTESIAN_POINT('',(-18.63166138045,-13.53669436029,
    18.750028531283));
#4263 = CARTESIAN_POINT('',(-18.63166138045,-13.53669436029,
    25.221605084184));
#4264 = PCURVE('',#4193,#4265);
#4265 = DEFINITIONAL_REPRESENTATION('',(#4266),#4270);
#4266 = B_SPLINE_CURVE_WITH_KNOTS('',2,(#4267,#4268,#4269),
  .UNSPECIFIED.,.F.,.F.,(3,3),(0.,6.471576552901E-03),
  .PIECEWISE_BEZIER_KNOTS.);
#4267 = CARTESIAN_POINT('',(6.28318530718,0.));
#4268 = CARTESIAN_POINT('',(6.28318530718,-3.23578827645E-03));
#4269 = CARTESIAN_POINT('',(6.28318530718,-6.471576552901E-03));
#4270 = ( GEOMETRIC_REPRESENTATION_CONTEXT(2) 
PARAMETRIC_REPRESENTATION_CONTEXT() REPRESENTATION_CONTEXT('2D SPACE',''
  ) );
#4271 = PCURVE('',#4272,#4277);
#4272 = B_SPLINE_SURFACE_WITH_KNOTS('',1,1,(
    (#4273,#4274)
    ,(#4275,#4276
    )),.UNSPECIFIED.,.F.,.F.,.F.,(2,2),(2,2),(0.,8.876117240666E-03),(
    -6.471576552901E-03,0.),.PIECEWISE_BEZIER_KNOTS.);
#4273 = CARTESIAN_POINT('',(-18.63166138045,-13.53669436029,
    25.221605084184));
#4274 = CARTESIAN_POINT('',(-18.63166138045,-13.53669436029,
    18.750028531283));
#4275 = CARTESIAN_POINT('',(-11.42976792636,-8.348420278673,
    25.221605084184));
#4276 = CARTESIAN_POINT('',(-11.42976792636,-8.348420278673,
    18.750028531283));
#4277 = DEFINITIONAL_REPRESENTATION('',(#4278),#4281);
#4278 = B_SPLINE_CURVE_WITH_KNOTS('',1,(#4279,#4280),.UNSPECIFIED.,.F.,
  .F.,(2,2),(0.,6.471576552901E-03),.PIECEWISE_BEZIER_KNOTS.);
#4279 = CARTESIAN_POINT('',(0.,0.));
#4280 = CARTESIAN_POINT('',(0.,-6.471576552901E-03));
#4281 = ( GEOMETRIC_REPRESENTATION_CONTEXT(2) 
PARAMETRIC_REPRESENTATION_CONTEXT() REPRESENTATION_CONTEXT('2D SPACE',''
  ) );
#4282 = ORIENTED_EDGE('',*,*,#4283,.F.);
#4283 = EDGE_CURVE('',#4180,#4258,#4284,.T.);
#4284 = SURFACE_CURVE('',#4285,(#4289,#4296),.PCURVE_S1.);
#4285 = ( BOUNDED_CURVE() B_SPLINE_CURVE(2,(#4286,#4287,#4288),
.UNSPECIFIED.,.F.,.F.) B_SPLINE_CURVE_WITH_KNOTS((3,3),(6.025850072572,
6.28318530718),.PIECEWISE_BEZIER_KNOTS.) CURVE() 
GEOMETRIC_REPRESENTATION_ITEM() RATIONAL_B_SPLINE_CURVE((1.,
0.99173373582,1.)) REPRESENTATION_ITEM('') );
#4286 = CARTESIAN_POINT('',(-14.5730018725,-17.83279328719,
    18.750028531283));
#4287 = CARTESIAN_POINT('',(-16.88025141517,-15.94730337184,
    18.750028531283));
#4288 = CARTESIAN_POINT('',(-18.63166138045,-13.53669436029,
    18.750028531283));
#4289 = PCURVE('',#4193,#4290);
#4290 = DEFINITIONAL_REPRESENTATION('',(#4291),#4295);
#4291 = B_SPLINE_CURVE_WITH_KNOTS('',2,(#4292,#4293,#4294),
  .UNSPECIFIED.,.F.,.F.,(3,3),(6.025850072572,6.28318530718),
  .PIECEWISE_BEZIER_KNOTS.);
#4292 = CARTESIAN_POINT('',(6.025850072572,0.));
#4293 = CARTESIAN_POINT('',(6.154517689876,0.));
#4294 = CARTESIAN_POINT('',(6.28318530718,0.));
#4295 = ( GEOMETRIC_REPRESENTATION_CONTEXT(2) 
PARAMETRIC_REPRESENTATION_CONTEXT() REPRESENTATION_CONTEXT('2D SPACE',''
  ) );
#4296 = PCURVE('',#4219,#4297);
#4297 = DEFINITIONAL_REPRESENTATION('',(#4298),#4302);
#4298 = ( BOUNDED_CURVE() B_SPLINE_CURVE(2,(#4299,#4300,#4301),
.UNSPECIFIED.,.F.,.F.) B_SPLINE_CURVE_WITH_KNOTS((3,3),(6.025850072572,
6.28318530718),.PIECEWISE_BEZIER_KNOTS.) CURVE() 
GEOMETRIC_REPRESENTATION_ITEM() RATIONAL_B_SPLINE_CURVE((1.,
0.99173373582,1.)) REPRESENTATION_ITEM('') );
#4299 = CARTESIAN_POINT('',(-3.573468167312E-03,3.442020482927E-03));
#4300 = CARTESIAN_POINT('',(-4.331809092001E-03,5.604598441461E-04));
#4301 = CARTESIAN_POINT('',(-4.331809092001E-03,-2.419216761298E-03));
#4302 = ( GEOMETRIC_REPRESENTATION_CONTEXT(2) 
PARAMETRIC_REPRESENTATION_CONTEXT() REPRESENTATION_CONTEXT('2D SPACE',''
  ) );
#4303 = ADVANCED_FACE('',(#4304),#4272,.T.);
#4304 = FACE_BOUND('',#4305,.T.);
#4305 = EDGE_LOOP('',(#4306,#4307,#4327,#4348));
#4306 = ORIENTED_EDGE('',*,*,#4257,.T.);
#4307 = ORIENTED_EDGE('',*,*,#4308,.T.);
#4308 = EDGE_CURVE('',#4235,#4309,#4311,.T.);
#4309 = VERTEX_POINT('',#4310);
#4310 = CARTESIAN_POINT('',(-11.42976792636,-8.348420278673,
    25.221605084184));
#4311 = SURFACE_CURVE('',#4312,(#4315,#4321),.PCURVE_S1.);
#4312 = B_SPLINE_CURVE_WITH_KNOTS('',1,(#4313,#4314),.UNSPECIFIED.,.F.,
  .F.,(2,2),(0.,8.876117240666E-03),.PIECEWISE_BEZIER_KNOTS.);
#4313 = CARTESIAN_POINT('',(-18.63166138045,-13.53669436029,
    25.221605084184));
#4314 = CARTESIAN_POINT('',(-11.42976792636,-8.348420278673,
    25.221605084184));
#4315 = PCURVE('',#4272,#4316);
#4316 = DEFINITIONAL_REPRESENTATION('',(#4317),#4320);
#4317 = B_SPLINE_CURVE_WITH_KNOTS('',1,(#4318,#4319),.UNSPECIFIED.,.F.,
  .F.,(2,2),(0.,8.876117240666E-03),.PIECEWISE_BEZIER_KNOTS.);
#4318 = CARTESIAN_POINT('',(0.,-6.471576552901E-03));
#4319 = CARTESIAN_POINT('',(8.876117240666E-03,-6.471576552901E-03));
#4320 = ( GEOMETRIC_REPRESENTATION_CONTEXT(2) 
PARAMETRIC_REPRESENTATION_CONTEXT() REPRESENTATION_CONTEXT('2D SPACE',''
  ) );
#4321 = PCURVE('',#4168,#4322);
#4322 = DEFINITIONAL_REPRESENTATION('',(#4323),#4326);
#4323 = B_SPLINE_CURVE_WITH_KNOTS('',1,(#4324,#4325),.UNSPECIFIED.,.F.,
  .F.,(2,2),(0.,8.876117240666E-03),.PIECEWISE_BEZIER_KNOTS.);
#4324 = CARTESIAN_POINT('',(-4.331809092001E-03,-2.419216761298E-03));
#4325 = CARTESIAN_POINT('',(4.544236094062E-03,-2.383451903911E-03));
#4326 = ( GEOMETRIC_REPRESENTATION_CONTEXT(2) 
PARAMETRIC_REPRESENTATION_CONTEXT() REPRESENTATION_CONTEXT('2D SPACE',''
  ) );
#4327 = ORIENTED_EDGE('',*,*,#4328,.F.);
#4328 = EDGE_CURVE('',#4329,#4309,#4331,.T.);
#4329 = VERTEX_POINT('',#4330);
#4330 = CARTESIAN_POINT('',(-11.42976792636,-8.348420278673,
    18.750028531283));
#4331 = SURFACE_CURVE('',#4332,(#4335,#4341),.PCURVE_S1.);
#4332 = B_SPLINE_CURVE_WITH_KNOTS('',1,(#4333,#4334),.UNSPECIFIED.,.F.,
  .F.,(2,2),(0.,6.471576552901E-03),.PIECEWISE_BEZIER_KNOTS.);
#4333 = CARTESIAN_POINT('',(-11.42976792636,-8.348420278673,
    18.750028531283));
#4334 = CARTESIAN_POINT('',(-11.42976792636,-8.348420278673,
    25.221605084184));
#4335 = PCURVE('',#4272,#4336);
#4336 = DEFINITIONAL_REPRESENTATION('',(#4337),#4340);
#4337 = B_SPLINE_CURVE_WITH_KNOTS('',1,(#4338,#4339),.UNSPECIFIED.,.F.,
  .F.,(2,2),(0.,6.471576552901E-03),.PIECEWISE_BEZIER_KNOTS.);
#4338 = CARTESIAN_POINT('',(8.876117240666E-03,0.));
#4339 = CARTESIAN_POINT('',(8.876117240666E-03,-6.471576552901E-03));
#4340 = ( GEOMETRIC_REPRESENTATION_CONTEXT(2) 
PARAMETRIC_REPRESENTATION_CONTEXT() REPRESENTATION_CONTEXT('2D SPACE',''
  ) );
#4341 = PCURVE('',#4140,#4342);
#4342 = DEFINITIONAL_REPRESENTATION('',(#4343),#4347);
#4343 = B_SPLINE_CURVE_WITH_KNOTS('',2,(#4344,#4345,#4346),
  .UNSPECIFIED.,.F.,.F.,(3,3),(0.,6.471576552901E-03),
  .PIECEWISE_BEZIER_KNOTS.);
#4344 = CARTESIAN_POINT('',(3.144119493737,0.));
#4345 = CARTESIAN_POINT('',(3.144119493737,-3.23578827645E-03));
#4346 = CARTESIAN_POINT('',(3.144119493737,-6.471576552901E-03));
#4347 = ( GEOMETRIC_REPRESENTATION_CONTEXT(2) 
PARAMETRIC_REPRESENTATION_CONTEXT() REPRESENTATION_CONTEXT('2D SPACE',''
  ) );
#4348 = ORIENTED_EDGE('',*,*,#4349,.F.);
#4349 = EDGE_CURVE('',#4258,#4329,#4350,.T.);
#4350 = SURFACE_CURVE('',#4351,(#4354,#4360),.PCURVE_S1.);
#4351 = B_SPLINE_CURVE_WITH_KNOTS('',1,(#4352,#4353),.UNSPECIFIED.,.F.,
  .F.,(2,2),(0.,8.876117240666E-03),.PIECEWISE_BEZIER_KNOTS.);
#4352 = CARTESIAN_POINT('',(-18.63166138045,-13.53669436029,
    18.750028531283));
#4353 = CARTESIAN_POINT('',(-11.42976792636,-8.348420278673,
    18.750028531283));
#4354 = PCURVE('',#4272,#4355);
#4355 = DEFINITIONAL_REPRESENTATION('',(#4356),#4359);
#4356 = B_SPLINE_CURVE_WITH_KNOTS('',1,(#4357,#4358),.UNSPECIFIED.,.F.,
  .F.,(2,2),(0.,8.876117240666E-03),.PIECEWISE_BEZIER_KNOTS.);
#4357 = CARTESIAN_POINT('',(0.,0.));
#4358 = CARTESIAN_POINT('',(8.876117240666E-03,0.));
#4359 = ( GEOMETRIC_REPRESENTATION_CONTEXT(2) 
PARAMETRIC_REPRESENTATION_CONTEXT() REPRESENTATION_CONTEXT('2D SPACE',''
  ) );
#4360 = PCURVE('',#4219,#4361);
#4361 = DEFINITIONAL_REPRESENTATION('',(#4362),#4365);
#4362 = B_SPLINE_CURVE_WITH_KNOTS('',1,(#4363,#4364),.UNSPECIFIED.,.F.,
  .F.,(2,2),(0.,8.876117240666E-03),.PIECEWISE_BEZIER_KNOTS.);
#4363 = CARTESIAN_POINT('',(-4.331809092001E-03,-2.419216761298E-03));
#4364 = CARTESIAN_POINT('',(4.544236094062E-03,-2.383451903911E-03));
#4365 = ( GEOMETRIC_REPRESENTATION_CONTEXT(2) 
PARAMETRIC_REPRESENTATION_CONTEXT() REPRESENTATION_CONTEXT('2D SPACE',''
  ) );
#4366 = ADVANCED_FACE('',(#4367),#4140,.T.);
#4367 = FACE_BOUND('',#4368,.T.);
#4368 = EDGE_LOOP('',(#4369,#4370,#4391,#4392));
#4369 = ORIENTED_EDGE('',*,*,#4328,.T.);
#4370 = ORIENTED_EDGE('',*,*,#4371,.T.);
#4371 = EDGE_CURVE('',#4309,#4122,#4372,.T.);
#4372 = SURFACE_CURVE('',#4373,(#4377,#4384),.PCURVE_S1.);
#4373 = ( BOUNDED_CURVE() B_SPLINE_CURVE(2,(#4374,#4375,#4376),
.UNSPECIFIED.,.F.,.F.) B_SPLINE_CURVE_WITH_KNOTS((3,3),(3.144119493737,
3.39640104805),.PIECEWISE_BEZIER_KNOTS.) CURVE() 
GEOMETRIC_REPRESENTATION_ITEM() RATIONAL_B_SPLINE_CURVE((1.,
0.992054795563,1.)) REPRESENTATION_ITEM('') );
#4374 = CARTESIAN_POINT('',(-11.42976792636,-8.348420278673,
    25.221605084184));
#4375 = CARTESIAN_POINT('',(-10.37107058626,-9.797875923894,
    25.221605084184));
#4376 = CARTESIAN_POINT('',(-8.984081516094,-10.93718406685,
    25.221605084184));
#4377 = PCURVE('',#4140,#4378);
#4378 = DEFINITIONAL_REPRESENTATION('',(#4379),#4383);
#4379 = B_SPLINE_CURVE_WITH_KNOTS('',2,(#4380,#4381,#4382),
  .UNSPECIFIED.,.F.,.F.,(3,3),(3.144119493737,3.39640104805),
  .PIECEWISE_BEZIER_KNOTS.);
#4380 = CARTESIAN_POINT('',(3.144119493737,-6.471576552901E-03));
#4381 = CARTESIAN_POINT('',(3.270260270894,-6.471576552901E-03));
#4382 = CARTESIAN_POINT('',(3.39640104805,-6.471576552901E-03));
#4383 = ( GEOMETRIC_REPRESENTATION_CONTEXT(2) 
PARAMETRIC_REPRESENTATION_CONTEXT() REPRESENTATION_CONTEXT('2D SPACE',''
  ) );
#4384 = PCURVE('',#4168,#4385);
#4385 = DEFINITIONAL_REPRESENTATION('',(#4386),#4390);
#4386 = ( BOUNDED_CURVE() B_SPLINE_CURVE(2,(#4387,#4388,#4389),
.UNSPECIFIED.,.F.,.F.) B_SPLINE_CURVE_WITH_KNOTS((3,3),(3.144119493737,
3.39640104805),.PIECEWISE_BEZIER_KNOTS.) CURVE() 
GEOMETRIC_REPRESENTATION_ITEM() RATIONAL_B_SPLINE_CURVE((1.,
0.992054795563,1.)) REPRESENTATION_ITEM('') );
#4387 = CARTESIAN_POINT('',(4.544236094062E-03,-2.383451903911E-03));
#4388 = CARTESIAN_POINT('',(4.548771581989E-03,-5.885309711837E-04));
#4389 = CARTESIAN_POINT('',(5.001200786526E-03,1.148440398838E-03));
#4390 = ( GEOMETRIC_REPRESENTATION_CONTEXT(2) 
PARAMETRIC_REPRESENTATION_CONTEXT() REPRESENTATION_CONTEXT('2D SPACE',''
  ) );
#4391 = ORIENTED_EDGE('',*,*,#4119,.F.);
#4392 = ORIENTED_EDGE('',*,*,#4393,.F.);
#4393 = EDGE_CURVE('',#4329,#4120,#4394,.T.);
#4394 = SURFACE_CURVE('',#4395,(#4399,#4406),.PCURVE_S1.);
#4395 = ( BOUNDED_CURVE() B_SPLINE_CURVE(2,(#4396,#4397,#4398),
.UNSPECIFIED.,.F.,.F.) B_SPLINE_CURVE_WITH_KNOTS((3,3),(3.144119493737,
3.39640104805),.PIECEWISE_BEZIER_KNOTS.) CURVE() 
GEOMETRIC_REPRESENTATION_ITEM() RATIONAL_B_SPLINE_CURVE((1.,
0.992054795563,1.)) REPRESENTATION_ITEM('') );
#4396 = CARTESIAN_POINT('',(-11.42976792636,-8.348420278673,
    18.750028531283));
#4397 = CARTESIAN_POINT('',(-10.37107058626,-9.797875923894,
    18.750028531283));
#4398 = CARTESIAN_POINT('',(-8.984081516094,-10.93718406685,
    18.750028531283));
#4399 = PCURVE('',#4140,#4400);
#4400 = DEFINITIONAL_REPRESENTATION('',(#4401),#4405);
#4401 = B_SPLINE_CURVE_WITH_KNOTS('',2,(#4402,#4403,#4404),
  .UNSPECIFIED.,.F.,.F.,(3,3),(3.144119493737,3.39640104805),
  .PIECEWISE_BEZIER_KNOTS.);
#4402 = CARTESIAN_POINT('',(3.144119493737,0.));
#4403 = CARTESIAN_POINT('',(3.270260270894,0.));
#4404 = CARTESIAN_POINT('',(3.39640104805,0.));
#4405 = ( GEOMETRIC_REPRESENTATION_CONTEXT(2) 
PARAMETRIC_REPRESENTATION_CONTEXT() REPRESENTATION_CONTEXT('2D SPACE',''
  ) );
#4406 = PCURVE('',#4219,#4407);
#4407 = DEFINITIONAL_REPRESENTATION('',(#4408),#4412);
#4408 = ( BOUNDED_CURVE() B_SPLINE_CURVE(2,(#4409,#4410,#4411),
.UNSPECIFIED.,.F.,.F.) B_SPLINE_CURVE_WITH_KNOTS((3,3),(3.144119493737,
3.39640104805),.PIECEWISE_BEZIER_KNOTS.) CURVE() 
GEOMETRIC_REPRESENTATION_ITEM() RATIONAL_B_SPLINE_CURVE((1.,
0.992054795563,1.)) REPRESENTATION_ITEM('') );
#4409 = CARTESIAN_POINT('',(4.544236094062E-03,-2.383451903911E-03));
#4410 = CARTESIAN_POINT('',(4.548771581989E-03,-5.885309711837E-04));
#4411 = CARTESIAN_POINT('',(5.001200786526E-03,1.148440398838E-03));
#4412 = ( GEOMETRIC_REPRESENTATION_CONTEXT(2) 
PARAMETRIC_REPRESENTATION_CONTEXT() REPRESENTATION_CONTEXT('2D SPACE',''
  ) );
#4413 = ADVANCED_FACE('',(#4414),#4219,.T.);
#4414 = FACE_BOUND('',#4415,.T.);
#4415 = EDGE_LOOP('',(#4416,#4417,#4418,#4419));
#4416 = ORIENTED_EDGE('',*,*,#4207,.T.);
#4417 = ORIENTED_EDGE('',*,*,#4283,.T.);
#4418 = ORIENTED_EDGE('',*,*,#4349,.T.);
#4419 = ORIENTED_EDGE('',*,*,#4393,.T.);
#4420 = ADVANCED_FACE('',(#4421),#4168,.F.);
#4421 = FACE_BOUND('',#4422,.F.);
#4422 = EDGE_LOOP('',(#4423,#4424,#4425,#4426));
#4423 = ORIENTED_EDGE('',*,*,#4154,.T.);
#4424 = ORIENTED_EDGE('',*,*,#4234,.T.);
#4425 = ORIENTED_EDGE('',*,*,#4308,.T.);
#4426 = ORIENTED_EDGE('',*,*,#4371,.T.);
#4427 = ( GEOMETRIC_REPRESENTATION_CONTEXT(3) 
GLOBAL_UNCERTAINTY_ASSIGNED_CONTEXT((#4431)) 
GLOBAL_UNIT_ASSIGNED_CONTEXT((#4428,#4429,#4430)) REPRESENTATION_CONTEXT
('Context #1','3D Context with UNIT and UNCERTAINTY') );
#4428 = ( LENGTH_UNIT() NAMED_UNIT(*) SI_UNIT(.MILLI.,.METRE.) );
#4429 = ( NAMED_UNIT(*) PLANE_ANGLE_UNIT() SI_UNIT($,.RADIAN.) );
#4430 = ( NAMED_UNIT(*) SI_UNIT($,.STERADIAN.) SOLID_ANGLE_UNIT() );
#4431 = UNCERTAINTY_MEASURE_WITH_UNIT(LENGTH_MEASURE(1.E-04),#4428,
  'distance_accuracy_value','confusion accuracy');
#4432 = CONTEXT_DEPENDENT_SHAPE_REPRESENTATION(#4433,#4435);
#4433 = ( REPRESENTATION_RELATIONSHIP('','',#4112,#10) 
REPRESENTATION_RELATIONSHIP_WITH_TRANSFORMATION(#4434) 
SHAPE_REPRESENTATION_RELATIONSHIP() );
#4434 = ITEM_DEFINED_TRANSFORMATION('','',#11,#63);
#4435 = PRODUCT_DEFINITION_SHAPE('Placement','Placement of an item',
  #4436);
#4436 = NEXT_ASSEMBLY_USAGE_OCCURRENCE('5997','','',#5,#4107,$);
#4437 = PRODUCT_RELATED_PRODUCT_CATEGORY('part',$,(#4109));
#4438 = SHAPE_DEFINITION_REPRESENTATION(#4439,#4445);
#4439 = PRODUCT_DEFINITION_SHAPE('','',#4440);
#4440 = PRODUCT_DEFINITION('design','',#4441,#4444);
#4441 = PRODUCT_DEFINITION_FORMATION('','',#4442);
#4442 = PRODUCT('Open CASCADE STEP translator 7.8 154.14',
  'Open CASCADE STEP translator 7.8 154.14','',(#4443));
#4443 = PRODUCT_CONTEXT('',#2,'mechanical');
#4444 = PRODUCT_DEFINITION_CONTEXT('part definition',#2,'design');
#4445 = ADVANCED_BREP_SHAPE_REPRESENTATION('',(#11,#4446),#4760);
#4446 = MANIFOLD_SOLID_BREP('',#4447);
#4447 = CLOSED_SHELL('',(#4448,#4562,#4636,#4699,#4746,#4753));
#4448 = ADVANCED_FACE('',(#4449),#4462,.T.);
#4449 = FACE_BOUND('',#4450,.T.);
#4450 = EDGE_LOOP('',(#4451,#4486,#4511,#4539));
#4451 = ORIENTED_EDGE('',*,*,#4452,.T.);
#4452 = EDGE_CURVE('',#4453,#4455,#4457,.T.);
#4453 = VERTEX_POINT('',#4454);
#4454 = CARTESIAN_POINT('',(-5.164593521544,-13.17811404402,
    18.750028531283));
#4455 = VERTEX_POINT('',#4456);
#4456 = CARTESIAN_POINT('',(-5.164593521544,-13.17811404402,
    25.221605084184));
#4457 = SURFACE_CURVE('',#4458,(#4461,#4472),.PCURVE_S1.);
#4458 = B_SPLINE_CURVE_WITH_KNOTS('',1,(#4459,#4460),.UNSPECIFIED.,.F.,
  .F.,(2,2),(0.,6.471576552901E-03),.PIECEWISE_BEZIER_KNOTS.);
#4459 = CARTESIAN_POINT('',(-5.164593521544,-13.17811404402,
    18.750028531283));
#4460 = CARTESIAN_POINT('',(-5.164593521544,-13.17811404402,
    25.221605084184));
#4461 = PCURVE('',#4462,#4467);
#4462 = B_SPLINE_SURFACE_WITH_KNOTS('',1,1,(
    (#4463,#4464)
    ,(#4465,#4466
    )),.UNSPECIFIED.,.F.,.F.,.F.,(2,2),(2,2),(0.,8.876117240666E-03),(
    -6.471576552901E-03,0.),.PIECEWISE_BEZIER_KNOTS.);
#4463 = CARTESIAN_POINT('',(-5.164593521544,-13.17811404402,
    25.221605084184));
#4464 = CARTESIAN_POINT('',(-5.164593521544,-13.17811404402,
    18.750028531283));
#4465 = CARTESIAN_POINT('',(-8.349112209913,-21.46329949719,
    25.221605084184));
#4466 = CARTESIAN_POINT('',(-8.349112209913,-21.46329949719,
    18.750028531283));
#4467 = DEFINITIONAL_REPRESENTATION('',(#4468),#4471);
#4468 = B_SPLINE_CURVE_WITH_KNOTS('',1,(#4469,#4470),.UNSPECIFIED.,.F.,
  .F.,(2,2),(0.,6.471576552901E-03),.PIECEWISE_BEZIER_KNOTS.);
#4469 = CARTESIAN_POINT('',(0.,0.));
#4470 = CARTESIAN_POINT('',(0.,-6.471576552901E-03));
#4471 = ( GEOMETRIC_REPRESENTATION_CONTEXT(2) 
PARAMETRIC_REPRESENTATION_CONTEXT() REPRESENTATION_CONTEXT('2D SPACE',''
  ) );
#4472 = PCURVE('',#4473,#4480);
#4473 = ( BOUNDED_SURFACE() B_SPLINE_SURFACE(2,1,(
    (#4474,#4475)
    ,(#4476,#4477)
    ,(#4478,#4479
)),.UNSPECIFIED.,.F.,.F.,.F.) B_SPLINE_SURFACE_WITH_KNOTS((3,3),(2,2),(
    3.144119493737,3.39640104805),(-6.471576552901E-03,0.),
.PIECEWISE_BEZIER_KNOTS.) GEOMETRIC_REPRESENTATION_ITEM() 
RATIONAL_B_SPLINE_SURFACE((
    (1.,1.)
    ,(0.992054795563,0.992054795563)
,(1.,1.))) REPRESENTATION_ITEM('') SURFACE() );
#4474 = CARTESIAN_POINT('',(-8.290551523819,-11.47181203781,
    25.221605084184));
#4475 = CARTESIAN_POINT('',(-8.290551523819,-11.47181203781,
    18.750028531283));
#4476 = CARTESIAN_POINT('',(-6.835764092768,-12.52317080429,
    25.221605084184));
#4477 = CARTESIAN_POINT('',(-6.835764092768,-12.52317080429,
    18.750028531283));
#4478 = CARTESIAN_POINT('',(-5.164593521544,-13.17811404402,
    25.221605084184));
#4479 = CARTESIAN_POINT('',(-5.164593521544,-13.17811404402,
    18.750028531283));
#4480 = DEFINITIONAL_REPRESENTATION('',(#4481),#4485);
#4481 = B_SPLINE_CURVE_WITH_KNOTS('',2,(#4482,#4483,#4484),
  .UNSPECIFIED.,.F.,.F.,(3,3),(0.,6.471576552901E-03),
  .PIECEWISE_BEZIER_KNOTS.);
#4482 = CARTESIAN_POINT('',(3.39640104805,0.));
#4483 = CARTESIAN_POINT('',(3.39640104805,-3.23578827645E-03));
#4484 = CARTESIAN_POINT('',(3.39640104805,-6.471576552901E-03));
#4485 = ( GEOMETRIC_REPRESENTATION_CONTEXT(2) 
PARAMETRIC_REPRESENTATION_CONTEXT() REPRESENTATION_CONTEXT('2D SPACE',''
  ) );
#4486 = ORIENTED_EDGE('',*,*,#4487,.T.);
#4487 = EDGE_CURVE('',#4455,#4488,#4490,.T.);
#4488 = VERTEX_POINT('',#4489);
#4489 = CARTESIAN_POINT('',(-8.349112209913,-21.46329949719,
    25.221605084184));
#4490 = SURFACE_CURVE('',#4491,(#4494,#4500),.PCURVE_S1.);
#4491 = B_SPLINE_CURVE_WITH_KNOTS('',1,(#4492,#4493),.UNSPECIFIED.,.F.,
  .F.,(2,2),(0.,8.876117240666E-03),.PIECEWISE_BEZIER_KNOTS.);
#4492 = CARTESIAN_POINT('',(-5.164593521544,-13.17811404402,
    25.221605084184));
#4493 = CARTESIAN_POINT('',(-8.349112209913,-21.46329949719,
    25.221605084184));
#4494 = PCURVE('',#4462,#4495);
#4495 = DEFINITIONAL_REPRESENTATION('',(#4496),#4499);
#4496 = B_SPLINE_CURVE_WITH_KNOTS('',1,(#4497,#4498),.UNSPECIFIED.,.F.,
  .F.,(2,2),(0.,8.876117240666E-03),.PIECEWISE_BEZIER_KNOTS.);
#4497 = CARTESIAN_POINT('',(0.,-6.471576552901E-03));
#4498 = CARTESIAN_POINT('',(8.876117240666E-03,-6.471576552901E-03));
#4499 = ( GEOMETRIC_REPRESENTATION_CONTEXT(2) 
PARAMETRIC_REPRESENTATION_CONTEXT() REPRESENTATION_CONTEXT('2D SPACE',''
  ) );
#4500 = PCURVE('',#4501,#4506);
#4501 = B_SPLINE_SURFACE_WITH_KNOTS('',1,1,(
    (#4502,#4503)
    ,(#4504,#4505
    )),.UNSPECIFIED.,.F.,.F.,.F.,(2,2),(2,2),(-4.331809092001E-03,
    5.001200786526E-03),(-2.419216761298E-03,3.442020482927E-03),
  .PIECEWISE_BEZIER_KNOTS.);
#4502 = CARTESIAN_POINT('',(-13.53669436029,-18.63166138045,
    25.221605084184));
#4503 = CARTESIAN_POINT('',(-8.794853821654,-22.07681019279,
    25.221605084184));
#4504 = CARTESIAN_POINT('',(-8.050888794198,-11.08109778005,
    25.221605084184));
#4505 = CARTESIAN_POINT('',(-3.309048255556,-14.5262465924,
    25.221605084184));
#4506 = DEFINITIONAL_REPRESENTATION('',(#4507),#4510);
#4507 = B_SPLINE_CURVE_WITH_KNOTS('',1,(#4508,#4509),.UNSPECIFIED.,.F.,
  .F.,(2,2),(0.,8.876117240666E-03),.PIECEWISE_BEZIER_KNOTS.);
#4508 = CARTESIAN_POINT('',(5.001200786526E-03,1.148440398838E-03));
#4509 = CARTESIAN_POINT('',(-3.573468167312E-03,3.442020482927E-03));
#4510 = ( GEOMETRIC_REPRESENTATION_CONTEXT(2) 
PARAMETRIC_REPRESENTATION_CONTEXT() REPRESENTATION_CONTEXT('2D SPACE',''
  ) );
#4511 = ORIENTED_EDGE('',*,*,#4512,.F.);
#4512 = EDGE_CURVE('',#4513,#4488,#4515,.T.);
#4513 = VERTEX_POINT('',#4514);
#4514 = CARTESIAN_POINT('',(-8.349112209913,-21.46329949719,
    18.750028531283));
#4515 = SURFACE_CURVE('',#4516,(#4519,#4525),.PCURVE_S1.);
#4516 = B_SPLINE_CURVE_WITH_KNOTS('',1,(#4517,#4518),.UNSPECIFIED.,.F.,
  .F.,(2,2),(0.,6.471576552901E-03),.PIECEWISE_BEZIER_KNOTS.);
#4517 = CARTESIAN_POINT('',(-8.349112209913,-21.46329949719,
    18.750028531283));
#4518 = CARTESIAN_POINT('',(-8.349112209913,-21.46329949719,
    25.221605084184));
#4519 = PCURVE('',#4462,#4520);
#4520 = DEFINITIONAL_REPRESENTATION('',(#4521),#4524);
#4521 = B_SPLINE_CURVE_WITH_KNOTS('',1,(#4522,#4523),.UNSPECIFIED.,.F.,
  .F.,(2,2),(0.,6.471576552901E-03),.PIECEWISE_BEZIER_KNOTS.);
#4522 = CARTESIAN_POINT('',(8.876117240666E-03,0.));
#4523 = CARTESIAN_POINT('',(8.876117240666E-03,-6.471576552901E-03));
#4524 = ( GEOMETRIC_REPRESENTATION_CONTEXT(2) 
PARAMETRIC_REPRESENTATION_CONTEXT() REPRESENTATION_CONTEXT('2D SPACE',''
  ) );
#4525 = PCURVE('',#4526,#4533);
#4526 = ( BOUNDED_SURFACE() B_SPLINE_SURFACE(2,1,(
    (#4527,#4528)
    ,(#4529,#4530)
    ,(#4531,#4532
)),.UNSPECIFIED.,.F.,.F.,.F.) B_SPLINE_SURFACE_WITH_KNOTS((3,3),(2,2),(
    6.025850072572,6.28318530718),(-6.471576552901E-03,0.),
.PIECEWISE_BEZIER_KNOTS.) GEOMETRIC_REPRESENTATION_ITEM() 
RATIONAL_B_SPLINE_SURFACE((
    (1.,1.)
    ,(0.99173373582,0.99173373582)
,(1.,1.))) REPRESENTATION_ITEM('') SURFACE() );
#4527 = CARTESIAN_POINT('',(-8.349112209912,-21.46329949719,
    25.221605084184));
#4528 = CARTESIAN_POINT('',(-8.349112209912,-21.46329949719,
    18.750028531283));
#4529 = CARTESIAN_POINT('',(-11.12608534875,-20.38307134573,
    25.221605084184));
#4530 = CARTESIAN_POINT('',(-11.12608534875,-20.38307134573,
    18.750028531283));
#4531 = CARTESIAN_POINT('',(-13.53669436029,-18.63166138045,
    25.221605084184));
#4532 = CARTESIAN_POINT('',(-13.53669436029,-18.63166138045,
    18.750028531283));
#4533 = DEFINITIONAL_REPRESENTATION('',(#4534),#4538);
#4534 = B_SPLINE_CURVE_WITH_KNOTS('',2,(#4535,#4536,#4537),
  .UNSPECIFIED.,.F.,.F.,(3,3),(0.,6.471576552901E-03),
  .PIECEWISE_BEZIER_KNOTS.);
#4535 = CARTESIAN_POINT('',(6.025850072572,0.));
#4536 = CARTESIAN_POINT('',(6.025850072572,-3.23578827645E-03));
#4537 = CARTESIAN_POINT('',(6.025850072572,-6.471576552901E-03));
#4538 = ( GEOMETRIC_REPRESENTATION_CONTEXT(2) 
PARAMETRIC_REPRESENTATION_CONTEXT() REPRESENTATION_CONTEXT('2D SPACE',''
  ) );
#4539 = ORIENTED_EDGE('',*,*,#4540,.F.);
#4540 = EDGE_CURVE('',#4453,#4513,#4541,.T.);
#4541 = SURFACE_CURVE('',#4542,(#4545,#4551),.PCURVE_S1.);
#4542 = B_SPLINE_CURVE_WITH_KNOTS('',1,(#4543,#4544),.UNSPECIFIED.,.F.,
  .F.,(2,2),(0.,8.876117240666E-03),.PIECEWISE_BEZIER_KNOTS.);
#4543 = CARTESIAN_POINT('',(-5.164593521544,-13.17811404402,
    18.750028531283));
#4544 = CARTESIAN_POINT('',(-8.349112209913,-21.46329949719,
    18.750028531283));
#4545 = PCURVE('',#4462,#4546);
#4546 = DEFINITIONAL_REPRESENTATION('',(#4547),#4550);
#4547 = B_SPLINE_CURVE_WITH_KNOTS('',1,(#4548,#4549),.UNSPECIFIED.,.F.,
  .F.,(2,2),(0.,8.876117240666E-03),.PIECEWISE_BEZIER_KNOTS.);
#4548 = CARTESIAN_POINT('',(0.,0.));
#4549 = CARTESIAN_POINT('',(8.876117240666E-03,0.));
#4550 = ( GEOMETRIC_REPRESENTATION_CONTEXT(2) 
PARAMETRIC_REPRESENTATION_CONTEXT() REPRESENTATION_CONTEXT('2D SPACE',''
  ) );
#4551 = PCURVE('',#4552,#4557);
#4552 = B_SPLINE_SURFACE_WITH_KNOTS('',1,1,(
    (#4553,#4554)
    ,(#4555,#4556
    )),.UNSPECIFIED.,.F.,.F.,.F.,(2,2),(2,2),(-4.331809092001E-03,
    5.001200786526E-03),(-2.419216761298E-03,3.442020482927E-03),
  .PIECEWISE_BEZIER_KNOTS.);
#4553 = CARTESIAN_POINT('',(-13.53669436029,-18.63166138045,
    18.750028531283));
#4554 = CARTESIAN_POINT('',(-8.794853821654,-22.07681019279,
    18.750028531283));
#4555 = CARTESIAN_POINT('',(-8.050888794198,-11.08109778005,
    18.750028531283));
#4556 = CARTESIAN_POINT('',(-3.309048255556,-14.5262465924,
    18.750028531283));
#4557 = DEFINITIONAL_REPRESENTATION('',(#4558),#4561);
#4558 = B_SPLINE_CURVE_WITH_KNOTS('',1,(#4559,#4560),.UNSPECIFIED.,.F.,
  .F.,(2,2),(0.,8.876117240666E-03),.PIECEWISE_BEZIER_KNOTS.);
#4559 = CARTESIAN_POINT('',(5.001200786526E-03,1.148440398838E-03));
#4560 = CARTESIAN_POINT('',(-3.573468167312E-03,3.442020482927E-03));
#4561 = ( GEOMETRIC_REPRESENTATION_CONTEXT(2) 
PARAMETRIC_REPRESENTATION_CONTEXT() REPRESENTATION_CONTEXT('2D SPACE',''
  ) );
#4562 = ADVANCED_FACE('',(#4563),#4526,.T.);
#4563 = FACE_BOUND('',#4564,.T.);
#4564 = EDGE_LOOP('',(#4565,#4566,#4589,#4615));
#4565 = ORIENTED_EDGE('',*,*,#4512,.T.);
#4566 = ORIENTED_EDGE('',*,*,#4567,.T.);
#4567 = EDGE_CURVE('',#4488,#4568,#4570,.T.);
#4568 = VERTEX_POINT('',#4569);
#4569 = CARTESIAN_POINT('',(-13.53669436029,-18.63166138045,
    25.221605084184));
#4570 = SURFACE_CURVE('',#4571,(#4575,#4582),.PCURVE_S1.);
#4571 = ( BOUNDED_CURVE() B_SPLINE_CURVE(2,(#4572,#4573,#4574),
.UNSPECIFIED.,.F.,.F.) B_SPLINE_CURVE_WITH_KNOTS((3,3),(6.025850072572,
6.28318530718),.PIECEWISE_BEZIER_KNOTS.) CURVE() 
GEOMETRIC_REPRESENTATION_ITEM() RATIONAL_B_SPLINE_CURVE((1.,
0.99173373582,1.)) REPRESENTATION_ITEM('') );
#4572 = CARTESIAN_POINT('',(-8.349112209912,-21.46329949719,
    25.221605084184));
#4573 = CARTESIAN_POINT('',(-11.12608534875,-20.38307134573,
    25.221605084184));
#4574 = CARTESIAN_POINT('',(-13.53669436029,-18.63166138045,
    25.221605084184));
#4575 = PCURVE('',#4526,#4576);
#4576 = DEFINITIONAL_REPRESENTATION('',(#4577),#4581);
#4577 = B_SPLINE_CURVE_WITH_KNOTS('',2,(#4578,#4579,#4580),
  .UNSPECIFIED.,.F.,.F.,(3,3),(6.025850072572,6.28318530718),
  .PIECEWISE_BEZIER_KNOTS.);
#4578 = CARTESIAN_POINT('',(6.025850072572,-6.471576552901E-03));
#4579 = CARTESIAN_POINT('',(6.154517689876,-6.471576552901E-03));
#4580 = CARTESIAN_POINT('',(6.28318530718,-6.471576552901E-03));
#4581 = ( GEOMETRIC_REPRESENTATION_CONTEXT(2) 
PARAMETRIC_REPRESENTATION_CONTEXT() REPRESENTATION_CONTEXT('2D SPACE',''
  ) );
#4582 = PCURVE('',#4501,#4583);
#4583 = DEFINITIONAL_REPRESENTATION('',(#4584),#4588);
#4584 = ( BOUNDED_CURVE() B_SPLINE_CURVE(2,(#4585,#4586,#4587),
.UNSPECIFIED.,.F.,.F.) B_SPLINE_CURVE_WITH_KNOTS((3,3),(6.025850072572,
6.28318530718),.PIECEWISE_BEZIER_KNOTS.) CURVE() 
GEOMETRIC_REPRESENTATION_ITEM() RATIONAL_B_SPLINE_CURVE((1.,
0.99173373582,1.)) REPRESENTATION_ITEM('') );
#4585 = CARTESIAN_POINT('',(-3.573468167312E-03,3.442020482927E-03));
#4586 = CARTESIAN_POINT('',(-4.331809092001E-03,5.604598441461E-04));
#4587 = CARTESIAN_POINT('',(-4.331809092001E-03,-2.419216761298E-03));
#4588 = ( GEOMETRIC_REPRESENTATION_CONTEXT(2) 
PARAMETRIC_REPRESENTATION_CONTEXT() REPRESENTATION_CONTEXT('2D SPACE',''
  ) );
#4589 = ORIENTED_EDGE('',*,*,#4590,.F.);
#4590 = EDGE_CURVE('',#4591,#4568,#4593,.T.);
#4591 = VERTEX_POINT('',#4592);
#4592 = CARTESIAN_POINT('',(-13.53669436029,-18.63166138045,
    18.750028531283));
#4593 = SURFACE_CURVE('',#4594,(#4597,#4604),.PCURVE_S1.);
#4594 = B_SPLINE_CURVE_WITH_KNOTS('',1,(#4595,#4596),.UNSPECIFIED.,.F.,
  .F.,(2,2),(0.,6.471576552901E-03),.PIECEWISE_BEZIER_KNOTS.);
#4595 = CARTESIAN_POINT('',(-13.53669436029,-18.63166138045,
    18.750028531283));
#4596 = CARTESIAN_POINT('',(-13.53669436029,-18.63166138045,
    25.221605084184));
#4597 = PCURVE('',#4526,#4598);
#4598 = DEFINITIONAL_REPRESENTATION('',(#4599),#4603);
#4599 = B_SPLINE_CURVE_WITH_KNOTS('',2,(#4600,#4601,#4602),
  .UNSPECIFIED.,.F.,.F.,(3,3),(0.,6.471576552901E-03),
  .PIECEWISE_BEZIER_KNOTS.);
#4600 = CARTESIAN_POINT('',(6.28318530718,0.));
#4601 = CARTESIAN_POINT('',(6.28318530718,-3.23578827645E-03));
#4602 = CARTESIAN_POINT('',(6.28318530718,-6.471576552901E-03));
#4603 = ( GEOMETRIC_REPRESENTATION_CONTEXT(2) 
PARAMETRIC_REPRESENTATION_CONTEXT() REPRESENTATION_CONTEXT('2D SPACE',''
  ) );
#4604 = PCURVE('',#4605,#4610);
#4605 = B_SPLINE_SURFACE_WITH_KNOTS('',1,1,(
    (#4606,#4607)
    ,(#4608,#4609
    )),.UNSPECIFIED.,.F.,.F.,.F.,(2,2),(2,2),(0.,8.876117240666E-03),(
    -6.471576552901E-03,0.),.PIECEWISE_BEZIER_KNOTS.);
#4606 = CARTESIAN_POINT('',(-13.53669436029,-18.63166138045,
    25.221605084184));
#4607 = CARTESIAN_POINT('',(-13.53669436029,-18.63166138045,
    18.750028531283));
#4608 = CARTESIAN_POINT('',(-8.290551523819,-11.47181203781,
    25.221605084184));
#4609 = CARTESIAN_POINT('',(-8.290551523819,-11.47181203781,
    18.750028531283));
#4610 = DEFINITIONAL_REPRESENTATION('',(#4611),#4614);
#4611 = B_SPLINE_CURVE_WITH_KNOTS('',1,(#4612,#4613),.UNSPECIFIED.,.F.,
  .F.,(2,2),(0.,6.471576552901E-03),.PIECEWISE_BEZIER_KNOTS.);
#4612 = CARTESIAN_POINT('',(0.,0.));
#4613 = CARTESIAN_POINT('',(0.,-6.471576552901E-03));
#4614 = ( GEOMETRIC_REPRESENTATION_CONTEXT(2) 
PARAMETRIC_REPRESENTATION_CONTEXT() REPRESENTATION_CONTEXT('2D SPACE',''
  ) );
#4615 = ORIENTED_EDGE('',*,*,#4616,.F.);
#4616 = EDGE_CURVE('',#4513,#4591,#4617,.T.);
#4617 = SURFACE_CURVE('',#4618,(#4622,#4629),.PCURVE_S1.);
#4618 = ( BOUNDED_CURVE() B_SPLINE_CURVE(2,(#4619,#4620,#4621),
.UNSPECIFIED.,.F.,.F.) B_SPLINE_CURVE_WITH_KNOTS((3,3),(6.025850072572,
6.28318530718),.PIECEWISE_BEZIER_KNOTS.) CURVE() 
GEOMETRIC_REPRESENTATION_ITEM() RATIONAL_B_SPLINE_CURVE((1.,
0.99173373582,1.)) REPRESENTATION_ITEM('') );
#4619 = CARTESIAN_POINT('',(-8.349112209912,-21.46329949719,
    18.750028531283));
#4620 = CARTESIAN_POINT('',(-11.12608534875,-20.38307134573,
    18.750028531283));
#4621 = CARTESIAN_POINT('',(-13.53669436029,-18.63166138045,
    18.750028531283));
#4622 = PCURVE('',#4526,#4623);
#4623 = DEFINITIONAL_REPRESENTATION('',(#4624),#4628);
#4624 = B_SPLINE_CURVE_WITH_KNOTS('',2,(#4625,#4626,#4627),
  .UNSPECIFIED.,.F.,.F.,(3,3),(6.025850072572,6.28318530718),
  .PIECEWISE_BEZIER_KNOTS.);
#4625 = CARTESIAN_POINT('',(6.025850072572,0.));
#4626 = CARTESIAN_POINT('',(6.154517689876,0.));
#4627 = CARTESIAN_POINT('',(6.28318530718,0.));
#4628 = ( GEOMETRIC_REPRESENTATION_CONTEXT(2) 
PARAMETRIC_REPRESENTATION_CONTEXT() REPRESENTATION_CONTEXT('2D SPACE',''
  ) );
#4629 = PCURVE('',#4552,#4630);
#4630 = DEFINITIONAL_REPRESENTATION('',(#4631),#4635);
#4631 = ( BOUNDED_CURVE() B_SPLINE_CURVE(2,(#4632,#4633,#4634),
.UNSPECIFIED.,.F.,.F.) B_SPLINE_CURVE_WITH_KNOTS((3,3),(6.025850072572,
6.28318530718),.PIECEWISE_BEZIER_KNOTS.) CURVE() 
GEOMETRIC_REPRESENTATION_ITEM() RATIONAL_B_SPLINE_CURVE((1.,
0.99173373582,1.)) REPRESENTATION_ITEM('') );
#4632 = CARTESIAN_POINT('',(-3.573468167312E-03,3.442020482927E-03));
#4633 = CARTESIAN_POINT('',(-4.331809092001E-03,5.604598441461E-04));
#4634 = CARTESIAN_POINT('',(-4.331809092001E-03,-2.419216761298E-03));
#4635 = ( GEOMETRIC_REPRESENTATION_CONTEXT(2) 
PARAMETRIC_REPRESENTATION_CONTEXT() REPRESENTATION_CONTEXT('2D SPACE',''
  ) );
#4636 = ADVANCED_FACE('',(#4637),#4605,.T.);
#4637 = FACE_BOUND('',#4638,.T.);
#4638 = EDGE_LOOP('',(#4639,#4640,#4660,#4681));
#4639 = ORIENTED_EDGE('',*,*,#4590,.T.);
#4640 = ORIENTED_EDGE('',*,*,#4641,.T.);
#4641 = EDGE_CURVE('',#4568,#4642,#4644,.T.);
#4642 = VERTEX_POINT('',#4643);
#4643 = CARTESIAN_POINT('',(-8.290551523819,-11.47181203781,
    25.221605084184));
#4644 = SURFACE_CURVE('',#4645,(#4648,#4654),.PCURVE_S1.);
#4645 = B_SPLINE_CURVE_WITH_KNOTS('',1,(#4646,#4647),.UNSPECIFIED.,.F.,
  .F.,(2,2),(0.,8.876117240666E-03),.PIECEWISE_BEZIER_KNOTS.);
#4646 = CARTESIAN_POINT('',(-13.53669436029,-18.63166138045,
    25.221605084184));
#4647 = CARTESIAN_POINT('',(-8.290551523819,-11.47181203781,
    25.221605084184));
#4648 = PCURVE('',#4605,#4649);
#4649 = DEFINITIONAL_REPRESENTATION('',(#4650),#4653);
#4650 = B_SPLINE_CURVE_WITH_KNOTS('',1,(#4651,#4652),.UNSPECIFIED.,.F.,
  .F.,(2,2),(0.,8.876117240666E-03),.PIECEWISE_BEZIER_KNOTS.);
#4651 = CARTESIAN_POINT('',(0.,-6.471576552901E-03));
#4652 = CARTESIAN_POINT('',(8.876117240666E-03,-6.471576552901E-03));
#4653 = ( GEOMETRIC_REPRESENTATION_CONTEXT(2) 
PARAMETRIC_REPRESENTATION_CONTEXT() REPRESENTATION_CONTEXT('2D SPACE',''
  ) );
#4654 = PCURVE('',#4501,#4655);
#4655 = DEFINITIONAL_REPRESENTATION('',(#4656),#4659);
#4656 = B_SPLINE_CURVE_WITH_KNOTS('',1,(#4657,#4658),.UNSPECIFIED.,.F.,
  .F.,(2,2),(0.,8.876117240666E-03),.PIECEWISE_BEZIER_KNOTS.);
#4657 = CARTESIAN_POINT('',(-4.331809092001E-03,-2.419216761298E-03));
#4658 = CARTESIAN_POINT('',(4.544236094062E-03,-2.383451903911E-03));
#4659 = ( GEOMETRIC_REPRESENTATION_CONTEXT(2) 
PARAMETRIC_REPRESENTATION_CONTEXT() REPRESENTATION_CONTEXT('2D SPACE',''
  ) );
#4660 = ORIENTED_EDGE('',*,*,#4661,.F.);
#4661 = EDGE_CURVE('',#4662,#4642,#4664,.T.);
#4662 = VERTEX_POINT('',#4663);
#4663 = CARTESIAN_POINT('',(-8.290551523819,-11.47181203781,
    18.750028531283));
#4664 = SURFACE_CURVE('',#4665,(#4668,#4674),.PCURVE_S1.);
#4665 = B_SPLINE_CURVE_WITH_KNOTS('',1,(#4666,#4667),.UNSPECIFIED.,.F.,
  .F.,(2,2),(0.,6.471576552901E-03),.PIECEWISE_BEZIER_KNOTS.);
#4666 = CARTESIAN_POINT('',(-8.290551523819,-11.47181203781,
    18.750028531283));
#4667 = CARTESIAN_POINT('',(-8.290551523819,-11.47181203781,
    25.221605084184));
#4668 = PCURVE('',#4605,#4669);
#4669 = DEFINITIONAL_REPRESENTATION('',(#4670),#4673);
#4670 = B_SPLINE_CURVE_WITH_KNOTS('',1,(#4671,#4672),.UNSPECIFIED.,.F.,
  .F.,(2,2),(0.,6.471576552901E-03),.PIECEWISE_BEZIER_KNOTS.);
#4671 = CARTESIAN_POINT('',(8.876117240666E-03,0.));
#4672 = CARTESIAN_POINT('',(8.876117240666E-03,-6.471576552901E-03));
#4673 = ( GEOMETRIC_REPRESENTATION_CONTEXT(2) 
PARAMETRIC_REPRESENTATION_CONTEXT() REPRESENTATION_CONTEXT('2D SPACE',''
  ) );
#4674 = PCURVE('',#4473,#4675);
#4675 = DEFINITIONAL_REPRESENTATION('',(#4676),#4680);
#4676 = B_SPLINE_CURVE_WITH_KNOTS('',2,(#4677,#4678,#4679),
  .UNSPECIFIED.,.F.,.F.,(3,3),(0.,6.471576552901E-03),
  .PIECEWISE_BEZIER_KNOTS.);
#4677 = CARTESIAN_POINT('',(3.144119493737,0.));
#4678 = CARTESIAN_POINT('',(3.144119493737,-3.23578827645E-03));
#4679 = CARTESIAN_POINT('',(3.144119493737,-6.471576552901E-03));
#4680 = ( GEOMETRIC_REPRESENTATION_CONTEXT(2) 
PARAMETRIC_REPRESENTATION_CONTEXT() REPRESENTATION_CONTEXT('2D SPACE',''
  ) );
#4681 = ORIENTED_EDGE('',*,*,#4682,.F.);
#4682 = EDGE_CURVE('',#4591,#4662,#4683,.T.);
#4683 = SURFACE_CURVE('',#4684,(#4687,#4693),.PCURVE_S1.);
#4684 = B_SPLINE_CURVE_WITH_KNOTS('',1,(#4685,#4686),.UNSPECIFIED.,.F.,
  .F.,(2,2),(0.,8.876117240666E-03),.PIECEWISE_BEZIER_KNOTS.);
#4685 = CARTESIAN_POINT('',(-13.53669436029,-18.63166138045,
    18.750028531283));
#4686 = CARTESIAN_POINT('',(-8.290551523819,-11.47181203781,
    18.750028531283));
#4687 = PCURVE('',#4605,#4688);
#4688 = DEFINITIONAL_REPRESENTATION('',(#4689),#4692);
#4689 = B_SPLINE_CURVE_WITH_KNOTS('',1,(#4690,#4691),.UNSPECIFIED.,.F.,
  .F.,(2,2),(0.,8.876117240666E-03),.PIECEWISE_BEZIER_KNOTS.);
#4690 = CARTESIAN_POINT('',(0.,0.));
#4691 = CARTESIAN_POINT('',(8.876117240666E-03,0.));
#4692 = ( GEOMETRIC_REPRESENTATION_CONTEXT(2) 
PARAMETRIC_REPRESENTATION_CONTEXT() REPRESENTATION_CONTEXT('2D SPACE',''
  ) );
#4693 = PCURVE('',#4552,#4694);
#4694 = DEFINITIONAL_REPRESENTATION('',(#4695),#4698);
#4695 = B_SPLINE_CURVE_WITH_KNOTS('',1,(#4696,#4697),.UNSPECIFIED.,.F.,
  .F.,(2,2),(0.,8.876117240666E-03),.PIECEWISE_BEZIER_KNOTS.);
#4696 = CARTESIAN_POINT('',(-4.331809092001E-03,-2.419216761298E-03));
#4697 = CARTESIAN_POINT('',(4.544236094062E-03,-2.383451903911E-03));
#4698 = ( GEOMETRIC_REPRESENTATION_CONTEXT(2) 
PARAMETRIC_REPRESENTATION_CONTEXT() REPRESENTATION_CONTEXT('2D SPACE',''
  ) );
#4699 = ADVANCED_FACE('',(#4700),#4473,.T.);
#4700 = FACE_BOUND('',#4701,.T.);
#4701 = EDGE_LOOP('',(#4702,#4703,#4724,#4725));
#4702 = ORIENTED_EDGE('',*,*,#4661,.T.);
#4703 = ORIENTED_EDGE('',*,*,#4704,.T.);
#4704 = EDGE_CURVE('',#4642,#4455,#4705,.T.);
#4705 = SURFACE_CURVE('',#4706,(#4710,#4717),.PCURVE_S1.);
#4706 = ( BOUNDED_CURVE() B_SPLINE_CURVE(2,(#4707,#4708,#4709),
.UNSPECIFIED.,.F.,.F.) B_SPLINE_CURVE_WITH_KNOTS((3,3),(3.144119493737,
3.39640104805),.PIECEWISE_BEZIER_KNOTS.) CURVE() 
GEOMETRIC_REPRESENTATION_ITEM() RATIONAL_B_SPLINE_CURVE((1.,
0.992054795563,1.)) REPRESENTATION_ITEM('') );
#4707 = CARTESIAN_POINT('',(-8.290551523819,-11.47181203781,
    25.221605084184));
#4708 = CARTESIAN_POINT('',(-6.835764092768,-12.52317080429,
    25.221605084184));
#4709 = CARTESIAN_POINT('',(-5.164593521544,-13.17811404402,
    25.221605084184));
#4710 = PCURVE('',#4473,#4711);
#4711 = DEFINITIONAL_REPRESENTATION('',(#4712),#4716);
#4712 = B_SPLINE_CURVE_WITH_KNOTS('',2,(#4713,#4714,#4715),
  .UNSPECIFIED.,.F.,.F.,(3,3),(3.144119493737,3.39640104805),
  .PIECEWISE_BEZIER_KNOTS.);
#4713 = CARTESIAN_POINT('',(3.144119493737,-6.471576552901E-03));
#4714 = CARTESIAN_POINT('',(3.270260270894,-6.471576552901E-03));
#4715 = CARTESIAN_POINT('',(3.39640104805,-6.471576552901E-03));
#4716 = ( GEOMETRIC_REPRESENTATION_CONTEXT(2) 
PARAMETRIC_REPRESENTATION_CONTEXT() REPRESENTATION_CONTEXT('2D SPACE',''
  ) );
#4717 = PCURVE('',#4501,#4718);
#4718 = DEFINITIONAL_REPRESENTATION('',(#4719),#4723);
#4719 = ( BOUNDED_CURVE() B_SPLINE_CURVE(2,(#4720,#4721,#4722),
.UNSPECIFIED.,.F.,.F.) B_SPLINE_CURVE_WITH_KNOTS((3,3),(3.144119493737,
3.39640104805),.PIECEWISE_BEZIER_KNOTS.) CURVE() 
GEOMETRIC_REPRESENTATION_ITEM() RATIONAL_B_SPLINE_CURVE((1.,
0.992054795563,1.)) REPRESENTATION_ITEM('') );
#4720 = CARTESIAN_POINT('',(4.544236094062E-03,-2.383451903911E-03));
#4721 = CARTESIAN_POINT('',(4.548771581989E-03,-5.885309711837E-04));
#4722 = CARTESIAN_POINT('',(5.001200786526E-03,1.148440398838E-03));
#4723 = ( GEOMETRIC_REPRESENTATION_CONTEXT(2) 
PARAMETRIC_REPRESENTATION_CONTEXT() REPRESENTATION_CONTEXT('2D SPACE',''
  ) );
#4724 = ORIENTED_EDGE('',*,*,#4452,.F.);
#4725 = ORIENTED_EDGE('',*,*,#4726,.F.);
#4726 = EDGE_CURVE('',#4662,#4453,#4727,.T.);
#4727 = SURFACE_CURVE('',#4728,(#4732,#4739),.PCURVE_S1.);
#4728 = ( BOUNDED_CURVE() B_SPLINE_CURVE(2,(#4729,#4730,#4731),
.UNSPECIFIED.,.F.,.F.) B_SPLINE_CURVE_WITH_KNOTS((3,3),(3.144119493737,
3.39640104805),.PIECEWISE_BEZIER_KNOTS.) CURVE() 
GEOMETRIC_REPRESENTATION_ITEM() RATIONAL_B_SPLINE_CURVE((1.,
0.992054795563,1.)) REPRESENTATION_ITEM('') );
#4729 = CARTESIAN_POINT('',(-8.290551523819,-11.47181203781,
    18.750028531283));
#4730 = CARTESIAN_POINT('',(-6.835764092768,-12.52317080429,
    18.750028531283));
#4731 = CARTESIAN_POINT('',(-5.164593521544,-13.17811404402,
    18.750028531283));
#4732 = PCURVE('',#4473,#4733);
#4733 = DEFINITIONAL_REPRESENTATION('',(#4734),#4738);
#4734 = B_SPLINE_CURVE_WITH_KNOTS('',2,(#4735,#4736,#4737),
  .UNSPECIFIED.,.F.,.F.,(3,3),(3.144119493737,3.39640104805),
  .PIECEWISE_BEZIER_KNOTS.);
#4735 = CARTESIAN_POINT('',(3.144119493737,0.));
#4736 = CARTESIAN_POINT('',(3.270260270894,0.));
#4737 = CARTESIAN_POINT('',(3.39640104805,0.));
#4738 = ( GEOMETRIC_REPRESENTATION_CONTEXT(2) 
PARAMETRIC_REPRESENTATION_CONTEXT() REPRESENTATION_CONTEXT('2D SPACE',''
  ) );
#4739 = PCURVE('',#4552,#4740);
#4740 = DEFINITIONAL_REPRESENTATION('',(#4741),#4745);
#4741 = ( BOUNDED_CURVE() B_SPLINE_CURVE(2,(#4742,#4743,#4744),
.UNSPECIFIED.,.F.,.F.) B_SPLINE_CURVE_WITH_KNOTS((3,3),(3.144119493737,
3.39640104805),.PIECEWISE_BEZIER_KNOTS.) CURVE() 
GEOMETRIC_REPRESENTATION_ITEM() RATIONAL_B_SPLINE_CURVE((1.,
0.992054795563,1.)) REPRESENTATION_ITEM('') );
#4742 = CARTESIAN_POINT('',(4.544236094062E-03,-2.383451903911E-03));
#4743 = CARTESIAN_POINT('',(4.548771581989E-03,-5.885309711837E-04));
#4744 = CARTESIAN_POINT('',(5.001200786526E-03,1.148440398838E-03));
#4745 = ( GEOMETRIC_REPRESENTATION_CONTEXT(2) 
PARAMETRIC_REPRESENTATION_CONTEXT() REPRESENTATION_CONTEXT('2D SPACE',''
  ) );
#4746 = ADVANCED_FACE('',(#4747),#4552,.T.);
#4747 = FACE_BOUND('',#4748,.T.);
#4748 = EDGE_LOOP('',(#4749,#4750,#4751,#4752));
#4749 = ORIENTED_EDGE('',*,*,#4540,.T.);
#4750 = ORIENTED_EDGE('',*,*,#4616,.T.);
#4751 = ORIENTED_EDGE('',*,*,#4682,.T.);
#4752 = ORIENTED_EDGE('',*,*,#4726,.T.);
#4753 = ADVANCED_FACE('',(#4754),#4501,.F.);
#4754 = FACE_BOUND('',#4755,.F.);
#4755 = EDGE_LOOP('',(#4756,#4757,#4758,#4759));
#4756 = ORIENTED_EDGE('',*,*,#4487,.T.);
#4757 = ORIENTED_EDGE('',*,*,#4567,.T.);
#4758 = ORIENTED_EDGE('',*,*,#4641,.T.);
#4759 = ORIENTED_EDGE('',*,*,#4704,.T.);
#4760 = ( GEOMETRIC_REPRESENTATION_CONTEXT(3) 
GLOBAL_UNCERTAINTY_ASSIGNED_CONTEXT((#4764)) 
GLOBAL_UNIT_ASSIGNED_CONTEXT((#4761,#4762,#4763)) REPRESENTATION_CONTEXT
('Context #1','3D Context with UNIT and UNCERTAINTY') );
#4761 = ( LENGTH_UNIT() NAMED_UNIT(*) SI_UNIT(.MILLI.,.METRE.) );
#4762 = ( NAMED_UNIT(*) PLANE_ANGLE_UNIT() SI_UNIT($,.RADIAN.) );
#4763 = ( NAMED_UNIT(*) SI_UNIT($,.STERADIAN.) SOLID_ANGLE_UNIT() );
#4764 = UNCERTAINTY_MEASURE_WITH_UNIT(LENGTH_MEASURE(1.E-04),#4761,
  'distance_accuracy_value','confusion accuracy');
#4765 = CONTEXT_DEPENDENT_SHAPE_REPRESENTATION(#4766,#4768);
#4766 = ( REPRESENTATION_RELATIONSHIP('','',#4445,#10) 
REPRESENTATION_RELATIONSHIP_WITH_TRANSFORMATION(#4767) 
SHAPE_REPRESENTATION_RELATIONSHIP() );
#4767 = ITEM_DEFINED_TRANSFORMATION('','',#11,#67);
#4768 = PRODUCT_DEFINITION_SHAPE('Placement','Placement of an item',
  #4769);
#4769 = NEXT_ASSEMBLY_USAGE_OCCURRENCE('5998','','',#5,#4440,$);
#4770 = PRODUCT_RELATED_PRODUCT_CATEGORY('part',$,(#4442));
#4771 = SHAPE_DEFINITION_REPRESENTATION(#4772,#4778);
#4772 = PRODUCT_DEFINITION_SHAPE('','',#4773);
#4773 = PRODUCT_DEFINITION('design','',#4774,#4777);
#4774 = PRODUCT_DEFINITION_FORMATION('','',#4775);
#4775 = PRODUCT('Open CASCADE STEP translator 7.8 154.15',
  'Open CASCADE STEP translator 7.8 154.15','',(#4776));
#4776 = PRODUCT_CONTEXT('',#2,'mechanical');
#4777 = PRODUCT_DEFINITION_CONTEXT('part definition',#2,'design');
#4778 = ADVANCED_BREP_SHAPE_REPRESENTATION('',(#11,#4779),#5093);
#4779 = MANIFOLD_SOLID_BREP('',#4780);
#4780 = CLOSED_SHELL('',(#4781,#4895,#4969,#5032,#5079,#5086));
#4781 = ADVANCED_FACE('',(#4782),#4795,.T.);
#4782 = FACE_BOUND('',#4783,.T.);
#4783 = EDGE_LOOP('',(#4784,#4819,#4844,#4872));
#4784 = ORIENTED_EDGE('',*,*,#4785,.T.);
#4785 = EDGE_CURVE('',#4786,#4788,#4790,.T.);
#4786 = VERTEX_POINT('',#4787);
#4787 = CARTESIAN_POINT('',(-0.839559129266,-14.12907840124,
    18.750028531283));
#4788 = VERTEX_POINT('',#4789);
#4789 = CARTESIAN_POINT('',(-0.839559129266,-14.12907840124,
    25.221605084184));
#4790 = SURFACE_CURVE('',#4791,(#4794,#4805),.PCURVE_S1.);
#4791 = B_SPLINE_CURVE_WITH_KNOTS('',1,(#4792,#4793),.UNSPECIFIED.,.F.,
  .F.,(2,2),(0.,6.471576552901E-03),.PIECEWISE_BEZIER_KNOTS.);
#4792 = CARTESIAN_POINT('',(-0.839559129266,-14.12907840124,
    18.750028531283));
#4793 = CARTESIAN_POINT('',(-0.839559129266,-14.12907840124,
    25.221605084184));
#4794 = PCURVE('',#4795,#4800);
#4795 = B_SPLINE_SURFACE_WITH_KNOTS('',1,1,(
    (#4796,#4797)
    ,(#4798,#4799
    )),.UNSPECIFIED.,.F.,.F.,.F.,(2,2),(2,2),(0.,8.876117240666E-03),(
    -6.471576552901E-03,0.),.PIECEWISE_BEZIER_KNOTS.);
#4796 = CARTESIAN_POINT('',(-0.839559129266,-14.12907840124,
    25.221605084184));
#4797 = CARTESIAN_POINT('',(-0.839559129266,-14.12907840124,
    18.750028531283));
#4798 = CARTESIAN_POINT('',(-1.307953272524,-22.9928284088,
    25.221605084184));
#4799 = CARTESIAN_POINT('',(-1.307953272524,-22.9928284088,
    18.750028531283));
#4800 = DEFINITIONAL_REPRESENTATION('',(#4801),#4804);
#4801 = B_SPLINE_CURVE_WITH_KNOTS('',1,(#4802,#4803),.UNSPECIFIED.,.F.,
  .F.,(2,2),(0.,6.471576552901E-03),.PIECEWISE_BEZIER_KNOTS.);
#4802 = CARTESIAN_POINT('',(0.,0.));
#4803 = CARTESIAN_POINT('',(0.,-6.471576552901E-03));
#4804 = ( GEOMETRIC_REPRESENTATION_CONTEXT(2) 
PARAMETRIC_REPRESENTATION_CONTEXT() REPRESENTATION_CONTEXT('2D SPACE',''
  ) );
#4805 = PCURVE('',#4806,#4813);
#4806 = ( BOUNDED_SURFACE() B_SPLINE_SURFACE(2,1,(
    (#4807,#4808)
    ,(#4809,#4810)
    ,(#4811,#4812
)),.UNSPECIFIED.,.F.,.F.,.F.) B_SPLINE_SURFACE_WITH_KNOTS((3,3),(2,2),(
    3.144119493737,3.39640104805),(-6.471576552901E-03,0.),
.PIECEWISE_BEZIER_KNOTS.) GEOMETRIC_REPRESENTATION_ITEM() 
RATIONAL_B_SPLINE_SURFACE((
    (1.,1.)
    ,(0.992054795563,0.992054795563)
,(1.,1.))) REPRESENTATION_ITEM('') SURFACE() );
#4807 = CARTESIAN_POINT('',(-4.33979817445,-13.47226290587,
    25.221605084184));
#4808 = CARTESIAN_POINT('',(-4.33979817445,-13.47226290587,
    18.750028531283));
#4809 = CARTESIAN_POINT('',(-2.631325382297,-14.0226104723,
    25.221605084184));
#4810 = CARTESIAN_POINT('',(-2.631325382297,-14.0226104723,
    18.750028531283));
#4811 = CARTESIAN_POINT('',(-0.839559129266,-14.12907840124,
    25.221605084184));
#4812 = CARTESIAN_POINT('',(-0.839559129266,-14.12907840124,
    18.750028531283));
#4813 = DEFINITIONAL_REPRESENTATION('',(#4814),#4818);
#4814 = B_SPLINE_CURVE_WITH_KNOTS('',2,(#4815,#4816,#4817),
  .UNSPECIFIED.,.F.,.F.,(3,3),(0.,6.471576552901E-03),
  .PIECEWISE_BEZIER_KNOTS.);
#4815 = CARTESIAN_POINT('',(3.39640104805,0.));
#4816 = CARTESIAN_POINT('',(3.39640104805,-3.23578827645E-03));
#4817 = CARTESIAN_POINT('',(3.39640104805,-6.471576552901E-03));
#4818 = ( GEOMETRIC_REPRESENTATION_CONTEXT(2) 
PARAMETRIC_REPRESENTATION_CONTEXT() REPRESENTATION_CONTEXT('2D SPACE',''
  ) );
#4819 = ORIENTED_EDGE('',*,*,#4820,.T.);
#4820 = EDGE_CURVE('',#4788,#4821,#4823,.T.);
#4821 = VERTEX_POINT('',#4822);
#4822 = CARTESIAN_POINT('',(-1.307953272524,-22.9928284088,
    25.221605084184));
#4823 = SURFACE_CURVE('',#4824,(#4827,#4833),.PCURVE_S1.);
#4824 = B_SPLINE_CURVE_WITH_KNOTS('',1,(#4825,#4826),.UNSPECIFIED.,.F.,
  .F.,(2,2),(0.,8.876117240666E-03),.PIECEWISE_BEZIER_KNOTS.);
#4825 = CARTESIAN_POINT('',(-0.839559129266,-14.12907840124,
    25.221605084184));
#4826 = CARTESIAN_POINT('',(-1.307953272524,-22.9928284088,
    25.221605084184));
#4827 = PCURVE('',#4795,#4828);
#4828 = DEFINITIONAL_REPRESENTATION('',(#4829),#4832);
#4829 = B_SPLINE_CURVE_WITH_KNOTS('',1,(#4830,#4831),.UNSPECIFIED.,.F.,
  .F.,(2,2),(0.,8.876117240666E-03),.PIECEWISE_BEZIER_KNOTS.);
#4830 = CARTESIAN_POINT('',(0.,-6.471576552901E-03));
#4831 = CARTESIAN_POINT('',(8.876117240666E-03,-6.471576552901E-03));
#4832 = ( GEOMETRIC_REPRESENTATION_CONTEXT(2) 
PARAMETRIC_REPRESENTATION_CONTEXT() REPRESENTATION_CONTEXT('2D SPACE',''
  ) );
#4833 = PCURVE('',#4834,#4839);
#4834 = B_SPLINE_SURFACE_WITH_KNOTS('',1,1,(
    (#4835,#4836)
    ,(#4837,#4838
    )),.UNSPECIFIED.,.F.,.F.,.F.,(2,2),(2,2),(-4.331809092001E-03,
    5.001200786526E-03),(-2.419216761298E-03,3.442020482927E-03),
  .PIECEWISE_BEZIER_KNOTS.);
#4835 = CARTESIAN_POINT('',(-7.116661380455,-21.90283157027,
    25.221605084184));
#4836 = CARTESIAN_POINT('',(-1.542293505783,-23.7140534868,
    25.221605084184));
#4837 = CARTESIAN_POINT('',(-4.232602719321,-13.02661170865,
    25.221605084184));
#4838 = CARTESIAN_POINT('',(1.341765155351,-14.83783362518,
    25.221605084184));
#4839 = DEFINITIONAL_REPRESENTATION('',(#4840),#4843);
#4840 = B_SPLINE_CURVE_WITH_KNOTS('',1,(#4841,#4842),.UNSPECIFIED.,.F.,
  .F.,(2,2),(0.,8.876117240666E-03),.PIECEWISE_BEZIER_KNOTS.);
#4841 = CARTESIAN_POINT('',(5.001200786526E-03,1.148440398838E-03));
#4842 = CARTESIAN_POINT('',(-3.573468167312E-03,3.442020482927E-03));
#4843 = ( GEOMETRIC_REPRESENTATION_CONTEXT(2) 
PARAMETRIC_REPRESENTATION_CONTEXT() REPRESENTATION_CONTEXT('2D SPACE',''
  ) );
#4844 = ORIENTED_EDGE('',*,*,#4845,.F.);
#4845 = EDGE_CURVE('',#4846,#4821,#4848,.T.);
#4846 = VERTEX_POINT('',#4847);
#4847 = CARTESIAN_POINT('',(-1.307953272524,-22.9928284088,
    18.750028531283));
#4848 = SURFACE_CURVE('',#4849,(#4852,#4858),.PCURVE_S1.);
#4849 = B_SPLINE_CURVE_WITH_KNOTS('',1,(#4850,#4851),.UNSPECIFIED.,.F.,
  .F.,(2,2),(0.,6.471576552901E-03),.PIECEWISE_BEZIER_KNOTS.);
#4850 = CARTESIAN_POINT('',(-1.307953272524,-22.9928284088,
    18.750028531283));
#4851 = CARTESIAN_POINT('',(-1.307953272524,-22.9928284088,
    25.221605084184));
#4852 = PCURVE('',#4795,#4853);
#4853 = DEFINITIONAL_REPRESENTATION('',(#4854),#4857);
#4854 = B_SPLINE_CURVE_WITH_KNOTS('',1,(#4855,#4856),.UNSPECIFIED.,.F.,
  .F.,(2,2),(0.,6.471576552901E-03),.PIECEWISE_BEZIER_KNOTS.);
#4855 = CARTESIAN_POINT('',(8.876117240666E-03,0.));
#4856 = CARTESIAN_POINT('',(8.876117240666E-03,-6.471576552901E-03));
#4857 = ( GEOMETRIC_REPRESENTATION_CONTEXT(2) 
PARAMETRIC_REPRESENTATION_CONTEXT() REPRESENTATION_CONTEXT('2D SPACE',''
  ) );
#4858 = PCURVE('',#4859,#4866);
#4859 = ( BOUNDED_SURFACE() B_SPLINE_SURFACE(2,1,(
    (#4860,#4861)
    ,(#4862,#4863)
    ,(#4864,#4865
)),.UNSPECIFIED.,.F.,.F.,.F.) B_SPLINE_SURFACE_WITH_KNOTS((3,3),(2,2),(
    6.025850072572,6.28318530718),(-6.471576552901E-03,0.),
.PIECEWISE_BEZIER_KNOTS.) GEOMETRIC_REPRESENTATION_ITEM() 
RATIONAL_B_SPLINE_SURFACE((
    (1.,1.)
    ,(0.99173373582,0.99173373582)
,(1.,1.))) REPRESENTATION_ITEM('') SURFACE() );
#4860 = CARTESIAN_POINT('',(-1.307953272524,-22.9928284088,
    25.221605084184));
#4861 = CARTESIAN_POINT('',(-1.307953272524,-22.9928284088,
    18.750028531283));
#4862 = CARTESIAN_POINT('',(-4.282820528395,-22.8236022791,
    25.221605084184));
#4863 = CARTESIAN_POINT('',(-4.282820528395,-22.8236022791,
    18.750028531283));
#4864 = CARTESIAN_POINT('',(-7.116661380455,-21.90283157027,
    25.221605084184));
#4865 = CARTESIAN_POINT('',(-7.116661380455,-21.90283157027,
    18.750028531283));
#4866 = DEFINITIONAL_REPRESENTATION('',(#4867),#4871);
#4867 = B_SPLINE_CURVE_WITH_KNOTS('',2,(#4868,#4869,#4870),
  .UNSPECIFIED.,.F.,.F.,(3,3),(0.,6.471576552901E-03),
  .PIECEWISE_BEZIER_KNOTS.);
#4868 = CARTESIAN_POINT('',(6.025850072572,0.));
#4869 = CARTESIAN_POINT('',(6.025850072572,-3.23578827645E-03));
#4870 = CARTESIAN_POINT('',(6.025850072572,-6.471576552901E-03));
#4871 = ( GEOMETRIC_REPRESENTATION_CONTEXT(2) 
PARAMETRIC_REPRESENTATION_CONTEXT() REPRESENTATION_CONTEXT('2D SPACE',''
  ) );
#4872 = ORIENTED_EDGE('',*,*,#4873,.F.);
#4873 = EDGE_CURVE('',#4786,#4846,#4874,.T.);
#4874 = SURFACE_CURVE('',#4875,(#4878,#4884),.PCURVE_S1.);
#4875 = B_SPLINE_CURVE_WITH_KNOTS('',1,(#4876,#4877),.UNSPECIFIED.,.F.,
  .F.,(2,2),(0.,8.876117240666E-03),.PIECEWISE_BEZIER_KNOTS.);
#4876 = CARTESIAN_POINT('',(-0.839559129266,-14.12907840124,
    18.750028531283));
#4877 = CARTESIAN_POINT('',(-1.307953272524,-22.9928284088,
    18.750028531283));
#4878 = PCURVE('',#4795,#4879);
#4879 = DEFINITIONAL_REPRESENTATION('',(#4880),#4883);
#4880 = B_SPLINE_CURVE_WITH_KNOTS('',1,(#4881,#4882),.UNSPECIFIED.,.F.,
  .F.,(2,2),(0.,8.876117240666E-03),.PIECEWISE_BEZIER_KNOTS.);
#4881 = CARTESIAN_POINT('',(0.,0.));
#4882 = CARTESIAN_POINT('',(8.876117240666E-03,0.));
#4883 = ( GEOMETRIC_REPRESENTATION_CONTEXT(2) 
PARAMETRIC_REPRESENTATION_CONTEXT() REPRESENTATION_CONTEXT('2D SPACE',''
  ) );
#4884 = PCURVE('',#4885,#4890);
#4885 = B_SPLINE_SURFACE_WITH_KNOTS('',1,1,(
    (#4886,#4887)
    ,(#4888,#4889
    )),.UNSPECIFIED.,.F.,.F.,.F.,(2,2),(2,2),(-4.331809092001E-03,
    5.001200786526E-03),(-2.419216761298E-03,3.442020482927E-03),
  .PIECEWISE_BEZIER_KNOTS.);
#4886 = CARTESIAN_POINT('',(-7.116661380455,-21.90283157027,
    18.750028531283));
#4887 = CARTESIAN_POINT('',(-1.542293505783,-23.7140534868,
    18.750028531283));
#4888 = CARTESIAN_POINT('',(-4.232602719321,-13.02661170865,
    18.750028531283));
#4889 = CARTESIAN_POINT('',(1.341765155351,-14.83783362518,
    18.750028531283));
#4890 = DEFINITIONAL_REPRESENTATION('',(#4891),#4894);
#4891 = B_SPLINE_CURVE_WITH_KNOTS('',1,(#4892,#4893),.UNSPECIFIED.,.F.,
  .F.,(2,2),(0.,8.876117240666E-03),.PIECEWISE_BEZIER_KNOTS.);
#4892 = CARTESIAN_POINT('',(5.001200786526E-03,1.148440398838E-03));
#4893 = CARTESIAN_POINT('',(-3.573468167312E-03,3.442020482927E-03));
#4894 = ( GEOMETRIC_REPRESENTATION_CONTEXT(2) 
PARAMETRIC_REPRESENTATION_CONTEXT() REPRESENTATION_CONTEXT('2D SPACE',''
  ) );
#4895 = ADVANCED_FACE('',(#4896),#4859,.T.);
#4896 = FACE_BOUND('',#4897,.T.);
#4897 = EDGE_LOOP('',(#4898,#4899,#4922,#4948));
#4898 = ORIENTED_EDGE('',*,*,#4845,.T.);
#4899 = ORIENTED_EDGE('',*,*,#4900,.T.);
#4900 = EDGE_CURVE('',#4821,#4901,#4903,.T.);
#4901 = VERTEX_POINT('',#4902);
#4902 = CARTESIAN_POINT('',(-7.116661380455,-21.90283157027,
    25.221605084184));
#4903 = SURFACE_CURVE('',#4904,(#4908,#4915),.PCURVE_S1.);
#4904 = ( BOUNDED_CURVE() B_SPLINE_CURVE(2,(#4905,#4906,#4907),
.UNSPECIFIED.,.F.,.F.) B_SPLINE_CURVE_WITH_KNOTS((3,3),(6.025850072572,
6.28318530718),.PIECEWISE_BEZIER_KNOTS.) CURVE() 
GEOMETRIC_REPRESENTATION_ITEM() RATIONAL_B_SPLINE_CURVE((1.,
0.99173373582,1.)) REPRESENTATION_ITEM('') );
#4905 = CARTESIAN_POINT('',(-1.307953272524,-22.9928284088,
    25.221605084184));
#4906 = CARTESIAN_POINT('',(-4.282820528395,-22.8236022791,
    25.221605084184));
#4907 = CARTESIAN_POINT('',(-7.116661380455,-21.90283157027,
    25.221605084184));
#4908 = PCURVE('',#4859,#4909);
#4909 = DEFINITIONAL_REPRESENTATION('',(#4910),#4914);
#4910 = B_SPLINE_CURVE_WITH_KNOTS('',2,(#4911,#4912,#4913),
  .UNSPECIFIED.,.F.,.F.,(3,3),(6.025850072572,6.28318530718),
  .PIECEWISE_BEZIER_KNOTS.);
#4911 = CARTESIAN_POINT('',(6.025850072572,-6.471576552901E-03));
#4912 = CARTESIAN_POINT('',(6.154517689876,-6.471576552901E-03));
#4913 = CARTESIAN_POINT('',(6.28318530718,-6.471576552901E-03));
#4914 = ( GEOMETRIC_REPRESENTATION_CONTEXT(2) 
PARAMETRIC_REPRESENTATION_CONTEXT() REPRESENTATION_CONTEXT('2D SPACE',''
  ) );
#4915 = PCURVE('',#4834,#4916);
#4916 = DEFINITIONAL_REPRESENTATION('',(#4917),#4921);
#4917 = ( BOUNDED_CURVE() B_SPLINE_CURVE(2,(#4918,#4919,#4920),
.UNSPECIFIED.,.F.,.F.) B_SPLINE_CURVE_WITH_KNOTS((3,3),(6.025850072572,
6.28318530718),.PIECEWISE_BEZIER_KNOTS.) CURVE() 
GEOMETRIC_REPRESENTATION_ITEM() RATIONAL_B_SPLINE_CURVE((1.,
0.99173373582,1.)) REPRESENTATION_ITEM('') );
#4918 = CARTESIAN_POINT('',(-3.573468167312E-03,3.442020482927E-03));
#4919 = CARTESIAN_POINT('',(-4.331809092001E-03,5.604598441461E-04));
#4920 = CARTESIAN_POINT('',(-4.331809092001E-03,-2.419216761298E-03));
#4921 = ( GEOMETRIC_REPRESENTATION_CONTEXT(2) 
PARAMETRIC_REPRESENTATION_CONTEXT() REPRESENTATION_CONTEXT('2D SPACE',''
  ) );
#4922 = ORIENTED_EDGE('',*,*,#4923,.F.);
#4923 = EDGE_CURVE('',#4924,#4901,#4926,.T.);
#4924 = VERTEX_POINT('',#4925);
#4925 = CARTESIAN_POINT('',(-7.116661380455,-21.90283157027,
    18.750028531283));
#4926 = SURFACE_CURVE('',#4927,(#4930,#4937),.PCURVE_S1.);
#4927 = B_SPLINE_CURVE_WITH_KNOTS('',1,(#4928,#4929),.UNSPECIFIED.,.F.,
  .F.,(2,2),(0.,6.471576552901E-03),.PIECEWISE_BEZIER_KNOTS.);
#4928 = CARTESIAN_POINT('',(-7.116661380455,-21.90283157027,
    18.750028531283));
#4929 = CARTESIAN_POINT('',(-7.116661380455,-21.90283157027,
    25.221605084184));
#4930 = PCURVE('',#4859,#4931);
#4931 = DEFINITIONAL_REPRESENTATION('',(#4932),#4936);
#4932 = B_SPLINE_CURVE_WITH_KNOTS('',2,(#4933,#4934,#4935),
  .UNSPECIFIED.,.F.,.F.,(3,3),(0.,6.471576552901E-03),
  .PIECEWISE_BEZIER_KNOTS.);
#4933 = CARTESIAN_POINT('',(6.28318530718,0.));
#4934 = CARTESIAN_POINT('',(6.28318530718,-3.23578827645E-03));
#4935 = CARTESIAN_POINT('',(6.28318530718,-6.471576552901E-03));
#4936 = ( GEOMETRIC_REPRESENTATION_CONTEXT(2) 
PARAMETRIC_REPRESENTATION_CONTEXT() REPRESENTATION_CONTEXT('2D SPACE',''
  ) );
#4937 = PCURVE('',#4938,#4943);
#4938 = B_SPLINE_SURFACE_WITH_KNOTS('',1,1,(
    (#4939,#4940)
    ,(#4941,#4942
    )),.UNSPECIFIED.,.F.,.F.,.F.,(2,2),(2,2),(0.,8.876117240666E-03),(
    -6.471576552901E-03,0.),.PIECEWISE_BEZIER_KNOTS.);
#4939 = CARTESIAN_POINT('',(-7.116661380455,-21.90283157027,
    25.221605084184));
#4940 = CARTESIAN_POINT('',(-7.116661380455,-21.90283157027,
    18.750028531283));
#4941 = CARTESIAN_POINT('',(-4.33979817445,-13.47226290587,
    25.221605084184));
#4942 = CARTESIAN_POINT('',(-4.33979817445,-13.47226290587,
    18.750028531283));
#4943 = DEFINITIONAL_REPRESENTATION('',(#4944),#4947);
#4944 = B_SPLINE_CURVE_WITH_KNOTS('',1,(#4945,#4946),.UNSPECIFIED.,.F.,
  .F.,(2,2),(0.,6.471576552901E-03),.PIECEWISE_BEZIER_KNOTS.);
#4945 = CARTESIAN_POINT('',(0.,0.));
#4946 = CARTESIAN_POINT('',(0.,-6.471576552901E-03));
#4947 = ( GEOMETRIC_REPRESENTATION_CONTEXT(2) 
PARAMETRIC_REPRESENTATION_CONTEXT() REPRESENTATION_CONTEXT('2D SPACE',''
  ) );
#4948 = ORIENTED_EDGE('',*,*,#4949,.F.);
#4949 = EDGE_CURVE('',#4846,#4924,#4950,.T.);
#4950 = SURFACE_CURVE('',#4951,(#4955,#4962),.PCURVE_S1.);
#4951 = ( BOUNDED_CURVE() B_SPLINE_CURVE(2,(#4952,#4953,#4954),
.UNSPECIFIED.,.F.,.F.) B_SPLINE_CURVE_WITH_KNOTS((3,3),(6.025850072572,
6.28318530718),.PIECEWISE_BEZIER_KNOTS.) CURVE() 
GEOMETRIC_REPRESENTATION_ITEM() RATIONAL_B_SPLINE_CURVE((1.,
0.99173373582,1.)) REPRESENTATION_ITEM('') );
#4952 = CARTESIAN_POINT('',(-1.307953272524,-22.9928284088,
    18.750028531283));
#4953 = CARTESIAN_POINT('',(-4.282820528395,-22.8236022791,
    18.750028531283));
#4954 = CARTESIAN_POINT('',(-7.116661380455,-21.90283157027,
    18.750028531283));
#4955 = PCURVE('',#4859,#4956);
#4956 = DEFINITIONAL_REPRESENTATION('',(#4957),#4961);
#4957 = B_SPLINE_CURVE_WITH_KNOTS('',2,(#4958,#4959,#4960),
  .UNSPECIFIED.,.F.,.F.,(3,3),(6.025850072572,6.28318530718),
  .PIECEWISE_BEZIER_KNOTS.);
#4958 = CARTESIAN_POINT('',(6.025850072572,0.));
#4959 = CARTESIAN_POINT('',(6.154517689876,0.));
#4960 = CARTESIAN_POINT('',(6.28318530718,0.));
#4961 = ( GEOMETRIC_REPRESENTATION_CONTEXT(2) 
PARAMETRIC_REPRESENTATION_CONTEXT() REPRESENTATION_CONTEXT('2D SPACE',''
  ) );
#4962 = PCURVE('',#4885,#4963);
#4963 = DEFINITIONAL_REPRESENTATION('',(#4964),#4968);
#4964 = ( BOUNDED_CURVE() B_SPLINE_CURVE(2,(#4965,#4966,#4967),
.UNSPECIFIED.,.F.,.F.) B_SPLINE_CURVE_WITH_KNOTS((3,3),(6.025850072572,
6.28318530718),.PIECEWISE_BEZIER_KNOTS.) CURVE() 
GEOMETRIC_REPRESENTATION_ITEM() RATIONAL_B_SPLINE_CURVE((1.,
0.99173373582,1.)) REPRESENTATION_ITEM('') );
#4965 = CARTESIAN_POINT('',(-3.573468167312E-03,3.442020482927E-03));
#4966 = CARTESIAN_POINT('',(-4.331809092001E-03,5.604598441461E-04));
#4967 = CARTESIAN_POINT('',(-4.331809092001E-03,-2.419216761298E-03));
#4968 = ( GEOMETRIC_REPRESENTATION_CONTEXT(2) 
PARAMETRIC_REPRESENTATION_CONTEXT() REPRESENTATION_CONTEXT('2D SPACE',''
  ) );
#4969 = ADVANCED_FACE('',(#4970),#4938,.T.);
#4970 = FACE_BOUND('',#4971,.T.);
#4971 = EDGE_LOOP('',(#4972,#4973,#4993,#5014));
#4972 = ORIENTED_EDGE('',*,*,#4923,.T.);
#4973 = ORIENTED_EDGE('',*,*,#4974,.T.);
#4974 = EDGE_CURVE('',#4901,#4975,#4977,.T.);
#4975 = VERTEX_POINT('',#4976);
#4976 = CARTESIAN_POINT('',(-4.33979817445,-13.47226290587,
    25.221605084184));
#4977 = SURFACE_CURVE('',#4978,(#4981,#4987),.PCURVE_S1.);
#4978 = B_SPLINE_CURVE_WITH_KNOTS('',1,(#4979,#4980),.UNSPECIFIED.,.F.,
  .F.,(2,2),(0.,8.876117240666E-03),.PIECEWISE_BEZIER_KNOTS.);
#4979 = CARTESIAN_POINT('',(-7.116661380455,-21.90283157027,
    25.221605084184));
#4980 = CARTESIAN_POINT('',(-4.33979817445,-13.47226290587,
    25.221605084184));
#4981 = PCURVE('',#4938,#4982);
#4982 = DEFINITIONAL_REPRESENTATION('',(#4983),#4986);
#4983 = B_SPLINE_CURVE_WITH_KNOTS('',1,(#4984,#4985),.UNSPECIFIED.,.F.,
  .F.,(2,2),(0.,8.876117240666E-03),.PIECEWISE_BEZIER_KNOTS.);
#4984 = CARTESIAN_POINT('',(0.,-6.471576552901E-03));
#4985 = CARTESIAN_POINT('',(8.876117240666E-03,-6.471576552901E-03));
#4986 = ( GEOMETRIC_REPRESENTATION_CONTEXT(2) 
PARAMETRIC_REPRESENTATION_CONTEXT() REPRESENTATION_CONTEXT('2D SPACE',''
  ) );
#4987 = PCURVE('',#4834,#4988);
#4988 = DEFINITIONAL_REPRESENTATION('',(#4989),#4992);
#4989 = B_SPLINE_CURVE_WITH_KNOTS('',1,(#4990,#4991),.UNSPECIFIED.,.F.,
  .F.,(2,2),(0.,8.876117240666E-03),.PIECEWISE_BEZIER_KNOTS.);
#4990 = CARTESIAN_POINT('',(-4.331809092001E-03,-2.419216761298E-03));
#4991 = CARTESIAN_POINT('',(4.544236094062E-03,-2.383451903911E-03));
#4992 = ( GEOMETRIC_REPRESENTATION_CONTEXT(2) 
PARAMETRIC_REPRESENTATION_CONTEXT() REPRESENTATION_CONTEXT('2D SPACE',''
  ) );
#4993 = ORIENTED_EDGE('',*,*,#4994,.F.);
#4994 = EDGE_CURVE('',#4995,#4975,#4997,.T.);
#4995 = VERTEX_POINT('',#4996);
#4996 = CARTESIAN_POINT('',(-4.33979817445,-13.47226290587,
    18.750028531283));
#4997 = SURFACE_CURVE('',#4998,(#5001,#5007),.PCURVE_S1.);
#4998 = B_SPLINE_CURVE_WITH_KNOTS('',1,(#4999,#5000),.UNSPECIFIED.,.F.,
  .F.,(2,2),(0.,6.471576552901E-03),.PIECEWISE_BEZIER_KNOTS.);
#4999 = CARTESIAN_POINT('',(-4.33979817445,-13.47226290587,
    18.750028531283));
#5000 = CARTESIAN_POINT('',(-4.33979817445,-13.47226290587,
    25.221605084184));
#5001 = PCURVE('',#4938,#5002);
#5002 = DEFINITIONAL_REPRESENTATION('',(#5003),#5006);
#5003 = B_SPLINE_CURVE_WITH_KNOTS('',1,(#5004,#5005),.UNSPECIFIED.,.F.,
  .F.,(2,2),(0.,6.471576552901E-03),.PIECEWISE_BEZIER_KNOTS.);
#5004 = CARTESIAN_POINT('',(8.876117240666E-03,0.));
#5005 = CARTESIAN_POINT('',(8.876117240666E-03,-6.471576552901E-03));
#5006 = ( GEOMETRIC_REPRESENTATION_CONTEXT(2) 
PARAMETRIC_REPRESENTATION_CONTEXT() REPRESENTATION_CONTEXT('2D SPACE',''
  ) );
#5007 = PCURVE('',#4806,#5008);
#5008 = DEFINITIONAL_REPRESENTATION('',(#5009),#5013);
#5009 = B_SPLINE_CURVE_WITH_KNOTS('',2,(#5010,#5011,#5012),
  .UNSPECIFIED.,.F.,.F.,(3,3),(0.,6.471576552901E-03),
  .PIECEWISE_BEZIER_KNOTS.);
#5010 = CARTESIAN_POINT('',(3.144119493737,0.));
#5011 = CARTESIAN_POINT('',(3.144119493737,-3.23578827645E-03));
#5012 = CARTESIAN_POINT('',(3.144119493737,-6.471576552901E-03));
#5013 = ( GEOMETRIC_REPRESENTATION_CONTEXT(2) 
PARAMETRIC_REPRESENTATION_CONTEXT() REPRESENTATION_CONTEXT('2D SPACE',''
  ) );
#5014 = ORIENTED_EDGE('',*,*,#5015,.F.);
#5015 = EDGE_CURVE('',#4924,#4995,#5016,.T.);
#5016 = SURFACE_CURVE('',#5017,(#5020,#5026),.PCURVE_S1.);
#5017 = B_SPLINE_CURVE_WITH_KNOTS('',1,(#5018,#5019),.UNSPECIFIED.,.F.,
  .F.,(2,2),(0.,8.876117240666E-03),.PIECEWISE_BEZIER_KNOTS.);
#5018 = CARTESIAN_POINT('',(-7.116661380455,-21.90283157027,
    18.750028531283));
#5019 = CARTESIAN_POINT('',(-4.33979817445,-13.47226290587,
    18.750028531283));
#5020 = PCURVE('',#4938,#5021);
#5021 = DEFINITIONAL_REPRESENTATION('',(#5022),#5025);
#5022 = B_SPLINE_CURVE_WITH_KNOTS('',1,(#5023,#5024),.UNSPECIFIED.,.F.,
  .F.,(2,2),(0.,8.876117240666E-03),.PIECEWISE_BEZIER_KNOTS.);
#5023 = CARTESIAN_POINT('',(0.,0.));
#5024 = CARTESIAN_POINT('',(8.876117240666E-03,0.));
#5025 = ( GEOMETRIC_REPRESENTATION_CONTEXT(2) 
PARAMETRIC_REPRESENTATION_CONTEXT() REPRESENTATION_CONTEXT('2D SPACE',''
  ) );
#5026 = PCURVE('',#4885,#5027);
#5027 = DEFINITIONAL_REPRESENTATION('',(#5028),#5031);
#5028 = B_SPLINE_CURVE_WITH_KNOTS('',1,(#5029,#5030),.UNSPECIFIED.,.F.,
  .F.,(2,2),(0.,8.876117240666E-03),.PIECEWISE_BEZIER_KNOTS.);
#5029 = CARTESIAN_POINT('',(-4.331809092001E-03,-2.419216761298E-03));
#5030 = CARTESIAN_POINT('',(4.544236094062E-03,-2.383451903911E-03));
#5031 = ( GEOMETRIC_REPRESENTATION_CONTEXT(2) 
PARAMETRIC_REPRESENTATION_CONTEXT() REPRESENTATION_CONTEXT('2D SPACE',''
  ) );
#5032 = ADVANCED_FACE('',(#5033),#4806,.T.);
#5033 = FACE_BOUND('',#5034,.T.);
#5034 = EDGE_LOOP('',(#5035,#5036,#5057,#5058));
#5035 = ORIENTED_EDGE('',*,*,#4994,.T.);
#5036 = ORIENTED_EDGE('',*,*,#5037,.T.);
#5037 = EDGE_CURVE('',#4975,#4788,#5038,.T.);
#5038 = SURFACE_CURVE('',#5039,(#5043,#5050),.PCURVE_S1.);
#5039 = ( BOUNDED_CURVE() B_SPLINE_CURVE(2,(#5040,#5041,#5042),
.UNSPECIFIED.,.F.,.F.) B_SPLINE_CURVE_WITH_KNOTS((3,3),(3.144119493737,
3.39640104805),.PIECEWISE_BEZIER_KNOTS.) CURVE() 
GEOMETRIC_REPRESENTATION_ITEM() RATIONAL_B_SPLINE_CURVE((1.,
0.992054795563,1.)) REPRESENTATION_ITEM('') );
#5040 = CARTESIAN_POINT('',(-4.33979817445,-13.47226290587,
    25.221605084184));
#5041 = CARTESIAN_POINT('',(-2.631325382297,-14.0226104723,
    25.221605084184));
#5042 = CARTESIAN_POINT('',(-0.839559129266,-14.12907840124,
    25.221605084184));
#5043 = PCURVE('',#4806,#5044);
#5044 = DEFINITIONAL_REPRESENTATION('',(#5045),#5049);
#5045 = B_SPLINE_CURVE_WITH_KNOTS('',2,(#5046,#5047,#5048),
  .UNSPECIFIED.,.F.,.F.,(3,3),(3.144119493737,3.39640104805),
  .PIECEWISE_BEZIER_KNOTS.);
#5046 = CARTESIAN_POINT('',(3.144119493737,-6.471576552901E-03));
#5047 = CARTESIAN_POINT('',(3.270260270894,-6.471576552901E-03));
#5048 = CARTESIAN_POINT('',(3.39640104805,-6.471576552901E-03));
#5049 = ( GEOMETRIC_REPRESENTATION_CONTEXT(2) 
PARAMETRIC_REPRESENTATION_CONTEXT() REPRESENTATION_CONTEXT('2D SPACE',''
  ) );
#5050 = PCURVE('',#4834,#5051);
#5051 = DEFINITIONAL_REPRESENTATION('',(#5052),#5056);
#5052 = ( BOUNDED_CURVE() B_SPLINE_CURVE(2,(#5053,#5054,#5055),
.UNSPECIFIED.,.F.,.F.) B_SPLINE_CURVE_WITH_KNOTS((3,3),(3.144119493737,
3.39640104805),.PIECEWISE_BEZIER_KNOTS.) CURVE() 
GEOMETRIC_REPRESENTATION_ITEM() RATIONAL_B_SPLINE_CURVE((1.,
0.992054795563,1.)) REPRESENTATION_ITEM('') );
#5053 = CARTESIAN_POINT('',(4.544236094062E-03,-2.383451903911E-03));
#5054 = CARTESIAN_POINT('',(4.548771581989E-03,-5.885309711837E-04));
#5055 = CARTESIAN_POINT('',(5.001200786526E-03,1.148440398838E-03));
#5056 = ( GEOMETRIC_REPRESENTATION_CONTEXT(2) 
PARAMETRIC_REPRESENTATION_CONTEXT() REPRESENTATION_CONTEXT('2D SPACE',''
  ) );
#5057 = ORIENTED_EDGE('',*,*,#4785,.F.);
#5058 = ORIENTED_EDGE('',*,*,#5059,.F.);
#5059 = EDGE_CURVE('',#4995,#4786,#5060,.T.);
#5060 = SURFACE_CURVE('',#5061,(#5065,#5072),.PCURVE_S1.);
#5061 = ( BOUNDED_CURVE() B_SPLINE_CURVE(2,(#5062,#5063,#5064),
.UNSPECIFIED.,.F.,.F.) B_SPLINE_CURVE_WITH_KNOTS((3,3),(3.144119493737,
3.39640104805),.PIECEWISE_BEZIER_KNOTS.) CURVE() 
GEOMETRIC_REPRESENTATION_ITEM() RATIONAL_B_SPLINE_CURVE((1.,
0.992054795563,1.)) REPRESENTATION_ITEM('') );
#5062 = CARTESIAN_POINT('',(-4.33979817445,-13.47226290587,
    18.750028531283));
#5063 = CARTESIAN_POINT('',(-2.631325382297,-14.0226104723,
    18.750028531283));
#5064 = CARTESIAN_POINT('',(-0.839559129266,-14.12907840124,
    18.750028531283));
#5065 = PCURVE('',#4806,#5066);
#5066 = DEFINITIONAL_REPRESENTATION('',(#5067),#5071);
#5067 = B_SPLINE_CURVE_WITH_KNOTS('',2,(#5068,#5069,#5070),
  .UNSPECIFIED.,.F.,.F.,(3,3),(3.144119493737,3.39640104805),
  .PIECEWISE_BEZIER_KNOTS.);
#5068 = CARTESIAN_POINT('',(3.144119493737,0.));
#5069 = CARTESIAN_POINT('',(3.270260270894,0.));
#5070 = CARTESIAN_POINT('',(3.39640104805,0.));
#5071 = ( GEOMETRIC_REPRESENTATION_CONTEXT(2) 
PARAMETRIC_REPRESENTATION_CONTEXT() REPRESENTATION_CONTEXT('2D SPACE',''
  ) );
#5072 = PCURVE('',#4885,#5073);
#5073 = DEFINITIONAL_REPRESENTATION('',(#5074),#5078);
#5074 = ( BOUNDED_CURVE() B_SPLINE_CURVE(2,(#5075,#5076,#5077),
.UNSPECIFIED.,.F.,.F.) B_SPLINE_CURVE_WITH_KNOTS((3,3),(3.144119493737,
3.39640104805),.PIECEWISE_BEZIER_KNOTS.) CURVE() 
GEOMETRIC_REPRESENTATION_ITEM() RATIONAL_B_SPLINE_CURVE((1.,
0.992054795563,1.)) REPRESENTATION_ITEM('') );
#5075 = CARTESIAN_POINT('',(4.544236094062E-03,-2.383451903911E-03));
#5076 = CARTESIAN_POINT('',(4.548771581989E-03,-5.885309711837E-04));
#5077 = CARTESIAN_POINT('',(5.001200786526E-03,1.148440398838E-03));
#5078 = ( GEOMETRIC_REPRESENTATION_CONTEXT(2) 
PARAMETRIC_REPRESENTATION_CONTEXT() REPRESENTATION_CONTEXT('2D SPACE',''
  ) );
#5079 = ADVANCED_FACE('',(#5080),#4885,.T.);
#5080 = FACE_BOUND('',#5081,.T.);
#5081 = EDGE_LOOP('',(#5082,#5083,#5084,#5085));
#5082 = ORIENTED_EDGE('',*,*,#4873,.T.);
#5083 = ORIENTED_EDGE('',*,*,#4949,.T.);
#5084 = ORIENTED_EDGE('',*,*,#5015,.T.);
#5085 = ORIENTED_EDGE('',*,*,#5059,.T.);
#5086 = ADVANCED_FACE('',(#5087),#4834,.F.);
#5087 = FACE_BOUND('',#5088,.F.);
#5088 = EDGE_LOOP('',(#5089,#5090,#5091,#5092));
#5089 = ORIENTED_EDGE('',*,*,#4820,.T.);
#5090 = ORIENTED_EDGE('',*,*,#4900,.T.);
#5091 = ORIENTED_EDGE('',*,*,#4974,.T.);
#5092 = ORIENTED_EDGE('',*,*,#5037,.T.);
#5093 = ( GEOMETRIC_REPRESENTATION_CONTEXT(3) 
GLOBAL_UNCERTAINTY_ASSIGNED_CONTEXT((#5097)) 
GLOBAL_UNIT_ASSIGNED_CONTEXT((#5094,#5095,#5096)) REPRESENTATION_CONTEXT
('Context #1','3D Context with UNIT and UNCERTAINTY') );
#5094 = ( LENGTH_UNIT() NAMED_UNIT(*) SI_UNIT(.MILLI.,.METRE.) );
#5095 = ( NAMED_UNIT(*) PLANE_ANGLE_UNIT() SI_UNIT($,.RADIAN.) );
#5096 = ( NAMED_UNIT(*) SI_UNIT($,.STERADIAN.) SOLID_ANGLE_UNIT() );
#5097 = UNCERTAINTY_MEASURE_WITH_UNIT(LENGTH_MEASURE(1.E-04),#5094,
  'distance_accuracy_value','confusion accuracy');
#5098 = CONTEXT_DEPENDENT_SHAPE_REPRESENTATION(#5099,#5101);
#5099 = ( REPRESENTATION_RELATIONSHIP('','',#4778,#10) 
REPRESENTATION_RELATIONSHIP_WITH_TRANSFORMATION(#5100) 
SHAPE_REPRESENTATION_RELATIONSHIP() );
#5100 = ITEM_DEFINED_TRANSFORMATION('','',#11,#71);
#5101 = PRODUCT_DEFINITION_SHAPE('Placement','Placement of an item',
  #5102);
#5102 = NEXT_ASSEMBLY_USAGE_OCCURRENCE('5999','','',#5,#4773,$);
#5103 = PRODUCT_RELATED_PRODUCT_CATEGORY('part',$,(#4775));
#5104 = SHAPE_DEFINITION_REPRESENTATION(#5105,#5111);
#5105 = PRODUCT_DEFINITION_SHAPE('','',#5106);
#5106 = PRODUCT_DEFINITION('design','',#5107,#5110);
#5107 = PRODUCT_DEFINITION_FORMATION('','',#5108);
#5108 = PRODUCT('Open CASCADE STEP translator 7.8 154.16',
  'Open CASCADE STEP translator 7.8 154.16','',(#5109));
#5109 = PRODUCT_CONTEXT('',#2,'mechanical');
#5110 = PRODUCT_DEFINITION_CONTEXT('part definition',#2,'design');
#5111 = ADVANCED_BREP_SHAPE_REPRESENTATION('',(#11,#5112),#5426);
#5112 = MANIFOLD_SOLID_BREP('',#5113);
#5113 = CLOSED_SHELL('',(#5114,#5228,#5302,#5365,#5412,#5419));
#5114 = ADVANCED_FACE('',(#5115),#5128,.T.);
#5115 = FACE_BOUND('',#5116,.T.);
#5116 = EDGE_LOOP('',(#5117,#5152,#5177,#5205));
#5117 = ORIENTED_EDGE('',*,*,#5118,.T.);
#5118 = EDGE_CURVE('',#5119,#5121,#5123,.T.);
#5119 = VERTEX_POINT('',#5120);
#5120 = CARTESIAN_POINT('',(3.567657160136,-13.69699012147,
    18.750028531283));
#5121 = VERTEX_POINT('',#5122);
#5122 = CARTESIAN_POINT('',(3.567657160136,-13.69699012147,
    25.221605084184));
#5123 = SURFACE_CURVE('',#5124,(#5127,#5138),.PCURVE_S1.);
#5124 = B_SPLINE_CURVE_WITH_KNOTS('',1,(#5125,#5126),.UNSPECIFIED.,.F.,
  .F.,(2,2),(0.,6.471576552901E-03),.PIECEWISE_BEZIER_KNOTS.);
#5125 = CARTESIAN_POINT('',(3.567657160136,-13.69699012147,
    18.750028531283));
#5126 = CARTESIAN_POINT('',(3.567657160136,-13.69699012147,
    25.221605084184));
#5127 = PCURVE('',#5128,#5133);
#5128 = B_SPLINE_SURFACE_WITH_KNOTS('',1,1,(
    (#5129,#5130)
    ,(#5131,#5132
    )),.UNSPECIFIED.,.F.,.F.,.F.,(2,2),(2,2),(0.,8.876117240666E-03),(
    -6.471576552901E-03,0.),.PIECEWISE_BEZIER_KNOTS.);
#5129 = CARTESIAN_POINT('',(3.567657160136,-13.69699012147,
    25.221605084184));
#5130 = CARTESIAN_POINT('',(3.567657160136,-13.69699012147,
    18.750028531283));
#5131 = CARTESIAN_POINT('',(5.861237244225,-22.27165907531,
    25.221605084184));
#5132 = CARTESIAN_POINT('',(5.861237244225,-22.27165907531,
    18.750028531283));
#5133 = DEFINITIONAL_REPRESENTATION('',(#5134),#5137);
#5134 = B_SPLINE_CURVE_WITH_KNOTS('',1,(#5135,#5136),.UNSPECIFIED.,.F.,
  .F.,(2,2),(0.,6.471576552901E-03),.PIECEWISE_BEZIER_KNOTS.);
#5135 = CARTESIAN_POINT('',(0.,0.));
#5136 = CARTESIAN_POINT('',(0.,-6.471576552901E-03));
#5137 = ( GEOMETRIC_REPRESENTATION_CONTEXT(2) 
PARAMETRIC_REPRESENTATION_CONTEXT() REPRESENTATION_CONTEXT('2D SPACE',''
  ) );
#5138 = PCURVE('',#5139,#5146);
#5139 = ( BOUNDED_SURFACE() B_SPLINE_SURFACE(2,1,(
    (#5140,#5141)
    ,(#5142,#5143)
    ,(#5144,#5145
)),.UNSPECIFIED.,.F.,.F.,.F.) B_SPLINE_SURFACE_WITH_KNOTS((3,3),(2,2),(
    3.144119493737,3.39640104805),(-6.471576552901E-03,0.),
.PIECEWISE_BEZIER_KNOTS.) GEOMETRIC_REPRESENTATION_ITEM() 
RATIONAL_B_SPLINE_SURFACE((
    (1.,1.)
    ,(0.992054795563,0.992054795563)
,(1.,1.))) REPRESENTATION_ITEM('') SURFACE() );
#5140 = CARTESIAN_POINT('',(3.576485738651E-02,-14.15395481393,
    25.221605084184));
#5141 = CARTESIAN_POINT('',(3.576485738651E-02,-14.15395481393,
    18.750028531283));
#5142 = CARTESIAN_POINT('',(1.830685790114,-14.14941932601,
    25.221605084184));
#5143 = CARTESIAN_POINT('',(1.830685790114,-14.14941932601,
    18.750028531283));
#5144 = CARTESIAN_POINT('',(3.567657160136,-13.69699012147,
    25.221605084184));
#5145 = CARTESIAN_POINT('',(3.567657160136,-13.69699012147,
    18.750028531283));
#5146 = DEFINITIONAL_REPRESENTATION('',(#5147),#5151);
#5147 = B_SPLINE_CURVE_WITH_KNOTS('',2,(#5148,#5149,#5150),
  .UNSPECIFIED.,.F.,.F.,(3,3),(0.,6.471576552901E-03),
  .PIECEWISE_BEZIER_KNOTS.);
#5148 = CARTESIAN_POINT('',(3.39640104805,0.));
#5149 = CARTESIAN_POINT('',(3.39640104805,-3.23578827645E-03));
#5150 = CARTESIAN_POINT('',(3.39640104805,-6.471576552901E-03));
#5151 = ( GEOMETRIC_REPRESENTATION_CONTEXT(2) 
PARAMETRIC_REPRESENTATION_CONTEXT() REPRESENTATION_CONTEXT('2D SPACE',''
  ) );
#5152 = ORIENTED_EDGE('',*,*,#5153,.T.);
#5153 = EDGE_CURVE('',#5121,#5154,#5156,.T.);
#5154 = VERTEX_POINT('',#5155);
#5155 = CARTESIAN_POINT('',(5.861237244225,-22.27165907531,
    25.221605084184));
#5156 = SURFACE_CURVE('',#5157,(#5160,#5166),.PCURVE_S1.);
#5157 = B_SPLINE_CURVE_WITH_KNOTS('',1,(#5158,#5159),.UNSPECIFIED.,.F.,
  .F.,(2,2),(0.,8.876117240666E-03),.PIECEWISE_BEZIER_KNOTS.);
#5158 = CARTESIAN_POINT('',(3.567657160136,-13.69699012147,
    25.221605084184));
#5159 = CARTESIAN_POINT('',(5.861237244225,-22.27165907531,
    25.221605084184));
#5160 = PCURVE('',#5128,#5161);
#5161 = DEFINITIONAL_REPRESENTATION('',(#5162),#5165);
#5162 = B_SPLINE_CURVE_WITH_KNOTS('',1,(#5163,#5164),.UNSPECIFIED.,.F.,
  .F.,(2,2),(0.,8.876117240666E-03),.PIECEWISE_BEZIER_KNOTS.);
#5163 = CARTESIAN_POINT('',(0.,-6.471576552901E-03));
#5164 = CARTESIAN_POINT('',(8.876117240666E-03,-6.471576552901E-03));
#5165 = ( GEOMETRIC_REPRESENTATION_CONTEXT(2) 
PARAMETRIC_REPRESENTATION_CONTEXT() REPRESENTATION_CONTEXT('2D SPACE',''
  ) );
#5166 = PCURVE('',#5167,#5172);
#5167 = B_SPLINE_SURFACE_WITH_KNOTS('',1,1,(
    (#5168,#5169)
    ,(#5170,#5171
    )),.UNSPECIFIED.,.F.,.F.,.F.,(2,2),(2,2),(-4.331809092001E-03,
    5.001200786526E-03),(-2.419216761298E-03,3.442020482927E-03),
  .PIECEWISE_BEZIER_KNOTS.);
#5168 = CARTESIAN_POINT('',(-1.301042606983E-14,-23.03,25.221605084184)
  );
#5169 = CARTESIAN_POINT('',(5.861237244225,-23.03,25.221605084184));
#5170 = CARTESIAN_POINT('',(-1.301042606983E-14,-13.69699012147,
    25.221605084184));
#5171 = CARTESIAN_POINT('',(5.861237244225,-13.69699012147,
    25.221605084184));
#5172 = DEFINITIONAL_REPRESENTATION('',(#5173),#5176);
#5173 = B_SPLINE_CURVE_WITH_KNOTS('',1,(#5174,#5175),.UNSPECIFIED.,.F.,
  .F.,(2,2),(0.,8.876117240666E-03),.PIECEWISE_BEZIER_KNOTS.);
#5174 = CARTESIAN_POINT('',(5.001200786526E-03,1.148440398838E-03));
#5175 = CARTESIAN_POINT('',(-3.573468167312E-03,3.442020482927E-03));
#5176 = ( GEOMETRIC_REPRESENTATION_CONTEXT(2) 
PARAMETRIC_REPRESENTATION_CONTEXT() REPRESENTATION_CONTEXT('2D SPACE',''
  ) );
#5177 = ORIENTED_EDGE('',*,*,#5178,.F.);
#5178 = EDGE_CURVE('',#5179,#5154,#5181,.T.);
#5179 = VERTEX_POINT('',#5180);
#5180 = CARTESIAN_POINT('',(5.861237244225,-22.27165907531,
    18.750028531283));
#5181 = SURFACE_CURVE('',#5182,(#5185,#5191),.PCURVE_S1.);
#5182 = B_SPLINE_CURVE_WITH_KNOTS('',1,(#5183,#5184),.UNSPECIFIED.,.F.,
  .F.,(2,2),(0.,6.471576552901E-03),.PIECEWISE_BEZIER_KNOTS.);
#5183 = CARTESIAN_POINT('',(5.861237244225,-22.27165907531,
    18.750028531283));
#5184 = CARTESIAN_POINT('',(5.861237244225,-22.27165907531,
    25.221605084184));
#5185 = PCURVE('',#5128,#5186);
#5186 = DEFINITIONAL_REPRESENTATION('',(#5187),#5190);
#5187 = B_SPLINE_CURVE_WITH_KNOTS('',1,(#5188,#5189),.UNSPECIFIED.,.F.,
  .F.,(2,2),(0.,6.471576552901E-03),.PIECEWISE_BEZIER_KNOTS.);
#5188 = CARTESIAN_POINT('',(8.876117240666E-03,0.));
#5189 = CARTESIAN_POINT('',(8.876117240666E-03,-6.471576552901E-03));
#5190 = ( GEOMETRIC_REPRESENTATION_CONTEXT(2) 
PARAMETRIC_REPRESENTATION_CONTEXT() REPRESENTATION_CONTEXT('2D SPACE',''
  ) );
#5191 = PCURVE('',#5192,#5199);
#5192 = ( BOUNDED_SURFACE() B_SPLINE_SURFACE(2,1,(
    (#5193,#5194)
    ,(#5195,#5196)
    ,(#5197,#5198
)),.UNSPECIFIED.,.F.,.F.,.F.) B_SPLINE_SURFACE_WITH_KNOTS((3,3),(2,2),(
    6.025850072572,6.28318530718),(-6.471576552901E-03,0.),
.PIECEWISE_BEZIER_KNOTS.) GEOMETRIC_REPRESENTATION_ITEM() 
RATIONAL_B_SPLINE_SURFACE((
    (1.,1.)
    ,(0.99173373582,0.99173373582)
,(1.,1.))) REPRESENTATION_ITEM('') SURFACE() );
#5193 = CARTESIAN_POINT('',(5.861237244225,-22.27165907531,
    25.221605084184));
#5194 = CARTESIAN_POINT('',(5.861237244225,-22.27165907531,
    18.750028531283));
#5195 = CARTESIAN_POINT('',(2.979676605444,-23.03,25.221605084184));
#5196 = CARTESIAN_POINT('',(2.979676605444,-23.03,18.750028531283));
#5197 = CARTESIAN_POINT('',(5.640723156873E-15,-23.03,25.221605084184));
#5198 = CARTESIAN_POINT('',(5.640723156873E-15,-23.03,18.750028531283));
#5199 = DEFINITIONAL_REPRESENTATION('',(#5200),#5204);
#5200 = B_SPLINE_CURVE_WITH_KNOTS('',2,(#5201,#5202,#5203),
  .UNSPECIFIED.,.F.,.F.,(3,3),(0.,6.471576552901E-03),
  .PIECEWISE_BEZIER_KNOTS.);
#5201 = CARTESIAN_POINT('',(6.025850072572,0.));
#5202 = CARTESIAN_POINT('',(6.025850072572,-3.23578827645E-03));
#5203 = CARTESIAN_POINT('',(6.025850072572,-6.471576552901E-03));
#5204 = ( GEOMETRIC_REPRESENTATION_CONTEXT(2) 
PARAMETRIC_REPRESENTATION_CONTEXT() REPRESENTATION_CONTEXT('2D SPACE',''
  ) );
#5205 = ORIENTED_EDGE('',*,*,#5206,.F.);
#5206 = EDGE_CURVE('',#5119,#5179,#5207,.T.);
#5207 = SURFACE_CURVE('',#5208,(#5211,#5217),.PCURVE_S1.);
#5208 = B_SPLINE_CURVE_WITH_KNOTS('',1,(#5209,#5210),.UNSPECIFIED.,.F.,
  .F.,(2,2),(0.,8.876117240666E-03),.PIECEWISE_BEZIER_KNOTS.);
#5209 = CARTESIAN_POINT('',(3.567657160136,-13.69699012147,
    18.750028531283));
#5210 = CARTESIAN_POINT('',(5.861237244225,-22.27165907531,
    18.750028531283));
#5211 = PCURVE('',#5128,#5212);
#5212 = DEFINITIONAL_REPRESENTATION('',(#5213),#5216);
#5213 = B_SPLINE_CURVE_WITH_KNOTS('',1,(#5214,#5215),.UNSPECIFIED.,.F.,
  .F.,(2,2),(0.,8.876117240666E-03),.PIECEWISE_BEZIER_KNOTS.);
#5214 = CARTESIAN_POINT('',(0.,0.));
#5215 = CARTESIAN_POINT('',(8.876117240666E-03,0.));
#5216 = ( GEOMETRIC_REPRESENTATION_CONTEXT(2) 
PARAMETRIC_REPRESENTATION_CONTEXT() REPRESENTATION_CONTEXT('2D SPACE',''
  ) );
#5217 = PCURVE('',#5218,#5223);
#5218 = B_SPLINE_SURFACE_WITH_KNOTS('',1,1,(
    (#5219,#5220)
    ,(#5221,#5222
    )),.UNSPECIFIED.,.F.,.F.,.F.,(2,2),(2,2),(-4.331809092001E-03,
    5.001200786526E-03),(-2.419216761298E-03,3.442020482927E-03),
  .PIECEWISE_BEZIER_KNOTS.);
#5219 = CARTESIAN_POINT('',(-1.301042606983E-14,-23.03,18.750028531283)
  );
#5220 = CARTESIAN_POINT('',(5.861237244225,-23.03,18.750028531283));
#5221 = CARTESIAN_POINT('',(-1.301042606983E-14,-13.69699012147,
    18.750028531283));
#5222 = CARTESIAN_POINT('',(5.861237244225,-13.69699012147,
    18.750028531283));
#5223 = DEFINITIONAL_REPRESENTATION('',(#5224),#5227);
#5224 = B_SPLINE_CURVE_WITH_KNOTS('',1,(#5225,#5226),.UNSPECIFIED.,.F.,
  .F.,(2,2),(0.,8.876117240666E-03),.PIECEWISE_BEZIER_KNOTS.);
#5225 = CARTESIAN_POINT('',(5.001200786526E-03,1.148440398838E-03));
#5226 = CARTESIAN_POINT('',(-3.573468167312E-03,3.442020482927E-03));
#5227 = ( GEOMETRIC_REPRESENTATION_CONTEXT(2) 
PARAMETRIC_REPRESENTATION_CONTEXT() REPRESENTATION_CONTEXT('2D SPACE',''
  ) );
#5228 = ADVANCED_FACE('',(#5229),#5192,.T.);
#5229 = FACE_BOUND('',#5230,.T.);
#5230 = EDGE_LOOP('',(#5231,#5232,#5255,#5281));
#5231 = ORIENTED_EDGE('',*,*,#5178,.T.);
#5232 = ORIENTED_EDGE('',*,*,#5233,.T.);
#5233 = EDGE_CURVE('',#5154,#5234,#5236,.T.);
#5234 = VERTEX_POINT('',#5235);
#5235 = CARTESIAN_POINT('',(-8.673617379884E-15,-23.03,25.221605084184)
  );
#5236 = SURFACE_CURVE('',#5237,(#5241,#5248),.PCURVE_S1.);
#5237 = ( BOUNDED_CURVE() B_SPLINE_CURVE(2,(#5238,#5239,#5240),
.UNSPECIFIED.,.F.,.F.) B_SPLINE_CURVE_WITH_KNOTS((3,3),(6.025850072572,
6.28318530718),.PIECEWISE_BEZIER_KNOTS.) CURVE() 
GEOMETRIC_REPRESENTATION_ITEM() RATIONAL_B_SPLINE_CURVE((1.,
0.99173373582,1.)) REPRESENTATION_ITEM('') );
#5238 = CARTESIAN_POINT('',(5.861237244225,-22.27165907531,
    25.221605084184));
#5239 = CARTESIAN_POINT('',(2.979676605444,-23.03,25.221605084184));
#5240 = CARTESIAN_POINT('',(5.640723156873E-15,-23.03,25.221605084184));
#5241 = PCURVE('',#5192,#5242);
#5242 = DEFINITIONAL_REPRESENTATION('',(#5243),#5247);
#5243 = B_SPLINE_CURVE_WITH_KNOTS('',2,(#5244,#5245,#5246),
  .UNSPECIFIED.,.F.,.F.,(3,3),(6.025850072572,6.28318530718),
  .PIECEWISE_BEZIER_KNOTS.);
#5244 = CARTESIAN_POINT('',(6.025850072572,-6.471576552901E-03));
#5245 = CARTESIAN_POINT('',(6.154517689876,-6.471576552901E-03));
#5246 = CARTESIAN_POINT('',(6.28318530718,-6.471576552901E-03));
#5247 = ( GEOMETRIC_REPRESENTATION_CONTEXT(2) 
PARAMETRIC_REPRESENTATION_CONTEXT() REPRESENTATION_CONTEXT('2D SPACE',''
  ) );
#5248 = PCURVE('',#5167,#5249);
#5249 = DEFINITIONAL_REPRESENTATION('',(#5250),#5254);
#5250 = ( BOUNDED_CURVE() B_SPLINE_CURVE(2,(#5251,#5252,#5253),
.UNSPECIFIED.,.F.,.F.) B_SPLINE_CURVE_WITH_KNOTS((3,3),(6.025850072572,
6.28318530718),.PIECEWISE_BEZIER_KNOTS.) CURVE() 
GEOMETRIC_REPRESENTATION_ITEM() RATIONAL_B_SPLINE_CURVE((1.,
0.99173373582,1.)) REPRESENTATION_ITEM('') );
#5251 = CARTESIAN_POINT('',(-3.573468167312E-03,3.442020482927E-03));
#5252 = CARTESIAN_POINT('',(-4.331809092001E-03,5.604598441461E-04));
#5253 = CARTESIAN_POINT('',(-4.331809092001E-03,-2.419216761298E-03));
#5254 = ( GEOMETRIC_REPRESENTATION_CONTEXT(2) 
PARAMETRIC_REPRESENTATION_CONTEXT() REPRESENTATION_CONTEXT('2D SPACE',''
  ) );
#5255 = ORIENTED_EDGE('',*,*,#5256,.F.);
#5256 = EDGE_CURVE('',#5257,#5234,#5259,.T.);
#5257 = VERTEX_POINT('',#5258);
#5258 = CARTESIAN_POINT('',(-1.301042606983E-14,-23.03,18.750028531283)
  );
#5259 = SURFACE_CURVE('',#5260,(#5263,#5270),.PCURVE_S1.);
#5260 = B_SPLINE_CURVE_WITH_KNOTS('',1,(#5261,#5262),.UNSPECIFIED.,.F.,
  .F.,(2,2),(0.,6.471576552901E-03),.PIECEWISE_BEZIER_KNOTS.);
#5261 = CARTESIAN_POINT('',(-1.301042606983E-14,-23.03,18.750028531283)
  );
#5262 = CARTESIAN_POINT('',(-1.301042606983E-14,-23.03,25.221605084184)
  );
#5263 = PCURVE('',#5192,#5264);
#5264 = DEFINITIONAL_REPRESENTATION('',(#5265),#5269);
#5265 = B_SPLINE_CURVE_WITH_KNOTS('',2,(#5266,#5267,#5268),
  .UNSPECIFIED.,.F.,.F.,(3,3),(0.,6.471576552901E-03),
  .PIECEWISE_BEZIER_KNOTS.);
#5266 = CARTESIAN_POINT('',(6.28318530718,0.));
#5267 = CARTESIAN_POINT('',(6.28318530718,-3.23578827645E-03));
#5268 = CARTESIAN_POINT('',(6.28318530718,-6.471576552901E-03));
#5269 = ( GEOMETRIC_REPRESENTATION_CONTEXT(2) 
PARAMETRIC_REPRESENTATION_CONTEXT() REPRESENTATION_CONTEXT('2D SPACE',''
  ) );
#5270 = PCURVE('',#5271,#5276);
#5271 = B_SPLINE_SURFACE_WITH_KNOTS('',1,1,(
    (#5272,#5273)
    ,(#5274,#5275
    )),.UNSPECIFIED.,.F.,.F.,.F.,(2,2),(2,2),(0.,8.876117240666E-03),(
    -6.471576552901E-03,0.),.PIECEWISE_BEZIER_KNOTS.);
#5272 = CARTESIAN_POINT('',(-1.301042606983E-14,-23.03,25.221605084184)
  );
#5273 = CARTESIAN_POINT('',(-1.301042606983E-14,-23.03,18.750028531283)
  );
#5274 = CARTESIAN_POINT('',(3.57648573865E-02,-14.15395481393,
    25.221605084184));
#5275 = CARTESIAN_POINT('',(3.57648573865E-02,-14.15395481393,
    18.750028531283));
#5276 = DEFINITIONAL_REPRESENTATION('',(#5277),#5280);
#5277 = B_SPLINE_CURVE_WITH_KNOTS('',1,(#5278,#5279),.UNSPECIFIED.,.F.,
  .F.,(2,2),(0.,6.471576552901E-03),.PIECEWISE_BEZIER_KNOTS.);
#5278 = CARTESIAN_POINT('',(0.,0.));
#5279 = CARTESIAN_POINT('',(0.,-6.471576552901E-03));
#5280 = ( GEOMETRIC_REPRESENTATION_CONTEXT(2) 
PARAMETRIC_REPRESENTATION_CONTEXT() REPRESENTATION_CONTEXT('2D SPACE',''
  ) );
#5281 = ORIENTED_EDGE('',*,*,#5282,.F.);
#5282 = EDGE_CURVE('',#5179,#5257,#5283,.T.);
#5283 = SURFACE_CURVE('',#5284,(#5288,#5295),.PCURVE_S1.);
#5284 = ( BOUNDED_CURVE() B_SPLINE_CURVE(2,(#5285,#5286,#5287),
.UNSPECIFIED.,.F.,.F.) B_SPLINE_CURVE_WITH_KNOTS((3,3),(6.025850072572,
6.28318530718),.PIECEWISE_BEZIER_KNOTS.) CURVE() 
GEOMETRIC_REPRESENTATION_ITEM() RATIONAL_B_SPLINE_CURVE((1.,
0.99173373582,1.)) REPRESENTATION_ITEM('') );
#5285 = CARTESIAN_POINT('',(5.861237244225,-22.27165907531,
    18.750028531283));
#5286 = CARTESIAN_POINT('',(2.979676605444,-23.03,18.750028531283));
#5287 = CARTESIAN_POINT('',(5.640723156873E-15,-23.03,18.750028531283));
#5288 = PCURVE('',#5192,#5289);
#5289 = DEFINITIONAL_REPRESENTATION('',(#5290),#5294);
#5290 = B_SPLINE_CURVE_WITH_KNOTS('',2,(#5291,#5292,#5293),
  .UNSPECIFIED.,.F.,.F.,(3,3),(6.025850072572,6.28318530718),
  .PIECEWISE_BEZIER_KNOTS.);
#5291 = CARTESIAN_POINT('',(6.025850072572,0.));
#5292 = CARTESIAN_POINT('',(6.154517689876,0.));
#5293 = CARTESIAN_POINT('',(6.28318530718,0.));
#5294 = ( GEOMETRIC_REPRESENTATION_CONTEXT(2) 
PARAMETRIC_REPRESENTATION_CONTEXT() REPRESENTATION_CONTEXT('2D SPACE',''
  ) );
#5295 = PCURVE('',#5218,#5296);
#5296 = DEFINITIONAL_REPRESENTATION('',(#5297),#5301);
#5297 = ( BOUNDED_CURVE() B_SPLINE_CURVE(2,(#5298,#5299,#5300),
.UNSPECIFIED.,.F.,.F.) B_SPLINE_CURVE_WITH_KNOTS((3,3),(6.025850072572,
6.28318530718),.PIECEWISE_BEZIER_KNOTS.) CURVE() 
GEOMETRIC_REPRESENTATION_ITEM() RATIONAL_B_SPLINE_CURVE((1.,
0.99173373582,1.)) REPRESENTATION_ITEM('') );
#5298 = CARTESIAN_POINT('',(-3.573468167312E-03,3.442020482927E-03));
#5299 = CARTESIAN_POINT('',(-4.331809092001E-03,5.604598441461E-04));
#5300 = CARTESIAN_POINT('',(-4.331809092001E-03,-2.419216761298E-03));
#5301 = ( GEOMETRIC_REPRESENTATION_CONTEXT(2) 
PARAMETRIC_REPRESENTATION_CONTEXT() REPRESENTATION_CONTEXT('2D SPACE',''
  ) );
#5302 = ADVANCED_FACE('',(#5303),#5271,.T.);
#5303 = FACE_BOUND('',#5304,.T.);
#5304 = EDGE_LOOP('',(#5305,#5306,#5326,#5347));
#5305 = ORIENTED_EDGE('',*,*,#5256,.T.);
#5306 = ORIENTED_EDGE('',*,*,#5307,.T.);
#5307 = EDGE_CURVE('',#5234,#5308,#5310,.T.);
#5308 = VERTEX_POINT('',#5309);
#5309 = CARTESIAN_POINT('',(3.576485738651E-02,-14.15395481393,
    25.221605084184));
#5310 = SURFACE_CURVE('',#5311,(#5314,#5320),.PCURVE_S1.);
#5311 = B_SPLINE_CURVE_WITH_KNOTS('',1,(#5312,#5313),.UNSPECIFIED.,.F.,
  .F.,(2,2),(0.,8.876117240666E-03),.PIECEWISE_BEZIER_KNOTS.);
#5312 = CARTESIAN_POINT('',(-1.301042606983E-14,-23.03,25.221605084184)
  );
#5313 = CARTESIAN_POINT('',(3.57648573865E-02,-14.15395481393,
    25.221605084184));
#5314 = PCURVE('',#5271,#5315);
#5315 = DEFINITIONAL_REPRESENTATION('',(#5316),#5319);
#5316 = B_SPLINE_CURVE_WITH_KNOTS('',1,(#5317,#5318),.UNSPECIFIED.,.F.,
  .F.,(2,2),(0.,8.876117240666E-03),.PIECEWISE_BEZIER_KNOTS.);
#5317 = CARTESIAN_POINT('',(0.,-6.471576552901E-03));
#5318 = CARTESIAN_POINT('',(8.876117240666E-03,-6.471576552901E-03));
#5319 = ( GEOMETRIC_REPRESENTATION_CONTEXT(2) 
PARAMETRIC_REPRESENTATION_CONTEXT() REPRESENTATION_CONTEXT('2D SPACE',''
  ) );
#5320 = PCURVE('',#5167,#5321);
#5321 = DEFINITIONAL_REPRESENTATION('',(#5322),#5325);
#5322 = B_SPLINE_CURVE_WITH_KNOTS('',1,(#5323,#5324),.UNSPECIFIED.,.F.,
  .F.,(2,2),(0.,8.876117240666E-03),.PIECEWISE_BEZIER_KNOTS.);
#5323 = CARTESIAN_POINT('',(-4.331809092001E-03,-2.419216761298E-03));
#5324 = CARTESIAN_POINT('',(4.544236094062E-03,-2.383451903911E-03));
#5325 = ( GEOMETRIC_REPRESENTATION_CONTEXT(2) 
PARAMETRIC_REPRESENTATION_CONTEXT() REPRESENTATION_CONTEXT('2D SPACE',''
  ) );
#5326 = ORIENTED_EDGE('',*,*,#5327,.F.);
#5327 = EDGE_CURVE('',#5328,#5308,#5330,.T.);
#5328 = VERTEX_POINT('',#5329);
#5329 = CARTESIAN_POINT('',(3.576485738651E-02,-14.15395481393,
    18.750028531283));
#5330 = SURFACE_CURVE('',#5331,(#5334,#5340),.PCURVE_S1.);
#5331 = B_SPLINE_CURVE_WITH_KNOTS('',1,(#5332,#5333),.UNSPECIFIED.,.F.,
  .F.,(2,2),(0.,6.471576552901E-03),.PIECEWISE_BEZIER_KNOTS.);
#5332 = CARTESIAN_POINT('',(3.576485738651E-02,-14.15395481393,
    18.750028531283));
#5333 = CARTESIAN_POINT('',(3.576485738651E-02,-14.15395481393,
    25.221605084184));
#5334 = PCURVE('',#5271,#5335);
#5335 = DEFINITIONAL_REPRESENTATION('',(#5336),#5339);
#5336 = B_SPLINE_CURVE_WITH_KNOTS('',1,(#5337,#5338),.UNSPECIFIED.,.F.,
  .F.,(2,2),(0.,6.471576552901E-03),.PIECEWISE_BEZIER_KNOTS.);
#5337 = CARTESIAN_POINT('',(8.876117240666E-03,0.));
#5338 = CARTESIAN_POINT('',(8.876117240666E-03,-6.471576552901E-03));
#5339 = ( GEOMETRIC_REPRESENTATION_CONTEXT(2) 
PARAMETRIC_REPRESENTATION_CONTEXT() REPRESENTATION_CONTEXT('2D SPACE',''
  ) );
#5340 = PCURVE('',#5139,#5341);
#5341 = DEFINITIONAL_REPRESENTATION('',(#5342),#5346);
#5342 = B_SPLINE_CURVE_WITH_KNOTS('',2,(#5343,#5344,#5345),
  .UNSPECIFIED.,.F.,.F.,(3,3),(0.,6.471576552901E-03),
  .PIECEWISE_BEZIER_KNOTS.);
#5343 = CARTESIAN_POINT('',(3.144119493737,0.));
#5344 = CARTESIAN_POINT('',(3.144119493737,-3.23578827645E-03));
#5345 = CARTESIAN_POINT('',(3.144119493737,-6.471576552901E-03));
#5346 = ( GEOMETRIC_REPRESENTATION_CONTEXT(2) 
PARAMETRIC_REPRESENTATION_CONTEXT() REPRESENTATION_CONTEXT('2D SPACE',''
  ) );
#5347 = ORIENTED_EDGE('',*,*,#5348,.F.);
#5348 = EDGE_CURVE('',#5257,#5328,#5349,.T.);
#5349 = SURFACE_CURVE('',#5350,(#5353,#5359),.PCURVE_S1.);
#5350 = B_SPLINE_CURVE_WITH_KNOTS('',1,(#5351,#5352),.UNSPECIFIED.,.F.,
  .F.,(2,2),(0.,8.876117240666E-03),.PIECEWISE_BEZIER_KNOTS.);
#5351 = CARTESIAN_POINT('',(-1.301042606983E-14,-23.03,18.750028531283)
  );
#5352 = CARTESIAN_POINT('',(3.57648573865E-02,-14.15395481393,
    18.750028531283));
#5353 = PCURVE('',#5271,#5354);
#5354 = DEFINITIONAL_REPRESENTATION('',(#5355),#5358);
#5355 = B_SPLINE_CURVE_WITH_KNOTS('',1,(#5356,#5357),.UNSPECIFIED.,.F.,
  .F.,(2,2),(0.,8.876117240666E-03),.PIECEWISE_BEZIER_KNOTS.);
#5356 = CARTESIAN_POINT('',(0.,0.));
#5357 = CARTESIAN_POINT('',(8.876117240666E-03,0.));
#5358 = ( GEOMETRIC_REPRESENTATION_CONTEXT(2) 
PARAMETRIC_REPRESENTATION_CONTEXT() REPRESENTATION_CONTEXT('2D SPACE',''
  ) );
#5359 = PCURVE('',#5218,#5360);
#5360 = DEFINITIONAL_REPRESENTATION('',(#5361),#5364);
#5361 = B_SPLINE_CURVE_WITH_KNOTS('',1,(#5362,#5363),.UNSPECIFIED.,.F.,
  .F.,(2,2),(0.,8.876117240666E-03),.PIECEWISE_BEZIER_KNOTS.);
#5362 = CARTESIAN_POINT('',(-4.331809092001E-03,-2.419216761298E-03));
#5363 = CARTESIAN_POINT('',(4.544236094062E-03,-2.383451903911E-03));
#5364 = ( GEOMETRIC_REPRESENTATION_CONTEXT(2) 
PARAMETRIC_REPRESENTATION_CONTEXT() REPRESENTATION_CONTEXT('2D SPACE',''
  ) );
#5365 = ADVANCED_FACE('',(#5366),#5139,.T.);
#5366 = FACE_BOUND('',#5367,.T.);
#5367 = EDGE_LOOP('',(#5368,#5369,#5390,#5391));
#5368 = ORIENTED_EDGE('',*,*,#5327,.T.);
#5369 = ORIENTED_EDGE('',*,*,#5370,.T.);
#5370 = EDGE_CURVE('',#5308,#5121,#5371,.T.);
#5371 = SURFACE_CURVE('',#5372,(#5376,#5383),.PCURVE_S1.);
#5372 = ( BOUNDED_CURVE() B_SPLINE_CURVE(2,(#5373,#5374,#5375),
.UNSPECIFIED.,.F.,.F.) B_SPLINE_CURVE_WITH_KNOTS((3,3),(3.144119493737,
3.39640104805),.PIECEWISE_BEZIER_KNOTS.) CURVE() 
GEOMETRIC_REPRESENTATION_ITEM() RATIONAL_B_SPLINE_CURVE((1.,
0.992054795563,1.)) REPRESENTATION_ITEM('') );
#5373 = CARTESIAN_POINT('',(3.576485738651E-02,-14.15395481393,
    25.221605084184));
#5374 = CARTESIAN_POINT('',(1.830685790114,-14.14941932601,
    25.221605084184));
#5375 = CARTESIAN_POINT('',(3.567657160136,-13.69699012147,
    25.221605084184));
#5376 = PCURVE('',#5139,#5377);
#5377 = DEFINITIONAL_REPRESENTATION('',(#5378),#5382);
#5378 = B_SPLINE_CURVE_WITH_KNOTS('',2,(#5379,#5380,#5381),
  .UNSPECIFIED.,.F.,.F.,(3,3),(3.144119493737,3.39640104805),
  .PIECEWISE_BEZIER_KNOTS.);
#5379 = CARTESIAN_POINT('',(3.144119493737,-6.471576552901E-03));
#5380 = CARTESIAN_POINT('',(3.270260270894,-6.471576552901E-03));
#5381 = CARTESIAN_POINT('',(3.39640104805,-6.471576552901E-03));
#5382 = ( GEOMETRIC_REPRESENTATION_CONTEXT(2) 
PARAMETRIC_REPRESENTATION_CONTEXT() REPRESENTATION_CONTEXT('2D SPACE',''
  ) );
#5383 = PCURVE('',#5167,#5384);
#5384 = DEFINITIONAL_REPRESENTATION('',(#5385),#5389);
#5385 = ( BOUNDED_CURVE() B_SPLINE_CURVE(2,(#5386,#5387,#5388),
.UNSPECIFIED.,.F.,.F.) B_SPLINE_CURVE_WITH_KNOTS((3,3),(3.144119493737,
3.39640104805),.PIECEWISE_BEZIER_KNOTS.) CURVE() 
GEOMETRIC_REPRESENTATION_ITEM() RATIONAL_B_SPLINE_CURVE((1.,
0.992054795563,1.)) REPRESENTATION_ITEM('') );
#5386 = CARTESIAN_POINT('',(4.544236094062E-03,-2.383451903911E-03));
#5387 = CARTESIAN_POINT('',(4.548771581989E-03,-5.885309711837E-04));
#5388 = CARTESIAN_POINT('',(5.001200786526E-03,1.148440398838E-03));
#5389 = ( GEOMETRIC_REPRESENTATION_CONTEXT(2) 
PARAMETRIC_REPRESENTATION_CONTEXT() REPRESENTATION_CONTEXT('2D SPACE',''
  ) );
#5390 = ORIENTED_EDGE('',*,*,#5118,.F.);
#5391 = ORIENTED_EDGE('',*,*,#5392,.F.);
#5392 = EDGE_CURVE('',#5328,#5119,#5393,.T.);
#5393 = SURFACE_CURVE('',#5394,(#5398,#5405),.PCURVE_S1.);
#5394 = ( BOUNDED_CURVE() B_SPLINE_CURVE(2,(#5395,#5396,#5397),
.UNSPECIFIED.,.F.,.F.) B_SPLINE_CURVE_WITH_KNOTS((3,3),(3.144119493737,
3.39640104805),.PIECEWISE_BEZIER_KNOTS.) CURVE() 
GEOMETRIC_REPRESENTATION_ITEM() RATIONAL_B_SPLINE_CURVE((1.,
0.992054795563,1.)) REPRESENTATION_ITEM('') );
#5395 = CARTESIAN_POINT('',(3.576485738651E-02,-14.15395481393,
    18.750028531283));
#5396 = CARTESIAN_POINT('',(1.830685790114,-14.14941932601,
    18.750028531283));
#5397 = CARTESIAN_POINT('',(3.567657160136,-13.69699012147,
    18.750028531283));
#5398 = PCURVE('',#5139,#5399);
#5399 = DEFINITIONAL_REPRESENTATION('',(#5400),#5404);
#5400 = B_SPLINE_CURVE_WITH_KNOTS('',2,(#5401,#5402,#5403),
  .UNSPECIFIED.,.F.,.F.,(3,3),(3.144119493737,3.39640104805),
  .PIECEWISE_BEZIER_KNOTS.);
#5401 = CARTESIAN_POINT('',(3.144119493737,0.));
#5402 = CARTESIAN_POINT('',(3.270260270894,0.));
#5403 = CARTESIAN_POINT('',(3.39640104805,0.));
#5404 = ( GEOMETRIC_REPRESENTATION_CONTEXT(2) 
PARAMETRIC_REPRESENTATION_CONTEXT() REPRESENTATION_CONTEXT('2D SPACE',''
  ) );
#5405 = PCURVE('',#5218,#5406);
#5406 = DEFINITIONAL_REPRESENTATION('',(#5407),#5411);
#5407 = ( BOUNDED_CURVE() B_SPLINE_CURVE(2,(#5408,#5409,#5410),
.UNSPECIFIED.,.F.,.F.) B_SPLINE_CURVE_WITH_KNOTS((3,3),(3.144119493737,
3.39640104805),.PIECEWISE_BEZIER_KNOTS.) CURVE() 
GEOMETRIC_REPRESENTATION_ITEM() RATIONAL_B_SPLINE_CURVE((1.,
0.992054795563,1.)) REPRESENTATION_ITEM('') );
#5408 = CARTESIAN_POINT('',(4.544236094062E-03,-2.383451903911E-03));
#5409 = CARTESIAN_POINT('',(4.548771581989E-03,-5.885309711837E-04));
#5410 = CARTESIAN_POINT('',(5.001200786526E-03,1.148440398838E-03));
#5411 = ( GEOMETRIC_REPRESENTATION_CONTEXT(2) 
PARAMETRIC_REPRESENTATION_CONTEXT() REPRESENTATION_CONTEXT('2D SPACE',''
  ) );
#5412 = ADVANCED_FACE('',(#5413),#5218,.T.);
#5413 = FACE_BOUND('',#5414,.T.);
#5414 = EDGE_LOOP('',(#5415,#5416,#5417,#5418));
#5415 = ORIENTED_EDGE('',*,*,#5206,.T.);
#5416 = ORIENTED_EDGE('',*,*,#5282,.T.);
#5417 = ORIENTED_EDGE('',*,*,#5348,.T.);
#5418 = ORIENTED_EDGE('',*,*,#5392,.T.);
#5419 = ADVANCED_FACE('',(#5420),#5167,.F.);
#5420 = FACE_BOUND('',#5421,.F.);
#5421 = EDGE_LOOP('',(#5422,#5423,#5424,#5425));
#5422 = ORIENTED_EDGE('',*,*,#5153,.T.);
#5423 = ORIENTED_EDGE('',*,*,#5233,.T.);
#5424 = ORIENTED_EDGE('',*,*,#5307,.T.);
#5425 = ORIENTED_EDGE('',*,*,#5370,.T.);
#5426 = ( GEOMETRIC_REPRESENTATION_CONTEXT(3) 
GLOBAL_UNCERTAINTY_ASSIGNED_CONTEXT((#5430)) 
GLOBAL_UNIT_ASSIGNED_CONTEXT((#5427,#5428,#5429)) REPRESENTATION_CONTEXT
('Context #1','3D Context with UNIT and UNCERTAINTY') );
#5427 = ( LENGTH_UNIT() NAMED_UNIT(*) SI_UNIT(.MILLI.,.METRE.) );
#5428 = ( NAMED_UNIT(*) PLANE_ANGLE_UNIT() SI_UNIT($,.RADIAN.) );
#5429 = ( NAMED_UNIT(*) SI_UNIT($,.STERADIAN.) SOLID_ANGLE_UNIT() );
#5430 = UNCERTAINTY_MEASURE_WITH_UNIT(LENGTH_MEASURE(1.E-04),#5427,
  'distance_accuracy_value','confusion accuracy');
#5431 = CONTEXT_DEPENDENT_SHAPE_REPRESENTATION(#5432,#5434);
#5432 = ( REPRESENTATION_RELATIONSHIP('','',#5111,#10) 
REPRESENTATION_RELATIONSHIP_WITH_TRANSFORMATION(#5433) 
SHAPE_REPRESENTATION_RELATIONSHIP() );
#5433 = ITEM_DEFINED_TRANSFORMATION('','',#11,#75);
#5434 = PRODUCT_DEFINITION_SHAPE('Placement','Placement of an item',
  #5435);
#5435 = NEXT_ASSEMBLY_USAGE_OCCURRENCE('6000','','',#5,#5106,$);
#5436 = PRODUCT_RELATED_PRODUCT_CATEGORY('part',$,(#5108));
#5437 = SHAPE_DEFINITION_REPRESENTATION(#5438,#5444);
#5438 = PRODUCT_DEFINITION_SHAPE('','',#5439);
#5439 = PRODUCT_DEFINITION('design','',#5440,#5443);
#5440 = PRODUCT_DEFINITION_FORMATION('','',#5441);
#5441 = PRODUCT('Open CASCADE STEP translator 7.8 154.17',
  'Open CASCADE STEP translator 7.8 154.17','',(#5442));
#5442 = PRODUCT_CONTEXT('',#2,'mechanical');
#5443 = PRODUCT_DEFINITION_CONTEXT('part definition',#2,'design');
#5444 = ADVANCED_BREP_SHAPE_REPRESENTATION('',(#11,#5445),#5759);
#5445 = MANIFOLD_SOLID_BREP('',#5446);
#5446 = CLOSED_SHELL('',(#5447,#5561,#5635,#5698,#5745,#5752));
#5447 = ADVANCED_FACE('',(#5448),#5461,.T.);
#5448 = FACE_BOUND('',#5449,.T.);
#5449 = EDGE_LOOP('',(#5450,#5485,#5510,#5538));
#5450 = ORIENTED_EDGE('',*,*,#5451,.T.);
#5451 = EDGE_CURVE('',#5452,#5454,#5456,.T.);
#5452 = VERTEX_POINT('',#5453);
#5453 = CARTESIAN_POINT('',(7.625646309376,-11.92414501607,
    18.750028531283));
#5454 = VERTEX_POINT('',#5455);
#5455 = CARTESIAN_POINT('',(7.625646309376,-11.92414501607,
    25.221605084184));
#5456 = SURFACE_CURVE('',#5457,(#5460,#5471),.PCURVE_S1.);
#5457 = B_SPLINE_CURVE_WITH_KNOTS('',1,(#5458,#5459),.UNSPECIFIED.,.F.,
  .F.,(2,2),(0.,6.471576552901E-03),.PIECEWISE_BEZIER_KNOTS.);
#5458 = CARTESIAN_POINT('',(7.625646309376,-11.92414501607,
    18.750028531283));
#5459 = CARTESIAN_POINT('',(7.625646309376,-11.92414501607,
    25.221605084184));
#5460 = PCURVE('',#5461,#5466);
#5461 = B_SPLINE_SURFACE_WITH_KNOTS('',1,1,(
    (#5462,#5463)
    ,(#5464,#5465
    )),.UNSPECIFIED.,.F.,.F.,.F.,(2,2),(2,2),(0.,8.876117240666E-03),(
    -6.471576552901E-03,0.),.PIECEWISE_BEZIER_KNOTS.);
#5462 = CARTESIAN_POINT('',(7.625646309376,-11.92414501607,
    25.221605084184));
#5463 = CARTESIAN_POINT('',(7.625646309376,-11.92414501607,
    18.750028531283));
#5464 = CARTESIAN_POINT('',(12.456689021868,-19.37038457575,
    25.221605084184));
#5465 = CARTESIAN_POINT('',(12.456689021868,-19.37038457575,
    18.750028531283));
#5466 = DEFINITIONAL_REPRESENTATION('',(#5467),#5470);
#5467 = B_SPLINE_CURVE_WITH_KNOTS('',1,(#5468,#5469),.UNSPECIFIED.,.F.,
  .F.,(2,2),(0.,6.471576552901E-03),.PIECEWISE_BEZIER_KNOTS.);
#5468 = CARTESIAN_POINT('',(0.,0.));
#5469 = CARTESIAN_POINT('',(0.,-6.471576552901E-03));
#5470 = ( GEOMETRIC_REPRESENTATION_CONTEXT(2) 
PARAMETRIC_REPRESENTATION_CONTEXT() REPRESENTATION_CONTEXT('2D SPACE',''
  ) );
#5471 = PCURVE('',#5472,#5479);
#5472 = ( BOUNDED_SURFACE() B_SPLINE_SURFACE(2,1,(
    (#5473,#5474)
    ,(#5475,#5476)
    ,(#5477,#5478
)),.UNSPECIFIED.,.F.,.F.,.F.) B_SPLINE_SURFACE_WITH_KNOTS((3,3),(2,2),(
    3.144119493737,3.39640104805),(-6.471576552901E-03,0.),
.PIECEWISE_BEZIER_KNOTS.) GEOMETRIC_REPRESENTATION_ITEM() 
RATIONAL_B_SPLINE_SURFACE((
    (1.,1.)
    ,(0.992054795563,0.992054795563)
,(1.,1.))) REPRESENTATION_ITEM('') SURFACE() );
#5473 = CARTESIAN_POINT('',(4.407826975794,-13.4501590084,
    25.221605084184));
#5474 = CARTESIAN_POINT('',(4.407826975794,-13.4501590084,
    18.750028531283));
#5475 = CARTESIAN_POINT('',(6.113496682251,-12.89118443128,
    25.221605084184));
#5476 = CARTESIAN_POINT('',(6.113496682251,-12.89118443128,
    18.750028531283));
#5477 = CARTESIAN_POINT('',(7.625646309376,-11.92414501607,
    25.221605084184));
#5478 = CARTESIAN_POINT('',(7.625646309376,-11.92414501607,
    18.750028531283));
#5479 = DEFINITIONAL_REPRESENTATION('',(#5480),#5484);
#5480 = B_SPLINE_CURVE_WITH_KNOTS('',2,(#5481,#5482,#5483),
  .UNSPECIFIED.,.F.,.F.,(3,3),(0.,6.471576552901E-03),
  .PIECEWISE_BEZIER_KNOTS.);
#5481 = CARTESIAN_POINT('',(3.39640104805,0.));
#5482 = CARTESIAN_POINT('',(3.39640104805,-3.23578827645E-03));
#5483 = CARTESIAN_POINT('',(3.39640104805,-6.471576552901E-03));
#5484 = ( GEOMETRIC_REPRESENTATION_CONTEXT(2) 
PARAMETRIC_REPRESENTATION_CONTEXT() REPRESENTATION_CONTEXT('2D SPACE',''
  ) );
#5485 = ORIENTED_EDGE('',*,*,#5486,.T.);
#5486 = EDGE_CURVE('',#5454,#5487,#5489,.T.);
#5487 = VERTEX_POINT('',#5488);
#5488 = CARTESIAN_POINT('',(12.456689021868,-19.37038457575,
    25.221605084184));
#5489 = SURFACE_CURVE('',#5490,(#5493,#5499),.PCURVE_S1.);
#5490 = B_SPLINE_CURVE_WITH_KNOTS('',1,(#5491,#5492),.UNSPECIFIED.,.F.,
  .F.,(2,2),(0.,8.876117240666E-03),.PIECEWISE_BEZIER_KNOTS.);
#5491 = CARTESIAN_POINT('',(7.625646309376,-11.92414501607,
    25.221605084184));
#5492 = CARTESIAN_POINT('',(12.456689021868,-19.37038457575,
    25.221605084184));
#5493 = PCURVE('',#5461,#5494);
#5494 = DEFINITIONAL_REPRESENTATION('',(#5495),#5498);
#5495 = B_SPLINE_CURVE_WITH_KNOTS('',1,(#5496,#5497),.UNSPECIFIED.,.F.,
  .F.,(2,2),(0.,8.876117240666E-03),.PIECEWISE_BEZIER_KNOTS.);
#5496 = CARTESIAN_POINT('',(0.,-6.471576552901E-03));
#5497 = CARTESIAN_POINT('',(8.876117240666E-03,-6.471576552901E-03));
#5498 = ( GEOMETRIC_REPRESENTATION_CONTEXT(2) 
PARAMETRIC_REPRESENTATION_CONTEXT() REPRESENTATION_CONTEXT('2D SPACE',''
  ) );
#5499 = PCURVE('',#5500,#5505);
#5500 = B_SPLINE_SURFACE_WITH_KNOTS('',1,1,(
    (#5501,#5502)
    ,(#5503,#5504
    )),.UNSPECIFIED.,.F.,.F.,.F.,(2,2),(2,2),(-4.331809092001E-03,
    5.001200786526E-03),(-2.419216761298E-03,3.442020482927E-03),
  .PIECEWISE_BEZIER_KNOTS.);
#5501 = CARTESIAN_POINT('',(7.116661380455,-21.90283157027,
    25.221605084184));
#5502 = CARTESIAN_POINT('',(12.691029255127,-20.09160965374,
    25.221605084184));
#5503 = CARTESIAN_POINT('',(4.232602719321,-13.02661170865,
    25.221605084184));
#5504 = CARTESIAN_POINT('',(9.806970593993,-11.21538979212,
    25.221605084184));
#5505 = DEFINITIONAL_REPRESENTATION('',(#5506),#5509);
#5506 = B_SPLINE_CURVE_WITH_KNOTS('',1,(#5507,#5508),.UNSPECIFIED.,.F.,
  .F.,(2,2),(0.,8.876117240666E-03),.PIECEWISE_BEZIER_KNOTS.);
#5507 = CARTESIAN_POINT('',(5.001200786526E-03,1.148440398838E-03));
#5508 = CARTESIAN_POINT('',(-3.573468167312E-03,3.442020482927E-03));
#5509 = ( GEOMETRIC_REPRESENTATION_CONTEXT(2) 
PARAMETRIC_REPRESENTATION_CONTEXT() REPRESENTATION_CONTEXT('2D SPACE',''
  ) );
#5510 = ORIENTED_EDGE('',*,*,#5511,.F.);
#5511 = EDGE_CURVE('',#5512,#5487,#5514,.T.);
#5512 = VERTEX_POINT('',#5513);
#5513 = CARTESIAN_POINT('',(12.456689021868,-19.37038457575,
    18.750028531283));
#5514 = SURFACE_CURVE('',#5515,(#5518,#5524),.PCURVE_S1.);
#5515 = B_SPLINE_CURVE_WITH_KNOTS('',1,(#5516,#5517),.UNSPECIFIED.,.F.,
  .F.,(2,2),(0.,6.471576552901E-03),.PIECEWISE_BEZIER_KNOTS.);
#5516 = CARTESIAN_POINT('',(12.456689021868,-19.37038457575,
    18.750028531283));
#5517 = CARTESIAN_POINT('',(12.456689021868,-19.37038457575,
    25.221605084184));
#5518 = PCURVE('',#5461,#5519);
#5519 = DEFINITIONAL_REPRESENTATION('',(#5520),#5523);
#5520 = B_SPLINE_CURVE_WITH_KNOTS('',1,(#5521,#5522),.UNSPECIFIED.,.F.,
  .F.,(2,2),(0.,6.471576552901E-03),.PIECEWISE_BEZIER_KNOTS.);
#5521 = CARTESIAN_POINT('',(8.876117240666E-03,0.));
#5522 = CARTESIAN_POINT('',(8.876117240666E-03,-6.471576552901E-03));
#5523 = ( GEOMETRIC_REPRESENTATION_CONTEXT(2) 
PARAMETRIC_REPRESENTATION_CONTEXT() REPRESENTATION_CONTEXT('2D SPACE',''
  ) );
#5524 = PCURVE('',#5525,#5532);
#5525 = ( BOUNDED_SURFACE() B_SPLINE_SURFACE(2,1,(
    (#5526,#5527)
    ,(#5528,#5529)
    ,(#5530,#5531
)),.UNSPECIFIED.,.F.,.F.,.F.) B_SPLINE_SURFACE_WITH_KNOTS((3,3),(2,2),(
    6.025850072572,6.28318530718),(-6.471576552901E-03,0.),
.PIECEWISE_BEZIER_KNOTS.) GEOMETRIC_REPRESENTATION_ITEM() 
RATIONAL_B_SPLINE_SURFACE((
    (1.,1.)
    ,(0.99173373582,0.99173373582)
,(1.,1.))) REPRESENTATION_ITEM('') SURFACE() );
#5526 = CARTESIAN_POINT('',(12.456689021868,-19.37038457575,
    25.221605084184));
#5527 = CARTESIAN_POINT('',(12.456689021868,-19.37038457575,
    18.750028531283));
#5528 = CARTESIAN_POINT('',(9.950502232515,-20.98206086145,
    25.221605084184));
#5529 = CARTESIAN_POINT('',(9.950502232515,-20.98206086145,
    18.750028531283));
#5530 = CARTESIAN_POINT('',(7.116661380455,-21.90283157027,
    25.221605084184));
#5531 = CARTESIAN_POINT('',(7.116661380455,-21.90283157027,
    18.750028531283));
#5532 = DEFINITIONAL_REPRESENTATION('',(#5533),#5537);
#5533 = B_SPLINE_CURVE_WITH_KNOTS('',2,(#5534,#5535,#5536),
  .UNSPECIFIED.,.F.,.F.,(3,3),(0.,6.471576552901E-03),
  .PIECEWISE_BEZIER_KNOTS.);
#5534 = CARTESIAN_POINT('',(6.025850072572,0.));
#5535 = CARTESIAN_POINT('',(6.025850072572,-3.23578827645E-03));
#5536 = CARTESIAN_POINT('',(6.025850072572,-6.471576552901E-03));
#5537 = ( GEOMETRIC_REPRESENTATION_CONTEXT(2) 
PARAMETRIC_REPRESENTATION_CONTEXT() REPRESENTATION_CONTEXT('2D SPACE',''
  ) );
#5538 = ORIENTED_EDGE('',*,*,#5539,.F.);
#5539 = EDGE_CURVE('',#5452,#5512,#5540,.T.);
#5540 = SURFACE_CURVE('',#5541,(#5544,#5550),.PCURVE_S1.);
#5541 = B_SPLINE_CURVE_WITH_KNOTS('',1,(#5542,#5543),.UNSPECIFIED.,.F.,
  .F.,(2,2),(0.,8.876117240666E-03),.PIECEWISE_BEZIER_KNOTS.);
#5542 = CARTESIAN_POINT('',(7.625646309376,-11.92414501607,
    18.750028531283));
#5543 = CARTESIAN_POINT('',(12.456689021868,-19.37038457575,
    18.750028531283));
#5544 = PCURVE('',#5461,#5545);
#5545 = DEFINITIONAL_REPRESENTATION('',(#5546),#5549);
#5546 = B_SPLINE_CURVE_WITH_KNOTS('',1,(#5547,#5548),.UNSPECIFIED.,.F.,
  .F.,(2,2),(0.,8.876117240666E-03),.PIECEWISE_BEZIER_KNOTS.);
#5547 = CARTESIAN_POINT('',(0.,0.));
#5548 = CARTESIAN_POINT('',(8.876117240666E-03,0.));
#5549 = ( GEOMETRIC_REPRESENTATION_CONTEXT(2) 
PARAMETRIC_REPRESENTATION_CONTEXT() REPRESENTATION_CONTEXT('2D SPACE',''
  ) );
#5550 = PCURVE('',#5551,#5556);
#5551 = B_SPLINE_SURFACE_WITH_KNOTS('',1,1,(
    (#5552,#5553)
    ,(#5554,#5555
    )),.UNSPECIFIED.,.F.,.F.,.F.,(2,2),(2,2),(-4.331809092001E-03,
    5.001200786526E-03),(-2.419216761298E-03,3.442020482927E-03),
  .PIECEWISE_BEZIER_KNOTS.);
#5552 = CARTESIAN_POINT('',(7.116661380455,-21.90283157027,
    18.750028531283));
#5553 = CARTESIAN_POINT('',(12.691029255127,-20.09160965374,
    18.750028531283));
#5554 = CARTESIAN_POINT('',(4.232602719321,-13.02661170865,
    18.750028531283));
#5555 = CARTESIAN_POINT('',(9.806970593993,-11.21538979212,
    18.750028531283));
#5556 = DEFINITIONAL_REPRESENTATION('',(#5557),#5560);
#5557 = B_SPLINE_CURVE_WITH_KNOTS('',1,(#5558,#5559),.UNSPECIFIED.,.F.,
  .F.,(2,2),(0.,8.876117240666E-03),.PIECEWISE_BEZIER_KNOTS.);
#5558 = CARTESIAN_POINT('',(5.001200786526E-03,1.148440398838E-03));
#5559 = CARTESIAN_POINT('',(-3.573468167312E-03,3.442020482927E-03));
#5560 = ( GEOMETRIC_REPRESENTATION_CONTEXT(2) 
PARAMETRIC_REPRESENTATION_CONTEXT() REPRESENTATION_CONTEXT('2D SPACE',''
  ) );
#5561 = ADVANCED_FACE('',(#5562),#5525,.T.);
#5562 = FACE_BOUND('',#5563,.T.);
#5563 = EDGE_LOOP('',(#5564,#5565,#5588,#5614));
#5564 = ORIENTED_EDGE('',*,*,#5511,.T.);
#5565 = ORIENTED_EDGE('',*,*,#5566,.T.);
#5566 = EDGE_CURVE('',#5487,#5567,#5569,.T.);
#5567 = VERTEX_POINT('',#5568);
#5568 = CARTESIAN_POINT('',(7.116661380455,-21.90283157027,
    25.221605084184));
#5569 = SURFACE_CURVE('',#5570,(#5574,#5581),.PCURVE_S1.);
#5570 = ( BOUNDED_CURVE() B_SPLINE_CURVE(2,(#5571,#5572,#5573),
.UNSPECIFIED.,.F.,.F.) B_SPLINE_CURVE_WITH_KNOTS((3,3),(6.025850072572,
6.28318530718),.PIECEWISE_BEZIER_KNOTS.) CURVE() 
GEOMETRIC_REPRESENTATION_ITEM() RATIONAL_B_SPLINE_CURVE((1.,
0.99173373582,1.)) REPRESENTATION_ITEM('') );
#5571 = CARTESIAN_POINT('',(12.456689021868,-19.37038457575,
    25.221605084184));
#5572 = CARTESIAN_POINT('',(9.950502232515,-20.98206086145,
    25.221605084184));
#5573 = CARTESIAN_POINT('',(7.116661380455,-21.90283157027,
    25.221605084184));
#5574 = PCURVE('',#5525,#5575);
#5575 = DEFINITIONAL_REPRESENTATION('',(#5576),#5580);
#5576 = B_SPLINE_CURVE_WITH_KNOTS('',2,(#5577,#5578,#5579),
  .UNSPECIFIED.,.F.,.F.,(3,3),(6.025850072572,6.28318530718),
  .PIECEWISE_BEZIER_KNOTS.);
#5577 = CARTESIAN_POINT('',(6.025850072572,-6.471576552901E-03));
#5578 = CARTESIAN_POINT('',(6.154517689876,-6.471576552901E-03));
#5579 = CARTESIAN_POINT('',(6.28318530718,-6.471576552901E-03));
#5580 = ( GEOMETRIC_REPRESENTATION_CONTEXT(2) 
PARAMETRIC_REPRESENTATION_CONTEXT() REPRESENTATION_CONTEXT('2D SPACE',''
  ) );
#5581 = PCURVE('',#5500,#5582);
#5582 = DEFINITIONAL_REPRESENTATION('',(#5583),#5587);
#5583 = ( BOUNDED_CURVE() B_SPLINE_CURVE(2,(#5584,#5585,#5586),
.UNSPECIFIED.,.F.,.F.) B_SPLINE_CURVE_WITH_KNOTS((3,3),(6.025850072572,
6.28318530718),.PIECEWISE_BEZIER_KNOTS.) CURVE() 
GEOMETRIC_REPRESENTATION_ITEM() RATIONAL_B_SPLINE_CURVE((1.,
0.99173373582,1.)) REPRESENTATION_ITEM('') );
#5584 = CARTESIAN_POINT('',(-3.573468167312E-03,3.442020482927E-03));
#5585 = CARTESIAN_POINT('',(-4.331809092001E-03,5.604598441461E-04));
#5586 = CARTESIAN_POINT('',(-4.331809092001E-03,-2.419216761298E-03));
#5587 = ( GEOMETRIC_REPRESENTATION_CONTEXT(2) 
PARAMETRIC_REPRESENTATION_CONTEXT() REPRESENTATION_CONTEXT('2D SPACE',''
  ) );
#5588 = ORIENTED_EDGE('',*,*,#5589,.F.);
#5589 = EDGE_CURVE('',#5590,#5567,#5592,.T.);
#5590 = VERTEX_POINT('',#5591);
#5591 = CARTESIAN_POINT('',(7.116661380455,-21.90283157027,
    18.750028531283));
#5592 = SURFACE_CURVE('',#5593,(#5596,#5603),.PCURVE_S1.);
#5593 = B_SPLINE_CURVE_WITH_KNOTS('',1,(#5594,#5595),.UNSPECIFIED.,.F.,
  .F.,(2,2),(0.,6.471576552901E-03),.PIECEWISE_BEZIER_KNOTS.);
#5594 = CARTESIAN_POINT('',(7.116661380455,-21.90283157027,
    18.750028531283));
#5595 = CARTESIAN_POINT('',(7.116661380455,-21.90283157027,
    25.221605084184));
#5596 = PCURVE('',#5525,#5597);
#5597 = DEFINITIONAL_REPRESENTATION('',(#5598),#5602);
#5598 = B_SPLINE_CURVE_WITH_KNOTS('',2,(#5599,#5600,#5601),
  .UNSPECIFIED.,.F.,.F.,(3,3),(0.,6.471576552901E-03),
  .PIECEWISE_BEZIER_KNOTS.);
#5599 = CARTESIAN_POINT('',(6.28318530718,0.));
#5600 = CARTESIAN_POINT('',(6.28318530718,-3.23578827645E-03));
#5601 = CARTESIAN_POINT('',(6.28318530718,-6.471576552901E-03));
#5602 = ( GEOMETRIC_REPRESENTATION_CONTEXT(2) 
PARAMETRIC_REPRESENTATION_CONTEXT() REPRESENTATION_CONTEXT('2D SPACE',''
  ) );
#5603 = PCURVE('',#5604,#5609);
#5604 = B_SPLINE_SURFACE_WITH_KNOTS('',1,1,(
    (#5605,#5606)
    ,(#5607,#5608
    )),.UNSPECIFIED.,.F.,.F.,.F.,(2,2),(2,2),(0.,8.876117240666E-03),(
    -6.471576552901E-03,0.),.PIECEWISE_BEZIER_KNOTS.);
#5605 = CARTESIAN_POINT('',(7.116661380455,-21.90283157027,
    25.221605084184));
#5606 = CARTESIAN_POINT('',(7.116661380455,-21.90283157027,
    18.750028531283));
#5607 = CARTESIAN_POINT('',(4.407826975793,-13.4501590084,
    25.221605084184));
#5608 = CARTESIAN_POINT('',(4.407826975793,-13.4501590084,
    18.750028531283));
#5609 = DEFINITIONAL_REPRESENTATION('',(#5610),#5613);
#5610 = B_SPLINE_CURVE_WITH_KNOTS('',1,(#5611,#5612),.UNSPECIFIED.,.F.,
  .F.,(2,2),(0.,6.471576552901E-03),.PIECEWISE_BEZIER_KNOTS.);
#5611 = CARTESIAN_POINT('',(0.,0.));
#5612 = CARTESIAN_POINT('',(0.,-6.471576552901E-03));
#5613 = ( GEOMETRIC_REPRESENTATION_CONTEXT(2) 
PARAMETRIC_REPRESENTATION_CONTEXT() REPRESENTATION_CONTEXT('2D SPACE',''
  ) );
#5614 = ORIENTED_EDGE('',*,*,#5615,.F.);
#5615 = EDGE_CURVE('',#5512,#5590,#5616,.T.);
#5616 = SURFACE_CURVE('',#5617,(#5621,#5628),.PCURVE_S1.);
#5617 = ( BOUNDED_CURVE() B_SPLINE_CURVE(2,(#5618,#5619,#5620),
.UNSPECIFIED.,.F.,.F.) B_SPLINE_CURVE_WITH_KNOTS((3,3),(6.025850072572,
6.28318530718),.PIECEWISE_BEZIER_KNOTS.) CURVE() 
GEOMETRIC_REPRESENTATION_ITEM() RATIONAL_B_SPLINE_CURVE((1.,
0.99173373582,1.)) REPRESENTATION_ITEM('') );
#5618 = CARTESIAN_POINT('',(12.456689021868,-19.37038457575,
    18.750028531283));
#5619 = CARTESIAN_POINT('',(9.950502232515,-20.98206086145,
    18.750028531283));
#5620 = CARTESIAN_POINT('',(7.116661380455,-21.90283157027,
    18.750028531283));
#5621 = PCURVE('',#5525,#5622);
#5622 = DEFINITIONAL_REPRESENTATION('',(#5623),#5627);
#5623 = B_SPLINE_CURVE_WITH_KNOTS('',2,(#5624,#5625,#5626),
  .UNSPECIFIED.,.F.,.F.,(3,3),(6.025850072572,6.28318530718),
  .PIECEWISE_BEZIER_KNOTS.);
#5624 = CARTESIAN_POINT('',(6.025850072572,0.));
#5625 = CARTESIAN_POINT('',(6.154517689876,0.));
#5626 = CARTESIAN_POINT('',(6.28318530718,0.));
#5627 = ( GEOMETRIC_REPRESENTATION_CONTEXT(2) 
PARAMETRIC_REPRESENTATION_CONTEXT() REPRESENTATION_CONTEXT('2D SPACE',''
  ) );
#5628 = PCURVE('',#5551,#5629);
#5629 = DEFINITIONAL_REPRESENTATION('',(#5630),#5634);
#5630 = ( BOUNDED_CURVE() B_SPLINE_CURVE(2,(#5631,#5632,#5633),
.UNSPECIFIED.,.F.,.F.) B_SPLINE_CURVE_WITH_KNOTS((3,3),(6.025850072572,
6.28318530718),.PIECEWISE_BEZIER_KNOTS.) CURVE() 
GEOMETRIC_REPRESENTATION_ITEM() RATIONAL_B_SPLINE_CURVE((1.,
0.99173373582,1.)) REPRESENTATION_ITEM('') );
#5631 = CARTESIAN_POINT('',(-3.573468167312E-03,3.442020482927E-03));
#5632 = CARTESIAN_POINT('',(-4.331809092001E-03,5.604598441461E-04));
#5633 = CARTESIAN_POINT('',(-4.331809092001E-03,-2.419216761298E-03));
#5634 = ( GEOMETRIC_REPRESENTATION_CONTEXT(2) 
PARAMETRIC_REPRESENTATION_CONTEXT() REPRESENTATION_CONTEXT('2D SPACE',''
  ) );
#5635 = ADVANCED_FACE('',(#5636),#5604,.T.);
#5636 = FACE_BOUND('',#5637,.T.);
#5637 = EDGE_LOOP('',(#5638,#5639,#5659,#5680));
#5638 = ORIENTED_EDGE('',*,*,#5589,.T.);
#5639 = ORIENTED_EDGE('',*,*,#5640,.T.);
#5640 = EDGE_CURVE('',#5567,#5641,#5643,.T.);
#5641 = VERTEX_POINT('',#5642);
#5642 = CARTESIAN_POINT('',(4.407826975793,-13.4501590084,
    25.221605084184));
#5643 = SURFACE_CURVE('',#5644,(#5647,#5653),.PCURVE_S1.);
#5644 = B_SPLINE_CURVE_WITH_KNOTS('',1,(#5645,#5646),.UNSPECIFIED.,.F.,
  .F.,(2,2),(0.,8.876117240666E-03),.PIECEWISE_BEZIER_KNOTS.);
#5645 = CARTESIAN_POINT('',(7.116661380455,-21.90283157027,
    25.221605084184));
#5646 = CARTESIAN_POINT('',(4.407826975793,-13.4501590084,
    25.221605084184));
#5647 = PCURVE('',#5604,#5648);
#5648 = DEFINITIONAL_REPRESENTATION('',(#5649),#5652);
#5649 = B_SPLINE_CURVE_WITH_KNOTS('',1,(#5650,#5651),.UNSPECIFIED.,.F.,
  .F.,(2,2),(0.,8.876117240666E-03),.PIECEWISE_BEZIER_KNOTS.);
#5650 = CARTESIAN_POINT('',(0.,-6.471576552901E-03));
#5651 = CARTESIAN_POINT('',(8.876117240666E-03,-6.471576552901E-03));
#5652 = ( GEOMETRIC_REPRESENTATION_CONTEXT(2) 
PARAMETRIC_REPRESENTATION_CONTEXT() REPRESENTATION_CONTEXT('2D SPACE',''
  ) );
#5653 = PCURVE('',#5500,#5654);
#5654 = DEFINITIONAL_REPRESENTATION('',(#5655),#5658);
#5655 = B_SPLINE_CURVE_WITH_KNOTS('',1,(#5656,#5657),.UNSPECIFIED.,.F.,
  .F.,(2,2),(0.,8.876117240666E-03),.PIECEWISE_BEZIER_KNOTS.);
#5656 = CARTESIAN_POINT('',(-4.331809092001E-03,-2.419216761298E-03));
#5657 = CARTESIAN_POINT('',(4.544236094062E-03,-2.383451903911E-03));
#5658 = ( GEOMETRIC_REPRESENTATION_CONTEXT(2) 
PARAMETRIC_REPRESENTATION_CONTEXT() REPRESENTATION_CONTEXT('2D SPACE',''
  ) );
#5659 = ORIENTED_EDGE('',*,*,#5660,.F.);
#5660 = EDGE_CURVE('',#5661,#5641,#5663,.T.);
#5661 = VERTEX_POINT('',#5662);
#5662 = CARTESIAN_POINT('',(4.407826975793,-13.4501590084,
    18.750028531283));
#5663 = SURFACE_CURVE('',#5664,(#5667,#5673),.PCURVE_S1.);
#5664 = B_SPLINE_CURVE_WITH_KNOTS('',1,(#5665,#5666),.UNSPECIFIED.,.F.,
  .F.,(2,2),(0.,6.471576552901E-03),.PIECEWISE_BEZIER_KNOTS.);
#5665 = CARTESIAN_POINT('',(4.407826975793,-13.4501590084,
    18.750028531283));
#5666 = CARTESIAN_POINT('',(4.407826975793,-13.4501590084,
    25.221605084184));
#5667 = PCURVE('',#5604,#5668);
#5668 = DEFINITIONAL_REPRESENTATION('',(#5669),#5672);
#5669 = B_SPLINE_CURVE_WITH_KNOTS('',1,(#5670,#5671),.UNSPECIFIED.,.F.,
  .F.,(2,2),(0.,6.471576552901E-03),.PIECEWISE_BEZIER_KNOTS.);
#5670 = CARTESIAN_POINT('',(8.876117240666E-03,0.));
#5671 = CARTESIAN_POINT('',(8.876117240666E-03,-6.471576552901E-03));
#5672 = ( GEOMETRIC_REPRESENTATION_CONTEXT(2) 
PARAMETRIC_REPRESENTATION_CONTEXT() REPRESENTATION_CONTEXT('2D SPACE',''
  ) );
#5673 = PCURVE('',#5472,#5674);
#5674 = DEFINITIONAL_REPRESENTATION('',(#5675),#5679);
#5675 = B_SPLINE_CURVE_WITH_KNOTS('',2,(#5676,#5677,#5678),
  .UNSPECIFIED.,.F.,.F.,(3,3),(0.,6.471576552901E-03),
  .PIECEWISE_BEZIER_KNOTS.);
#5676 = CARTESIAN_POINT('',(3.144119493737,0.));
#5677 = CARTESIAN_POINT('',(3.144119493737,-3.23578827645E-03));
#5678 = CARTESIAN_POINT('',(3.144119493737,-6.471576552901E-03));
#5679 = ( GEOMETRIC_REPRESENTATION_CONTEXT(2) 
PARAMETRIC_REPRESENTATION_CONTEXT() REPRESENTATION_CONTEXT('2D SPACE',''
  ) );
#5680 = ORIENTED_EDGE('',*,*,#5681,.F.);
#5681 = EDGE_CURVE('',#5590,#5661,#5682,.T.);
#5682 = SURFACE_CURVE('',#5683,(#5686,#5692),.PCURVE_S1.);
#5683 = B_SPLINE_CURVE_WITH_KNOTS('',1,(#5684,#5685),.UNSPECIFIED.,.F.,
  .F.,(2,2),(0.,8.876117240666E-03),.PIECEWISE_BEZIER_KNOTS.);
#5684 = CARTESIAN_POINT('',(7.116661380455,-21.90283157027,
    18.750028531283));
#5685 = CARTESIAN_POINT('',(4.407826975793,-13.4501590084,
    18.750028531283));
#5686 = PCURVE('',#5604,#5687);
#5687 = DEFINITIONAL_REPRESENTATION('',(#5688),#5691);
#5688 = B_SPLINE_CURVE_WITH_KNOTS('',1,(#5689,#5690),.UNSPECIFIED.,.F.,
  .F.,(2,2),(0.,8.876117240666E-03),.PIECEWISE_BEZIER_KNOTS.);
#5689 = CARTESIAN_POINT('',(0.,0.));
#5690 = CARTESIAN_POINT('',(8.876117240666E-03,0.));
#5691 = ( GEOMETRIC_REPRESENTATION_CONTEXT(2) 
PARAMETRIC_REPRESENTATION_CONTEXT() REPRESENTATION_CONTEXT('2D SPACE',''
  ) );
#5692 = PCURVE('',#5551,#5693);
#5693 = DEFINITIONAL_REPRESENTATION('',(#5694),#5697);
#5694 = B_SPLINE_CURVE_WITH_KNOTS('',1,(#5695,#5696),.UNSPECIFIED.,.F.,
  .F.,(2,2),(0.,8.876117240666E-03),.PIECEWISE_BEZIER_KNOTS.);
#5695 = CARTESIAN_POINT('',(-4.331809092001E-03,-2.419216761298E-03));
#5696 = CARTESIAN_POINT('',(4.544236094062E-03,-2.383451903911E-03));
#5697 = ( GEOMETRIC_REPRESENTATION_CONTEXT(2) 
PARAMETRIC_REPRESENTATION_CONTEXT() REPRESENTATION_CONTEXT('2D SPACE',''
  ) );
#5698 = ADVANCED_FACE('',(#5699),#5472,.T.);
#5699 = FACE_BOUND('',#5700,.T.);
#5700 = EDGE_LOOP('',(#5701,#5702,#5723,#5724));
#5701 = ORIENTED_EDGE('',*,*,#5660,.T.);
#5702 = ORIENTED_EDGE('',*,*,#5703,.T.);
#5703 = EDGE_CURVE('',#5641,#5454,#5704,.T.);
#5704 = SURFACE_CURVE('',#5705,(#5709,#5716),.PCURVE_S1.);
#5705 = ( BOUNDED_CURVE() B_SPLINE_CURVE(2,(#5706,#5707,#5708),
.UNSPECIFIED.,.F.,.F.) B_SPLINE_CURVE_WITH_KNOTS((3,3),(3.144119493737,
3.39640104805),.PIECEWISE_BEZIER_KNOTS.) CURVE() 
GEOMETRIC_REPRESENTATION_ITEM() RATIONAL_B_SPLINE_CURVE((1.,
0.992054795563,1.)) REPRESENTATION_ITEM('') );
#5706 = CARTESIAN_POINT('',(4.407826975794,-13.4501590084,
    25.221605084184));
#5707 = CARTESIAN_POINT('',(6.113496682251,-12.89118443128,
    25.221605084184));
#5708 = CARTESIAN_POINT('',(7.625646309376,-11.92414501607,
    25.221605084184));
#5709 = PCURVE('',#5472,#5710);
#5710 = DEFINITIONAL_REPRESENTATION('',(#5711),#5715);
#5711 = B_SPLINE_CURVE_WITH_KNOTS('',2,(#5712,#5713,#5714),
  .UNSPECIFIED.,.F.,.F.,(3,3),(3.144119493737,3.39640104805),
  .PIECEWISE_BEZIER_KNOTS.);
#5712 = CARTESIAN_POINT('',(3.144119493737,-6.471576552901E-03));
#5713 = CARTESIAN_POINT('',(3.270260270894,-6.471576552901E-03));
#5714 = CARTESIAN_POINT('',(3.39640104805,-6.471576552901E-03));
#5715 = ( GEOMETRIC_REPRESENTATION_CONTEXT(2) 
PARAMETRIC_REPRESENTATION_CONTEXT() REPRESENTATION_CONTEXT('2D SPACE',''
  ) );
#5716 = PCURVE('',#5500,#5717);
#5717 = DEFINITIONAL_REPRESENTATION('',(#5718),#5722);
#5718 = ( BOUNDED_CURVE() B_SPLINE_CURVE(2,(#5719,#5720,#5721),
.UNSPECIFIED.,.F.,.F.) B_SPLINE_CURVE_WITH_KNOTS((3,3),(3.144119493737,
3.39640104805),.PIECEWISE_BEZIER_KNOTS.) CURVE() 
GEOMETRIC_REPRESENTATION_ITEM() RATIONAL_B_SPLINE_CURVE((1.,
0.992054795563,1.)) REPRESENTATION_ITEM('') );
#5719 = CARTESIAN_POINT('',(4.544236094062E-03,-2.383451903911E-03));
#5720 = CARTESIAN_POINT('',(4.548771581989E-03,-5.885309711837E-04));
#5721 = CARTESIAN_POINT('',(5.001200786526E-03,1.148440398838E-03));
#5722 = ( GEOMETRIC_REPRESENTATION_CONTEXT(2) 
PARAMETRIC_REPRESENTATION_CONTEXT() REPRESENTATION_CONTEXT('2D SPACE',''
  ) );
#5723 = ORIENTED_EDGE('',*,*,#5451,.F.);
#5724 = ORIENTED_EDGE('',*,*,#5725,.F.);
#5725 = EDGE_CURVE('',#5661,#5452,#5726,.T.);
#5726 = SURFACE_CURVE('',#5727,(#5731,#5738),.PCURVE_S1.);
#5727 = ( BOUNDED_CURVE() B_SPLINE_CURVE(2,(#5728,#5729,#5730),
.UNSPECIFIED.,.F.,.F.) B_SPLINE_CURVE_WITH_KNOTS((3,3),(3.144119493737,
3.39640104805),.PIECEWISE_BEZIER_KNOTS.) CURVE() 
GEOMETRIC_REPRESENTATION_ITEM() RATIONAL_B_SPLINE_CURVE((1.,
0.992054795563,1.)) REPRESENTATION_ITEM('') );
#5728 = CARTESIAN_POINT('',(4.407826975794,-13.4501590084,
    18.750028531283));
#5729 = CARTESIAN_POINT('',(6.113496682251,-12.89118443128,
    18.750028531283));
#5730 = CARTESIAN_POINT('',(7.625646309376,-11.92414501607,
    18.750028531283));
#5731 = PCURVE('',#5472,#5732);
#5732 = DEFINITIONAL_REPRESENTATION('',(#5733),#5737);
#5733 = B_SPLINE_CURVE_WITH_KNOTS('',2,(#5734,#5735,#5736),
  .UNSPECIFIED.,.F.,.F.,(3,3),(3.144119493737,3.39640104805),
  .PIECEWISE_BEZIER_KNOTS.);
#5734 = CARTESIAN_POINT('',(3.144119493737,0.));
#5735 = CARTESIAN_POINT('',(3.270260270894,0.));
#5736 = CARTESIAN_POINT('',(3.39640104805,0.));
#5737 = ( GEOMETRIC_REPRESENTATION_CONTEXT(2) 
PARAMETRIC_REPRESENTATION_CONTEXT() REPRESENTATION_CONTEXT('2D SPACE',''
  ) );
#5738 = PCURVE('',#5551,#5739);
#5739 = DEFINITIONAL_REPRESENTATION('',(#5740),#5744);
#5740 = ( BOUNDED_CURVE() B_SPLINE_CURVE(2,(#5741,#5742,#5743),
.UNSPECIFIED.,.F.,.F.) B_SPLINE_CURVE_WITH_KNOTS((3,3),(3.144119493737,
3.39640104805),.PIECEWISE_BEZIER_KNOTS.) CURVE() 
GEOMETRIC_REPRESENTATION_ITEM() RATIONAL_B_SPLINE_CURVE((1.,
0.992054795563,1.)) REPRESENTATION_ITEM('') );
#5741 = CARTESIAN_POINT('',(4.544236094062E-03,-2.383451903911E-03));
#5742 = CARTESIAN_POINT('',(4.548771581989E-03,-5.885309711837E-04));
#5743 = CARTESIAN_POINT('',(5.001200786526E-03,1.148440398838E-03));
#5744 = ( GEOMETRIC_REPRESENTATION_CONTEXT(2) 
PARAMETRIC_REPRESENTATION_CONTEXT() REPRESENTATION_CONTEXT('2D SPACE',''
  ) );
#5745 = ADVANCED_FACE('',(#5746),#5551,.T.);
#5746 = FACE_BOUND('',#5747,.T.);
#5747 = EDGE_LOOP('',(#5748,#5749,#5750,#5751));
#5748 = ORIENTED_EDGE('',*,*,#5539,.T.);
#5749 = ORIENTED_EDGE('',*,*,#5615,.T.);
#5750 = ORIENTED_EDGE('',*,*,#5681,.T.);
#5751 = ORIENTED_EDGE('',*,*,#5725,.T.);
#5752 = ADVANCED_FACE('',(#5753),#5500,.F.);
#5753 = FACE_BOUND('',#5754,.F.);
#5754 = EDGE_LOOP('',(#5755,#5756,#5757,#5758));
#5755 = ORIENTED_EDGE('',*,*,#5486,.T.);
#5756 = ORIENTED_EDGE('',*,*,#5566,.T.);
#5757 = ORIENTED_EDGE('',*,*,#5640,.T.);
#5758 = ORIENTED_EDGE('',*,*,#5703,.T.);
#5759 = ( GEOMETRIC_REPRESENTATION_CONTEXT(3) 
GLOBAL_UNCERTAINTY_ASSIGNED_CONTEXT((#5763)) 
GLOBAL_UNIT_ASSIGNED_CONTEXT((#5760,#5761,#5762)) REPRESENTATION_CONTEXT
('Context #1','3D Context with UNIT and UNCERTAINTY') );
#5760 = ( LENGTH_UNIT() NAMED_UNIT(*) SI_UNIT(.MILLI.,.METRE.) );
#5761 = ( NAMED_UNIT(*) PLANE_ANGLE_UNIT() SI_UNIT($,.RADIAN.) );
#5762 = ( NAMED_UNIT(*) SI_UNIT($,.STERADIAN.) SOLID_ANGLE_UNIT() );
#5763 = UNCERTAINTY_MEASURE_WITH_UNIT(LENGTH_MEASURE(1.E-04),#5760,
  'distance_accuracy_value','confusion accuracy');
#5764 = CONTEXT_DEPENDENT_SHAPE_REPRESENTATION(#5765,#5767);
#5765 = ( REPRESENTATION_RELATIONSHIP('','',#5444,#10) 
REPRESENTATION_RELATIONSHIP_WITH_TRANSFORMATION(#5766) 
SHAPE_REPRESENTATION_RELATIONSHIP() );
#5766 = ITEM_DEFINED_TRANSFORMATION('','',#11,#79);
#5767 = PRODUCT_DEFINITION_SHAPE('Placement','Placement of an item',
  #5768);
#5768 = NEXT_ASSEMBLY_USAGE_OCCURRENCE('6001','','',#5,#5439,$);
#5769 = PRODUCT_RELATED_PRODUCT_CATEGORY('part',$,(#5441));
#5770 = SHAPE_DEFINITION_REPRESENTATION(#5771,#5777);
#5771 = PRODUCT_DEFINITION_SHAPE('','',#5772);
#5772 = PRODUCT_DEFINITION('design','',#5773,#5776);
#5773 = PRODUCT_DEFINITION_FORMATION('','',#5774);
#5774 = PRODUCT('Open CASCADE STEP translator 7.8 154.18',
  'Open CASCADE STEP translator 7.8 154.18','',(#5775));
#5775 = PRODUCT_CONTEXT('',#2,'mechanical');
#5776 = PRODUCT_DEFINITION_CONTEXT('part definition',#2,'design');
#5777 = ADVANCED_BREP_SHAPE_REPRESENTATION('',(#11,#5778),#6092);
#5778 = MANIFOLD_SOLID_BREP('',#5779);
#5779 = CLOSED_SHELL('',(#5780,#5894,#5968,#6031,#6078,#6085));
#5780 = ADVANCED_FACE('',(#5781),#5794,.T.);
#5781 = FACE_BOUND('',#5782,.T.);
#5782 = EDGE_LOOP('',(#5783,#5818,#5843,#5871));
#5783 = ORIENTED_EDGE('',*,*,#5784,.T.);
#5784 = EDGE_CURVE('',#5785,#5787,#5789,.T.);
#5785 = VERTEX_POINT('',#5786);
#5786 = CARTESIAN_POINT('',(10.937184066851,-8.984081516094,
    18.750028531283));
#5787 = VERTEX_POINT('',#5788);
#5788 = CARTESIAN_POINT('',(10.937184066851,-8.984081516094,
    25.221605084184));
#5789 = SURFACE_CURVE('',#5790,(#5793,#5804),.PCURVE_S1.);
#5790 = B_SPLINE_CURVE_WITH_KNOTS('',1,(#5791,#5792),.UNSPECIFIED.,.F.,
  .F.,(2,2),(0.,6.471576552901E-03),.PIECEWISE_BEZIER_KNOTS.);
#5791 = CARTESIAN_POINT('',(10.937184066851,-8.984081516094,
    18.750028531283));
#5792 = CARTESIAN_POINT('',(10.937184066851,-8.984081516094,
    25.221605084184));
#5793 = PCURVE('',#5794,#5799);
#5794 = B_SPLINE_SURFACE_WITH_KNOTS('',1,1,(
    (#5795,#5796)
    ,(#5797,#5798
    )),.UNSPECIFIED.,.F.,.F.,.F.,(2,2),(2,2),(0.,8.876117240666E-03),(
    -6.471576552901E-03,0.),.PIECEWISE_BEZIER_KNOTS.);
#5795 = CARTESIAN_POINT('',(10.937184066851,-8.984081516094,
    25.221605084184));
#5796 = CARTESIAN_POINT('',(10.937184066851,-8.984081516094,
    18.750028531283));
#5797 = CARTESIAN_POINT('',(17.832793287195,-14.5730018725,
    25.221605084184));
#5798 = CARTESIAN_POINT('',(17.832793287195,-14.5730018725,
    18.750028531283));
#5799 = DEFINITIONAL_REPRESENTATION('',(#5800),#5803);
#5800 = B_SPLINE_CURVE_WITH_KNOTS('',1,(#5801,#5802),.UNSPECIFIED.,.F.,
  .F.,(2,2),(0.,6.471576552901E-03),.PIECEWISE_BEZIER_KNOTS.);
#5801 = CARTESIAN_POINT('',(0.,0.));
#5802 = CARTESIAN_POINT('',(0.,-6.471576552901E-03));
#5803 = ( GEOMETRIC_REPRESENTATION_CONTEXT(2) 
PARAMETRIC_REPRESENTATION_CONTEXT() REPRESENTATION_CONTEXT('2D SPACE',''
  ) );
#5804 = PCURVE('',#5805,#5812);
#5805 = ( BOUNDED_SURFACE() B_SPLINE_SURFACE(2,1,(
    (#5806,#5807)
    ,(#5808,#5809)
    ,(#5810,#5811
)),.UNSPECIFIED.,.F.,.F.,.F.) B_SPLINE_SURFACE_WITH_KNOTS((3,3),(2,2),(
    3.144119493737,3.39640104805),(-6.471576552901E-03,0.),
.PIECEWISE_BEZIER_KNOTS.) GEOMETRIC_REPRESENTATION_ITEM() 
RATIONAL_B_SPLINE_SURFACE((
    (1.,1.)
    ,(0.992054795563,0.992054795563)
,(1.,1.))) REPRESENTATION_ITEM('') SURFACE() );
#5806 = CARTESIAN_POINT('',(8.348420278673,-11.42976792636,
    25.221605084184));
#5807 = CARTESIAN_POINT('',(8.348420278673,-11.42976792636,
    18.750028531283));
#5808 = CARTESIAN_POINT('',(9.797875923894,-10.37107058626,
    25.221605084184));
#5809 = CARTESIAN_POINT('',(9.797875923894,-10.37107058626,
    18.750028531283));
#5810 = CARTESIAN_POINT('',(10.937184066851,-8.984081516094,
    25.221605084184));
#5811 = CARTESIAN_POINT('',(10.937184066851,-8.984081516094,
    18.750028531283));
#5812 = DEFINITIONAL_REPRESENTATION('',(#5813),#5817);
#5813 = B_SPLINE_CURVE_WITH_KNOTS('',2,(#5814,#5815,#5816),
  .UNSPECIFIED.,.F.,.F.,(3,3),(0.,6.471576552901E-03),
  .PIECEWISE_BEZIER_KNOTS.);
#5814 = CARTESIAN_POINT('',(3.39640104805,0.));
#5815 = CARTESIAN_POINT('',(3.39640104805,-3.23578827645E-03));
#5816 = CARTESIAN_POINT('',(3.39640104805,-6.471576552901E-03));
#5817 = ( GEOMETRIC_REPRESENTATION_CONTEXT(2) 
PARAMETRIC_REPRESENTATION_CONTEXT() REPRESENTATION_CONTEXT('2D SPACE',''
  ) );
#5818 = ORIENTED_EDGE('',*,*,#5819,.T.);
#5819 = EDGE_CURVE('',#5787,#5820,#5822,.T.);
#5820 = VERTEX_POINT('',#5821);
#5821 = CARTESIAN_POINT('',(17.832793287195,-14.5730018725,
    25.221605084184));
#5822 = SURFACE_CURVE('',#5823,(#5826,#5832),.PCURVE_S1.);
#5823 = B_SPLINE_CURVE_WITH_KNOTS('',1,(#5824,#5825),.UNSPECIFIED.,.F.,
  .F.,(2,2),(0.,8.876117240666E-03),.PIECEWISE_BEZIER_KNOTS.);
#5824 = CARTESIAN_POINT('',(10.937184066851,-8.984081516094,
    25.221605084184));
#5825 = CARTESIAN_POINT('',(17.832793287195,-14.5730018725,
    25.221605084184));
#5826 = PCURVE('',#5794,#5827);
#5827 = DEFINITIONAL_REPRESENTATION('',(#5828),#5831);
#5828 = B_SPLINE_CURVE_WITH_KNOTS('',1,(#5829,#5830),.UNSPECIFIED.,.F.,
  .F.,(2,2),(0.,8.876117240666E-03),.PIECEWISE_BEZIER_KNOTS.);
#5829 = CARTESIAN_POINT('',(0.,-6.471576552901E-03));
#5830 = CARTESIAN_POINT('',(8.876117240666E-03,-6.471576552901E-03));
#5831 = ( GEOMETRIC_REPRESENTATION_CONTEXT(2) 
PARAMETRIC_REPRESENTATION_CONTEXT() REPRESENTATION_CONTEXT('2D SPACE',''
  ) );
#5832 = PCURVE('',#5833,#5838);
#5833 = B_SPLINE_SURFACE_WITH_KNOTS('',1,1,(
    (#5834,#5835)
    ,(#5836,#5837
    )),.UNSPECIFIED.,.F.,.F.,.F.,(2,2),(2,2),(-4.331809092001E-03,
    5.001200786526E-03),(-2.419216761298E-03,3.442020482927E-03),
  .PIECEWISE_BEZIER_KNOTS.);
#5834 = CARTESIAN_POINT('',(13.536694360296,-18.63166138045,
    25.221605084184));
#5835 = CARTESIAN_POINT('',(18.278534898937,-15.18651256811,
    25.221605084184));
#5836 = CARTESIAN_POINT('',(8.050888794197,-11.08109778005,
    25.221605084184));
#5837 = CARTESIAN_POINT('',(12.792729332839,-7.635948967715,
    25.221605084184));
#5838 = DEFINITIONAL_REPRESENTATION('',(#5839),#5842);
#5839 = B_SPLINE_CURVE_WITH_KNOTS('',1,(#5840,#5841),.UNSPECIFIED.,.F.,
  .F.,(2,2),(0.,8.876117240666E-03),.PIECEWISE_BEZIER_KNOTS.);
#5840 = CARTESIAN_POINT('',(5.001200786526E-03,1.148440398838E-03));
#5841 = CARTESIAN_POINT('',(-3.573468167312E-03,3.442020482927E-03));
#5842 = ( GEOMETRIC_REPRESENTATION_CONTEXT(2) 
PARAMETRIC_REPRESENTATION_CONTEXT() REPRESENTATION_CONTEXT('2D SPACE',''
  ) );
#5843 = ORIENTED_EDGE('',*,*,#5844,.F.);
#5844 = EDGE_CURVE('',#5845,#5820,#5847,.T.);
#5845 = VERTEX_POINT('',#5846);
#5846 = CARTESIAN_POINT('',(17.832793287195,-14.5730018725,
    18.750028531283));
#5847 = SURFACE_CURVE('',#5848,(#5851,#5857),.PCURVE_S1.);
#5848 = B_SPLINE_CURVE_WITH_KNOTS('',1,(#5849,#5850),.UNSPECIFIED.,.F.,
  .F.,(2,2),(0.,6.471576552901E-03),.PIECEWISE_BEZIER_KNOTS.);
#5849 = CARTESIAN_POINT('',(17.832793287195,-14.5730018725,
    18.750028531283));
#5850 = CARTESIAN_POINT('',(17.832793287195,-14.5730018725,
    25.221605084184));
#5851 = PCURVE('',#5794,#5852);
#5852 = DEFINITIONAL_REPRESENTATION('',(#5853),#5856);
#5853 = B_SPLINE_CURVE_WITH_KNOTS('',1,(#5854,#5855),.UNSPECIFIED.,.F.,
  .F.,(2,2),(0.,6.471576552901E-03),.PIECEWISE_BEZIER_KNOTS.);
#5854 = CARTESIAN_POINT('',(8.876117240666E-03,0.));
#5855 = CARTESIAN_POINT('',(8.876117240666E-03,-6.471576552901E-03));
#5856 = ( GEOMETRIC_REPRESENTATION_CONTEXT(2) 
PARAMETRIC_REPRESENTATION_CONTEXT() REPRESENTATION_CONTEXT('2D SPACE',''
  ) );
#5857 = PCURVE('',#5858,#5865);
#5858 = ( BOUNDED_SURFACE() B_SPLINE_SURFACE(2,1,(
    (#5859,#5860)
    ,(#5861,#5862)
    ,(#5863,#5864
)),.UNSPECIFIED.,.F.,.F.,.F.) B_SPLINE_SURFACE_WITH_KNOTS((3,3),(2,2),(
    6.025850072572,6.28318530718),(-6.471576552901E-03,0.),
.PIECEWISE_BEZIER_KNOTS.) GEOMETRIC_REPRESENTATION_ITEM() 
RATIONAL_B_SPLINE_SURFACE((
    (1.,1.)
    ,(0.99173373582,0.99173373582)
,(1.,1.))) REPRESENTATION_ITEM('') SURFACE() );
#5859 = CARTESIAN_POINT('',(17.832793287195,-14.5730018725,
    25.221605084184));
#5860 = CARTESIAN_POINT('',(17.832793287195,-14.5730018725,
    18.750028531283));
#5861 = CARTESIAN_POINT('',(15.947303371841,-16.88025141517,
    25.221605084184));
#5862 = CARTESIAN_POINT('',(15.947303371841,-16.88025141517,
    18.750028531283));
#5863 = CARTESIAN_POINT('',(13.536694360296,-18.63166138045,
    25.221605084184));
#5864 = CARTESIAN_POINT('',(13.536694360296,-18.63166138045,
    18.750028531283));
#5865 = DEFINITIONAL_REPRESENTATION('',(#5866),#5870);
#5866 = B_SPLINE_CURVE_WITH_KNOTS('',2,(#5867,#5868,#5869),
  .UNSPECIFIED.,.F.,.F.,(3,3),(0.,6.471576552901E-03),
  .PIECEWISE_BEZIER_KNOTS.);
#5867 = CARTESIAN_POINT('',(6.025850072572,0.));
#5868 = CARTESIAN_POINT('',(6.025850072572,-3.23578827645E-03));
#5869 = CARTESIAN_POINT('',(6.025850072572,-6.471576552901E-03));
#5870 = ( GEOMETRIC_REPRESENTATION_CONTEXT(2) 
PARAMETRIC_REPRESENTATION_CONTEXT() REPRESENTATION_CONTEXT('2D SPACE',''
  ) );
#5871 = ORIENTED_EDGE('',*,*,#5872,.F.);
#5872 = EDGE_CURVE('',#5785,#5845,#5873,.T.);
#5873 = SURFACE_CURVE('',#5874,(#5877,#5883),.PCURVE_S1.);
#5874 = B_SPLINE_CURVE_WITH_KNOTS('',1,(#5875,#5876),.UNSPECIFIED.,.F.,
  .F.,(2,2),(0.,8.876117240666E-03),.PIECEWISE_BEZIER_KNOTS.);
#5875 = CARTESIAN_POINT('',(10.937184066851,-8.984081516094,
    18.750028531283));
#5876 = CARTESIAN_POINT('',(17.832793287195,-14.5730018725,
    18.750028531283));
#5877 = PCURVE('',#5794,#5878);
#5878 = DEFINITIONAL_REPRESENTATION('',(#5879),#5882);
#5879 = B_SPLINE_CURVE_WITH_KNOTS('',1,(#5880,#5881),.UNSPECIFIED.,.F.,
  .F.,(2,2),(0.,8.876117240666E-03),.PIECEWISE_BEZIER_KNOTS.);
#5880 = CARTESIAN_POINT('',(0.,0.));
#5881 = CARTESIAN_POINT('',(8.876117240666E-03,0.));
#5882 = ( GEOMETRIC_REPRESENTATION_CONTEXT(2) 
PARAMETRIC_REPRESENTATION_CONTEXT() REPRESENTATION_CONTEXT('2D SPACE',''
  ) );
#5883 = PCURVE('',#5884,#5889);
#5884 = B_SPLINE_SURFACE_WITH_KNOTS('',1,1,(
    (#5885,#5886)
    ,(#5887,#5888
    )),.UNSPECIFIED.,.F.,.F.,.F.,(2,2),(2,2),(-4.331809092001E-03,
    5.001200786526E-03),(-2.419216761298E-03,3.442020482927E-03),
  .PIECEWISE_BEZIER_KNOTS.);
#5885 = CARTESIAN_POINT('',(13.536694360296,-18.63166138045,
    18.750028531283));
#5886 = CARTESIAN_POINT('',(18.278534898937,-15.18651256811,
    18.750028531283));
#5887 = CARTESIAN_POINT('',(8.050888794197,-11.08109778005,
    18.750028531283));
#5888 = CARTESIAN_POINT('',(12.792729332839,-7.635948967715,
    18.750028531283));
#5889 = DEFINITIONAL_REPRESENTATION('',(#5890),#5893);
#5890 = B_SPLINE_CURVE_WITH_KNOTS('',1,(#5891,#5892),.UNSPECIFIED.,.F.,
  .F.,(2,2),(0.,8.876117240666E-03),.PIECEWISE_BEZIER_KNOTS.);
#5891 = CARTESIAN_POINT('',(5.001200786526E-03,1.148440398838E-03));
#5892 = CARTESIAN_POINT('',(-3.573468167312E-03,3.442020482927E-03));
#5893 = ( GEOMETRIC_REPRESENTATION_CONTEXT(2) 
PARAMETRIC_REPRESENTATION_CONTEXT() REPRESENTATION_CONTEXT('2D SPACE',''
  ) );
#5894 = ADVANCED_FACE('',(#5895),#5858,.T.);
#5895 = FACE_BOUND('',#5896,.T.);
#5896 = EDGE_LOOP('',(#5897,#5898,#5921,#5947));
#5897 = ORIENTED_EDGE('',*,*,#5844,.T.);
#5898 = ORIENTED_EDGE('',*,*,#5899,.T.);
#5899 = EDGE_CURVE('',#5820,#5900,#5902,.T.);
#5900 = VERTEX_POINT('',#5901);
#5901 = CARTESIAN_POINT('',(13.536694360296,-18.63166138045,
    25.221605084184));
#5902 = SURFACE_CURVE('',#5903,(#5907,#5914),.PCURVE_S1.);
#5903 = ( BOUNDED_CURVE() B_SPLINE_CURVE(2,(#5904,#5905,#5906),
.UNSPECIFIED.,.F.,.F.) B_SPLINE_CURVE_WITH_KNOTS((3,3),(6.025850072572,
6.28318530718),.PIECEWISE_BEZIER_KNOTS.) CURVE() 
GEOMETRIC_REPRESENTATION_ITEM() RATIONAL_B_SPLINE_CURVE((1.,
0.99173373582,1.)) REPRESENTATION_ITEM('') );
#5904 = CARTESIAN_POINT('',(17.832793287195,-14.5730018725,
    25.221605084184));
#5905 = CARTESIAN_POINT('',(15.947303371841,-16.88025141517,
    25.221605084184));
#5906 = CARTESIAN_POINT('',(13.536694360296,-18.63166138045,
    25.221605084184));
#5907 = PCURVE('',#5858,#5908);
#5908 = DEFINITIONAL_REPRESENTATION('',(#5909),#5913);
#5909 = B_SPLINE_CURVE_WITH_KNOTS('',2,(#5910,#5911,#5912),
  .UNSPECIFIED.,.F.,.F.,(3,3),(6.025850072572,6.28318530718),
  .PIECEWISE_BEZIER_KNOTS.);
#5910 = CARTESIAN_POINT('',(6.025850072572,-6.471576552901E-03));
#5911 = CARTESIAN_POINT('',(6.154517689876,-6.471576552901E-03));
#5912 = CARTESIAN_POINT('',(6.28318530718,-6.471576552901E-03));
#5913 = ( GEOMETRIC_REPRESENTATION_CONTEXT(2) 
PARAMETRIC_REPRESENTATION_CONTEXT() REPRESENTATION_CONTEXT('2D SPACE',''
  ) );
#5914 = PCURVE('',#5833,#5915);
#5915 = DEFINITIONAL_REPRESENTATION('',(#5916),#5920);
#5916 = ( BOUNDED_CURVE() B_SPLINE_CURVE(2,(#5917,#5918,#5919),
.UNSPECIFIED.,.F.,.F.) B_SPLINE_CURVE_WITH_KNOTS((3,3),(6.025850072572,
6.28318530718),.PIECEWISE_BEZIER_KNOTS.) CURVE() 
GEOMETRIC_REPRESENTATION_ITEM() RATIONAL_B_SPLINE_CURVE((1.,
0.99173373582,1.)) REPRESENTATION_ITEM('') );
#5917 = CARTESIAN_POINT('',(-3.573468167312E-03,3.442020482927E-03));
#5918 = CARTESIAN_POINT('',(-4.331809092001E-03,5.604598441461E-04));
#5919 = CARTESIAN_POINT('',(-4.331809092001E-03,-2.419216761298E-03));
#5920 = ( GEOMETRIC_REPRESENTATION_CONTEXT(2) 
PARAMETRIC_REPRESENTATION_CONTEXT() REPRESENTATION_CONTEXT('2D SPACE',''
  ) );
#5921 = ORIENTED_EDGE('',*,*,#5922,.F.);
#5922 = EDGE_CURVE('',#5923,#5900,#5925,.T.);
#5923 = VERTEX_POINT('',#5924);
#5924 = CARTESIAN_POINT('',(13.536694360296,-18.63166138045,
    18.750028531283));
#5925 = SURFACE_CURVE('',#5926,(#5929,#5936),.PCURVE_S1.);
#5926 = B_SPLINE_CURVE_WITH_KNOTS('',1,(#5927,#5928),.UNSPECIFIED.,.F.,
  .F.,(2,2),(0.,6.471576552901E-03),.PIECEWISE_BEZIER_KNOTS.);
#5927 = CARTESIAN_POINT('',(13.536694360296,-18.63166138045,
    18.750028531283));
#5928 = CARTESIAN_POINT('',(13.536694360296,-18.63166138045,
    25.221605084184));
#5929 = PCURVE('',#5858,#5930);
#5930 = DEFINITIONAL_REPRESENTATION('',(#5931),#5935);
#5931 = B_SPLINE_CURVE_WITH_KNOTS('',2,(#5932,#5933,#5934),
  .UNSPECIFIED.,.F.,.F.,(3,3),(0.,6.471576552901E-03),
  .PIECEWISE_BEZIER_KNOTS.);
#5932 = CARTESIAN_POINT('',(6.28318530718,0.));
#5933 = CARTESIAN_POINT('',(6.28318530718,-3.23578827645E-03));
#5934 = CARTESIAN_POINT('',(6.28318530718,-6.471576552901E-03));
#5935 = ( GEOMETRIC_REPRESENTATION_CONTEXT(2) 
PARAMETRIC_REPRESENTATION_CONTEXT() REPRESENTATION_CONTEXT('2D SPACE',''
  ) );
#5936 = PCURVE('',#5937,#5942);
#5937 = B_SPLINE_SURFACE_WITH_KNOTS('',1,1,(
    (#5938,#5939)
    ,(#5940,#5941
    )),.UNSPECIFIED.,.F.,.F.,.F.,(2,2),(2,2),(0.,8.876117240666E-03),(
    -6.471576552901E-03,0.),.PIECEWISE_BEZIER_KNOTS.);
#5938 = CARTESIAN_POINT('',(13.536694360296,-18.63166138045,
    25.221605084184));
#5939 = CARTESIAN_POINT('',(13.536694360296,-18.63166138045,
    18.750028531283));
#5940 = CARTESIAN_POINT('',(8.348420278673,-11.42976792636,
    25.221605084184));
#5941 = CARTESIAN_POINT('',(8.348420278673,-11.42976792636,
    18.750028531283));
#5942 = DEFINITIONAL_REPRESENTATION('',(#5943),#5946);
#5943 = B_SPLINE_CURVE_WITH_KNOTS('',1,(#5944,#5945),.UNSPECIFIED.,.F.,
  .F.,(2,2),(0.,6.471576552901E-03),.PIECEWISE_BEZIER_KNOTS.);
#5944 = CARTESIAN_POINT('',(0.,0.));
#5945 = CARTESIAN_POINT('',(0.,-6.471576552901E-03));
#5946 = ( GEOMETRIC_REPRESENTATION_CONTEXT(2) 
PARAMETRIC_REPRESENTATION_CONTEXT() REPRESENTATION_CONTEXT('2D SPACE',''
  ) );
#5947 = ORIENTED_EDGE('',*,*,#5948,.F.);
#5948 = EDGE_CURVE('',#5845,#5923,#5949,.T.);
#5949 = SURFACE_CURVE('',#5950,(#5954,#5961),.PCURVE_S1.);
#5950 = ( BOUNDED_CURVE() B_SPLINE_CURVE(2,(#5951,#5952,#5953),
.UNSPECIFIED.,.F.,.F.) B_SPLINE_CURVE_WITH_KNOTS((3,3),(6.025850072572,
6.28318530718),.PIECEWISE_BEZIER_KNOTS.) CURVE() 
GEOMETRIC_REPRESENTATION_ITEM() RATIONAL_B_SPLINE_CURVE((1.,
0.99173373582,1.)) REPRESENTATION_ITEM('') );
#5951 = CARTESIAN_POINT('',(17.832793287195,-14.5730018725,
    18.750028531283));
#5952 = CARTESIAN_POINT('',(15.947303371841,-16.88025141517,
    18.750028531283));
#5953 = CARTESIAN_POINT('',(13.536694360296,-18.63166138045,
    18.750028531283));
#5954 = PCURVE('',#5858,#5955);
#5955 = DEFINITIONAL_REPRESENTATION('',(#5956),#5960);
#5956 = B_SPLINE_CURVE_WITH_KNOTS('',2,(#5957,#5958,#5959),
  .UNSPECIFIED.,.F.,.F.,(3,3),(6.025850072572,6.28318530718),
  .PIECEWISE_BEZIER_KNOTS.);
#5957 = CARTESIAN_POINT('',(6.025850072572,0.));
#5958 = CARTESIAN_POINT('',(6.154517689876,0.));
#5959 = CARTESIAN_POINT('',(6.28318530718,0.));
#5960 = ( GEOMETRIC_REPRESENTATION_CONTEXT(2) 
PARAMETRIC_REPRESENTATION_CONTEXT() REPRESENTATION_CONTEXT('2D SPACE',''
  ) );
#5961 = PCURVE('',#5884,#5962);
#5962 = DEFINITIONAL_REPRESENTATION('',(#5963),#5967);
#5963 = ( BOUNDED_CURVE() B_SPLINE_CURVE(2,(#5964,#5965,#5966),
.UNSPECIFIED.,.F.,.F.) B_SPLINE_CURVE_WITH_KNOTS((3,3),(6.025850072572,
6.28318530718),.PIECEWISE_BEZIER_KNOTS.) CURVE() 
GEOMETRIC_REPRESENTATION_ITEM() RATIONAL_B_SPLINE_CURVE((1.,
0.99173373582,1.)) REPRESENTATION_ITEM('') );
#5964 = CARTESIAN_POINT('',(-3.573468167312E-03,3.442020482927E-03));
#5965 = CARTESIAN_POINT('',(-4.331809092001E-03,5.604598441461E-04));
#5966 = CARTESIAN_POINT('',(-4.331809092001E-03,-2.419216761298E-03));
#5967 = ( GEOMETRIC_REPRESENTATION_CONTEXT(2) 
PARAMETRIC_REPRESENTATION_CONTEXT() REPRESENTATION_CONTEXT('2D SPACE',''
  ) );
#5968 = ADVANCED_FACE('',(#5969),#5937,.T.);
#5969 = FACE_BOUND('',#5970,.T.);
#5970 = EDGE_LOOP('',(#5971,#5972,#5992,#6013));
#5971 = ORIENTED_EDGE('',*,*,#5922,.T.);
#5972 = ORIENTED_EDGE('',*,*,#5973,.T.);
#5973 = EDGE_CURVE('',#5900,#5974,#5976,.T.);
#5974 = VERTEX_POINT('',#5975);
#5975 = CARTESIAN_POINT('',(8.348420278673,-11.42976792636,
    25.221605084184));
#5976 = SURFACE_CURVE('',#5977,(#5980,#5986),.PCURVE_S1.);
#5977 = B_SPLINE_CURVE_WITH_KNOTS('',1,(#5978,#5979),.UNSPECIFIED.,.F.,
  .F.,(2,2),(0.,8.876117240666E-03),.PIECEWISE_BEZIER_KNOTS.);
#5978 = CARTESIAN_POINT('',(13.536694360296,-18.63166138045,
    25.221605084184));
#5979 = CARTESIAN_POINT('',(8.348420278673,-11.42976792636,
    25.221605084184));
#5980 = PCURVE('',#5937,#5981);
#5981 = DEFINITIONAL_REPRESENTATION('',(#5982),#5985);
#5982 = B_SPLINE_CURVE_WITH_KNOTS('',1,(#5983,#5984),.UNSPECIFIED.,.F.,
  .F.,(2,2),(0.,8.876117240666E-03),.PIECEWISE_BEZIER_KNOTS.);
#5983 = CARTESIAN_POINT('',(0.,-6.471576552901E-03));
#5984 = CARTESIAN_POINT('',(8.876117240666E-03,-6.471576552901E-03));
#5985 = ( GEOMETRIC_REPRESENTATION_CONTEXT(2) 
PARAMETRIC_REPRESENTATION_CONTEXT() REPRESENTATION_CONTEXT('2D SPACE',''
  ) );
#5986 = PCURVE('',#5833,#5987);
#5987 = DEFINITIONAL_REPRESENTATION('',(#5988),#5991);
#5988 = B_SPLINE_CURVE_WITH_KNOTS('',1,(#5989,#5990),.UNSPECIFIED.,.F.,
  .F.,(2,2),(0.,8.876117240666E-03),.PIECEWISE_BEZIER_KNOTS.);
#5989 = CARTESIAN_POINT('',(-4.331809092001E-03,-2.419216761298E-03));
#5990 = CARTESIAN_POINT('',(4.544236094062E-03,-2.383451903911E-03));
#5991 = ( GEOMETRIC_REPRESENTATION_CONTEXT(2) 
PARAMETRIC_REPRESENTATION_CONTEXT() REPRESENTATION_CONTEXT('2D SPACE',''
  ) );
#5992 = ORIENTED_EDGE('',*,*,#5993,.F.);
#5993 = EDGE_CURVE('',#5994,#5974,#5996,.T.);
#5994 = VERTEX_POINT('',#5995);
#5995 = CARTESIAN_POINT('',(8.348420278673,-11.42976792636,
    18.750028531283));
#5996 = SURFACE_CURVE('',#5997,(#6000,#6006),.PCURVE_S1.);
#5997 = B_SPLINE_CURVE_WITH_KNOTS('',1,(#5998,#5999),.UNSPECIFIED.,.F.,
  .F.,(2,2),(0.,6.471576552901E-03),.PIECEWISE_BEZIER_KNOTS.);
#5998 = CARTESIAN_POINT('',(8.348420278673,-11.42976792636,
    18.750028531283));
#5999 = CARTESIAN_POINT('',(8.348420278673,-11.42976792636,
    25.221605084184));
#6000 = PCURVE('',#5937,#6001);
#6001 = DEFINITIONAL_REPRESENTATION('',(#6002),#6005);
#6002 = B_SPLINE_CURVE_WITH_KNOTS('',1,(#6003,#6004),.UNSPECIFIED.,.F.,
  .F.,(2,2),(0.,6.471576552901E-03),.PIECEWISE_BEZIER_KNOTS.);
#6003 = CARTESIAN_POINT('',(8.876117240666E-03,0.));
#6004 = CARTESIAN_POINT('',(8.876117240666E-03,-6.471576552901E-03));
#6005 = ( GEOMETRIC_REPRESENTATION_CONTEXT(2) 
PARAMETRIC_REPRESENTATION_CONTEXT() REPRESENTATION_CONTEXT('2D SPACE',''
  ) );
#6006 = PCURVE('',#5805,#6007);
#6007 = DEFINITIONAL_REPRESENTATION('',(#6008),#6012);
#6008 = B_SPLINE_CURVE_WITH_KNOTS('',2,(#6009,#6010,#6011),
  .UNSPECIFIED.,.F.,.F.,(3,3),(0.,6.471576552901E-03),
  .PIECEWISE_BEZIER_KNOTS.);
#6009 = CARTESIAN_POINT('',(3.144119493737,0.));
#6010 = CARTESIAN_POINT('',(3.144119493737,-3.23578827645E-03));
#6011 = CARTESIAN_POINT('',(3.144119493737,-6.471576552901E-03));
#6012 = ( GEOMETRIC_REPRESENTATION_CONTEXT(2) 
PARAMETRIC_REPRESENTATION_CONTEXT() REPRESENTATION_CONTEXT('2D SPACE',''
  ) );
#6013 = ORIENTED_EDGE('',*,*,#6014,.F.);
#6014 = EDGE_CURVE('',#5923,#5994,#6015,.T.);
#6015 = SURFACE_CURVE('',#6016,(#6019,#6025),.PCURVE_S1.);
#6016 = B_SPLINE_CURVE_WITH_KNOTS('',1,(#6017,#6018),.UNSPECIFIED.,.F.,
  .F.,(2,2),(0.,8.876117240666E-03),.PIECEWISE_BEZIER_KNOTS.);
#6017 = CARTESIAN_POINT('',(13.536694360296,-18.63166138045,
    18.750028531283));
#6018 = CARTESIAN_POINT('',(8.348420278673,-11.42976792636,
    18.750028531283));
#6019 = PCURVE('',#5937,#6020);
#6020 = DEFINITIONAL_REPRESENTATION('',(#6021),#6024);
#6021 = B_SPLINE_CURVE_WITH_KNOTS('',1,(#6022,#6023),.UNSPECIFIED.,.F.,
  .F.,(2,2),(0.,8.876117240666E-03),.PIECEWISE_BEZIER_KNOTS.);
#6022 = CARTESIAN_POINT('',(0.,0.));
#6023 = CARTESIAN_POINT('',(8.876117240666E-03,0.));
#6024 = ( GEOMETRIC_REPRESENTATION_CONTEXT(2) 
PARAMETRIC_REPRESENTATION_CONTEXT() REPRESENTATION_CONTEXT('2D SPACE',''
  ) );
#6025 = PCURVE('',#5884,#6026);
#6026 = DEFINITIONAL_REPRESENTATION('',(#6027),#6030);
#6027 = B_SPLINE_CURVE_WITH_KNOTS('',1,(#6028,#6029),.UNSPECIFIED.,.F.,
  .F.,(2,2),(0.,8.876117240666E-03),.PIECEWISE_BEZIER_KNOTS.);
#6028 = CARTESIAN_POINT('',(-4.331809092001E-03,-2.419216761298E-03));
#6029 = CARTESIAN_POINT('',(4.544236094062E-03,-2.383451903911E-03));
#6030 = ( GEOMETRIC_REPRESENTATION_CONTEXT(2) 
PARAMETRIC_REPRESENTATION_CONTEXT() REPRESENTATION_CONTEXT('2D SPACE',''
  ) );
#6031 = ADVANCED_FACE('',(#6032),#5805,.T.);
#6032 = FACE_BOUND('',#6033,.T.);
#6033 = EDGE_LOOP('',(#6034,#6035,#6056,#6057));
#6034 = ORIENTED_EDGE('',*,*,#5993,.T.);
#6035 = ORIENTED_EDGE('',*,*,#6036,.T.);
#6036 = EDGE_CURVE('',#5974,#5787,#6037,.T.);
#6037 = SURFACE_CURVE('',#6038,(#6042,#6049),.PCURVE_S1.);
#6038 = ( BOUNDED_CURVE() B_SPLINE_CURVE(2,(#6039,#6040,#6041),
.UNSPECIFIED.,.F.,.F.) B_SPLINE_CURVE_WITH_KNOTS((3,3),(3.144119493737,
3.39640104805),.PIECEWISE_BEZIER_KNOTS.) CURVE() 
GEOMETRIC_REPRESENTATION_ITEM() RATIONAL_B_SPLINE_CURVE((1.,
0.992054795563,1.)) REPRESENTATION_ITEM('') );
#6039 = CARTESIAN_POINT('',(8.348420278673,-11.42976792636,
    25.221605084184));
#6040 = CARTESIAN_POINT('',(9.797875923894,-10.37107058626,
    25.221605084184));
#6041 = CARTESIAN_POINT('',(10.937184066851,-8.984081516094,
    25.221605084184));
#6042 = PCURVE('',#5805,#6043);
#6043 = DEFINITIONAL_REPRESENTATION('',(#6044),#6048);
#6044 = B_SPLINE_CURVE_WITH_KNOTS('',2,(#6045,#6046,#6047),
  .UNSPECIFIED.,.F.,.F.,(3,3),(3.144119493737,3.39640104805),
  .PIECEWISE_BEZIER_KNOTS.);
#6045 = CARTESIAN_POINT('',(3.144119493737,-6.471576552901E-03));
#6046 = CARTESIAN_POINT('',(3.270260270894,-6.471576552901E-03));
#6047 = CARTESIAN_POINT('',(3.39640104805,-6.471576552901E-03));
#6048 = ( GEOMETRIC_REPRESENTATION_CONTEXT(2) 
PARAMETRIC_REPRESENTATION_CONTEXT() REPRESENTATION_CONTEXT('2D SPACE',''
  ) );
#6049 = PCURVE('',#5833,#6050);
#6050 = DEFINITIONAL_REPRESENTATION('',(#6051),#6055);
#6051 = ( BOUNDED_CURVE() B_SPLINE_CURVE(2,(#6052,#6053,#6054),
.UNSPECIFIED.,.F.,.F.) B_SPLINE_CURVE_WITH_KNOTS((3,3),(3.144119493737,
3.39640104805),.PIECEWISE_BEZIER_KNOTS.) CURVE() 
GEOMETRIC_REPRESENTATION_ITEM() RATIONAL_B_SPLINE_CURVE((1.,
0.992054795563,1.)) REPRESENTATION_ITEM('') );
#6052 = CARTESIAN_POINT('',(4.544236094062E-03,-2.383451903911E-03));
#6053 = CARTESIAN_POINT('',(4.548771581989E-03,-5.885309711837E-04));
#6054 = CARTESIAN_POINT('',(5.001200786526E-03,1.148440398838E-03));
#6055 = ( GEOMETRIC_REPRESENTATION_CONTEXT(2) 
PARAMETRIC_REPRESENTATION_CONTEXT() REPRESENTATION_CONTEXT('2D SPACE',''
  ) );
#6056 = ORIENTED_EDGE('',*,*,#5784,.F.);
#6057 = ORIENTED_EDGE('',*,*,#6058,.F.);
#6058 = EDGE_CURVE('',#5994,#5785,#6059,.T.);
#6059 = SURFACE_CURVE('',#6060,(#6064,#6071),.PCURVE_S1.);
#6060 = ( BOUNDED_CURVE() B_SPLINE_CURVE(2,(#6061,#6062,#6063),
.UNSPECIFIED.,.F.,.F.) B_SPLINE_CURVE_WITH_KNOTS((3,3),(3.144119493737,
3.39640104805),.PIECEWISE_BEZIER_KNOTS.) CURVE() 
GEOMETRIC_REPRESENTATION_ITEM() RATIONAL_B_SPLINE_CURVE((1.,
0.992054795563,1.)) REPRESENTATION_ITEM('') );
#6061 = CARTESIAN_POINT('',(8.348420278673,-11.42976792636,
    18.750028531283));
#6062 = CARTESIAN_POINT('',(9.797875923894,-10.37107058626,
    18.750028531283));
#6063 = CARTESIAN_POINT('',(10.937184066851,-8.984081516094,
    18.750028531283));
#6064 = PCURVE('',#5805,#6065);
#6065 = DEFINITIONAL_REPRESENTATION('',(#6066),#6070);
#6066 = B_SPLINE_CURVE_WITH_KNOTS('',2,(#6067,#6068,#6069),
  .UNSPECIFIED.,.F.,.F.,(3,3),(3.144119493737,3.39640104805),
  .PIECEWISE_BEZIER_KNOTS.);
#6067 = CARTESIAN_POINT('',(3.144119493737,0.));
#6068 = CARTESIAN_POINT('',(3.270260270894,0.));
#6069 = CARTESIAN_POINT('',(3.39640104805,0.));
#6070 = ( GEOMETRIC_REPRESENTATION_CONTEXT(2) 
PARAMETRIC_REPRESENTATION_CONTEXT() REPRESENTATION_CONTEXT('2D SPACE',''
  ) );
#6071 = PCURVE('',#5884,#6072);
#6072 = DEFINITIONAL_REPRESENTATION('',(#6073),#6077);
#6073 = ( BOUNDED_CURVE() B_SPLINE_CURVE(2,(#6074,#6075,#6076),
.UNSPECIFIED.,.F.,.F.) B_SPLINE_CURVE_WITH_KNOTS((3,3),(3.144119493737,
3.39640104805),.PIECEWISE_BEZIER_KNOTS.) CURVE() 
GEOMETRIC_REPRESENTATION_ITEM() RATIONAL_B_SPLINE_CURVE((1.,
0.992054795563,1.)) REPRESENTATION_ITEM('') );
#6074 = CARTESIAN_POINT('',(4.544236094062E-03,-2.383451903911E-03));
#6075 = CARTESIAN_POINT('',(4.548771581989E-03,-5.885309711837E-04));
#6076 = CARTESIAN_POINT('',(5.001200786526E-03,1.148440398838E-03));
#6077 = ( GEOMETRIC_REPRESENTATION_CONTEXT(2) 
PARAMETRIC_REPRESENTATION_CONTEXT() REPRESENTATION_CONTEXT('2D SPACE',''
  ) );
#6078 = ADVANCED_FACE('',(#6079),#5884,.T.);
#6079 = FACE_BOUND('',#6080,.T.);
#6080 = EDGE_LOOP('',(#6081,#6082,#6083,#6084));
#6081 = ORIENTED_EDGE('',*,*,#5872,.T.);
#6082 = ORIENTED_EDGE('',*,*,#5948,.T.);
#6083 = ORIENTED_EDGE('',*,*,#6014,.T.);
#6084 = ORIENTED_EDGE('',*,*,#6058,.T.);
#6085 = ADVANCED_FACE('',(#6086),#5833,.F.);
#6086 = FACE_BOUND('',#6087,.F.);
#6087 = EDGE_LOOP('',(#6088,#6089,#6090,#6091));
#6088 = ORIENTED_EDGE('',*,*,#5819,.T.);
#6089 = ORIENTED_EDGE('',*,*,#5899,.T.);
#6090 = ORIENTED_EDGE('',*,*,#5973,.T.);
#6091 = ORIENTED_EDGE('',*,*,#6036,.T.);
#6092 = ( GEOMETRIC_REPRESENTATION_CONTEXT(3) 
GLOBAL_UNCERTAINTY_ASSIGNED_CONTEXT((#6096)) 
GLOBAL_UNIT_ASSIGNED_CONTEXT((#6093,#6094,#6095)) REPRESENTATION_CONTEXT
('Context #1','3D Context with UNIT and UNCERTAINTY') );
#6093 = ( LENGTH_UNIT() NAMED_UNIT(*) SI_UNIT(.MILLI.,.METRE.) );
#6094 = ( NAMED_UNIT(*) PLANE_ANGLE_UNIT() SI_UNIT($,.RADIAN.) );
#6095 = ( NAMED_UNIT(*) SI_UNIT($,.STERADIAN.) SOLID_ANGLE_UNIT() );
#6096 = UNCERTAINTY_MEASURE_WITH_UNIT(LENGTH_MEASURE(1.E-04),#6093,
  'distance_accuracy_value','confusion accuracy');
#6097 = CONTEXT_DEPENDENT_SHAPE_REPRESENTATION(#6098,#6100);
#6098 = ( REPRESENTATION_RELATIONSHIP('','',#5777,#10) 
REPRESENTATION_RELATIONSHIP_WITH_TRANSFORMATION(#6099) 
SHAPE_REPRESENTATION_RELATIONSHIP() );
#6099 = ITEM_DEFINED_TRANSFORMATION('','',#11,#83);
#6100 = PRODUCT_DEFINITION_SHAPE('Placement','Placement of an item',
  #6101);
#6101 = NEXT_ASSEMBLY_USAGE_OCCURRENCE('6002','','',#5,#5772,$);
#6102 = PRODUCT_RELATED_PRODUCT_CATEGORY('part',$,(#5774));
#6103 = SHAPE_DEFINITION_REPRESENTATION(#6104,#6110);
#6104 = PRODUCT_DEFINITION_SHAPE('','',#6105);
#6105 = PRODUCT_DEFINITION('design','',#6106,#6109);
#6106 = PRODUCT_DEFINITION_FORMATION('','',#6107);
#6107 = PRODUCT('Open CASCADE STEP translator 7.8 154.19',
  'Open CASCADE STEP translator 7.8 154.19','',(#6108));
#6108 = PRODUCT_CONTEXT('',#2,'mechanical');
#6109 = PRODUCT_DEFINITION_CONTEXT('part definition',#2,'design');
#6110 = ADVANCED_BREP_SHAPE_REPRESENTATION('',(#11,#6111),#6425);
#6111 = MANIFOLD_SOLID_BREP('',#6112);
#6112 = CLOSED_SHELL('',(#6113,#6227,#6301,#6364,#6411,#6418));
#6113 = ADVANCED_FACE('',(#6114),#6127,.T.);
#6114 = FACE_BOUND('',#6115,.T.);
#6115 = EDGE_LOOP('',(#6116,#6151,#6176,#6204));
#6116 = ORIENTED_EDGE('',*,*,#6117,.T.);
#6117 = EDGE_CURVE('',#6118,#6120,#6122,.T.);
#6118 = VERTEX_POINT('',#6119);
#6119 = CARTESIAN_POINT('',(13.178114044021,-5.164593521544,
    18.750028531283));
#6120 = VERTEX_POINT('',#6121);
#6121 = CARTESIAN_POINT('',(13.178114044021,-5.164593521544,
    25.221605084184));
#6122 = SURFACE_CURVE('',#6123,(#6126,#6137),.PCURVE_S1.);
#6123 = B_SPLINE_CURVE_WITH_KNOTS('',1,(#6124,#6125),.UNSPECIFIED.,.F.,
  .F.,(2,2),(0.,6.471576552901E-03),.PIECEWISE_BEZIER_KNOTS.);
#6124 = CARTESIAN_POINT('',(13.178114044021,-5.164593521544,
    18.750028531283));
#6125 = CARTESIAN_POINT('',(13.178114044021,-5.164593521544,
    25.221605084184));
#6126 = PCURVE('',#6127,#6132);
#6127 = B_SPLINE_SURFACE_WITH_KNOTS('',1,1,(
    (#6128,#6129)
    ,(#6130,#6131
    )),.UNSPECIFIED.,.F.,.F.,.F.,(2,2),(2,2),(0.,8.876117240666E-03),(
    -6.471576552901E-03,0.),.PIECEWISE_BEZIER_KNOTS.);
#6128 = CARTESIAN_POINT('',(13.178114044021,-5.164593521544,
    25.221605084184));
#6129 = CARTESIAN_POINT('',(13.178114044021,-5.164593521544,
    18.750028531283));
#6130 = CARTESIAN_POINT('',(21.463299497195,-8.349112209913,
    25.221605084184));
#6131 = CARTESIAN_POINT('',(21.463299497195,-8.349112209913,
    18.750028531283));
#6132 = DEFINITIONAL_REPRESENTATION('',(#6133),#6136);
#6133 = B_SPLINE_CURVE_WITH_KNOTS('',1,(#6134,#6135),.UNSPECIFIED.,.F.,
  .F.,(2,2),(0.,6.471576552901E-03),.PIECEWISE_BEZIER_KNOTS.);
#6134 = CARTESIAN_POINT('',(0.,0.));
#6135 = CARTESIAN_POINT('',(0.,-6.471576552901E-03));
#6136 = ( GEOMETRIC_REPRESENTATION_CONTEXT(2) 
PARAMETRIC_REPRESENTATION_CONTEXT() REPRESENTATION_CONTEXT('2D SPACE',''
  ) );
#6137 = PCURVE('',#6138,#6145);
#6138 = ( BOUNDED_SURFACE() B_SPLINE_SURFACE(2,1,(
    (#6139,#6140)
    ,(#6141,#6142)
    ,(#6143,#6144
)),.UNSPECIFIED.,.F.,.F.,.F.) B_SPLINE_SURFACE_WITH_KNOTS((3,3),(2,2),(
    3.144119493737,3.39640104805),(-6.471576552901E-03,0.),
.PIECEWISE_BEZIER_KNOTS.) GEOMETRIC_REPRESENTATION_ITEM() 
RATIONAL_B_SPLINE_SURFACE((
    (1.,1.)
    ,(0.992054795563,0.992054795563)
,(1.,1.))) REPRESENTATION_ITEM('') SURFACE() );
#6139 = CARTESIAN_POINT('',(11.471812037812,-8.290551523819,
    25.221605084184));
#6140 = CARTESIAN_POINT('',(11.471812037812,-8.290551523819,
    18.750028531283));
#6141 = CARTESIAN_POINT('',(12.52317080429,-6.835764092768,
    25.221605084184));
#6142 = CARTESIAN_POINT('',(12.52317080429,-6.835764092768,
    18.750028531283));
#6143 = CARTESIAN_POINT('',(13.178114044021,-5.164593521544,
    25.221605084184));
#6144 = CARTESIAN_POINT('',(13.178114044021,-5.164593521544,
    18.750028531283));
#6145 = DEFINITIONAL_REPRESENTATION('',(#6146),#6150);
#6146 = B_SPLINE_CURVE_WITH_KNOTS('',2,(#6147,#6148,#6149),
  .UNSPECIFIED.,.F.,.F.,(3,3),(0.,6.471576552901E-03),
  .PIECEWISE_BEZIER_KNOTS.);
#6147 = CARTESIAN_POINT('',(3.39640104805,0.));
#6148 = CARTESIAN_POINT('',(3.39640104805,-3.23578827645E-03));
#6149 = CARTESIAN_POINT('',(3.39640104805,-6.471576552901E-03));
#6150 = ( GEOMETRIC_REPRESENTATION_CONTEXT(2) 
PARAMETRIC_REPRESENTATION_CONTEXT() REPRESENTATION_CONTEXT('2D SPACE',''
  ) );
#6151 = ORIENTED_EDGE('',*,*,#6152,.T.);
#6152 = EDGE_CURVE('',#6120,#6153,#6155,.T.);
#6153 = VERTEX_POINT('',#6154);
#6154 = CARTESIAN_POINT('',(21.463299497195,-8.349112209913,
    25.221605084184));
#6155 = SURFACE_CURVE('',#6156,(#6159,#6165),.PCURVE_S1.);
#6156 = B_SPLINE_CURVE_WITH_KNOTS('',1,(#6157,#6158),.UNSPECIFIED.,.F.,
  .F.,(2,2),(0.,8.876117240666E-03),.PIECEWISE_BEZIER_KNOTS.);
#6157 = CARTESIAN_POINT('',(13.178114044021,-5.164593521544,
    25.221605084184));
#6158 = CARTESIAN_POINT('',(21.463299497195,-8.349112209913,
    25.221605084184));
#6159 = PCURVE('',#6127,#6160);
#6160 = DEFINITIONAL_REPRESENTATION('',(#6161),#6164);
#6161 = B_SPLINE_CURVE_WITH_KNOTS('',1,(#6162,#6163),.UNSPECIFIED.,.F.,
  .F.,(2,2),(0.,8.876117240666E-03),.PIECEWISE_BEZIER_KNOTS.);
#6162 = CARTESIAN_POINT('',(0.,-6.471576552901E-03));
#6163 = CARTESIAN_POINT('',(8.876117240666E-03,-6.471576552901E-03));
#6164 = ( GEOMETRIC_REPRESENTATION_CONTEXT(2) 
PARAMETRIC_REPRESENTATION_CONTEXT() REPRESENTATION_CONTEXT('2D SPACE',''
  ) );
#6165 = PCURVE('',#6166,#6171);
#6166 = B_SPLINE_SURFACE_WITH_KNOTS('',1,1,(
    (#6167,#6168)
    ,(#6169,#6170
    )),.UNSPECIFIED.,.F.,.F.,.F.,(2,2),(2,2),(-4.331809092001E-03,
    5.001200786526E-03),(-2.419216761298E-03,3.442020482927E-03),
  .PIECEWISE_BEZIER_KNOTS.);
#6167 = CARTESIAN_POINT('',(18.631661380455,-13.53669436029,
    25.221605084184));
#6168 = CARTESIAN_POINT('',(22.076810192798,-8.794853821654,
    25.221605084184));
#6169 = CARTESIAN_POINT('',(11.081097780057,-8.050888794198,
    25.221605084184));
#6170 = CARTESIAN_POINT('',(14.5262465924,-3.309048255556,
    25.221605084184));
#6171 = DEFINITIONAL_REPRESENTATION('',(#6172),#6175);
#6172 = B_SPLINE_CURVE_WITH_KNOTS('',1,(#6173,#6174),.UNSPECIFIED.,.F.,
  .F.,(2,2),(0.,8.876117240666E-03),.PIECEWISE_BEZIER_KNOTS.);
#6173 = CARTESIAN_POINT('',(5.001200786526E-03,1.148440398838E-03));
#6174 = CARTESIAN_POINT('',(-3.573468167312E-03,3.442020482927E-03));
#6175 = ( GEOMETRIC_REPRESENTATION_CONTEXT(2) 
PARAMETRIC_REPRESENTATION_CONTEXT() REPRESENTATION_CONTEXT('2D SPACE',''
  ) );
#6176 = ORIENTED_EDGE('',*,*,#6177,.F.);
#6177 = EDGE_CURVE('',#6178,#6153,#6180,.T.);
#6178 = VERTEX_POINT('',#6179);
#6179 = CARTESIAN_POINT('',(21.463299497195,-8.349112209913,
    18.750028531283));
#6180 = SURFACE_CURVE('',#6181,(#6184,#6190),.PCURVE_S1.);
#6181 = B_SPLINE_CURVE_WITH_KNOTS('',1,(#6182,#6183),.UNSPECIFIED.,.F.,
  .F.,(2,2),(0.,6.471576552901E-03),.PIECEWISE_BEZIER_KNOTS.);
#6182 = CARTESIAN_POINT('',(21.463299497195,-8.349112209913,
    18.750028531283));
#6183 = CARTESIAN_POINT('',(21.463299497195,-8.349112209913,
    25.221605084184));
#6184 = PCURVE('',#6127,#6185);
#6185 = DEFINITIONAL_REPRESENTATION('',(#6186),#6189);
#6186 = B_SPLINE_CURVE_WITH_KNOTS('',1,(#6187,#6188),.UNSPECIFIED.,.F.,
  .F.,(2,2),(0.,6.471576552901E-03),.PIECEWISE_BEZIER_KNOTS.);
#6187 = CARTESIAN_POINT('',(8.876117240666E-03,0.));
#6188 = CARTESIAN_POINT('',(8.876117240666E-03,-6.471576552901E-03));
#6189 = ( GEOMETRIC_REPRESENTATION_CONTEXT(2) 
PARAMETRIC_REPRESENTATION_CONTEXT() REPRESENTATION_CONTEXT('2D SPACE',''
  ) );
#6190 = PCURVE('',#6191,#6198);
#6191 = ( BOUNDED_SURFACE() B_SPLINE_SURFACE(2,1,(
    (#6192,#6193)
    ,(#6194,#6195)
    ,(#6196,#6197
)),.UNSPECIFIED.,.F.,.F.,.F.) B_SPLINE_SURFACE_WITH_KNOTS((3,3),(2,2),(
    6.025850072572,6.28318530718),(-6.471576552901E-03,0.),
.PIECEWISE_BEZIER_KNOTS.) GEOMETRIC_REPRESENTATION_ITEM() 
RATIONAL_B_SPLINE_SURFACE((
    (1.,1.)
    ,(0.99173373582,0.99173373582)
,(1.,1.))) REPRESENTATION_ITEM('') SURFACE() );
#6192 = CARTESIAN_POINT('',(21.463299497195,-8.349112209912,
    25.221605084184));
#6193 = CARTESIAN_POINT('',(21.463299497195,-8.349112209912,
    18.750028531283));
#6194 = CARTESIAN_POINT('',(20.383071345736,-11.12608534875,
    25.221605084184));
#6195 = CARTESIAN_POINT('',(20.383071345736,-11.12608534875,
    18.750028531283));
#6196 = CARTESIAN_POINT('',(18.631661380455,-13.53669436029,
    25.221605084184));
#6197 = CARTESIAN_POINT('',(18.631661380455,-13.53669436029,
    18.750028531283));
#6198 = DEFINITIONAL_REPRESENTATION('',(#6199),#6203);
#6199 = B_SPLINE_CURVE_WITH_KNOTS('',2,(#6200,#6201,#6202),
  .UNSPECIFIED.,.F.,.F.,(3,3),(0.,6.471576552901E-03),
  .PIECEWISE_BEZIER_KNOTS.);
#6200 = CARTESIAN_POINT('',(6.025850072572,0.));
#6201 = CARTESIAN_POINT('',(6.025850072572,-3.23578827645E-03));
#6202 = CARTESIAN_POINT('',(6.025850072572,-6.471576552901E-03));
#6203 = ( GEOMETRIC_REPRESENTATION_CONTEXT(2) 
PARAMETRIC_REPRESENTATION_CONTEXT() REPRESENTATION_CONTEXT('2D SPACE',''
  ) );
#6204 = ORIENTED_EDGE('',*,*,#6205,.F.);
#6205 = EDGE_CURVE('',#6118,#6178,#6206,.T.);
#6206 = SURFACE_CURVE('',#6207,(#6210,#6216),.PCURVE_S1.);
#6207 = B_SPLINE_CURVE_WITH_KNOTS('',1,(#6208,#6209),.UNSPECIFIED.,.F.,
  .F.,(2,2),(0.,8.876117240666E-03),.PIECEWISE_BEZIER_KNOTS.);
#6208 = CARTESIAN_POINT('',(13.178114044021,-5.164593521544,
    18.750028531283));
#6209 = CARTESIAN_POINT('',(21.463299497195,-8.349112209913,
    18.750028531283));
#6210 = PCURVE('',#6127,#6211);
#6211 = DEFINITIONAL_REPRESENTATION('',(#6212),#6215);
#6212 = B_SPLINE_CURVE_WITH_KNOTS('',1,(#6213,#6214),.UNSPECIFIED.,.F.,
  .F.,(2,2),(0.,8.876117240666E-03),.PIECEWISE_BEZIER_KNOTS.);
#6213 = CARTESIAN_POINT('',(0.,0.));
#6214 = CARTESIAN_POINT('',(8.876117240666E-03,0.));
#6215 = ( GEOMETRIC_REPRESENTATION_CONTEXT(2) 
PARAMETRIC_REPRESENTATION_CONTEXT() REPRESENTATION_CONTEXT('2D SPACE',''
  ) );
#6216 = PCURVE('',#6217,#6222);
#6217 = B_SPLINE_SURFACE_WITH_KNOTS('',1,1,(
    (#6218,#6219)
    ,(#6220,#6221
    )),.UNSPECIFIED.,.F.,.F.,.F.,(2,2),(2,2),(-4.331809092001E-03,
    5.001200786526E-03),(-2.419216761298E-03,3.442020482927E-03),
  .PIECEWISE_BEZIER_KNOTS.);
#6218 = CARTESIAN_POINT('',(18.631661380455,-13.53669436029,
    18.750028531283));
#6219 = CARTESIAN_POINT('',(22.076810192798,-8.794853821654,
    18.750028531283));
#6220 = CARTESIAN_POINT('',(11.081097780057,-8.050888794198,
    18.750028531283));
#6221 = CARTESIAN_POINT('',(14.5262465924,-3.309048255556,
    18.750028531283));
#6222 = DEFINITIONAL_REPRESENTATION('',(#6223),#6226);
#6223 = B_SPLINE_CURVE_WITH_KNOTS('',1,(#6224,#6225),.UNSPECIFIED.,.F.,
  .F.,(2,2),(0.,8.876117240666E-03),.PIECEWISE_BEZIER_KNOTS.);
#6224 = CARTESIAN_POINT('',(5.001200786526E-03,1.148440398838E-03));
#6225 = CARTESIAN_POINT('',(-3.573468167312E-03,3.442020482927E-03));
#6226 = ( GEOMETRIC_REPRESENTATION_CONTEXT(2) 
PARAMETRIC_REPRESENTATION_CONTEXT() REPRESENTATION_CONTEXT('2D SPACE',''
  ) );
#6227 = ADVANCED_FACE('',(#6228),#6191,.T.);
#6228 = FACE_BOUND('',#6229,.T.);
#6229 = EDGE_LOOP('',(#6230,#6231,#6254,#6280));
#6230 = ORIENTED_EDGE('',*,*,#6177,.T.);
#6231 = ORIENTED_EDGE('',*,*,#6232,.T.);
#6232 = EDGE_CURVE('',#6153,#6233,#6235,.T.);
#6233 = VERTEX_POINT('',#6234);
#6234 = CARTESIAN_POINT('',(18.631661380455,-13.53669436029,
    25.221605084184));
#6235 = SURFACE_CURVE('',#6236,(#6240,#6247),.PCURVE_S1.);
#6236 = ( BOUNDED_CURVE() B_SPLINE_CURVE(2,(#6237,#6238,#6239),
.UNSPECIFIED.,.F.,.F.) B_SPLINE_CURVE_WITH_KNOTS((3,3),(6.025850072572,
6.28318530718),.PIECEWISE_BEZIER_KNOTS.) CURVE() 
GEOMETRIC_REPRESENTATION_ITEM() RATIONAL_B_SPLINE_CURVE((1.,
0.99173373582,1.)) REPRESENTATION_ITEM('') );
#6237 = CARTESIAN_POINT('',(21.463299497195,-8.349112209912,
    25.221605084184));
#6238 = CARTESIAN_POINT('',(20.383071345736,-11.12608534875,
    25.221605084184));
#6239 = CARTESIAN_POINT('',(18.631661380455,-13.53669436029,
    25.221605084184));
#6240 = PCURVE('',#6191,#6241);
#6241 = DEFINITIONAL_REPRESENTATION('',(#6242),#6246);
#6242 = B_SPLINE_CURVE_WITH_KNOTS('',2,(#6243,#6244,#6245),
  .UNSPECIFIED.,.F.,.F.,(3,3),(6.025850072572,6.28318530718),
  .PIECEWISE_BEZIER_KNOTS.);
#6243 = CARTESIAN_POINT('',(6.025850072572,-6.471576552901E-03));
#6244 = CARTESIAN_POINT('',(6.154517689876,-6.471576552901E-03));
#6245 = CARTESIAN_POINT('',(6.28318530718,-6.471576552901E-03));
#6246 = ( GEOMETRIC_REPRESENTATION_CONTEXT(2) 
PARAMETRIC_REPRESENTATION_CONTEXT() REPRESENTATION_CONTEXT('2D SPACE',''
  ) );
#6247 = PCURVE('',#6166,#6248);
#6248 = DEFINITIONAL_REPRESENTATION('',(#6249),#6253);
#6249 = ( BOUNDED_CURVE() B_SPLINE_CURVE(2,(#6250,#6251,#6252),
.UNSPECIFIED.,.F.,.F.) B_SPLINE_CURVE_WITH_KNOTS((3,3),(6.025850072572,
6.28318530718),.PIECEWISE_BEZIER_KNOTS.) CURVE() 
GEOMETRIC_REPRESENTATION_ITEM() RATIONAL_B_SPLINE_CURVE((1.,
0.99173373582,1.)) REPRESENTATION_ITEM('') );
#6250 = CARTESIAN_POINT('',(-3.573468167312E-03,3.442020482927E-03));
#6251 = CARTESIAN_POINT('',(-4.331809092001E-03,5.604598441461E-04));
#6252 = CARTESIAN_POINT('',(-4.331809092001E-03,-2.419216761298E-03));
#6253 = ( GEOMETRIC_REPRESENTATION_CONTEXT(2) 
PARAMETRIC_REPRESENTATION_CONTEXT() REPRESENTATION_CONTEXT('2D SPACE',''
  ) );
#6254 = ORIENTED_EDGE('',*,*,#6255,.F.);
#6255 = EDGE_CURVE('',#6256,#6233,#6258,.T.);
#6256 = VERTEX_POINT('',#6257);
#6257 = CARTESIAN_POINT('',(18.631661380455,-13.53669436029,
    18.750028531283));
#6258 = SURFACE_CURVE('',#6259,(#6262,#6269),.PCURVE_S1.);
#6259 = B_SPLINE_CURVE_WITH_KNOTS('',1,(#6260,#6261),.UNSPECIFIED.,.F.,
  .F.,(2,2),(0.,6.471576552901E-03),.PIECEWISE_BEZIER_KNOTS.);
#6260 = CARTESIAN_POINT('',(18.631661380455,-13.53669436029,
    18.750028531283));
#6261 = CARTESIAN_POINT('',(18.631661380455,-13.53669436029,
    25.221605084184));
#6262 = PCURVE('',#6191,#6263);
#6263 = DEFINITIONAL_REPRESENTATION('',(#6264),#6268);
#6264 = B_SPLINE_CURVE_WITH_KNOTS('',2,(#6265,#6266,#6267),
  .UNSPECIFIED.,.F.,.F.,(3,3),(0.,6.471576552901E-03),
  .PIECEWISE_BEZIER_KNOTS.);
#6265 = CARTESIAN_POINT('',(6.28318530718,0.));
#6266 = CARTESIAN_POINT('',(6.28318530718,-3.23578827645E-03));
#6267 = CARTESIAN_POINT('',(6.28318530718,-6.471576552901E-03));
#6268 = ( GEOMETRIC_REPRESENTATION_CONTEXT(2) 
PARAMETRIC_REPRESENTATION_CONTEXT() REPRESENTATION_CONTEXT('2D SPACE',''
  ) );
#6269 = PCURVE('',#6270,#6275);
#6270 = B_SPLINE_SURFACE_WITH_KNOTS('',1,1,(
    (#6271,#6272)
    ,(#6273,#6274
    )),.UNSPECIFIED.,.F.,.F.,.F.,(2,2),(2,2),(0.,8.876117240666E-03),(
    -6.471576552901E-03,0.),.PIECEWISE_BEZIER_KNOTS.);
#6271 = CARTESIAN_POINT('',(18.631661380455,-13.53669436029,
    25.221605084184));
#6272 = CARTESIAN_POINT('',(18.631661380455,-13.53669436029,
    18.750028531283));
#6273 = CARTESIAN_POINT('',(11.471812037812,-8.290551523819,
    25.221605084184));
#6274 = CARTESIAN_POINT('',(11.471812037812,-8.290551523819,
    18.750028531283));
#6275 = DEFINITIONAL_REPRESENTATION('',(#6276),#6279);
#6276 = B_SPLINE_CURVE_WITH_KNOTS('',1,(#6277,#6278),.UNSPECIFIED.,.F.,
  .F.,(2,2),(0.,6.471576552901E-03),.PIECEWISE_BEZIER_KNOTS.);
#6277 = CARTESIAN_POINT('',(0.,0.));
#6278 = CARTESIAN_POINT('',(0.,-6.471576552901E-03));
#6279 = ( GEOMETRIC_REPRESENTATION_CONTEXT(2) 
PARAMETRIC_REPRESENTATION_CONTEXT() REPRESENTATION_CONTEXT('2D SPACE',''
  ) );
#6280 = ORIENTED_EDGE('',*,*,#6281,.F.);
#6281 = EDGE_CURVE('',#6178,#6256,#6282,.T.);
#6282 = SURFACE_CURVE('',#6283,(#6287,#6294),.PCURVE_S1.);
#6283 = ( BOUNDED_CURVE() B_SPLINE_CURVE(2,(#6284,#6285,#6286),
.UNSPECIFIED.,.F.,.F.) B_SPLINE_CURVE_WITH_KNOTS((3,3),(6.025850072572,
6.28318530718),.PIECEWISE_BEZIER_KNOTS.) CURVE() 
GEOMETRIC_REPRESENTATION_ITEM() RATIONAL_B_SPLINE_CURVE((1.,
0.99173373582,1.)) REPRESENTATION_ITEM('') );
#6284 = CARTESIAN_POINT('',(21.463299497195,-8.349112209912,
    18.750028531283));
#6285 = CARTESIAN_POINT('',(20.383071345736,-11.12608534875,
    18.750028531283));
#6286 = CARTESIAN_POINT('',(18.631661380455,-13.53669436029,
    18.750028531283));
#6287 = PCURVE('',#6191,#6288);
#6288 = DEFINITIONAL_REPRESENTATION('',(#6289),#6293);
#6289 = B_SPLINE_CURVE_WITH_KNOTS('',2,(#6290,#6291,#6292),
  .UNSPECIFIED.,.F.,.F.,(3,3),(6.025850072572,6.28318530718),
  .PIECEWISE_BEZIER_KNOTS.);
#6290 = CARTESIAN_POINT('',(6.025850072572,0.));
#6291 = CARTESIAN_POINT('',(6.154517689876,0.));
#6292 = CARTESIAN_POINT('',(6.28318530718,0.));
#6293 = ( GEOMETRIC_REPRESENTATION_CONTEXT(2) 
PARAMETRIC_REPRESENTATION_CONTEXT() REPRESENTATION_CONTEXT('2D SPACE',''
  ) );
#6294 = PCURVE('',#6217,#6295);
#6295 = DEFINITIONAL_REPRESENTATION('',(#6296),#6300);
#6296 = ( BOUNDED_CURVE() B_SPLINE_CURVE(2,(#6297,#6298,#6299),
.UNSPECIFIED.,.F.,.F.) B_SPLINE_CURVE_WITH_KNOTS((3,3),(6.025850072572,
6.28318530718),.PIECEWISE_BEZIER_KNOTS.) CURVE() 
GEOMETRIC_REPRESENTATION_ITEM() RATIONAL_B_SPLINE_CURVE((1.,
0.99173373582,1.)) REPRESENTATION_ITEM('') );
#6297 = CARTESIAN_POINT('',(-3.573468167312E-03,3.442020482927E-03));
#6298 = CARTESIAN_POINT('',(-4.331809092001E-03,5.604598441461E-04));
#6299 = CARTESIAN_POINT('',(-4.331809092001E-03,-2.419216761298E-03));
#6300 = ( GEOMETRIC_REPRESENTATION_CONTEXT(2) 
PARAMETRIC_REPRESENTATION_CONTEXT() REPRESENTATION_CONTEXT('2D SPACE',''
  ) );
#6301 = ADVANCED_FACE('',(#6302),#6270,.T.);
#6302 = FACE_BOUND('',#6303,.T.);
#6303 = EDGE_LOOP('',(#6304,#6305,#6325,#6346));
#6304 = ORIENTED_EDGE('',*,*,#6255,.T.);
#6305 = ORIENTED_EDGE('',*,*,#6306,.T.);
#6306 = EDGE_CURVE('',#6233,#6307,#6309,.T.);
#6307 = VERTEX_POINT('',#6308);
#6308 = CARTESIAN_POINT('',(11.471812037812,-8.290551523819,
    25.221605084184));
#6309 = SURFACE_CURVE('',#6310,(#6313,#6319),.PCURVE_S1.);
#6310 = B_SPLINE_CURVE_WITH_KNOTS('',1,(#6311,#6312),.UNSPECIFIED.,.F.,
  .F.,(2,2),(0.,8.876117240666E-03),.PIECEWISE_BEZIER_KNOTS.);
#6311 = CARTESIAN_POINT('',(18.631661380455,-13.53669436029,
    25.221605084184));
#6312 = CARTESIAN_POINT('',(11.471812037812,-8.290551523819,
    25.221605084184));
#6313 = PCURVE('',#6270,#6314);
#6314 = DEFINITIONAL_REPRESENTATION('',(#6315),#6318);
#6315 = B_SPLINE_CURVE_WITH_KNOTS('',1,(#6316,#6317),.UNSPECIFIED.,.F.,
  .F.,(2,2),(0.,8.876117240666E-03),.PIECEWISE_BEZIER_KNOTS.);
#6316 = CARTESIAN_POINT('',(0.,-6.471576552901E-03));
#6317 = CARTESIAN_POINT('',(8.876117240666E-03,-6.471576552901E-03));
#6318 = ( GEOMETRIC_REPRESENTATION_CONTEXT(2) 
PARAMETRIC_REPRESENTATION_CONTEXT() REPRESENTATION_CONTEXT('2D SPACE',''
  ) );
#6319 = PCURVE('',#6166,#6320);
#6320 = DEFINITIONAL_REPRESENTATION('',(#6321),#6324);
#6321 = B_SPLINE_CURVE_WITH_KNOTS('',1,(#6322,#6323),.UNSPECIFIED.,.F.,
  .F.,(2,2),(0.,8.876117240666E-03),.PIECEWISE_BEZIER_KNOTS.);
#6322 = CARTESIAN_POINT('',(-4.331809092001E-03,-2.419216761298E-03));
#6323 = CARTESIAN_POINT('',(4.544236094062E-03,-2.383451903911E-03));
#6324 = ( GEOMETRIC_REPRESENTATION_CONTEXT(2) 
PARAMETRIC_REPRESENTATION_CONTEXT() REPRESENTATION_CONTEXT('2D SPACE',''
  ) );
#6325 = ORIENTED_EDGE('',*,*,#6326,.F.);
#6326 = EDGE_CURVE('',#6327,#6307,#6329,.T.);
#6327 = VERTEX_POINT('',#6328);
#6328 = CARTESIAN_POINT('',(11.471812037812,-8.290551523819,
    18.750028531283));
#6329 = SURFACE_CURVE('',#6330,(#6333,#6339),.PCURVE_S1.);
#6330 = B_SPLINE_CURVE_WITH_KNOTS('',1,(#6331,#6332),.UNSPECIFIED.,.F.,
  .F.,(2,2),(0.,6.471576552901E-03),.PIECEWISE_BEZIER_KNOTS.);
#6331 = CARTESIAN_POINT('',(11.471812037812,-8.290551523819,
    18.750028531283));
#6332 = CARTESIAN_POINT('',(11.471812037812,-8.290551523819,
    25.221605084184));
#6333 = PCURVE('',#6270,#6334);
#6334 = DEFINITIONAL_REPRESENTATION('',(#6335),#6338);
#6335 = B_SPLINE_CURVE_WITH_KNOTS('',1,(#6336,#6337),.UNSPECIFIED.,.F.,
  .F.,(2,2),(0.,6.471576552901E-03),.PIECEWISE_BEZIER_KNOTS.);
#6336 = CARTESIAN_POINT('',(8.876117240666E-03,0.));
#6337 = CARTESIAN_POINT('',(8.876117240666E-03,-6.471576552901E-03));
#6338 = ( GEOMETRIC_REPRESENTATION_CONTEXT(2) 
PARAMETRIC_REPRESENTATION_CONTEXT() REPRESENTATION_CONTEXT('2D SPACE',''
  ) );
#6339 = PCURVE('',#6138,#6340);
#6340 = DEFINITIONAL_REPRESENTATION('',(#6341),#6345);
#6341 = B_SPLINE_CURVE_WITH_KNOTS('',2,(#6342,#6343,#6344),
  .UNSPECIFIED.,.F.,.F.,(3,3),(0.,6.471576552901E-03),
  .PIECEWISE_BEZIER_KNOTS.);
#6342 = CARTESIAN_POINT('',(3.144119493737,0.));
#6343 = CARTESIAN_POINT('',(3.144119493737,-3.23578827645E-03));
#6344 = CARTESIAN_POINT('',(3.144119493737,-6.471576552901E-03));
#6345 = ( GEOMETRIC_REPRESENTATION_CONTEXT(2) 
PARAMETRIC_REPRESENTATION_CONTEXT() REPRESENTATION_CONTEXT('2D SPACE',''
  ) );
#6346 = ORIENTED_EDGE('',*,*,#6347,.F.);
#6347 = EDGE_CURVE('',#6256,#6327,#6348,.T.);
#6348 = SURFACE_CURVE('',#6349,(#6352,#6358),.PCURVE_S1.);
#6349 = B_SPLINE_CURVE_WITH_KNOTS('',1,(#6350,#6351),.UNSPECIFIED.,.F.,
  .F.,(2,2),(0.,8.876117240666E-03),.PIECEWISE_BEZIER_KNOTS.);
#6350 = CARTESIAN_POINT('',(18.631661380455,-13.53669436029,
    18.750028531283));
#6351 = CARTESIAN_POINT('',(11.471812037812,-8.290551523819,
    18.750028531283));
#6352 = PCURVE('',#6270,#6353);
#6353 = DEFINITIONAL_REPRESENTATION('',(#6354),#6357);
#6354 = B_SPLINE_CURVE_WITH_KNOTS('',1,(#6355,#6356),.UNSPECIFIED.,.F.,
  .F.,(2,2),(0.,8.876117240666E-03),.PIECEWISE_BEZIER_KNOTS.);
#6355 = CARTESIAN_POINT('',(0.,0.));
#6356 = CARTESIAN_POINT('',(8.876117240666E-03,0.));
#6357 = ( GEOMETRIC_REPRESENTATION_CONTEXT(2) 
PARAMETRIC_REPRESENTATION_CONTEXT() REPRESENTATION_CONTEXT('2D SPACE',''
  ) );
#6358 = PCURVE('',#6217,#6359);
#6359 = DEFINITIONAL_REPRESENTATION('',(#6360),#6363);
#6360 = B_SPLINE_CURVE_WITH_KNOTS('',1,(#6361,#6362),.UNSPECIFIED.,.F.,
  .F.,(2,2),(0.,8.876117240666E-03),.PIECEWISE_BEZIER_KNOTS.);
#6361 = CARTESIAN_POINT('',(-4.331809092001E-03,-2.419216761298E-03));
#6362 = CARTESIAN_POINT('',(4.544236094062E-03,-2.383451903911E-03));
#6363 = ( GEOMETRIC_REPRESENTATION_CONTEXT(2) 
PARAMETRIC_REPRESENTATION_CONTEXT() REPRESENTATION_CONTEXT('2D SPACE',''
  ) );
#6364 = ADVANCED_FACE('',(#6365),#6138,.T.);
#6365 = FACE_BOUND('',#6366,.T.);
#6366 = EDGE_LOOP('',(#6367,#6368,#6389,#6390));
#6367 = ORIENTED_EDGE('',*,*,#6326,.T.);
#6368 = ORIENTED_EDGE('',*,*,#6369,.T.);
#6369 = EDGE_CURVE('',#6307,#6120,#6370,.T.);
#6370 = SURFACE_CURVE('',#6371,(#6375,#6382),.PCURVE_S1.);
#6371 = ( BOUNDED_CURVE() B_SPLINE_CURVE(2,(#6372,#6373,#6374),
.UNSPECIFIED.,.F.,.F.) B_SPLINE_CURVE_WITH_KNOTS((3,3),(3.144119493737,
3.39640104805),.PIECEWISE_BEZIER_KNOTS.) CURVE() 
GEOMETRIC_REPRESENTATION_ITEM() RATIONAL_B_SPLINE_CURVE((1.,
0.992054795563,1.)) REPRESENTATION_ITEM('') );
#6372 = CARTESIAN_POINT('',(11.471812037812,-8.290551523819,
    25.221605084184));
#6373 = CARTESIAN_POINT('',(12.52317080429,-6.835764092768,
    25.221605084184));
#6374 = CARTESIAN_POINT('',(13.178114044021,-5.164593521544,
    25.221605084184));
#6375 = PCURVE('',#6138,#6376);
#6376 = DEFINITIONAL_REPRESENTATION('',(#6377),#6381);
#6377 = B_SPLINE_CURVE_WITH_KNOTS('',2,(#6378,#6379,#6380),
  .UNSPECIFIED.,.F.,.F.,(3,3),(3.144119493737,3.39640104805),
  .PIECEWISE_BEZIER_KNOTS.);
#6378 = CARTESIAN_POINT('',(3.144119493737,-6.471576552901E-03));
#6379 = CARTESIAN_POINT('',(3.270260270894,-6.471576552901E-03));
#6380 = CARTESIAN_POINT('',(3.39640104805,-6.471576552901E-03));
#6381 = ( GEOMETRIC_REPRESENTATION_CONTEXT(2) 
PARAMETRIC_REPRESENTATION_CONTEXT() REPRESENTATION_CONTEXT('2D SPACE',''
  ) );
#6382 = PCURVE('',#6166,#6383);
#6383 = DEFINITIONAL_REPRESENTATION('',(#6384),#6388);
#6384 = ( BOUNDED_CURVE() B_SPLINE_CURVE(2,(#6385,#6386,#6387),
.UNSPECIFIED.,.F.,.F.) B_SPLINE_CURVE_WITH_KNOTS((3,3),(3.144119493737,
3.39640104805),.PIECEWISE_BEZIER_KNOTS.) CURVE() 
GEOMETRIC_REPRESENTATION_ITEM() RATIONAL_B_SPLINE_CURVE((1.,
0.992054795563,1.)) REPRESENTATION_ITEM('') );
#6385 = CARTESIAN_POINT('',(4.544236094062E-03,-2.383451903911E-03));
#6386 = CARTESIAN_POINT('',(4.548771581989E-03,-5.885309711837E-04));
#6387 = CARTESIAN_POINT('',(5.001200786526E-03,1.148440398838E-03));
#6388 = ( GEOMETRIC_REPRESENTATION_CONTEXT(2) 
PARAMETRIC_REPRESENTATION_CONTEXT() REPRESENTATION_CONTEXT('2D SPACE',''
  ) );
#6389 = ORIENTED_EDGE('',*,*,#6117,.F.);
#6390 = ORIENTED_EDGE('',*,*,#6391,.F.);
#6391 = EDGE_CURVE('',#6327,#6118,#6392,.T.);
#6392 = SURFACE_CURVE('',#6393,(#6397,#6404),.PCURVE_S1.);
#6393 = ( BOUNDED_CURVE() B_SPLINE_CURVE(2,(#6394,#6395,#6396),
.UNSPECIFIED.,.F.,.F.) B_SPLINE_CURVE_WITH_KNOTS((3,3),(3.144119493737,
3.39640104805),.PIECEWISE_BEZIER_KNOTS.) CURVE() 
GEOMETRIC_REPRESENTATION_ITEM() RATIONAL_B_SPLINE_CURVE((1.,
0.992054795563,1.)) REPRESENTATION_ITEM('') );
#6394 = CARTESIAN_POINT('',(11.471812037812,-8.290551523819,
    18.750028531283));
#6395 = CARTESIAN_POINT('',(12.52317080429,-6.835764092768,
    18.750028531283));
#6396 = CARTESIAN_POINT('',(13.178114044021,-5.164593521544,
    18.750028531283));
#6397 = PCURVE('',#6138,#6398);
#6398 = DEFINITIONAL_REPRESENTATION('',(#6399),#6403);
#6399 = B_SPLINE_CURVE_WITH_KNOTS('',2,(#6400,#6401,#6402),
  .UNSPECIFIED.,.F.,.F.,(3,3),(3.144119493737,3.39640104805),
  .PIECEWISE_BEZIER_KNOTS.);
#6400 = CARTESIAN_POINT('',(3.144119493737,0.));
#6401 = CARTESIAN_POINT('',(3.270260270894,0.));
#6402 = CARTESIAN_POINT('',(3.39640104805,0.));
#6403 = ( GEOMETRIC_REPRESENTATION_CONTEXT(2) 
PARAMETRIC_REPRESENTATION_CONTEXT() REPRESENTATION_CONTEXT('2D SPACE',''
  ) );
#6404 = PCURVE('',#6217,#6405);
#6405 = DEFINITIONAL_REPRESENTATION('',(#6406),#6410);
#6406 = ( BOUNDED_CURVE() B_SPLINE_CURVE(2,(#6407,#6408,#6409),
.UNSPECIFIED.,.F.,.F.) B_SPLINE_CURVE_WITH_KNOTS((3,3),(3.144119493737,
3.39640104805),.PIECEWISE_BEZIER_KNOTS.) CURVE() 
GEOMETRIC_REPRESENTATION_ITEM() RATIONAL_B_SPLINE_CURVE((1.,
0.992054795563,1.)) REPRESENTATION_ITEM('') );
#6407 = CARTESIAN_POINT('',(4.544236094062E-03,-2.383451903911E-03));
#6408 = CARTESIAN_POINT('',(4.548771581989E-03,-5.885309711837E-04));
#6409 = CARTESIAN_POINT('',(5.001200786526E-03,1.148440398838E-03));
#6410 = ( GEOMETRIC_REPRESENTATION_CONTEXT(2) 
PARAMETRIC_REPRESENTATION_CONTEXT() REPRESENTATION_CONTEXT('2D SPACE',''
  ) );
#6411 = ADVANCED_FACE('',(#6412),#6217,.T.);
#6412 = FACE_BOUND('',#6413,.T.);
#6413 = EDGE_LOOP('',(#6414,#6415,#6416,#6417));
#6414 = ORIENTED_EDGE('',*,*,#6205,.T.);
#6415 = ORIENTED_EDGE('',*,*,#6281,.T.);
#6416 = ORIENTED_EDGE('',*,*,#6347,.T.);
#6417 = ORIENTED_EDGE('',*,*,#6391,.T.);
#6418 = ADVANCED_FACE('',(#6419),#6166,.F.);
#6419 = FACE_BOUND('',#6420,.F.);
#6420 = EDGE_LOOP('',(#6421,#6422,#6423,#6424));
#6421 = ORIENTED_EDGE('',*,*,#6152,.T.);
#6422 = ORIENTED_EDGE('',*,*,#6232,.T.);
#6423 = ORIENTED_EDGE('',*,*,#6306,.T.);
#6424 = ORIENTED_EDGE('',*,*,#6369,.T.);
#6425 = ( GEOMETRIC_REPRESENTATION_CONTEXT(3) 
GLOBAL_UNCERTAINTY_ASSIGNED_CONTEXT((#6429)) 
GLOBAL_UNIT_ASSIGNED_CONTEXT((#6426,#6427,#6428)) REPRESENTATION_CONTEXT
('Context #1','3D Context with UNIT and UNCERTAINTY') );
#6426 = ( LENGTH_UNIT() NAMED_UNIT(*) SI_UNIT(.MILLI.,.METRE.) );
#6427 = ( NAMED_UNIT(*) PLANE_ANGLE_UNIT() SI_UNIT($,.RADIAN.) );
#6428 = ( NAMED_UNIT(*) SI_UNIT($,.STERADIAN.) SOLID_ANGLE_UNIT() );
#6429 = UNCERTAINTY_MEASURE_WITH_UNIT(LENGTH_MEASURE(1.E-04),#6426,
  'distance_accuracy_value','confusion accuracy');
#6430 = CONTEXT_DEPENDENT_SHAPE_REPRESENTATION(#6431,#6433);
#6431 = ( REPRESENTATION_RELATIONSHIP('','',#6110,#10) 
REPRESENTATION_RELATIONSHIP_WITH_TRANSFORMATION(#6432) 
SHAPE_REPRESENTATION_RELATIONSHIP() );
#6432 = ITEM_DEFINED_TRANSFORMATION('','',#11,#87);
#6433 = PRODUCT_DEFINITION_SHAPE('Placement','Placement of an item',
  #6434);
#6434 = NEXT_ASSEMBLY_USAGE_OCCURRENCE('6003','','',#5,#6105,$);
#6435 = PRODUCT_RELATED_PRODUCT_CATEGORY('part',$,(#6107));
#6436 = SHAPE_DEFINITION_REPRESENTATION(#6437,#6443);
#6437 = PRODUCT_DEFINITION_SHAPE('','',#6438);
#6438 = PRODUCT_DEFINITION('design','',#6439,#6442);
#6439 = PRODUCT_DEFINITION_FORMATION('','',#6440);
#6440 = PRODUCT('Open CASCADE STEP translator 7.8 154.20',
  'Open CASCADE STEP translator 7.8 154.20','',(#6441));
#6441 = PRODUCT_CONTEXT('',#2,'mechanical');
#6442 = PRODUCT_DEFINITION_CONTEXT('part definition',#2,'design');
#6443 = ADVANCED_BREP_SHAPE_REPRESENTATION('',(#11,#6444),#6758);
#6444 = MANIFOLD_SOLID_BREP('',#6445);
#6445 = CLOSED_SHELL('',(#6446,#6560,#6634,#6697,#6744,#6751));
#6446 = ADVANCED_FACE('',(#6447),#6460,.T.);
#6447 = FACE_BOUND('',#6448,.T.);
#6448 = EDGE_LOOP('',(#6449,#6484,#6509,#6537));
#6449 = ORIENTED_EDGE('',*,*,#6450,.T.);
#6450 = EDGE_CURVE('',#6451,#6453,#6455,.T.);
#6451 = VERTEX_POINT('',#6452);
#6452 = CARTESIAN_POINT('',(14.129078401243,-0.839559129266,
    18.750028531283));
#6453 = VERTEX_POINT('',#6454);
#6454 = CARTESIAN_POINT('',(14.129078401243,-0.839559129266,
    25.221605084184));
#6455 = SURFACE_CURVE('',#6456,(#6459,#6470),.PCURVE_S1.);
#6456 = B_SPLINE_CURVE_WITH_KNOTS('',1,(#6457,#6458),.UNSPECIFIED.,.F.,
  .F.,(2,2),(0.,6.471576552901E-03),.PIECEWISE_BEZIER_KNOTS.);
#6457 = CARTESIAN_POINT('',(14.129078401243,-0.839559129266,
    18.750028531283));
#6458 = CARTESIAN_POINT('',(14.129078401243,-0.839559129266,
    25.221605084184));
#6459 = PCURVE('',#6460,#6465);
#6460 = B_SPLINE_SURFACE_WITH_KNOTS('',1,1,(
    (#6461,#6462)
    ,(#6463,#6464
    )),.UNSPECIFIED.,.F.,.F.,.F.,(2,2),(2,2),(0.,8.876117240666E-03),(
    -6.471576552901E-03,0.),.PIECEWISE_BEZIER_KNOTS.);
#6461 = CARTESIAN_POINT('',(14.129078401243,-0.839559129266,
    25.221605084184));
#6462 = CARTESIAN_POINT('',(14.129078401243,-0.839559129266,
    18.750028531283));
#6463 = CARTESIAN_POINT('',(22.992828408808,-1.307953272524,
    25.221605084184));
#6464 = CARTESIAN_POINT('',(22.992828408808,-1.307953272524,
    18.750028531283));
#6465 = DEFINITIONAL_REPRESENTATION('',(#6466),#6469);
#6466 = B_SPLINE_CURVE_WITH_KNOTS('',1,(#6467,#6468),.UNSPECIFIED.,.F.,
  .F.,(2,2),(0.,6.471576552901E-03),.PIECEWISE_BEZIER_KNOTS.);
#6467 = CARTESIAN_POINT('',(0.,0.));
#6468 = CARTESIAN_POINT('',(0.,-6.471576552901E-03));
#6469 = ( GEOMETRIC_REPRESENTATION_CONTEXT(2) 
PARAMETRIC_REPRESENTATION_CONTEXT() REPRESENTATION_CONTEXT('2D SPACE',''
  ) );
#6470 = PCURVE('',#6471,#6478);
#6471 = ( BOUNDED_SURFACE() B_SPLINE_SURFACE(2,1,(
    (#6472,#6473)
    ,(#6474,#6475)
    ,(#6476,#6477
)),.UNSPECIFIED.,.F.,.F.,.F.) B_SPLINE_SURFACE_WITH_KNOTS((3,3),(2,2),(
    3.144119493737,3.39640104805),(-6.471576552901E-03,0.),
.PIECEWISE_BEZIER_KNOTS.) GEOMETRIC_REPRESENTATION_ITEM() 
RATIONAL_B_SPLINE_SURFACE((
    (1.,1.)
    ,(0.992054795563,0.992054795563)
,(1.,1.))) REPRESENTATION_ITEM('') SURFACE() );
#6472 = CARTESIAN_POINT('',(13.472262905876,-4.33979817445,
    25.221605084184));
#6473 = CARTESIAN_POINT('',(13.472262905876,-4.33979817445,
    18.750028531283));
#6474 = CARTESIAN_POINT('',(14.022610472301,-2.631325382297,
    25.221605084184));
#6475 = CARTESIAN_POINT('',(14.022610472301,-2.631325382297,
    18.750028531283));
#6476 = CARTESIAN_POINT('',(14.129078401243,-0.839559129266,
    25.221605084184));
#6477 = CARTESIAN_POINT('',(14.129078401243,-0.839559129266,
    18.750028531283));
#6478 = DEFINITIONAL_REPRESENTATION('',(#6479),#6483);
#6479 = B_SPLINE_CURVE_WITH_KNOTS('',2,(#6480,#6481,#6482),
  .UNSPECIFIED.,.F.,.F.,(3,3),(0.,6.471576552901E-03),
  .PIECEWISE_BEZIER_KNOTS.);
#6480 = CARTESIAN_POINT('',(3.39640104805,0.));
#6481 = CARTESIAN_POINT('',(3.39640104805,-3.23578827645E-03));
#6482 = CARTESIAN_POINT('',(3.39640104805,-6.471576552901E-03));
#6483 = ( GEOMETRIC_REPRESENTATION_CONTEXT(2) 
PARAMETRIC_REPRESENTATION_CONTEXT() REPRESENTATION_CONTEXT('2D SPACE',''
  ) );
#6484 = ORIENTED_EDGE('',*,*,#6485,.T.);
#6485 = EDGE_CURVE('',#6453,#6486,#6488,.T.);
#6486 = VERTEX_POINT('',#6487);
#6487 = CARTESIAN_POINT('',(22.992828408808,-1.307953272524,
    25.221605084184));
#6488 = SURFACE_CURVE('',#6489,(#6492,#6498),.PCURVE_S1.);
#6489 = B_SPLINE_CURVE_WITH_KNOTS('',1,(#6490,#6491),.UNSPECIFIED.,.F.,
  .F.,(2,2),(0.,8.876117240666E-03),.PIECEWISE_BEZIER_KNOTS.);
#6490 = CARTESIAN_POINT('',(14.129078401243,-0.839559129266,
    25.221605084184));
#6491 = CARTESIAN_POINT('',(22.992828408808,-1.307953272524,
    25.221605084184));
#6492 = PCURVE('',#6460,#6493);
#6493 = DEFINITIONAL_REPRESENTATION('',(#6494),#6497);
#6494 = B_SPLINE_CURVE_WITH_KNOTS('',1,(#6495,#6496),.UNSPECIFIED.,.F.,
  .F.,(2,2),(0.,8.876117240666E-03),.PIECEWISE_BEZIER_KNOTS.);
#6495 = CARTESIAN_POINT('',(0.,-6.471576552901E-03));
#6496 = CARTESIAN_POINT('',(8.876117240666E-03,-6.471576552901E-03));
#6497 = ( GEOMETRIC_REPRESENTATION_CONTEXT(2) 
PARAMETRIC_REPRESENTATION_CONTEXT() REPRESENTATION_CONTEXT('2D SPACE',''
  ) );
#6498 = PCURVE('',#6499,#6504);
#6499 = B_SPLINE_SURFACE_WITH_KNOTS('',1,1,(
    (#6500,#6501)
    ,(#6502,#6503
    )),.UNSPECIFIED.,.F.,.F.,.F.,(2,2),(2,2),(-4.331809092001E-03,
    5.001200786526E-03),(-2.419216761298E-03,3.442020482927E-03),
  .PIECEWISE_BEZIER_KNOTS.);
#6500 = CARTESIAN_POINT('',(21.902831570277,-7.116661380455,
    25.221605084184));
#6501 = CARTESIAN_POINT('',(23.714053486806,-1.542293505783,
    25.221605084184));
#6502 = CARTESIAN_POINT('',(13.026611708657,-4.232602719321,
    25.221605084184));
#6503 = CARTESIAN_POINT('',(14.837833625186,1.341765155351,
    25.221605084184));
#6504 = DEFINITIONAL_REPRESENTATION('',(#6505),#6508);
#6505 = B_SPLINE_CURVE_WITH_KNOTS('',1,(#6506,#6507),.UNSPECIFIED.,.F.,
  .F.,(2,2),(0.,8.876117240666E-03),.PIECEWISE_BEZIER_KNOTS.);
#6506 = CARTESIAN_POINT('',(5.001200786526E-03,1.148440398838E-03));
#6507 = CARTESIAN_POINT('',(-3.573468167312E-03,3.442020482927E-03));
#6508 = ( GEOMETRIC_REPRESENTATION_CONTEXT(2) 
PARAMETRIC_REPRESENTATION_CONTEXT() REPRESENTATION_CONTEXT('2D SPACE',''
  ) );
#6509 = ORIENTED_EDGE('',*,*,#6510,.F.);
#6510 = EDGE_CURVE('',#6511,#6486,#6513,.T.);
#6511 = VERTEX_POINT('',#6512);
#6512 = CARTESIAN_POINT('',(22.992828408808,-1.307953272524,
    18.750028531283));
#6513 = SURFACE_CURVE('',#6514,(#6517,#6523),.PCURVE_S1.);
#6514 = B_SPLINE_CURVE_WITH_KNOTS('',1,(#6515,#6516),.UNSPECIFIED.,.F.,
  .F.,(2,2),(0.,6.471576552901E-03),.PIECEWISE_BEZIER_KNOTS.);
#6515 = CARTESIAN_POINT('',(22.992828408808,-1.307953272524,
    18.750028531283));
#6516 = CARTESIAN_POINT('',(22.992828408808,-1.307953272524,
    25.221605084184));
#6517 = PCURVE('',#6460,#6518);
#6518 = DEFINITIONAL_REPRESENTATION('',(#6519),#6522);
#6519 = B_SPLINE_CURVE_WITH_KNOTS('',1,(#6520,#6521),.UNSPECIFIED.,.F.,
  .F.,(2,2),(0.,6.471576552901E-03),.PIECEWISE_BEZIER_KNOTS.);
#6520 = CARTESIAN_POINT('',(8.876117240666E-03,0.));
#6521 = CARTESIAN_POINT('',(8.876117240666E-03,-6.471576552901E-03));
#6522 = ( GEOMETRIC_REPRESENTATION_CONTEXT(2) 
PARAMETRIC_REPRESENTATION_CONTEXT() REPRESENTATION_CONTEXT('2D SPACE',''
  ) );
#6523 = PCURVE('',#6524,#6531);
#6524 = ( BOUNDED_SURFACE() B_SPLINE_SURFACE(2,1,(
    (#6525,#6526)
    ,(#6527,#6528)
    ,(#6529,#6530
)),.UNSPECIFIED.,.F.,.F.,.F.) B_SPLINE_SURFACE_WITH_KNOTS((3,3),(2,2),(
    6.025850072572,6.28318530718),(-6.471576552901E-03,0.),
.PIECEWISE_BEZIER_KNOTS.) GEOMETRIC_REPRESENTATION_ITEM() 
RATIONAL_B_SPLINE_SURFACE((
    (1.,1.)
    ,(0.99173373582,0.99173373582)
,(1.,1.))) REPRESENTATION_ITEM('') SURFACE() );
#6525 = CARTESIAN_POINT('',(22.992828408808,-1.307953272524,
    25.221605084184));
#6526 = CARTESIAN_POINT('',(22.992828408808,-1.307953272524,
    18.750028531283));
#6527 = CARTESIAN_POINT('',(22.823602279101,-4.282820528395,
    25.221605084184));
#6528 = CARTESIAN_POINT('',(22.823602279101,-4.282820528395,
    18.750028531283));
#6529 = CARTESIAN_POINT('',(21.902831570277,-7.116661380455,
    25.221605084184));
#6530 = CARTESIAN_POINT('',(21.902831570277,-7.116661380455,
    18.750028531283));
#6531 = DEFINITIONAL_REPRESENTATION('',(#6532),#6536);
#6532 = B_SPLINE_CURVE_WITH_KNOTS('',2,(#6533,#6534,#6535),
  .UNSPECIFIED.,.F.,.F.,(3,3),(0.,6.471576552901E-03),
  .PIECEWISE_BEZIER_KNOTS.);
#6533 = CARTESIAN_POINT('',(6.025850072572,0.));
#6534 = CARTESIAN_POINT('',(6.025850072572,-3.23578827645E-03));
#6535 = CARTESIAN_POINT('',(6.025850072572,-6.471576552901E-03));
#6536 = ( GEOMETRIC_REPRESENTATION_CONTEXT(2) 
PARAMETRIC_REPRESENTATION_CONTEXT() REPRESENTATION_CONTEXT('2D SPACE',''
  ) );
#6537 = ORIENTED_EDGE('',*,*,#6538,.F.);
#6538 = EDGE_CURVE('',#6451,#6511,#6539,.T.);
#6539 = SURFACE_CURVE('',#6540,(#6543,#6549),.PCURVE_S1.);
#6540 = B_SPLINE_CURVE_WITH_KNOTS('',1,(#6541,#6542),.UNSPECIFIED.,.F.,
  .F.,(2,2),(0.,8.876117240666E-03),.PIECEWISE_BEZIER_KNOTS.);
#6541 = CARTESIAN_POINT('',(14.129078401243,-0.839559129266,
    18.750028531283));
#6542 = CARTESIAN_POINT('',(22.992828408808,-1.307953272524,
    18.750028531283));
#6543 = PCURVE('',#6460,#6544);
#6544 = DEFINITIONAL_REPRESENTATION('',(#6545),#6548);
#6545 = B_SPLINE_CURVE_WITH_KNOTS('',1,(#6546,#6547),.UNSPECIFIED.,.F.,
  .F.,(2,2),(0.,8.876117240666E-03),.PIECEWISE_BEZIER_KNOTS.);
#6546 = CARTESIAN_POINT('',(0.,0.));
#6547 = CARTESIAN_POINT('',(8.876117240666E-03,0.));
#6548 = ( GEOMETRIC_REPRESENTATION_CONTEXT(2) 
PARAMETRIC_REPRESENTATION_CONTEXT() REPRESENTATION_CONTEXT('2D SPACE',''
  ) );
#6549 = PCURVE('',#6550,#6555);
#6550 = B_SPLINE_SURFACE_WITH_KNOTS('',1,1,(
    (#6551,#6552)
    ,(#6553,#6554
    )),.UNSPECIFIED.,.F.,.F.,.F.,(2,2),(2,2),(-4.331809092001E-03,
    5.001200786526E-03),(-2.419216761298E-03,3.442020482927E-03),
  .PIECEWISE_BEZIER_KNOTS.);
#6551 = CARTESIAN_POINT('',(21.902831570277,-7.116661380455,
    18.750028531283));
#6552 = CARTESIAN_POINT('',(23.714053486806,-1.542293505783,
    18.750028531283));
#6553 = CARTESIAN_POINT('',(13.026611708657,-4.232602719321,
    18.750028531283));
#6554 = CARTESIAN_POINT('',(14.837833625186,1.341765155351,
    18.750028531283));
#6555 = DEFINITIONAL_REPRESENTATION('',(#6556),#6559);
#6556 = B_SPLINE_CURVE_WITH_KNOTS('',1,(#6557,#6558),.UNSPECIFIED.,.F.,
  .F.,(2,2),(0.,8.876117240666E-03),.PIECEWISE_BEZIER_KNOTS.);
#6557 = CARTESIAN_POINT('',(5.001200786526E-03,1.148440398838E-03));
#6558 = CARTESIAN_POINT('',(-3.573468167312E-03,3.442020482927E-03));
#6559 = ( GEOMETRIC_REPRESENTATION_CONTEXT(2) 
PARAMETRIC_REPRESENTATION_CONTEXT() REPRESENTATION_CONTEXT('2D SPACE',''
  ) );
#6560 = ADVANCED_FACE('',(#6561),#6524,.T.);
#6561 = FACE_BOUND('',#6562,.T.);
#6562 = EDGE_LOOP('',(#6563,#6564,#6587,#6613));
#6563 = ORIENTED_EDGE('',*,*,#6510,.T.);
#6564 = ORIENTED_EDGE('',*,*,#6565,.T.);
#6565 = EDGE_CURVE('',#6486,#6566,#6568,.T.);
#6566 = VERTEX_POINT('',#6567);
#6567 = CARTESIAN_POINT('',(21.902831570277,-7.116661380455,
    25.221605084184));
#6568 = SURFACE_CURVE('',#6569,(#6573,#6580),.PCURVE_S1.);
#6569 = ( BOUNDED_CURVE() B_SPLINE_CURVE(2,(#6570,#6571,#6572),
.UNSPECIFIED.,.F.,.F.) B_SPLINE_CURVE_WITH_KNOTS((3,3),(6.025850072572,
6.28318530718),.PIECEWISE_BEZIER_KNOTS.) CURVE() 
GEOMETRIC_REPRESENTATION_ITEM() RATIONAL_B_SPLINE_CURVE((1.,
0.99173373582,1.)) REPRESENTATION_ITEM('') );
#6570 = CARTESIAN_POINT('',(22.992828408808,-1.307953272524,
    25.221605084184));
#6571 = CARTESIAN_POINT('',(22.823602279101,-4.282820528395,
    25.221605084184));
#6572 = CARTESIAN_POINT('',(21.902831570277,-7.116661380455,
    25.221605084184));
#6573 = PCURVE('',#6524,#6574);
#6574 = DEFINITIONAL_REPRESENTATION('',(#6575),#6579);
#6575 = B_SPLINE_CURVE_WITH_KNOTS('',2,(#6576,#6577,#6578),
  .UNSPECIFIED.,.F.,.F.,(3,3),(6.025850072572,6.28318530718),
  .PIECEWISE_BEZIER_KNOTS.);
#6576 = CARTESIAN_POINT('',(6.025850072572,-6.471576552901E-03));
#6577 = CARTESIAN_POINT('',(6.154517689876,-6.471576552901E-03));
#6578 = CARTESIAN_POINT('',(6.28318530718,-6.471576552901E-03));
#6579 = ( GEOMETRIC_REPRESENTATION_CONTEXT(2) 
PARAMETRIC_REPRESENTATION_CONTEXT() REPRESENTATION_CONTEXT('2D SPACE',''
  ) );
#6580 = PCURVE('',#6499,#6581);
#6581 = DEFINITIONAL_REPRESENTATION('',(#6582),#6586);
#6582 = ( BOUNDED_CURVE() B_SPLINE_CURVE(2,(#6583,#6584,#6585),
.UNSPECIFIED.,.F.,.F.) B_SPLINE_CURVE_WITH_KNOTS((3,3),(6.025850072572,
6.28318530718),.PIECEWISE_BEZIER_KNOTS.) CURVE() 
GEOMETRIC_REPRESENTATION_ITEM() RATIONAL_B_SPLINE_CURVE((1.,
0.99173373582,1.)) REPRESENTATION_ITEM('') );
#6583 = CARTESIAN_POINT('',(-3.573468167312E-03,3.442020482927E-03));
#6584 = CARTESIAN_POINT('',(-4.331809092001E-03,5.604598441461E-04));
#6585 = CARTESIAN_POINT('',(-4.331809092001E-03,-2.419216761298E-03));
#6586 = ( GEOMETRIC_REPRESENTATION_CONTEXT(2) 
PARAMETRIC_REPRESENTATION_CONTEXT() REPRESENTATION_CONTEXT('2D SPACE',''
  ) );
#6587 = ORIENTED_EDGE('',*,*,#6588,.F.);
#6588 = EDGE_CURVE('',#6589,#6566,#6591,.T.);
#6589 = VERTEX_POINT('',#6590);
#6590 = CARTESIAN_POINT('',(21.902831570277,-7.116661380455,
    18.750028531283));
#6591 = SURFACE_CURVE('',#6592,(#6595,#6602),.PCURVE_S1.);
#6592 = B_SPLINE_CURVE_WITH_KNOTS('',1,(#6593,#6594),.UNSPECIFIED.,.F.,
  .F.,(2,2),(0.,6.471576552901E-03),.PIECEWISE_BEZIER_KNOTS.);
#6593 = CARTESIAN_POINT('',(21.902831570277,-7.116661380455,
    18.750028531283));
#6594 = CARTESIAN_POINT('',(21.902831570277,-7.116661380455,
    25.221605084184));
#6595 = PCURVE('',#6524,#6596);
#6596 = DEFINITIONAL_REPRESENTATION('',(#6597),#6601);
#6597 = B_SPLINE_CURVE_WITH_KNOTS('',2,(#6598,#6599,#6600),
  .UNSPECIFIED.,.F.,.F.,(3,3),(0.,6.471576552901E-03),
  .PIECEWISE_BEZIER_KNOTS.);
#6598 = CARTESIAN_POINT('',(6.28318530718,0.));
#6599 = CARTESIAN_POINT('',(6.28318530718,-3.23578827645E-03));
#6600 = CARTESIAN_POINT('',(6.28318530718,-6.471576552901E-03));
#6601 = ( GEOMETRIC_REPRESENTATION_CONTEXT(2) 
PARAMETRIC_REPRESENTATION_CONTEXT() REPRESENTATION_CONTEXT('2D SPACE',''
  ) );
#6602 = PCURVE('',#6603,#6608);
#6603 = B_SPLINE_SURFACE_WITH_KNOTS('',1,1,(
    (#6604,#6605)
    ,(#6606,#6607
    )),.UNSPECIFIED.,.F.,.F.,.F.,(2,2),(2,2),(0.,8.876117240666E-03),(
    -6.471576552901E-03,0.),.PIECEWISE_BEZIER_KNOTS.);
#6604 = CARTESIAN_POINT('',(21.902831570277,-7.116661380455,
    25.221605084184));
#6605 = CARTESIAN_POINT('',(21.902831570277,-7.116661380455,
    18.750028531283));
#6606 = CARTESIAN_POINT('',(13.472262905876,-4.33979817445,
    25.221605084184));
#6607 = CARTESIAN_POINT('',(13.472262905876,-4.33979817445,
    18.750028531283));
#6608 = DEFINITIONAL_REPRESENTATION('',(#6609),#6612);
#6609 = B_SPLINE_CURVE_WITH_KNOTS('',1,(#6610,#6611),.UNSPECIFIED.,.F.,
  .F.,(2,2),(0.,6.471576552901E-03),.PIECEWISE_BEZIER_KNOTS.);
#6610 = CARTESIAN_POINT('',(0.,0.));
#6611 = CARTESIAN_POINT('',(0.,-6.471576552901E-03));
#6612 = ( GEOMETRIC_REPRESENTATION_CONTEXT(2) 
PARAMETRIC_REPRESENTATION_CONTEXT() REPRESENTATION_CONTEXT('2D SPACE',''
  ) );
#6613 = ORIENTED_EDGE('',*,*,#6614,.F.);
#6614 = EDGE_CURVE('',#6511,#6589,#6615,.T.);
#6615 = SURFACE_CURVE('',#6616,(#6620,#6627),.PCURVE_S1.);
#6616 = ( BOUNDED_CURVE() B_SPLINE_CURVE(2,(#6617,#6618,#6619),
.UNSPECIFIED.,.F.,.F.) B_SPLINE_CURVE_WITH_KNOTS((3,3),(6.025850072572,
6.28318530718),.PIECEWISE_BEZIER_KNOTS.) CURVE() 
GEOMETRIC_REPRESENTATION_ITEM() RATIONAL_B_SPLINE_CURVE((1.,
0.99173373582,1.)) REPRESENTATION_ITEM('') );
#6617 = CARTESIAN_POINT('',(22.992828408808,-1.307953272524,
    18.750028531283));
#6618 = CARTESIAN_POINT('',(22.823602279101,-4.282820528395,
    18.750028531283));
#6619 = CARTESIAN_POINT('',(21.902831570277,-7.116661380455,
    18.750028531283));
#6620 = PCURVE('',#6524,#6621);
#6621 = DEFINITIONAL_REPRESENTATION('',(#6622),#6626);
#6622 = B_SPLINE_CURVE_WITH_KNOTS('',2,(#6623,#6624,#6625),
  .UNSPECIFIED.,.F.,.F.,(3,3),(6.025850072572,6.28318530718),
  .PIECEWISE_BEZIER_KNOTS.);
#6623 = CARTESIAN_POINT('',(6.025850072572,0.));
#6624 = CARTESIAN_POINT('',(6.154517689876,0.));
#6625 = CARTESIAN_POINT('',(6.28318530718,0.));
#6626 = ( GEOMETRIC_REPRESENTATION_CONTEXT(2) 
PARAMETRIC_REPRESENTATION_CONTEXT() REPRESENTATION_CONTEXT('2D SPACE',''
  ) );
#6627 = PCURVE('',#6550,#6628);
#6628 = DEFINITIONAL_REPRESENTATION('',(#6629),#6633);
#6629 = ( BOUNDED_CURVE() B_SPLINE_CURVE(2,(#6630,#6631,#6632),
.UNSPECIFIED.,.F.,.F.) B_SPLINE_CURVE_WITH_KNOTS((3,3),(6.025850072572,
6.28318530718),.PIECEWISE_BEZIER_KNOTS.) CURVE() 
GEOMETRIC_REPRESENTATION_ITEM() RATIONAL_B_SPLINE_CURVE((1.,
0.99173373582,1.)) REPRESENTATION_ITEM('') );
#6630 = CARTESIAN_POINT('',(-3.573468167312E-03,3.442020482927E-03));
#6631 = CARTESIAN_POINT('',(-4.331809092001E-03,5.604598441461E-04));
#6632 = CARTESIAN_POINT('',(-4.331809092001E-03,-2.419216761298E-03));
#6633 = ( GEOMETRIC_REPRESENTATION_CONTEXT(2) 
PARAMETRIC_REPRESENTATION_CONTEXT() REPRESENTATION_CONTEXT('2D SPACE',''
  ) );
#6634 = ADVANCED_FACE('',(#6635),#6603,.T.);
#6635 = FACE_BOUND('',#6636,.T.);
#6636 = EDGE_LOOP('',(#6637,#6638,#6658,#6679));
#6637 = ORIENTED_EDGE('',*,*,#6588,.T.);
#6638 = ORIENTED_EDGE('',*,*,#6639,.T.);
#6639 = EDGE_CURVE('',#6566,#6640,#6642,.T.);
#6640 = VERTEX_POINT('',#6641);
#6641 = CARTESIAN_POINT('',(13.472262905876,-4.33979817445,
    25.221605084184));
#6642 = SURFACE_CURVE('',#6643,(#6646,#6652),.PCURVE_S1.);
#6643 = B_SPLINE_CURVE_WITH_KNOTS('',1,(#6644,#6645),.UNSPECIFIED.,.F.,
  .F.,(2,2),(0.,8.876117240666E-03),.PIECEWISE_BEZIER_KNOTS.);
#6644 = CARTESIAN_POINT('',(21.902831570277,-7.116661380455,
    25.221605084184));
#6645 = CARTESIAN_POINT('',(13.472262905876,-4.33979817445,
    25.221605084184));
#6646 = PCURVE('',#6603,#6647);
#6647 = DEFINITIONAL_REPRESENTATION('',(#6648),#6651);
#6648 = B_SPLINE_CURVE_WITH_KNOTS('',1,(#6649,#6650),.UNSPECIFIED.,.F.,
  .F.,(2,2),(0.,8.876117240666E-03),.PIECEWISE_BEZIER_KNOTS.);
#6649 = CARTESIAN_POINT('',(0.,-6.471576552901E-03));
#6650 = CARTESIAN_POINT('',(8.876117240666E-03,-6.471576552901E-03));
#6651 = ( GEOMETRIC_REPRESENTATION_CONTEXT(2) 
PARAMETRIC_REPRESENTATION_CONTEXT() REPRESENTATION_CONTEXT('2D SPACE',''
  ) );
#6652 = PCURVE('',#6499,#6653);
#6653 = DEFINITIONAL_REPRESENTATION('',(#6654),#6657);
#6654 = B_SPLINE_CURVE_WITH_KNOTS('',1,(#6655,#6656),.UNSPECIFIED.,.F.,
  .F.,(2,2),(0.,8.876117240666E-03),.PIECEWISE_BEZIER_KNOTS.);
#6655 = CARTESIAN_POINT('',(-4.331809092001E-03,-2.419216761298E-03));
#6656 = CARTESIAN_POINT('',(4.544236094062E-03,-2.383451903911E-03));
#6657 = ( GEOMETRIC_REPRESENTATION_CONTEXT(2) 
PARAMETRIC_REPRESENTATION_CONTEXT() REPRESENTATION_CONTEXT('2D SPACE',''
  ) );
#6658 = ORIENTED_EDGE('',*,*,#6659,.F.);
#6659 = EDGE_CURVE('',#6660,#6640,#6662,.T.);
#6660 = VERTEX_POINT('',#6661);
#6661 = CARTESIAN_POINT('',(13.472262905876,-4.33979817445,
    18.750028531283));
#6662 = SURFACE_CURVE('',#6663,(#6666,#6672),.PCURVE_S1.);
#6663 = B_SPLINE_CURVE_WITH_KNOTS('',1,(#6664,#6665),.UNSPECIFIED.,.F.,
  .F.,(2,2),(0.,6.471576552901E-03),.PIECEWISE_BEZIER_KNOTS.);
#6664 = CARTESIAN_POINT('',(13.472262905876,-4.33979817445,
    18.750028531283));
#6665 = CARTESIAN_POINT('',(13.472262905876,-4.33979817445,
    25.221605084184));
#6666 = PCURVE('',#6603,#6667);
#6667 = DEFINITIONAL_REPRESENTATION('',(#6668),#6671);
#6668 = B_SPLINE_CURVE_WITH_KNOTS('',1,(#6669,#6670),.UNSPECIFIED.,.F.,
  .F.,(2,2),(0.,6.471576552901E-03),.PIECEWISE_BEZIER_KNOTS.);
#6669 = CARTESIAN_POINT('',(8.876117240666E-03,0.));
#6670 = CARTESIAN_POINT('',(8.876117240666E-03,-6.471576552901E-03));
#6671 = ( GEOMETRIC_REPRESENTATION_CONTEXT(2) 
PARAMETRIC_REPRESENTATION_CONTEXT() REPRESENTATION_CONTEXT('2D SPACE',''
  ) );
#6672 = PCURVE('',#6471,#6673);
#6673 = DEFINITIONAL_REPRESENTATION('',(#6674),#6678);
#6674 = B_SPLINE_CURVE_WITH_KNOTS('',2,(#6675,#6676,#6677),
  .UNSPECIFIED.,.F.,.F.,(3,3),(0.,6.471576552901E-03),
  .PIECEWISE_BEZIER_KNOTS.);
#6675 = CARTESIAN_POINT('',(3.144119493737,0.));
#6676 = CARTESIAN_POINT('',(3.144119493737,-3.23578827645E-03));
#6677 = CARTESIAN_POINT('',(3.144119493737,-6.471576552901E-03));
#6678 = ( GEOMETRIC_REPRESENTATION_CONTEXT(2) 
PARAMETRIC_REPRESENTATION_CONTEXT() REPRESENTATION_CONTEXT('2D SPACE',''
  ) );
#6679 = ORIENTED_EDGE('',*,*,#6680,.F.);
#6680 = EDGE_CURVE('',#6589,#6660,#6681,.T.);
#6681 = SURFACE_CURVE('',#6682,(#6685,#6691),.PCURVE_S1.);
#6682 = B_SPLINE_CURVE_WITH_KNOTS('',1,(#6683,#6684),.UNSPECIFIED.,.F.,
  .F.,(2,2),(0.,8.876117240666E-03),.PIECEWISE_BEZIER_KNOTS.);
#6683 = CARTESIAN_POINT('',(21.902831570277,-7.116661380455,
    18.750028531283));
#6684 = CARTESIAN_POINT('',(13.472262905876,-4.33979817445,
    18.750028531283));
#6685 = PCURVE('',#6603,#6686);
#6686 = DEFINITIONAL_REPRESENTATION('',(#6687),#6690);
#6687 = B_SPLINE_CURVE_WITH_KNOTS('',1,(#6688,#6689),.UNSPECIFIED.,.F.,
  .F.,(2,2),(0.,8.876117240666E-03),.PIECEWISE_BEZIER_KNOTS.);
#6688 = CARTESIAN_POINT('',(0.,0.));
#6689 = CARTESIAN_POINT('',(8.876117240666E-03,0.));
#6690 = ( GEOMETRIC_REPRESENTATION_CONTEXT(2) 
PARAMETRIC_REPRESENTATION_CONTEXT() REPRESENTATION_CONTEXT('2D SPACE',''
  ) );
#6691 = PCURVE('',#6550,#6692);
#6692 = DEFINITIONAL_REPRESENTATION('',(#6693),#6696);
#6693 = B_SPLINE_CURVE_WITH_KNOTS('',1,(#6694,#6695),.UNSPECIFIED.,.F.,
  .F.,(2,2),(0.,8.876117240666E-03),.PIECEWISE_BEZIER_KNOTS.);
#6694 = CARTESIAN_POINT('',(-4.331809092001E-03,-2.419216761298E-03));
#6695 = CARTESIAN_POINT('',(4.544236094062E-03,-2.383451903911E-03));
#6696 = ( GEOMETRIC_REPRESENTATION_CONTEXT(2) 
PARAMETRIC_REPRESENTATION_CONTEXT() REPRESENTATION_CONTEXT('2D SPACE',''
  ) );
#6697 = ADVANCED_FACE('',(#6698),#6471,.T.);
#6698 = FACE_BOUND('',#6699,.T.);
#6699 = EDGE_LOOP('',(#6700,#6701,#6722,#6723));
#6700 = ORIENTED_EDGE('',*,*,#6659,.T.);
#6701 = ORIENTED_EDGE('',*,*,#6702,.T.);
#6702 = EDGE_CURVE('',#6640,#6453,#6703,.T.);
#6703 = SURFACE_CURVE('',#6704,(#6708,#6715),.PCURVE_S1.);
#6704 = ( BOUNDED_CURVE() B_SPLINE_CURVE(2,(#6705,#6706,#6707),
.UNSPECIFIED.,.F.,.F.) B_SPLINE_CURVE_WITH_KNOTS((3,3),(3.144119493737,
3.39640104805),.PIECEWISE_BEZIER_KNOTS.) CURVE() 
GEOMETRIC_REPRESENTATION_ITEM() RATIONAL_B_SPLINE_CURVE((1.,
0.992054795563,1.)) REPRESENTATION_ITEM('') );
#6705 = CARTESIAN_POINT('',(13.472262905876,-4.33979817445,
    25.221605084184));
#6706 = CARTESIAN_POINT('',(14.022610472301,-2.631325382297,
    25.221605084184));
#6707 = CARTESIAN_POINT('',(14.129078401243,-0.839559129266,
    25.221605084184));
#6708 = PCURVE('',#6471,#6709);
#6709 = DEFINITIONAL_REPRESENTATION('',(#6710),#6714);
#6710 = B_SPLINE_CURVE_WITH_KNOTS('',2,(#6711,#6712,#6713),
  .UNSPECIFIED.,.F.,.F.,(3,3),(3.144119493737,3.39640104805),
  .PIECEWISE_BEZIER_KNOTS.);
#6711 = CARTESIAN_POINT('',(3.144119493737,-6.471576552901E-03));
#6712 = CARTESIAN_POINT('',(3.270260270894,-6.471576552901E-03));
#6713 = CARTESIAN_POINT('',(3.39640104805,-6.471576552901E-03));
#6714 = ( GEOMETRIC_REPRESENTATION_CONTEXT(2) 
PARAMETRIC_REPRESENTATION_CONTEXT() REPRESENTATION_CONTEXT('2D SPACE',''
  ) );
#6715 = PCURVE('',#6499,#6716);
#6716 = DEFINITIONAL_REPRESENTATION('',(#6717),#6721);
#6717 = ( BOUNDED_CURVE() B_SPLINE_CURVE(2,(#6718,#6719,#6720),
.UNSPECIFIED.,.F.,.F.) B_SPLINE_CURVE_WITH_KNOTS((3,3),(3.144119493737,
3.39640104805),.PIECEWISE_BEZIER_KNOTS.) CURVE() 
GEOMETRIC_REPRESENTATION_ITEM() RATIONAL_B_SPLINE_CURVE((1.,
0.992054795563,1.)) REPRESENTATION_ITEM('') );
#6718 = CARTESIAN_POINT('',(4.544236094062E-03,-2.383451903911E-03));
#6719 = CARTESIAN_POINT('',(4.548771581989E-03,-5.885309711837E-04));
#6720 = CARTESIAN_POINT('',(5.001200786526E-03,1.148440398838E-03));
#6721 = ( GEOMETRIC_REPRESENTATION_CONTEXT(2) 
PARAMETRIC_REPRESENTATION_CONTEXT() REPRESENTATION_CONTEXT('2D SPACE',''
  ) );
#6722 = ORIENTED_EDGE('',*,*,#6450,.F.);
#6723 = ORIENTED_EDGE('',*,*,#6724,.F.);
#6724 = EDGE_CURVE('',#6660,#6451,#6725,.T.);
#6725 = SURFACE_CURVE('',#6726,(#6730,#6737),.PCURVE_S1.);
#6726 = ( BOUNDED_CURVE() B_SPLINE_CURVE(2,(#6727,#6728,#6729),
.UNSPECIFIED.,.F.,.F.) B_SPLINE_CURVE_WITH_KNOTS((3,3),(3.144119493737,
3.39640104805),.PIECEWISE_BEZIER_KNOTS.) CURVE() 
GEOMETRIC_REPRESENTATION_ITEM() RATIONAL_B_SPLINE_CURVE((1.,
0.992054795563,1.)) REPRESENTATION_ITEM('') );
#6727 = CARTESIAN_POINT('',(13.472262905876,-4.33979817445,
    18.750028531283));
#6728 = CARTESIAN_POINT('',(14.022610472301,-2.631325382297,
    18.750028531283));
#6729 = CARTESIAN_POINT('',(14.129078401243,-0.839559129266,
    18.750028531283));
#6730 = PCURVE('',#6471,#6731);
#6731 = DEFINITIONAL_REPRESENTATION('',(#6732),#6736);
#6732 = B_SPLINE_CURVE_WITH_KNOTS('',2,(#6733,#6734,#6735),
  .UNSPECIFIED.,.F.,.F.,(3,3),(3.144119493737,3.39640104805),
  .PIECEWISE_BEZIER_KNOTS.);
#6733 = CARTESIAN_POINT('',(3.144119493737,0.));
#6734 = CARTESIAN_POINT('',(3.270260270894,0.));
#6735 = CARTESIAN_POINT('',(3.39640104805,0.));
#6736 = ( GEOMETRIC_REPRESENTATION_CONTEXT(2) 
PARAMETRIC_REPRESENTATION_CONTEXT() REPRESENTATION_CONTEXT('2D SPACE',''
  ) );
#6737 = PCURVE('',#6550,#6738);
#6738 = DEFINITIONAL_REPRESENTATION('',(#6739),#6743);
#6739 = ( BOUNDED_CURVE() B_SPLINE_CURVE(2,(#6740,#6741,#6742),
.UNSPECIFIED.,.F.,.F.) B_SPLINE_CURVE_WITH_KNOTS((3,3),(3.144119493737,
3.39640104805),.PIECEWISE_BEZIER_KNOTS.) CURVE() 
GEOMETRIC_REPRESENTATION_ITEM() RATIONAL_B_SPLINE_CURVE((1.,
0.992054795563,1.)) REPRESENTATION_ITEM('') );
#6740 = CARTESIAN_POINT('',(4.544236094062E-03,-2.383451903911E-03));
#6741 = CARTESIAN_POINT('',(4.548771581989E-03,-5.885309711837E-04));
#6742 = CARTESIAN_POINT('',(5.001200786526E-03,1.148440398838E-03));
#6743 = ( GEOMETRIC_REPRESENTATION_CONTEXT(2) 
PARAMETRIC_REPRESENTATION_CONTEXT() REPRESENTATION_CONTEXT('2D SPACE',''
  ) );
#6744 = ADVANCED_FACE('',(#6745),#6550,.T.);
#6745 = FACE_BOUND('',#6746,.T.);
#6746 = EDGE_LOOP('',(#6747,#6748,#6749,#6750));
#6747 = ORIENTED_EDGE('',*,*,#6538,.T.);
#6748 = ORIENTED_EDGE('',*,*,#6614,.T.);
#6749 = ORIENTED_EDGE('',*,*,#6680,.T.);
#6750 = ORIENTED_EDGE('',*,*,#6724,.T.);
#6751 = ADVANCED_FACE('',(#6752),#6499,.F.);
#6752 = FACE_BOUND('',#6753,.F.);
#6753 = EDGE_LOOP('',(#6754,#6755,#6756,#6757));
#6754 = ORIENTED_EDGE('',*,*,#6485,.T.);
#6755 = ORIENTED_EDGE('',*,*,#6565,.T.);
#6756 = ORIENTED_EDGE('',*,*,#6639,.T.);
#6757 = ORIENTED_EDGE('',*,*,#6702,.T.);
#6758 = ( GEOMETRIC_REPRESENTATION_CONTEXT(3) 
GLOBAL_UNCERTAINTY_ASSIGNED_CONTEXT((#6762)) 
GLOBAL_UNIT_ASSIGNED_CONTEXT((#6759,#6760,#6761)) REPRESENTATION_CONTEXT
('Context #1','3D Context with UNIT and UNCERTAINTY') );
#6759 = ( LENGTH_UNIT() NAMED_UNIT(*) SI_UNIT(.MILLI.,.METRE.) );
#6760 = ( NAMED_UNIT(*) PLANE_ANGLE_UNIT() SI_UNIT($,.RADIAN.) );
#6761 = ( NAMED_UNIT(*) SI_UNIT($,.STERADIAN.) SOLID_ANGLE_UNIT() );
#6762 = UNCERTAINTY_MEASURE_WITH_UNIT(LENGTH_MEASURE(1.E-04),#6759,
  'distance_accuracy_value','confusion accuracy');
#6763 = CONTEXT_DEPENDENT_SHAPE_REPRESENTATION(#6764,#6766);
#6764 = ( REPRESENTATION_RELATIONSHIP('','',#6443,#10) 
REPRESENTATION_RELATIONSHIP_WITH_TRANSFORMATION(#6765) 
SHAPE_REPRESENTATION_RELATIONSHIP() );
#6765 = ITEM_DEFINED_TRANSFORMATION('','',#11,#91);
#6766 = PRODUCT_DEFINITION_SHAPE('Placement','Placement of an item',
  #6767);
#6767 = NEXT_ASSEMBLY_USAGE_OCCURRENCE('6004','','',#5,#6438,$);
#6768 = PRODUCT_RELATED_PRODUCT_CATEGORY('part',$,(#6440));
#6769 = SHAPE_DEFINITION_REPRESENTATION(#6770,#6776);
#6770 = PRODUCT_DEFINITION_SHAPE('','',#6771);
#6771 = PRODUCT_DEFINITION('design','',#6772,#6775);
#6772 = PRODUCT_DEFINITION_FORMATION('','',#6773);
#6773 = PRODUCT('Open CASCADE STEP translator 7.8 154.21',
  'Open CASCADE STEP translator 7.8 154.21','',(#6774));
#6774 = PRODUCT_CONTEXT('',#2,'mechanical');
#6775 = PRODUCT_DEFINITION_CONTEXT('part definition',#2,'design');
#6776 = ADVANCED_BREP_SHAPE_REPRESENTATION('',(#11,#6777),#10353);
#6777 = MANIFOLD_SOLID_BREP('',#6778);
#6778 = CLOSED_SHELL('',(#6779,#7159,#7497,#7828,#8136,#8483,#8793,#9096
    ,#9376,#9417,#9442,#9466,#9490,#9514,#9538,#9562,#9586,#9610,#9634,
    #9658,#9682,#9706,#9730,#9754,#9778,#9802,#9826,#9851,#9875,#9899,
    #9924,#9948,#9972,#9996,#10020,#10044,#10068,#10092,#10116,#10140,
    #10164,#10188,#10212,#10236,#10260,#10284,#10308,#10333,#10340));
#6779 = ADVANCED_FACE('',(#6780),#6793,.F.);
#6780 = FACE_BOUND('',#6781,.F.);
#6781 = EDGE_LOOP('',(#6782,#6820,#6848,#6877,#6905,#6934,#6962,#6991,
    #7019,#7047,#7075,#7104,#7132));
#6782 = ORIENTED_EDGE('',*,*,#6783,.T.);
#6783 = EDGE_CURVE('',#6784,#6786,#6788,.T.);
#6784 = VERTEX_POINT('',#6785);
#6785 = CARTESIAN_POINT('',(23.03,2.888941799189E-16,25.221605084184));
#6786 = VERTEX_POINT('',#6787);
#6787 = CARTESIAN_POINT('',(23.03,0.,26.27322065986));
#6788 = SURFACE_CURVE('',#6789,(#6792,#6806),.PCURVE_S1.);
#6789 = B_SPLINE_CURVE_WITH_KNOTS('',1,(#6790,#6791),.UNSPECIFIED.,.F.,
  .F.,(2,2),(0.,1.051615575676E-03),.PIECEWISE_BEZIER_KNOTS.);
#6790 = CARTESIAN_POINT('',(23.03,0.,25.221605084184));
#6791 = CARTESIAN_POINT('',(23.03,0.,26.27322065986));
#6792 = PCURVE('',#6793,#6800);
#6793 = ( BOUNDED_SURFACE() B_SPLINE_SURFACE(2,1,(
    (#6794,#6795)
    ,(#6796,#6797)
    ,(#6798,#6799
)),.UNSPECIFIED.,.F.,.F.,.F.) B_SPLINE_SURFACE_WITH_KNOTS((3,3),(2,2),(
    3.14159265359,4.712388980385),(-1.051615575676E-03,0.),
.PIECEWISE_BEZIER_KNOTS.) GEOMETRIC_REPRESENTATION_ITEM() 
RATIONAL_B_SPLINE_SURFACE((
    (1.,1.)
    ,(0.707106781187,0.707106781187)
,(1.,1.))) REPRESENTATION_ITEM('') SURFACE() );
#6794 = CARTESIAN_POINT('',(23.03,-2.820361578436E-15,26.27322065986));
#6795 = CARTESIAN_POINT('',(23.03,-2.820361578436E-15,25.221605084184));
#6796 = CARTESIAN_POINT('',(23.03,23.03,26.27322065986));
#6797 = CARTESIAN_POINT('',(23.03,23.03,25.221605084184));
#6798 = CARTESIAN_POINT('',(4.230542367655E-15,23.03,26.27322065986));
#6799 = CARTESIAN_POINT('',(4.230542367655E-15,23.03,25.221605084184));
#6800 = DEFINITIONAL_REPRESENTATION('',(#6801),#6805);
#6801 = B_SPLINE_CURVE_WITH_KNOTS('',2,(#6802,#6803,#6804),
  .UNSPECIFIED.,.F.,.F.,(3,3),(0.,1.051615575676E-03),
  .PIECEWISE_BEZIER_KNOTS.);
#6802 = CARTESIAN_POINT('',(3.14159265359,0.));
#6803 = CARTESIAN_POINT('',(3.14159265359,-5.258077878381E-04));
#6804 = CARTESIAN_POINT('',(3.14159265359,-1.051615575676E-03));
#6805 = ( GEOMETRIC_REPRESENTATION_CONTEXT(2) 
PARAMETRIC_REPRESENTATION_CONTEXT() REPRESENTATION_CONTEXT('2D SPACE',''
  ) );
#6806 = PCURVE('',#6807,#6814);
#6807 = ( BOUNDED_SURFACE() B_SPLINE_SURFACE(2,1,(
    (#6808,#6809)
    ,(#6810,#6811)
    ,(#6812,#6813
)),.UNSPECIFIED.,.F.,.F.,.F.) B_SPLINE_SURFACE_WITH_KNOTS((3,3),(2,2),(
    1.570796326795,3.14159265359),(-1.051615575676E-03,0.),
.PIECEWISE_BEZIER_KNOTS.) GEOMETRIC_REPRESENTATION_ITEM() 
RATIONAL_B_SPLINE_SURFACE((
    (1.,1.)
    ,(0.707106781187,0.707106781187)
,(1.,1.))) REPRESENTATION_ITEM('') SURFACE() );
#6808 = CARTESIAN_POINT('',(-1.410180789218E-15,-23.03,26.27322065986));
#6809 = CARTESIAN_POINT('',(-1.410180789218E-15,-23.03,25.221605084184)
  );
#6810 = CARTESIAN_POINT('',(23.03,-23.03,26.27322065986));
#6811 = CARTESIAN_POINT('',(23.03,-23.03,25.221605084184));
#6812 = CARTESIAN_POINT('',(23.03,-2.820361578436E-15,26.27322065986));
#6813 = CARTESIAN_POINT('',(23.03,-2.820361578436E-15,25.221605084184));
#6814 = DEFINITIONAL_REPRESENTATION('',(#6815),#6819);
#6815 = B_SPLINE_CURVE_WITH_KNOTS('',2,(#6816,#6817,#6818),
  .UNSPECIFIED.,.F.,.F.,(3,3),(0.,1.051615575676E-03),
  .PIECEWISE_BEZIER_KNOTS.);
#6816 = CARTESIAN_POINT('',(3.14159265359,0.));
#6817 = CARTESIAN_POINT('',(3.14159265359,-5.258077878381E-04));
#6818 = CARTESIAN_POINT('',(3.14159265359,-1.051615575676E-03));
#6819 = ( GEOMETRIC_REPRESENTATION_CONTEXT(2) 
PARAMETRIC_REPRESENTATION_CONTEXT() REPRESENTATION_CONTEXT('2D SPACE',''
  ) );
#6820 = ORIENTED_EDGE('',*,*,#6821,.T.);
#6821 = EDGE_CURVE('',#6786,#6822,#6824,.T.);
#6822 = VERTEX_POINT('',#6823);
#6823 = CARTESIAN_POINT('',(0.,23.03,26.27322065986));
#6824 = SURFACE_CURVE('',#6825,(#6829,#6836),.PCURVE_S1.);
#6825 = ( BOUNDED_CURVE() B_SPLINE_CURVE(2,(#6826,#6827,#6828),
.UNSPECIFIED.,.F.,.F.) B_SPLINE_CURVE_WITH_KNOTS((3,3),(3.14159265359,
4.712388980385),.PIECEWISE_BEZIER_KNOTS.) CURVE() 
GEOMETRIC_REPRESENTATION_ITEM() RATIONAL_B_SPLINE_CURVE((1.,
0.707106781187,1.)) REPRESENTATION_ITEM('') );
#6826 = CARTESIAN_POINT('',(23.03,-2.820361578436E-15,26.27322065986));
#6827 = CARTESIAN_POINT('',(23.03,23.03,26.27322065986));
#6828 = CARTESIAN_POINT('',(4.230542367655E-15,23.03,26.27322065986));
#6829 = PCURVE('',#6793,#6830);
#6830 = DEFINITIONAL_REPRESENTATION('',(#6831),#6835);
#6831 = B_SPLINE_CURVE_WITH_KNOTS('',2,(#6832,#6833,#6834),
  .UNSPECIFIED.,.F.,.F.,(3,3),(3.14159265359,4.712388980385),
  .PIECEWISE_BEZIER_KNOTS.);
#6832 = CARTESIAN_POINT('',(3.14159265359,-1.051615575676E-03));
#6833 = CARTESIAN_POINT('',(3.926990816987,-1.051615575676E-03));
#6834 = CARTESIAN_POINT('',(4.712388980385,-1.051615575676E-03));
#6835 = ( GEOMETRIC_REPRESENTATION_CONTEXT(2) 
PARAMETRIC_REPRESENTATION_CONTEXT() REPRESENTATION_CONTEXT('2D SPACE',''
  ) );
#6836 = PCURVE('',#6837,#6842);
#6837 = B_SPLINE_SURFACE_WITH_KNOTS('',1,1,(
    (#6838,#6839)
    ,(#6840,#6841
    )),.UNSPECIFIED.,.F.,.F.,.F.,(2,2),(2,2),(-2.303E-02,2.303E-02),(
    -2.303E-02,2.303E-02),.PIECEWISE_BEZIER_KNOTS.);
#6838 = CARTESIAN_POINT('',(-23.03,-23.03,26.27322065986));
#6839 = CARTESIAN_POINT('',(-23.03,23.03,26.27322065986));
#6840 = CARTESIAN_POINT('',(23.03,-23.03,26.27322065986));
#6841 = CARTESIAN_POINT('',(23.03,23.03,26.27322065986));
#6842 = DEFINITIONAL_REPRESENTATION('',(#6843),#6847);
#6843 = ( BOUNDED_CURVE() B_SPLINE_CURVE(2,(#6844,#6845,#6846),
.UNSPECIFIED.,.F.,.F.) B_SPLINE_CURVE_WITH_KNOTS((3,3),(3.14159265359,
4.712388980385),.PIECEWISE_BEZIER_KNOTS.) CURVE() 
GEOMETRIC_REPRESENTATION_ITEM() RATIONAL_B_SPLINE_CURVE((1.,
0.707106781187,1.)) REPRESENTATION_ITEM('') );
#6844 = CARTESIAN_POINT('',(2.303E-02,-2.13442549697E-18));
#6845 = CARTESIAN_POINT('',(2.303E-02,2.303E-02));
#6846 = CARTESIAN_POINT('',(3.851595023856E-18,2.303E-02));
#6847 = ( GEOMETRIC_REPRESENTATION_CONTEXT(2) 
PARAMETRIC_REPRESENTATION_CONTEXT() REPRESENTATION_CONTEXT('2D SPACE',''
  ) );
#6848 = ORIENTED_EDGE('',*,*,#6849,.F.);
#6849 = EDGE_CURVE('',#6850,#6822,#6852,.T.);
#6850 = VERTEX_POINT('',#6851);
#6851 = CARTESIAN_POINT('',(1.156482317318E-15,23.03,25.221605084184));
#6852 = SURFACE_CURVE('',#6853,(#6856,#6863),.PCURVE_S1.);
#6853 = B_SPLINE_CURVE_WITH_KNOTS('',1,(#6854,#6855),.UNSPECIFIED.,.F.,
  .F.,(2,2),(0.,1.051615575676E-03),.PIECEWISE_BEZIER_KNOTS.);
#6854 = CARTESIAN_POINT('',(0.,23.03,25.221605084184));
#6855 = CARTESIAN_POINT('',(0.,23.03,26.27322065986));
#6856 = PCURVE('',#6793,#6857);
#6857 = DEFINITIONAL_REPRESENTATION('',(#6858),#6862);
#6858 = B_SPLINE_CURVE_WITH_KNOTS('',2,(#6859,#6860,#6861),
  .UNSPECIFIED.,.F.,.F.,(3,3),(0.,1.051615575676E-03),
  .PIECEWISE_BEZIER_KNOTS.);
#6859 = CARTESIAN_POINT('',(4.712388980385,0.));
#6860 = CARTESIAN_POINT('',(4.712388980385,-5.258077878381E-04));
#6861 = CARTESIAN_POINT('',(4.712388980385,-1.051615575676E-03));
#6862 = ( GEOMETRIC_REPRESENTATION_CONTEXT(2) 
PARAMETRIC_REPRESENTATION_CONTEXT() REPRESENTATION_CONTEXT('2D SPACE',''
  ) );
#6863 = PCURVE('',#6864,#6871);
#6864 = ( BOUNDED_SURFACE() B_SPLINE_SURFACE(2,1,(
    (#6865,#6866)
    ,(#6867,#6868)
    ,(#6869,#6870
)),.UNSPECIFIED.,.F.,.F.,.F.) B_SPLINE_SURFACE_WITH_KNOTS((3,3),(2,2),(
    4.712388980385,6.28318530718),(-1.051615575676E-03,0.),
.PIECEWISE_BEZIER_KNOTS.) GEOMETRIC_REPRESENTATION_ITEM() 
RATIONAL_B_SPLINE_SURFACE((
    (1.,1.)
    ,(0.707106781187,0.707106781187)
,(1.,1.))) REPRESENTATION_ITEM('') SURFACE() );
#6865 = CARTESIAN_POINT('',(4.230542367655E-15,23.03,26.27322065986));
#6866 = CARTESIAN_POINT('',(4.230542367655E-15,23.03,25.221605084184));
#6867 = CARTESIAN_POINT('',(-23.03,23.03,26.27322065986));
#6868 = CARTESIAN_POINT('',(-23.03,23.03,25.221605084184));
#6869 = CARTESIAN_POINT('',(-23.03,5.640723156873E-15,26.27322065986));
#6870 = CARTESIAN_POINT('',(-23.03,5.640723156873E-15,25.221605084184));
#6871 = DEFINITIONAL_REPRESENTATION('',(#6872),#6876);
#6872 = B_SPLINE_CURVE_WITH_KNOTS('',2,(#6873,#6874,#6875),
  .UNSPECIFIED.,.F.,.F.,(3,3),(0.,1.051615575676E-03),
  .PIECEWISE_BEZIER_KNOTS.);
#6873 = CARTESIAN_POINT('',(4.712388980385,0.));
#6874 = CARTESIAN_POINT('',(4.712388980385,-5.258077878381E-04));
#6875 = CARTESIAN_POINT('',(4.712388980385,-1.051615575676E-03));
#6876 = ( GEOMETRIC_REPRESENTATION_CONTEXT(2) 
PARAMETRIC_REPRESENTATION_CONTEXT() REPRESENTATION_CONTEXT('2D SPACE',''
  ) );
#6877 = ORIENTED_EDGE('',*,*,#6878,.F.);
#6878 = EDGE_CURVE('',#6879,#6850,#6881,.T.);
#6879 = VERTEX_POINT('',#6880);
#6880 = CARTESIAN_POINT('',(1.307953272524,22.992828408808,
    25.221605084184));
#6881 = SURFACE_CURVE('',#6882,(#6886,#6893),.PCURVE_S1.);
#6882 = ( BOUNDED_CURVE() B_SPLINE_CURVE(2,(#6883,#6884,#6885),
.UNSPECIFIED.,.F.,.F.) B_SPLINE_CURVE_WITH_KNOTS((3,3),(4.655564949634,
4.712388980385),.PIECEWISE_BEZIER_KNOTS.) CURVE() 
GEOMETRIC_REPRESENTATION_ITEM() RATIONAL_B_SPLINE_CURVE((1.,
0.999596405842,1.)) REPRESENTATION_ITEM('') );
#6883 = CARTESIAN_POINT('',(1.307953272524,22.992828408808,
    25.221605084184));
#6884 = CARTESIAN_POINT('',(0.654504838309,23.03,25.221605084184));
#6885 = CARTESIAN_POINT('',(4.230542367655E-15,23.03,25.221605084184));
#6886 = PCURVE('',#6793,#6887);
#6887 = DEFINITIONAL_REPRESENTATION('',(#6888),#6892);
#6888 = B_SPLINE_CURVE_WITH_KNOTS('',2,(#6889,#6890,#6891),
  .UNSPECIFIED.,.F.,.F.,(3,3),(4.655564949634,4.712388980385),
  .PIECEWISE_BEZIER_KNOTS.);
#6889 = CARTESIAN_POINT('',(4.649990900842,-1.883350572575E-20));
#6890 = CARTESIAN_POINT('',(4.680837412212,3.58978016502E-18));
#6891 = CARTESIAN_POINT('',(4.712388980385,0.));
#6892 = ( GEOMETRIC_REPRESENTATION_CONTEXT(2) 
PARAMETRIC_REPRESENTATION_CONTEXT() REPRESENTATION_CONTEXT('2D SPACE',''
  ) );
#6893 = PCURVE('',#6894,#6899);
#6894 = B_SPLINE_SURFACE_WITH_KNOTS('',1,1,(
    (#6895,#6896)
    ,(#6897,#6898
    )),.UNSPECIFIED.,.F.,.F.,.F.,(2,2),(2,2),(-3.576485738651E-05,
    1.307953272524E-03),(1.412907840124E-02,2.303E-02),
  .PIECEWISE_BEZIER_KNOTS.);
#6895 = CARTESIAN_POINT('',(-3.576485738651E-02,14.129078401243,
    25.221605084184));
#6896 = CARTESIAN_POINT('',(-3.576485738651E-02,23.03,25.221605084184));
#6897 = CARTESIAN_POINT('',(1.307953272524,14.129078401243,
    25.221605084184));
#6898 = CARTESIAN_POINT('',(1.307953272524,23.03,25.221605084184));
#6899 = DEFINITIONAL_REPRESENTATION('',(#6900),#6904);
#6900 = ( BOUNDED_CURVE() B_SPLINE_CURVE(2,(#6901,#6902,#6903),
.UNSPECIFIED.,.F.,.F.) B_SPLINE_CURVE_WITH_KNOTS((3,3),(4.655564949634,
4.712388980385),.PIECEWISE_BEZIER_KNOTS.) CURVE() 
GEOMETRIC_REPRESENTATION_ITEM() RATIONAL_B_SPLINE_CURVE((1.,
0.999596405842,1.)) REPRESENTATION_ITEM('') );
#6901 = CARTESIAN_POINT('',(1.307953272524E-03,2.299282840881E-02));
#6902 = CARTESIAN_POINT('',(6.545048383091E-04,2.303E-02));
#6903 = CARTESIAN_POINT('',(3.851595023856E-18,2.303E-02));
#6904 = ( GEOMETRIC_REPRESENTATION_CONTEXT(2) 
PARAMETRIC_REPRESENTATION_CONTEXT() REPRESENTATION_CONTEXT('2D SPACE',''
  ) );
#6905 = ORIENTED_EDGE('',*,*,#6906,.T.);
#6906 = EDGE_CURVE('',#6879,#6907,#6909,.T.);
#6907 = VERTEX_POINT('',#6908);
#6908 = CARTESIAN_POINT('',(7.116661380455,21.902831570277,
    25.221605084184));
#6909 = SURFACE_CURVE('',#6910,(#6914,#6922),.PCURVE_S1.);
#6910 = ( BOUNDED_CURVE() B_SPLINE_CURVE(2,(#6911,#6912,#6913),
.UNSPECIFIED.,.F.,.F.) B_SPLINE_CURVE_WITH_KNOTS((3,3),(6.025850072572,
6.28318530718),.PIECEWISE_BEZIER_KNOTS.) CURVE() 
GEOMETRIC_REPRESENTATION_ITEM() RATIONAL_B_SPLINE_CURVE((1.,
0.99173373582,1.)) REPRESENTATION_ITEM('') );
#6911 = CARTESIAN_POINT('',(1.307953272524,22.992828408808,
    25.221605084184));
#6912 = CARTESIAN_POINT('',(4.282820528395,22.823602279101,
    25.221605084184));
#6913 = CARTESIAN_POINT('',(7.116661380455,21.902831570277,
    25.221605084184));
#6914 = PCURVE('',#6793,#6915);
#6915 = DEFINITIONAL_REPRESENTATION('',(#6916),#6921);
#6916 = B_SPLINE_CURVE_WITH_KNOTS('',3,(#6917,#6918,#6919,#6920),
  .UNSPECIFIED.,.F.,.F.,(4,4),(6.025850072572,6.28318530718),
  .PIECEWISE_BEZIER_KNOTS.);
#6917 = CARTESIAN_POINT('',(4.649990900842,3.475805770908E-18));
#6918 = CARTESIAN_POINT('',(4.557101977036,-7.404473425627E-18));
#6919 = CARTESIAN_POINT('',(4.467983011328,1.703238927881E-17));
#6920 = CARTESIAN_POINT('',(4.382208689072,-1.952229236138E-20));
#6921 = ( GEOMETRIC_REPRESENTATION_CONTEXT(2) 
PARAMETRIC_REPRESENTATION_CONTEXT() REPRESENTATION_CONTEXT('2D SPACE',''
  ) );
#6922 = PCURVE('',#6923,#6928);
#6923 = B_SPLINE_SURFACE_WITH_KNOTS('',1,1,(
    (#6924,#6925)
    ,(#6926,#6927
    )),.UNSPECIFIED.,.F.,.F.,.F.,(2,2),(2,2),(-4.331809092001E-03,
    5.001200786526E-03),(-2.419216761298E-03,3.442020482927E-03),
  .PIECEWISE_BEZIER_KNOTS.);
#6924 = CARTESIAN_POINT('',(7.116661380455,21.902831570277,
    25.221605084184));
#6925 = CARTESIAN_POINT('',(1.542293505783,23.714053486806,
    25.221605084184));
#6926 = CARTESIAN_POINT('',(4.232602719321,13.026611708657,
    25.221605084184));
#6927 = CARTESIAN_POINT('',(-1.341765155351,14.837833625186,
    25.221605084184));
#6928 = DEFINITIONAL_REPRESENTATION('',(#6929),#6933);
#6929 = ( BOUNDED_CURVE() B_SPLINE_CURVE(2,(#6930,#6931,#6932),
.UNSPECIFIED.,.F.,.F.) B_SPLINE_CURVE_WITH_KNOTS((3,3),(6.025850072572,
6.28318530718),.PIECEWISE_BEZIER_KNOTS.) CURVE() 
GEOMETRIC_REPRESENTATION_ITEM() RATIONAL_B_SPLINE_CURVE((1.,
0.99173373582,1.)) REPRESENTATION_ITEM('') );
#6930 = CARTESIAN_POINT('',(-3.573468167312E-03,3.442020482927E-03));
#6931 = CARTESIAN_POINT('',(-4.331809092001E-03,5.604598441461E-04));
#6932 = CARTESIAN_POINT('',(-4.331809092001E-03,-2.419216761298E-03));
#6933 = ( GEOMETRIC_REPRESENTATION_CONTEXT(2) 
PARAMETRIC_REPRESENTATION_CONTEXT() REPRESENTATION_CONTEXT('2D SPACE',''
  ) );
#6934 = ORIENTED_EDGE('',*,*,#6935,.F.);
#6935 = EDGE_CURVE('',#6936,#6907,#6938,.T.);
#6936 = VERTEX_POINT('',#6937);
#6937 = CARTESIAN_POINT('',(8.349112209913,21.463299497195,
    25.221605084184));
#6938 = SURFACE_CURVE('',#6939,(#6943,#6950),.PCURVE_S1.);
#6939 = ( BOUNDED_CURVE() B_SPLINE_CURVE(2,(#6940,#6941,#6942),
.UNSPECIFIED.,.F.,.F.) B_SPLINE_CURVE_WITH_KNOTS((3,3),(4.341405684275,
4.398229715026),.PIECEWISE_BEZIER_KNOTS.) CURVE() 
GEOMETRIC_REPRESENTATION_ITEM() RATIONAL_B_SPLINE_CURVE((1.,
0.999596405842,1.)) REPRESENTATION_ITEM('') );
#6940 = CARTESIAN_POINT('',(8.349112209913,21.463299497195,
    25.221605084184));
#6941 = CARTESIAN_POINT('',(7.739132471876,21.700578452339,
    25.221605084184));
#6942 = CARTESIAN_POINT('',(7.116661380455,21.902831570277,
    25.221605084184));
#6943 = PCURVE('',#6793,#6944);
#6944 = DEFINITIONAL_REPRESENTATION('',(#6945),#6949);
#6945 = B_SPLINE_CURVE_WITH_KNOTS('',2,(#6946,#6947,#6948),
  .UNSPECIFIED.,.F.,.F.,(3,3),(4.341405684275,4.398229715026),
  .PIECEWISE_BEZIER_KNOTS.);
#6946 = CARTESIAN_POINT('',(4.325601922433,1.55889125503E-22));
#6947 = CARTESIAN_POINT('',(4.353724274437,-1.189291720436E-18));
#6948 = CARTESIAN_POINT('',(4.382208689072,3.449924659592E-18));
#6949 = ( GEOMETRIC_REPRESENTATION_CONTEXT(2) 
PARAMETRIC_REPRESENTATION_CONTEXT() REPRESENTATION_CONTEXT('2D SPACE',''
  ) );
#6950 = PCURVE('',#6951,#6956);
#6951 = B_SPLINE_SURFACE_WITH_KNOTS('',1,1,(
    (#6952,#6953)
    ,(#6954,#6955
    )),.UNSPECIFIED.,.F.,.F.,.F.,(2,2),(2,2),(4.33979817445E-03,
    8.349112209913E-03),(1.317811404402E-02,2.190283157028E-02),
  .PIECEWISE_BEZIER_KNOTS.);
#6952 = CARTESIAN_POINT('',(4.33979817445,13.178114044021,
    25.221605084184));
#6953 = CARTESIAN_POINT('',(4.33979817445,21.902831570277,
    25.221605084184));
#6954 = CARTESIAN_POINT('',(8.349112209913,13.178114044021,
    25.221605084184));
#6955 = CARTESIAN_POINT('',(8.349112209913,21.902831570277,
    25.221605084184));
#6956 = DEFINITIONAL_REPRESENTATION('',(#6957),#6961);
#6957 = ( BOUNDED_CURVE() B_SPLINE_CURVE(2,(#6958,#6959,#6960),
.UNSPECIFIED.,.F.,.F.) B_SPLINE_CURVE_WITH_KNOTS((3,3),(4.341405684275,
4.398229715026),.PIECEWISE_BEZIER_KNOTS.) CURVE() 
GEOMETRIC_REPRESENTATION_ITEM() RATIONAL_B_SPLINE_CURVE((1.,
0.999596405842,1.)) REPRESENTATION_ITEM('') );
#6958 = CARTESIAN_POINT('',(8.349112209913E-03,2.146329949719E-02));
#6959 = CARTESIAN_POINT('',(7.739132471876E-03,2.170057845234E-02));
#6960 = CARTESIAN_POINT('',(7.116661380455E-03,2.190283157028E-02));
#6961 = ( GEOMETRIC_REPRESENTATION_CONTEXT(2) 
PARAMETRIC_REPRESENTATION_CONTEXT() REPRESENTATION_CONTEXT('2D SPACE',''
  ) );
#6962 = ORIENTED_EDGE('',*,*,#6963,.T.);
#6963 = EDGE_CURVE('',#6936,#6964,#6966,.T.);
#6964 = VERTEX_POINT('',#6965);
#6965 = CARTESIAN_POINT('',(13.536694360296,18.631661380455,
    25.221605084184));
#6966 = SURFACE_CURVE('',#6967,(#6971,#6979),.PCURVE_S1.);
#6967 = ( BOUNDED_CURVE() B_SPLINE_CURVE(2,(#6968,#6969,#6970),
.UNSPECIFIED.,.F.,.F.) B_SPLINE_CURVE_WITH_KNOTS((3,3),(6.025850072572,
6.28318530718),.PIECEWISE_BEZIER_KNOTS.) CURVE() 
GEOMETRIC_REPRESENTATION_ITEM() RATIONAL_B_SPLINE_CURVE((1.,
0.99173373582,1.)) REPRESENTATION_ITEM('') );
#6968 = CARTESIAN_POINT('',(8.349112209912,21.463299497195,
    25.221605084184));
#6969 = CARTESIAN_POINT('',(11.12608534875,20.383071345736,
    25.221605084184));
#6970 = CARTESIAN_POINT('',(13.536694360296,18.631661380455,
    25.221605084184));
#6971 = PCURVE('',#6793,#6972);
#6972 = DEFINITIONAL_REPRESENTATION('',(#6973),#6978);
#6973 = B_SPLINE_CURVE_WITH_KNOTS('',3,(#6974,#6975,#6976,#6977),
  .UNSPECIFIED.,.F.,.F.,(4,4),(6.025850072572,6.28318530718),
  .PIECEWISE_BEZIER_KNOTS.);
#6974 = CARTESIAN_POINT('',(4.325601922433,-2.932435570696E-20));
#6975 = CARTESIAN_POINT('',(4.240919082577,4.832929675988E-19));
#6976 = CARTESIAN_POINT('',(4.157819870929,8.502255770565E-18));
#6977 = CARTESIAN_POINT('',(4.076218610597,-2.522437642051E-21));
#6978 = ( GEOMETRIC_REPRESENTATION_CONTEXT(2) 
PARAMETRIC_REPRESENTATION_CONTEXT() REPRESENTATION_CONTEXT('2D SPACE',''
  ) );
#6979 = PCURVE('',#6980,#6985);
#6980 = B_SPLINE_SURFACE_WITH_KNOTS('',1,1,(
    (#6981,#6982)
    ,(#6983,#6984
    )),.UNSPECIFIED.,.F.,.F.,.F.,(2,2),(2,2),(-4.331809092001E-03,
    5.001200786526E-03),(-2.419216761298E-03,3.442020482927E-03),
  .PIECEWISE_BEZIER_KNOTS.);
#6981 = CARTESIAN_POINT('',(13.536694360296,18.631661380455,
    25.221605084184));
#6982 = CARTESIAN_POINT('',(8.794853821654,22.076810192798,
    25.221605084184));
#6983 = CARTESIAN_POINT('',(8.050888794198,11.081097780057,
    25.221605084184));
#6984 = CARTESIAN_POINT('',(3.309048255556,14.5262465924,25.221605084184
    ));
#6985 = DEFINITIONAL_REPRESENTATION('',(#6986),#6990);
#6986 = ( BOUNDED_CURVE() B_SPLINE_CURVE(2,(#6987,#6988,#6989),
.UNSPECIFIED.,.F.,.F.) B_SPLINE_CURVE_WITH_KNOTS((3,3),(6.025850072572,
6.28318530718),.PIECEWISE_BEZIER_KNOTS.) CURVE() 
GEOMETRIC_REPRESENTATION_ITEM() RATIONAL_B_SPLINE_CURVE((1.,
0.99173373582,1.)) REPRESENTATION_ITEM('') );
#6987 = CARTESIAN_POINT('',(-3.573468167312E-03,3.442020482927E-03));
#6988 = CARTESIAN_POINT('',(-4.331809092001E-03,5.604598441461E-04));
#6989 = CARTESIAN_POINT('',(-4.331809092001E-03,-2.419216761298E-03));
#6990 = ( GEOMETRIC_REPRESENTATION_CONTEXT(2) 
PARAMETRIC_REPRESENTATION_CONTEXT() REPRESENTATION_CONTEXT('2D SPACE',''
  ) );
#6991 = ORIENTED_EDGE('',*,*,#6992,.F.);
#6992 = EDGE_CURVE('',#6993,#6964,#6995,.T.);
#6993 = VERTEX_POINT('',#6994);
#6994 = CARTESIAN_POINT('',(14.573001872509,17.832793287195,
    25.221605084184));
#6995 = SURFACE_CURVE('',#6996,(#7000,#7007),.PCURVE_S1.);
#6996 = ( BOUNDED_CURVE() B_SPLINE_CURVE(2,(#6997,#6998,#6999),
.UNSPECIFIED.,.F.,.F.) B_SPLINE_CURVE_WITH_KNOTS((3,3),(4.027246418916,
4.084070449667),.PIECEWISE_BEZIER_KNOTS.) CURVE() 
GEOMETRIC_REPRESENTATION_ITEM() RATIONAL_B_SPLINE_CURVE((1.,
0.999596405842,1.)) REPRESENTATION_ITEM('') );
#6997 = CARTESIAN_POINT('',(14.573001872509,17.832793287195,
    25.221605084184));
#6998 = CARTESIAN_POINT('',(14.066199897388,18.246953088943,
    25.221605084184));
#6999 = CARTESIAN_POINT('',(13.536694360296,18.631661380455,
    25.221605084184));
#7000 = PCURVE('',#6793,#7001);
#7001 = DEFINITIONAL_REPRESENTATION('',(#7002),#7006);
#7002 = B_SPLINE_CURVE_WITH_KNOTS('',2,(#7003,#7004,#7005),
  .UNSPECIFIED.,.F.,.F.,(3,3),(4.027246418916,4.084070449667),
  .PIECEWISE_BEZIER_KNOTS.);
#7003 = CARTESIAN_POINT('',(4.022118780127,3.467792993423E-18));
#7004 = CARTESIAN_POINT('',(4.049119180425,7.413051674853E-19));
#7005 = CARTESIAN_POINT('',(4.076218610597,-5.047500733314E-21));
#7006 = ( GEOMETRIC_REPRESENTATION_CONTEXT(2) 
PARAMETRIC_REPRESENTATION_CONTEXT() REPRESENTATION_CONTEXT('2D SPACE',''
  ) );
#7007 = PCURVE('',#7008,#7013);
#7008 = B_SPLINE_SURFACE_WITH_KNOTS('',1,1,(
    (#7009,#7010)
    ,(#7011,#7012
    )),.UNSPECIFIED.,.F.,.F.,.F.,(2,2),(2,2),(8.290551523819E-03,
    1.457300187251E-02),(1.093718406685E-02,1.863166138046E-02),
  .PIECEWISE_BEZIER_KNOTS.);
#7009 = CARTESIAN_POINT('',(8.290551523819,10.937184066851,
    25.221605084184));
#7010 = CARTESIAN_POINT('',(8.290551523819,18.631661380455,
    25.221605084184));
#7011 = CARTESIAN_POINT('',(14.573001872509,10.937184066851,
    25.221605084184));
#7012 = CARTESIAN_POINT('',(14.573001872509,18.631661380455,
    25.221605084184));
#7013 = DEFINITIONAL_REPRESENTATION('',(#7014),#7018);
#7014 = ( BOUNDED_CURVE() B_SPLINE_CURVE(2,(#7015,#7016,#7017),
.UNSPECIFIED.,.F.,.F.) B_SPLINE_CURVE_WITH_KNOTS((3,3),(4.027246418916,
4.084070449667),.PIECEWISE_BEZIER_KNOTS.) CURVE() 
GEOMETRIC_REPRESENTATION_ITEM() RATIONAL_B_SPLINE_CURVE((1.,
0.999596405842,1.)) REPRESENTATION_ITEM('') );
#7015 = CARTESIAN_POINT('',(1.457300187251E-02,1.78327932872E-02));
#7016 = CARTESIAN_POINT('',(1.406619989739E-02,1.824695308894E-02));
#7017 = CARTESIAN_POINT('',(1.35366943603E-02,1.863166138046E-02));
#7018 = ( GEOMETRIC_REPRESENTATION_CONTEXT(2) 
PARAMETRIC_REPRESENTATION_CONTEXT() REPRESENTATION_CONTEXT('2D SPACE',''
  ) );
#7019 = ORIENTED_EDGE('',*,*,#7020,.T.);
#7020 = EDGE_CURVE('',#6993,#7021,#7023,.T.);
#7021 = VERTEX_POINT('',#7022);
#7022 = CARTESIAN_POINT('',(18.631661380455,13.536694360296,
    25.221605084184));
#7023 = SURFACE_CURVE('',#7024,(#7028,#7035),.PCURVE_S1.);
#7024 = ( BOUNDED_CURVE() B_SPLINE_CURVE(2,(#7025,#7026,#7027),
.UNSPECIFIED.,.F.,.F.) B_SPLINE_CURVE_WITH_KNOTS((3,3),(6.025850072572,
6.28318530718),.PIECEWISE_BEZIER_KNOTS.) CURVE() 
GEOMETRIC_REPRESENTATION_ITEM() RATIONAL_B_SPLINE_CURVE((1.,
0.99173373582,1.)) REPRESENTATION_ITEM('') );
#7025 = CARTESIAN_POINT('',(14.573001872509,17.832793287195,
    25.221605084184));
#7026 = CARTESIAN_POINT('',(16.880251415174,15.947303371841,
    25.221605084184));
#7027 = CARTESIAN_POINT('',(18.631661380455,13.536694360296,
    25.221605084184));
#7028 = PCURVE('',#6793,#7029);
#7029 = DEFINITIONAL_REPRESENTATION('',(#7030),#7034);
#7030 = B_SPLINE_CURVE_WITH_KNOTS('',2,(#7031,#7032,#7033),
  .UNSPECIFIED.,.F.,.F.,(3,3),(6.025850072572,6.28318530718),
  .PIECEWISE_BEZIER_KNOTS.);
#7031 = CARTESIAN_POINT('',(4.022118780127,-3.470273211173E-18));
#7032 = CARTESIAN_POINT('',(3.900164548666,1.357397569157E-17));
#7033 = CARTESIAN_POINT('',(3.777763023377,-5.047500733314E-21));
#7034 = ( GEOMETRIC_REPRESENTATION_CONTEXT(2) 
PARAMETRIC_REPRESENTATION_CONTEXT() REPRESENTATION_CONTEXT('2D SPACE',''
  ) );
#7035 = PCURVE('',#7036,#7041);
#7036 = B_SPLINE_SURFACE_WITH_KNOTS('',1,1,(
    (#7037,#7038)
    ,(#7039,#7040
    )),.UNSPECIFIED.,.F.,.F.,.F.,(2,2),(2,2),(-4.331809092001E-03,
    5.001200786526E-03),(-2.419216761298E-03,3.442020482927E-03),
  .PIECEWISE_BEZIER_KNOTS.);
#7037 = CARTESIAN_POINT('',(18.631661380455,13.536694360296,
    25.221605084184));
#7038 = CARTESIAN_POINT('',(15.186512568112,18.278534898937,
    25.221605084184));
#7039 = CARTESIAN_POINT('',(11.081097780057,8.050888794198,
    25.221605084184));
#7040 = CARTESIAN_POINT('',(7.635948967715,12.792729332839,
    25.221605084184));
#7041 = DEFINITIONAL_REPRESENTATION('',(#7042),#7046);
#7042 = ( BOUNDED_CURVE() B_SPLINE_CURVE(2,(#7043,#7044,#7045),
.UNSPECIFIED.,.F.,.F.) B_SPLINE_CURVE_WITH_KNOTS((3,3),(6.025850072572,
6.28318530718),.PIECEWISE_BEZIER_KNOTS.) CURVE() 
GEOMETRIC_REPRESENTATION_ITEM() RATIONAL_B_SPLINE_CURVE((1.,
0.99173373582,1.)) REPRESENTATION_ITEM('') );
#7043 = CARTESIAN_POINT('',(-3.573468167312E-03,3.442020482927E-03));
#7044 = CARTESIAN_POINT('',(-4.331809092001E-03,5.604598441461E-04));
#7045 = CARTESIAN_POINT('',(-4.331809092001E-03,-2.419216761298E-03));
#7046 = ( GEOMETRIC_REPRESENTATION_CONTEXT(2) 
PARAMETRIC_REPRESENTATION_CONTEXT() REPRESENTATION_CONTEXT('2D SPACE',''
  ) );
#7047 = ORIENTED_EDGE('',*,*,#7048,.F.);
#7048 = EDGE_CURVE('',#7049,#7021,#7051,.T.);
#7049 = VERTEX_POINT('',#7050);
#7050 = CARTESIAN_POINT('',(19.37038457575,12.456689021868,
    25.221605084184));
#7051 = SURFACE_CURVE('',#7052,(#7056,#7063),.PCURVE_S1.);
#7052 = ( BOUNDED_CURVE() B_SPLINE_CURVE(2,(#7053,#7054,#7055),
.UNSPECIFIED.,.F.,.F.) B_SPLINE_CURVE_WITH_KNOTS((3,3),(3.713087153557,
3.769911184308),.PIECEWISE_BEZIER_KNOTS.) CURVE() 
GEOMETRIC_REPRESENTATION_ITEM() RATIONAL_B_SPLINE_CURVE((1.,
0.999596405842,1.)) REPRESENTATION_ITEM('') );
#7053 = CARTESIAN_POINT('',(19.37038457575,12.456689021868,
    25.221605084184));
#7054 = CARTESIAN_POINT('',(19.016369671967,13.007188823203,
    25.221605084184));
#7055 = CARTESIAN_POINT('',(18.631661380455,13.536694360296,
    25.221605084184));
#7056 = PCURVE('',#6793,#7057);
#7057 = DEFINITIONAL_REPRESENTATION('',(#7058),#7062);
#7058 = B_SPLINE_CURVE_WITH_KNOTS('',2,(#7059,#7060,#7061),
  .UNSPECIFIED.,.F.,.F.,(3,3),(3.713087153557,3.769911184308),
  .PIECEWISE_BEZIER_KNOTS.);
#7059 = CARTESIAN_POINT('',(3.723420642818,1.225022064375E-23));
#7060 = CARTESIAN_POINT('',(3.750663642642,6.084680693402E-18));
#7061 = CARTESIAN_POINT('',(3.777763023377,-5.04750073862E-21));
#7062 = ( GEOMETRIC_REPRESENTATION_CONTEXT(2) 
PARAMETRIC_REPRESENTATION_CONTEXT() REPRESENTATION_CONTEXT('2D SPACE',''
  ) );
#7063 = PCURVE('',#7064,#7069);
#7064 = B_SPLINE_SURFACE_WITH_KNOTS('',1,1,(
    (#7065,#7066)
    ,(#7067,#7068
    )),.UNSPECIFIED.,.F.,.F.,.F.,(2,2),(2,2),(1.142976792637E-02,
    1.937038457575E-02),(7.625646309376E-03,1.35366943603E-02),
  .PIECEWISE_BEZIER_KNOTS.);
#7065 = CARTESIAN_POINT('',(11.429767926368,7.625646309376,
    25.221605084184));
#7066 = CARTESIAN_POINT('',(11.429767926368,13.536694360296,
    25.221605084184));
#7067 = CARTESIAN_POINT('',(19.37038457575,7.625646309376,
    25.221605084184));
#7068 = CARTESIAN_POINT('',(19.37038457575,13.536694360296,
    25.221605084184));
#7069 = DEFINITIONAL_REPRESENTATION('',(#7070),#7074);
#7070 = ( BOUNDED_CURVE() B_SPLINE_CURVE(2,(#7071,#7072,#7073),
.UNSPECIFIED.,.F.,.F.) B_SPLINE_CURVE_WITH_KNOTS((3,3),(3.713087153557,
3.769911184308),.PIECEWISE_BEZIER_KNOTS.) CURVE() 
GEOMETRIC_REPRESENTATION_ITEM() RATIONAL_B_SPLINE_CURVE((1.,
0.999596405842,1.)) REPRESENTATION_ITEM('') );
#7071 = CARTESIAN_POINT('',(1.937038457575E-02,1.245668902187E-02));
#7072 = CARTESIAN_POINT('',(1.901636967197E-02,1.30071888232E-02));
#7073 = CARTESIAN_POINT('',(1.863166138046E-02,1.35366943603E-02));
#7074 = ( GEOMETRIC_REPRESENTATION_CONTEXT(2) 
PARAMETRIC_REPRESENTATION_CONTEXT() REPRESENTATION_CONTEXT('2D SPACE',''
  ) );
#7075 = ORIENTED_EDGE('',*,*,#7076,.T.);
#7076 = EDGE_CURVE('',#7049,#7077,#7079,.T.);
#7077 = VERTEX_POINT('',#7078);
#7078 = CARTESIAN_POINT('',(21.902831570277,7.116661380455,
    25.221605084184));
#7079 = SURFACE_CURVE('',#7080,(#7084,#7092),.PCURVE_S1.);
#7080 = ( BOUNDED_CURVE() B_SPLINE_CURVE(2,(#7081,#7082,#7083),
.UNSPECIFIED.,.F.,.F.) B_SPLINE_CURVE_WITH_KNOTS((3,3),(6.025850072572,
6.28318530718),.PIECEWISE_BEZIER_KNOTS.) CURVE() 
GEOMETRIC_REPRESENTATION_ITEM() RATIONAL_B_SPLINE_CURVE((1.,
0.99173373582,1.)) REPRESENTATION_ITEM('') );
#7081 = CARTESIAN_POINT('',(19.37038457575,12.456689021868,
    25.221605084184));
#7082 = CARTESIAN_POINT('',(20.982060861454,9.950502232515,
    25.221605084184));
#7083 = CARTESIAN_POINT('',(21.902831570277,7.116661380455,
    25.221605084184));
#7084 = PCURVE('',#6793,#7085);
#7085 = DEFINITIONAL_REPRESENTATION('',(#7086),#7091);
#7086 = B_SPLINE_CURVE_WITH_KNOTS('',3,(#7087,#7088,#7089,#7090),
  .UNSPECIFIED.,.F.,.F.,(4,4),(6.025850072572,6.28318530718),
  .PIECEWISE_BEZIER_KNOTS.);
#7087 = CARTESIAN_POINT('',(3.723420642818,-3.476041733624E-18));
#7088 = CARTESIAN_POINT('',(3.641386839826,1.3841499249E-17));
#7089 = CARTESIAN_POINT('',(3.557545944234,-4.957970651652E-18));
#7090 = CARTESIAN_POINT('',(3.471772944902,3.449806422771E-18));
#7091 = ( GEOMETRIC_REPRESENTATION_CONTEXT(2) 
PARAMETRIC_REPRESENTATION_CONTEXT() REPRESENTATION_CONTEXT('2D SPACE',''
  ) );
#7092 = PCURVE('',#7093,#7098);
#7093 = B_SPLINE_SURFACE_WITH_KNOTS('',1,1,(
    (#7094,#7095)
    ,(#7096,#7097
    )),.UNSPECIFIED.,.F.,.F.,.F.,(2,2),(2,2),(-4.331809092001E-03,
    5.001200786526E-03),(-2.419216761298E-03,3.442020482927E-03),
  .PIECEWISE_BEZIER_KNOTS.);
#7094 = CARTESIAN_POINT('',(21.902831570277,7.116661380455,
    25.221605084184));
#7095 = CARTESIAN_POINT('',(20.091609653748,12.691029255127,
    25.221605084184));
#7096 = CARTESIAN_POINT('',(13.026611708657,4.232602719321,
    25.221605084184));
#7097 = CARTESIAN_POINT('',(11.215389792128,9.806970593993,
    25.221605084184));
#7098 = DEFINITIONAL_REPRESENTATION('',(#7099),#7103);
#7099 = ( BOUNDED_CURVE() B_SPLINE_CURVE(2,(#7100,#7101,#7102),
.UNSPECIFIED.,.F.,.F.) B_SPLINE_CURVE_WITH_KNOTS((3,3),(6.025850072572,
6.28318530718),.PIECEWISE_BEZIER_KNOTS.) CURVE() 
GEOMETRIC_REPRESENTATION_ITEM() RATIONAL_B_SPLINE_CURVE((1.,
0.99173373582,1.)) REPRESENTATION_ITEM('') );
#7100 = CARTESIAN_POINT('',(-3.573468167312E-03,3.442020482927E-03));
#7101 = CARTESIAN_POINT('',(-4.331809092001E-03,5.604598441461E-04));
#7102 = CARTESIAN_POINT('',(-4.331809092001E-03,-2.419216761298E-03));
#7103 = ( GEOMETRIC_REPRESENTATION_CONTEXT(2) 
PARAMETRIC_REPRESENTATION_CONTEXT() REPRESENTATION_CONTEXT('2D SPACE',''
  ) );
#7104 = ORIENTED_EDGE('',*,*,#7105,.F.);
#7105 = EDGE_CURVE('',#7106,#7077,#7108,.T.);
#7106 = VERTEX_POINT('',#7107);
#7107 = CARTESIAN_POINT('',(22.271659075312,5.861237244225,
    25.221605084184));
#7108 = SURFACE_CURVE('',#7109,(#7113,#7120),.PCURVE_S1.);
#7109 = ( BOUNDED_CURVE() B_SPLINE_CURVE(2,(#7110,#7111,#7112),
.UNSPECIFIED.,.F.,.F.) B_SPLINE_CURVE_WITH_KNOTS((3,3),(3.398927888198,
3.455751918949),.PIECEWISE_BEZIER_KNOTS.) CURVE() 
GEOMETRIC_REPRESENTATION_ITEM() RATIONAL_B_SPLINE_CURVE((1.,
0.999596405842,1.)) REPRESENTATION_ITEM('') );
#7110 = CARTESIAN_POINT('',(22.271659075312,5.861237244225,
    25.221605084184));
#7111 = CARTESIAN_POINT('',(22.105084688216,6.494190289034,
    25.221605084184));
#7112 = CARTESIAN_POINT('',(21.902831570277,7.116661380455,
    25.221605084184));
#7113 = PCURVE('',#6793,#7114);
#7114 = DEFINITIONAL_REPRESENTATION('',(#7115),#7119);
#7115 = B_SPLINE_CURVE_WITH_KNOTS('',2,(#7116,#7117,#7118),
  .UNSPECIFIED.,.F.,.F.,(3,3),(3.398927888198,3.455751918949),
  .PIECEWISE_BEZIER_KNOTS.);
#7116 = CARTESIAN_POINT('',(3.414388420538,3.469566637919E-18));
#7117 = CARTESIAN_POINT('',(3.443288701693,-6.192607727568E-18));
#7118 = CARTESIAN_POINT('',(3.471772944902,3.449924659592E-18));
#7119 = ( GEOMETRIC_REPRESENTATION_CONTEXT(2) 
PARAMETRIC_REPRESENTATION_CONTEXT() REPRESENTATION_CONTEXT('2D SPACE',''
  ) );
#7120 = PCURVE('',#7121,#7126);
#7121 = B_SPLINE_SURFACE_WITH_KNOTS('',1,1,(
    (#7122,#7123)
    ,(#7124,#7125
    )),.UNSPECIFIED.,.F.,.F.,.F.,(2,2),(2,2),(1.345015900841E-02,
    2.227165907531E-02),(3.567657160136E-03,7.116661380455E-03),
  .PIECEWISE_BEZIER_KNOTS.);
#7122 = CARTESIAN_POINT('',(13.450159008408,3.567657160136,
    25.221605084184));
#7123 = CARTESIAN_POINT('',(13.450159008408,7.116661380455,
    25.221605084184));
#7124 = CARTESIAN_POINT('',(22.271659075312,3.567657160136,
    25.221605084184));
#7125 = CARTESIAN_POINT('',(22.271659075312,7.116661380455,
    25.221605084184));
#7126 = DEFINITIONAL_REPRESENTATION('',(#7127),#7131);
#7127 = ( BOUNDED_CURVE() B_SPLINE_CURVE(2,(#7128,#7129,#7130),
.UNSPECIFIED.,.F.,.F.) B_SPLINE_CURVE_WITH_KNOTS((3,3),(3.398927888198,
3.455751918949),.PIECEWISE_BEZIER_KNOTS.) CURVE() 
GEOMETRIC_REPRESENTATION_ITEM() RATIONAL_B_SPLINE_CURVE((1.,
0.999596405842,1.)) REPRESENTATION_ITEM('') );
#7128 = CARTESIAN_POINT('',(2.227165907531E-02,5.861237244225E-03));
#7129 = CARTESIAN_POINT('',(2.210508468822E-02,6.494190289034E-03));
#7130 = CARTESIAN_POINT('',(2.190283157028E-02,7.116661380455E-03));
#7131 = ( GEOMETRIC_REPRESENTATION_CONTEXT(2) 
PARAMETRIC_REPRESENTATION_CONTEXT() REPRESENTATION_CONTEXT('2D SPACE',''
  ) );
#7132 = ORIENTED_EDGE('',*,*,#7133,.F.);
#7133 = EDGE_CURVE('',#6784,#7106,#7134,.T.);
#7134 = SURFACE_CURVE('',#7135,(#7139,#7147),.PCURVE_S1.);
#7135 = ( BOUNDED_CURVE() B_SPLINE_CURVE(2,(#7136,#7137,#7138),
.UNSPECIFIED.,.F.,.F.) B_SPLINE_CURVE_WITH_KNOTS((3,3),(3.14159265359,
3.398927888198),.PIECEWISE_BEZIER_KNOTS.) CURVE() 
GEOMETRIC_REPRESENTATION_ITEM() RATIONAL_B_SPLINE_CURVE((1.,
0.99173373582,1.)) REPRESENTATION_ITEM('') );
#7136 = CARTESIAN_POINT('',(23.03,-2.820361578436E-15,25.221605084184));
#7137 = CARTESIAN_POINT('',(23.03,2.979676605444,25.221605084184));
#7138 = CARTESIAN_POINT('',(22.271659075312,5.861237244225,
    25.221605084184));
#7139 = PCURVE('',#6793,#7140);
#7140 = DEFINITIONAL_REPRESENTATION('',(#7141),#7146);
#7141 = B_SPLINE_CURVE_WITH_KNOTS('',3,(#7142,#7143,#7144,#7145),
  .UNSPECIFIED.,.F.,.F.,(4,4),(3.14159265359,3.398927888198),
  .PIECEWISE_BEZIER_KNOTS.);
#7142 = CARTESIAN_POINT('',(3.14159265359,0.));
#7143 = CARTESIAN_POINT('',(3.236604254747,1.173311648783E-17));
#7144 = CARTESIAN_POINT('',(3.327360916026,-5.689172420685E-18));
#7145 = CARTESIAN_POINT('',(3.414388420538,3.469566637919E-18));
#7146 = ( GEOMETRIC_REPRESENTATION_CONTEXT(2) 
PARAMETRIC_REPRESENTATION_CONTEXT() REPRESENTATION_CONTEXT('2D SPACE',''
  ) );
#7147 = PCURVE('',#7148,#7153);
#7148 = B_SPLINE_SURFACE_WITH_KNOTS('',1,1,(
    (#7149,#7150)
    ,(#7151,#7152
    )),.UNSPECIFIED.,.F.,.F.,.F.,(2,2),(2,2),(1.369699012147E-02,
    2.303E-02),(-2.13442549697E-18,5.861237244225E-03),
  .PIECEWISE_BEZIER_KNOTS.);
#7149 = CARTESIAN_POINT('',(13.696990121473,-2.820361578436E-15,
    25.221605084184));
#7150 = CARTESIAN_POINT('',(13.696990121473,5.861237244225,
    25.221605084184));
#7151 = CARTESIAN_POINT('',(23.03,-2.820361578436E-15,25.221605084184));
#7152 = CARTESIAN_POINT('',(23.03,5.861237244225,25.221605084184));
#7153 = DEFINITIONAL_REPRESENTATION('',(#7154),#7158);
#7154 = ( BOUNDED_CURVE() B_SPLINE_CURVE(2,(#7155,#7156,#7157),
.UNSPECIFIED.,.F.,.F.) B_SPLINE_CURVE_WITH_KNOTS((3,3),(3.14159265359,
3.398927888198),.PIECEWISE_BEZIER_KNOTS.) CURVE() 
GEOMETRIC_REPRESENTATION_ITEM() RATIONAL_B_SPLINE_CURVE((1.,
0.99173373582,1.)) REPRESENTATION_ITEM('') );
#7155 = CARTESIAN_POINT('',(2.303E-02,-2.13442549697E-18));
#7156 = CARTESIAN_POINT('',(2.303E-02,2.979676605444E-03));
#7157 = CARTESIAN_POINT('',(2.227165907531E-02,5.861237244225E-03));
#7158 = ( GEOMETRIC_REPRESENTATION_CONTEXT(2) 
PARAMETRIC_REPRESENTATION_CONTEXT() REPRESENTATION_CONTEXT('2D SPACE',''
  ) );
#7159 = ADVANCED_FACE('',(#7160),#6807,.F.);
#7160 = FACE_BOUND('',#7161,.F.);
#7161 = EDGE_LOOP('',(#7162,#7193,#7214,#7215,#7243,#7272,#7300,#7329,
    #7357,#7385,#7413,#7442,#7470));
#7162 = ORIENTED_EDGE('',*,*,#7163,.T.);
#7163 = EDGE_CURVE('',#7164,#7166,#7168,.T.);
#7164 = VERTEX_POINT('',#7165);
#7165 = CARTESIAN_POINT('',(-8.673617379884E-15,-23.03,25.221605084184)
  );
#7166 = VERTEX_POINT('',#7167);
#7167 = CARTESIAN_POINT('',(0.,-23.03,26.27322065986));
#7168 = SURFACE_CURVE('',#7169,(#7172,#7179),.PCURVE_S1.);
#7169 = B_SPLINE_CURVE_WITH_KNOTS('',1,(#7170,#7171),.UNSPECIFIED.,.F.,
  .F.,(2,2),(0.,1.051615575676E-03),.PIECEWISE_BEZIER_KNOTS.);
#7170 = CARTESIAN_POINT('',(0.,-23.03,25.221605084184));
#7171 = CARTESIAN_POINT('',(0.,-23.03,26.27322065986));
#7172 = PCURVE('',#6807,#7173);
#7173 = DEFINITIONAL_REPRESENTATION('',(#7174),#7178);
#7174 = B_SPLINE_CURVE_WITH_KNOTS('',2,(#7175,#7176,#7177),
  .UNSPECIFIED.,.F.,.F.,(3,3),(0.,1.051615575676E-03),
  .PIECEWISE_BEZIER_KNOTS.);
#7175 = CARTESIAN_POINT('',(1.570796326795,0.));
#7176 = CARTESIAN_POINT('',(1.570796326795,-5.258077878381E-04));
#7177 = CARTESIAN_POINT('',(1.570796326795,-1.051615575676E-03));
#7178 = ( GEOMETRIC_REPRESENTATION_CONTEXT(2) 
PARAMETRIC_REPRESENTATION_CONTEXT() REPRESENTATION_CONTEXT('2D SPACE',''
  ) );
#7179 = PCURVE('',#7180,#7187);
#7180 = ( BOUNDED_SURFACE() B_SPLINE_SURFACE(2,1,(
    (#7181,#7182)
    ,(#7183,#7184)
    ,(#7185,#7186
)),.UNSPECIFIED.,.F.,.F.,.F.) B_SPLINE_SURFACE_WITH_KNOTS((3,3),(2,2),(
    0.,1.570796326795),(-1.051615575676E-03,0.),
.PIECEWISE_BEZIER_KNOTS.) GEOMETRIC_REPRESENTATION_ITEM() 
RATIONAL_B_SPLINE_SURFACE((
    (1.,1.)
    ,(0.707106781187,0.707106781187)
,(1.,1.))) REPRESENTATION_ITEM('') SURFACE() );
#7181 = CARTESIAN_POINT('',(-23.03,0.,26.27322065986));
#7182 = CARTESIAN_POINT('',(-23.03,0.,25.221605084184));
#7183 = CARTESIAN_POINT('',(-23.03,-23.03,26.27322065986));
#7184 = CARTESIAN_POINT('',(-23.03,-23.03,25.221605084184));
#7185 = CARTESIAN_POINT('',(-1.410180789218E-15,-23.03,26.27322065986));
#7186 = CARTESIAN_POINT('',(-1.410180789218E-15,-23.03,25.221605084184)
  );
#7187 = DEFINITIONAL_REPRESENTATION('',(#7188),#7192);
#7188 = B_SPLINE_CURVE_WITH_KNOTS('',2,(#7189,#7190,#7191),
  .UNSPECIFIED.,.F.,.F.,(3,3),(0.,1.051615575676E-03),
  .PIECEWISE_BEZIER_KNOTS.);
#7189 = CARTESIAN_POINT('',(1.570796326795,0.));
#7190 = CARTESIAN_POINT('',(1.570796326795,-5.258077878381E-04));
#7191 = CARTESIAN_POINT('',(1.570796326795,-1.051615575676E-03));
#7192 = ( GEOMETRIC_REPRESENTATION_CONTEXT(2) 
PARAMETRIC_REPRESENTATION_CONTEXT() REPRESENTATION_CONTEXT('2D SPACE',''
  ) );
#7193 = ORIENTED_EDGE('',*,*,#7194,.T.);
#7194 = EDGE_CURVE('',#7166,#6786,#7195,.T.);
#7195 = SURFACE_CURVE('',#7196,(#7200,#7207),.PCURVE_S1.);
#7196 = ( BOUNDED_CURVE() B_SPLINE_CURVE(2,(#7197,#7198,#7199),
.UNSPECIFIED.,.F.,.F.) B_SPLINE_CURVE_WITH_KNOTS((3,3),(1.570796326795,
3.14159265359),.PIECEWISE_BEZIER_KNOTS.) CURVE() 
GEOMETRIC_REPRESENTATION_ITEM() RATIONAL_B_SPLINE_CURVE((1.,
0.707106781187,1.)) REPRESENTATION_ITEM('') );
#7197 = CARTESIAN_POINT('',(-1.410180789218E-15,-23.03,26.27322065986));
#7198 = CARTESIAN_POINT('',(23.03,-23.03,26.27322065986));
#7199 = CARTESIAN_POINT('',(23.03,-2.820361578436E-15,26.27322065986));
#7200 = PCURVE('',#6807,#7201);
#7201 = DEFINITIONAL_REPRESENTATION('',(#7202),#7206);
#7202 = B_SPLINE_CURVE_WITH_KNOTS('',2,(#7203,#7204,#7205),
  .UNSPECIFIED.,.F.,.F.,(3,3),(1.570796326795,3.14159265359),
  .PIECEWISE_BEZIER_KNOTS.);
#7203 = CARTESIAN_POINT('',(1.570796326795,-1.051615575676E-03));
#7204 = CARTESIAN_POINT('',(2.356194490192,-1.051615575676E-03));
#7205 = CARTESIAN_POINT('',(3.14159265359,-1.051615575676E-03));
#7206 = ( GEOMETRIC_REPRESENTATION_CONTEXT(2) 
PARAMETRIC_REPRESENTATION_CONTEXT() REPRESENTATION_CONTEXT('2D SPACE',''
  ) );
#7207 = PCURVE('',#6837,#7208);
#7208 = DEFINITIONAL_REPRESENTATION('',(#7209),#7213);
#7209 = ( BOUNDED_CURVE() B_SPLINE_CURVE(2,(#7210,#7211,#7212),
.UNSPECIFIED.,.F.,.F.) B_SPLINE_CURVE_WITH_KNOTS((3,3),(1.570796326795,
3.14159265359),.PIECEWISE_BEZIER_KNOTS.) CURVE() 
GEOMETRIC_REPRESENTATION_ITEM() RATIONAL_B_SPLINE_CURVE((1.,
0.707106781187,1.)) REPRESENTATION_ITEM('') );
#7210 = CARTESIAN_POINT('',(-1.789128133017E-18,-2.303E-02));
#7211 = CARTESIAN_POINT('',(2.303E-02,-2.303E-02));
#7212 = CARTESIAN_POINT('',(2.303E-02,-2.13442549697E-18));
#7213 = ( GEOMETRIC_REPRESENTATION_CONTEXT(2) 
PARAMETRIC_REPRESENTATION_CONTEXT() REPRESENTATION_CONTEXT('2D SPACE',''
  ) );
#7214 = ORIENTED_EDGE('',*,*,#6783,.F.);
#7215 = ORIENTED_EDGE('',*,*,#7216,.F.);
#7216 = EDGE_CURVE('',#7217,#6784,#7219,.T.);
#7217 = VERTEX_POINT('',#7218);
#7218 = CARTESIAN_POINT('',(22.992828408808,-1.307953272524,
    25.221605084184));
#7219 = SURFACE_CURVE('',#7220,(#7224,#7231),.PCURVE_S1.);
#7220 = ( BOUNDED_CURVE() B_SPLINE_CURVE(2,(#7221,#7222,#7223),
.UNSPECIFIED.,.F.,.F.) B_SPLINE_CURVE_WITH_KNOTS((3,3),(3.084768622839,
3.14159265359),.PIECEWISE_BEZIER_KNOTS.) CURVE() 
GEOMETRIC_REPRESENTATION_ITEM() RATIONAL_B_SPLINE_CURVE((1.,
0.999596405842,1.)) REPRESENTATION_ITEM('') );
#7221 = CARTESIAN_POINT('',(22.992828408808,-1.307953272524,
    25.221605084184));
#7222 = CARTESIAN_POINT('',(23.03,-0.654504838309,25.221605084184));
#7223 = CARTESIAN_POINT('',(23.03,-2.820361578436E-15,25.221605084184));
#7224 = PCURVE('',#6807,#7225);
#7225 = DEFINITIONAL_REPRESENTATION('',(#7226),#7230);
#7226 = B_SPLINE_CURVE_WITH_KNOTS('',2,(#7227,#7228,#7229),
  .UNSPECIFIED.,.F.,.F.,(3,3),(3.084768622839,3.14159265359),
  .PIECEWISE_BEZIER_KNOTS.);
#7227 = CARTESIAN_POINT('',(3.079194574047,3.463218952642E-18));
#7228 = CARTESIAN_POINT('',(3.110041085417,7.942595570736E-19));
#7229 = CARTESIAN_POINT('',(3.14159265359,0.));
#7230 = ( GEOMETRIC_REPRESENTATION_CONTEXT(2) 
PARAMETRIC_REPRESENTATION_CONTEXT() REPRESENTATION_CONTEXT('2D SPACE',''
  ) );
#7231 = PCURVE('',#7232,#7237);
#7232 = B_SPLINE_SURFACE_WITH_KNOTS('',1,1,(
    (#7233,#7234)
    ,(#7235,#7236
    )),.UNSPECIFIED.,.F.,.F.,.F.,(2,2),(2,2),(1.412907840124E-02,
    2.303E-02),(-1.307953272524E-03,3.576485738651E-05),
  .PIECEWISE_BEZIER_KNOTS.);
#7233 = CARTESIAN_POINT('',(14.129078401243,-1.307953272524,
    25.221605084184));
#7234 = CARTESIAN_POINT('',(14.129078401243,3.576485738651E-02,
    25.221605084184));
#7235 = CARTESIAN_POINT('',(23.03,-1.307953272524,25.221605084184));
#7236 = CARTESIAN_POINT('',(23.03,3.576485738651E-02,25.221605084184));
#7237 = DEFINITIONAL_REPRESENTATION('',(#7238),#7242);
#7238 = ( BOUNDED_CURVE() B_SPLINE_CURVE(2,(#7239,#7240,#7241),
.UNSPECIFIED.,.F.,.F.) B_SPLINE_CURVE_WITH_KNOTS((3,3),(3.084768622839,
3.14159265359),.PIECEWISE_BEZIER_KNOTS.) CURVE() 
GEOMETRIC_REPRESENTATION_ITEM() RATIONAL_B_SPLINE_CURVE((1.,
0.999596405842,1.)) REPRESENTATION_ITEM('') );
#7239 = CARTESIAN_POINT('',(2.299282840881E-02,-1.307953272524E-03));
#7240 = CARTESIAN_POINT('',(2.303E-02,-6.545048383091E-04));
#7241 = CARTESIAN_POINT('',(2.303E-02,-2.13442549697E-18));
#7242 = ( GEOMETRIC_REPRESENTATION_CONTEXT(2) 
PARAMETRIC_REPRESENTATION_CONTEXT() REPRESENTATION_CONTEXT('2D SPACE',''
  ) );
#7243 = ORIENTED_EDGE('',*,*,#7244,.T.);
#7244 = EDGE_CURVE('',#7217,#7245,#7247,.T.);
#7245 = VERTEX_POINT('',#7246);
#7246 = CARTESIAN_POINT('',(21.902831570277,-7.116661380455,
    25.221605084184));
#7247 = SURFACE_CURVE('',#7248,(#7252,#7260),.PCURVE_S1.);
#7248 = ( BOUNDED_CURVE() B_SPLINE_CURVE(2,(#7249,#7250,#7251),
.UNSPECIFIED.,.F.,.F.) B_SPLINE_CURVE_WITH_KNOTS((3,3),(6.025850072572,
6.28318530718),.PIECEWISE_BEZIER_KNOTS.) CURVE() 
GEOMETRIC_REPRESENTATION_ITEM() RATIONAL_B_SPLINE_CURVE((1.,
0.99173373582,1.)) REPRESENTATION_ITEM('') );
#7249 = CARTESIAN_POINT('',(22.992828408808,-1.307953272524,
    25.221605084184));
#7250 = CARTESIAN_POINT('',(22.823602279101,-4.282820528395,
    25.221605084184));
#7251 = CARTESIAN_POINT('',(21.902831570277,-7.116661380455,
    25.221605084184));
#7252 = PCURVE('',#6807,#7253);
#7253 = DEFINITIONAL_REPRESENTATION('',(#7254),#7259);
#7254 = B_SPLINE_CURVE_WITH_KNOTS('',3,(#7255,#7256,#7257,#7258),
  .UNSPECIFIED.,.F.,.F.,(4,4),(6.025850072572,6.28318530718),
  .PIECEWISE_BEZIER_KNOTS.);
#7255 = CARTESIAN_POINT('',(3.079194574047,6.945252722698E-18));
#7256 = CARTESIAN_POINT('',(2.986305650241,-1.646709117605E-17));
#7257 = CARTESIAN_POINT('',(2.897186684534,2.21756110171E-17));
#7258 = CARTESIAN_POINT('',(2.811412362277,-1.952229236138E-20));
#7259 = ( GEOMETRIC_REPRESENTATION_CONTEXT(2) 
PARAMETRIC_REPRESENTATION_CONTEXT() REPRESENTATION_CONTEXT('2D SPACE',''
  ) );
#7260 = PCURVE('',#7261,#7266);
#7261 = B_SPLINE_SURFACE_WITH_KNOTS('',1,1,(
    (#7262,#7263)
    ,(#7264,#7265
    )),.UNSPECIFIED.,.F.,.F.,.F.,(2,2),(2,2),(-4.331809092001E-03,
    5.001200786526E-03),(-2.419216761298E-03,3.442020482927E-03),
  .PIECEWISE_BEZIER_KNOTS.);
#7262 = CARTESIAN_POINT('',(21.902831570277,-7.116661380455,
    25.221605084184));
#7263 = CARTESIAN_POINT('',(23.714053486806,-1.542293505783,
    25.221605084184));
#7264 = CARTESIAN_POINT('',(13.026611708657,-4.232602719321,
    25.221605084184));
#7265 = CARTESIAN_POINT('',(14.837833625186,1.341765155351,
    25.221605084184));
#7266 = DEFINITIONAL_REPRESENTATION('',(#7267),#7271);
#7267 = ( BOUNDED_CURVE() B_SPLINE_CURVE(2,(#7268,#7269,#7270),
.UNSPECIFIED.,.F.,.F.) B_SPLINE_CURVE_WITH_KNOTS((3,3),(6.025850072572,
6.28318530718),.PIECEWISE_BEZIER_KNOTS.) CURVE() 
GEOMETRIC_REPRESENTATION_ITEM() RATIONAL_B_SPLINE_CURVE((1.,
0.99173373582,1.)) REPRESENTATION_ITEM('') );
#7268 = CARTESIAN_POINT('',(-3.573468167312E-03,3.442020482927E-03));
#7269 = CARTESIAN_POINT('',(-4.331809092001E-03,5.604598441461E-04));
#7270 = CARTESIAN_POINT('',(-4.331809092001E-03,-2.419216761298E-03));
#7271 = ( GEOMETRIC_REPRESENTATION_CONTEXT(2) 
PARAMETRIC_REPRESENTATION_CONTEXT() REPRESENTATION_CONTEXT('2D SPACE',''
  ) );
#7272 = ORIENTED_EDGE('',*,*,#7273,.F.);
#7273 = EDGE_CURVE('',#7274,#7245,#7276,.T.);
#7274 = VERTEX_POINT('',#7275);
#7275 = CARTESIAN_POINT('',(21.463299497195,-8.349112209913,
    25.221605084184));
#7276 = SURFACE_CURVE('',#7277,(#7281,#7288),.PCURVE_S1.);
#7277 = ( BOUNDED_CURVE() B_SPLINE_CURVE(2,(#7278,#7279,#7280),
.UNSPECIFIED.,.F.,.F.) B_SPLINE_CURVE_WITH_KNOTS((3,3),(2.77060935748,
2.827433388231),.PIECEWISE_BEZIER_KNOTS.) CURVE() 
GEOMETRIC_REPRESENTATION_ITEM() RATIONAL_B_SPLINE_CURVE((1.,
0.999596405842,1.)) REPRESENTATION_ITEM('') );
#7278 = CARTESIAN_POINT('',(21.463299497195,-8.349112209913,
    25.221605084184));
#7279 = CARTESIAN_POINT('',(21.700578452339,-7.739132471876,
    25.221605084184));
#7280 = CARTESIAN_POINT('',(21.902831570277,-7.116661380455,
    25.221605084184));
#7281 = PCURVE('',#6807,#7282);
#7282 = DEFINITIONAL_REPRESENTATION('',(#7283),#7287);
#7283 = B_SPLINE_CURVE_WITH_KNOTS('',2,(#7284,#7285,#7286),
  .UNSPECIFIED.,.F.,.F.,(3,3),(2.77060935748,2.827433388231),
  .PIECEWISE_BEZIER_KNOTS.);
#7284 = CARTESIAN_POINT('',(2.754805595638,-2.922043193644E-20));
#7285 = CARTESIAN_POINT('',(2.782927947643,1.204942190667E-17));
#7286 = CARTESIAN_POINT('',(2.811412362277,-1.952228825822E-20));
#7287 = ( GEOMETRIC_REPRESENTATION_CONTEXT(2) 
PARAMETRIC_REPRESENTATION_CONTEXT() REPRESENTATION_CONTEXT('2D SPACE',''
  ) );
#7288 = PCURVE('',#7289,#7294);
#7289 = B_SPLINE_SURFACE_WITH_KNOTS('',1,1,(
    (#7290,#7291)
    ,(#7292,#7293
    )),.UNSPECIFIED.,.F.,.F.,.F.,(2,2),(2,2),(1.317811404402E-02,
    2.190283157028E-02),(-8.349112209913E-03,-4.33979817445E-03),
  .PIECEWISE_BEZIER_KNOTS.);
#7290 = CARTESIAN_POINT('',(13.178114044021,-8.349112209913,
    25.221605084184));
#7291 = CARTESIAN_POINT('',(13.178114044021,-4.33979817445,
    25.221605084184));
#7292 = CARTESIAN_POINT('',(21.902831570277,-8.349112209913,
    25.221605084184));
#7293 = CARTESIAN_POINT('',(21.902831570277,-4.33979817445,
    25.221605084184));
#7294 = DEFINITIONAL_REPRESENTATION('',(#7295),#7299);
#7295 = ( BOUNDED_CURVE() B_SPLINE_CURVE(2,(#7296,#7297,#7298),
.UNSPECIFIED.,.F.,.F.) B_SPLINE_CURVE_WITH_KNOTS((3,3),(2.77060935748,
2.827433388231),.PIECEWISE_BEZIER_KNOTS.) CURVE() 
GEOMETRIC_REPRESENTATION_ITEM() RATIONAL_B_SPLINE_CURVE((1.,
0.999596405842,1.)) REPRESENTATION_ITEM('') );
#7296 = CARTESIAN_POINT('',(2.146329949719E-02,-8.349112209913E-03));
#7297 = CARTESIAN_POINT('',(2.170057845234E-02,-7.739132471876E-03));
#7298 = CARTESIAN_POINT('',(2.190283157028E-02,-7.116661380455E-03));
#7299 = ( GEOMETRIC_REPRESENTATION_CONTEXT(2) 
PARAMETRIC_REPRESENTATION_CONTEXT() REPRESENTATION_CONTEXT('2D SPACE',''
  ) );
#7300 = ORIENTED_EDGE('',*,*,#7301,.T.);
#7301 = EDGE_CURVE('',#7274,#7302,#7304,.T.);
#7302 = VERTEX_POINT('',#7303);
#7303 = CARTESIAN_POINT('',(18.631661380455,-13.53669436029,
    25.221605084184));
#7304 = SURFACE_CURVE('',#7305,(#7309,#7317),.PCURVE_S1.);
#7305 = ( BOUNDED_CURVE() B_SPLINE_CURVE(2,(#7306,#7307,#7308),
.UNSPECIFIED.,.F.,.F.) B_SPLINE_CURVE_WITH_KNOTS((3,3),(6.025850072572,
6.28318530718),.PIECEWISE_BEZIER_KNOTS.) CURVE() 
GEOMETRIC_REPRESENTATION_ITEM() RATIONAL_B_SPLINE_CURVE((1.,
0.99173373582,1.)) REPRESENTATION_ITEM('') );
#7306 = CARTESIAN_POINT('',(21.463299497195,-8.349112209912,
    25.221605084184));
#7307 = CARTESIAN_POINT('',(20.383071345736,-11.12608534875,
    25.221605084184));
#7308 = CARTESIAN_POINT('',(18.631661380455,-13.53669436029,
    25.221605084184));
#7309 = PCURVE('',#6807,#7310);
#7310 = DEFINITIONAL_REPRESENTATION('',(#7311),#7316);
#7311 = B_SPLINE_CURVE_WITH_KNOTS('',3,(#7312,#7313,#7314,#7315),
  .UNSPECIFIED.,.F.,.F.,(4,4),(6.025850072572,6.28318530718),
  .PIECEWISE_BEZIER_KNOTS.);
#7312 = CARTESIAN_POINT('',(2.754805595638,-1.951492828921E-20));
#7313 = CARTESIAN_POINT('',(2.670122755783,-1.126971405709E-17));
#7314 = CARTESIAN_POINT('',(2.587023544134,2.212589118573E-17));
#7315 = CARTESIAN_POINT('',(2.505422283802,-5.044875292062E-21));
#7316 = ( GEOMETRIC_REPRESENTATION_CONTEXT(2) 
PARAMETRIC_REPRESENTATION_CONTEXT() REPRESENTATION_CONTEXT('2D SPACE',''
  ) );
#7317 = PCURVE('',#7318,#7323);
#7318 = B_SPLINE_SURFACE_WITH_KNOTS('',1,1,(
    (#7319,#7320)
    ,(#7321,#7322
    )),.UNSPECIFIED.,.F.,.F.,.F.,(2,2),(2,2),(-4.331809092001E-03,
    5.001200786526E-03),(-2.419216761298E-03,3.442020482927E-03),
  .PIECEWISE_BEZIER_KNOTS.);
#7319 = CARTESIAN_POINT('',(18.631661380455,-13.53669436029,
    25.221605084184));
#7320 = CARTESIAN_POINT('',(22.076810192798,-8.794853821654,
    25.221605084184));
#7321 = CARTESIAN_POINT('',(11.081097780057,-8.050888794198,
    25.221605084184));
#7322 = CARTESIAN_POINT('',(14.5262465924,-3.309048255556,
    25.221605084184));
#7323 = DEFINITIONAL_REPRESENTATION('',(#7324),#7328);
#7324 = ( BOUNDED_CURVE() B_SPLINE_CURVE(2,(#7325,#7326,#7327),
.UNSPECIFIED.,.F.,.F.) B_SPLINE_CURVE_WITH_KNOTS((3,3),(6.025850072572,
6.28318530718),.PIECEWISE_BEZIER_KNOTS.) CURVE() 
GEOMETRIC_REPRESENTATION_ITEM() RATIONAL_B_SPLINE_CURVE((1.,
0.99173373582,1.)) REPRESENTATION_ITEM('') );
#7325 = CARTESIAN_POINT('',(-3.573468167312E-03,3.442020482927E-03));
#7326 = CARTESIAN_POINT('',(-4.331809092001E-03,5.604598441461E-04));
#7327 = CARTESIAN_POINT('',(-4.331809092001E-03,-2.419216761298E-03));
#7328 = ( GEOMETRIC_REPRESENTATION_CONTEXT(2) 
PARAMETRIC_REPRESENTATION_CONTEXT() REPRESENTATION_CONTEXT('2D SPACE',''
  ) );
#7329 = ORIENTED_EDGE('',*,*,#7330,.F.);
#7330 = EDGE_CURVE('',#7331,#7302,#7333,.T.);
#7331 = VERTEX_POINT('',#7332);
#7332 = CARTESIAN_POINT('',(17.832793287195,-14.5730018725,
    25.221605084184));
#7333 = SURFACE_CURVE('',#7334,(#7338,#7345),.PCURVE_S1.);
#7334 = ( BOUNDED_CURVE() B_SPLINE_CURVE(2,(#7335,#7336,#7337),
.UNSPECIFIED.,.F.,.F.) B_SPLINE_CURVE_WITH_KNOTS((3,3),(2.456450092121,
2.513274122872),.PIECEWISE_BEZIER_KNOTS.) CURVE() 
GEOMETRIC_REPRESENTATION_ITEM() RATIONAL_B_SPLINE_CURVE((1.,
0.999596405842,1.)) REPRESENTATION_ITEM('') );
#7335 = CARTESIAN_POINT('',(17.832793287195,-14.5730018725,
    25.221605084184));
#7336 = CARTESIAN_POINT('',(18.246953088943,-14.06619989738,
    25.221605084184));
#7337 = CARTESIAN_POINT('',(18.631661380455,-13.53669436029,
    25.221605084184));
#7338 = PCURVE('',#6807,#7339);
#7339 = DEFINITIONAL_REPRESENTATION('',(#7340),#7344);
#7340 = B_SPLINE_CURVE_WITH_KNOTS('',2,(#7341,#7342,#7343),
  .UNSPECIFIED.,.F.,.F.,(3,3),(2.456450092121,2.513274122872),
  .PIECEWISE_BEZIER_KNOTS.);
#7341 = CARTESIAN_POINT('',(2.451322453332,-3.471100190438E-18));
#7342 = CARTESIAN_POINT('',(2.47832285363,2.031335310517E-18));
#7343 = CARTESIAN_POINT('',(2.505422283802,-1.009500147724E-20));
#7344 = ( GEOMETRIC_REPRESENTATION_CONTEXT(2) 
PARAMETRIC_REPRESENTATION_CONTEXT() REPRESENTATION_CONTEXT('2D SPACE',''
  ) );
#7345 = PCURVE('',#7346,#7351);
#7346 = B_SPLINE_SURFACE_WITH_KNOTS('',1,1,(
    (#7347,#7348)
    ,(#7349,#7350
    )),.UNSPECIFIED.,.F.,.F.,.F.,(2,2),(2,2),(1.093718406685E-02,
    1.863166138046E-02),(-1.457300187251E-02,-8.290551523819E-03),
  .PIECEWISE_BEZIER_KNOTS.);
#7347 = CARTESIAN_POINT('',(10.937184066851,-14.5730018725,
    25.221605084184));
#7348 = CARTESIAN_POINT('',(10.937184066851,-8.290551523819,
    25.221605084184));
#7349 = CARTESIAN_POINT('',(18.631661380455,-14.5730018725,
    25.221605084184));
#7350 = CARTESIAN_POINT('',(18.631661380455,-8.290551523819,
    25.221605084184));
#7351 = DEFINITIONAL_REPRESENTATION('',(#7352),#7356);
#7352 = ( BOUNDED_CURVE() B_SPLINE_CURVE(2,(#7353,#7354,#7355),
.UNSPECIFIED.,.F.,.F.) B_SPLINE_CURVE_WITH_KNOTS((3,3),(2.456450092121,
2.513274122872),.PIECEWISE_BEZIER_KNOTS.) CURVE() 
GEOMETRIC_REPRESENTATION_ITEM() RATIONAL_B_SPLINE_CURVE((1.,
0.999596405842,1.)) REPRESENTATION_ITEM('') );
#7353 = CARTESIAN_POINT('',(1.78327932872E-02,-1.457300187251E-02));
#7354 = CARTESIAN_POINT('',(1.824695308894E-02,-1.406619989739E-02));
#7355 = CARTESIAN_POINT('',(1.863166138046E-02,-1.35366943603E-02));
#7356 = ( GEOMETRIC_REPRESENTATION_CONTEXT(2) 
PARAMETRIC_REPRESENTATION_CONTEXT() REPRESENTATION_CONTEXT('2D SPACE',''
  ) );
#7357 = ORIENTED_EDGE('',*,*,#7358,.T.);
#7358 = EDGE_CURVE('',#7331,#7359,#7361,.T.);
#7359 = VERTEX_POINT('',#7360);
#7360 = CARTESIAN_POINT('',(13.536694360296,-18.63166138045,
    25.221605084184));
#7361 = SURFACE_CURVE('',#7362,(#7366,#7373),.PCURVE_S1.);
#7362 = ( BOUNDED_CURVE() B_SPLINE_CURVE(2,(#7363,#7364,#7365),
.UNSPECIFIED.,.F.,.F.) B_SPLINE_CURVE_WITH_KNOTS((3,3),(6.025850072572,
6.28318530718),.PIECEWISE_BEZIER_KNOTS.) CURVE() 
GEOMETRIC_REPRESENTATION_ITEM() RATIONAL_B_SPLINE_CURVE((1.,
0.99173373582,1.)) REPRESENTATION_ITEM('') );
#7363 = CARTESIAN_POINT('',(17.832793287195,-14.5730018725,
    25.221605084184));
#7364 = CARTESIAN_POINT('',(15.947303371841,-16.88025141517,
    25.221605084184));
#7365 = CARTESIAN_POINT('',(13.536694360296,-18.63166138045,
    25.221605084184));
#7366 = PCURVE('',#6807,#7367);
#7367 = DEFINITIONAL_REPRESENTATION('',(#7368),#7372);
#7368 = B_SPLINE_CURVE_WITH_KNOTS('',2,(#7369,#7370,#7371),
  .UNSPECIFIED.,.F.,.F.,(3,3),(6.025850072572,6.28318530718),
  .PIECEWISE_BEZIER_KNOTS.);
#7369 = CARTESIAN_POINT('',(2.451322453332,-3.470273211173E-18));
#7370 = CARTESIAN_POINT('',(2.329368221871,1.35739756832E-17));
#7371 = CARTESIAN_POINT('',(2.206966696582,-5.047500733314E-21));
#7372 = ( GEOMETRIC_REPRESENTATION_CONTEXT(2) 
PARAMETRIC_REPRESENTATION_CONTEXT() REPRESENTATION_CONTEXT('2D SPACE',''
  ) );
#7373 = PCURVE('',#7374,#7379);
#7374 = B_SPLINE_SURFACE_WITH_KNOTS('',1,1,(
    (#7375,#7376)
    ,(#7377,#7378
    )),.UNSPECIFIED.,.F.,.F.,.F.,(2,2),(2,2),(-4.331809092001E-03,
    5.001200786526E-03),(-2.419216761298E-03,3.442020482927E-03),
  .PIECEWISE_BEZIER_KNOTS.);
#7375 = CARTESIAN_POINT('',(13.536694360296,-18.63166138045,
    25.221605084184));
#7376 = CARTESIAN_POINT('',(18.278534898937,-15.18651256811,
    25.221605084184));
#7377 = CARTESIAN_POINT('',(8.050888794197,-11.08109778005,
    25.221605084184));
#7378 = CARTESIAN_POINT('',(12.792729332839,-7.635948967715,
    25.221605084184));
#7379 = DEFINITIONAL_REPRESENTATION('',(#7380),#7384);
#7380 = ( BOUNDED_CURVE() B_SPLINE_CURVE(2,(#7381,#7382,#7383),
.UNSPECIFIED.,.F.,.F.) B_SPLINE_CURVE_WITH_KNOTS((3,3),(6.025850072572,
6.28318530718),.PIECEWISE_BEZIER_KNOTS.) CURVE() 
GEOMETRIC_REPRESENTATION_ITEM() RATIONAL_B_SPLINE_CURVE((1.,
0.99173373582,1.)) REPRESENTATION_ITEM('') );
#7381 = CARTESIAN_POINT('',(-3.573468167312E-03,3.442020482927E-03));
#7382 = CARTESIAN_POINT('',(-4.331809092001E-03,5.604598441461E-04));
#7383 = CARTESIAN_POINT('',(-4.331809092001E-03,-2.419216761298E-03));
#7384 = ( GEOMETRIC_REPRESENTATION_CONTEXT(2) 
PARAMETRIC_REPRESENTATION_CONTEXT() REPRESENTATION_CONTEXT('2D SPACE',''
  ) );
#7385 = ORIENTED_EDGE('',*,*,#7386,.F.);
#7386 = EDGE_CURVE('',#7387,#7359,#7389,.T.);
#7387 = VERTEX_POINT('',#7388);
#7388 = CARTESIAN_POINT('',(12.456689021868,-19.37038457575,
    25.221605084184));
#7389 = SURFACE_CURVE('',#7390,(#7394,#7401),.PCURVE_S1.);
#7390 = ( BOUNDED_CURVE() B_SPLINE_CURVE(2,(#7391,#7392,#7393),
.UNSPECIFIED.,.F.,.F.) B_SPLINE_CURVE_WITH_KNOTS((3,3),(2.142290826762,
2.199114857513),.PIECEWISE_BEZIER_KNOTS.) CURVE() 
GEOMETRIC_REPRESENTATION_ITEM() RATIONAL_B_SPLINE_CURVE((1.,
0.999596405842,1.)) REPRESENTATION_ITEM('') );
#7391 = CARTESIAN_POINT('',(12.456689021868,-19.37038457575,
    25.221605084184));
#7392 = CARTESIAN_POINT('',(13.007188823203,-19.01636967196,
    25.221605084184));
#7393 = CARTESIAN_POINT('',(13.536694360296,-18.63166138045,
    25.221605084184));
#7394 = PCURVE('',#6807,#7395);
#7395 = DEFINITIONAL_REPRESENTATION('',(#7396),#7400);
#7396 = B_SPLINE_CURVE_WITH_KNOTS('',2,(#7397,#7398,#7399),
  .UNSPECIFIED.,.F.,.F.,(3,3),(2.142290826762,2.199114857513),
  .PIECEWISE_BEZIER_KNOTS.);
#7397 = CARTESIAN_POINT('',(2.152624316023,2.450038218834E-23));
#7398 = CARTESIAN_POINT('',(2.179867315848,-8.218833298231E-21));
#7399 = CARTESIAN_POINT('',(2.206966696582,-7.572563824576E-21));
#7400 = ( GEOMETRIC_REPRESENTATION_CONTEXT(2) 
PARAMETRIC_REPRESENTATION_CONTEXT() REPRESENTATION_CONTEXT('2D SPACE',''
  ) );
#7401 = PCURVE('',#7402,#7407);
#7402 = B_SPLINE_SURFACE_WITH_KNOTS('',1,1,(
    (#7403,#7404)
    ,(#7405,#7406
    )),.UNSPECIFIED.,.F.,.F.,.F.,(2,2),(2,2),(7.625646309376E-03,
    1.35366943603E-02),(-1.937038457575E-02,-1.142976792637E-02),
  .PIECEWISE_BEZIER_KNOTS.);
#7403 = CARTESIAN_POINT('',(7.625646309376,-19.37038457575,
    25.221605084184));
#7404 = CARTESIAN_POINT('',(7.625646309376,-11.42976792636,
    25.221605084184));
#7405 = CARTESIAN_POINT('',(13.536694360296,-19.37038457575,
    25.221605084184));
#7406 = CARTESIAN_POINT('',(13.536694360296,-11.42976792636,
    25.221605084184));
#7407 = DEFINITIONAL_REPRESENTATION('',(#7408),#7412);
#7408 = ( BOUNDED_CURVE() B_SPLINE_CURVE(2,(#7409,#7410,#7411),
.UNSPECIFIED.,.F.,.F.) B_SPLINE_CURVE_WITH_KNOTS((3,3),(2.142290826762,
2.199114857513),.PIECEWISE_BEZIER_KNOTS.) CURVE() 
GEOMETRIC_REPRESENTATION_ITEM() RATIONAL_B_SPLINE_CURVE((1.,
0.999596405842,1.)) REPRESENTATION_ITEM('') );
#7409 = CARTESIAN_POINT('',(1.245668902187E-02,-1.937038457575E-02));
#7410 = CARTESIAN_POINT('',(1.30071888232E-02,-1.901636967197E-02));
#7411 = CARTESIAN_POINT('',(1.35366943603E-02,-1.863166138046E-02));
#7412 = ( GEOMETRIC_REPRESENTATION_CONTEXT(2) 
PARAMETRIC_REPRESENTATION_CONTEXT() REPRESENTATION_CONTEXT('2D SPACE',''
  ) );
#7413 = ORIENTED_EDGE('',*,*,#7414,.T.);
#7414 = EDGE_CURVE('',#7387,#7415,#7417,.T.);
#7415 = VERTEX_POINT('',#7416);
#7416 = CARTESIAN_POINT('',(7.116661380455,-21.90283157027,
    25.221605084184));
#7417 = SURFACE_CURVE('',#7418,(#7422,#7430),.PCURVE_S1.);
#7418 = ( BOUNDED_CURVE() B_SPLINE_CURVE(2,(#7419,#7420,#7421),
.UNSPECIFIED.,.F.,.F.) B_SPLINE_CURVE_WITH_KNOTS((3,3),(6.025850072572,
6.28318530718),.PIECEWISE_BEZIER_KNOTS.) CURVE() 
GEOMETRIC_REPRESENTATION_ITEM() RATIONAL_B_SPLINE_CURVE((1.,
0.99173373582,1.)) REPRESENTATION_ITEM('') );
#7419 = CARTESIAN_POINT('',(12.456689021868,-19.37038457575,
    25.221605084184));
#7420 = CARTESIAN_POINT('',(9.950502232515,-20.98206086145,
    25.221605084184));
#7421 = CARTESIAN_POINT('',(7.116661380455,-21.90283157027,
    25.221605084184));
#7422 = PCURVE('',#6807,#7423);
#7423 = DEFINITIONAL_REPRESENTATION('',(#7424),#7429);
#7424 = B_SPLINE_CURVE_WITH_KNOTS('',3,(#7425,#7426,#7427,#7428),
  .UNSPECIFIED.,.F.,.F.,(4,4),(6.025850072572,6.28318530718),
  .PIECEWISE_BEZIER_KNOTS.);
#7425 = CARTESIAN_POINT('',(2.152624316023,-3.476041733624E-18));
#7426 = CARTESIAN_POINT('',(2.070590513031,8.794043288208E-18));
#7427 = CARTESIAN_POINT('',(1.986749617439,1.117604914363E-18));
#7428 = CARTESIAN_POINT('',(1.900976618107,3.449806422771E-18));
#7429 = ( GEOMETRIC_REPRESENTATION_CONTEXT(2) 
PARAMETRIC_REPRESENTATION_CONTEXT() REPRESENTATION_CONTEXT('2D SPACE',''
  ) );
#7430 = PCURVE('',#7431,#7436);
#7431 = B_SPLINE_SURFACE_WITH_KNOTS('',1,1,(
    (#7432,#7433)
    ,(#7434,#7435
    )),.UNSPECIFIED.,.F.,.F.,.F.,(2,2),(2,2),(-4.331809092001E-03,
    5.001200786526E-03),(-2.419216761298E-03,3.442020482927E-03),
  .PIECEWISE_BEZIER_KNOTS.);
#7432 = CARTESIAN_POINT('',(7.116661380455,-21.90283157027,
    25.221605084184));
#7433 = CARTESIAN_POINT('',(12.691029255127,-20.09160965374,
    25.221605084184));
#7434 = CARTESIAN_POINT('',(4.232602719321,-13.02661170865,
    25.221605084184));
#7435 = CARTESIAN_POINT('',(9.806970593993,-11.21538979212,
    25.221605084184));
#7436 = DEFINITIONAL_REPRESENTATION('',(#7437),#7441);
#7437 = ( BOUNDED_CURVE() B_SPLINE_CURVE(2,(#7438,#7439,#7440),
.UNSPECIFIED.,.F.,.F.) B_SPLINE_CURVE_WITH_KNOTS((3,3),(6.025850072572,
6.28318530718),.PIECEWISE_BEZIER_KNOTS.) CURVE() 
GEOMETRIC_REPRESENTATION_ITEM() RATIONAL_B_SPLINE_CURVE((1.,
0.99173373582,1.)) REPRESENTATION_ITEM('') );
#7438 = CARTESIAN_POINT('',(-3.573468167312E-03,3.442020482927E-03));
#7439 = CARTESIAN_POINT('',(-4.331809092001E-03,5.604598441461E-04));
#7440 = CARTESIAN_POINT('',(-4.331809092001E-03,-2.419216761298E-03));
#7441 = ( GEOMETRIC_REPRESENTATION_CONTEXT(2) 
PARAMETRIC_REPRESENTATION_CONTEXT() REPRESENTATION_CONTEXT('2D SPACE',''
  ) );
#7442 = ORIENTED_EDGE('',*,*,#7443,.F.);
#7443 = EDGE_CURVE('',#7444,#7415,#7446,.T.);
#7444 = VERTEX_POINT('',#7445);
#7445 = CARTESIAN_POINT('',(5.861237244225,-22.27165907531,
    25.221605084184));
#7446 = SURFACE_CURVE('',#7447,(#7451,#7458),.PCURVE_S1.);
#7447 = ( BOUNDED_CURVE() B_SPLINE_CURVE(2,(#7448,#7449,#7450),
.UNSPECIFIED.,.F.,.F.) B_SPLINE_CURVE_WITH_KNOTS((3,3),(1.828131561403,
1.884955592154),.PIECEWISE_BEZIER_KNOTS.) CURVE() 
GEOMETRIC_REPRESENTATION_ITEM() RATIONAL_B_SPLINE_CURVE((1.,
0.999596405842,1.)) REPRESENTATION_ITEM('') );
#7448 = CARTESIAN_POINT('',(5.861237244225,-22.27165907531,
    25.221605084184));
#7449 = CARTESIAN_POINT('',(6.494190289034,-22.10508468821,
    25.221605084184));
#7450 = CARTESIAN_POINT('',(7.116661380455,-21.90283157027,
    25.221605084184));
#7451 = PCURVE('',#6807,#7452);
#7452 = DEFINITIONAL_REPRESENTATION('',(#7453),#7457);
#7453 = B_SPLINE_CURVE_WITH_KNOTS('',2,(#7454,#7455,#7456),
  .UNSPECIFIED.,.F.,.F.,(3,3),(1.828131561403,1.884955592154),
  .PIECEWISE_BEZIER_KNOTS.);
#7454 = CARTESIAN_POINT('',(1.843592093743,3.469566637919E-18));
#7455 = CARTESIAN_POINT('',(1.872492374898,-3.387386551983E-18));
#7456 = CARTESIAN_POINT('',(1.900976618107,-1.964052918304E-20));
#7457 = ( GEOMETRIC_REPRESENTATION_CONTEXT(2) 
PARAMETRIC_REPRESENTATION_CONTEXT() REPRESENTATION_CONTEXT('2D SPACE',''
  ) );
#7458 = PCURVE('',#7459,#7464);
#7459 = B_SPLINE_SURFACE_WITH_KNOTS('',1,1,(
    (#7460,#7461)
    ,(#7462,#7463
    )),.UNSPECIFIED.,.F.,.F.,.F.,(2,2),(2,2),(3.567657160136E-03,
    7.116661380455E-03),(-2.227165907531E-02,-1.345015900841E-02),
  .PIECEWISE_BEZIER_KNOTS.);
#7460 = CARTESIAN_POINT('',(3.567657160136,-22.27165907531,
    25.221605084184));
#7461 = CARTESIAN_POINT('',(3.567657160136,-13.4501590084,
    25.221605084184));
#7462 = CARTESIAN_POINT('',(7.116661380455,-22.27165907531,
    25.221605084184));
#7463 = CARTESIAN_POINT('',(7.116661380455,-13.4501590084,
    25.221605084184));
#7464 = DEFINITIONAL_REPRESENTATION('',(#7465),#7469);
#7465 = ( BOUNDED_CURVE() B_SPLINE_CURVE(2,(#7466,#7467,#7468),
.UNSPECIFIED.,.F.,.F.) B_SPLINE_CURVE_WITH_KNOTS((3,3),(1.828131561403,
1.884955592154),.PIECEWISE_BEZIER_KNOTS.) CURVE() 
GEOMETRIC_REPRESENTATION_ITEM() RATIONAL_B_SPLINE_CURVE((1.,
0.999596405842,1.)) REPRESENTATION_ITEM('') );
#7466 = CARTESIAN_POINT('',(5.861237244225E-03,-2.227165907531E-02));
#7467 = CARTESIAN_POINT('',(6.494190289034E-03,-2.210508468822E-02));
#7468 = CARTESIAN_POINT('',(7.116661380455E-03,-2.190283157028E-02));
#7469 = ( GEOMETRIC_REPRESENTATION_CONTEXT(2) 
PARAMETRIC_REPRESENTATION_CONTEXT() REPRESENTATION_CONTEXT('2D SPACE',''
  ) );
#7470 = ORIENTED_EDGE('',*,*,#7471,.T.);
#7471 = EDGE_CURVE('',#7444,#7164,#7472,.T.);
#7472 = SURFACE_CURVE('',#7473,(#7477,#7485),.PCURVE_S1.);
#7473 = ( BOUNDED_CURVE() B_SPLINE_CURVE(2,(#7474,#7475,#7476),
.UNSPECIFIED.,.F.,.F.) B_SPLINE_CURVE_WITH_KNOTS((3,3),(6.025850072572,
6.28318530718),.PIECEWISE_BEZIER_KNOTS.) CURVE() 
GEOMETRIC_REPRESENTATION_ITEM() RATIONAL_B_SPLINE_CURVE((1.,
0.99173373582,1.)) REPRESENTATION_ITEM('') );
#7474 = CARTESIAN_POINT('',(5.861237244225,-22.27165907531,
    25.221605084184));
#7475 = CARTESIAN_POINT('',(2.979676605444,-23.03,25.221605084184));
#7476 = CARTESIAN_POINT('',(5.640723156873E-15,-23.03,25.221605084184));
#7477 = PCURVE('',#6807,#7478);
#7478 = DEFINITIONAL_REPRESENTATION('',(#7479),#7484);
#7479 = B_SPLINE_CURVE_WITH_KNOTS('',3,(#7480,#7481,#7482,#7483),
  .UNSPECIFIED.,.F.,.F.,(4,4),(6.025850072572,6.28318530718),
  .PIECEWISE_BEZIER_KNOTS.);
#7480 = CARTESIAN_POINT('',(1.843592093743,-1.856311229763E-20));
#7481 = CARTESIAN_POINT('',(1.756564589231,7.641503467445E-18));
#7482 = CARTESIAN_POINT('',(1.665807927952,-2.465805488449E-18));
#7483 = CARTESIAN_POINT('',(1.570796326795,0.));
#7484 = ( GEOMETRIC_REPRESENTATION_CONTEXT(2) 
PARAMETRIC_REPRESENTATION_CONTEXT() REPRESENTATION_CONTEXT('2D SPACE',''
  ) );
#7485 = PCURVE('',#7486,#7491);
#7486 = B_SPLINE_SURFACE_WITH_KNOTS('',1,1,(
    (#7487,#7488)
    ,(#7489,#7490
    )),.UNSPECIFIED.,.F.,.F.,.F.,(2,2),(2,2),(-4.331809092001E-03,
    5.001200786526E-03),(-2.419216761298E-03,3.442020482927E-03),
  .PIECEWISE_BEZIER_KNOTS.);
#7487 = CARTESIAN_POINT('',(-1.301042606983E-14,-23.03,25.221605084184)
  );
#7488 = CARTESIAN_POINT('',(5.861237244225,-23.03,25.221605084184));
#7489 = CARTESIAN_POINT('',(-1.301042606983E-14,-13.69699012147,
    25.221605084184));
#7490 = CARTESIAN_POINT('',(5.861237244225,-13.69699012147,
    25.221605084184));
#7491 = DEFINITIONAL_REPRESENTATION('',(#7492),#7496);
#7492 = ( BOUNDED_CURVE() B_SPLINE_CURVE(2,(#7493,#7494,#7495),
.UNSPECIFIED.,.F.,.F.) B_SPLINE_CURVE_WITH_KNOTS((3,3),(6.025850072572,
6.28318530718),.PIECEWISE_BEZIER_KNOTS.) CURVE() 
GEOMETRIC_REPRESENTATION_ITEM() RATIONAL_B_SPLINE_CURVE((1.,
0.99173373582,1.)) REPRESENTATION_ITEM('') );
#7493 = CARTESIAN_POINT('',(-3.573468167312E-03,3.442020482927E-03));
#7494 = CARTESIAN_POINT('',(-4.331809092001E-03,5.604598441461E-04));
#7495 = CARTESIAN_POINT('',(-4.331809092001E-03,-2.419216761298E-03));
#7496 = ( GEOMETRIC_REPRESENTATION_CONTEXT(2) 
PARAMETRIC_REPRESENTATION_CONTEXT() REPRESENTATION_CONTEXT('2D SPACE',''
  ) );
#7497 = ADVANCED_FACE('',(#7498),#6864,.F.);
#7498 = FACE_BOUND('',#7499,.F.);
#7499 = EDGE_LOOP('',(#7500,#7501,#7524,#7546,#7574,#7603,#7631,#7660,
    #7688,#7716,#7744,#7773,#7801));
#7500 = ORIENTED_EDGE('',*,*,#6849,.T.);
#7501 = ORIENTED_EDGE('',*,*,#7502,.T.);
#7502 = EDGE_CURVE('',#6822,#7503,#7505,.T.);
#7503 = VERTEX_POINT('',#7504);
#7504 = CARTESIAN_POINT('',(-23.03,0.,26.27322065986));
#7505 = SURFACE_CURVE('',#7506,(#7510,#7517),.PCURVE_S1.);
#7506 = ( BOUNDED_CURVE() B_SPLINE_CURVE(2,(#7507,#7508,#7509),
.UNSPECIFIED.,.F.,.F.) B_SPLINE_CURVE_WITH_KNOTS((3,3),(4.712388980385,
6.28318530718),.PIECEWISE_BEZIER_KNOTS.) CURVE() 
GEOMETRIC_REPRESENTATION_ITEM() RATIONAL_B_SPLINE_CURVE((1.,
0.707106781187,1.)) REPRESENTATION_ITEM('') );
#7507 = CARTESIAN_POINT('',(4.230542367655E-15,23.03,26.27322065986));
#7508 = CARTESIAN_POINT('',(-23.03,23.03,26.27322065986));
#7509 = CARTESIAN_POINT('',(-23.03,5.640723156873E-15,26.27322065986));
#7510 = PCURVE('',#6864,#7511);
#7511 = DEFINITIONAL_REPRESENTATION('',(#7512),#7516);
#7512 = B_SPLINE_CURVE_WITH_KNOTS('',2,(#7513,#7514,#7515),
  .UNSPECIFIED.,.F.,.F.,(3,3),(4.712388980385,6.28318530718),
  .PIECEWISE_BEZIER_KNOTS.);
#7513 = CARTESIAN_POINT('',(4.712388980385,-1.051615575676E-03));
#7514 = CARTESIAN_POINT('',(5.497787143782,-1.051615575676E-03));
#7515 = CARTESIAN_POINT('',(6.28318530718,-1.051615575676E-03));
#7516 = ( GEOMETRIC_REPRESENTATION_CONTEXT(2) 
PARAMETRIC_REPRESENTATION_CONTEXT() REPRESENTATION_CONTEXT('2D SPACE',''
  ) );
#7517 = PCURVE('',#6837,#7518);
#7518 = DEFINITIONAL_REPRESENTATION('',(#7519),#7523);
#7519 = ( BOUNDED_CURVE() B_SPLINE_CURVE(2,(#7520,#7521,#7522),
.UNSPECIFIED.,.F.,.F.) B_SPLINE_CURVE_WITH_KNOTS((3,3),(4.712388980385,
6.28318530718),.PIECEWISE_BEZIER_KNOTS.) CURVE() 
GEOMETRIC_REPRESENTATION_ITEM() RATIONAL_B_SPLINE_CURVE((1.,
0.707106781187,1.)) REPRESENTATION_ITEM('') );
#7520 = CARTESIAN_POINT('',(3.851595023856E-18,2.303E-02));
#7521 = CARTESIAN_POINT('',(-2.303E-02,2.303E-02));
#7522 = CARTESIAN_POINT('',(-2.303E-02,6.326659238339E-18));
#7523 = ( GEOMETRIC_REPRESENTATION_CONTEXT(2) 
PARAMETRIC_REPRESENTATION_CONTEXT() REPRESENTATION_CONTEXT('2D SPACE',''
  ) );
#7524 = ORIENTED_EDGE('',*,*,#7525,.F.);
#7525 = EDGE_CURVE('',#7526,#7503,#7528,.T.);
#7526 = VERTEX_POINT('',#7527);
#7527 = CARTESIAN_POINT('',(-23.03,5.20417042793E-15,25.221605084184));
#7528 = SURFACE_CURVE('',#7529,(#7532,#7539),.PCURVE_S1.);
#7529 = B_SPLINE_CURVE_WITH_KNOTS('',1,(#7530,#7531),.UNSPECIFIED.,.F.,
  .F.,(2,2),(0.,1.051615575676E-03),.PIECEWISE_BEZIER_KNOTS.);
#7530 = CARTESIAN_POINT('',(-23.03,0.,25.221605084184));
#7531 = CARTESIAN_POINT('',(-23.03,0.,26.27322065986));
#7532 = PCURVE('',#6864,#7533);
#7533 = DEFINITIONAL_REPRESENTATION('',(#7534),#7538);
#7534 = B_SPLINE_CURVE_WITH_KNOTS('',2,(#7535,#7536,#7537),
  .UNSPECIFIED.,.F.,.F.,(3,3),(0.,1.051615575676E-03),
  .PIECEWISE_BEZIER_KNOTS.);
#7535 = CARTESIAN_POINT('',(6.28318530718,0.));
#7536 = CARTESIAN_POINT('',(6.28318530718,-5.258077878381E-04));
#7537 = CARTESIAN_POINT('',(6.28318530718,-1.051615575676E-03));
#7538 = ( GEOMETRIC_REPRESENTATION_CONTEXT(2) 
PARAMETRIC_REPRESENTATION_CONTEXT() REPRESENTATION_CONTEXT('2D SPACE',''
  ) );
#7539 = PCURVE('',#7180,#7540);
#7540 = DEFINITIONAL_REPRESENTATION('',(#7541),#7545);
#7541 = B_SPLINE_CURVE_WITH_KNOTS('',2,(#7542,#7543,#7544),
  .UNSPECIFIED.,.F.,.F.,(3,3),(0.,1.051615575676E-03),
  .PIECEWISE_BEZIER_KNOTS.);
#7542 = CARTESIAN_POINT('',(0.,0.));
#7543 = CARTESIAN_POINT('',(0.,-5.258077878381E-04));
#7544 = CARTESIAN_POINT('',(0.,-1.051615575676E-03));
#7545 = ( GEOMETRIC_REPRESENTATION_CONTEXT(2) 
PARAMETRIC_REPRESENTATION_CONTEXT() REPRESENTATION_CONTEXT('2D SPACE',''
  ) );
#7546 = ORIENTED_EDGE('',*,*,#7547,.F.);
#7547 = EDGE_CURVE('',#7548,#7526,#7550,.T.);
#7548 = VERTEX_POINT('',#7549);
#7549 = CARTESIAN_POINT('',(-22.9928284088,1.307953272524,
    25.221605084184));
#7550 = SURFACE_CURVE('',#7551,(#7555,#7562),.PCURVE_S1.);
#7551 = ( BOUNDED_CURVE() B_SPLINE_CURVE(2,(#7552,#7553,#7554),
.UNSPECIFIED.,.F.,.F.) B_SPLINE_CURVE_WITH_KNOTS((3,3),(6.226361276429,
6.28318530718),.PIECEWISE_BEZIER_KNOTS.) CURVE() 
GEOMETRIC_REPRESENTATION_ITEM() RATIONAL_B_SPLINE_CURVE((1.,
0.999596405842,1.)) REPRESENTATION_ITEM('') );
#7552 = CARTESIAN_POINT('',(-22.9928284088,1.307953272524,
    25.221605084184));
#7553 = CARTESIAN_POINT('',(-23.03,0.654504838309,25.221605084184));
#7554 = CARTESIAN_POINT('',(-23.03,5.640723156873E-15,25.221605084184));
#7555 = PCURVE('',#6864,#7556);
#7556 = DEFINITIONAL_REPRESENTATION('',(#7557),#7561);
#7557 = B_SPLINE_CURVE_WITH_KNOTS('',2,(#7558,#7559,#7560),
  .UNSPECIFIED.,.F.,.F.,(3,3),(6.226361276429,6.28318530718),
  .PIECEWISE_BEZIER_KNOTS.);
#7558 = CARTESIAN_POINT('',(6.220787227637,-1.883350572575E-20));
#7559 = CARTESIAN_POINT('',(6.251633739007,3.58978016502E-18));
#7560 = CARTESIAN_POINT('',(6.28318530718,0.));
#7561 = ( GEOMETRIC_REPRESENTATION_CONTEXT(2) 
PARAMETRIC_REPRESENTATION_CONTEXT() REPRESENTATION_CONTEXT('2D SPACE',''
  ) );
#7562 = PCURVE('',#7563,#7568);
#7563 = B_SPLINE_SURFACE_WITH_KNOTS('',1,1,(
    (#7564,#7565)
    ,(#7566,#7567
    )),.UNSPECIFIED.,.F.,.F.,.F.,(2,2),(2,2),(-2.303E-02,
    -1.412907840124E-02),(-3.576485738651E-05,1.307953272524E-03),
  .PIECEWISE_BEZIER_KNOTS.);
#7564 = CARTESIAN_POINT('',(-23.03,-3.576485738651E-02,25.221605084184)
  );
#7565 = CARTESIAN_POINT('',(-23.03,1.307953272524,25.221605084184));
#7566 = CARTESIAN_POINT('',(-14.12907840124,-3.576485738651E-02,
    25.221605084184));
#7567 = CARTESIAN_POINT('',(-14.12907840124,1.307953272524,
    25.221605084184));
#7568 = DEFINITIONAL_REPRESENTATION('',(#7569),#7573);
#7569 = ( BOUNDED_CURVE() B_SPLINE_CURVE(2,(#7570,#7571,#7572),
.UNSPECIFIED.,.F.,.F.) B_SPLINE_CURVE_WITH_KNOTS((3,3),(6.226361276429,
6.28318530718),.PIECEWISE_BEZIER_KNOTS.) CURVE() 
GEOMETRIC_REPRESENTATION_ITEM() RATIONAL_B_SPLINE_CURVE((1.,
0.999596405842,1.)) REPRESENTATION_ITEM('') );
#7570 = CARTESIAN_POINT('',(-2.299282840881E-02,1.307953272524E-03));
#7571 = CARTESIAN_POINT('',(-2.303E-02,6.545048383091E-04));
#7572 = CARTESIAN_POINT('',(-2.303E-02,6.326659238339E-18));
#7573 = ( GEOMETRIC_REPRESENTATION_CONTEXT(2) 
PARAMETRIC_REPRESENTATION_CONTEXT() REPRESENTATION_CONTEXT('2D SPACE',''
  ) );
#7574 = ORIENTED_EDGE('',*,*,#7575,.T.);
#7575 = EDGE_CURVE('',#7548,#7576,#7578,.T.);
#7576 = VERTEX_POINT('',#7577);
#7577 = CARTESIAN_POINT('',(-21.90283157027,7.116661380455,
    25.221605084184));
#7578 = SURFACE_CURVE('',#7579,(#7583,#7591),.PCURVE_S1.);
#7579 = ( BOUNDED_CURVE() B_SPLINE_CURVE(2,(#7580,#7581,#7582),
.UNSPECIFIED.,.F.,.F.) B_SPLINE_CURVE_WITH_KNOTS((3,3),(6.025850072572,
6.28318530718),.PIECEWISE_BEZIER_KNOTS.) CURVE() 
GEOMETRIC_REPRESENTATION_ITEM() RATIONAL_B_SPLINE_CURVE((1.,
0.99173373582,1.)) REPRESENTATION_ITEM('') );
#7580 = CARTESIAN_POINT('',(-22.9928284088,1.307953272524,
    25.221605084184));
#7581 = CARTESIAN_POINT('',(-22.8236022791,4.282820528395,
    25.221605084184));
#7582 = CARTESIAN_POINT('',(-21.90283157027,7.116661380455,
    25.221605084184));
#7583 = PCURVE('',#6864,#7584);
#7584 = DEFINITIONAL_REPRESENTATION('',(#7585),#7590);
#7585 = B_SPLINE_CURVE_WITH_KNOTS('',3,(#7586,#7587,#7588,#7589),
  .UNSPECIFIED.,.F.,.F.,(4,4),(6.025850072572,6.28318530718),
  .PIECEWISE_BEZIER_KNOTS.);
#7586 = CARTESIAN_POINT('',(6.220787227637,3.456878822324E-18));
#7587 = CARTESIAN_POINT('',(6.127898303831,-1.042773572407E-17));
#7588 = CARTESIAN_POINT('',(6.038779338123,2.344427049938E-17));
#7589 = CARTESIAN_POINT('',(5.953005015867,1.182409248198E-22));
#7590 = ( GEOMETRIC_REPRESENTATION_CONTEXT(2) 
PARAMETRIC_REPRESENTATION_CONTEXT() REPRESENTATION_CONTEXT('2D SPACE',''
  ) );
#7591 = PCURVE('',#7592,#7597);
#7592 = B_SPLINE_SURFACE_WITH_KNOTS('',1,1,(
    (#7593,#7594)
    ,(#7595,#7596
    )),.UNSPECIFIED.,.F.,.F.,.F.,(2,2),(2,2),(-4.331809092001E-03,
    5.001200786526E-03),(-2.419216761298E-03,3.442020482927E-03),
  .PIECEWISE_BEZIER_KNOTS.);
#7593 = CARTESIAN_POINT('',(-21.90283157027,7.116661380455,
    25.221605084184));
#7594 = CARTESIAN_POINT('',(-23.7140534868,1.542293505783,
    25.221605084184));
#7595 = CARTESIAN_POINT('',(-13.02661170865,4.232602719321,
    25.221605084184));
#7596 = CARTESIAN_POINT('',(-14.83783362518,-1.341765155351,
    25.221605084184));
#7597 = DEFINITIONAL_REPRESENTATION('',(#7598),#7602);
#7598 = ( BOUNDED_CURVE() B_SPLINE_CURVE(2,(#7599,#7600,#7601),
.UNSPECIFIED.,.F.,.F.) B_SPLINE_CURVE_WITH_KNOTS((3,3),(6.025850072572,
6.28318530718),.PIECEWISE_BEZIER_KNOTS.) CURVE() 
GEOMETRIC_REPRESENTATION_ITEM() RATIONAL_B_SPLINE_CURVE((1.,
0.99173373582,1.)) REPRESENTATION_ITEM('') );
#7599 = CARTESIAN_POINT('',(-3.573468167312E-03,3.442020482927E-03));
#7600 = CARTESIAN_POINT('',(-4.331809092001E-03,5.604598441461E-04));
#7601 = CARTESIAN_POINT('',(-4.331809092001E-03,-2.419216761298E-03));
#7602 = ( GEOMETRIC_REPRESENTATION_CONTEXT(2) 
PARAMETRIC_REPRESENTATION_CONTEXT() REPRESENTATION_CONTEXT('2D SPACE',''
  ) );
#7603 = ORIENTED_EDGE('',*,*,#7604,.F.);
#7604 = EDGE_CURVE('',#7605,#7576,#7607,.T.);
#7605 = VERTEX_POINT('',#7606);
#7606 = CARTESIAN_POINT('',(-21.46329949719,8.349112209913,
    25.221605084184));
#7607 = SURFACE_CURVE('',#7608,(#7612,#7619),.PCURVE_S1.);
#7608 = ( BOUNDED_CURVE() B_SPLINE_CURVE(2,(#7609,#7610,#7611),
.UNSPECIFIED.,.F.,.F.) B_SPLINE_CURVE_WITH_KNOTS((3,3),(5.91220201107,
5.969026041821),.PIECEWISE_BEZIER_KNOTS.) CURVE() 
GEOMETRIC_REPRESENTATION_ITEM() RATIONAL_B_SPLINE_CURVE((1.,
0.999596405842,1.)) REPRESENTATION_ITEM('') );
#7609 = CARTESIAN_POINT('',(-21.46329949719,8.349112209913,
    25.221605084184));
#7610 = CARTESIAN_POINT('',(-21.70057845233,7.739132471876,
    25.221605084184));
#7611 = CARTESIAN_POINT('',(-21.90283157027,7.116661380455,
    25.221605084184));
#7612 = PCURVE('',#6864,#7613);
#7613 = DEFINITIONAL_REPRESENTATION('',(#7614),#7618);
#7614 = B_SPLINE_CURVE_WITH_KNOTS('',2,(#7615,#7616,#7617),
  .UNSPECIFIED.,.F.,.F.,(3,3),(5.91220201107,5.969026041821),
  .PIECEWISE_BEZIER_KNOTS.);
#7615 = CARTESIAN_POINT('',(5.896398249228,1.55889125503E-22));
#7616 = CARTESIAN_POINT('',(5.924520601232,-1.189291720436E-18));
#7617 = CARTESIAN_POINT('',(5.953005015867,3.449924659592E-18));
#7618 = ( GEOMETRIC_REPRESENTATION_CONTEXT(2) 
PARAMETRIC_REPRESENTATION_CONTEXT() REPRESENTATION_CONTEXT('2D SPACE',''
  ) );
#7619 = PCURVE('',#7620,#7625);
#7620 = B_SPLINE_SURFACE_WITH_KNOTS('',1,1,(
    (#7621,#7622)
    ,(#7623,#7624
    )),.UNSPECIFIED.,.F.,.F.,.F.,(2,2),(2,2),(-2.190283157028E-02,
    -1.317811404402E-02),(4.33979817445E-03,8.349112209913E-03),
  .PIECEWISE_BEZIER_KNOTS.);
#7621 = CARTESIAN_POINT('',(-21.90283157027,4.33979817445,
    25.221605084184));
#7622 = CARTESIAN_POINT('',(-21.90283157027,8.349112209913,
    25.221605084184));
#7623 = CARTESIAN_POINT('',(-13.17811404402,4.33979817445,
    25.221605084184));
#7624 = CARTESIAN_POINT('',(-13.17811404402,8.349112209913,
    25.221605084184));
#7625 = DEFINITIONAL_REPRESENTATION('',(#7626),#7630);
#7626 = ( BOUNDED_CURVE() B_SPLINE_CURVE(2,(#7627,#7628,#7629),
.UNSPECIFIED.,.F.,.F.) B_SPLINE_CURVE_WITH_KNOTS((3,3),(5.91220201107,
5.969026041821),.PIECEWISE_BEZIER_KNOTS.) CURVE() 
GEOMETRIC_REPRESENTATION_ITEM() RATIONAL_B_SPLINE_CURVE((1.,
0.999596405842,1.)) REPRESENTATION_ITEM('') );
#7627 = CARTESIAN_POINT('',(-2.146329949719E-02,8.349112209913E-03));
#7628 = CARTESIAN_POINT('',(-2.170057845234E-02,7.739132471876E-03));
#7629 = CARTESIAN_POINT('',(-2.190283157028E-02,7.116661380455E-03));
#7630 = ( GEOMETRIC_REPRESENTATION_CONTEXT(2) 
PARAMETRIC_REPRESENTATION_CONTEXT() REPRESENTATION_CONTEXT('2D SPACE',''
  ) );
#7631 = ORIENTED_EDGE('',*,*,#7632,.T.);
#7632 = EDGE_CURVE('',#7605,#7633,#7635,.T.);
#7633 = VERTEX_POINT('',#7634);
#7634 = CARTESIAN_POINT('',(-18.63166138045,13.536694360296,
    25.221605084184));
#7635 = SURFACE_CURVE('',#7636,(#7640,#7648),.PCURVE_S1.);
#7636 = ( BOUNDED_CURVE() B_SPLINE_CURVE(2,(#7637,#7638,#7639),
.UNSPECIFIED.,.F.,.F.) B_SPLINE_CURVE_WITH_KNOTS((3,3),(6.025850072572,
6.28318530718),.PIECEWISE_BEZIER_KNOTS.) CURVE() 
GEOMETRIC_REPRESENTATION_ITEM() RATIONAL_B_SPLINE_CURVE((1.,
0.99173373582,1.)) REPRESENTATION_ITEM('') );
#7637 = CARTESIAN_POINT('',(-21.46329949719,8.349112209912,
    25.221605084184));
#7638 = CARTESIAN_POINT('',(-20.38307134573,11.12608534875,
    25.221605084184));
#7639 = CARTESIAN_POINT('',(-18.63166138045,13.536694360296,
    25.221605084184));
#7640 = PCURVE('',#6864,#7641);
#7641 = DEFINITIONAL_REPRESENTATION('',(#7642),#7647);
#7642 = B_SPLINE_CURVE_WITH_KNOTS('',3,(#7643,#7644,#7645,#7646),
  .UNSPECIFIED.,.F.,.F.,(4,4),(6.025850072572,6.28318530718),
  .PIECEWISE_BEZIER_KNOTS.);
#7643 = CARTESIAN_POINT('',(5.896398249228,-1.951492690132E-20));
#7644 = CARTESIAN_POINT('',(5.811715409372,4.461538107026E-19));
#7645 = CARTESIAN_POINT('',(5.728616197724,8.530195766525E-18));
#7646 = CARTESIAN_POINT('',(5.647014937392,-5.047500733314E-21));
#7647 = ( GEOMETRIC_REPRESENTATION_CONTEXT(2) 
PARAMETRIC_REPRESENTATION_CONTEXT() REPRESENTATION_CONTEXT('2D SPACE',''
  ) );
#7648 = PCURVE('',#7649,#7654);
#7649 = B_SPLINE_SURFACE_WITH_KNOTS('',1,1,(
    (#7650,#7651)
    ,(#7652,#7653
    )),.UNSPECIFIED.,.F.,.F.,.F.,(2,2),(2,2),(-4.331809092001E-03,
    5.001200786526E-03),(-2.419216761298E-03,3.442020482927E-03),
  .PIECEWISE_BEZIER_KNOTS.);
#7650 = CARTESIAN_POINT('',(-18.63166138045,13.536694360296,
    25.221605084184));
#7651 = CARTESIAN_POINT('',(-22.07681019279,8.794853821654,
    25.221605084184));
#7652 = CARTESIAN_POINT('',(-11.08109778005,8.050888794198,
    25.221605084184));
#7653 = CARTESIAN_POINT('',(-14.5262465924,3.309048255556,
    25.221605084184));
#7654 = DEFINITIONAL_REPRESENTATION('',(#7655),#7659);
#7655 = ( BOUNDED_CURVE() B_SPLINE_CURVE(2,(#7656,#7657,#7658),
.UNSPECIFIED.,.F.,.F.) B_SPLINE_CURVE_WITH_KNOTS((3,3),(6.025850072572,
6.28318530718),.PIECEWISE_BEZIER_KNOTS.) CURVE() 
GEOMETRIC_REPRESENTATION_ITEM() RATIONAL_B_SPLINE_CURVE((1.,
0.99173373582,1.)) REPRESENTATION_ITEM('') );
#7656 = CARTESIAN_POINT('',(-3.573468167312E-03,3.442020482927E-03));
#7657 = CARTESIAN_POINT('',(-4.331809092001E-03,5.604598441461E-04));
#7658 = CARTESIAN_POINT('',(-4.331809092001E-03,-2.419216761298E-03));
#7659 = ( GEOMETRIC_REPRESENTATION_CONTEXT(2) 
PARAMETRIC_REPRESENTATION_CONTEXT() REPRESENTATION_CONTEXT('2D SPACE',''
  ) );
#7660 = ORIENTED_EDGE('',*,*,#7661,.F.);
#7661 = EDGE_CURVE('',#7662,#7633,#7664,.T.);
#7662 = VERTEX_POINT('',#7663);
#7663 = CARTESIAN_POINT('',(-17.83279328719,14.573001872509,
    25.221605084184));
#7664 = SURFACE_CURVE('',#7665,(#7669,#7676),.PCURVE_S1.);
#7665 = ( BOUNDED_CURVE() B_SPLINE_CURVE(2,(#7666,#7667,#7668),
.UNSPECIFIED.,.F.,.F.) B_SPLINE_CURVE_WITH_KNOTS((3,3),(5.598042745711,
5.654866776462),.PIECEWISE_BEZIER_KNOTS.) CURVE() 
GEOMETRIC_REPRESENTATION_ITEM() RATIONAL_B_SPLINE_CURVE((1.,
0.999596405842,1.)) REPRESENTATION_ITEM('') );
#7666 = CARTESIAN_POINT('',(-17.83279328719,14.573001872509,
    25.221605084184));
#7667 = CARTESIAN_POINT('',(-18.24695308894,14.066199897388,
    25.221605084184));
#7668 = CARTESIAN_POINT('',(-18.63166138045,13.536694360296,
    25.221605084184));
#7669 = PCURVE('',#6864,#7670);
#7670 = DEFINITIONAL_REPRESENTATION('',(#7671),#7675);
#7671 = B_SPLINE_CURVE_WITH_KNOTS('',2,(#7672,#7673,#7674),
  .UNSPECIFIED.,.F.,.F.,(3,3),(5.598042745711,5.654866776462),
  .PIECEWISE_BEZIER_KNOTS.);
#7672 = CARTESIAN_POINT('',(5.592915106922,3.467792993423E-18));
#7673 = CARTESIAN_POINT('',(5.61991550722,7.413051674853E-19));
#7674 = CARTESIAN_POINT('',(5.647014937392,-5.047500733314E-21));
#7675 = ( GEOMETRIC_REPRESENTATION_CONTEXT(2) 
PARAMETRIC_REPRESENTATION_CONTEXT() REPRESENTATION_CONTEXT('2D SPACE',''
  ) );
#7676 = PCURVE('',#7677,#7682);
#7677 = B_SPLINE_SURFACE_WITH_KNOTS('',1,1,(
    (#7678,#7679)
    ,(#7680,#7681
    )),.UNSPECIFIED.,.F.,.F.,.F.,(2,2),(2,2),(-1.863166138046E-02,
    -1.093718406685E-02),(8.290551523819E-03,1.457300187251E-02),
  .PIECEWISE_BEZIER_KNOTS.);
#7678 = CARTESIAN_POINT('',(-18.63166138045,8.290551523819,
    25.221605084184));
#7679 = CARTESIAN_POINT('',(-18.63166138045,14.573001872509,
    25.221605084184));
#7680 = CARTESIAN_POINT('',(-10.93718406685,8.290551523819,
    25.221605084184));
#7681 = CARTESIAN_POINT('',(-10.93718406685,14.573001872509,
    25.221605084184));
#7682 = DEFINITIONAL_REPRESENTATION('',(#7683),#7687);
#7683 = ( BOUNDED_CURVE() B_SPLINE_CURVE(2,(#7684,#7685,#7686),
.UNSPECIFIED.,.F.,.F.) B_SPLINE_CURVE_WITH_KNOTS((3,3),(5.598042745711,
5.654866776462),.PIECEWISE_BEZIER_KNOTS.) CURVE() 
GEOMETRIC_REPRESENTATION_ITEM() RATIONAL_B_SPLINE_CURVE((1.,
0.999596405842,1.)) REPRESENTATION_ITEM('') );
#7684 = CARTESIAN_POINT('',(-1.78327932872E-02,1.457300187251E-02));
#7685 = CARTESIAN_POINT('',(-1.824695308894E-02,1.406619989739E-02));
#7686 = CARTESIAN_POINT('',(-1.863166138046E-02,1.35366943603E-02));
#7687 = ( GEOMETRIC_REPRESENTATION_CONTEXT(2) 
PARAMETRIC_REPRESENTATION_CONTEXT() REPRESENTATION_CONTEXT('2D SPACE',''
  ) );
#7688 = ORIENTED_EDGE('',*,*,#7689,.T.);
#7689 = EDGE_CURVE('',#7662,#7690,#7692,.T.);
#7690 = VERTEX_POINT('',#7691);
#7691 = CARTESIAN_POINT('',(-13.53669436029,18.631661380455,
    25.221605084184));
#7692 = SURFACE_CURVE('',#7693,(#7697,#7704),.PCURVE_S1.);
#7693 = ( BOUNDED_CURVE() B_SPLINE_CURVE(2,(#7694,#7695,#7696),
.UNSPECIFIED.,.F.,.F.) B_SPLINE_CURVE_WITH_KNOTS((3,3),(6.025850072572,
6.28318530718),.PIECEWISE_BEZIER_KNOTS.) CURVE() 
GEOMETRIC_REPRESENTATION_ITEM() RATIONAL_B_SPLINE_CURVE((1.,
0.99173373582,1.)) REPRESENTATION_ITEM('') );
#7694 = CARTESIAN_POINT('',(-17.83279328719,14.573001872509,
    25.221605084184));
#7695 = CARTESIAN_POINT('',(-15.94730337184,16.880251415174,
    25.221605084184));
#7696 = CARTESIAN_POINT('',(-13.53669436029,18.631661380455,
    25.221605084184));
#7697 = PCURVE('',#6864,#7698);
#7698 = DEFINITIONAL_REPRESENTATION('',(#7699),#7703);
#7699 = B_SPLINE_CURVE_WITH_KNOTS('',2,(#7700,#7701,#7702),
  .UNSPECIFIED.,.F.,.F.,(3,3),(6.025850072572,6.28318530718),
  .PIECEWISE_BEZIER_KNOTS.);
#7700 = CARTESIAN_POINT('',(5.592915106922,-3.469445871884E-18));
#7701 = CARTESIAN_POINT('',(5.470960875461,1.416504597948E-17));
#7702 = CARTESIAN_POINT('',(5.348559350172,-5.047500733315E-21));
#7703 = ( GEOMETRIC_REPRESENTATION_CONTEXT(2) 
PARAMETRIC_REPRESENTATION_CONTEXT() REPRESENTATION_CONTEXT('2D SPACE',''
  ) );
#7704 = PCURVE('',#7705,#7710);
#7705 = B_SPLINE_SURFACE_WITH_KNOTS('',1,1,(
    (#7706,#7707)
    ,(#7708,#7709
    )),.UNSPECIFIED.,.F.,.F.,.F.,(2,2),(2,2),(-4.331809092001E-03,
    5.001200786526E-03),(-2.419216761298E-03,3.442020482927E-03),
  .PIECEWISE_BEZIER_KNOTS.);
#7706 = CARTESIAN_POINT('',(-13.53669436029,18.631661380455,
    25.221605084184));
#7707 = CARTESIAN_POINT('',(-18.27853489893,15.186512568112,
    25.221605084184));
#7708 = CARTESIAN_POINT('',(-8.050888794198,11.081097780057,
    25.221605084184));
#7709 = CARTESIAN_POINT('',(-12.79272933283,7.635948967715,
    25.221605084184));
#7710 = DEFINITIONAL_REPRESENTATION('',(#7711),#7715);
#7711 = ( BOUNDED_CURVE() B_SPLINE_CURVE(2,(#7712,#7713,#7714),
.UNSPECIFIED.,.F.,.F.) B_SPLINE_CURVE_WITH_KNOTS((3,3),(6.025850072572,
6.28318530718),.PIECEWISE_BEZIER_KNOTS.) CURVE() 
GEOMETRIC_REPRESENTATION_ITEM() RATIONAL_B_SPLINE_CURVE((1.,
0.99173373582,1.)) REPRESENTATION_ITEM('') );
#7712 = CARTESIAN_POINT('',(-3.573468167312E-03,3.442020482927E-03));
#7713 = CARTESIAN_POINT('',(-4.331809092001E-03,5.604598441461E-04));
#7714 = CARTESIAN_POINT('',(-4.331809092001E-03,-2.419216761298E-03));
#7715 = ( GEOMETRIC_REPRESENTATION_CONTEXT(2) 
PARAMETRIC_REPRESENTATION_CONTEXT() REPRESENTATION_CONTEXT('2D SPACE',''
  ) );
#7716 = ORIENTED_EDGE('',*,*,#7717,.F.);
#7717 = EDGE_CURVE('',#7718,#7690,#7720,.T.);
#7718 = VERTEX_POINT('',#7719);
#7719 = CARTESIAN_POINT('',(-12.45668902186,19.37038457575,
    25.221605084184));
#7720 = SURFACE_CURVE('',#7721,(#7725,#7732),.PCURVE_S1.);
#7721 = ( BOUNDED_CURVE() B_SPLINE_CURVE(2,(#7722,#7723,#7724),
.UNSPECIFIED.,.F.,.F.) B_SPLINE_CURVE_WITH_KNOTS((3,3),(5.283883480352,
5.340707511103),.PIECEWISE_BEZIER_KNOTS.) CURVE() 
GEOMETRIC_REPRESENTATION_ITEM() RATIONAL_B_SPLINE_CURVE((1.,
0.999596405842,1.)) REPRESENTATION_ITEM('') );
#7722 = CARTESIAN_POINT('',(-12.45668902186,19.37038457575,
    25.221605084184));
#7723 = CARTESIAN_POINT('',(-13.0071888232,19.016369671967,
    25.221605084184));
#7724 = CARTESIAN_POINT('',(-13.53669436029,18.631661380455,
    25.221605084184));
#7725 = PCURVE('',#6864,#7726);
#7726 = DEFINITIONAL_REPRESENTATION('',(#7727),#7731);
#7727 = B_SPLINE_CURVE_WITH_KNOTS('',2,(#7728,#7729,#7730),
  .UNSPECIFIED.,.F.,.F.,(3,3),(5.283883480352,5.340707511103),
  .PIECEWISE_BEZIER_KNOTS.);
#7728 = CARTESIAN_POINT('',(5.294216969613,-6.588656608841E-21));
#7729 = CARTESIAN_POINT('',(5.321459969437,6.61159416389E-18));
#7730 = CARTESIAN_POINT('',(5.348559350172,-5.047500733314E-21));
#7731 = ( GEOMETRIC_REPRESENTATION_CONTEXT(2) 
PARAMETRIC_REPRESENTATION_CONTEXT() REPRESENTATION_CONTEXT('2D SPACE',''
  ) );
#7732 = PCURVE('',#7733,#7738);
#7733 = B_SPLINE_SURFACE_WITH_KNOTS('',1,1,(
    (#7734,#7735)
    ,(#7736,#7737
    )),.UNSPECIFIED.,.F.,.F.,.F.,(2,2),(2,2),(-1.35366943603E-02,
    -7.625646309376E-03),(1.142976792637E-02,1.937038457575E-02),
  .PIECEWISE_BEZIER_KNOTS.);
#7734 = CARTESIAN_POINT('',(-13.53669436029,11.429767926368,
    25.221605084184));
#7735 = CARTESIAN_POINT('',(-13.53669436029,19.37038457575,
    25.221605084184));
#7736 = CARTESIAN_POINT('',(-7.625646309376,11.429767926368,
    25.221605084184));
#7737 = CARTESIAN_POINT('',(-7.625646309376,19.37038457575,
    25.221605084184));
#7738 = DEFINITIONAL_REPRESENTATION('',(#7739),#7743);
#7739 = ( BOUNDED_CURVE() B_SPLINE_CURVE(2,(#7740,#7741,#7742),
.UNSPECIFIED.,.F.,.F.) B_SPLINE_CURVE_WITH_KNOTS((3,3),(5.283883480352,
5.340707511103),.PIECEWISE_BEZIER_KNOTS.) CURVE() 
GEOMETRIC_REPRESENTATION_ITEM() RATIONAL_B_SPLINE_CURVE((1.,
0.999596405842,1.)) REPRESENTATION_ITEM('') );
#7740 = CARTESIAN_POINT('',(-1.245668902187E-02,1.937038457575E-02));
#7741 = CARTESIAN_POINT('',(-1.30071888232E-02,1.901636967197E-02));
#7742 = CARTESIAN_POINT('',(-1.35366943603E-02,1.863166138046E-02));
#7743 = ( GEOMETRIC_REPRESENTATION_CONTEXT(2) 
PARAMETRIC_REPRESENTATION_CONTEXT() REPRESENTATION_CONTEXT('2D SPACE',''
  ) );
#7744 = ORIENTED_EDGE('',*,*,#7745,.T.);
#7745 = EDGE_CURVE('',#7718,#7746,#7748,.T.);
#7746 = VERTEX_POINT('',#7747);
#7747 = CARTESIAN_POINT('',(-7.116661380455,21.902831570277,
    25.221605084184));
#7748 = SURFACE_CURVE('',#7749,(#7753,#7761),.PCURVE_S1.);
#7749 = ( BOUNDED_CURVE() B_SPLINE_CURVE(2,(#7750,#7751,#7752),
.UNSPECIFIED.,.F.,.F.) B_SPLINE_CURVE_WITH_KNOTS((3,3),(6.025850072572,
6.28318530718),.PIECEWISE_BEZIER_KNOTS.) CURVE() 
GEOMETRIC_REPRESENTATION_ITEM() RATIONAL_B_SPLINE_CURVE((1.,
0.99173373582,1.)) REPRESENTATION_ITEM('') );
#7750 = CARTESIAN_POINT('',(-12.45668902186,19.37038457575,
    25.221605084184));
#7751 = CARTESIAN_POINT('',(-9.950502232515,20.982060861454,
    25.221605084184));
#7752 = CARTESIAN_POINT('',(-7.116661380455,21.902831570277,
    25.221605084184));
#7753 = PCURVE('',#6864,#7754);
#7754 = DEFINITIONAL_REPRESENTATION('',(#7755),#7760);
#7755 = B_SPLINE_CURVE_WITH_KNOTS('',3,(#7756,#7757,#7758,#7759),
  .UNSPECIFIED.,.F.,.F.,(4,4),(6.025850072572,6.28318530718),
  .PIECEWISE_BEZIER_KNOTS.);
#7756 = CARTESIAN_POINT('',(5.294216969613,-6.588656569445E-21));
#7757 = CARTESIAN_POINT('',(5.212183166621,3.344391886058E-18));
#7758 = CARTESIAN_POINT('',(5.128342271029,-2.801791291732E-18));
#7759 = CARTESIAN_POINT('',(5.042569271697,3.449924659592E-18));
#7760 = ( GEOMETRIC_REPRESENTATION_CONTEXT(2) 
PARAMETRIC_REPRESENTATION_CONTEXT() REPRESENTATION_CONTEXT('2D SPACE',''
  ) );
#7761 = PCURVE('',#7762,#7767);
#7762 = B_SPLINE_SURFACE_WITH_KNOTS('',1,1,(
    (#7763,#7764)
    ,(#7765,#7766
    )),.UNSPECIFIED.,.F.,.F.,.F.,(2,2),(2,2),(-4.331809092001E-03,
    5.001200786526E-03),(-2.419216761298E-03,3.442020482927E-03),
  .PIECEWISE_BEZIER_KNOTS.);
#7763 = CARTESIAN_POINT('',(-7.116661380455,21.902831570277,
    25.221605084184));
#7764 = CARTESIAN_POINT('',(-12.69102925512,20.091609653748,
    25.221605084184));
#7765 = CARTESIAN_POINT('',(-4.232602719321,13.026611708657,
    25.221605084184));
#7766 = CARTESIAN_POINT('',(-9.806970593993,11.215389792128,
    25.221605084184));
#7767 = DEFINITIONAL_REPRESENTATION('',(#7768),#7772);
#7768 = ( BOUNDED_CURVE() B_SPLINE_CURVE(2,(#7769,#7770,#7771),
.UNSPECIFIED.,.F.,.F.) B_SPLINE_CURVE_WITH_KNOTS((3,3),(6.025850072572,
6.28318530718),.PIECEWISE_BEZIER_KNOTS.) CURVE() 
GEOMETRIC_REPRESENTATION_ITEM() RATIONAL_B_SPLINE_CURVE((1.,
0.99173373582,1.)) REPRESENTATION_ITEM('') );
#7769 = CARTESIAN_POINT('',(-3.573468167312E-03,3.442020482927E-03));
#7770 = CARTESIAN_POINT('',(-4.331809092001E-03,5.604598441461E-04));
#7771 = CARTESIAN_POINT('',(-4.331809092001E-03,-2.419216761298E-03));
#7772 = ( GEOMETRIC_REPRESENTATION_CONTEXT(2) 
PARAMETRIC_REPRESENTATION_CONTEXT() REPRESENTATION_CONTEXT('2D SPACE',''
  ) );
#7773 = ORIENTED_EDGE('',*,*,#7774,.F.);
#7774 = EDGE_CURVE('',#7775,#7746,#7777,.T.);
#7775 = VERTEX_POINT('',#7776);
#7776 = CARTESIAN_POINT('',(-5.861237244225,22.271659075312,
    25.221605084184));
#7777 = SURFACE_CURVE('',#7778,(#7782,#7789),.PCURVE_S1.);
#7778 = ( BOUNDED_CURVE() B_SPLINE_CURVE(2,(#7779,#7780,#7781),
.UNSPECIFIED.,.F.,.F.) B_SPLINE_CURVE_WITH_KNOTS((3,3),(4.969724214993,
5.026548245744),.PIECEWISE_BEZIER_KNOTS.) CURVE() 
GEOMETRIC_REPRESENTATION_ITEM() RATIONAL_B_SPLINE_CURVE((1.,
0.999596405842,1.)) REPRESENTATION_ITEM('') );
#7779 = CARTESIAN_POINT('',(-5.861237244225,22.271659075312,
    25.221605084184));
#7780 = CARTESIAN_POINT('',(-6.494190289034,22.105084688216,
    25.221605084184));
#7781 = CARTESIAN_POINT('',(-7.116661380455,21.902831570277,
    25.221605084184));
#7782 = PCURVE('',#6864,#7783);
#7783 = DEFINITIONAL_REPRESENTATION('',(#7784),#7788);
#7784 = B_SPLINE_CURVE_WITH_KNOTS('',2,(#7785,#7786,#7787),
  .UNSPECIFIED.,.F.,.F.,(3,3),(4.969724214993,5.026548245744),
  .PIECEWISE_BEZIER_KNOTS.);
#7785 = CARTESIAN_POINT('',(4.985184747333,3.450883839656E-18));
#7786 = CARTESIAN_POINT('',(5.014085028487,-7.287389949225E-18));
#7787 = CARTESIAN_POINT('',(5.042569271697,3.449924659592E-18));
#7788 = ( GEOMETRIC_REPRESENTATION_CONTEXT(2) 
PARAMETRIC_REPRESENTATION_CONTEXT() REPRESENTATION_CONTEXT('2D SPACE',''
  ) );
#7789 = PCURVE('',#7790,#7795);
#7790 = B_SPLINE_SURFACE_WITH_KNOTS('',1,1,(
    (#7791,#7792)
    ,(#7793,#7794
    )),.UNSPECIFIED.,.F.,.F.,.F.,(2,2),(2,2),(-7.116661380455E-03,
    -3.567657160136E-03),(1.345015900841E-02,2.227165907531E-02),
  .PIECEWISE_BEZIER_KNOTS.);
#7791 = CARTESIAN_POINT('',(-7.116661380455,13.450159008408,
    25.221605084184));
#7792 = CARTESIAN_POINT('',(-7.116661380455,22.271659075312,
    25.221605084184));
#7793 = CARTESIAN_POINT('',(-3.567657160136,13.450159008408,
    25.221605084184));
#7794 = CARTESIAN_POINT('',(-3.567657160136,22.271659075312,
    25.221605084184));
#7795 = DEFINITIONAL_REPRESENTATION('',(#7796),#7800);
#7796 = ( BOUNDED_CURVE() B_SPLINE_CURVE(2,(#7797,#7798,#7799),
.UNSPECIFIED.,.F.,.F.) B_SPLINE_CURVE_WITH_KNOTS((3,3),(4.969724214993,
5.026548245744),.PIECEWISE_BEZIER_KNOTS.) CURVE() 
GEOMETRIC_REPRESENTATION_ITEM() RATIONAL_B_SPLINE_CURVE((1.,
0.999596405842,1.)) REPRESENTATION_ITEM('') );
#7797 = CARTESIAN_POINT('',(-5.861237244225E-03,2.227165907531E-02));
#7798 = CARTESIAN_POINT('',(-6.494190289034E-03,2.210508468822E-02));
#7799 = CARTESIAN_POINT('',(-7.116661380455E-03,2.190283157028E-02));
#7800 = ( GEOMETRIC_REPRESENTATION_CONTEXT(2) 
PARAMETRIC_REPRESENTATION_CONTEXT() REPRESENTATION_CONTEXT('2D SPACE',''
  ) );
#7801 = ORIENTED_EDGE('',*,*,#7802,.F.);
#7802 = EDGE_CURVE('',#6850,#7775,#7803,.T.);
#7803 = SURFACE_CURVE('',#7804,(#7808,#7816),.PCURVE_S1.);
#7804 = ( BOUNDED_CURVE() B_SPLINE_CURVE(2,(#7805,#7806,#7807),
.UNSPECIFIED.,.F.,.F.) B_SPLINE_CURVE_WITH_KNOTS((3,3),(4.712388980385,
4.969724214993),.PIECEWISE_BEZIER_KNOTS.) CURVE() 
GEOMETRIC_REPRESENTATION_ITEM() RATIONAL_B_SPLINE_CURVE((1.,
0.99173373582,1.)) REPRESENTATION_ITEM('') );
#7805 = CARTESIAN_POINT('',(4.230542367655E-15,23.03,25.221605084184));
#7806 = CARTESIAN_POINT('',(-2.979676605444,23.03,25.221605084184));
#7807 = CARTESIAN_POINT('',(-5.861237244225,22.271659075312,
    25.221605084184));
#7808 = PCURVE('',#6864,#7809);
#7809 = DEFINITIONAL_REPRESENTATION('',(#7810),#7815);
#7810 = B_SPLINE_CURVE_WITH_KNOTS('',3,(#7811,#7812,#7813,#7814),
  .UNSPECIFIED.,.F.,.F.,(4,4),(4.712388980385,4.969724214993),
  .PIECEWISE_BEZIER_KNOTS.);
#7811 = CARTESIAN_POINT('',(4.712388980385,0.));
#7812 = CARTESIAN_POINT('',(4.807400581542,1.182767396717E-17));
#7813 = CARTESIAN_POINT('',(4.898157242821,-9.547094845853E-18));
#7814 = CARTESIAN_POINT('',(4.985184747333,3.450883839656E-18));
#7815 = ( GEOMETRIC_REPRESENTATION_CONTEXT(2) 
PARAMETRIC_REPRESENTATION_CONTEXT() REPRESENTATION_CONTEXT('2D SPACE',''
  ) );
#7816 = PCURVE('',#7817,#7822);
#7817 = B_SPLINE_SURFACE_WITH_KNOTS('',1,1,(
    (#7818,#7819)
    ,(#7820,#7821
    )),.UNSPECIFIED.,.F.,.F.,.F.,(2,2),(2,2),(-5.861237244225E-03,
    3.851595023856E-18),(1.369699012147E-02,2.303E-02),
  .PIECEWISE_BEZIER_KNOTS.);
#7818 = CARTESIAN_POINT('',(-5.861237244225,13.696990121473,
    25.221605084184));
#7819 = CARTESIAN_POINT('',(-5.861237244225,23.03,25.221605084184));
#7820 = CARTESIAN_POINT('',(4.230542367655E-15,13.696990121473,
    25.221605084184));
#7821 = CARTESIAN_POINT('',(4.230542367655E-15,23.03,25.221605084184));
#7822 = DEFINITIONAL_REPRESENTATION('',(#7823),#7827);
#7823 = ( BOUNDED_CURVE() B_SPLINE_CURVE(2,(#7824,#7825,#7826),
.UNSPECIFIED.,.F.,.F.) B_SPLINE_CURVE_WITH_KNOTS((3,3),(4.712388980385,
4.969724214993),.PIECEWISE_BEZIER_KNOTS.) CURVE() 
GEOMETRIC_REPRESENTATION_ITEM() RATIONAL_B_SPLINE_CURVE((1.,
0.99173373582,1.)) REPRESENTATION_ITEM('') );
#7824 = CARTESIAN_POINT('',(3.851595023856E-18,2.303E-02));
#7825 = CARTESIAN_POINT('',(-2.979676605444E-03,2.303E-02));
#7826 = CARTESIAN_POINT('',(-5.861237244225E-03,2.227165907531E-02));
#7827 = ( GEOMETRIC_REPRESENTATION_CONTEXT(2) 
PARAMETRIC_REPRESENTATION_CONTEXT() REPRESENTATION_CONTEXT('2D SPACE',''
  ) );
#7828 = ADVANCED_FACE('',(#7829),#7180,.F.);
#7829 = FACE_BOUND('',#7830,.F.);
#7830 = EDGE_LOOP('',(#7831,#7832,#7853,#7854,#7882,#7911,#7939,#7968,
    #7996,#8024,#8052,#8081,#8109));
#7831 = ORIENTED_EDGE('',*,*,#7525,.T.);
#7832 = ORIENTED_EDGE('',*,*,#7833,.T.);
#7833 = EDGE_CURVE('',#7503,#7166,#7834,.T.);
#7834 = SURFACE_CURVE('',#7835,(#7839,#7846),.PCURVE_S1.);
#7835 = ( BOUNDED_CURVE() B_SPLINE_CURVE(2,(#7836,#7837,#7838),
.UNSPECIFIED.,.F.,.F.) B_SPLINE_CURVE_WITH_KNOTS((3,3),(0.,
1.570796326795),.PIECEWISE_BEZIER_KNOTS.) CURVE() 
GEOMETRIC_REPRESENTATION_ITEM() RATIONAL_B_SPLINE_CURVE((1.,
0.707106781187,1.)) REPRESENTATION_ITEM('') );
#7836 = CARTESIAN_POINT('',(-23.03,0.,26.27322065986));
#7837 = CARTESIAN_POINT('',(-23.03,-23.03,26.27322065986));
#7838 = CARTESIAN_POINT('',(-1.410180789218E-15,-23.03,26.27322065986));
#7839 = PCURVE('',#7180,#7840);
#7840 = DEFINITIONAL_REPRESENTATION('',(#7841),#7845);
#7841 = B_SPLINE_CURVE_WITH_KNOTS('',2,(#7842,#7843,#7844),
  .UNSPECIFIED.,.F.,.F.,(3,3),(0.,1.570796326795),
  .PIECEWISE_BEZIER_KNOTS.);
#7842 = CARTESIAN_POINT('',(0.,-1.051615575676E-03));
#7843 = CARTESIAN_POINT('',(0.785398163397,-1.051615575676E-03));
#7844 = CARTESIAN_POINT('',(1.570796326795,-1.051615575676E-03));
#7845 = ( GEOMETRIC_REPRESENTATION_CONTEXT(2) 
PARAMETRIC_REPRESENTATION_CONTEXT() REPRESENTATION_CONTEXT('2D SPACE',''
  ) );
#7846 = PCURVE('',#6837,#7847);
#7847 = DEFINITIONAL_REPRESENTATION('',(#7848),#7852);
#7848 = ( BOUNDED_CURVE() B_SPLINE_CURVE(2,(#7849,#7850,#7851),
.UNSPECIFIED.,.F.,.F.) B_SPLINE_CURVE_WITH_KNOTS((3,3),(0.,
1.570796326795),.PIECEWISE_BEZIER_KNOTS.) CURVE() 
GEOMETRIC_REPRESENTATION_ITEM() RATIONAL_B_SPLINE_CURVE((1.,
0.707106781187,1.)) REPRESENTATION_ITEM('') );
#7849 = CARTESIAN_POINT('',(-2.303E-02,6.859360814664E-19));
#7850 = CARTESIAN_POINT('',(-2.303E-02,-2.303E-02));
#7851 = CARTESIAN_POINT('',(-1.789128133017E-18,-2.303E-02));
#7852 = ( GEOMETRIC_REPRESENTATION_CONTEXT(2) 
PARAMETRIC_REPRESENTATION_CONTEXT() REPRESENTATION_CONTEXT('2D SPACE',''
  ) );
#7853 = ORIENTED_EDGE('',*,*,#7163,.F.);
#7854 = ORIENTED_EDGE('',*,*,#7855,.F.);
#7855 = EDGE_CURVE('',#7856,#7164,#7858,.T.);
#7856 = VERTEX_POINT('',#7857);
#7857 = CARTESIAN_POINT('',(-1.307953272524,-22.9928284088,
    25.221605084184));
#7858 = SURFACE_CURVE('',#7859,(#7863,#7870),.PCURVE_S1.);
#7859 = ( BOUNDED_CURVE() B_SPLINE_CURVE(2,(#7860,#7861,#7862),
.UNSPECIFIED.,.F.,.F.) B_SPLINE_CURVE_WITH_KNOTS((3,3),(1.513972296044,
1.570796326795),.PIECEWISE_BEZIER_KNOTS.) CURVE() 
GEOMETRIC_REPRESENTATION_ITEM() RATIONAL_B_SPLINE_CURVE((1.,
0.999596405842,1.)) REPRESENTATION_ITEM('') );
#7860 = CARTESIAN_POINT('',(-1.307953272524,-22.9928284088,
    25.221605084184));
#7861 = CARTESIAN_POINT('',(-0.654504838309,-23.03,25.221605084184));
#7862 = CARTESIAN_POINT('',(-1.410180789218E-15,-23.03,25.221605084184)
  );
#7863 = PCURVE('',#7180,#7864);
#7864 = DEFINITIONAL_REPRESENTATION('',(#7865),#7869);
#7865 = B_SPLINE_CURVE_WITH_KNOTS('',2,(#7866,#7867,#7868),
  .UNSPECIFIED.,.F.,.F.,(3,3),(1.513972296044,1.570796326795),
  .PIECEWISE_BEZIER_KNOTS.);
#7866 = CARTESIAN_POINT('',(1.508398247252,-6.246687622802E-21));
#7867 = CARTESIAN_POINT('',(1.539244758622,1.90620221491E-18));
#7868 = CARTESIAN_POINT('',(1.570796326795,0.));
#7869 = ( GEOMETRIC_REPRESENTATION_CONTEXT(2) 
PARAMETRIC_REPRESENTATION_CONTEXT() REPRESENTATION_CONTEXT('2D SPACE',''
  ) );
#7870 = PCURVE('',#7871,#7876);
#7871 = B_SPLINE_SURFACE_WITH_KNOTS('',1,1,(
    (#7872,#7873)
    ,(#7874,#7875
    )),.UNSPECIFIED.,.F.,.F.,.F.,(2,2),(2,2),(-1.307953272524E-03,
    3.576485738651E-05),(-2.303E-02,-1.412907840124E-02),
  .PIECEWISE_BEZIER_KNOTS.);
#7872 = CARTESIAN_POINT('',(-1.307953272524,-23.03,25.221605084184));
#7873 = CARTESIAN_POINT('',(-1.307953272524,-14.12907840124,
    25.221605084184));
#7874 = CARTESIAN_POINT('',(3.576485738651E-02,-23.03,25.221605084184));
#7875 = CARTESIAN_POINT('',(3.576485738651E-02,-14.12907840124,
    25.221605084184));
#7876 = DEFINITIONAL_REPRESENTATION('',(#7877),#7881);
#7877 = ( BOUNDED_CURVE() B_SPLINE_CURVE(2,(#7878,#7879,#7880),
.UNSPECIFIED.,.F.,.F.) B_SPLINE_CURVE_WITH_KNOTS((3,3),(1.513972296044,
1.570796326795),.PIECEWISE_BEZIER_KNOTS.) CURVE() 
GEOMETRIC_REPRESENTATION_ITEM() RATIONAL_B_SPLINE_CURVE((1.,
0.999596405842,1.)) REPRESENTATION_ITEM('') );
#7878 = CARTESIAN_POINT('',(-1.307953272524E-03,-2.299282840881E-02));
#7879 = CARTESIAN_POINT('',(-6.545048383091E-04,-2.303E-02));
#7880 = CARTESIAN_POINT('',(-1.789128133017E-18,-2.303E-02));
#7881 = ( GEOMETRIC_REPRESENTATION_CONTEXT(2) 
PARAMETRIC_REPRESENTATION_CONTEXT() REPRESENTATION_CONTEXT('2D SPACE',''
  ) );
#7882 = ORIENTED_EDGE('',*,*,#7883,.T.);
#7883 = EDGE_CURVE('',#7856,#7884,#7886,.T.);
#7884 = VERTEX_POINT('',#7885);
#7885 = CARTESIAN_POINT('',(-7.116661380455,-21.90283157027,
    25.221605084184));
#7886 = SURFACE_CURVE('',#7887,(#7891,#7899),.PCURVE_S1.);
#7887 = ( BOUNDED_CURVE() B_SPLINE_CURVE(2,(#7888,#7889,#7890),
.UNSPECIFIED.,.F.,.F.) B_SPLINE_CURVE_WITH_KNOTS((3,3),(6.025850072572,
6.28318530718),.PIECEWISE_BEZIER_KNOTS.) CURVE() 
GEOMETRIC_REPRESENTATION_ITEM() RATIONAL_B_SPLINE_CURVE((1.,
0.99173373582,1.)) REPRESENTATION_ITEM('') );
#7888 = CARTESIAN_POINT('',(-1.307953272524,-22.9928284088,
    25.221605084184));
#7889 = CARTESIAN_POINT('',(-4.282820528395,-22.8236022791,
    25.221605084184));
#7890 = CARTESIAN_POINT('',(-7.116661380455,-21.90283157027,
    25.221605084184));
#7891 = PCURVE('',#7180,#7892);
#7892 = DEFINITIONAL_REPRESENTATION('',(#7893),#7898);
#7893 = B_SPLINE_CURVE_WITH_KNOTS('',3,(#7894,#7895,#7896,#7897),
  .UNSPECIFIED.,.F.,.F.,(4,4),(6.025850072572,6.28318530718),
  .PIECEWISE_BEZIER_KNOTS.);
#7894 = CARTESIAN_POINT('',(1.508398247252,6.321442169236E-21));
#7895 = CARTESIAN_POINT('',(1.415509323446,1.080148954825E-19));
#7896 = CARTESIAN_POINT('',(1.326390357739,1.039572510509E-17));
#7897 = CARTESIAN_POINT('',(1.240616035483,-3.488969244315E-18));
#7898 = ( GEOMETRIC_REPRESENTATION_CONTEXT(2) 
PARAMETRIC_REPRESENTATION_CONTEXT() REPRESENTATION_CONTEXT('2D SPACE',''
  ) );
#7899 = PCURVE('',#7900,#7905);
#7900 = B_SPLINE_SURFACE_WITH_KNOTS('',1,1,(
    (#7901,#7902)
    ,(#7903,#7904
    )),.UNSPECIFIED.,.F.,.F.,.F.,(2,2),(2,2),(-4.331809092001E-03,
    5.001200786526E-03),(-2.419216761298E-03,3.442020482927E-03),
  .PIECEWISE_BEZIER_KNOTS.);
#7901 = CARTESIAN_POINT('',(-7.116661380455,-21.90283157027,
    25.221605084184));
#7902 = CARTESIAN_POINT('',(-1.542293505783,-23.7140534868,
    25.221605084184));
#7903 = CARTESIAN_POINT('',(-4.232602719321,-13.02661170865,
    25.221605084184));
#7904 = CARTESIAN_POINT('',(1.341765155351,-14.83783362518,
    25.221605084184));
#7905 = DEFINITIONAL_REPRESENTATION('',(#7906),#7910);
#7906 = ( BOUNDED_CURVE() B_SPLINE_CURVE(2,(#7907,#7908,#7909),
.UNSPECIFIED.,.F.,.F.) B_SPLINE_CURVE_WITH_KNOTS((3,3),(6.025850072572,
6.28318530718),.PIECEWISE_BEZIER_KNOTS.) CURVE() 
GEOMETRIC_REPRESENTATION_ITEM() RATIONAL_B_SPLINE_CURVE((1.,
0.99173373582,1.)) REPRESENTATION_ITEM('') );
#7907 = CARTESIAN_POINT('',(-3.573468167312E-03,3.442020482927E-03));
#7908 = CARTESIAN_POINT('',(-4.331809092001E-03,5.604598441461E-04));
#7909 = CARTESIAN_POINT('',(-4.331809092001E-03,-2.419216761298E-03));
#7910 = ( GEOMETRIC_REPRESENTATION_CONTEXT(2) 
PARAMETRIC_REPRESENTATION_CONTEXT() REPRESENTATION_CONTEXT('2D SPACE',''
  ) );
#7911 = ORIENTED_EDGE('',*,*,#7912,.F.);
#7912 = EDGE_CURVE('',#7913,#7884,#7915,.T.);
#7913 = VERTEX_POINT('',#7914);
#7914 = CARTESIAN_POINT('',(-8.349112209913,-21.46329949719,
    25.221605084184));
#7915 = SURFACE_CURVE('',#7916,(#7920,#7927),.PCURVE_S1.);
#7916 = ( BOUNDED_CURVE() B_SPLINE_CURVE(2,(#7917,#7918,#7919),
.UNSPECIFIED.,.F.,.F.) B_SPLINE_CURVE_WITH_KNOTS((3,3),(1.199813030685,
1.256637061436),.PIECEWISE_BEZIER_KNOTS.) CURVE() 
GEOMETRIC_REPRESENTATION_ITEM() RATIONAL_B_SPLINE_CURVE((1.,
0.999596405842,1.)) REPRESENTATION_ITEM('') );
#7917 = CARTESIAN_POINT('',(-8.349112209913,-21.46329949719,
    25.221605084184));
#7918 = CARTESIAN_POINT('',(-7.739132471876,-21.70057845233,
    25.221605084184));
#7919 = CARTESIAN_POINT('',(-7.116661380455,-21.90283157027,
    25.221605084184));
#7920 = PCURVE('',#7180,#7921);
#7921 = DEFINITIONAL_REPRESENTATION('',(#7922),#7926);
#7922 = B_SPLINE_CURVE_WITH_KNOTS('',2,(#7923,#7924,#7925),
  .UNSPECIFIED.,.F.,.F.,(3,3),(1.199813030685,1.256637061436),
  .PIECEWISE_BEZIER_KNOTS.);
#7923 = CARTESIAN_POINT('',(1.184009268843,-2.932435709485E-20));
#7924 = CARTESIAN_POINT('',(1.212131620848,7.196824938502E-19));
#7925 = CARTESIAN_POINT('',(1.240616035483,3.469565192878E-18));
#7926 = ( GEOMETRIC_REPRESENTATION_CONTEXT(2) 
PARAMETRIC_REPRESENTATION_CONTEXT() REPRESENTATION_CONTEXT('2D SPACE',''
  ) );
#7927 = PCURVE('',#7928,#7933);
#7928 = B_SPLINE_SURFACE_WITH_KNOTS('',1,1,(
    (#7929,#7930)
    ,(#7931,#7932
    )),.UNSPECIFIED.,.F.,.F.,.F.,(2,2),(2,2),(-8.349112209913E-03,
    -4.33979817445E-03),(-2.190283157028E-02,-1.317811404402E-02),
  .PIECEWISE_BEZIER_KNOTS.);
#7929 = CARTESIAN_POINT('',(-8.349112209913,-21.90283157027,
    25.221605084184));
#7930 = CARTESIAN_POINT('',(-8.349112209913,-13.17811404402,
    25.221605084184));
#7931 = CARTESIAN_POINT('',(-4.33979817445,-21.90283157027,
    25.221605084184));
#7932 = CARTESIAN_POINT('',(-4.33979817445,-13.17811404402,
    25.221605084184));
#7933 = DEFINITIONAL_REPRESENTATION('',(#7934),#7938);
#7934 = ( BOUNDED_CURVE() B_SPLINE_CURVE(2,(#7935,#7936,#7937),
.UNSPECIFIED.,.F.,.F.) B_SPLINE_CURVE_WITH_KNOTS((3,3),(1.199813030685,
1.256637061436),.PIECEWISE_BEZIER_KNOTS.) CURVE() 
GEOMETRIC_REPRESENTATION_ITEM() RATIONAL_B_SPLINE_CURVE((1.,
0.999596405842,1.)) REPRESENTATION_ITEM('') );
#7935 = CARTESIAN_POINT('',(-8.349112209913E-03,-2.146329949719E-02));
#7936 = CARTESIAN_POINT('',(-7.739132471876E-03,-2.170057845234E-02));
#7937 = CARTESIAN_POINT('',(-7.116661380455E-03,-2.190283157028E-02));
#7938 = ( GEOMETRIC_REPRESENTATION_CONTEXT(2) 
PARAMETRIC_REPRESENTATION_CONTEXT() REPRESENTATION_CONTEXT('2D SPACE',''
  ) );
#7939 = ORIENTED_EDGE('',*,*,#7940,.T.);
#7940 = EDGE_CURVE('',#7913,#7941,#7943,.T.);
#7941 = VERTEX_POINT('',#7942);
#7942 = CARTESIAN_POINT('',(-13.53669436029,-18.63166138045,
    25.221605084184));
#7943 = SURFACE_CURVE('',#7944,(#7948,#7956),.PCURVE_S1.);
#7944 = ( BOUNDED_CURVE() B_SPLINE_CURVE(2,(#7945,#7946,#7947),
.UNSPECIFIED.,.F.,.F.) B_SPLINE_CURVE_WITH_KNOTS((3,3),(6.025850072572,
6.28318530718),.PIECEWISE_BEZIER_KNOTS.) CURVE() 
GEOMETRIC_REPRESENTATION_ITEM() RATIONAL_B_SPLINE_CURVE((1.,
0.99173373582,1.)) REPRESENTATION_ITEM('') );
#7945 = CARTESIAN_POINT('',(-8.349112209912,-21.46329949719,
    25.221605084184));
#7946 = CARTESIAN_POINT('',(-11.12608534875,-20.38307134573,
    25.221605084184));
#7947 = CARTESIAN_POINT('',(-13.53669436029,-18.63166138045,
    25.221605084184));
#7948 = PCURVE('',#7180,#7949);
#7949 = DEFINITIONAL_REPRESENTATION('',(#7950),#7955);
#7950 = B_SPLINE_CURVE_WITH_KNOTS('',3,(#7951,#7952,#7953,#7954),
  .UNSPECIFIED.,.F.,.F.,(4,4),(6.025850072572,6.28318530718),
  .PIECEWISE_BEZIER_KNOTS.);
#7951 = CARTESIAN_POINT('',(1.184009268843,-1.94110031308E-20));
#7952 = CARTESIAN_POINT('',(1.099326428988,-8.896969220454E-18));
#7953 = CARTESIAN_POINT('',(1.01622721734,2.046989674679E-17));
#7954 = CARTESIAN_POINT('',(0.934625957008,-5.047500733313E-21));
#7955 = ( GEOMETRIC_REPRESENTATION_CONTEXT(2) 
PARAMETRIC_REPRESENTATION_CONTEXT() REPRESENTATION_CONTEXT('2D SPACE',''
  ) );
#7956 = PCURVE('',#7957,#7962);
#7957 = B_SPLINE_SURFACE_WITH_KNOTS('',1,1,(
    (#7958,#7959)
    ,(#7960,#7961
    )),.UNSPECIFIED.,.F.,.F.,.F.,(2,2),(2,2),(-4.331809092001E-03,
    5.001200786526E-03),(-2.419216761298E-03,3.442020482927E-03),
  .PIECEWISE_BEZIER_KNOTS.);
#7958 = CARTESIAN_POINT('',(-13.53669436029,-18.63166138045,
    25.221605084184));
#7959 = CARTESIAN_POINT('',(-8.794853821654,-22.07681019279,
    25.221605084184));
#7960 = CARTESIAN_POINT('',(-8.050888794198,-11.08109778005,
    25.221605084184));
#7961 = CARTESIAN_POINT('',(-3.309048255556,-14.5262465924,
    25.221605084184));
#7962 = DEFINITIONAL_REPRESENTATION('',(#7963),#7967);
#7963 = ( BOUNDED_CURVE() B_SPLINE_CURVE(2,(#7964,#7965,#7966),
.UNSPECIFIED.,.F.,.F.) B_SPLINE_CURVE_WITH_KNOTS((3,3),(6.025850072572,
6.28318530718),.PIECEWISE_BEZIER_KNOTS.) CURVE() 
GEOMETRIC_REPRESENTATION_ITEM() RATIONAL_B_SPLINE_CURVE((1.,
0.99173373582,1.)) REPRESENTATION_ITEM('') );
#7964 = CARTESIAN_POINT('',(-3.573468167312E-03,3.442020482927E-03));
#7965 = CARTESIAN_POINT('',(-4.331809092001E-03,5.604598441461E-04));
#7966 = CARTESIAN_POINT('',(-4.331809092001E-03,-2.419216761298E-03));
#7967 = ( GEOMETRIC_REPRESENTATION_CONTEXT(2) 
PARAMETRIC_REPRESENTATION_CONTEXT() REPRESENTATION_CONTEXT('2D SPACE',''
  ) );
#7968 = ORIENTED_EDGE('',*,*,#7969,.F.);
#7969 = EDGE_CURVE('',#7970,#7941,#7972,.T.);
#7970 = VERTEX_POINT('',#7971);
#7971 = CARTESIAN_POINT('',(-14.5730018725,-17.83279328719,
    25.221605084184));
#7972 = SURFACE_CURVE('',#7973,(#7977,#7984),.PCURVE_S1.);
#7973 = ( BOUNDED_CURVE() B_SPLINE_CURVE(2,(#7974,#7975,#7976),
.UNSPECIFIED.,.F.,.F.) B_SPLINE_CURVE_WITH_KNOTS((3,3),(0.885653765326,
0.942477796077),.PIECEWISE_BEZIER_KNOTS.) CURVE() 
GEOMETRIC_REPRESENTATION_ITEM() RATIONAL_B_SPLINE_CURVE((1.,
0.999596405842,1.)) REPRESENTATION_ITEM('') );
#7974 = CARTESIAN_POINT('',(-14.5730018725,-17.83279328719,
    25.221605084184));
#7975 = CARTESIAN_POINT('',(-14.06619989738,-18.24695308894,
    25.221605084184));
#7976 = CARTESIAN_POINT('',(-13.53669436029,-18.63166138045,
    25.221605084184));
#7977 = PCURVE('',#7180,#7978);
#7978 = DEFINITIONAL_REPRESENTATION('',(#7979),#7983);
#7979 = B_SPLINE_CURVE_WITH_KNOTS('',2,(#7980,#7981,#7982),
  .UNSPECIFIED.,.F.,.F.,(3,3),(0.885653765326,0.942477796077),
  .PIECEWISE_BEZIER_KNOTS.);
#7980 = CARTESIAN_POINT('',(0.880526126537,3.466965294111E-18));
#7981 = CARTESIAN_POINT('',(0.907526526835,3.843492946987E-18));
#7982 = CARTESIAN_POINT('',(0.934625957008,-2.522437642051E-21));
#7983 = ( GEOMETRIC_REPRESENTATION_CONTEXT(2) 
PARAMETRIC_REPRESENTATION_CONTEXT() REPRESENTATION_CONTEXT('2D SPACE',''
  ) );
#7984 = PCURVE('',#7985,#7990);
#7985 = B_SPLINE_SURFACE_WITH_KNOTS('',1,1,(
    (#7986,#7987)
    ,(#7988,#7989
    )),.UNSPECIFIED.,.F.,.F.,.F.,(2,2),(2,2),(-1.457300187251E-02,
    -8.290551523819E-03),(-1.863166138046E-02,-1.093718406685E-02),
  .PIECEWISE_BEZIER_KNOTS.);
#7986 = CARTESIAN_POINT('',(-14.5730018725,-18.63166138045,
    25.221605084184));
#7987 = CARTESIAN_POINT('',(-14.5730018725,-10.93718406685,
    25.221605084184));
#7988 = CARTESIAN_POINT('',(-8.290551523819,-18.63166138045,
    25.221605084184));
#7989 = CARTESIAN_POINT('',(-8.290551523819,-10.93718406685,
    25.221605084184));
#7990 = DEFINITIONAL_REPRESENTATION('',(#7991),#7995);
#7991 = ( BOUNDED_CURVE() B_SPLINE_CURVE(2,(#7992,#7993,#7994),
.UNSPECIFIED.,.F.,.F.) B_SPLINE_CURVE_WITH_KNOTS((3,3),(0.885653765326,
0.942477796077),.PIECEWISE_BEZIER_KNOTS.) CURVE() 
GEOMETRIC_REPRESENTATION_ITEM() RATIONAL_B_SPLINE_CURVE((1.,
0.999596405842,1.)) REPRESENTATION_ITEM('') );
#7992 = CARTESIAN_POINT('',(-1.457300187251E-02,-1.78327932872E-02));
#7993 = CARTESIAN_POINT('',(-1.406619989739E-02,-1.824695308894E-02));
#7994 = CARTESIAN_POINT('',(-1.35366943603E-02,-1.863166138046E-02));
#7995 = ( GEOMETRIC_REPRESENTATION_CONTEXT(2) 
PARAMETRIC_REPRESENTATION_CONTEXT() REPRESENTATION_CONTEXT('2D SPACE',''
  ) );
#7996 = ORIENTED_EDGE('',*,*,#7997,.T.);
#7997 = EDGE_CURVE('',#7970,#7998,#8000,.T.);
#7998 = VERTEX_POINT('',#7999);
#7999 = CARTESIAN_POINT('',(-18.63166138045,-13.53669436029,
    25.221605084184));
#8000 = SURFACE_CURVE('',#8001,(#8005,#8012),.PCURVE_S1.);
#8001 = ( BOUNDED_CURVE() B_SPLINE_CURVE(2,(#8002,#8003,#8004),
.UNSPECIFIED.,.F.,.F.) B_SPLINE_CURVE_WITH_KNOTS((3,3),(6.025850072572,
6.28318530718),.PIECEWISE_BEZIER_KNOTS.) CURVE() 
GEOMETRIC_REPRESENTATION_ITEM() RATIONAL_B_SPLINE_CURVE((1.,
0.99173373582,1.)) REPRESENTATION_ITEM('') );
#8002 = CARTESIAN_POINT('',(-14.5730018725,-17.83279328719,
    25.221605084184));
#8003 = CARTESIAN_POINT('',(-16.88025141517,-15.94730337184,
    25.221605084184));
#8004 = CARTESIAN_POINT('',(-18.63166138045,-13.53669436029,
    25.221605084184));
#8005 = PCURVE('',#7180,#8006);
#8006 = DEFINITIONAL_REPRESENTATION('',(#8007),#8011);
#8007 = B_SPLINE_CURVE_WITH_KNOTS('',2,(#8008,#8009,#8010),
  .UNSPECIFIED.,.F.,.F.,(3,3),(6.025850072572,6.28318530718),
  .PIECEWISE_BEZIER_KNOTS.);
#8008 = CARTESIAN_POINT('',(0.880526126537,-1.653958531003E-21));
#8009 = CARTESIAN_POINT('',(0.758571895076,7.751049338049E-18));
#8010 = CARTESIAN_POINT('',(0.636170369787,-7.572563827231E-21));
#8011 = ( GEOMETRIC_REPRESENTATION_CONTEXT(2) 
PARAMETRIC_REPRESENTATION_CONTEXT() REPRESENTATION_CONTEXT('2D SPACE',''
  ) );
#8012 = PCURVE('',#8013,#8018);
#8013 = B_SPLINE_SURFACE_WITH_KNOTS('',1,1,(
    (#8014,#8015)
    ,(#8016,#8017
    )),.UNSPECIFIED.,.F.,.F.,.F.,(2,2),(2,2),(-4.331809092001E-03,
    5.001200786526E-03),(-2.419216761298E-03,3.442020482927E-03),
  .PIECEWISE_BEZIER_KNOTS.);
#8014 = CARTESIAN_POINT('',(-18.63166138045,-13.53669436029,
    25.221605084184));
#8015 = CARTESIAN_POINT('',(-15.18651256811,-18.27853489893,
    25.221605084184));
#8016 = CARTESIAN_POINT('',(-11.08109778005,-8.050888794197,
    25.221605084184));
#8017 = CARTESIAN_POINT('',(-7.635948967715,-12.79272933283,
    25.221605084184));
#8018 = DEFINITIONAL_REPRESENTATION('',(#8019),#8023);
#8019 = ( BOUNDED_CURVE() B_SPLINE_CURVE(2,(#8020,#8021,#8022),
.UNSPECIFIED.,.F.,.F.) B_SPLINE_CURVE_WITH_KNOTS((3,3),(6.025850072572,
6.28318530718),.PIECEWISE_BEZIER_KNOTS.) CURVE() 
GEOMETRIC_REPRESENTATION_ITEM() RATIONAL_B_SPLINE_CURVE((1.,
0.99173373582,1.)) REPRESENTATION_ITEM('') );
#8020 = CARTESIAN_POINT('',(-3.573468167312E-03,3.442020482927E-03));
#8021 = CARTESIAN_POINT('',(-4.331809092001E-03,5.604598441461E-04));
#8022 = CARTESIAN_POINT('',(-4.331809092001E-03,-2.419216761298E-03));
#8023 = ( GEOMETRIC_REPRESENTATION_CONTEXT(2) 
PARAMETRIC_REPRESENTATION_CONTEXT() REPRESENTATION_CONTEXT('2D SPACE',''
  ) );
#8024 = ORIENTED_EDGE('',*,*,#8025,.F.);
#8025 = EDGE_CURVE('',#8026,#7998,#8028,.T.);
#8026 = VERTEX_POINT('',#8027);
#8027 = CARTESIAN_POINT('',(-19.37038457575,-12.45668902186,
    25.221605084184));
#8028 = SURFACE_CURVE('',#8029,(#8033,#8040),.PCURVE_S1.);
#8029 = ( BOUNDED_CURVE() B_SPLINE_CURVE(2,(#8030,#8031,#8032),
.UNSPECIFIED.,.F.,.F.) B_SPLINE_CURVE_WITH_KNOTS((3,3),(0.571494499967,
0.628318530718),.PIECEWISE_BEZIER_KNOTS.) CURVE() 
GEOMETRIC_REPRESENTATION_ITEM() RATIONAL_B_SPLINE_CURVE((1.,
0.999596405842,1.)) REPRESENTATION_ITEM('') );
#8030 = CARTESIAN_POINT('',(-19.37038457575,-12.45668902186,
    25.221605084184));
#8031 = CARTESIAN_POINT('',(-19.01636967196,-13.0071888232,
    25.221605084184));
#8032 = CARTESIAN_POINT('',(-18.63166138045,-13.53669436029,
    25.221605084184));
#8033 = PCURVE('',#7180,#8034);
#8034 = DEFINITIONAL_REPRESENTATION('',(#8035),#8039);
#8035 = B_SPLINE_CURVE_WITH_KNOTS('',2,(#8036,#8037,#8038),
  .UNSPECIFIED.,.F.,.F.,(3,3),(0.571494499967,0.628318530718),
  .PIECEWISE_BEZIER_KNOTS.);
#8036 = CARTESIAN_POINT('',(0.581827989228,1.837532111516E-23));
#8037 = CARTESIAN_POINT('',(0.609070989053,2.443627037364E-18));
#8038 = CARTESIAN_POINT('',(0.636170369787,-7.572563824576E-21));
#8039 = ( GEOMETRIC_REPRESENTATION_CONTEXT(2) 
PARAMETRIC_REPRESENTATION_CONTEXT() REPRESENTATION_CONTEXT('2D SPACE',''
  ) );
#8040 = PCURVE('',#8041,#8046);
#8041 = B_SPLINE_SURFACE_WITH_KNOTS('',1,1,(
    (#8042,#8043)
    ,(#8044,#8045
    )),.UNSPECIFIED.,.F.,.F.,.F.,(2,2),(2,2),(-1.937038457575E-02,
    -1.142976792637E-02),(-1.35366943603E-02,-7.625646309376E-03),
  .PIECEWISE_BEZIER_KNOTS.);
#8042 = CARTESIAN_POINT('',(-19.37038457575,-13.53669436029,
    25.221605084184));
#8043 = CARTESIAN_POINT('',(-19.37038457575,-7.625646309376,
    25.221605084184));
#8044 = CARTESIAN_POINT('',(-11.42976792636,-13.53669436029,
    25.221605084184));
#8045 = CARTESIAN_POINT('',(-11.42976792636,-7.625646309376,
    25.221605084184));
#8046 = DEFINITIONAL_REPRESENTATION('',(#8047),#8051);
#8047 = ( BOUNDED_CURVE() B_SPLINE_CURVE(2,(#8048,#8049,#8050),
.UNSPECIFIED.,.F.,.F.) B_SPLINE_CURVE_WITH_KNOTS((3,3),(0.571494499967,
0.628318530718),.PIECEWISE_BEZIER_KNOTS.) CURVE() 
GEOMETRIC_REPRESENTATION_ITEM() RATIONAL_B_SPLINE_CURVE((1.,
0.999596405842,1.)) REPRESENTATION_ITEM('') );
#8048 = CARTESIAN_POINT('',(-1.937038457575E-02,-1.245668902187E-02));
#8049 = CARTESIAN_POINT('',(-1.901636967197E-02,-1.30071888232E-02));
#8050 = CARTESIAN_POINT('',(-1.863166138046E-02,-1.35366943603E-02));
#8051 = ( GEOMETRIC_REPRESENTATION_CONTEXT(2) 
PARAMETRIC_REPRESENTATION_CONTEXT() REPRESENTATION_CONTEXT('2D SPACE',''
  ) );
#8052 = ORIENTED_EDGE('',*,*,#8053,.T.);
#8053 = EDGE_CURVE('',#8026,#8054,#8056,.T.);
#8054 = VERTEX_POINT('',#8055);
#8055 = CARTESIAN_POINT('',(-21.90283157027,-7.116661380455,
    25.221605084184));
#8056 = SURFACE_CURVE('',#8057,(#8061,#8069),.PCURVE_S1.);
#8057 = ( BOUNDED_CURVE() B_SPLINE_CURVE(2,(#8058,#8059,#8060),
.UNSPECIFIED.,.F.,.F.) B_SPLINE_CURVE_WITH_KNOTS((3,3),(6.025850072572,
6.28318530718),.PIECEWISE_BEZIER_KNOTS.) CURVE() 
GEOMETRIC_REPRESENTATION_ITEM() RATIONAL_B_SPLINE_CURVE((1.,
0.99173373582,1.)) REPRESENTATION_ITEM('') );
#8058 = CARTESIAN_POINT('',(-19.37038457575,-12.45668902186,
    25.221605084184));
#8059 = CARTESIAN_POINT('',(-20.98206086145,-9.950502232515,
    25.221605084184));
#8060 = CARTESIAN_POINT('',(-21.90283157027,-7.116661380455,
    25.221605084184));
#8061 = PCURVE('',#7180,#8062);
#8062 = DEFINITIONAL_REPRESENTATION('',(#8063),#8068);
#8063 = B_SPLINE_CURVE_WITH_KNOTS('',3,(#8064,#8065,#8066,#8067),
  .UNSPECIFIED.,.F.,.F.,(4,4),(6.025850072572,6.28318530718),
  .PIECEWISE_BEZIER_KNOTS.);
#8064 = CARTESIAN_POINT('',(0.581827989228,-3.476047858685E-18));
#8065 = CARTESIAN_POINT('',(0.499794186236,1.271061000047E-17));
#8066 = CARTESIAN_POINT('',(0.415953290644,-3.612547342901E-18));
#8067 = CARTESIAN_POINT('',(0.330180291312,3.449924655489E-18));
#8068 = ( GEOMETRIC_REPRESENTATION_CONTEXT(2) 
PARAMETRIC_REPRESENTATION_CONTEXT() REPRESENTATION_CONTEXT('2D SPACE',''
  ) );
#8069 = PCURVE('',#8070,#8075);
#8070 = B_SPLINE_SURFACE_WITH_KNOTS('',1,1,(
    (#8071,#8072)
    ,(#8073,#8074
    )),.UNSPECIFIED.,.F.,.F.,.F.,(2,2),(2,2),(-4.331809092001E-03,
    5.001200786526E-03),(-2.419216761298E-03,3.442020482927E-03),
  .PIECEWISE_BEZIER_KNOTS.);
#8071 = CARTESIAN_POINT('',(-21.90283157027,-7.116661380455,
    25.221605084184));
#8072 = CARTESIAN_POINT('',(-20.09160965374,-12.69102925512,
    25.221605084184));
#8073 = CARTESIAN_POINT('',(-13.02661170865,-4.232602719321,
    25.221605084184));
#8074 = CARTESIAN_POINT('',(-11.21538979212,-9.806970593993,
    25.221605084184));
#8075 = DEFINITIONAL_REPRESENTATION('',(#8076),#8080);
#8076 = ( BOUNDED_CURVE() B_SPLINE_CURVE(2,(#8077,#8078,#8079),
.UNSPECIFIED.,.F.,.F.) B_SPLINE_CURVE_WITH_KNOTS((3,3),(6.025850072572,
6.28318530718),.PIECEWISE_BEZIER_KNOTS.) CURVE() 
GEOMETRIC_REPRESENTATION_ITEM() RATIONAL_B_SPLINE_CURVE((1.,
0.99173373582,1.)) REPRESENTATION_ITEM('') );
#8077 = CARTESIAN_POINT('',(-3.573468167312E-03,3.442020482927E-03));
#8078 = CARTESIAN_POINT('',(-4.331809092001E-03,5.604598441461E-04));
#8079 = CARTESIAN_POINT('',(-4.331809092001E-03,-2.419216761298E-03));
#8080 = ( GEOMETRIC_REPRESENTATION_CONTEXT(2) 
PARAMETRIC_REPRESENTATION_CONTEXT() REPRESENTATION_CONTEXT('2D SPACE',''
  ) );
#8081 = ORIENTED_EDGE('',*,*,#8082,.F.);
#8082 = EDGE_CURVE('',#8083,#8054,#8085,.T.);
#8083 = VERTEX_POINT('',#8084);
#8084 = CARTESIAN_POINT('',(-22.27165907531,-5.861237244225,
    25.221605084184));
#8085 = SURFACE_CURVE('',#8086,(#8090,#8097),.PCURVE_S1.);
#8086 = ( BOUNDED_CURVE() B_SPLINE_CURVE(2,(#8087,#8088,#8089),
.UNSPECIFIED.,.F.,.F.) B_SPLINE_CURVE_WITH_KNOTS((3,3),(0.257335234608,
0.314159265359),.PIECEWISE_BEZIER_KNOTS.) CURVE() 
GEOMETRIC_REPRESENTATION_ITEM() RATIONAL_B_SPLINE_CURVE((1.,
0.999596405842,1.)) REPRESENTATION_ITEM('') );
#8087 = CARTESIAN_POINT('',(-22.27165907531,-5.861237244225,
    25.221605084184));
#8088 = CARTESIAN_POINT('',(-22.10508468821,-6.494190289034,
    25.221605084184));
#8089 = CARTESIAN_POINT('',(-21.90283157027,-7.116661380455,
    25.221605084184));
#8090 = PCURVE('',#7180,#8091);
#8091 = DEFINITIONAL_REPRESENTATION('',(#8092),#8096);
#8092 = B_SPLINE_CURVE_WITH_KNOTS('',2,(#8093,#8094,#8095),
  .UNSPECIFIED.,.F.,.F.,(3,3),(0.257335234608,0.314159265359),
  .PIECEWISE_BEZIER_KNOTS.);
#8093 = CARTESIAN_POINT('',(0.272795766948,4.734111448115E-27));
#8094 = CARTESIAN_POINT('',(0.301696048103,4.454216241481E-18));
#8095 = CARTESIAN_POINT('',(0.330180291312,-3.489087481137E-18));
#8096 = ( GEOMETRIC_REPRESENTATION_CONTEXT(2) 
PARAMETRIC_REPRESENTATION_CONTEXT() REPRESENTATION_CONTEXT('2D SPACE',''
  ) );
#8097 = PCURVE('',#8098,#8103);
#8098 = B_SPLINE_SURFACE_WITH_KNOTS('',1,1,(
    (#8099,#8100)
    ,(#8101,#8102
    )),.UNSPECIFIED.,.F.,.F.,.F.,(2,2),(2,2),(-2.227165907531E-02,
    -1.345015900841E-02),(-7.116661380455E-03,-3.567657160136E-03),
  .PIECEWISE_BEZIER_KNOTS.);
#8099 = CARTESIAN_POINT('',(-22.27165907531,-7.116661380455,
    25.221605084184));
#8100 = CARTESIAN_POINT('',(-22.27165907531,-3.567657160136,
    25.221605084184));
#8101 = CARTESIAN_POINT('',(-13.4501590084,-7.116661380455,
    25.221605084184));
#8102 = CARTESIAN_POINT('',(-13.4501590084,-3.567657160136,
    25.221605084184));
#8103 = DEFINITIONAL_REPRESENTATION('',(#8104),#8108);
#8104 = ( BOUNDED_CURVE() B_SPLINE_CURVE(2,(#8105,#8106,#8107),
.UNSPECIFIED.,.F.,.F.) B_SPLINE_CURVE_WITH_KNOTS((3,3),(0.257335234608,
0.314159265359),.PIECEWISE_BEZIER_KNOTS.) CURVE() 
GEOMETRIC_REPRESENTATION_ITEM() RATIONAL_B_SPLINE_CURVE((1.,
0.999596405842,1.)) REPRESENTATION_ITEM('') );
#8105 = CARTESIAN_POINT('',(-2.227165907531E-02,-5.861237244225E-03));
#8106 = CARTESIAN_POINT('',(-2.210508468822E-02,-6.494190289034E-03));
#8107 = CARTESIAN_POINT('',(-2.190283157028E-02,-7.116661380455E-03));
#8108 = ( GEOMETRIC_REPRESENTATION_CONTEXT(2) 
PARAMETRIC_REPRESENTATION_CONTEXT() REPRESENTATION_CONTEXT('2D SPACE',''
  ) );
#8109 = ORIENTED_EDGE('',*,*,#8110,.T.);
#8110 = EDGE_CURVE('',#8083,#7526,#8111,.T.);
#8111 = SURFACE_CURVE('',#8112,(#8116,#8124),.PCURVE_S1.);
#8112 = ( BOUNDED_CURVE() B_SPLINE_CURVE(2,(#8113,#8114,#8115),
.UNSPECIFIED.,.F.,.F.) B_SPLINE_CURVE_WITH_KNOTS((3,3),(6.025850072572,
6.28318530718),.PIECEWISE_BEZIER_KNOTS.) CURVE() 
GEOMETRIC_REPRESENTATION_ITEM() RATIONAL_B_SPLINE_CURVE((1.,
0.99173373582,1.)) REPRESENTATION_ITEM('') );
#8113 = CARTESIAN_POINT('',(-22.27165907531,-5.861237244225,
    25.221605084184));
#8114 = CARTESIAN_POINT('',(-23.03,-2.979676605444,25.221605084184));
#8115 = CARTESIAN_POINT('',(-23.03,-5.640723156873E-15,25.221605084184)
  );
#8116 = PCURVE('',#7180,#8117);
#8117 = DEFINITIONAL_REPRESENTATION('',(#8118),#8123);
#8118 = B_SPLINE_CURVE_WITH_KNOTS('',3,(#8119,#8120,#8121,#8122),
  .UNSPECIFIED.,.F.,.F.,(4,4),(6.025850072572,6.28318530718),
  .PIECEWISE_BEZIER_KNOTS.);
#8119 = CARTESIAN_POINT('',(0.272795766948,-1.84434310666E-20));
#8120 = CARTESIAN_POINT('',(0.185768262437,2.103610213232E-18));
#8121 = CARTESIAN_POINT('',(9.50116011574E-02,6.109256893143E-18));
#8122 = CARTESIAN_POINT('',(-8.881784197001E-16,0.));
#8123 = ( GEOMETRIC_REPRESENTATION_CONTEXT(2) 
PARAMETRIC_REPRESENTATION_CONTEXT() REPRESENTATION_CONTEXT('2D SPACE',''
  ) );
#8124 = PCURVE('',#8125,#8130);
#8125 = B_SPLINE_SURFACE_WITH_KNOTS('',1,1,(
    (#8126,#8127)
    ,(#8128,#8129
    )),.UNSPECIFIED.,.F.,.F.,.F.,(2,2),(2,2),(-4.331809092001E-03,
    5.001200786526E-03),(-2.419216761298E-03,3.442020482927E-03),
  .PIECEWISE_BEZIER_KNOTS.);
#8126 = CARTESIAN_POINT('',(-23.03,7.806255641896E-15,25.221605084184));
#8127 = CARTESIAN_POINT('',(-23.03,-5.861237244225,25.221605084184));
#8128 = CARTESIAN_POINT('',(-13.69699012147,7.806255641896E-15,
    25.221605084184));
#8129 = CARTESIAN_POINT('',(-13.69699012147,-5.861237244225,
    25.221605084184));
#8130 = DEFINITIONAL_REPRESENTATION('',(#8131),#8135);
#8131 = ( BOUNDED_CURVE() B_SPLINE_CURVE(2,(#8132,#8133,#8134),
.UNSPECIFIED.,.F.,.F.) B_SPLINE_CURVE_WITH_KNOTS((3,3),(6.025850072572,
6.28318530718),.PIECEWISE_BEZIER_KNOTS.) CURVE() 
GEOMETRIC_REPRESENTATION_ITEM() RATIONAL_B_SPLINE_CURVE((1.,
0.99173373582,1.)) REPRESENTATION_ITEM('') );
#8132 = CARTESIAN_POINT('',(-3.573468167312E-03,3.442020482927E-03));
#8133 = CARTESIAN_POINT('',(-4.331809092001E-03,5.604598441461E-04));
#8134 = CARTESIAN_POINT('',(-4.331809092001E-03,-2.419216761298E-03));
#8135 = ( GEOMETRIC_REPRESENTATION_CONTEXT(2) 
PARAMETRIC_REPRESENTATION_CONTEXT() REPRESENTATION_CONTEXT('2D SPACE',''
  ) );
#8136 = ADVANCED_FACE('',(#8137),#8150,.T.);
#8137 = FACE_BOUND('',#8138,.T.);
#8138 = EDGE_LOOP('',(#8139,#8177,#8200,#8229,#8252,#8276,#8299,#8322,
    #8345,#8368,#8391,#8415,#8438,#8462));
#8139 = ORIENTED_EDGE('',*,*,#8140,.T.);
#8140 = EDGE_CURVE('',#8141,#8143,#8145,.T.);
#8141 = VERTEX_POINT('',#8142);
#8142 = CARTESIAN_POINT('',(14.154,0.,25.221605084184));
#8143 = VERTEX_POINT('',#8144);
#8144 = CARTESIAN_POINT('',(14.154,0.,26.27322065986));
#8145 = SURFACE_CURVE('',#8146,(#8149,#8163),.PCURVE_S1.);
#8146 = B_SPLINE_CURVE_WITH_KNOTS('',1,(#8147,#8148),.UNSPECIFIED.,.F.,
  .F.,(2,2),(0.,1.051615575676E-03),.PIECEWISE_BEZIER_KNOTS.);
#8147 = CARTESIAN_POINT('',(14.154,0.,25.221605084184));
#8148 = CARTESIAN_POINT('',(14.154,0.,26.27322065986));
#8149 = PCURVE('',#8150,#8157);
#8150 = ( BOUNDED_SURFACE() B_SPLINE_SURFACE(2,1,(
    (#8151,#8152)
    ,(#8153,#8154)
    ,(#8155,#8156
)),.UNSPECIFIED.,.F.,.F.,.F.) B_SPLINE_SURFACE_WITH_KNOTS((3,3),(2,2),(
    3.14159265359,4.712388980385),(-1.051615575676E-03,0.),
.PIECEWISE_BEZIER_KNOTS.) GEOMETRIC_REPRESENTATION_ITEM() 
RATIONAL_B_SPLINE_SURFACE((
    (1.,1.)
    ,(0.707106781187,0.707106781187)
,(1.,1.))) REPRESENTATION_ITEM('') SURFACE() );
#8151 = CARTESIAN_POINT('',(14.154,-1.733365079513E-15,26.27322065986));
#8152 = CARTESIAN_POINT('',(14.154,-1.733365079513E-15,25.221605084184)
  );
#8153 = CARTESIAN_POINT('',(14.154,14.154,26.27322065986));
#8154 = CARTESIAN_POINT('',(14.154,14.154,25.221605084184));
#8155 = CARTESIAN_POINT('',(2.60004761927E-15,14.154,26.27322065986));
#8156 = CARTESIAN_POINT('',(2.60004761927E-15,14.154,25.221605084184));
#8157 = DEFINITIONAL_REPRESENTATION('',(#8158),#8162);
#8158 = B_SPLINE_CURVE_WITH_KNOTS('',2,(#8159,#8160,#8161),
  .UNSPECIFIED.,.F.,.F.,(3,3),(0.,1.051615575676E-03),
  .PIECEWISE_BEZIER_KNOTS.);
#8159 = CARTESIAN_POINT('',(3.14159265359,0.));
#8160 = CARTESIAN_POINT('',(3.14159265359,-5.258077878381E-04));
#8161 = CARTESIAN_POINT('',(3.14159265359,-1.051615575676E-03));
#8162 = ( GEOMETRIC_REPRESENTATION_CONTEXT(2) 
PARAMETRIC_REPRESENTATION_CONTEXT() REPRESENTATION_CONTEXT('2D SPACE',''
  ) );
#8163 = PCURVE('',#8164,#8171);
#8164 = ( BOUNDED_SURFACE() B_SPLINE_SURFACE(2,1,(
    (#8165,#8166)
    ,(#8167,#8168)
    ,(#8169,#8170
)),.UNSPECIFIED.,.F.,.F.,.F.) B_SPLINE_SURFACE_WITH_KNOTS((3,3),(2,2),(
    1.570796326795,3.14159265359),(-1.051615575676E-03,0.),
.PIECEWISE_BEZIER_KNOTS.) GEOMETRIC_REPRESENTATION_ITEM() 
RATIONAL_B_SPLINE_SURFACE((
    (1.,1.)
    ,(0.707106781187,0.707106781187)
,(1.,1.))) REPRESENTATION_ITEM('') SURFACE() );
#8165 = CARTESIAN_POINT('',(-8.666825397566E-16,-14.154,26.27322065986)
  );
#8166 = CARTESIAN_POINT('',(-8.666825397566E-16,-14.154,25.221605084184)
  );
#8167 = CARTESIAN_POINT('',(14.154,-14.154,26.27322065986));
#8168 = CARTESIAN_POINT('',(14.154,-14.154,25.221605084184));
#8169 = CARTESIAN_POINT('',(14.154,-1.733365079513E-15,26.27322065986));
#8170 = CARTESIAN_POINT('',(14.154,-1.733365079513E-15,25.221605084184)
  );
#8171 = DEFINITIONAL_REPRESENTATION('',(#8172),#8176);
#8172 = B_SPLINE_CURVE_WITH_KNOTS('',2,(#8173,#8174,#8175),
  .UNSPECIFIED.,.F.,.F.,(3,3),(0.,1.051615575676E-03),
  .PIECEWISE_BEZIER_KNOTS.);
#8173 = CARTESIAN_POINT('',(3.14159265359,0.));
#8174 = CARTESIAN_POINT('',(3.14159265359,-5.258077878381E-04));
#8175 = CARTESIAN_POINT('',(3.14159265359,-1.051615575676E-03));
#8176 = ( GEOMETRIC_REPRESENTATION_CONTEXT(2) 
PARAMETRIC_REPRESENTATION_CONTEXT() REPRESENTATION_CONTEXT('2D SPACE',''
  ) );
#8177 = ORIENTED_EDGE('',*,*,#8178,.T.);
#8178 = EDGE_CURVE('',#8143,#8179,#8181,.T.);
#8179 = VERTEX_POINT('',#8180);
#8180 = CARTESIAN_POINT('',(0.,14.154,26.27322065986));
#8181 = SURFACE_CURVE('',#8182,(#8186,#8193),.PCURVE_S1.);
#8182 = ( BOUNDED_CURVE() B_SPLINE_CURVE(2,(#8183,#8184,#8185),
.UNSPECIFIED.,.F.,.F.) B_SPLINE_CURVE_WITH_KNOTS((3,3),(3.14159265359,
4.712388980385),.PIECEWISE_BEZIER_KNOTS.) CURVE() 
GEOMETRIC_REPRESENTATION_ITEM() RATIONAL_B_SPLINE_CURVE((1.,
0.707106781187,1.)) REPRESENTATION_ITEM('') );
#8183 = CARTESIAN_POINT('',(14.154,-1.733365079513E-15,26.27322065986));
#8184 = CARTESIAN_POINT('',(14.154,14.154,26.27322065986));
#8185 = CARTESIAN_POINT('',(2.60004761927E-15,14.154,26.27322065986));
#8186 = PCURVE('',#8150,#8187);
#8187 = DEFINITIONAL_REPRESENTATION('',(#8188),#8192);
#8188 = B_SPLINE_CURVE_WITH_KNOTS('',2,(#8189,#8190,#8191),
  .UNSPECIFIED.,.F.,.F.,(3,3),(3.14159265359,4.712388980385),
  .PIECEWISE_BEZIER_KNOTS.);
#8189 = CARTESIAN_POINT('',(3.14159265359,-1.051615575676E-03));
#8190 = CARTESIAN_POINT('',(3.926990816987,-1.051615575676E-03));
#8191 = CARTESIAN_POINT('',(4.712388980385,-1.051615575676E-03));
#8192 = ( GEOMETRIC_REPRESENTATION_CONTEXT(2) 
PARAMETRIC_REPRESENTATION_CONTEXT() REPRESENTATION_CONTEXT('2D SPACE',''
  ) );
#8193 = PCURVE('',#6837,#8194);
#8194 = DEFINITIONAL_REPRESENTATION('',(#8195),#8199);
#8195 = ( BOUNDED_CURVE() B_SPLINE_CURVE(2,(#8196,#8197,#8198),
.UNSPECIFIED.,.F.,.F.) B_SPLINE_CURVE_WITH_KNOTS((3,3),(3.14159265359,
4.712388980385),.PIECEWISE_BEZIER_KNOTS.) CURVE() 
GEOMETRIC_REPRESENTATION_ITEM() RATIONAL_B_SPLINE_CURVE((1.,
0.707106781187,1.)) REPRESENTATION_ITEM('') );
#8196 = CARTESIAN_POINT('',(1.4154E-02,-1.047428998047E-18));
#8197 = CARTESIAN_POINT('',(1.4154E-02,1.4154E-02));
#8198 = CARTESIAN_POINT('',(2.221100275471E-18,1.4154E-02));
#8199 = ( GEOMETRIC_REPRESENTATION_CONTEXT(2) 
PARAMETRIC_REPRESENTATION_CONTEXT() REPRESENTATION_CONTEXT('2D SPACE',''
  ) );
#8200 = ORIENTED_EDGE('',*,*,#8201,.F.);
#8201 = EDGE_CURVE('',#8202,#8179,#8204,.T.);
#8202 = VERTEX_POINT('',#8203);
#8203 = CARTESIAN_POINT('',(0.,14.154,25.221605084184));
#8204 = SURFACE_CURVE('',#8205,(#8208,#8215),.PCURVE_S1.);
#8205 = B_SPLINE_CURVE_WITH_KNOTS('',1,(#8206,#8207),.UNSPECIFIED.,.F.,
  .F.,(2,2),(0.,1.051615575676E-03),.PIECEWISE_BEZIER_KNOTS.);
#8206 = CARTESIAN_POINT('',(0.,14.154,25.221605084184));
#8207 = CARTESIAN_POINT('',(0.,14.154,26.27322065986));
#8208 = PCURVE('',#8150,#8209);
#8209 = DEFINITIONAL_REPRESENTATION('',(#8210),#8214);
#8210 = B_SPLINE_CURVE_WITH_KNOTS('',2,(#8211,#8212,#8213),
  .UNSPECIFIED.,.F.,.F.,(3,3),(0.,1.051615575676E-03),
  .PIECEWISE_BEZIER_KNOTS.);
#8211 = CARTESIAN_POINT('',(4.712388980385,0.));
#8212 = CARTESIAN_POINT('',(4.712388980385,-5.258077878381E-04));
#8213 = CARTESIAN_POINT('',(4.712388980385,-1.051615575676E-03));
#8214 = ( GEOMETRIC_REPRESENTATION_CONTEXT(2) 
PARAMETRIC_REPRESENTATION_CONTEXT() REPRESENTATION_CONTEXT('2D SPACE',''
  ) );
#8215 = PCURVE('',#8216,#8223);
#8216 = ( BOUNDED_SURFACE() B_SPLINE_SURFACE(2,1,(
    (#8217,#8218)
    ,(#8219,#8220)
    ,(#8221,#8222
)),.UNSPECIFIED.,.F.,.F.,.F.) B_SPLINE_SURFACE_WITH_KNOTS((3,3),(2,2),(
    4.712388980385,6.28318530718),(-1.051615575676E-03,0.),
.PIECEWISE_BEZIER_KNOTS.) GEOMETRIC_REPRESENTATION_ITEM() 
RATIONAL_B_SPLINE_SURFACE((
    (1.,1.)
    ,(0.707106781187,0.707106781187)
,(1.,1.))) REPRESENTATION_ITEM('') SURFACE() );
#8217 = CARTESIAN_POINT('',(2.60004761927E-15,14.154,26.27322065986));
#8218 = CARTESIAN_POINT('',(2.60004761927E-15,14.154,25.221605084184));
#8219 = CARTESIAN_POINT('',(-14.154,14.154,26.27322065986));
#8220 = CARTESIAN_POINT('',(-14.154,14.154,25.221605084184));
#8221 = CARTESIAN_POINT('',(-14.154,3.466730159026E-15,26.27322065986));
#8222 = CARTESIAN_POINT('',(-14.154,3.466730159026E-15,25.221605084184)
  );
#8223 = DEFINITIONAL_REPRESENTATION('',(#8224),#8228);
#8224 = B_SPLINE_CURVE_WITH_KNOTS('',2,(#8225,#8226,#8227),
  .UNSPECIFIED.,.F.,.F.,(3,3),(0.,1.051615575676E-03),
  .PIECEWISE_BEZIER_KNOTS.);
#8225 = CARTESIAN_POINT('',(4.712388980385,0.));
#8226 = CARTESIAN_POINT('',(4.712388980385,-5.258077878381E-04));
#8227 = CARTESIAN_POINT('',(4.712388980385,-1.051615575676E-03));
#8228 = ( GEOMETRIC_REPRESENTATION_CONTEXT(2) 
PARAMETRIC_REPRESENTATION_CONTEXT() REPRESENTATION_CONTEXT('2D SPACE',''
  ) );
#8229 = ORIENTED_EDGE('',*,*,#8230,.F.);
#8230 = EDGE_CURVE('',#8231,#8202,#8233,.T.);
#8231 = VERTEX_POINT('',#8232);
#8232 = CARTESIAN_POINT('',(0.839559129266,14.129078401243,
    25.221605084184));
#8233 = SURFACE_CURVE('',#8234,(#8238,#8245),.PCURVE_S1.);
#8234 = ( BOUNDED_CURVE() B_SPLINE_CURVE(2,(#8235,#8236,#8237),
.UNSPECIFIED.,.F.,.F.) B_SPLINE_CURVE_WITH_KNOTS((3,3),(4.653038109486,
4.712388980385),.PIECEWISE_BEZIER_KNOTS.) CURVE() 
GEOMETRIC_REPRESENTATION_ITEM() RATIONAL_B_SPLINE_CURVE((1.,
0.999559716577,1.)) REPRESENTATION_ITEM('') );
#8235 = CARTESIAN_POINT('',(0.839559129266,14.129078401243,
    25.221605084184));
#8236 = CARTESIAN_POINT('',(0.420149452866,14.154,25.221605084184));
#8237 = CARTESIAN_POINT('',(2.60004761927E-15,14.154,25.221605084184));
#8238 = PCURVE('',#8150,#8239);
#8239 = DEFINITIONAL_REPRESENTATION('',(#8240),#8244);
#8240 = B_SPLINE_CURVE_WITH_KNOTS('',2,(#8241,#8242,#8243),
  .UNSPECIFIED.,.F.,.F.,(3,3),(4.653038109486,4.712388980385),
  .PIECEWISE_BEZIER_KNOTS.);
#8241 = CARTESIAN_POINT('',(4.647248321587,3.469446952142E-18));
#8242 = CARTESIAN_POINT('',(4.679434967194,6.814822449221E-18));
#8243 = CARTESIAN_POINT('',(4.712388980385,0.));
#8244 = ( GEOMETRIC_REPRESENTATION_CONTEXT(2) 
PARAMETRIC_REPRESENTATION_CONTEXT() REPRESENTATION_CONTEXT('2D SPACE',''
  ) );
#8245 = PCURVE('',#6894,#8246);
#8246 = DEFINITIONAL_REPRESENTATION('',(#8247),#8251);
#8247 = ( BOUNDED_CURVE() B_SPLINE_CURVE(2,(#8248,#8249,#8250),
.UNSPECIFIED.,.F.,.F.) B_SPLINE_CURVE_WITH_KNOTS((3,3),(4.653038109486,
4.712388980385),.PIECEWISE_BEZIER_KNOTS.) CURVE() 
GEOMETRIC_REPRESENTATION_ITEM() RATIONAL_B_SPLINE_CURVE((1.,
0.999559716577,1.)) REPRESENTATION_ITEM('') );
#8248 = CARTESIAN_POINT('',(8.395591292663E-04,1.412907840124E-02));
#8249 = CARTESIAN_POINT('',(4.201494528655E-04,1.4154E-02));
#8250 = CARTESIAN_POINT('',(2.221100275471E-18,1.4154E-02));
#8251 = ( GEOMETRIC_REPRESENTATION_CONTEXT(2) 
PARAMETRIC_REPRESENTATION_CONTEXT() REPRESENTATION_CONTEXT('2D SPACE',''
  ) );
#8252 = ORIENTED_EDGE('',*,*,#8253,.F.);
#8253 = EDGE_CURVE('',#8254,#8231,#8256,.T.);
#8254 = VERTEX_POINT('',#8255);
#8255 = CARTESIAN_POINT('',(4.33979817445,13.472262905876,
    25.221605084184));
#8256 = SURFACE_CURVE('',#8257,(#8261,#8269),.PCURVE_S1.);
#8257 = ( BOUNDED_CURVE() B_SPLINE_CURVE(2,(#8258,#8259,#8260),
.UNSPECIFIED.,.F.,.F.) B_SPLINE_CURVE_WITH_KNOTS((3,3),(3.144119493737,
3.39640104805),.PIECEWISE_BEZIER_KNOTS.) CURVE() 
GEOMETRIC_REPRESENTATION_ITEM() RATIONAL_B_SPLINE_CURVE((1.,
0.992054795563,1.)) REPRESENTATION_ITEM('') );
#8258 = CARTESIAN_POINT('',(4.33979817445,13.472262905876,
    25.221605084184));
#8259 = CARTESIAN_POINT('',(2.631325382297,14.022610472301,
    25.221605084184));
#8260 = CARTESIAN_POINT('',(0.839559129266,14.129078401243,
    25.221605084184));
#8261 = PCURVE('',#8150,#8262);
#8262 = DEFINITIONAL_REPRESENTATION('',(#8263),#8268);
#8263 = B_SPLINE_CURVE_WITH_KNOTS('',3,(#8264,#8265,#8266,#8267),
  .UNSPECIFIED.,.F.,.F.,(4,4),(3.144119493737,3.39640104805),
  .PIECEWISE_BEZIER_KNOTS.);
#8264 = CARTESIAN_POINT('',(4.384743130678,3.469565562665E-18));
#8265 = CARTESIAN_POINT('',(4.46889311756,-6.472020869286E-18));
#8266 = CARTESIAN_POINT('',(4.556261290384,7.826075034637E-18));
#8267 = CARTESIAN_POINT('',(4.647248321587,-1.963957358842E-20));
#8268 = ( GEOMETRIC_REPRESENTATION_CONTEXT(2) 
PARAMETRIC_REPRESENTATION_CONTEXT() REPRESENTATION_CONTEXT('2D SPACE',''
  ) );
#8269 = PCURVE('',#6923,#8270);
#8270 = DEFINITIONAL_REPRESENTATION('',(#8271),#8275);
#8271 = ( BOUNDED_CURVE() B_SPLINE_CURVE(2,(#8272,#8273,#8274),
.UNSPECIFIED.,.F.,.F.) B_SPLINE_CURVE_WITH_KNOTS((3,3),(3.144119493737,
3.39640104805),.PIECEWISE_BEZIER_KNOTS.) CURVE() 
GEOMETRIC_REPRESENTATION_ITEM() RATIONAL_B_SPLINE_CURVE((1.,
0.992054795563,1.)) REPRESENTATION_ITEM('') );
#8272 = CARTESIAN_POINT('',(4.544236094062E-03,-2.383451903911E-03));
#8273 = CARTESIAN_POINT('',(4.548771581989E-03,-5.885309711837E-04));
#8274 = CARTESIAN_POINT('',(5.001200786526E-03,1.148440398838E-03));
#8275 = ( GEOMETRIC_REPRESENTATION_CONTEXT(2) 
PARAMETRIC_REPRESENTATION_CONTEXT() REPRESENTATION_CONTEXT('2D SPACE',''
  ) );
#8276 = ORIENTED_EDGE('',*,*,#8277,.F.);
#8277 = EDGE_CURVE('',#8278,#8254,#8280,.T.);
#8278 = VERTEX_POINT('',#8279);
#8279 = CARTESIAN_POINT('',(5.164593521544,13.178114044021,
    25.221605084184));
#8280 = SURFACE_CURVE('',#8281,(#8285,#8292),.PCURVE_S1.);
#8281 = ( BOUNDED_CURVE() B_SPLINE_CURVE(2,(#8282,#8283,#8284),
.UNSPECIFIED.,.F.,.F.) B_SPLINE_CURVE_WITH_KNOTS((3,3),(4.338878844127,
4.400756555173),.PIECEWISE_BEZIER_KNOTS.) CURVE() 
GEOMETRIC_REPRESENTATION_ITEM() RATIONAL_B_SPLINE_CURVE((1.,
0.999521431786,1.)) REPRESENTATION_ITEM('') );
#8282 = CARTESIAN_POINT('',(5.164593521544,13.178114044021,
    25.221605084184));
#8283 = CARTESIAN_POINT('',(4.756747614996,13.337951659609,
    25.221605084184));
#8284 = CARTESIAN_POINT('',(4.33979817445,13.472262905876,
    25.221605084184));
#8285 = PCURVE('',#8150,#8286);
#8286 = DEFINITIONAL_REPRESENTATION('',(#8287),#8291);
#8287 = B_SPLINE_CURVE_WITH_KNOTS('',2,(#8288,#8289,#8290),
  .UNSPECIFIED.,.F.,.F.,(3,3),(4.338878844127,4.400756555173),
  .PIECEWISE_BEZIER_KNOTS.);
#8288 = CARTESIAN_POINT('',(4.323101118674,-2.934345033768E-20));
#8289 = CARTESIAN_POINT('',(4.353707455369,3.921692209859E-19));
#8290 = CARTESIAN_POINT('',(4.384743130678,3.469565562665E-18));
#8291 = ( GEOMETRIC_REPRESENTATION_CONTEXT(2) 
PARAMETRIC_REPRESENTATION_CONTEXT() REPRESENTATION_CONTEXT('2D SPACE',''
  ) );
#8292 = PCURVE('',#6951,#8293);
#8293 = DEFINITIONAL_REPRESENTATION('',(#8294),#8298);
#8294 = ( BOUNDED_CURVE() B_SPLINE_CURVE(2,(#8295,#8296,#8297),
.UNSPECIFIED.,.F.,.F.) B_SPLINE_CURVE_WITH_KNOTS((3,3),(4.338878844127,
4.400756555173),.PIECEWISE_BEZIER_KNOTS.) CURVE() 
GEOMETRIC_REPRESENTATION_ITEM() RATIONAL_B_SPLINE_CURVE((1.,
0.999521431786,1.)) REPRESENTATION_ITEM('') );
#8295 = CARTESIAN_POINT('',(5.164593521544E-03,1.317811404402E-02));
#8296 = CARTESIAN_POINT('',(4.756747614996E-03,1.333795165961E-02));
#8297 = CARTESIAN_POINT('',(4.33979817445E-03,1.347226290588E-02));
#8298 = ( GEOMETRIC_REPRESENTATION_CONTEXT(2) 
PARAMETRIC_REPRESENTATION_CONTEXT() REPRESENTATION_CONTEXT('2D SPACE',''
  ) );
#8299 = ORIENTED_EDGE('',*,*,#8300,.F.);
#8300 = EDGE_CURVE('',#8301,#8278,#8303,.T.);
#8301 = VERTEX_POINT('',#8302);
#8302 = CARTESIAN_POINT('',(8.290551523819,11.471812037812,
    25.221605084184));
#8303 = SURFACE_CURVE('',#8304,(#8308,#8315),.PCURVE_S1.);
#8304 = ( BOUNDED_CURVE() B_SPLINE_CURVE(2,(#8305,#8306,#8307),
.UNSPECIFIED.,.F.,.F.) B_SPLINE_CURVE_WITH_KNOTS((3,3),(3.144119493737,
3.39640104805),.PIECEWISE_BEZIER_KNOTS.) CURVE() 
GEOMETRIC_REPRESENTATION_ITEM() RATIONAL_B_SPLINE_CURVE((1.,
0.992054795563,1.)) REPRESENTATION_ITEM('') );
#8305 = CARTESIAN_POINT('',(8.290551523819,11.471812037812,
    25.221605084184));
#8306 = CARTESIAN_POINT('',(6.835764092768,12.52317080429,
    25.221605084184));
#8307 = CARTESIAN_POINT('',(5.164593521544,13.178114044021,
    25.221605084184));
#8308 = PCURVE('',#8150,#8309);
#8309 = DEFINITIONAL_REPRESENTATION('',(#8310),#8314);
#8310 = B_SPLINE_CURVE_WITH_KNOTS('',2,(#8311,#8312,#8313),
  .UNSPECIFIED.,.F.,.F.,(3,3),(3.144119493737,3.39640104805),
  .PIECEWISE_BEZIER_KNOTS.);
#8311 = CARTESIAN_POINT('',(4.078629284473,3.46689325334E-18));
#8312 = CARTESIAN_POINT('',(4.198644148465,-1.463598699675E-18));
#8313 = CARTESIAN_POINT('',(4.323101118674,-1.949358768852E-20));
#8314 = ( GEOMETRIC_REPRESENTATION_CONTEXT(2) 
PARAMETRIC_REPRESENTATION_CONTEXT() REPRESENTATION_CONTEXT('2D SPACE',''
  ) );
#8315 = PCURVE('',#6980,#8316);
#8316 = DEFINITIONAL_REPRESENTATION('',(#8317),#8321);
#8317 = ( BOUNDED_CURVE() B_SPLINE_CURVE(2,(#8318,#8319,#8320),
.UNSPECIFIED.,.F.,.F.) B_SPLINE_CURVE_WITH_KNOTS((3,3),(3.144119493737,
3.39640104805),.PIECEWISE_BEZIER_KNOTS.) CURVE() 
GEOMETRIC_REPRESENTATION_ITEM() RATIONAL_B_SPLINE_CURVE((1.,
0.992054795563,1.)) REPRESENTATION_ITEM('') );
#8318 = CARTESIAN_POINT('',(4.544236094062E-03,-2.383451903911E-03));
#8319 = CARTESIAN_POINT('',(4.548771581989E-03,-5.885309711837E-04));
#8320 = CARTESIAN_POINT('',(5.001200786526E-03,1.148440398838E-03));
#8321 = ( GEOMETRIC_REPRESENTATION_CONTEXT(2) 
PARAMETRIC_REPRESENTATION_CONTEXT() REPRESENTATION_CONTEXT('2D SPACE',''
  ) );
#8322 = ORIENTED_EDGE('',*,*,#8323,.F.);
#8323 = EDGE_CURVE('',#8324,#8301,#8326,.T.);
#8324 = VERTEX_POINT('',#8325);
#8325 = CARTESIAN_POINT('',(8.984081516094,10.937184066851,
    25.221605084184));
#8326 = SURFACE_CURVE('',#8327,(#8331,#8338),.PCURVE_S1.);
#8327 = ( BOUNDED_CURVE() B_SPLINE_CURVE(2,(#8328,#8329,#8330),
.UNSPECIFIED.,.F.,.F.) B_SPLINE_CURVE_WITH_KNOTS((3,3),(4.024719578768,
4.086597289814),.PIECEWISE_BEZIER_KNOTS.) CURVE() 
GEOMETRIC_REPRESENTATION_ITEM() RATIONAL_B_SPLINE_CURVE((1.,
0.999521431786,1.)) REPRESENTATION_ITEM('') );
#8328 = CARTESIAN_POINT('',(8.984081516094,10.937184066851,
    25.221605084184));
#8329 = CARTESIAN_POINT('',(8.645589548584,11.215229988915,
    25.221605084184));
#8330 = CARTESIAN_POINT('',(8.290551523819,11.471812037812,
    25.221605084184));
#8331 = PCURVE('',#8150,#8332);
#8332 = DEFINITIONAL_REPRESENTATION('',(#8333),#8337);
#8333 = B_SPLINE_CURVE_WITH_KNOTS('',2,(#8334,#8335,#8336),
  .UNSPECIFIED.,.F.,.F.,(3,3),(4.024719578768,4.086597289814),
  .PIECEWISE_BEZIER_KNOTS.);
#8334 = CARTESIAN_POINT('',(4.01971730665,-3.228491270662E-21));
#8335 = CARTESIAN_POINT('',(4.049114580221,-2.249958599477E-18));
#8336 = CARTESIAN_POINT('',(4.078629284473,3.46689325334E-18));
#8337 = ( GEOMETRIC_REPRESENTATION_CONTEXT(2) 
PARAMETRIC_REPRESENTATION_CONTEXT() REPRESENTATION_CONTEXT('2D SPACE',''
  ) );
#8338 = PCURVE('',#7008,#8339);
#8339 = DEFINITIONAL_REPRESENTATION('',(#8340),#8344);
#8340 = ( BOUNDED_CURVE() B_SPLINE_CURVE(2,(#8341,#8342,#8343),
.UNSPECIFIED.,.F.,.F.) B_SPLINE_CURVE_WITH_KNOTS((3,3),(4.024719578768,
4.086597289814),.PIECEWISE_BEZIER_KNOTS.) CURVE() 
GEOMETRIC_REPRESENTATION_ITEM() RATIONAL_B_SPLINE_CURVE((1.,
0.999521431786,1.)) REPRESENTATION_ITEM('') );
#8341 = CARTESIAN_POINT('',(8.984081516094E-03,1.093718406685E-02));
#8342 = CARTESIAN_POINT('',(8.645589548584E-03,1.121522998892E-02));
#8343 = CARTESIAN_POINT('',(8.290551523819E-03,1.147181203781E-02));
#8344 = ( GEOMETRIC_REPRESENTATION_CONTEXT(2) 
PARAMETRIC_REPRESENTATION_CONTEXT() REPRESENTATION_CONTEXT('2D SPACE',''
  ) );
#8345 = ORIENTED_EDGE('',*,*,#8346,.F.);
#8346 = EDGE_CURVE('',#8347,#8324,#8349,.T.);
#8347 = VERTEX_POINT('',#8348);
#8348 = CARTESIAN_POINT('',(11.429767926368,8.348420278673,
    25.221605084184));
#8349 = SURFACE_CURVE('',#8350,(#8354,#8361),.PCURVE_S1.);
#8350 = ( BOUNDED_CURVE() B_SPLINE_CURVE(2,(#8351,#8352,#8353),
.UNSPECIFIED.,.F.,.F.) B_SPLINE_CURVE_WITH_KNOTS((3,3),(3.144119493737,
3.39640104805),.PIECEWISE_BEZIER_KNOTS.) CURVE() 
GEOMETRIC_REPRESENTATION_ITEM() RATIONAL_B_SPLINE_CURVE((1.,
0.992054795563,1.)) REPRESENTATION_ITEM('') );
#8351 = CARTESIAN_POINT('',(11.429767926368,8.348420278673,
    25.221605084184));
#8352 = CARTESIAN_POINT('',(10.371070586269,9.797875923894,
    25.221605084184));
#8353 = CARTESIAN_POINT('',(8.984081516094,10.937184066851,
    25.221605084184));
#8354 = PCURVE('',#8150,#8355);
#8355 = DEFINITIONAL_REPRESENTATION('',(#8356),#8360);
#8356 = B_SPLINE_CURVE_WITH_KNOTS('',2,(#8357,#8358,#8359),
  .UNSPECIFIED.,.F.,.F.,(3,3),(3.144119493737,3.39640104805),
  .PIECEWISE_BEZIER_KNOTS.);
#8357 = CARTESIAN_POINT('',(3.780173217898,-4.971011009588E-21));
#8358 = CARTESIAN_POINT('',(3.900160188141,-1.495619642623E-18));
#8359 = CARTESIAN_POINT('',(4.01971730665,3.468640079699E-18));
#8360 = ( GEOMETRIC_REPRESENTATION_CONTEXT(2) 
PARAMETRIC_REPRESENTATION_CONTEXT() REPRESENTATION_CONTEXT('2D SPACE',''
  ) );
#8361 = PCURVE('',#7036,#8362);
#8362 = DEFINITIONAL_REPRESENTATION('',(#8363),#8367);
#8363 = ( BOUNDED_CURVE() B_SPLINE_CURVE(2,(#8364,#8365,#8366),
.UNSPECIFIED.,.F.,.F.) B_SPLINE_CURVE_WITH_KNOTS((3,3),(3.144119493737,
3.39640104805),.PIECEWISE_BEZIER_KNOTS.) CURVE() 
GEOMETRIC_REPRESENTATION_ITEM() RATIONAL_B_SPLINE_CURVE((1.,
0.992054795563,1.)) REPRESENTATION_ITEM('') );
#8364 = CARTESIAN_POINT('',(4.544236094062E-03,-2.383451903911E-03));
#8365 = CARTESIAN_POINT('',(4.548771581989E-03,-5.885309711837E-04));
#8366 = CARTESIAN_POINT('',(5.001200786526E-03,1.148440398838E-03));
#8367 = ( GEOMETRIC_REPRESENTATION_CONTEXT(2) 
PARAMETRIC_REPRESENTATION_CONTEXT() REPRESENTATION_CONTEXT('2D SPACE',''
  ) );
#8368 = ORIENTED_EDGE('',*,*,#8369,.F.);
#8369 = EDGE_CURVE('',#8370,#8347,#8372,.T.);
#8370 = VERTEX_POINT('',#8371);
#8371 = CARTESIAN_POINT('',(11.924145016072,7.625646309376,
    25.221605084184));
#8372 = SURFACE_CURVE('',#8373,(#8377,#8384),.PCURVE_S1.);
#8373 = ( BOUNDED_CURVE() B_SPLINE_CURVE(2,(#8374,#8375,#8376),
.UNSPECIFIED.,.F.,.F.) B_SPLINE_CURVE_WITH_KNOTS((3,3),(3.710560313409,
3.772438024455),.PIECEWISE_BEZIER_KNOTS.) CURVE() 
GEOMETRIC_REPRESENTATION_ITEM() RATIONAL_B_SPLINE_CURVE((1.,
0.999521431786,1.)) REPRESENTATION_ITEM('') );
#8374 = CARTESIAN_POINT('',(11.924145016072,7.625646309376,
    25.221605084184));
#8375 = CARTESIAN_POINT('',(11.688140939792,7.994683465804,
    25.221605084184));
#8376 = CARTESIAN_POINT('',(11.429767926368,8.348420278673,
    25.221605084184));
#8377 = PCURVE('',#8150,#8378);
#8378 = DEFINITIONAL_REPRESENTATION('',(#8379),#8383);
#8379 = B_SPLINE_CURVE_WITH_KNOTS('',2,(#8380,#8381,#8382),
  .UNSPECIFIED.,.F.,.F.,(3,3),(3.710560313409,3.772438024455),
  .PIECEWISE_BEZIER_KNOTS.);
#8380 = CARTESIAN_POINT('',(3.720997105312,3.462775729403E-18));
#8381 = CARTESIAN_POINT('',(3.750670314145,-2.029362785609E-18));
#8382 = CARTESIAN_POINT('',(3.780173217898,-4.971011009588E-21));
#8383 = ( GEOMETRIC_REPRESENTATION_CONTEXT(2) 
PARAMETRIC_REPRESENTATION_CONTEXT() REPRESENTATION_CONTEXT('2D SPACE',''
  ) );
#8384 = PCURVE('',#7064,#8385);
#8385 = DEFINITIONAL_REPRESENTATION('',(#8386),#8390);
#8386 = ( BOUNDED_CURVE() B_SPLINE_CURVE(2,(#8387,#8388,#8389),
.UNSPECIFIED.,.F.,.F.) B_SPLINE_CURVE_WITH_KNOTS((3,3),(3.710560313409,
3.772438024455),.PIECEWISE_BEZIER_KNOTS.) CURVE() 
GEOMETRIC_REPRESENTATION_ITEM() RATIONAL_B_SPLINE_CURVE((1.,
0.999521431786,1.)) REPRESENTATION_ITEM('') );
#8387 = CARTESIAN_POINT('',(1.192414501607E-02,7.625646309376E-03));
#8388 = CARTESIAN_POINT('',(1.168814093979E-02,7.994683465804E-03));
#8389 = CARTESIAN_POINT('',(1.142976792637E-02,8.348420278673E-03));
#8390 = ( GEOMETRIC_REPRESENTATION_CONTEXT(2) 
PARAMETRIC_REPRESENTATION_CONTEXT() REPRESENTATION_CONTEXT('2D SPACE',''
  ) );
#8391 = ORIENTED_EDGE('',*,*,#8392,.F.);
#8392 = EDGE_CURVE('',#8393,#8370,#8395,.T.);
#8393 = VERTEX_POINT('',#8394);
#8394 = CARTESIAN_POINT('',(13.450159008408,4.407826975794,
    25.221605084184));
#8395 = SURFACE_CURVE('',#8396,(#8400,#8408),.PCURVE_S1.);
#8396 = ( BOUNDED_CURVE() B_SPLINE_CURVE(2,(#8397,#8398,#8399),
.UNSPECIFIED.,.F.,.F.) B_SPLINE_CURVE_WITH_KNOTS((3,3),(3.144119493737,
3.39640104805),.PIECEWISE_BEZIER_KNOTS.) CURVE() 
GEOMETRIC_REPRESENTATION_ITEM() RATIONAL_B_SPLINE_CURVE((1.,
0.992054795563,1.)) REPRESENTATION_ITEM('') );
#8397 = CARTESIAN_POINT('',(13.450159008408,4.407826975794,
    25.221605084184));
#8398 = CARTESIAN_POINT('',(12.891184431289,6.113496682251,
    25.221605084184));
#8399 = CARTESIAN_POINT('',(11.924145016072,7.625646309376,
    25.221605084184));
#8400 = PCURVE('',#8150,#8401);
#8401 = DEFINITIONAL_REPRESENTATION('',(#8402),#8407);
#8402 = B_SPLINE_CURVE_WITH_KNOTS('',3,(#8403,#8404,#8405,#8406),
  .UNSPECIFIED.,.F.,.F.,(4,4),(3.144119493737,3.39640104805),
  .PIECEWISE_BEZIER_KNOTS.);
#8403 = CARTESIAN_POINT('',(3.474305849478,3.449905107016E-18));
#8404 = CARTESIAN_POINT('',(3.558352579884,-1.56546962468E-18));
#8405 = CARTESIAN_POINT('',(3.640543741852,-5.611725356169E-18));
#8406 = CARTESIAN_POINT('',(3.720997105312,3.462782047803E-18));
#8407 = ( GEOMETRIC_REPRESENTATION_CONTEXT(2) 
PARAMETRIC_REPRESENTATION_CONTEXT() REPRESENTATION_CONTEXT('2D SPACE',''
  ) );
#8408 = PCURVE('',#7093,#8409);
#8409 = DEFINITIONAL_REPRESENTATION('',(#8410),#8414);
#8410 = ( BOUNDED_CURVE() B_SPLINE_CURVE(2,(#8411,#8412,#8413),
.UNSPECIFIED.,.F.,.F.) B_SPLINE_CURVE_WITH_KNOTS((3,3),(3.144119493737,
3.39640104805),.PIECEWISE_BEZIER_KNOTS.) CURVE() 
GEOMETRIC_REPRESENTATION_ITEM() RATIONAL_B_SPLINE_CURVE((1.,
0.992054795563,1.)) REPRESENTATION_ITEM('') );
#8411 = CARTESIAN_POINT('',(4.544236094062E-03,-2.383451903911E-03));
#8412 = CARTESIAN_POINT('',(4.548771581989E-03,-5.885309711837E-04));
#8413 = CARTESIAN_POINT('',(5.001200786526E-03,1.148440398838E-03));
#8414 = ( GEOMETRIC_REPRESENTATION_CONTEXT(2) 
PARAMETRIC_REPRESENTATION_CONTEXT() REPRESENTATION_CONTEXT('2D SPACE',''
  ) );
#8415 = ORIENTED_EDGE('',*,*,#8416,.F.);
#8416 = EDGE_CURVE('',#8417,#8393,#8419,.T.);
#8417 = VERTEX_POINT('',#8418);
#8418 = CARTESIAN_POINT('',(13.696990121473,3.567657160136,
    25.221605084184));
#8419 = SURFACE_CURVE('',#8420,(#8424,#8431),.PCURVE_S1.);
#8420 = ( BOUNDED_CURVE() B_SPLINE_CURVE(2,(#8421,#8422,#8423),
.UNSPECIFIED.,.F.,.F.) B_SPLINE_CURVE_WITH_KNOTS((3,3),(3.39640104805,
3.458278759096),.PIECEWISE_BEZIER_KNOTS.) CURVE() 
GEOMETRIC_REPRESENTATION_ITEM() RATIONAL_B_SPLINE_CURVE((1.,
0.999521431786,1.)) REPRESENTATION_ITEM('') );
#8421 = CARTESIAN_POINT('',(13.696990121473,3.567657160136,
    25.221605084184));
#8422 = CARTESIAN_POINT('',(13.586575659747,3.991561622824,
    25.221605084184));
#8423 = CARTESIAN_POINT('',(13.450159008408,4.407826975794,
    25.221605084184));
#8424 = PCURVE('',#8150,#8425);
#8425 = DEFINITIONAL_REPRESENTATION('',(#8426),#8430);
#8426 = B_SPLINE_CURVE_WITH_KNOTS('',2,(#8427,#8428,#8429),
  .UNSPECIFIED.,.F.,.F.,(3,3),(3.39640104805,3.458278759096),
  .PIECEWISE_BEZIER_KNOTS.);
#8427 = CARTESIAN_POINT('',(3.411816863365,-5.572872429186E-20));
#8428 = CARTESIAN_POINT('',(3.443308028206,-1.105857919024E-18));
#8429 = CARTESIAN_POINT('',(3.474305849478,3.450022948345E-18));
#8430 = ( GEOMETRIC_REPRESENTATION_CONTEXT(2) 
PARAMETRIC_REPRESENTATION_CONTEXT() REPRESENTATION_CONTEXT('2D SPACE',''
  ) );
#8431 = PCURVE('',#7121,#8432);
#8432 = DEFINITIONAL_REPRESENTATION('',(#8433),#8437);
#8433 = ( BOUNDED_CURVE() B_SPLINE_CURVE(2,(#8434,#8435,#8436),
.UNSPECIFIED.,.F.,.F.) B_SPLINE_CURVE_WITH_KNOTS((3,3),(3.39640104805,
3.458278759096),.PIECEWISE_BEZIER_KNOTS.) CURVE() 
GEOMETRIC_REPRESENTATION_ITEM() RATIONAL_B_SPLINE_CURVE((1.,
0.999521431786,1.)) REPRESENTATION_ITEM('') );
#8434 = CARTESIAN_POINT('',(1.369699012147E-02,3.567657160136E-03));
#8435 = CARTESIAN_POINT('',(1.358657565975E-02,3.991561622824E-03));
#8436 = CARTESIAN_POINT('',(1.345015900841E-02,4.407826975794E-03));
#8437 = ( GEOMETRIC_REPRESENTATION_CONTEXT(2) 
PARAMETRIC_REPRESENTATION_CONTEXT() REPRESENTATION_CONTEXT('2D SPACE',''
  ) );
#8438 = ORIENTED_EDGE('',*,*,#8439,.F.);
#8439 = EDGE_CURVE('',#8440,#8417,#8442,.T.);
#8440 = VERTEX_POINT('',#8441);
#8441 = CARTESIAN_POINT('',(14.153954813937,3.576485738651E-02,
    25.221605084184));
#8442 = SURFACE_CURVE('',#8443,(#8447,#8455),.PCURVE_S1.);
#8443 = ( BOUNDED_CURVE() B_SPLINE_CURVE(2,(#8444,#8445,#8446),
.UNSPECIFIED.,.F.,.F.) B_SPLINE_CURVE_WITH_KNOTS((3,3),(3.144119493737,
3.39640104805),.PIECEWISE_BEZIER_KNOTS.) CURVE() 
GEOMETRIC_REPRESENTATION_ITEM() RATIONAL_B_SPLINE_CURVE((1.,
0.992054795563,1.)) REPRESENTATION_ITEM('') );
#8444 = CARTESIAN_POINT('',(14.153954813937,3.576485738651E-02,
    25.221605084184));
#8445 = CARTESIAN_POINT('',(14.14941932601,1.830685790114,
    25.221605084184));
#8446 = CARTESIAN_POINT('',(13.696990121473,3.567657160136,
    25.221605084184));
#8447 = PCURVE('',#8150,#8448);
#8448 = DEFINITIONAL_REPRESENTATION('',(#8449),#8454);
#8449 = B_SPLINE_CURVE_WITH_KNOTS('',3,(#8450,#8451,#8452,#8453),
  .UNSPECIFIED.,.F.,.F.,(4,4),(3.144119493737,3.39640104805),
  .PIECEWISE_BEZIER_KNOTS.);
#8450 = CARTESIAN_POINT('',(3.144397800821,-1.230609522674E-21));
#8451 = CARTESIAN_POINT('',(3.237456335393,4.815930257221E-18));
#8452 = CARTESIAN_POINT('',(3.326430917058,4.162318346843E-18));
#8453 = CARTESIAN_POINT('',(3.411816863365,3.450950303379E-18));
#8454 = ( GEOMETRIC_REPRESENTATION_CONTEXT(2) 
PARAMETRIC_REPRESENTATION_CONTEXT() REPRESENTATION_CONTEXT('2D SPACE',''
  ) );
#8455 = PCURVE('',#7148,#8456);
#8456 = DEFINITIONAL_REPRESENTATION('',(#8457),#8461);
#8457 = ( BOUNDED_CURVE() B_SPLINE_CURVE(2,(#8458,#8459,#8460),
.UNSPECIFIED.,.F.,.F.) B_SPLINE_CURVE_WITH_KNOTS((3,3),(3.144119493737,
3.39640104805),.PIECEWISE_BEZIER_KNOTS.) CURVE() 
GEOMETRIC_REPRESENTATION_ITEM() RATIONAL_B_SPLINE_CURVE((1.,
0.992054795563,1.)) REPRESENTATION_ITEM('') );
#8458 = CARTESIAN_POINT('',(1.415395481394E-02,3.576485738651E-05));
#8459 = CARTESIAN_POINT('',(1.414941932601E-02,1.830685790114E-03));
#8460 = CARTESIAN_POINT('',(1.369699012147E-02,3.567657160136E-03));
#8461 = ( GEOMETRIC_REPRESENTATION_CONTEXT(2) 
PARAMETRIC_REPRESENTATION_CONTEXT() REPRESENTATION_CONTEXT('2D SPACE',''
  ) );
#8462 = ORIENTED_EDGE('',*,*,#8463,.F.);
#8463 = EDGE_CURVE('',#8141,#8440,#8464,.T.);
#8464 = SURFACE_CURVE('',#8465,(#8469,#8476),.PCURVE_S1.);
#8465 = ( BOUNDED_CURVE() B_SPLINE_CURVE(2,(#8466,#8467,#8468),
.UNSPECIFIED.,.F.,.F.) B_SPLINE_CURVE_WITH_KNOTS((3,3),(3.14159265359,
3.144119493737),.PIECEWISE_BEZIER_KNOTS.) CURVE() 
GEOMETRIC_REPRESENTATION_ITEM() RATIONAL_B_SPLINE_CURVE((1.,
0.999999201885,1.)) REPRESENTATION_ITEM('') );
#8466 = CARTESIAN_POINT('',(14.154,-1.733365079513E-15,25.221605084184)
  );
#8467 = CARTESIAN_POINT('',(14.154,1.788245723776E-02,25.221605084184));
#8468 = CARTESIAN_POINT('',(14.153954813937,3.576485738651E-02,
    25.221605084184));
#8469 = PCURVE('',#8150,#8470);
#8470 = DEFINITIONAL_REPRESENTATION('',(#8471),#8475);
#8471 = B_SPLINE_CURVE_WITH_KNOTS('',2,(#8472,#8473,#8474),
  .UNSPECIFIED.,.F.,.F.,(3,3),(3.14159265359,3.144119493737),
  .PIECEWISE_BEZIER_KNOTS.);
#8472 = CARTESIAN_POINT('',(3.14159265359,0.));
#8473 = CARTESIAN_POINT('',(3.142995959897,1.338362244345E-18));
#8474 = CARTESIAN_POINT('',(3.144397800821,-1.230609522674E-21));
#8475 = ( GEOMETRIC_REPRESENTATION_CONTEXT(2) 
PARAMETRIC_REPRESENTATION_CONTEXT() REPRESENTATION_CONTEXT('2D SPACE',''
  ) );
#8476 = PCURVE('',#7232,#8477);
#8477 = DEFINITIONAL_REPRESENTATION('',(#8478),#8482);
#8478 = ( BOUNDED_CURVE() B_SPLINE_CURVE(2,(#8479,#8480,#8481),
.UNSPECIFIED.,.F.,.F.) B_SPLINE_CURVE_WITH_KNOTS((3,3),(3.14159265359,
3.144119493737),.PIECEWISE_BEZIER_KNOTS.) CURVE() 
GEOMETRIC_REPRESENTATION_ITEM() RATIONAL_B_SPLINE_CURVE((1.,
0.999999201885,1.)) REPRESENTATION_ITEM('') );
#8479 = CARTESIAN_POINT('',(1.4154E-02,-1.047428998047E-18));
#8480 = CARTESIAN_POINT('',(1.4154E-02,1.788245723776E-05));
#8481 = CARTESIAN_POINT('',(1.415395481394E-02,3.576485738651E-05));
#8482 = ( GEOMETRIC_REPRESENTATION_CONTEXT(2) 
PARAMETRIC_REPRESENTATION_CONTEXT() REPRESENTATION_CONTEXT('2D SPACE',''
  ) );
#8483 = ADVANCED_FACE('',(#8484),#8216,.T.);
#8484 = FACE_BOUND('',#8485,.T.);
#8485 = EDGE_LOOP('',(#8486,#8487,#8510,#8539,#8562,#8586,#8609,#8632,
    #8655,#8678,#8701,#8725,#8748,#8772));
#8486 = ORIENTED_EDGE('',*,*,#8201,.T.);
#8487 = ORIENTED_EDGE('',*,*,#8488,.T.);
#8488 = EDGE_CURVE('',#8179,#8489,#8491,.T.);
#8489 = VERTEX_POINT('',#8490);
#8490 = CARTESIAN_POINT('',(-14.154,0.,26.27322065986));
#8491 = SURFACE_CURVE('',#8492,(#8496,#8503),.PCURVE_S1.);
#8492 = ( BOUNDED_CURVE() B_SPLINE_CURVE(2,(#8493,#8494,#8495),
.UNSPECIFIED.,.F.,.F.) B_SPLINE_CURVE_WITH_KNOTS((3,3),(4.712388980385,
6.28318530718),.PIECEWISE_BEZIER_KNOTS.) CURVE() 
GEOMETRIC_REPRESENTATION_ITEM() RATIONAL_B_SPLINE_CURVE((1.,
0.707106781187,1.)) REPRESENTATION_ITEM('') );
#8493 = CARTESIAN_POINT('',(2.60004761927E-15,14.154,26.27322065986));
#8494 = CARTESIAN_POINT('',(-14.154,14.154,26.27322065986));
#8495 = CARTESIAN_POINT('',(-14.154,3.466730159026E-15,26.27322065986));
#8496 = PCURVE('',#8216,#8497);
#8497 = DEFINITIONAL_REPRESENTATION('',(#8498),#8502);
#8498 = B_SPLINE_CURVE_WITH_KNOTS('',2,(#8499,#8500,#8501),
  .UNSPECIFIED.,.F.,.F.,(3,3),(4.712388980385,6.28318530718),
  .PIECEWISE_BEZIER_KNOTS.);
#8499 = CARTESIAN_POINT('',(4.712388980385,-1.051615575676E-03));
#8500 = CARTESIAN_POINT('',(5.497787143782,-1.051615575676E-03));
#8501 = CARTESIAN_POINT('',(6.28318530718,-1.051615575676E-03));
#8502 = ( GEOMETRIC_REPRESENTATION_CONTEXT(2) 
PARAMETRIC_REPRESENTATION_CONTEXT() REPRESENTATION_CONTEXT('2D SPACE',''
  ) );
#8503 = PCURVE('',#6837,#8504);
#8504 = DEFINITIONAL_REPRESENTATION('',(#8505),#8509);
#8505 = ( BOUNDED_CURVE() B_SPLINE_CURVE(2,(#8506,#8507,#8508),
.UNSPECIFIED.,.F.,.F.) B_SPLINE_CURVE_WITH_KNOTS((3,3),(4.712388980385,
6.28318530718),.PIECEWISE_BEZIER_KNOTS.) CURVE() 
GEOMETRIC_REPRESENTATION_ITEM() RATIONAL_B_SPLINE_CURVE((1.,
0.707106781187,1.)) REPRESENTATION_ITEM('') );
#8506 = CARTESIAN_POINT('',(2.221100275471E-18,1.4154E-02));
#8507 = CARTESIAN_POINT('',(-1.4154E-02,1.4154E-02));
#8508 = CARTESIAN_POINT('',(-1.4154E-02,4.152666240493E-18));
#8509 = ( GEOMETRIC_REPRESENTATION_CONTEXT(2) 
PARAMETRIC_REPRESENTATION_CONTEXT() REPRESENTATION_CONTEXT('2D SPACE',''
  ) );
#8510 = ORIENTED_EDGE('',*,*,#8511,.F.);
#8511 = EDGE_CURVE('',#8512,#8489,#8514,.T.);
#8512 = VERTEX_POINT('',#8513);
#8513 = CARTESIAN_POINT('',(-14.154,0.,25.221605084184));
#8514 = SURFACE_CURVE('',#8515,(#8518,#8525),.PCURVE_S1.);
#8515 = B_SPLINE_CURVE_WITH_KNOTS('',1,(#8516,#8517),.UNSPECIFIED.,.F.,
  .F.,(2,2),(0.,1.051615575676E-03),.PIECEWISE_BEZIER_KNOTS.);
#8516 = CARTESIAN_POINT('',(-14.154,0.,25.221605084184));
#8517 = CARTESIAN_POINT('',(-14.154,0.,26.27322065986));
#8518 = PCURVE('',#8216,#8519);
#8519 = DEFINITIONAL_REPRESENTATION('',(#8520),#8524);
#8520 = B_SPLINE_CURVE_WITH_KNOTS('',2,(#8521,#8522,#8523),
  .UNSPECIFIED.,.F.,.F.,(3,3),(0.,1.051615575676E-03),
  .PIECEWISE_BEZIER_KNOTS.);
#8521 = CARTESIAN_POINT('',(6.28318530718,0.));
#8522 = CARTESIAN_POINT('',(6.28318530718,-5.258077878381E-04));
#8523 = CARTESIAN_POINT('',(6.28318530718,-1.051615575676E-03));
#8524 = ( GEOMETRIC_REPRESENTATION_CONTEXT(2) 
PARAMETRIC_REPRESENTATION_CONTEXT() REPRESENTATION_CONTEXT('2D SPACE',''
  ) );
#8525 = PCURVE('',#8526,#8533);
#8526 = ( BOUNDED_SURFACE() B_SPLINE_SURFACE(2,1,(
    (#8527,#8528)
    ,(#8529,#8530)
    ,(#8531,#8532
)),.UNSPECIFIED.,.F.,.F.,.F.) B_SPLINE_SURFACE_WITH_KNOTS((3,3),(2,2),(
    0.,1.570796326795),(-1.051615575676E-03,0.),
.PIECEWISE_BEZIER_KNOTS.) GEOMETRIC_REPRESENTATION_ITEM() 
RATIONAL_B_SPLINE_SURFACE((
    (1.,1.)
    ,(0.707106781187,0.707106781187)
,(1.,1.))) REPRESENTATION_ITEM('') SURFACE() );
#8527 = CARTESIAN_POINT('',(-14.154,0.,26.27322065986));
#8528 = CARTESIAN_POINT('',(-14.154,0.,25.221605084184));
#8529 = CARTESIAN_POINT('',(-14.154,-14.154,26.27322065986));
#8530 = CARTESIAN_POINT('',(-14.154,-14.154,25.221605084184));
#8531 = CARTESIAN_POINT('',(-8.666825397566E-16,-14.154,26.27322065986)
  );
#8532 = CARTESIAN_POINT('',(-8.666825397566E-16,-14.154,25.221605084184)
  );
#8533 = DEFINITIONAL_REPRESENTATION('',(#8534),#8538);
#8534 = B_SPLINE_CURVE_WITH_KNOTS('',2,(#8535,#8536,#8537),
  .UNSPECIFIED.,.F.,.F.,(3,3),(0.,1.051615575676E-03),
  .PIECEWISE_BEZIER_KNOTS.);
#8535 = CARTESIAN_POINT('',(0.,0.));
#8536 = CARTESIAN_POINT('',(0.,-5.258077878381E-04));
#8537 = CARTESIAN_POINT('',(0.,-1.051615575676E-03));
#8538 = ( GEOMETRIC_REPRESENTATION_CONTEXT(2) 
PARAMETRIC_REPRESENTATION_CONTEXT() REPRESENTATION_CONTEXT('2D SPACE',''
  ) );
#8539 = ORIENTED_EDGE('',*,*,#8540,.F.);
#8540 = EDGE_CURVE('',#8541,#8512,#8543,.T.);
#8541 = VERTEX_POINT('',#8542);
#8542 = CARTESIAN_POINT('',(-14.12907840124,0.839559129266,
    25.221605084184));
#8543 = SURFACE_CURVE('',#8544,(#8548,#8555),.PCURVE_S1.);
#8544 = ( BOUNDED_CURVE() B_SPLINE_CURVE(2,(#8545,#8546,#8547),
.UNSPECIFIED.,.F.,.F.) B_SPLINE_CURVE_WITH_KNOTS((3,3),(6.223834436281,
6.28318530718),.PIECEWISE_BEZIER_KNOTS.) CURVE() 
GEOMETRIC_REPRESENTATION_ITEM() RATIONAL_B_SPLINE_CURVE((1.,
0.999559716577,1.)) REPRESENTATION_ITEM('') );
#8545 = CARTESIAN_POINT('',(-14.12907840124,0.839559129266,
    25.221605084184));
#8546 = CARTESIAN_POINT('',(-14.154,0.420149452866,25.221605084184));
#8547 = CARTESIAN_POINT('',(-14.154,3.466730159026E-15,25.221605084184)
  );
#8548 = PCURVE('',#8216,#8549);
#8549 = DEFINITIONAL_REPRESENTATION('',(#8550),#8554);
#8550 = B_SPLINE_CURVE_WITH_KNOTS('',2,(#8551,#8552,#8553),
  .UNSPECIFIED.,.F.,.F.,(3,3),(6.223834436281,6.28318530718),
  .PIECEWISE_BEZIER_KNOTS.);
#8551 = CARTESIAN_POINT('',(6.218044648382,3.469446952142E-18));
#8552 = CARTESIAN_POINT('',(6.250231293988,6.814822449221E-18));
#8553 = CARTESIAN_POINT('',(6.28318530718,0.));
#8554 = ( GEOMETRIC_REPRESENTATION_CONTEXT(2) 
PARAMETRIC_REPRESENTATION_CONTEXT() REPRESENTATION_CONTEXT('2D SPACE',''
  ) );
#8555 = PCURVE('',#7563,#8556);
#8556 = DEFINITIONAL_REPRESENTATION('',(#8557),#8561);
#8557 = ( BOUNDED_CURVE() B_SPLINE_CURVE(2,(#8558,#8559,#8560),
.UNSPECIFIED.,.F.,.F.) B_SPLINE_CURVE_WITH_KNOTS((3,3),(6.223834436281,
6.28318530718),.PIECEWISE_BEZIER_KNOTS.) CURVE() 
GEOMETRIC_REPRESENTATION_ITEM() RATIONAL_B_SPLINE_CURVE((1.,
0.999559716577,1.)) REPRESENTATION_ITEM('') );
#8558 = CARTESIAN_POINT('',(-1.412907840124E-02,8.395591292663E-04));
#8559 = CARTESIAN_POINT('',(-1.4154E-02,4.201494528655E-04));
#8560 = CARTESIAN_POINT('',(-1.4154E-02,4.152666240493E-18));
#8561 = ( GEOMETRIC_REPRESENTATION_CONTEXT(2) 
PARAMETRIC_REPRESENTATION_CONTEXT() REPRESENTATION_CONTEXT('2D SPACE',''
  ) );
#8562 = ORIENTED_EDGE('',*,*,#8563,.F.);
#8563 = EDGE_CURVE('',#8564,#8541,#8566,.T.);
#8564 = VERTEX_POINT('',#8565);
#8565 = CARTESIAN_POINT('',(-13.47226290587,4.33979817445,
    25.221605084184));
#8566 = SURFACE_CURVE('',#8567,(#8571,#8579),.PCURVE_S1.);
#8567 = ( BOUNDED_CURVE() B_SPLINE_CURVE(2,(#8568,#8569,#8570),
.UNSPECIFIED.,.F.,.F.) B_SPLINE_CURVE_WITH_KNOTS((3,3),(3.144119493737,
3.39640104805),.PIECEWISE_BEZIER_KNOTS.) CURVE() 
GEOMETRIC_REPRESENTATION_ITEM() RATIONAL_B_SPLINE_CURVE((1.,
0.992054795563,1.)) REPRESENTATION_ITEM('') );
#8568 = CARTESIAN_POINT('',(-13.47226290587,4.33979817445,
    25.221605084184));
#8569 = CARTESIAN_POINT('',(-14.0226104723,2.631325382297,
    25.221605084184));
#8570 = CARTESIAN_POINT('',(-14.12907840124,0.839559129266,
    25.221605084184));
#8571 = PCURVE('',#8216,#8572);
#8572 = DEFINITIONAL_REPRESENTATION('',(#8573),#8578);
#8573 = B_SPLINE_CURVE_WITH_KNOTS('',3,(#8574,#8575,#8576,#8577),
  .UNSPECIFIED.,.F.,.F.,(4,4),(3.144119493737,3.39640104805),
  .PIECEWISE_BEZIER_KNOTS.);
#8574 = CARTESIAN_POINT('',(5.955539457473,3.469565562665E-18));
#8575 = CARTESIAN_POINT('',(6.039689444355,-6.472184556198E-18));
#8576 = CARTESIAN_POINT('',(6.127057617179,7.826189271209E-18));
#8577 = CARTESIAN_POINT('',(6.218044648382,-1.963957358842E-20));
#8578 = ( GEOMETRIC_REPRESENTATION_CONTEXT(2) 
PARAMETRIC_REPRESENTATION_CONTEXT() REPRESENTATION_CONTEXT('2D SPACE',''
  ) );
#8579 = PCURVE('',#7592,#8580);
#8580 = DEFINITIONAL_REPRESENTATION('',(#8581),#8585);
#8581 = ( BOUNDED_CURVE() B_SPLINE_CURVE(2,(#8582,#8583,#8584),
.UNSPECIFIED.,.F.,.F.) B_SPLINE_CURVE_WITH_KNOTS((3,3),(3.144119493737,
3.39640104805),.PIECEWISE_BEZIER_KNOTS.) CURVE() 
GEOMETRIC_REPRESENTATION_ITEM() RATIONAL_B_SPLINE_CURVE((1.,
0.992054795563,1.)) REPRESENTATION_ITEM('') );
#8582 = CARTESIAN_POINT('',(4.544236094062E-03,-2.383451903911E-03));
#8583 = CARTESIAN_POINT('',(4.548771581989E-03,-5.885309711837E-04));
#8584 = CARTESIAN_POINT('',(5.001200786526E-03,1.148440398838E-03));
#8585 = ( GEOMETRIC_REPRESENTATION_CONTEXT(2) 
PARAMETRIC_REPRESENTATION_CONTEXT() REPRESENTATION_CONTEXT('2D SPACE',''
  ) );
#8586 = ORIENTED_EDGE('',*,*,#8587,.F.);
#8587 = EDGE_CURVE('',#8588,#8564,#8590,.T.);
#8588 = VERTEX_POINT('',#8589);
#8589 = CARTESIAN_POINT('',(-13.17811404402,5.164593521544,
    25.221605084184));
#8590 = SURFACE_CURVE('',#8591,(#8595,#8602),.PCURVE_S1.);
#8591 = ( BOUNDED_CURVE() B_SPLINE_CURVE(2,(#8592,#8593,#8594),
.UNSPECIFIED.,.F.,.F.) B_SPLINE_CURVE_WITH_KNOTS((3,3),(5.909675170922,
5.971552881968),.PIECEWISE_BEZIER_KNOTS.) CURVE() 
GEOMETRIC_REPRESENTATION_ITEM() RATIONAL_B_SPLINE_CURVE((1.,
0.999521431786,1.)) REPRESENTATION_ITEM('') );
#8592 = CARTESIAN_POINT('',(-13.17811404402,5.164593521544,
    25.221605084184));
#8593 = CARTESIAN_POINT('',(-13.3379516596,4.756747614996,
    25.221605084184));
#8594 = CARTESIAN_POINT('',(-13.47226290587,4.33979817445,
    25.221605084184));
#8595 = PCURVE('',#8216,#8596);
#8596 = DEFINITIONAL_REPRESENTATION('',(#8597),#8601);
#8597 = B_SPLINE_CURVE_WITH_KNOTS('',2,(#8598,#8599,#8600),
  .UNSPECIFIED.,.F.,.F.,(3,3),(5.909675170922,5.971552881968),
  .PIECEWISE_BEZIER_KNOTS.);
#8598 = CARTESIAN_POINT('',(5.893897445468,-2.934345033768E-20));
#8599 = CARTESIAN_POINT('',(5.924503782164,3.921692209859E-19));
#8600 = CARTESIAN_POINT('',(5.955539457473,3.469565562665E-18));
#8601 = ( GEOMETRIC_REPRESENTATION_CONTEXT(2) 
PARAMETRIC_REPRESENTATION_CONTEXT() REPRESENTATION_CONTEXT('2D SPACE',''
  ) );
#8602 = PCURVE('',#7620,#8603);
#8603 = DEFINITIONAL_REPRESENTATION('',(#8604),#8608);
#8604 = ( BOUNDED_CURVE() B_SPLINE_CURVE(2,(#8605,#8606,#8607),
.UNSPECIFIED.,.F.,.F.) B_SPLINE_CURVE_WITH_KNOTS((3,3),(5.909675170922,
5.971552881968),.PIECEWISE_BEZIER_KNOTS.) CURVE() 
GEOMETRIC_REPRESENTATION_ITEM() RATIONAL_B_SPLINE_CURVE((1.,
0.999521431786,1.)) REPRESENTATION_ITEM('') );
#8605 = CARTESIAN_POINT('',(-1.317811404402E-02,5.164593521544E-03));
#8606 = CARTESIAN_POINT('',(-1.333795165961E-02,4.756747614996E-03));
#8607 = CARTESIAN_POINT('',(-1.347226290588E-02,4.33979817445E-03));
#8608 = ( GEOMETRIC_REPRESENTATION_CONTEXT(2) 
PARAMETRIC_REPRESENTATION_CONTEXT() REPRESENTATION_CONTEXT('2D SPACE',''
  ) );
#8609 = ORIENTED_EDGE('',*,*,#8610,.F.);
#8610 = EDGE_CURVE('',#8611,#8588,#8613,.T.);
#8611 = VERTEX_POINT('',#8612);
#8612 = CARTESIAN_POINT('',(-11.47181203781,8.290551523819,
    25.221605084184));
#8613 = SURFACE_CURVE('',#8614,(#8618,#8625),.PCURVE_S1.);
#8614 = ( BOUNDED_CURVE() B_SPLINE_CURVE(2,(#8615,#8616,#8617),
.UNSPECIFIED.,.F.,.F.) B_SPLINE_CURVE_WITH_KNOTS((3,3),(3.144119493737,
3.39640104805),.PIECEWISE_BEZIER_KNOTS.) CURVE() 
GEOMETRIC_REPRESENTATION_ITEM() RATIONAL_B_SPLINE_CURVE((1.,
0.992054795563,1.)) REPRESENTATION_ITEM('') );
#8615 = CARTESIAN_POINT('',(-11.47181203781,8.290551523819,
    25.221605084184));
#8616 = CARTESIAN_POINT('',(-12.52317080429,6.835764092768,
    25.221605084184));
#8617 = CARTESIAN_POINT('',(-13.17811404402,5.164593521544,
    25.221605084184));
#8618 = PCURVE('',#8216,#8619);
#8619 = DEFINITIONAL_REPRESENTATION('',(#8620),#8624);
#8620 = B_SPLINE_CURVE_WITH_KNOTS('',2,(#8621,#8622,#8623),
  .UNSPECIFIED.,.F.,.F.,(3,3),(3.144119493737,3.39640104805),
  .PIECEWISE_BEZIER_KNOTS.);
#8621 = CARTESIAN_POINT('',(5.649425611268,3.46689325334E-18));
#8622 = CARTESIAN_POINT('',(5.76944047526,-1.463598699675E-18));
#8623 = CARTESIAN_POINT('',(5.893897445468,-1.949358768852E-20));
#8624 = ( GEOMETRIC_REPRESENTATION_CONTEXT(2) 
PARAMETRIC_REPRESENTATION_CONTEXT() REPRESENTATION_CONTEXT('2D SPACE',''
  ) );
#8625 = PCURVE('',#7649,#8626);
#8626 = DEFINITIONAL_REPRESENTATION('',(#8627),#8631);
#8627 = ( BOUNDED_CURVE() B_SPLINE_CURVE(2,(#8628,#8629,#8630),
.UNSPECIFIED.,.F.,.F.) B_SPLINE_CURVE_WITH_KNOTS((3,3),(3.144119493737,
3.39640104805),.PIECEWISE_BEZIER_KNOTS.) CURVE() 
GEOMETRIC_REPRESENTATION_ITEM() RATIONAL_B_SPLINE_CURVE((1.,
0.992054795563,1.)) REPRESENTATION_ITEM('') );
#8628 = CARTESIAN_POINT('',(4.544236094062E-03,-2.383451903911E-03));
#8629 = CARTESIAN_POINT('',(4.548771581989E-03,-5.885309711837E-04));
#8630 = CARTESIAN_POINT('',(5.001200786526E-03,1.148440398838E-03));
#8631 = ( GEOMETRIC_REPRESENTATION_CONTEXT(2) 
PARAMETRIC_REPRESENTATION_CONTEXT() REPRESENTATION_CONTEXT('2D SPACE',''
  ) );
#8632 = ORIENTED_EDGE('',*,*,#8633,.F.);
#8633 = EDGE_CURVE('',#8634,#8611,#8636,.T.);
#8634 = VERTEX_POINT('',#8635);
#8635 = CARTESIAN_POINT('',(-10.93718406685,8.984081516094,
    25.221605084184));
#8636 = SURFACE_CURVE('',#8637,(#8641,#8648),.PCURVE_S1.);
#8637 = ( BOUNDED_CURVE() B_SPLINE_CURVE(2,(#8638,#8639,#8640),
.UNSPECIFIED.,.F.,.F.) B_SPLINE_CURVE_WITH_KNOTS((3,3),(5.595515905563,
5.657393616609),.PIECEWISE_BEZIER_KNOTS.) CURVE() 
GEOMETRIC_REPRESENTATION_ITEM() RATIONAL_B_SPLINE_CURVE((1.,
0.999521431786,1.)) REPRESENTATION_ITEM('') );
#8638 = CARTESIAN_POINT('',(-10.93718406685,8.984081516094,
    25.221605084184));
#8639 = CARTESIAN_POINT('',(-11.21522998891,8.645589548584,
    25.221605084184));
#8640 = CARTESIAN_POINT('',(-11.47181203781,8.290551523819,
    25.221605084184));
#8641 = PCURVE('',#8216,#8642);
#8642 = DEFINITIONAL_REPRESENTATION('',(#8643),#8647);
#8643 = B_SPLINE_CURVE_WITH_KNOTS('',2,(#8644,#8645,#8646),
  .UNSPECIFIED.,.F.,.F.,(3,3),(5.595515905563,5.657393616609),
  .PIECEWISE_BEZIER_KNOTS.);
#8644 = CARTESIAN_POINT('',(5.590513633445,-3.228491270662E-21));
#8645 = CARTESIAN_POINT('',(5.619910907016,-2.249958599477E-18));
#8646 = CARTESIAN_POINT('',(5.649425611268,3.46689325334E-18));
#8647 = ( GEOMETRIC_REPRESENTATION_CONTEXT(2) 
PARAMETRIC_REPRESENTATION_CONTEXT() REPRESENTATION_CONTEXT('2D SPACE',''
  ) );
#8648 = PCURVE('',#7677,#8649);
#8649 = DEFINITIONAL_REPRESENTATION('',(#8650),#8654);
#8650 = ( BOUNDED_CURVE() B_SPLINE_CURVE(2,(#8651,#8652,#8653),
.UNSPECIFIED.,.F.,.F.) B_SPLINE_CURVE_WITH_KNOTS((3,3),(5.595515905563,
5.657393616609),.PIECEWISE_BEZIER_KNOTS.) CURVE() 
GEOMETRIC_REPRESENTATION_ITEM() RATIONAL_B_SPLINE_CURVE((1.,
0.999521431786,1.)) REPRESENTATION_ITEM('') );
#8651 = CARTESIAN_POINT('',(-1.093718406685E-02,8.984081516094E-03));
#8652 = CARTESIAN_POINT('',(-1.121522998892E-02,8.645589548584E-03));
#8653 = CARTESIAN_POINT('',(-1.147181203781E-02,8.290551523819E-03));
#8654 = ( GEOMETRIC_REPRESENTATION_CONTEXT(2) 
PARAMETRIC_REPRESENTATION_CONTEXT() REPRESENTATION_CONTEXT('2D SPACE',''
  ) );
#8655 = ORIENTED_EDGE('',*,*,#8656,.F.);
#8656 = EDGE_CURVE('',#8657,#8634,#8659,.T.);
#8657 = VERTEX_POINT('',#8658);
#8658 = CARTESIAN_POINT('',(-8.348420278673,11.429767926368,
    25.221605084184));
#8659 = SURFACE_CURVE('',#8660,(#8664,#8671),.PCURVE_S1.);
#8660 = ( BOUNDED_CURVE() B_SPLINE_CURVE(2,(#8661,#8662,#8663),
.UNSPECIFIED.,.F.,.F.) B_SPLINE_CURVE_WITH_KNOTS((3,3),(3.144119493737,
3.39640104805),.PIECEWISE_BEZIER_KNOTS.) CURVE() 
GEOMETRIC_REPRESENTATION_ITEM() RATIONAL_B_SPLINE_CURVE((1.,
0.992054795563,1.)) REPRESENTATION_ITEM('') );
#8661 = CARTESIAN_POINT('',(-8.348420278673,11.429767926368,
    25.221605084184));
#8662 = CARTESIAN_POINT('',(-9.797875923894,10.371070586269,
    25.221605084184));
#8663 = CARTESIAN_POINT('',(-10.93718406685,8.984081516094,
    25.221605084184));
#8664 = PCURVE('',#8216,#8665);
#8665 = DEFINITIONAL_REPRESENTATION('',(#8666),#8670);
#8666 = B_SPLINE_CURVE_WITH_KNOTS('',2,(#8667,#8668,#8669),
  .UNSPECIFIED.,.F.,.F.,(3,3),(3.144119493737,3.39640104805),
  .PIECEWISE_BEZIER_KNOTS.);
#8667 = CARTESIAN_POINT('',(5.350969544693,-7.459024563191E-21));
#8668 = CARTESIAN_POINT('',(5.470956514936,4.602136644947E-18));
#8669 = CARTESIAN_POINT('',(5.590513633445,3.468640079699E-18));
#8670 = ( GEOMETRIC_REPRESENTATION_CONTEXT(2) 
PARAMETRIC_REPRESENTATION_CONTEXT() REPRESENTATION_CONTEXT('2D SPACE',''
  ) );
#8671 = PCURVE('',#7705,#8672);
#8672 = DEFINITIONAL_REPRESENTATION('',(#8673),#8677);
#8673 = ( BOUNDED_CURVE() B_SPLINE_CURVE(2,(#8674,#8675,#8676),
.UNSPECIFIED.,.F.,.F.) B_SPLINE_CURVE_WITH_KNOTS((3,3),(3.144119493737,
3.39640104805),.PIECEWISE_BEZIER_KNOTS.) CURVE() 
GEOMETRIC_REPRESENTATION_ITEM() RATIONAL_B_SPLINE_CURVE((1.,
0.992054795563,1.)) REPRESENTATION_ITEM('') );
#8674 = CARTESIAN_POINT('',(4.544236094062E-03,-2.383451903911E-03));
#8675 = CARTESIAN_POINT('',(4.548771581989E-03,-5.885309711837E-04));
#8676 = CARTESIAN_POINT('',(5.001200786526E-03,1.148440398838E-03));
#8677 = ( GEOMETRIC_REPRESENTATION_CONTEXT(2) 
PARAMETRIC_REPRESENTATION_CONTEXT() REPRESENTATION_CONTEXT('2D SPACE',''
  ) );
#8678 = ORIENTED_EDGE('',*,*,#8679,.F.);
#8679 = EDGE_CURVE('',#8680,#8657,#8682,.T.);
#8680 = VERTEX_POINT('',#8681);
#8681 = CARTESIAN_POINT('',(-7.625646309376,11.924145016072,
    25.221605084184));
#8682 = SURFACE_CURVE('',#8683,(#8687,#8694),.PCURVE_S1.);
#8683 = ( BOUNDED_CURVE() B_SPLINE_CURVE(2,(#8684,#8685,#8686),
.UNSPECIFIED.,.F.,.F.) B_SPLINE_CURVE_WITH_KNOTS((3,3),(5.281356640204,
5.34323435125),.PIECEWISE_BEZIER_KNOTS.) CURVE() 
GEOMETRIC_REPRESENTATION_ITEM() RATIONAL_B_SPLINE_CURVE((1.,
0.999521431786,1.)) REPRESENTATION_ITEM('') );
#8684 = CARTESIAN_POINT('',(-7.625646309376,11.924145016072,
    25.221605084184));
#8685 = CARTESIAN_POINT('',(-7.994683465804,11.688140939792,
    25.221605084184));
#8686 = CARTESIAN_POINT('',(-8.348420278673,11.429767926368,
    25.221605084184));
#8687 = PCURVE('',#8216,#8688);
#8688 = DEFINITIONAL_REPRESENTATION('',(#8689),#8693);
#8689 = B_SPLINE_CURVE_WITH_KNOTS('',2,(#8690,#8691,#8692),
  .UNSPECIFIED.,.F.,.F.,(3,3),(5.281356640204,5.34323435125),
  .PIECEWISE_BEZIER_KNOTS.);
#8690 = CARTESIAN_POINT('',(5.291793432107,3.462775729403E-18));
#8691 = CARTESIAN_POINT('',(5.32146664094,7.00985236247E-19));
#8692 = CARTESIAN_POINT('',(5.350969544693,3.461987927386E-18));
#8693 = ( GEOMETRIC_REPRESENTATION_CONTEXT(2) 
PARAMETRIC_REPRESENTATION_CONTEXT() REPRESENTATION_CONTEXT('2D SPACE',''
  ) );
#8694 = PCURVE('',#7733,#8695);
#8695 = DEFINITIONAL_REPRESENTATION('',(#8696),#8700);
#8696 = ( BOUNDED_CURVE() B_SPLINE_CURVE(2,(#8697,#8698,#8699),
.UNSPECIFIED.,.F.,.F.) B_SPLINE_CURVE_WITH_KNOTS((3,3),(5.281356640204,
5.34323435125),.PIECEWISE_BEZIER_KNOTS.) CURVE() 
GEOMETRIC_REPRESENTATION_ITEM() RATIONAL_B_SPLINE_CURVE((1.,
0.999521431786,1.)) REPRESENTATION_ITEM('') );
#8697 = CARTESIAN_POINT('',(-7.625646309376E-03,1.192414501607E-02));
#8698 = CARTESIAN_POINT('',(-7.994683465804E-03,1.168814093979E-02));
#8699 = CARTESIAN_POINT('',(-8.348420278673E-03,1.142976792637E-02));
#8700 = ( GEOMETRIC_REPRESENTATION_CONTEXT(2) 
PARAMETRIC_REPRESENTATION_CONTEXT() REPRESENTATION_CONTEXT('2D SPACE',''
  ) );
#8701 = ORIENTED_EDGE('',*,*,#8702,.F.);
#8702 = EDGE_CURVE('',#8703,#8680,#8705,.T.);
#8703 = VERTEX_POINT('',#8704);
#8704 = CARTESIAN_POINT('',(-4.407826975794,13.450159008408,
    25.221605084184));
#8705 = SURFACE_CURVE('',#8706,(#8710,#8718),.PCURVE_S1.);
#8706 = ( BOUNDED_CURVE() B_SPLINE_CURVE(2,(#8707,#8708,#8709),
.UNSPECIFIED.,.F.,.F.) B_SPLINE_CURVE_WITH_KNOTS((3,3),(3.144119493737,
3.39640104805),.PIECEWISE_BEZIER_KNOTS.) CURVE() 
GEOMETRIC_REPRESENTATION_ITEM() RATIONAL_B_SPLINE_CURVE((1.,
0.992054795563,1.)) REPRESENTATION_ITEM('') );
#8707 = CARTESIAN_POINT('',(-4.407826975794,13.450159008408,
    25.221605084184));
#8708 = CARTESIAN_POINT('',(-6.113496682251,12.891184431289,
    25.221605084184));
#8709 = CARTESIAN_POINT('',(-7.625646309376,11.924145016072,
    25.221605084184));
#8710 = PCURVE('',#8216,#8711);
#8711 = DEFINITIONAL_REPRESENTATION('',(#8712),#8717);
#8712 = B_SPLINE_CURVE_WITH_KNOTS('',3,(#8713,#8714,#8715,#8716),
  .UNSPECIFIED.,.F.,.F.,(4,4),(3.144119493737,3.39640104805),
  .PIECEWISE_BEZIER_KNOTS.);
#8713 = CARTESIAN_POINT('',(5.045102176273,3.450022948345E-18));
#8714 = CARTESIAN_POINT('',(5.129148906679,2.853892315115E-18));
#8715 = CARTESIAN_POINT('',(5.211340068647,-8.286245864929E-18));
#8716 = CARTESIAN_POINT('',(5.291793432107,3.462782047803E-18));
#8717 = ( GEOMETRIC_REPRESENTATION_CONTEXT(2) 
PARAMETRIC_REPRESENTATION_CONTEXT() REPRESENTATION_CONTEXT('2D SPACE',''
  ) );
#8718 = PCURVE('',#7762,#8719);
#8719 = DEFINITIONAL_REPRESENTATION('',(#8720),#8724);
#8720 = ( BOUNDED_CURVE() B_SPLINE_CURVE(2,(#8721,#8722,#8723),
.UNSPECIFIED.,.F.,.F.) B_SPLINE_CURVE_WITH_KNOTS((3,3),(3.144119493737,
3.39640104805),.PIECEWISE_BEZIER_KNOTS.) CURVE() 
GEOMETRIC_REPRESENTATION_ITEM() RATIONAL_B_SPLINE_CURVE((1.,
0.992054795563,1.)) REPRESENTATION_ITEM('') );
#8721 = CARTESIAN_POINT('',(4.544236094062E-03,-2.383451903911E-03));
#8722 = CARTESIAN_POINT('',(4.548771581989E-03,-5.885309711837E-04));
#8723 = CARTESIAN_POINT('',(5.001200786526E-03,1.148440398838E-03));
#8724 = ( GEOMETRIC_REPRESENTATION_CONTEXT(2) 
PARAMETRIC_REPRESENTATION_CONTEXT() REPRESENTATION_CONTEXT('2D SPACE',''
  ) );
#8725 = ORIENTED_EDGE('',*,*,#8726,.F.);
#8726 = EDGE_CURVE('',#8727,#8703,#8729,.T.);
#8727 = VERTEX_POINT('',#8728);
#8728 = CARTESIAN_POINT('',(-3.567657160136,13.696990121473,
    25.221605084184));
#8729 = SURFACE_CURVE('',#8730,(#8734,#8741),.PCURVE_S1.);
#8730 = ( BOUNDED_CURVE() B_SPLINE_CURVE(2,(#8731,#8732,#8733),
.UNSPECIFIED.,.F.,.F.) B_SPLINE_CURVE_WITH_KNOTS((3,3),(4.967197374845,
5.029075085891),.PIECEWISE_BEZIER_KNOTS.) CURVE() 
GEOMETRIC_REPRESENTATION_ITEM() RATIONAL_B_SPLINE_CURVE((1.,
0.999521431786,1.)) REPRESENTATION_ITEM('') );
#8731 = CARTESIAN_POINT('',(-3.567657160136,13.696990121473,
    25.221605084184));
#8732 = CARTESIAN_POINT('',(-3.991561622824,13.586575659747,
    25.221605084184));
#8733 = CARTESIAN_POINT('',(-4.407826975793,13.450159008408,
    25.221605084184));
#8734 = PCURVE('',#8216,#8735);
#8735 = DEFINITIONAL_REPRESENTATION('',(#8736),#8740);
#8736 = B_SPLINE_CURVE_WITH_KNOTS('',2,(#8737,#8738,#8739),
  .UNSPECIFIED.,.F.,.F.,(3,3),(4.967197374845,5.029075085891),
  .PIECEWISE_BEZIER_KNOTS.);
#8737 = CARTESIAN_POINT('',(4.98261319016,3.413718222927E-18));
#8738 = CARTESIAN_POINT('',(5.014104355001,-9.49173183759E-18));
#8739 = CARTESIAN_POINT('',(5.045102176273,6.919469896245E-18));
#8740 = ( GEOMETRIC_REPRESENTATION_CONTEXT(2) 
PARAMETRIC_REPRESENTATION_CONTEXT() REPRESENTATION_CONTEXT('2D SPACE',''
  ) );
#8741 = PCURVE('',#7790,#8742);
#8742 = DEFINITIONAL_REPRESENTATION('',(#8743),#8747);
#8743 = ( BOUNDED_CURVE() B_SPLINE_CURVE(2,(#8744,#8745,#8746),
.UNSPECIFIED.,.F.,.F.) B_SPLINE_CURVE_WITH_KNOTS((3,3),(4.967197374845,
5.029075085891),.PIECEWISE_BEZIER_KNOTS.) CURVE() 
GEOMETRIC_REPRESENTATION_ITEM() RATIONAL_B_SPLINE_CURVE((1.,
0.999521431786,1.)) REPRESENTATION_ITEM('') );
#8744 = CARTESIAN_POINT('',(-3.567657160136E-03,1.369699012147E-02));
#8745 = CARTESIAN_POINT('',(-3.991561622824E-03,1.358657565975E-02));
#8746 = CARTESIAN_POINT('',(-4.407826975793E-03,1.345015900841E-02));
#8747 = ( GEOMETRIC_REPRESENTATION_CONTEXT(2) 
PARAMETRIC_REPRESENTATION_CONTEXT() REPRESENTATION_CONTEXT('2D SPACE',''
  ) );
#8748 = ORIENTED_EDGE('',*,*,#8749,.F.);
#8749 = EDGE_CURVE('',#8750,#8727,#8752,.T.);
#8750 = VERTEX_POINT('',#8751);
#8751 = CARTESIAN_POINT('',(-3.576485738651E-02,14.153954813937,
    25.221605084184));
#8752 = SURFACE_CURVE('',#8753,(#8757,#8765),.PCURVE_S1.);
#8753 = ( BOUNDED_CURVE() B_SPLINE_CURVE(2,(#8754,#8755,#8756),
.UNSPECIFIED.,.F.,.F.) B_SPLINE_CURVE_WITH_KNOTS((3,3),(3.144119493737,
3.39640104805),.PIECEWISE_BEZIER_KNOTS.) CURVE() 
GEOMETRIC_REPRESENTATION_ITEM() RATIONAL_B_SPLINE_CURVE((1.,
0.992054795563,1.)) REPRESENTATION_ITEM('') );
#8754 = CARTESIAN_POINT('',(-3.576485738651E-02,14.153954813937,
    25.221605084184));
#8755 = CARTESIAN_POINT('',(-1.830685790114,14.14941932601,
    25.221605084184));
#8756 = CARTESIAN_POINT('',(-3.567657160136,13.696990121473,
    25.221605084184));
#8757 = PCURVE('',#8216,#8758);
#8758 = DEFINITIONAL_REPRESENTATION('',(#8759),#8764);
#8759 = B_SPLINE_CURVE_WITH_KNOTS('',3,(#8760,#8761,#8762,#8763),
  .UNSPECIFIED.,.F.,.F.,(4,4),(3.144119493737,3.39640104805),
  .PIECEWISE_BEZIER_KNOTS.);
#8760 = CARTESIAN_POINT('',(4.715194127616,-6.152330586702E-22));
#8761 = CARTESIAN_POINT('',(4.808252662188,9.836779075091E-18));
#8762 = CARTESIAN_POINT('',(4.897227243853,5.562260554979E-19));
#8763 = CARTESIAN_POINT('',(4.98261319016,3.450950298644E-18));
#8764 = ( GEOMETRIC_REPRESENTATION_CONTEXT(2) 
PARAMETRIC_REPRESENTATION_CONTEXT() REPRESENTATION_CONTEXT('2D SPACE',''
  ) );
#8765 = PCURVE('',#7817,#8766);
#8766 = DEFINITIONAL_REPRESENTATION('',(#8767),#8771);
#8767 = ( BOUNDED_CURVE() B_SPLINE_CURVE(2,(#8768,#8769,#8770),
.UNSPECIFIED.,.F.,.F.) B_SPLINE_CURVE_WITH_KNOTS((3,3),(3.144119493737,
3.39640104805),.PIECEWISE_BEZIER_KNOTS.) CURVE() 
GEOMETRIC_REPRESENTATION_ITEM() RATIONAL_B_SPLINE_CURVE((1.,
0.992054795563,1.)) REPRESENTATION_ITEM('') );
#8768 = CARTESIAN_POINT('',(-3.576485738651E-05,1.415395481394E-02));
#8769 = CARTESIAN_POINT('',(-1.830685790114E-03,1.414941932601E-02));
#8770 = CARTESIAN_POINT('',(-3.567657160136E-03,1.369699012147E-02));
#8771 = ( GEOMETRIC_REPRESENTATION_CONTEXT(2) 
PARAMETRIC_REPRESENTATION_CONTEXT() REPRESENTATION_CONTEXT('2D SPACE',''
  ) );
#8772 = ORIENTED_EDGE('',*,*,#8773,.F.);
#8773 = EDGE_CURVE('',#8202,#8750,#8774,.T.);
#8774 = SURFACE_CURVE('',#8775,(#8779,#8786),.PCURVE_S1.);
#8775 = ( BOUNDED_CURVE() B_SPLINE_CURVE(2,(#8776,#8777,#8778),
.UNSPECIFIED.,.F.,.F.) B_SPLINE_CURVE_WITH_KNOTS((3,3),(4.712388980385,
4.714915820532),.PIECEWISE_BEZIER_KNOTS.) CURVE() 
GEOMETRIC_REPRESENTATION_ITEM() RATIONAL_B_SPLINE_CURVE((1.,
0.999999201885,1.)) REPRESENTATION_ITEM('') );
#8776 = CARTESIAN_POINT('',(2.60004761927E-15,14.154,25.221605084184));
#8777 = CARTESIAN_POINT('',(-1.788245723776E-02,14.154,25.221605084184)
  );
#8778 = CARTESIAN_POINT('',(-3.576485738651E-02,14.153954813937,
    25.221605084184));
#8779 = PCURVE('',#8216,#8780);
#8780 = DEFINITIONAL_REPRESENTATION('',(#8781),#8785);
#8781 = B_SPLINE_CURVE_WITH_KNOTS('',2,(#8782,#8783,#8784),
  .UNSPECIFIED.,.F.,.F.,(3,3),(4.712388980385,4.714915820532),
  .PIECEWISE_BEZIER_KNOTS.);
#8782 = CARTESIAN_POINT('',(4.712388980385,0.));
#8783 = CARTESIAN_POINT('',(4.713792286692,-2.619394000252E-18));
#8784 = CARTESIAN_POINT('',(4.715194127616,3.468831671093E-18));
#8785 = ( GEOMETRIC_REPRESENTATION_CONTEXT(2) 
PARAMETRIC_REPRESENTATION_CONTEXT() REPRESENTATION_CONTEXT('2D SPACE',''
  ) );
#8786 = PCURVE('',#6894,#8787);
#8787 = DEFINITIONAL_REPRESENTATION('',(#8788),#8792);
#8788 = ( BOUNDED_CURVE() B_SPLINE_CURVE(2,(#8789,#8790,#8791),
.UNSPECIFIED.,.F.,.F.) B_SPLINE_CURVE_WITH_KNOTS((3,3),(4.712388980385,
4.714915820532),.PIECEWISE_BEZIER_KNOTS.) CURVE() 
GEOMETRIC_REPRESENTATION_ITEM() RATIONAL_B_SPLINE_CURVE((1.,
0.999999201885,1.)) REPRESENTATION_ITEM('') );
#8789 = CARTESIAN_POINT('',(2.221100275471E-18,1.4154E-02));
#8790 = CARTESIAN_POINT('',(-1.788245723776E-05,1.4154E-02));
#8791 = CARTESIAN_POINT('',(-3.576485738651E-05,1.415395481394E-02));
#8792 = ( GEOMETRIC_REPRESENTATION_CONTEXT(2) 
PARAMETRIC_REPRESENTATION_CONTEXT() REPRESENTATION_CONTEXT('2D SPACE',''
  ) );
#8793 = ADVANCED_FACE('',(#8794),#8526,.T.);
#8794 = FACE_BOUND('',#8795,.T.);
#8795 = EDGE_LOOP('',(#8796,#8797,#8820,#8842,#8865,#8889,#8912,#8935,
    #8958,#8981,#9004,#9028,#9051,#9075));
#8796 = ORIENTED_EDGE('',*,*,#8511,.T.);
#8797 = ORIENTED_EDGE('',*,*,#8798,.T.);
#8798 = EDGE_CURVE('',#8489,#8799,#8801,.T.);
#8799 = VERTEX_POINT('',#8800);
#8800 = CARTESIAN_POINT('',(0.,-14.154,26.27322065986));
#8801 = SURFACE_CURVE('',#8802,(#8806,#8813),.PCURVE_S1.);
#8802 = ( BOUNDED_CURVE() B_SPLINE_CURVE(2,(#8803,#8804,#8805),
.UNSPECIFIED.,.F.,.F.) B_SPLINE_CURVE_WITH_KNOTS((3,3),(0.,
1.570796326795),.PIECEWISE_BEZIER_KNOTS.) CURVE() 
GEOMETRIC_REPRESENTATION_ITEM() RATIONAL_B_SPLINE_CURVE((1.,
0.707106781187,1.)) REPRESENTATION_ITEM('') );
#8803 = CARTESIAN_POINT('',(-14.154,0.,26.27322065986));
#8804 = CARTESIAN_POINT('',(-14.154,-14.154,26.27322065986));
#8805 = CARTESIAN_POINT('',(-8.666825397566E-16,-14.154,26.27322065986)
  );
#8806 = PCURVE('',#8526,#8807);
#8807 = DEFINITIONAL_REPRESENTATION('',(#8808),#8812);
#8808 = B_SPLINE_CURVE_WITH_KNOTS('',2,(#8809,#8810,#8811),
  .UNSPECIFIED.,.F.,.F.,(3,3),(0.,1.570796326795),
  .PIECEWISE_BEZIER_KNOTS.);
#8809 = CARTESIAN_POINT('',(0.,-1.051615575676E-03));
#8810 = CARTESIAN_POINT('',(0.785398163397,-1.051615575676E-03));
#8811 = CARTESIAN_POINT('',(1.570796326795,-1.051615575676E-03));
#8812 = ( GEOMETRIC_REPRESENTATION_CONTEXT(2) 
PARAMETRIC_REPRESENTATION_CONTEXT() REPRESENTATION_CONTEXT('2D SPACE',''
  ) );
#8813 = PCURVE('',#6837,#8814);
#8814 = DEFINITIONAL_REPRESENTATION('',(#8815),#8819);
#8815 = ( BOUNDED_CURVE() B_SPLINE_CURVE(2,(#8816,#8817,#8818),
.UNSPECIFIED.,.F.,.F.) B_SPLINE_CURVE_WITH_KNOTS((3,3),(0.,
1.570796326795),.PIECEWISE_BEZIER_KNOTS.) CURVE() 
GEOMETRIC_REPRESENTATION_ITEM() RATIONAL_B_SPLINE_CURVE((1.,
0.707106781187,1.)) REPRESENTATION_ITEM('') );
#8816 = CARTESIAN_POINT('',(-1.4154E-02,6.859360814664E-19));
#8817 = CARTESIAN_POINT('',(-1.4154E-02,-1.4154E-02));
#8818 = CARTESIAN_POINT('',(-1.245629883555E-18,-1.4154E-02));
#8819 = ( GEOMETRIC_REPRESENTATION_CONTEXT(2) 
PARAMETRIC_REPRESENTATION_CONTEXT() REPRESENTATION_CONTEXT('2D SPACE',''
  ) );
#8820 = ORIENTED_EDGE('',*,*,#8821,.F.);
#8821 = EDGE_CURVE('',#8822,#8799,#8824,.T.);
#8822 = VERTEX_POINT('',#8823);
#8823 = CARTESIAN_POINT('',(0.,-14.154,25.221605084184));
#8824 = SURFACE_CURVE('',#8825,(#8828,#8835),.PCURVE_S1.);
#8825 = B_SPLINE_CURVE_WITH_KNOTS('',1,(#8826,#8827),.UNSPECIFIED.,.F.,
  .F.,(2,2),(0.,1.051615575676E-03),.PIECEWISE_BEZIER_KNOTS.);
#8826 = CARTESIAN_POINT('',(0.,-14.154,25.221605084184));
#8827 = CARTESIAN_POINT('',(0.,-14.154,26.27322065986));
#8828 = PCURVE('',#8526,#8829);
#8829 = DEFINITIONAL_REPRESENTATION('',(#8830),#8834);
#8830 = B_SPLINE_CURVE_WITH_KNOTS('',2,(#8831,#8832,#8833),
  .UNSPECIFIED.,.F.,.F.,(3,3),(0.,1.051615575676E-03),
  .PIECEWISE_BEZIER_KNOTS.);
#8831 = CARTESIAN_POINT('',(1.570796326795,0.));
#8832 = CARTESIAN_POINT('',(1.570796326795,-5.258077878381E-04));
#8833 = CARTESIAN_POINT('',(1.570796326795,-1.051615575676E-03));
#8834 = ( GEOMETRIC_REPRESENTATION_CONTEXT(2) 
PARAMETRIC_REPRESENTATION_CONTEXT() REPRESENTATION_CONTEXT('2D SPACE',''
  ) );
#8835 = PCURVE('',#8164,#8836);
#8836 = DEFINITIONAL_REPRESENTATION('',(#8837),#8841);
#8837 = B_SPLINE_CURVE_WITH_KNOTS('',2,(#8838,#8839,#8840),
  .UNSPECIFIED.,.F.,.F.,(3,3),(0.,1.051615575676E-03),
  .PIECEWISE_BEZIER_KNOTS.);
#8838 = CARTESIAN_POINT('',(1.570796326795,0.));
#8839 = CARTESIAN_POINT('',(1.570796326795,-5.258077878381E-04));
#8840 = CARTESIAN_POINT('',(1.570796326795,-1.051615575676E-03));
#8841 = ( GEOMETRIC_REPRESENTATION_CONTEXT(2) 
PARAMETRIC_REPRESENTATION_CONTEXT() REPRESENTATION_CONTEXT('2D SPACE',''
  ) );
#8842 = ORIENTED_EDGE('',*,*,#8843,.F.);
#8843 = EDGE_CURVE('',#8844,#8822,#8846,.T.);
#8844 = VERTEX_POINT('',#8845);
#8845 = CARTESIAN_POINT('',(-0.839559129266,-14.12907840124,
    25.221605084184));
#8846 = SURFACE_CURVE('',#8847,(#8851,#8858),.PCURVE_S1.);
#8847 = ( BOUNDED_CURVE() B_SPLINE_CURVE(2,(#8848,#8849,#8850),
.UNSPECIFIED.,.F.,.F.) B_SPLINE_CURVE_WITH_KNOTS((3,3),(1.511445455897,
1.570796326795),.PIECEWISE_BEZIER_KNOTS.) CURVE() 
GEOMETRIC_REPRESENTATION_ITEM() RATIONAL_B_SPLINE_CURVE((1.,
0.999559716577,1.)) REPRESENTATION_ITEM('') );
#8848 = CARTESIAN_POINT('',(-0.839559129266,-14.12907840124,
    25.221605084184));
#8849 = CARTESIAN_POINT('',(-0.420149452866,-14.154,25.221605084184));
#8850 = CARTESIAN_POINT('',(-8.666825397566E-16,-14.154,25.221605084184)
  );
#8851 = PCURVE('',#8526,#8852);
#8852 = DEFINITIONAL_REPRESENTATION('',(#8853),#8857);
#8853 = B_SPLINE_CURVE_WITH_KNOTS('',2,(#8854,#8855,#8856),
  .UNSPECIFIED.,.F.,.F.,(3,3),(1.511445455897,1.570796326795),
  .PIECEWISE_BEZIER_KNOTS.);
#8854 = CARTESIAN_POINT('',(1.505655667997,3.462913850512E-18));
#8855 = CARTESIAN_POINT('',(1.537842313604,1.750886587788E-18));
#8856 = CARTESIAN_POINT('',(1.570796326795,0.));
#8857 = ( GEOMETRIC_REPRESENTATION_CONTEXT(2) 
PARAMETRIC_REPRESENTATION_CONTEXT() REPRESENTATION_CONTEXT('2D SPACE',''
  ) );
#8858 = PCURVE('',#7871,#8859);
#8859 = DEFINITIONAL_REPRESENTATION('',(#8860),#8864);
#8860 = ( BOUNDED_CURVE() B_SPLINE_CURVE(2,(#8861,#8862,#8863),
.UNSPECIFIED.,.F.,.F.) B_SPLINE_CURVE_WITH_KNOTS((3,3),(1.511445455897,
1.570796326795),.PIECEWISE_BEZIER_KNOTS.) CURVE() 
GEOMETRIC_REPRESENTATION_ITEM() RATIONAL_B_SPLINE_CURVE((1.,
0.999559716577,1.)) REPRESENTATION_ITEM('') );
#8861 = CARTESIAN_POINT('',(-8.395591292663E-04,-1.412907840124E-02));
#8862 = CARTESIAN_POINT('',(-4.201494528655E-04,-1.4154E-02));
#8863 = CARTESIAN_POINT('',(-1.245629883555E-18,-1.4154E-02));
#8864 = ( GEOMETRIC_REPRESENTATION_CONTEXT(2) 
PARAMETRIC_REPRESENTATION_CONTEXT() REPRESENTATION_CONTEXT('2D SPACE',''
  ) );
#8865 = ORIENTED_EDGE('',*,*,#8866,.F.);
#8866 = EDGE_CURVE('',#8867,#8844,#8869,.T.);
#8867 = VERTEX_POINT('',#8868);
#8868 = CARTESIAN_POINT('',(-4.33979817445,-13.47226290587,
    25.221605084184));
#8869 = SURFACE_CURVE('',#8870,(#8874,#8882),.PCURVE_S1.);
#8870 = ( BOUNDED_CURVE() B_SPLINE_CURVE(2,(#8871,#8872,#8873),
.UNSPECIFIED.,.F.,.F.) B_SPLINE_CURVE_WITH_KNOTS((3,3),(3.144119493737,
3.39640104805),.PIECEWISE_BEZIER_KNOTS.) CURVE() 
GEOMETRIC_REPRESENTATION_ITEM() RATIONAL_B_SPLINE_CURVE((1.,
0.992054795563,1.)) REPRESENTATION_ITEM('') );
#8871 = CARTESIAN_POINT('',(-4.33979817445,-13.47226290587,
    25.221605084184));
#8872 = CARTESIAN_POINT('',(-2.631325382297,-14.0226104723,
    25.221605084184));
#8873 = CARTESIAN_POINT('',(-0.839559129266,-14.12907840124,
    25.221605084184));
#8874 = PCURVE('',#8526,#8875);
#8875 = DEFINITIONAL_REPRESENTATION('',(#8876),#8881);
#8876 = B_SPLINE_CURVE_WITH_KNOTS('',3,(#8877,#8878,#8879,#8880),
  .UNSPECIFIED.,.F.,.F.,(4,4),(3.144119493737,3.39640104805),
  .PIECEWISE_BEZIER_KNOTS.);
#8877 = CARTESIAN_POINT('',(1.243150477089,-3.488829164313E-18));
#8878 = CARTESIAN_POINT('',(1.32730046397,8.796545933657E-18));
#8879 = CARTESIAN_POINT('',(1.414668636795,-3.504128509083E-18));
#8880 = CARTESIAN_POINT('',(1.505655667997,3.449847647253E-18));
#8881 = ( GEOMETRIC_REPRESENTATION_CONTEXT(2) 
PARAMETRIC_REPRESENTATION_CONTEXT() REPRESENTATION_CONTEXT('2D SPACE',''
  ) );
#8882 = PCURVE('',#7900,#8883);
#8883 = DEFINITIONAL_REPRESENTATION('',(#8884),#8888);
#8884 = ( BOUNDED_CURVE() B_SPLINE_CURVE(2,(#8885,#8886,#8887),
.UNSPECIFIED.,.F.,.F.) B_SPLINE_CURVE_WITH_KNOTS((3,3),(3.144119493737,
3.39640104805),.PIECEWISE_BEZIER_KNOTS.) CURVE() 
GEOMETRIC_REPRESENTATION_ITEM() RATIONAL_B_SPLINE_CURVE((1.,
0.992054795563,1.)) REPRESENTATION_ITEM('') );
#8885 = CARTESIAN_POINT('',(4.544236094062E-03,-2.383451903911E-03));
#8886 = CARTESIAN_POINT('',(4.548771581989E-03,-5.885309711837E-04));
#8887 = CARTESIAN_POINT('',(5.001200786526E-03,1.148440398838E-03));
#8888 = ( GEOMETRIC_REPRESENTATION_CONTEXT(2) 
PARAMETRIC_REPRESENTATION_CONTEXT() REPRESENTATION_CONTEXT('2D SPACE',''
  ) );
#8889 = ORIENTED_EDGE('',*,*,#8890,.F.);
#8890 = EDGE_CURVE('',#8891,#8867,#8893,.T.);
#8891 = VERTEX_POINT('',#8892);
#8892 = CARTESIAN_POINT('',(-5.164593521544,-13.17811404402,
    25.221605084184));
#8893 = SURFACE_CURVE('',#8894,(#8898,#8905),.PCURVE_S1.);
#8894 = ( BOUNDED_CURVE() B_SPLINE_CURVE(2,(#8895,#8896,#8897),
.UNSPECIFIED.,.F.,.F.) B_SPLINE_CURVE_WITH_KNOTS((3,3),(1.197286190538,
1.259163901583),.PIECEWISE_BEZIER_KNOTS.) CURVE() 
GEOMETRIC_REPRESENTATION_ITEM() RATIONAL_B_SPLINE_CURVE((1.,
0.999521431786,1.)) REPRESENTATION_ITEM('') );
#8895 = CARTESIAN_POINT('',(-5.164593521544,-13.17811404402,
    25.221605084184));
#8896 = CARTESIAN_POINT('',(-4.756747614996,-13.3379516596,
    25.221605084184));
#8897 = CARTESIAN_POINT('',(-4.33979817445,-13.47226290587,
    25.221605084184));
#8898 = PCURVE('',#8526,#8899);
#8899 = DEFINITIONAL_REPRESENTATION('',(#8900),#8904);
#8900 = B_SPLINE_CURVE_WITH_KNOTS('',2,(#8901,#8902,#8903),
  .UNSPECIFIED.,.F.,.F.,(3,3),(1.197286190538,1.259163901583),
  .PIECEWISE_BEZIER_KNOTS.);
#8901 = CARTESIAN_POINT('',(1.181508465084,-1.949358904498E-20));
#8902 = CARTESIAN_POINT('',(1.212114801779,7.111674195117E-18));
#8903 = CARTESIAN_POINT('',(1.243150477089,-3.488829164313E-18));
#8904 = ( GEOMETRIC_REPRESENTATION_CONTEXT(2) 
PARAMETRIC_REPRESENTATION_CONTEXT() REPRESENTATION_CONTEXT('2D SPACE',''
  ) );
#8905 = PCURVE('',#7928,#8906);
#8906 = DEFINITIONAL_REPRESENTATION('',(#8907),#8911);
#8907 = ( BOUNDED_CURVE() B_SPLINE_CURVE(2,(#8908,#8909,#8910),
.UNSPECIFIED.,.F.,.F.) B_SPLINE_CURVE_WITH_KNOTS((3,3),(1.197286190538,
1.259163901583),.PIECEWISE_BEZIER_KNOTS.) CURVE() 
GEOMETRIC_REPRESENTATION_ITEM() RATIONAL_B_SPLINE_CURVE((1.,
0.999521431786,1.)) REPRESENTATION_ITEM('') );
#8908 = CARTESIAN_POINT('',(-5.164593521544E-03,-1.317811404402E-02));
#8909 = CARTESIAN_POINT('',(-4.756747614996E-03,-1.333795165961E-02));
#8910 = CARTESIAN_POINT('',(-4.33979817445E-03,-1.347226290588E-02));
#8911 = ( GEOMETRIC_REPRESENTATION_CONTEXT(2) 
PARAMETRIC_REPRESENTATION_CONTEXT() REPRESENTATION_CONTEXT('2D SPACE',''
  ) );
#8912 = ORIENTED_EDGE('',*,*,#8913,.F.);
#8913 = EDGE_CURVE('',#8914,#8891,#8916,.T.);
#8914 = VERTEX_POINT('',#8915);
#8915 = CARTESIAN_POINT('',(-8.290551523819,-11.47181203781,
    25.221605084184));
#8916 = SURFACE_CURVE('',#8917,(#8921,#8928),.PCURVE_S1.);
#8917 = ( BOUNDED_CURVE() B_SPLINE_CURVE(2,(#8918,#8919,#8920),
.UNSPECIFIED.,.F.,.F.) B_SPLINE_CURVE_WITH_KNOTS((3,3),(3.144119493737,
3.39640104805),.PIECEWISE_BEZIER_KNOTS.) CURVE() 
GEOMETRIC_REPRESENTATION_ITEM() RATIONAL_B_SPLINE_CURVE((1.,
0.992054795563,1.)) REPRESENTATION_ITEM('') );
#8918 = CARTESIAN_POINT('',(-8.290551523819,-11.47181203781,
    25.221605084184));
#8919 = CARTESIAN_POINT('',(-6.835764092768,-12.52317080429,
    25.221605084184));
#8920 = CARTESIAN_POINT('',(-5.164593521544,-13.17811404402,
    25.221605084184));
#8921 = PCURVE('',#8526,#8922);
#8922 = DEFINITIONAL_REPRESENTATION('',(#8923),#8927);
#8923 = B_SPLINE_CURVE_WITH_KNOTS('',2,(#8924,#8925,#8926),
  .UNSPECIFIED.,.F.,.F.,(3,3),(3.144119493737,3.39640104805),
  .PIECEWISE_BEZIER_KNOTS.);
#8924 = CARTESIAN_POINT('',(0.937036630884,-7.683064311239E-21));
#8925 = CARTESIAN_POINT('',(1.057051494875,1.096481580163E-18));
#8926 = CARTESIAN_POINT('',(1.181508465084,-1.949358633206E-20));
#8927 = ( GEOMETRIC_REPRESENTATION_CONTEXT(2) 
PARAMETRIC_REPRESENTATION_CONTEXT() REPRESENTATION_CONTEXT('2D SPACE',''
  ) );
#8928 = PCURVE('',#7957,#8929);
#8929 = DEFINITIONAL_REPRESENTATION('',(#8930),#8934);
#8930 = ( BOUNDED_CURVE() B_SPLINE_CURVE(2,(#8931,#8932,#8933),
.UNSPECIFIED.,.F.,.F.) B_SPLINE_CURVE_WITH_KNOTS((3,3),(3.144119493737,
3.39640104805),.PIECEWISE_BEZIER_KNOTS.) CURVE() 
GEOMETRIC_REPRESENTATION_ITEM() RATIONAL_B_SPLINE_CURVE((1.,
0.992054795563,1.)) REPRESENTATION_ITEM('') );
#8931 = CARTESIAN_POINT('',(4.544236094062E-03,-2.383451903911E-03));
#8932 = CARTESIAN_POINT('',(4.548771581989E-03,-5.885309711837E-04));
#8933 = CARTESIAN_POINT('',(5.001200786526E-03,1.148440398838E-03));
#8934 = ( GEOMETRIC_REPRESENTATION_CONTEXT(2) 
PARAMETRIC_REPRESENTATION_CONTEXT() REPRESENTATION_CONTEXT('2D SPACE',''
  ) );
#8935 = ORIENTED_EDGE('',*,*,#8936,.F.);
#8936 = EDGE_CURVE('',#8937,#8914,#8939,.T.);
#8937 = VERTEX_POINT('',#8938);
#8938 = CARTESIAN_POINT('',(-8.984081516094,-10.93718406685,
    25.221605084184));
#8939 = SURFACE_CURVE('',#8940,(#8944,#8951),.PCURVE_S1.);
#8940 = ( BOUNDED_CURVE() B_SPLINE_CURVE(2,(#8941,#8942,#8943),
.UNSPECIFIED.,.F.,.F.) B_SPLINE_CURVE_WITH_KNOTS((3,3),(0.883126925179,
0.945004636224),.PIECEWISE_BEZIER_KNOTS.) CURVE() 
GEOMETRIC_REPRESENTATION_ITEM() RATIONAL_B_SPLINE_CURVE((1.,
0.999521431786,1.)) REPRESENTATION_ITEM('') );
#8941 = CARTESIAN_POINT('',(-8.984081516094,-10.93718406685,
    25.221605084184));
#8942 = CARTESIAN_POINT('',(-8.645589548584,-11.21522998891,
    25.221605084184));
#8943 = CARTESIAN_POINT('',(-8.290551523819,-11.47181203781,
    25.221605084184));
#8944 = PCURVE('',#8526,#8945);
#8945 = DEFINITIONAL_REPRESENTATION('',(#8946),#8950);
#8946 = B_SPLINE_CURVE_WITH_KNOTS('',2,(#8947,#8948,#8949),
  .UNSPECIFIED.,.F.,.F.,(3,3),(0.883126925179,0.945004636224),
  .PIECEWISE_BEZIER_KNOTS.);
#8947 = CARTESIAN_POINT('',(0.87812465306,-3.228157186424E-21));
#8948 = CARTESIAN_POINT('',(0.907521926632,-6.83689815959E-18));
#8949 = CARTESIAN_POINT('',(0.937036630884,-7.680318252763E-21));
#8950 = ( GEOMETRIC_REPRESENTATION_CONTEXT(2) 
PARAMETRIC_REPRESENTATION_CONTEXT() REPRESENTATION_CONTEXT('2D SPACE',''
  ) );
#8951 = PCURVE('',#7985,#8952);
#8952 = DEFINITIONAL_REPRESENTATION('',(#8953),#8957);
#8953 = ( BOUNDED_CURVE() B_SPLINE_CURVE(2,(#8954,#8955,#8956),
.UNSPECIFIED.,.F.,.F.) B_SPLINE_CURVE_WITH_KNOTS((3,3),(0.883126925179,
0.945004636224),.PIECEWISE_BEZIER_KNOTS.) CURVE() 
GEOMETRIC_REPRESENTATION_ITEM() RATIONAL_B_SPLINE_CURVE((1.,
0.999521431786,1.)) REPRESENTATION_ITEM('') );
#8954 = CARTESIAN_POINT('',(-8.984081516094E-03,-1.093718406685E-02));
#8955 = CARTESIAN_POINT('',(-8.645589548584E-03,-1.121522998892E-02));
#8956 = CARTESIAN_POINT('',(-8.290551523819E-03,-1.147181203781E-02));
#8957 = ( GEOMETRIC_REPRESENTATION_CONTEXT(2) 
PARAMETRIC_REPRESENTATION_CONTEXT() REPRESENTATION_CONTEXT('2D SPACE',''
  ) );
#8958 = ORIENTED_EDGE('',*,*,#8959,.F.);
#8959 = EDGE_CURVE('',#8960,#8937,#8962,.T.);
#8960 = VERTEX_POINT('',#8961);
#8961 = CARTESIAN_POINT('',(-11.42976792636,-8.348420278673,
    25.221605084184));
#8962 = SURFACE_CURVE('',#8963,(#8967,#8974),.PCURVE_S1.);
#8963 = ( BOUNDED_CURVE() B_SPLINE_CURVE(2,(#8964,#8965,#8966),
.UNSPECIFIED.,.F.,.F.) B_SPLINE_CURVE_WITH_KNOTS((3,3),(3.144119493737,
3.39640104805),.PIECEWISE_BEZIER_KNOTS.) CURVE() 
GEOMETRIC_REPRESENTATION_ITEM() RATIONAL_B_SPLINE_CURVE((1.,
0.992054795563,1.)) REPRESENTATION_ITEM('') );
#8964 = CARTESIAN_POINT('',(-11.42976792636,-8.348420278673,
    25.221605084184));
#8965 = CARTESIAN_POINT('',(-10.37107058626,-9.797875923894,
    25.221605084184));
#8966 = CARTESIAN_POINT('',(-8.984081516094,-10.93718406685,
    25.221605084184));
#8967 = PCURVE('',#8526,#8968);
#8968 = DEFINITIONAL_REPRESENTATION('',(#8969),#8973);
#8969 = B_SPLINE_CURVE_WITH_KNOTS('',2,(#8970,#8971,#8972),
  .UNSPECIFIED.,.F.,.F.,(3,3),(3.144119493737,3.39640104805),
  .PIECEWISE_BEZIER_KNOTS.);
#8970 = CARTESIAN_POINT('',(0.638580564308,-4.971011007206E-21));
#8971 = CARTESIAN_POINT('',(0.758567534551,1.872241943398E-18));
#8972 = CARTESIAN_POINT('',(0.87812465306,-8.065381702493E-22));
#8973 = ( GEOMETRIC_REPRESENTATION_CONTEXT(2) 
PARAMETRIC_REPRESENTATION_CONTEXT() REPRESENTATION_CONTEXT('2D SPACE',''
  ) );
#8974 = PCURVE('',#8013,#8975);
#8975 = DEFINITIONAL_REPRESENTATION('',(#8976),#8980);
#8976 = ( BOUNDED_CURVE() B_SPLINE_CURVE(2,(#8977,#8978,#8979),
.UNSPECIFIED.,.F.,.F.) B_SPLINE_CURVE_WITH_KNOTS((3,3),(3.144119493737,
3.39640104805),.PIECEWISE_BEZIER_KNOTS.) CURVE() 
GEOMETRIC_REPRESENTATION_ITEM() RATIONAL_B_SPLINE_CURVE((1.,
0.992054795563,1.)) REPRESENTATION_ITEM('') );
#8977 = CARTESIAN_POINT('',(4.544236094062E-03,-2.383451903911E-03));
#8978 = CARTESIAN_POINT('',(4.548771581989E-03,-5.885309711837E-04));
#8979 = CARTESIAN_POINT('',(5.001200786526E-03,1.148440398838E-03));
#8980 = ( GEOMETRIC_REPRESENTATION_CONTEXT(2) 
PARAMETRIC_REPRESENTATION_CONTEXT() REPRESENTATION_CONTEXT('2D SPACE',''
  ) );
#8981 = ORIENTED_EDGE('',*,*,#8982,.F.);
#8982 = EDGE_CURVE('',#8983,#8960,#8985,.T.);
#8983 = VERTEX_POINT('',#8984);
#8984 = CARTESIAN_POINT('',(-11.92414501607,-7.625646309376,
    25.221605084184));
#8985 = SURFACE_CURVE('',#8986,(#8990,#8997),.PCURVE_S1.);
#8986 = ( BOUNDED_CURVE() B_SPLINE_CURVE(2,(#8987,#8988,#8989),
.UNSPECIFIED.,.F.,.F.) B_SPLINE_CURVE_WITH_KNOTS((3,3),(0.56896765982,
0.630845370865),.PIECEWISE_BEZIER_KNOTS.) CURVE() 
GEOMETRIC_REPRESENTATION_ITEM() RATIONAL_B_SPLINE_CURVE((1.,
0.999521431786,1.)) REPRESENTATION_ITEM('') );
#8987 = CARTESIAN_POINT('',(-11.92414501607,-7.625646309376,
    25.221605084184));
#8988 = CARTESIAN_POINT('',(-11.68814093979,-7.994683465804,
    25.221605084184));
#8989 = CARTESIAN_POINT('',(-11.42976792636,-8.348420278673,
    25.221605084184));
#8990 = PCURVE('',#8526,#8991);
#8991 = DEFINITIONAL_REPRESENTATION('',(#8992),#8996);
#8992 = B_SPLINE_CURVE_WITH_KNOTS('',2,(#8993,#8994,#8995),
  .UNSPECIFIED.,.F.,.F.,(3,3),(0.56896765982,0.630845370865),
  .PIECEWISE_BEZIER_KNOTS.);
#8993 = CARTESIAN_POINT('',(0.579404451723,1.895526483087E-23));
#8994 = CARTESIAN_POINT('',(0.609077660555,-1.132736951848E-18));
#8995 = CARTESIAN_POINT('',(0.638580564308,-4.968502963163E-21));
#8996 = ( GEOMETRIC_REPRESENTATION_CONTEXT(2) 
PARAMETRIC_REPRESENTATION_CONTEXT() REPRESENTATION_CONTEXT('2D SPACE',''
  ) );
#8997 = PCURVE('',#8041,#8998);
#8998 = DEFINITIONAL_REPRESENTATION('',(#8999),#9003);
#8999 = ( BOUNDED_CURVE() B_SPLINE_CURVE(2,(#9000,#9001,#9002),
.UNSPECIFIED.,.F.,.F.) B_SPLINE_CURVE_WITH_KNOTS((3,3),(0.56896765982,
0.630845370865),.PIECEWISE_BEZIER_KNOTS.) CURVE() 
GEOMETRIC_REPRESENTATION_ITEM() RATIONAL_B_SPLINE_CURVE((1.,
0.999521431786,1.)) REPRESENTATION_ITEM('') );
#9000 = CARTESIAN_POINT('',(-1.192414501607E-02,-7.625646309376E-03));
#9001 = CARTESIAN_POINT('',(-1.168814093979E-02,-7.994683465804E-03));
#9002 = CARTESIAN_POINT('',(-1.142976792637E-02,-8.348420278673E-03));
#9003 = ( GEOMETRIC_REPRESENTATION_CONTEXT(2) 
PARAMETRIC_REPRESENTATION_CONTEXT() REPRESENTATION_CONTEXT('2D SPACE',''
  ) );
#9004 = ORIENTED_EDGE('',*,*,#9005,.F.);
#9005 = EDGE_CURVE('',#9006,#8983,#9008,.T.);
#9006 = VERTEX_POINT('',#9007);
#9007 = CARTESIAN_POINT('',(-13.4501590084,-4.407826975793,
    25.221605084184));
#9008 = SURFACE_CURVE('',#9009,(#9013,#9021),.PCURVE_S1.);
#9009 = ( BOUNDED_CURVE() B_SPLINE_CURVE(2,(#9010,#9011,#9012),
.UNSPECIFIED.,.F.,.F.) B_SPLINE_CURVE_WITH_KNOTS((3,3),(3.144119493737,
3.39640104805),.PIECEWISE_BEZIER_KNOTS.) CURVE() 
GEOMETRIC_REPRESENTATION_ITEM() RATIONAL_B_SPLINE_CURVE((1.,
0.992054795563,1.)) REPRESENTATION_ITEM('') );
#9010 = CARTESIAN_POINT('',(-13.4501590084,-4.407826975794,
    25.221605084184));
#9011 = CARTESIAN_POINT('',(-12.89118443128,-6.113496682251,
    25.221605084184));
#9012 = CARTESIAN_POINT('',(-11.92414501607,-7.625646309376,
    25.221605084184));
#9013 = PCURVE('',#8526,#9014);
#9014 = DEFINITIONAL_REPRESENTATION('',(#9015),#9020);
#9015 = B_SPLINE_CURVE_WITH_KNOTS('',3,(#9016,#9017,#9018,#9019),
  .UNSPECIFIED.,.F.,.F.,(4,4),(3.144119493737,3.39640104805),
  .PIECEWISE_BEZIER_KNOTS.);
#9016 = CARTESIAN_POINT('',(0.332713195889,3.449905107016E-18));
#9017 = CARTESIAN_POINT('',(0.416759926294,-3.310434954706E-18));
#9018 = CARTESIAN_POINT('',(0.498951088262,-7.356703508015E-18));
#9019 = CARTESIAN_POINT('',(0.579404451723,3.462782047803E-18));
#9020 = ( GEOMETRIC_REPRESENTATION_CONTEXT(2) 
PARAMETRIC_REPRESENTATION_CONTEXT() REPRESENTATION_CONTEXT('2D SPACE',''
  ) );
#9021 = PCURVE('',#8070,#9022);
#9022 = DEFINITIONAL_REPRESENTATION('',(#9023),#9027);
#9023 = ( BOUNDED_CURVE() B_SPLINE_CURVE(2,(#9024,#9025,#9026),
.UNSPECIFIED.,.F.,.F.) B_SPLINE_CURVE_WITH_KNOTS((3,3),(3.144119493737,
3.39640104805),.PIECEWISE_BEZIER_KNOTS.) CURVE() 
GEOMETRIC_REPRESENTATION_ITEM() RATIONAL_B_SPLINE_CURVE((1.,
0.992054795563,1.)) REPRESENTATION_ITEM('') );
#9024 = CARTESIAN_POINT('',(4.544236094062E-03,-2.383451903911E-03));
#9025 = CARTESIAN_POINT('',(4.548771581989E-03,-5.885309711837E-04));
#9026 = CARTESIAN_POINT('',(5.001200786526E-03,1.148440398838E-03));
#9027 = ( GEOMETRIC_REPRESENTATION_CONTEXT(2) 
PARAMETRIC_REPRESENTATION_CONTEXT() REPRESENTATION_CONTEXT('2D SPACE',''
  ) );
#9028 = ORIENTED_EDGE('',*,*,#9029,.F.);
#9029 = EDGE_CURVE('',#9030,#9006,#9032,.T.);
#9030 = VERTEX_POINT('',#9031);
#9031 = CARTESIAN_POINT('',(-13.69699012147,-3.567657160136,
    25.221605084184));
#9032 = SURFACE_CURVE('',#9033,(#9037,#9044),.PCURVE_S1.);
#9033 = ( BOUNDED_CURVE() B_SPLINE_CURVE(2,(#9034,#9035,#9036),
.UNSPECIFIED.,.F.,.F.) B_SPLINE_CURVE_WITH_KNOTS((3,3),(0.254808394461,
0.316686105506),.PIECEWISE_BEZIER_KNOTS.) CURVE() 
GEOMETRIC_REPRESENTATION_ITEM() RATIONAL_B_SPLINE_CURVE((1.,
0.999521431786,1.)) REPRESENTATION_ITEM('') );
#9034 = CARTESIAN_POINT('',(-13.69699012147,-3.567657160136,
    25.221605084184));
#9035 = CARTESIAN_POINT('',(-13.58657565974,-3.991561622824,
    25.221605084184));
#9036 = CARTESIAN_POINT('',(-13.4501590084,-4.407826975794,
    25.221605084184));
#9037 = PCURVE('',#8526,#9038);
#9038 = DEFINITIONAL_REPRESENTATION('',(#9039),#9043);
#9039 = B_SPLINE_CURVE_WITH_KNOTS('',2,(#9040,#9041,#9042),
  .UNSPECIFIED.,.F.,.F.,(3,3),(0.254808394461,0.316686105506),
  .PIECEWISE_BEZIER_KNOTS.);
#9040 = CARTESIAN_POINT('',(0.270224209775,-3.506440244369E-18));
#9041 = CARTESIAN_POINT('',(0.301715374616,-2.470487195133E-18));
#9042 = CARTESIAN_POINT('',(0.332713195889,3.430363258025E-18));
#9043 = ( GEOMETRIC_REPRESENTATION_CONTEXT(2) 
PARAMETRIC_REPRESENTATION_CONTEXT() REPRESENTATION_CONTEXT('2D SPACE',''
  ) );
#9044 = PCURVE('',#8098,#9045);
#9045 = DEFINITIONAL_REPRESENTATION('',(#9046),#9050);
#9046 = ( BOUNDED_CURVE() B_SPLINE_CURVE(2,(#9047,#9048,#9049),
.UNSPECIFIED.,.F.,.F.) B_SPLINE_CURVE_WITH_KNOTS((3,3),(0.254808394461,
0.316686105506),.PIECEWISE_BEZIER_KNOTS.) CURVE() 
GEOMETRIC_REPRESENTATION_ITEM() RATIONAL_B_SPLINE_CURVE((1.,
0.999521431786,1.)) REPRESENTATION_ITEM('') );
#9047 = CARTESIAN_POINT('',(-1.369699012147E-02,-3.567657160136E-03));
#9048 = CARTESIAN_POINT('',(-1.358657565975E-02,-3.991561622824E-03));
#9049 = CARTESIAN_POINT('',(-1.345015900841E-02,-4.407826975794E-03));
#9050 = ( GEOMETRIC_REPRESENTATION_CONTEXT(2) 
PARAMETRIC_REPRESENTATION_CONTEXT() REPRESENTATION_CONTEXT('2D SPACE',''
  ) );
#9051 = ORIENTED_EDGE('',*,*,#9052,.F.);
#9052 = EDGE_CURVE('',#9053,#9030,#9055,.T.);
#9053 = VERTEX_POINT('',#9054);
#9054 = CARTESIAN_POINT('',(-14.15395481393,-3.576485738651E-02,
    25.221605084184));
#9055 = SURFACE_CURVE('',#9056,(#9060,#9068),.PCURVE_S1.);
#9056 = ( BOUNDED_CURVE() B_SPLINE_CURVE(2,(#9057,#9058,#9059),
.UNSPECIFIED.,.F.,.F.) B_SPLINE_CURVE_WITH_KNOTS((3,3),(3.144119493737,
3.39640104805),.PIECEWISE_BEZIER_KNOTS.) CURVE() 
GEOMETRIC_REPRESENTATION_ITEM() RATIONAL_B_SPLINE_CURVE((1.,
0.992054795563,1.)) REPRESENTATION_ITEM('') );
#9057 = CARTESIAN_POINT('',(-14.15395481393,-3.576485738651E-02,
    25.221605084184));
#9058 = CARTESIAN_POINT('',(-14.14941932601,-1.830685790114,
    25.221605084184));
#9059 = CARTESIAN_POINT('',(-13.69699012147,-3.567657160136,
    25.221605084184));
#9060 = PCURVE('',#8526,#9061);
#9061 = DEFINITIONAL_REPRESENTATION('',(#9062),#9067);
#9062 = B_SPLINE_CURVE_WITH_KNOTS('',3,(#9063,#9064,#9065,#9066),
  .UNSPECIFIED.,.F.,.F.,(4,4),(3.144119493737,3.39640104805),
  .PIECEWISE_BEZIER_KNOTS.);
#9063 = CARTESIAN_POINT('',(2.805147231382E-03,3.468831671093E-18));
#9064 = CARTESIAN_POINT('',(9.586368180351E-02,-1.151908440198E-17));
#9065 = CARTESIAN_POINT('',(0.184838263468,1.215891592165E-17));
#9066 = CARTESIAN_POINT('',(0.270224209775,1.193963852571E-22));
#9067 = ( GEOMETRIC_REPRESENTATION_CONTEXT(2) 
PARAMETRIC_REPRESENTATION_CONTEXT() REPRESENTATION_CONTEXT('2D SPACE',''
  ) );
#9068 = PCURVE('',#8125,#9069);
#9069 = DEFINITIONAL_REPRESENTATION('',(#9070),#9074);
#9070 = ( BOUNDED_CURVE() B_SPLINE_CURVE(2,(#9071,#9072,#9073),
.UNSPECIFIED.,.F.,.F.) B_SPLINE_CURVE_WITH_KNOTS((3,3),(3.144119493737,
3.39640104805),.PIECEWISE_BEZIER_KNOTS.) CURVE() 
GEOMETRIC_REPRESENTATION_ITEM() RATIONAL_B_SPLINE_CURVE((1.,
0.992054795563,1.)) REPRESENTATION_ITEM('') );
#9071 = CARTESIAN_POINT('',(4.544236094062E-03,-2.383451903911E-03));
#9072 = CARTESIAN_POINT('',(4.548771581989E-03,-5.885309711837E-04));
#9073 = CARTESIAN_POINT('',(5.001200786526E-03,1.148440398838E-03));
#9074 = ( GEOMETRIC_REPRESENTATION_CONTEXT(2) 
PARAMETRIC_REPRESENTATION_CONTEXT() REPRESENTATION_CONTEXT('2D SPACE',''
  ) );
#9075 = ORIENTED_EDGE('',*,*,#9076,.F.);
#9076 = EDGE_CURVE('',#8512,#9053,#9077,.T.);
#9077 = SURFACE_CURVE('',#9078,(#9082,#9089),.PCURVE_S1.);
#9078 = ( BOUNDED_CURVE() B_SPLINE_CURVE(2,(#9079,#9080,#9081),
.UNSPECIFIED.,.F.,.F.) B_SPLINE_CURVE_WITH_KNOTS((3,3),(0.,
2.526840147367E-03),.PIECEWISE_BEZIER_KNOTS.) CURVE() 
GEOMETRIC_REPRESENTATION_ITEM() RATIONAL_B_SPLINE_CURVE((1.,
0.999999201885,1.)) REPRESENTATION_ITEM('') );
#9079 = CARTESIAN_POINT('',(-14.154,0.,25.221605084184));
#9080 = CARTESIAN_POINT('',(-14.154,-1.788245723776E-02,25.221605084184)
  );
#9081 = CARTESIAN_POINT('',(-14.15395481393,-3.576485738651E-02,
    25.221605084184));
#9082 = PCURVE('',#8526,#9083);
#9083 = DEFINITIONAL_REPRESENTATION('',(#9084),#9088);
#9084 = B_SPLINE_CURVE_WITH_KNOTS('',2,(#9085,#9086,#9087),
  .UNSPECIFIED.,.F.,.F.,(3,3),(0.,2.526840147367E-03),
  .PIECEWISE_BEZIER_KNOTS.);
#9085 = CARTESIAN_POINT('',(0.,0.));
#9086 = CARTESIAN_POINT('',(1.403306307524E-03,1.548549949541E-18));
#9087 = CARTESIAN_POINT('',(2.805147231382E-03,3.468524030663E-18));
#9088 = ( GEOMETRIC_REPRESENTATION_CONTEXT(2) 
PARAMETRIC_REPRESENTATION_CONTEXT() REPRESENTATION_CONTEXT('2D SPACE',''
  ) );
#9089 = PCURVE('',#7563,#9090);
#9090 = DEFINITIONAL_REPRESENTATION('',(#9091),#9095);
#9091 = ( BOUNDED_CURVE() B_SPLINE_CURVE(2,(#9092,#9093,#9094),
.UNSPECIFIED.,.F.,.F.) B_SPLINE_CURVE_WITH_KNOTS((3,3),(0.,
2.526840147367E-03),.PIECEWISE_BEZIER_KNOTS.) CURVE() 
GEOMETRIC_REPRESENTATION_ITEM() RATIONAL_B_SPLINE_CURVE((1.,
0.999999201885,1.)) REPRESENTATION_ITEM('') );
#9092 = CARTESIAN_POINT('',(-1.4154E-02,6.859360814664E-19));
#9093 = CARTESIAN_POINT('',(-1.4154E-02,-1.788245723776E-05));
#9094 = CARTESIAN_POINT('',(-1.415395481394E-02,-3.576485738651E-05));
#9095 = ( GEOMETRIC_REPRESENTATION_CONTEXT(2) 
PARAMETRIC_REPRESENTATION_CONTEXT() REPRESENTATION_CONTEXT('2D SPACE',''
  ) );
#9096 = ADVANCED_FACE('',(#9097),#8164,.T.);
#9097 = FACE_BOUND('',#9098,.T.);
#9098 = EDGE_LOOP('',(#9099,#9100,#9121,#9122,#9145,#9169,#9192,#9215,
    #9238,#9261,#9284,#9308,#9331,#9355));
#9099 = ORIENTED_EDGE('',*,*,#8821,.T.);
#9100 = ORIENTED_EDGE('',*,*,#9101,.T.);
#9101 = EDGE_CURVE('',#8799,#8143,#9102,.T.);
#9102 = SURFACE_CURVE('',#9103,(#9107,#9114),.PCURVE_S1.);
#9103 = ( BOUNDED_CURVE() B_SPLINE_CURVE(2,(#9104,#9105,#9106),
.UNSPECIFIED.,.F.,.F.) B_SPLINE_CURVE_WITH_KNOTS((3,3),(1.570796326795,
3.14159265359),.PIECEWISE_BEZIER_KNOTS.) CURVE() 
GEOMETRIC_REPRESENTATION_ITEM() RATIONAL_B_SPLINE_CURVE((1.,
0.707106781187,1.)) REPRESENTATION_ITEM('') );
#9104 = CARTESIAN_POINT('',(-8.666825397566E-16,-14.154,26.27322065986)
  );
#9105 = CARTESIAN_POINT('',(14.154,-14.154,26.27322065986));
#9106 = CARTESIAN_POINT('',(14.154,-1.733365079513E-15,26.27322065986));
#9107 = PCURVE('',#8164,#9108);
#9108 = DEFINITIONAL_REPRESENTATION('',(#9109),#9113);
#9109 = B_SPLINE_CURVE_WITH_KNOTS('',2,(#9110,#9111,#9112),
  .UNSPECIFIED.,.F.,.F.,(3,3),(1.570796326795,3.14159265359),
  .PIECEWISE_BEZIER_KNOTS.);
#9110 = CARTESIAN_POINT('',(1.570796326795,-1.051615575676E-03));
#9111 = CARTESIAN_POINT('',(2.356194490192,-1.051615575676E-03));
#9112 = CARTESIAN_POINT('',(3.14159265359,-1.051615575676E-03));
#9113 = ( GEOMETRIC_REPRESENTATION_CONTEXT(2) 
PARAMETRIC_REPRESENTATION_CONTEXT() REPRESENTATION_CONTEXT('2D SPACE',''
  ) );
#9114 = PCURVE('',#6837,#9115);
#9115 = DEFINITIONAL_REPRESENTATION('',(#9116),#9120);
#9116 = ( BOUNDED_CURVE() B_SPLINE_CURVE(2,(#9117,#9118,#9119),
.UNSPECIFIED.,.F.,.F.) B_SPLINE_CURVE_WITH_KNOTS((3,3),(1.570796326795,
3.14159265359),.PIECEWISE_BEZIER_KNOTS.) CURVE() 
GEOMETRIC_REPRESENTATION_ITEM() RATIONAL_B_SPLINE_CURVE((1.,
0.707106781187,1.)) REPRESENTATION_ITEM('') );
#9117 = CARTESIAN_POINT('',(-1.245629883555E-18,-1.4154E-02));
#9118 = CARTESIAN_POINT('',(1.4154E-02,-1.4154E-02));
#9119 = CARTESIAN_POINT('',(1.4154E-02,-1.047428998047E-18));
#9120 = ( GEOMETRIC_REPRESENTATION_CONTEXT(2) 
PARAMETRIC_REPRESENTATION_CONTEXT() REPRESENTATION_CONTEXT('2D SPACE',''
  ) );
#9121 = ORIENTED_EDGE('',*,*,#8140,.F.);
#9122 = ORIENTED_EDGE('',*,*,#9123,.F.);
#9123 = EDGE_CURVE('',#9124,#8141,#9126,.T.);
#9124 = VERTEX_POINT('',#9125);
#9125 = CARTESIAN_POINT('',(14.129078401243,-0.839559129266,
    25.221605084184));
#9126 = SURFACE_CURVE('',#9127,(#9131,#9138),.PCURVE_S1.);
#9127 = ( BOUNDED_CURVE() B_SPLINE_CURVE(2,(#9128,#9129,#9130),
.UNSPECIFIED.,.F.,.F.) B_SPLINE_CURVE_WITH_KNOTS((3,3),(3.082241782691,
3.14159265359),.PIECEWISE_BEZIER_KNOTS.) CURVE() 
GEOMETRIC_REPRESENTATION_ITEM() RATIONAL_B_SPLINE_CURVE((1.,
0.999559716577,1.)) REPRESENTATION_ITEM('') );
#9128 = CARTESIAN_POINT('',(14.129078401243,-0.839559129266,
    25.221605084184));
#9129 = CARTESIAN_POINT('',(14.154,-0.420149452866,25.221605084184));
#9130 = CARTESIAN_POINT('',(14.154,-1.733365079513E-15,25.221605084184)
  );
#9131 = PCURVE('',#8164,#9132);
#9132 = DEFINITIONAL_REPRESENTATION('',(#9133),#9137);
#9133 = B_SPLINE_CURVE_WITH_KNOTS('',2,(#9134,#9135,#9136),
  .UNSPECIFIED.,.F.,.F.,(3,3),(3.082241782691,3.14159265359),
  .PIECEWISE_BEZIER_KNOTS.);
#9134 = CARTESIAN_POINT('',(3.076451994792,3.766156006249E-28));
#9135 = CARTESIAN_POINT('',(3.108638640399,4.306932687004E-18));
#9136 = CARTESIAN_POINT('',(3.14159265359,0.));
#9137 = ( GEOMETRIC_REPRESENTATION_CONTEXT(2) 
PARAMETRIC_REPRESENTATION_CONTEXT() REPRESENTATION_CONTEXT('2D SPACE',''
  ) );
#9138 = PCURVE('',#7232,#9139);
#9139 = DEFINITIONAL_REPRESENTATION('',(#9140),#9144);
#9140 = ( BOUNDED_CURVE() B_SPLINE_CURVE(2,(#9141,#9142,#9143),
.UNSPECIFIED.,.F.,.F.) B_SPLINE_CURVE_WITH_KNOTS((3,3),(3.082241782691,
3.14159265359),.PIECEWISE_BEZIER_KNOTS.) CURVE() 
GEOMETRIC_REPRESENTATION_ITEM() RATIONAL_B_SPLINE_CURVE((1.,
0.999559716577,1.)) REPRESENTATION_ITEM('') );
#9141 = CARTESIAN_POINT('',(1.412907840124E-02,-8.395591292663E-04));
#9142 = CARTESIAN_POINT('',(1.4154E-02,-4.201494528655E-04));
#9143 = CARTESIAN_POINT('',(1.4154E-02,-1.047428998047E-18));
#9144 = ( GEOMETRIC_REPRESENTATION_CONTEXT(2) 
PARAMETRIC_REPRESENTATION_CONTEXT() REPRESENTATION_CONTEXT('2D SPACE',''
  ) );
#9145 = ORIENTED_EDGE('',*,*,#9146,.F.);
#9146 = EDGE_CURVE('',#9147,#9124,#9149,.T.);
#9147 = VERTEX_POINT('',#9148);
#9148 = CARTESIAN_POINT('',(13.472262905876,-4.33979817445,
    25.221605084184));
#9149 = SURFACE_CURVE('',#9150,(#9154,#9162),.PCURVE_S1.);
#9150 = ( BOUNDED_CURVE() B_SPLINE_CURVE(2,(#9151,#9152,#9153),
.UNSPECIFIED.,.F.,.F.) B_SPLINE_CURVE_WITH_KNOTS((3,3),(3.144119493737,
3.39640104805),.PIECEWISE_BEZIER_KNOTS.) CURVE() 
GEOMETRIC_REPRESENTATION_ITEM() RATIONAL_B_SPLINE_CURVE((1.,
0.992054795563,1.)) REPRESENTATION_ITEM('') );
#9151 = CARTESIAN_POINT('',(13.472262905876,-4.33979817445,
    25.221605084184));
#9152 = CARTESIAN_POINT('',(14.022610472301,-2.631325382297,
    25.221605084184));
#9153 = CARTESIAN_POINT('',(14.129078401243,-0.839559129266,
    25.221605084184));
#9154 = PCURVE('',#8164,#9155);
#9155 = DEFINITIONAL_REPRESENTATION('',(#9156),#9161);
#9156 = B_SPLINE_CURVE_WITH_KNOTS('',3,(#9157,#9158,#9159,#9160),
  .UNSPECIFIED.,.F.,.F.,(4,4),(3.144119493737,3.39640104805),
  .PIECEWISE_BEZIER_KNOTS.);
#9157 = CARTESIAN_POINT('',(2.813946803884,3.469684169225E-18));
#9158 = CARTESIAN_POINT('',(2.898096790765,-3.128765146469E-18));
#9159 = CARTESIAN_POINT('',(2.985464963589,5.066900148004E-18));
#9160 = CARTESIAN_POINT('',(3.076451994792,3.449827512715E-18));
#9161 = ( GEOMETRIC_REPRESENTATION_CONTEXT(2) 
PARAMETRIC_REPRESENTATION_CONTEXT() REPRESENTATION_CONTEXT('2D SPACE',''
  ) );
#9162 = PCURVE('',#7261,#9163);
#9163 = DEFINITIONAL_REPRESENTATION('',(#9164),#9168);
#9164 = ( BOUNDED_CURVE() B_SPLINE_CURVE(2,(#9165,#9166,#9167),
.UNSPECIFIED.,.F.,.F.) B_SPLINE_CURVE_WITH_KNOTS((3,3),(3.144119493737,
3.39640104805),.PIECEWISE_BEZIER_KNOTS.) CURVE() 
GEOMETRIC_REPRESENTATION_ITEM() RATIONAL_B_SPLINE_CURVE((1.,
0.992054795563,1.)) REPRESENTATION_ITEM('') );
#9165 = CARTESIAN_POINT('',(4.544236094062E-03,-2.383451903911E-03));
#9166 = CARTESIAN_POINT('',(4.548771581989E-03,-5.885309711837E-04));
#9167 = CARTESIAN_POINT('',(5.001200786526E-03,1.148440398838E-03));
#9168 = ( GEOMETRIC_REPRESENTATION_CONTEXT(2) 
PARAMETRIC_REPRESENTATION_CONTEXT() REPRESENTATION_CONTEXT('2D SPACE',''
  ) );
#9169 = ORIENTED_EDGE('',*,*,#9170,.F.);
#9170 = EDGE_CURVE('',#9171,#9147,#9173,.T.);
#9171 = VERTEX_POINT('',#9172);
#9172 = CARTESIAN_POINT('',(13.178114044021,-5.164593521544,
    25.221605084184));
#9173 = SURFACE_CURVE('',#9174,(#9178,#9185),.PCURVE_S1.);
#9174 = ( BOUNDED_CURVE() B_SPLINE_CURVE(2,(#9175,#9176,#9177),
.UNSPECIFIED.,.F.,.F.) B_SPLINE_CURVE_WITH_KNOTS((3,3),(2.768082517332,
2.829960228378),.PIECEWISE_BEZIER_KNOTS.) CURVE() 
GEOMETRIC_REPRESENTATION_ITEM() RATIONAL_B_SPLINE_CURVE((1.,
0.999521431786,1.)) REPRESENTATION_ITEM('') );
#9175 = CARTESIAN_POINT('',(13.178114044021,-5.164593521544,
    25.221605084184));
#9176 = CARTESIAN_POINT('',(13.337951659609,-4.756747614996,
    25.221605084184));
#9177 = CARTESIAN_POINT('',(13.472262905876,-4.33979817445,
    25.221605084184));
#9178 = PCURVE('',#8164,#9179);
#9179 = DEFINITIONAL_REPRESENTATION('',(#9180),#9184);
#9180 = B_SPLINE_CURVE_WITH_KNOTS('',2,(#9181,#9182,#9183),
  .UNSPECIFIED.,.F.,.F.,(3,3),(2.768082517332,2.829960228378),
  .PIECEWISE_BEZIER_KNOTS.);
#9181 = CARTESIAN_POINT('',(2.752304791879,-2.934345033768E-20));
#9182 = CARTESIAN_POINT('',(2.782911128574,4.029699222485E-18));
#9183 = CARTESIAN_POINT('',(2.813946803884,3.469565562665E-18));
#9184 = ( GEOMETRIC_REPRESENTATION_CONTEXT(2) 
PARAMETRIC_REPRESENTATION_CONTEXT() REPRESENTATION_CONTEXT('2D SPACE',''
  ) );
#9185 = PCURVE('',#7289,#9186);
#9186 = DEFINITIONAL_REPRESENTATION('',(#9187),#9191);
#9187 = ( BOUNDED_CURVE() B_SPLINE_CURVE(2,(#9188,#9189,#9190),
.UNSPECIFIED.,.F.,.F.) B_SPLINE_CURVE_WITH_KNOTS((3,3),(2.768082517332,
2.829960228378),.PIECEWISE_BEZIER_KNOTS.) CURVE() 
GEOMETRIC_REPRESENTATION_ITEM() RATIONAL_B_SPLINE_CURVE((1.,
0.999521431786,1.)) REPRESENTATION_ITEM('') );
#9188 = CARTESIAN_POINT('',(1.317811404402E-02,-5.164593521544E-03));
#9189 = CARTESIAN_POINT('',(1.333795165961E-02,-4.756747614996E-03));
#9190 = CARTESIAN_POINT('',(1.347226290588E-02,-4.33979817445E-03));
#9191 = ( GEOMETRIC_REPRESENTATION_CONTEXT(2) 
PARAMETRIC_REPRESENTATION_CONTEXT() REPRESENTATION_CONTEXT('2D SPACE',''
  ) );
#9192 = ORIENTED_EDGE('',*,*,#9193,.F.);
#9193 = EDGE_CURVE('',#9194,#9171,#9196,.T.);
#9194 = VERTEX_POINT('',#9195);
#9195 = CARTESIAN_POINT('',(11.471812037812,-8.290551523819,
    25.221605084184));
#9196 = SURFACE_CURVE('',#9197,(#9201,#9208),.PCURVE_S1.);
#9197 = ( BOUNDED_CURVE() B_SPLINE_CURVE(2,(#9198,#9199,#9200),
.UNSPECIFIED.,.F.,.F.) B_SPLINE_CURVE_WITH_KNOTS((3,3),(3.144119493737,
3.39640104805),.PIECEWISE_BEZIER_KNOTS.) CURVE() 
GEOMETRIC_REPRESENTATION_ITEM() RATIONAL_B_SPLINE_CURVE((1.,
0.992054795563,1.)) REPRESENTATION_ITEM('') );
#9198 = CARTESIAN_POINT('',(11.471812037812,-8.290551523819,
    25.221605084184));
#9199 = CARTESIAN_POINT('',(12.52317080429,-6.835764092768,
    25.221605084184));
#9200 = CARTESIAN_POINT('',(13.178114044021,-5.164593521544,
    25.221605084184));
#9201 = PCURVE('',#8164,#9202);
#9202 = DEFINITIONAL_REPRESENTATION('',(#9203),#9207);
#9203 = B_SPLINE_CURVE_WITH_KNOTS('',2,(#9204,#9205,#9206),
  .UNSPECIFIED.,.F.,.F.,(3,3),(3.144119493737,3.39640104805),
  .PIECEWISE_BEZIER_KNOTS.);
#9204 = CARTESIAN_POINT('',(2.507832957679,3.46689325334E-18));
#9205 = CARTESIAN_POINT('',(2.62784782167,-3.375369415319E-18));
#9206 = CARTESIAN_POINT('',(2.752304791879,-1.94420563381E-20));
#9207 = ( GEOMETRIC_REPRESENTATION_CONTEXT(2) 
PARAMETRIC_REPRESENTATION_CONTEXT() REPRESENTATION_CONTEXT('2D SPACE',''
  ) );
#9208 = PCURVE('',#7318,#9209);
#9209 = DEFINITIONAL_REPRESENTATION('',(#9210),#9214);
#9210 = ( BOUNDED_CURVE() B_SPLINE_CURVE(2,(#9211,#9212,#9213),
.UNSPECIFIED.,.F.,.F.) B_SPLINE_CURVE_WITH_KNOTS((3,3),(3.144119493737,
3.39640104805),.PIECEWISE_BEZIER_KNOTS.) CURVE() 
GEOMETRIC_REPRESENTATION_ITEM() RATIONAL_B_SPLINE_CURVE((1.,
0.992054795563,1.)) REPRESENTATION_ITEM('') );
#9211 = CARTESIAN_POINT('',(4.544236094062E-03,-2.383451903911E-03));
#9212 = CARTESIAN_POINT('',(4.548771581989E-03,-5.885309711837E-04));
#9213 = CARTESIAN_POINT('',(5.001200786526E-03,1.148440398838E-03));
#9214 = ( GEOMETRIC_REPRESENTATION_CONTEXT(2) 
PARAMETRIC_REPRESENTATION_CONTEXT() REPRESENTATION_CONTEXT('2D SPACE',''
  ) );
#9215 = ORIENTED_EDGE('',*,*,#9216,.F.);
#9216 = EDGE_CURVE('',#9217,#9194,#9219,.T.);
#9217 = VERTEX_POINT('',#9218);
#9218 = CARTESIAN_POINT('',(10.937184066851,-8.984081516094,
    25.221605084184));
#9219 = SURFACE_CURVE('',#9220,(#9224,#9231),.PCURVE_S1.);
#9220 = ( BOUNDED_CURVE() B_SPLINE_CURVE(2,(#9221,#9222,#9223),
.UNSPECIFIED.,.F.,.F.) B_SPLINE_CURVE_WITH_KNOTS((3,3),(2.453923251973,
2.515800963019),.PIECEWISE_BEZIER_KNOTS.) CURVE() 
GEOMETRIC_REPRESENTATION_ITEM() RATIONAL_B_SPLINE_CURVE((1.,
0.999521431786,1.)) REPRESENTATION_ITEM('') );
#9221 = CARTESIAN_POINT('',(10.937184066851,-8.984081516094,
    25.221605084184));
#9222 = CARTESIAN_POINT('',(11.215229988915,-8.645589548584,
    25.221605084184));
#9223 = CARTESIAN_POINT('',(11.471812037812,-8.290551523819,
    25.221605084184));
#9224 = PCURVE('',#8164,#9225);
#9225 = DEFINITIONAL_REPRESENTATION('',(#9226),#9230);
#9226 = B_SPLINE_CURVE_WITH_KNOTS('',2,(#9227,#9228,#9229),
  .UNSPECIFIED.,.F.,.F.,(3,3),(2.453923251973,2.515800963019),
  .PIECEWISE_BEZIER_KNOTS.);
#9227 = CARTESIAN_POINT('',(2.448920979855,-3.227823102185E-21));
#9228 = CARTESIAN_POINT('',(2.478318253426,3.8453786907E-18));
#9229 = CARTESIAN_POINT('',(2.507832957679,3.466895999399E-18));
#9230 = ( GEOMETRIC_REPRESENTATION_CONTEXT(2) 
PARAMETRIC_REPRESENTATION_CONTEXT() REPRESENTATION_CONTEXT('2D SPACE',''
  ) );
#9231 = PCURVE('',#7346,#9232);
#9232 = DEFINITIONAL_REPRESENTATION('',(#9233),#9237);
#9233 = ( BOUNDED_CURVE() B_SPLINE_CURVE(2,(#9234,#9235,#9236),
.UNSPECIFIED.,.F.,.F.) B_SPLINE_CURVE_WITH_KNOTS((3,3),(2.453923251973,
2.515800963019),.PIECEWISE_BEZIER_KNOTS.) CURVE() 
GEOMETRIC_REPRESENTATION_ITEM() RATIONAL_B_SPLINE_CURVE((1.,
0.999521431786,1.)) REPRESENTATION_ITEM('') );
#9234 = CARTESIAN_POINT('',(1.093718406685E-02,-8.984081516094E-03));
#9235 = CARTESIAN_POINT('',(1.121522998892E-02,-8.645589548584E-03));
#9236 = CARTESIAN_POINT('',(1.147181203781E-02,-8.290551523819E-03));
#9237 = ( GEOMETRIC_REPRESENTATION_CONTEXT(2) 
PARAMETRIC_REPRESENTATION_CONTEXT() REPRESENTATION_CONTEXT('2D SPACE',''
  ) );
#9238 = ORIENTED_EDGE('',*,*,#9239,.F.);
#9239 = EDGE_CURVE('',#9240,#9217,#9242,.T.);
#9240 = VERTEX_POINT('',#9241);
#9241 = CARTESIAN_POINT('',(8.348420278673,-11.42976792636,
    25.221605084184));
#9242 = SURFACE_CURVE('',#9243,(#9247,#9254),.PCURVE_S1.);
#9243 = ( BOUNDED_CURVE() B_SPLINE_CURVE(2,(#9244,#9245,#9246),
.UNSPECIFIED.,.F.,.F.) B_SPLINE_CURVE_WITH_KNOTS((3,3),(3.144119493737,
3.39640104805),.PIECEWISE_BEZIER_KNOTS.) CURVE() 
GEOMETRIC_REPRESENTATION_ITEM() RATIONAL_B_SPLINE_CURVE((1.,
0.992054795563,1.)) REPRESENTATION_ITEM('') );
#9244 = CARTESIAN_POINT('',(8.348420278673,-11.42976792636,
    25.221605084184));
#9245 = CARTESIAN_POINT('',(9.797875923894,-10.37107058626,
    25.221605084184));
#9246 = CARTESIAN_POINT('',(10.937184066851,-8.984081516094,
    25.221605084184));
#9247 = PCURVE('',#8164,#9248);
#9248 = DEFINITIONAL_REPRESENTATION('',(#9249),#9253);
#9249 = B_SPLINE_CURVE_WITH_KNOTS('',2,(#9250,#9251,#9252),
  .UNSPECIFIED.,.F.,.F.,(3,3),(3.144119493737,3.39640104805),
  .PIECEWISE_BEZIER_KNOTS.);
#9250 = CARTESIAN_POINT('',(2.209376891103,-4.971011009588E-21));
#9251 = CARTESIAN_POINT('',(2.329363861346,7.967583814351E-18));
#9252 = CARTESIAN_POINT('',(2.448920979855,-8.065381702493E-22));
#9253 = ( GEOMETRIC_REPRESENTATION_CONTEXT(2) 
PARAMETRIC_REPRESENTATION_CONTEXT() REPRESENTATION_CONTEXT('2D SPACE',''
  ) );
#9254 = PCURVE('',#7374,#9255);
#9255 = DEFINITIONAL_REPRESENTATION('',(#9256),#9260);
#9256 = ( BOUNDED_CURVE() B_SPLINE_CURVE(2,(#9257,#9258,#9259),
.UNSPECIFIED.,.F.,.F.) B_SPLINE_CURVE_WITH_KNOTS((3,3),(3.144119493737,
3.39640104805),.PIECEWISE_BEZIER_KNOTS.) CURVE() 
GEOMETRIC_REPRESENTATION_ITEM() RATIONAL_B_SPLINE_CURVE((1.,
0.992054795563,1.)) REPRESENTATION_ITEM('') );
#9257 = CARTESIAN_POINT('',(4.544236094062E-03,-2.383451903911E-03));
#9258 = CARTESIAN_POINT('',(4.548771581989E-03,-5.885309711837E-04));
#9259 = CARTESIAN_POINT('',(5.001200786526E-03,1.148440398838E-03));
#9260 = ( GEOMETRIC_REPRESENTATION_CONTEXT(2) 
PARAMETRIC_REPRESENTATION_CONTEXT() REPRESENTATION_CONTEXT('2D SPACE',''
  ) );
#9261 = ORIENTED_EDGE('',*,*,#9262,.F.);
#9262 = EDGE_CURVE('',#9263,#9240,#9265,.T.);
#9263 = VERTEX_POINT('',#9264);
#9264 = CARTESIAN_POINT('',(7.625646309376,-11.92414501607,
    25.221605084184));
#9265 = SURFACE_CURVE('',#9266,(#9270,#9277),.PCURVE_S1.);
#9266 = ( BOUNDED_CURVE() B_SPLINE_CURVE(2,(#9267,#9268,#9269),
.UNSPECIFIED.,.F.,.F.) B_SPLINE_CURVE_WITH_KNOTS((3,3),(2.139763986615,
2.20164169766),.PIECEWISE_BEZIER_KNOTS.) CURVE() 
GEOMETRIC_REPRESENTATION_ITEM() RATIONAL_B_SPLINE_CURVE((1.,
0.999521431786,1.)) REPRESENTATION_ITEM('') );
#9267 = CARTESIAN_POINT('',(7.625646309376,-11.92414501607,
    25.221605084184));
#9268 = CARTESIAN_POINT('',(7.994683465804,-11.68814093979,
    25.221605084184));
#9269 = CARTESIAN_POINT('',(8.348420278673,-11.42976792636,
    25.221605084184));
#9270 = PCURVE('',#8164,#9271);
#9271 = DEFINITIONAL_REPRESENTATION('',(#9272),#9276);
#9272 = B_SPLINE_CURVE_WITH_KNOTS('',2,(#9273,#9274,#9275),
  .UNSPECIFIED.,.F.,.F.,(3,3),(2.139763986615,2.20164169766),
  .PIECEWISE_BEZIER_KNOTS.);
#9273 = CARTESIAN_POINT('',(2.150200778517,-6.664904129095E-21));
#9274 = CARTESIAN_POINT('',(2.17987398735,1.921572856296E-18));
#9275 = CARTESIAN_POINT('',(2.209376891103,-4.971011009588E-21));
#9276 = ( GEOMETRIC_REPRESENTATION_CONTEXT(2) 
PARAMETRIC_REPRESENTATION_CONTEXT() REPRESENTATION_CONTEXT('2D SPACE',''
  ) );
#9277 = PCURVE('',#7402,#9278);
#9278 = DEFINITIONAL_REPRESENTATION('',(#9279),#9283);
#9279 = ( BOUNDED_CURVE() B_SPLINE_CURVE(2,(#9280,#9281,#9282),
.UNSPECIFIED.,.F.,.F.) B_SPLINE_CURVE_WITH_KNOTS((3,3),(2.139763986615,
2.20164169766),.PIECEWISE_BEZIER_KNOTS.) CURVE() 
GEOMETRIC_REPRESENTATION_ITEM() RATIONAL_B_SPLINE_CURVE((1.,
0.999521431786,1.)) REPRESENTATION_ITEM('') );
#9280 = CARTESIAN_POINT('',(7.625646309376E-03,-1.192414501607E-02));
#9281 = CARTESIAN_POINT('',(7.994683465804E-03,-1.168814093979E-02));
#9282 = CARTESIAN_POINT('',(8.348420278673E-03,-1.142976792637E-02));
#9283 = ( GEOMETRIC_REPRESENTATION_CONTEXT(2) 
PARAMETRIC_REPRESENTATION_CONTEXT() REPRESENTATION_CONTEXT('2D SPACE',''
  ) );
#9284 = ORIENTED_EDGE('',*,*,#9285,.F.);
#9285 = EDGE_CURVE('',#9286,#9263,#9288,.T.);
#9286 = VERTEX_POINT('',#9287);
#9287 = CARTESIAN_POINT('',(4.407826975793,-13.4501590084,
    25.221605084184));
#9288 = SURFACE_CURVE('',#9289,(#9293,#9301),.PCURVE_S1.);
#9289 = ( BOUNDED_CURVE() B_SPLINE_CURVE(2,(#9290,#9291,#9292),
.UNSPECIFIED.,.F.,.F.) B_SPLINE_CURVE_WITH_KNOTS((3,3),(3.144119493737,
3.39640104805),.PIECEWISE_BEZIER_KNOTS.) CURVE() 
GEOMETRIC_REPRESENTATION_ITEM() RATIONAL_B_SPLINE_CURVE((1.,
0.992054795563,1.)) REPRESENTATION_ITEM('') );
#9290 = CARTESIAN_POINT('',(4.407826975794,-13.4501590084,
    25.221605084184));
#9291 = CARTESIAN_POINT('',(6.113496682251,-12.89118443128,
    25.221605084184));
#9292 = CARTESIAN_POINT('',(7.625646309376,-11.92414501607,
    25.221605084184));
#9293 = PCURVE('',#8164,#9294);
#9294 = DEFINITIONAL_REPRESENTATION('',(#9295),#9300);
#9295 = B_SPLINE_CURVE_WITH_KNOTS('',3,(#9296,#9297,#9298,#9299),
  .UNSPECIFIED.,.F.,.F.,(4,4),(3.144119493737,3.39640104805),
  .PIECEWISE_BEZIER_KNOTS.);
#9296 = CARTESIAN_POINT('',(1.903509522683,3.430363258025E-18));
#9297 = CARTESIAN_POINT('',(1.987556253089,1.206176840094E-18));
#9298 = CARTESIAN_POINT('',(2.069747415057,-1.007805746146E-17));
#9299 = CARTESIAN_POINT('',(2.150200778517,3.462782047803E-18));
#9300 = ( GEOMETRIC_REPRESENTATION_CONTEXT(2) 
PARAMETRIC_REPRESENTATION_CONTEXT() REPRESENTATION_CONTEXT('2D SPACE',''
  ) );
#9301 = PCURVE('',#7431,#9302);
#9302 = DEFINITIONAL_REPRESENTATION('',(#9303),#9307);
#9303 = ( BOUNDED_CURVE() B_SPLINE_CURVE(2,(#9304,#9305,#9306),
.UNSPECIFIED.,.F.,.F.) B_SPLINE_CURVE_WITH_KNOTS((3,3),(3.144119493737,
3.39640104805),.PIECEWISE_BEZIER_KNOTS.) CURVE() 
GEOMETRIC_REPRESENTATION_ITEM() RATIONAL_B_SPLINE_CURVE((1.,
0.992054795563,1.)) REPRESENTATION_ITEM('') );
#9304 = CARTESIAN_POINT('',(4.544236094062E-03,-2.383451903911E-03));
#9305 = CARTESIAN_POINT('',(4.548771581989E-03,-5.885309711837E-04));
#9306 = CARTESIAN_POINT('',(5.001200786526E-03,1.148440398838E-03));
#9307 = ( GEOMETRIC_REPRESENTATION_CONTEXT(2) 
PARAMETRIC_REPRESENTATION_CONTEXT() REPRESENTATION_CONTEXT('2D SPACE',''
  ) );
#9308 = ORIENTED_EDGE('',*,*,#9309,.F.);
#9309 = EDGE_CURVE('',#9310,#9286,#9312,.T.);
#9310 = VERTEX_POINT('',#9311);
#9311 = CARTESIAN_POINT('',(3.567657160136,-13.69699012147,
    25.221605084184));
#9312 = SURFACE_CURVE('',#9313,(#9317,#9324),.PCURVE_S1.);
#9313 = ( BOUNDED_CURVE() B_SPLINE_CURVE(2,(#9314,#9315,#9316),
.UNSPECIFIED.,.F.,.F.) B_SPLINE_CURVE_WITH_KNOTS((3,3),(1.825604721256,
1.887482432301),.PIECEWISE_BEZIER_KNOTS.) CURVE() 
GEOMETRIC_REPRESENTATION_ITEM() RATIONAL_B_SPLINE_CURVE((1.,
0.999521431786,1.)) REPRESENTATION_ITEM('') );
#9314 = CARTESIAN_POINT('',(3.567657160136,-13.69699012147,
    25.221605084184));
#9315 = CARTESIAN_POINT('',(3.991561622824,-13.58657565974,
    25.221605084184));
#9316 = CARTESIAN_POINT('',(4.407826975794,-13.4501590084,
    25.221605084184));
#9317 = PCURVE('',#8164,#9318);
#9318 = DEFINITIONAL_REPRESENTATION('',(#9319),#9323);
#9319 = B_SPLINE_CURVE_WITH_KNOTS('',2,(#9320,#9321,#9322),
  .UNSPECIFIED.,.F.,.F.,(3,3),(1.825604721256,1.887482432301),
  .PIECEWISE_BEZIER_KNOTS.);
#9320 = CARTESIAN_POINT('',(1.84102053657,6.901781210372E-18));
#9321 = CARTESIAN_POINT('',(1.872511701411,-2.898682755956E-18));
#9322 = CARTESIAN_POINT('',(1.903509522683,3.430245416696E-18));
#9323 = ( GEOMETRIC_REPRESENTATION_CONTEXT(2) 
PARAMETRIC_REPRESENTATION_CONTEXT() REPRESENTATION_CONTEXT('2D SPACE',''
  ) );
#9324 = PCURVE('',#7459,#9325);
#9325 = DEFINITIONAL_REPRESENTATION('',(#9326),#9330);
#9326 = ( BOUNDED_CURVE() B_SPLINE_CURVE(2,(#9327,#9328,#9329),
.UNSPECIFIED.,.F.,.F.) B_SPLINE_CURVE_WITH_KNOTS((3,3),(1.825604721256,
1.887482432301),.PIECEWISE_BEZIER_KNOTS.) CURVE() 
GEOMETRIC_REPRESENTATION_ITEM() RATIONAL_B_SPLINE_CURVE((1.,
0.999521431786,1.)) REPRESENTATION_ITEM('') );
#9327 = CARTESIAN_POINT('',(3.567657160136E-03,-1.369699012147E-02));
#9328 = CARTESIAN_POINT('',(3.991561622824E-03,-1.358657565975E-02));
#9329 = CARTESIAN_POINT('',(4.407826975794E-03,-1.345015900841E-02));
#9330 = ( GEOMETRIC_REPRESENTATION_CONTEXT(2) 
PARAMETRIC_REPRESENTATION_CONTEXT() REPRESENTATION_CONTEXT('2D SPACE',''
  ) );
#9331 = ORIENTED_EDGE('',*,*,#9332,.F.);
#9332 = EDGE_CURVE('',#9333,#9310,#9335,.T.);
#9333 = VERTEX_POINT('',#9334);
#9334 = CARTESIAN_POINT('',(3.576485738651E-02,-14.15395481393,
    25.221605084184));
#9335 = SURFACE_CURVE('',#9336,(#9340,#9348),.PCURVE_S1.);
#9336 = ( BOUNDED_CURVE() B_SPLINE_CURVE(2,(#9337,#9338,#9339),
.UNSPECIFIED.,.F.,.F.) B_SPLINE_CURVE_WITH_KNOTS((3,3),(3.144119493737,
3.39640104805),.PIECEWISE_BEZIER_KNOTS.) CURVE() 
GEOMETRIC_REPRESENTATION_ITEM() RATIONAL_B_SPLINE_CURVE((1.,
0.992054795563,1.)) REPRESENTATION_ITEM('') );
#9337 = CARTESIAN_POINT('',(3.576485738651E-02,-14.15395481393,
    25.221605084184));
#9338 = CARTESIAN_POINT('',(1.830685790114,-14.14941932601,
    25.221605084184));
#9339 = CARTESIAN_POINT('',(3.567657160136,-13.69699012147,
    25.221605084184));
#9340 = PCURVE('',#8164,#9341);
#9341 = DEFINITIONAL_REPRESENTATION('',(#9342),#9347);
#9342 = B_SPLINE_CURVE_WITH_KNOTS('',3,(#9343,#9344,#9345,#9346),
  .UNSPECIFIED.,.F.,.F.,(4,4),(3.144119493737,3.39640104805),
  .PIECEWISE_BEZIER_KNOTS.);
#9343 = CARTESIAN_POINT('',(1.573601474026,-1.230609522674E-21));
#9344 = CARTESIAN_POINT('',(1.666660008598,3.572183861795E-18));
#9345 = CARTESIAN_POINT('',(1.755634590263,-2.623234468459E-18));
#9346 = CARTESIAN_POINT('',(1.84102053657,3.450950303379E-18));
#9347 = ( GEOMETRIC_REPRESENTATION_CONTEXT(2) 
PARAMETRIC_REPRESENTATION_CONTEXT() REPRESENTATION_CONTEXT('2D SPACE',''
  ) );
#9348 = PCURVE('',#7486,#9349);
#9349 = DEFINITIONAL_REPRESENTATION('',(#9350),#9354);
#9350 = ( BOUNDED_CURVE() B_SPLINE_CURVE(2,(#9351,#9352,#9353),
.UNSPECIFIED.,.F.,.F.) B_SPLINE_CURVE_WITH_KNOTS((3,3),(3.144119493737,
3.39640104805),.PIECEWISE_BEZIER_KNOTS.) CURVE() 
GEOMETRIC_REPRESENTATION_ITEM() RATIONAL_B_SPLINE_CURVE((1.,
0.992054795563,1.)) REPRESENTATION_ITEM('') );
#9351 = CARTESIAN_POINT('',(4.544236094062E-03,-2.383451903911E-03));
#9352 = CARTESIAN_POINT('',(4.548771581989E-03,-5.885309711837E-04));
#9353 = CARTESIAN_POINT('',(5.001200786526E-03,1.148440398838E-03));
#9354 = ( GEOMETRIC_REPRESENTATION_CONTEXT(2) 
PARAMETRIC_REPRESENTATION_CONTEXT() REPRESENTATION_CONTEXT('2D SPACE',''
  ) );
#9355 = ORIENTED_EDGE('',*,*,#9356,.F.);
#9356 = EDGE_CURVE('',#8822,#9333,#9357,.T.);
#9357 = SURFACE_CURVE('',#9358,(#9362,#9369),.PCURVE_S1.);
#9358 = ( BOUNDED_CURVE() B_SPLINE_CURVE(2,(#9359,#9360,#9361),
.UNSPECIFIED.,.F.,.F.) B_SPLINE_CURVE_WITH_KNOTS((3,3),(1.570796326795,
1.573323166942),.PIECEWISE_BEZIER_KNOTS.) CURVE() 
GEOMETRIC_REPRESENTATION_ITEM() RATIONAL_B_SPLINE_CURVE((1.,
0.999999201885,1.)) REPRESENTATION_ITEM('') );
#9359 = CARTESIAN_POINT('',(-8.666825397566E-16,-14.154,25.221605084184)
  );
#9360 = CARTESIAN_POINT('',(1.788245723776E-02,-14.154,25.221605084184)
  );
#9361 = CARTESIAN_POINT('',(3.576485738651E-02,-14.15395481393,
    25.221605084184));
#9362 = PCURVE('',#8164,#9363);
#9363 = DEFINITIONAL_REPRESENTATION('',(#9364),#9368);
#9364 = B_SPLINE_CURVE_WITH_KNOTS('',2,(#9365,#9366,#9367),
  .UNSPECIFIED.,.F.,.F.,(3,3),(1.570796326795,1.573323166942),
  .PIECEWISE_BEZIER_KNOTS.);
#9365 = CARTESIAN_POINT('',(1.570796326795,0.));
#9366 = CARTESIAN_POINT('',(1.572199633102,7.054571523694E-18));
#9367 = CARTESIAN_POINT('',(1.573601474026,3.468216294629E-18));
#9368 = ( GEOMETRIC_REPRESENTATION_CONTEXT(2) 
PARAMETRIC_REPRESENTATION_CONTEXT() REPRESENTATION_CONTEXT('2D SPACE',''
  ) );
#9369 = PCURVE('',#7871,#9370);
#9370 = DEFINITIONAL_REPRESENTATION('',(#9371),#9375);
#9371 = ( BOUNDED_CURVE() B_SPLINE_CURVE(2,(#9372,#9373,#9374),
.UNSPECIFIED.,.F.,.F.) B_SPLINE_CURVE_WITH_KNOTS((3,3),(1.570796326795,
1.573323166942),.PIECEWISE_BEZIER_KNOTS.) CURVE() 
GEOMETRIC_REPRESENTATION_ITEM() RATIONAL_B_SPLINE_CURVE((1.,
0.999999201885,1.)) REPRESENTATION_ITEM('') );
#9372 = CARTESIAN_POINT('',(-1.245629883555E-18,-1.4154E-02));
#9373 = CARTESIAN_POINT('',(1.788245723776E-05,-1.4154E-02));
#9374 = CARTESIAN_POINT('',(3.576485738651E-05,-1.415395481394E-02));
#9375 = ( GEOMETRIC_REPRESENTATION_CONTEXT(2) 
PARAMETRIC_REPRESENTATION_CONTEXT() REPRESENTATION_CONTEXT('2D SPACE',''
  ) );
#9376 = ADVANCED_FACE('',(#9377),#7148,.F.);
#9377 = FACE_BOUND('',#9378,.F.);
#9378 = EDGE_LOOP('',(#9379,#9397,#9398,#9416));
#9379 = ORIENTED_EDGE('',*,*,#9380,.F.);
#9380 = EDGE_CURVE('',#6784,#8440,#9381,.T.);
#9381 = SURFACE_CURVE('',#9382,(#9385,#9391),.PCURVE_S1.);
#9382 = B_SPLINE_CURVE_WITH_KNOTS('',1,(#9383,#9384),.UNSPECIFIED.,.F.,
  .F.,(2,2),(0.,8.876117240666E-03),.PIECEWISE_BEZIER_KNOTS.);
#9383 = CARTESIAN_POINT('',(23.03,8.666825397566E-16,25.221605084184));
#9384 = CARTESIAN_POINT('',(14.153954813937,3.576485738651E-02,
    25.221605084184));
#9385 = PCURVE('',#7148,#9386);
#9386 = DEFINITIONAL_REPRESENTATION('',(#9387),#9390);
#9387 = B_SPLINE_CURVE_WITH_KNOTS('',1,(#9388,#9389),.UNSPECIFIED.,.F.,
  .F.,(2,2),(0.,8.876117240666E-03),.PIECEWISE_BEZIER_KNOTS.);
#9388 = CARTESIAN_POINT('',(2.303E-02,1.552618621223E-18));
#9389 = CARTESIAN_POINT('',(1.415395481394E-02,3.576485738651E-05));
#9390 = ( GEOMETRIC_REPRESENTATION_CONTEXT(2) 
PARAMETRIC_REPRESENTATION_CONTEXT() REPRESENTATION_CONTEXT('2D SPACE',''
  ) );
#9391 = PCURVE('',#7232,#9392);
#9392 = DEFINITIONAL_REPRESENTATION('',(#9393),#9396);
#9393 = B_SPLINE_CURVE_WITH_KNOTS('',1,(#9394,#9395),.UNSPECIFIED.,.F.,
  .F.,(2,2),(0.,8.876117240666E-03),.PIECEWISE_BEZIER_KNOTS.);
#9394 = CARTESIAN_POINT('',(2.303E-02,1.552618621223E-18));
#9395 = CARTESIAN_POINT('',(1.415395481394E-02,3.576485738651E-05));
#9396 = ( GEOMETRIC_REPRESENTATION_CONTEXT(2) 
PARAMETRIC_REPRESENTATION_CONTEXT() REPRESENTATION_CONTEXT('2D SPACE',''
  ) );
#9397 = ORIENTED_EDGE('',*,*,#7133,.T.);
#9398 = ORIENTED_EDGE('',*,*,#9399,.F.);
#9399 = EDGE_CURVE('',#8417,#7106,#9400,.T.);
#9400 = SURFACE_CURVE('',#9401,(#9404,#9410),.PCURVE_S1.);
#9401 = B_SPLINE_CURVE_WITH_KNOTS('',1,(#9402,#9403),.UNSPECIFIED.,.F.,
  .F.,(2,2),(0.,8.876117240666E-03),.PIECEWISE_BEZIER_KNOTS.);
#9402 = CARTESIAN_POINT('',(13.696990121473,3.567657160136,
    25.221605084184));
#9403 = CARTESIAN_POINT('',(22.271659075312,5.861237244225,
    25.221605084184));
#9404 = PCURVE('',#7148,#9405);
#9405 = DEFINITIONAL_REPRESENTATION('',(#9406),#9409);
#9406 = B_SPLINE_CURVE_WITH_KNOTS('',1,(#9407,#9408),.UNSPECIFIED.,.F.,
  .F.,(2,2),(0.,8.876117240666E-03),.PIECEWISE_BEZIER_KNOTS.);
#9407 = CARTESIAN_POINT('',(1.369699012147E-02,3.567657160136E-03));
#9408 = CARTESIAN_POINT('',(2.227165907531E-02,5.861237244225E-03));
#9409 = ( GEOMETRIC_REPRESENTATION_CONTEXT(2) 
PARAMETRIC_REPRESENTATION_CONTEXT() REPRESENTATION_CONTEXT('2D SPACE',''
  ) );
#9410 = PCURVE('',#7121,#9411);
#9411 = DEFINITIONAL_REPRESENTATION('',(#9412),#9415);
#9412 = B_SPLINE_CURVE_WITH_KNOTS('',1,(#9413,#9414),.UNSPECIFIED.,.F.,
  .F.,(2,2),(0.,8.876117240666E-03),.PIECEWISE_BEZIER_KNOTS.);
#9413 = CARTESIAN_POINT('',(1.369699012147E-02,3.567657160136E-03));
#9414 = CARTESIAN_POINT('',(2.227165907531E-02,5.861237244225E-03));
#9415 = ( GEOMETRIC_REPRESENTATION_CONTEXT(2) 
PARAMETRIC_REPRESENTATION_CONTEXT() REPRESENTATION_CONTEXT('2D SPACE',''
  ) );
#9416 = ORIENTED_EDGE('',*,*,#8439,.F.);
#9417 = ADVANCED_FACE('',(#9418),#7232,.F.);
#9418 = FACE_BOUND('',#9419,.F.);
#9419 = EDGE_LOOP('',(#9420,#9421,#9422,#9423,#9424));
#9420 = ORIENTED_EDGE('',*,*,#7216,.T.);
#9421 = ORIENTED_EDGE('',*,*,#9380,.T.);
#9422 = ORIENTED_EDGE('',*,*,#8463,.F.);
#9423 = ORIENTED_EDGE('',*,*,#9123,.F.);
#9424 = ORIENTED_EDGE('',*,*,#9425,.T.);
#9425 = EDGE_CURVE('',#9124,#7217,#9426,.T.);
#9426 = SURFACE_CURVE('',#9427,(#9430,#9436),.PCURVE_S1.);
#9427 = B_SPLINE_CURVE_WITH_KNOTS('',1,(#9428,#9429),.UNSPECIFIED.,.F.,
  .F.,(2,2),(0.,8.876117240666E-03),.PIECEWISE_BEZIER_KNOTS.);
#9428 = CARTESIAN_POINT('',(14.129078401243,-0.839559129266,
    25.221605084184));
#9429 = CARTESIAN_POINT('',(22.992828408808,-1.307953272524,
    25.221605084184));
#9430 = PCURVE('',#7232,#9431);
#9431 = DEFINITIONAL_REPRESENTATION('',(#9432),#9435);
#9432 = B_SPLINE_CURVE_WITH_KNOTS('',1,(#9433,#9434),.UNSPECIFIED.,.F.,
  .F.,(2,2),(0.,8.876117240666E-03),.PIECEWISE_BEZIER_KNOTS.);
#9433 = CARTESIAN_POINT('',(1.412907840124E-02,-8.395591292663E-04));
#9434 = CARTESIAN_POINT('',(2.299282840881E-02,-1.307953272524E-03));
#9435 = ( GEOMETRIC_REPRESENTATION_CONTEXT(2) 
PARAMETRIC_REPRESENTATION_CONTEXT() REPRESENTATION_CONTEXT('2D SPACE',''
  ) );
#9436 = PCURVE('',#7261,#9437);
#9437 = DEFINITIONAL_REPRESENTATION('',(#9438),#9441);
#9438 = B_SPLINE_CURVE_WITH_KNOTS('',1,(#9439,#9440),.UNSPECIFIED.,.F.,
  .F.,(2,2),(0.,8.876117240666E-03),.PIECEWISE_BEZIER_KNOTS.);
#9439 = CARTESIAN_POINT('',(5.001200786526E-03,1.148440398838E-03));
#9440 = CARTESIAN_POINT('',(-3.573468167312E-03,3.442020482927E-03));
#9441 = ( GEOMETRIC_REPRESENTATION_CONTEXT(2) 
PARAMETRIC_REPRESENTATION_CONTEXT() REPRESENTATION_CONTEXT('2D SPACE',''
  ) );
#9442 = ADVANCED_FACE('',(#9443),#7121,.F.);
#9443 = FACE_BOUND('',#9444,.F.);
#9444 = EDGE_LOOP('',(#9445,#9446,#9447,#9465));
#9445 = ORIENTED_EDGE('',*,*,#9399,.T.);
#9446 = ORIENTED_EDGE('',*,*,#7105,.T.);
#9447 = ORIENTED_EDGE('',*,*,#9448,.T.);
#9448 = EDGE_CURVE('',#7077,#8393,#9449,.T.);
#9449 = SURFACE_CURVE('',#9450,(#9453,#9459),.PCURVE_S1.);
#9450 = B_SPLINE_CURVE_WITH_KNOTS('',1,(#9451,#9452),.UNSPECIFIED.,.F.,
  .F.,(2,2),(0.,8.876117240666E-03),.PIECEWISE_BEZIER_KNOTS.);
#9451 = CARTESIAN_POINT('',(21.902831570277,7.116661380455,
    25.221605084184));
#9452 = CARTESIAN_POINT('',(13.450159008408,4.407826975794,
    25.221605084184));
#9453 = PCURVE('',#7121,#9454);
#9454 = DEFINITIONAL_REPRESENTATION('',(#9455),#9458);
#9455 = B_SPLINE_CURVE_WITH_KNOTS('',1,(#9456,#9457),.UNSPECIFIED.,.F.,
  .F.,(2,2),(0.,8.876117240666E-03),.PIECEWISE_BEZIER_KNOTS.);
#9456 = CARTESIAN_POINT('',(2.190283157028E-02,7.116661380455E-03));
#9457 = CARTESIAN_POINT('',(1.345015900841E-02,4.407826975794E-03));
#9458 = ( GEOMETRIC_REPRESENTATION_CONTEXT(2) 
PARAMETRIC_REPRESENTATION_CONTEXT() REPRESENTATION_CONTEXT('2D SPACE',''
  ) );
#9459 = PCURVE('',#7093,#9460);
#9460 = DEFINITIONAL_REPRESENTATION('',(#9461),#9464);
#9461 = B_SPLINE_CURVE_WITH_KNOTS('',1,(#9462,#9463),.UNSPECIFIED.,.F.,
  .F.,(2,2),(0.,8.876117240666E-03),.PIECEWISE_BEZIER_KNOTS.);
#9462 = CARTESIAN_POINT('',(-4.331809092001E-03,-2.419216761298E-03));
#9463 = CARTESIAN_POINT('',(4.544236094062E-03,-2.383451903911E-03));
#9464 = ( GEOMETRIC_REPRESENTATION_CONTEXT(2) 
PARAMETRIC_REPRESENTATION_CONTEXT() REPRESENTATION_CONTEXT('2D SPACE',''
  ) );
#9465 = ORIENTED_EDGE('',*,*,#8416,.F.);
#9466 = ADVANCED_FACE('',(#9467),#7261,.T.);
#9467 = FACE_BOUND('',#9468,.T.);
#9468 = EDGE_LOOP('',(#9469,#9470,#9471,#9489));
#9469 = ORIENTED_EDGE('',*,*,#9425,.T.);
#9470 = ORIENTED_EDGE('',*,*,#7244,.T.);
#9471 = ORIENTED_EDGE('',*,*,#9472,.T.);
#9472 = EDGE_CURVE('',#7245,#9147,#9473,.T.);
#9473 = SURFACE_CURVE('',#9474,(#9477,#9483),.PCURVE_S1.);
#9474 = B_SPLINE_CURVE_WITH_KNOTS('',1,(#9475,#9476),.UNSPECIFIED.,.F.,
  .F.,(2,2),(0.,8.876117240666E-03),.PIECEWISE_BEZIER_KNOTS.);
#9475 = CARTESIAN_POINT('',(21.902831570277,-7.116661380455,
    25.221605084184));
#9476 = CARTESIAN_POINT('',(13.472262905876,-4.33979817445,
    25.221605084184));
#9477 = PCURVE('',#7261,#9478);
#9478 = DEFINITIONAL_REPRESENTATION('',(#9479),#9482);
#9479 = B_SPLINE_CURVE_WITH_KNOTS('',1,(#9480,#9481),.UNSPECIFIED.,.F.,
  .F.,(2,2),(0.,8.876117240666E-03),.PIECEWISE_BEZIER_KNOTS.);
#9480 = CARTESIAN_POINT('',(-4.331809092001E-03,-2.419216761298E-03));
#9481 = CARTESIAN_POINT('',(4.544236094062E-03,-2.383451903911E-03));
#9482 = ( GEOMETRIC_REPRESENTATION_CONTEXT(2) 
PARAMETRIC_REPRESENTATION_CONTEXT() REPRESENTATION_CONTEXT('2D SPACE',''
  ) );
#9483 = PCURVE('',#7289,#9484);
#9484 = DEFINITIONAL_REPRESENTATION('',(#9485),#9488);
#9485 = B_SPLINE_CURVE_WITH_KNOTS('',1,(#9486,#9487),.UNSPECIFIED.,.F.,
  .F.,(2,2),(0.,8.876117240666E-03),.PIECEWISE_BEZIER_KNOTS.);
#9486 = CARTESIAN_POINT('',(2.190283157028E-02,-7.116661380455E-03));
#9487 = CARTESIAN_POINT('',(1.347226290588E-02,-4.33979817445E-03));
#9488 = ( GEOMETRIC_REPRESENTATION_CONTEXT(2) 
PARAMETRIC_REPRESENTATION_CONTEXT() REPRESENTATION_CONTEXT('2D SPACE',''
  ) );
#9489 = ORIENTED_EDGE('',*,*,#9146,.T.);
#9490 = ADVANCED_FACE('',(#9491),#7093,.T.);
#9491 = FACE_BOUND('',#9492,.T.);
#9492 = EDGE_LOOP('',(#9493,#9511,#9512,#9513));
#9493 = ORIENTED_EDGE('',*,*,#9494,.T.);
#9494 = EDGE_CURVE('',#8370,#7049,#9495,.T.);
#9495 = SURFACE_CURVE('',#9496,(#9499,#9505),.PCURVE_S1.);
#9496 = B_SPLINE_CURVE_WITH_KNOTS('',1,(#9497,#9498),.UNSPECIFIED.,.F.,
  .F.,(2,2),(0.,8.876117240666E-03),.PIECEWISE_BEZIER_KNOTS.);
#9497 = CARTESIAN_POINT('',(11.924145016072,7.625646309376,
    25.221605084184));
#9498 = CARTESIAN_POINT('',(19.37038457575,12.456689021868,
    25.221605084184));
#9499 = PCURVE('',#7093,#9500);
#9500 = DEFINITIONAL_REPRESENTATION('',(#9501),#9504);
#9501 = B_SPLINE_CURVE_WITH_KNOTS('',1,(#9502,#9503),.UNSPECIFIED.,.F.,
  .F.,(2,2),(0.,8.876117240666E-03),.PIECEWISE_BEZIER_KNOTS.);
#9502 = CARTESIAN_POINT('',(5.001200786526E-03,1.148440398838E-03));
#9503 = CARTESIAN_POINT('',(-3.573468167312E-03,3.442020482927E-03));
#9504 = ( GEOMETRIC_REPRESENTATION_CONTEXT(2) 
PARAMETRIC_REPRESENTATION_CONTEXT() REPRESENTATION_CONTEXT('2D SPACE',''
  ) );
#9505 = PCURVE('',#7064,#9506);
#9506 = DEFINITIONAL_REPRESENTATION('',(#9507),#9510);
#9507 = B_SPLINE_CURVE_WITH_KNOTS('',1,(#9508,#9509),.UNSPECIFIED.,.F.,
  .F.,(2,2),(0.,8.876117240666E-03),.PIECEWISE_BEZIER_KNOTS.);
#9508 = CARTESIAN_POINT('',(1.192414501607E-02,7.625646309376E-03));
#9509 = CARTESIAN_POINT('',(1.937038457575E-02,1.245668902187E-02));
#9510 = ( GEOMETRIC_REPRESENTATION_CONTEXT(2) 
PARAMETRIC_REPRESENTATION_CONTEXT() REPRESENTATION_CONTEXT('2D SPACE',''
  ) );
#9511 = ORIENTED_EDGE('',*,*,#7076,.T.);
#9512 = ORIENTED_EDGE('',*,*,#9448,.T.);
#9513 = ORIENTED_EDGE('',*,*,#8392,.T.);
#9514 = ADVANCED_FACE('',(#9515),#7289,.F.);
#9515 = FACE_BOUND('',#9516,.F.);
#9516 = EDGE_LOOP('',(#9517,#9518,#9519,#9520));
#9517 = ORIENTED_EDGE('',*,*,#7273,.T.);
#9518 = ORIENTED_EDGE('',*,*,#9472,.T.);
#9519 = ORIENTED_EDGE('',*,*,#9170,.F.);
#9520 = ORIENTED_EDGE('',*,*,#9521,.T.);
#9521 = EDGE_CURVE('',#9171,#7274,#9522,.T.);
#9522 = SURFACE_CURVE('',#9523,(#9526,#9532),.PCURVE_S1.);
#9523 = B_SPLINE_CURVE_WITH_KNOTS('',1,(#9524,#9525),.UNSPECIFIED.,.F.,
  .F.,(2,2),(0.,8.876117240666E-03),.PIECEWISE_BEZIER_KNOTS.);
#9524 = CARTESIAN_POINT('',(13.178114044021,-5.164593521544,
    25.221605084184));
#9525 = CARTESIAN_POINT('',(21.463299497195,-8.349112209913,
    25.221605084184));
#9526 = PCURVE('',#7289,#9527);
#9527 = DEFINITIONAL_REPRESENTATION('',(#9528),#9531);
#9528 = B_SPLINE_CURVE_WITH_KNOTS('',1,(#9529,#9530),.UNSPECIFIED.,.F.,
  .F.,(2,2),(0.,8.876117240666E-03),.PIECEWISE_BEZIER_KNOTS.);
#9529 = CARTESIAN_POINT('',(1.317811404402E-02,-5.164593521544E-03));
#9530 = CARTESIAN_POINT('',(2.146329949719E-02,-8.349112209913E-03));
#9531 = ( GEOMETRIC_REPRESENTATION_CONTEXT(2) 
PARAMETRIC_REPRESENTATION_CONTEXT() REPRESENTATION_CONTEXT('2D SPACE',''
  ) );
#9532 = PCURVE('',#7318,#9533);
#9533 = DEFINITIONAL_REPRESENTATION('',(#9534),#9537);
#9534 = B_SPLINE_CURVE_WITH_KNOTS('',1,(#9535,#9536),.UNSPECIFIED.,.F.,
  .F.,(2,2),(0.,8.876117240666E-03),.PIECEWISE_BEZIER_KNOTS.);
#9535 = CARTESIAN_POINT('',(5.001200786526E-03,1.148440398838E-03));
#9536 = CARTESIAN_POINT('',(-3.573468167312E-03,3.442020482927E-03));
#9537 = ( GEOMETRIC_REPRESENTATION_CONTEXT(2) 
PARAMETRIC_REPRESENTATION_CONTEXT() REPRESENTATION_CONTEXT('2D SPACE',''
  ) );
#9538 = ADVANCED_FACE('',(#9539),#7064,.F.);
#9539 = FACE_BOUND('',#9540,.F.);
#9540 = EDGE_LOOP('',(#9541,#9542,#9543,#9561));
#9541 = ORIENTED_EDGE('',*,*,#9494,.T.);
#9542 = ORIENTED_EDGE('',*,*,#7048,.T.);
#9543 = ORIENTED_EDGE('',*,*,#9544,.T.);
#9544 = EDGE_CURVE('',#7021,#8347,#9545,.T.);
#9545 = SURFACE_CURVE('',#9546,(#9549,#9555),.PCURVE_S1.);
#9546 = B_SPLINE_CURVE_WITH_KNOTS('',1,(#9547,#9548),.UNSPECIFIED.,.F.,
  .F.,(2,2),(0.,8.876117240666E-03),.PIECEWISE_BEZIER_KNOTS.);
#9547 = CARTESIAN_POINT('',(18.631661380455,13.536694360296,
    25.221605084184));
#9548 = CARTESIAN_POINT('',(11.429767926368,8.348420278673,
    25.221605084184));
#9549 = PCURVE('',#7064,#9550);
#9550 = DEFINITIONAL_REPRESENTATION('',(#9551),#9554);
#9551 = B_SPLINE_CURVE_WITH_KNOTS('',1,(#9552,#9553),.UNSPECIFIED.,.F.,
  .F.,(2,2),(0.,8.876117240666E-03),.PIECEWISE_BEZIER_KNOTS.);
#9552 = CARTESIAN_POINT('',(1.863166138046E-02,1.35366943603E-02));
#9553 = CARTESIAN_POINT('',(1.142976792637E-02,8.348420278673E-03));
#9554 = ( GEOMETRIC_REPRESENTATION_CONTEXT(2) 
PARAMETRIC_REPRESENTATION_CONTEXT() REPRESENTATION_CONTEXT('2D SPACE',''
  ) );
#9555 = PCURVE('',#7036,#9556);
#9556 = DEFINITIONAL_REPRESENTATION('',(#9557),#9560);
#9557 = B_SPLINE_CURVE_WITH_KNOTS('',1,(#9558,#9559),.UNSPECIFIED.,.F.,
  .F.,(2,2),(0.,8.876117240666E-03),.PIECEWISE_BEZIER_KNOTS.);
#9558 = CARTESIAN_POINT('',(-4.331809092001E-03,-2.419216761298E-03));
#9559 = CARTESIAN_POINT('',(4.544236094062E-03,-2.383451903911E-03));
#9560 = ( GEOMETRIC_REPRESENTATION_CONTEXT(2) 
PARAMETRIC_REPRESENTATION_CONTEXT() REPRESENTATION_CONTEXT('2D SPACE',''
  ) );
#9561 = ORIENTED_EDGE('',*,*,#8369,.F.);
#9562 = ADVANCED_FACE('',(#9563),#7318,.T.);
#9563 = FACE_BOUND('',#9564,.T.);
#9564 = EDGE_LOOP('',(#9565,#9566,#9567,#9585));
#9565 = ORIENTED_EDGE('',*,*,#9521,.T.);
#9566 = ORIENTED_EDGE('',*,*,#7301,.T.);
#9567 = ORIENTED_EDGE('',*,*,#9568,.T.);
#9568 = EDGE_CURVE('',#7302,#9194,#9569,.T.);
#9569 = SURFACE_CURVE('',#9570,(#9573,#9579),.PCURVE_S1.);
#9570 = B_SPLINE_CURVE_WITH_KNOTS('',1,(#9571,#9572),.UNSPECIFIED.,.F.,
  .F.,(2,2),(0.,8.876117240666E-03),.PIECEWISE_BEZIER_KNOTS.);
#9571 = CARTESIAN_POINT('',(18.631661380455,-13.53669436029,
    25.221605084184));
#9572 = CARTESIAN_POINT('',(11.471812037812,-8.290551523819,
    25.221605084184));
#9573 = PCURVE('',#7318,#9574);
#9574 = DEFINITIONAL_REPRESENTATION('',(#9575),#9578);
#9575 = B_SPLINE_CURVE_WITH_KNOTS('',1,(#9576,#9577),.UNSPECIFIED.,.F.,
  .F.,(2,2),(0.,8.876117240666E-03),.PIECEWISE_BEZIER_KNOTS.);
#9576 = CARTESIAN_POINT('',(-4.331809092001E-03,-2.419216761298E-03));
#9577 = CARTESIAN_POINT('',(4.544236094062E-03,-2.383451903911E-03));
#9578 = ( GEOMETRIC_REPRESENTATION_CONTEXT(2) 
PARAMETRIC_REPRESENTATION_CONTEXT() REPRESENTATION_CONTEXT('2D SPACE',''
  ) );
#9579 = PCURVE('',#7346,#9580);
#9580 = DEFINITIONAL_REPRESENTATION('',(#9581),#9584);
#9581 = B_SPLINE_CURVE_WITH_KNOTS('',1,(#9582,#9583),.UNSPECIFIED.,.F.,
  .F.,(2,2),(0.,8.876117240666E-03),.PIECEWISE_BEZIER_KNOTS.);
#9582 = CARTESIAN_POINT('',(1.863166138046E-02,-1.35366943603E-02));
#9583 = CARTESIAN_POINT('',(1.147181203781E-02,-8.290551523819E-03));
#9584 = ( GEOMETRIC_REPRESENTATION_CONTEXT(2) 
PARAMETRIC_REPRESENTATION_CONTEXT() REPRESENTATION_CONTEXT('2D SPACE',''
  ) );
#9585 = ORIENTED_EDGE('',*,*,#9193,.T.);
#9586 = ADVANCED_FACE('',(#9587),#7036,.T.);
#9587 = FACE_BOUND('',#9588,.T.);
#9588 = EDGE_LOOP('',(#9589,#9607,#9608,#9609));
#9589 = ORIENTED_EDGE('',*,*,#9590,.T.);
#9590 = EDGE_CURVE('',#8324,#6993,#9591,.T.);
#9591 = SURFACE_CURVE('',#9592,(#9595,#9601),.PCURVE_S1.);
#9592 = B_SPLINE_CURVE_WITH_KNOTS('',1,(#9593,#9594),.UNSPECIFIED.,.F.,
  .F.,(2,2),(0.,8.876117240666E-03),.PIECEWISE_BEZIER_KNOTS.);
#9593 = CARTESIAN_POINT('',(8.984081516094,10.937184066851,
    25.221605084184));
#9594 = CARTESIAN_POINT('',(14.573001872509,17.832793287195,
    25.221605084184));
#9595 = PCURVE('',#7036,#9596);
#9596 = DEFINITIONAL_REPRESENTATION('',(#9597),#9600);
#9597 = B_SPLINE_CURVE_WITH_KNOTS('',1,(#9598,#9599),.UNSPECIFIED.,.F.,
  .F.,(2,2),(0.,8.876117240666E-03),.PIECEWISE_BEZIER_KNOTS.);
#9598 = CARTESIAN_POINT('',(5.001200786526E-03,1.148440398838E-03));
#9599 = CARTESIAN_POINT('',(-3.573468167312E-03,3.442020482927E-03));
#9600 = ( GEOMETRIC_REPRESENTATION_CONTEXT(2) 
PARAMETRIC_REPRESENTATION_CONTEXT() REPRESENTATION_CONTEXT('2D SPACE',''
  ) );
#9601 = PCURVE('',#7008,#9602);
#9602 = DEFINITIONAL_REPRESENTATION('',(#9603),#9606);
#9603 = B_SPLINE_CURVE_WITH_KNOTS('',1,(#9604,#9605),.UNSPECIFIED.,.F.,
  .F.,(2,2),(0.,8.876117240666E-03),.PIECEWISE_BEZIER_KNOTS.);
#9604 = CARTESIAN_POINT('',(8.984081516094E-03,1.093718406685E-02));
#9605 = CARTESIAN_POINT('',(1.457300187251E-02,1.78327932872E-02));
#9606 = ( GEOMETRIC_REPRESENTATION_CONTEXT(2) 
PARAMETRIC_REPRESENTATION_CONTEXT() REPRESENTATION_CONTEXT('2D SPACE',''
  ) );
#9607 = ORIENTED_EDGE('',*,*,#7020,.T.);
#9608 = ORIENTED_EDGE('',*,*,#9544,.T.);
#9609 = ORIENTED_EDGE('',*,*,#8346,.T.);
#9610 = ADVANCED_FACE('',(#9611),#7346,.F.);
#9611 = FACE_BOUND('',#9612,.F.);
#9612 = EDGE_LOOP('',(#9613,#9614,#9615,#9616));
#9613 = ORIENTED_EDGE('',*,*,#7330,.T.);
#9614 = ORIENTED_EDGE('',*,*,#9568,.T.);
#9615 = ORIENTED_EDGE('',*,*,#9216,.F.);
#9616 = ORIENTED_EDGE('',*,*,#9617,.T.);
#9617 = EDGE_CURVE('',#9217,#7331,#9618,.T.);
#9618 = SURFACE_CURVE('',#9619,(#9622,#9628),.PCURVE_S1.);
#9619 = B_SPLINE_CURVE_WITH_KNOTS('',1,(#9620,#9621),.UNSPECIFIED.,.F.,
  .F.,(2,2),(0.,8.876117240666E-03),.PIECEWISE_BEZIER_KNOTS.);
#9620 = CARTESIAN_POINT('',(10.937184066851,-8.984081516094,
    25.221605084184));
#9621 = CARTESIAN_POINT('',(17.832793287195,-14.5730018725,
    25.221605084184));
#9622 = PCURVE('',#7346,#9623);
#9623 = DEFINITIONAL_REPRESENTATION('',(#9624),#9627);
#9624 = B_SPLINE_CURVE_WITH_KNOTS('',1,(#9625,#9626),.UNSPECIFIED.,.F.,
  .F.,(2,2),(0.,8.876117240666E-03),.PIECEWISE_BEZIER_KNOTS.);
#9625 = CARTESIAN_POINT('',(1.093718406685E-02,-8.984081516094E-03));
#9626 = CARTESIAN_POINT('',(1.78327932872E-02,-1.457300187251E-02));
#9627 = ( GEOMETRIC_REPRESENTATION_CONTEXT(2) 
PARAMETRIC_REPRESENTATION_CONTEXT() REPRESENTATION_CONTEXT('2D SPACE',''
  ) );
#9628 = PCURVE('',#7374,#9629);
#9629 = DEFINITIONAL_REPRESENTATION('',(#9630),#9633);
#9630 = B_SPLINE_CURVE_WITH_KNOTS('',1,(#9631,#9632),.UNSPECIFIED.,.F.,
  .F.,(2,2),(0.,8.876117240666E-03),.PIECEWISE_BEZIER_KNOTS.);
#9631 = CARTESIAN_POINT('',(5.001200786526E-03,1.148440398838E-03));
#9632 = CARTESIAN_POINT('',(-3.573468167312E-03,3.442020482927E-03));
#9633 = ( GEOMETRIC_REPRESENTATION_CONTEXT(2) 
PARAMETRIC_REPRESENTATION_CONTEXT() REPRESENTATION_CONTEXT('2D SPACE',''
  ) );
#9634 = ADVANCED_FACE('',(#9635),#7008,.F.);
#9635 = FACE_BOUND('',#9636,.F.);
#9636 = EDGE_LOOP('',(#9637,#9638,#9639,#9657));
#9637 = ORIENTED_EDGE('',*,*,#9590,.T.);
#9638 = ORIENTED_EDGE('',*,*,#6992,.T.);
#9639 = ORIENTED_EDGE('',*,*,#9640,.T.);
#9640 = EDGE_CURVE('',#6964,#8301,#9641,.T.);
#9641 = SURFACE_CURVE('',#9642,(#9645,#9651),.PCURVE_S1.);
#9642 = B_SPLINE_CURVE_WITH_KNOTS('',1,(#9643,#9644),.UNSPECIFIED.,.F.,
  .F.,(2,2),(0.,8.876117240666E-03),.PIECEWISE_BEZIER_KNOTS.);
#9643 = CARTESIAN_POINT('',(13.536694360296,18.631661380455,
    25.221605084184));
#9644 = CARTESIAN_POINT('',(8.290551523819,11.471812037812,
    25.221605084184));
#9645 = PCURVE('',#7008,#9646);
#9646 = DEFINITIONAL_REPRESENTATION('',(#9647),#9650);
#9647 = B_SPLINE_CURVE_WITH_KNOTS('',1,(#9648,#9649),.UNSPECIFIED.,.F.,
  .F.,(2,2),(0.,8.876117240666E-03),.PIECEWISE_BEZIER_KNOTS.);
#9648 = CARTESIAN_POINT('',(1.35366943603E-02,1.863166138046E-02));
#9649 = CARTESIAN_POINT('',(8.290551523819E-03,1.147181203781E-02));
#9650 = ( GEOMETRIC_REPRESENTATION_CONTEXT(2) 
PARAMETRIC_REPRESENTATION_CONTEXT() REPRESENTATION_CONTEXT('2D SPACE',''
  ) );
#9651 = PCURVE('',#6980,#9652);
#9652 = DEFINITIONAL_REPRESENTATION('',(#9653),#9656);
#9653 = B_SPLINE_CURVE_WITH_KNOTS('',1,(#9654,#9655),.UNSPECIFIED.,.F.,
  .F.,(2,2),(0.,8.876117240666E-03),.PIECEWISE_BEZIER_KNOTS.);
#9654 = CARTESIAN_POINT('',(-4.331809092001E-03,-2.419216761298E-03));
#9655 = CARTESIAN_POINT('',(4.544236094062E-03,-2.383451903911E-03));
#9656 = ( GEOMETRIC_REPRESENTATION_CONTEXT(2) 
PARAMETRIC_REPRESENTATION_CONTEXT() REPRESENTATION_CONTEXT('2D SPACE',''
  ) );
#9657 = ORIENTED_EDGE('',*,*,#8323,.F.);
#9658 = ADVANCED_FACE('',(#9659),#7374,.T.);
#9659 = FACE_BOUND('',#9660,.T.);
#9660 = EDGE_LOOP('',(#9661,#9662,#9663,#9681));
#9661 = ORIENTED_EDGE('',*,*,#9617,.T.);
#9662 = ORIENTED_EDGE('',*,*,#7358,.T.);
#9663 = ORIENTED_EDGE('',*,*,#9664,.T.);
#9664 = EDGE_CURVE('',#7359,#9240,#9665,.T.);
#9665 = SURFACE_CURVE('',#9666,(#9669,#9675),.PCURVE_S1.);
#9666 = B_SPLINE_CURVE_WITH_KNOTS('',1,(#9667,#9668),.UNSPECIFIED.,.F.,
  .F.,(2,2),(0.,8.876117240666E-03),.PIECEWISE_BEZIER_KNOTS.);
#9667 = CARTESIAN_POINT('',(13.536694360296,-18.63166138045,
    25.221605084184));
#9668 = CARTESIAN_POINT('',(8.348420278673,-11.42976792636,
    25.221605084184));
#9669 = PCURVE('',#7374,#9670);
#9670 = DEFINITIONAL_REPRESENTATION('',(#9671),#9674);
#9671 = B_SPLINE_CURVE_WITH_KNOTS('',1,(#9672,#9673),.UNSPECIFIED.,.F.,
  .F.,(2,2),(0.,8.876117240666E-03),.PIECEWISE_BEZIER_KNOTS.);
#9672 = CARTESIAN_POINT('',(-4.331809092001E-03,-2.419216761298E-03));
#9673 = CARTESIAN_POINT('',(4.544236094062E-03,-2.383451903911E-03));
#9674 = ( GEOMETRIC_REPRESENTATION_CONTEXT(2) 
PARAMETRIC_REPRESENTATION_CONTEXT() REPRESENTATION_CONTEXT('2D SPACE',''
  ) );
#9675 = PCURVE('',#7402,#9676);
#9676 = DEFINITIONAL_REPRESENTATION('',(#9677),#9680);
#9677 = B_SPLINE_CURVE_WITH_KNOTS('',1,(#9678,#9679),.UNSPECIFIED.,.F.,
  .F.,(2,2),(0.,8.876117240666E-03),.PIECEWISE_BEZIER_KNOTS.);
#9678 = CARTESIAN_POINT('',(1.35366943603E-02,-1.863166138046E-02));
#9679 = CARTESIAN_POINT('',(8.348420278673E-03,-1.142976792637E-02));
#9680 = ( GEOMETRIC_REPRESENTATION_CONTEXT(2) 
PARAMETRIC_REPRESENTATION_CONTEXT() REPRESENTATION_CONTEXT('2D SPACE',''
  ) );
#9681 = ORIENTED_EDGE('',*,*,#9239,.T.);
#9682 = ADVANCED_FACE('',(#9683),#6980,.T.);
#9683 = FACE_BOUND('',#9684,.T.);
#9684 = EDGE_LOOP('',(#9685,#9703,#9704,#9705));
#9685 = ORIENTED_EDGE('',*,*,#9686,.T.);
#9686 = EDGE_CURVE('',#8278,#6936,#9687,.T.);
#9687 = SURFACE_CURVE('',#9688,(#9691,#9697),.PCURVE_S1.);
#9688 = B_SPLINE_CURVE_WITH_KNOTS('',1,(#9689,#9690),.UNSPECIFIED.,.F.,
  .F.,(2,2),(0.,8.876117240666E-03),.PIECEWISE_BEZIER_KNOTS.);
#9689 = CARTESIAN_POINT('',(5.164593521544,13.178114044021,
    25.221605084184));
#9690 = CARTESIAN_POINT('',(8.349112209913,21.463299497195,
    25.221605084184));
#9691 = PCURVE('',#6980,#9692);
#9692 = DEFINITIONAL_REPRESENTATION('',(#9693),#9696);
#9693 = B_SPLINE_CURVE_WITH_KNOTS('',1,(#9694,#9695),.UNSPECIFIED.,.F.,
  .F.,(2,2),(0.,8.876117240666E-03),.PIECEWISE_BEZIER_KNOTS.);
#9694 = CARTESIAN_POINT('',(5.001200786526E-03,1.148440398838E-03));
#9695 = CARTESIAN_POINT('',(-3.573468167312E-03,3.442020482927E-03));
#9696 = ( GEOMETRIC_REPRESENTATION_CONTEXT(2) 
PARAMETRIC_REPRESENTATION_CONTEXT() REPRESENTATION_CONTEXT('2D SPACE',''
  ) );
#9697 = PCURVE('',#6951,#9698);
#9698 = DEFINITIONAL_REPRESENTATION('',(#9699),#9702);
#9699 = B_SPLINE_CURVE_WITH_KNOTS('',1,(#9700,#9701),.UNSPECIFIED.,.F.,
  .F.,(2,2),(0.,8.876117240666E-03),.PIECEWISE_BEZIER_KNOTS.);
#9700 = CARTESIAN_POINT('',(5.164593521544E-03,1.317811404402E-02));
#9701 = CARTESIAN_POINT('',(8.349112209913E-03,2.146329949719E-02));
#9702 = ( GEOMETRIC_REPRESENTATION_CONTEXT(2) 
PARAMETRIC_REPRESENTATION_CONTEXT() REPRESENTATION_CONTEXT('2D SPACE',''
  ) );
#9703 = ORIENTED_EDGE('',*,*,#6963,.T.);
#9704 = ORIENTED_EDGE('',*,*,#9640,.T.);
#9705 = ORIENTED_EDGE('',*,*,#8300,.T.);
#9706 = ADVANCED_FACE('',(#9707),#7402,.F.);
#9707 = FACE_BOUND('',#9708,.F.);
#9708 = EDGE_LOOP('',(#9709,#9710,#9711,#9712));
#9709 = ORIENTED_EDGE('',*,*,#7386,.T.);
#9710 = ORIENTED_EDGE('',*,*,#9664,.T.);
#9711 = ORIENTED_EDGE('',*,*,#9262,.F.);
#9712 = ORIENTED_EDGE('',*,*,#9713,.T.);
#9713 = EDGE_CURVE('',#9263,#7387,#9714,.T.);
#9714 = SURFACE_CURVE('',#9715,(#9718,#9724),.PCURVE_S1.);
#9715 = B_SPLINE_CURVE_WITH_KNOTS('',1,(#9716,#9717),.UNSPECIFIED.,.F.,
  .F.,(2,2),(0.,8.876117240666E-03),.PIECEWISE_BEZIER_KNOTS.);
#9716 = CARTESIAN_POINT('',(7.625646309376,-11.92414501607,
    25.221605084184));
#9717 = CARTESIAN_POINT('',(12.456689021868,-19.37038457575,
    25.221605084184));
#9718 = PCURVE('',#7402,#9719);
#9719 = DEFINITIONAL_REPRESENTATION('',(#9720),#9723);
#9720 = B_SPLINE_CURVE_WITH_KNOTS('',1,(#9721,#9722),.UNSPECIFIED.,.F.,
  .F.,(2,2),(0.,8.876117240666E-03),.PIECEWISE_BEZIER_KNOTS.);
#9721 = CARTESIAN_POINT('',(7.625646309376E-03,-1.192414501607E-02));
#9722 = CARTESIAN_POINT('',(1.245668902187E-02,-1.937038457575E-02));
#9723 = ( GEOMETRIC_REPRESENTATION_CONTEXT(2) 
PARAMETRIC_REPRESENTATION_CONTEXT() REPRESENTATION_CONTEXT('2D SPACE',''
  ) );
#9724 = PCURVE('',#7431,#9725);
#9725 = DEFINITIONAL_REPRESENTATION('',(#9726),#9729);
#9726 = B_SPLINE_CURVE_WITH_KNOTS('',1,(#9727,#9728),.UNSPECIFIED.,.F.,
  .F.,(2,2),(0.,8.876117240666E-03),.PIECEWISE_BEZIER_KNOTS.);
#9727 = CARTESIAN_POINT('',(5.001200786526E-03,1.148440398838E-03));
#9728 = CARTESIAN_POINT('',(-3.573468167312E-03,3.442020482927E-03));
#9729 = ( GEOMETRIC_REPRESENTATION_CONTEXT(2) 
PARAMETRIC_REPRESENTATION_CONTEXT() REPRESENTATION_CONTEXT('2D SPACE',''
  ) );
#9730 = ADVANCED_FACE('',(#9731),#6951,.F.);
#9731 = FACE_BOUND('',#9732,.F.);
#9732 = EDGE_LOOP('',(#9733,#9734,#9735,#9753));
#9733 = ORIENTED_EDGE('',*,*,#9686,.T.);
#9734 = ORIENTED_EDGE('',*,*,#6935,.T.);
#9735 = ORIENTED_EDGE('',*,*,#9736,.T.);
#9736 = EDGE_CURVE('',#6907,#8254,#9737,.T.);
#9737 = SURFACE_CURVE('',#9738,(#9741,#9747),.PCURVE_S1.);
#9738 = B_SPLINE_CURVE_WITH_KNOTS('',1,(#9739,#9740),.UNSPECIFIED.,.F.,
  .F.,(2,2),(0.,8.876117240666E-03),.PIECEWISE_BEZIER_KNOTS.);
#9739 = CARTESIAN_POINT('',(7.116661380455,21.902831570277,
    25.221605084184));
#9740 = CARTESIAN_POINT('',(4.33979817445,13.472262905876,
    25.221605084184));
#9741 = PCURVE('',#6951,#9742);
#9742 = DEFINITIONAL_REPRESENTATION('',(#9743),#9746);
#9743 = B_SPLINE_CURVE_WITH_KNOTS('',1,(#9744,#9745),.UNSPECIFIED.,.F.,
  .F.,(2,2),(0.,8.876117240666E-03),.PIECEWISE_BEZIER_KNOTS.);
#9744 = CARTESIAN_POINT('',(7.116661380455E-03,2.190283157028E-02));
#9745 = CARTESIAN_POINT('',(4.33979817445E-03,1.347226290588E-02));
#9746 = ( GEOMETRIC_REPRESENTATION_CONTEXT(2) 
PARAMETRIC_REPRESENTATION_CONTEXT() REPRESENTATION_CONTEXT('2D SPACE',''
  ) );
#9747 = PCURVE('',#6923,#9748);
#9748 = DEFINITIONAL_REPRESENTATION('',(#9749),#9752);
#9749 = B_SPLINE_CURVE_WITH_KNOTS('',1,(#9750,#9751),.UNSPECIFIED.,.F.,
  .F.,(2,2),(0.,8.876117240666E-03),.PIECEWISE_BEZIER_KNOTS.);
#9750 = CARTESIAN_POINT('',(-4.331809092001E-03,-2.419216761298E-03));
#9751 = CARTESIAN_POINT('',(4.544236094062E-03,-2.383451903911E-03));
#9752 = ( GEOMETRIC_REPRESENTATION_CONTEXT(2) 
PARAMETRIC_REPRESENTATION_CONTEXT() REPRESENTATION_CONTEXT('2D SPACE',''
  ) );
#9753 = ORIENTED_EDGE('',*,*,#8277,.F.);
#9754 = ADVANCED_FACE('',(#9755),#7431,.T.);
#9755 = FACE_BOUND('',#9756,.T.);
#9756 = EDGE_LOOP('',(#9757,#9758,#9759,#9777));
#9757 = ORIENTED_EDGE('',*,*,#9713,.T.);
#9758 = ORIENTED_EDGE('',*,*,#7414,.T.);
#9759 = ORIENTED_EDGE('',*,*,#9760,.T.);
#9760 = EDGE_CURVE('',#7415,#9286,#9761,.T.);
#9761 = SURFACE_CURVE('',#9762,(#9765,#9771),.PCURVE_S1.);
#9762 = B_SPLINE_CURVE_WITH_KNOTS('',1,(#9763,#9764),.UNSPECIFIED.,.F.,
  .F.,(2,2),(0.,8.876117240666E-03),.PIECEWISE_BEZIER_KNOTS.);
#9763 = CARTESIAN_POINT('',(7.116661380455,-21.90283157027,
    25.221605084184));
#9764 = CARTESIAN_POINT('',(4.407826975793,-13.4501590084,
    25.221605084184));
#9765 = PCURVE('',#7431,#9766);
#9766 = DEFINITIONAL_REPRESENTATION('',(#9767),#9770);
#9767 = B_SPLINE_CURVE_WITH_KNOTS('',1,(#9768,#9769),.UNSPECIFIED.,.F.,
  .F.,(2,2),(0.,8.876117240666E-03),.PIECEWISE_BEZIER_KNOTS.);
#9768 = CARTESIAN_POINT('',(-4.331809092001E-03,-2.419216761298E-03));
#9769 = CARTESIAN_POINT('',(4.544236094062E-03,-2.383451903911E-03));
#9770 = ( GEOMETRIC_REPRESENTATION_CONTEXT(2) 
PARAMETRIC_REPRESENTATION_CONTEXT() REPRESENTATION_CONTEXT('2D SPACE',''
  ) );
#9771 = PCURVE('',#7459,#9772);
#9772 = DEFINITIONAL_REPRESENTATION('',(#9773),#9776);
#9773 = B_SPLINE_CURVE_WITH_KNOTS('',1,(#9774,#9775),.UNSPECIFIED.,.F.,
  .F.,(2,2),(0.,8.876117240666E-03),.PIECEWISE_BEZIER_KNOTS.);
#9774 = CARTESIAN_POINT('',(7.116661380455E-03,-2.190283157028E-02));
#9775 = CARTESIAN_POINT('',(4.407826975793E-03,-1.345015900841E-02));
#9776 = ( GEOMETRIC_REPRESENTATION_CONTEXT(2) 
PARAMETRIC_REPRESENTATION_CONTEXT() REPRESENTATION_CONTEXT('2D SPACE',''
  ) );
#9777 = ORIENTED_EDGE('',*,*,#9285,.T.);
#9778 = ADVANCED_FACE('',(#9779),#6923,.T.);
#9779 = FACE_BOUND('',#9780,.T.);
#9780 = EDGE_LOOP('',(#9781,#9799,#9800,#9801));
#9781 = ORIENTED_EDGE('',*,*,#9782,.T.);
#9782 = EDGE_CURVE('',#8231,#6879,#9783,.T.);
#9783 = SURFACE_CURVE('',#9784,(#9787,#9793),.PCURVE_S1.);
#9784 = B_SPLINE_CURVE_WITH_KNOTS('',1,(#9785,#9786),.UNSPECIFIED.,.F.,
  .F.,(2,2),(0.,8.876117240666E-03),.PIECEWISE_BEZIER_KNOTS.);
#9785 = CARTESIAN_POINT('',(0.839559129266,14.129078401243,
    25.221605084184));
#9786 = CARTESIAN_POINT('',(1.307953272524,22.992828408808,
    25.221605084184));
#9787 = PCURVE('',#6923,#9788);
#9788 = DEFINITIONAL_REPRESENTATION('',(#9789),#9792);
#9789 = B_SPLINE_CURVE_WITH_KNOTS('',1,(#9790,#9791),.UNSPECIFIED.,.F.,
  .F.,(2,2),(0.,8.876117240666E-03),.PIECEWISE_BEZIER_KNOTS.);
#9790 = CARTESIAN_POINT('',(5.001200786526E-03,1.148440398838E-03));
#9791 = CARTESIAN_POINT('',(-3.573468167312E-03,3.442020482927E-03));
#9792 = ( GEOMETRIC_REPRESENTATION_CONTEXT(2) 
PARAMETRIC_REPRESENTATION_CONTEXT() REPRESENTATION_CONTEXT('2D SPACE',''
  ) );
#9793 = PCURVE('',#6894,#9794);
#9794 = DEFINITIONAL_REPRESENTATION('',(#9795),#9798);
#9795 = B_SPLINE_CURVE_WITH_KNOTS('',1,(#9796,#9797),.UNSPECIFIED.,.F.,
  .F.,(2,2),(0.,8.876117240666E-03),.PIECEWISE_BEZIER_KNOTS.);
#9796 = CARTESIAN_POINT('',(8.395591292663E-04,1.412907840124E-02));
#9797 = CARTESIAN_POINT('',(1.307953272524E-03,2.299282840881E-02));
#9798 = ( GEOMETRIC_REPRESENTATION_CONTEXT(2) 
PARAMETRIC_REPRESENTATION_CONTEXT() REPRESENTATION_CONTEXT('2D SPACE',''
  ) );
#9799 = ORIENTED_EDGE('',*,*,#6906,.T.);
#9800 = ORIENTED_EDGE('',*,*,#9736,.T.);
#9801 = ORIENTED_EDGE('',*,*,#8253,.T.);
#9802 = ADVANCED_FACE('',(#9803),#7459,.F.);
#9803 = FACE_BOUND('',#9804,.F.);
#9804 = EDGE_LOOP('',(#9805,#9806,#9807,#9808));
#9805 = ORIENTED_EDGE('',*,*,#7443,.T.);
#9806 = ORIENTED_EDGE('',*,*,#9760,.T.);
#9807 = ORIENTED_EDGE('',*,*,#9309,.F.);
#9808 = ORIENTED_EDGE('',*,*,#9809,.T.);
#9809 = EDGE_CURVE('',#9310,#7444,#9810,.T.);
#9810 = SURFACE_CURVE('',#9811,(#9814,#9820),.PCURVE_S1.);
#9811 = B_SPLINE_CURVE_WITH_KNOTS('',1,(#9812,#9813),.UNSPECIFIED.,.F.,
  .F.,(2,2),(0.,8.876117240666E-03),.PIECEWISE_BEZIER_KNOTS.);
#9812 = CARTESIAN_POINT('',(3.567657160136,-13.69699012147,
    25.221605084184));
#9813 = CARTESIAN_POINT('',(5.861237244225,-22.27165907531,
    25.221605084184));
#9814 = PCURVE('',#7459,#9815);
#9815 = DEFINITIONAL_REPRESENTATION('',(#9816),#9819);
#9816 = B_SPLINE_CURVE_WITH_KNOTS('',1,(#9817,#9818),.UNSPECIFIED.,.F.,
  .F.,(2,2),(0.,8.876117240666E-03),.PIECEWISE_BEZIER_KNOTS.);
#9817 = CARTESIAN_POINT('',(3.567657160136E-03,-1.369699012147E-02));
#9818 = CARTESIAN_POINT('',(5.861237244225E-03,-2.227165907531E-02));
#9819 = ( GEOMETRIC_REPRESENTATION_CONTEXT(2) 
PARAMETRIC_REPRESENTATION_CONTEXT() REPRESENTATION_CONTEXT('2D SPACE',''
  ) );
#9820 = PCURVE('',#7486,#9821);
#9821 = DEFINITIONAL_REPRESENTATION('',(#9822),#9825);
#9822 = B_SPLINE_CURVE_WITH_KNOTS('',1,(#9823,#9824),.UNSPECIFIED.,.F.,
  .F.,(2,2),(0.,8.876117240666E-03),.PIECEWISE_BEZIER_KNOTS.);
#9823 = CARTESIAN_POINT('',(5.001200786526E-03,1.148440398838E-03));
#9824 = CARTESIAN_POINT('',(-3.573468167312E-03,3.442020482927E-03));
#9825 = ( GEOMETRIC_REPRESENTATION_CONTEXT(2) 
PARAMETRIC_REPRESENTATION_CONTEXT() REPRESENTATION_CONTEXT('2D SPACE',''
  ) );
#9826 = ADVANCED_FACE('',(#9827),#6894,.F.);
#9827 = FACE_BOUND('',#9828,.F.);
#9828 = EDGE_LOOP('',(#9829,#9830,#9831,#9849,#9850));
#9829 = ORIENTED_EDGE('',*,*,#9782,.T.);
#9830 = ORIENTED_EDGE('',*,*,#6878,.T.);
#9831 = ORIENTED_EDGE('',*,*,#9832,.T.);
#9832 = EDGE_CURVE('',#6850,#8750,#9833,.T.);
#9833 = SURFACE_CURVE('',#9834,(#9837,#9843),.PCURVE_S1.);
#9834 = B_SPLINE_CURVE_WITH_KNOTS('',1,(#9835,#9836),.UNSPECIFIED.,.F.,
  .F.,(2,2),(0.,8.876117240666E-03),.PIECEWISE_BEZIER_KNOTS.);
#9835 = CARTESIAN_POINT('',(3.469446951954E-15,23.03,25.221605084184));
#9836 = CARTESIAN_POINT('',(-3.576485738651E-02,14.153954813937,
    25.221605084184));
#9837 = PCURVE('',#6894,#9838);
#9838 = DEFINITIONAL_REPRESENTATION('',(#9839),#9842);
#9839 = B_SPLINE_CURVE_WITH_KNOTS('',1,(#9840,#9841),.UNSPECIFIED.,.F.,
  .F.,(2,2),(0.,8.876117240666E-03),.PIECEWISE_BEZIER_KNOTS.);
#9840 = CARTESIAN_POINT('',(3.090499608155E-18,2.303E-02));
#9841 = CARTESIAN_POINT('',(-3.576485738651E-05,1.415395481394E-02));
#9842 = ( GEOMETRIC_REPRESENTATION_CONTEXT(2) 
PARAMETRIC_REPRESENTATION_CONTEXT() REPRESENTATION_CONTEXT('2D SPACE',''
  ) );
#9843 = PCURVE('',#7817,#9844);
#9844 = DEFINITIONAL_REPRESENTATION('',(#9845),#9848);
#9845 = B_SPLINE_CURVE_WITH_KNOTS('',1,(#9846,#9847),.UNSPECIFIED.,.F.,
  .F.,(2,2),(0.,8.876117240666E-03),.PIECEWISE_BEZIER_KNOTS.);
#9846 = CARTESIAN_POINT('',(3.090499608155E-18,2.303E-02));
#9847 = CARTESIAN_POINT('',(-3.576485738651E-05,1.415395481394E-02));
#9848 = ( GEOMETRIC_REPRESENTATION_CONTEXT(2) 
PARAMETRIC_REPRESENTATION_CONTEXT() REPRESENTATION_CONTEXT('2D SPACE',''
  ) );
#9849 = ORIENTED_EDGE('',*,*,#8773,.F.);
#9850 = ORIENTED_EDGE('',*,*,#8230,.F.);
#9851 = ADVANCED_FACE('',(#9852),#7486,.T.);
#9852 = FACE_BOUND('',#9853,.T.);
#9853 = EDGE_LOOP('',(#9854,#9855,#9856,#9874));
#9854 = ORIENTED_EDGE('',*,*,#9809,.T.);
#9855 = ORIENTED_EDGE('',*,*,#7471,.T.);
#9856 = ORIENTED_EDGE('',*,*,#9857,.T.);
#9857 = EDGE_CURVE('',#7164,#9333,#9858,.T.);
#9858 = SURFACE_CURVE('',#9859,(#9862,#9868),.PCURVE_S1.);
#9859 = B_SPLINE_CURVE_WITH_KNOTS('',1,(#9860,#9861),.UNSPECIFIED.,.F.,
  .F.,(2,2),(0.,8.876117240666E-03),.PIECEWISE_BEZIER_KNOTS.);
#9860 = CARTESIAN_POINT('',(-1.301042606983E-14,-23.03,25.221605084184)
  );
#9861 = CARTESIAN_POINT('',(3.57648573865E-02,-14.15395481393,
    25.221605084184));
#9862 = PCURVE('',#7486,#9863);
#9863 = DEFINITIONAL_REPRESENTATION('',(#9864),#9867);
#9864 = B_SPLINE_CURVE_WITH_KNOTS('',1,(#9865,#9866),.UNSPECIFIED.,.F.,
  .F.,(2,2),(0.,8.876117240666E-03),.PIECEWISE_BEZIER_KNOTS.);
#9865 = CARTESIAN_POINT('',(-4.331809092001E-03,-2.419216761298E-03));
#9866 = CARTESIAN_POINT('',(4.544236094062E-03,-2.383451903911E-03));
#9867 = ( GEOMETRIC_REPRESENTATION_CONTEXT(2) 
PARAMETRIC_REPRESENTATION_CONTEXT() REPRESENTATION_CONTEXT('2D SPACE',''
  ) );
#9868 = PCURVE('',#7871,#9869);
#9869 = DEFINITIONAL_REPRESENTATION('',(#9870),#9873);
#9870 = B_SPLINE_CURVE_WITH_KNOTS('',1,(#9871,#9872),.UNSPECIFIED.,.F.,
  .F.,(2,2),(0.,8.876117240666E-03),.PIECEWISE_BEZIER_KNOTS.);
#9871 = CARTESIAN_POINT('',(-1.338937341362E-17,-2.303E-02));
#9872 = CARTESIAN_POINT('',(3.57648573865E-05,-1.415395481394E-02));
#9873 = ( GEOMETRIC_REPRESENTATION_CONTEXT(2) 
PARAMETRIC_REPRESENTATION_CONTEXT() REPRESENTATION_CONTEXT('2D SPACE',''
  ) );
#9874 = ORIENTED_EDGE('',*,*,#9332,.T.);
#9875 = ADVANCED_FACE('',(#9876),#7817,.F.);
#9876 = FACE_BOUND('',#9877,.F.);
#9877 = EDGE_LOOP('',(#9878,#9879,#9880,#9898));
#9878 = ORIENTED_EDGE('',*,*,#9832,.F.);
#9879 = ORIENTED_EDGE('',*,*,#7802,.T.);
#9880 = ORIENTED_EDGE('',*,*,#9881,.F.);
#9881 = EDGE_CURVE('',#8727,#7775,#9882,.T.);
#9882 = SURFACE_CURVE('',#9883,(#9886,#9892),.PCURVE_S1.);
#9883 = B_SPLINE_CURVE_WITH_KNOTS('',1,(#9884,#9885),.UNSPECIFIED.,.F.,
  .F.,(2,2),(0.,8.876117240666E-03),.PIECEWISE_BEZIER_KNOTS.);
#9884 = CARTESIAN_POINT('',(-3.567657160136,13.696990121473,
    25.221605084184));
#9885 = CARTESIAN_POINT('',(-5.861237244225,22.271659075312,
    25.221605084184));
#9886 = PCURVE('',#7817,#9887);
#9887 = DEFINITIONAL_REPRESENTATION('',(#9888),#9891);
#9888 = B_SPLINE_CURVE_WITH_KNOTS('',1,(#9889,#9890),.UNSPECIFIED.,.F.,
  .F.,(2,2),(0.,8.876117240666E-03),.PIECEWISE_BEZIER_KNOTS.);
#9889 = CARTESIAN_POINT('',(-3.567657160136E-03,1.369699012147E-02));
#9890 = CARTESIAN_POINT('',(-5.861237244225E-03,2.227165907531E-02));
#9891 = ( GEOMETRIC_REPRESENTATION_CONTEXT(2) 
PARAMETRIC_REPRESENTATION_CONTEXT() REPRESENTATION_CONTEXT('2D SPACE',''
  ) );
#9892 = PCURVE('',#7790,#9893);
#9893 = DEFINITIONAL_REPRESENTATION('',(#9894),#9897);
#9894 = B_SPLINE_CURVE_WITH_KNOTS('',1,(#9895,#9896),.UNSPECIFIED.,.F.,
  .F.,(2,2),(0.,8.876117240666E-03),.PIECEWISE_BEZIER_KNOTS.);
#9895 = CARTESIAN_POINT('',(-3.567657160136E-03,1.369699012147E-02));
#9896 = CARTESIAN_POINT('',(-5.861237244225E-03,2.227165907531E-02));
#9897 = ( GEOMETRIC_REPRESENTATION_CONTEXT(2) 
PARAMETRIC_REPRESENTATION_CONTEXT() REPRESENTATION_CONTEXT('2D SPACE',''
  ) );
#9898 = ORIENTED_EDGE('',*,*,#8749,.F.);
#9899 = ADVANCED_FACE('',(#9900),#7871,.F.);
#9900 = FACE_BOUND('',#9901,.F.);
#9901 = EDGE_LOOP('',(#9902,#9903,#9904,#9905,#9906));
#9902 = ORIENTED_EDGE('',*,*,#7855,.T.);
#9903 = ORIENTED_EDGE('',*,*,#9857,.T.);
#9904 = ORIENTED_EDGE('',*,*,#9356,.F.);
#9905 = ORIENTED_EDGE('',*,*,#8843,.F.);
#9906 = ORIENTED_EDGE('',*,*,#9907,.T.);
#9907 = EDGE_CURVE('',#8844,#7856,#9908,.T.);
#9908 = SURFACE_CURVE('',#9909,(#9912,#9918),.PCURVE_S1.);
#9909 = B_SPLINE_CURVE_WITH_KNOTS('',1,(#9910,#9911),.UNSPECIFIED.,.F.,
  .F.,(2,2),(0.,8.876117240666E-03),.PIECEWISE_BEZIER_KNOTS.);
#9910 = CARTESIAN_POINT('',(-0.839559129266,-14.12907840124,
    25.221605084184));
#9911 = CARTESIAN_POINT('',(-1.307953272524,-22.9928284088,
    25.221605084184));
#9912 = PCURVE('',#7871,#9913);
#9913 = DEFINITIONAL_REPRESENTATION('',(#9914),#9917);
#9914 = B_SPLINE_CURVE_WITH_KNOTS('',1,(#9915,#9916),.UNSPECIFIED.,.F.,
  .F.,(2,2),(0.,8.876117240666E-03),.PIECEWISE_BEZIER_KNOTS.);
#9915 = CARTESIAN_POINT('',(-8.395591292663E-04,-1.412907840124E-02));
#9916 = CARTESIAN_POINT('',(-1.307953272524E-03,-2.299282840881E-02));
#9917 = ( GEOMETRIC_REPRESENTATION_CONTEXT(2) 
PARAMETRIC_REPRESENTATION_CONTEXT() REPRESENTATION_CONTEXT('2D SPACE',''
  ) );
#9918 = PCURVE('',#7900,#9919);
#9919 = DEFINITIONAL_REPRESENTATION('',(#9920),#9923);
#9920 = B_SPLINE_CURVE_WITH_KNOTS('',1,(#9921,#9922),.UNSPECIFIED.,.F.,
  .F.,(2,2),(0.,8.876117240666E-03),.PIECEWISE_BEZIER_KNOTS.);
#9921 = CARTESIAN_POINT('',(5.001200786526E-03,1.148440398838E-03));
#9922 = CARTESIAN_POINT('',(-3.573468167312E-03,3.442020482927E-03));
#9923 = ( GEOMETRIC_REPRESENTATION_CONTEXT(2) 
PARAMETRIC_REPRESENTATION_CONTEXT() REPRESENTATION_CONTEXT('2D SPACE',''
  ) );
#9924 = ADVANCED_FACE('',(#9925),#7790,.F.);
#9925 = FACE_BOUND('',#9926,.F.);
#9926 = EDGE_LOOP('',(#9927,#9928,#9929,#9947));
#9927 = ORIENTED_EDGE('',*,*,#9881,.T.);
#9928 = ORIENTED_EDGE('',*,*,#7774,.T.);
#9929 = ORIENTED_EDGE('',*,*,#9930,.T.);
#9930 = EDGE_CURVE('',#7746,#8703,#9931,.T.);
#9931 = SURFACE_CURVE('',#9932,(#9935,#9941),.PCURVE_S1.);
#9932 = B_SPLINE_CURVE_WITH_KNOTS('',1,(#9933,#9934),.UNSPECIFIED.,.F.,
  .F.,(2,2),(0.,8.876117240666E-03),.PIECEWISE_BEZIER_KNOTS.);
#9933 = CARTESIAN_POINT('',(-7.116661380455,21.902831570277,
    25.221605084184));
#9934 = CARTESIAN_POINT('',(-4.407826975794,13.450159008408,
    25.221605084184));
#9935 = PCURVE('',#7790,#9936);
#9936 = DEFINITIONAL_REPRESENTATION('',(#9937),#9940);
#9937 = B_SPLINE_CURVE_WITH_KNOTS('',1,(#9938,#9939),.UNSPECIFIED.,.F.,
  .F.,(2,2),(0.,8.876117240666E-03),.PIECEWISE_BEZIER_KNOTS.);
#9938 = CARTESIAN_POINT('',(-7.116661380455E-03,2.190283157028E-02));
#9939 = CARTESIAN_POINT('',(-4.407826975793E-03,1.345015900841E-02));
#9940 = ( GEOMETRIC_REPRESENTATION_CONTEXT(2) 
PARAMETRIC_REPRESENTATION_CONTEXT() REPRESENTATION_CONTEXT('2D SPACE',''
  ) );
#9941 = PCURVE('',#7762,#9942);
#9942 = DEFINITIONAL_REPRESENTATION('',(#9943),#9946);
#9943 = B_SPLINE_CURVE_WITH_KNOTS('',1,(#9944,#9945),.UNSPECIFIED.,.F.,
  .F.,(2,2),(0.,8.876117240666E-03),.PIECEWISE_BEZIER_KNOTS.);
#9944 = CARTESIAN_POINT('',(-4.331809092001E-03,-2.419216761298E-03));
#9945 = CARTESIAN_POINT('',(4.544236094062E-03,-2.383451903911E-03));
#9946 = ( GEOMETRIC_REPRESENTATION_CONTEXT(2) 
PARAMETRIC_REPRESENTATION_CONTEXT() REPRESENTATION_CONTEXT('2D SPACE',''
  ) );
#9947 = ORIENTED_EDGE('',*,*,#8726,.F.);
#9948 = ADVANCED_FACE('',(#9949),#7900,.T.);
#9949 = FACE_BOUND('',#9950,.T.);
#9950 = EDGE_LOOP('',(#9951,#9952,#9953,#9971));
#9951 = ORIENTED_EDGE('',*,*,#9907,.T.);
#9952 = ORIENTED_EDGE('',*,*,#7883,.T.);
#9953 = ORIENTED_EDGE('',*,*,#9954,.T.);
#9954 = EDGE_CURVE('',#7884,#8867,#9955,.T.);
#9955 = SURFACE_CURVE('',#9956,(#9959,#9965),.PCURVE_S1.);
#9956 = B_SPLINE_CURVE_WITH_KNOTS('',1,(#9957,#9958),.UNSPECIFIED.,.F.,
  .F.,(2,2),(0.,8.876117240666E-03),.PIECEWISE_BEZIER_KNOTS.);
#9957 = CARTESIAN_POINT('',(-7.116661380455,-21.90283157027,
    25.221605084184));
#9958 = CARTESIAN_POINT('',(-4.33979817445,-13.47226290587,
    25.221605084184));
#9959 = PCURVE('',#7900,#9960);
#9960 = DEFINITIONAL_REPRESENTATION('',(#9961),#9964);
#9961 = B_SPLINE_CURVE_WITH_KNOTS('',1,(#9962,#9963),.UNSPECIFIED.,.F.,
  .F.,(2,2),(0.,8.876117240666E-03),.PIECEWISE_BEZIER_KNOTS.);
#9962 = CARTESIAN_POINT('',(-4.331809092001E-03,-2.419216761298E-03));
#9963 = CARTESIAN_POINT('',(4.544236094062E-03,-2.383451903911E-03));
#9964 = ( GEOMETRIC_REPRESENTATION_CONTEXT(2) 
PARAMETRIC_REPRESENTATION_CONTEXT() REPRESENTATION_CONTEXT('2D SPACE',''
  ) );
#9965 = PCURVE('',#7928,#9966);
#9966 = DEFINITIONAL_REPRESENTATION('',(#9967),#9970);
#9967 = B_SPLINE_CURVE_WITH_KNOTS('',1,(#9968,#9969),.UNSPECIFIED.,.F.,
  .F.,(2,2),(0.,8.876117240666E-03),.PIECEWISE_BEZIER_KNOTS.);
#9968 = CARTESIAN_POINT('',(-7.116661380455E-03,-2.190283157028E-02));
#9969 = CARTESIAN_POINT('',(-4.33979817445E-03,-1.347226290588E-02));
#9970 = ( GEOMETRIC_REPRESENTATION_CONTEXT(2) 
PARAMETRIC_REPRESENTATION_CONTEXT() REPRESENTATION_CONTEXT('2D SPACE',''
  ) );
#9971 = ORIENTED_EDGE('',*,*,#8866,.T.);
#9972 = ADVANCED_FACE('',(#9973),#7762,.T.);
#9973 = FACE_BOUND('',#9974,.T.);
#9974 = EDGE_LOOP('',(#9975,#9993,#9994,#9995));
#9975 = ORIENTED_EDGE('',*,*,#9976,.T.);
#9976 = EDGE_CURVE('',#8680,#7718,#9977,.T.);
#9977 = SURFACE_CURVE('',#9978,(#9981,#9987),.PCURVE_S1.);
#9978 = B_SPLINE_CURVE_WITH_KNOTS('',1,(#9979,#9980),.UNSPECIFIED.,.F.,
  .F.,(2,2),(0.,8.876117240666E-03),.PIECEWISE_BEZIER_KNOTS.);
#9979 = CARTESIAN_POINT('',(-7.625646309376,11.924145016072,
    25.221605084184));
#9980 = CARTESIAN_POINT('',(-12.45668902186,19.37038457575,
    25.221605084184));
#9981 = PCURVE('',#7762,#9982);
#9982 = DEFINITIONAL_REPRESENTATION('',(#9983),#9986);
#9983 = B_SPLINE_CURVE_WITH_KNOTS('',1,(#9984,#9985),.UNSPECIFIED.,.F.,
  .F.,(2,2),(0.,8.876117240666E-03),.PIECEWISE_BEZIER_KNOTS.);
#9984 = CARTESIAN_POINT('',(5.001200786526E-03,1.148440398838E-03));
#9985 = CARTESIAN_POINT('',(-3.573468167312E-03,3.442020482927E-03));
#9986 = ( GEOMETRIC_REPRESENTATION_CONTEXT(2) 
PARAMETRIC_REPRESENTATION_CONTEXT() REPRESENTATION_CONTEXT('2D SPACE',''
  ) );
#9987 = PCURVE('',#7733,#9988);
#9988 = DEFINITIONAL_REPRESENTATION('',(#9989),#9992);
#9989 = B_SPLINE_CURVE_WITH_KNOTS('',1,(#9990,#9991),.UNSPECIFIED.,.F.,
  .F.,(2,2),(0.,8.876117240666E-03),.PIECEWISE_BEZIER_KNOTS.);
#9990 = CARTESIAN_POINT('',(-7.625646309376E-03,1.192414501607E-02));
#9991 = CARTESIAN_POINT('',(-1.245668902187E-02,1.937038457575E-02));
#9992 = ( GEOMETRIC_REPRESENTATION_CONTEXT(2) 
PARAMETRIC_REPRESENTATION_CONTEXT() REPRESENTATION_CONTEXT('2D SPACE',''
  ) );
#9993 = ORIENTED_EDGE('',*,*,#7745,.T.);
#9994 = ORIENTED_EDGE('',*,*,#9930,.T.);
#9995 = ORIENTED_EDGE('',*,*,#8702,.T.);
#9996 = ADVANCED_FACE('',(#9997),#7928,.F.);
#9997 = FACE_BOUND('',#9998,.F.);
#9998 = EDGE_LOOP('',(#9999,#10000,#10001,#10002));
#9999 = ORIENTED_EDGE('',*,*,#7912,.T.);
#10000 = ORIENTED_EDGE('',*,*,#9954,.T.);
#10001 = ORIENTED_EDGE('',*,*,#8890,.F.);
#10002 = ORIENTED_EDGE('',*,*,#10003,.T.);
#10003 = EDGE_CURVE('',#8891,#7913,#10004,.T.);
#10004 = SURFACE_CURVE('',#10005,(#10008,#10014),.PCURVE_S1.);
#10005 = B_SPLINE_CURVE_WITH_KNOTS('',1,(#10006,#10007),.UNSPECIFIED.,
  .F.,.F.,(2,2),(0.,8.876117240666E-03),.PIECEWISE_BEZIER_KNOTS.);
#10006 = CARTESIAN_POINT('',(-5.164593521544,-13.17811404402,
    25.221605084184));
#10007 = CARTESIAN_POINT('',(-8.349112209913,-21.46329949719,
    25.221605084184));
#10008 = PCURVE('',#7928,#10009);
#10009 = DEFINITIONAL_REPRESENTATION('',(#10010),#10013);
#10010 = B_SPLINE_CURVE_WITH_KNOTS('',1,(#10011,#10012),.UNSPECIFIED.,
  .F.,.F.,(2,2),(0.,8.876117240666E-03),.PIECEWISE_BEZIER_KNOTS.);
#10011 = CARTESIAN_POINT('',(-5.164593521544E-03,-1.317811404402E-02));
#10012 = CARTESIAN_POINT('',(-8.349112209913E-03,-2.146329949719E-02));
#10013 = ( GEOMETRIC_REPRESENTATION_CONTEXT(2) 
PARAMETRIC_REPRESENTATION_CONTEXT() REPRESENTATION_CONTEXT('2D SPACE',''
  ) );
#10014 = PCURVE('',#7957,#10015);
#10015 = DEFINITIONAL_REPRESENTATION('',(#10016),#10019);
#10016 = B_SPLINE_CURVE_WITH_KNOTS('',1,(#10017,#10018),.UNSPECIFIED.,
  .F.,.F.,(2,2),(0.,8.876117240666E-03),.PIECEWISE_BEZIER_KNOTS.);
#10017 = CARTESIAN_POINT('',(5.001200786526E-03,1.148440398838E-03));
#10018 = CARTESIAN_POINT('',(-3.573468167312E-03,3.442020482927E-03));
#10019 = ( GEOMETRIC_REPRESENTATION_CONTEXT(2) 
PARAMETRIC_REPRESENTATION_CONTEXT() REPRESENTATION_CONTEXT('2D SPACE',''
  ) );
#10020 = ADVANCED_FACE('',(#10021),#7733,.F.);
#10021 = FACE_BOUND('',#10022,.F.);
#10022 = EDGE_LOOP('',(#10023,#10024,#10025,#10043));
#10023 = ORIENTED_EDGE('',*,*,#9976,.T.);
#10024 = ORIENTED_EDGE('',*,*,#7717,.T.);
#10025 = ORIENTED_EDGE('',*,*,#10026,.T.);
#10026 = EDGE_CURVE('',#7690,#8657,#10027,.T.);
#10027 = SURFACE_CURVE('',#10028,(#10031,#10037),.PCURVE_S1.);
#10028 = B_SPLINE_CURVE_WITH_KNOTS('',1,(#10029,#10030),.UNSPECIFIED.,
  .F.,.F.,(2,2),(0.,8.876117240666E-03),.PIECEWISE_BEZIER_KNOTS.);
#10029 = CARTESIAN_POINT('',(-13.53669436029,18.631661380455,
    25.221605084184));
#10030 = CARTESIAN_POINT('',(-8.348420278673,11.429767926368,
    25.221605084184));
#10031 = PCURVE('',#7733,#10032);
#10032 = DEFINITIONAL_REPRESENTATION('',(#10033),#10036);
#10033 = B_SPLINE_CURVE_WITH_KNOTS('',1,(#10034,#10035),.UNSPECIFIED.,
  .F.,.F.,(2,2),(0.,8.876117240666E-03),.PIECEWISE_BEZIER_KNOTS.);
#10034 = CARTESIAN_POINT('',(-1.35366943603E-02,1.863166138046E-02));
#10035 = CARTESIAN_POINT('',(-8.348420278673E-03,1.142976792637E-02));
#10036 = ( GEOMETRIC_REPRESENTATION_CONTEXT(2) 
PARAMETRIC_REPRESENTATION_CONTEXT() REPRESENTATION_CONTEXT('2D SPACE',''
  ) );
#10037 = PCURVE('',#7705,#10038);
#10038 = DEFINITIONAL_REPRESENTATION('',(#10039),#10042);
#10039 = B_SPLINE_CURVE_WITH_KNOTS('',1,(#10040,#10041),.UNSPECIFIED.,
  .F.,.F.,(2,2),(0.,8.876117240666E-03),.PIECEWISE_BEZIER_KNOTS.);
#10040 = CARTESIAN_POINT('',(-4.331809092001E-03,-2.419216761298E-03));
#10041 = CARTESIAN_POINT('',(4.544236094062E-03,-2.383451903911E-03));
#10042 = ( GEOMETRIC_REPRESENTATION_CONTEXT(2) 
PARAMETRIC_REPRESENTATION_CONTEXT() REPRESENTATION_CONTEXT('2D SPACE',''
  ) );
#10043 = ORIENTED_EDGE('',*,*,#8679,.F.);
#10044 = ADVANCED_FACE('',(#10045),#7957,.T.);
#10045 = FACE_BOUND('',#10046,.T.);
#10046 = EDGE_LOOP('',(#10047,#10048,#10049,#10067));
#10047 = ORIENTED_EDGE('',*,*,#10003,.T.);
#10048 = ORIENTED_EDGE('',*,*,#7940,.T.);
#10049 = ORIENTED_EDGE('',*,*,#10050,.T.);
#10050 = EDGE_CURVE('',#7941,#8914,#10051,.T.);
#10051 = SURFACE_CURVE('',#10052,(#10055,#10061),.PCURVE_S1.);
#10052 = B_SPLINE_CURVE_WITH_KNOTS('',1,(#10053,#10054),.UNSPECIFIED.,
  .F.,.F.,(2,2),(0.,8.876117240666E-03),.PIECEWISE_BEZIER_KNOTS.);
#10053 = CARTESIAN_POINT('',(-13.53669436029,-18.63166138045,
    25.221605084184));
#10054 = CARTESIAN_POINT('',(-8.290551523819,-11.47181203781,
    25.221605084184));
#10055 = PCURVE('',#7957,#10056);
#10056 = DEFINITIONAL_REPRESENTATION('',(#10057),#10060);
#10057 = B_SPLINE_CURVE_WITH_KNOTS('',1,(#10058,#10059),.UNSPECIFIED.,
  .F.,.F.,(2,2),(0.,8.876117240666E-03),.PIECEWISE_BEZIER_KNOTS.);
#10058 = CARTESIAN_POINT('',(-4.331809092001E-03,-2.419216761298E-03));
#10059 = CARTESIAN_POINT('',(4.544236094062E-03,-2.383451903911E-03));
#10060 = ( GEOMETRIC_REPRESENTATION_CONTEXT(2) 
PARAMETRIC_REPRESENTATION_CONTEXT() REPRESENTATION_CONTEXT('2D SPACE',''
  ) );
#10061 = PCURVE('',#7985,#10062);
#10062 = DEFINITIONAL_REPRESENTATION('',(#10063),#10066);
#10063 = B_SPLINE_CURVE_WITH_KNOTS('',1,(#10064,#10065),.UNSPECIFIED.,
  .F.,.F.,(2,2),(0.,8.876117240666E-03),.PIECEWISE_BEZIER_KNOTS.);
#10064 = CARTESIAN_POINT('',(-1.35366943603E-02,-1.863166138046E-02));
#10065 = CARTESIAN_POINT('',(-8.290551523819E-03,-1.147181203781E-02));
#10066 = ( GEOMETRIC_REPRESENTATION_CONTEXT(2) 
PARAMETRIC_REPRESENTATION_CONTEXT() REPRESENTATION_CONTEXT('2D SPACE',''
  ) );
#10067 = ORIENTED_EDGE('',*,*,#8913,.T.);
#10068 = ADVANCED_FACE('',(#10069),#7705,.T.);
#10069 = FACE_BOUND('',#10070,.T.);
#10070 = EDGE_LOOP('',(#10071,#10089,#10090,#10091));
#10071 = ORIENTED_EDGE('',*,*,#10072,.T.);
#10072 = EDGE_CURVE('',#8634,#7662,#10073,.T.);
#10073 = SURFACE_CURVE('',#10074,(#10077,#10083),.PCURVE_S1.);
#10074 = B_SPLINE_CURVE_WITH_KNOTS('',1,(#10075,#10076),.UNSPECIFIED.,
  .F.,.F.,(2,2),(0.,8.876117240666E-03),.PIECEWISE_BEZIER_KNOTS.);
#10075 = CARTESIAN_POINT('',(-10.93718406685,8.984081516094,
    25.221605084184));
#10076 = CARTESIAN_POINT('',(-17.83279328719,14.573001872509,
    25.221605084184));
#10077 = PCURVE('',#7705,#10078);
#10078 = DEFINITIONAL_REPRESENTATION('',(#10079),#10082);
#10079 = B_SPLINE_CURVE_WITH_KNOTS('',1,(#10080,#10081),.UNSPECIFIED.,
  .F.,.F.,(2,2),(0.,8.876117240666E-03),.PIECEWISE_BEZIER_KNOTS.);
#10080 = CARTESIAN_POINT('',(5.001200786526E-03,1.148440398838E-03));
#10081 = CARTESIAN_POINT('',(-3.573468167312E-03,3.442020482927E-03));
#10082 = ( GEOMETRIC_REPRESENTATION_CONTEXT(2) 
PARAMETRIC_REPRESENTATION_CONTEXT() REPRESENTATION_CONTEXT('2D SPACE',''
  ) );
#10083 = PCURVE('',#7677,#10084);
#10084 = DEFINITIONAL_REPRESENTATION('',(#10085),#10088);
#10085 = B_SPLINE_CURVE_WITH_KNOTS('',1,(#10086,#10087),.UNSPECIFIED.,
  .F.,.F.,(2,2),(0.,8.876117240666E-03),.PIECEWISE_BEZIER_KNOTS.);
#10086 = CARTESIAN_POINT('',(-1.093718406685E-02,8.984081516094E-03));
#10087 = CARTESIAN_POINT('',(-1.78327932872E-02,1.457300187251E-02));
#10088 = ( GEOMETRIC_REPRESENTATION_CONTEXT(2) 
PARAMETRIC_REPRESENTATION_CONTEXT() REPRESENTATION_CONTEXT('2D SPACE',''
  ) );
#10089 = ORIENTED_EDGE('',*,*,#7689,.T.);
#10090 = ORIENTED_EDGE('',*,*,#10026,.T.);
#10091 = ORIENTED_EDGE('',*,*,#8656,.T.);
#10092 = ADVANCED_FACE('',(#10093),#7985,.F.);
#10093 = FACE_BOUND('',#10094,.F.);
#10094 = EDGE_LOOP('',(#10095,#10096,#10097,#10098));
#10095 = ORIENTED_EDGE('',*,*,#7969,.T.);
#10096 = ORIENTED_EDGE('',*,*,#10050,.T.);
#10097 = ORIENTED_EDGE('',*,*,#8936,.F.);
#10098 = ORIENTED_EDGE('',*,*,#10099,.T.);
#10099 = EDGE_CURVE('',#8937,#7970,#10100,.T.);
#10100 = SURFACE_CURVE('',#10101,(#10104,#10110),.PCURVE_S1.);
#10101 = B_SPLINE_CURVE_WITH_KNOTS('',1,(#10102,#10103),.UNSPECIFIED.,
  .F.,.F.,(2,2),(0.,8.876117240666E-03),.PIECEWISE_BEZIER_KNOTS.);
#10102 = CARTESIAN_POINT('',(-8.984081516094,-10.93718406685,
    25.221605084184));
#10103 = CARTESIAN_POINT('',(-14.5730018725,-17.83279328719,
    25.221605084184));
#10104 = PCURVE('',#7985,#10105);
#10105 = DEFINITIONAL_REPRESENTATION('',(#10106),#10109);
#10106 = B_SPLINE_CURVE_WITH_KNOTS('',1,(#10107,#10108),.UNSPECIFIED.,
  .F.,.F.,(2,2),(0.,8.876117240666E-03),.PIECEWISE_BEZIER_KNOTS.);
#10107 = CARTESIAN_POINT('',(-8.984081516094E-03,-1.093718406685E-02));
#10108 = CARTESIAN_POINT('',(-1.457300187251E-02,-1.78327932872E-02));
#10109 = ( GEOMETRIC_REPRESENTATION_CONTEXT(2) 
PARAMETRIC_REPRESENTATION_CONTEXT() REPRESENTATION_CONTEXT('2D SPACE',''
  ) );
#10110 = PCURVE('',#8013,#10111);
#10111 = DEFINITIONAL_REPRESENTATION('',(#10112),#10115);
#10112 = B_SPLINE_CURVE_WITH_KNOTS('',1,(#10113,#10114),.UNSPECIFIED.,
  .F.,.F.,(2,2),(0.,8.876117240666E-03),.PIECEWISE_BEZIER_KNOTS.);
#10113 = CARTESIAN_POINT('',(5.001200786526E-03,1.148440398838E-03));
#10114 = CARTESIAN_POINT('',(-3.573468167312E-03,3.442020482927E-03));
#10115 = ( GEOMETRIC_REPRESENTATION_CONTEXT(2) 
PARAMETRIC_REPRESENTATION_CONTEXT() REPRESENTATION_CONTEXT('2D SPACE',''
  ) );
#10116 = ADVANCED_FACE('',(#10117),#7677,.F.);
#10117 = FACE_BOUND('',#10118,.F.);
#10118 = EDGE_LOOP('',(#10119,#10120,#10121,#10139));
#10119 = ORIENTED_EDGE('',*,*,#10072,.T.);
#10120 = ORIENTED_EDGE('',*,*,#7661,.T.);
#10121 = ORIENTED_EDGE('',*,*,#10122,.T.);
#10122 = EDGE_CURVE('',#7633,#8611,#10123,.T.);
#10123 = SURFACE_CURVE('',#10124,(#10127,#10133),.PCURVE_S1.);
#10124 = B_SPLINE_CURVE_WITH_KNOTS('',1,(#10125,#10126),.UNSPECIFIED.,
  .F.,.F.,(2,2),(0.,8.876117240666E-03),.PIECEWISE_BEZIER_KNOTS.);
#10125 = CARTESIAN_POINT('',(-18.63166138045,13.536694360296,
    25.221605084184));
#10126 = CARTESIAN_POINT('',(-11.47181203781,8.290551523819,
    25.221605084184));
#10127 = PCURVE('',#7677,#10128);
#10128 = DEFINITIONAL_REPRESENTATION('',(#10129),#10132);
#10129 = B_SPLINE_CURVE_WITH_KNOTS('',1,(#10130,#10131),.UNSPECIFIED.,
  .F.,.F.,(2,2),(0.,8.876117240666E-03),.PIECEWISE_BEZIER_KNOTS.);
#10130 = CARTESIAN_POINT('',(-1.863166138046E-02,1.35366943603E-02));
#10131 = CARTESIAN_POINT('',(-1.147181203781E-02,8.290551523819E-03));
#10132 = ( GEOMETRIC_REPRESENTATION_CONTEXT(2) 
PARAMETRIC_REPRESENTATION_CONTEXT() REPRESENTATION_CONTEXT('2D SPACE',''
  ) );
#10133 = PCURVE('',#7649,#10134);
#10134 = DEFINITIONAL_REPRESENTATION('',(#10135),#10138);
#10135 = B_SPLINE_CURVE_WITH_KNOTS('',1,(#10136,#10137),.UNSPECIFIED.,
  .F.,.F.,(2,2),(0.,8.876117240666E-03),.PIECEWISE_BEZIER_KNOTS.);
#10136 = CARTESIAN_POINT('',(-4.331809092001E-03,-2.419216761298E-03));
#10137 = CARTESIAN_POINT('',(4.544236094062E-03,-2.383451903911E-03));
#10138 = ( GEOMETRIC_REPRESENTATION_CONTEXT(2) 
PARAMETRIC_REPRESENTATION_CONTEXT() REPRESENTATION_CONTEXT('2D SPACE',''
  ) );
#10139 = ORIENTED_EDGE('',*,*,#8633,.F.);
#10140 = ADVANCED_FACE('',(#10141),#8013,.T.);
#10141 = FACE_BOUND('',#10142,.T.);
#10142 = EDGE_LOOP('',(#10143,#10144,#10145,#10163));
#10143 = ORIENTED_EDGE('',*,*,#10099,.T.);
#10144 = ORIENTED_EDGE('',*,*,#7997,.T.);
#10145 = ORIENTED_EDGE('',*,*,#10146,.T.);
#10146 = EDGE_CURVE('',#7998,#8960,#10147,.T.);
#10147 = SURFACE_CURVE('',#10148,(#10151,#10157),.PCURVE_S1.);
#10148 = B_SPLINE_CURVE_WITH_KNOTS('',1,(#10149,#10150),.UNSPECIFIED.,
  .F.,.F.,(2,2),(0.,8.876117240666E-03),.PIECEWISE_BEZIER_KNOTS.);
#10149 = CARTESIAN_POINT('',(-18.63166138045,-13.53669436029,
    25.221605084184));
#10150 = CARTESIAN_POINT('',(-11.42976792636,-8.348420278673,
    25.221605084184));
#10151 = PCURVE('',#8013,#10152);
#10152 = DEFINITIONAL_REPRESENTATION('',(#10153),#10156);
#10153 = B_SPLINE_CURVE_WITH_KNOTS('',1,(#10154,#10155),.UNSPECIFIED.,
  .F.,.F.,(2,2),(0.,8.876117240666E-03),.PIECEWISE_BEZIER_KNOTS.);
#10154 = CARTESIAN_POINT('',(-4.331809092001E-03,-2.419216761298E-03));
#10155 = CARTESIAN_POINT('',(4.544236094062E-03,-2.383451903911E-03));
#10156 = ( GEOMETRIC_REPRESENTATION_CONTEXT(2) 
PARAMETRIC_REPRESENTATION_CONTEXT() REPRESENTATION_CONTEXT('2D SPACE',''
  ) );
#10157 = PCURVE('',#8041,#10158);
#10158 = DEFINITIONAL_REPRESENTATION('',(#10159),#10162);
#10159 = B_SPLINE_CURVE_WITH_KNOTS('',1,(#10160,#10161),.UNSPECIFIED.,
  .F.,.F.,(2,2),(0.,8.876117240666E-03),.PIECEWISE_BEZIER_KNOTS.);
#10160 = CARTESIAN_POINT('',(-1.863166138046E-02,-1.35366943603E-02));
#10161 = CARTESIAN_POINT('',(-1.142976792637E-02,-8.348420278673E-03));
#10162 = ( GEOMETRIC_REPRESENTATION_CONTEXT(2) 
PARAMETRIC_REPRESENTATION_CONTEXT() REPRESENTATION_CONTEXT('2D SPACE',''
  ) );
#10163 = ORIENTED_EDGE('',*,*,#8959,.T.);
#10164 = ADVANCED_FACE('',(#10165),#7649,.T.);
#10165 = FACE_BOUND('',#10166,.T.);
#10166 = EDGE_LOOP('',(#10167,#10185,#10186,#10187));
#10167 = ORIENTED_EDGE('',*,*,#10168,.T.);
#10168 = EDGE_CURVE('',#8588,#7605,#10169,.T.);
#10169 = SURFACE_CURVE('',#10170,(#10173,#10179),.PCURVE_S1.);
#10170 = B_SPLINE_CURVE_WITH_KNOTS('',1,(#10171,#10172),.UNSPECIFIED.,
  .F.,.F.,(2,2),(0.,8.876117240666E-03),.PIECEWISE_BEZIER_KNOTS.);
#10171 = CARTESIAN_POINT('',(-13.17811404402,5.164593521544,
    25.221605084184));
#10172 = CARTESIAN_POINT('',(-21.46329949719,8.349112209913,
    25.221605084184));
#10173 = PCURVE('',#7649,#10174);
#10174 = DEFINITIONAL_REPRESENTATION('',(#10175),#10178);
#10175 = B_SPLINE_CURVE_WITH_KNOTS('',1,(#10176,#10177),.UNSPECIFIED.,
  .F.,.F.,(2,2),(0.,8.876117240666E-03),.PIECEWISE_BEZIER_KNOTS.);
#10176 = CARTESIAN_POINT('',(5.001200786526E-03,1.148440398838E-03));
#10177 = CARTESIAN_POINT('',(-3.573468167312E-03,3.442020482927E-03));
#10178 = ( GEOMETRIC_REPRESENTATION_CONTEXT(2) 
PARAMETRIC_REPRESENTATION_CONTEXT() REPRESENTATION_CONTEXT('2D SPACE',''
  ) );
#10179 = PCURVE('',#7620,#10180);
#10180 = DEFINITIONAL_REPRESENTATION('',(#10181),#10184);
#10181 = B_SPLINE_CURVE_WITH_KNOTS('',1,(#10182,#10183),.UNSPECIFIED.,
  .F.,.F.,(2,2),(0.,8.876117240666E-03),.PIECEWISE_BEZIER_KNOTS.);
#10182 = CARTESIAN_POINT('',(-1.317811404402E-02,5.164593521544E-03));
#10183 = CARTESIAN_POINT('',(-2.146329949719E-02,8.349112209913E-03));
#10184 = ( GEOMETRIC_REPRESENTATION_CONTEXT(2) 
PARAMETRIC_REPRESENTATION_CONTEXT() REPRESENTATION_CONTEXT('2D SPACE',''
  ) );
#10185 = ORIENTED_EDGE('',*,*,#7632,.T.);
#10186 = ORIENTED_EDGE('',*,*,#10122,.T.);
#10187 = ORIENTED_EDGE('',*,*,#8610,.T.);
#10188 = ADVANCED_FACE('',(#10189),#8041,.F.);
#10189 = FACE_BOUND('',#10190,.F.);
#10190 = EDGE_LOOP('',(#10191,#10192,#10193,#10194));
#10191 = ORIENTED_EDGE('',*,*,#8025,.T.);
#10192 = ORIENTED_EDGE('',*,*,#10146,.T.);
#10193 = ORIENTED_EDGE('',*,*,#8982,.F.);
#10194 = ORIENTED_EDGE('',*,*,#10195,.T.);
#10195 = EDGE_CURVE('',#8983,#8026,#10196,.T.);
#10196 = SURFACE_CURVE('',#10197,(#10200,#10206),.PCURVE_S1.);
#10197 = B_SPLINE_CURVE_WITH_KNOTS('',1,(#10198,#10199),.UNSPECIFIED.,
  .F.,.F.,(2,2),(0.,8.876117240666E-03),.PIECEWISE_BEZIER_KNOTS.);
#10198 = CARTESIAN_POINT('',(-11.92414501607,-7.625646309376,
    25.221605084184));
#10199 = CARTESIAN_POINT('',(-19.37038457575,-12.45668902186,
    25.221605084184));
#10200 = PCURVE('',#8041,#10201);
#10201 = DEFINITIONAL_REPRESENTATION('',(#10202),#10205);
#10202 = B_SPLINE_CURVE_WITH_KNOTS('',1,(#10203,#10204),.UNSPECIFIED.,
  .F.,.F.,(2,2),(0.,8.876117240666E-03),.PIECEWISE_BEZIER_KNOTS.);
#10203 = CARTESIAN_POINT('',(-1.192414501607E-02,-7.625646309376E-03));
#10204 = CARTESIAN_POINT('',(-1.937038457575E-02,-1.245668902187E-02));
#10205 = ( GEOMETRIC_REPRESENTATION_CONTEXT(2) 
PARAMETRIC_REPRESENTATION_CONTEXT() REPRESENTATION_CONTEXT('2D SPACE',''
  ) );
#10206 = PCURVE('',#8070,#10207);
#10207 = DEFINITIONAL_REPRESENTATION('',(#10208),#10211);
#10208 = B_SPLINE_CURVE_WITH_KNOTS('',1,(#10209,#10210),.UNSPECIFIED.,
  .F.,.F.,(2,2),(0.,8.876117240666E-03),.PIECEWISE_BEZIER_KNOTS.);
#10209 = CARTESIAN_POINT('',(5.001200786526E-03,1.148440398838E-03));
#10210 = CARTESIAN_POINT('',(-3.573468167312E-03,3.442020482927E-03));
#10211 = ( GEOMETRIC_REPRESENTATION_CONTEXT(2) 
PARAMETRIC_REPRESENTATION_CONTEXT() REPRESENTATION_CONTEXT('2D SPACE',''
  ) );
#10212 = ADVANCED_FACE('',(#10213),#7620,.F.);
#10213 = FACE_BOUND('',#10214,.F.);
#10214 = EDGE_LOOP('',(#10215,#10216,#10217,#10235));
#10215 = ORIENTED_EDGE('',*,*,#10168,.T.);
#10216 = ORIENTED_EDGE('',*,*,#7604,.T.);
#10217 = ORIENTED_EDGE('',*,*,#10218,.T.);
#10218 = EDGE_CURVE('',#7576,#8564,#10219,.T.);
#10219 = SURFACE_CURVE('',#10220,(#10223,#10229),.PCURVE_S1.);
#10220 = B_SPLINE_CURVE_WITH_KNOTS('',1,(#10221,#10222),.UNSPECIFIED.,
  .F.,.F.,(2,2),(0.,8.876117240666E-03),.PIECEWISE_BEZIER_KNOTS.);
#10221 = CARTESIAN_POINT('',(-21.90283157027,7.116661380455,
    25.221605084184));
#10222 = CARTESIAN_POINT('',(-13.47226290587,4.33979817445,
    25.221605084184));
#10223 = PCURVE('',#7620,#10224);
#10224 = DEFINITIONAL_REPRESENTATION('',(#10225),#10228);
#10225 = B_SPLINE_CURVE_WITH_KNOTS('',1,(#10226,#10227),.UNSPECIFIED.,
  .F.,.F.,(2,2),(0.,8.876117240666E-03),.PIECEWISE_BEZIER_KNOTS.);
#10226 = CARTESIAN_POINT('',(-2.190283157028E-02,7.116661380455E-03));
#10227 = CARTESIAN_POINT('',(-1.347226290588E-02,4.33979817445E-03));
#10228 = ( GEOMETRIC_REPRESENTATION_CONTEXT(2) 
PARAMETRIC_REPRESENTATION_CONTEXT() REPRESENTATION_CONTEXT('2D SPACE',''
  ) );
#10229 = PCURVE('',#7592,#10230);
#10230 = DEFINITIONAL_REPRESENTATION('',(#10231),#10234);
#10231 = B_SPLINE_CURVE_WITH_KNOTS('',1,(#10232,#10233),.UNSPECIFIED.,
  .F.,.F.,(2,2),(0.,8.876117240666E-03),.PIECEWISE_BEZIER_KNOTS.);
#10232 = CARTESIAN_POINT('',(-4.331809092001E-03,-2.419216761298E-03));
#10233 = CARTESIAN_POINT('',(4.544236094062E-03,-2.383451903911E-03));
#10234 = ( GEOMETRIC_REPRESENTATION_CONTEXT(2) 
PARAMETRIC_REPRESENTATION_CONTEXT() REPRESENTATION_CONTEXT('2D SPACE',''
  ) );
#10235 = ORIENTED_EDGE('',*,*,#8587,.F.);
#10236 = ADVANCED_FACE('',(#10237),#8070,.T.);
#10237 = FACE_BOUND('',#10238,.T.);
#10238 = EDGE_LOOP('',(#10239,#10240,#10241,#10259));
#10239 = ORIENTED_EDGE('',*,*,#10195,.T.);
#10240 = ORIENTED_EDGE('',*,*,#8053,.T.);
#10241 = ORIENTED_EDGE('',*,*,#10242,.T.);
#10242 = EDGE_CURVE('',#8054,#9006,#10243,.T.);
#10243 = SURFACE_CURVE('',#10244,(#10247,#10253),.PCURVE_S1.);
#10244 = B_SPLINE_CURVE_WITH_KNOTS('',1,(#10245,#10246),.UNSPECIFIED.,
  .F.,.F.,(2,2),(0.,8.876117240666E-03),.PIECEWISE_BEZIER_KNOTS.);
#10245 = CARTESIAN_POINT('',(-21.90283157027,-7.116661380455,
    25.221605084184));
#10246 = CARTESIAN_POINT('',(-13.4501590084,-4.407826975793,
    25.221605084184));
#10247 = PCURVE('',#8070,#10248);
#10248 = DEFINITIONAL_REPRESENTATION('',(#10249),#10252);
#10249 = B_SPLINE_CURVE_WITH_KNOTS('',1,(#10250,#10251),.UNSPECIFIED.,
  .F.,.F.,(2,2),(0.,8.876117240666E-03),.PIECEWISE_BEZIER_KNOTS.);
#10250 = CARTESIAN_POINT('',(-4.331809092001E-03,-2.419216761298E-03));
#10251 = CARTESIAN_POINT('',(4.544236094062E-03,-2.383451903911E-03));
#10252 = ( GEOMETRIC_REPRESENTATION_CONTEXT(2) 
PARAMETRIC_REPRESENTATION_CONTEXT() REPRESENTATION_CONTEXT('2D SPACE',''
  ) );
#10253 = PCURVE('',#8098,#10254);
#10254 = DEFINITIONAL_REPRESENTATION('',(#10255),#10258);
#10255 = B_SPLINE_CURVE_WITH_KNOTS('',1,(#10256,#10257),.UNSPECIFIED.,
  .F.,.F.,(2,2),(0.,8.876117240666E-03),.PIECEWISE_BEZIER_KNOTS.);
#10256 = CARTESIAN_POINT('',(-2.190283157028E-02,-7.116661380455E-03));
#10257 = CARTESIAN_POINT('',(-1.345015900841E-02,-4.407826975793E-03));
#10258 = ( GEOMETRIC_REPRESENTATION_CONTEXT(2) 
PARAMETRIC_REPRESENTATION_CONTEXT() REPRESENTATION_CONTEXT('2D SPACE',''
  ) );
#10259 = ORIENTED_EDGE('',*,*,#9005,.T.);
#10260 = ADVANCED_FACE('',(#10261),#7592,.T.);
#10261 = FACE_BOUND('',#10262,.T.);
#10262 = EDGE_LOOP('',(#10263,#10281,#10282,#10283));
#10263 = ORIENTED_EDGE('',*,*,#10264,.T.);
#10264 = EDGE_CURVE('',#8541,#7548,#10265,.T.);
#10265 = SURFACE_CURVE('',#10266,(#10269,#10275),.PCURVE_S1.);
#10266 = B_SPLINE_CURVE_WITH_KNOTS('',1,(#10267,#10268),.UNSPECIFIED.,
  .F.,.F.,(2,2),(0.,8.876117240666E-03),.PIECEWISE_BEZIER_KNOTS.);
#10267 = CARTESIAN_POINT('',(-14.12907840124,0.839559129266,
    25.221605084184));
#10268 = CARTESIAN_POINT('',(-22.9928284088,1.307953272524,
    25.221605084184));
#10269 = PCURVE('',#7592,#10270);
#10270 = DEFINITIONAL_REPRESENTATION('',(#10271),#10274);
#10271 = B_SPLINE_CURVE_WITH_KNOTS('',1,(#10272,#10273),.UNSPECIFIED.,
  .F.,.F.,(2,2),(0.,8.876117240666E-03),.PIECEWISE_BEZIER_KNOTS.);
#10272 = CARTESIAN_POINT('',(5.001200786526E-03,1.148440398838E-03));
#10273 = CARTESIAN_POINT('',(-3.573468167312E-03,3.442020482927E-03));
#10274 = ( GEOMETRIC_REPRESENTATION_CONTEXT(2) 
PARAMETRIC_REPRESENTATION_CONTEXT() REPRESENTATION_CONTEXT('2D SPACE',''
  ) );
#10275 = PCURVE('',#7563,#10276);
#10276 = DEFINITIONAL_REPRESENTATION('',(#10277),#10280);
#10277 = B_SPLINE_CURVE_WITH_KNOTS('',1,(#10278,#10279),.UNSPECIFIED.,
  .F.,.F.,(2,2),(0.,8.876117240666E-03),.PIECEWISE_BEZIER_KNOTS.);
#10278 = CARTESIAN_POINT('',(-1.412907840124E-02,8.395591292663E-04));
#10279 = CARTESIAN_POINT('',(-2.299282840881E-02,1.307953272524E-03));
#10280 = ( GEOMETRIC_REPRESENTATION_CONTEXT(2) 
PARAMETRIC_REPRESENTATION_CONTEXT() REPRESENTATION_CONTEXT('2D SPACE',''
  ) );
#10281 = ORIENTED_EDGE('',*,*,#7575,.T.);
#10282 = ORIENTED_EDGE('',*,*,#10218,.T.);
#10283 = ORIENTED_EDGE('',*,*,#8563,.T.);
#10284 = ADVANCED_FACE('',(#10285),#8098,.F.);
#10285 = FACE_BOUND('',#10286,.F.);
#10286 = EDGE_LOOP('',(#10287,#10288,#10289,#10290));
#10287 = ORIENTED_EDGE('',*,*,#8082,.T.);
#10288 = ORIENTED_EDGE('',*,*,#10242,.T.);
#10289 = ORIENTED_EDGE('',*,*,#9029,.F.);
#10290 = ORIENTED_EDGE('',*,*,#10291,.T.);
#10291 = EDGE_CURVE('',#9030,#8083,#10292,.T.);
#10292 = SURFACE_CURVE('',#10293,(#10296,#10302),.PCURVE_S1.);
#10293 = B_SPLINE_CURVE_WITH_KNOTS('',1,(#10294,#10295),.UNSPECIFIED.,
  .F.,.F.,(2,2),(0.,8.876117240666E-03),.PIECEWISE_BEZIER_KNOTS.);
#10294 = CARTESIAN_POINT('',(-13.69699012147,-3.567657160136,
    25.221605084184));
#10295 = CARTESIAN_POINT('',(-22.27165907531,-5.861237244225,
    25.221605084184));
#10296 = PCURVE('',#8098,#10297);
#10297 = DEFINITIONAL_REPRESENTATION('',(#10298),#10301);
#10298 = B_SPLINE_CURVE_WITH_KNOTS('',1,(#10299,#10300),.UNSPECIFIED.,
  .F.,.F.,(2,2),(0.,8.876117240666E-03),.PIECEWISE_BEZIER_KNOTS.);
#10299 = CARTESIAN_POINT('',(-1.369699012147E-02,-3.567657160136E-03));
#10300 = CARTESIAN_POINT('',(-2.227165907531E-02,-5.861237244225E-03));
#10301 = ( GEOMETRIC_REPRESENTATION_CONTEXT(2) 
PARAMETRIC_REPRESENTATION_CONTEXT() REPRESENTATION_CONTEXT('2D SPACE',''
  ) );
#10302 = PCURVE('',#8125,#10303);
#10303 = DEFINITIONAL_REPRESENTATION('',(#10304),#10307);
#10304 = B_SPLINE_CURVE_WITH_KNOTS('',1,(#10305,#10306),.UNSPECIFIED.,
  .F.,.F.,(2,2),(0.,8.876117240666E-03),.PIECEWISE_BEZIER_KNOTS.);
#10305 = CARTESIAN_POINT('',(5.001200786526E-03,1.148440398838E-03));
#10306 = CARTESIAN_POINT('',(-3.573468167312E-03,3.442020482927E-03));
#10307 = ( GEOMETRIC_REPRESENTATION_CONTEXT(2) 
PARAMETRIC_REPRESENTATION_CONTEXT() REPRESENTATION_CONTEXT('2D SPACE',''
  ) );
#10308 = ADVANCED_FACE('',(#10309),#7563,.F.);
#10309 = FACE_BOUND('',#10310,.F.);
#10310 = EDGE_LOOP('',(#10311,#10312,#10313,#10331,#10332));
#10311 = ORIENTED_EDGE('',*,*,#10264,.T.);
#10312 = ORIENTED_EDGE('',*,*,#7547,.T.);
#10313 = ORIENTED_EDGE('',*,*,#10314,.T.);
#10314 = EDGE_CURVE('',#7526,#9053,#10315,.T.);
#10315 = SURFACE_CURVE('',#10316,(#10319,#10325),.PCURVE_S1.);
#10316 = B_SPLINE_CURVE_WITH_KNOTS('',1,(#10317,#10318),.UNSPECIFIED.,
  .F.,.F.,(2,2),(0.,8.876117240666E-03),.PIECEWISE_BEZIER_KNOTS.);
#10317 = CARTESIAN_POINT('',(-23.03,7.806255641896E-15,25.221605084184)
  );
#10318 = CARTESIAN_POINT('',(-14.15395481393,-3.576485738651E-02,
    25.221605084184));
#10319 = PCURVE('',#7563,#10320);
#10320 = DEFINITIONAL_REPRESENTATION('',(#10321),#10324);
#10321 = B_SPLINE_CURVE_WITH_KNOTS('',1,(#10322,#10323),.UNSPECIFIED.,
  .F.,.F.,(2,2),(0.,8.876117240666E-03),.PIECEWISE_BEZIER_KNOTS.);
#10322 = CARTESIAN_POINT('',(-2.303E-02,8.492191723362E-18));
#10323 = CARTESIAN_POINT('',(-1.415395481394E-02,-3.576485738651E-05));
#10324 = ( GEOMETRIC_REPRESENTATION_CONTEXT(2) 
PARAMETRIC_REPRESENTATION_CONTEXT() REPRESENTATION_CONTEXT('2D SPACE',''
  ) );
#10325 = PCURVE('',#8125,#10326);
#10326 = DEFINITIONAL_REPRESENTATION('',(#10327),#10330);
#10327 = B_SPLINE_CURVE_WITH_KNOTS('',1,(#10328,#10329),.UNSPECIFIED.,
  .F.,.F.,(2,2),(0.,8.876117240666E-03),.PIECEWISE_BEZIER_KNOTS.);
#10328 = CARTESIAN_POINT('',(-4.331809092001E-03,-2.419216761298E-03));
#10329 = CARTESIAN_POINT('',(4.544236094062E-03,-2.383451903911E-03));
#10330 = ( GEOMETRIC_REPRESENTATION_CONTEXT(2) 
PARAMETRIC_REPRESENTATION_CONTEXT() REPRESENTATION_CONTEXT('2D SPACE',''
  ) );
#10331 = ORIENTED_EDGE('',*,*,#9076,.F.);
#10332 = ORIENTED_EDGE('',*,*,#8540,.F.);
#10333 = ADVANCED_FACE('',(#10334),#8125,.T.);
#10334 = FACE_BOUND('',#10335,.T.);
#10335 = EDGE_LOOP('',(#10336,#10337,#10338,#10339));
#10336 = ORIENTED_EDGE('',*,*,#10291,.T.);
#10337 = ORIENTED_EDGE('',*,*,#8110,.T.);
#10338 = ORIENTED_EDGE('',*,*,#10314,.T.);
#10339 = ORIENTED_EDGE('',*,*,#9052,.T.);
#10340 = ADVANCED_FACE('',(#10341,#10347),#6837,.T.);
#10341 = FACE_BOUND('',#10342,.T.);
#10342 = EDGE_LOOP('',(#10343,#10344,#10345,#10346));
#10343 = ORIENTED_EDGE('',*,*,#6821,.T.);
#10344 = ORIENTED_EDGE('',*,*,#7502,.T.);
#10345 = ORIENTED_EDGE('',*,*,#7833,.T.);
#10346 = ORIENTED_EDGE('',*,*,#7194,.T.);
#10347 = FACE_BOUND('',#10348,.T.);
#10348 = EDGE_LOOP('',(#10349,#10350,#10351,#10352));
#10349 = ORIENTED_EDGE('',*,*,#8178,.F.);
#10350 = ORIENTED_EDGE('',*,*,#9101,.F.);
#10351 = ORIENTED_EDGE('',*,*,#8798,.F.);
#10352 = ORIENTED_EDGE('',*,*,#8488,.F.);
#10353 = ( GEOMETRIC_REPRESENTATION_CONTEXT(3) 
GLOBAL_UNCERTAINTY_ASSIGNED_CONTEXT((#10357)) 
GLOBAL_UNIT_ASSIGNED_CONTEXT((#10354,#10355,#10356)) 
REPRESENTATION_CONTEXT('Context #1',
  '3D Context with UNIT and UNCERTAINTY') );
#10354 = ( LENGTH_UNIT() NAMED_UNIT(*) SI_UNIT(.MILLI.,.METRE.) );
#10355 = ( NAMED_UNIT(*) PLANE_ANGLE_UNIT() SI_UNIT($,.RADIAN.) );
#10356 = ( NAMED_UNIT(*) SI_UNIT($,.STERADIAN.) SOLID_ANGLE_UNIT() );
#10357 = UNCERTAINTY_MEASURE_WITH_UNIT(LENGTH_MEASURE(1.E-04),#10354,
  'distance_accuracy_value','confusion accuracy');
#10358 = CONTEXT_DEPENDENT_SHAPE_REPRESENTATION(#10359,#10361);
#10359 = ( REPRESENTATION_RELATIONSHIP('','',#6776,#10) 
REPRESENTATION_RELATIONSHIP_WITH_TRANSFORMATION(#10360) 
SHAPE_REPRESENTATION_RELATIONSHIP() );
#10360 = ITEM_DEFINED_TRANSFORMATION('','',#11,#95);
#10361 = PRODUCT_DEFINITION_SHAPE('Placement','Placement of an item',
  #10362);
#10362 = NEXT_ASSEMBLY_USAGE_OCCURRENCE('6005','','',#5,#6771,$);
#10363 = PRODUCT_RELATED_PRODUCT_CATEGORY('part',$,(#6773));
#10364 = SHAPE_DEFINITION_REPRESENTATION(#10365,#10371);
#10365 = PRODUCT_DEFINITION_SHAPE('','',#10366);
#10366 = PRODUCT_DEFINITION('design','',#10367,#10370);
#10367 = PRODUCT_DEFINITION_FORMATION('','',#10368);
#10368 = PRODUCT('Open CASCADE STEP translator 7.8 154.22',
  'Open CASCADE STEP translator 7.8 154.22','',(#10369));
#10369 = PRODUCT_CONTEXT('',#2,'mechanical');
#10370 = PRODUCT_DEFINITION_CONTEXT('part definition',#2,'design');
#10371 = GEOMETRICALLY_BOUNDED_WIREFRAME_SHAPE_REPRESENTATION('',(#11,
    #10372),#10378);
#10372 = GEOMETRIC_CURVE_SET('',(#10373,#10374,#10375,#10376,#10377));
#10373 = CARTESIAN_POINT('',(0.,0.,1.850002853128E-02));
#10374 = CARTESIAN_POINT('',(0.,0.,1.862502853128E-02));
#10375 = CARTESIAN_POINT('',(0.,0.,1.875002853128E-02));
#10376 = CARTESIAN_POINT('',(0.,0.,2.522160508418E-02));
#10377 = CARTESIAN_POINT('',(0.,0.,1.875002853128E-02));
#10378 = ( GEOMETRIC_REPRESENTATION_CONTEXT(3) 
GLOBAL_UNCERTAINTY_ASSIGNED_CONTEXT((#10382)) 
GLOBAL_UNIT_ASSIGNED_CONTEXT((#10379,#10380,#10381)) 
REPRESENTATION_CONTEXT('Context #1',
  '3D Context with UNIT and UNCERTAINTY') );
#10379 = ( LENGTH_UNIT() NAMED_UNIT(*) SI_UNIT(.MILLI.,.METRE.) );
#10380 = ( NAMED_UNIT(*) PLANE_ANGLE_UNIT() SI_UNIT($,.RADIAN.) );
#10381 = ( NAMED_UNIT(*) SI_UNIT($,.STERADIAN.) SOLID_ANGLE_UNIT() );
#10382 = UNCERTAINTY_MEASURE_WITH_UNIT(LENGTH_MEASURE(1.E-07),#10379,
  'distance_accuracy_value','confusion accuracy');
#10383 = CONTEXT_DEPENDENT_SHAPE_REPRESENTATION(#10384,#10386);
#10384 = ( REPRESENTATION_RELATIONSHIP('','',#10371,#10) 
REPRESENTATION_RELATIONSHIP_WITH_TRANSFORMATION(#10385) 
SHAPE_REPRESENTATION_RELATIONSHIP() );
#10385 = ITEM_DEFINED_TRANSFORMATION('','',#11,#99);
#10386 = PRODUCT_DEFINITION_SHAPE('Placement','Placement of an item',
  #10387);
#10387 = NEXT_ASSEMBLY_USAGE_OCCURRENCE('6006','','',#5,#10366,$);
#10388 = PRODUCT_RELATED_PRODUCT_CATEGORY('part',$,(#10368));
ENDSEC;
END-ISO-10303-21;
