ISO-10303-21;
HEADER;
FILE_NAME('Open CASCADE Shape Model','2026-07-10T15:36:21',('Author'),(
    'Open CASCADE'),'Open CASCADE STEP processor 7.7','Open CASCADE 7.7'
  ,'Unknown');
FILE_DESCRIPTION(('Open CASCADE Model'),'2;1');
FILE_SCHEMA(('AUTOMOTIVE_DESIGN { 1 0 10303 214 1 1 1 1 }'));
ENDSEC;
DATA;
#1 = APPLICATION_PROTOCOL_DEFINITION('international standard',
  'automotive_design',2000,#2);
#2 = APPLICATION_CONTEXT(
  'core data for automotive mechanical design processes');
#3 = SHAPE_DEFINITION_REPRESENTATION(#4,#10);
#4 = PRODUCT_DEFINITION_SHAPE('','',#5);
#5 = PRODUCT_DEFINITION('design','',#6,#9);
#6 = PRODUCT_DEFINITION_FORMATION('','',#7);
#7 = PRODUCT('Open CASCADE STEP translator 7.7 2',
  'Open CASCADE STEP translator 7.7 2','',(#8));
#8 = PRODUCT_CONTEXT('',#2,'mechanical');
#9 = PRODUCT_DEFINITION_CONTEXT('part definition',#2,'design');
#10 = SHAPE_REPRESENTATION('',(#11,#15,#19,#23,#27,#31,#35,#39,#43,#47,
    #51,#55,#59,#63,#67,#71,#75,#79,#83,#87),#91);
#11 = AXIS2_PLACEMENT_3D('',#12,#13,#14);
#12 = CARTESIAN_POINT('',(0.,0.,0.));
#13 = DIRECTION('',(0.,0.,1.));
#14 = DIRECTION('',(1.,0.,-0.));
#15 = AXIS2_PLACEMENT_3D('',#16,#17,#18);
#16 = CARTESIAN_POINT('',(0.,0.,0.));
#17 = DIRECTION('',(0.,0.,1.));
#18 = DIRECTION('',(1.,0.,-0.));
#19 = AXIS2_PLACEMENT_3D('',#20,#21,#22);
#20 = CARTESIAN_POINT('',(0.,0.,0.));
#21 = DIRECTION('',(0.,-0.,1.));
#22 = DIRECTION('',(0.809016994375,0.587785252292,0.));
#23 = AXIS2_PLACEMENT_3D('',#24,#25,#26);
#24 = CARTESIAN_POINT('',(0.,0.,0.));
#25 = DIRECTION('',(0.,0.,1.));
#26 = DIRECTION('',(1.,0.,-0.));
#27 = AXIS2_PLACEMENT_3D('',#28,#29,#30);
#28 = CARTESIAN_POINT('',(0.,0.,0.));
#29 = DIRECTION('',(0.,0.,1.));
#30 = DIRECTION('',(-0.309016994375,0.951056516295,0.));
#31 = AXIS2_PLACEMENT_3D('',#32,#33,#34);
#32 = CARTESIAN_POINT('',(0.,0.,0.));
#33 = DIRECTION('',(0.,0.,1.));
#34 = DIRECTION('',(-0.809016994375,0.587785252292,0.));
#35 = AXIS2_PLACEMENT_3D('',#36,#37,#38);
#36 = CARTESIAN_POINT('',(0.,0.,0.));
#37 = DIRECTION('',(0.,0.,1.));
#38 = DIRECTION('',(-1.,0.,0.));
#39 = AXIS2_PLACEMENT_3D('',#40,#41,#42);
#40 = CARTESIAN_POINT('',(0.,0.,0.));
#41 = DIRECTION('',(0.,0.,1.));
#42 = DIRECTION('',(-0.809016994375,-0.587785252292,0.));
#43 = AXIS2_PLACEMENT_3D('',#44,#45,#46);
#44 = CARTESIAN_POINT('',(0.,0.,0.));
#45 = DIRECTION('',(0.,0.,1.));
#46 = DIRECTION('',(1.,0.,-0.));
#47 = AXIS2_PLACEMENT_3D('',#48,#49,#50);
#48 = CARTESIAN_POINT('',(0.,0.,0.));
#49 = DIRECTION('',(-0.,0.,1.));
#50 = DIRECTION('',(0.309016994375,-0.951056516295,0.));
#51 = AXIS2_PLACEMENT_3D('',#52,#53,#54);
#52 = CARTESIAN_POINT('',(0.,0.,0.));
#53 = DIRECTION('',(-0.,0.,1.));
#54 = DIRECTION('',(0.809016994375,-0.587785252292,0.));
#55 = AXIS2_PLACEMENT_3D('',#56,#57,#58);
#56 = CARTESIAN_POINT('',(0.,0.,0.));
#57 = DIRECTION('',(0.,0.,1.));
#58 = DIRECTION('',(1.,0.,-0.));
#59 = AXIS2_PLACEMENT_3D('',#60,#61,#62);
#60 = CARTESIAN_POINT('',(0.,0.,0.));
#61 = DIRECTION('',(0.,0.,1.));
#62 = DIRECTION('',(1.,0.,-0.));
#63 = AXIS2_PLACEMENT_3D('',#64,#65,#66);
#64 = CARTESIAN_POINT('',(0.,0.,0.));
#65 = DIRECTION('',(0.,0.,1.));
#66 = DIRECTION('',(1.,0.,-0.));
#67 = AXIS2_PLACEMENT_3D('',#68,#69,#70);
#68 = CARTESIAN_POINT('',(0.,0.,0.));
#69 = DIRECTION('',(0.,0.,1.));
#70 = DIRECTION('',(1.,0.,-0.));
#71 = AXIS2_PLACEMENT_3D('',#72,#73,#74);
#72 = CARTESIAN_POINT('',(0.,0.,0.));
#73 = DIRECTION('',(0.,0.,1.));
#74 = DIRECTION('',(1.,0.,-0.));
#75 = AXIS2_PLACEMENT_3D('',#76,#77,#78);
#76 = CARTESIAN_POINT('',(0.,0.,0.));
#77 = DIRECTION('',(0.,0.,1.));
#78 = DIRECTION('',(1.,0.,-0.));
#79 = AXIS2_PLACEMENT_3D('',#80,#81,#82);
#80 = CARTESIAN_POINT('',(0.,0.,0.));
#81 = DIRECTION('',(0.,0.,1.));
#82 = DIRECTION('',(1.,0.,-0.));
#83 = AXIS2_PLACEMENT_3D('',#84,#85,#86);
#84 = CARTESIAN_POINT('',(0.,0.,0.));
#85 = DIRECTION('',(0.,0.,1.));
#86 = DIRECTION('',(1.,0.,-0.));
#87 = AXIS2_PLACEMENT_3D('',#88,#89,#90);
#88 = CARTESIAN_POINT('',(0.,0.,0.));
#89 = DIRECTION('',(0.,0.,1.));
#90 = DIRECTION('',(1.,0.,-0.));
#91 = ( GEOMETRIC_REPRESENTATION_CONTEXT(3) 
GLOBAL_UNCERTAINTY_ASSIGNED_CONTEXT((#95)) GLOBAL_UNIT_ASSIGNED_CONTEXT(
(#92,#93,#94)) REPRESENTATION_CONTEXT('Context #1',
  '3D Context with UNIT and UNCERTAINTY') );
#92 = ( LENGTH_UNIT() NAMED_UNIT(*) SI_UNIT(.MILLI.,.METRE.) );
#93 = ( NAMED_UNIT(*) PLANE_ANGLE_UNIT() SI_UNIT($,.RADIAN.) );
#94 = ( NAMED_UNIT(*) SI_UNIT($,.STERADIAN.) SOLID_ANGLE_UNIT() );
#95 = UNCERTAINTY_MEASURE_WITH_UNIT(LENGTH_MEASURE(2.E-04),#92,
  'distance_accuracy_value','confusion accuracy');
#96 = PRODUCT_RELATED_PRODUCT_CATEGORY('part',$,(#7));
#97 = SHAPE_DEFINITION_REPRESENTATION(#98,#104);
#98 = PRODUCT_DEFINITION_SHAPE('','',#99);
#99 = PRODUCT_DEFINITION('design','',#100,#103);
#100 = PRODUCT_DEFINITION_FORMATION('','',#101);
#101 = PRODUCT('Open CASCADE STEP translator 7.7 2.1',
  'Open CASCADE STEP translator 7.7 2.1','',(#102));
#102 = PRODUCT_CONTEXT('',#2,'mechanical');
#103 = PRODUCT_DEFINITION_CONTEXT('part definition',#2,'design');
#104 = ADVANCED_BREP_SHAPE_REPRESENTATION('',(#11,#105),#735);
#105 = MANIFOLD_SOLID_BREP('',#106);
#106 = CLOSED_SHELL('',(#107,#221,#298,#375,#449,#519,#596,#666,#713,
    #724));
#107 = ADVANCED_FACE('',(#108),#121,.T.);
#108 = FACE_BOUND('',#109,.T.);
#109 = EDGE_LOOP('',(#110,#145,#170,#198));
#110 = ORIENTED_EDGE('',*,*,#111,.T.);
#111 = EDGE_CURVE('',#112,#114,#116,.T.);
#112 = VERTEX_POINT('',#113);
#113 = CARTESIAN_POINT('',(10.501016580308,5.958427985742,17.4437305662)
  );
#114 = VERTEX_POINT('',#115);
#115 = CARTESIAN_POINT('',(10.501016580308,5.958427985742,
    21.117792509309));
#116 = SURFACE_CURVE('',#117,(#120,#131),.PCURVE_S1.);
#117 = B_SPLINE_CURVE_WITH_KNOTS('',1,(#118,#119),.UNSPECIFIED.,.F.,.F.,
  (2,2),(0.,3.674061943109E-03),.PIECEWISE_BEZIER_KNOTS.);
#118 = CARTESIAN_POINT('',(10.501016580308,5.958427985742,17.4437305662)
  );
#119 = CARTESIAN_POINT('',(10.501016580308,5.958427985742,
    21.117792509309));
#120 = PCURVE('',#121,#126);
#121 = B_SPLINE_SURFACE_WITH_KNOTS('',1,1,(
    (#122,#123)
    ,(#124,#125
    )),.UNSPECIFIED.,.F.,.F.,.F.,(2,2),(2,2),(0.,1.315996021184E-02),(
    -3.674061943109E-03,0.),.PIECEWISE_BEZIER_KNOTS.);
#122 = CARTESIAN_POINT('',(10.501016580308,5.958427985742,
    21.117792509309));
#123 = CARTESIAN_POINT('',(10.501016580308,5.958427985742,17.4437305662)
  );
#124 = CARTESIAN_POINT('',(21.15425599114,13.684555271299,
    21.117792509309));
#125 = CARTESIAN_POINT('',(21.15425599114,13.684555271299,17.4437305662)
  );
#126 = DEFINITIONAL_REPRESENTATION('',(#127),#130);
#127 = B_SPLINE_CURVE_WITH_KNOTS('',1,(#128,#129),.UNSPECIFIED.,.F.,.F.,
  (2,2),(0.,3.674061943109E-03),.PIECEWISE_BEZIER_KNOTS.);
#128 = CARTESIAN_POINT('',(0.,0.));
#129 = CARTESIAN_POINT('',(0.,-3.674061943109E-03));
#130 = ( GEOMETRIC_REPRESENTATION_CONTEXT(2) 
PARAMETRIC_REPRESENTATION_CONTEXT() REPRESENTATION_CONTEXT('2D SPACE',''
  ) );
#131 = PCURVE('',#132,#139);
#132 = ( BOUNDED_SURFACE() B_SPLINE_SURFACE(2,1,(
    (#133,#134)
    ,(#135,#136)
,(#137,#138
    )),.UNSPECIFIED.,.F.,.F.,.F.) B_SPLINE_SURFACE_WITH_KNOTS((3,3),(2,2
    ),(5.817017595181,7.22651787343),(-3.674061943109E-03,0.),
.PIECEWISE_BEZIER_KNOTS.) GEOMETRIC_REPRESENTATION_ITEM() 
RATIONAL_B_SPLINE_SURFACE((
    (1.,1.)
    ,(0.761773446286,0.761773446286)
,(1.,1.))) REPRESENTATION_ITEM('') SURFACE() );
#133 = CARTESIAN_POINT('',(10.314010945096,5.18953699519,21.117792509309
    ));
#134 = CARTESIAN_POINT('',(10.314010945096,5.18953699519,17.4437305662)
  );
#135 = CARTESIAN_POINT('',(10.080565480122,5.653501137474,
    21.117792509309));
#136 = CARTESIAN_POINT('',(10.080565480122,5.653501137474,17.4437305662)
  );
#137 = CARTESIAN_POINT('',(10.501016580308,5.958427985742,
    21.117792509309));
#138 = CARTESIAN_POINT('',(10.501016580308,5.958427985742,17.4437305662)
  );
#139 = DEFINITIONAL_REPRESENTATION('',(#140),#144);
#140 = B_SPLINE_CURVE_WITH_KNOTS('',2,(#141,#142,#143),.UNSPECIFIED.,.F.
  ,.F.,(3,3),(0.,3.674061943109E-03),.PIECEWISE_BEZIER_KNOTS.);
#141 = CARTESIAN_POINT('',(7.22651787343,0.));
#142 = CARTESIAN_POINT('',(7.22651787343,-1.837030971554E-03));
#143 = CARTESIAN_POINT('',(7.22651787343,-3.674061943109E-03));
#144 = ( GEOMETRIC_REPRESENTATION_CONTEXT(2) 
PARAMETRIC_REPRESENTATION_CONTEXT() REPRESENTATION_CONTEXT('2D SPACE',''
  ) );
#145 = ORIENTED_EDGE('',*,*,#146,.T.);
#146 = EDGE_CURVE('',#114,#147,#149,.T.);
#147 = VERTEX_POINT('',#148);
#148 = CARTESIAN_POINT('',(21.15425599114,13.684555271299,
    21.117792509309));
#149 = SURFACE_CURVE('',#150,(#153,#159),.PCURVE_S1.);
#150 = B_SPLINE_CURVE_WITH_KNOTS('',1,(#151,#152),.UNSPECIFIED.,.F.,.F.,
  (2,2),(5.311393726239E-04,1.369109958446E-02),
  .PIECEWISE_BEZIER_KNOTS.);
#151 = CARTESIAN_POINT('',(10.501016580308,5.958427985742,
    21.117792509309));
#152 = CARTESIAN_POINT('',(21.15425599114,13.684555271299,
    21.117792509309));
#153 = PCURVE('',#121,#154);
#154 = DEFINITIONAL_REPRESENTATION('',(#155),#158);
#155 = B_SPLINE_CURVE_WITH_KNOTS('',1,(#156,#157),.UNSPECIFIED.,.F.,.F.,
  (2,2),(5.311393726239E-04,1.369109958446E-02),
  .PIECEWISE_BEZIER_KNOTS.);
#156 = CARTESIAN_POINT('',(0.,-3.674061943109E-03));
#157 = CARTESIAN_POINT('',(1.315996021184E-02,-3.674061943109E-03));
#158 = ( GEOMETRIC_REPRESENTATION_CONTEXT(2) 
PARAMETRIC_REPRESENTATION_CONTEXT() REPRESENTATION_CONTEXT('2D SPACE',''
  ) );
#159 = PCURVE('',#160,#165);
#160 = B_SPLINE_SURFACE_WITH_KNOTS('',1,1,(
    (#161,#162)
    ,(#163,#164
    )),.UNSPECIFIED.,.F.,.F.,.F.,(2,2),(2,2),(-7.112294069963E-03,
    8.581721259939E-03),(-5.537360462184E-03,8.244361792773E-03),
  .PIECEWISE_BEZIER_KNOTS.);
#161 = CARTESIAN_POINT('',(25.942860525472,3.835616029553E-02,
    21.117792509309));
#162 = CARTESIAN_POINT('',(25.942860525472,13.820078415253,
    21.117792509309));
#163 = CARTESIAN_POINT('',(10.248845195571,3.835616029553E-02,
    21.117792509309));
#164 = CARTESIAN_POINT('',(10.248845195571,13.820078415253,
    21.117792509309));
#165 = DEFINITIONAL_REPRESENTATION('',(#166),#169);
#166 = B_SPLINE_CURVE_WITH_KNOTS('',1,(#167,#168),.UNSPECIFIED.,.F.,.F.,
  (2,2),(5.311393726239E-04,1.369109958446E-02),
  .PIECEWISE_BEZIER_KNOTS.);
#167 = CARTESIAN_POINT('',(8.329549875202E-03,3.82711363262E-04));
#168 = CARTESIAN_POINT('',(-2.32368953563E-03,8.108838648819E-03));
#169 = ( GEOMETRIC_REPRESENTATION_CONTEXT(2) 
PARAMETRIC_REPRESENTATION_CONTEXT() REPRESENTATION_CONTEXT('2D SPACE',''
  ) );
#170 = ORIENTED_EDGE('',*,*,#171,.F.);
#171 = EDGE_CURVE('',#172,#147,#174,.T.);
#172 = VERTEX_POINT('',#173);
#173 = CARTESIAN_POINT('',(21.15425599114,13.684555271299,17.4437305662)
  );
#174 = SURFACE_CURVE('',#175,(#178,#184),.PCURVE_S1.);
#175 = B_SPLINE_CURVE_WITH_KNOTS('',1,(#176,#177),.UNSPECIFIED.,.F.,.F.,
  (2,2),(0.,3.674061943109E-03),.PIECEWISE_BEZIER_KNOTS.);
#176 = CARTESIAN_POINT('',(21.15425599114,13.684555271299,17.4437305662)
  );
#177 = CARTESIAN_POINT('',(21.15425599114,13.684555271299,
    21.117792509309));
#178 = PCURVE('',#121,#179);
#179 = DEFINITIONAL_REPRESENTATION('',(#180),#183);
#180 = B_SPLINE_CURVE_WITH_KNOTS('',1,(#181,#182),.UNSPECIFIED.,.F.,.F.,
  (2,2),(0.,3.674061943109E-03),.PIECEWISE_BEZIER_KNOTS.);
#181 = CARTESIAN_POINT('',(1.315996021184E-02,0.));
#182 = CARTESIAN_POINT('',(1.315996021184E-02,-3.674061943109E-03));
#183 = ( GEOMETRIC_REPRESENTATION_CONTEXT(2) 
PARAMETRIC_REPRESENTATION_CONTEXT() REPRESENTATION_CONTEXT('2D SPACE',''
  ) );
#184 = PCURVE('',#185,#192);
#185 = ( BOUNDED_SURFACE() B_SPLINE_SURFACE(2,1,(
    (#186,#187)
    ,(#188,#189)
,(#190,#191
    )),.UNSPECIFIED.,.F.,.F.,.F.) B_SPLINE_SURFACE_WITH_KNOTS((3,3),(2,2
    ),(0.546038978939,2.198260087339),(-3.674061943109E-03,0.),
.PIECEWISE_BEZIER_KNOTS.) GEOMETRIC_REPRESENTATION_ITEM() 
RATIONAL_B_SPLINE_SURFACE((
    (1.,1.)
    ,(0.677740792224,0.677740792224)
,(1.,1.))) REPRESENTATION_ITEM('') SURFACE() );
#186 = CARTESIAN_POINT('',(22.179982242844,13.478074925861,
    21.117792509309));
#187 = CARTESIAN_POINT('',(22.179982242844,13.478074925861,17.4437305662
    ));
#188 = CARTESIAN_POINT('',(21.779127414469,14.137735376201,
    21.117792509309));
#189 = CARTESIAN_POINT('',(21.779127414469,14.137735376201,17.4437305662
    ));
#190 = CARTESIAN_POINT('',(21.15425599114,13.684555271299,
    21.117792509309));
#191 = CARTESIAN_POINT('',(21.15425599114,13.684555271299,17.4437305662)
  );
#192 = DEFINITIONAL_REPRESENTATION('',(#193),#197);
#193 = B_SPLINE_CURVE_WITH_KNOTS('',2,(#194,#195,#196),.UNSPECIFIED.,.F.
  ,.F.,(3,3),(0.,3.674061943109E-03),.PIECEWISE_BEZIER_KNOTS.);
#194 = CARTESIAN_POINT('',(2.198260087339,0.));
#195 = CARTESIAN_POINT('',(2.198260087339,-1.837030971554E-03));
#196 = CARTESIAN_POINT('',(2.198260087339,-3.674061943109E-03));
#197 = ( GEOMETRIC_REPRESENTATION_CONTEXT(2) 
PARAMETRIC_REPRESENTATION_CONTEXT() REPRESENTATION_CONTEXT('2D SPACE',''
  ) );
#198 = ORIENTED_EDGE('',*,*,#199,.F.);
#199 = EDGE_CURVE('',#112,#172,#200,.T.);
#200 = SURFACE_CURVE('',#201,(#204,#210),.PCURVE_S1.);
#201 = B_SPLINE_CURVE_WITH_KNOTS('',1,(#202,#203),.UNSPECIFIED.,.F.,.F.,
  (2,2),(5.311393726239E-04,1.369109958446E-02),
  .PIECEWISE_BEZIER_KNOTS.);
#202 = CARTESIAN_POINT('',(10.501016580308,5.958427985742,17.4437305662)
  );
#203 = CARTESIAN_POINT('',(21.15425599114,13.684555271299,17.4437305662)
  );
#204 = PCURVE('',#121,#205);
#205 = DEFINITIONAL_REPRESENTATION('',(#206),#209);
#206 = B_SPLINE_CURVE_WITH_KNOTS('',1,(#207,#208),.UNSPECIFIED.,.F.,.F.,
  (2,2),(5.311393726239E-04,1.369109958446E-02),
  .PIECEWISE_BEZIER_KNOTS.);
#207 = CARTESIAN_POINT('',(0.,0.));
#208 = CARTESIAN_POINT('',(1.315996021184E-02,0.));
#209 = ( GEOMETRIC_REPRESENTATION_CONTEXT(2) 
PARAMETRIC_REPRESENTATION_CONTEXT() REPRESENTATION_CONTEXT('2D SPACE',''
  ) );
#210 = PCURVE('',#211,#216);
#211 = B_SPLINE_SURFACE_WITH_KNOTS('',1,1,(
    (#212,#213)
    ,(#214,#215
    )),.UNSPECIFIED.,.F.,.F.,.F.,(2,2),(2,2),(-7.112294069963E-03,
    8.581721259939E-03),(-5.537360462184E-03,8.244361792773E-03),
  .PIECEWISE_BEZIER_KNOTS.);
#212 = CARTESIAN_POINT('',(25.942860525472,3.835616029553E-02,
    17.4437305662));
#213 = CARTESIAN_POINT('',(25.942860525472,13.820078415253,17.4437305662
    ));
#214 = CARTESIAN_POINT('',(10.248845195571,3.835616029553E-02,
    17.4437305662));
#215 = CARTESIAN_POINT('',(10.248845195571,13.820078415253,17.4437305662
    ));
#216 = DEFINITIONAL_REPRESENTATION('',(#217),#220);
#217 = B_SPLINE_CURVE_WITH_KNOTS('',1,(#218,#219),.UNSPECIFIED.,.F.,.F.,
  (2,2),(5.311393726239E-04,1.369109958446E-02),
  .PIECEWISE_BEZIER_KNOTS.);
#218 = CARTESIAN_POINT('',(8.329549875202E-03,3.82711363262E-04));
#219 = CARTESIAN_POINT('',(-2.32368953563E-03,8.108838648819E-03));
#220 = ( GEOMETRIC_REPRESENTATION_CONTEXT(2) 
PARAMETRIC_REPRESENTATION_CONTEXT() REPRESENTATION_CONTEXT('2D SPACE',''
  ) );
#221 = ADVANCED_FACE('',(#222),#185,.F.);
#222 = FACE_BOUND('',#223,.F.);
#223 = EDGE_LOOP('',(#224,#255,#276,#277));
#224 = ORIENTED_EDGE('',*,*,#225,.T.);
#225 = EDGE_CURVE('',#226,#228,#230,.T.);
#226 = VERTEX_POINT('',#227);
#227 = CARTESIAN_POINT('',(22.179982242844,13.478074925861,17.4437305662
    ));
#228 = VERTEX_POINT('',#229);
#229 = CARTESIAN_POINT('',(22.179982242844,13.478074925861,
    21.117792509309));
#230 = SURFACE_CURVE('',#231,(#234,#241),.PCURVE_S1.);
#231 = B_SPLINE_CURVE_WITH_KNOTS('',1,(#232,#233),.UNSPECIFIED.,.F.,.F.,
  (2,2),(0.,3.674061943109E-03),.PIECEWISE_BEZIER_KNOTS.);
#232 = CARTESIAN_POINT('',(22.179982242844,13.478074925861,17.4437305662
    ));
#233 = CARTESIAN_POINT('',(22.179982242844,13.478074925861,
    21.117792509309));
#234 = PCURVE('',#185,#235);
#235 = DEFINITIONAL_REPRESENTATION('',(#236),#240);
#236 = B_SPLINE_CURVE_WITH_KNOTS('',2,(#237,#238,#239),.UNSPECIFIED.,.F.
  ,.F.,(3,3),(0.,3.674061943109E-03),.PIECEWISE_BEZIER_KNOTS.);
#237 = CARTESIAN_POINT('',(0.546038978939,0.));
#238 = CARTESIAN_POINT('',(0.546038978939,-1.837030971554E-03));
#239 = CARTESIAN_POINT('',(0.546038978939,-3.674061943109E-03));
#240 = ( GEOMETRIC_REPRESENTATION_CONTEXT(2) 
PARAMETRIC_REPRESENTATION_CONTEXT() REPRESENTATION_CONTEXT('2D SPACE',''
  ) );
#241 = PCURVE('',#242,#249);
#242 = ( BOUNDED_SURFACE() B_SPLINE_SURFACE(2,1,(
    (#243,#244)
    ,(#245,#246)
,(#247,#248
    )),.UNSPECIFIED.,.F.,.F.,.F.) B_SPLINE_SURFACE_WITH_KNOTS((3,3),(2,2
    ),(5.737146328241,6.253475696594),(-3.674061943109E-03,0.),
.PIECEWISE_BEZIER_KNOTS.) GEOMETRIC_REPRESENTATION_ITEM() 
RATIONAL_B_SPLINE_SURFACE((
    (1.,1.)
    ,(0.966860174289,0.966860174289)
,(1.,1.))) REPRESENTATION_ITEM('') SURFACE() );
#243 = CARTESIAN_POINT('',(22.179982242844,13.478074925862,
    21.117792509309));
#244 = CARTESIAN_POINT('',(22.179982242844,13.478074925862,17.4437305662
    ));
#245 = CARTESIAN_POINT('',(25.738966344792,7.621288654974,
    21.117792509309));
#246 = CARTESIAN_POINT('',(25.738966344792,7.621288654974,17.4437305662)
  );
#247 = CARTESIAN_POINT('',(25.942546551203,0.770969803976,
    21.117792509309));
#248 = CARTESIAN_POINT('',(25.942546551203,0.770969803976,17.4437305662)
  );
#249 = DEFINITIONAL_REPRESENTATION('',(#250),#254);
#250 = B_SPLINE_CURVE_WITH_KNOTS('',2,(#251,#252,#253),.UNSPECIFIED.,.F.
  ,.F.,(3,3),(0.,3.674061943109E-03),.PIECEWISE_BEZIER_KNOTS.);
#251 = CARTESIAN_POINT('',(5.737146328241,0.));
#252 = CARTESIAN_POINT('',(5.737146328241,-1.837030971554E-03));
#253 = CARTESIAN_POINT('',(5.737146328241,-3.674061943109E-03));
#254 = ( GEOMETRIC_REPRESENTATION_CONTEXT(2) 
PARAMETRIC_REPRESENTATION_CONTEXT() REPRESENTATION_CONTEXT('2D SPACE',''
  ) );
#255 = ORIENTED_EDGE('',*,*,#256,.T.);
#256 = EDGE_CURVE('',#228,#147,#257,.T.);
#257 = SURFACE_CURVE('',#258,(#262,#269),.PCURVE_S1.);
#258 = ( BOUNDED_CURVE() B_SPLINE_CURVE(2,(#259,#260,#261),
.UNSPECIFIED.,.F.,.F.) B_SPLINE_CURVE_WITH_KNOTS((3,3),(0.546038978939,
2.198260087339),.PIECEWISE_BEZIER_KNOTS.) CURVE() 
GEOMETRIC_REPRESENTATION_ITEM() RATIONAL_B_SPLINE_CURVE((1.,
0.677740792224,1.)) REPRESENTATION_ITEM('') );
#259 = CARTESIAN_POINT('',(22.179982242844,13.478074925861,
    21.117792509309));
#260 = CARTESIAN_POINT('',(21.779127414469,14.137735376201,
    21.117792509309));
#261 = CARTESIAN_POINT('',(21.15425599114,13.684555271299,
    21.117792509309));
#262 = PCURVE('',#185,#263);
#263 = DEFINITIONAL_REPRESENTATION('',(#264),#268);
#264 = B_SPLINE_CURVE_WITH_KNOTS('',2,(#265,#266,#267),.UNSPECIFIED.,.F.
  ,.F.,(3,3),(0.546038978939,2.198260087339),.PIECEWISE_BEZIER_KNOTS.);
#265 = CARTESIAN_POINT('',(0.546038978939,-3.674061943109E-03));
#266 = CARTESIAN_POINT('',(1.372149533139,-3.674061943109E-03));
#267 = CARTESIAN_POINT('',(2.198260087339,-3.674061943109E-03));
#268 = ( GEOMETRIC_REPRESENTATION_CONTEXT(2) 
PARAMETRIC_REPRESENTATION_CONTEXT() REPRESENTATION_CONTEXT('2D SPACE',''
  ) );
#269 = PCURVE('',#160,#270);
#270 = DEFINITIONAL_REPRESENTATION('',(#271),#275);
#271 = ( BOUNDED_CURVE() B_SPLINE_CURVE(2,(#272,#273,#274),
.UNSPECIFIED.,.F.,.F.) B_SPLINE_CURVE_WITH_KNOTS((3,3),(0.546038978939,
2.198260087339),.PIECEWISE_BEZIER_KNOTS.) CURVE() 
GEOMETRIC_REPRESENTATION_ITEM() RATIONAL_B_SPLINE_CURVE((1.,
0.677740792224,1.)) REPRESENTATION_ITEM('') );
#272 = CARTESIAN_POINT('',(-3.349415787334E-03,7.902358303382E-03));
#273 = CARTESIAN_POINT('',(-2.94856095896E-03,8.562018753721E-03));
#274 = CARTESIAN_POINT('',(-2.32368953563E-03,8.108838648819E-03));
#275 = ( GEOMETRIC_REPRESENTATION_CONTEXT(2) 
PARAMETRIC_REPRESENTATION_CONTEXT() REPRESENTATION_CONTEXT('2D SPACE',''
  ) );
#276 = ORIENTED_EDGE('',*,*,#171,.F.);
#277 = ORIENTED_EDGE('',*,*,#278,.F.);
#278 = EDGE_CURVE('',#226,#172,#279,.T.);
#279 = SURFACE_CURVE('',#280,(#284,#291),.PCURVE_S1.);
#280 = ( BOUNDED_CURVE() B_SPLINE_CURVE(2,(#281,#282,#283),
.UNSPECIFIED.,.F.,.F.) B_SPLINE_CURVE_WITH_KNOTS((3,3),(0.546038978939,
2.198260087339),.PIECEWISE_BEZIER_KNOTS.) CURVE() 
GEOMETRIC_REPRESENTATION_ITEM() RATIONAL_B_SPLINE_CURVE((1.,
0.677740792224,1.)) REPRESENTATION_ITEM('') );
#281 = CARTESIAN_POINT('',(22.179982242844,13.478074925861,17.4437305662
    ));
#282 = CARTESIAN_POINT('',(21.779127414469,14.137735376201,17.4437305662
    ));
#283 = CARTESIAN_POINT('',(21.15425599114,13.684555271299,17.4437305662)
  );
#284 = PCURVE('',#185,#285);
#285 = DEFINITIONAL_REPRESENTATION('',(#286),#290);
#286 = B_SPLINE_CURVE_WITH_KNOTS('',2,(#287,#288,#289),.UNSPECIFIED.,.F.
  ,.F.,(3,3),(0.546038978939,2.198260087339),.PIECEWISE_BEZIER_KNOTS.);
#287 = CARTESIAN_POINT('',(0.546038978939,0.));
#288 = CARTESIAN_POINT('',(1.372149533139,0.));
#289 = CARTESIAN_POINT('',(2.198260087339,0.));
#290 = ( GEOMETRIC_REPRESENTATION_CONTEXT(2) 
PARAMETRIC_REPRESENTATION_CONTEXT() REPRESENTATION_CONTEXT('2D SPACE',''
  ) );
#291 = PCURVE('',#211,#292);
#292 = DEFINITIONAL_REPRESENTATION('',(#293),#297);
#293 = ( BOUNDED_CURVE() B_SPLINE_CURVE(2,(#294,#295,#296),
.UNSPECIFIED.,.F.,.F.) B_SPLINE_CURVE_WITH_KNOTS((3,3),(0.546038978939,
2.198260087339),.PIECEWISE_BEZIER_KNOTS.) CURVE() 
GEOMETRIC_REPRESENTATION_ITEM() RATIONAL_B_SPLINE_CURVE((1.,
0.677740792224,1.)) REPRESENTATION_ITEM('') );
#294 = CARTESIAN_POINT('',(-3.349415787334E-03,7.902358303382E-03));
#295 = CARTESIAN_POINT('',(-2.94856095896E-03,8.562018753721E-03));
#296 = CARTESIAN_POINT('',(-2.32368953563E-03,8.108838648819E-03));
#297 = ( GEOMETRIC_REPRESENTATION_CONTEXT(2) 
PARAMETRIC_REPRESENTATION_CONTEXT() REPRESENTATION_CONTEXT('2D SPACE',''
  ) );
#298 = ADVANCED_FACE('',(#299),#242,.T.);
#299 = FACE_BOUND('',#300,.T.);
#300 = EDGE_LOOP('',(#301,#302,#325,#354));
#301 = ORIENTED_EDGE('',*,*,#225,.T.);
#302 = ORIENTED_EDGE('',*,*,#303,.T.);
#303 = EDGE_CURVE('',#228,#304,#306,.T.);
#304 = VERTEX_POINT('',#305);
#305 = CARTESIAN_POINT('',(25.942546551203,0.770969803976,
    21.117792509309));
#306 = SURFACE_CURVE('',#307,(#311,#318),.PCURVE_S1.);
#307 = ( BOUNDED_CURVE() B_SPLINE_CURVE(2,(#308,#309,#310),
.UNSPECIFIED.,.F.,.F.) B_SPLINE_CURVE_WITH_KNOTS((3,3),(5.737146328241,
6.253475696594),.PIECEWISE_BEZIER_KNOTS.) CURVE() 
GEOMETRIC_REPRESENTATION_ITEM() RATIONAL_B_SPLINE_CURVE((1.,
0.966860174289,1.)) REPRESENTATION_ITEM('') );
#308 = CARTESIAN_POINT('',(22.179982242844,13.478074925862,
    21.117792509309));
#309 = CARTESIAN_POINT('',(25.738966344792,7.621288654974,
    21.117792509309));
#310 = CARTESIAN_POINT('',(25.942546551203,0.770969803976,
    21.117792509309));
#311 = PCURVE('',#242,#312);
#312 = DEFINITIONAL_REPRESENTATION('',(#313),#317);
#313 = B_SPLINE_CURVE_WITH_KNOTS('',2,(#314,#315,#316),.UNSPECIFIED.,.F.
  ,.F.,(3,3),(5.737146328241,6.253475696594),.PIECEWISE_BEZIER_KNOTS.);
#314 = CARTESIAN_POINT('',(5.737146328241,-3.674061943109E-03));
#315 = CARTESIAN_POINT('',(5.995311012417,-3.674061943109E-03));
#316 = CARTESIAN_POINT('',(6.253475696594,-3.674061943109E-03));
#317 = ( GEOMETRIC_REPRESENTATION_CONTEXT(2) 
PARAMETRIC_REPRESENTATION_CONTEXT() REPRESENTATION_CONTEXT('2D SPACE',''
  ) );
#318 = PCURVE('',#160,#319);
#319 = DEFINITIONAL_REPRESENTATION('',(#320),#324);
#320 = ( BOUNDED_CURVE() B_SPLINE_CURVE(2,(#321,#322,#323),
.UNSPECIFIED.,.F.,.F.) B_SPLINE_CURVE_WITH_KNOTS((3,3),(5.737146328241,
6.253475696594),.PIECEWISE_BEZIER_KNOTS.) CURVE() 
GEOMETRIC_REPRESENTATION_ITEM() RATIONAL_B_SPLINE_CURVE((1.,
0.966860174289,1.)) REPRESENTATION_ITEM('') );
#321 = CARTESIAN_POINT('',(-3.349415787334E-03,7.902358303382E-03));
#322 = CARTESIAN_POINT('',(-6.908399889283E-03,2.045572032494E-03));
#323 = CARTESIAN_POINT('',(-7.111980095694E-03,-4.804746818504E-03));
#324 = ( GEOMETRIC_REPRESENTATION_CONTEXT(2) 
PARAMETRIC_REPRESENTATION_CONTEXT() REPRESENTATION_CONTEXT('2D SPACE',''
  ) );
#325 = ORIENTED_EDGE('',*,*,#326,.F.);
#326 = EDGE_CURVE('',#327,#304,#329,.T.);
#327 = VERTEX_POINT('',#328);
#328 = CARTESIAN_POINT('',(25.942546551203,0.770969803976,17.4437305662)
  );
#329 = SURFACE_CURVE('',#330,(#333,#340),.PCURVE_S1.);
#330 = B_SPLINE_CURVE_WITH_KNOTS('',1,(#331,#332),.UNSPECIFIED.,.F.,.F.,
  (2,2),(0.,3.674061943109E-03),.PIECEWISE_BEZIER_KNOTS.);
#331 = CARTESIAN_POINT('',(25.942546551203,0.770969803976,17.4437305662)
  );
#332 = CARTESIAN_POINT('',(25.942546551203,0.770969803976,
    21.117792509309));
#333 = PCURVE('',#242,#334);
#334 = DEFINITIONAL_REPRESENTATION('',(#335),#339);
#335 = B_SPLINE_CURVE_WITH_KNOTS('',2,(#336,#337,#338),.UNSPECIFIED.,.F.
  ,.F.,(3,3),(0.,3.674061943109E-03),.PIECEWISE_BEZIER_KNOTS.);
#336 = CARTESIAN_POINT('',(6.253475696594,0.));
#337 = CARTESIAN_POINT('',(6.253475696594,-1.837030971554E-03));
#338 = CARTESIAN_POINT('',(6.253475696594,-3.674061943109E-03));
#339 = ( GEOMETRIC_REPRESENTATION_CONTEXT(2) 
PARAMETRIC_REPRESENTATION_CONTEXT() REPRESENTATION_CONTEXT('2D SPACE',''
  ) );
#340 = PCURVE('',#341,#348);
#341 = ( BOUNDED_SURFACE() B_SPLINE_SURFACE(2,1,(
    (#342,#343)
    ,(#344,#345)
,(#346,#347
    )),.UNSPECIFIED.,.F.,.F.,.F.) B_SPLINE_SURFACE_WITH_KNOTS((3,3),(2,2
    ),(4.660673809365,6.312894917766),(-3.674061943109E-03,0.),
.PIECEWISE_BEZIER_KNOTS.) GEOMETRIC_REPRESENTATION_ITEM() 
RATIONAL_B_SPLINE_SURFACE((
    (1.,1.)
    ,(0.677740792224,0.677740792224)
,(1.,1.))) REPRESENTATION_ITEM('') SURFACE() );
#342 = CARTESIAN_POINT('',(25.194603677046,3.930735893455E-02,
    21.117792509309));
#343 = CARTESIAN_POINT('',(25.194603677046,3.930735893455E-02,
    17.4437305662));
#344 = CARTESIAN_POINT('',(25.965476158744,-5.940211682741E-04,
    21.117792509309));
#345 = CARTESIAN_POINT('',(25.965476158744,-5.940211682741E-04,
    17.4437305662));
#346 = CARTESIAN_POINT('',(25.942546551203,0.770969803976,
    21.117792509309));
#347 = CARTESIAN_POINT('',(25.942546551203,0.770969803976,17.4437305662)
  );
#348 = DEFINITIONAL_REPRESENTATION('',(#349),#353);
#349 = B_SPLINE_CURVE_WITH_KNOTS('',2,(#350,#351,#352),.UNSPECIFIED.,.F.
  ,.F.,(3,3),(0.,3.674061943109E-03),.PIECEWISE_BEZIER_KNOTS.);
#350 = CARTESIAN_POINT('',(6.312894917766,0.));
#351 = CARTESIAN_POINT('',(6.312894917766,-1.837030971554E-03));
#352 = CARTESIAN_POINT('',(6.312894917766,-3.674061943109E-03));
#353 = ( GEOMETRIC_REPRESENTATION_CONTEXT(2) 
PARAMETRIC_REPRESENTATION_CONTEXT() REPRESENTATION_CONTEXT('2D SPACE',''
  ) );
#354 = ORIENTED_EDGE('',*,*,#355,.F.);
#355 = EDGE_CURVE('',#226,#327,#356,.T.);
#356 = SURFACE_CURVE('',#357,(#361,#368),.PCURVE_S1.);
#357 = ( BOUNDED_CURVE() B_SPLINE_CURVE(2,(#358,#359,#360),
.UNSPECIFIED.,.F.,.F.) B_SPLINE_CURVE_WITH_KNOTS((3,3),(5.737146328241,
6.253475696594),.PIECEWISE_BEZIER_KNOTS.) CURVE() 
GEOMETRIC_REPRESENTATION_ITEM() RATIONAL_B_SPLINE_CURVE((1.,
0.966860174289,1.)) REPRESENTATION_ITEM('') );
#358 = CARTESIAN_POINT('',(22.179982242844,13.478074925862,17.4437305662
    ));
#359 = CARTESIAN_POINT('',(25.738966344792,7.621288654974,17.4437305662)
  );
#360 = CARTESIAN_POINT('',(25.942546551203,0.770969803976,17.4437305662)
  );
#361 = PCURVE('',#242,#362);
#362 = DEFINITIONAL_REPRESENTATION('',(#363),#367);
#363 = B_SPLINE_CURVE_WITH_KNOTS('',2,(#364,#365,#366),.UNSPECIFIED.,.F.
  ,.F.,(3,3),(5.737146328241,6.253475696594),.PIECEWISE_BEZIER_KNOTS.);
#364 = CARTESIAN_POINT('',(5.737146328241,0.));
#365 = CARTESIAN_POINT('',(5.995311012417,0.));
#366 = CARTESIAN_POINT('',(6.253475696594,0.));
#367 = ( GEOMETRIC_REPRESENTATION_CONTEXT(2) 
PARAMETRIC_REPRESENTATION_CONTEXT() REPRESENTATION_CONTEXT('2D SPACE',''
  ) );
#368 = PCURVE('',#211,#369);
#369 = DEFINITIONAL_REPRESENTATION('',(#370),#374);
#370 = ( BOUNDED_CURVE() B_SPLINE_CURVE(2,(#371,#372,#373),
.UNSPECIFIED.,.F.,.F.) B_SPLINE_CURVE_WITH_KNOTS((3,3),(5.737146328241,
6.253475696594),.PIECEWISE_BEZIER_KNOTS.) CURVE() 
GEOMETRIC_REPRESENTATION_ITEM() RATIONAL_B_SPLINE_CURVE((1.,
0.966860174289,1.)) REPRESENTATION_ITEM('') );
#371 = CARTESIAN_POINT('',(-3.349415787334E-03,7.902358303382E-03));
#372 = CARTESIAN_POINT('',(-6.908399889283E-03,2.045572032494E-03));
#373 = CARTESIAN_POINT('',(-7.111980095694E-03,-4.804746818504E-03));
#374 = ( GEOMETRIC_REPRESENTATION_CONTEXT(2) 
PARAMETRIC_REPRESENTATION_CONTEXT() REPRESENTATION_CONTEXT('2D SPACE',''
  ) );
#375 = ADVANCED_FACE('',(#376),#341,.F.);
#376 = FACE_BOUND('',#377,.F.);
#377 = EDGE_LOOP('',(#378,#406,#427,#428));
#378 = ORIENTED_EDGE('',*,*,#379,.T.);
#379 = EDGE_CURVE('',#380,#382,#384,.T.);
#380 = VERTEX_POINT('',#381);
#381 = CARTESIAN_POINT('',(25.194603677046,3.930735893454E-02,
    17.4437305662));
#382 = VERTEX_POINT('',#383);
#383 = CARTESIAN_POINT('',(25.194603677046,3.930735893454E-02,
    21.117792509309));
#384 = SURFACE_CURVE('',#385,(#388,#395),.PCURVE_S1.);
#385 = B_SPLINE_CURVE_WITH_KNOTS('',1,(#386,#387),.UNSPECIFIED.,.F.,.F.,
  (2,2),(0.,3.674061943109E-03),.PIECEWISE_BEZIER_KNOTS.);
#386 = CARTESIAN_POINT('',(25.194603677046,3.930735893454E-02,
    17.4437305662));
#387 = CARTESIAN_POINT('',(25.194603677046,3.930735893454E-02,
    21.117792509309));
#388 = PCURVE('',#341,#389);
#389 = DEFINITIONAL_REPRESENTATION('',(#390),#394);
#390 = B_SPLINE_CURVE_WITH_KNOTS('',2,(#391,#392,#393),.UNSPECIFIED.,.F.
  ,.F.,(3,3),(0.,3.674061943109E-03),.PIECEWISE_BEZIER_KNOTS.);
#391 = CARTESIAN_POINT('',(4.660673809365,0.));
#392 = CARTESIAN_POINT('',(4.660673809365,-1.837030971554E-03));
#393 = CARTESIAN_POINT('',(4.660673809365,-3.674061943109E-03));
#394 = ( GEOMETRIC_REPRESENTATION_CONTEXT(2) 
PARAMETRIC_REPRESENTATION_CONTEXT() REPRESENTATION_CONTEXT('2D SPACE',''
  ) );
#395 = PCURVE('',#396,#401);
#396 = B_SPLINE_SURFACE_WITH_KNOTS('',1,1,(
    (#397,#398)
    ,(#399,#400
    )),.UNSPECIFIED.,.F.,.F.,.F.,(2,2),(2,2),(0.,1.315996021184E-02),(
    -3.674061943109E-03,0.),.PIECEWISE_BEZIER_KNOTS.);
#397 = CARTESIAN_POINT('',(25.194603677046,3.930735893454E-02,
    21.117792509309));
#398 = CARTESIAN_POINT('',(25.194603677046,3.930735893454E-02,
    17.4437305662));
#399 = CARTESIAN_POINT('',(12.052237429936,0.719573633223,
    21.117792509309));
#400 = CARTESIAN_POINT('',(12.052237429936,0.719573633223,17.4437305662)
  );
#401 = DEFINITIONAL_REPRESENTATION('',(#402),#405);
#402 = B_SPLINE_CURVE_WITH_KNOTS('',1,(#403,#404),.UNSPECIFIED.,.F.,.F.,
  (2,2),(0.,3.674061943109E-03),.PIECEWISE_BEZIER_KNOTS.);
#403 = CARTESIAN_POINT('',(0.,0.));
#404 = CARTESIAN_POINT('',(0.,-3.674061943109E-03));
#405 = ( GEOMETRIC_REPRESENTATION_CONTEXT(2) 
PARAMETRIC_REPRESENTATION_CONTEXT() REPRESENTATION_CONTEXT('2D SPACE',''
  ) );
#406 = ORIENTED_EDGE('',*,*,#407,.T.);
#407 = EDGE_CURVE('',#382,#304,#408,.T.);
#408 = SURFACE_CURVE('',#409,(#413,#420),.PCURVE_S1.);
#409 = ( BOUNDED_CURVE() B_SPLINE_CURVE(2,(#410,#411,#412),
.UNSPECIFIED.,.F.,.F.) B_SPLINE_CURVE_WITH_KNOTS((3,3),(4.660673809365,
6.312894917766),.PIECEWISE_BEZIER_KNOTS.) CURVE() 
GEOMETRIC_REPRESENTATION_ITEM() RATIONAL_B_SPLINE_CURVE((1.,
0.677740792224,1.)) REPRESENTATION_ITEM('') );
#410 = CARTESIAN_POINT('',(25.194603677046,3.930735893455E-02,
    21.117792509309));
#411 = CARTESIAN_POINT('',(25.965476158744,-5.94021168274E-04,
    21.117792509309));
#412 = CARTESIAN_POINT('',(25.942546551203,0.770969803976,
    21.117792509309));
#413 = PCURVE('',#341,#414);
#414 = DEFINITIONAL_REPRESENTATION('',(#415),#419);
#415 = B_SPLINE_CURVE_WITH_KNOTS('',2,(#416,#417,#418),.UNSPECIFIED.,.F.
  ,.F.,(3,3),(4.660673809365,6.312894917766),.PIECEWISE_BEZIER_KNOTS.);
#416 = CARTESIAN_POINT('',(4.660673809365,-3.674061943109E-03));
#417 = CARTESIAN_POINT('',(5.486784363566,-3.674061943109E-03));
#418 = CARTESIAN_POINT('',(6.312894917766,-3.674061943109E-03));
#419 = ( GEOMETRIC_REPRESENTATION_CONTEXT(2) 
PARAMETRIC_REPRESENTATION_CONTEXT() REPRESENTATION_CONTEXT('2D SPACE',''
  ) );
#420 = PCURVE('',#160,#421);
#421 = DEFINITIONAL_REPRESENTATION('',(#422),#426);
#422 = ( BOUNDED_CURVE() B_SPLINE_CURVE(2,(#423,#424,#425),
.UNSPECIFIED.,.F.,.F.) B_SPLINE_CURVE_WITH_KNOTS((3,3),(4.660673809365,
6.312894917766),.PIECEWISE_BEZIER_KNOTS.) CURVE() 
GEOMETRIC_REPRESENTATION_ITEM() RATIONAL_B_SPLINE_CURVE((1.,
0.677740792224,1.)) REPRESENTATION_ITEM('') );
#423 = CARTESIAN_POINT('',(-6.364037221537E-03,-5.536409263545E-03));
#424 = CARTESIAN_POINT('',(-7.134909703235E-03,-5.576310643648E-03));
#425 = CARTESIAN_POINT('',(-7.111980095694E-03,-4.804746818504E-03));
#426 = ( GEOMETRIC_REPRESENTATION_CONTEXT(2) 
PARAMETRIC_REPRESENTATION_CONTEXT() REPRESENTATION_CONTEXT('2D SPACE',''
  ) );
#427 = ORIENTED_EDGE('',*,*,#326,.F.);
#428 = ORIENTED_EDGE('',*,*,#429,.F.);
#429 = EDGE_CURVE('',#380,#327,#430,.T.);
#430 = SURFACE_CURVE('',#431,(#435,#442),.PCURVE_S1.);
#431 = ( BOUNDED_CURVE() B_SPLINE_CURVE(2,(#432,#433,#434),
.UNSPECIFIED.,.F.,.F.) B_SPLINE_CURVE_WITH_KNOTS((3,3),(4.660673809365,
6.312894917766),.PIECEWISE_BEZIER_KNOTS.) CURVE() 
GEOMETRIC_REPRESENTATION_ITEM() RATIONAL_B_SPLINE_CURVE((1.,
0.677740792224,1.)) REPRESENTATION_ITEM('') );
#432 = CARTESIAN_POINT('',(25.194603677046,3.930735893455E-02,
    17.4437305662));
#433 = CARTESIAN_POINT('',(25.965476158744,-5.94021168274E-04,
    17.4437305662));
#434 = CARTESIAN_POINT('',(25.942546551203,0.770969803976,17.4437305662)
  );
#435 = PCURVE('',#341,#436);
#436 = DEFINITIONAL_REPRESENTATION('',(#437),#441);
#437 = B_SPLINE_CURVE_WITH_KNOTS('',2,(#438,#439,#440),.UNSPECIFIED.,.F.
  ,.F.,(3,3),(4.660673809365,6.312894917766),.PIECEWISE_BEZIER_KNOTS.);
#438 = CARTESIAN_POINT('',(4.660673809365,0.));
#439 = CARTESIAN_POINT('',(5.486784363566,0.));
#440 = CARTESIAN_POINT('',(6.312894917766,0.));
#441 = ( GEOMETRIC_REPRESENTATION_CONTEXT(2) 
PARAMETRIC_REPRESENTATION_CONTEXT() REPRESENTATION_CONTEXT('2D SPACE',''
  ) );
#442 = PCURVE('',#211,#443);
#443 = DEFINITIONAL_REPRESENTATION('',(#444),#448);
#444 = ( BOUNDED_CURVE() B_SPLINE_CURVE(2,(#445,#446,#447),
.UNSPECIFIED.,.F.,.F.) B_SPLINE_CURVE_WITH_KNOTS((3,3),(4.660673809365,
6.312894917766),.PIECEWISE_BEZIER_KNOTS.) CURVE() 
GEOMETRIC_REPRESENTATION_ITEM() RATIONAL_B_SPLINE_CURVE((1.,
0.677740792224,1.)) REPRESENTATION_ITEM('') );
#445 = CARTESIAN_POINT('',(-6.364037221537E-03,-5.536409263545E-03));
#446 = CARTESIAN_POINT('',(-7.134909703235E-03,-5.576310643648E-03));
#447 = CARTESIAN_POINT('',(-7.111980095694E-03,-4.804746818504E-03));
#448 = ( GEOMETRIC_REPRESENTATION_CONTEXT(2) 
PARAMETRIC_REPRESENTATION_CONTEXT() REPRESENTATION_CONTEXT('2D SPACE',''
  ) );
#449 = ADVANCED_FACE('',(#450),#396,.T.);
#450 = FACE_BOUND('',#451,.T.);
#451 = EDGE_LOOP('',(#452,#453,#473,#501));
#452 = ORIENTED_EDGE('',*,*,#379,.T.);
#453 = ORIENTED_EDGE('',*,*,#454,.T.);
#454 = EDGE_CURVE('',#382,#455,#457,.T.);
#455 = VERTEX_POINT('',#456);
#456 = CARTESIAN_POINT('',(12.052237429936,0.719573633223,
    21.117792509309));
#457 = SURFACE_CURVE('',#458,(#461,#467),.PCURVE_S1.);
#458 = B_SPLINE_CURVE_WITH_KNOTS('',1,(#459,#460),.UNSPECIFIED.,.F.,.F.,
  (2,2),(7.604129429344E-04,1.392037315477E-02),
  .PIECEWISE_BEZIER_KNOTS.);
#459 = CARTESIAN_POINT('',(25.194603677046,3.930735893454E-02,
    21.117792509309));
#460 = CARTESIAN_POINT('',(12.052237429936,0.719573633223,
    21.117792509309));
#461 = PCURVE('',#396,#462);
#462 = DEFINITIONAL_REPRESENTATION('',(#463),#466);
#463 = B_SPLINE_CURVE_WITH_KNOTS('',1,(#464,#465),.UNSPECIFIED.,.F.,.F.,
  (2,2),(7.604129429344E-04,1.392037315477E-02),
  .PIECEWISE_BEZIER_KNOTS.);
#464 = CARTESIAN_POINT('',(0.,-3.674061943109E-03));
#465 = CARTESIAN_POINT('',(1.315996021184E-02,-3.674061943109E-03));
#466 = ( GEOMETRIC_REPRESENTATION_CONTEXT(2) 
PARAMETRIC_REPRESENTATION_CONTEXT() REPRESENTATION_CONTEXT('2D SPACE',''
  ) );
#467 = PCURVE('',#160,#468);
#468 = DEFINITIONAL_REPRESENTATION('',(#469),#472);
#469 = B_SPLINE_CURVE_WITH_KNOTS('',1,(#470,#471),.UNSPECIFIED.,.F.,.F.,
  (2,2),(7.604129429344E-04,1.392037315477E-02),
  .PIECEWISE_BEZIER_KNOTS.);
#470 = CARTESIAN_POINT('',(-6.364037221537E-03,-5.536409263545E-03));
#471 = CARTESIAN_POINT('',(6.778329025574E-03,-4.856142989256E-03));
#472 = ( GEOMETRIC_REPRESENTATION_CONTEXT(2) 
PARAMETRIC_REPRESENTATION_CONTEXT() REPRESENTATION_CONTEXT('2D SPACE',''
  ) );
#473 = ORIENTED_EDGE('',*,*,#474,.F.);
#474 = EDGE_CURVE('',#475,#455,#477,.T.);
#475 = VERTEX_POINT('',#476);
#476 = CARTESIAN_POINT('',(12.052237429936,0.719573633223,17.4437305662)
  );
#477 = SURFACE_CURVE('',#478,(#481,#487),.PCURVE_S1.);
#478 = B_SPLINE_CURVE_WITH_KNOTS('',1,(#479,#480),.UNSPECIFIED.,.F.,.F.,
  (2,2),(0.,3.674061943109E-03),.PIECEWISE_BEZIER_KNOTS.);
#479 = CARTESIAN_POINT('',(12.052237429936,0.719573633223,17.4437305662)
  );
#480 = CARTESIAN_POINT('',(12.052237429936,0.719573633223,
    21.117792509309));
#481 = PCURVE('',#396,#482);
#482 = DEFINITIONAL_REPRESENTATION('',(#483),#486);
#483 = B_SPLINE_CURVE_WITH_KNOTS('',1,(#484,#485),.UNSPECIFIED.,.F.,.F.,
  (2,2),(0.,3.674061943109E-03),.PIECEWISE_BEZIER_KNOTS.);
#484 = CARTESIAN_POINT('',(1.315996021184E-02,0.));
#485 = CARTESIAN_POINT('',(1.315996021184E-02,-3.674061943109E-03));
#486 = ( GEOMETRIC_REPRESENTATION_CONTEXT(2) 
PARAMETRIC_REPRESENTATION_CONTEXT() REPRESENTATION_CONTEXT('2D SPACE',''
  ) );
#487 = PCURVE('',#488,#495);
#488 = ( BOUNDED_SURFACE() B_SPLINE_SURFACE(2,1,(
    (#489,#490)
    ,(#491,#492)
,(#493,#494
    )),.UNSPECIFIED.,.F.,.F.,.F.) B_SPLINE_SURFACE_WITH_KNOTS((3,3),(2,2
    ),(4.764104151404,6.173604429653),(-3.674061943109E-03,0.),
.PIECEWISE_BEZIER_KNOTS.) GEOMETRIC_REPRESENTATION_ITEM() 
RATIONAL_B_SPLINE_SURFACE((
    (1.,1.)
    ,(0.761773446286,0.761773446286)
,(1.,1.))) REPRESENTATION_ITEM('') SURFACE() );
#489 = CARTESIAN_POINT('',(12.052237429936,0.719573633223,
    21.117792509309));
#490 = CARTESIAN_POINT('',(12.052237429936,0.719573633223,17.4437305662)
  );
#491 = CARTESIAN_POINT('',(11.533548030913,0.746421683137,
    21.117792509309));
#492 = CARTESIAN_POINT('',(11.533548030913,0.746421683137,17.4437305662)
  );
#493 = CARTESIAN_POINT('',(11.476747336861,1.262690209776,
    21.117792509309));
#494 = CARTESIAN_POINT('',(11.476747336861,1.262690209776,17.4437305662)
  );
#495 = DEFINITIONAL_REPRESENTATION('',(#496),#500);
#496 = B_SPLINE_CURVE_WITH_KNOTS('',2,(#497,#498,#499),.UNSPECIFIED.,.F.
  ,.F.,(3,3),(0.,3.674061943109E-03),.PIECEWISE_BEZIER_KNOTS.);
#497 = CARTESIAN_POINT('',(4.764104151404,0.));
#498 = CARTESIAN_POINT('',(4.764104151404,-1.837030971554E-03));
#499 = CARTESIAN_POINT('',(4.764104151404,-3.674061943109E-03));
#500 = ( GEOMETRIC_REPRESENTATION_CONTEXT(2) 
PARAMETRIC_REPRESENTATION_CONTEXT() REPRESENTATION_CONTEXT('2D SPACE',''
  ) );
#501 = ORIENTED_EDGE('',*,*,#502,.F.);
#502 = EDGE_CURVE('',#380,#475,#503,.T.);
#503 = SURFACE_CURVE('',#504,(#507,#513),.PCURVE_S1.);
#504 = B_SPLINE_CURVE_WITH_KNOTS('',1,(#505,#506),.UNSPECIFIED.,.F.,.F.,
  (2,2),(7.604129429344E-04,1.392037315477E-02),
  .PIECEWISE_BEZIER_KNOTS.);
#505 = CARTESIAN_POINT('',(25.194603677046,3.930735893454E-02,
    17.4437305662));
#506 = CARTESIAN_POINT('',(12.052237429936,0.719573633223,17.4437305662)
  );
#507 = PCURVE('',#396,#508);
#508 = DEFINITIONAL_REPRESENTATION('',(#509),#512);
#509 = B_SPLINE_CURVE_WITH_KNOTS('',1,(#510,#511),.UNSPECIFIED.,.F.,.F.,
  (2,2),(7.604129429344E-04,1.392037315477E-02),
  .PIECEWISE_BEZIER_KNOTS.);
#510 = CARTESIAN_POINT('',(0.,0.));
#511 = CARTESIAN_POINT('',(1.315996021184E-02,0.));
#512 = ( GEOMETRIC_REPRESENTATION_CONTEXT(2) 
PARAMETRIC_REPRESENTATION_CONTEXT() REPRESENTATION_CONTEXT('2D SPACE',''
  ) );
#513 = PCURVE('',#211,#514);
#514 = DEFINITIONAL_REPRESENTATION('',(#515),#518);
#515 = B_SPLINE_CURVE_WITH_KNOTS('',1,(#516,#517),.UNSPECIFIED.,.F.,.F.,
  (2,2),(7.604129429344E-04,1.392037315477E-02),
  .PIECEWISE_BEZIER_KNOTS.);
#516 = CARTESIAN_POINT('',(-6.364037221537E-03,-5.536409263545E-03));
#517 = CARTESIAN_POINT('',(6.778329025574E-03,-4.856142989256E-03));
#518 = ( GEOMETRIC_REPRESENTATION_CONTEXT(2) 
PARAMETRIC_REPRESENTATION_CONTEXT() REPRESENTATION_CONTEXT('2D SPACE',''
  ) );
#519 = ADVANCED_FACE('',(#520),#488,.T.);
#520 = FACE_BOUND('',#521,.T.);
#521 = EDGE_LOOP('',(#522,#523,#546,#575));
#522 = ORIENTED_EDGE('',*,*,#474,.T.);
#523 = ORIENTED_EDGE('',*,*,#524,.T.);
#524 = EDGE_CURVE('',#455,#525,#527,.T.);
#525 = VERTEX_POINT('',#526);
#526 = CARTESIAN_POINT('',(11.476747336861,1.262690209776,
    21.117792509309));
#527 = SURFACE_CURVE('',#528,(#532,#539),.PCURVE_S1.);
#528 = ( BOUNDED_CURVE() B_SPLINE_CURVE(2,(#529,#530,#531),
.UNSPECIFIED.,.F.,.F.) B_SPLINE_CURVE_WITH_KNOTS((3,3),(4.764104151404,
6.173604429653),.PIECEWISE_BEZIER_KNOTS.) CURVE() 
GEOMETRIC_REPRESENTATION_ITEM() RATIONAL_B_SPLINE_CURVE((1.,
0.761773446286,1.)) REPRESENTATION_ITEM('') );
#529 = CARTESIAN_POINT('',(12.052237429936,0.719573633223,
    21.117792509309));
#530 = CARTESIAN_POINT('',(11.533548030913,0.746421683137,
    21.117792509309));
#531 = CARTESIAN_POINT('',(11.476747336861,1.262690209776,
    21.117792509309));
#532 = PCURVE('',#488,#533);
#533 = DEFINITIONAL_REPRESENTATION('',(#534),#538);
#534 = B_SPLINE_CURVE_WITH_KNOTS('',2,(#535,#536,#537),.UNSPECIFIED.,.F.
  ,.F.,(3,3),(4.764104151404,6.173604429653),.PIECEWISE_BEZIER_KNOTS.);
#535 = CARTESIAN_POINT('',(4.764104151404,-3.674061943109E-03));
#536 = CARTESIAN_POINT('',(5.468854290529,-3.674061943109E-03));
#537 = CARTESIAN_POINT('',(6.173604429653,-3.674061943109E-03));
#538 = ( GEOMETRIC_REPRESENTATION_CONTEXT(2) 
PARAMETRIC_REPRESENTATION_CONTEXT() REPRESENTATION_CONTEXT('2D SPACE',''
  ) );
#539 = PCURVE('',#160,#540);
#540 = DEFINITIONAL_REPRESENTATION('',(#541),#545);
#541 = ( BOUNDED_CURVE() B_SPLINE_CURVE(2,(#542,#543,#544),
.UNSPECIFIED.,.F.,.F.) B_SPLINE_CURVE_WITH_KNOTS((3,3),(4.764104151404,
6.173604429653),.PIECEWISE_BEZIER_KNOTS.) CURVE() 
GEOMETRIC_REPRESENTATION_ITEM() RATIONAL_B_SPLINE_CURVE((1.,
0.761773446286,1.)) REPRESENTATION_ITEM('') );
#542 = CARTESIAN_POINT('',(6.778329025574E-03,-4.856142989256E-03));
#543 = CARTESIAN_POINT('',(7.297018424596E-03,-4.829294939343E-03));
#544 = CARTESIAN_POINT('',(7.353819118649E-03,-4.313026412704E-03));
#545 = ( GEOMETRIC_REPRESENTATION_CONTEXT(2) 
PARAMETRIC_REPRESENTATION_CONTEXT() REPRESENTATION_CONTEXT('2D SPACE',''
  ) );
#546 = ORIENTED_EDGE('',*,*,#547,.F.);
#547 = EDGE_CURVE('',#548,#525,#550,.T.);
#548 = VERTEX_POINT('',#549);
#549 = CARTESIAN_POINT('',(11.476747336861,1.262690209776,17.4437305662)
  );
#550 = SURFACE_CURVE('',#551,(#554,#561),.PCURVE_S1.);
#551 = B_SPLINE_CURVE_WITH_KNOTS('',1,(#552,#553),.UNSPECIFIED.,.F.,.F.,
  (2,2),(0.,3.674061943109E-03),.PIECEWISE_BEZIER_KNOTS.);
#552 = CARTESIAN_POINT('',(11.476747336861,1.262690209776,17.4437305662)
  );
#553 = CARTESIAN_POINT('',(11.476747336861,1.262690209776,
    21.117792509309));
#554 = PCURVE('',#488,#555);
#555 = DEFINITIONAL_REPRESENTATION('',(#556),#560);
#556 = B_SPLINE_CURVE_WITH_KNOTS('',2,(#557,#558,#559),.UNSPECIFIED.,.F.
  ,.F.,(3,3),(0.,3.674061943109E-03),.PIECEWISE_BEZIER_KNOTS.);
#557 = CARTESIAN_POINT('',(6.173604429653,0.));
#558 = CARTESIAN_POINT('',(6.173604429653,-1.837030971554E-03));
#559 = CARTESIAN_POINT('',(6.173604429653,-3.674061943109E-03));
#560 = ( GEOMETRIC_REPRESENTATION_CONTEXT(2) 
PARAMETRIC_REPRESENTATION_CONTEXT() REPRESENTATION_CONTEXT('2D SPACE',''
  ) );
#561 = PCURVE('',#562,#569);
#562 = ( BOUNDED_SURFACE() B_SPLINE_SURFACE(2,1,(
    (#563,#564)
    ,(#565,#566)
,(#567,#568
    )),.UNSPECIFIED.,.F.,.F.,.F.) B_SPLINE_SURFACE_WITH_KNOTS((3,3),(2,2
    ),(3.251173531116,3.607760365589),(-3.674061943109E-03,0.),
.PIECEWISE_BEZIER_KNOTS.) GEOMETRIC_REPRESENTATION_ITEM() 
RATIONAL_B_SPLINE_SURFACE((
    (1.,1.)
    ,(0.984147788739,0.984147788739)
,(1.,1.))) REPRESENTATION_ITEM('') SURFACE() );
#563 = CARTESIAN_POINT('',(11.476747336861,1.262690209775,
    21.117792509309));
#564 = CARTESIAN_POINT('',(11.476747336861,1.262690209775,17.4437305662)
  );
#565 = CARTESIAN_POINT('',(11.24920174496,3.330880210492,21.117792509309
    ));
#566 = CARTESIAN_POINT('',(11.24920174496,3.330880210492,17.4437305662)
  );
#567 = CARTESIAN_POINT('',(10.314010945096,5.18953699519,21.117792509309
    ));
#568 = CARTESIAN_POINT('',(10.314010945096,5.18953699519,17.4437305662)
  );
#569 = DEFINITIONAL_REPRESENTATION('',(#570),#574);
#570 = B_SPLINE_CURVE_WITH_KNOTS('',2,(#571,#572,#573),.UNSPECIFIED.,.F.
  ,.F.,(3,3),(0.,3.674061943109E-03),.PIECEWISE_BEZIER_KNOTS.);
#571 = CARTESIAN_POINT('',(3.251173531116,0.));
#572 = CARTESIAN_POINT('',(3.251173531116,-1.837030971554E-03));
#573 = CARTESIAN_POINT('',(3.251173531116,-3.674061943109E-03));
#574 = ( GEOMETRIC_REPRESENTATION_CONTEXT(2) 
PARAMETRIC_REPRESENTATION_CONTEXT() REPRESENTATION_CONTEXT('2D SPACE',''
  ) );
#575 = ORIENTED_EDGE('',*,*,#576,.F.);
#576 = EDGE_CURVE('',#475,#548,#577,.T.);
#577 = SURFACE_CURVE('',#578,(#582,#589),.PCURVE_S1.);
#578 = ( BOUNDED_CURVE() B_SPLINE_CURVE(2,(#579,#580,#581),
.UNSPECIFIED.,.F.,.F.) B_SPLINE_CURVE_WITH_KNOTS((3,3),(4.764104151404,
6.173604429653),.PIECEWISE_BEZIER_KNOTS.) CURVE() 
GEOMETRIC_REPRESENTATION_ITEM() RATIONAL_B_SPLINE_CURVE((1.,
0.761773446286,1.)) REPRESENTATION_ITEM('') );
#579 = CARTESIAN_POINT('',(12.052237429936,0.719573633223,17.4437305662)
  );
#580 = CARTESIAN_POINT('',(11.533548030913,0.746421683137,17.4437305662)
  );
#581 = CARTESIAN_POINT('',(11.476747336861,1.262690209776,17.4437305662)
  );
#582 = PCURVE('',#488,#583);
#583 = DEFINITIONAL_REPRESENTATION('',(#584),#588);
#584 = B_SPLINE_CURVE_WITH_KNOTS('',2,(#585,#586,#587),.UNSPECIFIED.,.F.
  ,.F.,(3,3),(4.764104151404,6.173604429653),.PIECEWISE_BEZIER_KNOTS.);
#585 = CARTESIAN_POINT('',(4.764104151404,0.));
#586 = CARTESIAN_POINT('',(5.468854290529,0.));
#587 = CARTESIAN_POINT('',(6.173604429653,0.));
#588 = ( GEOMETRIC_REPRESENTATION_CONTEXT(2) 
PARAMETRIC_REPRESENTATION_CONTEXT() REPRESENTATION_CONTEXT('2D SPACE',''
  ) );
#589 = PCURVE('',#211,#590);
#590 = DEFINITIONAL_REPRESENTATION('',(#591),#595);
#591 = ( BOUNDED_CURVE() B_SPLINE_CURVE(2,(#592,#593,#594),
.UNSPECIFIED.,.F.,.F.) B_SPLINE_CURVE_WITH_KNOTS((3,3),(4.764104151404,
6.173604429653),.PIECEWISE_BEZIER_KNOTS.) CURVE() 
GEOMETRIC_REPRESENTATION_ITEM() RATIONAL_B_SPLINE_CURVE((1.,
0.761773446286,1.)) REPRESENTATION_ITEM('') );
#592 = CARTESIAN_POINT('',(6.778329025574E-03,-4.856142989256E-03));
#593 = CARTESIAN_POINT('',(7.297018424596E-03,-4.829294939343E-03));
#594 = CARTESIAN_POINT('',(7.353819118649E-03,-4.313026412704E-03));
#595 = ( GEOMETRIC_REPRESENTATION_CONTEXT(2) 
PARAMETRIC_REPRESENTATION_CONTEXT() REPRESENTATION_CONTEXT('2D SPACE',''
  ) );
#596 = ADVANCED_FACE('',(#597),#562,.T.);
#597 = FACE_BOUND('',#598,.T.);
#598 = EDGE_LOOP('',(#599,#600,#623,#645));
#599 = ORIENTED_EDGE('',*,*,#547,.T.);
#600 = ORIENTED_EDGE('',*,*,#601,.T.);
#601 = EDGE_CURVE('',#525,#602,#604,.T.);
#602 = VERTEX_POINT('',#603);
#603 = CARTESIAN_POINT('',(10.314010945096,5.18953699519,21.117792509309
    ));
#604 = SURFACE_CURVE('',#605,(#609,#616),.PCURVE_S1.);
#605 = ( BOUNDED_CURVE() B_SPLINE_CURVE(2,(#606,#607,#608),
.UNSPECIFIED.,.F.,.F.) B_SPLINE_CURVE_WITH_KNOTS((3,3),(3.251173531116,
3.607760365589),.PIECEWISE_BEZIER_KNOTS.) CURVE() 
GEOMETRIC_REPRESENTATION_ITEM() RATIONAL_B_SPLINE_CURVE((1.,
0.984147788739,1.)) REPRESENTATION_ITEM('') );
#606 = CARTESIAN_POINT('',(11.476747336861,1.262690209775,
    21.117792509309));
#607 = CARTESIAN_POINT('',(11.24920174496,3.330880210492,21.117792509309
    ));
#608 = CARTESIAN_POINT('',(10.314010945096,5.18953699519,21.117792509309
    ));
#609 = PCURVE('',#562,#610);
#610 = DEFINITIONAL_REPRESENTATION('',(#611),#615);
#611 = B_SPLINE_CURVE_WITH_KNOTS('',2,(#612,#613,#614),.UNSPECIFIED.,.F.
  ,.F.,(3,3),(3.251173531116,3.607760365589),.PIECEWISE_BEZIER_KNOTS.);
#612 = CARTESIAN_POINT('',(3.251173531116,-3.674061943109E-03));
#613 = CARTESIAN_POINT('',(3.429466948352,-3.674061943109E-03));
#614 = CARTESIAN_POINT('',(3.607760365589,-3.674061943109E-03));
#615 = ( GEOMETRIC_REPRESENTATION_CONTEXT(2) 
PARAMETRIC_REPRESENTATION_CONTEXT() REPRESENTATION_CONTEXT('2D SPACE',''
  ) );
#616 = PCURVE('',#160,#617);
#617 = DEFINITIONAL_REPRESENTATION('',(#618),#622);
#618 = ( BOUNDED_CURVE() B_SPLINE_CURVE(2,(#619,#620,#621),
.UNSPECIFIED.,.F.,.F.) B_SPLINE_CURVE_WITH_KNOTS((3,3),(3.251173531116,
3.607760365589),.PIECEWISE_BEZIER_KNOTS.) CURVE() 
GEOMETRIC_REPRESENTATION_ITEM() RATIONAL_B_SPLINE_CURVE((1.,
0.984147788739,1.)) REPRESENTATION_ITEM('') );
#619 = CARTESIAN_POINT('',(7.353819118649E-03,-4.313026412704E-03));
#620 = CARTESIAN_POINT('',(7.58136471055E-03,-2.244836411988E-03));
#621 = CARTESIAN_POINT('',(8.516555510414E-03,-3.861796272901E-04));
#622 = ( GEOMETRIC_REPRESENTATION_CONTEXT(2) 
PARAMETRIC_REPRESENTATION_CONTEXT() REPRESENTATION_CONTEXT('2D SPACE',''
  ) );
#623 = ORIENTED_EDGE('',*,*,#624,.F.);
#624 = EDGE_CURVE('',#625,#602,#627,.T.);
#625 = VERTEX_POINT('',#626);
#626 = CARTESIAN_POINT('',(10.314010945096,5.18953699519,17.4437305662)
  );
#627 = SURFACE_CURVE('',#628,(#631,#638),.PCURVE_S1.);
#628 = B_SPLINE_CURVE_WITH_KNOTS('',1,(#629,#630),.UNSPECIFIED.,.F.,.F.,
  (2,2),(0.,3.674061943109E-03),.PIECEWISE_BEZIER_KNOTS.);
#629 = CARTESIAN_POINT('',(10.314010945096,5.18953699519,17.4437305662)
  );
#630 = CARTESIAN_POINT('',(10.314010945096,5.18953699519,21.117792509309
    ));
#631 = PCURVE('',#562,#632);
#632 = DEFINITIONAL_REPRESENTATION('',(#633),#637);
#633 = B_SPLINE_CURVE_WITH_KNOTS('',2,(#634,#635,#636),.UNSPECIFIED.,.F.
  ,.F.,(3,3),(0.,3.674061943109E-03),.PIECEWISE_BEZIER_KNOTS.);
#634 = CARTESIAN_POINT('',(3.607760365589,0.));
#635 = CARTESIAN_POINT('',(3.607760365589,-1.837030971554E-03));
#636 = CARTESIAN_POINT('',(3.607760365589,-3.674061943109E-03));
#637 = ( GEOMETRIC_REPRESENTATION_CONTEXT(2) 
PARAMETRIC_REPRESENTATION_CONTEXT() REPRESENTATION_CONTEXT('2D SPACE',''
  ) );
#638 = PCURVE('',#132,#639);
#639 = DEFINITIONAL_REPRESENTATION('',(#640),#644);
#640 = B_SPLINE_CURVE_WITH_KNOTS('',2,(#641,#642,#643),.UNSPECIFIED.,.F.
  ,.F.,(3,3),(0.,3.674061943109E-03),.PIECEWISE_BEZIER_KNOTS.);
#641 = CARTESIAN_POINT('',(5.817017595181,0.));
#642 = CARTESIAN_POINT('',(5.817017595181,-1.837030971554E-03));
#643 = CARTESIAN_POINT('',(5.817017595181,-3.674061943109E-03));
#644 = ( GEOMETRIC_REPRESENTATION_CONTEXT(2) 
PARAMETRIC_REPRESENTATION_CONTEXT() REPRESENTATION_CONTEXT('2D SPACE',''
  ) );
#645 = ORIENTED_EDGE('',*,*,#646,.F.);
#646 = EDGE_CURVE('',#548,#625,#647,.T.);
#647 = SURFACE_CURVE('',#648,(#652,#659),.PCURVE_S1.);
#648 = ( BOUNDED_CURVE() B_SPLINE_CURVE(2,(#649,#650,#651),
.UNSPECIFIED.,.F.,.F.) B_SPLINE_CURVE_WITH_KNOTS((3,3),(3.251173531116,
3.607760365589),.PIECEWISE_BEZIER_KNOTS.) CURVE() 
GEOMETRIC_REPRESENTATION_ITEM() RATIONAL_B_SPLINE_CURVE((1.,
0.984147788739,1.)) REPRESENTATION_ITEM('') );
#649 = CARTESIAN_POINT('',(11.476747336861,1.262690209775,17.4437305662)
  );
#650 = CARTESIAN_POINT('',(11.24920174496,3.330880210492,17.4437305662)
  );
#651 = CARTESIAN_POINT('',(10.314010945096,5.18953699519,17.4437305662)
  );
#652 = PCURVE('',#562,#653);
#653 = DEFINITIONAL_REPRESENTATION('',(#654),#658);
#654 = B_SPLINE_CURVE_WITH_KNOTS('',2,(#655,#656,#657),.UNSPECIFIED.,.F.
  ,.F.,(3,3),(3.251173531116,3.607760365589),.PIECEWISE_BEZIER_KNOTS.);
#655 = CARTESIAN_POINT('',(3.251173531116,0.));
#656 = CARTESIAN_POINT('',(3.429466948352,0.));
#657 = CARTESIAN_POINT('',(3.607760365589,0.));
#658 = ( GEOMETRIC_REPRESENTATION_CONTEXT(2) 
PARAMETRIC_REPRESENTATION_CONTEXT() REPRESENTATION_CONTEXT('2D SPACE',''
  ) );
#659 = PCURVE('',#211,#660);
#660 = DEFINITIONAL_REPRESENTATION('',(#661),#665);
#661 = ( BOUNDED_CURVE() B_SPLINE_CURVE(2,(#662,#663,#664),
.UNSPECIFIED.,.F.,.F.) B_SPLINE_CURVE_WITH_KNOTS((3,3),(3.251173531116,
3.607760365589),.PIECEWISE_BEZIER_KNOTS.) CURVE() 
GEOMETRIC_REPRESENTATION_ITEM() RATIONAL_B_SPLINE_CURVE((1.,
0.984147788739,1.)) REPRESENTATION_ITEM('') );
#662 = CARTESIAN_POINT('',(7.353819118649E-03,-4.313026412704E-03));
#663 = CARTESIAN_POINT('',(7.58136471055E-03,-2.244836411988E-03));
#664 = CARTESIAN_POINT('',(8.516555510414E-03,-3.861796272901E-04));
#665 = ( GEOMETRIC_REPRESENTATION_CONTEXT(2) 
PARAMETRIC_REPRESENTATION_CONTEXT() REPRESENTATION_CONTEXT('2D SPACE',''
  ) );
#666 = ADVANCED_FACE('',(#667),#132,.T.);
#667 = FACE_BOUND('',#668,.T.);
#668 = EDGE_LOOP('',(#669,#670,#691,#692));
#669 = ORIENTED_EDGE('',*,*,#624,.T.);
#670 = ORIENTED_EDGE('',*,*,#671,.T.);
#671 = EDGE_CURVE('',#602,#114,#672,.T.);
#672 = SURFACE_CURVE('',#673,(#677,#684),.PCURVE_S1.);
#673 = ( BOUNDED_CURVE() B_SPLINE_CURVE(2,(#674,#675,#676),
.UNSPECIFIED.,.F.,.F.) B_SPLINE_CURVE_WITH_KNOTS((3,3),(5.817017595181,
7.22651787343),.PIECEWISE_BEZIER_KNOTS.) CURVE() 
GEOMETRIC_REPRESENTATION_ITEM() RATIONAL_B_SPLINE_CURVE((1.,
0.761773446286,1.)) REPRESENTATION_ITEM('') );
#674 = CARTESIAN_POINT('',(10.314010945096,5.18953699519,21.117792509309
    ));
#675 = CARTESIAN_POINT('',(10.080565480122,5.653501137474,
    21.117792509309));
#676 = CARTESIAN_POINT('',(10.501016580308,5.958427985742,
    21.117792509309));
#677 = PCURVE('',#132,#678);
#678 = DEFINITIONAL_REPRESENTATION('',(#679),#683);
#679 = B_SPLINE_CURVE_WITH_KNOTS('',2,(#680,#681,#682),.UNSPECIFIED.,.F.
  ,.F.,(3,3),(5.817017595181,7.22651787343),.PIECEWISE_BEZIER_KNOTS.);
#680 = CARTESIAN_POINT('',(5.817017595181,-3.674061943109E-03));
#681 = CARTESIAN_POINT('',(6.521767734306,-3.674061943109E-03));
#682 = CARTESIAN_POINT('',(7.22651787343,-3.674061943109E-03));
#683 = ( GEOMETRIC_REPRESENTATION_CONTEXT(2) 
PARAMETRIC_REPRESENTATION_CONTEXT() REPRESENTATION_CONTEXT('2D SPACE',''
  ) );
#684 = PCURVE('',#160,#685);
#685 = DEFINITIONAL_REPRESENTATION('',(#686),#690);
#686 = ( BOUNDED_CURVE() B_SPLINE_CURVE(2,(#687,#688,#689),
.UNSPECIFIED.,.F.,.F.) B_SPLINE_CURVE_WITH_KNOTS((3,3),(5.817017595181,
7.22651787343),.PIECEWISE_BEZIER_KNOTS.) CURVE() 
GEOMETRIC_REPRESENTATION_ITEM() RATIONAL_B_SPLINE_CURVE((1.,
0.761773446286,1.)) REPRESENTATION_ITEM('') );
#687 = CARTESIAN_POINT('',(8.516555510414E-03,-3.861796272901E-04));
#688 = CARTESIAN_POINT('',(8.750000975388E-03,7.778451499398E-05));
#689 = CARTESIAN_POINT('',(8.329549875202E-03,3.82711363262E-04));
#690 = ( GEOMETRIC_REPRESENTATION_CONTEXT(2) 
PARAMETRIC_REPRESENTATION_CONTEXT() REPRESENTATION_CONTEXT('2D SPACE',''
  ) );
#691 = ORIENTED_EDGE('',*,*,#111,.F.);
#692 = ORIENTED_EDGE('',*,*,#693,.F.);
#693 = EDGE_CURVE('',#625,#112,#694,.T.);
#694 = SURFACE_CURVE('',#695,(#699,#706),.PCURVE_S1.);
#695 = ( BOUNDED_CURVE() B_SPLINE_CURVE(2,(#696,#697,#698),
.UNSPECIFIED.,.F.,.F.) B_SPLINE_CURVE_WITH_KNOTS((3,3),(5.817017595181,
7.22651787343),.PIECEWISE_BEZIER_KNOTS.) CURVE() 
GEOMETRIC_REPRESENTATION_ITEM() RATIONAL_B_SPLINE_CURVE((1.,
0.761773446286,1.)) REPRESENTATION_ITEM('') );
#696 = CARTESIAN_POINT('',(10.314010945096,5.18953699519,17.4437305662)
  );
#697 = CARTESIAN_POINT('',(10.080565480122,5.653501137474,17.4437305662)
  );
#698 = CARTESIAN_POINT('',(10.501016580308,5.958427985742,17.4437305662)
  );
#699 = PCURVE('',#132,#700);
#700 = DEFINITIONAL_REPRESENTATION('',(#701),#705);
#701 = B_SPLINE_CURVE_WITH_KNOTS('',2,(#702,#703,#704),.UNSPECIFIED.,.F.
  ,.F.,(3,3),(5.817017595181,7.22651787343),.PIECEWISE_BEZIER_KNOTS.);
#702 = CARTESIAN_POINT('',(5.817017595181,0.));
#703 = CARTESIAN_POINT('',(6.521767734306,0.));
#704 = CARTESIAN_POINT('',(7.22651787343,0.));
#705 = ( GEOMETRIC_REPRESENTATION_CONTEXT(2) 
PARAMETRIC_REPRESENTATION_CONTEXT() REPRESENTATION_CONTEXT('2D SPACE',''
  ) );
#706 = PCURVE('',#211,#707);
#707 = DEFINITIONAL_REPRESENTATION('',(#708),#712);
#708 = ( BOUNDED_CURVE() B_SPLINE_CURVE(2,(#709,#710,#711),
.UNSPECIFIED.,.F.,.F.) B_SPLINE_CURVE_WITH_KNOTS((3,3),(5.817017595181,
7.22651787343),.PIECEWISE_BEZIER_KNOTS.) CURVE() 
GEOMETRIC_REPRESENTATION_ITEM() RATIONAL_B_SPLINE_CURVE((1.,
0.761773446286,1.)) REPRESENTATION_ITEM('') );
#709 = CARTESIAN_POINT('',(8.516555510414E-03,-3.861796272901E-04));
#710 = CARTESIAN_POINT('',(8.750000975388E-03,7.778451499398E-05));
#711 = CARTESIAN_POINT('',(8.329549875202E-03,3.82711363262E-04));
#712 = ( GEOMETRIC_REPRESENTATION_CONTEXT(2) 
PARAMETRIC_REPRESENTATION_CONTEXT() REPRESENTATION_CONTEXT('2D SPACE',''
  ) );
#713 = ADVANCED_FACE('',(#714),#211,.T.);
#714 = FACE_BOUND('',#715,.T.);
#715 = EDGE_LOOP('',(#716,#717,#718,#719,#720,#721,#722,#723));
#716 = ORIENTED_EDGE('',*,*,#199,.T.);
#717 = ORIENTED_EDGE('',*,*,#278,.F.);
#718 = ORIENTED_EDGE('',*,*,#355,.T.);
#719 = ORIENTED_EDGE('',*,*,#429,.F.);
#720 = ORIENTED_EDGE('',*,*,#502,.T.);
#721 = ORIENTED_EDGE('',*,*,#576,.T.);
#722 = ORIENTED_EDGE('',*,*,#646,.T.);
#723 = ORIENTED_EDGE('',*,*,#693,.T.);
#724 = ADVANCED_FACE('',(#725),#160,.F.);
#725 = FACE_BOUND('',#726,.F.);
#726 = EDGE_LOOP('',(#727,#728,#729,#730,#731,#732,#733,#734));
#727 = ORIENTED_EDGE('',*,*,#146,.T.);
#728 = ORIENTED_EDGE('',*,*,#256,.F.);
#729 = ORIENTED_EDGE('',*,*,#303,.T.);
#730 = ORIENTED_EDGE('',*,*,#407,.F.);
#731 = ORIENTED_EDGE('',*,*,#454,.T.);
#732 = ORIENTED_EDGE('',*,*,#524,.T.);
#733 = ORIENTED_EDGE('',*,*,#601,.T.);
#734 = ORIENTED_EDGE('',*,*,#671,.T.);
#735 = ( GEOMETRIC_REPRESENTATION_CONTEXT(3) 
GLOBAL_UNCERTAINTY_ASSIGNED_CONTEXT((#739)) GLOBAL_UNIT_ASSIGNED_CONTEXT
((#736,#737,#738)) REPRESENTATION_CONTEXT('Context #1',
  '3D Context with UNIT and UNCERTAINTY') );
#736 = ( LENGTH_UNIT() NAMED_UNIT(*) SI_UNIT(.MILLI.,.METRE.) );
#737 = ( NAMED_UNIT(*) PLANE_ANGLE_UNIT() SI_UNIT($,.RADIAN.) );
#738 = ( NAMED_UNIT(*) SI_UNIT($,.STERADIAN.) SOLID_ANGLE_UNIT() );
#739 = UNCERTAINTY_MEASURE_WITH_UNIT(LENGTH_MEASURE(2.E-04),#736,
  'distance_accuracy_value','confusion accuracy');
#740 = CONTEXT_DEPENDENT_SHAPE_REPRESENTATION(#741,#743);
#741 = ( REPRESENTATION_RELATIONSHIP('','',#104,#10) 
REPRESENTATION_RELATIONSHIP_WITH_TRANSFORMATION(#742) 
SHAPE_REPRESENTATION_RELATIONSHIP() );
#742 = ITEM_DEFINED_TRANSFORMATION('','',#11,#15);
#743 = PRODUCT_DEFINITION_SHAPE('Placement','Placement of an item',#744
  );
#744 = NEXT_ASSEMBLY_USAGE_OCCURRENCE('43','','',#5,#99,$);
#745 = PRODUCT_RELATED_PRODUCT_CATEGORY('part',$,(#101));
#746 = SHAPE_DEFINITION_REPRESENTATION(#747,#753);
#747 = PRODUCT_DEFINITION_SHAPE('','',#748);
#748 = PRODUCT_DEFINITION('design','',#749,#752);
#749 = PRODUCT_DEFINITION_FORMATION('','',#750);
#750 = PRODUCT('Open CASCADE STEP translator 7.7 2.2',
  'Open CASCADE STEP translator 7.7 2.2','',(#751));
#751 = PRODUCT_CONTEXT('',#2,'mechanical');
#752 = PRODUCT_DEFINITION_CONTEXT('part definition',#2,'design');
#753 = ADVANCED_BREP_SHAPE_REPRESENTATION('',(#11,#754),#1384);
#754 = MANIFOLD_SOLID_BREP('',#755);
#755 = CLOSED_SHELL('',(#756,#870,#947,#1024,#1098,#1168,#1245,#1315,
    #1362,#1373));
#756 = ADVANCED_FACE('',(#757),#770,.T.);
#757 = FACE_BOUND('',#758,.T.);
#758 = EDGE_LOOP('',(#759,#794,#819,#847));
#759 = ORIENTED_EDGE('',*,*,#760,.T.);
#760 = EDGE_CURVE('',#761,#763,#765,.T.);
#761 = VERTEX_POINT('',#762);
#762 = CARTESIAN_POINT('',(10.501016580308,5.958427985742,17.4437305662)
  );
#763 = VERTEX_POINT('',#764);
#764 = CARTESIAN_POINT('',(10.501016580308,5.958427985742,
    21.117792509309));
#765 = SURFACE_CURVE('',#766,(#769,#780),.PCURVE_S1.);
#766 = B_SPLINE_CURVE_WITH_KNOTS('',1,(#767,#768),.UNSPECIFIED.,.F.,.F.,
  (2,2),(0.,3.674061943109E-03),.PIECEWISE_BEZIER_KNOTS.);
#767 = CARTESIAN_POINT('',(10.501016580308,5.958427985742,17.4437305662)
  );
#768 = CARTESIAN_POINT('',(10.501016580308,5.958427985742,
    21.117792509309));
#769 = PCURVE('',#770,#775);
#770 = B_SPLINE_SURFACE_WITH_KNOTS('',1,1,(
    (#771,#772)
    ,(#773,#774
    )),.UNSPECIFIED.,.F.,.F.,.F.,(2,2),(2,2),(0.,1.315996021184E-02),(
    -3.674061943109E-03,0.),.PIECEWISE_BEZIER_KNOTS.);
#771 = CARTESIAN_POINT('',(10.501016580308,5.958427985742,
    21.117792509309));
#772 = CARTESIAN_POINT('',(10.501016580308,5.958427985742,17.4437305662)
  );
#773 = CARTESIAN_POINT('',(21.15425599114,13.684555271299,
    21.117792509309));
#774 = CARTESIAN_POINT('',(21.15425599114,13.684555271299,17.4437305662)
  );
#775 = DEFINITIONAL_REPRESENTATION('',(#776),#779);
#776 = B_SPLINE_CURVE_WITH_KNOTS('',1,(#777,#778),.UNSPECIFIED.,.F.,.F.,
  (2,2),(0.,3.674061943109E-03),.PIECEWISE_BEZIER_KNOTS.);
#777 = CARTESIAN_POINT('',(0.,0.));
#778 = CARTESIAN_POINT('',(0.,-3.674061943109E-03));
#779 = ( GEOMETRIC_REPRESENTATION_CONTEXT(2) 
PARAMETRIC_REPRESENTATION_CONTEXT() REPRESENTATION_CONTEXT('2D SPACE',''
  ) );
#780 = PCURVE('',#781,#788);
#781 = ( BOUNDED_SURFACE() B_SPLINE_SURFACE(2,1,(
    (#782,#783)
    ,(#784,#785)
,(#786,#787
    )),.UNSPECIFIED.,.F.,.F.,.F.) B_SPLINE_SURFACE_WITH_KNOTS((3,3),(2,2
    ),(5.817017595181,7.22651787343),(-3.674061943109E-03,0.),
.PIECEWISE_BEZIER_KNOTS.) GEOMETRIC_REPRESENTATION_ITEM() 
RATIONAL_B_SPLINE_SURFACE((
    (1.,1.)
    ,(0.761773446286,0.761773446286)
,(1.,1.))) REPRESENTATION_ITEM('') SURFACE() );
#782 = CARTESIAN_POINT('',(10.314010945096,5.18953699519,21.117792509309
    ));
#783 = CARTESIAN_POINT('',(10.314010945096,5.18953699519,17.4437305662)
  );
#784 = CARTESIAN_POINT('',(10.080565480122,5.653501137474,
    21.117792509309));
#785 = CARTESIAN_POINT('',(10.080565480122,5.653501137474,17.4437305662)
  );
#786 = CARTESIAN_POINT('',(10.501016580308,5.958427985742,
    21.117792509309));
#787 = CARTESIAN_POINT('',(10.501016580308,5.958427985742,17.4437305662)
  );
#788 = DEFINITIONAL_REPRESENTATION('',(#789),#793);
#789 = B_SPLINE_CURVE_WITH_KNOTS('',2,(#790,#791,#792),.UNSPECIFIED.,.F.
  ,.F.,(3,3),(0.,3.674061943109E-03),.PIECEWISE_BEZIER_KNOTS.);
#790 = CARTESIAN_POINT('',(7.22651787343,0.));
#791 = CARTESIAN_POINT('',(7.22651787343,-1.837030971554E-03));
#792 = CARTESIAN_POINT('',(7.22651787343,-3.674061943109E-03));
#793 = ( GEOMETRIC_REPRESENTATION_CONTEXT(2) 
PARAMETRIC_REPRESENTATION_CONTEXT() REPRESENTATION_CONTEXT('2D SPACE',''
  ) );
#794 = ORIENTED_EDGE('',*,*,#795,.T.);
#795 = EDGE_CURVE('',#763,#796,#798,.T.);
#796 = VERTEX_POINT('',#797);
#797 = CARTESIAN_POINT('',(21.15425599114,13.684555271299,
    21.117792509309));
#798 = SURFACE_CURVE('',#799,(#802,#808),.PCURVE_S1.);
#799 = B_SPLINE_CURVE_WITH_KNOTS('',1,(#800,#801),.UNSPECIFIED.,.F.,.F.,
  (2,2),(5.311393726239E-04,1.369109958446E-02),
  .PIECEWISE_BEZIER_KNOTS.);
#800 = CARTESIAN_POINT('',(10.501016580308,5.958427985742,
    21.117792509309));
#801 = CARTESIAN_POINT('',(21.15425599114,13.684555271299,
    21.117792509309));
#802 = PCURVE('',#770,#803);
#803 = DEFINITIONAL_REPRESENTATION('',(#804),#807);
#804 = B_SPLINE_CURVE_WITH_KNOTS('',1,(#805,#806),.UNSPECIFIED.,.F.,.F.,
  (2,2),(5.311393726239E-04,1.369109958446E-02),
  .PIECEWISE_BEZIER_KNOTS.);
#805 = CARTESIAN_POINT('',(0.,-3.674061943109E-03));
#806 = CARTESIAN_POINT('',(1.315996021184E-02,-3.674061943109E-03));
#807 = ( GEOMETRIC_REPRESENTATION_CONTEXT(2) 
PARAMETRIC_REPRESENTATION_CONTEXT() REPRESENTATION_CONTEXT('2D SPACE',''
  ) );
#808 = PCURVE('',#809,#814);
#809 = B_SPLINE_SURFACE_WITH_KNOTS('',1,1,(
    (#810,#811)
    ,(#812,#813
    )),.UNSPECIFIED.,.F.,.F.,.F.,(2,2),(2,2),(-7.112294069963E-03,
    8.581721259939E-03),(-5.537360462184E-03,8.244361792773E-03),
  .PIECEWISE_BEZIER_KNOTS.);
#810 = CARTESIAN_POINT('',(25.942860525472,3.835616029553E-02,
    21.117792509309));
#811 = CARTESIAN_POINT('',(25.942860525472,13.820078415253,
    21.117792509309));
#812 = CARTESIAN_POINT('',(10.248845195571,3.835616029553E-02,
    21.117792509309));
#813 = CARTESIAN_POINT('',(10.248845195571,13.820078415253,
    21.117792509309));
#814 = DEFINITIONAL_REPRESENTATION('',(#815),#818);
#815 = B_SPLINE_CURVE_WITH_KNOTS('',1,(#816,#817),.UNSPECIFIED.,.F.,.F.,
  (2,2),(5.311393726239E-04,1.369109958446E-02),
  .PIECEWISE_BEZIER_KNOTS.);
#816 = CARTESIAN_POINT('',(8.329549875202E-03,3.82711363262E-04));
#817 = CARTESIAN_POINT('',(-2.32368953563E-03,8.108838648819E-03));
#818 = ( GEOMETRIC_REPRESENTATION_CONTEXT(2) 
PARAMETRIC_REPRESENTATION_CONTEXT() REPRESENTATION_CONTEXT('2D SPACE',''
  ) );
#819 = ORIENTED_EDGE('',*,*,#820,.F.);
#820 = EDGE_CURVE('',#821,#796,#823,.T.);
#821 = VERTEX_POINT('',#822);
#822 = CARTESIAN_POINT('',(21.15425599114,13.684555271299,17.4437305662)
  );
#823 = SURFACE_CURVE('',#824,(#827,#833),.PCURVE_S1.);
#824 = B_SPLINE_CURVE_WITH_KNOTS('',1,(#825,#826),.UNSPECIFIED.,.F.,.F.,
  (2,2),(0.,3.674061943109E-03),.PIECEWISE_BEZIER_KNOTS.);
#825 = CARTESIAN_POINT('',(21.15425599114,13.684555271299,17.4437305662)
  );
#826 = CARTESIAN_POINT('',(21.15425599114,13.684555271299,
    21.117792509309));
#827 = PCURVE('',#770,#828);
#828 = DEFINITIONAL_REPRESENTATION('',(#829),#832);
#829 = B_SPLINE_CURVE_WITH_KNOTS('',1,(#830,#831),.UNSPECIFIED.,.F.,.F.,
  (2,2),(0.,3.674061943109E-03),.PIECEWISE_BEZIER_KNOTS.);
#830 = CARTESIAN_POINT('',(1.315996021184E-02,0.));
#831 = CARTESIAN_POINT('',(1.315996021184E-02,-3.674061943109E-03));
#832 = ( GEOMETRIC_REPRESENTATION_CONTEXT(2) 
PARAMETRIC_REPRESENTATION_CONTEXT() REPRESENTATION_CONTEXT('2D SPACE',''
  ) );
#833 = PCURVE('',#834,#841);
#834 = ( BOUNDED_SURFACE() B_SPLINE_SURFACE(2,1,(
    (#835,#836)
    ,(#837,#838)
,(#839,#840
    )),.UNSPECIFIED.,.F.,.F.,.F.) B_SPLINE_SURFACE_WITH_KNOTS((3,3),(2,2
    ),(0.546038978939,2.198260087339),(-3.674061943109E-03,0.),
.PIECEWISE_BEZIER_KNOTS.) GEOMETRIC_REPRESENTATION_ITEM() 
RATIONAL_B_SPLINE_SURFACE((
    (1.,1.)
    ,(0.677740792224,0.677740792224)
,(1.,1.))) REPRESENTATION_ITEM('') SURFACE() );
#835 = CARTESIAN_POINT('',(22.179982242844,13.478074925861,
    21.117792509309));
#836 = CARTESIAN_POINT('',(22.179982242844,13.478074925861,17.4437305662
    ));
#837 = CARTESIAN_POINT('',(21.779127414469,14.137735376201,
    21.117792509309));
#838 = CARTESIAN_POINT('',(21.779127414469,14.137735376201,17.4437305662
    ));
#839 = CARTESIAN_POINT('',(21.15425599114,13.684555271299,
    21.117792509309));
#840 = CARTESIAN_POINT('',(21.15425599114,13.684555271299,17.4437305662)
  );
#841 = DEFINITIONAL_REPRESENTATION('',(#842),#846);
#842 = B_SPLINE_CURVE_WITH_KNOTS('',2,(#843,#844,#845),.UNSPECIFIED.,.F.
  ,.F.,(3,3),(0.,3.674061943109E-03),.PIECEWISE_BEZIER_KNOTS.);
#843 = CARTESIAN_POINT('',(2.198260087339,0.));
#844 = CARTESIAN_POINT('',(2.198260087339,-1.837030971554E-03));
#845 = CARTESIAN_POINT('',(2.198260087339,-3.674061943109E-03));
#846 = ( GEOMETRIC_REPRESENTATION_CONTEXT(2) 
PARAMETRIC_REPRESENTATION_CONTEXT() REPRESENTATION_CONTEXT('2D SPACE',''
  ) );
#847 = ORIENTED_EDGE('',*,*,#848,.F.);
#848 = EDGE_CURVE('',#761,#821,#849,.T.);
#849 = SURFACE_CURVE('',#850,(#853,#859),.PCURVE_S1.);
#850 = B_SPLINE_CURVE_WITH_KNOTS('',1,(#851,#852),.UNSPECIFIED.,.F.,.F.,
  (2,2),(5.311393726239E-04,1.369109958446E-02),
  .PIECEWISE_BEZIER_KNOTS.);
#851 = CARTESIAN_POINT('',(10.501016580308,5.958427985742,17.4437305662)
  );
#852 = CARTESIAN_POINT('',(21.15425599114,13.684555271299,17.4437305662)
  );
#853 = PCURVE('',#770,#854);
#854 = DEFINITIONAL_REPRESENTATION('',(#855),#858);
#855 = B_SPLINE_CURVE_WITH_KNOTS('',1,(#856,#857),.UNSPECIFIED.,.F.,.F.,
  (2,2),(5.311393726239E-04,1.369109958446E-02),
  .PIECEWISE_BEZIER_KNOTS.);
#856 = CARTESIAN_POINT('',(0.,0.));
#857 = CARTESIAN_POINT('',(1.315996021184E-02,0.));
#858 = ( GEOMETRIC_REPRESENTATION_CONTEXT(2) 
PARAMETRIC_REPRESENTATION_CONTEXT() REPRESENTATION_CONTEXT('2D SPACE',''
  ) );
#859 = PCURVE('',#860,#865);
#860 = B_SPLINE_SURFACE_WITH_KNOTS('',1,1,(
    (#861,#862)
    ,(#863,#864
    )),.UNSPECIFIED.,.F.,.F.,.F.,(2,2),(2,2),(-7.112294069963E-03,
    8.581721259939E-03),(-5.537360462184E-03,8.244361792773E-03),
  .PIECEWISE_BEZIER_KNOTS.);
#861 = CARTESIAN_POINT('',(25.942860525472,3.835616029553E-02,
    17.4437305662));
#862 = CARTESIAN_POINT('',(25.942860525472,13.820078415253,17.4437305662
    ));
#863 = CARTESIAN_POINT('',(10.248845195571,3.835616029553E-02,
    17.4437305662));
#864 = CARTESIAN_POINT('',(10.248845195571,13.820078415253,17.4437305662
    ));
#865 = DEFINITIONAL_REPRESENTATION('',(#866),#869);
#866 = B_SPLINE_CURVE_WITH_KNOTS('',1,(#867,#868),.UNSPECIFIED.,.F.,.F.,
  (2,2),(5.311393726239E-04,1.369109958446E-02),
  .PIECEWISE_BEZIER_KNOTS.);
#867 = CARTESIAN_POINT('',(8.329549875202E-03,3.82711363262E-04));
#868 = CARTESIAN_POINT('',(-2.32368953563E-03,8.108838648819E-03));
#869 = ( GEOMETRIC_REPRESENTATION_CONTEXT(2) 
PARAMETRIC_REPRESENTATION_CONTEXT() REPRESENTATION_CONTEXT('2D SPACE',''
  ) );
#870 = ADVANCED_FACE('',(#871),#834,.F.);
#871 = FACE_BOUND('',#872,.F.);
#872 = EDGE_LOOP('',(#873,#904,#925,#926));
#873 = ORIENTED_EDGE('',*,*,#874,.T.);
#874 = EDGE_CURVE('',#875,#877,#879,.T.);
#875 = VERTEX_POINT('',#876);
#876 = CARTESIAN_POINT('',(22.179982242844,13.478074925861,17.4437305662
    ));
#877 = VERTEX_POINT('',#878);
#878 = CARTESIAN_POINT('',(22.179982242844,13.478074925861,
    21.117792509309));
#879 = SURFACE_CURVE('',#880,(#883,#890),.PCURVE_S1.);
#880 = B_SPLINE_CURVE_WITH_KNOTS('',1,(#881,#882),.UNSPECIFIED.,.F.,.F.,
  (2,2),(0.,3.674061943109E-03),.PIECEWISE_BEZIER_KNOTS.);
#881 = CARTESIAN_POINT('',(22.179982242844,13.478074925861,17.4437305662
    ));
#882 = CARTESIAN_POINT('',(22.179982242844,13.478074925861,
    21.117792509309));
#883 = PCURVE('',#834,#884);
#884 = DEFINITIONAL_REPRESENTATION('',(#885),#889);
#885 = B_SPLINE_CURVE_WITH_KNOTS('',2,(#886,#887,#888),.UNSPECIFIED.,.F.
  ,.F.,(3,3),(0.,3.674061943109E-03),.PIECEWISE_BEZIER_KNOTS.);
#886 = CARTESIAN_POINT('',(0.546038978939,0.));
#887 = CARTESIAN_POINT('',(0.546038978939,-1.837030971554E-03));
#888 = CARTESIAN_POINT('',(0.546038978939,-3.674061943109E-03));
#889 = ( GEOMETRIC_REPRESENTATION_CONTEXT(2) 
PARAMETRIC_REPRESENTATION_CONTEXT() REPRESENTATION_CONTEXT('2D SPACE',''
  ) );
#890 = PCURVE('',#891,#898);
#891 = ( BOUNDED_SURFACE() B_SPLINE_SURFACE(2,1,(
    (#892,#893)
    ,(#894,#895)
,(#896,#897
    )),.UNSPECIFIED.,.F.,.F.,.F.) B_SPLINE_SURFACE_WITH_KNOTS((3,3),(2,2
    ),(5.737146328241,6.253475696594),(-3.674061943109E-03,0.),
.PIECEWISE_BEZIER_KNOTS.) GEOMETRIC_REPRESENTATION_ITEM() 
RATIONAL_B_SPLINE_SURFACE((
    (1.,1.)
    ,(0.966860174289,0.966860174289)
,(1.,1.))) REPRESENTATION_ITEM('') SURFACE() );
#892 = CARTESIAN_POINT('',(22.179982242844,13.478074925862,
    21.117792509309));
#893 = CARTESIAN_POINT('',(22.179982242844,13.478074925862,17.4437305662
    ));
#894 = CARTESIAN_POINT('',(25.738966344792,7.621288654974,
    21.117792509309));
#895 = CARTESIAN_POINT('',(25.738966344792,7.621288654974,17.4437305662)
  );
#896 = CARTESIAN_POINT('',(25.942546551203,0.770969803976,
    21.117792509309));
#897 = CARTESIAN_POINT('',(25.942546551203,0.770969803976,17.4437305662)
  );
#898 = DEFINITIONAL_REPRESENTATION('',(#899),#903);
#899 = B_SPLINE_CURVE_WITH_KNOTS('',2,(#900,#901,#902),.UNSPECIFIED.,.F.
  ,.F.,(3,3),(0.,3.674061943109E-03),.PIECEWISE_BEZIER_KNOTS.);
#900 = CARTESIAN_POINT('',(5.737146328241,0.));
#901 = CARTESIAN_POINT('',(5.737146328241,-1.837030971554E-03));
#902 = CARTESIAN_POINT('',(5.737146328241,-3.674061943109E-03));
#903 = ( GEOMETRIC_REPRESENTATION_CONTEXT(2) 
PARAMETRIC_REPRESENTATION_CONTEXT() REPRESENTATION_CONTEXT('2D SPACE',''
  ) );
#904 = ORIENTED_EDGE('',*,*,#905,.T.);
#905 = EDGE_CURVE('',#877,#796,#906,.T.);
#906 = SURFACE_CURVE('',#907,(#911,#918),.PCURVE_S1.);
#907 = ( BOUNDED_CURVE() B_SPLINE_CURVE(2,(#908,#909,#910),
.UNSPECIFIED.,.F.,.F.) B_SPLINE_CURVE_WITH_KNOTS((3,3),(0.546038978939,
2.198260087339),.PIECEWISE_BEZIER_KNOTS.) CURVE() 
GEOMETRIC_REPRESENTATION_ITEM() RATIONAL_B_SPLINE_CURVE((1.,
0.677740792224,1.)) REPRESENTATION_ITEM('') );
#908 = CARTESIAN_POINT('',(22.179982242844,13.478074925861,
    21.117792509309));
#909 = CARTESIAN_POINT('',(21.779127414469,14.137735376201,
    21.117792509309));
#910 = CARTESIAN_POINT('',(21.15425599114,13.684555271299,
    21.117792509309));
#911 = PCURVE('',#834,#912);
#912 = DEFINITIONAL_REPRESENTATION('',(#913),#917);
#913 = B_SPLINE_CURVE_WITH_KNOTS('',2,(#914,#915,#916),.UNSPECIFIED.,.F.
  ,.F.,(3,3),(0.546038978939,2.198260087339),.PIECEWISE_BEZIER_KNOTS.);
#914 = CARTESIAN_POINT('',(0.546038978939,-3.674061943109E-03));
#915 = CARTESIAN_POINT('',(1.372149533139,-3.674061943109E-03));
#916 = CARTESIAN_POINT('',(2.198260087339,-3.674061943109E-03));
#917 = ( GEOMETRIC_REPRESENTATION_CONTEXT(2) 
PARAMETRIC_REPRESENTATION_CONTEXT() REPRESENTATION_CONTEXT('2D SPACE',''
  ) );
#918 = PCURVE('',#809,#919);
#919 = DEFINITIONAL_REPRESENTATION('',(#920),#924);
#920 = ( BOUNDED_CURVE() B_SPLINE_CURVE(2,(#921,#922,#923),
.UNSPECIFIED.,.F.,.F.) B_SPLINE_CURVE_WITH_KNOTS((3,3),(0.546038978939,
2.198260087339),.PIECEWISE_BEZIER_KNOTS.) CURVE() 
GEOMETRIC_REPRESENTATION_ITEM() RATIONAL_B_SPLINE_CURVE((1.,
0.677740792224,1.)) REPRESENTATION_ITEM('') );
#921 = CARTESIAN_POINT('',(-3.349415787334E-03,7.902358303382E-03));
#922 = CARTESIAN_POINT('',(-2.94856095896E-03,8.562018753721E-03));
#923 = CARTESIAN_POINT('',(-2.32368953563E-03,8.108838648819E-03));
#924 = ( GEOMETRIC_REPRESENTATION_CONTEXT(2) 
PARAMETRIC_REPRESENTATION_CONTEXT() REPRESENTATION_CONTEXT('2D SPACE',''
  ) );
#925 = ORIENTED_EDGE('',*,*,#820,.F.);
#926 = ORIENTED_EDGE('',*,*,#927,.F.);
#927 = EDGE_CURVE('',#875,#821,#928,.T.);
#928 = SURFACE_CURVE('',#929,(#933,#940),.PCURVE_S1.);
#929 = ( BOUNDED_CURVE() B_SPLINE_CURVE(2,(#930,#931,#932),
.UNSPECIFIED.,.F.,.F.) B_SPLINE_CURVE_WITH_KNOTS((3,3),(0.546038978939,
2.198260087339),.PIECEWISE_BEZIER_KNOTS.) CURVE() 
GEOMETRIC_REPRESENTATION_ITEM() RATIONAL_B_SPLINE_CURVE((1.,
0.677740792224,1.)) REPRESENTATION_ITEM('') );
#930 = CARTESIAN_POINT('',(22.179982242844,13.478074925861,17.4437305662
    ));
#931 = CARTESIAN_POINT('',(21.779127414469,14.137735376201,17.4437305662
    ));
#932 = CARTESIAN_POINT('',(21.15425599114,13.684555271299,17.4437305662)
  );
#933 = PCURVE('',#834,#934);
#934 = DEFINITIONAL_REPRESENTATION('',(#935),#939);
#935 = B_SPLINE_CURVE_WITH_KNOTS('',2,(#936,#937,#938),.UNSPECIFIED.,.F.
  ,.F.,(3,3),(0.546038978939,2.198260087339),.PIECEWISE_BEZIER_KNOTS.);
#936 = CARTESIAN_POINT('',(0.546038978939,0.));
#937 = CARTESIAN_POINT('',(1.372149533139,0.));
#938 = CARTESIAN_POINT('',(2.198260087339,0.));
#939 = ( GEOMETRIC_REPRESENTATION_CONTEXT(2) 
PARAMETRIC_REPRESENTATION_CONTEXT() REPRESENTATION_CONTEXT('2D SPACE',''
  ) );
#940 = PCURVE('',#860,#941);
#941 = DEFINITIONAL_REPRESENTATION('',(#942),#946);
#942 = ( BOUNDED_CURVE() B_SPLINE_CURVE(2,(#943,#944,#945),
.UNSPECIFIED.,.F.,.F.) B_SPLINE_CURVE_WITH_KNOTS((3,3),(0.546038978939,
2.198260087339),.PIECEWISE_BEZIER_KNOTS.) CURVE() 
GEOMETRIC_REPRESENTATION_ITEM() RATIONAL_B_SPLINE_CURVE((1.,
0.677740792224,1.)) REPRESENTATION_ITEM('') );
#943 = CARTESIAN_POINT('',(-3.349415787334E-03,7.902358303382E-03));
#944 = CARTESIAN_POINT('',(-2.94856095896E-03,8.562018753721E-03));
#945 = CARTESIAN_POINT('',(-2.32368953563E-03,8.108838648819E-03));
#946 = ( GEOMETRIC_REPRESENTATION_CONTEXT(2) 
PARAMETRIC_REPRESENTATION_CONTEXT() REPRESENTATION_CONTEXT('2D SPACE',''
  ) );
#947 = ADVANCED_FACE('',(#948),#891,.T.);
#948 = FACE_BOUND('',#949,.T.);
#949 = EDGE_LOOP('',(#950,#951,#974,#1003));
#950 = ORIENTED_EDGE('',*,*,#874,.T.);
#951 = ORIENTED_EDGE('',*,*,#952,.T.);
#952 = EDGE_CURVE('',#877,#953,#955,.T.);
#953 = VERTEX_POINT('',#954);
#954 = CARTESIAN_POINT('',(25.942546551203,0.770969803976,
    21.117792509309));
#955 = SURFACE_CURVE('',#956,(#960,#967),.PCURVE_S1.);
#956 = ( BOUNDED_CURVE() B_SPLINE_CURVE(2,(#957,#958,#959),
.UNSPECIFIED.,.F.,.F.) B_SPLINE_CURVE_WITH_KNOTS((3,3),(5.737146328241,
6.253475696594),.PIECEWISE_BEZIER_KNOTS.) CURVE() 
GEOMETRIC_REPRESENTATION_ITEM() RATIONAL_B_SPLINE_CURVE((1.,
0.966860174289,1.)) REPRESENTATION_ITEM('') );
#957 = CARTESIAN_POINT('',(22.179982242844,13.478074925862,
    21.117792509309));
#958 = CARTESIAN_POINT('',(25.738966344792,7.621288654974,
    21.117792509309));
#959 = CARTESIAN_POINT('',(25.942546551203,0.770969803976,
    21.117792509309));
#960 = PCURVE('',#891,#961);
#961 = DEFINITIONAL_REPRESENTATION('',(#962),#966);
#962 = B_SPLINE_CURVE_WITH_KNOTS('',2,(#963,#964,#965),.UNSPECIFIED.,.F.
  ,.F.,(3,3),(5.737146328241,6.253475696594),.PIECEWISE_BEZIER_KNOTS.);
#963 = CARTESIAN_POINT('',(5.737146328241,-3.674061943109E-03));
#964 = CARTESIAN_POINT('',(5.995311012417,-3.674061943109E-03));
#965 = CARTESIAN_POINT('',(6.253475696594,-3.674061943109E-03));
#966 = ( GEOMETRIC_REPRESENTATION_CONTEXT(2) 
PARAMETRIC_REPRESENTATION_CONTEXT() REPRESENTATION_CONTEXT('2D SPACE',''
  ) );
#967 = PCURVE('',#809,#968);
#968 = DEFINITIONAL_REPRESENTATION('',(#969),#973);
#969 = ( BOUNDED_CURVE() B_SPLINE_CURVE(2,(#970,#971,#972),
.UNSPECIFIED.,.F.,.F.) B_SPLINE_CURVE_WITH_KNOTS((3,3),(5.737146328241,
6.253475696594),.PIECEWISE_BEZIER_KNOTS.) CURVE() 
GEOMETRIC_REPRESENTATION_ITEM() RATIONAL_B_SPLINE_CURVE((1.,
0.966860174289,1.)) REPRESENTATION_ITEM('') );
#970 = CARTESIAN_POINT('',(-3.349415787334E-03,7.902358303382E-03));
#971 = CARTESIAN_POINT('',(-6.908399889283E-03,2.045572032494E-03));
#972 = CARTESIAN_POINT('',(-7.111980095694E-03,-4.804746818504E-03));
#973 = ( GEOMETRIC_REPRESENTATION_CONTEXT(2) 
PARAMETRIC_REPRESENTATION_CONTEXT() REPRESENTATION_CONTEXT('2D SPACE',''
  ) );
#974 = ORIENTED_EDGE('',*,*,#975,.F.);
#975 = EDGE_CURVE('',#976,#953,#978,.T.);
#976 = VERTEX_POINT('',#977);
#977 = CARTESIAN_POINT('',(25.942546551203,0.770969803976,17.4437305662)
  );
#978 = SURFACE_CURVE('',#979,(#982,#989),.PCURVE_S1.);
#979 = B_SPLINE_CURVE_WITH_KNOTS('',1,(#980,#981),.UNSPECIFIED.,.F.,.F.,
  (2,2),(0.,3.674061943109E-03),.PIECEWISE_BEZIER_KNOTS.);
#980 = CARTESIAN_POINT('',(25.942546551203,0.770969803976,17.4437305662)
  );
#981 = CARTESIAN_POINT('',(25.942546551203,0.770969803976,
    21.117792509309));
#982 = PCURVE('',#891,#983);
#983 = DEFINITIONAL_REPRESENTATION('',(#984),#988);
#984 = B_SPLINE_CURVE_WITH_KNOTS('',2,(#985,#986,#987),.UNSPECIFIED.,.F.
  ,.F.,(3,3),(0.,3.674061943109E-03),.PIECEWISE_BEZIER_KNOTS.);
#985 = CARTESIAN_POINT('',(6.253475696594,0.));
#986 = CARTESIAN_POINT('',(6.253475696594,-1.837030971554E-03));
#987 = CARTESIAN_POINT('',(6.253475696594,-3.674061943109E-03));
#988 = ( GEOMETRIC_REPRESENTATION_CONTEXT(2) 
PARAMETRIC_REPRESENTATION_CONTEXT() REPRESENTATION_CONTEXT('2D SPACE',''
  ) );
#989 = PCURVE('',#990,#997);
#990 = ( BOUNDED_SURFACE() B_SPLINE_SURFACE(2,1,(
    (#991,#992)
    ,(#993,#994)
,(#995,#996
    )),.UNSPECIFIED.,.F.,.F.,.F.) B_SPLINE_SURFACE_WITH_KNOTS((3,3),(2,2
    ),(4.660673809365,6.312894917766),(-3.674061943109E-03,0.),
.PIECEWISE_BEZIER_KNOTS.) GEOMETRIC_REPRESENTATION_ITEM() 
RATIONAL_B_SPLINE_SURFACE((
    (1.,1.)
    ,(0.677740792224,0.677740792224)
,(1.,1.))) REPRESENTATION_ITEM('') SURFACE() );
#991 = CARTESIAN_POINT('',(25.194603677046,3.930735893455E-02,
    21.117792509309));
#992 = CARTESIAN_POINT('',(25.194603677046,3.930735893455E-02,
    17.4437305662));
#993 = CARTESIAN_POINT('',(25.965476158744,-5.940211682738E-04,
    21.117792509309));
#994 = CARTESIAN_POINT('',(25.965476158744,-5.940211682738E-04,
    17.4437305662));
#995 = CARTESIAN_POINT('',(25.942546551203,0.770969803976,
    21.117792509309));
#996 = CARTESIAN_POINT('',(25.942546551203,0.770969803976,17.4437305662)
  );
#997 = DEFINITIONAL_REPRESENTATION('',(#998),#1002);
#998 = B_SPLINE_CURVE_WITH_KNOTS('',2,(#999,#1000,#1001),.UNSPECIFIED.,
  .F.,.F.,(3,3),(0.,3.674061943109E-03),.PIECEWISE_BEZIER_KNOTS.);
#999 = CARTESIAN_POINT('',(6.312894917766,0.));
#1000 = CARTESIAN_POINT('',(6.312894917766,-1.837030971554E-03));
#1001 = CARTESIAN_POINT('',(6.312894917766,-3.674061943109E-03));
#1002 = ( GEOMETRIC_REPRESENTATION_CONTEXT(2) 
PARAMETRIC_REPRESENTATION_CONTEXT() REPRESENTATION_CONTEXT('2D SPACE',''
  ) );
#1003 = ORIENTED_EDGE('',*,*,#1004,.F.);
#1004 = EDGE_CURVE('',#875,#976,#1005,.T.);
#1005 = SURFACE_CURVE('',#1006,(#1010,#1017),.PCURVE_S1.);
#1006 = ( BOUNDED_CURVE() B_SPLINE_CURVE(2,(#1007,#1008,#1009),
.UNSPECIFIED.,.F.,.F.) B_SPLINE_CURVE_WITH_KNOTS((3,3),(5.737146328241,
6.253475696594),.PIECEWISE_BEZIER_KNOTS.) CURVE() 
GEOMETRIC_REPRESENTATION_ITEM() RATIONAL_B_SPLINE_CURVE((1.,
0.966860174289,1.)) REPRESENTATION_ITEM('') );
#1007 = CARTESIAN_POINT('',(22.179982242844,13.478074925862,
    17.4437305662));
#1008 = CARTESIAN_POINT('',(25.738966344792,7.621288654974,17.4437305662
    ));
#1009 = CARTESIAN_POINT('',(25.942546551203,0.770969803976,17.4437305662
    ));
#1010 = PCURVE('',#891,#1011);
#1011 = DEFINITIONAL_REPRESENTATION('',(#1012),#1016);
#1012 = B_SPLINE_CURVE_WITH_KNOTS('',2,(#1013,#1014,#1015),
  .UNSPECIFIED.,.F.,.F.,(3,3),(5.737146328241,6.253475696594),
  .PIECEWISE_BEZIER_KNOTS.);
#1013 = CARTESIAN_POINT('',(5.737146328241,0.));
#1014 = CARTESIAN_POINT('',(5.995311012417,0.));
#1015 = CARTESIAN_POINT('',(6.253475696594,0.));
#1016 = ( GEOMETRIC_REPRESENTATION_CONTEXT(2) 
PARAMETRIC_REPRESENTATION_CONTEXT() REPRESENTATION_CONTEXT('2D SPACE',''
  ) );
#1017 = PCURVE('',#860,#1018);
#1018 = DEFINITIONAL_REPRESENTATION('',(#1019),#1023);
#1019 = ( BOUNDED_CURVE() B_SPLINE_CURVE(2,(#1020,#1021,#1022),
.UNSPECIFIED.,.F.,.F.) B_SPLINE_CURVE_WITH_KNOTS((3,3),(5.737146328241,
6.253475696594),.PIECEWISE_BEZIER_KNOTS.) CURVE() 
GEOMETRIC_REPRESENTATION_ITEM() RATIONAL_B_SPLINE_CURVE((1.,
0.966860174289,1.)) REPRESENTATION_ITEM('') );
#1020 = CARTESIAN_POINT('',(-3.349415787334E-03,7.902358303382E-03));
#1021 = CARTESIAN_POINT('',(-6.908399889283E-03,2.045572032494E-03));
#1022 = CARTESIAN_POINT('',(-7.111980095694E-03,-4.804746818504E-03));
#1023 = ( GEOMETRIC_REPRESENTATION_CONTEXT(2) 
PARAMETRIC_REPRESENTATION_CONTEXT() REPRESENTATION_CONTEXT('2D SPACE',''
  ) );
#1024 = ADVANCED_FACE('',(#1025),#990,.F.);
#1025 = FACE_BOUND('',#1026,.F.);
#1026 = EDGE_LOOP('',(#1027,#1055,#1076,#1077));
#1027 = ORIENTED_EDGE('',*,*,#1028,.T.);
#1028 = EDGE_CURVE('',#1029,#1031,#1033,.T.);
#1029 = VERTEX_POINT('',#1030);
#1030 = CARTESIAN_POINT('',(25.194603677046,3.930735893455E-02,
    17.4437305662));
#1031 = VERTEX_POINT('',#1032);
#1032 = CARTESIAN_POINT('',(25.194603677046,3.930735893455E-02,
    21.117792509309));
#1033 = SURFACE_CURVE('',#1034,(#1037,#1044),.PCURVE_S1.);
#1034 = B_SPLINE_CURVE_WITH_KNOTS('',1,(#1035,#1036),.UNSPECIFIED.,.F.,
  .F.,(2,2),(0.,3.674061943109E-03),.PIECEWISE_BEZIER_KNOTS.);
#1035 = CARTESIAN_POINT('',(25.194603677046,3.930735893455E-02,
    17.4437305662));
#1036 = CARTESIAN_POINT('',(25.194603677046,3.930735893455E-02,
    21.117792509309));
#1037 = PCURVE('',#990,#1038);
#1038 = DEFINITIONAL_REPRESENTATION('',(#1039),#1043);
#1039 = B_SPLINE_CURVE_WITH_KNOTS('',2,(#1040,#1041,#1042),
  .UNSPECIFIED.,.F.,.F.,(3,3),(0.,3.674061943109E-03),
  .PIECEWISE_BEZIER_KNOTS.);
#1040 = CARTESIAN_POINT('',(4.660673809365,0.));
#1041 = CARTESIAN_POINT('',(4.660673809365,-1.837030971554E-03));
#1042 = CARTESIAN_POINT('',(4.660673809365,-3.674061943109E-03));
#1043 = ( GEOMETRIC_REPRESENTATION_CONTEXT(2) 
PARAMETRIC_REPRESENTATION_CONTEXT() REPRESENTATION_CONTEXT('2D SPACE',''
  ) );
#1044 = PCURVE('',#1045,#1050);
#1045 = B_SPLINE_SURFACE_WITH_KNOTS('',1,1,(
    (#1046,#1047)
    ,(#1048,#1049
    )),.UNSPECIFIED.,.F.,.F.,.F.,(2,2),(2,2),(0.,1.315996021184E-02),(
    -3.674061943109E-03,0.),.PIECEWISE_BEZIER_KNOTS.);
#1046 = CARTESIAN_POINT('',(25.194603677046,3.930735893455E-02,
    21.117792509309));
#1047 = CARTESIAN_POINT('',(25.194603677046,3.930735893455E-02,
    17.4437305662));
#1048 = CARTESIAN_POINT('',(12.052237429936,0.719573633223,
    21.117792509309));
#1049 = CARTESIAN_POINT('',(12.052237429936,0.719573633223,17.4437305662
    ));
#1050 = DEFINITIONAL_REPRESENTATION('',(#1051),#1054);
#1051 = B_SPLINE_CURVE_WITH_KNOTS('',1,(#1052,#1053),.UNSPECIFIED.,.F.,
  .F.,(2,2),(0.,3.674061943109E-03),.PIECEWISE_BEZIER_KNOTS.);
#1052 = CARTESIAN_POINT('',(0.,0.));
#1053 = CARTESIAN_POINT('',(0.,-3.674061943109E-03));
#1054 = ( GEOMETRIC_REPRESENTATION_CONTEXT(2) 
PARAMETRIC_REPRESENTATION_CONTEXT() REPRESENTATION_CONTEXT('2D SPACE',''
  ) );
#1055 = ORIENTED_EDGE('',*,*,#1056,.T.);
#1056 = EDGE_CURVE('',#1031,#953,#1057,.T.);
#1057 = SURFACE_CURVE('',#1058,(#1062,#1069),.PCURVE_S1.);
#1058 = ( BOUNDED_CURVE() B_SPLINE_CURVE(2,(#1059,#1060,#1061),
.UNSPECIFIED.,.F.,.F.) B_SPLINE_CURVE_WITH_KNOTS((3,3),(4.660673809365,
6.312894917766),.PIECEWISE_BEZIER_KNOTS.) CURVE() 
GEOMETRIC_REPRESENTATION_ITEM() RATIONAL_B_SPLINE_CURVE((1.,
0.677740792224,1.)) REPRESENTATION_ITEM('') );
#1059 = CARTESIAN_POINT('',(25.194603677046,3.930735893455E-02,
    21.117792509309));
#1060 = CARTESIAN_POINT('',(25.965476158744,-5.940211682738E-04,
    21.117792509309));
#1061 = CARTESIAN_POINT('',(25.942546551203,0.770969803976,
    21.117792509309));
#1062 = PCURVE('',#990,#1063);
#1063 = DEFINITIONAL_REPRESENTATION('',(#1064),#1068);
#1064 = B_SPLINE_CURVE_WITH_KNOTS('',2,(#1065,#1066,#1067),
  .UNSPECIFIED.,.F.,.F.,(3,3),(4.660673809365,6.312894917766),
  .PIECEWISE_BEZIER_KNOTS.);
#1065 = CARTESIAN_POINT('',(4.660673809365,-3.674061943109E-03));
#1066 = CARTESIAN_POINT('',(5.486784363566,-3.674061943109E-03));
#1067 = CARTESIAN_POINT('',(6.312894917766,-3.674061943109E-03));
#1068 = ( GEOMETRIC_REPRESENTATION_CONTEXT(2) 
PARAMETRIC_REPRESENTATION_CONTEXT() REPRESENTATION_CONTEXT('2D SPACE',''
  ) );
#1069 = PCURVE('',#809,#1070);
#1070 = DEFINITIONAL_REPRESENTATION('',(#1071),#1075);
#1071 = ( BOUNDED_CURVE() B_SPLINE_CURVE(2,(#1072,#1073,#1074),
.UNSPECIFIED.,.F.,.F.) B_SPLINE_CURVE_WITH_KNOTS((3,3),(4.660673809365,
6.312894917766),.PIECEWISE_BEZIER_KNOTS.) CURVE() 
GEOMETRIC_REPRESENTATION_ITEM() RATIONAL_B_SPLINE_CURVE((1.,
0.677740792224,1.)) REPRESENTATION_ITEM('') );
#1072 = CARTESIAN_POINT('',(-6.364037221537E-03,-5.536409263545E-03));
#1073 = CARTESIAN_POINT('',(-7.134909703235E-03,-5.576310643648E-03));
#1074 = CARTESIAN_POINT('',(-7.111980095694E-03,-4.804746818504E-03));
#1075 = ( GEOMETRIC_REPRESENTATION_CONTEXT(2) 
PARAMETRIC_REPRESENTATION_CONTEXT() REPRESENTATION_CONTEXT('2D SPACE',''
  ) );
#1076 = ORIENTED_EDGE('',*,*,#975,.F.);
#1077 = ORIENTED_EDGE('',*,*,#1078,.F.);
#1078 = EDGE_CURVE('',#1029,#976,#1079,.T.);
#1079 = SURFACE_CURVE('',#1080,(#1084,#1091),.PCURVE_S1.);
#1080 = ( BOUNDED_CURVE() B_SPLINE_CURVE(2,(#1081,#1082,#1083),
.UNSPECIFIED.,.F.,.F.) B_SPLINE_CURVE_WITH_KNOTS((3,3),(4.660673809365,
6.312894917766),.PIECEWISE_BEZIER_KNOTS.) CURVE() 
GEOMETRIC_REPRESENTATION_ITEM() RATIONAL_B_SPLINE_CURVE((1.,
0.677740792224,1.)) REPRESENTATION_ITEM('') );
#1081 = CARTESIAN_POINT('',(25.194603677046,3.930735893455E-02,
    17.4437305662));
#1082 = CARTESIAN_POINT('',(25.965476158744,-5.940211682738E-04,
    17.4437305662));
#1083 = CARTESIAN_POINT('',(25.942546551203,0.770969803976,17.4437305662
    ));
#1084 = PCURVE('',#990,#1085);
#1085 = DEFINITIONAL_REPRESENTATION('',(#1086),#1090);
#1086 = B_SPLINE_CURVE_WITH_KNOTS('',2,(#1087,#1088,#1089),
  .UNSPECIFIED.,.F.,.F.,(3,3),(4.660673809365,6.312894917766),
  .PIECEWISE_BEZIER_KNOTS.);
#1087 = CARTESIAN_POINT('',(4.660673809365,0.));
#1088 = CARTESIAN_POINT('',(5.486784363566,0.));
#1089 = CARTESIAN_POINT('',(6.312894917766,0.));
#1090 = ( GEOMETRIC_REPRESENTATION_CONTEXT(2) 
PARAMETRIC_REPRESENTATION_CONTEXT() REPRESENTATION_CONTEXT('2D SPACE',''
  ) );
#1091 = PCURVE('',#860,#1092);
#1092 = DEFINITIONAL_REPRESENTATION('',(#1093),#1097);
#1093 = ( BOUNDED_CURVE() B_SPLINE_CURVE(2,(#1094,#1095,#1096),
.UNSPECIFIED.,.F.,.F.) B_SPLINE_CURVE_WITH_KNOTS((3,3),(4.660673809365,
6.312894917766),.PIECEWISE_BEZIER_KNOTS.) CURVE() 
GEOMETRIC_REPRESENTATION_ITEM() RATIONAL_B_SPLINE_CURVE((1.,
0.677740792224,1.)) REPRESENTATION_ITEM('') );
#1094 = CARTESIAN_POINT('',(-6.364037221537E-03,-5.536409263545E-03));
#1095 = CARTESIAN_POINT('',(-7.134909703235E-03,-5.576310643648E-03));
#1096 = CARTESIAN_POINT('',(-7.111980095694E-03,-4.804746818504E-03));
#1097 = ( GEOMETRIC_REPRESENTATION_CONTEXT(2) 
PARAMETRIC_REPRESENTATION_CONTEXT() REPRESENTATION_CONTEXT('2D SPACE',''
  ) );
#1098 = ADVANCED_FACE('',(#1099),#1045,.T.);
#1099 = FACE_BOUND('',#1100,.T.);
#1100 = EDGE_LOOP('',(#1101,#1102,#1122,#1150));
#1101 = ORIENTED_EDGE('',*,*,#1028,.T.);
#1102 = ORIENTED_EDGE('',*,*,#1103,.T.);
#1103 = EDGE_CURVE('',#1031,#1104,#1106,.T.);
#1104 = VERTEX_POINT('',#1105);
#1105 = CARTESIAN_POINT('',(12.052237429936,0.719573633223,
    21.117792509309));
#1106 = SURFACE_CURVE('',#1107,(#1110,#1116),.PCURVE_S1.);
#1107 = B_SPLINE_CURVE_WITH_KNOTS('',1,(#1108,#1109),.UNSPECIFIED.,.F.,
  .F.,(2,2),(7.604129429344E-04,1.392037315477E-02),
  .PIECEWISE_BEZIER_KNOTS.);
#1108 = CARTESIAN_POINT('',(25.194603677046,3.930735893455E-02,
    21.117792509309));
#1109 = CARTESIAN_POINT('',(12.052237429936,0.719573633223,
    21.117792509309));
#1110 = PCURVE('',#1045,#1111);
#1111 = DEFINITIONAL_REPRESENTATION('',(#1112),#1115);
#1112 = B_SPLINE_CURVE_WITH_KNOTS('',1,(#1113,#1114),.UNSPECIFIED.,.F.,
  .F.,(2,2),(7.604129429344E-04,1.392037315477E-02),
  .PIECEWISE_BEZIER_KNOTS.);
#1113 = CARTESIAN_POINT('',(0.,-3.674061943109E-03));
#1114 = CARTESIAN_POINT('',(1.315996021184E-02,-3.674061943109E-03));
#1115 = ( GEOMETRIC_REPRESENTATION_CONTEXT(2) 
PARAMETRIC_REPRESENTATION_CONTEXT() REPRESENTATION_CONTEXT('2D SPACE',''
  ) );
#1116 = PCURVE('',#809,#1117);
#1117 = DEFINITIONAL_REPRESENTATION('',(#1118),#1121);
#1118 = B_SPLINE_CURVE_WITH_KNOTS('',1,(#1119,#1120),.UNSPECIFIED.,.F.,
  .F.,(2,2),(7.604129429344E-04,1.392037315477E-02),
  .PIECEWISE_BEZIER_KNOTS.);
#1119 = CARTESIAN_POINT('',(-6.364037221537E-03,-5.536409263545E-03));
#1120 = CARTESIAN_POINT('',(6.778329025574E-03,-4.856142989256E-03));
#1121 = ( GEOMETRIC_REPRESENTATION_CONTEXT(2) 
PARAMETRIC_REPRESENTATION_CONTEXT() REPRESENTATION_CONTEXT('2D SPACE',''
  ) );
#1122 = ORIENTED_EDGE('',*,*,#1123,.F.);
#1123 = EDGE_CURVE('',#1124,#1104,#1126,.T.);
#1124 = VERTEX_POINT('',#1125);
#1125 = CARTESIAN_POINT('',(12.052237429936,0.719573633223,17.4437305662
    ));
#1126 = SURFACE_CURVE('',#1127,(#1130,#1136),.PCURVE_S1.);
#1127 = B_SPLINE_CURVE_WITH_KNOTS('',1,(#1128,#1129),.UNSPECIFIED.,.F.,
  .F.,(2,2),(0.,3.674061943109E-03),.PIECEWISE_BEZIER_KNOTS.);
#1128 = CARTESIAN_POINT('',(12.052237429936,0.719573633223,17.4437305662
    ));
#1129 = CARTESIAN_POINT('',(12.052237429936,0.719573633223,
    21.117792509309));
#1130 = PCURVE('',#1045,#1131);
#1131 = DEFINITIONAL_REPRESENTATION('',(#1132),#1135);
#1132 = B_SPLINE_CURVE_WITH_KNOTS('',1,(#1133,#1134),.UNSPECIFIED.,.F.,
  .F.,(2,2),(0.,3.674061943109E-03),.PIECEWISE_BEZIER_KNOTS.);
#1133 = CARTESIAN_POINT('',(1.315996021184E-02,0.));
#1134 = CARTESIAN_POINT('',(1.315996021184E-02,-3.674061943109E-03));
#1135 = ( GEOMETRIC_REPRESENTATION_CONTEXT(2) 
PARAMETRIC_REPRESENTATION_CONTEXT() REPRESENTATION_CONTEXT('2D SPACE',''
  ) );
#1136 = PCURVE('',#1137,#1144);
#1137 = ( BOUNDED_SURFACE() B_SPLINE_SURFACE(2,1,(
    (#1138,#1139)
    ,(#1140,#1141)
    ,(#1142,#1143
)),.UNSPECIFIED.,.F.,.F.,.F.) B_SPLINE_SURFACE_WITH_KNOTS((3,3),(2,2),(
    4.764104151404,6.173604429653),(-3.674061943109E-03,0.),
.PIECEWISE_BEZIER_KNOTS.) GEOMETRIC_REPRESENTATION_ITEM() 
RATIONAL_B_SPLINE_SURFACE((
    (1.,1.)
    ,(0.761773446286,0.761773446286)
,(1.,1.))) REPRESENTATION_ITEM('') SURFACE() );
#1138 = CARTESIAN_POINT('',(12.052237429936,0.719573633223,
    21.117792509309));
#1139 = CARTESIAN_POINT('',(12.052237429936,0.719573633223,17.4437305662
    ));
#1140 = CARTESIAN_POINT('',(11.533548030913,0.746421683137,
    21.117792509309));
#1141 = CARTESIAN_POINT('',(11.533548030913,0.746421683137,17.4437305662
    ));
#1142 = CARTESIAN_POINT('',(11.476747336861,1.262690209776,
    21.117792509309));
#1143 = CARTESIAN_POINT('',(11.476747336861,1.262690209776,17.4437305662
    ));
#1144 = DEFINITIONAL_REPRESENTATION('',(#1145),#1149);
#1145 = B_SPLINE_CURVE_WITH_KNOTS('',2,(#1146,#1147,#1148),
  .UNSPECIFIED.,.F.,.F.,(3,3),(0.,3.674061943109E-03),
  .PIECEWISE_BEZIER_KNOTS.);
#1146 = CARTESIAN_POINT('',(4.764104151404,0.));
#1147 = CARTESIAN_POINT('',(4.764104151404,-1.837030971554E-03));
#1148 = CARTESIAN_POINT('',(4.764104151404,-3.674061943109E-03));
#1149 = ( GEOMETRIC_REPRESENTATION_CONTEXT(2) 
PARAMETRIC_REPRESENTATION_CONTEXT() REPRESENTATION_CONTEXT('2D SPACE',''
  ) );
#1150 = ORIENTED_EDGE('',*,*,#1151,.F.);
#1151 = EDGE_CURVE('',#1029,#1124,#1152,.T.);
#1152 = SURFACE_CURVE('',#1153,(#1156,#1162),.PCURVE_S1.);
#1153 = B_SPLINE_CURVE_WITH_KNOTS('',1,(#1154,#1155),.UNSPECIFIED.,.F.,
  .F.,(2,2),(7.604129429344E-04,1.392037315477E-02),
  .PIECEWISE_BEZIER_KNOTS.);
#1154 = CARTESIAN_POINT('',(25.194603677046,3.930735893455E-02,
    17.4437305662));
#1155 = CARTESIAN_POINT('',(12.052237429936,0.719573633223,17.4437305662
    ));
#1156 = PCURVE('',#1045,#1157);
#1157 = DEFINITIONAL_REPRESENTATION('',(#1158),#1161);
#1158 = B_SPLINE_CURVE_WITH_KNOTS('',1,(#1159,#1160),.UNSPECIFIED.,.F.,
  .F.,(2,2),(7.604129429344E-04,1.392037315477E-02),
  .PIECEWISE_BEZIER_KNOTS.);
#1159 = CARTESIAN_POINT('',(0.,0.));
#1160 = CARTESIAN_POINT('',(1.315996021184E-02,0.));
#1161 = ( GEOMETRIC_REPRESENTATION_CONTEXT(2) 
PARAMETRIC_REPRESENTATION_CONTEXT() REPRESENTATION_CONTEXT('2D SPACE',''
  ) );
#1162 = PCURVE('',#860,#1163);
#1163 = DEFINITIONAL_REPRESENTATION('',(#1164),#1167);
#1164 = B_SPLINE_CURVE_WITH_KNOTS('',1,(#1165,#1166),.UNSPECIFIED.,.F.,
  .F.,(2,2),(7.604129429344E-04,1.392037315477E-02),
  .PIECEWISE_BEZIER_KNOTS.);
#1165 = CARTESIAN_POINT('',(-6.364037221537E-03,-5.536409263545E-03));
#1166 = CARTESIAN_POINT('',(6.778329025574E-03,-4.856142989256E-03));
#1167 = ( GEOMETRIC_REPRESENTATION_CONTEXT(2) 
PARAMETRIC_REPRESENTATION_CONTEXT() REPRESENTATION_CONTEXT('2D SPACE',''
  ) );
#1168 = ADVANCED_FACE('',(#1169),#1137,.T.);
#1169 = FACE_BOUND('',#1170,.T.);
#1170 = EDGE_LOOP('',(#1171,#1172,#1195,#1224));
#1171 = ORIENTED_EDGE('',*,*,#1123,.T.);
#1172 = ORIENTED_EDGE('',*,*,#1173,.T.);
#1173 = EDGE_CURVE('',#1104,#1174,#1176,.T.);
#1174 = VERTEX_POINT('',#1175);
#1175 = CARTESIAN_POINT('',(11.476747336861,1.262690209776,
    21.117792509309));
#1176 = SURFACE_CURVE('',#1177,(#1181,#1188),.PCURVE_S1.);
#1177 = ( BOUNDED_CURVE() B_SPLINE_CURVE(2,(#1178,#1179,#1180),
.UNSPECIFIED.,.F.,.F.) B_SPLINE_CURVE_WITH_KNOTS((3,3),(4.764104151404,
6.173604429653),.PIECEWISE_BEZIER_KNOTS.) CURVE() 
GEOMETRIC_REPRESENTATION_ITEM() RATIONAL_B_SPLINE_CURVE((1.,
0.761773446286,1.)) REPRESENTATION_ITEM('') );
#1178 = CARTESIAN_POINT('',(12.052237429936,0.719573633223,
    21.117792509309));
#1179 = CARTESIAN_POINT('',(11.533548030913,0.746421683137,
    21.117792509309));
#1180 = CARTESIAN_POINT('',(11.476747336861,1.262690209776,
    21.117792509309));
#1181 = PCURVE('',#1137,#1182);
#1182 = DEFINITIONAL_REPRESENTATION('',(#1183),#1187);
#1183 = B_SPLINE_CURVE_WITH_KNOTS('',2,(#1184,#1185,#1186),
  .UNSPECIFIED.,.F.,.F.,(3,3),(4.764104151404,6.173604429653),
  .PIECEWISE_BEZIER_KNOTS.);
#1184 = CARTESIAN_POINT('',(4.764104151404,-3.674061943109E-03));
#1185 = CARTESIAN_POINT('',(5.468854290529,-3.674061943109E-03));
#1186 = CARTESIAN_POINT('',(6.173604429653,-3.674061943109E-03));
#1187 = ( GEOMETRIC_REPRESENTATION_CONTEXT(2) 
PARAMETRIC_REPRESENTATION_CONTEXT() REPRESENTATION_CONTEXT('2D SPACE',''
  ) );
#1188 = PCURVE('',#809,#1189);
#1189 = DEFINITIONAL_REPRESENTATION('',(#1190),#1194);
#1190 = ( BOUNDED_CURVE() B_SPLINE_CURVE(2,(#1191,#1192,#1193),
.UNSPECIFIED.,.F.,.F.) B_SPLINE_CURVE_WITH_KNOTS((3,3),(4.764104151404,
6.173604429653),.PIECEWISE_BEZIER_KNOTS.) CURVE() 
GEOMETRIC_REPRESENTATION_ITEM() RATIONAL_B_SPLINE_CURVE((1.,
0.761773446286,1.)) REPRESENTATION_ITEM('') );
#1191 = CARTESIAN_POINT('',(6.778329025574E-03,-4.856142989256E-03));
#1192 = CARTESIAN_POINT('',(7.297018424596E-03,-4.829294939343E-03));
#1193 = CARTESIAN_POINT('',(7.353819118649E-03,-4.313026412704E-03));
#1194 = ( GEOMETRIC_REPRESENTATION_CONTEXT(2) 
PARAMETRIC_REPRESENTATION_CONTEXT() REPRESENTATION_CONTEXT('2D SPACE',''
  ) );
#1195 = ORIENTED_EDGE('',*,*,#1196,.F.);
#1196 = EDGE_CURVE('',#1197,#1174,#1199,.T.);
#1197 = VERTEX_POINT('',#1198);
#1198 = CARTESIAN_POINT('',(11.476747336861,1.262690209776,17.4437305662
    ));
#1199 = SURFACE_CURVE('',#1200,(#1203,#1210),.PCURVE_S1.);
#1200 = B_SPLINE_CURVE_WITH_KNOTS('',1,(#1201,#1202),.UNSPECIFIED.,.F.,
  .F.,(2,2),(0.,3.674061943109E-03),.PIECEWISE_BEZIER_KNOTS.);
#1201 = CARTESIAN_POINT('',(11.476747336861,1.262690209776,17.4437305662
    ));
#1202 = CARTESIAN_POINT('',(11.476747336861,1.262690209776,
    21.117792509309));
#1203 = PCURVE('',#1137,#1204);
#1204 = DEFINITIONAL_REPRESENTATION('',(#1205),#1209);
#1205 = B_SPLINE_CURVE_WITH_KNOTS('',2,(#1206,#1207,#1208),
  .UNSPECIFIED.,.F.,.F.,(3,3),(0.,3.674061943109E-03),
  .PIECEWISE_BEZIER_KNOTS.);
#1206 = CARTESIAN_POINT('',(6.173604429653,0.));
#1207 = CARTESIAN_POINT('',(6.173604429653,-1.837030971554E-03));
#1208 = CARTESIAN_POINT('',(6.173604429653,-3.674061943109E-03));
#1209 = ( GEOMETRIC_REPRESENTATION_CONTEXT(2) 
PARAMETRIC_REPRESENTATION_CONTEXT() REPRESENTATION_CONTEXT('2D SPACE',''
  ) );
#1210 = PCURVE('',#1211,#1218);
#1211 = ( BOUNDED_SURFACE() B_SPLINE_SURFACE(2,1,(
    (#1212,#1213)
    ,(#1214,#1215)
    ,(#1216,#1217
)),.UNSPECIFIED.,.F.,.F.,.F.) B_SPLINE_SURFACE_WITH_KNOTS((3,3),(2,2),(
    3.251173531116,3.607760365589),(-3.674061943109E-03,0.),
.PIECEWISE_BEZIER_KNOTS.) GEOMETRIC_REPRESENTATION_ITEM() 
RATIONAL_B_SPLINE_SURFACE((
    (1.,1.)
    ,(0.984147788739,0.984147788739)
,(1.,1.))) REPRESENTATION_ITEM('') SURFACE() );
#1212 = CARTESIAN_POINT('',(11.476747336861,1.262690209775,
    21.117792509309));
#1213 = CARTESIAN_POINT('',(11.476747336861,1.262690209775,17.4437305662
    ));
#1214 = CARTESIAN_POINT('',(11.24920174496,3.330880210492,
    21.117792509309));
#1215 = CARTESIAN_POINT('',(11.24920174496,3.330880210492,17.4437305662)
  );
#1216 = CARTESIAN_POINT('',(10.314010945096,5.18953699519,
    21.117792509309));
#1217 = CARTESIAN_POINT('',(10.314010945096,5.18953699519,17.4437305662)
  );
#1218 = DEFINITIONAL_REPRESENTATION('',(#1219),#1223);
#1219 = B_SPLINE_CURVE_WITH_KNOTS('',2,(#1220,#1221,#1222),
  .UNSPECIFIED.,.F.,.F.,(3,3),(0.,3.674061943109E-03),
  .PIECEWISE_BEZIER_KNOTS.);
#1220 = CARTESIAN_POINT('',(3.251173531116,0.));
#1221 = CARTESIAN_POINT('',(3.251173531116,-1.837030971554E-03));
#1222 = CARTESIAN_POINT('',(3.251173531116,-3.674061943109E-03));
#1223 = ( GEOMETRIC_REPRESENTATION_CONTEXT(2) 
PARAMETRIC_REPRESENTATION_CONTEXT() REPRESENTATION_CONTEXT('2D SPACE',''
  ) );
#1224 = ORIENTED_EDGE('',*,*,#1225,.F.);
#1225 = EDGE_CURVE('',#1124,#1197,#1226,.T.);
#1226 = SURFACE_CURVE('',#1227,(#1231,#1238),.PCURVE_S1.);
#1227 = ( BOUNDED_CURVE() B_SPLINE_CURVE(2,(#1228,#1229,#1230),
.UNSPECIFIED.,.F.,.F.) B_SPLINE_CURVE_WITH_KNOTS((3,3),(4.764104151404,
6.173604429653),.PIECEWISE_BEZIER_KNOTS.) CURVE() 
GEOMETRIC_REPRESENTATION_ITEM() RATIONAL_B_SPLINE_CURVE((1.,
0.761773446286,1.)) REPRESENTATION_ITEM('') );
#1228 = CARTESIAN_POINT('',(12.052237429936,0.719573633223,17.4437305662
    ));
#1229 = CARTESIAN_POINT('',(11.533548030913,0.746421683137,17.4437305662
    ));
#1230 = CARTESIAN_POINT('',(11.476747336861,1.262690209776,17.4437305662
    ));
#1231 = PCURVE('',#1137,#1232);
#1232 = DEFINITIONAL_REPRESENTATION('',(#1233),#1237);
#1233 = B_SPLINE_CURVE_WITH_KNOTS('',2,(#1234,#1235,#1236),
  .UNSPECIFIED.,.F.,.F.,(3,3),(4.764104151404,6.173604429653),
  .PIECEWISE_BEZIER_KNOTS.);
#1234 = CARTESIAN_POINT('',(4.764104151404,0.));
#1235 = CARTESIAN_POINT('',(5.468854290529,0.));
#1236 = CARTESIAN_POINT('',(6.173604429653,0.));
#1237 = ( GEOMETRIC_REPRESENTATION_CONTEXT(2) 
PARAMETRIC_REPRESENTATION_CONTEXT() REPRESENTATION_CONTEXT('2D SPACE',''
  ) );
#1238 = PCURVE('',#860,#1239);
#1239 = DEFINITIONAL_REPRESENTATION('',(#1240),#1244);
#1240 = ( BOUNDED_CURVE() B_SPLINE_CURVE(2,(#1241,#1242,#1243),
.UNSPECIFIED.,.F.,.F.) B_SPLINE_CURVE_WITH_KNOTS((3,3),(4.764104151404,
6.173604429653),.PIECEWISE_BEZIER_KNOTS.) CURVE() 
GEOMETRIC_REPRESENTATION_ITEM() RATIONAL_B_SPLINE_CURVE((1.,
0.761773446286,1.)) REPRESENTATION_ITEM('') );
#1241 = CARTESIAN_POINT('',(6.778329025574E-03,-4.856142989256E-03));
#1242 = CARTESIAN_POINT('',(7.297018424596E-03,-4.829294939343E-03));
#1243 = CARTESIAN_POINT('',(7.353819118649E-03,-4.313026412704E-03));
#1244 = ( GEOMETRIC_REPRESENTATION_CONTEXT(2) 
PARAMETRIC_REPRESENTATION_CONTEXT() REPRESENTATION_CONTEXT('2D SPACE',''
  ) );
#1245 = ADVANCED_FACE('',(#1246),#1211,.T.);
#1246 = FACE_BOUND('',#1247,.T.);
#1247 = EDGE_LOOP('',(#1248,#1249,#1272,#1294));
#1248 = ORIENTED_EDGE('',*,*,#1196,.T.);
#1249 = ORIENTED_EDGE('',*,*,#1250,.T.);
#1250 = EDGE_CURVE('',#1174,#1251,#1253,.T.);
#1251 = VERTEX_POINT('',#1252);
#1252 = CARTESIAN_POINT('',(10.314010945096,5.18953699519,
    21.117792509309));
#1253 = SURFACE_CURVE('',#1254,(#1258,#1265),.PCURVE_S1.);
#1254 = ( BOUNDED_CURVE() B_SPLINE_CURVE(2,(#1255,#1256,#1257),
.UNSPECIFIED.,.F.,.F.) B_SPLINE_CURVE_WITH_KNOTS((3,3),(3.251173531116,
3.607760365589),.PIECEWISE_BEZIER_KNOTS.) CURVE() 
GEOMETRIC_REPRESENTATION_ITEM() RATIONAL_B_SPLINE_CURVE((1.,
0.984147788739,1.)) REPRESENTATION_ITEM('') );
#1255 = CARTESIAN_POINT('',(11.476747336861,1.262690209775,
    21.117792509309));
#1256 = CARTESIAN_POINT('',(11.24920174496,3.330880210492,
    21.117792509309));
#1257 = CARTESIAN_POINT('',(10.314010945096,5.18953699519,
    21.117792509309));
#1258 = PCURVE('',#1211,#1259);
#1259 = DEFINITIONAL_REPRESENTATION('',(#1260),#1264);
#1260 = B_SPLINE_CURVE_WITH_KNOTS('',2,(#1261,#1262,#1263),
  .UNSPECIFIED.,.F.,.F.,(3,3),(3.251173531116,3.607760365589),
  .PIECEWISE_BEZIER_KNOTS.);
#1261 = CARTESIAN_POINT('',(3.251173531116,-3.674061943109E-03));
#1262 = CARTESIAN_POINT('',(3.429466948352,-3.674061943109E-03));
#1263 = CARTESIAN_POINT('',(3.607760365589,-3.674061943109E-03));
#1264 = ( GEOMETRIC_REPRESENTATION_CONTEXT(2) 
PARAMETRIC_REPRESENTATION_CONTEXT() REPRESENTATION_CONTEXT('2D SPACE',''
  ) );
#1265 = PCURVE('',#809,#1266);
#1266 = DEFINITIONAL_REPRESENTATION('',(#1267),#1271);
#1267 = ( BOUNDED_CURVE() B_SPLINE_CURVE(2,(#1268,#1269,#1270),
.UNSPECIFIED.,.F.,.F.) B_SPLINE_CURVE_WITH_KNOTS((3,3),(3.251173531116,
3.607760365589),.PIECEWISE_BEZIER_KNOTS.) CURVE() 
GEOMETRIC_REPRESENTATION_ITEM() RATIONAL_B_SPLINE_CURVE((1.,
0.984147788739,1.)) REPRESENTATION_ITEM('') );
#1268 = CARTESIAN_POINT('',(7.353819118649E-03,-4.313026412704E-03));
#1269 = CARTESIAN_POINT('',(7.58136471055E-03,-2.244836411988E-03));
#1270 = CARTESIAN_POINT('',(8.516555510414E-03,-3.861796272901E-04));
#1271 = ( GEOMETRIC_REPRESENTATION_CONTEXT(2) 
PARAMETRIC_REPRESENTATION_CONTEXT() REPRESENTATION_CONTEXT('2D SPACE',''
  ) );
#1272 = ORIENTED_EDGE('',*,*,#1273,.F.);
#1273 = EDGE_CURVE('',#1274,#1251,#1276,.T.);
#1274 = VERTEX_POINT('',#1275);
#1275 = CARTESIAN_POINT('',(10.314010945096,5.18953699519,17.4437305662)
  );
#1276 = SURFACE_CURVE('',#1277,(#1280,#1287),.PCURVE_S1.);
#1277 = B_SPLINE_CURVE_WITH_KNOTS('',1,(#1278,#1279),.UNSPECIFIED.,.F.,
  .F.,(2,2),(0.,3.674061943109E-03),.PIECEWISE_BEZIER_KNOTS.);
#1278 = CARTESIAN_POINT('',(10.314010945096,5.18953699519,17.4437305662)
  );
#1279 = CARTESIAN_POINT('',(10.314010945096,5.18953699519,
    21.117792509309));
#1280 = PCURVE('',#1211,#1281);
#1281 = DEFINITIONAL_REPRESENTATION('',(#1282),#1286);
#1282 = B_SPLINE_CURVE_WITH_KNOTS('',2,(#1283,#1284,#1285),
  .UNSPECIFIED.,.F.,.F.,(3,3),(0.,3.674061943109E-03),
  .PIECEWISE_BEZIER_KNOTS.);
#1283 = CARTESIAN_POINT('',(3.607760365589,0.));
#1284 = CARTESIAN_POINT('',(3.607760365589,-1.837030971554E-03));
#1285 = CARTESIAN_POINT('',(3.607760365589,-3.674061943109E-03));
#1286 = ( GEOMETRIC_REPRESENTATION_CONTEXT(2) 
PARAMETRIC_REPRESENTATION_CONTEXT() REPRESENTATION_CONTEXT('2D SPACE',''
  ) );
#1287 = PCURVE('',#781,#1288);
#1288 = DEFINITIONAL_REPRESENTATION('',(#1289),#1293);
#1289 = B_SPLINE_CURVE_WITH_KNOTS('',2,(#1290,#1291,#1292),
  .UNSPECIFIED.,.F.,.F.,(3,3),(0.,3.674061943109E-03),
  .PIECEWISE_BEZIER_KNOTS.);
#1290 = CARTESIAN_POINT('',(5.817017595181,0.));
#1291 = CARTESIAN_POINT('',(5.817017595181,-1.837030971554E-03));
#1292 = CARTESIAN_POINT('',(5.817017595181,-3.674061943109E-03));
#1293 = ( GEOMETRIC_REPRESENTATION_CONTEXT(2) 
PARAMETRIC_REPRESENTATION_CONTEXT() REPRESENTATION_CONTEXT('2D SPACE',''
  ) );
#1294 = ORIENTED_EDGE('',*,*,#1295,.F.);
#1295 = EDGE_CURVE('',#1197,#1274,#1296,.T.);
#1296 = SURFACE_CURVE('',#1297,(#1301,#1308),.PCURVE_S1.);
#1297 = ( BOUNDED_CURVE() B_SPLINE_CURVE(2,(#1298,#1299,#1300),
.UNSPECIFIED.,.F.,.F.) B_SPLINE_CURVE_WITH_KNOTS((3,3),(3.251173531116,
3.607760365589),.PIECEWISE_BEZIER_KNOTS.) CURVE() 
GEOMETRIC_REPRESENTATION_ITEM() RATIONAL_B_SPLINE_CURVE((1.,
0.984147788739,1.)) REPRESENTATION_ITEM('') );
#1298 = CARTESIAN_POINT('',(11.476747336861,1.262690209775,17.4437305662
    ));
#1299 = CARTESIAN_POINT('',(11.24920174496,3.330880210492,17.4437305662)
  );
#1300 = CARTESIAN_POINT('',(10.314010945096,5.18953699519,17.4437305662)
  );
#1301 = PCURVE('',#1211,#1302);
#1302 = DEFINITIONAL_REPRESENTATION('',(#1303),#1307);
#1303 = B_SPLINE_CURVE_WITH_KNOTS('',2,(#1304,#1305,#1306),
  .UNSPECIFIED.,.F.,.F.,(3,3),(3.251173531116,3.607760365589),
  .PIECEWISE_BEZIER_KNOTS.);
#1304 = CARTESIAN_POINT('',(3.251173531116,0.));
#1305 = CARTESIAN_POINT('',(3.429466948352,0.));
#1306 = CARTESIAN_POINT('',(3.607760365589,0.));
#1307 = ( GEOMETRIC_REPRESENTATION_CONTEXT(2) 
PARAMETRIC_REPRESENTATION_CONTEXT() REPRESENTATION_CONTEXT('2D SPACE',''
  ) );
#1308 = PCURVE('',#860,#1309);
#1309 = DEFINITIONAL_REPRESENTATION('',(#1310),#1314);
#1310 = ( BOUNDED_CURVE() B_SPLINE_CURVE(2,(#1311,#1312,#1313),
.UNSPECIFIED.,.F.,.F.) B_SPLINE_CURVE_WITH_KNOTS((3,3),(3.251173531116,
3.607760365589),.PIECEWISE_BEZIER_KNOTS.) CURVE() 
GEOMETRIC_REPRESENTATION_ITEM() RATIONAL_B_SPLINE_CURVE((1.,
0.984147788739,1.)) REPRESENTATION_ITEM('') );
#1311 = CARTESIAN_POINT('',(7.353819118649E-03,-4.313026412704E-03));
#1312 = CARTESIAN_POINT('',(7.58136471055E-03,-2.244836411988E-03));
#1313 = CARTESIAN_POINT('',(8.516555510414E-03,-3.861796272901E-04));
#1314 = ( GEOMETRIC_REPRESENTATION_CONTEXT(2) 
PARAMETRIC_REPRESENTATION_CONTEXT() REPRESENTATION_CONTEXT('2D SPACE',''
  ) );
#1315 = ADVANCED_FACE('',(#1316),#781,.T.);
#1316 = FACE_BOUND('',#1317,.T.);
#1317 = EDGE_LOOP('',(#1318,#1319,#1340,#1341));
#1318 = ORIENTED_EDGE('',*,*,#1273,.T.);
#1319 = ORIENTED_EDGE('',*,*,#1320,.T.);
#1320 = EDGE_CURVE('',#1251,#763,#1321,.T.);
#1321 = SURFACE_CURVE('',#1322,(#1326,#1333),.PCURVE_S1.);
#1322 = ( BOUNDED_CURVE() B_SPLINE_CURVE(2,(#1323,#1324,#1325),
.UNSPECIFIED.,.F.,.F.) B_SPLINE_CURVE_WITH_KNOTS((3,3),(5.817017595181,
7.22651787343),.PIECEWISE_BEZIER_KNOTS.) CURVE() 
GEOMETRIC_REPRESENTATION_ITEM() RATIONAL_B_SPLINE_CURVE((1.,
0.761773446286,1.)) REPRESENTATION_ITEM('') );
#1323 = CARTESIAN_POINT('',(10.314010945096,5.18953699519,
    21.117792509309));
#1324 = CARTESIAN_POINT('',(10.080565480122,5.653501137474,
    21.117792509309));
#1325 = CARTESIAN_POINT('',(10.501016580308,5.958427985742,
    21.117792509309));
#1326 = PCURVE('',#781,#1327);
#1327 = DEFINITIONAL_REPRESENTATION('',(#1328),#1332);
#1328 = B_SPLINE_CURVE_WITH_KNOTS('',2,(#1329,#1330,#1331),
  .UNSPECIFIED.,.F.,.F.,(3,3),(5.817017595181,7.22651787343),
  .PIECEWISE_BEZIER_KNOTS.);
#1329 = CARTESIAN_POINT('',(5.817017595181,-3.674061943109E-03));
#1330 = CARTESIAN_POINT('',(6.521767734306,-3.674061943109E-03));
#1331 = CARTESIAN_POINT('',(7.22651787343,-3.674061943109E-03));
#1332 = ( GEOMETRIC_REPRESENTATION_CONTEXT(2) 
PARAMETRIC_REPRESENTATION_CONTEXT() REPRESENTATION_CONTEXT('2D SPACE',''
  ) );
#1333 = PCURVE('',#809,#1334);
#1334 = DEFINITIONAL_REPRESENTATION('',(#1335),#1339);
#1335 = ( BOUNDED_CURVE() B_SPLINE_CURVE(2,(#1336,#1337,#1338),
.UNSPECIFIED.,.F.,.F.) B_SPLINE_CURVE_WITH_KNOTS((3,3),(5.817017595181,
7.22651787343),.PIECEWISE_BEZIER_KNOTS.) CURVE() 
GEOMETRIC_REPRESENTATION_ITEM() RATIONAL_B_SPLINE_CURVE((1.,
0.761773446286,1.)) REPRESENTATION_ITEM('') );
#1336 = CARTESIAN_POINT('',(8.516555510414E-03,-3.861796272901E-04));
#1337 = CARTESIAN_POINT('',(8.750000975388E-03,7.778451499398E-05));
#1338 = CARTESIAN_POINT('',(8.329549875202E-03,3.82711363262E-04));
#1339 = ( GEOMETRIC_REPRESENTATION_CONTEXT(2) 
PARAMETRIC_REPRESENTATION_CONTEXT() REPRESENTATION_CONTEXT('2D SPACE',''
  ) );
#1340 = ORIENTED_EDGE('',*,*,#760,.F.);
#1341 = ORIENTED_EDGE('',*,*,#1342,.F.);
#1342 = EDGE_CURVE('',#1274,#761,#1343,.T.);
#1343 = SURFACE_CURVE('',#1344,(#1348,#1355),.PCURVE_S1.);
#1344 = ( BOUNDED_CURVE() B_SPLINE_CURVE(2,(#1345,#1346,#1347),
.UNSPECIFIED.,.F.,.F.) B_SPLINE_CURVE_WITH_KNOTS((3,3),(5.817017595181,
7.22651787343),.PIECEWISE_BEZIER_KNOTS.) CURVE() 
GEOMETRIC_REPRESENTATION_ITEM() RATIONAL_B_SPLINE_CURVE((1.,
0.761773446286,1.)) REPRESENTATION_ITEM('') );
#1345 = CARTESIAN_POINT('',(10.314010945096,5.18953699519,17.4437305662)
  );
#1346 = CARTESIAN_POINT('',(10.080565480122,5.653501137474,17.4437305662
    ));
#1347 = CARTESIAN_POINT('',(10.501016580308,5.958427985742,17.4437305662
    ));
#1348 = PCURVE('',#781,#1349);
#1349 = DEFINITIONAL_REPRESENTATION('',(#1350),#1354);
#1350 = B_SPLINE_CURVE_WITH_KNOTS('',2,(#1351,#1352,#1353),
  .UNSPECIFIED.,.F.,.F.,(3,3),(5.817017595181,7.22651787343),
  .PIECEWISE_BEZIER_KNOTS.);
#1351 = CARTESIAN_POINT('',(5.817017595181,0.));
#1352 = CARTESIAN_POINT('',(6.521767734306,0.));
#1353 = CARTESIAN_POINT('',(7.22651787343,0.));
#1354 = ( GEOMETRIC_REPRESENTATION_CONTEXT(2) 
PARAMETRIC_REPRESENTATION_CONTEXT() REPRESENTATION_CONTEXT('2D SPACE',''
  ) );
#1355 = PCURVE('',#860,#1356);
#1356 = DEFINITIONAL_REPRESENTATION('',(#1357),#1361);
#1357 = ( BOUNDED_CURVE() B_SPLINE_CURVE(2,(#1358,#1359,#1360),
.UNSPECIFIED.,.F.,.F.) B_SPLINE_CURVE_WITH_KNOTS((3,3),(5.817017595181,
7.22651787343),.PIECEWISE_BEZIER_KNOTS.) CURVE() 
GEOMETRIC_REPRESENTATION_ITEM() RATIONAL_B_SPLINE_CURVE((1.,
0.761773446286,1.)) REPRESENTATION_ITEM('') );
#1358 = CARTESIAN_POINT('',(8.516555510414E-03,-3.861796272901E-04));
#1359 = CARTESIAN_POINT('',(8.750000975388E-03,7.778451499398E-05));
#1360 = CARTESIAN_POINT('',(8.329549875202E-03,3.82711363262E-04));
#1361 = ( GEOMETRIC_REPRESENTATION_CONTEXT(2) 
PARAMETRIC_REPRESENTATION_CONTEXT() REPRESENTATION_CONTEXT('2D SPACE',''
  ) );
#1362 = ADVANCED_FACE('',(#1363),#860,.T.);
#1363 = FACE_BOUND('',#1364,.T.);
#1364 = EDGE_LOOP('',(#1365,#1366,#1367,#1368,#1369,#1370,#1371,#1372));
#1365 = ORIENTED_EDGE('',*,*,#848,.T.);
#1366 = ORIENTED_EDGE('',*,*,#927,.F.);
#1367 = ORIENTED_EDGE('',*,*,#1004,.T.);
#1368 = ORIENTED_EDGE('',*,*,#1078,.F.);
#1369 = ORIENTED_EDGE('',*,*,#1151,.T.);
#1370 = ORIENTED_EDGE('',*,*,#1225,.T.);
#1371 = ORIENTED_EDGE('',*,*,#1295,.T.);
#1372 = ORIENTED_EDGE('',*,*,#1342,.T.);
#1373 = ADVANCED_FACE('',(#1374),#809,.F.);
#1374 = FACE_BOUND('',#1375,.F.);
#1375 = EDGE_LOOP('',(#1376,#1377,#1378,#1379,#1380,#1381,#1382,#1383));
#1376 = ORIENTED_EDGE('',*,*,#795,.T.);
#1377 = ORIENTED_EDGE('',*,*,#905,.F.);
#1378 = ORIENTED_EDGE('',*,*,#952,.T.);
#1379 = ORIENTED_EDGE('',*,*,#1056,.F.);
#1380 = ORIENTED_EDGE('',*,*,#1103,.T.);
#1381 = ORIENTED_EDGE('',*,*,#1173,.T.);
#1382 = ORIENTED_EDGE('',*,*,#1250,.T.);
#1383 = ORIENTED_EDGE('',*,*,#1320,.T.);
#1384 = ( GEOMETRIC_REPRESENTATION_CONTEXT(3) 
GLOBAL_UNCERTAINTY_ASSIGNED_CONTEXT((#1388)) 
GLOBAL_UNIT_ASSIGNED_CONTEXT((#1385,#1386,#1387)) REPRESENTATION_CONTEXT
('Context #1','3D Context with UNIT and UNCERTAINTY') );
#1385 = ( LENGTH_UNIT() NAMED_UNIT(*) SI_UNIT(.MILLI.,.METRE.) );
#1386 = ( NAMED_UNIT(*) PLANE_ANGLE_UNIT() SI_UNIT($,.RADIAN.) );
#1387 = ( NAMED_UNIT(*) SI_UNIT($,.STERADIAN.) SOLID_ANGLE_UNIT() );
#1388 = UNCERTAINTY_MEASURE_WITH_UNIT(LENGTH_MEASURE(2.E-04),#1385,
  'distance_accuracy_value','confusion accuracy');
#1389 = CONTEXT_DEPENDENT_SHAPE_REPRESENTATION(#1390,#1392);
#1390 = ( REPRESENTATION_RELATIONSHIP('','',#753,#10) 
REPRESENTATION_RELATIONSHIP_WITH_TRANSFORMATION(#1391) 
SHAPE_REPRESENTATION_RELATIONSHIP() );
#1391 = ITEM_DEFINED_TRANSFORMATION('','',#11,#19);
#1392 = PRODUCT_DEFINITION_SHAPE('Placement','Placement of an item',
  #1393);
#1393 = NEXT_ASSEMBLY_USAGE_OCCURRENCE('44','','',#5,#748,$);
#1394 = PRODUCT_RELATED_PRODUCT_CATEGORY('part',$,(#750));
#1395 = SHAPE_DEFINITION_REPRESENTATION(#1396,#1402);
#1396 = PRODUCT_DEFINITION_SHAPE('','',#1397);
#1397 = PRODUCT_DEFINITION('design','',#1398,#1401);
#1398 = PRODUCT_DEFINITION_FORMATION('','',#1399);
#1399 = PRODUCT('Open CASCADE STEP translator 7.7 2.3',
  'Open CASCADE STEP translator 7.7 2.3','',(#1400));
#1400 = PRODUCT_CONTEXT('',#2,'mechanical');
#1401 = PRODUCT_DEFINITION_CONTEXT('part definition',#2,'design');
#1402 = ADVANCED_BREP_SHAPE_REPRESENTATION('',(#11,#1403),#2081);
#1403 = MANIFOLD_SOLID_BREP('',#1404);
#1404 = CLOSED_SHELL('',(#1405,#1519,#1596,#1696,#1770,#1840,#1917,#2010
    ,#2057,#2068));
#1405 = ADVANCED_FACE('',(#1406),#1419,.T.);
#1406 = FACE_BOUND('',#1407,.T.);
#1407 = EDGE_LOOP('',(#1408,#1443,#1468,#1496));
#1408 = ORIENTED_EDGE('',*,*,#1409,.T.);
#1409 = EDGE_CURVE('',#1410,#1412,#1414,.T.);
#1410 = VERTEX_POINT('',#1411);
#1411 = CARTESIAN_POINT('',(-2.421809181187,11.828315753779,
    17.4437305662));
#1412 = VERTEX_POINT('',#1413);
#1413 = CARTESIAN_POINT('',(-2.421809181187,11.828315753779,
    21.117792509309));
#1414 = SURFACE_CURVE('',#1415,(#1418,#1429),.PCURVE_S1.);
#1415 = B_SPLINE_CURVE_WITH_KNOTS('',1,(#1416,#1417),.UNSPECIFIED.,.F.,
  .F.,(2,2),(0.,3.674061943109E-03),.PIECEWISE_BEZIER_KNOTS.);
#1416 = CARTESIAN_POINT('',(-2.421809181187,11.828315753779,
    17.4437305662));
#1417 = CARTESIAN_POINT('',(-2.421809181187,11.828315753779,
    21.117792509309));
#1418 = PCURVE('',#1419,#1424);
#1419 = B_SPLINE_SURFACE_WITH_KNOTS('',1,1,(
    (#1420,#1421)
    ,(#1422,#1423
    )),.UNSPECIFIED.,.F.,.F.,.F.,(2,2),(2,2),(0.,1.315996021184E-02),(
    -3.674061943109E-03,0.),.PIECEWISE_BEZIER_KNOTS.);
#1420 = CARTESIAN_POINT('',(-2.421809181187,11.828315753779,
    21.117792509309));
#1421 = CARTESIAN_POINT('',(-2.421809181187,11.828315753779,
    17.4437305662));
#1422 = CARTESIAN_POINT('',(-6.47776085875,24.347653147044,
    21.117792509309));
#1423 = CARTESIAN_POINT('',(-6.47776085875,24.347653147044,17.4437305662
    ));
#1424 = DEFINITIONAL_REPRESENTATION('',(#1425),#1428);
#1425 = B_SPLINE_CURVE_WITH_KNOTS('',1,(#1426,#1427),.UNSPECIFIED.,.F.,
  .F.,(2,2),(0.,3.674061943109E-03),.PIECEWISE_BEZIER_KNOTS.);
#1426 = CARTESIAN_POINT('',(0.,0.));
#1427 = CARTESIAN_POINT('',(0.,-3.674061943109E-03));
#1428 = ( GEOMETRIC_REPRESENTATION_CONTEXT(2) 
PARAMETRIC_REPRESENTATION_CONTEXT() REPRESENTATION_CONTEXT('2D SPACE',''
  ) );
#1429 = PCURVE('',#1430,#1437);
#1430 = ( BOUNDED_SURFACE() B_SPLINE_SURFACE(2,1,(
    (#1431,#1432)
    ,(#1433,#1434)
    ,(#1435,#1436
)),.UNSPECIFIED.,.F.,.F.,.F.) B_SPLINE_SURFACE_WITH_KNOTS((3,3),(2,2),(
    5.817017595181,7.22651787343),(-3.674061943109E-03,0.),
.PIECEWISE_BEZIER_KNOTS.) GEOMETRIC_REPRESENTATION_ITEM() 
RATIONAL_B_SPLINE_SURFACE((
    (1.,1.)
    ,(0.761773446286,0.761773446286)
,(1.,1.))) REPRESENTATION_ITEM('') SURFACE() );
#1431 = CARTESIAN_POINT('',(-1.748338313626,11.412862442924,
    21.117792509309));
#1432 = CARTESIAN_POINT('',(-1.748338313626,11.412862442924,
    17.4437305662));
#1433 = CARTESIAN_POINT('',(-2.261733050409,11.334215417007,
    21.117792509309));
#1434 = CARTESIAN_POINT('',(-2.261733050409,11.334215417007,
    17.4437305662));
#1435 = CARTESIAN_POINT('',(-2.421809181187,11.828315753779,
    21.117792509309));
#1436 = CARTESIAN_POINT('',(-2.421809181187,11.828315753779,
    17.4437305662));
#1437 = DEFINITIONAL_REPRESENTATION('',(#1438),#1442);
#1438 = B_SPLINE_CURVE_WITH_KNOTS('',2,(#1439,#1440,#1441),
  .UNSPECIFIED.,.F.,.F.,(3,3),(0.,3.674061943109E-03),
  .PIECEWISE_BEZIER_KNOTS.);
#1439 = CARTESIAN_POINT('',(7.22651787343,0.));
#1440 = CARTESIAN_POINT('',(7.22651787343,-1.837030971554E-03));
#1441 = CARTESIAN_POINT('',(7.22651787343,-3.674061943109E-03));
#1442 = ( GEOMETRIC_REPRESENTATION_CONTEXT(2) 
PARAMETRIC_REPRESENTATION_CONTEXT() REPRESENTATION_CONTEXT('2D SPACE',''
  ) );
#1443 = ORIENTED_EDGE('',*,*,#1444,.T.);
#1444 = EDGE_CURVE('',#1412,#1445,#1447,.T.);
#1445 = VERTEX_POINT('',#1446);
#1446 = CARTESIAN_POINT('',(-6.47776085875,24.347653147044,
    21.117792509309));
#1447 = SURFACE_CURVE('',#1448,(#1451,#1457),.PCURVE_S1.);
#1448 = B_SPLINE_CURVE_WITH_KNOTS('',1,(#1449,#1450),.UNSPECIFIED.,.F.,
  .F.,(2,2),(5.311393726239E-04,1.369109958446E-02),
  .PIECEWISE_BEZIER_KNOTS.);
#1449 = CARTESIAN_POINT('',(-2.421809181187,11.828315753779,
    21.117792509309));
#1450 = CARTESIAN_POINT('',(-6.47776085875,24.347653147044,
    21.117792509309));
#1451 = PCURVE('',#1419,#1452);
#1452 = DEFINITIONAL_REPRESENTATION('',(#1453),#1456);
#1453 = B_SPLINE_CURVE_WITH_KNOTS('',1,(#1454,#1455),.UNSPECIFIED.,.F.,
  .F.,(2,2),(5.311393726239E-04,1.369109958446E-02),
  .PIECEWISE_BEZIER_KNOTS.);
#1454 = CARTESIAN_POINT('',(0.,-3.674061943109E-03));
#1455 = CARTESIAN_POINT('',(1.315996021184E-02,-3.674061943109E-03));
#1456 = ( GEOMETRIC_REPRESENTATION_CONTEXT(2) 
PARAMETRIC_REPRESENTATION_CONTEXT() REPRESENTATION_CONTEXT('2D SPACE',''
  ) );
#1457 = PCURVE('',#1458,#1463);
#1458 = B_SPLINE_SURFACE_WITH_KNOTS('',1,1,(
    (#1459,#1460)
    ,(#1461,#1462
    )),.UNSPECIFIED.,.F.,.F.,.F.,(2,2),(2,2),(-7.112294069963E-03,
    8.581721259939E-03),(-5.537360462184E-03,8.244361792773E-03),
  .PIECEWISE_BEZIER_KNOTS.);
#1459 = CARTESIAN_POINT('',(7.980305908881,24.684979259457,
    21.117792509309));
#1460 = CARTESIAN_POINT('',(-5.126890847467,28.943765647994,
    21.117792509309));
#1461 = CARTESIAN_POINT('',(3.13058846196,9.759083713118,21.117792509309
    ));
#1462 = CARTESIAN_POINT('',(-9.976608294387,14.017870101655,
    21.117792509309));
#1463 = DEFINITIONAL_REPRESENTATION('',(#1464),#1467);
#1464 = B_SPLINE_CURVE_WITH_KNOTS('',1,(#1465,#1466),.UNSPECIFIED.,.F.,
  .F.,(2,2),(5.311393726239E-04,1.369109958446E-02),
  .PIECEWISE_BEZIER_KNOTS.);
#1465 = CARTESIAN_POINT('',(8.329549875202E-03,3.82711363262E-04));
#1466 = CARTESIAN_POINT('',(-2.32368953563E-03,8.108838648819E-03));
#1467 = ( GEOMETRIC_REPRESENTATION_CONTEXT(2) 
PARAMETRIC_REPRESENTATION_CONTEXT() REPRESENTATION_CONTEXT('2D SPACE',''
  ) );
#1468 = ORIENTED_EDGE('',*,*,#1469,.F.);
#1469 = EDGE_CURVE('',#1470,#1445,#1472,.T.);
#1470 = VERTEX_POINT('',#1471);
#1471 = CARTESIAN_POINT('',(-6.47776085875,24.347653147044,17.4437305662
    ));
#1472 = SURFACE_CURVE('',#1473,(#1476,#1482),.PCURVE_S1.);
#1473 = B_SPLINE_CURVE_WITH_KNOTS('',1,(#1474,#1475),.UNSPECIFIED.,.F.,
  .F.,(2,2),(0.,3.674061943109E-03),.PIECEWISE_BEZIER_KNOTS.);
#1474 = CARTESIAN_POINT('',(-6.47776085875,24.347653147044,17.4437305662
    ));
#1475 = CARTESIAN_POINT('',(-6.47776085875,24.347653147044,
    21.117792509309));
#1476 = PCURVE('',#1419,#1477);
#1477 = DEFINITIONAL_REPRESENTATION('',(#1478),#1481);
#1478 = B_SPLINE_CURVE_WITH_KNOTS('',1,(#1479,#1480),.UNSPECIFIED.,.F.,
  .F.,(2,2),(0.,3.674061943109E-03),.PIECEWISE_BEZIER_KNOTS.);
#1479 = CARTESIAN_POINT('',(1.315996021184E-02,0.));
#1480 = CARTESIAN_POINT('',(1.315996021184E-02,-3.674061943109E-03));
#1481 = ( GEOMETRIC_REPRESENTATION_CONTEXT(2) 
PARAMETRIC_REPRESENTATION_CONTEXT() REPRESENTATION_CONTEXT('2D SPACE',''
  ) );
#1482 = PCURVE('',#1483,#1490);
#1483 = ( BOUNDED_SURFACE() B_SPLINE_SURFACE(2,1,(
    (#1484,#1485)
    ,(#1486,#1487)
    ,(#1488,#1489
)),.UNSPECIFIED.,.F.,.F.,.F.) B_SPLINE_SURFACE_WITH_KNOTS((3,3),(2,2),(
    0.546038978939,2.198260087339),(-3.674061943109E-03,0.),
.PIECEWISE_BEZIER_KNOTS.) GEOMETRIC_REPRESENTATION_ITEM() 
RATIONAL_B_SPLINE_SURFACE((
    (1.,1.)
    ,(0.677740792224,0.677740792224)
,(1.,1.))) REPRESENTATION_ITEM('') SURFACE() );
#1484 = CARTESIAN_POINT('',(-5.964419537382,25.259370846917,
    21.117792509309));
#1485 = CARTESIAN_POINT('',(-5.964419537382,25.259370846917,
    17.4437305662));
#1486 = CARTESIAN_POINT('',(-6.715664861464,25.081981539975,
    21.117792509309));
#1487 = CARTESIAN_POINT('',(-6.715664861464,25.081981539975,
    17.4437305662));
#1488 = CARTESIAN_POINT('',(-6.477760858749,24.347653147044,
    21.117792509309));
#1489 = CARTESIAN_POINT('',(-6.477760858749,24.347653147044,
    17.4437305662));
#1490 = DEFINITIONAL_REPRESENTATION('',(#1491),#1495);
#1491 = B_SPLINE_CURVE_WITH_KNOTS('',2,(#1492,#1493,#1494),
  .UNSPECIFIED.,.F.,.F.,(3,3),(0.,3.674061943109E-03),
  .PIECEWISE_BEZIER_KNOTS.);
#1492 = CARTESIAN_POINT('',(2.198260087339,0.));
#1493 = CARTESIAN_POINT('',(2.198260087339,-1.837030971554E-03));
#1494 = CARTESIAN_POINT('',(2.198260087339,-3.674061943109E-03));
#1495 = ( GEOMETRIC_REPRESENTATION_CONTEXT(2) 
PARAMETRIC_REPRESENTATION_CONTEXT() REPRESENTATION_CONTEXT('2D SPACE',''
  ) );
#1496 = ORIENTED_EDGE('',*,*,#1497,.F.);
#1497 = EDGE_CURVE('',#1410,#1470,#1498,.T.);
#1498 = SURFACE_CURVE('',#1499,(#1502,#1508),.PCURVE_S1.);
#1499 = B_SPLINE_CURVE_WITH_KNOTS('',1,(#1500,#1501),.UNSPECIFIED.,.F.,
  .F.,(2,2),(5.311393726239E-04,1.369109958446E-02),
  .PIECEWISE_BEZIER_KNOTS.);
#1500 = CARTESIAN_POINT('',(-2.421809181187,11.828315753779,
    17.4437305662));
#1501 = CARTESIAN_POINT('',(-6.47776085875,24.347653147044,17.4437305662
    ));
#1502 = PCURVE('',#1419,#1503);
#1503 = DEFINITIONAL_REPRESENTATION('',(#1504),#1507);
#1504 = B_SPLINE_CURVE_WITH_KNOTS('',1,(#1505,#1506),.UNSPECIFIED.,.F.,
  .F.,(2,2),(5.311393726239E-04,1.369109958446E-02),
  .PIECEWISE_BEZIER_KNOTS.);
#1505 = CARTESIAN_POINT('',(0.,0.));
#1506 = CARTESIAN_POINT('',(1.315996021184E-02,0.));
#1507 = ( GEOMETRIC_REPRESENTATION_CONTEXT(2) 
PARAMETRIC_REPRESENTATION_CONTEXT() REPRESENTATION_CONTEXT('2D SPACE',''
  ) );
#1508 = PCURVE('',#1509,#1514);
#1509 = B_SPLINE_SURFACE_WITH_KNOTS('',1,1,(
    (#1510,#1511)
    ,(#1512,#1513
    )),.UNSPECIFIED.,.F.,.F.,.F.,(2,2),(2,2),(-7.112294069963E-03,
    8.581721259939E-03),(-5.537360462184E-03,8.244361792773E-03),
  .PIECEWISE_BEZIER_KNOTS.);
#1510 = CARTESIAN_POINT('',(7.980305908881,24.684979259457,17.4437305662
    ));
#1511 = CARTESIAN_POINT('',(-5.126890847467,28.943765647994,
    17.4437305662));
#1512 = CARTESIAN_POINT('',(3.13058846196,9.759083713118,17.4437305662)
  );
#1513 = CARTESIAN_POINT('',(-9.976608294387,14.017870101655,
    17.4437305662));
#1514 = DEFINITIONAL_REPRESENTATION('',(#1515),#1518);
#1515 = B_SPLINE_CURVE_WITH_KNOTS('',1,(#1516,#1517),.UNSPECIFIED.,.F.,
  .F.,(2,2),(5.311393726239E-04,1.369109958446E-02),
  .PIECEWISE_BEZIER_KNOTS.);
#1516 = CARTESIAN_POINT('',(8.329549875202E-03,3.82711363262E-04));
#1517 = CARTESIAN_POINT('',(-2.32368953563E-03,8.108838648819E-03));
#1518 = ( GEOMETRIC_REPRESENTATION_CONTEXT(2) 
PARAMETRIC_REPRESENTATION_CONTEXT() REPRESENTATION_CONTEXT('2D SPACE',''
  ) );
#1519 = ADVANCED_FACE('',(#1520),#1483,.F.);
#1520 = FACE_BOUND('',#1521,.F.);
#1521 = EDGE_LOOP('',(#1522,#1553,#1574,#1575));
#1522 = ORIENTED_EDGE('',*,*,#1523,.T.);
#1523 = EDGE_CURVE('',#1524,#1526,#1528,.T.);
#1524 = VERTEX_POINT('',#1525);
#1525 = CARTESIAN_POINT('',(-5.964419537382,25.259370846917,
    17.4437305662));
#1526 = VERTEX_POINT('',#1527);
#1527 = CARTESIAN_POINT('',(-5.964419537382,25.259370846917,
    21.117792509309));
#1528 = SURFACE_CURVE('',#1529,(#1532,#1539),.PCURVE_S1.);
#1529 = B_SPLINE_CURVE_WITH_KNOTS('',1,(#1530,#1531),.UNSPECIFIED.,.F.,
  .F.,(2,2),(0.,3.674061943109E-03),.PIECEWISE_BEZIER_KNOTS.);
#1530 = CARTESIAN_POINT('',(-5.964419537382,25.259370846917,
    17.4437305662));
#1531 = CARTESIAN_POINT('',(-5.964419537382,25.259370846917,
    21.117792509309));
#1532 = PCURVE('',#1483,#1533);
#1533 = DEFINITIONAL_REPRESENTATION('',(#1534),#1538);
#1534 = B_SPLINE_CURVE_WITH_KNOTS('',2,(#1535,#1536,#1537),
  .UNSPECIFIED.,.F.,.F.,(3,3),(0.,3.674061943109E-03),
  .PIECEWISE_BEZIER_KNOTS.);
#1535 = CARTESIAN_POINT('',(0.546038978939,0.));
#1536 = CARTESIAN_POINT('',(0.546038978939,-1.837030971554E-03));
#1537 = CARTESIAN_POINT('',(0.546038978939,-3.674061943109E-03));
#1538 = ( GEOMETRIC_REPRESENTATION_CONTEXT(2) 
PARAMETRIC_REPRESENTATION_CONTEXT() REPRESENTATION_CONTEXT('2D SPACE',''
  ) );
#1539 = PCURVE('',#1540,#1547);
#1540 = ( BOUNDED_SURFACE() B_SPLINE_SURFACE(2,1,(
    (#1541,#1542)
    ,(#1543,#1544)
    ,(#1545,#1546
)),.UNSPECIFIED.,.F.,.F.,.F.) B_SPLINE_SURFACE_WITH_KNOTS((3,3),(2,2),(
    5.737146328241,6.253475696594),(-3.674061943109E-03,0.),
.PIECEWISE_BEZIER_KNOTS.) GEOMETRIC_REPRESENTATION_ITEM() 
RATIONAL_B_SPLINE_SURFACE((
    (1.,1.)
    ,(0.966860174289,0.966860174289)
,(1.,1.))) REPRESENTATION_ITEM('') SURFACE() );
#1541 = CARTESIAN_POINT('',(-5.964419537382,25.259370846917,
    21.117792509309));
#1542 = CARTESIAN_POINT('',(-5.964419537382,25.259370846917,
    17.4437305662));
#1543 = CARTESIAN_POINT('',(0.705501780306,26.83431937834,
    21.117792509309));
#1544 = CARTESIAN_POINT('',(0.705501780306,26.83431937834,17.4437305662)
  );
#1545 = CARTESIAN_POINT('',(7.283451905747,24.911070718391,
    21.117792509309));
#1546 = CARTESIAN_POINT('',(7.283451905747,24.911070718391,17.4437305662
    ));
#1547 = DEFINITIONAL_REPRESENTATION('',(#1548),#1552);
#1548 = B_SPLINE_CURVE_WITH_KNOTS('',2,(#1549,#1550,#1551),
  .UNSPECIFIED.,.F.,.F.,(3,3),(0.,3.674061943109E-03),
  .PIECEWISE_BEZIER_KNOTS.);
#1549 = CARTESIAN_POINT('',(5.737146328241,0.));
#1550 = CARTESIAN_POINT('',(5.737146328241,-1.837030971554E-03));
#1551 = CARTESIAN_POINT('',(5.737146328241,-3.674061943109E-03));
#1552 = ( GEOMETRIC_REPRESENTATION_CONTEXT(2) 
PARAMETRIC_REPRESENTATION_CONTEXT() REPRESENTATION_CONTEXT('2D SPACE',''
  ) );
#1553 = ORIENTED_EDGE('',*,*,#1554,.T.);
#1554 = EDGE_CURVE('',#1526,#1445,#1555,.T.);
#1555 = SURFACE_CURVE('',#1556,(#1560,#1567),.PCURVE_S1.);
#1556 = ( BOUNDED_CURVE() B_SPLINE_CURVE(2,(#1557,#1558,#1559),
.UNSPECIFIED.,.F.,.F.) B_SPLINE_CURVE_WITH_KNOTS((3,3),(0.546038978939,
2.198260087339),.PIECEWISE_BEZIER_KNOTS.) CURVE() 
GEOMETRIC_REPRESENTATION_ITEM() RATIONAL_B_SPLINE_CURVE((1.,
0.677740792224,1.)) REPRESENTATION_ITEM('') );
#1557 = CARTESIAN_POINT('',(-5.964419537382,25.259370846917,
    21.117792509309));
#1558 = CARTESIAN_POINT('',(-6.715664861464,25.081981539975,
    21.117792509309));
#1559 = CARTESIAN_POINT('',(-6.477760858749,24.347653147044,
    21.117792509309));
#1560 = PCURVE('',#1483,#1561);
#1561 = DEFINITIONAL_REPRESENTATION('',(#1562),#1566);
#1562 = B_SPLINE_CURVE_WITH_KNOTS('',2,(#1563,#1564,#1565),
  .UNSPECIFIED.,.F.,.F.,(3,3),(0.546038978939,2.198260087339),
  .PIECEWISE_BEZIER_KNOTS.);
#1563 = CARTESIAN_POINT('',(0.546038978939,-3.674061943109E-03));
#1564 = CARTESIAN_POINT('',(1.372149533139,-3.674061943109E-03));
#1565 = CARTESIAN_POINT('',(2.198260087339,-3.674061943109E-03));
#1566 = ( GEOMETRIC_REPRESENTATION_CONTEXT(2) 
PARAMETRIC_REPRESENTATION_CONTEXT() REPRESENTATION_CONTEXT('2D SPACE',''
  ) );
#1567 = PCURVE('',#1458,#1568);
#1568 = DEFINITIONAL_REPRESENTATION('',(#1569),#1573);
#1569 = ( BOUNDED_CURVE() B_SPLINE_CURVE(2,(#1570,#1571,#1572),
.UNSPECIFIED.,.F.,.F.) B_SPLINE_CURVE_WITH_KNOTS((3,3),(0.546038978939,
2.198260087339),.PIECEWISE_BEZIER_KNOTS.) CURVE() 
GEOMETRIC_REPRESENTATION_ITEM() RATIONAL_B_SPLINE_CURVE((1.,
0.677740792224,1.)) REPRESENTATION_ITEM('') );
#1570 = CARTESIAN_POINT('',(-3.349415787334E-03,7.902358303382E-03));
#1571 = CARTESIAN_POINT('',(-2.94856095896E-03,8.562018753721E-03));
#1572 = CARTESIAN_POINT('',(-2.32368953563E-03,8.108838648819E-03));
#1573 = ( GEOMETRIC_REPRESENTATION_CONTEXT(2) 
PARAMETRIC_REPRESENTATION_CONTEXT() REPRESENTATION_CONTEXT('2D SPACE',''
  ) );
#1574 = ORIENTED_EDGE('',*,*,#1469,.F.);
#1575 = ORIENTED_EDGE('',*,*,#1576,.F.);
#1576 = EDGE_CURVE('',#1524,#1470,#1577,.T.);
#1577 = SURFACE_CURVE('',#1578,(#1582,#1589),.PCURVE_S1.);
#1578 = ( BOUNDED_CURVE() B_SPLINE_CURVE(2,(#1579,#1580,#1581),
.UNSPECIFIED.,.F.,.F.) B_SPLINE_CURVE_WITH_KNOTS((3,3),(0.546038978939,
2.198260087339),.PIECEWISE_BEZIER_KNOTS.) CURVE() 
GEOMETRIC_REPRESENTATION_ITEM() RATIONAL_B_SPLINE_CURVE((1.,
0.677740792224,1.)) REPRESENTATION_ITEM('') );
#1579 = CARTESIAN_POINT('',(-5.964419537382,25.259370846917,
    17.4437305662));
#1580 = CARTESIAN_POINT('',(-6.715664861464,25.081981539975,
    17.4437305662));
#1581 = CARTESIAN_POINT('',(-6.477760858749,24.347653147044,
    17.4437305662));
#1582 = PCURVE('',#1483,#1583);
#1583 = DEFINITIONAL_REPRESENTATION('',(#1584),#1588);
#1584 = B_SPLINE_CURVE_WITH_KNOTS('',2,(#1585,#1586,#1587),
  .UNSPECIFIED.,.F.,.F.,(3,3),(0.546038978939,2.198260087339),
  .PIECEWISE_BEZIER_KNOTS.);
#1585 = CARTESIAN_POINT('',(0.546038978939,0.));
#1586 = CARTESIAN_POINT('',(1.372149533139,0.));
#1587 = CARTESIAN_POINT('',(2.198260087339,0.));
#1588 = ( GEOMETRIC_REPRESENTATION_CONTEXT(2) 
PARAMETRIC_REPRESENTATION_CONTEXT() REPRESENTATION_CONTEXT('2D SPACE',''
  ) );
#1589 = PCURVE('',#1509,#1590);
#1590 = DEFINITIONAL_REPRESENTATION('',(#1591),#1595);
#1591 = ( BOUNDED_CURVE() B_SPLINE_CURVE(2,(#1592,#1593,#1594),
.UNSPECIFIED.,.F.,.F.) B_SPLINE_CURVE_WITH_KNOTS((3,3),(0.546038978939,
2.198260087339),.PIECEWISE_BEZIER_KNOTS.) CURVE() 
GEOMETRIC_REPRESENTATION_ITEM() RATIONAL_B_SPLINE_CURVE((1.,
0.677740792224,1.)) REPRESENTATION_ITEM('') );
#1592 = CARTESIAN_POINT('',(-3.349415787334E-03,7.902358303382E-03));
#1593 = CARTESIAN_POINT('',(-2.94856095896E-03,8.562018753721E-03));
#1594 = CARTESIAN_POINT('',(-2.32368953563E-03,8.108838648819E-03));
#1595 = ( GEOMETRIC_REPRESENTATION_CONTEXT(2) 
PARAMETRIC_REPRESENTATION_CONTEXT() REPRESENTATION_CONTEXT('2D SPACE',''
  ) );
#1596 = ADVANCED_FACE('',(#1597),#1540,.T.);
#1597 = FACE_BOUND('',#1598,.T.);
#1598 = EDGE_LOOP('',(#1599,#1600,#1623,#1646,#1675));
#1599 = ORIENTED_EDGE('',*,*,#1523,.T.);
#1600 = ORIENTED_EDGE('',*,*,#1601,.T.);
#1601 = EDGE_CURVE('',#1526,#1602,#1604,.T.);
#1602 = VERTEX_POINT('',#1603);
#1603 = CARTESIAN_POINT('',(0.,25.954,21.117792509309));
#1604 = SURFACE_CURVE('',#1605,(#1609,#1616),.PCURVE_S1.);
#1605 = ( BOUNDED_CURVE() B_SPLINE_CURVE(2,(#1606,#1607,#1608),
.UNSPECIFIED.,.F.,.F.) B_SPLINE_CURVE_WITH_KNOTS((3,3),(5.737146328241,
5.969026041821),.PIECEWISE_BEZIER_KNOTS.) CURVE() 
GEOMETRIC_REPRESENTATION_ITEM() RATIONAL_B_SPLINE_CURVE((1.,
0.993286500128,1.)) REPRESENTATION_ITEM('') );
#1606 = CARTESIAN_POINT('',(-5.964419537382,25.259370846917,
    21.117792509309));
#1607 = CARTESIAN_POINT('',(-3.022658772763,25.954,21.117792509309));
#1608 = CARTESIAN_POINT('',(-2.949029909161E-14,25.954,21.117792509309)
  );
#1609 = PCURVE('',#1540,#1610);
#1610 = DEFINITIONAL_REPRESENTATION('',(#1611),#1615);
#1611 = B_SPLINE_CURVE_WITH_KNOTS('',2,(#1612,#1613,#1614),
  .UNSPECIFIED.,.F.,.F.,(3,3),(5.737146328241,5.969026041821),
  .PIECEWISE_BEZIER_KNOTS.);
#1612 = CARTESIAN_POINT('',(5.737146328241,-3.674061943109E-03));
#1613 = CARTESIAN_POINT('',(5.854117694565,-3.674061943109E-03));
#1614 = CARTESIAN_POINT('',(5.969170688126,-3.674061943109E-03));
#1615 = ( GEOMETRIC_REPRESENTATION_CONTEXT(2) 
PARAMETRIC_REPRESENTATION_CONTEXT() REPRESENTATION_CONTEXT('2D SPACE',''
  ) );
#1616 = PCURVE('',#1458,#1617);
#1617 = DEFINITIONAL_REPRESENTATION('',(#1618),#1622);
#1618 = ( BOUNDED_CURVE() B_SPLINE_CURVE(2,(#1619,#1620,#1621),
.UNSPECIFIED.,.F.,.F.) B_SPLINE_CURVE_WITH_KNOTS((3,3),(5.737146328241,
5.969026041821),.PIECEWISE_BEZIER_KNOTS.) CURVE() 
GEOMETRIC_REPRESENTATION_ITEM() RATIONAL_B_SPLINE_CURVE((1.,
0.993286500128,1.)) REPRESENTATION_ITEM('') );
#1619 = CARTESIAN_POINT('',(-3.349415787334E-03,7.902358303382E-03));
#1620 = CARTESIAN_POINT('',(-4.919101439435E-03,5.319229771901E-03));
#1621 = CARTESIAN_POINT('',(-5.853154368415E-03,2.444510449528E-03));
#1622 = ( GEOMETRIC_REPRESENTATION_CONTEXT(2) 
PARAMETRIC_REPRESENTATION_CONTEXT() REPRESENTATION_CONTEXT('2D SPACE',''
  ) );
#1623 = ORIENTED_EDGE('',*,*,#1624,.T.);
#1624 = EDGE_CURVE('',#1602,#1625,#1627,.T.);
#1625 = VERTEX_POINT('',#1626);
#1626 = CARTESIAN_POINT('',(7.283451905747,24.911070718391,
    21.117792509309));
#1627 = SURFACE_CURVE('',#1628,(#1632,#1639),.PCURVE_S1.);
#1628 = ( BOUNDED_CURVE() B_SPLINE_CURVE(2,(#1629,#1630,#1631),
.UNSPECIFIED.,.F.,.F.) B_SPLINE_CURVE_WITH_KNOTS((3,3),(5.969026041821,
6.253475696594),.PIECEWISE_BEZIER_KNOTS.) CURVE() 
GEOMETRIC_REPRESENTATION_ITEM() RATIONAL_B_SPLINE_CURVE((1.,
0.989903086413,1.)) REPRESENTATION_ITEM('') );
#1629 = CARTESIAN_POINT('',(-2.949029909161E-14,25.954,21.117792509309)
  );
#1630 = CARTESIAN_POINT('',(3.716395319852,25.954,21.117792509309));
#1631 = CARTESIAN_POINT('',(7.283451905747,24.911070718391,
    21.117792509309));
#1632 = PCURVE('',#1540,#1633);
#1633 = DEFINITIONAL_REPRESENTATION('',(#1634),#1638);
#1634 = B_SPLINE_CURVE_WITH_KNOTS('',2,(#1635,#1636,#1637),
  .UNSPECIFIED.,.F.,.F.,(3,3),(5.969026041821,6.253475696594),
  .PIECEWISE_BEZIER_KNOTS.);
#1635 = CARTESIAN_POINT('',(5.969170688126,-3.674061943109E-03));
#1636 = CARTESIAN_POINT('',(6.110147878299,-3.674061943109E-03));
#1637 = CARTESIAN_POINT('',(6.253475696594,-3.674061943109E-03));
#1638 = ( GEOMETRIC_REPRESENTATION_CONTEXT(2) 
PARAMETRIC_REPRESENTATION_CONTEXT() REPRESENTATION_CONTEXT('2D SPACE',''
  ) );
#1639 = PCURVE('',#1458,#1640);
#1640 = DEFINITIONAL_REPRESENTATION('',(#1641),#1645);
#1641 = ( BOUNDED_CURVE() B_SPLINE_CURVE(2,(#1642,#1643,#1644),
.UNSPECIFIED.,.F.,.F.) B_SPLINE_CURVE_WITH_KNOTS((3,3),(5.969026041821,
6.253475696594),.PIECEWISE_BEZIER_KNOTS.) CURVE() 
GEOMETRIC_REPRESENTATION_ITEM() RATIONAL_B_SPLINE_CURVE((1.,
0.989903086413,1.)) REPRESENTATION_ITEM('') );
#1642 = CARTESIAN_POINT('',(-5.853154368415E-03,2.444510449528E-03));
#1643 = CARTESIAN_POINT('',(-7.001583680065E-03,-1.089991536546E-03));
#1644 = CARTESIAN_POINT('',(-7.111980095694E-03,-4.804746818504E-03));
#1645 = ( GEOMETRIC_REPRESENTATION_CONTEXT(2) 
PARAMETRIC_REPRESENTATION_CONTEXT() REPRESENTATION_CONTEXT('2D SPACE',''
  ) );
#1646 = ORIENTED_EDGE('',*,*,#1647,.F.);
#1647 = EDGE_CURVE('',#1648,#1625,#1650,.T.);
#1648 = VERTEX_POINT('',#1649);
#1649 = CARTESIAN_POINT('',(7.283451905747,24.911070718391,17.4437305662
    ));
#1650 = SURFACE_CURVE('',#1651,(#1654,#1661),.PCURVE_S1.);
#1651 = B_SPLINE_CURVE_WITH_KNOTS('',1,(#1652,#1653),.UNSPECIFIED.,.F.,
  .F.,(2,2),(0.,3.674061943109E-03),.PIECEWISE_BEZIER_KNOTS.);
#1652 = CARTESIAN_POINT('',(7.283451905747,24.911070718391,17.4437305662
    ));
#1653 = CARTESIAN_POINT('',(7.283451905747,24.911070718391,
    21.117792509309));
#1654 = PCURVE('',#1540,#1655);
#1655 = DEFINITIONAL_REPRESENTATION('',(#1656),#1660);
#1656 = B_SPLINE_CURVE_WITH_KNOTS('',2,(#1657,#1658,#1659),
  .UNSPECIFIED.,.F.,.F.,(3,3),(0.,3.674061943109E-03),
  .PIECEWISE_BEZIER_KNOTS.);
#1657 = CARTESIAN_POINT('',(6.253475696594,0.));
#1658 = CARTESIAN_POINT('',(6.253475696594,-1.837030971554E-03));
#1659 = CARTESIAN_POINT('',(6.253475696594,-3.674061943109E-03));
#1660 = ( GEOMETRIC_REPRESENTATION_CONTEXT(2) 
PARAMETRIC_REPRESENTATION_CONTEXT() REPRESENTATION_CONTEXT('2D SPACE',''
  ) );
#1661 = PCURVE('',#1662,#1669);
#1662 = ( BOUNDED_SURFACE() B_SPLINE_SURFACE(2,1,(
    (#1663,#1664)
    ,(#1665,#1666)
    ,(#1667,#1668
)),.UNSPECIFIED.,.F.,.F.,.F.) B_SPLINE_SURFACE_WITH_KNOTS((3,3),(2,2),(
    4.660673809365,6.312894917766),(-3.674061943109E-03,0.),
.PIECEWISE_BEZIER_KNOTS.) GEOMETRIC_REPRESENTATION_ITEM() 
RATIONAL_B_SPLINE_SURFACE((
    (1.,1.)
    ,(0.677740792224,0.677740792224)
,(1.,1.))) REPRESENTATION_ITEM('') SURFACE() );
#1663 = CARTESIAN_POINT('',(7.748177182896,23.973638644443,
    21.117792509309));
#1664 = CARTESIAN_POINT('',(7.748177182896,23.973638644443,17.4437305662
    ));
#1665 = CARTESIAN_POINT('',(8.024338347792,24.694451736844,
    21.117792509309));
#1666 = CARTESIAN_POINT('',(8.024338347792,24.694451736844,17.4437305662
    ));
#1667 = CARTESIAN_POINT('',(7.283451905747,24.911070718391,
    21.117792509309));
#1668 = CARTESIAN_POINT('',(7.283451905747,24.911070718391,17.4437305662
    ));
#1669 = DEFINITIONAL_REPRESENTATION('',(#1670),#1674);
#1670 = B_SPLINE_CURVE_WITH_KNOTS('',2,(#1671,#1672,#1673),
  .UNSPECIFIED.,.F.,.F.,(3,3),(0.,3.674061943109E-03),
  .PIECEWISE_BEZIER_KNOTS.);
#1671 = CARTESIAN_POINT('',(6.312894917766,0.));
#1672 = CARTESIAN_POINT('',(6.312894917766,-1.837030971554E-03));
#1673 = CARTESIAN_POINT('',(6.312894917766,-3.674061943109E-03));
#1674 = ( GEOMETRIC_REPRESENTATION_CONTEXT(2) 
PARAMETRIC_REPRESENTATION_CONTEXT() REPRESENTATION_CONTEXT('2D SPACE',''
  ) );
#1675 = ORIENTED_EDGE('',*,*,#1676,.F.);
#1676 = EDGE_CURVE('',#1524,#1648,#1677,.T.);
#1677 = SURFACE_CURVE('',#1678,(#1682,#1689),.PCURVE_S1.);
#1678 = ( BOUNDED_CURVE() B_SPLINE_CURVE(2,(#1679,#1680,#1681),
.UNSPECIFIED.,.F.,.F.) B_SPLINE_CURVE_WITH_KNOTS((3,3),(5.737146328241,
6.253475696594),.PIECEWISE_BEZIER_KNOTS.) CURVE() 
GEOMETRIC_REPRESENTATION_ITEM() RATIONAL_B_SPLINE_CURVE((1.,
0.966860174289,1.)) REPRESENTATION_ITEM('') );
#1679 = CARTESIAN_POINT('',(-5.964419537382,25.259370846917,
    17.4437305662));
#1680 = CARTESIAN_POINT('',(0.705501780306,26.83431937834,17.4437305662)
  );
#1681 = CARTESIAN_POINT('',(7.283451905747,24.911070718391,17.4437305662
    ));
#1682 = PCURVE('',#1540,#1683);
#1683 = DEFINITIONAL_REPRESENTATION('',(#1684),#1688);
#1684 = B_SPLINE_CURVE_WITH_KNOTS('',2,(#1685,#1686,#1687),
  .UNSPECIFIED.,.F.,.F.,(3,3),(5.737146328241,6.253475696594),
  .PIECEWISE_BEZIER_KNOTS.);
#1685 = CARTESIAN_POINT('',(5.737146328241,0.));
#1686 = CARTESIAN_POINT('',(5.995311012417,0.));
#1687 = CARTESIAN_POINT('',(6.253475696594,0.));
#1688 = ( GEOMETRIC_REPRESENTATION_CONTEXT(2) 
PARAMETRIC_REPRESENTATION_CONTEXT() REPRESENTATION_CONTEXT('2D SPACE',''
  ) );
#1689 = PCURVE('',#1509,#1690);
#1690 = DEFINITIONAL_REPRESENTATION('',(#1691),#1695);
#1691 = ( BOUNDED_CURVE() B_SPLINE_CURVE(2,(#1692,#1693,#1694),
.UNSPECIFIED.,.F.,.F.) B_SPLINE_CURVE_WITH_KNOTS((3,3),(5.737146328241,
6.253475696594),.PIECEWISE_BEZIER_KNOTS.) CURVE() 
GEOMETRIC_REPRESENTATION_ITEM() RATIONAL_B_SPLINE_CURVE((1.,
0.966860174289,1.)) REPRESENTATION_ITEM('') );
#1692 = CARTESIAN_POINT('',(-3.349415787334E-03,7.902358303382E-03));
#1693 = CARTESIAN_POINT('',(-6.908399889283E-03,2.045572032494E-03));
#1694 = CARTESIAN_POINT('',(-7.111980095694E-03,-4.804746818504E-03));
#1695 = ( GEOMETRIC_REPRESENTATION_CONTEXT(2) 
PARAMETRIC_REPRESENTATION_CONTEXT() REPRESENTATION_CONTEXT('2D SPACE',''
  ) );
#1696 = ADVANCED_FACE('',(#1697),#1662,.F.);
#1697 = FACE_BOUND('',#1698,.F.);
#1698 = EDGE_LOOP('',(#1699,#1727,#1748,#1749));
#1699 = ORIENTED_EDGE('',*,*,#1700,.T.);
#1700 = EDGE_CURVE('',#1701,#1703,#1705,.T.);
#1701 = VERTEX_POINT('',#1702);
#1702 = CARTESIAN_POINT('',(7.748177182896,23.973638644443,17.4437305662
    ));
#1703 = VERTEX_POINT('',#1704);
#1704 = CARTESIAN_POINT('',(7.748177182896,23.973638644443,
    21.117792509309));
#1705 = SURFACE_CURVE('',#1706,(#1709,#1716),.PCURVE_S1.);
#1706 = B_SPLINE_CURVE_WITH_KNOTS('',1,(#1707,#1708),.UNSPECIFIED.,.F.,
  .F.,(2,2),(0.,3.674061943109E-03),.PIECEWISE_BEZIER_KNOTS.);
#1707 = CARTESIAN_POINT('',(7.748177182896,23.973638644443,17.4437305662
    ));
#1708 = CARTESIAN_POINT('',(7.748177182896,23.973638644443,
    21.117792509309));
#1709 = PCURVE('',#1662,#1710);
#1710 = DEFINITIONAL_REPRESENTATION('',(#1711),#1715);
#1711 = B_SPLINE_CURVE_WITH_KNOTS('',2,(#1712,#1713,#1714),
  .UNSPECIFIED.,.F.,.F.,(3,3),(0.,3.674061943109E-03),
  .PIECEWISE_BEZIER_KNOTS.);
#1712 = CARTESIAN_POINT('',(4.660673809365,0.));
#1713 = CARTESIAN_POINT('',(4.660673809365,-1.837030971554E-03));
#1714 = CARTESIAN_POINT('',(4.660673809365,-3.674061943109E-03));
#1715 = ( GEOMETRIC_REPRESENTATION_CONTEXT(2) 
PARAMETRIC_REPRESENTATION_CONTEXT() REPRESENTATION_CONTEXT('2D SPACE',''
  ) );
#1716 = PCURVE('',#1717,#1722);
#1717 = B_SPLINE_SURFACE_WITH_KNOTS('',1,1,(
    (#1718,#1719)
    ,(#1720,#1721
    )),.UNSPECIFIED.,.F.,.F.,.F.,(2,2),(2,2),(0.,1.315996021184E-02),(
    -3.674061943109E-03,0.),.PIECEWISE_BEZIER_KNOTS.);
#1718 = CARTESIAN_POINT('',(7.748177182896,23.973638644443,
    21.117792509309));
#1719 = CARTESIAN_POINT('',(7.748177182896,23.973638644443,17.4437305662
    ));
#1720 = CARTESIAN_POINT('',(3.039990993261,11.684719425047,
    21.117792509309));
#1721 = CARTESIAN_POINT('',(3.039990993261,11.684719425047,17.4437305662
    ));
#1722 = DEFINITIONAL_REPRESENTATION('',(#1723),#1726);
#1723 = B_SPLINE_CURVE_WITH_KNOTS('',1,(#1724,#1725),.UNSPECIFIED.,.F.,
  .F.,(2,2),(0.,3.674061943109E-03),.PIECEWISE_BEZIER_KNOTS.);
#1724 = CARTESIAN_POINT('',(0.,0.));
#1725 = CARTESIAN_POINT('',(0.,-3.674061943109E-03));
#1726 = ( GEOMETRIC_REPRESENTATION_CONTEXT(2) 
PARAMETRIC_REPRESENTATION_CONTEXT() REPRESENTATION_CONTEXT('2D SPACE',''
  ) );
#1727 = ORIENTED_EDGE('',*,*,#1728,.T.);
#1728 = EDGE_CURVE('',#1703,#1625,#1729,.T.);
#1729 = SURFACE_CURVE('',#1730,(#1734,#1741),.PCURVE_S1.);
#1730 = ( BOUNDED_CURVE() B_SPLINE_CURVE(2,(#1731,#1732,#1733),
.UNSPECIFIED.,.F.,.F.) B_SPLINE_CURVE_WITH_KNOTS((3,3),(4.660673809365,
6.312894917766),.PIECEWISE_BEZIER_KNOTS.) CURVE() 
GEOMETRIC_REPRESENTATION_ITEM() RATIONAL_B_SPLINE_CURVE((1.,
0.677740792224,1.)) REPRESENTATION_ITEM('') );
#1731 = CARTESIAN_POINT('',(7.748177182896,23.973638644443,
    21.117792509309));
#1732 = CARTESIAN_POINT('',(8.024338347792,24.694451736844,
    21.117792509309));
#1733 = CARTESIAN_POINT('',(7.283451905747,24.911070718391,
    21.117792509309));
#1734 = PCURVE('',#1662,#1735);
#1735 = DEFINITIONAL_REPRESENTATION('',(#1736),#1740);
#1736 = B_SPLINE_CURVE_WITH_KNOTS('',2,(#1737,#1738,#1739),
  .UNSPECIFIED.,.F.,.F.,(3,3),(4.660673809365,6.312894917766),
  .PIECEWISE_BEZIER_KNOTS.);
#1737 = CARTESIAN_POINT('',(4.660673809365,-3.674061943109E-03));
#1738 = CARTESIAN_POINT('',(5.486784363566,-3.674061943109E-03));
#1739 = CARTESIAN_POINT('',(6.312894917766,-3.674061943109E-03));
#1740 = ( GEOMETRIC_REPRESENTATION_CONTEXT(2) 
PARAMETRIC_REPRESENTATION_CONTEXT() REPRESENTATION_CONTEXT('2D SPACE',''
  ) );
#1741 = PCURVE('',#1458,#1742);
#1742 = DEFINITIONAL_REPRESENTATION('',(#1743),#1747);
#1743 = ( BOUNDED_CURVE() B_SPLINE_CURVE(2,(#1744,#1745,#1746),
.UNSPECIFIED.,.F.,.F.) B_SPLINE_CURVE_WITH_KNOTS((3,3),(4.660673809365,
6.312894917766),.PIECEWISE_BEZIER_KNOTS.) CURVE() 
GEOMETRIC_REPRESENTATION_ITEM() RATIONAL_B_SPLINE_CURVE((1.,
0.677740792224,1.)) REPRESENTATION_ITEM('') );
#1744 = CARTESIAN_POINT('',(-6.364037221537E-03,-5.536409263545E-03));
#1745 = CARTESIAN_POINT('',(-7.134909703235E-03,-5.576310643648E-03));
#1746 = CARTESIAN_POINT('',(-7.111980095694E-03,-4.804746818504E-03));
#1747 = ( GEOMETRIC_REPRESENTATION_CONTEXT(2) 
PARAMETRIC_REPRESENTATION_CONTEXT() REPRESENTATION_CONTEXT('2D SPACE',''
  ) );
#1748 = ORIENTED_EDGE('',*,*,#1647,.F.);
#1749 = ORIENTED_EDGE('',*,*,#1750,.F.);
#1750 = EDGE_CURVE('',#1701,#1648,#1751,.T.);
#1751 = SURFACE_CURVE('',#1752,(#1756,#1763),.PCURVE_S1.);
#1752 = ( BOUNDED_CURVE() B_SPLINE_CURVE(2,(#1753,#1754,#1755),
.UNSPECIFIED.,.F.,.F.) B_SPLINE_CURVE_WITH_KNOTS((3,3),(4.660673809365,
6.312894917766),.PIECEWISE_BEZIER_KNOTS.) CURVE() 
GEOMETRIC_REPRESENTATION_ITEM() RATIONAL_B_SPLINE_CURVE((1.,
0.677740792224,1.)) REPRESENTATION_ITEM('') );
#1753 = CARTESIAN_POINT('',(7.748177182896,23.973638644443,17.4437305662
    ));
#1754 = CARTESIAN_POINT('',(8.024338347792,24.694451736844,17.4437305662
    ));
#1755 = CARTESIAN_POINT('',(7.283451905747,24.911070718391,17.4437305662
    ));
#1756 = PCURVE('',#1662,#1757);
#1757 = DEFINITIONAL_REPRESENTATION('',(#1758),#1762);
#1758 = B_SPLINE_CURVE_WITH_KNOTS('',2,(#1759,#1760,#1761),
  .UNSPECIFIED.,.F.,.F.,(3,3),(4.660673809365,6.312894917766),
  .PIECEWISE_BEZIER_KNOTS.);
#1759 = CARTESIAN_POINT('',(4.660673809365,0.));
#1760 = CARTESIAN_POINT('',(5.486784363566,0.));
#1761 = CARTESIAN_POINT('',(6.312894917766,0.));
#1762 = ( GEOMETRIC_REPRESENTATION_CONTEXT(2) 
PARAMETRIC_REPRESENTATION_CONTEXT() REPRESENTATION_CONTEXT('2D SPACE',''
  ) );
#1763 = PCURVE('',#1509,#1764);
#1764 = DEFINITIONAL_REPRESENTATION('',(#1765),#1769);
#1765 = ( BOUNDED_CURVE() B_SPLINE_CURVE(2,(#1766,#1767,#1768),
.UNSPECIFIED.,.F.,.F.) B_SPLINE_CURVE_WITH_KNOTS((3,3),(4.660673809365,
6.312894917766),.PIECEWISE_BEZIER_KNOTS.) CURVE() 
GEOMETRIC_REPRESENTATION_ITEM() RATIONAL_B_SPLINE_CURVE((1.,
0.677740792224,1.)) REPRESENTATION_ITEM('') );
#1766 = CARTESIAN_POINT('',(-6.364037221537E-03,-5.536409263545E-03));
#1767 = CARTESIAN_POINT('',(-7.134909703235E-03,-5.576310643648E-03));
#1768 = CARTESIAN_POINT('',(-7.111980095694E-03,-4.804746818504E-03));
#1769 = ( GEOMETRIC_REPRESENTATION_CONTEXT(2) 
PARAMETRIC_REPRESENTATION_CONTEXT() REPRESENTATION_CONTEXT('2D SPACE',''
  ) );
#1770 = ADVANCED_FACE('',(#1771),#1717,.T.);
#1771 = FACE_BOUND('',#1772,.T.);
#1772 = EDGE_LOOP('',(#1773,#1774,#1794,#1822));
#1773 = ORIENTED_EDGE('',*,*,#1700,.T.);
#1774 = ORIENTED_EDGE('',*,*,#1775,.T.);
#1775 = EDGE_CURVE('',#1703,#1776,#1778,.T.);
#1776 = VERTEX_POINT('',#1777);
#1777 = CARTESIAN_POINT('',(3.039990993261,11.684719425047,
    21.117792509309));
#1778 = SURFACE_CURVE('',#1779,(#1782,#1788),.PCURVE_S1.);
#1779 = B_SPLINE_CURVE_WITH_KNOTS('',1,(#1780,#1781),.UNSPECIFIED.,.F.,
  .F.,(2,2),(7.604129429344E-04,1.392037315477E-02),
  .PIECEWISE_BEZIER_KNOTS.);
#1780 = CARTESIAN_POINT('',(7.748177182896,23.973638644443,
    21.117792509309));
#1781 = CARTESIAN_POINT('',(3.039990993261,11.684719425047,
    21.117792509309));
#1782 = PCURVE('',#1717,#1783);
#1783 = DEFINITIONAL_REPRESENTATION('',(#1784),#1787);
#1784 = B_SPLINE_CURVE_WITH_KNOTS('',1,(#1785,#1786),.UNSPECIFIED.,.F.,
  .F.,(2,2),(7.604129429344E-04,1.392037315477E-02),
  .PIECEWISE_BEZIER_KNOTS.);
#1785 = CARTESIAN_POINT('',(0.,-3.674061943109E-03));
#1786 = CARTESIAN_POINT('',(1.315996021184E-02,-3.674061943109E-03));
#1787 = ( GEOMETRIC_REPRESENTATION_CONTEXT(2) 
PARAMETRIC_REPRESENTATION_CONTEXT() REPRESENTATION_CONTEXT('2D SPACE',''
  ) );
#1788 = PCURVE('',#1458,#1789);
#1789 = DEFINITIONAL_REPRESENTATION('',(#1790),#1793);
#1790 = B_SPLINE_CURVE_WITH_KNOTS('',1,(#1791,#1792),.UNSPECIFIED.,.F.,
  .F.,(2,2),(7.604129429344E-04,1.392037315477E-02),
  .PIECEWISE_BEZIER_KNOTS.);
#1791 = CARTESIAN_POINT('',(-6.364037221537E-03,-5.536409263545E-03));
#1792 = CARTESIAN_POINT('',(6.778329025574E-03,-4.856142989256E-03));
#1793 = ( GEOMETRIC_REPRESENTATION_CONTEXT(2) 
PARAMETRIC_REPRESENTATION_CONTEXT() REPRESENTATION_CONTEXT('2D SPACE',''
  ) );
#1794 = ORIENTED_EDGE('',*,*,#1795,.F.);
#1795 = EDGE_CURVE('',#1796,#1776,#1798,.T.);
#1796 = VERTEX_POINT('',#1797);
#1797 = CARTESIAN_POINT('',(3.039990993261,11.684719425047,17.4437305662
    ));
#1798 = SURFACE_CURVE('',#1799,(#1802,#1808),.PCURVE_S1.);
#1799 = B_SPLINE_CURVE_WITH_KNOTS('',1,(#1800,#1801),.UNSPECIFIED.,.F.,
  .F.,(2,2),(0.,3.674061943109E-03),.PIECEWISE_BEZIER_KNOTS.);
#1800 = CARTESIAN_POINT('',(3.039990993261,11.684719425047,17.4437305662
    ));
#1801 = CARTESIAN_POINT('',(3.039990993261,11.684719425047,
    21.117792509309));
#1802 = PCURVE('',#1717,#1803);
#1803 = DEFINITIONAL_REPRESENTATION('',(#1804),#1807);
#1804 = B_SPLINE_CURVE_WITH_KNOTS('',1,(#1805,#1806),.UNSPECIFIED.,.F.,
  .F.,(2,2),(0.,3.674061943109E-03),.PIECEWISE_BEZIER_KNOTS.);
#1805 = CARTESIAN_POINT('',(1.315996021184E-02,0.));
#1806 = CARTESIAN_POINT('',(1.315996021184E-02,-3.674061943109E-03));
#1807 = ( GEOMETRIC_REPRESENTATION_CONTEXT(2) 
PARAMETRIC_REPRESENTATION_CONTEXT() REPRESENTATION_CONTEXT('2D SPACE',''
  ) );
#1808 = PCURVE('',#1809,#1816);
#1809 = ( BOUNDED_SURFACE() B_SPLINE_SURFACE(2,1,(
    (#1810,#1811)
    ,(#1812,#1813)
    ,(#1814,#1815
)),.UNSPECIFIED.,.F.,.F.,.F.) B_SPLINE_SURFACE_WITH_KNOTS((3,3),(2,2),(
    4.764104151404,6.173604429653),(-3.674061943109E-03,0.),
.PIECEWISE_BEZIER_KNOTS.) GEOMETRIC_REPRESENTATION_ITEM() 
RATIONAL_B_SPLINE_SURFACE((
    (1.,1.)
    ,(0.761773446286,0.761773446286)
,(1.,1.))) REPRESENTATION_ITEM('') SURFACE() );
#1810 = CARTESIAN_POINT('',(3.039990993261,11.684719425047,
    21.117792509309));
#1811 = CARTESIAN_POINT('',(3.039990993261,11.684719425047,17.4437305662
    ));
#1812 = CARTESIAN_POINT('',(2.85417314134,11.199712995863,
    21.117792509309));
#1813 = CARTESIAN_POINT('',(2.85417314134,11.199712995863,17.4437305662)
  );
#1814 = CARTESIAN_POINT('',(2.345620215168,11.305228074046,
    21.117792509309));
#1815 = CARTESIAN_POINT('',(2.345620215168,11.305228074046,17.4437305662
    ));
#1816 = DEFINITIONAL_REPRESENTATION('',(#1817),#1821);
#1817 = B_SPLINE_CURVE_WITH_KNOTS('',2,(#1818,#1819,#1820),
  .UNSPECIFIED.,.F.,.F.,(3,3),(0.,3.674061943109E-03),
  .PIECEWISE_BEZIER_KNOTS.);
#1818 = CARTESIAN_POINT('',(4.764104151404,0.));
#1819 = CARTESIAN_POINT('',(4.764104151404,-1.837030971554E-03));
#1820 = CARTESIAN_POINT('',(4.764104151404,-3.674061943109E-03));
#1821 = ( GEOMETRIC_REPRESENTATION_CONTEXT(2) 
PARAMETRIC_REPRESENTATION_CONTEXT() REPRESENTATION_CONTEXT('2D SPACE',''
  ) );
#1822 = ORIENTED_EDGE('',*,*,#1823,.F.);
#1823 = EDGE_CURVE('',#1701,#1796,#1824,.T.);
#1824 = SURFACE_CURVE('',#1825,(#1828,#1834),.PCURVE_S1.);
#1825 = B_SPLINE_CURVE_WITH_KNOTS('',1,(#1826,#1827),.UNSPECIFIED.,.F.,
  .F.,(2,2),(7.604129429344E-04,1.392037315477E-02),
  .PIECEWISE_BEZIER_KNOTS.);
#1826 = CARTESIAN_POINT('',(7.748177182896,23.973638644443,17.4437305662
    ));
#1827 = CARTESIAN_POINT('',(3.039990993261,11.684719425047,17.4437305662
    ));
#1828 = PCURVE('',#1717,#1829);
#1829 = DEFINITIONAL_REPRESENTATION('',(#1830),#1833);
#1830 = B_SPLINE_CURVE_WITH_KNOTS('',1,(#1831,#1832),.UNSPECIFIED.,.F.,
  .F.,(2,2),(7.604129429344E-04,1.392037315477E-02),
  .PIECEWISE_BEZIER_KNOTS.);
#1831 = CARTESIAN_POINT('',(0.,0.));
#1832 = CARTESIAN_POINT('',(1.315996021184E-02,0.));
#1833 = ( GEOMETRIC_REPRESENTATION_CONTEXT(2) 
PARAMETRIC_REPRESENTATION_CONTEXT() REPRESENTATION_CONTEXT('2D SPACE',''
  ) );
#1834 = PCURVE('',#1509,#1835);
#1835 = DEFINITIONAL_REPRESENTATION('',(#1836),#1839);
#1836 = B_SPLINE_CURVE_WITH_KNOTS('',1,(#1837,#1838),.UNSPECIFIED.,.F.,
  .F.,(2,2),(7.604129429344E-04,1.392037315477E-02),
  .PIECEWISE_BEZIER_KNOTS.);
#1837 = CARTESIAN_POINT('',(-6.364037221537E-03,-5.536409263545E-03));
#1838 = CARTESIAN_POINT('',(6.778329025574E-03,-4.856142989256E-03));
#1839 = ( GEOMETRIC_REPRESENTATION_CONTEXT(2) 
PARAMETRIC_REPRESENTATION_CONTEXT() REPRESENTATION_CONTEXT('2D SPACE',''
  ) );
#1840 = ADVANCED_FACE('',(#1841),#1809,.T.);
#1841 = FACE_BOUND('',#1842,.T.);
#1842 = EDGE_LOOP('',(#1843,#1844,#1867,#1896));
#1843 = ORIENTED_EDGE('',*,*,#1795,.T.);
#1844 = ORIENTED_EDGE('',*,*,#1845,.T.);
#1845 = EDGE_CURVE('',#1776,#1846,#1848,.T.);
#1846 = VERTEX_POINT('',#1847);
#1847 = CARTESIAN_POINT('',(2.345620215168,11.305228074046,
    21.117792509309));
#1848 = SURFACE_CURVE('',#1849,(#1853,#1860),.PCURVE_S1.);
#1849 = ( BOUNDED_CURVE() B_SPLINE_CURVE(2,(#1850,#1851,#1852),
.UNSPECIFIED.,.F.,.F.) B_SPLINE_CURVE_WITH_KNOTS((3,3),(4.764104151404,
6.173604429653),.PIECEWISE_BEZIER_KNOTS.) CURVE() 
GEOMETRIC_REPRESENTATION_ITEM() RATIONAL_B_SPLINE_CURVE((1.,
0.761773446286,1.)) REPRESENTATION_ITEM('') );
#1850 = CARTESIAN_POINT('',(3.039990993261,11.684719425047,
    21.117792509309));
#1851 = CARTESIAN_POINT('',(2.85417314134,11.199712995863,
    21.117792509309));
#1852 = CARTESIAN_POINT('',(2.345620215168,11.305228074046,
    21.117792509309));
#1853 = PCURVE('',#1809,#1854);
#1854 = DEFINITIONAL_REPRESENTATION('',(#1855),#1859);
#1855 = B_SPLINE_CURVE_WITH_KNOTS('',2,(#1856,#1857,#1858),
  .UNSPECIFIED.,.F.,.F.,(3,3),(4.764104151404,6.173604429653),
  .PIECEWISE_BEZIER_KNOTS.);
#1856 = CARTESIAN_POINT('',(4.764104151404,-3.674061943109E-03));
#1857 = CARTESIAN_POINT('',(5.468854290529,-3.674061943109E-03));
#1858 = CARTESIAN_POINT('',(6.173604429653,-3.674061943109E-03));
#1859 = ( GEOMETRIC_REPRESENTATION_CONTEXT(2) 
PARAMETRIC_REPRESENTATION_CONTEXT() REPRESENTATION_CONTEXT('2D SPACE',''
  ) );
#1860 = PCURVE('',#1458,#1861);
#1861 = DEFINITIONAL_REPRESENTATION('',(#1862),#1866);
#1862 = ( BOUNDED_CURVE() B_SPLINE_CURVE(2,(#1863,#1864,#1865),
.UNSPECIFIED.,.F.,.F.) B_SPLINE_CURVE_WITH_KNOTS((3,3),(4.764104151404,
6.173604429653),.PIECEWISE_BEZIER_KNOTS.) CURVE() 
GEOMETRIC_REPRESENTATION_ITEM() RATIONAL_B_SPLINE_CURVE((1.,
0.761773446286,1.)) REPRESENTATION_ITEM('') );
#1863 = CARTESIAN_POINT('',(6.778329025574E-03,-4.856142989256E-03));
#1864 = CARTESIAN_POINT('',(7.297018424596E-03,-4.829294939343E-03));
#1865 = CARTESIAN_POINT('',(7.353819118649E-03,-4.313026412704E-03));
#1866 = ( GEOMETRIC_REPRESENTATION_CONTEXT(2) 
PARAMETRIC_REPRESENTATION_CONTEXT() REPRESENTATION_CONTEXT('2D SPACE',''
  ) );
#1867 = ORIENTED_EDGE('',*,*,#1868,.F.);
#1868 = EDGE_CURVE('',#1869,#1846,#1871,.T.);
#1869 = VERTEX_POINT('',#1870);
#1870 = CARTESIAN_POINT('',(2.345620215168,11.305228074046,17.4437305662
    ));
#1871 = SURFACE_CURVE('',#1872,(#1875,#1882),.PCURVE_S1.);
#1872 = B_SPLINE_CURVE_WITH_KNOTS('',1,(#1873,#1874),.UNSPECIFIED.,.F.,
  .F.,(2,2),(0.,3.674061943109E-03),.PIECEWISE_BEZIER_KNOTS.);
#1873 = CARTESIAN_POINT('',(2.345620215168,11.305228074046,17.4437305662
    ));
#1874 = CARTESIAN_POINT('',(2.345620215168,11.305228074046,
    21.117792509309));
#1875 = PCURVE('',#1809,#1876);
#1876 = DEFINITIONAL_REPRESENTATION('',(#1877),#1881);
#1877 = B_SPLINE_CURVE_WITH_KNOTS('',2,(#1878,#1879,#1880),
  .UNSPECIFIED.,.F.,.F.,(3,3),(0.,3.674061943109E-03),
  .PIECEWISE_BEZIER_KNOTS.);
#1878 = CARTESIAN_POINT('',(6.173604429653,0.));
#1879 = CARTESIAN_POINT('',(6.173604429653,-1.837030971554E-03));
#1880 = CARTESIAN_POINT('',(6.173604429653,-3.674061943109E-03));
#1881 = ( GEOMETRIC_REPRESENTATION_CONTEXT(2) 
PARAMETRIC_REPRESENTATION_CONTEXT() REPRESENTATION_CONTEXT('2D SPACE',''
  ) );
#1882 = PCURVE('',#1883,#1890);
#1883 = ( BOUNDED_SURFACE() B_SPLINE_SURFACE(2,1,(
    (#1884,#1885)
    ,(#1886,#1887)
    ,(#1888,#1889
)),.UNSPECIFIED.,.F.,.F.,.F.) B_SPLINE_SURFACE_WITH_KNOTS((3,3),(2,2),(
    3.251173531116,3.607760365589),(-3.674061943109E-03,0.),
.PIECEWISE_BEZIER_KNOTS.) GEOMETRIC_REPRESENTATION_ITEM() 
RATIONAL_B_SPLINE_SURFACE((
    (1.,1.)
    ,(0.984147788739,0.984147788739)
,(1.,1.))) REPRESENTATION_ITEM('') SURFACE() );
#1884 = CARTESIAN_POINT('',(2.345620215168,11.305228074046,
    21.117792509309));
#1885 = CARTESIAN_POINT('',(2.345620215168,11.305228074046,17.4437305662
    ));
#1886 = CARTESIAN_POINT('',(0.308339183158,11.727925213932,
    21.117792509309));
#1887 = CARTESIAN_POINT('',(0.308339183158,11.727925213932,17.4437305662
    ));
#1888 = CARTESIAN_POINT('',(-1.748338313626,11.412862442924,
    21.117792509309));
#1889 = CARTESIAN_POINT('',(-1.748338313626,11.412862442924,
    17.4437305662));
#1890 = DEFINITIONAL_REPRESENTATION('',(#1891),#1895);
#1891 = B_SPLINE_CURVE_WITH_KNOTS('',2,(#1892,#1893,#1894),
  .UNSPECIFIED.,.F.,.F.,(3,3),(0.,3.674061943109E-03),
  .PIECEWISE_BEZIER_KNOTS.);
#1892 = CARTESIAN_POINT('',(3.251173531116,0.));
#1893 = CARTESIAN_POINT('',(3.251173531116,-1.837030971554E-03));
#1894 = CARTESIAN_POINT('',(3.251173531116,-3.674061943109E-03));
#1895 = ( GEOMETRIC_REPRESENTATION_CONTEXT(2) 
PARAMETRIC_REPRESENTATION_CONTEXT() REPRESENTATION_CONTEXT('2D SPACE',''
  ) );
#1896 = ORIENTED_EDGE('',*,*,#1897,.F.);
#1897 = EDGE_CURVE('',#1796,#1869,#1898,.T.);
#1898 = SURFACE_CURVE('',#1899,(#1903,#1910),.PCURVE_S1.);
#1899 = ( BOUNDED_CURVE() B_SPLINE_CURVE(2,(#1900,#1901,#1902),
.UNSPECIFIED.,.F.,.F.) B_SPLINE_CURVE_WITH_KNOTS((3,3),(4.764104151404,
6.173604429653),.PIECEWISE_BEZIER_KNOTS.) CURVE() 
GEOMETRIC_REPRESENTATION_ITEM() RATIONAL_B_SPLINE_CURVE((1.,
0.761773446286,1.)) REPRESENTATION_ITEM('') );
#1900 = CARTESIAN_POINT('',(3.039990993261,11.684719425047,17.4437305662
    ));
#1901 = CARTESIAN_POINT('',(2.85417314134,11.199712995863,17.4437305662)
  );
#1902 = CARTESIAN_POINT('',(2.345620215168,11.305228074046,17.4437305662
    ));
#1903 = PCURVE('',#1809,#1904);
#1904 = DEFINITIONAL_REPRESENTATION('',(#1905),#1909);
#1905 = B_SPLINE_CURVE_WITH_KNOTS('',2,(#1906,#1907,#1908),
  .UNSPECIFIED.,.F.,.F.,(3,3),(4.764104151404,6.173604429653),
  .PIECEWISE_BEZIER_KNOTS.);
#1906 = CARTESIAN_POINT('',(4.764104151404,0.));
#1907 = CARTESIAN_POINT('',(5.468854290529,0.));
#1908 = CARTESIAN_POINT('',(6.173604429653,0.));
#1909 = ( GEOMETRIC_REPRESENTATION_CONTEXT(2) 
PARAMETRIC_REPRESENTATION_CONTEXT() REPRESENTATION_CONTEXT('2D SPACE',''
  ) );
#1910 = PCURVE('',#1509,#1911);
#1911 = DEFINITIONAL_REPRESENTATION('',(#1912),#1916);
#1912 = ( BOUNDED_CURVE() B_SPLINE_CURVE(2,(#1913,#1914,#1915),
.UNSPECIFIED.,.F.,.F.) B_SPLINE_CURVE_WITH_KNOTS((3,3),(4.764104151404,
6.173604429653),.PIECEWISE_BEZIER_KNOTS.) CURVE() 
GEOMETRIC_REPRESENTATION_ITEM() RATIONAL_B_SPLINE_CURVE((1.,
0.761773446286,1.)) REPRESENTATION_ITEM('') );
#1913 = CARTESIAN_POINT('',(6.778329025574E-03,-4.856142989256E-03));
#1914 = CARTESIAN_POINT('',(7.297018424596E-03,-4.829294939343E-03));
#1915 = CARTESIAN_POINT('',(7.353819118649E-03,-4.313026412704E-03));
#1916 = ( GEOMETRIC_REPRESENTATION_CONTEXT(2) 
PARAMETRIC_REPRESENTATION_CONTEXT() REPRESENTATION_CONTEXT('2D SPACE',''
  ) );
#1917 = ADVANCED_FACE('',(#1918),#1883,.T.);
#1918 = FACE_BOUND('',#1919,.T.);
#1919 = EDGE_LOOP('',(#1920,#1921,#1944,#1967,#1989));
#1920 = ORIENTED_EDGE('',*,*,#1868,.T.);
#1921 = ORIENTED_EDGE('',*,*,#1922,.T.);
#1922 = EDGE_CURVE('',#1846,#1923,#1925,.T.);
#1923 = VERTEX_POINT('',#1924);
#1924 = CARTESIAN_POINT('',(0.,11.546,21.117792509309));
#1925 = SURFACE_CURVE('',#1926,(#1930,#1937),.PCURVE_S1.);
#1926 = ( BOUNDED_CURVE() B_SPLINE_CURVE(2,(#1927,#1928,#1929),
.UNSPECIFIED.,.F.,.F.) B_SPLINE_CURVE_WITH_KNOTS((3,3),(3.251173531116,
3.455751918949),.PIECEWISE_BEZIER_KNOTS.) CURVE() 
GEOMETRIC_REPRESENTATION_ITEM() RATIONAL_B_SPLINE_CURVE((1.,
0.994773020314,1.)) REPRESENTATION_ITEM('') );
#1927 = CARTESIAN_POINT('',(2.345620215168,11.305228074046,
    21.117792509309));
#1928 = CARTESIAN_POINT('',(1.185167419299,11.546,21.117792509309));
#1929 = CARTESIAN_POINT('',(1.734723475977E-15,11.546,21.117792509309));
#1930 = PCURVE('',#1883,#1931);
#1931 = DEFINITIONAL_REPRESENTATION('',(#1932),#1936);
#1932 = B_SPLINE_CURVE_WITH_KNOTS('',2,(#1933,#1934,#1935),
  .UNSPECIFIED.,.F.,.F.,(3,3),(3.251173531116,3.455751918949),
  .PIECEWISE_BEZIER_KNOTS.);
#1933 = CARTESIAN_POINT('',(3.251173531116,-3.674061943109E-03));
#1934 = CARTESIAN_POINT('',(3.353826671747,-3.674061943109E-03));
#1935 = CARTESIAN_POINT('',(3.455683761404,-3.674061943109E-03));
#1936 = ( GEOMETRIC_REPRESENTATION_CONTEXT(2) 
PARAMETRIC_REPRESENTATION_CONTEXT() REPRESENTATION_CONTEXT('2D SPACE',''
  ) );
#1937 = PCURVE('',#1458,#1938);
#1938 = DEFINITIONAL_REPRESENTATION('',(#1939),#1943);
#1939 = ( BOUNDED_CURVE() B_SPLINE_CURVE(2,(#1940,#1941,#1942),
.UNSPECIFIED.,.F.,.F.) B_SPLINE_CURVE_WITH_KNOTS((3,3),(3.251173531116,
3.455751918949),.PIECEWISE_BEZIER_KNOTS.) CURVE() 
GEOMETRIC_REPRESENTATION_ITEM() RATIONAL_B_SPLINE_CURVE((1.,
0.994773020314,1.)) REPRESENTATION_ITEM('') );
#1940 = CARTESIAN_POINT('',(7.353819118649E-03,-4.313026412704E-03));
#1941 = CARTESIAN_POINT('',(7.483431044623E-03,-3.134967602452E-03));
#1942 = CARTESIAN_POINT('',(7.849667918366E-03,-2.007806405427E-03));
#1943 = ( GEOMETRIC_REPRESENTATION_CONTEXT(2) 
PARAMETRIC_REPRESENTATION_CONTEXT() REPRESENTATION_CONTEXT('2D SPACE',''
  ) );
#1944 = ORIENTED_EDGE('',*,*,#1945,.T.);
#1945 = EDGE_CURVE('',#1923,#1946,#1948,.T.);
#1946 = VERTEX_POINT('',#1947);
#1947 = CARTESIAN_POINT('',(-1.748338313626,11.412862442924,
    21.117792509309));
#1948 = SURFACE_CURVE('',#1949,(#1953,#1960),.PCURVE_S1.);
#1949 = ( BOUNDED_CURVE() B_SPLINE_CURVE(2,(#1950,#1951,#1952),
.UNSPECIFIED.,.F.,.F.) B_SPLINE_CURVE_WITH_KNOTS((3,3),(3.455751918949,
3.607760365589),.PIECEWISE_BEZIER_KNOTS.) CURVE() 
GEOMETRIC_REPRESENTATION_ITEM() RATIONAL_B_SPLINE_CURVE((1.,
0.997113069151,1.)) REPRESENTATION_ITEM('') );
#1950 = CARTESIAN_POINT('',(1.734723475977E-15,11.546,21.117792509309));
#1951 = CARTESIAN_POINT('',(-0.87923843001,11.546,21.117792509309));
#1952 = CARTESIAN_POINT('',(-1.748338313626,11.412862442924,
    21.117792509309));
#1953 = PCURVE('',#1883,#1954);
#1954 = DEFINITIONAL_REPRESENTATION('',(#1955),#1959);
#1955 = B_SPLINE_CURVE_WITH_KNOTS('',2,(#1956,#1957,#1958),
  .UNSPECIFIED.,.F.,.F.,(3,3),(3.455751918949,3.607760365589),
  .PIECEWISE_BEZIER_KNOTS.);
#1956 = CARTESIAN_POINT('',(3.455683761404,-3.674061943109E-03));
#1957 = CARTESIAN_POINT('',(3.5314260863,-3.674061943109E-03));
#1958 = CARTESIAN_POINT('',(3.607760365589,-3.674061943109E-03));
#1959 = ( GEOMETRIC_REPRESENTATION_CONTEXT(2) 
PARAMETRIC_REPRESENTATION_CONTEXT() REPRESENTATION_CONTEXT('2D SPACE',''
  ) );
#1960 = PCURVE('',#1458,#1961);
#1961 = DEFINITIONAL_REPRESENTATION('',(#1962),#1966);
#1962 = ( BOUNDED_CURVE() B_SPLINE_CURVE(2,(#1963,#1964,#1965),
.UNSPECIFIED.,.F.,.F.) B_SPLINE_CURVE_WITH_KNOTS((3,3),(3.455751918949,
3.607760365589),.PIECEWISE_BEZIER_KNOTS.) CURVE() 
GEOMETRIC_REPRESENTATION_ITEM() RATIONAL_B_SPLINE_CURVE((1.,
0.997113069151,1.)) REPRESENTATION_ITEM('') );
#1963 = CARTESIAN_POINT('',(7.849667918366E-03,-2.007806405427E-03));
#1964 = CARTESIAN_POINT('',(8.121367535346E-03,-1.171600967189E-03));
#1965 = CARTESIAN_POINT('',(8.516555510414E-03,-3.861796272901E-04));
#1966 = ( GEOMETRIC_REPRESENTATION_CONTEXT(2) 
PARAMETRIC_REPRESENTATION_CONTEXT() REPRESENTATION_CONTEXT('2D SPACE',''
  ) );
#1967 = ORIENTED_EDGE('',*,*,#1968,.F.);
#1968 = EDGE_CURVE('',#1969,#1946,#1971,.T.);
#1969 = VERTEX_POINT('',#1970);
#1970 = CARTESIAN_POINT('',(-1.748338313626,11.412862442924,
    17.4437305662));
#1971 = SURFACE_CURVE('',#1972,(#1975,#1982),.PCURVE_S1.);
#1972 = B_SPLINE_CURVE_WITH_KNOTS('',1,(#1973,#1974),.UNSPECIFIED.,.F.,
  .F.,(2,2),(0.,3.674061943109E-03),.PIECEWISE_BEZIER_KNOTS.);
#1973 = CARTESIAN_POINT('',(-1.748338313626,11.412862442924,
    17.4437305662));
#1974 = CARTESIAN_POINT('',(-1.748338313626,11.412862442924,
    21.117792509309));
#1975 = PCURVE('',#1883,#1976);
#1976 = DEFINITIONAL_REPRESENTATION('',(#1977),#1981);
#1977 = B_SPLINE_CURVE_WITH_KNOTS('',2,(#1978,#1979,#1980),
  .UNSPECIFIED.,.F.,.F.,(3,3),(0.,3.674061943109E-03),
  .PIECEWISE_BEZIER_KNOTS.);
#1978 = CARTESIAN_POINT('',(3.607760365589,0.));
#1979 = CARTESIAN_POINT('',(3.607760365589,-1.837030971554E-03));
#1980 = CARTESIAN_POINT('',(3.607760365589,-3.674061943109E-03));
#1981 = ( GEOMETRIC_REPRESENTATION_CONTEXT(2) 
PARAMETRIC_REPRESENTATION_CONTEXT() REPRESENTATION_CONTEXT('2D SPACE',''
  ) );
#1982 = PCURVE('',#1430,#1983);
#1983 = DEFINITIONAL_REPRESENTATION('',(#1984),#1988);
#1984 = B_SPLINE_CURVE_WITH_KNOTS('',2,(#1985,#1986,#1987),
  .UNSPECIFIED.,.F.,.F.,(3,3),(0.,3.674061943109E-03),
  .PIECEWISE_BEZIER_KNOTS.);
#1985 = CARTESIAN_POINT('',(5.817017595181,0.));
#1986 = CARTESIAN_POINT('',(5.817017595181,-1.837030971554E-03));
#1987 = CARTESIAN_POINT('',(5.817017595181,-3.674061943109E-03));
#1988 = ( GEOMETRIC_REPRESENTATION_CONTEXT(2) 
PARAMETRIC_REPRESENTATION_CONTEXT() REPRESENTATION_CONTEXT('2D SPACE',''
  ) );
#1989 = ORIENTED_EDGE('',*,*,#1990,.F.);
#1990 = EDGE_CURVE('',#1869,#1969,#1991,.T.);
#1991 = SURFACE_CURVE('',#1992,(#1996,#2003),.PCURVE_S1.);
#1992 = ( BOUNDED_CURVE() B_SPLINE_CURVE(2,(#1993,#1994,#1995),
.UNSPECIFIED.,.F.,.F.) B_SPLINE_CURVE_WITH_KNOTS((3,3),(3.251173531116,
3.607760365589),.PIECEWISE_BEZIER_KNOTS.) CURVE() 
GEOMETRIC_REPRESENTATION_ITEM() RATIONAL_B_SPLINE_CURVE((1.,
0.984147788739,1.)) REPRESENTATION_ITEM('') );
#1993 = CARTESIAN_POINT('',(2.345620215168,11.305228074046,17.4437305662
    ));
#1994 = CARTESIAN_POINT('',(0.308339183158,11.727925213932,17.4437305662
    ));
#1995 = CARTESIAN_POINT('',(-1.748338313626,11.412862442924,
    17.4437305662));
#1996 = PCURVE('',#1883,#1997);
#1997 = DEFINITIONAL_REPRESENTATION('',(#1998),#2002);
#1998 = B_SPLINE_CURVE_WITH_KNOTS('',2,(#1999,#2000,#2001),
  .UNSPECIFIED.,.F.,.F.,(3,3),(3.251173531116,3.607760365589),
  .PIECEWISE_BEZIER_KNOTS.);
#1999 = CARTESIAN_POINT('',(3.251173531116,0.));
#2000 = CARTESIAN_POINT('',(3.429466948352,0.));
#2001 = CARTESIAN_POINT('',(3.607760365589,0.));
#2002 = ( GEOMETRIC_REPRESENTATION_CONTEXT(2) 
PARAMETRIC_REPRESENTATION_CONTEXT() REPRESENTATION_CONTEXT('2D SPACE',''
  ) );
#2003 = PCURVE('',#1509,#2004);
#2004 = DEFINITIONAL_REPRESENTATION('',(#2005),#2009);
#2005 = ( BOUNDED_CURVE() B_SPLINE_CURVE(2,(#2006,#2007,#2008),
.UNSPECIFIED.,.F.,.F.) B_SPLINE_CURVE_WITH_KNOTS((3,3),(3.251173531116,
3.607760365589),.PIECEWISE_BEZIER_KNOTS.) CURVE() 
GEOMETRIC_REPRESENTATION_ITEM() RATIONAL_B_SPLINE_CURVE((1.,
0.984147788739,1.)) REPRESENTATION_ITEM('') );
#2006 = CARTESIAN_POINT('',(7.353819118649E-03,-4.313026412704E-03));
#2007 = CARTESIAN_POINT('',(7.58136471055E-03,-2.244836411988E-03));
#2008 = CARTESIAN_POINT('',(8.516555510414E-03,-3.861796272901E-04));
#2009 = ( GEOMETRIC_REPRESENTATION_CONTEXT(2) 
PARAMETRIC_REPRESENTATION_CONTEXT() REPRESENTATION_CONTEXT('2D SPACE',''
  ) );
#2010 = ADVANCED_FACE('',(#2011),#1430,.T.);
#2011 = FACE_BOUND('',#2012,.T.);
#2012 = EDGE_LOOP('',(#2013,#2014,#2035,#2036));
#2013 = ORIENTED_EDGE('',*,*,#1968,.T.);
#2014 = ORIENTED_EDGE('',*,*,#2015,.T.);
#2015 = EDGE_CURVE('',#1946,#1412,#2016,.T.);
#2016 = SURFACE_CURVE('',#2017,(#2021,#2028),.PCURVE_S1.);
#2017 = ( BOUNDED_CURVE() B_SPLINE_CURVE(2,(#2018,#2019,#2020),
.UNSPECIFIED.,.F.,.F.) B_SPLINE_CURVE_WITH_KNOTS((3,3),(5.817017595181,
7.22651787343),.PIECEWISE_BEZIER_KNOTS.) CURVE() 
GEOMETRIC_REPRESENTATION_ITEM() RATIONAL_B_SPLINE_CURVE((1.,
0.761773446286,1.)) REPRESENTATION_ITEM('') );
#2018 = CARTESIAN_POINT('',(-1.748338313626,11.412862442924,
    21.117792509309));
#2019 = CARTESIAN_POINT('',(-2.261733050409,11.334215417007,
    21.117792509309));
#2020 = CARTESIAN_POINT('',(-2.421809181187,11.828315753779,
    21.117792509309));
#2021 = PCURVE('',#1430,#2022);
#2022 = DEFINITIONAL_REPRESENTATION('',(#2023),#2027);
#2023 = B_SPLINE_CURVE_WITH_KNOTS('',2,(#2024,#2025,#2026),
  .UNSPECIFIED.,.F.,.F.,(3,3),(5.817017595181,7.22651787343),
  .PIECEWISE_BEZIER_KNOTS.);
#2024 = CARTESIAN_POINT('',(5.817017595181,-3.674061943109E-03));
#2025 = CARTESIAN_POINT('',(6.521767734306,-3.674061943109E-03));
#2026 = CARTESIAN_POINT('',(7.22651787343,-3.674061943109E-03));
#2027 = ( GEOMETRIC_REPRESENTATION_CONTEXT(2) 
PARAMETRIC_REPRESENTATION_CONTEXT() REPRESENTATION_CONTEXT('2D SPACE',''
  ) );
#2028 = PCURVE('',#1458,#2029);
#2029 = DEFINITIONAL_REPRESENTATION('',(#2030),#2034);
#2030 = ( BOUNDED_CURVE() B_SPLINE_CURVE(2,(#2031,#2032,#2033),
.UNSPECIFIED.,.F.,.F.) B_SPLINE_CURVE_WITH_KNOTS((3,3),(5.817017595181,
7.22651787343),.PIECEWISE_BEZIER_KNOTS.) CURVE() 
GEOMETRIC_REPRESENTATION_ITEM() RATIONAL_B_SPLINE_CURVE((1.,
0.761773446286,1.)) REPRESENTATION_ITEM('') );
#2031 = CARTESIAN_POINT('',(8.516555510414E-03,-3.861796272901E-04));
#2032 = CARTESIAN_POINT('',(8.750000975388E-03,7.778451499398E-05));
#2033 = CARTESIAN_POINT('',(8.329549875202E-03,3.82711363262E-04));
#2034 = ( GEOMETRIC_REPRESENTATION_CONTEXT(2) 
PARAMETRIC_REPRESENTATION_CONTEXT() REPRESENTATION_CONTEXT('2D SPACE',''
  ) );
#2035 = ORIENTED_EDGE('',*,*,#1409,.F.);
#2036 = ORIENTED_EDGE('',*,*,#2037,.F.);
#2037 = EDGE_CURVE('',#1969,#1410,#2038,.T.);
#2038 = SURFACE_CURVE('',#2039,(#2043,#2050),.PCURVE_S1.);
#2039 = ( BOUNDED_CURVE() B_SPLINE_CURVE(2,(#2040,#2041,#2042),
.UNSPECIFIED.,.F.,.F.) B_SPLINE_CURVE_WITH_KNOTS((3,3),(5.817017595181,
7.22651787343),.PIECEWISE_BEZIER_KNOTS.) CURVE() 
GEOMETRIC_REPRESENTATION_ITEM() RATIONAL_B_SPLINE_CURVE((1.,
0.761773446286,1.)) REPRESENTATION_ITEM('') );
#2040 = CARTESIAN_POINT('',(-1.748338313626,11.412862442924,
    17.4437305662));
#2041 = CARTESIAN_POINT('',(-2.261733050409,11.334215417007,
    17.4437305662));
#2042 = CARTESIAN_POINT('',(-2.421809181187,11.828315753779,
    17.4437305662));
#2043 = PCURVE('',#1430,#2044);
#2044 = DEFINITIONAL_REPRESENTATION('',(#2045),#2049);
#2045 = B_SPLINE_CURVE_WITH_KNOTS('',2,(#2046,#2047,#2048),
  .UNSPECIFIED.,.F.,.F.,(3,3),(5.817017595181,7.22651787343),
  .PIECEWISE_BEZIER_KNOTS.);
#2046 = CARTESIAN_POINT('',(5.817017595181,0.));
#2047 = CARTESIAN_POINT('',(6.521767734306,0.));
#2048 = CARTESIAN_POINT('',(7.22651787343,0.));
#2049 = ( GEOMETRIC_REPRESENTATION_CONTEXT(2) 
PARAMETRIC_REPRESENTATION_CONTEXT() REPRESENTATION_CONTEXT('2D SPACE',''
  ) );
#2050 = PCURVE('',#1509,#2051);
#2051 = DEFINITIONAL_REPRESENTATION('',(#2052),#2056);
#2052 = ( BOUNDED_CURVE() B_SPLINE_CURVE(2,(#2053,#2054,#2055),
.UNSPECIFIED.,.F.,.F.) B_SPLINE_CURVE_WITH_KNOTS((3,3),(5.817017595181,
7.22651787343),.PIECEWISE_BEZIER_KNOTS.) CURVE() 
GEOMETRIC_REPRESENTATION_ITEM() RATIONAL_B_SPLINE_CURVE((1.,
0.761773446286,1.)) REPRESENTATION_ITEM('') );
#2053 = CARTESIAN_POINT('',(8.516555510414E-03,-3.861796272901E-04));
#2054 = CARTESIAN_POINT('',(8.750000975388E-03,7.778451499398E-05));
#2055 = CARTESIAN_POINT('',(8.329549875202E-03,3.82711363262E-04));
#2056 = ( GEOMETRIC_REPRESENTATION_CONTEXT(2) 
PARAMETRIC_REPRESENTATION_CONTEXT() REPRESENTATION_CONTEXT('2D SPACE',''
  ) );
#2057 = ADVANCED_FACE('',(#2058),#1509,.T.);
#2058 = FACE_BOUND('',#2059,.T.);
#2059 = EDGE_LOOP('',(#2060,#2061,#2062,#2063,#2064,#2065,#2066,#2067));
#2060 = ORIENTED_EDGE('',*,*,#1497,.T.);
#2061 = ORIENTED_EDGE('',*,*,#1576,.F.);
#2062 = ORIENTED_EDGE('',*,*,#1676,.T.);
#2063 = ORIENTED_EDGE('',*,*,#1750,.F.);
#2064 = ORIENTED_EDGE('',*,*,#1823,.T.);
#2065 = ORIENTED_EDGE('',*,*,#1897,.T.);
#2066 = ORIENTED_EDGE('',*,*,#1990,.T.);
#2067 = ORIENTED_EDGE('',*,*,#2037,.T.);
#2068 = ADVANCED_FACE('',(#2069),#1458,.F.);
#2069 = FACE_BOUND('',#2070,.F.);
#2070 = EDGE_LOOP('',(#2071,#2072,#2073,#2074,#2075,#2076,#2077,#2078,
    #2079,#2080));
#2071 = ORIENTED_EDGE('',*,*,#1444,.T.);
#2072 = ORIENTED_EDGE('',*,*,#1554,.F.);
#2073 = ORIENTED_EDGE('',*,*,#1601,.T.);
#2074 = ORIENTED_EDGE('',*,*,#1624,.T.);
#2075 = ORIENTED_EDGE('',*,*,#1728,.F.);
#2076 = ORIENTED_EDGE('',*,*,#1775,.T.);
#2077 = ORIENTED_EDGE('',*,*,#1845,.T.);
#2078 = ORIENTED_EDGE('',*,*,#1922,.T.);
#2079 = ORIENTED_EDGE('',*,*,#1945,.T.);
#2080 = ORIENTED_EDGE('',*,*,#2015,.T.);
#2081 = ( GEOMETRIC_REPRESENTATION_CONTEXT(3) 
GLOBAL_UNCERTAINTY_ASSIGNED_CONTEXT((#2085)) 
GLOBAL_UNIT_ASSIGNED_CONTEXT((#2082,#2083,#2084)) REPRESENTATION_CONTEXT
('Context #1','3D Context with UNIT and UNCERTAINTY') );
#2082 = ( LENGTH_UNIT() NAMED_UNIT(*) SI_UNIT(.MILLI.,.METRE.) );
#2083 = ( NAMED_UNIT(*) PLANE_ANGLE_UNIT() SI_UNIT($,.RADIAN.) );
#2084 = ( NAMED_UNIT(*) SI_UNIT($,.STERADIAN.) SOLID_ANGLE_UNIT() );
#2085 = UNCERTAINTY_MEASURE_WITH_UNIT(LENGTH_MEASURE(2.E-04),#2082,
  'distance_accuracy_value','confusion accuracy');
#2086 = CONTEXT_DEPENDENT_SHAPE_REPRESENTATION(#2087,#2089);
#2087 = ( REPRESENTATION_RELATIONSHIP('','',#1402,#10) 
REPRESENTATION_RELATIONSHIP_WITH_TRANSFORMATION(#2088) 
SHAPE_REPRESENTATION_RELATIONSHIP() );
#2088 = ITEM_DEFINED_TRANSFORMATION('','',#11,#23);
#2089 = PRODUCT_DEFINITION_SHAPE('Placement','Placement of an item',
  #2090);
#2090 = NEXT_ASSEMBLY_USAGE_OCCURRENCE('45','','',#5,#1397,$);
#2091 = PRODUCT_RELATED_PRODUCT_CATEGORY('part',$,(#1399));
#2092 = SHAPE_DEFINITION_REPRESENTATION(#2093,#2099);
#2093 = PRODUCT_DEFINITION_SHAPE('','',#2094);
#2094 = PRODUCT_DEFINITION('design','',#2095,#2098);
#2095 = PRODUCT_DEFINITION_FORMATION('','',#2096);
#2096 = PRODUCT('Open CASCADE STEP translator 7.7 2.4',
  'Open CASCADE STEP translator 7.7 2.4','',(#2097));
#2097 = PRODUCT_CONTEXT('',#2,'mechanical');
#2098 = PRODUCT_DEFINITION_CONTEXT('part definition',#2,'design');
#2099 = ADVANCED_BREP_SHAPE_REPRESENTATION('',(#11,#2100),#2730);
#2100 = MANIFOLD_SOLID_BREP('',#2101);
#2101 = CLOSED_SHELL('',(#2102,#2216,#2293,#2370,#2444,#2514,#2591,#2661
    ,#2708,#2719));
#2102 = ADVANCED_FACE('',(#2103),#2116,.T.);
#2103 = FACE_BOUND('',#2104,.T.);
#2104 = EDGE_LOOP('',(#2105,#2140,#2165,#2193));
#2105 = ORIENTED_EDGE('',*,*,#2106,.T.);
#2106 = EDGE_CURVE('',#2107,#2109,#2111,.T.);
#2107 = VERTEX_POINT('',#2108);
#2108 = CARTESIAN_POINT('',(10.501016580308,5.958427985742,17.4437305662
    ));
#2109 = VERTEX_POINT('',#2110);
#2110 = CARTESIAN_POINT('',(10.501016580308,5.958427985742,
    21.117792509309));
#2111 = SURFACE_CURVE('',#2112,(#2115,#2126),.PCURVE_S1.);
#2112 = B_SPLINE_CURVE_WITH_KNOTS('',1,(#2113,#2114),.UNSPECIFIED.,.F.,
  .F.,(2,2),(0.,3.674061943109E-03),.PIECEWISE_BEZIER_KNOTS.);
#2113 = CARTESIAN_POINT('',(10.501016580308,5.958427985742,17.4437305662
    ));
#2114 = CARTESIAN_POINT('',(10.501016580308,5.958427985742,
    21.117792509309));
#2115 = PCURVE('',#2116,#2121);
#2116 = B_SPLINE_SURFACE_WITH_KNOTS('',1,1,(
    (#2117,#2118)
    ,(#2119,#2120
    )),.UNSPECIFIED.,.F.,.F.,.F.,(2,2),(2,2),(0.,1.315996021184E-02),(
    -3.674061943109E-03,0.),.PIECEWISE_BEZIER_KNOTS.);
#2117 = CARTESIAN_POINT('',(10.501016580308,5.958427985742,
    21.117792509309));
#2118 = CARTESIAN_POINT('',(10.501016580308,5.958427985742,17.4437305662
    ));
#2119 = CARTESIAN_POINT('',(21.15425599114,13.684555271299,
    21.117792509309));
#2120 = CARTESIAN_POINT('',(21.15425599114,13.684555271299,17.4437305662
    ));
#2121 = DEFINITIONAL_REPRESENTATION('',(#2122),#2125);
#2122 = B_SPLINE_CURVE_WITH_KNOTS('',1,(#2123,#2124),.UNSPECIFIED.,.F.,
  .F.,(2,2),(0.,3.674061943109E-03),.PIECEWISE_BEZIER_KNOTS.);
#2123 = CARTESIAN_POINT('',(0.,0.));
#2124 = CARTESIAN_POINT('',(0.,-3.674061943109E-03));
#2125 = ( GEOMETRIC_REPRESENTATION_CONTEXT(2) 
PARAMETRIC_REPRESENTATION_CONTEXT() REPRESENTATION_CONTEXT('2D SPACE',''
  ) );
#2126 = PCURVE('',#2127,#2134);
#2127 = ( BOUNDED_SURFACE() B_SPLINE_SURFACE(2,1,(
    (#2128,#2129)
    ,(#2130,#2131)
    ,(#2132,#2133
)),.UNSPECIFIED.,.F.,.F.,.F.) B_SPLINE_SURFACE_WITH_KNOTS((3,3),(2,2),(
    5.817017595181,7.22651787343),(-3.674061943109E-03,0.),
.PIECEWISE_BEZIER_KNOTS.) GEOMETRIC_REPRESENTATION_ITEM() 
RATIONAL_B_SPLINE_SURFACE((
    (1.,1.)
    ,(0.761773446286,0.761773446286)
,(1.,1.))) REPRESENTATION_ITEM('') SURFACE() );
#2128 = CARTESIAN_POINT('',(10.314010945096,5.18953699519,
    21.117792509309));
#2129 = CARTESIAN_POINT('',(10.314010945096,5.18953699519,17.4437305662)
  );
#2130 = CARTESIAN_POINT('',(10.080565480122,5.653501137474,
    21.117792509309));
#2131 = CARTESIAN_POINT('',(10.080565480122,5.653501137474,17.4437305662
    ));
#2132 = CARTESIAN_POINT('',(10.501016580308,5.958427985742,
    21.117792509309));
#2133 = CARTESIAN_POINT('',(10.501016580308,5.958427985742,17.4437305662
    ));
#2134 = DEFINITIONAL_REPRESENTATION('',(#2135),#2139);
#2135 = B_SPLINE_CURVE_WITH_KNOTS('',2,(#2136,#2137,#2138),
  .UNSPECIFIED.,.F.,.F.,(3,3),(0.,3.674061943109E-03),
  .PIECEWISE_BEZIER_KNOTS.);
#2136 = CARTESIAN_POINT('',(7.22651787343,0.));
#2137 = CARTESIAN_POINT('',(7.22651787343,-1.837030971554E-03));
#2138 = CARTESIAN_POINT('',(7.22651787343,-3.674061943109E-03));
#2139 = ( GEOMETRIC_REPRESENTATION_CONTEXT(2) 
PARAMETRIC_REPRESENTATION_CONTEXT() REPRESENTATION_CONTEXT('2D SPACE',''
  ) );
#2140 = ORIENTED_EDGE('',*,*,#2141,.T.);
#2141 = EDGE_CURVE('',#2109,#2142,#2144,.T.);
#2142 = VERTEX_POINT('',#2143);
#2143 = CARTESIAN_POINT('',(21.15425599114,13.684555271299,
    21.117792509309));
#2144 = SURFACE_CURVE('',#2145,(#2148,#2154),.PCURVE_S1.);
#2145 = B_SPLINE_CURVE_WITH_KNOTS('',1,(#2146,#2147),.UNSPECIFIED.,.F.,
  .F.,(2,2),(5.311393726239E-04,1.369109958446E-02),
  .PIECEWISE_BEZIER_KNOTS.);
#2146 = CARTESIAN_POINT('',(10.501016580308,5.958427985742,
    21.117792509309));
#2147 = CARTESIAN_POINT('',(21.15425599114,13.684555271299,
    21.117792509309));
#2148 = PCURVE('',#2116,#2149);
#2149 = DEFINITIONAL_REPRESENTATION('',(#2150),#2153);
#2150 = B_SPLINE_CURVE_WITH_KNOTS('',1,(#2151,#2152),.UNSPECIFIED.,.F.,
  .F.,(2,2),(5.311393726239E-04,1.369109958446E-02),
  .PIECEWISE_BEZIER_KNOTS.);
#2151 = CARTESIAN_POINT('',(0.,-3.674061943109E-03));
#2152 = CARTESIAN_POINT('',(1.315996021184E-02,-3.674061943109E-03));
#2153 = ( GEOMETRIC_REPRESENTATION_CONTEXT(2) 
PARAMETRIC_REPRESENTATION_CONTEXT() REPRESENTATION_CONTEXT('2D SPACE',''
  ) );
#2154 = PCURVE('',#2155,#2160);
#2155 = B_SPLINE_SURFACE_WITH_KNOTS('',1,1,(
    (#2156,#2157)
    ,(#2158,#2159
    )),.UNSPECIFIED.,.F.,.F.,.F.,(2,2),(2,2),(-7.112294069963E-03,
    8.581721259939E-03),(-5.537360462184E-03,8.244361792773E-03),
  .PIECEWISE_BEZIER_KNOTS.);
#2156 = CARTESIAN_POINT('',(25.942860525472,3.835616029553E-02,
    21.117792509309));
#2157 = CARTESIAN_POINT('',(25.942860525472,13.820078415253,
    21.117792509309));
#2158 = CARTESIAN_POINT('',(10.248845195571,3.835616029553E-02,
    21.117792509309));
#2159 = CARTESIAN_POINT('',(10.248845195571,13.820078415253,
    21.117792509309));
#2160 = DEFINITIONAL_REPRESENTATION('',(#2161),#2164);
#2161 = B_SPLINE_CURVE_WITH_KNOTS('',1,(#2162,#2163),.UNSPECIFIED.,.F.,
  .F.,(2,2),(5.311393726239E-04,1.369109958446E-02),
  .PIECEWISE_BEZIER_KNOTS.);
#2162 = CARTESIAN_POINT('',(8.329549875202E-03,3.82711363262E-04));
#2163 = CARTESIAN_POINT('',(-2.32368953563E-03,8.108838648819E-03));
#2164 = ( GEOMETRIC_REPRESENTATION_CONTEXT(2) 
PARAMETRIC_REPRESENTATION_CONTEXT() REPRESENTATION_CONTEXT('2D SPACE',''
  ) );
#2165 = ORIENTED_EDGE('',*,*,#2166,.F.);
#2166 = EDGE_CURVE('',#2167,#2142,#2169,.T.);
#2167 = VERTEX_POINT('',#2168);
#2168 = CARTESIAN_POINT('',(21.15425599114,13.684555271299,17.4437305662
    ));
#2169 = SURFACE_CURVE('',#2170,(#2173,#2179),.PCURVE_S1.);
#2170 = B_SPLINE_CURVE_WITH_KNOTS('',1,(#2171,#2172),.UNSPECIFIED.,.F.,
  .F.,(2,2),(0.,3.674061943109E-03),.PIECEWISE_BEZIER_KNOTS.);
#2171 = CARTESIAN_POINT('',(21.15425599114,13.684555271299,17.4437305662
    ));
#2172 = CARTESIAN_POINT('',(21.15425599114,13.684555271299,
    21.117792509309));
#2173 = PCURVE('',#2116,#2174);
#2174 = DEFINITIONAL_REPRESENTATION('',(#2175),#2178);
#2175 = B_SPLINE_CURVE_WITH_KNOTS('',1,(#2176,#2177),.UNSPECIFIED.,.F.,
  .F.,(2,2),(0.,3.674061943109E-03),.PIECEWISE_BEZIER_KNOTS.);
#2176 = CARTESIAN_POINT('',(1.315996021184E-02,0.));
#2177 = CARTESIAN_POINT('',(1.315996021184E-02,-3.674061943109E-03));
#2178 = ( GEOMETRIC_REPRESENTATION_CONTEXT(2) 
PARAMETRIC_REPRESENTATION_CONTEXT() REPRESENTATION_CONTEXT('2D SPACE',''
  ) );
#2179 = PCURVE('',#2180,#2187);
#2180 = ( BOUNDED_SURFACE() B_SPLINE_SURFACE(2,1,(
    (#2181,#2182)
    ,(#2183,#2184)
    ,(#2185,#2186
)),.UNSPECIFIED.,.F.,.F.,.F.) B_SPLINE_SURFACE_WITH_KNOTS((3,3),(2,2),(
    0.546038978939,2.198260087339),(-3.674061943109E-03,0.),
.PIECEWISE_BEZIER_KNOTS.) GEOMETRIC_REPRESENTATION_ITEM() 
RATIONAL_B_SPLINE_SURFACE((
    (1.,1.)
    ,(0.677740792224,0.677740792224)
,(1.,1.))) REPRESENTATION_ITEM('') SURFACE() );
#2181 = CARTESIAN_POINT('',(22.179982242844,13.478074925861,
    21.117792509309));
#2182 = CARTESIAN_POINT('',(22.179982242844,13.478074925861,
    17.4437305662));
#2183 = CARTESIAN_POINT('',(21.779127414469,14.137735376201,
    21.117792509309));
#2184 = CARTESIAN_POINT('',(21.779127414469,14.137735376201,
    17.4437305662));
#2185 = CARTESIAN_POINT('',(21.15425599114,13.684555271299,
    21.117792509309));
#2186 = CARTESIAN_POINT('',(21.15425599114,13.684555271299,17.4437305662
    ));
#2187 = DEFINITIONAL_REPRESENTATION('',(#2188),#2192);
#2188 = B_SPLINE_CURVE_WITH_KNOTS('',2,(#2189,#2190,#2191),
  .UNSPECIFIED.,.F.,.F.,(3,3),(0.,3.674061943109E-03),
  .PIECEWISE_BEZIER_KNOTS.);
#2189 = CARTESIAN_POINT('',(2.198260087339,0.));
#2190 = CARTESIAN_POINT('',(2.198260087339,-1.837030971554E-03));
#2191 = CARTESIAN_POINT('',(2.198260087339,-3.674061943109E-03));
#2192 = ( GEOMETRIC_REPRESENTATION_CONTEXT(2) 
PARAMETRIC_REPRESENTATION_CONTEXT() REPRESENTATION_CONTEXT('2D SPACE',''
  ) );
#2193 = ORIENTED_EDGE('',*,*,#2194,.F.);
#2194 = EDGE_CURVE('',#2107,#2167,#2195,.T.);
#2195 = SURFACE_CURVE('',#2196,(#2199,#2205),.PCURVE_S1.);
#2196 = B_SPLINE_CURVE_WITH_KNOTS('',1,(#2197,#2198),.UNSPECIFIED.,.F.,
  .F.,(2,2),(5.311393726239E-04,1.369109958446E-02),
  .PIECEWISE_BEZIER_KNOTS.);
#2197 = CARTESIAN_POINT('',(10.501016580308,5.958427985742,17.4437305662
    ));
#2198 = CARTESIAN_POINT('',(21.15425599114,13.684555271299,17.4437305662
    ));
#2199 = PCURVE('',#2116,#2200);
#2200 = DEFINITIONAL_REPRESENTATION('',(#2201),#2204);
#2201 = B_SPLINE_CURVE_WITH_KNOTS('',1,(#2202,#2203),.UNSPECIFIED.,.F.,
  .F.,(2,2),(5.311393726239E-04,1.369109958446E-02),
  .PIECEWISE_BEZIER_KNOTS.);
#2202 = CARTESIAN_POINT('',(0.,0.));
#2203 = CARTESIAN_POINT('',(1.315996021184E-02,0.));
#2204 = ( GEOMETRIC_REPRESENTATION_CONTEXT(2) 
PARAMETRIC_REPRESENTATION_CONTEXT() REPRESENTATION_CONTEXT('2D SPACE',''
  ) );
#2205 = PCURVE('',#2206,#2211);
#2206 = B_SPLINE_SURFACE_WITH_KNOTS('',1,1,(
    (#2207,#2208)
    ,(#2209,#2210
    )),.UNSPECIFIED.,.F.,.F.,.F.,(2,2),(2,2),(-7.112294069963E-03,
    8.581721259939E-03),(-5.537360462184E-03,8.244361792773E-03),
  .PIECEWISE_BEZIER_KNOTS.);
#2207 = CARTESIAN_POINT('',(25.942860525472,3.835616029553E-02,
    17.4437305662));
#2208 = CARTESIAN_POINT('',(25.942860525472,13.820078415253,
    17.4437305662));
#2209 = CARTESIAN_POINT('',(10.248845195571,3.835616029553E-02,
    17.4437305662));
#2210 = CARTESIAN_POINT('',(10.248845195571,13.820078415253,
    17.4437305662));
#2211 = DEFINITIONAL_REPRESENTATION('',(#2212),#2215);
#2212 = B_SPLINE_CURVE_WITH_KNOTS('',1,(#2213,#2214),.UNSPECIFIED.,.F.,
  .F.,(2,2),(5.311393726239E-04,1.369109958446E-02),
  .PIECEWISE_BEZIER_KNOTS.);
#2213 = CARTESIAN_POINT('',(8.329549875202E-03,3.82711363262E-04));
#2214 = CARTESIAN_POINT('',(-2.32368953563E-03,8.108838648819E-03));
#2215 = ( GEOMETRIC_REPRESENTATION_CONTEXT(2) 
PARAMETRIC_REPRESENTATION_CONTEXT() REPRESENTATION_CONTEXT('2D SPACE',''
  ) );
#2216 = ADVANCED_FACE('',(#2217),#2180,.F.);
#2217 = FACE_BOUND('',#2218,.F.);
#2218 = EDGE_LOOP('',(#2219,#2250,#2271,#2272));
#2219 = ORIENTED_EDGE('',*,*,#2220,.T.);
#2220 = EDGE_CURVE('',#2221,#2223,#2225,.T.);
#2221 = VERTEX_POINT('',#2222);
#2222 = CARTESIAN_POINT('',(22.179982242844,13.478074925862,
    17.4437305662));
#2223 = VERTEX_POINT('',#2224);
#2224 = CARTESIAN_POINT('',(22.179982242844,13.478074925862,
    21.117792509309));
#2225 = SURFACE_CURVE('',#2226,(#2229,#2236),.PCURVE_S1.);
#2226 = B_SPLINE_CURVE_WITH_KNOTS('',1,(#2227,#2228),.UNSPECIFIED.,.F.,
  .F.,(2,2),(0.,3.674061943109E-03),.PIECEWISE_BEZIER_KNOTS.);
#2227 = CARTESIAN_POINT('',(22.179982242844,13.478074925861,
    17.4437305662));
#2228 = CARTESIAN_POINT('',(22.179982242844,13.478074925861,
    21.117792509309));
#2229 = PCURVE('',#2180,#2230);
#2230 = DEFINITIONAL_REPRESENTATION('',(#2231),#2235);
#2231 = B_SPLINE_CURVE_WITH_KNOTS('',2,(#2232,#2233,#2234),
  .UNSPECIFIED.,.F.,.F.,(3,3),(0.,3.674061943109E-03),
  .PIECEWISE_BEZIER_KNOTS.);
#2232 = CARTESIAN_POINT('',(0.546038978939,0.));
#2233 = CARTESIAN_POINT('',(0.546038978939,-1.837030971554E-03));
#2234 = CARTESIAN_POINT('',(0.546038978939,-3.674061943109E-03));
#2235 = ( GEOMETRIC_REPRESENTATION_CONTEXT(2) 
PARAMETRIC_REPRESENTATION_CONTEXT() REPRESENTATION_CONTEXT('2D SPACE',''
  ) );
#2236 = PCURVE('',#2237,#2244);
#2237 = ( BOUNDED_SURFACE() B_SPLINE_SURFACE(2,1,(
    (#2238,#2239)
    ,(#2240,#2241)
    ,(#2242,#2243
)),.UNSPECIFIED.,.F.,.F.,.F.) B_SPLINE_SURFACE_WITH_KNOTS((3,3),(2,2),(
    5.737146328241,6.253475696594),(-3.674061943109E-03,0.),
.PIECEWISE_BEZIER_KNOTS.) GEOMETRIC_REPRESENTATION_ITEM() 
RATIONAL_B_SPLINE_SURFACE((
    (1.,1.)
    ,(0.966860174289,0.966860174289)
,(1.,1.))) REPRESENTATION_ITEM('') SURFACE() );
#2238 = CARTESIAN_POINT('',(22.179982242844,13.478074925862,
    21.117792509309));
#2239 = CARTESIAN_POINT('',(22.179982242844,13.478074925862,
    17.4437305662));
#2240 = CARTESIAN_POINT('',(25.738966344792,7.621288654974,
    21.117792509309));
#2241 = CARTESIAN_POINT('',(25.738966344792,7.621288654974,17.4437305662
    ));
#2242 = CARTESIAN_POINT('',(25.942546551203,0.770969803976,
    21.117792509309));
#2243 = CARTESIAN_POINT('',(25.942546551203,0.770969803976,17.4437305662
    ));
#2244 = DEFINITIONAL_REPRESENTATION('',(#2245),#2249);
#2245 = B_SPLINE_CURVE_WITH_KNOTS('',2,(#2246,#2247,#2248),
  .UNSPECIFIED.,.F.,.F.,(3,3),(0.,3.674061943109E-03),
  .PIECEWISE_BEZIER_KNOTS.);
#2246 = CARTESIAN_POINT('',(5.737146328241,0.));
#2247 = CARTESIAN_POINT('',(5.737146328241,-1.837030971554E-03));
#2248 = CARTESIAN_POINT('',(5.737146328241,-3.674061943109E-03));
#2249 = ( GEOMETRIC_REPRESENTATION_CONTEXT(2) 
PARAMETRIC_REPRESENTATION_CONTEXT() REPRESENTATION_CONTEXT('2D SPACE',''
  ) );
#2250 = ORIENTED_EDGE('',*,*,#2251,.T.);
#2251 = EDGE_CURVE('',#2223,#2142,#2252,.T.);
#2252 = SURFACE_CURVE('',#2253,(#2257,#2264),.PCURVE_S1.);
#2253 = ( BOUNDED_CURVE() B_SPLINE_CURVE(2,(#2254,#2255,#2256),
.UNSPECIFIED.,.F.,.F.) B_SPLINE_CURVE_WITH_KNOTS((3,3),(0.546038978939,
2.198260087339),.PIECEWISE_BEZIER_KNOTS.) CURVE() 
GEOMETRIC_REPRESENTATION_ITEM() RATIONAL_B_SPLINE_CURVE((1.,
0.677740792224,1.)) REPRESENTATION_ITEM('') );
#2254 = CARTESIAN_POINT('',(22.179982242844,13.478074925861,
    21.117792509309));
#2255 = CARTESIAN_POINT('',(21.779127414469,14.137735376201,
    21.117792509309));
#2256 = CARTESIAN_POINT('',(21.15425599114,13.684555271299,
    21.117792509309));
#2257 = PCURVE('',#2180,#2258);
#2258 = DEFINITIONAL_REPRESENTATION('',(#2259),#2263);
#2259 = B_SPLINE_CURVE_WITH_KNOTS('',2,(#2260,#2261,#2262),
  .UNSPECIFIED.,.F.,.F.,(3,3),(0.546038978939,2.198260087339),
  .PIECEWISE_BEZIER_KNOTS.);
#2260 = CARTESIAN_POINT('',(0.546038978939,-3.674061943109E-03));
#2261 = CARTESIAN_POINT('',(1.372149533139,-3.674061943109E-03));
#2262 = CARTESIAN_POINT('',(2.198260087339,-3.674061943109E-03));
#2263 = ( GEOMETRIC_REPRESENTATION_CONTEXT(2) 
PARAMETRIC_REPRESENTATION_CONTEXT() REPRESENTATION_CONTEXT('2D SPACE',''
  ) );
#2264 = PCURVE('',#2155,#2265);
#2265 = DEFINITIONAL_REPRESENTATION('',(#2266),#2270);
#2266 = ( BOUNDED_CURVE() B_SPLINE_CURVE(2,(#2267,#2268,#2269),
.UNSPECIFIED.,.F.,.F.) B_SPLINE_CURVE_WITH_KNOTS((3,3),(0.546038978939,
2.198260087339),.PIECEWISE_BEZIER_KNOTS.) CURVE() 
GEOMETRIC_REPRESENTATION_ITEM() RATIONAL_B_SPLINE_CURVE((1.,
0.677740792224,1.)) REPRESENTATION_ITEM('') );
#2267 = CARTESIAN_POINT('',(-3.349415787334E-03,7.902358303382E-03));
#2268 = CARTESIAN_POINT('',(-2.94856095896E-03,8.562018753721E-03));
#2269 = CARTESIAN_POINT('',(-2.32368953563E-03,8.108838648819E-03));
#2270 = ( GEOMETRIC_REPRESENTATION_CONTEXT(2) 
PARAMETRIC_REPRESENTATION_CONTEXT() REPRESENTATION_CONTEXT('2D SPACE',''
  ) );
#2271 = ORIENTED_EDGE('',*,*,#2166,.F.);
#2272 = ORIENTED_EDGE('',*,*,#2273,.F.);
#2273 = EDGE_CURVE('',#2221,#2167,#2274,.T.);
#2274 = SURFACE_CURVE('',#2275,(#2279,#2286),.PCURVE_S1.);
#2275 = ( BOUNDED_CURVE() B_SPLINE_CURVE(2,(#2276,#2277,#2278),
.UNSPECIFIED.,.F.,.F.) B_SPLINE_CURVE_WITH_KNOTS((3,3),(0.546038978939,
2.198260087339),.PIECEWISE_BEZIER_KNOTS.) CURVE() 
GEOMETRIC_REPRESENTATION_ITEM() RATIONAL_B_SPLINE_CURVE((1.,
0.677740792224,1.)) REPRESENTATION_ITEM('') );
#2276 = CARTESIAN_POINT('',(22.179982242844,13.478074925861,
    17.4437305662));
#2277 = CARTESIAN_POINT('',(21.779127414469,14.137735376201,
    17.4437305662));
#2278 = CARTESIAN_POINT('',(21.15425599114,13.684555271299,17.4437305662
    ));
#2279 = PCURVE('',#2180,#2280);
#2280 = DEFINITIONAL_REPRESENTATION('',(#2281),#2285);
#2281 = B_SPLINE_CURVE_WITH_KNOTS('',2,(#2282,#2283,#2284),
  .UNSPECIFIED.,.F.,.F.,(3,3),(0.546038978939,2.198260087339),
  .PIECEWISE_BEZIER_KNOTS.);
#2282 = CARTESIAN_POINT('',(0.546038978939,0.));
#2283 = CARTESIAN_POINT('',(1.372149533139,0.));
#2284 = CARTESIAN_POINT('',(2.198260087339,0.));
#2285 = ( GEOMETRIC_REPRESENTATION_CONTEXT(2) 
PARAMETRIC_REPRESENTATION_CONTEXT() REPRESENTATION_CONTEXT('2D SPACE',''
  ) );
#2286 = PCURVE('',#2206,#2287);
#2287 = DEFINITIONAL_REPRESENTATION('',(#2288),#2292);
#2288 = ( BOUNDED_CURVE() B_SPLINE_CURVE(2,(#2289,#2290,#2291),
.UNSPECIFIED.,.F.,.F.) B_SPLINE_CURVE_WITH_KNOTS((3,3),(0.546038978939,
2.198260087339),.PIECEWISE_BEZIER_KNOTS.) CURVE() 
GEOMETRIC_REPRESENTATION_ITEM() RATIONAL_B_SPLINE_CURVE((1.,
0.677740792224,1.)) REPRESENTATION_ITEM('') );
#2289 = CARTESIAN_POINT('',(-3.349415787334E-03,7.902358303382E-03));
#2290 = CARTESIAN_POINT('',(-2.94856095896E-03,8.562018753721E-03));
#2291 = CARTESIAN_POINT('',(-2.32368953563E-03,8.108838648819E-03));
#2292 = ( GEOMETRIC_REPRESENTATION_CONTEXT(2) 
PARAMETRIC_REPRESENTATION_CONTEXT() REPRESENTATION_CONTEXT('2D SPACE',''
  ) );
#2293 = ADVANCED_FACE('',(#2294),#2237,.T.);
#2294 = FACE_BOUND('',#2295,.T.);
#2295 = EDGE_LOOP('',(#2296,#2297,#2320,#2349));
#2296 = ORIENTED_EDGE('',*,*,#2220,.T.);
#2297 = ORIENTED_EDGE('',*,*,#2298,.T.);
#2298 = EDGE_CURVE('',#2223,#2299,#2301,.T.);
#2299 = VERTEX_POINT('',#2300);
#2300 = CARTESIAN_POINT('',(25.942546551203,0.770969803976,
    21.117792509309));
#2301 = SURFACE_CURVE('',#2302,(#2306,#2313),.PCURVE_S1.);
#2302 = ( BOUNDED_CURVE() B_SPLINE_CURVE(2,(#2303,#2304,#2305),
.UNSPECIFIED.,.F.,.F.) B_SPLINE_CURVE_WITH_KNOTS((3,3),(5.737146328241,
6.253475696594),.PIECEWISE_BEZIER_KNOTS.) CURVE() 
GEOMETRIC_REPRESENTATION_ITEM() RATIONAL_B_SPLINE_CURVE((1.,
0.966860174289,1.)) REPRESENTATION_ITEM('') );
#2303 = CARTESIAN_POINT('',(22.179982242844,13.478074925862,
    21.117792509309));
#2304 = CARTESIAN_POINT('',(25.738966344792,7.621288654974,
    21.117792509309));
#2305 = CARTESIAN_POINT('',(25.942546551203,0.770969803976,
    21.117792509309));
#2306 = PCURVE('',#2237,#2307);
#2307 = DEFINITIONAL_REPRESENTATION('',(#2308),#2312);
#2308 = B_SPLINE_CURVE_WITH_KNOTS('',2,(#2309,#2310,#2311),
  .UNSPECIFIED.,.F.,.F.,(3,3),(5.737146328241,6.253475696594),
  .PIECEWISE_BEZIER_KNOTS.);
#2309 = CARTESIAN_POINT('',(5.737146328241,-3.674061943109E-03));
#2310 = CARTESIAN_POINT('',(5.995311012417,-3.674061943109E-03));
#2311 = CARTESIAN_POINT('',(6.253475696594,-3.674061943109E-03));
#2312 = ( GEOMETRIC_REPRESENTATION_CONTEXT(2) 
PARAMETRIC_REPRESENTATION_CONTEXT() REPRESENTATION_CONTEXT('2D SPACE',''
  ) );
#2313 = PCURVE('',#2155,#2314);
#2314 = DEFINITIONAL_REPRESENTATION('',(#2315),#2319);
#2315 = ( BOUNDED_CURVE() B_SPLINE_CURVE(2,(#2316,#2317,#2318),
.UNSPECIFIED.,.F.,.F.) B_SPLINE_CURVE_WITH_KNOTS((3,3),(5.737146328241,
6.253475696594),.PIECEWISE_BEZIER_KNOTS.) CURVE() 
GEOMETRIC_REPRESENTATION_ITEM() RATIONAL_B_SPLINE_CURVE((1.,
0.966860174289,1.)) REPRESENTATION_ITEM('') );
#2316 = CARTESIAN_POINT('',(-3.349415787334E-03,7.902358303382E-03));
#2317 = CARTESIAN_POINT('',(-6.908399889283E-03,2.045572032494E-03));
#2318 = CARTESIAN_POINT('',(-7.111980095694E-03,-4.804746818504E-03));
#2319 = ( GEOMETRIC_REPRESENTATION_CONTEXT(2) 
PARAMETRIC_REPRESENTATION_CONTEXT() REPRESENTATION_CONTEXT('2D SPACE',''
  ) );
#2320 = ORIENTED_EDGE('',*,*,#2321,.F.);
#2321 = EDGE_CURVE('',#2322,#2299,#2324,.T.);
#2322 = VERTEX_POINT('',#2323);
#2323 = CARTESIAN_POINT('',(25.942546551203,0.770969803976,17.4437305662
    ));
#2324 = SURFACE_CURVE('',#2325,(#2328,#2335),.PCURVE_S1.);
#2325 = B_SPLINE_CURVE_WITH_KNOTS('',1,(#2326,#2327),.UNSPECIFIED.,.F.,
  .F.,(2,2),(0.,3.674061943109E-03),.PIECEWISE_BEZIER_KNOTS.);
#2326 = CARTESIAN_POINT('',(25.942546551203,0.770969803976,17.4437305662
    ));
#2327 = CARTESIAN_POINT('',(25.942546551203,0.770969803976,
    21.117792509309));
#2328 = PCURVE('',#2237,#2329);
#2329 = DEFINITIONAL_REPRESENTATION('',(#2330),#2334);
#2330 = B_SPLINE_CURVE_WITH_KNOTS('',2,(#2331,#2332,#2333),
  .UNSPECIFIED.,.F.,.F.,(3,3),(0.,3.674061943109E-03),
  .PIECEWISE_BEZIER_KNOTS.);
#2331 = CARTESIAN_POINT('',(6.253475696594,0.));
#2332 = CARTESIAN_POINT('',(6.253475696594,-1.837030971554E-03));
#2333 = CARTESIAN_POINT('',(6.253475696594,-3.674061943109E-03));
#2334 = ( GEOMETRIC_REPRESENTATION_CONTEXT(2) 
PARAMETRIC_REPRESENTATION_CONTEXT() REPRESENTATION_CONTEXT('2D SPACE',''
  ) );
#2335 = PCURVE('',#2336,#2343);
#2336 = ( BOUNDED_SURFACE() B_SPLINE_SURFACE(2,1,(
    (#2337,#2338)
    ,(#2339,#2340)
    ,(#2341,#2342
)),.UNSPECIFIED.,.F.,.F.,.F.) B_SPLINE_SURFACE_WITH_KNOTS((3,3),(2,2),(
    4.660673809365,6.312894917766),(-3.674061943109E-03,0.),
.PIECEWISE_BEZIER_KNOTS.) GEOMETRIC_REPRESENTATION_ITEM() 
RATIONAL_B_SPLINE_SURFACE((
    (1.,1.)
    ,(0.677740792224,0.677740792224)
,(1.,1.))) REPRESENTATION_ITEM('') SURFACE() );
#2337 = CARTESIAN_POINT('',(25.194603677046,3.930735893455E-02,
    21.117792509309));
#2338 = CARTESIAN_POINT('',(25.194603677046,3.930735893455E-02,
    17.4437305662));
#2339 = CARTESIAN_POINT('',(25.965476158744,-5.940211682729E-04,
    21.117792509309));
#2340 = CARTESIAN_POINT('',(25.965476158744,-5.940211682729E-04,
    17.4437305662));
#2341 = CARTESIAN_POINT('',(25.942546551203,0.770969803976,
    21.117792509309));
#2342 = CARTESIAN_POINT('',(25.942546551203,0.770969803976,17.4437305662
    ));
#2343 = DEFINITIONAL_REPRESENTATION('',(#2344),#2348);
#2344 = B_SPLINE_CURVE_WITH_KNOTS('',2,(#2345,#2346,#2347),
  .UNSPECIFIED.,.F.,.F.,(3,3),(0.,3.674061943109E-03),
  .PIECEWISE_BEZIER_KNOTS.);
#2345 = CARTESIAN_POINT('',(6.312894917766,0.));
#2346 = CARTESIAN_POINT('',(6.312894917766,-1.837030971554E-03));
#2347 = CARTESIAN_POINT('',(6.312894917766,-3.674061943109E-03));
#2348 = ( GEOMETRIC_REPRESENTATION_CONTEXT(2) 
PARAMETRIC_REPRESENTATION_CONTEXT() REPRESENTATION_CONTEXT('2D SPACE',''
  ) );
#2349 = ORIENTED_EDGE('',*,*,#2350,.F.);
#2350 = EDGE_CURVE('',#2221,#2322,#2351,.T.);
#2351 = SURFACE_CURVE('',#2352,(#2356,#2363),.PCURVE_S1.);
#2352 = ( BOUNDED_CURVE() B_SPLINE_CURVE(2,(#2353,#2354,#2355),
.UNSPECIFIED.,.F.,.F.) B_SPLINE_CURVE_WITH_KNOTS((3,3),(5.737146328241,
6.253475696594),.PIECEWISE_BEZIER_KNOTS.) CURVE() 
GEOMETRIC_REPRESENTATION_ITEM() RATIONAL_B_SPLINE_CURVE((1.,
0.966860174289,1.)) REPRESENTATION_ITEM('') );
#2353 = CARTESIAN_POINT('',(22.179982242844,13.478074925862,
    17.4437305662));
#2354 = CARTESIAN_POINT('',(25.738966344792,7.621288654974,17.4437305662
    ));
#2355 = CARTESIAN_POINT('',(25.942546551203,0.770969803976,17.4437305662
    ));
#2356 = PCURVE('',#2237,#2357);
#2357 = DEFINITIONAL_REPRESENTATION('',(#2358),#2362);
#2358 = B_SPLINE_CURVE_WITH_KNOTS('',2,(#2359,#2360,#2361),
  .UNSPECIFIED.,.F.,.F.,(3,3),(5.737146328241,6.253475696594),
  .PIECEWISE_BEZIER_KNOTS.);
#2359 = CARTESIAN_POINT('',(5.737146328241,0.));
#2360 = CARTESIAN_POINT('',(5.995311012417,0.));
#2361 = CARTESIAN_POINT('',(6.253475696594,0.));
#2362 = ( GEOMETRIC_REPRESENTATION_CONTEXT(2) 
PARAMETRIC_REPRESENTATION_CONTEXT() REPRESENTATION_CONTEXT('2D SPACE',''
  ) );
#2363 = PCURVE('',#2206,#2364);
#2364 = DEFINITIONAL_REPRESENTATION('',(#2365),#2369);
#2365 = ( BOUNDED_CURVE() B_SPLINE_CURVE(2,(#2366,#2367,#2368),
.UNSPECIFIED.,.F.,.F.) B_SPLINE_CURVE_WITH_KNOTS((3,3),(5.737146328241,
6.253475696594),.PIECEWISE_BEZIER_KNOTS.) CURVE() 
GEOMETRIC_REPRESENTATION_ITEM() RATIONAL_B_SPLINE_CURVE((1.,
0.966860174289,1.)) REPRESENTATION_ITEM('') );
#2366 = CARTESIAN_POINT('',(-3.349415787334E-03,7.902358303382E-03));
#2367 = CARTESIAN_POINT('',(-6.908399889283E-03,2.045572032494E-03));
#2368 = CARTESIAN_POINT('',(-7.111980095694E-03,-4.804746818504E-03));
#2369 = ( GEOMETRIC_REPRESENTATION_CONTEXT(2) 
PARAMETRIC_REPRESENTATION_CONTEXT() REPRESENTATION_CONTEXT('2D SPACE',''
  ) );
#2370 = ADVANCED_FACE('',(#2371),#2336,.F.);
#2371 = FACE_BOUND('',#2372,.F.);
#2372 = EDGE_LOOP('',(#2373,#2401,#2422,#2423));
#2373 = ORIENTED_EDGE('',*,*,#2374,.T.);
#2374 = EDGE_CURVE('',#2375,#2377,#2379,.T.);
#2375 = VERTEX_POINT('',#2376);
#2376 = CARTESIAN_POINT('',(25.194603677046,3.930735893454E-02,
    17.4437305662));
#2377 = VERTEX_POINT('',#2378);
#2378 = CARTESIAN_POINT('',(25.194603677046,3.930735893454E-02,
    21.117792509309));
#2379 = SURFACE_CURVE('',#2380,(#2383,#2390),.PCURVE_S1.);
#2380 = B_SPLINE_CURVE_WITH_KNOTS('',1,(#2381,#2382),.UNSPECIFIED.,.F.,
  .F.,(2,2),(0.,3.674061943109E-03),.PIECEWISE_BEZIER_KNOTS.);
#2381 = CARTESIAN_POINT('',(25.194603677046,3.930735893454E-02,
    17.4437305662));
#2382 = CARTESIAN_POINT('',(25.194603677046,3.930735893454E-02,
    21.117792509309));
#2383 = PCURVE('',#2336,#2384);
#2384 = DEFINITIONAL_REPRESENTATION('',(#2385),#2389);
#2385 = B_SPLINE_CURVE_WITH_KNOTS('',2,(#2386,#2387,#2388),
  .UNSPECIFIED.,.F.,.F.,(3,3),(0.,3.674061943109E-03),
  .PIECEWISE_BEZIER_KNOTS.);
#2386 = CARTESIAN_POINT('',(4.660673809365,0.));
#2387 = CARTESIAN_POINT('',(4.660673809365,-1.837030971554E-03));
#2388 = CARTESIAN_POINT('',(4.660673809365,-3.674061943109E-03));
#2389 = ( GEOMETRIC_REPRESENTATION_CONTEXT(2) 
PARAMETRIC_REPRESENTATION_CONTEXT() REPRESENTATION_CONTEXT('2D SPACE',''
  ) );
#2390 = PCURVE('',#2391,#2396);
#2391 = B_SPLINE_SURFACE_WITH_KNOTS('',1,1,(
    (#2392,#2393)
    ,(#2394,#2395
    )),.UNSPECIFIED.,.F.,.F.,.F.,(2,2),(2,2),(0.,1.315996021184E-02),(
    -3.674061943109E-03,0.),.PIECEWISE_BEZIER_KNOTS.);
#2392 = CARTESIAN_POINT('',(25.194603677046,3.930735893454E-02,
    21.117792509309));
#2393 = CARTESIAN_POINT('',(25.194603677046,3.930735893454E-02,
    17.4437305662));
#2394 = CARTESIAN_POINT('',(12.052237429936,0.719573633223,
    21.117792509309));
#2395 = CARTESIAN_POINT('',(12.052237429936,0.719573633223,17.4437305662
    ));
#2396 = DEFINITIONAL_REPRESENTATION('',(#2397),#2400);
#2397 = B_SPLINE_CURVE_WITH_KNOTS('',1,(#2398,#2399),.UNSPECIFIED.,.F.,
  .F.,(2,2),(0.,3.674061943109E-03),.PIECEWISE_BEZIER_KNOTS.);
#2398 = CARTESIAN_POINT('',(0.,0.));
#2399 = CARTESIAN_POINT('',(0.,-3.674061943109E-03));
#2400 = ( GEOMETRIC_REPRESENTATION_CONTEXT(2) 
PARAMETRIC_REPRESENTATION_CONTEXT() REPRESENTATION_CONTEXT('2D SPACE',''
  ) );
#2401 = ORIENTED_EDGE('',*,*,#2402,.T.);
#2402 = EDGE_CURVE('',#2377,#2299,#2403,.T.);
#2403 = SURFACE_CURVE('',#2404,(#2408,#2415),.PCURVE_S1.);
#2404 = ( BOUNDED_CURVE() B_SPLINE_CURVE(2,(#2405,#2406,#2407),
.UNSPECIFIED.,.F.,.F.) B_SPLINE_CURVE_WITH_KNOTS((3,3),(4.660673809365,
6.312894917766),.PIECEWISE_BEZIER_KNOTS.) CURVE() 
GEOMETRIC_REPRESENTATION_ITEM() RATIONAL_B_SPLINE_CURVE((1.,
0.677740792224,1.)) REPRESENTATION_ITEM('') );
#2405 = CARTESIAN_POINT('',(25.194603677046,3.930735893455E-02,
    21.117792509309));
#2406 = CARTESIAN_POINT('',(25.965476158744,-5.940211682729E-04,
    21.117792509309));
#2407 = CARTESIAN_POINT('',(25.942546551203,0.770969803976,
    21.117792509309));
#2408 = PCURVE('',#2336,#2409);
#2409 = DEFINITIONAL_REPRESENTATION('',(#2410),#2414);
#2410 = B_SPLINE_CURVE_WITH_KNOTS('',2,(#2411,#2412,#2413),
  .UNSPECIFIED.,.F.,.F.,(3,3),(4.660673809365,6.312894917766),
  .PIECEWISE_BEZIER_KNOTS.);
#2411 = CARTESIAN_POINT('',(4.660673809365,-3.674061943109E-03));
#2412 = CARTESIAN_POINT('',(5.486784363566,-3.674061943109E-03));
#2413 = CARTESIAN_POINT('',(6.312894917766,-3.674061943109E-03));
#2414 = ( GEOMETRIC_REPRESENTATION_CONTEXT(2) 
PARAMETRIC_REPRESENTATION_CONTEXT() REPRESENTATION_CONTEXT('2D SPACE',''
  ) );
#2415 = PCURVE('',#2155,#2416);
#2416 = DEFINITIONAL_REPRESENTATION('',(#2417),#2421);
#2417 = ( BOUNDED_CURVE() B_SPLINE_CURVE(2,(#2418,#2419,#2420),
.UNSPECIFIED.,.F.,.F.) B_SPLINE_CURVE_WITH_KNOTS((3,3),(4.660673809365,
6.312894917766),.PIECEWISE_BEZIER_KNOTS.) CURVE() 
GEOMETRIC_REPRESENTATION_ITEM() RATIONAL_B_SPLINE_CURVE((1.,
0.677740792224,1.)) REPRESENTATION_ITEM('') );
#2418 = CARTESIAN_POINT('',(-6.364037221537E-03,-5.536409263545E-03));
#2419 = CARTESIAN_POINT('',(-7.134909703235E-03,-5.576310643648E-03));
#2420 = CARTESIAN_POINT('',(-7.111980095694E-03,-4.804746818504E-03));
#2421 = ( GEOMETRIC_REPRESENTATION_CONTEXT(2) 
PARAMETRIC_REPRESENTATION_CONTEXT() REPRESENTATION_CONTEXT('2D SPACE',''
  ) );
#2422 = ORIENTED_EDGE('',*,*,#2321,.F.);
#2423 = ORIENTED_EDGE('',*,*,#2424,.F.);
#2424 = EDGE_CURVE('',#2375,#2322,#2425,.T.);
#2425 = SURFACE_CURVE('',#2426,(#2430,#2437),.PCURVE_S1.);
#2426 = ( BOUNDED_CURVE() B_SPLINE_CURVE(2,(#2427,#2428,#2429),
.UNSPECIFIED.,.F.,.F.) B_SPLINE_CURVE_WITH_KNOTS((3,3),(4.660673809365,
6.312894917766),.PIECEWISE_BEZIER_KNOTS.) CURVE() 
GEOMETRIC_REPRESENTATION_ITEM() RATIONAL_B_SPLINE_CURVE((1.,
0.677740792224,1.)) REPRESENTATION_ITEM('') );
#2427 = CARTESIAN_POINT('',(25.194603677046,3.930735893455E-02,
    17.4437305662));
#2428 = CARTESIAN_POINT('',(25.965476158744,-5.940211682729E-04,
    17.4437305662));
#2429 = CARTESIAN_POINT('',(25.942546551203,0.770969803976,17.4437305662
    ));
#2430 = PCURVE('',#2336,#2431);
#2431 = DEFINITIONAL_REPRESENTATION('',(#2432),#2436);
#2432 = B_SPLINE_CURVE_WITH_KNOTS('',2,(#2433,#2434,#2435),
  .UNSPECIFIED.,.F.,.F.,(3,3),(4.660673809365,6.312894917766),
  .PIECEWISE_BEZIER_KNOTS.);
#2433 = CARTESIAN_POINT('',(4.660673809365,0.));
#2434 = CARTESIAN_POINT('',(5.486784363566,0.));
#2435 = CARTESIAN_POINT('',(6.312894917766,0.));
#2436 = ( GEOMETRIC_REPRESENTATION_CONTEXT(2) 
PARAMETRIC_REPRESENTATION_CONTEXT() REPRESENTATION_CONTEXT('2D SPACE',''
  ) );
#2437 = PCURVE('',#2206,#2438);
#2438 = DEFINITIONAL_REPRESENTATION('',(#2439),#2443);
#2439 = ( BOUNDED_CURVE() B_SPLINE_CURVE(2,(#2440,#2441,#2442),
.UNSPECIFIED.,.F.,.F.) B_SPLINE_CURVE_WITH_KNOTS((3,3),(4.660673809365,
6.312894917766),.PIECEWISE_BEZIER_KNOTS.) CURVE() 
GEOMETRIC_REPRESENTATION_ITEM() RATIONAL_B_SPLINE_CURVE((1.,
0.677740792224,1.)) REPRESENTATION_ITEM('') );
#2440 = CARTESIAN_POINT('',(-6.364037221537E-03,-5.536409263545E-03));
#2441 = CARTESIAN_POINT('',(-7.134909703235E-03,-5.576310643648E-03));
#2442 = CARTESIAN_POINT('',(-7.111980095694E-03,-4.804746818504E-03));
#2443 = ( GEOMETRIC_REPRESENTATION_CONTEXT(2) 
PARAMETRIC_REPRESENTATION_CONTEXT() REPRESENTATION_CONTEXT('2D SPACE',''
  ) );
#2444 = ADVANCED_FACE('',(#2445),#2391,.T.);
#2445 = FACE_BOUND('',#2446,.T.);
#2446 = EDGE_LOOP('',(#2447,#2448,#2468,#2496));
#2447 = ORIENTED_EDGE('',*,*,#2374,.T.);
#2448 = ORIENTED_EDGE('',*,*,#2449,.T.);
#2449 = EDGE_CURVE('',#2377,#2450,#2452,.T.);
#2450 = VERTEX_POINT('',#2451);
#2451 = CARTESIAN_POINT('',(12.052237429936,0.719573633223,
    21.117792509309));
#2452 = SURFACE_CURVE('',#2453,(#2456,#2462),.PCURVE_S1.);
#2453 = B_SPLINE_CURVE_WITH_KNOTS('',1,(#2454,#2455),.UNSPECIFIED.,.F.,
  .F.,(2,2),(7.604129429344E-04,1.392037315477E-02),
  .PIECEWISE_BEZIER_KNOTS.);
#2454 = CARTESIAN_POINT('',(25.194603677046,3.930735893454E-02,
    21.117792509309));
#2455 = CARTESIAN_POINT('',(12.052237429936,0.719573633223,
    21.117792509309));
#2456 = PCURVE('',#2391,#2457);
#2457 = DEFINITIONAL_REPRESENTATION('',(#2458),#2461);
#2458 = B_SPLINE_CURVE_WITH_KNOTS('',1,(#2459,#2460),.UNSPECIFIED.,.F.,
  .F.,(2,2),(7.604129429344E-04,1.392037315477E-02),
  .PIECEWISE_BEZIER_KNOTS.);
#2459 = CARTESIAN_POINT('',(0.,-3.674061943109E-03));
#2460 = CARTESIAN_POINT('',(1.315996021184E-02,-3.674061943109E-03));
#2461 = ( GEOMETRIC_REPRESENTATION_CONTEXT(2) 
PARAMETRIC_REPRESENTATION_CONTEXT() REPRESENTATION_CONTEXT('2D SPACE',''
  ) );
#2462 = PCURVE('',#2155,#2463);
#2463 = DEFINITIONAL_REPRESENTATION('',(#2464),#2467);
#2464 = B_SPLINE_CURVE_WITH_KNOTS('',1,(#2465,#2466),.UNSPECIFIED.,.F.,
  .F.,(2,2),(7.604129429344E-04,1.392037315477E-02),
  .PIECEWISE_BEZIER_KNOTS.);
#2465 = CARTESIAN_POINT('',(-6.364037221537E-03,-5.536409263545E-03));
#2466 = CARTESIAN_POINT('',(6.778329025574E-03,-4.856142989256E-03));
#2467 = ( GEOMETRIC_REPRESENTATION_CONTEXT(2) 
PARAMETRIC_REPRESENTATION_CONTEXT() REPRESENTATION_CONTEXT('2D SPACE',''
  ) );
#2468 = ORIENTED_EDGE('',*,*,#2469,.F.);
#2469 = EDGE_CURVE('',#2470,#2450,#2472,.T.);
#2470 = VERTEX_POINT('',#2471);
#2471 = CARTESIAN_POINT('',(12.052237429936,0.719573633223,17.4437305662
    ));
#2472 = SURFACE_CURVE('',#2473,(#2476,#2482),.PCURVE_S1.);
#2473 = B_SPLINE_CURVE_WITH_KNOTS('',1,(#2474,#2475),.UNSPECIFIED.,.F.,
  .F.,(2,2),(0.,3.674061943109E-03),.PIECEWISE_BEZIER_KNOTS.);
#2474 = CARTESIAN_POINT('',(12.052237429936,0.719573633223,17.4437305662
    ));
#2475 = CARTESIAN_POINT('',(12.052237429936,0.719573633223,
    21.117792509309));
#2476 = PCURVE('',#2391,#2477);
#2477 = DEFINITIONAL_REPRESENTATION('',(#2478),#2481);
#2478 = B_SPLINE_CURVE_WITH_KNOTS('',1,(#2479,#2480),.UNSPECIFIED.,.F.,
  .F.,(2,2),(0.,3.674061943109E-03),.PIECEWISE_BEZIER_KNOTS.);
#2479 = CARTESIAN_POINT('',(1.315996021184E-02,0.));
#2480 = CARTESIAN_POINT('',(1.315996021184E-02,-3.674061943109E-03));
#2481 = ( GEOMETRIC_REPRESENTATION_CONTEXT(2) 
PARAMETRIC_REPRESENTATION_CONTEXT() REPRESENTATION_CONTEXT('2D SPACE',''
  ) );
#2482 = PCURVE('',#2483,#2490);
#2483 = ( BOUNDED_SURFACE() B_SPLINE_SURFACE(2,1,(
    (#2484,#2485)
    ,(#2486,#2487)
    ,(#2488,#2489
)),.UNSPECIFIED.,.F.,.F.,.F.) B_SPLINE_SURFACE_WITH_KNOTS((3,3),(2,2),(
    4.764104151404,6.173604429653),(-3.674061943109E-03,0.),
.PIECEWISE_BEZIER_KNOTS.) GEOMETRIC_REPRESENTATION_ITEM() 
RATIONAL_B_SPLINE_SURFACE((
    (1.,1.)
    ,(0.761773446286,0.761773446286)
,(1.,1.))) REPRESENTATION_ITEM('') SURFACE() );
#2484 = CARTESIAN_POINT('',(12.052237429936,0.719573633223,
    21.117792509309));
#2485 = CARTESIAN_POINT('',(12.052237429936,0.719573633223,17.4437305662
    ));
#2486 = CARTESIAN_POINT('',(11.533548030913,0.746421683137,
    21.117792509309));
#2487 = CARTESIAN_POINT('',(11.533548030913,0.746421683137,17.4437305662
    ));
#2488 = CARTESIAN_POINT('',(11.476747336861,1.262690209776,
    21.117792509309));
#2489 = CARTESIAN_POINT('',(11.476747336861,1.262690209776,17.4437305662
    ));
#2490 = DEFINITIONAL_REPRESENTATION('',(#2491),#2495);
#2491 = B_SPLINE_CURVE_WITH_KNOTS('',2,(#2492,#2493,#2494),
  .UNSPECIFIED.,.F.,.F.,(3,3),(0.,3.674061943109E-03),
  .PIECEWISE_BEZIER_KNOTS.);
#2492 = CARTESIAN_POINT('',(4.764104151404,0.));
#2493 = CARTESIAN_POINT('',(4.764104151404,-1.837030971554E-03));
#2494 = CARTESIAN_POINT('',(4.764104151404,-3.674061943109E-03));
#2495 = ( GEOMETRIC_REPRESENTATION_CONTEXT(2) 
PARAMETRIC_REPRESENTATION_CONTEXT() REPRESENTATION_CONTEXT('2D SPACE',''
  ) );
#2496 = ORIENTED_EDGE('',*,*,#2497,.F.);
#2497 = EDGE_CURVE('',#2375,#2470,#2498,.T.);
#2498 = SURFACE_CURVE('',#2499,(#2502,#2508),.PCURVE_S1.);
#2499 = B_SPLINE_CURVE_WITH_KNOTS('',1,(#2500,#2501),.UNSPECIFIED.,.F.,
  .F.,(2,2),(7.604129429344E-04,1.392037315477E-02),
  .PIECEWISE_BEZIER_KNOTS.);
#2500 = CARTESIAN_POINT('',(25.194603677046,3.930735893454E-02,
    17.4437305662));
#2501 = CARTESIAN_POINT('',(12.052237429936,0.719573633223,17.4437305662
    ));
#2502 = PCURVE('',#2391,#2503);
#2503 = DEFINITIONAL_REPRESENTATION('',(#2504),#2507);
#2504 = B_SPLINE_CURVE_WITH_KNOTS('',1,(#2505,#2506),.UNSPECIFIED.,.F.,
  .F.,(2,2),(7.604129429344E-04,1.392037315477E-02),
  .PIECEWISE_BEZIER_KNOTS.);
#2505 = CARTESIAN_POINT('',(0.,0.));
#2506 = CARTESIAN_POINT('',(1.315996021184E-02,0.));
#2507 = ( GEOMETRIC_REPRESENTATION_CONTEXT(2) 
PARAMETRIC_REPRESENTATION_CONTEXT() REPRESENTATION_CONTEXT('2D SPACE',''
  ) );
#2508 = PCURVE('',#2206,#2509);
#2509 = DEFINITIONAL_REPRESENTATION('',(#2510),#2513);
#2510 = B_SPLINE_CURVE_WITH_KNOTS('',1,(#2511,#2512),.UNSPECIFIED.,.F.,
  .F.,(2,2),(7.604129429344E-04,1.392037315477E-02),
  .PIECEWISE_BEZIER_KNOTS.);
#2511 = CARTESIAN_POINT('',(-6.364037221537E-03,-5.536409263545E-03));
#2512 = CARTESIAN_POINT('',(6.778329025574E-03,-4.856142989256E-03));
#2513 = ( GEOMETRIC_REPRESENTATION_CONTEXT(2) 
PARAMETRIC_REPRESENTATION_CONTEXT() REPRESENTATION_CONTEXT('2D SPACE',''
  ) );
#2514 = ADVANCED_FACE('',(#2515),#2483,.T.);
#2515 = FACE_BOUND('',#2516,.T.);
#2516 = EDGE_LOOP('',(#2517,#2518,#2541,#2570));
#2517 = ORIENTED_EDGE('',*,*,#2469,.T.);
#2518 = ORIENTED_EDGE('',*,*,#2519,.T.);
#2519 = EDGE_CURVE('',#2450,#2520,#2522,.T.);
#2520 = VERTEX_POINT('',#2521);
#2521 = CARTESIAN_POINT('',(11.476747336861,1.262690209776,
    21.117792509309));
#2522 = SURFACE_CURVE('',#2523,(#2527,#2534),.PCURVE_S1.);
#2523 = ( BOUNDED_CURVE() B_SPLINE_CURVE(2,(#2524,#2525,#2526),
.UNSPECIFIED.,.F.,.F.) B_SPLINE_CURVE_WITH_KNOTS((3,3),(4.764104151404,
6.173604429653),.PIECEWISE_BEZIER_KNOTS.) CURVE() 
GEOMETRIC_REPRESENTATION_ITEM() RATIONAL_B_SPLINE_CURVE((1.,
0.761773446286,1.)) REPRESENTATION_ITEM('') );
#2524 = CARTESIAN_POINT('',(12.052237429936,0.719573633223,
    21.117792509309));
#2525 = CARTESIAN_POINT('',(11.533548030913,0.746421683137,
    21.117792509309));
#2526 = CARTESIAN_POINT('',(11.476747336861,1.262690209776,
    21.117792509309));
#2527 = PCURVE('',#2483,#2528);
#2528 = DEFINITIONAL_REPRESENTATION('',(#2529),#2533);
#2529 = B_SPLINE_CURVE_WITH_KNOTS('',2,(#2530,#2531,#2532),
  .UNSPECIFIED.,.F.,.F.,(3,3),(4.764104151404,6.173604429653),
  .PIECEWISE_BEZIER_KNOTS.);
#2530 = CARTESIAN_POINT('',(4.764104151404,-3.674061943109E-03));
#2531 = CARTESIAN_POINT('',(5.468854290529,-3.674061943109E-03));
#2532 = CARTESIAN_POINT('',(6.173604429653,-3.674061943109E-03));
#2533 = ( GEOMETRIC_REPRESENTATION_CONTEXT(2) 
PARAMETRIC_REPRESENTATION_CONTEXT() REPRESENTATION_CONTEXT('2D SPACE',''
  ) );
#2534 = PCURVE('',#2155,#2535);
#2535 = DEFINITIONAL_REPRESENTATION('',(#2536),#2540);
#2536 = ( BOUNDED_CURVE() B_SPLINE_CURVE(2,(#2537,#2538,#2539),
.UNSPECIFIED.,.F.,.F.) B_SPLINE_CURVE_WITH_KNOTS((3,3),(4.764104151404,
6.173604429653),.PIECEWISE_BEZIER_KNOTS.) CURVE() 
GEOMETRIC_REPRESENTATION_ITEM() RATIONAL_B_SPLINE_CURVE((1.,
0.761773446286,1.)) REPRESENTATION_ITEM('') );
#2537 = CARTESIAN_POINT('',(6.778329025574E-03,-4.856142989256E-03));
#2538 = CARTESIAN_POINT('',(7.297018424596E-03,-4.829294939343E-03));
#2539 = CARTESIAN_POINT('',(7.353819118649E-03,-4.313026412704E-03));
#2540 = ( GEOMETRIC_REPRESENTATION_CONTEXT(2) 
PARAMETRIC_REPRESENTATION_CONTEXT() REPRESENTATION_CONTEXT('2D SPACE',''
  ) );
#2541 = ORIENTED_EDGE('',*,*,#2542,.F.);
#2542 = EDGE_CURVE('',#2543,#2520,#2545,.T.);
#2543 = VERTEX_POINT('',#2544);
#2544 = CARTESIAN_POINT('',(11.476747336861,1.262690209776,17.4437305662
    ));
#2545 = SURFACE_CURVE('',#2546,(#2549,#2556),.PCURVE_S1.);
#2546 = B_SPLINE_CURVE_WITH_KNOTS('',1,(#2547,#2548),.UNSPECIFIED.,.F.,
  .F.,(2,2),(0.,3.674061943109E-03),.PIECEWISE_BEZIER_KNOTS.);
#2547 = CARTESIAN_POINT('',(11.476747336861,1.262690209776,17.4437305662
    ));
#2548 = CARTESIAN_POINT('',(11.476747336861,1.262690209776,
    21.117792509309));
#2549 = PCURVE('',#2483,#2550);
#2550 = DEFINITIONAL_REPRESENTATION('',(#2551),#2555);
#2551 = B_SPLINE_CURVE_WITH_KNOTS('',2,(#2552,#2553,#2554),
  .UNSPECIFIED.,.F.,.F.,(3,3),(0.,3.674061943109E-03),
  .PIECEWISE_BEZIER_KNOTS.);
#2552 = CARTESIAN_POINT('',(6.173604429653,0.));
#2553 = CARTESIAN_POINT('',(6.173604429653,-1.837030971554E-03));
#2554 = CARTESIAN_POINT('',(6.173604429653,-3.674061943109E-03));
#2555 = ( GEOMETRIC_REPRESENTATION_CONTEXT(2) 
PARAMETRIC_REPRESENTATION_CONTEXT() REPRESENTATION_CONTEXT('2D SPACE',''
  ) );
#2556 = PCURVE('',#2557,#2564);
#2557 = ( BOUNDED_SURFACE() B_SPLINE_SURFACE(2,1,(
    (#2558,#2559)
    ,(#2560,#2561)
    ,(#2562,#2563
)),.UNSPECIFIED.,.F.,.F.,.F.) B_SPLINE_SURFACE_WITH_KNOTS((3,3),(2,2),(
    3.251173531116,3.607760365589),(-3.674061943109E-03,0.),
.PIECEWISE_BEZIER_KNOTS.) GEOMETRIC_REPRESENTATION_ITEM() 
RATIONAL_B_SPLINE_SURFACE((
    (1.,1.)
    ,(0.984147788739,0.984147788739)
,(1.,1.))) REPRESENTATION_ITEM('') SURFACE() );
#2558 = CARTESIAN_POINT('',(11.476747336861,1.262690209775,
    21.117792509309));
#2559 = CARTESIAN_POINT('',(11.476747336861,1.262690209775,17.4437305662
    ));
#2560 = CARTESIAN_POINT('',(11.24920174496,3.330880210492,
    21.117792509309));
#2561 = CARTESIAN_POINT('',(11.24920174496,3.330880210492,17.4437305662)
  );
#2562 = CARTESIAN_POINT('',(10.314010945096,5.18953699519,
    21.117792509309));
#2563 = CARTESIAN_POINT('',(10.314010945096,5.18953699519,17.4437305662)
  );
#2564 = DEFINITIONAL_REPRESENTATION('',(#2565),#2569);
#2565 = B_SPLINE_CURVE_WITH_KNOTS('',2,(#2566,#2567,#2568),
  .UNSPECIFIED.,.F.,.F.,(3,3),(0.,3.674061943109E-03),
  .PIECEWISE_BEZIER_KNOTS.);
#2566 = CARTESIAN_POINT('',(3.251173531116,0.));
#2567 = CARTESIAN_POINT('',(3.251173531116,-1.837030971554E-03));
#2568 = CARTESIAN_POINT('',(3.251173531116,-3.674061943109E-03));
#2569 = ( GEOMETRIC_REPRESENTATION_CONTEXT(2) 
PARAMETRIC_REPRESENTATION_CONTEXT() REPRESENTATION_CONTEXT('2D SPACE',''
  ) );
#2570 = ORIENTED_EDGE('',*,*,#2571,.F.);
#2571 = EDGE_CURVE('',#2470,#2543,#2572,.T.);
#2572 = SURFACE_CURVE('',#2573,(#2577,#2584),.PCURVE_S1.);
#2573 = ( BOUNDED_CURVE() B_SPLINE_CURVE(2,(#2574,#2575,#2576),
.UNSPECIFIED.,.F.,.F.) B_SPLINE_CURVE_WITH_KNOTS((3,3),(4.764104151404,
6.173604429653),.PIECEWISE_BEZIER_KNOTS.) CURVE() 
GEOMETRIC_REPRESENTATION_ITEM() RATIONAL_B_SPLINE_CURVE((1.,
0.761773446286,1.)) REPRESENTATION_ITEM('') );
#2574 = CARTESIAN_POINT('',(12.052237429936,0.719573633223,17.4437305662
    ));
#2575 = CARTESIAN_POINT('',(11.533548030913,0.746421683137,17.4437305662
    ));
#2576 = CARTESIAN_POINT('',(11.476747336861,1.262690209776,17.4437305662
    ));
#2577 = PCURVE('',#2483,#2578);
#2578 = DEFINITIONAL_REPRESENTATION('',(#2579),#2583);
#2579 = B_SPLINE_CURVE_WITH_KNOTS('',2,(#2580,#2581,#2582),
  .UNSPECIFIED.,.F.,.F.,(3,3),(4.764104151404,6.173604429653),
  .PIECEWISE_BEZIER_KNOTS.);
#2580 = CARTESIAN_POINT('',(4.764104151404,0.));
#2581 = CARTESIAN_POINT('',(5.468854290529,0.));
#2582 = CARTESIAN_POINT('',(6.173604429653,0.));
#2583 = ( GEOMETRIC_REPRESENTATION_CONTEXT(2) 
PARAMETRIC_REPRESENTATION_CONTEXT() REPRESENTATION_CONTEXT('2D SPACE',''
  ) );
#2584 = PCURVE('',#2206,#2585);
#2585 = DEFINITIONAL_REPRESENTATION('',(#2586),#2590);
#2586 = ( BOUNDED_CURVE() B_SPLINE_CURVE(2,(#2587,#2588,#2589),
.UNSPECIFIED.,.F.,.F.) B_SPLINE_CURVE_WITH_KNOTS((3,3),(4.764104151404,
6.173604429653),.PIECEWISE_BEZIER_KNOTS.) CURVE() 
GEOMETRIC_REPRESENTATION_ITEM() RATIONAL_B_SPLINE_CURVE((1.,
0.761773446286,1.)) REPRESENTATION_ITEM('') );
#2587 = CARTESIAN_POINT('',(6.778329025574E-03,-4.856142989256E-03));
#2588 = CARTESIAN_POINT('',(7.297018424596E-03,-4.829294939343E-03));
#2589 = CARTESIAN_POINT('',(7.353819118649E-03,-4.313026412704E-03));
#2590 = ( GEOMETRIC_REPRESENTATION_CONTEXT(2) 
PARAMETRIC_REPRESENTATION_CONTEXT() REPRESENTATION_CONTEXT('2D SPACE',''
  ) );
#2591 = ADVANCED_FACE('',(#2592),#2557,.T.);
#2592 = FACE_BOUND('',#2593,.T.);
#2593 = EDGE_LOOP('',(#2594,#2595,#2618,#2640));
#2594 = ORIENTED_EDGE('',*,*,#2542,.T.);
#2595 = ORIENTED_EDGE('',*,*,#2596,.T.);
#2596 = EDGE_CURVE('',#2520,#2597,#2599,.T.);
#2597 = VERTEX_POINT('',#2598);
#2598 = CARTESIAN_POINT('',(10.314010945096,5.18953699519,
    21.117792509309));
#2599 = SURFACE_CURVE('',#2600,(#2604,#2611),.PCURVE_S1.);
#2600 = ( BOUNDED_CURVE() B_SPLINE_CURVE(2,(#2601,#2602,#2603),
.UNSPECIFIED.,.F.,.F.) B_SPLINE_CURVE_WITH_KNOTS((3,3),(3.251173531116,
3.607760365589),.PIECEWISE_BEZIER_KNOTS.) CURVE() 
GEOMETRIC_REPRESENTATION_ITEM() RATIONAL_B_SPLINE_CURVE((1.,
0.984147788739,1.)) REPRESENTATION_ITEM('') );
#2601 = CARTESIAN_POINT('',(11.476747336861,1.262690209775,
    21.117792509309));
#2602 = CARTESIAN_POINT('',(11.24920174496,3.330880210492,
    21.117792509309));
#2603 = CARTESIAN_POINT('',(10.314010945096,5.18953699519,
    21.117792509309));
#2604 = PCURVE('',#2557,#2605);
#2605 = DEFINITIONAL_REPRESENTATION('',(#2606),#2610);
#2606 = B_SPLINE_CURVE_WITH_KNOTS('',2,(#2607,#2608,#2609),
  .UNSPECIFIED.,.F.,.F.,(3,3),(3.251173531116,3.607760365589),
  .PIECEWISE_BEZIER_KNOTS.);
#2607 = CARTESIAN_POINT('',(3.251173531116,-3.674061943109E-03));
#2608 = CARTESIAN_POINT('',(3.429466948352,-3.674061943109E-03));
#2609 = CARTESIAN_POINT('',(3.607760365589,-3.674061943109E-03));
#2610 = ( GEOMETRIC_REPRESENTATION_CONTEXT(2) 
PARAMETRIC_REPRESENTATION_CONTEXT() REPRESENTATION_CONTEXT('2D SPACE',''
  ) );
#2611 = PCURVE('',#2155,#2612);
#2612 = DEFINITIONAL_REPRESENTATION('',(#2613),#2617);
#2613 = ( BOUNDED_CURVE() B_SPLINE_CURVE(2,(#2614,#2615,#2616),
.UNSPECIFIED.,.F.,.F.) B_SPLINE_CURVE_WITH_KNOTS((3,3),(3.251173531116,
3.607760365589),.PIECEWISE_BEZIER_KNOTS.) CURVE() 
GEOMETRIC_REPRESENTATION_ITEM() RATIONAL_B_SPLINE_CURVE((1.,
0.984147788739,1.)) REPRESENTATION_ITEM('') );
#2614 = CARTESIAN_POINT('',(7.353819118649E-03,-4.313026412704E-03));
#2615 = CARTESIAN_POINT('',(7.58136471055E-03,-2.244836411988E-03));
#2616 = CARTESIAN_POINT('',(8.516555510414E-03,-3.861796272901E-04));
#2617 = ( GEOMETRIC_REPRESENTATION_CONTEXT(2) 
PARAMETRIC_REPRESENTATION_CONTEXT() REPRESENTATION_CONTEXT('2D SPACE',''
  ) );
#2618 = ORIENTED_EDGE('',*,*,#2619,.F.);
#2619 = EDGE_CURVE('',#2620,#2597,#2622,.T.);
#2620 = VERTEX_POINT('',#2621);
#2621 = CARTESIAN_POINT('',(10.314010945096,5.18953699519,17.4437305662)
  );
#2622 = SURFACE_CURVE('',#2623,(#2626,#2633),.PCURVE_S1.);
#2623 = B_SPLINE_CURVE_WITH_KNOTS('',1,(#2624,#2625),.UNSPECIFIED.,.F.,
  .F.,(2,2),(0.,3.674061943109E-03),.PIECEWISE_BEZIER_KNOTS.);
#2624 = CARTESIAN_POINT('',(10.314010945096,5.18953699519,17.4437305662)
  );
#2625 = CARTESIAN_POINT('',(10.314010945096,5.18953699519,
    21.117792509309));
#2626 = PCURVE('',#2557,#2627);
#2627 = DEFINITIONAL_REPRESENTATION('',(#2628),#2632);
#2628 = B_SPLINE_CURVE_WITH_KNOTS('',2,(#2629,#2630,#2631),
  .UNSPECIFIED.,.F.,.F.,(3,3),(0.,3.674061943109E-03),
  .PIECEWISE_BEZIER_KNOTS.);
#2629 = CARTESIAN_POINT('',(3.607760365589,0.));
#2630 = CARTESIAN_POINT('',(3.607760365589,-1.837030971554E-03));
#2631 = CARTESIAN_POINT('',(3.607760365589,-3.674061943109E-03));
#2632 = ( GEOMETRIC_REPRESENTATION_CONTEXT(2) 
PARAMETRIC_REPRESENTATION_CONTEXT() REPRESENTATION_CONTEXT('2D SPACE',''
  ) );
#2633 = PCURVE('',#2127,#2634);
#2634 = DEFINITIONAL_REPRESENTATION('',(#2635),#2639);
#2635 = B_SPLINE_CURVE_WITH_KNOTS('',2,(#2636,#2637,#2638),
  .UNSPECIFIED.,.F.,.F.,(3,3),(0.,3.674061943109E-03),
  .PIECEWISE_BEZIER_KNOTS.);
#2636 = CARTESIAN_POINT('',(5.817017595181,0.));
#2637 = CARTESIAN_POINT('',(5.817017595181,-1.837030971554E-03));
#2638 = CARTESIAN_POINT('',(5.817017595181,-3.674061943109E-03));
#2639 = ( GEOMETRIC_REPRESENTATION_CONTEXT(2) 
PARAMETRIC_REPRESENTATION_CONTEXT() REPRESENTATION_CONTEXT('2D SPACE',''
  ) );
#2640 = ORIENTED_EDGE('',*,*,#2641,.F.);
#2641 = EDGE_CURVE('',#2543,#2620,#2642,.T.);
#2642 = SURFACE_CURVE('',#2643,(#2647,#2654),.PCURVE_S1.);
#2643 = ( BOUNDED_CURVE() B_SPLINE_CURVE(2,(#2644,#2645,#2646),
.UNSPECIFIED.,.F.,.F.) B_SPLINE_CURVE_WITH_KNOTS((3,3),(3.251173531116,
3.607760365589),.PIECEWISE_BEZIER_KNOTS.) CURVE() 
GEOMETRIC_REPRESENTATION_ITEM() RATIONAL_B_SPLINE_CURVE((1.,
0.984147788739,1.)) REPRESENTATION_ITEM('') );
#2644 = CARTESIAN_POINT('',(11.476747336861,1.262690209775,17.4437305662
    ));
#2645 = CARTESIAN_POINT('',(11.24920174496,3.330880210492,17.4437305662)
  );
#2646 = CARTESIAN_POINT('',(10.314010945096,5.18953699519,17.4437305662)
  );
#2647 = PCURVE('',#2557,#2648);
#2648 = DEFINITIONAL_REPRESENTATION('',(#2649),#2653);
#2649 = B_SPLINE_CURVE_WITH_KNOTS('',2,(#2650,#2651,#2652),
  .UNSPECIFIED.,.F.,.F.,(3,3),(3.251173531116,3.607760365589),
  .PIECEWISE_BEZIER_KNOTS.);
#2650 = CARTESIAN_POINT('',(3.251173531116,0.));
#2651 = CARTESIAN_POINT('',(3.429466948352,0.));
#2652 = CARTESIAN_POINT('',(3.607760365589,0.));
#2653 = ( GEOMETRIC_REPRESENTATION_CONTEXT(2) 
PARAMETRIC_REPRESENTATION_CONTEXT() REPRESENTATION_CONTEXT('2D SPACE',''
  ) );
#2654 = PCURVE('',#2206,#2655);
#2655 = DEFINITIONAL_REPRESENTATION('',(#2656),#2660);
#2656 = ( BOUNDED_CURVE() B_SPLINE_CURVE(2,(#2657,#2658,#2659),
.UNSPECIFIED.,.F.,.F.) B_SPLINE_CURVE_WITH_KNOTS((3,3),(3.251173531116,
3.607760365589),.PIECEWISE_BEZIER_KNOTS.) CURVE() 
GEOMETRIC_REPRESENTATION_ITEM() RATIONAL_B_SPLINE_CURVE((1.,
0.984147788739,1.)) REPRESENTATION_ITEM('') );
#2657 = CARTESIAN_POINT('',(7.353819118649E-03,-4.313026412704E-03));
#2658 = CARTESIAN_POINT('',(7.58136471055E-03,-2.244836411988E-03));
#2659 = CARTESIAN_POINT('',(8.516555510414E-03,-3.861796272901E-04));
#2660 = ( GEOMETRIC_REPRESENTATION_CONTEXT(2) 
PARAMETRIC_REPRESENTATION_CONTEXT() REPRESENTATION_CONTEXT('2D SPACE',''
  ) );
#2661 = ADVANCED_FACE('',(#2662),#2127,.T.);
#2662 = FACE_BOUND('',#2663,.T.);
#2663 = EDGE_LOOP('',(#2664,#2665,#2686,#2687));
#2664 = ORIENTED_EDGE('',*,*,#2619,.T.);
#2665 = ORIENTED_EDGE('',*,*,#2666,.T.);
#2666 = EDGE_CURVE('',#2597,#2109,#2667,.T.);
#2667 = SURFACE_CURVE('',#2668,(#2672,#2679),.PCURVE_S1.);
#2668 = ( BOUNDED_CURVE() B_SPLINE_CURVE(2,(#2669,#2670,#2671),
.UNSPECIFIED.,.F.,.F.) B_SPLINE_CURVE_WITH_KNOTS((3,3),(5.817017595181,
7.22651787343),.PIECEWISE_BEZIER_KNOTS.) CURVE() 
GEOMETRIC_REPRESENTATION_ITEM() RATIONAL_B_SPLINE_CURVE((1.,
0.761773446286,1.)) REPRESENTATION_ITEM('') );
#2669 = CARTESIAN_POINT('',(10.314010945096,5.18953699519,
    21.117792509309));
#2670 = CARTESIAN_POINT('',(10.080565480122,5.653501137474,
    21.117792509309));
#2671 = CARTESIAN_POINT('',(10.501016580308,5.958427985742,
    21.117792509309));
#2672 = PCURVE('',#2127,#2673);
#2673 = DEFINITIONAL_REPRESENTATION('',(#2674),#2678);
#2674 = B_SPLINE_CURVE_WITH_KNOTS('',2,(#2675,#2676,#2677),
  .UNSPECIFIED.,.F.,.F.,(3,3),(5.817017595181,7.22651787343),
  .PIECEWISE_BEZIER_KNOTS.);
#2675 = CARTESIAN_POINT('',(5.817017595181,-3.674061943109E-03));
#2676 = CARTESIAN_POINT('',(6.521767734306,-3.674061943109E-03));
#2677 = CARTESIAN_POINT('',(7.22651787343,-3.674061943109E-03));
#2678 = ( GEOMETRIC_REPRESENTATION_CONTEXT(2) 
PARAMETRIC_REPRESENTATION_CONTEXT() REPRESENTATION_CONTEXT('2D SPACE',''
  ) );
#2679 = PCURVE('',#2155,#2680);
#2680 = DEFINITIONAL_REPRESENTATION('',(#2681),#2685);
#2681 = ( BOUNDED_CURVE() B_SPLINE_CURVE(2,(#2682,#2683,#2684),
.UNSPECIFIED.,.F.,.F.) B_SPLINE_CURVE_WITH_KNOTS((3,3),(5.817017595181,
7.22651787343),.PIECEWISE_BEZIER_KNOTS.) CURVE() 
GEOMETRIC_REPRESENTATION_ITEM() RATIONAL_B_SPLINE_CURVE((1.,
0.761773446286,1.)) REPRESENTATION_ITEM('') );
#2682 = CARTESIAN_POINT('',(8.516555510414E-03,-3.861796272901E-04));
#2683 = CARTESIAN_POINT('',(8.750000975388E-03,7.778451499398E-05));
#2684 = CARTESIAN_POINT('',(8.329549875202E-03,3.82711363262E-04));
#2685 = ( GEOMETRIC_REPRESENTATION_CONTEXT(2) 
PARAMETRIC_REPRESENTATION_CONTEXT() REPRESENTATION_CONTEXT('2D SPACE',''
  ) );
#2686 = ORIENTED_EDGE('',*,*,#2106,.F.);
#2687 = ORIENTED_EDGE('',*,*,#2688,.F.);
#2688 = EDGE_CURVE('',#2620,#2107,#2689,.T.);
#2689 = SURFACE_CURVE('',#2690,(#2694,#2701),.PCURVE_S1.);
#2690 = ( BOUNDED_CURVE() B_SPLINE_CURVE(2,(#2691,#2692,#2693),
.UNSPECIFIED.,.F.,.F.) B_SPLINE_CURVE_WITH_KNOTS((3,3),(5.817017595181,
7.22651787343),.PIECEWISE_BEZIER_KNOTS.) CURVE() 
GEOMETRIC_REPRESENTATION_ITEM() RATIONAL_B_SPLINE_CURVE((1.,
0.761773446286,1.)) REPRESENTATION_ITEM('') );
#2691 = CARTESIAN_POINT('',(10.314010945096,5.18953699519,17.4437305662)
  );
#2692 = CARTESIAN_POINT('',(10.080565480122,5.653501137474,17.4437305662
    ));
#2693 = CARTESIAN_POINT('',(10.501016580308,5.958427985742,17.4437305662
    ));
#2694 = PCURVE('',#2127,#2695);
#2695 = DEFINITIONAL_REPRESENTATION('',(#2696),#2700);
#2696 = B_SPLINE_CURVE_WITH_KNOTS('',2,(#2697,#2698,#2699),
  .UNSPECIFIED.,.F.,.F.,(3,3),(5.817017595181,7.22651787343),
  .PIECEWISE_BEZIER_KNOTS.);
#2697 = CARTESIAN_POINT('',(5.817017595181,0.));
#2698 = CARTESIAN_POINT('',(6.521767734306,0.));
#2699 = CARTESIAN_POINT('',(7.22651787343,0.));
#2700 = ( GEOMETRIC_REPRESENTATION_CONTEXT(2) 
PARAMETRIC_REPRESENTATION_CONTEXT() REPRESENTATION_CONTEXT('2D SPACE',''
  ) );
#2701 = PCURVE('',#2206,#2702);
#2702 = DEFINITIONAL_REPRESENTATION('',(#2703),#2707);
#2703 = ( BOUNDED_CURVE() B_SPLINE_CURVE(2,(#2704,#2705,#2706),
.UNSPECIFIED.,.F.,.F.) B_SPLINE_CURVE_WITH_KNOTS((3,3),(5.817017595181,
7.22651787343),.PIECEWISE_BEZIER_KNOTS.) CURVE() 
GEOMETRIC_REPRESENTATION_ITEM() RATIONAL_B_SPLINE_CURVE((1.,
0.761773446286,1.)) REPRESENTATION_ITEM('') );
#2704 = CARTESIAN_POINT('',(8.516555510414E-03,-3.861796272901E-04));
#2705 = CARTESIAN_POINT('',(8.750000975388E-03,7.778451499398E-05));
#2706 = CARTESIAN_POINT('',(8.329549875202E-03,3.82711363262E-04));
#2707 = ( GEOMETRIC_REPRESENTATION_CONTEXT(2) 
PARAMETRIC_REPRESENTATION_CONTEXT() REPRESENTATION_CONTEXT('2D SPACE',''
  ) );
#2708 = ADVANCED_FACE('',(#2709),#2206,.T.);
#2709 = FACE_BOUND('',#2710,.T.);
#2710 = EDGE_LOOP('',(#2711,#2712,#2713,#2714,#2715,#2716,#2717,#2718));
#2711 = ORIENTED_EDGE('',*,*,#2194,.T.);
#2712 = ORIENTED_EDGE('',*,*,#2273,.F.);
#2713 = ORIENTED_EDGE('',*,*,#2350,.T.);
#2714 = ORIENTED_EDGE('',*,*,#2424,.F.);
#2715 = ORIENTED_EDGE('',*,*,#2497,.T.);
#2716 = ORIENTED_EDGE('',*,*,#2571,.T.);
#2717 = ORIENTED_EDGE('',*,*,#2641,.T.);
#2718 = ORIENTED_EDGE('',*,*,#2688,.T.);
#2719 = ADVANCED_FACE('',(#2720),#2155,.F.);
#2720 = FACE_BOUND('',#2721,.F.);
#2721 = EDGE_LOOP('',(#2722,#2723,#2724,#2725,#2726,#2727,#2728,#2729));
#2722 = ORIENTED_EDGE('',*,*,#2141,.T.);
#2723 = ORIENTED_EDGE('',*,*,#2251,.F.);
#2724 = ORIENTED_EDGE('',*,*,#2298,.T.);
#2725 = ORIENTED_EDGE('',*,*,#2402,.F.);
#2726 = ORIENTED_EDGE('',*,*,#2449,.T.);
#2727 = ORIENTED_EDGE('',*,*,#2519,.T.);
#2728 = ORIENTED_EDGE('',*,*,#2596,.T.);
#2729 = ORIENTED_EDGE('',*,*,#2666,.T.);
#2730 = ( GEOMETRIC_REPRESENTATION_CONTEXT(3) 
GLOBAL_UNCERTAINTY_ASSIGNED_CONTEXT((#2734)) 
GLOBAL_UNIT_ASSIGNED_CONTEXT((#2731,#2732,#2733)) REPRESENTATION_CONTEXT
('Context #1','3D Context with UNIT and UNCERTAINTY') );
#2731 = ( LENGTH_UNIT() NAMED_UNIT(*) SI_UNIT(.MILLI.,.METRE.) );
#2732 = ( NAMED_UNIT(*) PLANE_ANGLE_UNIT() SI_UNIT($,.RADIAN.) );
#2733 = ( NAMED_UNIT(*) SI_UNIT($,.STERADIAN.) SOLID_ANGLE_UNIT() );
#2734 = UNCERTAINTY_MEASURE_WITH_UNIT(LENGTH_MEASURE(2.E-04),#2731,
  'distance_accuracy_value','confusion accuracy');
#2735 = CONTEXT_DEPENDENT_SHAPE_REPRESENTATION(#2736,#2738);
#2736 = ( REPRESENTATION_RELATIONSHIP('','',#2099,#10) 
REPRESENTATION_RELATIONSHIP_WITH_TRANSFORMATION(#2737) 
SHAPE_REPRESENTATION_RELATIONSHIP() );
#2737 = ITEM_DEFINED_TRANSFORMATION('','',#11,#27);
#2738 = PRODUCT_DEFINITION_SHAPE('Placement','Placement of an item',
  #2739);
#2739 = NEXT_ASSEMBLY_USAGE_OCCURRENCE('46','','',#5,#2094,$);
#2740 = PRODUCT_RELATED_PRODUCT_CATEGORY('part',$,(#2096));
#2741 = SHAPE_DEFINITION_REPRESENTATION(#2742,#2748);
#2742 = PRODUCT_DEFINITION_SHAPE('','',#2743);
#2743 = PRODUCT_DEFINITION('design','',#2744,#2747);
#2744 = PRODUCT_DEFINITION_FORMATION('','',#2745);
#2745 = PRODUCT('Open CASCADE STEP translator 7.7 2.5',
  'Open CASCADE STEP translator 7.7 2.5','',(#2746));
#2746 = PRODUCT_CONTEXT('',#2,'mechanical');
#2747 = PRODUCT_DEFINITION_CONTEXT('part definition',#2,'design');
#2748 = ADVANCED_BREP_SHAPE_REPRESENTATION('',(#11,#2749),#3379);
#2749 = MANIFOLD_SOLID_BREP('',#2750);
#2750 = CLOSED_SHELL('',(#2751,#2865,#2942,#3019,#3093,#3163,#3240,#3310
    ,#3357,#3368));
#2751 = ADVANCED_FACE('',(#2752),#2765,.T.);
#2752 = FACE_BOUND('',#2753,.T.);
#2753 = EDGE_LOOP('',(#2754,#2789,#2814,#2842));
#2754 = ORIENTED_EDGE('',*,*,#2755,.T.);
#2755 = EDGE_CURVE('',#2756,#2758,#2760,.T.);
#2756 = VERTEX_POINT('',#2757);
#2757 = CARTESIAN_POINT('',(10.501016580308,5.958427985742,17.4437305662
    ));
#2758 = VERTEX_POINT('',#2759);
#2759 = CARTESIAN_POINT('',(10.501016580308,5.958427985742,
    21.117792509309));
#2760 = SURFACE_CURVE('',#2761,(#2764,#2775),.PCURVE_S1.);
#2761 = B_SPLINE_CURVE_WITH_KNOTS('',1,(#2762,#2763),.UNSPECIFIED.,.F.,
  .F.,(2,2),(0.,3.674061943109E-03),.PIECEWISE_BEZIER_KNOTS.);
#2762 = CARTESIAN_POINT('',(10.501016580308,5.958427985742,17.4437305662
    ));
#2763 = CARTESIAN_POINT('',(10.501016580308,5.958427985742,
    21.117792509309));
#2764 = PCURVE('',#2765,#2770);
#2765 = B_SPLINE_SURFACE_WITH_KNOTS('',1,1,(
    (#2766,#2767)
    ,(#2768,#2769
    )),.UNSPECIFIED.,.F.,.F.,.F.,(2,2),(2,2),(0.,1.315996021184E-02),(
    -3.674061943109E-03,0.),.PIECEWISE_BEZIER_KNOTS.);
#2766 = CARTESIAN_POINT('',(10.501016580308,5.958427985742,
    21.117792509309));
#2767 = CARTESIAN_POINT('',(10.501016580308,5.958427985742,17.4437305662
    ));
#2768 = CARTESIAN_POINT('',(21.15425599114,13.684555271299,
    21.117792509309));
#2769 = CARTESIAN_POINT('',(21.15425599114,13.684555271299,17.4437305662
    ));
#2770 = DEFINITIONAL_REPRESENTATION('',(#2771),#2774);
#2771 = B_SPLINE_CURVE_WITH_KNOTS('',1,(#2772,#2773),.UNSPECIFIED.,.F.,
  .F.,(2,2),(0.,3.674061943109E-03),.PIECEWISE_BEZIER_KNOTS.);
#2772 = CARTESIAN_POINT('',(0.,0.));
#2773 = CARTESIAN_POINT('',(0.,-3.674061943109E-03));
#2774 = ( GEOMETRIC_REPRESENTATION_CONTEXT(2) 
PARAMETRIC_REPRESENTATION_CONTEXT() REPRESENTATION_CONTEXT('2D SPACE',''
  ) );
#2775 = PCURVE('',#2776,#2783);
#2776 = ( BOUNDED_SURFACE() B_SPLINE_SURFACE(2,1,(
    (#2777,#2778)
    ,(#2779,#2780)
    ,(#2781,#2782
)),.UNSPECIFIED.,.F.,.F.,.F.) B_SPLINE_SURFACE_WITH_KNOTS((3,3),(2,2),(
    5.817017595181,7.22651787343),(-3.674061943109E-03,0.),
.PIECEWISE_BEZIER_KNOTS.) GEOMETRIC_REPRESENTATION_ITEM() 
RATIONAL_B_SPLINE_SURFACE((
    (1.,1.)
    ,(0.761773446286,0.761773446286)
,(1.,1.))) REPRESENTATION_ITEM('') SURFACE() );
#2777 = CARTESIAN_POINT('',(10.314010945096,5.18953699519,
    21.117792509309));
#2778 = CARTESIAN_POINT('',(10.314010945096,5.18953699519,17.4437305662)
  );
#2779 = CARTESIAN_POINT('',(10.080565480122,5.653501137474,
    21.117792509309));
#2780 = CARTESIAN_POINT('',(10.080565480122,5.653501137474,17.4437305662
    ));
#2781 = CARTESIAN_POINT('',(10.501016580308,5.958427985742,
    21.117792509309));
#2782 = CARTESIAN_POINT('',(10.501016580308,5.958427985742,17.4437305662
    ));
#2783 = DEFINITIONAL_REPRESENTATION('',(#2784),#2788);
#2784 = B_SPLINE_CURVE_WITH_KNOTS('',2,(#2785,#2786,#2787),
  .UNSPECIFIED.,.F.,.F.,(3,3),(0.,3.674061943109E-03),
  .PIECEWISE_BEZIER_KNOTS.);
#2785 = CARTESIAN_POINT('',(7.22651787343,0.));
#2786 = CARTESIAN_POINT('',(7.22651787343,-1.837030971554E-03));
#2787 = CARTESIAN_POINT('',(7.22651787343,-3.674061943109E-03));
#2788 = ( GEOMETRIC_REPRESENTATION_CONTEXT(2) 
PARAMETRIC_REPRESENTATION_CONTEXT() REPRESENTATION_CONTEXT('2D SPACE',''
  ) );
#2789 = ORIENTED_EDGE('',*,*,#2790,.T.);
#2790 = EDGE_CURVE('',#2758,#2791,#2793,.T.);
#2791 = VERTEX_POINT('',#2792);
#2792 = CARTESIAN_POINT('',(21.15425599114,13.684555271299,
    21.117792509309));
#2793 = SURFACE_CURVE('',#2794,(#2797,#2803),.PCURVE_S1.);
#2794 = B_SPLINE_CURVE_WITH_KNOTS('',1,(#2795,#2796),.UNSPECIFIED.,.F.,
  .F.,(2,2),(5.311393726239E-04,1.369109958446E-02),
  .PIECEWISE_BEZIER_KNOTS.);
#2795 = CARTESIAN_POINT('',(10.501016580308,5.958427985742,
    21.117792509309));
#2796 = CARTESIAN_POINT('',(21.15425599114,13.684555271299,
    21.117792509309));
#2797 = PCURVE('',#2765,#2798);
#2798 = DEFINITIONAL_REPRESENTATION('',(#2799),#2802);
#2799 = B_SPLINE_CURVE_WITH_KNOTS('',1,(#2800,#2801),.UNSPECIFIED.,.F.,
  .F.,(2,2),(5.311393726239E-04,1.369109958446E-02),
  .PIECEWISE_BEZIER_KNOTS.);
#2800 = CARTESIAN_POINT('',(0.,-3.674061943109E-03));
#2801 = CARTESIAN_POINT('',(1.315996021184E-02,-3.674061943109E-03));
#2802 = ( GEOMETRIC_REPRESENTATION_CONTEXT(2) 
PARAMETRIC_REPRESENTATION_CONTEXT() REPRESENTATION_CONTEXT('2D SPACE',''
  ) );
#2803 = PCURVE('',#2804,#2809);
#2804 = B_SPLINE_SURFACE_WITH_KNOTS('',1,1,(
    (#2805,#2806)
    ,(#2807,#2808
    )),.UNSPECIFIED.,.F.,.F.,.F.,(2,2),(2,2),(-7.112294069963E-03,
    8.581721259939E-03),(-5.537360462184E-03,8.244361792773E-03),
  .PIECEWISE_BEZIER_KNOTS.);
#2805 = CARTESIAN_POINT('',(25.942860525472,3.835616029553E-02,
    21.117792509309));
#2806 = CARTESIAN_POINT('',(25.942860525472,13.820078415253,
    21.117792509309));
#2807 = CARTESIAN_POINT('',(10.248845195571,3.835616029553E-02,
    21.117792509309));
#2808 = CARTESIAN_POINT('',(10.248845195571,13.820078415253,
    21.117792509309));
#2809 = DEFINITIONAL_REPRESENTATION('',(#2810),#2813);
#2810 = B_SPLINE_CURVE_WITH_KNOTS('',1,(#2811,#2812),.UNSPECIFIED.,.F.,
  .F.,(2,2),(5.311393726239E-04,1.369109958446E-02),
  .PIECEWISE_BEZIER_KNOTS.);
#2811 = CARTESIAN_POINT('',(8.329549875202E-03,3.82711363262E-04));
#2812 = CARTESIAN_POINT('',(-2.32368953563E-03,8.108838648819E-03));
#2813 = ( GEOMETRIC_REPRESENTATION_CONTEXT(2) 
PARAMETRIC_REPRESENTATION_CONTEXT() REPRESENTATION_CONTEXT('2D SPACE',''
  ) );
#2814 = ORIENTED_EDGE('',*,*,#2815,.F.);
#2815 = EDGE_CURVE('',#2816,#2791,#2818,.T.);
#2816 = VERTEX_POINT('',#2817);
#2817 = CARTESIAN_POINT('',(21.15425599114,13.684555271299,17.4437305662
    ));
#2818 = SURFACE_CURVE('',#2819,(#2822,#2828),.PCURVE_S1.);
#2819 = B_SPLINE_CURVE_WITH_KNOTS('',1,(#2820,#2821),.UNSPECIFIED.,.F.,
  .F.,(2,2),(0.,3.674061943109E-03),.PIECEWISE_BEZIER_KNOTS.);
#2820 = CARTESIAN_POINT('',(21.15425599114,13.684555271299,17.4437305662
    ));
#2821 = CARTESIAN_POINT('',(21.15425599114,13.684555271299,
    21.117792509309));
#2822 = PCURVE('',#2765,#2823);
#2823 = DEFINITIONAL_REPRESENTATION('',(#2824),#2827);
#2824 = B_SPLINE_CURVE_WITH_KNOTS('',1,(#2825,#2826),.UNSPECIFIED.,.F.,
  .F.,(2,2),(0.,3.674061943109E-03),.PIECEWISE_BEZIER_KNOTS.);
#2825 = CARTESIAN_POINT('',(1.315996021184E-02,0.));
#2826 = CARTESIAN_POINT('',(1.315996021184E-02,-3.674061943109E-03));
#2827 = ( GEOMETRIC_REPRESENTATION_CONTEXT(2) 
PARAMETRIC_REPRESENTATION_CONTEXT() REPRESENTATION_CONTEXT('2D SPACE',''
  ) );
#2828 = PCURVE('',#2829,#2836);
#2829 = ( BOUNDED_SURFACE() B_SPLINE_SURFACE(2,1,(
    (#2830,#2831)
    ,(#2832,#2833)
    ,(#2834,#2835
)),.UNSPECIFIED.,.F.,.F.,.F.) B_SPLINE_SURFACE_WITH_KNOTS((3,3),(2,2),(
    0.546038978939,2.198260087339),(-3.674061943109E-03,0.),
.PIECEWISE_BEZIER_KNOTS.) GEOMETRIC_REPRESENTATION_ITEM() 
RATIONAL_B_SPLINE_SURFACE((
    (1.,1.)
    ,(0.677740792224,0.677740792224)
,(1.,1.))) REPRESENTATION_ITEM('') SURFACE() );
#2830 = CARTESIAN_POINT('',(22.179982242844,13.478074925861,
    21.117792509309));
#2831 = CARTESIAN_POINT('',(22.179982242844,13.478074925861,
    17.4437305662));
#2832 = CARTESIAN_POINT('',(21.779127414469,14.137735376201,
    21.117792509309));
#2833 = CARTESIAN_POINT('',(21.779127414469,14.137735376201,
    17.4437305662));
#2834 = CARTESIAN_POINT('',(21.15425599114,13.684555271299,
    21.117792509309));
#2835 = CARTESIAN_POINT('',(21.15425599114,13.684555271299,17.4437305662
    ));
#2836 = DEFINITIONAL_REPRESENTATION('',(#2837),#2841);
#2837 = B_SPLINE_CURVE_WITH_KNOTS('',2,(#2838,#2839,#2840),
  .UNSPECIFIED.,.F.,.F.,(3,3),(0.,3.674061943109E-03),
  .PIECEWISE_BEZIER_KNOTS.);
#2838 = CARTESIAN_POINT('',(2.198260087339,0.));
#2839 = CARTESIAN_POINT('',(2.198260087339,-1.837030971554E-03));
#2840 = CARTESIAN_POINT('',(2.198260087339,-3.674061943109E-03));
#2841 = ( GEOMETRIC_REPRESENTATION_CONTEXT(2) 
PARAMETRIC_REPRESENTATION_CONTEXT() REPRESENTATION_CONTEXT('2D SPACE',''
  ) );
#2842 = ORIENTED_EDGE('',*,*,#2843,.F.);
#2843 = EDGE_CURVE('',#2756,#2816,#2844,.T.);
#2844 = SURFACE_CURVE('',#2845,(#2848,#2854),.PCURVE_S1.);
#2845 = B_SPLINE_CURVE_WITH_KNOTS('',1,(#2846,#2847),.UNSPECIFIED.,.F.,
  .F.,(2,2),(5.311393726239E-04,1.369109958446E-02),
  .PIECEWISE_BEZIER_KNOTS.);
#2846 = CARTESIAN_POINT('',(10.501016580308,5.958427985742,17.4437305662
    ));
#2847 = CARTESIAN_POINT('',(21.15425599114,13.684555271299,17.4437305662
    ));
#2848 = PCURVE('',#2765,#2849);
#2849 = DEFINITIONAL_REPRESENTATION('',(#2850),#2853);
#2850 = B_SPLINE_CURVE_WITH_KNOTS('',1,(#2851,#2852),.UNSPECIFIED.,.F.,
  .F.,(2,2),(5.311393726239E-04,1.369109958446E-02),
  .PIECEWISE_BEZIER_KNOTS.);
#2851 = CARTESIAN_POINT('',(0.,0.));
#2852 = CARTESIAN_POINT('',(1.315996021184E-02,0.));
#2853 = ( GEOMETRIC_REPRESENTATION_CONTEXT(2) 
PARAMETRIC_REPRESENTATION_CONTEXT() REPRESENTATION_CONTEXT('2D SPACE',''
  ) );
#2854 = PCURVE('',#2855,#2860);
#2855 = B_SPLINE_SURFACE_WITH_KNOTS('',1,1,(
    (#2856,#2857)
    ,(#2858,#2859
    )),.UNSPECIFIED.,.F.,.F.,.F.,(2,2),(2,2),(-7.112294069963E-03,
    8.581721259939E-03),(-5.537360462184E-03,8.244361792773E-03),
  .PIECEWISE_BEZIER_KNOTS.);
#2856 = CARTESIAN_POINT('',(25.942860525472,3.835616029553E-02,
    17.4437305662));
#2857 = CARTESIAN_POINT('',(25.942860525472,13.820078415253,
    17.4437305662));
#2858 = CARTESIAN_POINT('',(10.248845195571,3.835616029553E-02,
    17.4437305662));
#2859 = CARTESIAN_POINT('',(10.248845195571,13.820078415253,
    17.4437305662));
#2860 = DEFINITIONAL_REPRESENTATION('',(#2861),#2864);
#2861 = B_SPLINE_CURVE_WITH_KNOTS('',1,(#2862,#2863),.UNSPECIFIED.,.F.,
  .F.,(2,2),(5.311393726239E-04,1.369109958446E-02),
  .PIECEWISE_BEZIER_KNOTS.);
#2862 = CARTESIAN_POINT('',(8.329549875202E-03,3.82711363262E-04));
#2863 = CARTESIAN_POINT('',(-2.32368953563E-03,8.108838648819E-03));
#2864 = ( GEOMETRIC_REPRESENTATION_CONTEXT(2) 
PARAMETRIC_REPRESENTATION_CONTEXT() REPRESENTATION_CONTEXT('2D SPACE',''
  ) );
#2865 = ADVANCED_FACE('',(#2866),#2829,.F.);
#2866 = FACE_BOUND('',#2867,.F.);
#2867 = EDGE_LOOP('',(#2868,#2899,#2920,#2921));
#2868 = ORIENTED_EDGE('',*,*,#2869,.T.);
#2869 = EDGE_CURVE('',#2870,#2872,#2874,.T.);
#2870 = VERTEX_POINT('',#2871);
#2871 = CARTESIAN_POINT('',(22.179982242844,13.478074925861,
    17.4437305662));
#2872 = VERTEX_POINT('',#2873);
#2873 = CARTESIAN_POINT('',(22.179982242844,13.478074925861,
    21.117792509309));
#2874 = SURFACE_CURVE('',#2875,(#2878,#2885),.PCURVE_S1.);
#2875 = B_SPLINE_CURVE_WITH_KNOTS('',1,(#2876,#2877),.UNSPECIFIED.,.F.,
  .F.,(2,2),(0.,3.674061943109E-03),.PIECEWISE_BEZIER_KNOTS.);
#2876 = CARTESIAN_POINT('',(22.179982242844,13.478074925861,
    17.4437305662));
#2877 = CARTESIAN_POINT('',(22.179982242844,13.478074925861,
    21.117792509309));
#2878 = PCURVE('',#2829,#2879);
#2879 = DEFINITIONAL_REPRESENTATION('',(#2880),#2884);
#2880 = B_SPLINE_CURVE_WITH_KNOTS('',2,(#2881,#2882,#2883),
  .UNSPECIFIED.,.F.,.F.,(3,3),(0.,3.674061943109E-03),
  .PIECEWISE_BEZIER_KNOTS.);
#2881 = CARTESIAN_POINT('',(0.546038978939,0.));
#2882 = CARTESIAN_POINT('',(0.546038978939,-1.837030971554E-03));
#2883 = CARTESIAN_POINT('',(0.546038978939,-3.674061943109E-03));
#2884 = ( GEOMETRIC_REPRESENTATION_CONTEXT(2) 
PARAMETRIC_REPRESENTATION_CONTEXT() REPRESENTATION_CONTEXT('2D SPACE',''
  ) );
#2885 = PCURVE('',#2886,#2893);
#2886 = ( BOUNDED_SURFACE() B_SPLINE_SURFACE(2,1,(
    (#2887,#2888)
    ,(#2889,#2890)
    ,(#2891,#2892
)),.UNSPECIFIED.,.F.,.F.,.F.) B_SPLINE_SURFACE_WITH_KNOTS((3,3),(2,2),(
    5.737146328241,6.253475696594),(-3.674061943109E-03,0.),
.PIECEWISE_BEZIER_KNOTS.) GEOMETRIC_REPRESENTATION_ITEM() 
RATIONAL_B_SPLINE_SURFACE((
    (1.,1.)
    ,(0.966860174289,0.966860174289)
,(1.,1.))) REPRESENTATION_ITEM('') SURFACE() );
#2887 = CARTESIAN_POINT('',(22.179982242844,13.478074925862,
    21.117792509309));
#2888 = CARTESIAN_POINT('',(22.179982242844,13.478074925862,
    17.4437305662));
#2889 = CARTESIAN_POINT('',(25.738966344792,7.621288654974,
    21.117792509309));
#2890 = CARTESIAN_POINT('',(25.738966344792,7.621288654974,17.4437305662
    ));
#2891 = CARTESIAN_POINT('',(25.942546551203,0.770969803976,
    21.117792509309));
#2892 = CARTESIAN_POINT('',(25.942546551203,0.770969803976,17.4437305662
    ));
#2893 = DEFINITIONAL_REPRESENTATION('',(#2894),#2898);
#2894 = B_SPLINE_CURVE_WITH_KNOTS('',2,(#2895,#2896,#2897),
  .UNSPECIFIED.,.F.,.F.,(3,3),(0.,3.674061943109E-03),
  .PIECEWISE_BEZIER_KNOTS.);
#2895 = CARTESIAN_POINT('',(5.737146328241,0.));
#2896 = CARTESIAN_POINT('',(5.737146328241,-1.837030971554E-03));
#2897 = CARTESIAN_POINT('',(5.737146328241,-3.674061943109E-03));
#2898 = ( GEOMETRIC_REPRESENTATION_CONTEXT(2) 
PARAMETRIC_REPRESENTATION_CONTEXT() REPRESENTATION_CONTEXT('2D SPACE',''
  ) );
#2899 = ORIENTED_EDGE('',*,*,#2900,.T.);
#2900 = EDGE_CURVE('',#2872,#2791,#2901,.T.);
#2901 = SURFACE_CURVE('',#2902,(#2906,#2913),.PCURVE_S1.);
#2902 = ( BOUNDED_CURVE() B_SPLINE_CURVE(2,(#2903,#2904,#2905),
.UNSPECIFIED.,.F.,.F.) B_SPLINE_CURVE_WITH_KNOTS((3,3),(0.546038978939,
2.198260087339),.PIECEWISE_BEZIER_KNOTS.) CURVE() 
GEOMETRIC_REPRESENTATION_ITEM() RATIONAL_B_SPLINE_CURVE((1.,
0.677740792224,1.)) REPRESENTATION_ITEM('') );
#2903 = CARTESIAN_POINT('',(22.179982242844,13.478074925861,
    21.117792509309));
#2904 = CARTESIAN_POINT('',(21.779127414469,14.137735376201,
    21.117792509309));
#2905 = CARTESIAN_POINT('',(21.15425599114,13.684555271299,
    21.117792509309));
#2906 = PCURVE('',#2829,#2907);
#2907 = DEFINITIONAL_REPRESENTATION('',(#2908),#2912);
#2908 = B_SPLINE_CURVE_WITH_KNOTS('',2,(#2909,#2910,#2911),
  .UNSPECIFIED.,.F.,.F.,(3,3),(0.546038978939,2.198260087339),
  .PIECEWISE_BEZIER_KNOTS.);
#2909 = CARTESIAN_POINT('',(0.546038978939,-3.674061943109E-03));
#2910 = CARTESIAN_POINT('',(1.372149533139,-3.674061943109E-03));
#2911 = CARTESIAN_POINT('',(2.198260087339,-3.674061943109E-03));
#2912 = ( GEOMETRIC_REPRESENTATION_CONTEXT(2) 
PARAMETRIC_REPRESENTATION_CONTEXT() REPRESENTATION_CONTEXT('2D SPACE',''
  ) );
#2913 = PCURVE('',#2804,#2914);
#2914 = DEFINITIONAL_REPRESENTATION('',(#2915),#2919);
#2915 = ( BOUNDED_CURVE() B_SPLINE_CURVE(2,(#2916,#2917,#2918),
.UNSPECIFIED.,.F.,.F.) B_SPLINE_CURVE_WITH_KNOTS((3,3),(0.546038978939,
2.198260087339),.PIECEWISE_BEZIER_KNOTS.) CURVE() 
GEOMETRIC_REPRESENTATION_ITEM() RATIONAL_B_SPLINE_CURVE((1.,
0.677740792224,1.)) REPRESENTATION_ITEM('') );
#2916 = CARTESIAN_POINT('',(-3.349415787334E-03,7.902358303382E-03));
#2917 = CARTESIAN_POINT('',(-2.94856095896E-03,8.562018753721E-03));
#2918 = CARTESIAN_POINT('',(-2.32368953563E-03,8.108838648819E-03));
#2919 = ( GEOMETRIC_REPRESENTATION_CONTEXT(2) 
PARAMETRIC_REPRESENTATION_CONTEXT() REPRESENTATION_CONTEXT('2D SPACE',''
  ) );
#2920 = ORIENTED_EDGE('',*,*,#2815,.F.);
#2921 = ORIENTED_EDGE('',*,*,#2922,.F.);
#2922 = EDGE_CURVE('',#2870,#2816,#2923,.T.);
#2923 = SURFACE_CURVE('',#2924,(#2928,#2935),.PCURVE_S1.);
#2924 = ( BOUNDED_CURVE() B_SPLINE_CURVE(2,(#2925,#2926,#2927),
.UNSPECIFIED.,.F.,.F.) B_SPLINE_CURVE_WITH_KNOTS((3,3),(0.546038978939,
2.198260087339),.PIECEWISE_BEZIER_KNOTS.) CURVE() 
GEOMETRIC_REPRESENTATION_ITEM() RATIONAL_B_SPLINE_CURVE((1.,
0.677740792224,1.)) REPRESENTATION_ITEM('') );
#2925 = CARTESIAN_POINT('',(22.179982242844,13.478074925861,
    17.4437305662));
#2926 = CARTESIAN_POINT('',(21.779127414469,14.137735376201,
    17.4437305662));
#2927 = CARTESIAN_POINT('',(21.15425599114,13.684555271299,17.4437305662
    ));
#2928 = PCURVE('',#2829,#2929);
#2929 = DEFINITIONAL_REPRESENTATION('',(#2930),#2934);
#2930 = B_SPLINE_CURVE_WITH_KNOTS('',2,(#2931,#2932,#2933),
  .UNSPECIFIED.,.F.,.F.,(3,3),(0.546038978939,2.198260087339),
  .PIECEWISE_BEZIER_KNOTS.);
#2931 = CARTESIAN_POINT('',(0.546038978939,0.));
#2932 = CARTESIAN_POINT('',(1.372149533139,0.));
#2933 = CARTESIAN_POINT('',(2.198260087339,0.));
#2934 = ( GEOMETRIC_REPRESENTATION_CONTEXT(2) 
PARAMETRIC_REPRESENTATION_CONTEXT() REPRESENTATION_CONTEXT('2D SPACE',''
  ) );
#2935 = PCURVE('',#2855,#2936);
#2936 = DEFINITIONAL_REPRESENTATION('',(#2937),#2941);
#2937 = ( BOUNDED_CURVE() B_SPLINE_CURVE(2,(#2938,#2939,#2940),
.UNSPECIFIED.,.F.,.F.) B_SPLINE_CURVE_WITH_KNOTS((3,3),(0.546038978939,
2.198260087339),.PIECEWISE_BEZIER_KNOTS.) CURVE() 
GEOMETRIC_REPRESENTATION_ITEM() RATIONAL_B_SPLINE_CURVE((1.,
0.677740792224,1.)) REPRESENTATION_ITEM('') );
#2938 = CARTESIAN_POINT('',(-3.349415787334E-03,7.902358303382E-03));
#2939 = CARTESIAN_POINT('',(-2.94856095896E-03,8.562018753721E-03));
#2940 = CARTESIAN_POINT('',(-2.32368953563E-03,8.108838648819E-03));
#2941 = ( GEOMETRIC_REPRESENTATION_CONTEXT(2) 
PARAMETRIC_REPRESENTATION_CONTEXT() REPRESENTATION_CONTEXT('2D SPACE',''
  ) );
#2942 = ADVANCED_FACE('',(#2943),#2886,.T.);
#2943 = FACE_BOUND('',#2944,.T.);
#2944 = EDGE_LOOP('',(#2945,#2946,#2969,#2998));
#2945 = ORIENTED_EDGE('',*,*,#2869,.T.);
#2946 = ORIENTED_EDGE('',*,*,#2947,.T.);
#2947 = EDGE_CURVE('',#2872,#2948,#2950,.T.);
#2948 = VERTEX_POINT('',#2949);
#2949 = CARTESIAN_POINT('',(25.942546551203,0.770969803976,
    21.117792509309));
#2950 = SURFACE_CURVE('',#2951,(#2955,#2962),.PCURVE_S1.);
#2951 = ( BOUNDED_CURVE() B_SPLINE_CURVE(2,(#2952,#2953,#2954),
.UNSPECIFIED.,.F.,.F.) B_SPLINE_CURVE_WITH_KNOTS((3,3),(5.737146328241,
6.253475696594),.PIECEWISE_BEZIER_KNOTS.) CURVE() 
GEOMETRIC_REPRESENTATION_ITEM() RATIONAL_B_SPLINE_CURVE((1.,
0.966860174289,1.)) REPRESENTATION_ITEM('') );
#2952 = CARTESIAN_POINT('',(22.179982242844,13.478074925862,
    21.117792509309));
#2953 = CARTESIAN_POINT('',(25.738966344792,7.621288654974,
    21.117792509309));
#2954 = CARTESIAN_POINT('',(25.942546551203,0.770969803976,
    21.117792509309));
#2955 = PCURVE('',#2886,#2956);
#2956 = DEFINITIONAL_REPRESENTATION('',(#2957),#2961);
#2957 = B_SPLINE_CURVE_WITH_KNOTS('',2,(#2958,#2959,#2960),
  .UNSPECIFIED.,.F.,.F.,(3,3),(5.737146328241,6.253475696594),
  .PIECEWISE_BEZIER_KNOTS.);
#2958 = CARTESIAN_POINT('',(5.737146328241,-3.674061943109E-03));
#2959 = CARTESIAN_POINT('',(5.995311012417,-3.674061943109E-03));
#2960 = CARTESIAN_POINT('',(6.253475696594,-3.674061943109E-03));
#2961 = ( GEOMETRIC_REPRESENTATION_CONTEXT(2) 
PARAMETRIC_REPRESENTATION_CONTEXT() REPRESENTATION_CONTEXT('2D SPACE',''
  ) );
#2962 = PCURVE('',#2804,#2963);
#2963 = DEFINITIONAL_REPRESENTATION('',(#2964),#2968);
#2964 = ( BOUNDED_CURVE() B_SPLINE_CURVE(2,(#2965,#2966,#2967),
.UNSPECIFIED.,.F.,.F.) B_SPLINE_CURVE_WITH_KNOTS((3,3),(5.737146328241,
6.253475696594),.PIECEWISE_BEZIER_KNOTS.) CURVE() 
GEOMETRIC_REPRESENTATION_ITEM() RATIONAL_B_SPLINE_CURVE((1.,
0.966860174289,1.)) REPRESENTATION_ITEM('') );
#2965 = CARTESIAN_POINT('',(-3.349415787334E-03,7.902358303382E-03));
#2966 = CARTESIAN_POINT('',(-6.908399889283E-03,2.045572032494E-03));
#2967 = CARTESIAN_POINT('',(-7.111980095694E-03,-4.804746818504E-03));
#2968 = ( GEOMETRIC_REPRESENTATION_CONTEXT(2) 
PARAMETRIC_REPRESENTATION_CONTEXT() REPRESENTATION_CONTEXT('2D SPACE',''
  ) );
#2969 = ORIENTED_EDGE('',*,*,#2970,.F.);
#2970 = EDGE_CURVE('',#2971,#2948,#2973,.T.);
#2971 = VERTEX_POINT('',#2972);
#2972 = CARTESIAN_POINT('',(25.942546551203,0.770969803976,17.4437305662
    ));
#2973 = SURFACE_CURVE('',#2974,(#2977,#2984),.PCURVE_S1.);
#2974 = B_SPLINE_CURVE_WITH_KNOTS('',1,(#2975,#2976),.UNSPECIFIED.,.F.,
  .F.,(2,2),(0.,3.674061943109E-03),.PIECEWISE_BEZIER_KNOTS.);
#2975 = CARTESIAN_POINT('',(25.942546551203,0.770969803976,17.4437305662
    ));
#2976 = CARTESIAN_POINT('',(25.942546551203,0.770969803976,
    21.117792509309));
#2977 = PCURVE('',#2886,#2978);
#2978 = DEFINITIONAL_REPRESENTATION('',(#2979),#2983);
#2979 = B_SPLINE_CURVE_WITH_KNOTS('',2,(#2980,#2981,#2982),
  .UNSPECIFIED.,.F.,.F.,(3,3),(0.,3.674061943109E-03),
  .PIECEWISE_BEZIER_KNOTS.);
#2980 = CARTESIAN_POINT('',(6.253475696594,0.));
#2981 = CARTESIAN_POINT('',(6.253475696594,-1.837030971554E-03));
#2982 = CARTESIAN_POINT('',(6.253475696594,-3.674061943109E-03));
#2983 = ( GEOMETRIC_REPRESENTATION_CONTEXT(2) 
PARAMETRIC_REPRESENTATION_CONTEXT() REPRESENTATION_CONTEXT('2D SPACE',''
  ) );
#2984 = PCURVE('',#2985,#2992);
#2985 = ( BOUNDED_SURFACE() B_SPLINE_SURFACE(2,1,(
    (#2986,#2987)
    ,(#2988,#2989)
    ,(#2990,#2991
)),.UNSPECIFIED.,.F.,.F.,.F.) B_SPLINE_SURFACE_WITH_KNOTS((3,3),(2,2),(
    4.660673809365,6.312894917766),(-3.674061943109E-03,0.),
.PIECEWISE_BEZIER_KNOTS.) GEOMETRIC_REPRESENTATION_ITEM() 
RATIONAL_B_SPLINE_SURFACE((
    (1.,1.)
    ,(0.677740792224,0.677740792224)
,(1.,1.))) REPRESENTATION_ITEM('') SURFACE() );
#2986 = CARTESIAN_POINT('',(25.194603677046,3.930735893455E-02,
    21.117792509309));
#2987 = CARTESIAN_POINT('',(25.194603677046,3.930735893455E-02,
    17.4437305662));
#2988 = CARTESIAN_POINT('',(25.965476158744,-5.940211682738E-04,
    21.117792509309));
#2989 = CARTESIAN_POINT('',(25.965476158744,-5.940211682738E-04,
    17.4437305662));
#2990 = CARTESIAN_POINT('',(25.942546551203,0.770969803976,
    21.117792509309));
#2991 = CARTESIAN_POINT('',(25.942546551203,0.770969803976,17.4437305662
    ));
#2992 = DEFINITIONAL_REPRESENTATION('',(#2993),#2997);
#2993 = B_SPLINE_CURVE_WITH_KNOTS('',2,(#2994,#2995,#2996),
  .UNSPECIFIED.,.F.,.F.,(3,3),(0.,3.674061943109E-03),
  .PIECEWISE_BEZIER_KNOTS.);
#2994 = CARTESIAN_POINT('',(6.312894917766,0.));
#2995 = CARTESIAN_POINT('',(6.312894917766,-1.837030971554E-03));
#2996 = CARTESIAN_POINT('',(6.312894917766,-3.674061943109E-03));
#2997 = ( GEOMETRIC_REPRESENTATION_CONTEXT(2) 
PARAMETRIC_REPRESENTATION_CONTEXT() REPRESENTATION_CONTEXT('2D SPACE',''
  ) );
#2998 = ORIENTED_EDGE('',*,*,#2999,.F.);
#2999 = EDGE_CURVE('',#2870,#2971,#3000,.T.);
#3000 = SURFACE_CURVE('',#3001,(#3005,#3012),.PCURVE_S1.);
#3001 = ( BOUNDED_CURVE() B_SPLINE_CURVE(2,(#3002,#3003,#3004),
.UNSPECIFIED.,.F.,.F.) B_SPLINE_CURVE_WITH_KNOTS((3,3),(5.737146328241,
6.253475696594),.PIECEWISE_BEZIER_KNOTS.) CURVE() 
GEOMETRIC_REPRESENTATION_ITEM() RATIONAL_B_SPLINE_CURVE((1.,
0.966860174289,1.)) REPRESENTATION_ITEM('') );
#3002 = CARTESIAN_POINT('',(22.179982242844,13.478074925862,
    17.4437305662));
#3003 = CARTESIAN_POINT('',(25.738966344792,7.621288654974,17.4437305662
    ));
#3004 = CARTESIAN_POINT('',(25.942546551203,0.770969803976,17.4437305662
    ));
#3005 = PCURVE('',#2886,#3006);
#3006 = DEFINITIONAL_REPRESENTATION('',(#3007),#3011);
#3007 = B_SPLINE_CURVE_WITH_KNOTS('',2,(#3008,#3009,#3010),
  .UNSPECIFIED.,.F.,.F.,(3,3),(5.737146328241,6.253475696594),
  .PIECEWISE_BEZIER_KNOTS.);
#3008 = CARTESIAN_POINT('',(5.737146328241,0.));
#3009 = CARTESIAN_POINT('',(5.995311012417,0.));
#3010 = CARTESIAN_POINT('',(6.253475696594,0.));
#3011 = ( GEOMETRIC_REPRESENTATION_CONTEXT(2) 
PARAMETRIC_REPRESENTATION_CONTEXT() REPRESENTATION_CONTEXT('2D SPACE',''
  ) );
#3012 = PCURVE('',#2855,#3013);
#3013 = DEFINITIONAL_REPRESENTATION('',(#3014),#3018);
#3014 = ( BOUNDED_CURVE() B_SPLINE_CURVE(2,(#3015,#3016,#3017),
.UNSPECIFIED.,.F.,.F.) B_SPLINE_CURVE_WITH_KNOTS((3,3),(5.737146328241,
6.253475696594),.PIECEWISE_BEZIER_KNOTS.) CURVE() 
GEOMETRIC_REPRESENTATION_ITEM() RATIONAL_B_SPLINE_CURVE((1.,
0.966860174289,1.)) REPRESENTATION_ITEM('') );
#3015 = CARTESIAN_POINT('',(-3.349415787334E-03,7.902358303382E-03));
#3016 = CARTESIAN_POINT('',(-6.908399889283E-03,2.045572032494E-03));
#3017 = CARTESIAN_POINT('',(-7.111980095694E-03,-4.804746818504E-03));
#3018 = ( GEOMETRIC_REPRESENTATION_CONTEXT(2) 
PARAMETRIC_REPRESENTATION_CONTEXT() REPRESENTATION_CONTEXT('2D SPACE',''
  ) );
#3019 = ADVANCED_FACE('',(#3020),#2985,.F.);
#3020 = FACE_BOUND('',#3021,.F.);
#3021 = EDGE_LOOP('',(#3022,#3050,#3071,#3072));
#3022 = ORIENTED_EDGE('',*,*,#3023,.T.);
#3023 = EDGE_CURVE('',#3024,#3026,#3028,.T.);
#3024 = VERTEX_POINT('',#3025);
#3025 = CARTESIAN_POINT('',(25.194603677046,3.930735893454E-02,
    17.4437305662));
#3026 = VERTEX_POINT('',#3027);
#3027 = CARTESIAN_POINT('',(25.194603677046,3.930735893454E-02,
    21.117792509309));
#3028 = SURFACE_CURVE('',#3029,(#3032,#3039),.PCURVE_S1.);
#3029 = B_SPLINE_CURVE_WITH_KNOTS('',1,(#3030,#3031),.UNSPECIFIED.,.F.,
  .F.,(2,2),(0.,3.674061943109E-03),.PIECEWISE_BEZIER_KNOTS.);
#3030 = CARTESIAN_POINT('',(25.194603677046,3.930735893454E-02,
    17.4437305662));
#3031 = CARTESIAN_POINT('',(25.194603677046,3.930735893454E-02,
    21.117792509309));
#3032 = PCURVE('',#2985,#3033);
#3033 = DEFINITIONAL_REPRESENTATION('',(#3034),#3038);
#3034 = B_SPLINE_CURVE_WITH_KNOTS('',2,(#3035,#3036,#3037),
  .UNSPECIFIED.,.F.,.F.,(3,3),(0.,3.674061943109E-03),
  .PIECEWISE_BEZIER_KNOTS.);
#3035 = CARTESIAN_POINT('',(4.660673809365,0.));
#3036 = CARTESIAN_POINT('',(4.660673809365,-1.837030971554E-03));
#3037 = CARTESIAN_POINT('',(4.660673809365,-3.674061943109E-03));
#3038 = ( GEOMETRIC_REPRESENTATION_CONTEXT(2) 
PARAMETRIC_REPRESENTATION_CONTEXT() REPRESENTATION_CONTEXT('2D SPACE',''
  ) );
#3039 = PCURVE('',#3040,#3045);
#3040 = B_SPLINE_SURFACE_WITH_KNOTS('',1,1,(
    (#3041,#3042)
    ,(#3043,#3044
    )),.UNSPECIFIED.,.F.,.F.,.F.,(2,2),(2,2),(0.,1.315996021184E-02),(
    -3.674061943109E-03,0.),.PIECEWISE_BEZIER_KNOTS.);
#3041 = CARTESIAN_POINT('',(25.194603677046,3.930735893454E-02,
    21.117792509309));
#3042 = CARTESIAN_POINT('',(25.194603677046,3.930735893454E-02,
    17.4437305662));
#3043 = CARTESIAN_POINT('',(12.052237429936,0.719573633223,
    21.117792509309));
#3044 = CARTESIAN_POINT('',(12.052237429936,0.719573633223,17.4437305662
    ));
#3045 = DEFINITIONAL_REPRESENTATION('',(#3046),#3049);
#3046 = B_SPLINE_CURVE_WITH_KNOTS('',1,(#3047,#3048),.UNSPECIFIED.,.F.,
  .F.,(2,2),(0.,3.674061943109E-03),.PIECEWISE_BEZIER_KNOTS.);
#3047 = CARTESIAN_POINT('',(0.,0.));
#3048 = CARTESIAN_POINT('',(0.,-3.674061943109E-03));
#3049 = ( GEOMETRIC_REPRESENTATION_CONTEXT(2) 
PARAMETRIC_REPRESENTATION_CONTEXT() REPRESENTATION_CONTEXT('2D SPACE',''
  ) );
#3050 = ORIENTED_EDGE('',*,*,#3051,.T.);
#3051 = EDGE_CURVE('',#3026,#2948,#3052,.T.);
#3052 = SURFACE_CURVE('',#3053,(#3057,#3064),.PCURVE_S1.);
#3053 = ( BOUNDED_CURVE() B_SPLINE_CURVE(2,(#3054,#3055,#3056),
.UNSPECIFIED.,.F.,.F.) B_SPLINE_CURVE_WITH_KNOTS((3,3),(4.660673809365,
6.312894917766),.PIECEWISE_BEZIER_KNOTS.) CURVE() 
GEOMETRIC_REPRESENTATION_ITEM() RATIONAL_B_SPLINE_CURVE((1.,
0.677740792224,1.)) REPRESENTATION_ITEM('') );
#3054 = CARTESIAN_POINT('',(25.194603677046,3.930735893455E-02,
    21.117792509309));
#3055 = CARTESIAN_POINT('',(25.965476158744,-5.940211682738E-04,
    21.117792509309));
#3056 = CARTESIAN_POINT('',(25.942546551203,0.770969803976,
    21.117792509309));
#3057 = PCURVE('',#2985,#3058);
#3058 = DEFINITIONAL_REPRESENTATION('',(#3059),#3063);
#3059 = B_SPLINE_CURVE_WITH_KNOTS('',2,(#3060,#3061,#3062),
  .UNSPECIFIED.,.F.,.F.,(3,3),(4.660673809365,6.312894917766),
  .PIECEWISE_BEZIER_KNOTS.);
#3060 = CARTESIAN_POINT('',(4.660673809365,-3.674061943109E-03));
#3061 = CARTESIAN_POINT('',(5.486784363566,-3.674061943109E-03));
#3062 = CARTESIAN_POINT('',(6.312894917766,-3.674061943109E-03));
#3063 = ( GEOMETRIC_REPRESENTATION_CONTEXT(2) 
PARAMETRIC_REPRESENTATION_CONTEXT() REPRESENTATION_CONTEXT('2D SPACE',''
  ) );
#3064 = PCURVE('',#2804,#3065);
#3065 = DEFINITIONAL_REPRESENTATION('',(#3066),#3070);
#3066 = ( BOUNDED_CURVE() B_SPLINE_CURVE(2,(#3067,#3068,#3069),
.UNSPECIFIED.,.F.,.F.) B_SPLINE_CURVE_WITH_KNOTS((3,3),(4.660673809365,
6.312894917766),.PIECEWISE_BEZIER_KNOTS.) CURVE() 
GEOMETRIC_REPRESENTATION_ITEM() RATIONAL_B_SPLINE_CURVE((1.,
0.677740792224,1.)) REPRESENTATION_ITEM('') );
#3067 = CARTESIAN_POINT('',(-6.364037221537E-03,-5.536409263545E-03));
#3068 = CARTESIAN_POINT('',(-7.134909703235E-03,-5.576310643648E-03));
#3069 = CARTESIAN_POINT('',(-7.111980095694E-03,-4.804746818504E-03));
#3070 = ( GEOMETRIC_REPRESENTATION_CONTEXT(2) 
PARAMETRIC_REPRESENTATION_CONTEXT() REPRESENTATION_CONTEXT('2D SPACE',''
  ) );
#3071 = ORIENTED_EDGE('',*,*,#2970,.F.);
#3072 = ORIENTED_EDGE('',*,*,#3073,.F.);
#3073 = EDGE_CURVE('',#3024,#2971,#3074,.T.);
#3074 = SURFACE_CURVE('',#3075,(#3079,#3086),.PCURVE_S1.);
#3075 = ( BOUNDED_CURVE() B_SPLINE_CURVE(2,(#3076,#3077,#3078),
.UNSPECIFIED.,.F.,.F.) B_SPLINE_CURVE_WITH_KNOTS((3,3),(4.660673809365,
6.312894917766),.PIECEWISE_BEZIER_KNOTS.) CURVE() 
GEOMETRIC_REPRESENTATION_ITEM() RATIONAL_B_SPLINE_CURVE((1.,
0.677740792224,1.)) REPRESENTATION_ITEM('') );
#3076 = CARTESIAN_POINT('',(25.194603677046,3.930735893455E-02,
    17.4437305662));
#3077 = CARTESIAN_POINT('',(25.965476158744,-5.940211682738E-04,
    17.4437305662));
#3078 = CARTESIAN_POINT('',(25.942546551203,0.770969803976,17.4437305662
    ));
#3079 = PCURVE('',#2985,#3080);
#3080 = DEFINITIONAL_REPRESENTATION('',(#3081),#3085);
#3081 = B_SPLINE_CURVE_WITH_KNOTS('',2,(#3082,#3083,#3084),
  .UNSPECIFIED.,.F.,.F.,(3,3),(4.660673809365,6.312894917766),
  .PIECEWISE_BEZIER_KNOTS.);
#3082 = CARTESIAN_POINT('',(4.660673809365,0.));
#3083 = CARTESIAN_POINT('',(5.486784363566,0.));
#3084 = CARTESIAN_POINT('',(6.312894917766,0.));
#3085 = ( GEOMETRIC_REPRESENTATION_CONTEXT(2) 
PARAMETRIC_REPRESENTATION_CONTEXT() REPRESENTATION_CONTEXT('2D SPACE',''
  ) );
#3086 = PCURVE('',#2855,#3087);
#3087 = DEFINITIONAL_REPRESENTATION('',(#3088),#3092);
#3088 = ( BOUNDED_CURVE() B_SPLINE_CURVE(2,(#3089,#3090,#3091),
.UNSPECIFIED.,.F.,.F.) B_SPLINE_CURVE_WITH_KNOTS((3,3),(4.660673809365,
6.312894917766),.PIECEWISE_BEZIER_KNOTS.) CURVE() 
GEOMETRIC_REPRESENTATION_ITEM() RATIONAL_B_SPLINE_CURVE((1.,
0.677740792224,1.)) REPRESENTATION_ITEM('') );
#3089 = CARTESIAN_POINT('',(-6.364037221537E-03,-5.536409263545E-03));
#3090 = CARTESIAN_POINT('',(-7.134909703235E-03,-5.576310643648E-03));
#3091 = CARTESIAN_POINT('',(-7.111980095694E-03,-4.804746818504E-03));
#3092 = ( GEOMETRIC_REPRESENTATION_CONTEXT(2) 
PARAMETRIC_REPRESENTATION_CONTEXT() REPRESENTATION_CONTEXT('2D SPACE',''
  ) );
#3093 = ADVANCED_FACE('',(#3094),#3040,.T.);
#3094 = FACE_BOUND('',#3095,.T.);
#3095 = EDGE_LOOP('',(#3096,#3097,#3117,#3145));
#3096 = ORIENTED_EDGE('',*,*,#3023,.T.);
#3097 = ORIENTED_EDGE('',*,*,#3098,.T.);
#3098 = EDGE_CURVE('',#3026,#3099,#3101,.T.);
#3099 = VERTEX_POINT('',#3100);
#3100 = CARTESIAN_POINT('',(12.052237429936,0.719573633223,
    21.117792509309));
#3101 = SURFACE_CURVE('',#3102,(#3105,#3111),.PCURVE_S1.);
#3102 = B_SPLINE_CURVE_WITH_KNOTS('',1,(#3103,#3104),.UNSPECIFIED.,.F.,
  .F.,(2,2),(7.604129429344E-04,1.392037315477E-02),
  .PIECEWISE_BEZIER_KNOTS.);
#3103 = CARTESIAN_POINT('',(25.194603677046,3.930735893454E-02,
    21.117792509309));
#3104 = CARTESIAN_POINT('',(12.052237429936,0.719573633223,
    21.117792509309));
#3105 = PCURVE('',#3040,#3106);
#3106 = DEFINITIONAL_REPRESENTATION('',(#3107),#3110);
#3107 = B_SPLINE_CURVE_WITH_KNOTS('',1,(#3108,#3109),.UNSPECIFIED.,.F.,
  .F.,(2,2),(7.604129429344E-04,1.392037315477E-02),
  .PIECEWISE_BEZIER_KNOTS.);
#3108 = CARTESIAN_POINT('',(0.,-3.674061943109E-03));
#3109 = CARTESIAN_POINT('',(1.315996021184E-02,-3.674061943109E-03));
#3110 = ( GEOMETRIC_REPRESENTATION_CONTEXT(2) 
PARAMETRIC_REPRESENTATION_CONTEXT() REPRESENTATION_CONTEXT('2D SPACE',''
  ) );
#3111 = PCURVE('',#2804,#3112);
#3112 = DEFINITIONAL_REPRESENTATION('',(#3113),#3116);
#3113 = B_SPLINE_CURVE_WITH_KNOTS('',1,(#3114,#3115),.UNSPECIFIED.,.F.,
  .F.,(2,2),(7.604129429344E-04,1.392037315477E-02),
  .PIECEWISE_BEZIER_KNOTS.);
#3114 = CARTESIAN_POINT('',(-6.364037221537E-03,-5.536409263545E-03));
#3115 = CARTESIAN_POINT('',(6.778329025574E-03,-4.856142989256E-03));
#3116 = ( GEOMETRIC_REPRESENTATION_CONTEXT(2) 
PARAMETRIC_REPRESENTATION_CONTEXT() REPRESENTATION_CONTEXT('2D SPACE',''
  ) );
#3117 = ORIENTED_EDGE('',*,*,#3118,.F.);
#3118 = EDGE_CURVE('',#3119,#3099,#3121,.T.);
#3119 = VERTEX_POINT('',#3120);
#3120 = CARTESIAN_POINT('',(12.052237429936,0.719573633223,17.4437305662
    ));
#3121 = SURFACE_CURVE('',#3122,(#3125,#3131),.PCURVE_S1.);
#3122 = B_SPLINE_CURVE_WITH_KNOTS('',1,(#3123,#3124),.UNSPECIFIED.,.F.,
  .F.,(2,2),(0.,3.674061943109E-03),.PIECEWISE_BEZIER_KNOTS.);
#3123 = CARTESIAN_POINT('',(12.052237429936,0.719573633223,17.4437305662
    ));
#3124 = CARTESIAN_POINT('',(12.052237429936,0.719573633223,
    21.117792509309));
#3125 = PCURVE('',#3040,#3126);
#3126 = DEFINITIONAL_REPRESENTATION('',(#3127),#3130);
#3127 = B_SPLINE_CURVE_WITH_KNOTS('',1,(#3128,#3129),.UNSPECIFIED.,.F.,
  .F.,(2,2),(0.,3.674061943109E-03),.PIECEWISE_BEZIER_KNOTS.);
#3128 = CARTESIAN_POINT('',(1.315996021184E-02,0.));
#3129 = CARTESIAN_POINT('',(1.315996021184E-02,-3.674061943109E-03));
#3130 = ( GEOMETRIC_REPRESENTATION_CONTEXT(2) 
PARAMETRIC_REPRESENTATION_CONTEXT() REPRESENTATION_CONTEXT('2D SPACE',''
  ) );
#3131 = PCURVE('',#3132,#3139);
#3132 = ( BOUNDED_SURFACE() B_SPLINE_SURFACE(2,1,(
    (#3133,#3134)
    ,(#3135,#3136)
    ,(#3137,#3138
)),.UNSPECIFIED.,.F.,.F.,.F.) B_SPLINE_SURFACE_WITH_KNOTS((3,3),(2,2),(
    4.764104151404,6.173604429653),(-3.674061943109E-03,0.),
.PIECEWISE_BEZIER_KNOTS.) GEOMETRIC_REPRESENTATION_ITEM() 
RATIONAL_B_SPLINE_SURFACE((
    (1.,1.)
    ,(0.761773446286,0.761773446286)
,(1.,1.))) REPRESENTATION_ITEM('') SURFACE() );
#3133 = CARTESIAN_POINT('',(12.052237429936,0.719573633223,
    21.117792509309));
#3134 = CARTESIAN_POINT('',(12.052237429936,0.719573633223,17.4437305662
    ));
#3135 = CARTESIAN_POINT('',(11.533548030913,0.746421683137,
    21.117792509309));
#3136 = CARTESIAN_POINT('',(11.533548030913,0.746421683137,17.4437305662
    ));
#3137 = CARTESIAN_POINT('',(11.476747336861,1.262690209776,
    21.117792509309));
#3138 = CARTESIAN_POINT('',(11.476747336861,1.262690209776,17.4437305662
    ));
#3139 = DEFINITIONAL_REPRESENTATION('',(#3140),#3144);
#3140 = B_SPLINE_CURVE_WITH_KNOTS('',2,(#3141,#3142,#3143),
  .UNSPECIFIED.,.F.,.F.,(3,3),(0.,3.674061943109E-03),
  .PIECEWISE_BEZIER_KNOTS.);
#3141 = CARTESIAN_POINT('',(4.764104151404,0.));
#3142 = CARTESIAN_POINT('',(4.764104151404,-1.837030971554E-03));
#3143 = CARTESIAN_POINT('',(4.764104151404,-3.674061943109E-03));
#3144 = ( GEOMETRIC_REPRESENTATION_CONTEXT(2) 
PARAMETRIC_REPRESENTATION_CONTEXT() REPRESENTATION_CONTEXT('2D SPACE',''
  ) );
#3145 = ORIENTED_EDGE('',*,*,#3146,.F.);
#3146 = EDGE_CURVE('',#3024,#3119,#3147,.T.);
#3147 = SURFACE_CURVE('',#3148,(#3151,#3157),.PCURVE_S1.);
#3148 = B_SPLINE_CURVE_WITH_KNOTS('',1,(#3149,#3150),.UNSPECIFIED.,.F.,
  .F.,(2,2),(7.604129429344E-04,1.392037315477E-02),
  .PIECEWISE_BEZIER_KNOTS.);
#3149 = CARTESIAN_POINT('',(25.194603677046,3.930735893454E-02,
    17.4437305662));
#3150 = CARTESIAN_POINT('',(12.052237429936,0.719573633223,17.4437305662
    ));
#3151 = PCURVE('',#3040,#3152);
#3152 = DEFINITIONAL_REPRESENTATION('',(#3153),#3156);
#3153 = B_SPLINE_CURVE_WITH_KNOTS('',1,(#3154,#3155),.UNSPECIFIED.,.F.,
  .F.,(2,2),(7.604129429344E-04,1.392037315477E-02),
  .PIECEWISE_BEZIER_KNOTS.);
#3154 = CARTESIAN_POINT('',(0.,0.));
#3155 = CARTESIAN_POINT('',(1.315996021184E-02,0.));
#3156 = ( GEOMETRIC_REPRESENTATION_CONTEXT(2) 
PARAMETRIC_REPRESENTATION_CONTEXT() REPRESENTATION_CONTEXT('2D SPACE',''
  ) );
#3157 = PCURVE('',#2855,#3158);
#3158 = DEFINITIONAL_REPRESENTATION('',(#3159),#3162);
#3159 = B_SPLINE_CURVE_WITH_KNOTS('',1,(#3160,#3161),.UNSPECIFIED.,.F.,
  .F.,(2,2),(7.604129429344E-04,1.392037315477E-02),
  .PIECEWISE_BEZIER_KNOTS.);
#3160 = CARTESIAN_POINT('',(-6.364037221537E-03,-5.536409263545E-03));
#3161 = CARTESIAN_POINT('',(6.778329025574E-03,-4.856142989256E-03));
#3162 = ( GEOMETRIC_REPRESENTATION_CONTEXT(2) 
PARAMETRIC_REPRESENTATION_CONTEXT() REPRESENTATION_CONTEXT('2D SPACE',''
  ) );
#3163 = ADVANCED_FACE('',(#3164),#3132,.T.);
#3164 = FACE_BOUND('',#3165,.T.);
#3165 = EDGE_LOOP('',(#3166,#3167,#3190,#3219));
#3166 = ORIENTED_EDGE('',*,*,#3118,.T.);
#3167 = ORIENTED_EDGE('',*,*,#3168,.T.);
#3168 = EDGE_CURVE('',#3099,#3169,#3171,.T.);
#3169 = VERTEX_POINT('',#3170);
#3170 = CARTESIAN_POINT('',(11.476747336861,1.262690209776,
    21.117792509309));
#3171 = SURFACE_CURVE('',#3172,(#3176,#3183),.PCURVE_S1.);
#3172 = ( BOUNDED_CURVE() B_SPLINE_CURVE(2,(#3173,#3174,#3175),
.UNSPECIFIED.,.F.,.F.) B_SPLINE_CURVE_WITH_KNOTS((3,3),(4.764104151404,
6.173604429653),.PIECEWISE_BEZIER_KNOTS.) CURVE() 
GEOMETRIC_REPRESENTATION_ITEM() RATIONAL_B_SPLINE_CURVE((1.,
0.761773446286,1.)) REPRESENTATION_ITEM('') );
#3173 = CARTESIAN_POINT('',(12.052237429936,0.719573633223,
    21.117792509309));
#3174 = CARTESIAN_POINT('',(11.533548030913,0.746421683137,
    21.117792509309));
#3175 = CARTESIAN_POINT('',(11.476747336861,1.262690209776,
    21.117792509309));
#3176 = PCURVE('',#3132,#3177);
#3177 = DEFINITIONAL_REPRESENTATION('',(#3178),#3182);
#3178 = B_SPLINE_CURVE_WITH_KNOTS('',2,(#3179,#3180,#3181),
  .UNSPECIFIED.,.F.,.F.,(3,3),(4.764104151404,6.173604429653),
  .PIECEWISE_BEZIER_KNOTS.);
#3179 = CARTESIAN_POINT('',(4.764104151404,-3.674061943109E-03));
#3180 = CARTESIAN_POINT('',(5.468854290529,-3.674061943109E-03));
#3181 = CARTESIAN_POINT('',(6.173604429653,-3.674061943109E-03));
#3182 = ( GEOMETRIC_REPRESENTATION_CONTEXT(2) 
PARAMETRIC_REPRESENTATION_CONTEXT() REPRESENTATION_CONTEXT('2D SPACE',''
  ) );
#3183 = PCURVE('',#2804,#3184);
#3184 = DEFINITIONAL_REPRESENTATION('',(#3185),#3189);
#3185 = ( BOUNDED_CURVE() B_SPLINE_CURVE(2,(#3186,#3187,#3188),
.UNSPECIFIED.,.F.,.F.) B_SPLINE_CURVE_WITH_KNOTS((3,3),(4.764104151404,
6.173604429653),.PIECEWISE_BEZIER_KNOTS.) CURVE() 
GEOMETRIC_REPRESENTATION_ITEM() RATIONAL_B_SPLINE_CURVE((1.,
0.761773446286,1.)) REPRESENTATION_ITEM('') );
#3186 = CARTESIAN_POINT('',(6.778329025574E-03,-4.856142989256E-03));
#3187 = CARTESIAN_POINT('',(7.297018424596E-03,-4.829294939343E-03));
#3188 = CARTESIAN_POINT('',(7.353819118649E-03,-4.313026412704E-03));
#3189 = ( GEOMETRIC_REPRESENTATION_CONTEXT(2) 
PARAMETRIC_REPRESENTATION_CONTEXT() REPRESENTATION_CONTEXT('2D SPACE',''
  ) );
#3190 = ORIENTED_EDGE('',*,*,#3191,.F.);
#3191 = EDGE_CURVE('',#3192,#3169,#3194,.T.);
#3192 = VERTEX_POINT('',#3193);
#3193 = CARTESIAN_POINT('',(11.476747336861,1.262690209776,17.4437305662
    ));
#3194 = SURFACE_CURVE('',#3195,(#3198,#3205),.PCURVE_S1.);
#3195 = B_SPLINE_CURVE_WITH_KNOTS('',1,(#3196,#3197),.UNSPECIFIED.,.F.,
  .F.,(2,2),(0.,3.674061943109E-03),.PIECEWISE_BEZIER_KNOTS.);
#3196 = CARTESIAN_POINT('',(11.476747336861,1.262690209776,17.4437305662
    ));
#3197 = CARTESIAN_POINT('',(11.476747336861,1.262690209776,
    21.117792509309));
#3198 = PCURVE('',#3132,#3199);
#3199 = DEFINITIONAL_REPRESENTATION('',(#3200),#3204);
#3200 = B_SPLINE_CURVE_WITH_KNOTS('',2,(#3201,#3202,#3203),
  .UNSPECIFIED.,.F.,.F.,(3,3),(0.,3.674061943109E-03),
  .PIECEWISE_BEZIER_KNOTS.);
#3201 = CARTESIAN_POINT('',(6.173604429653,0.));
#3202 = CARTESIAN_POINT('',(6.173604429653,-1.837030971554E-03));
#3203 = CARTESIAN_POINT('',(6.173604429653,-3.674061943109E-03));
#3204 = ( GEOMETRIC_REPRESENTATION_CONTEXT(2) 
PARAMETRIC_REPRESENTATION_CONTEXT() REPRESENTATION_CONTEXT('2D SPACE',''
  ) );
#3205 = PCURVE('',#3206,#3213);
#3206 = ( BOUNDED_SURFACE() B_SPLINE_SURFACE(2,1,(
    (#3207,#3208)
    ,(#3209,#3210)
    ,(#3211,#3212
)),.UNSPECIFIED.,.F.,.F.,.F.) B_SPLINE_SURFACE_WITH_KNOTS((3,3),(2,2),(
    3.251173531116,3.607760365589),(-3.674061943109E-03,0.),
.PIECEWISE_BEZIER_KNOTS.) GEOMETRIC_REPRESENTATION_ITEM() 
RATIONAL_B_SPLINE_SURFACE((
    (1.,1.)
    ,(0.984147788739,0.984147788739)
,(1.,1.))) REPRESENTATION_ITEM('') SURFACE() );
#3207 = CARTESIAN_POINT('',(11.476747336861,1.262690209775,
    21.117792509309));
#3208 = CARTESIAN_POINT('',(11.476747336861,1.262690209775,17.4437305662
    ));
#3209 = CARTESIAN_POINT('',(11.24920174496,3.330880210492,
    21.117792509309));
#3210 = CARTESIAN_POINT('',(11.24920174496,3.330880210492,17.4437305662)
  );
#3211 = CARTESIAN_POINT('',(10.314010945096,5.18953699519,
    21.117792509309));
#3212 = CARTESIAN_POINT('',(10.314010945096,5.18953699519,17.4437305662)
  );
#3213 = DEFINITIONAL_REPRESENTATION('',(#3214),#3218);
#3214 = B_SPLINE_CURVE_WITH_KNOTS('',2,(#3215,#3216,#3217),
  .UNSPECIFIED.,.F.,.F.,(3,3),(0.,3.674061943109E-03),
  .PIECEWISE_BEZIER_KNOTS.);
#3215 = CARTESIAN_POINT('',(3.251173531116,0.));
#3216 = CARTESIAN_POINT('',(3.251173531116,-1.837030971554E-03));
#3217 = CARTESIAN_POINT('',(3.251173531116,-3.674061943109E-03));
#3218 = ( GEOMETRIC_REPRESENTATION_CONTEXT(2) 
PARAMETRIC_REPRESENTATION_CONTEXT() REPRESENTATION_CONTEXT('2D SPACE',''
  ) );
#3219 = ORIENTED_EDGE('',*,*,#3220,.F.);
#3220 = EDGE_CURVE('',#3119,#3192,#3221,.T.);
#3221 = SURFACE_CURVE('',#3222,(#3226,#3233),.PCURVE_S1.);
#3222 = ( BOUNDED_CURVE() B_SPLINE_CURVE(2,(#3223,#3224,#3225),
.UNSPECIFIED.,.F.,.F.) B_SPLINE_CURVE_WITH_KNOTS((3,3),(4.764104151404,
6.173604429653),.PIECEWISE_BEZIER_KNOTS.) CURVE() 
GEOMETRIC_REPRESENTATION_ITEM() RATIONAL_B_SPLINE_CURVE((1.,
0.761773446286,1.)) REPRESENTATION_ITEM('') );
#3223 = CARTESIAN_POINT('',(12.052237429936,0.719573633223,17.4437305662
    ));
#3224 = CARTESIAN_POINT('',(11.533548030913,0.746421683137,17.4437305662
    ));
#3225 = CARTESIAN_POINT('',(11.476747336861,1.262690209776,17.4437305662
    ));
#3226 = PCURVE('',#3132,#3227);
#3227 = DEFINITIONAL_REPRESENTATION('',(#3228),#3232);
#3228 = B_SPLINE_CURVE_WITH_KNOTS('',2,(#3229,#3230,#3231),
  .UNSPECIFIED.,.F.,.F.,(3,3),(4.764104151404,6.173604429653),
  .PIECEWISE_BEZIER_KNOTS.);
#3229 = CARTESIAN_POINT('',(4.764104151404,0.));
#3230 = CARTESIAN_POINT('',(5.468854290529,0.));
#3231 = CARTESIAN_POINT('',(6.173604429653,0.));
#3232 = ( GEOMETRIC_REPRESENTATION_CONTEXT(2) 
PARAMETRIC_REPRESENTATION_CONTEXT() REPRESENTATION_CONTEXT('2D SPACE',''
  ) );
#3233 = PCURVE('',#2855,#3234);
#3234 = DEFINITIONAL_REPRESENTATION('',(#3235),#3239);
#3235 = ( BOUNDED_CURVE() B_SPLINE_CURVE(2,(#3236,#3237,#3238),
.UNSPECIFIED.,.F.,.F.) B_SPLINE_CURVE_WITH_KNOTS((3,3),(4.764104151404,
6.173604429653),.PIECEWISE_BEZIER_KNOTS.) CURVE() 
GEOMETRIC_REPRESENTATION_ITEM() RATIONAL_B_SPLINE_CURVE((1.,
0.761773446286,1.)) REPRESENTATION_ITEM('') );
#3236 = CARTESIAN_POINT('',(6.778329025574E-03,-4.856142989256E-03));
#3237 = CARTESIAN_POINT('',(7.297018424596E-03,-4.829294939343E-03));
#3238 = CARTESIAN_POINT('',(7.353819118649E-03,-4.313026412704E-03));
#3239 = ( GEOMETRIC_REPRESENTATION_CONTEXT(2) 
PARAMETRIC_REPRESENTATION_CONTEXT() REPRESENTATION_CONTEXT('2D SPACE',''
  ) );
#3240 = ADVANCED_FACE('',(#3241),#3206,.T.);
#3241 = FACE_BOUND('',#3242,.T.);
#3242 = EDGE_LOOP('',(#3243,#3244,#3267,#3289));
#3243 = ORIENTED_EDGE('',*,*,#3191,.T.);
#3244 = ORIENTED_EDGE('',*,*,#3245,.T.);
#3245 = EDGE_CURVE('',#3169,#3246,#3248,.T.);
#3246 = VERTEX_POINT('',#3247);
#3247 = CARTESIAN_POINT('',(10.314010945096,5.18953699519,
    21.117792509309));
#3248 = SURFACE_CURVE('',#3249,(#3253,#3260),.PCURVE_S1.);
#3249 = ( BOUNDED_CURVE() B_SPLINE_CURVE(2,(#3250,#3251,#3252),
.UNSPECIFIED.,.F.,.F.) B_SPLINE_CURVE_WITH_KNOTS((3,3),(3.251173531116,
3.607760365589),.PIECEWISE_BEZIER_KNOTS.) CURVE() 
GEOMETRIC_REPRESENTATION_ITEM() RATIONAL_B_SPLINE_CURVE((1.,
0.984147788739,1.)) REPRESENTATION_ITEM('') );
#3250 = CARTESIAN_POINT('',(11.476747336861,1.262690209775,
    21.117792509309));
#3251 = CARTESIAN_POINT('',(11.24920174496,3.330880210492,
    21.117792509309));
#3252 = CARTESIAN_POINT('',(10.314010945096,5.18953699519,
    21.117792509309));
#3253 = PCURVE('',#3206,#3254);
#3254 = DEFINITIONAL_REPRESENTATION('',(#3255),#3259);
#3255 = B_SPLINE_CURVE_WITH_KNOTS('',2,(#3256,#3257,#3258),
  .UNSPECIFIED.,.F.,.F.,(3,3),(3.251173531116,3.607760365589),
  .PIECEWISE_BEZIER_KNOTS.);
#3256 = CARTESIAN_POINT('',(3.251173531116,-3.674061943109E-03));
#3257 = CARTESIAN_POINT('',(3.429466948352,-3.674061943109E-03));
#3258 = CARTESIAN_POINT('',(3.607760365589,-3.674061943109E-03));
#3259 = ( GEOMETRIC_REPRESENTATION_CONTEXT(2) 
PARAMETRIC_REPRESENTATION_CONTEXT() REPRESENTATION_CONTEXT('2D SPACE',''
  ) );
#3260 = PCURVE('',#2804,#3261);
#3261 = DEFINITIONAL_REPRESENTATION('',(#3262),#3266);
#3262 = ( BOUNDED_CURVE() B_SPLINE_CURVE(2,(#3263,#3264,#3265),
.UNSPECIFIED.,.F.,.F.) B_SPLINE_CURVE_WITH_KNOTS((3,3),(3.251173531116,
3.607760365589),.PIECEWISE_BEZIER_KNOTS.) CURVE() 
GEOMETRIC_REPRESENTATION_ITEM() RATIONAL_B_SPLINE_CURVE((1.,
0.984147788739,1.)) REPRESENTATION_ITEM('') );
#3263 = CARTESIAN_POINT('',(7.353819118649E-03,-4.313026412704E-03));
#3264 = CARTESIAN_POINT('',(7.58136471055E-03,-2.244836411988E-03));
#3265 = CARTESIAN_POINT('',(8.516555510414E-03,-3.861796272901E-04));
#3266 = ( GEOMETRIC_REPRESENTATION_CONTEXT(2) 
PARAMETRIC_REPRESENTATION_CONTEXT() REPRESENTATION_CONTEXT('2D SPACE',''
  ) );
#3267 = ORIENTED_EDGE('',*,*,#3268,.F.);
#3268 = EDGE_CURVE('',#3269,#3246,#3271,.T.);
#3269 = VERTEX_POINT('',#3270);
#3270 = CARTESIAN_POINT('',(10.314010945096,5.18953699519,17.4437305662)
  );
#3271 = SURFACE_CURVE('',#3272,(#3275,#3282),.PCURVE_S1.);
#3272 = B_SPLINE_CURVE_WITH_KNOTS('',1,(#3273,#3274),.UNSPECIFIED.,.F.,
  .F.,(2,2),(0.,3.674061943109E-03),.PIECEWISE_BEZIER_KNOTS.);
#3273 = CARTESIAN_POINT('',(10.314010945096,5.18953699519,17.4437305662)
  );
#3274 = CARTESIAN_POINT('',(10.314010945096,5.18953699519,
    21.117792509309));
#3275 = PCURVE('',#3206,#3276);
#3276 = DEFINITIONAL_REPRESENTATION('',(#3277),#3281);
#3277 = B_SPLINE_CURVE_WITH_KNOTS('',2,(#3278,#3279,#3280),
  .UNSPECIFIED.,.F.,.F.,(3,3),(0.,3.674061943109E-03),
  .PIECEWISE_BEZIER_KNOTS.);
#3278 = CARTESIAN_POINT('',(3.607760365589,0.));
#3279 = CARTESIAN_POINT('',(3.607760365589,-1.837030971554E-03));
#3280 = CARTESIAN_POINT('',(3.607760365589,-3.674061943109E-03));
#3281 = ( GEOMETRIC_REPRESENTATION_CONTEXT(2) 
PARAMETRIC_REPRESENTATION_CONTEXT() REPRESENTATION_CONTEXT('2D SPACE',''
  ) );
#3282 = PCURVE('',#2776,#3283);
#3283 = DEFINITIONAL_REPRESENTATION('',(#3284),#3288);
#3284 = B_SPLINE_CURVE_WITH_KNOTS('',2,(#3285,#3286,#3287),
  .UNSPECIFIED.,.F.,.F.,(3,3),(0.,3.674061943109E-03),
  .PIECEWISE_BEZIER_KNOTS.);
#3285 = CARTESIAN_POINT('',(5.817017595181,0.));
#3286 = CARTESIAN_POINT('',(5.817017595181,-1.837030971554E-03));
#3287 = CARTESIAN_POINT('',(5.817017595181,-3.674061943109E-03));
#3288 = ( GEOMETRIC_REPRESENTATION_CONTEXT(2) 
PARAMETRIC_REPRESENTATION_CONTEXT() REPRESENTATION_CONTEXT('2D SPACE',''
  ) );
#3289 = ORIENTED_EDGE('',*,*,#3290,.F.);
#3290 = EDGE_CURVE('',#3192,#3269,#3291,.T.);
#3291 = SURFACE_CURVE('',#3292,(#3296,#3303),.PCURVE_S1.);
#3292 = ( BOUNDED_CURVE() B_SPLINE_CURVE(2,(#3293,#3294,#3295),
.UNSPECIFIED.,.F.,.F.) B_SPLINE_CURVE_WITH_KNOTS((3,3),(3.251173531116,
3.607760365589),.PIECEWISE_BEZIER_KNOTS.) CURVE() 
GEOMETRIC_REPRESENTATION_ITEM() RATIONAL_B_SPLINE_CURVE((1.,
0.984147788739,1.)) REPRESENTATION_ITEM('') );
#3293 = CARTESIAN_POINT('',(11.476747336861,1.262690209775,17.4437305662
    ));
#3294 = CARTESIAN_POINT('',(11.24920174496,3.330880210492,17.4437305662)
  );
#3295 = CARTESIAN_POINT('',(10.314010945096,5.18953699519,17.4437305662)
  );
#3296 = PCURVE('',#3206,#3297);
#3297 = DEFINITIONAL_REPRESENTATION('',(#3298),#3302);
#3298 = B_SPLINE_CURVE_WITH_KNOTS('',2,(#3299,#3300,#3301),
  .UNSPECIFIED.,.F.,.F.,(3,3),(3.251173531116,3.607760365589),
  .PIECEWISE_BEZIER_KNOTS.);
#3299 = CARTESIAN_POINT('',(3.251173531116,0.));
#3300 = CARTESIAN_POINT('',(3.429466948352,0.));
#3301 = CARTESIAN_POINT('',(3.607760365589,0.));
#3302 = ( GEOMETRIC_REPRESENTATION_CONTEXT(2) 
PARAMETRIC_REPRESENTATION_CONTEXT() REPRESENTATION_CONTEXT('2D SPACE',''
  ) );
#3303 = PCURVE('',#2855,#3304);
#3304 = DEFINITIONAL_REPRESENTATION('',(#3305),#3309);
#3305 = ( BOUNDED_CURVE() B_SPLINE_CURVE(2,(#3306,#3307,#3308),
.UNSPECIFIED.,.F.,.F.) B_SPLINE_CURVE_WITH_KNOTS((3,3),(3.251173531116,
3.607760365589),.PIECEWISE_BEZIER_KNOTS.) CURVE() 
GEOMETRIC_REPRESENTATION_ITEM() RATIONAL_B_SPLINE_CURVE((1.,
0.984147788739,1.)) REPRESENTATION_ITEM('') );
#3306 = CARTESIAN_POINT('',(7.353819118649E-03,-4.313026412704E-03));
#3307 = CARTESIAN_POINT('',(7.58136471055E-03,-2.244836411988E-03));
#3308 = CARTESIAN_POINT('',(8.516555510414E-03,-3.861796272901E-04));
#3309 = ( GEOMETRIC_REPRESENTATION_CONTEXT(2) 
PARAMETRIC_REPRESENTATION_CONTEXT() REPRESENTATION_CONTEXT('2D SPACE',''
  ) );
#3310 = ADVANCED_FACE('',(#3311),#2776,.T.);
#3311 = FACE_BOUND('',#3312,.T.);
#3312 = EDGE_LOOP('',(#3313,#3314,#3335,#3336));
#3313 = ORIENTED_EDGE('',*,*,#3268,.T.);
#3314 = ORIENTED_EDGE('',*,*,#3315,.T.);
#3315 = EDGE_CURVE('',#3246,#2758,#3316,.T.);
#3316 = SURFACE_CURVE('',#3317,(#3321,#3328),.PCURVE_S1.);
#3317 = ( BOUNDED_CURVE() B_SPLINE_CURVE(2,(#3318,#3319,#3320),
.UNSPECIFIED.,.F.,.F.) B_SPLINE_CURVE_WITH_KNOTS((3,3),(5.817017595181,
7.22651787343),.PIECEWISE_BEZIER_KNOTS.) CURVE() 
GEOMETRIC_REPRESENTATION_ITEM() RATIONAL_B_SPLINE_CURVE((1.,
0.761773446286,1.)) REPRESENTATION_ITEM('') );
#3318 = CARTESIAN_POINT('',(10.314010945096,5.18953699519,
    21.117792509309));
#3319 = CARTESIAN_POINT('',(10.080565480122,5.653501137474,
    21.117792509309));
#3320 = CARTESIAN_POINT('',(10.501016580308,5.958427985742,
    21.117792509309));
#3321 = PCURVE('',#2776,#3322);
#3322 = DEFINITIONAL_REPRESENTATION('',(#3323),#3327);
#3323 = B_SPLINE_CURVE_WITH_KNOTS('',2,(#3324,#3325,#3326),
  .UNSPECIFIED.,.F.,.F.,(3,3),(5.817017595181,7.22651787343),
  .PIECEWISE_BEZIER_KNOTS.);
#3324 = CARTESIAN_POINT('',(5.817017595181,-3.674061943109E-03));
#3325 = CARTESIAN_POINT('',(6.521767734306,-3.674061943109E-03));
#3326 = CARTESIAN_POINT('',(7.22651787343,-3.674061943109E-03));
#3327 = ( GEOMETRIC_REPRESENTATION_CONTEXT(2) 
PARAMETRIC_REPRESENTATION_CONTEXT() REPRESENTATION_CONTEXT('2D SPACE',''
  ) );
#3328 = PCURVE('',#2804,#3329);
#3329 = DEFINITIONAL_REPRESENTATION('',(#3330),#3334);
#3330 = ( BOUNDED_CURVE() B_SPLINE_CURVE(2,(#3331,#3332,#3333),
.UNSPECIFIED.,.F.,.F.) B_SPLINE_CURVE_WITH_KNOTS((3,3),(5.817017595181,
7.22651787343),.PIECEWISE_BEZIER_KNOTS.) CURVE() 
GEOMETRIC_REPRESENTATION_ITEM() RATIONAL_B_SPLINE_CURVE((1.,
0.761773446286,1.)) REPRESENTATION_ITEM('') );
#3331 = CARTESIAN_POINT('',(8.516555510414E-03,-3.861796272901E-04));
#3332 = CARTESIAN_POINT('',(8.750000975388E-03,7.778451499398E-05));
#3333 = CARTESIAN_POINT('',(8.329549875202E-03,3.82711363262E-04));
#3334 = ( GEOMETRIC_REPRESENTATION_CONTEXT(2) 
PARAMETRIC_REPRESENTATION_CONTEXT() REPRESENTATION_CONTEXT('2D SPACE',''
  ) );
#3335 = ORIENTED_EDGE('',*,*,#2755,.F.);
#3336 = ORIENTED_EDGE('',*,*,#3337,.F.);
#3337 = EDGE_CURVE('',#3269,#2756,#3338,.T.);
#3338 = SURFACE_CURVE('',#3339,(#3343,#3350),.PCURVE_S1.);
#3339 = ( BOUNDED_CURVE() B_SPLINE_CURVE(2,(#3340,#3341,#3342),
.UNSPECIFIED.,.F.,.F.) B_SPLINE_CURVE_WITH_KNOTS((3,3),(5.817017595181,
7.22651787343),.PIECEWISE_BEZIER_KNOTS.) CURVE() 
GEOMETRIC_REPRESENTATION_ITEM() RATIONAL_B_SPLINE_CURVE((1.,
0.761773446286,1.)) REPRESENTATION_ITEM('') );
#3340 = CARTESIAN_POINT('',(10.314010945096,5.18953699519,17.4437305662)
  );
#3341 = CARTESIAN_POINT('',(10.080565480122,5.653501137474,17.4437305662
    ));
#3342 = CARTESIAN_POINT('',(10.501016580308,5.958427985742,17.4437305662
    ));
#3343 = PCURVE('',#2776,#3344);
#3344 = DEFINITIONAL_REPRESENTATION('',(#3345),#3349);
#3345 = B_SPLINE_CURVE_WITH_KNOTS('',2,(#3346,#3347,#3348),
  .UNSPECIFIED.,.F.,.F.,(3,3),(5.817017595181,7.22651787343),
  .PIECEWISE_BEZIER_KNOTS.);
#3346 = CARTESIAN_POINT('',(5.817017595181,0.));
#3347 = CARTESIAN_POINT('',(6.521767734306,0.));
#3348 = CARTESIAN_POINT('',(7.22651787343,0.));
#3349 = ( GEOMETRIC_REPRESENTATION_CONTEXT(2) 
PARAMETRIC_REPRESENTATION_CONTEXT() REPRESENTATION_CONTEXT('2D SPACE',''
  ) );
#3350 = PCURVE('',#2855,#3351);
#3351 = DEFINITIONAL_REPRESENTATION('',(#3352),#3356);
#3352 = ( BOUNDED_CURVE() B_SPLINE_CURVE(2,(#3353,#3354,#3355),
.UNSPECIFIED.,.F.,.F.) B_SPLINE_CURVE_WITH_KNOTS((3,3),(5.817017595181,
7.22651787343),.PIECEWISE_BEZIER_KNOTS.) CURVE() 
GEOMETRIC_REPRESENTATION_ITEM() RATIONAL_B_SPLINE_CURVE((1.,
0.761773446286,1.)) REPRESENTATION_ITEM('') );
#3353 = CARTESIAN_POINT('',(8.516555510414E-03,-3.861796272901E-04));
#3354 = CARTESIAN_POINT('',(8.750000975388E-03,7.778451499398E-05));
#3355 = CARTESIAN_POINT('',(8.329549875202E-03,3.82711363262E-04));
#3356 = ( GEOMETRIC_REPRESENTATION_CONTEXT(2) 
PARAMETRIC_REPRESENTATION_CONTEXT() REPRESENTATION_CONTEXT('2D SPACE',''
  ) );
#3357 = ADVANCED_FACE('',(#3358),#2855,.T.);
#3358 = FACE_BOUND('',#3359,.T.);
#3359 = EDGE_LOOP('',(#3360,#3361,#3362,#3363,#3364,#3365,#3366,#3367));
#3360 = ORIENTED_EDGE('',*,*,#2843,.T.);
#3361 = ORIENTED_EDGE('',*,*,#2922,.F.);
#3362 = ORIENTED_EDGE('',*,*,#2999,.T.);
#3363 = ORIENTED_EDGE('',*,*,#3073,.F.);
#3364 = ORIENTED_EDGE('',*,*,#3146,.T.);
#3365 = ORIENTED_EDGE('',*,*,#3220,.T.);
#3366 = ORIENTED_EDGE('',*,*,#3290,.T.);
#3367 = ORIENTED_EDGE('',*,*,#3337,.T.);
#3368 = ADVANCED_FACE('',(#3369),#2804,.F.);
#3369 = FACE_BOUND('',#3370,.F.);
#3370 = EDGE_LOOP('',(#3371,#3372,#3373,#3374,#3375,#3376,#3377,#3378));
#3371 = ORIENTED_EDGE('',*,*,#2790,.T.);
#3372 = ORIENTED_EDGE('',*,*,#2900,.F.);
#3373 = ORIENTED_EDGE('',*,*,#2947,.T.);
#3374 = ORIENTED_EDGE('',*,*,#3051,.F.);
#3375 = ORIENTED_EDGE('',*,*,#3098,.T.);
#3376 = ORIENTED_EDGE('',*,*,#3168,.T.);
#3377 = ORIENTED_EDGE('',*,*,#3245,.T.);
#3378 = ORIENTED_EDGE('',*,*,#3315,.T.);
#3379 = ( GEOMETRIC_REPRESENTATION_CONTEXT(3) 
GLOBAL_UNCERTAINTY_ASSIGNED_CONTEXT((#3383)) 
GLOBAL_UNIT_ASSIGNED_CONTEXT((#3380,#3381,#3382)) REPRESENTATION_CONTEXT
('Context #1','3D Context with UNIT and UNCERTAINTY') );
#3380 = ( LENGTH_UNIT() NAMED_UNIT(*) SI_UNIT(.MILLI.,.METRE.) );
#3381 = ( NAMED_UNIT(*) PLANE_ANGLE_UNIT() SI_UNIT($,.RADIAN.) );
#3382 = ( NAMED_UNIT(*) SI_UNIT($,.STERADIAN.) SOLID_ANGLE_UNIT() );
#3383 = UNCERTAINTY_MEASURE_WITH_UNIT(LENGTH_MEASURE(2.E-04),#3380,
  'distance_accuracy_value','confusion accuracy');
#3384 = CONTEXT_DEPENDENT_SHAPE_REPRESENTATION(#3385,#3387);
#3385 = ( REPRESENTATION_RELATIONSHIP('','',#2748,#10) 
REPRESENTATION_RELATIONSHIP_WITH_TRANSFORMATION(#3386) 
SHAPE_REPRESENTATION_RELATIONSHIP() );
#3386 = ITEM_DEFINED_TRANSFORMATION('','',#11,#31);
#3387 = PRODUCT_DEFINITION_SHAPE('Placement','Placement of an item',
  #3388);
#3388 = NEXT_ASSEMBLY_USAGE_OCCURRENCE('47','','',#5,#2743,$);
#3389 = PRODUCT_RELATED_PRODUCT_CATEGORY('part',$,(#2745));
#3390 = SHAPE_DEFINITION_REPRESENTATION(#3391,#3397);
#3391 = PRODUCT_DEFINITION_SHAPE('','',#3392);
#3392 = PRODUCT_DEFINITION('design','',#3393,#3396);
#3393 = PRODUCT_DEFINITION_FORMATION('','',#3394);
#3394 = PRODUCT('Open CASCADE STEP translator 7.7 2.6',
  'Open CASCADE STEP translator 7.7 2.6','',(#3395));
#3395 = PRODUCT_CONTEXT('',#2,'mechanical');
#3396 = PRODUCT_DEFINITION_CONTEXT('part definition',#2,'design');
#3397 = ADVANCED_BREP_SHAPE_REPRESENTATION('',(#11,#3398),#4028);
#3398 = MANIFOLD_SOLID_BREP('',#3399);
#3399 = CLOSED_SHELL('',(#3400,#3514,#3591,#3668,#3742,#3812,#3889,#3959
    ,#4006,#4017));
#3400 = ADVANCED_FACE('',(#3401),#3414,.T.);
#3401 = FACE_BOUND('',#3402,.T.);
#3402 = EDGE_LOOP('',(#3403,#3438,#3463,#3491));
#3403 = ORIENTED_EDGE('',*,*,#3404,.T.);
#3404 = EDGE_CURVE('',#3405,#3407,#3409,.T.);
#3405 = VERTEX_POINT('',#3406);
#3406 = CARTESIAN_POINT('',(10.501016580308,5.958427985742,17.4437305662
    ));
#3407 = VERTEX_POINT('',#3408);
#3408 = CARTESIAN_POINT('',(10.501016580308,5.958427985742,
    21.117792509309));
#3409 = SURFACE_CURVE('',#3410,(#3413,#3424),.PCURVE_S1.);
#3410 = B_SPLINE_CURVE_WITH_KNOTS('',1,(#3411,#3412),.UNSPECIFIED.,.F.,
  .F.,(2,2),(0.,3.674061943109E-03),.PIECEWISE_BEZIER_KNOTS.);
#3411 = CARTESIAN_POINT('',(10.501016580308,5.958427985742,17.4437305662
    ));
#3412 = CARTESIAN_POINT('',(10.501016580308,5.958427985742,
    21.117792509309));
#3413 = PCURVE('',#3414,#3419);
#3414 = B_SPLINE_SURFACE_WITH_KNOTS('',1,1,(
    (#3415,#3416)
    ,(#3417,#3418
    )),.UNSPECIFIED.,.F.,.F.,.F.,(2,2),(2,2),(0.,1.315996021184E-02),(
    -3.674061943109E-03,0.),.PIECEWISE_BEZIER_KNOTS.);
#3415 = CARTESIAN_POINT('',(10.501016580308,5.958427985742,
    21.117792509309));
#3416 = CARTESIAN_POINT('',(10.501016580308,5.958427985742,17.4437305662
    ));
#3417 = CARTESIAN_POINT('',(21.15425599114,13.684555271299,
    21.117792509309));
#3418 = CARTESIAN_POINT('',(21.15425599114,13.684555271299,17.4437305662
    ));
#3419 = DEFINITIONAL_REPRESENTATION('',(#3420),#3423);
#3420 = B_SPLINE_CURVE_WITH_KNOTS('',1,(#3421,#3422),.UNSPECIFIED.,.F.,
  .F.,(2,2),(0.,3.674061943109E-03),.PIECEWISE_BEZIER_KNOTS.);
#3421 = CARTESIAN_POINT('',(0.,0.));
#3422 = CARTESIAN_POINT('',(0.,-3.674061943109E-03));
#3423 = ( GEOMETRIC_REPRESENTATION_CONTEXT(2) 
PARAMETRIC_REPRESENTATION_CONTEXT() REPRESENTATION_CONTEXT('2D SPACE',''
  ) );
#3424 = PCURVE('',#3425,#3432);
#3425 = ( BOUNDED_SURFACE() B_SPLINE_SURFACE(2,1,(
    (#3426,#3427)
    ,(#3428,#3429)
    ,(#3430,#3431
)),.UNSPECIFIED.,.F.,.F.,.F.) B_SPLINE_SURFACE_WITH_KNOTS((3,3),(2,2),(
    5.817017595181,7.22651787343),(-3.674061943109E-03,0.),
.PIECEWISE_BEZIER_KNOTS.) GEOMETRIC_REPRESENTATION_ITEM() 
RATIONAL_B_SPLINE_SURFACE((
    (1.,1.)
    ,(0.761773446286,0.761773446286)
,(1.,1.))) REPRESENTATION_ITEM('') SURFACE() );
#3426 = CARTESIAN_POINT('',(10.314010945096,5.18953699519,
    21.117792509309));
#3427 = CARTESIAN_POINT('',(10.314010945096,5.18953699519,17.4437305662)
  );
#3428 = CARTESIAN_POINT('',(10.080565480122,5.653501137474,
    21.117792509309));
#3429 = CARTESIAN_POINT('',(10.080565480122,5.653501137474,17.4437305662
    ));
#3430 = CARTESIAN_POINT('',(10.501016580308,5.958427985742,
    21.117792509309));
#3431 = CARTESIAN_POINT('',(10.501016580308,5.958427985742,17.4437305662
    ));
#3432 = DEFINITIONAL_REPRESENTATION('',(#3433),#3437);
#3433 = B_SPLINE_CURVE_WITH_KNOTS('',2,(#3434,#3435,#3436),
  .UNSPECIFIED.,.F.,.F.,(3,3),(0.,3.674061943109E-03),
  .PIECEWISE_BEZIER_KNOTS.);
#3434 = CARTESIAN_POINT('',(7.22651787343,0.));
#3435 = CARTESIAN_POINT('',(7.22651787343,-1.837030971554E-03));
#3436 = CARTESIAN_POINT('',(7.22651787343,-3.674061943109E-03));
#3437 = ( GEOMETRIC_REPRESENTATION_CONTEXT(2) 
PARAMETRIC_REPRESENTATION_CONTEXT() REPRESENTATION_CONTEXT('2D SPACE',''
  ) );
#3438 = ORIENTED_EDGE('',*,*,#3439,.T.);
#3439 = EDGE_CURVE('',#3407,#3440,#3442,.T.);
#3440 = VERTEX_POINT('',#3441);
#3441 = CARTESIAN_POINT('',(21.15425599114,13.684555271299,
    21.117792509309));
#3442 = SURFACE_CURVE('',#3443,(#3446,#3452),.PCURVE_S1.);
#3443 = B_SPLINE_CURVE_WITH_KNOTS('',1,(#3444,#3445),.UNSPECIFIED.,.F.,
  .F.,(2,2),(5.311393726239E-04,1.369109958446E-02),
  .PIECEWISE_BEZIER_KNOTS.);
#3444 = CARTESIAN_POINT('',(10.501016580308,5.958427985742,
    21.117792509309));
#3445 = CARTESIAN_POINT('',(21.15425599114,13.684555271299,
    21.117792509309));
#3446 = PCURVE('',#3414,#3447);
#3447 = DEFINITIONAL_REPRESENTATION('',(#3448),#3451);
#3448 = B_SPLINE_CURVE_WITH_KNOTS('',1,(#3449,#3450),.UNSPECIFIED.,.F.,
  .F.,(2,2),(5.311393726239E-04,1.369109958446E-02),
  .PIECEWISE_BEZIER_KNOTS.);
#3449 = CARTESIAN_POINT('',(0.,-3.674061943109E-03));
#3450 = CARTESIAN_POINT('',(1.315996021184E-02,-3.674061943109E-03));
#3451 = ( GEOMETRIC_REPRESENTATION_CONTEXT(2) 
PARAMETRIC_REPRESENTATION_CONTEXT() REPRESENTATION_CONTEXT('2D SPACE',''
  ) );
#3452 = PCURVE('',#3453,#3458);
#3453 = B_SPLINE_SURFACE_WITH_KNOTS('',1,1,(
    (#3454,#3455)
    ,(#3456,#3457
    )),.UNSPECIFIED.,.F.,.F.,.F.,(2,2),(2,2),(-7.112294069963E-03,
    8.581721259939E-03),(-5.537360462184E-03,8.244361792773E-03),
  .PIECEWISE_BEZIER_KNOTS.);
#3454 = CARTESIAN_POINT('',(25.942860525472,3.835616029553E-02,
    21.117792509309));
#3455 = CARTESIAN_POINT('',(25.942860525472,13.820078415253,
    21.117792509309));
#3456 = CARTESIAN_POINT('',(10.248845195571,3.835616029553E-02,
    21.117792509309));
#3457 = CARTESIAN_POINT('',(10.248845195571,13.820078415253,
    21.117792509309));
#3458 = DEFINITIONAL_REPRESENTATION('',(#3459),#3462);
#3459 = B_SPLINE_CURVE_WITH_KNOTS('',1,(#3460,#3461),.UNSPECIFIED.,.F.,
  .F.,(2,2),(5.311393726239E-04,1.369109958446E-02),
  .PIECEWISE_BEZIER_KNOTS.);
#3460 = CARTESIAN_POINT('',(8.329549875202E-03,3.82711363262E-04));
#3461 = CARTESIAN_POINT('',(-2.32368953563E-03,8.108838648819E-03));
#3462 = ( GEOMETRIC_REPRESENTATION_CONTEXT(2) 
PARAMETRIC_REPRESENTATION_CONTEXT() REPRESENTATION_CONTEXT('2D SPACE',''
  ) );
#3463 = ORIENTED_EDGE('',*,*,#3464,.F.);
#3464 = EDGE_CURVE('',#3465,#3440,#3467,.T.);
#3465 = VERTEX_POINT('',#3466);
#3466 = CARTESIAN_POINT('',(21.15425599114,13.684555271299,17.4437305662
    ));
#3467 = SURFACE_CURVE('',#3468,(#3471,#3477),.PCURVE_S1.);
#3468 = B_SPLINE_CURVE_WITH_KNOTS('',1,(#3469,#3470),.UNSPECIFIED.,.F.,
  .F.,(2,2),(0.,3.674061943109E-03),.PIECEWISE_BEZIER_KNOTS.);
#3469 = CARTESIAN_POINT('',(21.15425599114,13.684555271299,17.4437305662
    ));
#3470 = CARTESIAN_POINT('',(21.15425599114,13.684555271299,
    21.117792509309));
#3471 = PCURVE('',#3414,#3472);
#3472 = DEFINITIONAL_REPRESENTATION('',(#3473),#3476);
#3473 = B_SPLINE_CURVE_WITH_KNOTS('',1,(#3474,#3475),.UNSPECIFIED.,.F.,
  .F.,(2,2),(0.,3.674061943109E-03),.PIECEWISE_BEZIER_KNOTS.);
#3474 = CARTESIAN_POINT('',(1.315996021184E-02,0.));
#3475 = CARTESIAN_POINT('',(1.315996021184E-02,-3.674061943109E-03));
#3476 = ( GEOMETRIC_REPRESENTATION_CONTEXT(2) 
PARAMETRIC_REPRESENTATION_CONTEXT() REPRESENTATION_CONTEXT('2D SPACE',''
  ) );
#3477 = PCURVE('',#3478,#3485);
#3478 = ( BOUNDED_SURFACE() B_SPLINE_SURFACE(2,1,(
    (#3479,#3480)
    ,(#3481,#3482)
    ,(#3483,#3484
)),.UNSPECIFIED.,.F.,.F.,.F.) B_SPLINE_SURFACE_WITH_KNOTS((3,3),(2,2),(
    0.546038978939,2.198260087339),(-3.674061943109E-03,0.),
.PIECEWISE_BEZIER_KNOTS.) GEOMETRIC_REPRESENTATION_ITEM() 
RATIONAL_B_SPLINE_SURFACE((
    (1.,1.)
    ,(0.677740792224,0.677740792224)
,(1.,1.))) REPRESENTATION_ITEM('') SURFACE() );
#3479 = CARTESIAN_POINT('',(22.179982242844,13.478074925861,
    21.117792509309));
#3480 = CARTESIAN_POINT('',(22.179982242844,13.478074925861,
    17.4437305662));
#3481 = CARTESIAN_POINT('',(21.779127414469,14.137735376201,
    21.117792509309));
#3482 = CARTESIAN_POINT('',(21.779127414469,14.137735376201,
    17.4437305662));
#3483 = CARTESIAN_POINT('',(21.15425599114,13.684555271299,
    21.117792509309));
#3484 = CARTESIAN_POINT('',(21.15425599114,13.684555271299,17.4437305662
    ));
#3485 = DEFINITIONAL_REPRESENTATION('',(#3486),#3490);
#3486 = B_SPLINE_CURVE_WITH_KNOTS('',2,(#3487,#3488,#3489),
  .UNSPECIFIED.,.F.,.F.,(3,3),(0.,3.674061943109E-03),
  .PIECEWISE_BEZIER_KNOTS.);
#3487 = CARTESIAN_POINT('',(2.198260087339,0.));
#3488 = CARTESIAN_POINT('',(2.198260087339,-1.837030971554E-03));
#3489 = CARTESIAN_POINT('',(2.198260087339,-3.674061943109E-03));
#3490 = ( GEOMETRIC_REPRESENTATION_CONTEXT(2) 
PARAMETRIC_REPRESENTATION_CONTEXT() REPRESENTATION_CONTEXT('2D SPACE',''
  ) );
#3491 = ORIENTED_EDGE('',*,*,#3492,.F.);
#3492 = EDGE_CURVE('',#3405,#3465,#3493,.T.);
#3493 = SURFACE_CURVE('',#3494,(#3497,#3503),.PCURVE_S1.);
#3494 = B_SPLINE_CURVE_WITH_KNOTS('',1,(#3495,#3496),.UNSPECIFIED.,.F.,
  .F.,(2,2),(5.311393726239E-04,1.369109958446E-02),
  .PIECEWISE_BEZIER_KNOTS.);
#3495 = CARTESIAN_POINT('',(10.501016580308,5.958427985742,17.4437305662
    ));
#3496 = CARTESIAN_POINT('',(21.15425599114,13.684555271299,17.4437305662
    ));
#3497 = PCURVE('',#3414,#3498);
#3498 = DEFINITIONAL_REPRESENTATION('',(#3499),#3502);
#3499 = B_SPLINE_CURVE_WITH_KNOTS('',1,(#3500,#3501),.UNSPECIFIED.,.F.,
  .F.,(2,2),(5.311393726239E-04,1.369109958446E-02),
  .PIECEWISE_BEZIER_KNOTS.);
#3500 = CARTESIAN_POINT('',(0.,0.));
#3501 = CARTESIAN_POINT('',(1.315996021184E-02,0.));
#3502 = ( GEOMETRIC_REPRESENTATION_CONTEXT(2) 
PARAMETRIC_REPRESENTATION_CONTEXT() REPRESENTATION_CONTEXT('2D SPACE',''
  ) );
#3503 = PCURVE('',#3504,#3509);
#3504 = B_SPLINE_SURFACE_WITH_KNOTS('',1,1,(
    (#3505,#3506)
    ,(#3507,#3508
    )),.UNSPECIFIED.,.F.,.F.,.F.,(2,2),(2,2),(-7.112294069963E-03,
    8.581721259939E-03),(-5.537360462184E-03,8.244361792773E-03),
  .PIECEWISE_BEZIER_KNOTS.);
#3505 = CARTESIAN_POINT('',(25.942860525472,3.835616029553E-02,
    17.4437305662));
#3506 = CARTESIAN_POINT('',(25.942860525472,13.820078415253,
    17.4437305662));
#3507 = CARTESIAN_POINT('',(10.248845195571,3.835616029553E-02,
    17.4437305662));
#3508 = CARTESIAN_POINT('',(10.248845195571,13.820078415253,
    17.4437305662));
#3509 = DEFINITIONAL_REPRESENTATION('',(#3510),#3513);
#3510 = B_SPLINE_CURVE_WITH_KNOTS('',1,(#3511,#3512),.UNSPECIFIED.,.F.,
  .F.,(2,2),(5.311393726239E-04,1.369109958446E-02),
  .PIECEWISE_BEZIER_KNOTS.);
#3511 = CARTESIAN_POINT('',(8.329549875202E-03,3.82711363262E-04));
#3512 = CARTESIAN_POINT('',(-2.32368953563E-03,8.108838648819E-03));
#3513 = ( GEOMETRIC_REPRESENTATION_CONTEXT(2) 
PARAMETRIC_REPRESENTATION_CONTEXT() REPRESENTATION_CONTEXT('2D SPACE',''
  ) );
#3514 = ADVANCED_FACE('',(#3515),#3478,.F.);
#3515 = FACE_BOUND('',#3516,.F.);
#3516 = EDGE_LOOP('',(#3517,#3548,#3569,#3570));
#3517 = ORIENTED_EDGE('',*,*,#3518,.T.);
#3518 = EDGE_CURVE('',#3519,#3521,#3523,.T.);
#3519 = VERTEX_POINT('',#3520);
#3520 = CARTESIAN_POINT('',(22.179982242844,13.478074925862,
    17.4437305662));
#3521 = VERTEX_POINT('',#3522);
#3522 = CARTESIAN_POINT('',(22.179982242844,13.478074925862,
    21.117792509309));
#3523 = SURFACE_CURVE('',#3524,(#3527,#3534),.PCURVE_S1.);
#3524 = B_SPLINE_CURVE_WITH_KNOTS('',1,(#3525,#3526),.UNSPECIFIED.,.F.,
  .F.,(2,2),(0.,3.674061943109E-03),.PIECEWISE_BEZIER_KNOTS.);
#3525 = CARTESIAN_POINT('',(22.179982242844,13.478074925861,
    17.4437305662));
#3526 = CARTESIAN_POINT('',(22.179982242844,13.478074925861,
    21.117792509309));
#3527 = PCURVE('',#3478,#3528);
#3528 = DEFINITIONAL_REPRESENTATION('',(#3529),#3533);
#3529 = B_SPLINE_CURVE_WITH_KNOTS('',2,(#3530,#3531,#3532),
  .UNSPECIFIED.,.F.,.F.,(3,3),(0.,3.674061943109E-03),
  .PIECEWISE_BEZIER_KNOTS.);
#3530 = CARTESIAN_POINT('',(0.546038978939,0.));
#3531 = CARTESIAN_POINT('',(0.546038978939,-1.837030971554E-03));
#3532 = CARTESIAN_POINT('',(0.546038978939,-3.674061943109E-03));
#3533 = ( GEOMETRIC_REPRESENTATION_CONTEXT(2) 
PARAMETRIC_REPRESENTATION_CONTEXT() REPRESENTATION_CONTEXT('2D SPACE',''
  ) );
#3534 = PCURVE('',#3535,#3542);
#3535 = ( BOUNDED_SURFACE() B_SPLINE_SURFACE(2,1,(
    (#3536,#3537)
    ,(#3538,#3539)
    ,(#3540,#3541
)),.UNSPECIFIED.,.F.,.F.,.F.) B_SPLINE_SURFACE_WITH_KNOTS((3,3),(2,2),(
    5.737146328241,6.253475696594),(-3.674061943109E-03,0.),
.PIECEWISE_BEZIER_KNOTS.) GEOMETRIC_REPRESENTATION_ITEM() 
RATIONAL_B_SPLINE_SURFACE((
    (1.,1.)
    ,(0.966860174289,0.966860174289)
,(1.,1.))) REPRESENTATION_ITEM('') SURFACE() );
#3536 = CARTESIAN_POINT('',(22.179982242844,13.478074925862,
    21.117792509309));
#3537 = CARTESIAN_POINT('',(22.179982242844,13.478074925862,
    17.4437305662));
#3538 = CARTESIAN_POINT('',(25.738966344792,7.621288654974,
    21.117792509309));
#3539 = CARTESIAN_POINT('',(25.738966344792,7.621288654974,17.4437305662
    ));
#3540 = CARTESIAN_POINT('',(25.942546551203,0.770969803976,
    21.117792509309));
#3541 = CARTESIAN_POINT('',(25.942546551203,0.770969803976,17.4437305662
    ));
#3542 = DEFINITIONAL_REPRESENTATION('',(#3543),#3547);
#3543 = B_SPLINE_CURVE_WITH_KNOTS('',2,(#3544,#3545,#3546),
  .UNSPECIFIED.,.F.,.F.,(3,3),(0.,3.674061943109E-03),
  .PIECEWISE_BEZIER_KNOTS.);
#3544 = CARTESIAN_POINT('',(5.737146328241,0.));
#3545 = CARTESIAN_POINT('',(5.737146328241,-1.837030971554E-03));
#3546 = CARTESIAN_POINT('',(5.737146328241,-3.674061943109E-03));
#3547 = ( GEOMETRIC_REPRESENTATION_CONTEXT(2) 
PARAMETRIC_REPRESENTATION_CONTEXT() REPRESENTATION_CONTEXT('2D SPACE',''
  ) );
#3548 = ORIENTED_EDGE('',*,*,#3549,.T.);
#3549 = EDGE_CURVE('',#3521,#3440,#3550,.T.);
#3550 = SURFACE_CURVE('',#3551,(#3555,#3562),.PCURVE_S1.);
#3551 = ( BOUNDED_CURVE() B_SPLINE_CURVE(2,(#3552,#3553,#3554),
.UNSPECIFIED.,.F.,.F.) B_SPLINE_CURVE_WITH_KNOTS((3,3),(0.546038978939,
2.198260087339),.PIECEWISE_BEZIER_KNOTS.) CURVE() 
GEOMETRIC_REPRESENTATION_ITEM() RATIONAL_B_SPLINE_CURVE((1.,
0.677740792224,1.)) REPRESENTATION_ITEM('') );
#3552 = CARTESIAN_POINT('',(22.179982242844,13.478074925861,
    21.117792509309));
#3553 = CARTESIAN_POINT('',(21.779127414469,14.137735376201,
    21.117792509309));
#3554 = CARTESIAN_POINT('',(21.15425599114,13.684555271299,
    21.117792509309));
#3555 = PCURVE('',#3478,#3556);
#3556 = DEFINITIONAL_REPRESENTATION('',(#3557),#3561);
#3557 = B_SPLINE_CURVE_WITH_KNOTS('',2,(#3558,#3559,#3560),
  .UNSPECIFIED.,.F.,.F.,(3,3),(0.546038978939,2.198260087339),
  .PIECEWISE_BEZIER_KNOTS.);
#3558 = CARTESIAN_POINT('',(0.546038978939,-3.674061943109E-03));
#3559 = CARTESIAN_POINT('',(1.372149533139,-3.674061943109E-03));
#3560 = CARTESIAN_POINT('',(2.198260087339,-3.674061943109E-03));
#3561 = ( GEOMETRIC_REPRESENTATION_CONTEXT(2) 
PARAMETRIC_REPRESENTATION_CONTEXT() REPRESENTATION_CONTEXT('2D SPACE',''
  ) );
#3562 = PCURVE('',#3453,#3563);
#3563 = DEFINITIONAL_REPRESENTATION('',(#3564),#3568);
#3564 = ( BOUNDED_CURVE() B_SPLINE_CURVE(2,(#3565,#3566,#3567),
.UNSPECIFIED.,.F.,.F.) B_SPLINE_CURVE_WITH_KNOTS((3,3),(0.546038978939,
2.198260087339),.PIECEWISE_BEZIER_KNOTS.) CURVE() 
GEOMETRIC_REPRESENTATION_ITEM() RATIONAL_B_SPLINE_CURVE((1.,
0.677740792224,1.)) REPRESENTATION_ITEM('') );
#3565 = CARTESIAN_POINT('',(-3.349415787334E-03,7.902358303382E-03));
#3566 = CARTESIAN_POINT('',(-2.94856095896E-03,8.562018753721E-03));
#3567 = CARTESIAN_POINT('',(-2.32368953563E-03,8.108838648819E-03));
#3568 = ( GEOMETRIC_REPRESENTATION_CONTEXT(2) 
PARAMETRIC_REPRESENTATION_CONTEXT() REPRESENTATION_CONTEXT('2D SPACE',''
  ) );
#3569 = ORIENTED_EDGE('',*,*,#3464,.F.);
#3570 = ORIENTED_EDGE('',*,*,#3571,.F.);
#3571 = EDGE_CURVE('',#3519,#3465,#3572,.T.);
#3572 = SURFACE_CURVE('',#3573,(#3577,#3584),.PCURVE_S1.);
#3573 = ( BOUNDED_CURVE() B_SPLINE_CURVE(2,(#3574,#3575,#3576),
.UNSPECIFIED.,.F.,.F.) B_SPLINE_CURVE_WITH_KNOTS((3,3),(0.546038978939,
2.198260087339),.PIECEWISE_BEZIER_KNOTS.) CURVE() 
GEOMETRIC_REPRESENTATION_ITEM() RATIONAL_B_SPLINE_CURVE((1.,
0.677740792224,1.)) REPRESENTATION_ITEM('') );
#3574 = CARTESIAN_POINT('',(22.179982242844,13.478074925861,
    17.4437305662));
#3575 = CARTESIAN_POINT('',(21.779127414469,14.137735376201,
    17.4437305662));
#3576 = CARTESIAN_POINT('',(21.15425599114,13.684555271299,17.4437305662
    ));
#3577 = PCURVE('',#3478,#3578);
#3578 = DEFINITIONAL_REPRESENTATION('',(#3579),#3583);
#3579 = B_SPLINE_CURVE_WITH_KNOTS('',2,(#3580,#3581,#3582),
  .UNSPECIFIED.,.F.,.F.,(3,3),(0.546038978939,2.198260087339),
  .PIECEWISE_BEZIER_KNOTS.);
#3580 = CARTESIAN_POINT('',(0.546038978939,0.));
#3581 = CARTESIAN_POINT('',(1.372149533139,0.));
#3582 = CARTESIAN_POINT('',(2.198260087339,0.));
#3583 = ( GEOMETRIC_REPRESENTATION_CONTEXT(2) 
PARAMETRIC_REPRESENTATION_CONTEXT() REPRESENTATION_CONTEXT('2D SPACE',''
  ) );
#3584 = PCURVE('',#3504,#3585);
#3585 = DEFINITIONAL_REPRESENTATION('',(#3586),#3590);
#3586 = ( BOUNDED_CURVE() B_SPLINE_CURVE(2,(#3587,#3588,#3589),
.UNSPECIFIED.,.F.,.F.) B_SPLINE_CURVE_WITH_KNOTS((3,3),(0.546038978939,
2.198260087339),.PIECEWISE_BEZIER_KNOTS.) CURVE() 
GEOMETRIC_REPRESENTATION_ITEM() RATIONAL_B_SPLINE_CURVE((1.,
0.677740792224,1.)) REPRESENTATION_ITEM('') );
#3587 = CARTESIAN_POINT('',(-3.349415787334E-03,7.902358303382E-03));
#3588 = CARTESIAN_POINT('',(-2.94856095896E-03,8.562018753721E-03));
#3589 = CARTESIAN_POINT('',(-2.32368953563E-03,8.108838648819E-03));
#3590 = ( GEOMETRIC_REPRESENTATION_CONTEXT(2) 
PARAMETRIC_REPRESENTATION_CONTEXT() REPRESENTATION_CONTEXT('2D SPACE',''
  ) );
#3591 = ADVANCED_FACE('',(#3592),#3535,.T.);
#3592 = FACE_BOUND('',#3593,.T.);
#3593 = EDGE_LOOP('',(#3594,#3595,#3618,#3647));
#3594 = ORIENTED_EDGE('',*,*,#3518,.T.);
#3595 = ORIENTED_EDGE('',*,*,#3596,.T.);
#3596 = EDGE_CURVE('',#3521,#3597,#3599,.T.);
#3597 = VERTEX_POINT('',#3598);
#3598 = CARTESIAN_POINT('',(25.942546551203,0.770969803976,
    21.117792509309));
#3599 = SURFACE_CURVE('',#3600,(#3604,#3611),.PCURVE_S1.);
#3600 = ( BOUNDED_CURVE() B_SPLINE_CURVE(2,(#3601,#3602,#3603),
.UNSPECIFIED.,.F.,.F.) B_SPLINE_CURVE_WITH_KNOTS((3,3),(5.737146328241,
6.253475696594),.PIECEWISE_BEZIER_KNOTS.) CURVE() 
GEOMETRIC_REPRESENTATION_ITEM() RATIONAL_B_SPLINE_CURVE((1.,
0.966860174289,1.)) REPRESENTATION_ITEM('') );
#3601 = CARTESIAN_POINT('',(22.179982242844,13.478074925862,
    21.117792509309));
#3602 = CARTESIAN_POINT('',(25.738966344792,7.621288654974,
    21.117792509309));
#3603 = CARTESIAN_POINT('',(25.942546551203,0.770969803976,
    21.117792509309));
#3604 = PCURVE('',#3535,#3605);
#3605 = DEFINITIONAL_REPRESENTATION('',(#3606),#3610);
#3606 = B_SPLINE_CURVE_WITH_KNOTS('',2,(#3607,#3608,#3609),
  .UNSPECIFIED.,.F.,.F.,(3,3),(5.737146328241,6.253475696594),
  .PIECEWISE_BEZIER_KNOTS.);
#3607 = CARTESIAN_POINT('',(5.737146328241,-3.674061943109E-03));
#3608 = CARTESIAN_POINT('',(5.995311012417,-3.674061943109E-03));
#3609 = CARTESIAN_POINT('',(6.253475696594,-3.674061943109E-03));
#3610 = ( GEOMETRIC_REPRESENTATION_CONTEXT(2) 
PARAMETRIC_REPRESENTATION_CONTEXT() REPRESENTATION_CONTEXT('2D SPACE',''
  ) );
#3611 = PCURVE('',#3453,#3612);
#3612 = DEFINITIONAL_REPRESENTATION('',(#3613),#3617);
#3613 = ( BOUNDED_CURVE() B_SPLINE_CURVE(2,(#3614,#3615,#3616),
.UNSPECIFIED.,.F.,.F.) B_SPLINE_CURVE_WITH_KNOTS((3,3),(5.737146328241,
6.253475696594),.PIECEWISE_BEZIER_KNOTS.) CURVE() 
GEOMETRIC_REPRESENTATION_ITEM() RATIONAL_B_SPLINE_CURVE((1.,
0.966860174289,1.)) REPRESENTATION_ITEM('') );
#3614 = CARTESIAN_POINT('',(-3.349415787334E-03,7.902358303382E-03));
#3615 = CARTESIAN_POINT('',(-6.908399889283E-03,2.045572032494E-03));
#3616 = CARTESIAN_POINT('',(-7.111980095694E-03,-4.804746818504E-03));
#3617 = ( GEOMETRIC_REPRESENTATION_CONTEXT(2) 
PARAMETRIC_REPRESENTATION_CONTEXT() REPRESENTATION_CONTEXT('2D SPACE',''
  ) );
#3618 = ORIENTED_EDGE('',*,*,#3619,.F.);
#3619 = EDGE_CURVE('',#3620,#3597,#3622,.T.);
#3620 = VERTEX_POINT('',#3621);
#3621 = CARTESIAN_POINT('',(25.942546551203,0.770969803976,17.4437305662
    ));
#3622 = SURFACE_CURVE('',#3623,(#3626,#3633),.PCURVE_S1.);
#3623 = B_SPLINE_CURVE_WITH_KNOTS('',1,(#3624,#3625),.UNSPECIFIED.,.F.,
  .F.,(2,2),(0.,3.674061943109E-03),.PIECEWISE_BEZIER_KNOTS.);
#3624 = CARTESIAN_POINT('',(25.942546551203,0.770969803976,17.4437305662
    ));
#3625 = CARTESIAN_POINT('',(25.942546551203,0.770969803976,
    21.117792509309));
#3626 = PCURVE('',#3535,#3627);
#3627 = DEFINITIONAL_REPRESENTATION('',(#3628),#3632);
#3628 = B_SPLINE_CURVE_WITH_KNOTS('',2,(#3629,#3630,#3631),
  .UNSPECIFIED.,.F.,.F.,(3,3),(0.,3.674061943109E-03),
  .PIECEWISE_BEZIER_KNOTS.);
#3629 = CARTESIAN_POINT('',(6.253475696594,0.));
#3630 = CARTESIAN_POINT('',(6.253475696594,-1.837030971554E-03));
#3631 = CARTESIAN_POINT('',(6.253475696594,-3.674061943109E-03));
#3632 = ( GEOMETRIC_REPRESENTATION_CONTEXT(2) 
PARAMETRIC_REPRESENTATION_CONTEXT() REPRESENTATION_CONTEXT('2D SPACE',''
  ) );
#3633 = PCURVE('',#3634,#3641);
#3634 = ( BOUNDED_SURFACE() B_SPLINE_SURFACE(2,1,(
    (#3635,#3636)
    ,(#3637,#3638)
    ,(#3639,#3640
)),.UNSPECIFIED.,.F.,.F.,.F.) B_SPLINE_SURFACE_WITH_KNOTS((3,3),(2,2),(
    4.660673809365,6.312894917766),(-3.674061943109E-03,0.),
.PIECEWISE_BEZIER_KNOTS.) GEOMETRIC_REPRESENTATION_ITEM() 
RATIONAL_B_SPLINE_SURFACE((
    (1.,1.)
    ,(0.677740792224,0.677740792224)
,(1.,1.))) REPRESENTATION_ITEM('') SURFACE() );
#3635 = CARTESIAN_POINT('',(25.194603677046,3.930735893455E-02,
    21.117792509309));
#3636 = CARTESIAN_POINT('',(25.194603677046,3.930735893455E-02,
    17.4437305662));
#3637 = CARTESIAN_POINT('',(25.965476158744,-5.940211682741E-04,
    21.117792509309));
#3638 = CARTESIAN_POINT('',(25.965476158744,-5.940211682741E-04,
    17.4437305662));
#3639 = CARTESIAN_POINT('',(25.942546551203,0.770969803976,
    21.117792509309));
#3640 = CARTESIAN_POINT('',(25.942546551203,0.770969803976,17.4437305662
    ));
#3641 = DEFINITIONAL_REPRESENTATION('',(#3642),#3646);
#3642 = B_SPLINE_CURVE_WITH_KNOTS('',2,(#3643,#3644,#3645),
  .UNSPECIFIED.,.F.,.F.,(3,3),(0.,3.674061943109E-03),
  .PIECEWISE_BEZIER_KNOTS.);
#3643 = CARTESIAN_POINT('',(6.312894917766,0.));
#3644 = CARTESIAN_POINT('',(6.312894917766,-1.837030971554E-03));
#3645 = CARTESIAN_POINT('',(6.312894917766,-3.674061943109E-03));
#3646 = ( GEOMETRIC_REPRESENTATION_CONTEXT(2) 
PARAMETRIC_REPRESENTATION_CONTEXT() REPRESENTATION_CONTEXT('2D SPACE',''
  ) );
#3647 = ORIENTED_EDGE('',*,*,#3648,.F.);
#3648 = EDGE_CURVE('',#3519,#3620,#3649,.T.);
#3649 = SURFACE_CURVE('',#3650,(#3654,#3661),.PCURVE_S1.);
#3650 = ( BOUNDED_CURVE() B_SPLINE_CURVE(2,(#3651,#3652,#3653),
.UNSPECIFIED.,.F.,.F.) B_SPLINE_CURVE_WITH_KNOTS((3,3),(5.737146328241,
6.253475696594),.PIECEWISE_BEZIER_KNOTS.) CURVE() 
GEOMETRIC_REPRESENTATION_ITEM() RATIONAL_B_SPLINE_CURVE((1.,
0.966860174289,1.)) REPRESENTATION_ITEM('') );
#3651 = CARTESIAN_POINT('',(22.179982242844,13.478074925862,
    17.4437305662));
#3652 = CARTESIAN_POINT('',(25.738966344792,7.621288654974,17.4437305662
    ));
#3653 = CARTESIAN_POINT('',(25.942546551203,0.770969803976,17.4437305662
    ));
#3654 = PCURVE('',#3535,#3655);
#3655 = DEFINITIONAL_REPRESENTATION('',(#3656),#3660);
#3656 = B_SPLINE_CURVE_WITH_KNOTS('',2,(#3657,#3658,#3659),
  .UNSPECIFIED.,.F.,.F.,(3,3),(5.737146328241,6.253475696594),
  .PIECEWISE_BEZIER_KNOTS.);
#3657 = CARTESIAN_POINT('',(5.737146328241,0.));
#3658 = CARTESIAN_POINT('',(5.995311012417,0.));
#3659 = CARTESIAN_POINT('',(6.253475696594,0.));
#3660 = ( GEOMETRIC_REPRESENTATION_CONTEXT(2) 
PARAMETRIC_REPRESENTATION_CONTEXT() REPRESENTATION_CONTEXT('2D SPACE',''
  ) );
#3661 = PCURVE('',#3504,#3662);
#3662 = DEFINITIONAL_REPRESENTATION('',(#3663),#3667);
#3663 = ( BOUNDED_CURVE() B_SPLINE_CURVE(2,(#3664,#3665,#3666),
.UNSPECIFIED.,.F.,.F.) B_SPLINE_CURVE_WITH_KNOTS((3,3),(5.737146328241,
6.253475696594),.PIECEWISE_BEZIER_KNOTS.) CURVE() 
GEOMETRIC_REPRESENTATION_ITEM() RATIONAL_B_SPLINE_CURVE((1.,
0.966860174289,1.)) REPRESENTATION_ITEM('') );
#3664 = CARTESIAN_POINT('',(-3.349415787334E-03,7.902358303382E-03));
#3665 = CARTESIAN_POINT('',(-6.908399889283E-03,2.045572032494E-03));
#3666 = CARTESIAN_POINT('',(-7.111980095694E-03,-4.804746818504E-03));
#3667 = ( GEOMETRIC_REPRESENTATION_CONTEXT(2) 
PARAMETRIC_REPRESENTATION_CONTEXT() REPRESENTATION_CONTEXT('2D SPACE',''
  ) );
#3668 = ADVANCED_FACE('',(#3669),#3634,.F.);
#3669 = FACE_BOUND('',#3670,.F.);
#3670 = EDGE_LOOP('',(#3671,#3699,#3720,#3721));
#3671 = ORIENTED_EDGE('',*,*,#3672,.T.);
#3672 = EDGE_CURVE('',#3673,#3675,#3677,.T.);
#3673 = VERTEX_POINT('',#3674);
#3674 = CARTESIAN_POINT('',(25.194603677046,3.930735893454E-02,
    17.4437305662));
#3675 = VERTEX_POINT('',#3676);
#3676 = CARTESIAN_POINT('',(25.194603677046,3.930735893454E-02,
    21.117792509309));
#3677 = SURFACE_CURVE('',#3678,(#3681,#3688),.PCURVE_S1.);
#3678 = B_SPLINE_CURVE_WITH_KNOTS('',1,(#3679,#3680),.UNSPECIFIED.,.F.,
  .F.,(2,2),(0.,3.674061943109E-03),.PIECEWISE_BEZIER_KNOTS.);
#3679 = CARTESIAN_POINT('',(25.194603677046,3.930735893454E-02,
    17.4437305662));
#3680 = CARTESIAN_POINT('',(25.194603677046,3.930735893454E-02,
    21.117792509309));
#3681 = PCURVE('',#3634,#3682);
#3682 = DEFINITIONAL_REPRESENTATION('',(#3683),#3687);
#3683 = B_SPLINE_CURVE_WITH_KNOTS('',2,(#3684,#3685,#3686),
  .UNSPECIFIED.,.F.,.F.,(3,3),(0.,3.674061943109E-03),
  .PIECEWISE_BEZIER_KNOTS.);
#3684 = CARTESIAN_POINT('',(4.660673809365,0.));
#3685 = CARTESIAN_POINT('',(4.660673809365,-1.837030971554E-03));
#3686 = CARTESIAN_POINT('',(4.660673809365,-3.674061943109E-03));
#3687 = ( GEOMETRIC_REPRESENTATION_CONTEXT(2) 
PARAMETRIC_REPRESENTATION_CONTEXT() REPRESENTATION_CONTEXT('2D SPACE',''
  ) );
#3688 = PCURVE('',#3689,#3694);
#3689 = B_SPLINE_SURFACE_WITH_KNOTS('',1,1,(
    (#3690,#3691)
    ,(#3692,#3693
    )),.UNSPECIFIED.,.F.,.F.,.F.,(2,2),(2,2),(0.,1.315996021184E-02),(
    -3.674061943109E-03,0.),.PIECEWISE_BEZIER_KNOTS.);
#3690 = CARTESIAN_POINT('',(25.194603677046,3.930735893454E-02,
    21.117792509309));
#3691 = CARTESIAN_POINT('',(25.194603677046,3.930735893454E-02,
    17.4437305662));
#3692 = CARTESIAN_POINT('',(12.052237429936,0.719573633223,
    21.117792509309));
#3693 = CARTESIAN_POINT('',(12.052237429936,0.719573633223,17.4437305662
    ));
#3694 = DEFINITIONAL_REPRESENTATION('',(#3695),#3698);
#3695 = B_SPLINE_CURVE_WITH_KNOTS('',1,(#3696,#3697),.UNSPECIFIED.,.F.,
  .F.,(2,2),(0.,3.674061943109E-03),.PIECEWISE_BEZIER_KNOTS.);
#3696 = CARTESIAN_POINT('',(0.,0.));
#3697 = CARTESIAN_POINT('',(0.,-3.674061943109E-03));
#3698 = ( GEOMETRIC_REPRESENTATION_CONTEXT(2) 
PARAMETRIC_REPRESENTATION_CONTEXT() REPRESENTATION_CONTEXT('2D SPACE',''
  ) );
#3699 = ORIENTED_EDGE('',*,*,#3700,.T.);
#3700 = EDGE_CURVE('',#3675,#3597,#3701,.T.);
#3701 = SURFACE_CURVE('',#3702,(#3706,#3713),.PCURVE_S1.);
#3702 = ( BOUNDED_CURVE() B_SPLINE_CURVE(2,(#3703,#3704,#3705),
.UNSPECIFIED.,.F.,.F.) B_SPLINE_CURVE_WITH_KNOTS((3,3),(4.660673809365,
6.312894917766),.PIECEWISE_BEZIER_KNOTS.) CURVE() 
GEOMETRIC_REPRESENTATION_ITEM() RATIONAL_B_SPLINE_CURVE((1.,
0.677740792224,1.)) REPRESENTATION_ITEM('') );
#3703 = CARTESIAN_POINT('',(25.194603677046,3.930735893455E-02,
    21.117792509309));
#3704 = CARTESIAN_POINT('',(25.965476158744,-5.94021168274E-04,
    21.117792509309));
#3705 = CARTESIAN_POINT('',(25.942546551203,0.770969803976,
    21.117792509309));
#3706 = PCURVE('',#3634,#3707);
#3707 = DEFINITIONAL_REPRESENTATION('',(#3708),#3712);
#3708 = B_SPLINE_CURVE_WITH_KNOTS('',2,(#3709,#3710,#3711),
  .UNSPECIFIED.,.F.,.F.,(3,3),(4.660673809365,6.312894917766),
  .PIECEWISE_BEZIER_KNOTS.);
#3709 = CARTESIAN_POINT('',(4.660673809365,-3.674061943109E-03));
#3710 = CARTESIAN_POINT('',(5.486784363566,-3.674061943109E-03));
#3711 = CARTESIAN_POINT('',(6.312894917766,-3.674061943109E-03));
#3712 = ( GEOMETRIC_REPRESENTATION_CONTEXT(2) 
PARAMETRIC_REPRESENTATION_CONTEXT() REPRESENTATION_CONTEXT('2D SPACE',''
  ) );
#3713 = PCURVE('',#3453,#3714);
#3714 = DEFINITIONAL_REPRESENTATION('',(#3715),#3719);
#3715 = ( BOUNDED_CURVE() B_SPLINE_CURVE(2,(#3716,#3717,#3718),
.UNSPECIFIED.,.F.,.F.) B_SPLINE_CURVE_WITH_KNOTS((3,3),(4.660673809365,
6.312894917766),.PIECEWISE_BEZIER_KNOTS.) CURVE() 
GEOMETRIC_REPRESENTATION_ITEM() RATIONAL_B_SPLINE_CURVE((1.,
0.677740792224,1.)) REPRESENTATION_ITEM('') );
#3716 = CARTESIAN_POINT('',(-6.364037221537E-03,-5.536409263545E-03));
#3717 = CARTESIAN_POINT('',(-7.134909703235E-03,-5.576310643648E-03));
#3718 = CARTESIAN_POINT('',(-7.111980095694E-03,-4.804746818504E-03));
#3719 = ( GEOMETRIC_REPRESENTATION_CONTEXT(2) 
PARAMETRIC_REPRESENTATION_CONTEXT() REPRESENTATION_CONTEXT('2D SPACE',''
  ) );
#3720 = ORIENTED_EDGE('',*,*,#3619,.F.);
#3721 = ORIENTED_EDGE('',*,*,#3722,.F.);
#3722 = EDGE_CURVE('',#3673,#3620,#3723,.T.);
#3723 = SURFACE_CURVE('',#3724,(#3728,#3735),.PCURVE_S1.);
#3724 = ( BOUNDED_CURVE() B_SPLINE_CURVE(2,(#3725,#3726,#3727),
.UNSPECIFIED.,.F.,.F.) B_SPLINE_CURVE_WITH_KNOTS((3,3),(4.660673809365,
6.312894917766),.PIECEWISE_BEZIER_KNOTS.) CURVE() 
GEOMETRIC_REPRESENTATION_ITEM() RATIONAL_B_SPLINE_CURVE((1.,
0.677740792224,1.)) REPRESENTATION_ITEM('') );
#3725 = CARTESIAN_POINT('',(25.194603677046,3.930735893455E-02,
    17.4437305662));
#3726 = CARTESIAN_POINT('',(25.965476158744,-5.94021168274E-04,
    17.4437305662));
#3727 = CARTESIAN_POINT('',(25.942546551203,0.770969803976,17.4437305662
    ));
#3728 = PCURVE('',#3634,#3729);
#3729 = DEFINITIONAL_REPRESENTATION('',(#3730),#3734);
#3730 = B_SPLINE_CURVE_WITH_KNOTS('',2,(#3731,#3732,#3733),
  .UNSPECIFIED.,.F.,.F.,(3,3),(4.660673809365,6.312894917766),
  .PIECEWISE_BEZIER_KNOTS.);
#3731 = CARTESIAN_POINT('',(4.660673809365,0.));
#3732 = CARTESIAN_POINT('',(5.486784363566,0.));
#3733 = CARTESIAN_POINT('',(6.312894917766,0.));
#3734 = ( GEOMETRIC_REPRESENTATION_CONTEXT(2) 
PARAMETRIC_REPRESENTATION_CONTEXT() REPRESENTATION_CONTEXT('2D SPACE',''
  ) );
#3735 = PCURVE('',#3504,#3736);
#3736 = DEFINITIONAL_REPRESENTATION('',(#3737),#3741);
#3737 = ( BOUNDED_CURVE() B_SPLINE_CURVE(2,(#3738,#3739,#3740),
.UNSPECIFIED.,.F.,.F.) B_SPLINE_CURVE_WITH_KNOTS((3,3),(4.660673809365,
6.312894917766),.PIECEWISE_BEZIER_KNOTS.) CURVE() 
GEOMETRIC_REPRESENTATION_ITEM() RATIONAL_B_SPLINE_CURVE((1.,
0.677740792224,1.)) REPRESENTATION_ITEM('') );
#3738 = CARTESIAN_POINT('',(-6.364037221537E-03,-5.536409263545E-03));
#3739 = CARTESIAN_POINT('',(-7.134909703235E-03,-5.576310643648E-03));
#3740 = CARTESIAN_POINT('',(-7.111980095694E-03,-4.804746818504E-03));
#3741 = ( GEOMETRIC_REPRESENTATION_CONTEXT(2) 
PARAMETRIC_REPRESENTATION_CONTEXT() REPRESENTATION_CONTEXT('2D SPACE',''
  ) );
#3742 = ADVANCED_FACE('',(#3743),#3689,.T.);
#3743 = FACE_BOUND('',#3744,.T.);
#3744 = EDGE_LOOP('',(#3745,#3746,#3766,#3794));
#3745 = ORIENTED_EDGE('',*,*,#3672,.T.);
#3746 = ORIENTED_EDGE('',*,*,#3747,.T.);
#3747 = EDGE_CURVE('',#3675,#3748,#3750,.T.);
#3748 = VERTEX_POINT('',#3749);
#3749 = CARTESIAN_POINT('',(12.052237429936,0.719573633223,
    21.117792509309));
#3750 = SURFACE_CURVE('',#3751,(#3754,#3760),.PCURVE_S1.);
#3751 = B_SPLINE_CURVE_WITH_KNOTS('',1,(#3752,#3753),.UNSPECIFIED.,.F.,
  .F.,(2,2),(7.604129429344E-04,1.392037315477E-02),
  .PIECEWISE_BEZIER_KNOTS.);
#3752 = CARTESIAN_POINT('',(25.194603677046,3.930735893454E-02,
    21.117792509309));
#3753 = CARTESIAN_POINT('',(12.052237429936,0.719573633223,
    21.117792509309));
#3754 = PCURVE('',#3689,#3755);
#3755 = DEFINITIONAL_REPRESENTATION('',(#3756),#3759);
#3756 = B_SPLINE_CURVE_WITH_KNOTS('',1,(#3757,#3758),.UNSPECIFIED.,.F.,
  .F.,(2,2),(7.604129429344E-04,1.392037315477E-02),
  .PIECEWISE_BEZIER_KNOTS.);
#3757 = CARTESIAN_POINT('',(0.,-3.674061943109E-03));
#3758 = CARTESIAN_POINT('',(1.315996021184E-02,-3.674061943109E-03));
#3759 = ( GEOMETRIC_REPRESENTATION_CONTEXT(2) 
PARAMETRIC_REPRESENTATION_CONTEXT() REPRESENTATION_CONTEXT('2D SPACE',''
  ) );
#3760 = PCURVE('',#3453,#3761);
#3761 = DEFINITIONAL_REPRESENTATION('',(#3762),#3765);
#3762 = B_SPLINE_CURVE_WITH_KNOTS('',1,(#3763,#3764),.UNSPECIFIED.,.F.,
  .F.,(2,2),(7.604129429344E-04,1.392037315477E-02),
  .PIECEWISE_BEZIER_KNOTS.);
#3763 = CARTESIAN_POINT('',(-6.364037221537E-03,-5.536409263545E-03));
#3764 = CARTESIAN_POINT('',(6.778329025574E-03,-4.856142989256E-03));
#3765 = ( GEOMETRIC_REPRESENTATION_CONTEXT(2) 
PARAMETRIC_REPRESENTATION_CONTEXT() REPRESENTATION_CONTEXT('2D SPACE',''
  ) );
#3766 = ORIENTED_EDGE('',*,*,#3767,.F.);
#3767 = EDGE_CURVE('',#3768,#3748,#3770,.T.);
#3768 = VERTEX_POINT('',#3769);
#3769 = CARTESIAN_POINT('',(12.052237429936,0.719573633223,17.4437305662
    ));
#3770 = SURFACE_CURVE('',#3771,(#3774,#3780),.PCURVE_S1.);
#3771 = B_SPLINE_CURVE_WITH_KNOTS('',1,(#3772,#3773),.UNSPECIFIED.,.F.,
  .F.,(2,2),(0.,3.674061943109E-03),.PIECEWISE_BEZIER_KNOTS.);
#3772 = CARTESIAN_POINT('',(12.052237429936,0.719573633223,17.4437305662
    ));
#3773 = CARTESIAN_POINT('',(12.052237429936,0.719573633223,
    21.117792509309));
#3774 = PCURVE('',#3689,#3775);
#3775 = DEFINITIONAL_REPRESENTATION('',(#3776),#3779);
#3776 = B_SPLINE_CURVE_WITH_KNOTS('',1,(#3777,#3778),.UNSPECIFIED.,.F.,
  .F.,(2,2),(0.,3.674061943109E-03),.PIECEWISE_BEZIER_KNOTS.);
#3777 = CARTESIAN_POINT('',(1.315996021184E-02,0.));
#3778 = CARTESIAN_POINT('',(1.315996021184E-02,-3.674061943109E-03));
#3779 = ( GEOMETRIC_REPRESENTATION_CONTEXT(2) 
PARAMETRIC_REPRESENTATION_CONTEXT() REPRESENTATION_CONTEXT('2D SPACE',''
  ) );
#3780 = PCURVE('',#3781,#3788);
#3781 = ( BOUNDED_SURFACE() B_SPLINE_SURFACE(2,1,(
    (#3782,#3783)
    ,(#3784,#3785)
    ,(#3786,#3787
)),.UNSPECIFIED.,.F.,.F.,.F.) B_SPLINE_SURFACE_WITH_KNOTS((3,3),(2,2),(
    4.764104151404,6.173604429653),(-3.674061943109E-03,0.),
.PIECEWISE_BEZIER_KNOTS.) GEOMETRIC_REPRESENTATION_ITEM() 
RATIONAL_B_SPLINE_SURFACE((
    (1.,1.)
    ,(0.761773446286,0.761773446286)
,(1.,1.))) REPRESENTATION_ITEM('') SURFACE() );
#3782 = CARTESIAN_POINT('',(12.052237429936,0.719573633223,
    21.117792509309));
#3783 = CARTESIAN_POINT('',(12.052237429936,0.719573633223,17.4437305662
    ));
#3784 = CARTESIAN_POINT('',(11.533548030913,0.746421683137,
    21.117792509309));
#3785 = CARTESIAN_POINT('',(11.533548030913,0.746421683137,17.4437305662
    ));
#3786 = CARTESIAN_POINT('',(11.476747336861,1.262690209776,
    21.117792509309));
#3787 = CARTESIAN_POINT('',(11.476747336861,1.262690209776,17.4437305662
    ));
#3788 = DEFINITIONAL_REPRESENTATION('',(#3789),#3793);
#3789 = B_SPLINE_CURVE_WITH_KNOTS('',2,(#3790,#3791,#3792),
  .UNSPECIFIED.,.F.,.F.,(3,3),(0.,3.674061943109E-03),
  .PIECEWISE_BEZIER_KNOTS.);
#3790 = CARTESIAN_POINT('',(4.764104151404,0.));
#3791 = CARTESIAN_POINT('',(4.764104151404,-1.837030971554E-03));
#3792 = CARTESIAN_POINT('',(4.764104151404,-3.674061943109E-03));
#3793 = ( GEOMETRIC_REPRESENTATION_CONTEXT(2) 
PARAMETRIC_REPRESENTATION_CONTEXT() REPRESENTATION_CONTEXT('2D SPACE',''
  ) );
#3794 = ORIENTED_EDGE('',*,*,#3795,.F.);
#3795 = EDGE_CURVE('',#3673,#3768,#3796,.T.);
#3796 = SURFACE_CURVE('',#3797,(#3800,#3806),.PCURVE_S1.);
#3797 = B_SPLINE_CURVE_WITH_KNOTS('',1,(#3798,#3799),.UNSPECIFIED.,.F.,
  .F.,(2,2),(7.604129429344E-04,1.392037315477E-02),
  .PIECEWISE_BEZIER_KNOTS.);
#3798 = CARTESIAN_POINT('',(25.194603677046,3.930735893454E-02,
    17.4437305662));
#3799 = CARTESIAN_POINT('',(12.052237429936,0.719573633223,17.4437305662
    ));
#3800 = PCURVE('',#3689,#3801);
#3801 = DEFINITIONAL_REPRESENTATION('',(#3802),#3805);
#3802 = B_SPLINE_CURVE_WITH_KNOTS('',1,(#3803,#3804),.UNSPECIFIED.,.F.,
  .F.,(2,2),(7.604129429344E-04,1.392037315477E-02),
  .PIECEWISE_BEZIER_KNOTS.);
#3803 = CARTESIAN_POINT('',(0.,0.));
#3804 = CARTESIAN_POINT('',(1.315996021184E-02,0.));
#3805 = ( GEOMETRIC_REPRESENTATION_CONTEXT(2) 
PARAMETRIC_REPRESENTATION_CONTEXT() REPRESENTATION_CONTEXT('2D SPACE',''
  ) );
#3806 = PCURVE('',#3504,#3807);
#3807 = DEFINITIONAL_REPRESENTATION('',(#3808),#3811);
#3808 = B_SPLINE_CURVE_WITH_KNOTS('',1,(#3809,#3810),.UNSPECIFIED.,.F.,
  .F.,(2,2),(7.604129429344E-04,1.392037315477E-02),
  .PIECEWISE_BEZIER_KNOTS.);
#3809 = CARTESIAN_POINT('',(-6.364037221537E-03,-5.536409263545E-03));
#3810 = CARTESIAN_POINT('',(6.778329025574E-03,-4.856142989256E-03));
#3811 = ( GEOMETRIC_REPRESENTATION_CONTEXT(2) 
PARAMETRIC_REPRESENTATION_CONTEXT() REPRESENTATION_CONTEXT('2D SPACE',''
  ) );
#3812 = ADVANCED_FACE('',(#3813),#3781,.T.);
#3813 = FACE_BOUND('',#3814,.T.);
#3814 = EDGE_LOOP('',(#3815,#3816,#3839,#3868));
#3815 = ORIENTED_EDGE('',*,*,#3767,.T.);
#3816 = ORIENTED_EDGE('',*,*,#3817,.T.);
#3817 = EDGE_CURVE('',#3748,#3818,#3820,.T.);
#3818 = VERTEX_POINT('',#3819);
#3819 = CARTESIAN_POINT('',(11.476747336861,1.262690209775,
    21.117792509309));
#3820 = SURFACE_CURVE('',#3821,(#3825,#3832),.PCURVE_S1.);
#3821 = ( BOUNDED_CURVE() B_SPLINE_CURVE(2,(#3822,#3823,#3824),
.UNSPECIFIED.,.F.,.F.) B_SPLINE_CURVE_WITH_KNOTS((3,3),(4.764104151404,
6.173604429653),.PIECEWISE_BEZIER_KNOTS.) CURVE() 
GEOMETRIC_REPRESENTATION_ITEM() RATIONAL_B_SPLINE_CURVE((1.,
0.761773446286,1.)) REPRESENTATION_ITEM('') );
#3822 = CARTESIAN_POINT('',(12.052237429936,0.719573633223,
    21.117792509309));
#3823 = CARTESIAN_POINT('',(11.533548030913,0.746421683137,
    21.117792509309));
#3824 = CARTESIAN_POINT('',(11.476747336861,1.262690209776,
    21.117792509309));
#3825 = PCURVE('',#3781,#3826);
#3826 = DEFINITIONAL_REPRESENTATION('',(#3827),#3831);
#3827 = B_SPLINE_CURVE_WITH_KNOTS('',2,(#3828,#3829,#3830),
  .UNSPECIFIED.,.F.,.F.,(3,3),(4.764104151404,6.173604429653),
  .PIECEWISE_BEZIER_KNOTS.);
#3828 = CARTESIAN_POINT('',(4.764104151404,-3.674061943109E-03));
#3829 = CARTESIAN_POINT('',(5.468854290529,-3.674061943109E-03));
#3830 = CARTESIAN_POINT('',(6.173604429653,-3.674061943109E-03));
#3831 = ( GEOMETRIC_REPRESENTATION_CONTEXT(2) 
PARAMETRIC_REPRESENTATION_CONTEXT() REPRESENTATION_CONTEXT('2D SPACE',''
  ) );
#3832 = PCURVE('',#3453,#3833);
#3833 = DEFINITIONAL_REPRESENTATION('',(#3834),#3838);
#3834 = ( BOUNDED_CURVE() B_SPLINE_CURVE(2,(#3835,#3836,#3837),
.UNSPECIFIED.,.F.,.F.) B_SPLINE_CURVE_WITH_KNOTS((3,3),(4.764104151404,
6.173604429653),.PIECEWISE_BEZIER_KNOTS.) CURVE() 
GEOMETRIC_REPRESENTATION_ITEM() RATIONAL_B_SPLINE_CURVE((1.,
0.761773446286,1.)) REPRESENTATION_ITEM('') );
#3835 = CARTESIAN_POINT('',(6.778329025574E-03,-4.856142989256E-03));
#3836 = CARTESIAN_POINT('',(7.297018424596E-03,-4.829294939343E-03));
#3837 = CARTESIAN_POINT('',(7.353819118649E-03,-4.313026412704E-03));
#3838 = ( GEOMETRIC_REPRESENTATION_CONTEXT(2) 
PARAMETRIC_REPRESENTATION_CONTEXT() REPRESENTATION_CONTEXT('2D SPACE',''
  ) );
#3839 = ORIENTED_EDGE('',*,*,#3840,.F.);
#3840 = EDGE_CURVE('',#3841,#3818,#3843,.T.);
#3841 = VERTEX_POINT('',#3842);
#3842 = CARTESIAN_POINT('',(11.476747336861,1.262690209775,17.4437305662
    ));
#3843 = SURFACE_CURVE('',#3844,(#3847,#3854),.PCURVE_S1.);
#3844 = B_SPLINE_CURVE_WITH_KNOTS('',1,(#3845,#3846),.UNSPECIFIED.,.F.,
  .F.,(2,2),(0.,3.674061943109E-03),.PIECEWISE_BEZIER_KNOTS.);
#3845 = CARTESIAN_POINT('',(11.476747336861,1.262690209776,17.4437305662
    ));
#3846 = CARTESIAN_POINT('',(11.476747336861,1.262690209776,
    21.117792509309));
#3847 = PCURVE('',#3781,#3848);
#3848 = DEFINITIONAL_REPRESENTATION('',(#3849),#3853);
#3849 = B_SPLINE_CURVE_WITH_KNOTS('',2,(#3850,#3851,#3852),
  .UNSPECIFIED.,.F.,.F.,(3,3),(0.,3.674061943109E-03),
  .PIECEWISE_BEZIER_KNOTS.);
#3850 = CARTESIAN_POINT('',(6.173604429653,0.));
#3851 = CARTESIAN_POINT('',(6.173604429653,-1.837030971554E-03));
#3852 = CARTESIAN_POINT('',(6.173604429653,-3.674061943109E-03));
#3853 = ( GEOMETRIC_REPRESENTATION_CONTEXT(2) 
PARAMETRIC_REPRESENTATION_CONTEXT() REPRESENTATION_CONTEXT('2D SPACE',''
  ) );
#3854 = PCURVE('',#3855,#3862);
#3855 = ( BOUNDED_SURFACE() B_SPLINE_SURFACE(2,1,(
    (#3856,#3857)
    ,(#3858,#3859)
    ,(#3860,#3861
)),.UNSPECIFIED.,.F.,.F.,.F.) B_SPLINE_SURFACE_WITH_KNOTS((3,3),(2,2),(
    3.251173531116,3.607760365589),(-3.674061943109E-03,0.),
.PIECEWISE_BEZIER_KNOTS.) GEOMETRIC_REPRESENTATION_ITEM() 
RATIONAL_B_SPLINE_SURFACE((
    (1.,1.)
    ,(0.984147788739,0.984147788739)
,(1.,1.))) REPRESENTATION_ITEM('') SURFACE() );
#3856 = CARTESIAN_POINT('',(11.476747336861,1.262690209775,
    21.117792509309));
#3857 = CARTESIAN_POINT('',(11.476747336861,1.262690209775,17.4437305662
    ));
#3858 = CARTESIAN_POINT('',(11.24920174496,3.330880210492,
    21.117792509309));
#3859 = CARTESIAN_POINT('',(11.24920174496,3.330880210492,17.4437305662)
  );
#3860 = CARTESIAN_POINT('',(10.314010945096,5.18953699519,
    21.117792509309));
#3861 = CARTESIAN_POINT('',(10.314010945096,5.18953699519,17.4437305662)
  );
#3862 = DEFINITIONAL_REPRESENTATION('',(#3863),#3867);
#3863 = B_SPLINE_CURVE_WITH_KNOTS('',2,(#3864,#3865,#3866),
  .UNSPECIFIED.,.F.,.F.,(3,3),(0.,3.674061943109E-03),
  .PIECEWISE_BEZIER_KNOTS.);
#3864 = CARTESIAN_POINT('',(3.251173531116,0.));
#3865 = CARTESIAN_POINT('',(3.251173531116,-1.837030971554E-03));
#3866 = CARTESIAN_POINT('',(3.251173531116,-3.674061943109E-03));
#3867 = ( GEOMETRIC_REPRESENTATION_CONTEXT(2) 
PARAMETRIC_REPRESENTATION_CONTEXT() REPRESENTATION_CONTEXT('2D SPACE',''
  ) );
#3868 = ORIENTED_EDGE('',*,*,#3869,.F.);
#3869 = EDGE_CURVE('',#3768,#3841,#3870,.T.);
#3870 = SURFACE_CURVE('',#3871,(#3875,#3882),.PCURVE_S1.);
#3871 = ( BOUNDED_CURVE() B_SPLINE_CURVE(2,(#3872,#3873,#3874),
.UNSPECIFIED.,.F.,.F.) B_SPLINE_CURVE_WITH_KNOTS((3,3),(4.764104151404,
6.173604429653),.PIECEWISE_BEZIER_KNOTS.) CURVE() 
GEOMETRIC_REPRESENTATION_ITEM() RATIONAL_B_SPLINE_CURVE((1.,
0.761773446286,1.)) REPRESENTATION_ITEM('') );
#3872 = CARTESIAN_POINT('',(12.052237429936,0.719573633223,17.4437305662
    ));
#3873 = CARTESIAN_POINT('',(11.533548030913,0.746421683137,17.4437305662
    ));
#3874 = CARTESIAN_POINT('',(11.476747336861,1.262690209776,17.4437305662
    ));
#3875 = PCURVE('',#3781,#3876);
#3876 = DEFINITIONAL_REPRESENTATION('',(#3877),#3881);
#3877 = B_SPLINE_CURVE_WITH_KNOTS('',2,(#3878,#3879,#3880),
  .UNSPECIFIED.,.F.,.F.,(3,3),(4.764104151404,6.173604429653),
  .PIECEWISE_BEZIER_KNOTS.);
#3878 = CARTESIAN_POINT('',(4.764104151404,0.));
#3879 = CARTESIAN_POINT('',(5.468854290529,0.));
#3880 = CARTESIAN_POINT('',(6.173604429653,0.));
#3881 = ( GEOMETRIC_REPRESENTATION_CONTEXT(2) 
PARAMETRIC_REPRESENTATION_CONTEXT() REPRESENTATION_CONTEXT('2D SPACE',''
  ) );
#3882 = PCURVE('',#3504,#3883);
#3883 = DEFINITIONAL_REPRESENTATION('',(#3884),#3888);
#3884 = ( BOUNDED_CURVE() B_SPLINE_CURVE(2,(#3885,#3886,#3887),
.UNSPECIFIED.,.F.,.F.) B_SPLINE_CURVE_WITH_KNOTS((3,3),(4.764104151404,
6.173604429653),.PIECEWISE_BEZIER_KNOTS.) CURVE() 
GEOMETRIC_REPRESENTATION_ITEM() RATIONAL_B_SPLINE_CURVE((1.,
0.761773446286,1.)) REPRESENTATION_ITEM('') );
#3885 = CARTESIAN_POINT('',(6.778329025574E-03,-4.856142989256E-03));
#3886 = CARTESIAN_POINT('',(7.297018424596E-03,-4.829294939343E-03));
#3887 = CARTESIAN_POINT('',(7.353819118649E-03,-4.313026412704E-03));
#3888 = ( GEOMETRIC_REPRESENTATION_CONTEXT(2) 
PARAMETRIC_REPRESENTATION_CONTEXT() REPRESENTATION_CONTEXT('2D SPACE',''
  ) );
#3889 = ADVANCED_FACE('',(#3890),#3855,.T.);
#3890 = FACE_BOUND('',#3891,.T.);
#3891 = EDGE_LOOP('',(#3892,#3893,#3916,#3938));
#3892 = ORIENTED_EDGE('',*,*,#3840,.T.);
#3893 = ORIENTED_EDGE('',*,*,#3894,.T.);
#3894 = EDGE_CURVE('',#3818,#3895,#3897,.T.);
#3895 = VERTEX_POINT('',#3896);
#3896 = CARTESIAN_POINT('',(10.314010945096,5.18953699519,
    21.117792509309));
#3897 = SURFACE_CURVE('',#3898,(#3902,#3909),.PCURVE_S1.);
#3898 = ( BOUNDED_CURVE() B_SPLINE_CURVE(2,(#3899,#3900,#3901),
.UNSPECIFIED.,.F.,.F.) B_SPLINE_CURVE_WITH_KNOTS((3,3),(3.251173531116,
3.607760365589),.PIECEWISE_BEZIER_KNOTS.) CURVE() 
GEOMETRIC_REPRESENTATION_ITEM() RATIONAL_B_SPLINE_CURVE((1.,
0.984147788739,1.)) REPRESENTATION_ITEM('') );
#3899 = CARTESIAN_POINT('',(11.476747336861,1.262690209775,
    21.117792509309));
#3900 = CARTESIAN_POINT('',(11.24920174496,3.330880210492,
    21.117792509309));
#3901 = CARTESIAN_POINT('',(10.314010945096,5.18953699519,
    21.117792509309));
#3902 = PCURVE('',#3855,#3903);
#3903 = DEFINITIONAL_REPRESENTATION('',(#3904),#3908);
#3904 = B_SPLINE_CURVE_WITH_KNOTS('',2,(#3905,#3906,#3907),
  .UNSPECIFIED.,.F.,.F.,(3,3),(3.251173531116,3.607760365589),
  .PIECEWISE_BEZIER_KNOTS.);
#3905 = CARTESIAN_POINT('',(3.251173531116,-3.674061943109E-03));
#3906 = CARTESIAN_POINT('',(3.429466948352,-3.674061943109E-03));
#3907 = CARTESIAN_POINT('',(3.607760365589,-3.674061943109E-03));
#3908 = ( GEOMETRIC_REPRESENTATION_CONTEXT(2) 
PARAMETRIC_REPRESENTATION_CONTEXT() REPRESENTATION_CONTEXT('2D SPACE',''
  ) );
#3909 = PCURVE('',#3453,#3910);
#3910 = DEFINITIONAL_REPRESENTATION('',(#3911),#3915);
#3911 = ( BOUNDED_CURVE() B_SPLINE_CURVE(2,(#3912,#3913,#3914),
.UNSPECIFIED.,.F.,.F.) B_SPLINE_CURVE_WITH_KNOTS((3,3),(3.251173531116,
3.607760365589),.PIECEWISE_BEZIER_KNOTS.) CURVE() 
GEOMETRIC_REPRESENTATION_ITEM() RATIONAL_B_SPLINE_CURVE((1.,
0.984147788739,1.)) REPRESENTATION_ITEM('') );
#3912 = CARTESIAN_POINT('',(7.353819118649E-03,-4.313026412704E-03));
#3913 = CARTESIAN_POINT('',(7.58136471055E-03,-2.244836411988E-03));
#3914 = CARTESIAN_POINT('',(8.516555510414E-03,-3.861796272901E-04));
#3915 = ( GEOMETRIC_REPRESENTATION_CONTEXT(2) 
PARAMETRIC_REPRESENTATION_CONTEXT() REPRESENTATION_CONTEXT('2D SPACE',''
  ) );
#3916 = ORIENTED_EDGE('',*,*,#3917,.F.);
#3917 = EDGE_CURVE('',#3918,#3895,#3920,.T.);
#3918 = VERTEX_POINT('',#3919);
#3919 = CARTESIAN_POINT('',(10.314010945096,5.18953699519,17.4437305662)
  );
#3920 = SURFACE_CURVE('',#3921,(#3924,#3931),.PCURVE_S1.);
#3921 = B_SPLINE_CURVE_WITH_KNOTS('',1,(#3922,#3923),.UNSPECIFIED.,.F.,
  .F.,(2,2),(0.,3.674061943109E-03),.PIECEWISE_BEZIER_KNOTS.);
#3922 = CARTESIAN_POINT('',(10.314010945096,5.18953699519,17.4437305662)
  );
#3923 = CARTESIAN_POINT('',(10.314010945096,5.18953699519,
    21.117792509309));
#3924 = PCURVE('',#3855,#3925);
#3925 = DEFINITIONAL_REPRESENTATION('',(#3926),#3930);
#3926 = B_SPLINE_CURVE_WITH_KNOTS('',2,(#3927,#3928,#3929),
  .UNSPECIFIED.,.F.,.F.,(3,3),(0.,3.674061943109E-03),
  .PIECEWISE_BEZIER_KNOTS.);
#3927 = CARTESIAN_POINT('',(3.607760365589,0.));
#3928 = CARTESIAN_POINT('',(3.607760365589,-1.837030971554E-03));
#3929 = CARTESIAN_POINT('',(3.607760365589,-3.674061943109E-03));
#3930 = ( GEOMETRIC_REPRESENTATION_CONTEXT(2) 
PARAMETRIC_REPRESENTATION_CONTEXT() REPRESENTATION_CONTEXT('2D SPACE',''
  ) );
#3931 = PCURVE('',#3425,#3932);
#3932 = DEFINITIONAL_REPRESENTATION('',(#3933),#3937);
#3933 = B_SPLINE_CURVE_WITH_KNOTS('',2,(#3934,#3935,#3936),
  .UNSPECIFIED.,.F.,.F.,(3,3),(0.,3.674061943109E-03),
  .PIECEWISE_BEZIER_KNOTS.);
#3934 = CARTESIAN_POINT('',(5.817017595181,0.));
#3935 = CARTESIAN_POINT('',(5.817017595181,-1.837030971554E-03));
#3936 = CARTESIAN_POINT('',(5.817017595181,-3.674061943109E-03));
#3937 = ( GEOMETRIC_REPRESENTATION_CONTEXT(2) 
PARAMETRIC_REPRESENTATION_CONTEXT() REPRESENTATION_CONTEXT('2D SPACE',''
  ) );
#3938 = ORIENTED_EDGE('',*,*,#3939,.F.);
#3939 = EDGE_CURVE('',#3841,#3918,#3940,.T.);
#3940 = SURFACE_CURVE('',#3941,(#3945,#3952),.PCURVE_S1.);
#3941 = ( BOUNDED_CURVE() B_SPLINE_CURVE(2,(#3942,#3943,#3944),
.UNSPECIFIED.,.F.,.F.) B_SPLINE_CURVE_WITH_KNOTS((3,3),(3.251173531116,
3.607760365589),.PIECEWISE_BEZIER_KNOTS.) CURVE() 
GEOMETRIC_REPRESENTATION_ITEM() RATIONAL_B_SPLINE_CURVE((1.,
0.984147788739,1.)) REPRESENTATION_ITEM('') );
#3942 = CARTESIAN_POINT('',(11.476747336861,1.262690209775,17.4437305662
    ));
#3943 = CARTESIAN_POINT('',(11.24920174496,3.330880210492,17.4437305662)
  );
#3944 = CARTESIAN_POINT('',(10.314010945096,5.18953699519,17.4437305662)
  );
#3945 = PCURVE('',#3855,#3946);
#3946 = DEFINITIONAL_REPRESENTATION('',(#3947),#3951);
#3947 = B_SPLINE_CURVE_WITH_KNOTS('',2,(#3948,#3949,#3950),
  .UNSPECIFIED.,.F.,.F.,(3,3),(3.251173531116,3.607760365589),
  .PIECEWISE_BEZIER_KNOTS.);
#3948 = CARTESIAN_POINT('',(3.251173531116,0.));
#3949 = CARTESIAN_POINT('',(3.429466948352,0.));
#3950 = CARTESIAN_POINT('',(3.607760365589,0.));
#3951 = ( GEOMETRIC_REPRESENTATION_CONTEXT(2) 
PARAMETRIC_REPRESENTATION_CONTEXT() REPRESENTATION_CONTEXT('2D SPACE',''
  ) );
#3952 = PCURVE('',#3504,#3953);
#3953 = DEFINITIONAL_REPRESENTATION('',(#3954),#3958);
#3954 = ( BOUNDED_CURVE() B_SPLINE_CURVE(2,(#3955,#3956,#3957),
.UNSPECIFIED.,.F.,.F.) B_SPLINE_CURVE_WITH_KNOTS((3,3),(3.251173531116,
3.607760365589),.PIECEWISE_BEZIER_KNOTS.) CURVE() 
GEOMETRIC_REPRESENTATION_ITEM() RATIONAL_B_SPLINE_CURVE((1.,
0.984147788739,1.)) REPRESENTATION_ITEM('') );
#3955 = CARTESIAN_POINT('',(7.353819118649E-03,-4.313026412704E-03));
#3956 = CARTESIAN_POINT('',(7.58136471055E-03,-2.244836411988E-03));
#3957 = CARTESIAN_POINT('',(8.516555510414E-03,-3.861796272901E-04));
#3958 = ( GEOMETRIC_REPRESENTATION_CONTEXT(2) 
PARAMETRIC_REPRESENTATION_CONTEXT() REPRESENTATION_CONTEXT('2D SPACE',''
  ) );
#3959 = ADVANCED_FACE('',(#3960),#3425,.T.);
#3960 = FACE_BOUND('',#3961,.T.);
#3961 = EDGE_LOOP('',(#3962,#3963,#3984,#3985));
#3962 = ORIENTED_EDGE('',*,*,#3917,.T.);
#3963 = ORIENTED_EDGE('',*,*,#3964,.T.);
#3964 = EDGE_CURVE('',#3895,#3407,#3965,.T.);
#3965 = SURFACE_CURVE('',#3966,(#3970,#3977),.PCURVE_S1.);
#3966 = ( BOUNDED_CURVE() B_SPLINE_CURVE(2,(#3967,#3968,#3969),
.UNSPECIFIED.,.F.,.F.) B_SPLINE_CURVE_WITH_KNOTS((3,3),(5.817017595181,
7.22651787343),.PIECEWISE_BEZIER_KNOTS.) CURVE() 
GEOMETRIC_REPRESENTATION_ITEM() RATIONAL_B_SPLINE_CURVE((1.,
0.761773446286,1.)) REPRESENTATION_ITEM('') );
#3967 = CARTESIAN_POINT('',(10.314010945096,5.18953699519,
    21.117792509309));
#3968 = CARTESIAN_POINT('',(10.080565480122,5.653501137474,
    21.117792509309));
#3969 = CARTESIAN_POINT('',(10.501016580308,5.958427985742,
    21.117792509309));
#3970 = PCURVE('',#3425,#3971);
#3971 = DEFINITIONAL_REPRESENTATION('',(#3972),#3976);
#3972 = B_SPLINE_CURVE_WITH_KNOTS('',2,(#3973,#3974,#3975),
  .UNSPECIFIED.,.F.,.F.,(3,3),(5.817017595181,7.22651787343),
  .PIECEWISE_BEZIER_KNOTS.);
#3973 = CARTESIAN_POINT('',(5.817017595181,-3.674061943109E-03));
#3974 = CARTESIAN_POINT('',(6.521767734306,-3.674061943109E-03));
#3975 = CARTESIAN_POINT('',(7.22651787343,-3.674061943109E-03));
#3976 = ( GEOMETRIC_REPRESENTATION_CONTEXT(2) 
PARAMETRIC_REPRESENTATION_CONTEXT() REPRESENTATION_CONTEXT('2D SPACE',''
  ) );
#3977 = PCURVE('',#3453,#3978);
#3978 = DEFINITIONAL_REPRESENTATION('',(#3979),#3983);
#3979 = ( BOUNDED_CURVE() B_SPLINE_CURVE(2,(#3980,#3981,#3982),
.UNSPECIFIED.,.F.,.F.) B_SPLINE_CURVE_WITH_KNOTS((3,3),(5.817017595181,
7.22651787343),.PIECEWISE_BEZIER_KNOTS.) CURVE() 
GEOMETRIC_REPRESENTATION_ITEM() RATIONAL_B_SPLINE_CURVE((1.,
0.761773446286,1.)) REPRESENTATION_ITEM('') );
#3980 = CARTESIAN_POINT('',(8.516555510414E-03,-3.861796272901E-04));
#3981 = CARTESIAN_POINT('',(8.750000975388E-03,7.778451499398E-05));
#3982 = CARTESIAN_POINT('',(8.329549875202E-03,3.82711363262E-04));
#3983 = ( GEOMETRIC_REPRESENTATION_CONTEXT(2) 
PARAMETRIC_REPRESENTATION_CONTEXT() REPRESENTATION_CONTEXT('2D SPACE',''
  ) );
#3984 = ORIENTED_EDGE('',*,*,#3404,.F.);
#3985 = ORIENTED_EDGE('',*,*,#3986,.F.);
#3986 = EDGE_CURVE('',#3918,#3405,#3987,.T.);
#3987 = SURFACE_CURVE('',#3988,(#3992,#3999),.PCURVE_S1.);
#3988 = ( BOUNDED_CURVE() B_SPLINE_CURVE(2,(#3989,#3990,#3991),
.UNSPECIFIED.,.F.,.F.) B_SPLINE_CURVE_WITH_KNOTS((3,3),(5.817017595181,
7.22651787343),.PIECEWISE_BEZIER_KNOTS.) CURVE() 
GEOMETRIC_REPRESENTATION_ITEM() RATIONAL_B_SPLINE_CURVE((1.,
0.761773446286,1.)) REPRESENTATION_ITEM('') );
#3989 = CARTESIAN_POINT('',(10.314010945096,5.18953699519,17.4437305662)
  );
#3990 = CARTESIAN_POINT('',(10.080565480122,5.653501137474,17.4437305662
    ));
#3991 = CARTESIAN_POINT('',(10.501016580308,5.958427985742,17.4437305662
    ));
#3992 = PCURVE('',#3425,#3993);
#3993 = DEFINITIONAL_REPRESENTATION('',(#3994),#3998);
#3994 = B_SPLINE_CURVE_WITH_KNOTS('',2,(#3995,#3996,#3997),
  .UNSPECIFIED.,.F.,.F.,(3,3),(5.817017595181,7.22651787343),
  .PIECEWISE_BEZIER_KNOTS.);
#3995 = CARTESIAN_POINT('',(5.817017595181,0.));
#3996 = CARTESIAN_POINT('',(6.521767734306,0.));
#3997 = CARTESIAN_POINT('',(7.22651787343,0.));
#3998 = ( GEOMETRIC_REPRESENTATION_CONTEXT(2) 
PARAMETRIC_REPRESENTATION_CONTEXT() REPRESENTATION_CONTEXT('2D SPACE',''
  ) );
#3999 = PCURVE('',#3504,#4000);
#4000 = DEFINITIONAL_REPRESENTATION('',(#4001),#4005);
#4001 = ( BOUNDED_CURVE() B_SPLINE_CURVE(2,(#4002,#4003,#4004),
.UNSPECIFIED.,.F.,.F.) B_SPLINE_CURVE_WITH_KNOTS((3,3),(5.817017595181,
7.22651787343),.PIECEWISE_BEZIER_KNOTS.) CURVE() 
GEOMETRIC_REPRESENTATION_ITEM() RATIONAL_B_SPLINE_CURVE((1.,
0.761773446286,1.)) REPRESENTATION_ITEM('') );
#4002 = CARTESIAN_POINT('',(8.516555510414E-03,-3.861796272901E-04));
#4003 = CARTESIAN_POINT('',(8.750000975388E-03,7.778451499398E-05));
#4004 = CARTESIAN_POINT('',(8.329549875202E-03,3.82711363262E-04));
#4005 = ( GEOMETRIC_REPRESENTATION_CONTEXT(2) 
PARAMETRIC_REPRESENTATION_CONTEXT() REPRESENTATION_CONTEXT('2D SPACE',''
  ) );
#4006 = ADVANCED_FACE('',(#4007),#3504,.T.);
#4007 = FACE_BOUND('',#4008,.T.);
#4008 = EDGE_LOOP('',(#4009,#4010,#4011,#4012,#4013,#4014,#4015,#4016));
#4009 = ORIENTED_EDGE('',*,*,#3492,.T.);
#4010 = ORIENTED_EDGE('',*,*,#3571,.F.);
#4011 = ORIENTED_EDGE('',*,*,#3648,.T.);
#4012 = ORIENTED_EDGE('',*,*,#3722,.F.);
#4013 = ORIENTED_EDGE('',*,*,#3795,.T.);
#4014 = ORIENTED_EDGE('',*,*,#3869,.T.);
#4015 = ORIENTED_EDGE('',*,*,#3939,.T.);
#4016 = ORIENTED_EDGE('',*,*,#3986,.T.);
#4017 = ADVANCED_FACE('',(#4018),#3453,.F.);
#4018 = FACE_BOUND('',#4019,.F.);
#4019 = EDGE_LOOP('',(#4020,#4021,#4022,#4023,#4024,#4025,#4026,#4027));
#4020 = ORIENTED_EDGE('',*,*,#3439,.T.);
#4021 = ORIENTED_EDGE('',*,*,#3549,.F.);
#4022 = ORIENTED_EDGE('',*,*,#3596,.T.);
#4023 = ORIENTED_EDGE('',*,*,#3700,.F.);
#4024 = ORIENTED_EDGE('',*,*,#3747,.T.);
#4025 = ORIENTED_EDGE('',*,*,#3817,.T.);
#4026 = ORIENTED_EDGE('',*,*,#3894,.T.);
#4027 = ORIENTED_EDGE('',*,*,#3964,.T.);
#4028 = ( GEOMETRIC_REPRESENTATION_CONTEXT(3) 
GLOBAL_UNCERTAINTY_ASSIGNED_CONTEXT((#4032)) 
GLOBAL_UNIT_ASSIGNED_CONTEXT((#4029,#4030,#4031)) REPRESENTATION_CONTEXT
('Context #1','3D Context with UNIT and UNCERTAINTY') );
#4029 = ( LENGTH_UNIT() NAMED_UNIT(*) SI_UNIT(.MILLI.,.METRE.) );
#4030 = ( NAMED_UNIT(*) PLANE_ANGLE_UNIT() SI_UNIT($,.RADIAN.) );
#4031 = ( NAMED_UNIT(*) SI_UNIT($,.STERADIAN.) SOLID_ANGLE_UNIT() );
#4032 = UNCERTAINTY_MEASURE_WITH_UNIT(LENGTH_MEASURE(2.E-04),#4029,
  'distance_accuracy_value','confusion accuracy');
#4033 = CONTEXT_DEPENDENT_SHAPE_REPRESENTATION(#4034,#4036);
#4034 = ( REPRESENTATION_RELATIONSHIP('','',#3397,#10) 
REPRESENTATION_RELATIONSHIP_WITH_TRANSFORMATION(#4035) 
SHAPE_REPRESENTATION_RELATIONSHIP() );
#4035 = ITEM_DEFINED_TRANSFORMATION('','',#11,#35);
#4036 = PRODUCT_DEFINITION_SHAPE('Placement','Placement of an item',
  #4037);
#4037 = NEXT_ASSEMBLY_USAGE_OCCURRENCE('48','','',#5,#3392,$);
#4038 = PRODUCT_RELATED_PRODUCT_CATEGORY('part',$,(#3394));
#4039 = SHAPE_DEFINITION_REPRESENTATION(#4040,#4046);
#4040 = PRODUCT_DEFINITION_SHAPE('','',#4041);
#4041 = PRODUCT_DEFINITION('design','',#4042,#4045);
#4042 = PRODUCT_DEFINITION_FORMATION('','',#4043);
#4043 = PRODUCT('Open CASCADE STEP translator 7.7 2.7',
  'Open CASCADE STEP translator 7.7 2.7','',(#4044));
#4044 = PRODUCT_CONTEXT('',#2,'mechanical');
#4045 = PRODUCT_DEFINITION_CONTEXT('part definition',#2,'design');
#4046 = ADVANCED_BREP_SHAPE_REPRESENTATION('',(#11,#4047),#4677);
#4047 = MANIFOLD_SOLID_BREP('',#4048);
#4048 = CLOSED_SHELL('',(#4049,#4163,#4240,#4317,#4391,#4461,#4538,#4608
    ,#4655,#4666));
#4049 = ADVANCED_FACE('',(#4050),#4063,.T.);
#4050 = FACE_BOUND('',#4051,.T.);
#4051 = EDGE_LOOP('',(#4052,#4087,#4112,#4140));
#4052 = ORIENTED_EDGE('',*,*,#4053,.T.);
#4053 = EDGE_CURVE('',#4054,#4056,#4058,.T.);
#4054 = VERTEX_POINT('',#4055);
#4055 = CARTESIAN_POINT('',(10.501016580308,5.958427985742,17.4437305662
    ));
#4056 = VERTEX_POINT('',#4057);
#4057 = CARTESIAN_POINT('',(10.501016580308,5.958427985742,
    21.117792509309));
#4058 = SURFACE_CURVE('',#4059,(#4062,#4073),.PCURVE_S1.);
#4059 = B_SPLINE_CURVE_WITH_KNOTS('',1,(#4060,#4061),.UNSPECIFIED.,.F.,
  .F.,(2,2),(0.,3.674061943109E-03),.PIECEWISE_BEZIER_KNOTS.);
#4060 = CARTESIAN_POINT('',(10.501016580308,5.958427985742,17.4437305662
    ));
#4061 = CARTESIAN_POINT('',(10.501016580308,5.958427985742,
    21.117792509309));
#4062 = PCURVE('',#4063,#4068);
#4063 = B_SPLINE_SURFACE_WITH_KNOTS('',1,1,(
    (#4064,#4065)
    ,(#4066,#4067
    )),.UNSPECIFIED.,.F.,.F.,.F.,(2,2),(2,2),(0.,1.315996021184E-02),(
    -3.674061943109E-03,0.),.PIECEWISE_BEZIER_KNOTS.);
#4064 = CARTESIAN_POINT('',(10.501016580308,5.958427985742,
    21.117792509309));
#4065 = CARTESIAN_POINT('',(10.501016580308,5.958427985742,17.4437305662
    ));
#4066 = CARTESIAN_POINT('',(21.15425599114,13.684555271299,
    21.117792509309));
#4067 = CARTESIAN_POINT('',(21.15425599114,13.684555271299,17.4437305662
    ));
#4068 = DEFINITIONAL_REPRESENTATION('',(#4069),#4072);
#4069 = B_SPLINE_CURVE_WITH_KNOTS('',1,(#4070,#4071),.UNSPECIFIED.,.F.,
  .F.,(2,2),(0.,3.674061943109E-03),.PIECEWISE_BEZIER_KNOTS.);
#4070 = CARTESIAN_POINT('',(0.,0.));
#4071 = CARTESIAN_POINT('',(0.,-3.674061943109E-03));
#4072 = ( GEOMETRIC_REPRESENTATION_CONTEXT(2) 
PARAMETRIC_REPRESENTATION_CONTEXT() REPRESENTATION_CONTEXT('2D SPACE',''
  ) );
#4073 = PCURVE('',#4074,#4081);
#4074 = ( BOUNDED_SURFACE() B_SPLINE_SURFACE(2,1,(
    (#4075,#4076)
    ,(#4077,#4078)
    ,(#4079,#4080
)),.UNSPECIFIED.,.F.,.F.,.F.) B_SPLINE_SURFACE_WITH_KNOTS((3,3),(2,2),(
    5.817017595181,7.22651787343),(-3.674061943109E-03,0.),
.PIECEWISE_BEZIER_KNOTS.) GEOMETRIC_REPRESENTATION_ITEM() 
RATIONAL_B_SPLINE_SURFACE((
    (1.,1.)
    ,(0.761773446286,0.761773446286)
,(1.,1.))) REPRESENTATION_ITEM('') SURFACE() );
#4075 = CARTESIAN_POINT('',(10.314010945096,5.18953699519,
    21.117792509309));
#4076 = CARTESIAN_POINT('',(10.314010945096,5.18953699519,17.4437305662)
  );
#4077 = CARTESIAN_POINT('',(10.080565480122,5.653501137474,
    21.117792509309));
#4078 = CARTESIAN_POINT('',(10.080565480122,5.653501137474,17.4437305662
    ));
#4079 = CARTESIAN_POINT('',(10.501016580308,5.958427985742,
    21.117792509309));
#4080 = CARTESIAN_POINT('',(10.501016580308,5.958427985742,17.4437305662
    ));
#4081 = DEFINITIONAL_REPRESENTATION('',(#4082),#4086);
#4082 = B_SPLINE_CURVE_WITH_KNOTS('',2,(#4083,#4084,#4085),
  .UNSPECIFIED.,.F.,.F.,(3,3),(0.,3.674061943109E-03),
  .PIECEWISE_BEZIER_KNOTS.);
#4083 = CARTESIAN_POINT('',(7.22651787343,0.));
#4084 = CARTESIAN_POINT('',(7.22651787343,-1.837030971554E-03));
#4085 = CARTESIAN_POINT('',(7.22651787343,-3.674061943109E-03));
#4086 = ( GEOMETRIC_REPRESENTATION_CONTEXT(2) 
PARAMETRIC_REPRESENTATION_CONTEXT() REPRESENTATION_CONTEXT('2D SPACE',''
  ) );
#4087 = ORIENTED_EDGE('',*,*,#4088,.T.);
#4088 = EDGE_CURVE('',#4056,#4089,#4091,.T.);
#4089 = VERTEX_POINT('',#4090);
#4090 = CARTESIAN_POINT('',(21.15425599114,13.684555271299,
    21.117792509309));
#4091 = SURFACE_CURVE('',#4092,(#4095,#4101),.PCURVE_S1.);
#4092 = B_SPLINE_CURVE_WITH_KNOTS('',1,(#4093,#4094),.UNSPECIFIED.,.F.,
  .F.,(2,2),(5.311393726239E-04,1.369109958446E-02),
  .PIECEWISE_BEZIER_KNOTS.);
#4093 = CARTESIAN_POINT('',(10.501016580308,5.958427985742,
    21.117792509309));
#4094 = CARTESIAN_POINT('',(21.15425599114,13.684555271299,
    21.117792509309));
#4095 = PCURVE('',#4063,#4096);
#4096 = DEFINITIONAL_REPRESENTATION('',(#4097),#4100);
#4097 = B_SPLINE_CURVE_WITH_KNOTS('',1,(#4098,#4099),.UNSPECIFIED.,.F.,
  .F.,(2,2),(5.311393726239E-04,1.369109958446E-02),
  .PIECEWISE_BEZIER_KNOTS.);
#4098 = CARTESIAN_POINT('',(0.,-3.674061943109E-03));
#4099 = CARTESIAN_POINT('',(1.315996021184E-02,-3.674061943109E-03));
#4100 = ( GEOMETRIC_REPRESENTATION_CONTEXT(2) 
PARAMETRIC_REPRESENTATION_CONTEXT() REPRESENTATION_CONTEXT('2D SPACE',''
  ) );
#4101 = PCURVE('',#4102,#4107);
#4102 = B_SPLINE_SURFACE_WITH_KNOTS('',1,1,(
    (#4103,#4104)
    ,(#4105,#4106
    )),.UNSPECIFIED.,.F.,.F.,.F.,(2,2),(2,2),(-7.112294069963E-03,
    8.581721259939E-03),(-5.537360462184E-03,8.244361792773E-03),
  .PIECEWISE_BEZIER_KNOTS.);
#4103 = CARTESIAN_POINT('',(25.942860525472,3.835616029553E-02,
    21.117792509309));
#4104 = CARTESIAN_POINT('',(25.942860525472,13.820078415253,
    21.117792509309));
#4105 = CARTESIAN_POINT('',(10.248845195571,3.835616029553E-02,
    21.117792509309));
#4106 = CARTESIAN_POINT('',(10.248845195571,13.820078415253,
    21.117792509309));
#4107 = DEFINITIONAL_REPRESENTATION('',(#4108),#4111);
#4108 = B_SPLINE_CURVE_WITH_KNOTS('',1,(#4109,#4110),.UNSPECIFIED.,.F.,
  .F.,(2,2),(5.311393726239E-04,1.369109958446E-02),
  .PIECEWISE_BEZIER_KNOTS.);
#4109 = CARTESIAN_POINT('',(8.329549875202E-03,3.82711363262E-04));
#4110 = CARTESIAN_POINT('',(-2.32368953563E-03,8.108838648819E-03));
#4111 = ( GEOMETRIC_REPRESENTATION_CONTEXT(2) 
PARAMETRIC_REPRESENTATION_CONTEXT() REPRESENTATION_CONTEXT('2D SPACE',''
  ) );
#4112 = ORIENTED_EDGE('',*,*,#4113,.F.);
#4113 = EDGE_CURVE('',#4114,#4089,#4116,.T.);
#4114 = VERTEX_POINT('',#4115);
#4115 = CARTESIAN_POINT('',(21.15425599114,13.684555271299,17.4437305662
    ));
#4116 = SURFACE_CURVE('',#4117,(#4120,#4126),.PCURVE_S1.);
#4117 = B_SPLINE_CURVE_WITH_KNOTS('',1,(#4118,#4119),.UNSPECIFIED.,.F.,
  .F.,(2,2),(0.,3.674061943109E-03),.PIECEWISE_BEZIER_KNOTS.);
#4118 = CARTESIAN_POINT('',(21.15425599114,13.684555271299,17.4437305662
    ));
#4119 = CARTESIAN_POINT('',(21.15425599114,13.684555271299,
    21.117792509309));
#4120 = PCURVE('',#4063,#4121);
#4121 = DEFINITIONAL_REPRESENTATION('',(#4122),#4125);
#4122 = B_SPLINE_CURVE_WITH_KNOTS('',1,(#4123,#4124),.UNSPECIFIED.,.F.,
  .F.,(2,2),(0.,3.674061943109E-03),.PIECEWISE_BEZIER_KNOTS.);
#4123 = CARTESIAN_POINT('',(1.315996021184E-02,0.));
#4124 = CARTESIAN_POINT('',(1.315996021184E-02,-3.674061943109E-03));
#4125 = ( GEOMETRIC_REPRESENTATION_CONTEXT(2) 
PARAMETRIC_REPRESENTATION_CONTEXT() REPRESENTATION_CONTEXT('2D SPACE',''
  ) );
#4126 = PCURVE('',#4127,#4134);
#4127 = ( BOUNDED_SURFACE() B_SPLINE_SURFACE(2,1,(
    (#4128,#4129)
    ,(#4130,#4131)
    ,(#4132,#4133
)),.UNSPECIFIED.,.F.,.F.,.F.) B_SPLINE_SURFACE_WITH_KNOTS((3,3),(2,2),(
    0.546038978939,2.198260087339),(-3.674061943109E-03,0.),
.PIECEWISE_BEZIER_KNOTS.) GEOMETRIC_REPRESENTATION_ITEM() 
RATIONAL_B_SPLINE_SURFACE((
    (1.,1.)
    ,(0.677740792224,0.677740792224)
,(1.,1.))) REPRESENTATION_ITEM('') SURFACE() );
#4128 = CARTESIAN_POINT('',(22.179982242844,13.478074925861,
    21.117792509309));
#4129 = CARTESIAN_POINT('',(22.179982242844,13.478074925861,
    17.4437305662));
#4130 = CARTESIAN_POINT('',(21.779127414469,14.137735376201,
    21.117792509309));
#4131 = CARTESIAN_POINT('',(21.779127414469,14.137735376201,
    17.4437305662));
#4132 = CARTESIAN_POINT('',(21.15425599114,13.684555271299,
    21.117792509309));
#4133 = CARTESIAN_POINT('',(21.15425599114,13.684555271299,17.4437305662
    ));
#4134 = DEFINITIONAL_REPRESENTATION('',(#4135),#4139);
#4135 = B_SPLINE_CURVE_WITH_KNOTS('',2,(#4136,#4137,#4138),
  .UNSPECIFIED.,.F.,.F.,(3,3),(0.,3.674061943109E-03),
  .PIECEWISE_BEZIER_KNOTS.);
#4136 = CARTESIAN_POINT('',(2.198260087339,0.));
#4137 = CARTESIAN_POINT('',(2.198260087339,-1.837030971554E-03));
#4138 = CARTESIAN_POINT('',(2.198260087339,-3.674061943109E-03));
#4139 = ( GEOMETRIC_REPRESENTATION_CONTEXT(2) 
PARAMETRIC_REPRESENTATION_CONTEXT() REPRESENTATION_CONTEXT('2D SPACE',''
  ) );
#4140 = ORIENTED_EDGE('',*,*,#4141,.F.);
#4141 = EDGE_CURVE('',#4054,#4114,#4142,.T.);
#4142 = SURFACE_CURVE('',#4143,(#4146,#4152),.PCURVE_S1.);
#4143 = B_SPLINE_CURVE_WITH_KNOTS('',1,(#4144,#4145),.UNSPECIFIED.,.F.,
  .F.,(2,2),(5.311393726239E-04,1.369109958446E-02),
  .PIECEWISE_BEZIER_KNOTS.);
#4144 = CARTESIAN_POINT('',(10.501016580308,5.958427985742,17.4437305662
    ));
#4145 = CARTESIAN_POINT('',(21.15425599114,13.684555271299,17.4437305662
    ));
#4146 = PCURVE('',#4063,#4147);
#4147 = DEFINITIONAL_REPRESENTATION('',(#4148),#4151);
#4148 = B_SPLINE_CURVE_WITH_KNOTS('',1,(#4149,#4150),.UNSPECIFIED.,.F.,
  .F.,(2,2),(5.311393726239E-04,1.369109958446E-02),
  .PIECEWISE_BEZIER_KNOTS.);
#4149 = CARTESIAN_POINT('',(0.,0.));
#4150 = CARTESIAN_POINT('',(1.315996021184E-02,0.));
#4151 = ( GEOMETRIC_REPRESENTATION_CONTEXT(2) 
PARAMETRIC_REPRESENTATION_CONTEXT() REPRESENTATION_CONTEXT('2D SPACE',''
  ) );
#4152 = PCURVE('',#4153,#4158);
#4153 = B_SPLINE_SURFACE_WITH_KNOTS('',1,1,(
    (#4154,#4155)
    ,(#4156,#4157
    )),.UNSPECIFIED.,.F.,.F.,.F.,(2,2),(2,2),(-7.112294069963E-03,
    8.581721259939E-03),(-5.537360462184E-03,8.244361792773E-03),
  .PIECEWISE_BEZIER_KNOTS.);
#4154 = CARTESIAN_POINT('',(25.942860525472,3.835616029553E-02,
    17.4437305662));
#4155 = CARTESIAN_POINT('',(25.942860525472,13.820078415253,
    17.4437305662));
#4156 = CARTESIAN_POINT('',(10.248845195571,3.835616029553E-02,
    17.4437305662));
#4157 = CARTESIAN_POINT('',(10.248845195571,13.820078415253,
    17.4437305662));
#4158 = DEFINITIONAL_REPRESENTATION('',(#4159),#4162);
#4159 = B_SPLINE_CURVE_WITH_KNOTS('',1,(#4160,#4161),.UNSPECIFIED.,.F.,
  .F.,(2,2),(5.311393726239E-04,1.369109958446E-02),
  .PIECEWISE_BEZIER_KNOTS.);
#4160 = CARTESIAN_POINT('',(8.329549875202E-03,3.82711363262E-04));
#4161 = CARTESIAN_POINT('',(-2.32368953563E-03,8.108838648819E-03));
#4162 = ( GEOMETRIC_REPRESENTATION_CONTEXT(2) 
PARAMETRIC_REPRESENTATION_CONTEXT() REPRESENTATION_CONTEXT('2D SPACE',''
  ) );
#4163 = ADVANCED_FACE('',(#4164),#4127,.F.);
#4164 = FACE_BOUND('',#4165,.F.);
#4165 = EDGE_LOOP('',(#4166,#4197,#4218,#4219));
#4166 = ORIENTED_EDGE('',*,*,#4167,.T.);
#4167 = EDGE_CURVE('',#4168,#4170,#4172,.T.);
#4168 = VERTEX_POINT('',#4169);
#4169 = CARTESIAN_POINT('',(22.179982242844,13.478074925862,
    17.4437305662));
#4170 = VERTEX_POINT('',#4171);
#4171 = CARTESIAN_POINT('',(22.179982242844,13.478074925862,
    21.117792509309));
#4172 = SURFACE_CURVE('',#4173,(#4176,#4183),.PCURVE_S1.);
#4173 = B_SPLINE_CURVE_WITH_KNOTS('',1,(#4174,#4175),.UNSPECIFIED.,.F.,
  .F.,(2,2),(0.,3.674061943109E-03),.PIECEWISE_BEZIER_KNOTS.);
#4174 = CARTESIAN_POINT('',(22.179982242844,13.478074925861,
    17.4437305662));
#4175 = CARTESIAN_POINT('',(22.179982242844,13.478074925861,
    21.117792509309));
#4176 = PCURVE('',#4127,#4177);
#4177 = DEFINITIONAL_REPRESENTATION('',(#4178),#4182);
#4178 = B_SPLINE_CURVE_WITH_KNOTS('',2,(#4179,#4180,#4181),
  .UNSPECIFIED.,.F.,.F.,(3,3),(0.,3.674061943109E-03),
  .PIECEWISE_BEZIER_KNOTS.);
#4179 = CARTESIAN_POINT('',(0.546038978939,0.));
#4180 = CARTESIAN_POINT('',(0.546038978939,-1.837030971554E-03));
#4181 = CARTESIAN_POINT('',(0.546038978939,-3.674061943109E-03));
#4182 = ( GEOMETRIC_REPRESENTATION_CONTEXT(2) 
PARAMETRIC_REPRESENTATION_CONTEXT() REPRESENTATION_CONTEXT('2D SPACE',''
  ) );
#4183 = PCURVE('',#4184,#4191);
#4184 = ( BOUNDED_SURFACE() B_SPLINE_SURFACE(2,1,(
    (#4185,#4186)
    ,(#4187,#4188)
    ,(#4189,#4190
)),.UNSPECIFIED.,.F.,.F.,.F.) B_SPLINE_SURFACE_WITH_KNOTS((3,3),(2,2),(
    5.737146328241,6.253475696594),(-3.674061943109E-03,0.),
.PIECEWISE_BEZIER_KNOTS.) GEOMETRIC_REPRESENTATION_ITEM() 
RATIONAL_B_SPLINE_SURFACE((
    (1.,1.)
    ,(0.966860174289,0.966860174289)
,(1.,1.))) REPRESENTATION_ITEM('') SURFACE() );
#4185 = CARTESIAN_POINT('',(22.179982242844,13.478074925862,
    21.117792509309));
#4186 = CARTESIAN_POINT('',(22.179982242844,13.478074925862,
    17.4437305662));
#4187 = CARTESIAN_POINT('',(25.738966344792,7.621288654974,
    21.117792509309));
#4188 = CARTESIAN_POINT('',(25.738966344792,7.621288654974,17.4437305662
    ));
#4189 = CARTESIAN_POINT('',(25.942546551203,0.770969803976,
    21.117792509309));
#4190 = CARTESIAN_POINT('',(25.942546551203,0.770969803976,17.4437305662
    ));
#4191 = DEFINITIONAL_REPRESENTATION('',(#4192),#4196);
#4192 = B_SPLINE_CURVE_WITH_KNOTS('',2,(#4193,#4194,#4195),
  .UNSPECIFIED.,.F.,.F.,(3,3),(0.,3.674061943109E-03),
  .PIECEWISE_BEZIER_KNOTS.);
#4193 = CARTESIAN_POINT('',(5.737146328241,0.));
#4194 = CARTESIAN_POINT('',(5.737146328241,-1.837030971554E-03));
#4195 = CARTESIAN_POINT('',(5.737146328241,-3.674061943109E-03));
#4196 = ( GEOMETRIC_REPRESENTATION_CONTEXT(2) 
PARAMETRIC_REPRESENTATION_CONTEXT() REPRESENTATION_CONTEXT('2D SPACE',''
  ) );
#4197 = ORIENTED_EDGE('',*,*,#4198,.T.);
#4198 = EDGE_CURVE('',#4170,#4089,#4199,.T.);
#4199 = SURFACE_CURVE('',#4200,(#4204,#4211),.PCURVE_S1.);
#4200 = ( BOUNDED_CURVE() B_SPLINE_CURVE(2,(#4201,#4202,#4203),
.UNSPECIFIED.,.F.,.F.) B_SPLINE_CURVE_WITH_KNOTS((3,3),(0.546038978939,
2.198260087339),.PIECEWISE_BEZIER_KNOTS.) CURVE() 
GEOMETRIC_REPRESENTATION_ITEM() RATIONAL_B_SPLINE_CURVE((1.,
0.677740792224,1.)) REPRESENTATION_ITEM('') );
#4201 = CARTESIAN_POINT('',(22.179982242844,13.478074925861,
    21.117792509309));
#4202 = CARTESIAN_POINT('',(21.779127414469,14.137735376201,
    21.117792509309));
#4203 = CARTESIAN_POINT('',(21.15425599114,13.684555271299,
    21.117792509309));
#4204 = PCURVE('',#4127,#4205);
#4205 = DEFINITIONAL_REPRESENTATION('',(#4206),#4210);
#4206 = B_SPLINE_CURVE_WITH_KNOTS('',2,(#4207,#4208,#4209),
  .UNSPECIFIED.,.F.,.F.,(3,3),(0.546038978939,2.198260087339),
  .PIECEWISE_BEZIER_KNOTS.);
#4207 = CARTESIAN_POINT('',(0.546038978939,-3.674061943109E-03));
#4208 = CARTESIAN_POINT('',(1.372149533139,-3.674061943109E-03));
#4209 = CARTESIAN_POINT('',(2.198260087339,-3.674061943109E-03));
#4210 = ( GEOMETRIC_REPRESENTATION_CONTEXT(2) 
PARAMETRIC_REPRESENTATION_CONTEXT() REPRESENTATION_CONTEXT('2D SPACE',''
  ) );
#4211 = PCURVE('',#4102,#4212);
#4212 = DEFINITIONAL_REPRESENTATION('',(#4213),#4217);
#4213 = ( BOUNDED_CURVE() B_SPLINE_CURVE(2,(#4214,#4215,#4216),
.UNSPECIFIED.,.F.,.F.) B_SPLINE_CURVE_WITH_KNOTS((3,3),(0.546038978939,
2.198260087339),.PIECEWISE_BEZIER_KNOTS.) CURVE() 
GEOMETRIC_REPRESENTATION_ITEM() RATIONAL_B_SPLINE_CURVE((1.,
0.677740792224,1.)) REPRESENTATION_ITEM('') );
#4214 = CARTESIAN_POINT('',(-3.349415787334E-03,7.902358303382E-03));
#4215 = CARTESIAN_POINT('',(-2.94856095896E-03,8.562018753721E-03));
#4216 = CARTESIAN_POINT('',(-2.32368953563E-03,8.108838648819E-03));
#4217 = ( GEOMETRIC_REPRESENTATION_CONTEXT(2) 
PARAMETRIC_REPRESENTATION_CONTEXT() REPRESENTATION_CONTEXT('2D SPACE',''
  ) );
#4218 = ORIENTED_EDGE('',*,*,#4113,.F.);
#4219 = ORIENTED_EDGE('',*,*,#4220,.F.);
#4220 = EDGE_CURVE('',#4168,#4114,#4221,.T.);
#4221 = SURFACE_CURVE('',#4222,(#4226,#4233),.PCURVE_S1.);
#4222 = ( BOUNDED_CURVE() B_SPLINE_CURVE(2,(#4223,#4224,#4225),
.UNSPECIFIED.,.F.,.F.) B_SPLINE_CURVE_WITH_KNOTS((3,3),(0.546038978939,
2.198260087339),.PIECEWISE_BEZIER_KNOTS.) CURVE() 
GEOMETRIC_REPRESENTATION_ITEM() RATIONAL_B_SPLINE_CURVE((1.,
0.677740792224,1.)) REPRESENTATION_ITEM('') );
#4223 = CARTESIAN_POINT('',(22.179982242844,13.478074925861,
    17.4437305662));
#4224 = CARTESIAN_POINT('',(21.779127414469,14.137735376201,
    17.4437305662));
#4225 = CARTESIAN_POINT('',(21.15425599114,13.684555271299,17.4437305662
    ));
#4226 = PCURVE('',#4127,#4227);
#4227 = DEFINITIONAL_REPRESENTATION('',(#4228),#4232);
#4228 = B_SPLINE_CURVE_WITH_KNOTS('',2,(#4229,#4230,#4231),
  .UNSPECIFIED.,.F.,.F.,(3,3),(0.546038978939,2.198260087339),
  .PIECEWISE_BEZIER_KNOTS.);
#4229 = CARTESIAN_POINT('',(0.546038978939,0.));
#4230 = CARTESIAN_POINT('',(1.372149533139,0.));
#4231 = CARTESIAN_POINT('',(2.198260087339,0.));
#4232 = ( GEOMETRIC_REPRESENTATION_CONTEXT(2) 
PARAMETRIC_REPRESENTATION_CONTEXT() REPRESENTATION_CONTEXT('2D SPACE',''
  ) );
#4233 = PCURVE('',#4153,#4234);
#4234 = DEFINITIONAL_REPRESENTATION('',(#4235),#4239);
#4235 = ( BOUNDED_CURVE() B_SPLINE_CURVE(2,(#4236,#4237,#4238),
.UNSPECIFIED.,.F.,.F.) B_SPLINE_CURVE_WITH_KNOTS((3,3),(0.546038978939,
2.198260087339),.PIECEWISE_BEZIER_KNOTS.) CURVE() 
GEOMETRIC_REPRESENTATION_ITEM() RATIONAL_B_SPLINE_CURVE((1.,
0.677740792224,1.)) REPRESENTATION_ITEM('') );
#4236 = CARTESIAN_POINT('',(-3.349415787334E-03,7.902358303382E-03));
#4237 = CARTESIAN_POINT('',(-2.94856095896E-03,8.562018753721E-03));
#4238 = CARTESIAN_POINT('',(-2.32368953563E-03,8.108838648819E-03));
#4239 = ( GEOMETRIC_REPRESENTATION_CONTEXT(2) 
PARAMETRIC_REPRESENTATION_CONTEXT() REPRESENTATION_CONTEXT('2D SPACE',''
  ) );
#4240 = ADVANCED_FACE('',(#4241),#4184,.T.);
#4241 = FACE_BOUND('',#4242,.T.);
#4242 = EDGE_LOOP('',(#4243,#4244,#4267,#4296));
#4243 = ORIENTED_EDGE('',*,*,#4167,.T.);
#4244 = ORIENTED_EDGE('',*,*,#4245,.T.);
#4245 = EDGE_CURVE('',#4170,#4246,#4248,.T.);
#4246 = VERTEX_POINT('',#4247);
#4247 = CARTESIAN_POINT('',(25.942546551203,0.770969803976,
    21.117792509309));
#4248 = SURFACE_CURVE('',#4249,(#4253,#4260),.PCURVE_S1.);
#4249 = ( BOUNDED_CURVE() B_SPLINE_CURVE(2,(#4250,#4251,#4252),
.UNSPECIFIED.,.F.,.F.) B_SPLINE_CURVE_WITH_KNOTS((3,3),(5.737146328241,
6.253475696594),.PIECEWISE_BEZIER_KNOTS.) CURVE() 
GEOMETRIC_REPRESENTATION_ITEM() RATIONAL_B_SPLINE_CURVE((1.,
0.966860174289,1.)) REPRESENTATION_ITEM('') );
#4250 = CARTESIAN_POINT('',(22.179982242844,13.478074925862,
    21.117792509309));
#4251 = CARTESIAN_POINT('',(25.738966344792,7.621288654974,
    21.117792509309));
#4252 = CARTESIAN_POINT('',(25.942546551203,0.770969803976,
    21.117792509309));
#4253 = PCURVE('',#4184,#4254);
#4254 = DEFINITIONAL_REPRESENTATION('',(#4255),#4259);
#4255 = B_SPLINE_CURVE_WITH_KNOTS('',2,(#4256,#4257,#4258),
  .UNSPECIFIED.,.F.,.F.,(3,3),(5.737146328241,6.253475696594),
  .PIECEWISE_BEZIER_KNOTS.);
#4256 = CARTESIAN_POINT('',(5.737146328241,-3.674061943109E-03));
#4257 = CARTESIAN_POINT('',(5.995311012417,-3.674061943109E-03));
#4258 = CARTESIAN_POINT('',(6.253475696594,-3.674061943109E-03));
#4259 = ( GEOMETRIC_REPRESENTATION_CONTEXT(2) 
PARAMETRIC_REPRESENTATION_CONTEXT() REPRESENTATION_CONTEXT('2D SPACE',''
  ) );
#4260 = PCURVE('',#4102,#4261);
#4261 = DEFINITIONAL_REPRESENTATION('',(#4262),#4266);
#4262 = ( BOUNDED_CURVE() B_SPLINE_CURVE(2,(#4263,#4264,#4265),
.UNSPECIFIED.,.F.,.F.) B_SPLINE_CURVE_WITH_KNOTS((3,3),(5.737146328241,
6.253475696594),.PIECEWISE_BEZIER_KNOTS.) CURVE() 
GEOMETRIC_REPRESENTATION_ITEM() RATIONAL_B_SPLINE_CURVE((1.,
0.966860174289,1.)) REPRESENTATION_ITEM('') );
#4263 = CARTESIAN_POINT('',(-3.349415787334E-03,7.902358303382E-03));
#4264 = CARTESIAN_POINT('',(-6.908399889283E-03,2.045572032494E-03));
#4265 = CARTESIAN_POINT('',(-7.111980095694E-03,-4.804746818504E-03));
#4266 = ( GEOMETRIC_REPRESENTATION_CONTEXT(2) 
PARAMETRIC_REPRESENTATION_CONTEXT() REPRESENTATION_CONTEXT('2D SPACE',''
  ) );
#4267 = ORIENTED_EDGE('',*,*,#4268,.F.);
#4268 = EDGE_CURVE('',#4269,#4246,#4271,.T.);
#4269 = VERTEX_POINT('',#4270);
#4270 = CARTESIAN_POINT('',(25.942546551203,0.770969803976,17.4437305662
    ));
#4271 = SURFACE_CURVE('',#4272,(#4275,#4282),.PCURVE_S1.);
#4272 = B_SPLINE_CURVE_WITH_KNOTS('',1,(#4273,#4274),.UNSPECIFIED.,.F.,
  .F.,(2,2),(0.,3.674061943109E-03),.PIECEWISE_BEZIER_KNOTS.);
#4273 = CARTESIAN_POINT('',(25.942546551203,0.770969803976,17.4437305662
    ));
#4274 = CARTESIAN_POINT('',(25.942546551203,0.770969803976,
    21.117792509309));
#4275 = PCURVE('',#4184,#4276);
#4276 = DEFINITIONAL_REPRESENTATION('',(#4277),#4281);
#4277 = B_SPLINE_CURVE_WITH_KNOTS('',2,(#4278,#4279,#4280),
  .UNSPECIFIED.,.F.,.F.,(3,3),(0.,3.674061943109E-03),
  .PIECEWISE_BEZIER_KNOTS.);
#4278 = CARTESIAN_POINT('',(6.253475696594,0.));
#4279 = CARTESIAN_POINT('',(6.253475696594,-1.837030971554E-03));
#4280 = CARTESIAN_POINT('',(6.253475696594,-3.674061943109E-03));
#4281 = ( GEOMETRIC_REPRESENTATION_CONTEXT(2) 
PARAMETRIC_REPRESENTATION_CONTEXT() REPRESENTATION_CONTEXT('2D SPACE',''
  ) );
#4282 = PCURVE('',#4283,#4290);
#4283 = ( BOUNDED_SURFACE() B_SPLINE_SURFACE(2,1,(
    (#4284,#4285)
    ,(#4286,#4287)
    ,(#4288,#4289
)),.UNSPECIFIED.,.F.,.F.,.F.) B_SPLINE_SURFACE_WITH_KNOTS((3,3),(2,2),(
    4.660673809365,6.312894917766),(-3.674061943109E-03,0.),
.PIECEWISE_BEZIER_KNOTS.) GEOMETRIC_REPRESENTATION_ITEM() 
RATIONAL_B_SPLINE_SURFACE((
    (1.,1.)
    ,(0.677740792224,0.677740792224)
,(1.,1.))) REPRESENTATION_ITEM('') SURFACE() );
#4284 = CARTESIAN_POINT('',(25.194603677046,3.930735893455E-02,
    21.117792509309));
#4285 = CARTESIAN_POINT('',(25.194603677046,3.930735893455E-02,
    17.4437305662));
#4286 = CARTESIAN_POINT('',(25.965476158744,-5.940211682738E-04,
    21.117792509309));
#4287 = CARTESIAN_POINT('',(25.965476158744,-5.940211682738E-04,
    17.4437305662));
#4288 = CARTESIAN_POINT('',(25.942546551203,0.770969803976,
    21.117792509309));
#4289 = CARTESIAN_POINT('',(25.942546551203,0.770969803976,17.4437305662
    ));
#4290 = DEFINITIONAL_REPRESENTATION('',(#4291),#4295);
#4291 = B_SPLINE_CURVE_WITH_KNOTS('',2,(#4292,#4293,#4294),
  .UNSPECIFIED.,.F.,.F.,(3,3),(0.,3.674061943109E-03),
  .PIECEWISE_BEZIER_KNOTS.);
#4292 = CARTESIAN_POINT('',(6.312894917766,0.));
#4293 = CARTESIAN_POINT('',(6.312894917766,-1.837030971554E-03));
#4294 = CARTESIAN_POINT('',(6.312894917766,-3.674061943109E-03));
#4295 = ( GEOMETRIC_REPRESENTATION_CONTEXT(2) 
PARAMETRIC_REPRESENTATION_CONTEXT() REPRESENTATION_CONTEXT('2D SPACE',''
  ) );
#4296 = ORIENTED_EDGE('',*,*,#4297,.F.);
#4297 = EDGE_CURVE('',#4168,#4269,#4298,.T.);
#4298 = SURFACE_CURVE('',#4299,(#4303,#4310),.PCURVE_S1.);
#4299 = ( BOUNDED_CURVE() B_SPLINE_CURVE(2,(#4300,#4301,#4302),
.UNSPECIFIED.,.F.,.F.) B_SPLINE_CURVE_WITH_KNOTS((3,3),(5.737146328241,
6.253475696594),.PIECEWISE_BEZIER_KNOTS.) CURVE() 
GEOMETRIC_REPRESENTATION_ITEM() RATIONAL_B_SPLINE_CURVE((1.,
0.966860174289,1.)) REPRESENTATION_ITEM('') );
#4300 = CARTESIAN_POINT('',(22.179982242844,13.478074925862,
    17.4437305662));
#4301 = CARTESIAN_POINT('',(25.738966344792,7.621288654974,17.4437305662
    ));
#4302 = CARTESIAN_POINT('',(25.942546551203,0.770969803976,17.4437305662
    ));
#4303 = PCURVE('',#4184,#4304);
#4304 = DEFINITIONAL_REPRESENTATION('',(#4305),#4309);
#4305 = B_SPLINE_CURVE_WITH_KNOTS('',2,(#4306,#4307,#4308),
  .UNSPECIFIED.,.F.,.F.,(3,3),(5.737146328241,6.253475696594),
  .PIECEWISE_BEZIER_KNOTS.);
#4306 = CARTESIAN_POINT('',(5.737146328241,0.));
#4307 = CARTESIAN_POINT('',(5.995311012417,0.));
#4308 = CARTESIAN_POINT('',(6.253475696594,0.));
#4309 = ( GEOMETRIC_REPRESENTATION_CONTEXT(2) 
PARAMETRIC_REPRESENTATION_CONTEXT() REPRESENTATION_CONTEXT('2D SPACE',''
  ) );
#4310 = PCURVE('',#4153,#4311);
#4311 = DEFINITIONAL_REPRESENTATION('',(#4312),#4316);
#4312 = ( BOUNDED_CURVE() B_SPLINE_CURVE(2,(#4313,#4314,#4315),
.UNSPECIFIED.,.F.,.F.) B_SPLINE_CURVE_WITH_KNOTS((3,3),(5.737146328241,
6.253475696594),.PIECEWISE_BEZIER_KNOTS.) CURVE() 
GEOMETRIC_REPRESENTATION_ITEM() RATIONAL_B_SPLINE_CURVE((1.,
0.966860174289,1.)) REPRESENTATION_ITEM('') );
#4313 = CARTESIAN_POINT('',(-3.349415787334E-03,7.902358303382E-03));
#4314 = CARTESIAN_POINT('',(-6.908399889283E-03,2.045572032494E-03));
#4315 = CARTESIAN_POINT('',(-7.111980095694E-03,-4.804746818504E-03));
#4316 = ( GEOMETRIC_REPRESENTATION_CONTEXT(2) 
PARAMETRIC_REPRESENTATION_CONTEXT() REPRESENTATION_CONTEXT('2D SPACE',''
  ) );
#4317 = ADVANCED_FACE('',(#4318),#4283,.F.);
#4318 = FACE_BOUND('',#4319,.F.);
#4319 = EDGE_LOOP('',(#4320,#4348,#4369,#4370));
#4320 = ORIENTED_EDGE('',*,*,#4321,.T.);
#4321 = EDGE_CURVE('',#4322,#4324,#4326,.T.);
#4322 = VERTEX_POINT('',#4323);
#4323 = CARTESIAN_POINT('',(25.194603677046,3.930735893454E-02,
    17.4437305662));
#4324 = VERTEX_POINT('',#4325);
#4325 = CARTESIAN_POINT('',(25.194603677046,3.930735893454E-02,
    21.117792509309));
#4326 = SURFACE_CURVE('',#4327,(#4330,#4337),.PCURVE_S1.);
#4327 = B_SPLINE_CURVE_WITH_KNOTS('',1,(#4328,#4329),.UNSPECIFIED.,.F.,
  .F.,(2,2),(0.,3.674061943109E-03),.PIECEWISE_BEZIER_KNOTS.);
#4328 = CARTESIAN_POINT('',(25.194603677046,3.930735893455E-02,
    17.4437305662));
#4329 = CARTESIAN_POINT('',(25.194603677046,3.930735893455E-02,
    21.117792509309));
#4330 = PCURVE('',#4283,#4331);
#4331 = DEFINITIONAL_REPRESENTATION('',(#4332),#4336);
#4332 = B_SPLINE_CURVE_WITH_KNOTS('',2,(#4333,#4334,#4335),
  .UNSPECIFIED.,.F.,.F.,(3,3),(0.,3.674061943109E-03),
  .PIECEWISE_BEZIER_KNOTS.);
#4333 = CARTESIAN_POINT('',(4.660673809365,0.));
#4334 = CARTESIAN_POINT('',(4.660673809365,-1.837030971554E-03));
#4335 = CARTESIAN_POINT('',(4.660673809365,-3.674061943109E-03));
#4336 = ( GEOMETRIC_REPRESENTATION_CONTEXT(2) 
PARAMETRIC_REPRESENTATION_CONTEXT() REPRESENTATION_CONTEXT('2D SPACE',''
  ) );
#4337 = PCURVE('',#4338,#4343);
#4338 = B_SPLINE_SURFACE_WITH_KNOTS('',1,1,(
    (#4339,#4340)
    ,(#4341,#4342
    )),.UNSPECIFIED.,.F.,.F.,.F.,(2,2),(2,2),(0.,1.315996021184E-02),(
    -3.674061943109E-03,0.),.PIECEWISE_BEZIER_KNOTS.);
#4339 = CARTESIAN_POINT('',(25.194603677046,3.930735893455E-02,
    21.117792509309));
#4340 = CARTESIAN_POINT('',(25.194603677046,3.930735893455E-02,
    17.4437305662));
#4341 = CARTESIAN_POINT('',(12.052237429936,0.719573633223,
    21.117792509309));
#4342 = CARTESIAN_POINT('',(12.052237429936,0.719573633223,17.4437305662
    ));
#4343 = DEFINITIONAL_REPRESENTATION('',(#4344),#4347);
#4344 = B_SPLINE_CURVE_WITH_KNOTS('',1,(#4345,#4346),.UNSPECIFIED.,.F.,
  .F.,(2,2),(0.,3.674061943109E-03),.PIECEWISE_BEZIER_KNOTS.);
#4345 = CARTESIAN_POINT('',(0.,0.));
#4346 = CARTESIAN_POINT('',(0.,-3.674061943109E-03));
#4347 = ( GEOMETRIC_REPRESENTATION_CONTEXT(2) 
PARAMETRIC_REPRESENTATION_CONTEXT() REPRESENTATION_CONTEXT('2D SPACE',''
  ) );
#4348 = ORIENTED_EDGE('',*,*,#4349,.T.);
#4349 = EDGE_CURVE('',#4324,#4246,#4350,.T.);
#4350 = SURFACE_CURVE('',#4351,(#4355,#4362),.PCURVE_S1.);
#4351 = ( BOUNDED_CURVE() B_SPLINE_CURVE(2,(#4352,#4353,#4354),
.UNSPECIFIED.,.F.,.F.) B_SPLINE_CURVE_WITH_KNOTS((3,3),(4.660673809365,
6.312894917766),.PIECEWISE_BEZIER_KNOTS.) CURVE() 
GEOMETRIC_REPRESENTATION_ITEM() RATIONAL_B_SPLINE_CURVE((1.,
0.677740792224,1.)) REPRESENTATION_ITEM('') );
#4352 = CARTESIAN_POINT('',(25.194603677046,3.930735893455E-02,
    21.117792509309));
#4353 = CARTESIAN_POINT('',(25.965476158744,-5.940211682738E-04,
    21.117792509309));
#4354 = CARTESIAN_POINT('',(25.942546551203,0.770969803976,
    21.117792509309));
#4355 = PCURVE('',#4283,#4356);
#4356 = DEFINITIONAL_REPRESENTATION('',(#4357),#4361);
#4357 = B_SPLINE_CURVE_WITH_KNOTS('',2,(#4358,#4359,#4360),
  .UNSPECIFIED.,.F.,.F.,(3,3),(4.660673809365,6.312894917766),
  .PIECEWISE_BEZIER_KNOTS.);
#4358 = CARTESIAN_POINT('',(4.660673809365,-3.674061943109E-03));
#4359 = CARTESIAN_POINT('',(5.486784363566,-3.674061943109E-03));
#4360 = CARTESIAN_POINT('',(6.312894917766,-3.674061943109E-03));
#4361 = ( GEOMETRIC_REPRESENTATION_CONTEXT(2) 
PARAMETRIC_REPRESENTATION_CONTEXT() REPRESENTATION_CONTEXT('2D SPACE',''
  ) );
#4362 = PCURVE('',#4102,#4363);
#4363 = DEFINITIONAL_REPRESENTATION('',(#4364),#4368);
#4364 = ( BOUNDED_CURVE() B_SPLINE_CURVE(2,(#4365,#4366,#4367),
.UNSPECIFIED.,.F.,.F.) B_SPLINE_CURVE_WITH_KNOTS((3,3),(4.660673809365,
6.312894917766),.PIECEWISE_BEZIER_KNOTS.) CURVE() 
GEOMETRIC_REPRESENTATION_ITEM() RATIONAL_B_SPLINE_CURVE((1.,
0.677740792224,1.)) REPRESENTATION_ITEM('') );
#4365 = CARTESIAN_POINT('',(-6.364037221537E-03,-5.536409263545E-03));
#4366 = CARTESIAN_POINT('',(-7.134909703235E-03,-5.576310643648E-03));
#4367 = CARTESIAN_POINT('',(-7.111980095694E-03,-4.804746818504E-03));
#4368 = ( GEOMETRIC_REPRESENTATION_CONTEXT(2) 
PARAMETRIC_REPRESENTATION_CONTEXT() REPRESENTATION_CONTEXT('2D SPACE',''
  ) );
#4369 = ORIENTED_EDGE('',*,*,#4268,.F.);
#4370 = ORIENTED_EDGE('',*,*,#4371,.F.);
#4371 = EDGE_CURVE('',#4322,#4269,#4372,.T.);
#4372 = SURFACE_CURVE('',#4373,(#4377,#4384),.PCURVE_S1.);
#4373 = ( BOUNDED_CURVE() B_SPLINE_CURVE(2,(#4374,#4375,#4376),
.UNSPECIFIED.,.F.,.F.) B_SPLINE_CURVE_WITH_KNOTS((3,3),(4.660673809365,
6.312894917766),.PIECEWISE_BEZIER_KNOTS.) CURVE() 
GEOMETRIC_REPRESENTATION_ITEM() RATIONAL_B_SPLINE_CURVE((1.,
0.677740792224,1.)) REPRESENTATION_ITEM('') );
#4374 = CARTESIAN_POINT('',(25.194603677046,3.930735893455E-02,
    17.4437305662));
#4375 = CARTESIAN_POINT('',(25.965476158744,-5.940211682738E-04,
    17.4437305662));
#4376 = CARTESIAN_POINT('',(25.942546551203,0.770969803976,17.4437305662
    ));
#4377 = PCURVE('',#4283,#4378);
#4378 = DEFINITIONAL_REPRESENTATION('',(#4379),#4383);
#4379 = B_SPLINE_CURVE_WITH_KNOTS('',2,(#4380,#4381,#4382),
  .UNSPECIFIED.,.F.,.F.,(3,3),(4.660673809365,6.312894917766),
  .PIECEWISE_BEZIER_KNOTS.);
#4380 = CARTESIAN_POINT('',(4.660673809365,0.));
#4381 = CARTESIAN_POINT('',(5.486784363566,0.));
#4382 = CARTESIAN_POINT('',(6.312894917766,0.));
#4383 = ( GEOMETRIC_REPRESENTATION_CONTEXT(2) 
PARAMETRIC_REPRESENTATION_CONTEXT() REPRESENTATION_CONTEXT('2D SPACE',''
  ) );
#4384 = PCURVE('',#4153,#4385);
#4385 = DEFINITIONAL_REPRESENTATION('',(#4386),#4390);
#4386 = ( BOUNDED_CURVE() B_SPLINE_CURVE(2,(#4387,#4388,#4389),
.UNSPECIFIED.,.F.,.F.) B_SPLINE_CURVE_WITH_KNOTS((3,3),(4.660673809365,
6.312894917766),.PIECEWISE_BEZIER_KNOTS.) CURVE() 
GEOMETRIC_REPRESENTATION_ITEM() RATIONAL_B_SPLINE_CURVE((1.,
0.677740792224,1.)) REPRESENTATION_ITEM('') );
#4387 = CARTESIAN_POINT('',(-6.364037221537E-03,-5.536409263545E-03));
#4388 = CARTESIAN_POINT('',(-7.134909703235E-03,-5.576310643648E-03));
#4389 = CARTESIAN_POINT('',(-7.111980095694E-03,-4.804746818504E-03));
#4390 = ( GEOMETRIC_REPRESENTATION_CONTEXT(2) 
PARAMETRIC_REPRESENTATION_CONTEXT() REPRESENTATION_CONTEXT('2D SPACE',''
  ) );
#4391 = ADVANCED_FACE('',(#4392),#4338,.T.);
#4392 = FACE_BOUND('',#4393,.T.);
#4393 = EDGE_LOOP('',(#4394,#4395,#4415,#4443));
#4394 = ORIENTED_EDGE('',*,*,#4321,.T.);
#4395 = ORIENTED_EDGE('',*,*,#4396,.T.);
#4396 = EDGE_CURVE('',#4324,#4397,#4399,.T.);
#4397 = VERTEX_POINT('',#4398);
#4398 = CARTESIAN_POINT('',(12.052237429936,0.719573633223,
    21.117792509309));
#4399 = SURFACE_CURVE('',#4400,(#4403,#4409),.PCURVE_S1.);
#4400 = B_SPLINE_CURVE_WITH_KNOTS('',1,(#4401,#4402),.UNSPECIFIED.,.F.,
  .F.,(2,2),(7.604129429344E-04,1.392037315477E-02),
  .PIECEWISE_BEZIER_KNOTS.);
#4401 = CARTESIAN_POINT('',(25.194603677046,3.930735893455E-02,
    21.117792509309));
#4402 = CARTESIAN_POINT('',(12.052237429936,0.719573633223,
    21.117792509309));
#4403 = PCURVE('',#4338,#4404);
#4404 = DEFINITIONAL_REPRESENTATION('',(#4405),#4408);
#4405 = B_SPLINE_CURVE_WITH_KNOTS('',1,(#4406,#4407),.UNSPECIFIED.,.F.,
  .F.,(2,2),(7.604129429344E-04,1.392037315477E-02),
  .PIECEWISE_BEZIER_KNOTS.);
#4406 = CARTESIAN_POINT('',(0.,-3.674061943109E-03));
#4407 = CARTESIAN_POINT('',(1.315996021184E-02,-3.674061943109E-03));
#4408 = ( GEOMETRIC_REPRESENTATION_CONTEXT(2) 
PARAMETRIC_REPRESENTATION_CONTEXT() REPRESENTATION_CONTEXT('2D SPACE',''
  ) );
#4409 = PCURVE('',#4102,#4410);
#4410 = DEFINITIONAL_REPRESENTATION('',(#4411),#4414);
#4411 = B_SPLINE_CURVE_WITH_KNOTS('',1,(#4412,#4413),.UNSPECIFIED.,.F.,
  .F.,(2,2),(7.604129429344E-04,1.392037315477E-02),
  .PIECEWISE_BEZIER_KNOTS.);
#4412 = CARTESIAN_POINT('',(-6.364037221537E-03,-5.536409263545E-03));
#4413 = CARTESIAN_POINT('',(6.778329025574E-03,-4.856142989256E-03));
#4414 = ( GEOMETRIC_REPRESENTATION_CONTEXT(2) 
PARAMETRIC_REPRESENTATION_CONTEXT() REPRESENTATION_CONTEXT('2D SPACE',''
  ) );
#4415 = ORIENTED_EDGE('',*,*,#4416,.F.);
#4416 = EDGE_CURVE('',#4417,#4397,#4419,.T.);
#4417 = VERTEX_POINT('',#4418);
#4418 = CARTESIAN_POINT('',(12.052237429936,0.719573633223,17.4437305662
    ));
#4419 = SURFACE_CURVE('',#4420,(#4423,#4429),.PCURVE_S1.);
#4420 = B_SPLINE_CURVE_WITH_KNOTS('',1,(#4421,#4422),.UNSPECIFIED.,.F.,
  .F.,(2,2),(0.,3.674061943109E-03),.PIECEWISE_BEZIER_KNOTS.);
#4421 = CARTESIAN_POINT('',(12.052237429936,0.719573633223,17.4437305662
    ));
#4422 = CARTESIAN_POINT('',(12.052237429936,0.719573633223,
    21.117792509309));
#4423 = PCURVE('',#4338,#4424);
#4424 = DEFINITIONAL_REPRESENTATION('',(#4425),#4428);
#4425 = B_SPLINE_CURVE_WITH_KNOTS('',1,(#4426,#4427),.UNSPECIFIED.,.F.,
  .F.,(2,2),(0.,3.674061943109E-03),.PIECEWISE_BEZIER_KNOTS.);
#4426 = CARTESIAN_POINT('',(1.315996021184E-02,0.));
#4427 = CARTESIAN_POINT('',(1.315996021184E-02,-3.674061943109E-03));
#4428 = ( GEOMETRIC_REPRESENTATION_CONTEXT(2) 
PARAMETRIC_REPRESENTATION_CONTEXT() REPRESENTATION_CONTEXT('2D SPACE',''
  ) );
#4429 = PCURVE('',#4430,#4437);
#4430 = ( BOUNDED_SURFACE() B_SPLINE_SURFACE(2,1,(
    (#4431,#4432)
    ,(#4433,#4434)
    ,(#4435,#4436
)),.UNSPECIFIED.,.F.,.F.,.F.) B_SPLINE_SURFACE_WITH_KNOTS((3,3),(2,2),(
    4.764104151404,6.173604429653),(-3.674061943109E-03,0.),
.PIECEWISE_BEZIER_KNOTS.) GEOMETRIC_REPRESENTATION_ITEM() 
RATIONAL_B_SPLINE_SURFACE((
    (1.,1.)
    ,(0.761773446286,0.761773446286)
,(1.,1.))) REPRESENTATION_ITEM('') SURFACE() );
#4431 = CARTESIAN_POINT('',(12.052237429936,0.719573633223,
    21.117792509309));
#4432 = CARTESIAN_POINT('',(12.052237429936,0.719573633223,17.4437305662
    ));
#4433 = CARTESIAN_POINT('',(11.533548030913,0.746421683137,
    21.117792509309));
#4434 = CARTESIAN_POINT('',(11.533548030913,0.746421683137,17.4437305662
    ));
#4435 = CARTESIAN_POINT('',(11.476747336861,1.262690209776,
    21.117792509309));
#4436 = CARTESIAN_POINT('',(11.476747336861,1.262690209776,17.4437305662
    ));
#4437 = DEFINITIONAL_REPRESENTATION('',(#4438),#4442);
#4438 = B_SPLINE_CURVE_WITH_KNOTS('',2,(#4439,#4440,#4441),
  .UNSPECIFIED.,.F.,.F.,(3,3),(0.,3.674061943109E-03),
  .PIECEWISE_BEZIER_KNOTS.);
#4439 = CARTESIAN_POINT('',(4.764104151404,0.));
#4440 = CARTESIAN_POINT('',(4.764104151404,-1.837030971554E-03));
#4441 = CARTESIAN_POINT('',(4.764104151404,-3.674061943109E-03));
#4442 = ( GEOMETRIC_REPRESENTATION_CONTEXT(2) 
PARAMETRIC_REPRESENTATION_CONTEXT() REPRESENTATION_CONTEXT('2D SPACE',''
  ) );
#4443 = ORIENTED_EDGE('',*,*,#4444,.F.);
#4444 = EDGE_CURVE('',#4322,#4417,#4445,.T.);
#4445 = SURFACE_CURVE('',#4446,(#4449,#4455),.PCURVE_S1.);
#4446 = B_SPLINE_CURVE_WITH_KNOTS('',1,(#4447,#4448),.UNSPECIFIED.,.F.,
  .F.,(2,2),(7.604129429344E-04,1.392037315477E-02),
  .PIECEWISE_BEZIER_KNOTS.);
#4447 = CARTESIAN_POINT('',(25.194603677046,3.930735893455E-02,
    17.4437305662));
#4448 = CARTESIAN_POINT('',(12.052237429936,0.719573633223,17.4437305662
    ));
#4449 = PCURVE('',#4338,#4450);
#4450 = DEFINITIONAL_REPRESENTATION('',(#4451),#4454);
#4451 = B_SPLINE_CURVE_WITH_KNOTS('',1,(#4452,#4453),.UNSPECIFIED.,.F.,
  .F.,(2,2),(7.604129429344E-04,1.392037315477E-02),
  .PIECEWISE_BEZIER_KNOTS.);
#4452 = CARTESIAN_POINT('',(0.,0.));
#4453 = CARTESIAN_POINT('',(1.315996021184E-02,0.));
#4454 = ( GEOMETRIC_REPRESENTATION_CONTEXT(2) 
PARAMETRIC_REPRESENTATION_CONTEXT() REPRESENTATION_CONTEXT('2D SPACE',''
  ) );
#4455 = PCURVE('',#4153,#4456);
#4456 = DEFINITIONAL_REPRESENTATION('',(#4457),#4460);
#4457 = B_SPLINE_CURVE_WITH_KNOTS('',1,(#4458,#4459),.UNSPECIFIED.,.F.,
  .F.,(2,2),(7.604129429344E-04,1.392037315477E-02),
  .PIECEWISE_BEZIER_KNOTS.);
#4458 = CARTESIAN_POINT('',(-6.364037221537E-03,-5.536409263545E-03));
#4459 = CARTESIAN_POINT('',(6.778329025574E-03,-4.856142989256E-03));
#4460 = ( GEOMETRIC_REPRESENTATION_CONTEXT(2) 
PARAMETRIC_REPRESENTATION_CONTEXT() REPRESENTATION_CONTEXT('2D SPACE',''
  ) );
#4461 = ADVANCED_FACE('',(#4462),#4430,.T.);
#4462 = FACE_BOUND('',#4463,.T.);
#4463 = EDGE_LOOP('',(#4464,#4465,#4488,#4517));
#4464 = ORIENTED_EDGE('',*,*,#4416,.T.);
#4465 = ORIENTED_EDGE('',*,*,#4466,.T.);
#4466 = EDGE_CURVE('',#4397,#4467,#4469,.T.);
#4467 = VERTEX_POINT('',#4468);
#4468 = CARTESIAN_POINT('',(11.476747336861,1.262690209775,
    21.117792509309));
#4469 = SURFACE_CURVE('',#4470,(#4474,#4481),.PCURVE_S1.);
#4470 = ( BOUNDED_CURVE() B_SPLINE_CURVE(2,(#4471,#4472,#4473),
.UNSPECIFIED.,.F.,.F.) B_SPLINE_CURVE_WITH_KNOTS((3,3),(4.764104151404,
6.173604429653),.PIECEWISE_BEZIER_KNOTS.) CURVE() 
GEOMETRIC_REPRESENTATION_ITEM() RATIONAL_B_SPLINE_CURVE((1.,
0.761773446286,1.)) REPRESENTATION_ITEM('') );
#4471 = CARTESIAN_POINT('',(12.052237429936,0.719573633223,
    21.117792509309));
#4472 = CARTESIAN_POINT('',(11.533548030913,0.746421683137,
    21.117792509309));
#4473 = CARTESIAN_POINT('',(11.476747336861,1.262690209776,
    21.117792509309));
#4474 = PCURVE('',#4430,#4475);
#4475 = DEFINITIONAL_REPRESENTATION('',(#4476),#4480);
#4476 = B_SPLINE_CURVE_WITH_KNOTS('',2,(#4477,#4478,#4479),
  .UNSPECIFIED.,.F.,.F.,(3,3),(4.764104151404,6.173604429653),
  .PIECEWISE_BEZIER_KNOTS.);
#4477 = CARTESIAN_POINT('',(4.764104151404,-3.674061943109E-03));
#4478 = CARTESIAN_POINT('',(5.468854290529,-3.674061943109E-03));
#4479 = CARTESIAN_POINT('',(6.173604429653,-3.674061943109E-03));
#4480 = ( GEOMETRIC_REPRESENTATION_CONTEXT(2) 
PARAMETRIC_REPRESENTATION_CONTEXT() REPRESENTATION_CONTEXT('2D SPACE',''
  ) );
#4481 = PCURVE('',#4102,#4482);
#4482 = DEFINITIONAL_REPRESENTATION('',(#4483),#4487);
#4483 = ( BOUNDED_CURVE() B_SPLINE_CURVE(2,(#4484,#4485,#4486),
.UNSPECIFIED.,.F.,.F.) B_SPLINE_CURVE_WITH_KNOTS((3,3),(4.764104151404,
6.173604429653),.PIECEWISE_BEZIER_KNOTS.) CURVE() 
GEOMETRIC_REPRESENTATION_ITEM() RATIONAL_B_SPLINE_CURVE((1.,
0.761773446286,1.)) REPRESENTATION_ITEM('') );
#4484 = CARTESIAN_POINT('',(6.778329025574E-03,-4.856142989256E-03));
#4485 = CARTESIAN_POINT('',(7.297018424596E-03,-4.829294939343E-03));
#4486 = CARTESIAN_POINT('',(7.353819118649E-03,-4.313026412704E-03));
#4487 = ( GEOMETRIC_REPRESENTATION_CONTEXT(2) 
PARAMETRIC_REPRESENTATION_CONTEXT() REPRESENTATION_CONTEXT('2D SPACE',''
  ) );
#4488 = ORIENTED_EDGE('',*,*,#4489,.F.);
#4489 = EDGE_CURVE('',#4490,#4467,#4492,.T.);
#4490 = VERTEX_POINT('',#4491);
#4491 = CARTESIAN_POINT('',(11.476747336861,1.262690209775,17.4437305662
    ));
#4492 = SURFACE_CURVE('',#4493,(#4496,#4503),.PCURVE_S1.);
#4493 = B_SPLINE_CURVE_WITH_KNOTS('',1,(#4494,#4495),.UNSPECIFIED.,.F.,
  .F.,(2,2),(0.,3.674061943109E-03),.PIECEWISE_BEZIER_KNOTS.);
#4494 = CARTESIAN_POINT('',(11.476747336861,1.262690209776,17.4437305662
    ));
#4495 = CARTESIAN_POINT('',(11.476747336861,1.262690209776,
    21.117792509309));
#4496 = PCURVE('',#4430,#4497);
#4497 = DEFINITIONAL_REPRESENTATION('',(#4498),#4502);
#4498 = B_SPLINE_CURVE_WITH_KNOTS('',2,(#4499,#4500,#4501),
  .UNSPECIFIED.,.F.,.F.,(3,3),(0.,3.674061943109E-03),
  .PIECEWISE_BEZIER_KNOTS.);
#4499 = CARTESIAN_POINT('',(6.173604429653,0.));
#4500 = CARTESIAN_POINT('',(6.173604429653,-1.837030971554E-03));
#4501 = CARTESIAN_POINT('',(6.173604429653,-3.674061943109E-03));
#4502 = ( GEOMETRIC_REPRESENTATION_CONTEXT(2) 
PARAMETRIC_REPRESENTATION_CONTEXT() REPRESENTATION_CONTEXT('2D SPACE',''
  ) );
#4503 = PCURVE('',#4504,#4511);
#4504 = ( BOUNDED_SURFACE() B_SPLINE_SURFACE(2,1,(
    (#4505,#4506)
    ,(#4507,#4508)
    ,(#4509,#4510
)),.UNSPECIFIED.,.F.,.F.,.F.) B_SPLINE_SURFACE_WITH_KNOTS((3,3),(2,2),(
    3.251173531116,3.607760365589),(-3.674061943109E-03,0.),
.PIECEWISE_BEZIER_KNOTS.) GEOMETRIC_REPRESENTATION_ITEM() 
RATIONAL_B_SPLINE_SURFACE((
    (1.,1.)
    ,(0.984147788739,0.984147788739)
,(1.,1.))) REPRESENTATION_ITEM('') SURFACE() );
#4505 = CARTESIAN_POINT('',(11.476747336861,1.262690209775,
    21.117792509309));
#4506 = CARTESIAN_POINT('',(11.476747336861,1.262690209775,17.4437305662
    ));
#4507 = CARTESIAN_POINT('',(11.24920174496,3.330880210492,
    21.117792509309));
#4508 = CARTESIAN_POINT('',(11.24920174496,3.330880210492,17.4437305662)
  );
#4509 = CARTESIAN_POINT('',(10.314010945096,5.18953699519,
    21.117792509309));
#4510 = CARTESIAN_POINT('',(10.314010945096,5.18953699519,17.4437305662)
  );
#4511 = DEFINITIONAL_REPRESENTATION('',(#4512),#4516);
#4512 = B_SPLINE_CURVE_WITH_KNOTS('',2,(#4513,#4514,#4515),
  .UNSPECIFIED.,.F.,.F.,(3,3),(0.,3.674061943109E-03),
  .PIECEWISE_BEZIER_KNOTS.);
#4513 = CARTESIAN_POINT('',(3.251173531116,0.));
#4514 = CARTESIAN_POINT('',(3.251173531116,-1.837030971554E-03));
#4515 = CARTESIAN_POINT('',(3.251173531116,-3.674061943109E-03));
#4516 = ( GEOMETRIC_REPRESENTATION_CONTEXT(2) 
PARAMETRIC_REPRESENTATION_CONTEXT() REPRESENTATION_CONTEXT('2D SPACE',''
  ) );
#4517 = ORIENTED_EDGE('',*,*,#4518,.F.);
#4518 = EDGE_CURVE('',#4417,#4490,#4519,.T.);
#4519 = SURFACE_CURVE('',#4520,(#4524,#4531),.PCURVE_S1.);
#4520 = ( BOUNDED_CURVE() B_SPLINE_CURVE(2,(#4521,#4522,#4523),
.UNSPECIFIED.,.F.,.F.) B_SPLINE_CURVE_WITH_KNOTS((3,3),(4.764104151404,
6.173604429653),.PIECEWISE_BEZIER_KNOTS.) CURVE() 
GEOMETRIC_REPRESENTATION_ITEM() RATIONAL_B_SPLINE_CURVE((1.,
0.761773446286,1.)) REPRESENTATION_ITEM('') );
#4521 = CARTESIAN_POINT('',(12.052237429936,0.719573633223,17.4437305662
    ));
#4522 = CARTESIAN_POINT('',(11.533548030913,0.746421683137,17.4437305662
    ));
#4523 = CARTESIAN_POINT('',(11.476747336861,1.262690209776,17.4437305662
    ));
#4524 = PCURVE('',#4430,#4525);
#4525 = DEFINITIONAL_REPRESENTATION('',(#4526),#4530);
#4526 = B_SPLINE_CURVE_WITH_KNOTS('',2,(#4527,#4528,#4529),
  .UNSPECIFIED.,.F.,.F.,(3,3),(4.764104151404,6.173604429653),
  .PIECEWISE_BEZIER_KNOTS.);
#4527 = CARTESIAN_POINT('',(4.764104151404,0.));
#4528 = CARTESIAN_POINT('',(5.468854290529,0.));
#4529 = CARTESIAN_POINT('',(6.173604429653,0.));
#4530 = ( GEOMETRIC_REPRESENTATION_CONTEXT(2) 
PARAMETRIC_REPRESENTATION_CONTEXT() REPRESENTATION_CONTEXT('2D SPACE',''
  ) );
#4531 = PCURVE('',#4153,#4532);
#4532 = DEFINITIONAL_REPRESENTATION('',(#4533),#4537);
#4533 = ( BOUNDED_CURVE() B_SPLINE_CURVE(2,(#4534,#4535,#4536),
.UNSPECIFIED.,.F.,.F.) B_SPLINE_CURVE_WITH_KNOTS((3,3),(4.764104151404,
6.173604429653),.PIECEWISE_BEZIER_KNOTS.) CURVE() 
GEOMETRIC_REPRESENTATION_ITEM() RATIONAL_B_SPLINE_CURVE((1.,
0.761773446286,1.)) REPRESENTATION_ITEM('') );
#4534 = CARTESIAN_POINT('',(6.778329025574E-03,-4.856142989256E-03));
#4535 = CARTESIAN_POINT('',(7.297018424596E-03,-4.829294939343E-03));
#4536 = CARTESIAN_POINT('',(7.353819118649E-03,-4.313026412704E-03));
#4537 = ( GEOMETRIC_REPRESENTATION_CONTEXT(2) 
PARAMETRIC_REPRESENTATION_CONTEXT() REPRESENTATION_CONTEXT('2D SPACE',''
  ) );
#4538 = ADVANCED_FACE('',(#4539),#4504,.T.);
#4539 = FACE_BOUND('',#4540,.T.);
#4540 = EDGE_LOOP('',(#4541,#4542,#4565,#4587));
#4541 = ORIENTED_EDGE('',*,*,#4489,.T.);
#4542 = ORIENTED_EDGE('',*,*,#4543,.T.);
#4543 = EDGE_CURVE('',#4467,#4544,#4546,.T.);
#4544 = VERTEX_POINT('',#4545);
#4545 = CARTESIAN_POINT('',(10.314010945096,5.18953699519,
    21.117792509309));
#4546 = SURFACE_CURVE('',#4547,(#4551,#4558),.PCURVE_S1.);
#4547 = ( BOUNDED_CURVE() B_SPLINE_CURVE(2,(#4548,#4549,#4550),
.UNSPECIFIED.,.F.,.F.) B_SPLINE_CURVE_WITH_KNOTS((3,3),(3.251173531116,
3.607760365589),.PIECEWISE_BEZIER_KNOTS.) CURVE() 
GEOMETRIC_REPRESENTATION_ITEM() RATIONAL_B_SPLINE_CURVE((1.,
0.984147788739,1.)) REPRESENTATION_ITEM('') );
#4548 = CARTESIAN_POINT('',(11.476747336861,1.262690209775,
    21.117792509309));
#4549 = CARTESIAN_POINT('',(11.24920174496,3.330880210492,
    21.117792509309));
#4550 = CARTESIAN_POINT('',(10.314010945096,5.18953699519,
    21.117792509309));
#4551 = PCURVE('',#4504,#4552);
#4552 = DEFINITIONAL_REPRESENTATION('',(#4553),#4557);
#4553 = B_SPLINE_CURVE_WITH_KNOTS('',2,(#4554,#4555,#4556),
  .UNSPECIFIED.,.F.,.F.,(3,3),(3.251173531116,3.607760365589),
  .PIECEWISE_BEZIER_KNOTS.);
#4554 = CARTESIAN_POINT('',(3.251173531116,-3.674061943109E-03));
#4555 = CARTESIAN_POINT('',(3.429466948352,-3.674061943109E-03));
#4556 = CARTESIAN_POINT('',(3.607760365589,-3.674061943109E-03));
#4557 = ( GEOMETRIC_REPRESENTATION_CONTEXT(2) 
PARAMETRIC_REPRESENTATION_CONTEXT() REPRESENTATION_CONTEXT('2D SPACE',''
  ) );
#4558 = PCURVE('',#4102,#4559);
#4559 = DEFINITIONAL_REPRESENTATION('',(#4560),#4564);
#4560 = ( BOUNDED_CURVE() B_SPLINE_CURVE(2,(#4561,#4562,#4563),
.UNSPECIFIED.,.F.,.F.) B_SPLINE_CURVE_WITH_KNOTS((3,3),(3.251173531116,
3.607760365589),.PIECEWISE_BEZIER_KNOTS.) CURVE() 
GEOMETRIC_REPRESENTATION_ITEM() RATIONAL_B_SPLINE_CURVE((1.,
0.984147788739,1.)) REPRESENTATION_ITEM('') );
#4561 = CARTESIAN_POINT('',(7.353819118649E-03,-4.313026412704E-03));
#4562 = CARTESIAN_POINT('',(7.58136471055E-03,-2.244836411988E-03));
#4563 = CARTESIAN_POINT('',(8.516555510414E-03,-3.861796272901E-04));
#4564 = ( GEOMETRIC_REPRESENTATION_CONTEXT(2) 
PARAMETRIC_REPRESENTATION_CONTEXT() REPRESENTATION_CONTEXT('2D SPACE',''
  ) );
#4565 = ORIENTED_EDGE('',*,*,#4566,.F.);
#4566 = EDGE_CURVE('',#4567,#4544,#4569,.T.);
#4567 = VERTEX_POINT('',#4568);
#4568 = CARTESIAN_POINT('',(10.314010945096,5.18953699519,17.4437305662)
  );
#4569 = SURFACE_CURVE('',#4570,(#4573,#4580),.PCURVE_S1.);
#4570 = B_SPLINE_CURVE_WITH_KNOTS('',1,(#4571,#4572),.UNSPECIFIED.,.F.,
  .F.,(2,2),(0.,3.674061943109E-03),.PIECEWISE_BEZIER_KNOTS.);
#4571 = CARTESIAN_POINT('',(10.314010945096,5.18953699519,17.4437305662)
  );
#4572 = CARTESIAN_POINT('',(10.314010945096,5.18953699519,
    21.117792509309));
#4573 = PCURVE('',#4504,#4574);
#4574 = DEFINITIONAL_REPRESENTATION('',(#4575),#4579);
#4575 = B_SPLINE_CURVE_WITH_KNOTS('',2,(#4576,#4577,#4578),
  .UNSPECIFIED.,.F.,.F.,(3,3),(0.,3.674061943109E-03),
  .PIECEWISE_BEZIER_KNOTS.);
#4576 = CARTESIAN_POINT('',(3.607760365589,0.));
#4577 = CARTESIAN_POINT('',(3.607760365589,-1.837030971554E-03));
#4578 = CARTESIAN_POINT('',(3.607760365589,-3.674061943109E-03));
#4579 = ( GEOMETRIC_REPRESENTATION_CONTEXT(2) 
PARAMETRIC_REPRESENTATION_CONTEXT() REPRESENTATION_CONTEXT('2D SPACE',''
  ) );
#4580 = PCURVE('',#4074,#4581);
#4581 = DEFINITIONAL_REPRESENTATION('',(#4582),#4586);
#4582 = B_SPLINE_CURVE_WITH_KNOTS('',2,(#4583,#4584,#4585),
  .UNSPECIFIED.,.F.,.F.,(3,3),(0.,3.674061943109E-03),
  .PIECEWISE_BEZIER_KNOTS.);
#4583 = CARTESIAN_POINT('',(5.817017595181,0.));
#4584 = CARTESIAN_POINT('',(5.817017595181,-1.837030971554E-03));
#4585 = CARTESIAN_POINT('',(5.817017595181,-3.674061943109E-03));
#4586 = ( GEOMETRIC_REPRESENTATION_CONTEXT(2) 
PARAMETRIC_REPRESENTATION_CONTEXT() REPRESENTATION_CONTEXT('2D SPACE',''
  ) );
#4587 = ORIENTED_EDGE('',*,*,#4588,.F.);
#4588 = EDGE_CURVE('',#4490,#4567,#4589,.T.);
#4589 = SURFACE_CURVE('',#4590,(#4594,#4601),.PCURVE_S1.);
#4590 = ( BOUNDED_CURVE() B_SPLINE_CURVE(2,(#4591,#4592,#4593),
.UNSPECIFIED.,.F.,.F.) B_SPLINE_CURVE_WITH_KNOTS((3,3),(3.251173531116,
3.607760365589),.PIECEWISE_BEZIER_KNOTS.) CURVE() 
GEOMETRIC_REPRESENTATION_ITEM() RATIONAL_B_SPLINE_CURVE((1.,
0.984147788739,1.)) REPRESENTATION_ITEM('') );
#4591 = CARTESIAN_POINT('',(11.476747336861,1.262690209775,17.4437305662
    ));
#4592 = CARTESIAN_POINT('',(11.24920174496,3.330880210492,17.4437305662)
  );
#4593 = CARTESIAN_POINT('',(10.314010945096,5.18953699519,17.4437305662)
  );
#4594 = PCURVE('',#4504,#4595);
#4595 = DEFINITIONAL_REPRESENTATION('',(#4596),#4600);
#4596 = B_SPLINE_CURVE_WITH_KNOTS('',2,(#4597,#4598,#4599),
  .UNSPECIFIED.,.F.,.F.,(3,3),(3.251173531116,3.607760365589),
  .PIECEWISE_BEZIER_KNOTS.);
#4597 = CARTESIAN_POINT('',(3.251173531116,0.));
#4598 = CARTESIAN_POINT('',(3.429466948352,0.));
#4599 = CARTESIAN_POINT('',(3.607760365589,0.));
#4600 = ( GEOMETRIC_REPRESENTATION_CONTEXT(2) 
PARAMETRIC_REPRESENTATION_CONTEXT() REPRESENTATION_CONTEXT('2D SPACE',''
  ) );
#4601 = PCURVE('',#4153,#4602);
#4602 = DEFINITIONAL_REPRESENTATION('',(#4603),#4607);
#4603 = ( BOUNDED_CURVE() B_SPLINE_CURVE(2,(#4604,#4605,#4606),
.UNSPECIFIED.,.F.,.F.) B_SPLINE_CURVE_WITH_KNOTS((3,3),(3.251173531116,
3.607760365589),.PIECEWISE_BEZIER_KNOTS.) CURVE() 
GEOMETRIC_REPRESENTATION_ITEM() RATIONAL_B_SPLINE_CURVE((1.,
0.984147788739,1.)) REPRESENTATION_ITEM('') );
#4604 = CARTESIAN_POINT('',(7.353819118649E-03,-4.313026412704E-03));
#4605 = CARTESIAN_POINT('',(7.58136471055E-03,-2.244836411988E-03));
#4606 = CARTESIAN_POINT('',(8.516555510414E-03,-3.861796272901E-04));
#4607 = ( GEOMETRIC_REPRESENTATION_CONTEXT(2) 
PARAMETRIC_REPRESENTATION_CONTEXT() REPRESENTATION_CONTEXT('2D SPACE',''
  ) );
#4608 = ADVANCED_FACE('',(#4609),#4074,.T.);
#4609 = FACE_BOUND('',#4610,.T.);
#4610 = EDGE_LOOP('',(#4611,#4612,#4633,#4634));
#4611 = ORIENTED_EDGE('',*,*,#4566,.T.);
#4612 = ORIENTED_EDGE('',*,*,#4613,.T.);
#4613 = EDGE_CURVE('',#4544,#4056,#4614,.T.);
#4614 = SURFACE_CURVE('',#4615,(#4619,#4626),.PCURVE_S1.);
#4615 = ( BOUNDED_CURVE() B_SPLINE_CURVE(2,(#4616,#4617,#4618),
.UNSPECIFIED.,.F.,.F.) B_SPLINE_CURVE_WITH_KNOTS((3,3),(5.817017595181,
7.22651787343),.PIECEWISE_BEZIER_KNOTS.) CURVE() 
GEOMETRIC_REPRESENTATION_ITEM() RATIONAL_B_SPLINE_CURVE((1.,
0.761773446286,1.)) REPRESENTATION_ITEM('') );
#4616 = CARTESIAN_POINT('',(10.314010945096,5.18953699519,
    21.117792509309));
#4617 = CARTESIAN_POINT('',(10.080565480122,5.653501137474,
    21.117792509309));
#4618 = CARTESIAN_POINT('',(10.501016580308,5.958427985742,
    21.117792509309));
#4619 = PCURVE('',#4074,#4620);
#4620 = DEFINITIONAL_REPRESENTATION('',(#4621),#4625);
#4621 = B_SPLINE_CURVE_WITH_KNOTS('',2,(#4622,#4623,#4624),
  .UNSPECIFIED.,.F.,.F.,(3,3),(5.817017595181,7.22651787343),
  .PIECEWISE_BEZIER_KNOTS.);
#4622 = CARTESIAN_POINT('',(5.817017595181,-3.674061943109E-03));
#4623 = CARTESIAN_POINT('',(6.521767734306,-3.674061943109E-03));
#4624 = CARTESIAN_POINT('',(7.22651787343,-3.674061943109E-03));
#4625 = ( GEOMETRIC_REPRESENTATION_CONTEXT(2) 
PARAMETRIC_REPRESENTATION_CONTEXT() REPRESENTATION_CONTEXT('2D SPACE',''
  ) );
#4626 = PCURVE('',#4102,#4627);
#4627 = DEFINITIONAL_REPRESENTATION('',(#4628),#4632);
#4628 = ( BOUNDED_CURVE() B_SPLINE_CURVE(2,(#4629,#4630,#4631),
.UNSPECIFIED.,.F.,.F.) B_SPLINE_CURVE_WITH_KNOTS((3,3),(5.817017595181,
7.22651787343),.PIECEWISE_BEZIER_KNOTS.) CURVE() 
GEOMETRIC_REPRESENTATION_ITEM() RATIONAL_B_SPLINE_CURVE((1.,
0.761773446286,1.)) REPRESENTATION_ITEM('') );
#4629 = CARTESIAN_POINT('',(8.516555510414E-03,-3.861796272901E-04));
#4630 = CARTESIAN_POINT('',(8.750000975388E-03,7.778451499398E-05));
#4631 = CARTESIAN_POINT('',(8.329549875202E-03,3.82711363262E-04));
#4632 = ( GEOMETRIC_REPRESENTATION_CONTEXT(2) 
PARAMETRIC_REPRESENTATION_CONTEXT() REPRESENTATION_CONTEXT('2D SPACE',''
  ) );
#4633 = ORIENTED_EDGE('',*,*,#4053,.F.);
#4634 = ORIENTED_EDGE('',*,*,#4635,.F.);
#4635 = EDGE_CURVE('',#4567,#4054,#4636,.T.);
#4636 = SURFACE_CURVE('',#4637,(#4641,#4648),.PCURVE_S1.);
#4637 = ( BOUNDED_CURVE() B_SPLINE_CURVE(2,(#4638,#4639,#4640),
.UNSPECIFIED.,.F.,.F.) B_SPLINE_CURVE_WITH_KNOTS((3,3),(5.817017595181,
7.22651787343),.PIECEWISE_BEZIER_KNOTS.) CURVE() 
GEOMETRIC_REPRESENTATION_ITEM() RATIONAL_B_SPLINE_CURVE((1.,
0.761773446286,1.)) REPRESENTATION_ITEM('') );
#4638 = CARTESIAN_POINT('',(10.314010945096,5.18953699519,17.4437305662)
  );
#4639 = CARTESIAN_POINT('',(10.080565480122,5.653501137474,17.4437305662
    ));
#4640 = CARTESIAN_POINT('',(10.501016580308,5.958427985742,17.4437305662
    ));
#4641 = PCURVE('',#4074,#4642);
#4642 = DEFINITIONAL_REPRESENTATION('',(#4643),#4647);
#4643 = B_SPLINE_CURVE_WITH_KNOTS('',2,(#4644,#4645,#4646),
  .UNSPECIFIED.,.F.,.F.,(3,3),(5.817017595181,7.22651787343),
  .PIECEWISE_BEZIER_KNOTS.);
#4644 = CARTESIAN_POINT('',(5.817017595181,0.));
#4645 = CARTESIAN_POINT('',(6.521767734306,0.));
#4646 = CARTESIAN_POINT('',(7.22651787343,0.));
#4647 = ( GEOMETRIC_REPRESENTATION_CONTEXT(2) 
PARAMETRIC_REPRESENTATION_CONTEXT() REPRESENTATION_CONTEXT('2D SPACE',''
  ) );
#4648 = PCURVE('',#4153,#4649);
#4649 = DEFINITIONAL_REPRESENTATION('',(#4650),#4654);
#4650 = ( BOUNDED_CURVE() B_SPLINE_CURVE(2,(#4651,#4652,#4653),
.UNSPECIFIED.,.F.,.F.) B_SPLINE_CURVE_WITH_KNOTS((3,3),(5.817017595181,
7.22651787343),.PIECEWISE_BEZIER_KNOTS.) CURVE() 
GEOMETRIC_REPRESENTATION_ITEM() RATIONAL_B_SPLINE_CURVE((1.,
0.761773446286,1.)) REPRESENTATION_ITEM('') );
#4651 = CARTESIAN_POINT('',(8.516555510414E-03,-3.861796272901E-04));
#4652 = CARTESIAN_POINT('',(8.750000975388E-03,7.778451499398E-05));
#4653 = CARTESIAN_POINT('',(8.329549875202E-03,3.82711363262E-04));
#4654 = ( GEOMETRIC_REPRESENTATION_CONTEXT(2) 
PARAMETRIC_REPRESENTATION_CONTEXT() REPRESENTATION_CONTEXT('2D SPACE',''
  ) );
#4655 = ADVANCED_FACE('',(#4656),#4153,.T.);
#4656 = FACE_BOUND('',#4657,.T.);
#4657 = EDGE_LOOP('',(#4658,#4659,#4660,#4661,#4662,#4663,#4664,#4665));
#4658 = ORIENTED_EDGE('',*,*,#4141,.T.);
#4659 = ORIENTED_EDGE('',*,*,#4220,.F.);
#4660 = ORIENTED_EDGE('',*,*,#4297,.T.);
#4661 = ORIENTED_EDGE('',*,*,#4371,.F.);
#4662 = ORIENTED_EDGE('',*,*,#4444,.T.);
#4663 = ORIENTED_EDGE('',*,*,#4518,.T.);
#4664 = ORIENTED_EDGE('',*,*,#4588,.T.);
#4665 = ORIENTED_EDGE('',*,*,#4635,.T.);
#4666 = ADVANCED_FACE('',(#4667),#4102,.F.);
#4667 = FACE_BOUND('',#4668,.F.);
#4668 = EDGE_LOOP('',(#4669,#4670,#4671,#4672,#4673,#4674,#4675,#4676));
#4669 = ORIENTED_EDGE('',*,*,#4088,.T.);
#4670 = ORIENTED_EDGE('',*,*,#4198,.F.);
#4671 = ORIENTED_EDGE('',*,*,#4245,.T.);
#4672 = ORIENTED_EDGE('',*,*,#4349,.F.);
#4673 = ORIENTED_EDGE('',*,*,#4396,.T.);
#4674 = ORIENTED_EDGE('',*,*,#4466,.T.);
#4675 = ORIENTED_EDGE('',*,*,#4543,.T.);
#4676 = ORIENTED_EDGE('',*,*,#4613,.T.);
#4677 = ( GEOMETRIC_REPRESENTATION_CONTEXT(3) 
GLOBAL_UNCERTAINTY_ASSIGNED_CONTEXT((#4681)) 
GLOBAL_UNIT_ASSIGNED_CONTEXT((#4678,#4679,#4680)) REPRESENTATION_CONTEXT
('Context #1','3D Context with UNIT and UNCERTAINTY') );
#4678 = ( LENGTH_UNIT() NAMED_UNIT(*) SI_UNIT(.MILLI.,.METRE.) );
#4679 = ( NAMED_UNIT(*) PLANE_ANGLE_UNIT() SI_UNIT($,.RADIAN.) );
#4680 = ( NAMED_UNIT(*) SI_UNIT($,.STERADIAN.) SOLID_ANGLE_UNIT() );
#4681 = UNCERTAINTY_MEASURE_WITH_UNIT(LENGTH_MEASURE(2.E-04),#4678,
  'distance_accuracy_value','confusion accuracy');
#4682 = CONTEXT_DEPENDENT_SHAPE_REPRESENTATION(#4683,#4685);
#4683 = ( REPRESENTATION_RELATIONSHIP('','',#4046,#10) 
REPRESENTATION_RELATIONSHIP_WITH_TRANSFORMATION(#4684) 
SHAPE_REPRESENTATION_RELATIONSHIP() );
#4684 = ITEM_DEFINED_TRANSFORMATION('','',#11,#39);
#4685 = PRODUCT_DEFINITION_SHAPE('Placement','Placement of an item',
  #4686);
#4686 = NEXT_ASSEMBLY_USAGE_OCCURRENCE('49','','',#5,#4041,$);
#4687 = PRODUCT_RELATED_PRODUCT_CATEGORY('part',$,(#4043));
#4688 = SHAPE_DEFINITION_REPRESENTATION(#4689,#4695);
#4689 = PRODUCT_DEFINITION_SHAPE('','',#4690);
#4690 = PRODUCT_DEFINITION('design','',#4691,#4694);
#4691 = PRODUCT_DEFINITION_FORMATION('','',#4692);
#4692 = PRODUCT('Open CASCADE STEP translator 7.7 2.8',
  'Open CASCADE STEP translator 7.7 2.8','',(#4693));
#4693 = PRODUCT_CONTEXT('',#2,'mechanical');
#4694 = PRODUCT_DEFINITION_CONTEXT('part definition',#2,'design');
#4695 = ADVANCED_BREP_SHAPE_REPRESENTATION('',(#11,#4696),#5374);
#4696 = MANIFOLD_SOLID_BREP('',#4697);
#4697 = CLOSED_SHELL('',(#4698,#4812,#4889,#4989,#5063,#5133,#5210,#5303
    ,#5350,#5361));
#4698 = ADVANCED_FACE('',(#4699),#4712,.T.);
#4699 = FACE_BOUND('',#4700,.T.);
#4700 = EDGE_LOOP('',(#4701,#4736,#4761,#4789));
#4701 = ORIENTED_EDGE('',*,*,#4702,.T.);
#4702 = EDGE_CURVE('',#4703,#4705,#4707,.T.);
#4703 = VERTEX_POINT('',#4704);
#4704 = CARTESIAN_POINT('',(2.421809181187,-11.82831575377,17.4437305662
    ));
#4705 = VERTEX_POINT('',#4706);
#4706 = CARTESIAN_POINT('',(2.421809181187,-11.82831575377,
    21.117792509309));
#4707 = SURFACE_CURVE('',#4708,(#4711,#4722),.PCURVE_S1.);
#4708 = B_SPLINE_CURVE_WITH_KNOTS('',1,(#4709,#4710),.UNSPECIFIED.,.F.,
  .F.,(2,2),(0.,3.674061943109E-03),.PIECEWISE_BEZIER_KNOTS.);
#4709 = CARTESIAN_POINT('',(2.421809181187,-11.82831575377,17.4437305662
    ));
#4710 = CARTESIAN_POINT('',(2.421809181187,-11.82831575377,
    21.117792509309));
#4711 = PCURVE('',#4712,#4717);
#4712 = B_SPLINE_SURFACE_WITH_KNOTS('',1,1,(
    (#4713,#4714)
    ,(#4715,#4716
    )),.UNSPECIFIED.,.F.,.F.,.F.,(2,2),(2,2),(0.,1.315996021184E-02),(
    -3.674061943109E-03,0.),.PIECEWISE_BEZIER_KNOTS.);
#4713 = CARTESIAN_POINT('',(2.421809181187,-11.82831575377,
    21.117792509309));
#4714 = CARTESIAN_POINT('',(2.421809181187,-11.82831575377,17.4437305662
    ));
#4715 = CARTESIAN_POINT('',(6.47776085875,-24.34765314704,
    21.117792509309));
#4716 = CARTESIAN_POINT('',(6.47776085875,-24.34765314704,17.4437305662)
  );
#4717 = DEFINITIONAL_REPRESENTATION('',(#4718),#4721);
#4718 = B_SPLINE_CURVE_WITH_KNOTS('',1,(#4719,#4720),.UNSPECIFIED.,.F.,
  .F.,(2,2),(0.,3.674061943109E-03),.PIECEWISE_BEZIER_KNOTS.);
#4719 = CARTESIAN_POINT('',(0.,0.));
#4720 = CARTESIAN_POINT('',(0.,-3.674061943109E-03));
#4721 = ( GEOMETRIC_REPRESENTATION_CONTEXT(2) 
PARAMETRIC_REPRESENTATION_CONTEXT() REPRESENTATION_CONTEXT('2D SPACE',''
  ) );
#4722 = PCURVE('',#4723,#4730);
#4723 = ( BOUNDED_SURFACE() B_SPLINE_SURFACE(2,1,(
    (#4724,#4725)
    ,(#4726,#4727)
    ,(#4728,#4729
)),.UNSPECIFIED.,.F.,.F.,.F.) B_SPLINE_SURFACE_WITH_KNOTS((3,3),(2,2),(
    5.817017595181,7.22651787343),(-3.674061943109E-03,0.),
.PIECEWISE_BEZIER_KNOTS.) GEOMETRIC_REPRESENTATION_ITEM() 
RATIONAL_B_SPLINE_SURFACE((
    (1.,1.)
    ,(0.761773446286,0.761773446286)
,(1.,1.))) REPRESENTATION_ITEM('') SURFACE() );
#4724 = CARTESIAN_POINT('',(1.748338313626,-11.41286244292,
    21.117792509309));
#4725 = CARTESIAN_POINT('',(1.748338313626,-11.41286244292,17.4437305662
    ));
#4726 = CARTESIAN_POINT('',(2.261733050409,-11.334215417,21.117792509309
    ));
#4727 = CARTESIAN_POINT('',(2.261733050409,-11.334215417,17.4437305662)
  );
#4728 = CARTESIAN_POINT('',(2.421809181187,-11.82831575377,
    21.117792509309));
#4729 = CARTESIAN_POINT('',(2.421809181187,-11.82831575377,17.4437305662
    ));
#4730 = DEFINITIONAL_REPRESENTATION('',(#4731),#4735);
#4731 = B_SPLINE_CURVE_WITH_KNOTS('',2,(#4732,#4733,#4734),
  .UNSPECIFIED.,.F.,.F.,(3,3),(0.,3.674061943109E-03),
  .PIECEWISE_BEZIER_KNOTS.);
#4732 = CARTESIAN_POINT('',(7.22651787343,0.));
#4733 = CARTESIAN_POINT('',(7.22651787343,-1.837030971554E-03));
#4734 = CARTESIAN_POINT('',(7.22651787343,-3.674061943109E-03));
#4735 = ( GEOMETRIC_REPRESENTATION_CONTEXT(2) 
PARAMETRIC_REPRESENTATION_CONTEXT() REPRESENTATION_CONTEXT('2D SPACE',''
  ) );
#4736 = ORIENTED_EDGE('',*,*,#4737,.T.);
#4737 = EDGE_CURVE('',#4705,#4738,#4740,.T.);
#4738 = VERTEX_POINT('',#4739);
#4739 = CARTESIAN_POINT('',(6.47776085875,-24.34765314704,
    21.117792509309));
#4740 = SURFACE_CURVE('',#4741,(#4744,#4750),.PCURVE_S1.);
#4741 = B_SPLINE_CURVE_WITH_KNOTS('',1,(#4742,#4743),.UNSPECIFIED.,.F.,
  .F.,(2,2),(5.311393726239E-04,1.369109958446E-02),
  .PIECEWISE_BEZIER_KNOTS.);
#4742 = CARTESIAN_POINT('',(2.421809181187,-11.82831575377,
    21.117792509309));
#4743 = CARTESIAN_POINT('',(6.47776085875,-24.34765314704,
    21.117792509309));
#4744 = PCURVE('',#4712,#4745);
#4745 = DEFINITIONAL_REPRESENTATION('',(#4746),#4749);
#4746 = B_SPLINE_CURVE_WITH_KNOTS('',1,(#4747,#4748),.UNSPECIFIED.,.F.,
  .F.,(2,2),(5.311393726239E-04,1.369109958446E-02),
  .PIECEWISE_BEZIER_KNOTS.);
#4747 = CARTESIAN_POINT('',(0.,-3.674061943109E-03));
#4748 = CARTESIAN_POINT('',(1.315996021184E-02,-3.674061943109E-03));
#4749 = ( GEOMETRIC_REPRESENTATION_CONTEXT(2) 
PARAMETRIC_REPRESENTATION_CONTEXT() REPRESENTATION_CONTEXT('2D SPACE',''
  ) );
#4750 = PCURVE('',#4751,#4756);
#4751 = B_SPLINE_SURFACE_WITH_KNOTS('',1,1,(
    (#4752,#4753)
    ,(#4754,#4755
    )),.UNSPECIFIED.,.F.,.F.,.F.,(2,2),(2,2),(-7.112294069963E-03,
    8.581721259939E-03),(-5.537360462184E-03,8.244361792773E-03),
  .PIECEWISE_BEZIER_KNOTS.);
#4752 = CARTESIAN_POINT('',(-7.980305908881,-24.68497925945,
    21.117792509309));
#4753 = CARTESIAN_POINT('',(5.126890847467,-28.94376564799,
    21.117792509309));
#4754 = CARTESIAN_POINT('',(-3.13058846196,-9.759083713118,
    21.117792509309));
#4755 = CARTESIAN_POINT('',(9.976608294387,-14.01787010165,
    21.117792509309));
#4756 = DEFINITIONAL_REPRESENTATION('',(#4757),#4760);
#4757 = B_SPLINE_CURVE_WITH_KNOTS('',1,(#4758,#4759),.UNSPECIFIED.,.F.,
  .F.,(2,2),(5.311393726239E-04,1.369109958446E-02),
  .PIECEWISE_BEZIER_KNOTS.);
#4758 = CARTESIAN_POINT('',(8.329549875202E-03,3.82711363262E-04));
#4759 = CARTESIAN_POINT('',(-2.32368953563E-03,8.108838648819E-03));
#4760 = ( GEOMETRIC_REPRESENTATION_CONTEXT(2) 
PARAMETRIC_REPRESENTATION_CONTEXT() REPRESENTATION_CONTEXT('2D SPACE',''
  ) );
#4761 = ORIENTED_EDGE('',*,*,#4762,.F.);
#4762 = EDGE_CURVE('',#4763,#4738,#4765,.T.);
#4763 = VERTEX_POINT('',#4764);
#4764 = CARTESIAN_POINT('',(6.47776085875,-24.34765314704,17.4437305662)
  );
#4765 = SURFACE_CURVE('',#4766,(#4769,#4775),.PCURVE_S1.);
#4766 = B_SPLINE_CURVE_WITH_KNOTS('',1,(#4767,#4768),.UNSPECIFIED.,.F.,
  .F.,(2,2),(0.,3.674061943109E-03),.PIECEWISE_BEZIER_KNOTS.);
#4767 = CARTESIAN_POINT('',(6.47776085875,-24.34765314704,17.4437305662)
  );
#4768 = CARTESIAN_POINT('',(6.47776085875,-24.34765314704,
    21.117792509309));
#4769 = PCURVE('',#4712,#4770);
#4770 = DEFINITIONAL_REPRESENTATION('',(#4771),#4774);
#4771 = B_SPLINE_CURVE_WITH_KNOTS('',1,(#4772,#4773),.UNSPECIFIED.,.F.,
  .F.,(2,2),(0.,3.674061943109E-03),.PIECEWISE_BEZIER_KNOTS.);
#4772 = CARTESIAN_POINT('',(1.315996021184E-02,0.));
#4773 = CARTESIAN_POINT('',(1.315996021184E-02,-3.674061943109E-03));
#4774 = ( GEOMETRIC_REPRESENTATION_CONTEXT(2) 
PARAMETRIC_REPRESENTATION_CONTEXT() REPRESENTATION_CONTEXT('2D SPACE',''
  ) );
#4775 = PCURVE('',#4776,#4783);
#4776 = ( BOUNDED_SURFACE() B_SPLINE_SURFACE(2,1,(
    (#4777,#4778)
    ,(#4779,#4780)
    ,(#4781,#4782
)),.UNSPECIFIED.,.F.,.F.,.F.) B_SPLINE_SURFACE_WITH_KNOTS((3,3),(2,2),(
    0.546038978939,2.198260087339),(-3.674061943109E-03,0.),
.PIECEWISE_BEZIER_KNOTS.) GEOMETRIC_REPRESENTATION_ITEM() 
RATIONAL_B_SPLINE_SURFACE((
    (1.,1.)
    ,(0.677740792224,0.677740792224)
,(1.,1.))) REPRESENTATION_ITEM('') SURFACE() );
#4777 = CARTESIAN_POINT('',(5.964419537382,-25.25937084691,
    21.117792509309));
#4778 = CARTESIAN_POINT('',(5.964419537382,-25.25937084691,17.4437305662
    ));
#4779 = CARTESIAN_POINT('',(6.715664861464,-25.08198153997,
    21.117792509309));
#4780 = CARTESIAN_POINT('',(6.715664861464,-25.08198153997,17.4437305662
    ));
#4781 = CARTESIAN_POINT('',(6.477760858749,-24.34765314704,
    21.117792509309));
#4782 = CARTESIAN_POINT('',(6.477760858749,-24.34765314704,17.4437305662
    ));
#4783 = DEFINITIONAL_REPRESENTATION('',(#4784),#4788);
#4784 = B_SPLINE_CURVE_WITH_KNOTS('',2,(#4785,#4786,#4787),
  .UNSPECIFIED.,.F.,.F.,(3,3),(0.,3.674061943109E-03),
  .PIECEWISE_BEZIER_KNOTS.);
#4785 = CARTESIAN_POINT('',(2.198260087339,0.));
#4786 = CARTESIAN_POINT('',(2.198260087339,-1.837030971554E-03));
#4787 = CARTESIAN_POINT('',(2.198260087339,-3.674061943109E-03));
#4788 = ( GEOMETRIC_REPRESENTATION_CONTEXT(2) 
PARAMETRIC_REPRESENTATION_CONTEXT() REPRESENTATION_CONTEXT('2D SPACE',''
  ) );
#4789 = ORIENTED_EDGE('',*,*,#4790,.F.);
#4790 = EDGE_CURVE('',#4703,#4763,#4791,.T.);
#4791 = SURFACE_CURVE('',#4792,(#4795,#4801),.PCURVE_S1.);
#4792 = B_SPLINE_CURVE_WITH_KNOTS('',1,(#4793,#4794),.UNSPECIFIED.,.F.,
  .F.,(2,2),(5.311393726239E-04,1.369109958446E-02),
  .PIECEWISE_BEZIER_KNOTS.);
#4793 = CARTESIAN_POINT('',(2.421809181187,-11.82831575377,17.4437305662
    ));
#4794 = CARTESIAN_POINT('',(6.47776085875,-24.34765314704,17.4437305662)
  );
#4795 = PCURVE('',#4712,#4796);
#4796 = DEFINITIONAL_REPRESENTATION('',(#4797),#4800);
#4797 = B_SPLINE_CURVE_WITH_KNOTS('',1,(#4798,#4799),.UNSPECIFIED.,.F.,
  .F.,(2,2),(5.311393726239E-04,1.369109958446E-02),
  .PIECEWISE_BEZIER_KNOTS.);
#4798 = CARTESIAN_POINT('',(0.,0.));
#4799 = CARTESIAN_POINT('',(1.315996021184E-02,0.));
#4800 = ( GEOMETRIC_REPRESENTATION_CONTEXT(2) 
PARAMETRIC_REPRESENTATION_CONTEXT() REPRESENTATION_CONTEXT('2D SPACE',''
  ) );
#4801 = PCURVE('',#4802,#4807);
#4802 = B_SPLINE_SURFACE_WITH_KNOTS('',1,1,(
    (#4803,#4804)
    ,(#4805,#4806
    )),.UNSPECIFIED.,.F.,.F.,.F.,(2,2),(2,2),(-7.112294069963E-03,
    8.581721259939E-03),(-5.537360462184E-03,8.244361792773E-03),
  .PIECEWISE_BEZIER_KNOTS.);
#4803 = CARTESIAN_POINT('',(-7.980305908881,-24.68497925945,
    17.4437305662));
#4804 = CARTESIAN_POINT('',(5.126890847467,-28.94376564799,17.4437305662
    ));
#4805 = CARTESIAN_POINT('',(-3.13058846196,-9.759083713118,17.4437305662
    ));
#4806 = CARTESIAN_POINT('',(9.976608294387,-14.01787010165,17.4437305662
    ));
#4807 = DEFINITIONAL_REPRESENTATION('',(#4808),#4811);
#4808 = B_SPLINE_CURVE_WITH_KNOTS('',1,(#4809,#4810),.UNSPECIFIED.,.F.,
  .F.,(2,2),(5.311393726239E-04,1.369109958446E-02),
  .PIECEWISE_BEZIER_KNOTS.);
#4809 = CARTESIAN_POINT('',(8.329549875202E-03,3.82711363262E-04));
#4810 = CARTESIAN_POINT('',(-2.32368953563E-03,8.108838648819E-03));
#4811 = ( GEOMETRIC_REPRESENTATION_CONTEXT(2) 
PARAMETRIC_REPRESENTATION_CONTEXT() REPRESENTATION_CONTEXT('2D SPACE',''
  ) );
#4812 = ADVANCED_FACE('',(#4813),#4776,.F.);
#4813 = FACE_BOUND('',#4814,.F.);
#4814 = EDGE_LOOP('',(#4815,#4846,#4867,#4868));
#4815 = ORIENTED_EDGE('',*,*,#4816,.T.);
#4816 = EDGE_CURVE('',#4817,#4819,#4821,.T.);
#4817 = VERTEX_POINT('',#4818);
#4818 = CARTESIAN_POINT('',(5.964419537382,-25.25937084691,17.4437305662
    ));
#4819 = VERTEX_POINT('',#4820);
#4820 = CARTESIAN_POINT('',(5.964419537382,-25.25937084691,
    21.117792509309));
#4821 = SURFACE_CURVE('',#4822,(#4825,#4832),.PCURVE_S1.);
#4822 = B_SPLINE_CURVE_WITH_KNOTS('',1,(#4823,#4824),.UNSPECIFIED.,.F.,
  .F.,(2,2),(0.,3.674061943109E-03),.PIECEWISE_BEZIER_KNOTS.);
#4823 = CARTESIAN_POINT('',(5.964419537382,-25.25937084691,17.4437305662
    ));
#4824 = CARTESIAN_POINT('',(5.964419537382,-25.25937084691,
    21.117792509309));
#4825 = PCURVE('',#4776,#4826);
#4826 = DEFINITIONAL_REPRESENTATION('',(#4827),#4831);
#4827 = B_SPLINE_CURVE_WITH_KNOTS('',2,(#4828,#4829,#4830),
  .UNSPECIFIED.,.F.,.F.,(3,3),(0.,3.674061943109E-03),
  .PIECEWISE_BEZIER_KNOTS.);
#4828 = CARTESIAN_POINT('',(0.546038978939,0.));
#4829 = CARTESIAN_POINT('',(0.546038978939,-1.837030971554E-03));
#4830 = CARTESIAN_POINT('',(0.546038978939,-3.674061943109E-03));
#4831 = ( GEOMETRIC_REPRESENTATION_CONTEXT(2) 
PARAMETRIC_REPRESENTATION_CONTEXT() REPRESENTATION_CONTEXT('2D SPACE',''
  ) );
#4832 = PCURVE('',#4833,#4840);
#4833 = ( BOUNDED_SURFACE() B_SPLINE_SURFACE(2,1,(
    (#4834,#4835)
    ,(#4836,#4837)
    ,(#4838,#4839
)),.UNSPECIFIED.,.F.,.F.,.F.) B_SPLINE_SURFACE_WITH_KNOTS((3,3),(2,2),(
    5.737146328241,6.253475696594),(-3.674061943109E-03,0.),
.PIECEWISE_BEZIER_KNOTS.) GEOMETRIC_REPRESENTATION_ITEM() 
RATIONAL_B_SPLINE_SURFACE((
    (1.,1.)
    ,(0.966860174289,0.966860174289)
,(1.,1.))) REPRESENTATION_ITEM('') SURFACE() );
#4834 = CARTESIAN_POINT('',(5.964419537382,-25.25937084691,
    21.117792509309));
#4835 = CARTESIAN_POINT('',(5.964419537382,-25.25937084691,17.4437305662
    ));
#4836 = CARTESIAN_POINT('',(-0.705501780306,-26.83431937834,
    21.117792509309));
#4837 = CARTESIAN_POINT('',(-0.705501780306,-26.83431937834,
    17.4437305662));
#4838 = CARTESIAN_POINT('',(-7.283451905747,-24.91107071839,
    21.117792509309));
#4839 = CARTESIAN_POINT('',(-7.283451905747,-24.91107071839,
    17.4437305662));
#4840 = DEFINITIONAL_REPRESENTATION('',(#4841),#4845);
#4841 = B_SPLINE_CURVE_WITH_KNOTS('',2,(#4842,#4843,#4844),
  .UNSPECIFIED.,.F.,.F.,(3,3),(0.,3.674061943109E-03),
  .PIECEWISE_BEZIER_KNOTS.);
#4842 = CARTESIAN_POINT('',(5.737146328241,0.));
#4843 = CARTESIAN_POINT('',(5.737146328241,-1.837030971554E-03));
#4844 = CARTESIAN_POINT('',(5.737146328241,-3.674061943109E-03));
#4845 = ( GEOMETRIC_REPRESENTATION_CONTEXT(2) 
PARAMETRIC_REPRESENTATION_CONTEXT() REPRESENTATION_CONTEXT('2D SPACE',''
  ) );
#4846 = ORIENTED_EDGE('',*,*,#4847,.T.);
#4847 = EDGE_CURVE('',#4819,#4738,#4848,.T.);
#4848 = SURFACE_CURVE('',#4849,(#4853,#4860),.PCURVE_S1.);
#4849 = ( BOUNDED_CURVE() B_SPLINE_CURVE(2,(#4850,#4851,#4852),
.UNSPECIFIED.,.F.,.F.) B_SPLINE_CURVE_WITH_KNOTS((3,3),(0.546038978939,
2.198260087339),.PIECEWISE_BEZIER_KNOTS.) CURVE() 
GEOMETRIC_REPRESENTATION_ITEM() RATIONAL_B_SPLINE_CURVE((1.,
0.677740792224,1.)) REPRESENTATION_ITEM('') );
#4850 = CARTESIAN_POINT('',(5.964419537382,-25.25937084691,
    21.117792509309));
#4851 = CARTESIAN_POINT('',(6.715664861464,-25.08198153997,
    21.117792509309));
#4852 = CARTESIAN_POINT('',(6.477760858749,-24.34765314704,
    21.117792509309));
#4853 = PCURVE('',#4776,#4854);
#4854 = DEFINITIONAL_REPRESENTATION('',(#4855),#4859);
#4855 = B_SPLINE_CURVE_WITH_KNOTS('',2,(#4856,#4857,#4858),
  .UNSPECIFIED.,.F.,.F.,(3,3),(0.546038978939,2.198260087339),
  .PIECEWISE_BEZIER_KNOTS.);
#4856 = CARTESIAN_POINT('',(0.546038978939,-3.674061943109E-03));
#4857 = CARTESIAN_POINT('',(1.372149533139,-3.674061943109E-03));
#4858 = CARTESIAN_POINT('',(2.198260087339,-3.674061943109E-03));
#4859 = ( GEOMETRIC_REPRESENTATION_CONTEXT(2) 
PARAMETRIC_REPRESENTATION_CONTEXT() REPRESENTATION_CONTEXT('2D SPACE',''
  ) );
#4860 = PCURVE('',#4751,#4861);
#4861 = DEFINITIONAL_REPRESENTATION('',(#4862),#4866);
#4862 = ( BOUNDED_CURVE() B_SPLINE_CURVE(2,(#4863,#4864,#4865),
.UNSPECIFIED.,.F.,.F.) B_SPLINE_CURVE_WITH_KNOTS((3,3),(0.546038978939,
2.198260087339),.PIECEWISE_BEZIER_KNOTS.) CURVE() 
GEOMETRIC_REPRESENTATION_ITEM() RATIONAL_B_SPLINE_CURVE((1.,
0.677740792224,1.)) REPRESENTATION_ITEM('') );
#4863 = CARTESIAN_POINT('',(-3.349415787334E-03,7.902358303382E-03));
#4864 = CARTESIAN_POINT('',(-2.94856095896E-03,8.562018753721E-03));
#4865 = CARTESIAN_POINT('',(-2.32368953563E-03,8.108838648819E-03));
#4866 = ( GEOMETRIC_REPRESENTATION_CONTEXT(2) 
PARAMETRIC_REPRESENTATION_CONTEXT() REPRESENTATION_CONTEXT('2D SPACE',''
  ) );
#4867 = ORIENTED_EDGE('',*,*,#4762,.F.);
#4868 = ORIENTED_EDGE('',*,*,#4869,.F.);
#4869 = EDGE_CURVE('',#4817,#4763,#4870,.T.);
#4870 = SURFACE_CURVE('',#4871,(#4875,#4882),.PCURVE_S1.);
#4871 = ( BOUNDED_CURVE() B_SPLINE_CURVE(2,(#4872,#4873,#4874),
.UNSPECIFIED.,.F.,.F.) B_SPLINE_CURVE_WITH_KNOTS((3,3),(0.546038978939,
2.198260087339),.PIECEWISE_BEZIER_KNOTS.) CURVE() 
GEOMETRIC_REPRESENTATION_ITEM() RATIONAL_B_SPLINE_CURVE((1.,
0.677740792224,1.)) REPRESENTATION_ITEM('') );
#4872 = CARTESIAN_POINT('',(5.964419537382,-25.25937084691,17.4437305662
    ));
#4873 = CARTESIAN_POINT('',(6.715664861464,-25.08198153997,17.4437305662
    ));
#4874 = CARTESIAN_POINT('',(6.477760858749,-24.34765314704,17.4437305662
    ));
#4875 = PCURVE('',#4776,#4876);
#4876 = DEFINITIONAL_REPRESENTATION('',(#4877),#4881);
#4877 = B_SPLINE_CURVE_WITH_KNOTS('',2,(#4878,#4879,#4880),
  .UNSPECIFIED.,.F.,.F.,(3,3),(0.546038978939,2.198260087339),
  .PIECEWISE_BEZIER_KNOTS.);
#4878 = CARTESIAN_POINT('',(0.546038978939,0.));
#4879 = CARTESIAN_POINT('',(1.372149533139,0.));
#4880 = CARTESIAN_POINT('',(2.198260087339,0.));
#4881 = ( GEOMETRIC_REPRESENTATION_CONTEXT(2) 
PARAMETRIC_REPRESENTATION_CONTEXT() REPRESENTATION_CONTEXT('2D SPACE',''
  ) );
#4882 = PCURVE('',#4802,#4883);
#4883 = DEFINITIONAL_REPRESENTATION('',(#4884),#4888);
#4884 = ( BOUNDED_CURVE() B_SPLINE_CURVE(2,(#4885,#4886,#4887),
.UNSPECIFIED.,.F.,.F.) B_SPLINE_CURVE_WITH_KNOTS((3,3),(0.546038978939,
2.198260087339),.PIECEWISE_BEZIER_KNOTS.) CURVE() 
GEOMETRIC_REPRESENTATION_ITEM() RATIONAL_B_SPLINE_CURVE((1.,
0.677740792224,1.)) REPRESENTATION_ITEM('') );
#4885 = CARTESIAN_POINT('',(-3.349415787334E-03,7.902358303382E-03));
#4886 = CARTESIAN_POINT('',(-2.94856095896E-03,8.562018753721E-03));
#4887 = CARTESIAN_POINT('',(-2.32368953563E-03,8.108838648819E-03));
#4888 = ( GEOMETRIC_REPRESENTATION_CONTEXT(2) 
PARAMETRIC_REPRESENTATION_CONTEXT() REPRESENTATION_CONTEXT('2D SPACE',''
  ) );
#4889 = ADVANCED_FACE('',(#4890),#4833,.T.);
#4890 = FACE_BOUND('',#4891,.T.);
#4891 = EDGE_LOOP('',(#4892,#4893,#4916,#4939,#4968));
#4892 = ORIENTED_EDGE('',*,*,#4816,.T.);
#4893 = ORIENTED_EDGE('',*,*,#4894,.T.);
#4894 = EDGE_CURVE('',#4819,#4895,#4897,.T.);
#4895 = VERTEX_POINT('',#4896);
#4896 = CARTESIAN_POINT('',(0.,-25.954,21.117792509309));
#4897 = SURFACE_CURVE('',#4898,(#4902,#4909),.PCURVE_S1.);
#4898 = ( BOUNDED_CURVE() B_SPLINE_CURVE(2,(#4899,#4900,#4901),
.UNSPECIFIED.,.F.,.F.) B_SPLINE_CURVE_WITH_KNOTS((3,3),(5.737146328241,
5.969026041821),.PIECEWISE_BEZIER_KNOTS.) CURVE() 
GEOMETRIC_REPRESENTATION_ITEM() RATIONAL_B_SPLINE_CURVE((1.,
0.993286500128,1.)) REPRESENTATION_ITEM('') );
#4899 = CARTESIAN_POINT('',(5.964419537382,-25.25937084691,
    21.117792509309));
#4900 = CARTESIAN_POINT('',(3.022658772763,-25.954,21.117792509309));
#4901 = CARTESIAN_POINT('',(2.949029909161E-14,-25.954,21.117792509309)
  );
#4902 = PCURVE('',#4833,#4903);
#4903 = DEFINITIONAL_REPRESENTATION('',(#4904),#4908);
#4904 = B_SPLINE_CURVE_WITH_KNOTS('',2,(#4905,#4906,#4907),
  .UNSPECIFIED.,.F.,.F.,(3,3),(5.737146328241,5.969026041821),
  .PIECEWISE_BEZIER_KNOTS.);
#4905 = CARTESIAN_POINT('',(5.737146328241,-3.674061943109E-03));
#4906 = CARTESIAN_POINT('',(5.854117694565,-3.674061943109E-03));
#4907 = CARTESIAN_POINT('',(5.969170688126,-3.674061943109E-03));
#4908 = ( GEOMETRIC_REPRESENTATION_CONTEXT(2) 
PARAMETRIC_REPRESENTATION_CONTEXT() REPRESENTATION_CONTEXT('2D SPACE',''
  ) );
#4909 = PCURVE('',#4751,#4910);
#4910 = DEFINITIONAL_REPRESENTATION('',(#4911),#4915);
#4911 = ( BOUNDED_CURVE() B_SPLINE_CURVE(2,(#4912,#4913,#4914),
.UNSPECIFIED.,.F.,.F.) B_SPLINE_CURVE_WITH_KNOTS((3,3),(5.737146328241,
5.969026041821),.PIECEWISE_BEZIER_KNOTS.) CURVE() 
GEOMETRIC_REPRESENTATION_ITEM() RATIONAL_B_SPLINE_CURVE((1.,
0.993286500128,1.)) REPRESENTATION_ITEM('') );
#4912 = CARTESIAN_POINT('',(-3.349415787334E-03,7.902358303382E-03));
#4913 = CARTESIAN_POINT('',(-4.919101439435E-03,5.319229771901E-03));
#4914 = CARTESIAN_POINT('',(-5.853154368415E-03,2.444510449528E-03));
#4915 = ( GEOMETRIC_REPRESENTATION_CONTEXT(2) 
PARAMETRIC_REPRESENTATION_CONTEXT() REPRESENTATION_CONTEXT('2D SPACE',''
  ) );
#4916 = ORIENTED_EDGE('',*,*,#4917,.T.);
#4917 = EDGE_CURVE('',#4895,#4918,#4920,.T.);
#4918 = VERTEX_POINT('',#4919);
#4919 = CARTESIAN_POINT('',(-7.283451905747,-24.91107071839,
    21.117792509309));
#4920 = SURFACE_CURVE('',#4921,(#4925,#4932),.PCURVE_S1.);
#4921 = ( BOUNDED_CURVE() B_SPLINE_CURVE(2,(#4922,#4923,#4924),
.UNSPECIFIED.,.F.,.F.) B_SPLINE_CURVE_WITH_KNOTS((3,3),(5.969026041821,
6.253475696594),.PIECEWISE_BEZIER_KNOTS.) CURVE() 
GEOMETRIC_REPRESENTATION_ITEM() RATIONAL_B_SPLINE_CURVE((1.,
0.989903086413,1.)) REPRESENTATION_ITEM('') );
#4922 = CARTESIAN_POINT('',(2.949029909161E-14,-25.954,21.117792509309)
  );
#4923 = CARTESIAN_POINT('',(-3.716395319852,-25.954,21.117792509309));
#4924 = CARTESIAN_POINT('',(-7.283451905747,-24.91107071839,
    21.117792509309));
#4925 = PCURVE('',#4833,#4926);
#4926 = DEFINITIONAL_REPRESENTATION('',(#4927),#4931);
#4927 = B_SPLINE_CURVE_WITH_KNOTS('',2,(#4928,#4929,#4930),
  .UNSPECIFIED.,.F.,.F.,(3,3),(5.969026041821,6.253475696594),
  .PIECEWISE_BEZIER_KNOTS.);
#4928 = CARTESIAN_POINT('',(5.969170688126,-3.674061943109E-03));
#4929 = CARTESIAN_POINT('',(6.110147878299,-3.674061943109E-03));
#4930 = CARTESIAN_POINT('',(6.253475696594,-3.674061943109E-03));
#4931 = ( GEOMETRIC_REPRESENTATION_CONTEXT(2) 
PARAMETRIC_REPRESENTATION_CONTEXT() REPRESENTATION_CONTEXT('2D SPACE',''
  ) );
#4932 = PCURVE('',#4751,#4933);
#4933 = DEFINITIONAL_REPRESENTATION('',(#4934),#4938);
#4934 = ( BOUNDED_CURVE() B_SPLINE_CURVE(2,(#4935,#4936,#4937),
.UNSPECIFIED.,.F.,.F.) B_SPLINE_CURVE_WITH_KNOTS((3,3),(5.969026041821,
6.253475696594),.PIECEWISE_BEZIER_KNOTS.) CURVE() 
GEOMETRIC_REPRESENTATION_ITEM() RATIONAL_B_SPLINE_CURVE((1.,
0.989903086413,1.)) REPRESENTATION_ITEM('') );
#4935 = CARTESIAN_POINT('',(-5.853154368415E-03,2.444510449528E-03));
#4936 = CARTESIAN_POINT('',(-7.001583680065E-03,-1.089991536546E-03));
#4937 = CARTESIAN_POINT('',(-7.111980095694E-03,-4.804746818504E-03));
#4938 = ( GEOMETRIC_REPRESENTATION_CONTEXT(2) 
PARAMETRIC_REPRESENTATION_CONTEXT() REPRESENTATION_CONTEXT('2D SPACE',''
  ) );
#4939 = ORIENTED_EDGE('',*,*,#4940,.F.);
#4940 = EDGE_CURVE('',#4941,#4918,#4943,.T.);
#4941 = VERTEX_POINT('',#4942);
#4942 = CARTESIAN_POINT('',(-7.283451905747,-24.91107071839,
    17.4437305662));
#4943 = SURFACE_CURVE('',#4944,(#4947,#4954),.PCURVE_S1.);
#4944 = B_SPLINE_CURVE_WITH_KNOTS('',1,(#4945,#4946),.UNSPECIFIED.,.F.,
  .F.,(2,2),(0.,3.674061943109E-03),.PIECEWISE_BEZIER_KNOTS.);
#4945 = CARTESIAN_POINT('',(-7.283451905747,-24.91107071839,
    17.4437305662));
#4946 = CARTESIAN_POINT('',(-7.283451905747,-24.91107071839,
    21.117792509309));
#4947 = PCURVE('',#4833,#4948);
#4948 = DEFINITIONAL_REPRESENTATION('',(#4949),#4953);
#4949 = B_SPLINE_CURVE_WITH_KNOTS('',2,(#4950,#4951,#4952),
  .UNSPECIFIED.,.F.,.F.,(3,3),(0.,3.674061943109E-03),
  .PIECEWISE_BEZIER_KNOTS.);
#4950 = CARTESIAN_POINT('',(6.253475696594,0.));
#4951 = CARTESIAN_POINT('',(6.253475696594,-1.837030971554E-03));
#4952 = CARTESIAN_POINT('',(6.253475696594,-3.674061943109E-03));
#4953 = ( GEOMETRIC_REPRESENTATION_CONTEXT(2) 
PARAMETRIC_REPRESENTATION_CONTEXT() REPRESENTATION_CONTEXT('2D SPACE',''
  ) );
#4954 = PCURVE('',#4955,#4962);
#4955 = ( BOUNDED_SURFACE() B_SPLINE_SURFACE(2,1,(
    (#4956,#4957)
    ,(#4958,#4959)
    ,(#4960,#4961
)),.UNSPECIFIED.,.F.,.F.,.F.) B_SPLINE_SURFACE_WITH_KNOTS((3,3),(2,2),(
    4.660673809365,6.312894917766),(-3.674061943109E-03,0.),
.PIECEWISE_BEZIER_KNOTS.) GEOMETRIC_REPRESENTATION_ITEM() 
RATIONAL_B_SPLINE_SURFACE((
    (1.,1.)
    ,(0.677740792224,0.677740792224)
,(1.,1.))) REPRESENTATION_ITEM('') SURFACE() );
#4956 = CARTESIAN_POINT('',(-7.748177182896,-23.97363864444,
    21.117792509309));
#4957 = CARTESIAN_POINT('',(-7.748177182896,-23.97363864444,
    17.4437305662));
#4958 = CARTESIAN_POINT('',(-8.024338347792,-24.69445173684,
    21.117792509309));
#4959 = CARTESIAN_POINT('',(-8.024338347792,-24.69445173684,
    17.4437305662));
#4960 = CARTESIAN_POINT('',(-7.283451905747,-24.91107071839,
    21.117792509309));
#4961 = CARTESIAN_POINT('',(-7.283451905747,-24.91107071839,
    17.4437305662));
#4962 = DEFINITIONAL_REPRESENTATION('',(#4963),#4967);
#4963 = B_SPLINE_CURVE_WITH_KNOTS('',2,(#4964,#4965,#4966),
  .UNSPECIFIED.,.F.,.F.,(3,3),(0.,3.674061943109E-03),
  .PIECEWISE_BEZIER_KNOTS.);
#4964 = CARTESIAN_POINT('',(6.312894917766,0.));
#4965 = CARTESIAN_POINT('',(6.312894917766,-1.837030971554E-03));
#4966 = CARTESIAN_POINT('',(6.312894917766,-3.674061943109E-03));
#4967 = ( GEOMETRIC_REPRESENTATION_CONTEXT(2) 
PARAMETRIC_REPRESENTATION_CONTEXT() REPRESENTATION_CONTEXT('2D SPACE',''
  ) );
#4968 = ORIENTED_EDGE('',*,*,#4969,.F.);
#4969 = EDGE_CURVE('',#4817,#4941,#4970,.T.);
#4970 = SURFACE_CURVE('',#4971,(#4975,#4982),.PCURVE_S1.);
#4971 = ( BOUNDED_CURVE() B_SPLINE_CURVE(2,(#4972,#4973,#4974),
.UNSPECIFIED.,.F.,.F.) B_SPLINE_CURVE_WITH_KNOTS((3,3),(5.737146328241,
6.253475696594),.PIECEWISE_BEZIER_KNOTS.) CURVE() 
GEOMETRIC_REPRESENTATION_ITEM() RATIONAL_B_SPLINE_CURVE((1.,
0.966860174289,1.)) REPRESENTATION_ITEM('') );
#4972 = CARTESIAN_POINT('',(5.964419537382,-25.25937084691,17.4437305662
    ));
#4973 = CARTESIAN_POINT('',(-0.705501780306,-26.83431937834,
    17.4437305662));
#4974 = CARTESIAN_POINT('',(-7.283451905747,-24.91107071839,
    17.4437305662));
#4975 = PCURVE('',#4833,#4976);
#4976 = DEFINITIONAL_REPRESENTATION('',(#4977),#4981);
#4977 = B_SPLINE_CURVE_WITH_KNOTS('',2,(#4978,#4979,#4980),
  .UNSPECIFIED.,.F.,.F.,(3,3),(5.737146328241,6.253475696594),
  .PIECEWISE_BEZIER_KNOTS.);
#4978 = CARTESIAN_POINT('',(5.737146328241,0.));
#4979 = CARTESIAN_POINT('',(5.995311012417,0.));
#4980 = CARTESIAN_POINT('',(6.253475696594,0.));
#4981 = ( GEOMETRIC_REPRESENTATION_CONTEXT(2) 
PARAMETRIC_REPRESENTATION_CONTEXT() REPRESENTATION_CONTEXT('2D SPACE',''
  ) );
#4982 = PCURVE('',#4802,#4983);
#4983 = DEFINITIONAL_REPRESENTATION('',(#4984),#4988);
#4984 = ( BOUNDED_CURVE() B_SPLINE_CURVE(2,(#4985,#4986,#4987),
.UNSPECIFIED.,.F.,.F.) B_SPLINE_CURVE_WITH_KNOTS((3,3),(5.737146328241,
6.253475696594),.PIECEWISE_BEZIER_KNOTS.) CURVE() 
GEOMETRIC_REPRESENTATION_ITEM() RATIONAL_B_SPLINE_CURVE((1.,
0.966860174289,1.)) REPRESENTATION_ITEM('') );
#4985 = CARTESIAN_POINT('',(-3.349415787334E-03,7.902358303382E-03));
#4986 = CARTESIAN_POINT('',(-6.908399889283E-03,2.045572032494E-03));
#4987 = CARTESIAN_POINT('',(-7.111980095694E-03,-4.804746818504E-03));
#4988 = ( GEOMETRIC_REPRESENTATION_CONTEXT(2) 
PARAMETRIC_REPRESENTATION_CONTEXT() REPRESENTATION_CONTEXT('2D SPACE',''
  ) );
#4989 = ADVANCED_FACE('',(#4990),#4955,.F.);
#4990 = FACE_BOUND('',#4991,.F.);
#4991 = EDGE_LOOP('',(#4992,#5020,#5041,#5042));
#4992 = ORIENTED_EDGE('',*,*,#4993,.T.);
#4993 = EDGE_CURVE('',#4994,#4996,#4998,.T.);
#4994 = VERTEX_POINT('',#4995);
#4995 = CARTESIAN_POINT('',(-7.748177182896,-23.97363864444,
    17.4437305662));
#4996 = VERTEX_POINT('',#4997);
#4997 = CARTESIAN_POINT('',(-7.748177182896,-23.97363864444,
    21.117792509309));
#4998 = SURFACE_CURVE('',#4999,(#5002,#5009),.PCURVE_S1.);
#4999 = B_SPLINE_CURVE_WITH_KNOTS('',1,(#5000,#5001),.UNSPECIFIED.,.F.,
  .F.,(2,2),(0.,3.674061943109E-03),.PIECEWISE_BEZIER_KNOTS.);
#5000 = CARTESIAN_POINT('',(-7.748177182896,-23.97363864444,
    17.4437305662));
#5001 = CARTESIAN_POINT('',(-7.748177182896,-23.97363864444,
    21.117792509309));
#5002 = PCURVE('',#4955,#5003);
#5003 = DEFINITIONAL_REPRESENTATION('',(#5004),#5008);
#5004 = B_SPLINE_CURVE_WITH_KNOTS('',2,(#5005,#5006,#5007),
  .UNSPECIFIED.,.F.,.F.,(3,3),(0.,3.674061943109E-03),
  .PIECEWISE_BEZIER_KNOTS.);
#5005 = CARTESIAN_POINT('',(4.660673809365,0.));
#5006 = CARTESIAN_POINT('',(4.660673809365,-1.837030971554E-03));
#5007 = CARTESIAN_POINT('',(4.660673809365,-3.674061943109E-03));
#5008 = ( GEOMETRIC_REPRESENTATION_CONTEXT(2) 
PARAMETRIC_REPRESENTATION_CONTEXT() REPRESENTATION_CONTEXT('2D SPACE',''
  ) );
#5009 = PCURVE('',#5010,#5015);
#5010 = B_SPLINE_SURFACE_WITH_KNOTS('',1,1,(
    (#5011,#5012)
    ,(#5013,#5014
    )),.UNSPECIFIED.,.F.,.F.,.F.,(2,2),(2,2),(0.,1.315996021184E-02),(
    -3.674061943109E-03,0.),.PIECEWISE_BEZIER_KNOTS.);
#5011 = CARTESIAN_POINT('',(-7.748177182896,-23.97363864444,
    21.117792509309));
#5012 = CARTESIAN_POINT('',(-7.748177182896,-23.97363864444,
    17.4437305662));
#5013 = CARTESIAN_POINT('',(-3.039990993261,-11.68471942504,
    21.117792509309));
#5014 = CARTESIAN_POINT('',(-3.039990993261,-11.68471942504,
    17.4437305662));
#5015 = DEFINITIONAL_REPRESENTATION('',(#5016),#5019);
#5016 = B_SPLINE_CURVE_WITH_KNOTS('',1,(#5017,#5018),.UNSPECIFIED.,.F.,
  .F.,(2,2),(0.,3.674061943109E-03),.PIECEWISE_BEZIER_KNOTS.);
#5017 = CARTESIAN_POINT('',(0.,0.));
#5018 = CARTESIAN_POINT('',(0.,-3.674061943109E-03));
#5019 = ( GEOMETRIC_REPRESENTATION_CONTEXT(2) 
PARAMETRIC_REPRESENTATION_CONTEXT() REPRESENTATION_CONTEXT('2D SPACE',''
  ) );
#5020 = ORIENTED_EDGE('',*,*,#5021,.T.);
#5021 = EDGE_CURVE('',#4996,#4918,#5022,.T.);
#5022 = SURFACE_CURVE('',#5023,(#5027,#5034),.PCURVE_S1.);
#5023 = ( BOUNDED_CURVE() B_SPLINE_CURVE(2,(#5024,#5025,#5026),
.UNSPECIFIED.,.F.,.F.) B_SPLINE_CURVE_WITH_KNOTS((3,3),(4.660673809365,
6.312894917766),.PIECEWISE_BEZIER_KNOTS.) CURVE() 
GEOMETRIC_REPRESENTATION_ITEM() RATIONAL_B_SPLINE_CURVE((1.,
0.677740792224,1.)) REPRESENTATION_ITEM('') );
#5024 = CARTESIAN_POINT('',(-7.748177182896,-23.97363864444,
    21.117792509309));
#5025 = CARTESIAN_POINT('',(-8.024338347792,-24.69445173684,
    21.117792509309));
#5026 = CARTESIAN_POINT('',(-7.283451905747,-24.91107071839,
    21.117792509309));
#5027 = PCURVE('',#4955,#5028);
#5028 = DEFINITIONAL_REPRESENTATION('',(#5029),#5033);
#5029 = B_SPLINE_CURVE_WITH_KNOTS('',2,(#5030,#5031,#5032),
  .UNSPECIFIED.,.F.,.F.,(3,3),(4.660673809365,6.312894917766),
  .PIECEWISE_BEZIER_KNOTS.);
#5030 = CARTESIAN_POINT('',(4.660673809365,-3.674061943109E-03));
#5031 = CARTESIAN_POINT('',(5.486784363566,-3.674061943109E-03));
#5032 = CARTESIAN_POINT('',(6.312894917766,-3.674061943109E-03));
#5033 = ( GEOMETRIC_REPRESENTATION_CONTEXT(2) 
PARAMETRIC_REPRESENTATION_CONTEXT() REPRESENTATION_CONTEXT('2D SPACE',''
  ) );
#5034 = PCURVE('',#4751,#5035);
#5035 = DEFINITIONAL_REPRESENTATION('',(#5036),#5040);
#5036 = ( BOUNDED_CURVE() B_SPLINE_CURVE(2,(#5037,#5038,#5039),
.UNSPECIFIED.,.F.,.F.) B_SPLINE_CURVE_WITH_KNOTS((3,3),(4.660673809365,
6.312894917766),.PIECEWISE_BEZIER_KNOTS.) CURVE() 
GEOMETRIC_REPRESENTATION_ITEM() RATIONAL_B_SPLINE_CURVE((1.,
0.677740792224,1.)) REPRESENTATION_ITEM('') );
#5037 = CARTESIAN_POINT('',(-6.364037221537E-03,-5.536409263545E-03));
#5038 = CARTESIAN_POINT('',(-7.134909703235E-03,-5.576310643648E-03));
#5039 = CARTESIAN_POINT('',(-7.111980095694E-03,-4.804746818504E-03));
#5040 = ( GEOMETRIC_REPRESENTATION_CONTEXT(2) 
PARAMETRIC_REPRESENTATION_CONTEXT() REPRESENTATION_CONTEXT('2D SPACE',''
  ) );
#5041 = ORIENTED_EDGE('',*,*,#4940,.F.);
#5042 = ORIENTED_EDGE('',*,*,#5043,.F.);
#5043 = EDGE_CURVE('',#4994,#4941,#5044,.T.);
#5044 = SURFACE_CURVE('',#5045,(#5049,#5056),.PCURVE_S1.);
#5045 = ( BOUNDED_CURVE() B_SPLINE_CURVE(2,(#5046,#5047,#5048),
.UNSPECIFIED.,.F.,.F.) B_SPLINE_CURVE_WITH_KNOTS((3,3),(4.660673809365,
6.312894917766),.PIECEWISE_BEZIER_KNOTS.) CURVE() 
GEOMETRIC_REPRESENTATION_ITEM() RATIONAL_B_SPLINE_CURVE((1.,
0.677740792224,1.)) REPRESENTATION_ITEM('') );
#5046 = CARTESIAN_POINT('',(-7.748177182896,-23.97363864444,
    17.4437305662));
#5047 = CARTESIAN_POINT('',(-8.024338347792,-24.69445173684,
    17.4437305662));
#5048 = CARTESIAN_POINT('',(-7.283451905747,-24.91107071839,
    17.4437305662));
#5049 = PCURVE('',#4955,#5050);
#5050 = DEFINITIONAL_REPRESENTATION('',(#5051),#5055);
#5051 = B_SPLINE_CURVE_WITH_KNOTS('',2,(#5052,#5053,#5054),
  .UNSPECIFIED.,.F.,.F.,(3,3),(4.660673809365,6.312894917766),
  .PIECEWISE_BEZIER_KNOTS.);
#5052 = CARTESIAN_POINT('',(4.660673809365,0.));
#5053 = CARTESIAN_POINT('',(5.486784363566,0.));
#5054 = CARTESIAN_POINT('',(6.312894917766,0.));
#5055 = ( GEOMETRIC_REPRESENTATION_CONTEXT(2) 
PARAMETRIC_REPRESENTATION_CONTEXT() REPRESENTATION_CONTEXT('2D SPACE',''
  ) );
#5056 = PCURVE('',#4802,#5057);
#5057 = DEFINITIONAL_REPRESENTATION('',(#5058),#5062);
#5058 = ( BOUNDED_CURVE() B_SPLINE_CURVE(2,(#5059,#5060,#5061),
.UNSPECIFIED.,.F.,.F.) B_SPLINE_CURVE_WITH_KNOTS((3,3),(4.660673809365,
6.312894917766),.PIECEWISE_BEZIER_KNOTS.) CURVE() 
GEOMETRIC_REPRESENTATION_ITEM() RATIONAL_B_SPLINE_CURVE((1.,
0.677740792224,1.)) REPRESENTATION_ITEM('') );
#5059 = CARTESIAN_POINT('',(-6.364037221537E-03,-5.536409263545E-03));
#5060 = CARTESIAN_POINT('',(-7.134909703235E-03,-5.576310643648E-03));
#5061 = CARTESIAN_POINT('',(-7.111980095694E-03,-4.804746818504E-03));
#5062 = ( GEOMETRIC_REPRESENTATION_CONTEXT(2) 
PARAMETRIC_REPRESENTATION_CONTEXT() REPRESENTATION_CONTEXT('2D SPACE',''
  ) );
#5063 = ADVANCED_FACE('',(#5064),#5010,.T.);
#5064 = FACE_BOUND('',#5065,.T.);
#5065 = EDGE_LOOP('',(#5066,#5067,#5087,#5115));
#5066 = ORIENTED_EDGE('',*,*,#4993,.T.);
#5067 = ORIENTED_EDGE('',*,*,#5068,.T.);
#5068 = EDGE_CURVE('',#4996,#5069,#5071,.T.);
#5069 = VERTEX_POINT('',#5070);
#5070 = CARTESIAN_POINT('',(-3.039990993261,-11.68471942504,
    21.117792509309));
#5071 = SURFACE_CURVE('',#5072,(#5075,#5081),.PCURVE_S1.);
#5072 = B_SPLINE_CURVE_WITH_KNOTS('',1,(#5073,#5074),.UNSPECIFIED.,.F.,
  .F.,(2,2),(7.604129429344E-04,1.392037315477E-02),
  .PIECEWISE_BEZIER_KNOTS.);
#5073 = CARTESIAN_POINT('',(-7.748177182896,-23.97363864444,
    21.117792509309));
#5074 = CARTESIAN_POINT('',(-3.039990993261,-11.68471942504,
    21.117792509309));
#5075 = PCURVE('',#5010,#5076);
#5076 = DEFINITIONAL_REPRESENTATION('',(#5077),#5080);
#5077 = B_SPLINE_CURVE_WITH_KNOTS('',1,(#5078,#5079),.UNSPECIFIED.,.F.,
  .F.,(2,2),(7.604129429344E-04,1.392037315477E-02),
  .PIECEWISE_BEZIER_KNOTS.);
#5078 = CARTESIAN_POINT('',(0.,-3.674061943109E-03));
#5079 = CARTESIAN_POINT('',(1.315996021184E-02,-3.674061943109E-03));
#5080 = ( GEOMETRIC_REPRESENTATION_CONTEXT(2) 
PARAMETRIC_REPRESENTATION_CONTEXT() REPRESENTATION_CONTEXT('2D SPACE',''
  ) );
#5081 = PCURVE('',#4751,#5082);
#5082 = DEFINITIONAL_REPRESENTATION('',(#5083),#5086);
#5083 = B_SPLINE_CURVE_WITH_KNOTS('',1,(#5084,#5085),.UNSPECIFIED.,.F.,
  .F.,(2,2),(7.604129429344E-04,1.392037315477E-02),
  .PIECEWISE_BEZIER_KNOTS.);
#5084 = CARTESIAN_POINT('',(-6.364037221537E-03,-5.536409263545E-03));
#5085 = CARTESIAN_POINT('',(6.778329025574E-03,-4.856142989256E-03));
#5086 = ( GEOMETRIC_REPRESENTATION_CONTEXT(2) 
PARAMETRIC_REPRESENTATION_CONTEXT() REPRESENTATION_CONTEXT('2D SPACE',''
  ) );
#5087 = ORIENTED_EDGE('',*,*,#5088,.F.);
#5088 = EDGE_CURVE('',#5089,#5069,#5091,.T.);
#5089 = VERTEX_POINT('',#5090);
#5090 = CARTESIAN_POINT('',(-3.039990993261,-11.68471942504,
    17.4437305662));
#5091 = SURFACE_CURVE('',#5092,(#5095,#5101),.PCURVE_S1.);
#5092 = B_SPLINE_CURVE_WITH_KNOTS('',1,(#5093,#5094),.UNSPECIFIED.,.F.,
  .F.,(2,2),(0.,3.674061943109E-03),.PIECEWISE_BEZIER_KNOTS.);
#5093 = CARTESIAN_POINT('',(-3.039990993261,-11.68471942504,
    17.4437305662));
#5094 = CARTESIAN_POINT('',(-3.039990993261,-11.68471942504,
    21.117792509309));
#5095 = PCURVE('',#5010,#5096);
#5096 = DEFINITIONAL_REPRESENTATION('',(#5097),#5100);
#5097 = B_SPLINE_CURVE_WITH_KNOTS('',1,(#5098,#5099),.UNSPECIFIED.,.F.,
  .F.,(2,2),(0.,3.674061943109E-03),.PIECEWISE_BEZIER_KNOTS.);
#5098 = CARTESIAN_POINT('',(1.315996021184E-02,0.));
#5099 = CARTESIAN_POINT('',(1.315996021184E-02,-3.674061943109E-03));
#5100 = ( GEOMETRIC_REPRESENTATION_CONTEXT(2) 
PARAMETRIC_REPRESENTATION_CONTEXT() REPRESENTATION_CONTEXT('2D SPACE',''
  ) );
#5101 = PCURVE('',#5102,#5109);
#5102 = ( BOUNDED_SURFACE() B_SPLINE_SURFACE(2,1,(
    (#5103,#5104)
    ,(#5105,#5106)
    ,(#5107,#5108
)),.UNSPECIFIED.,.F.,.F.,.F.) B_SPLINE_SURFACE_WITH_KNOTS((3,3),(2,2),(
    4.764104151404,6.173604429653),(-3.674061943109E-03,0.),
.PIECEWISE_BEZIER_KNOTS.) GEOMETRIC_REPRESENTATION_ITEM() 
RATIONAL_B_SPLINE_SURFACE((
    (1.,1.)
    ,(0.761773446286,0.761773446286)
,(1.,1.))) REPRESENTATION_ITEM('') SURFACE() );
#5103 = CARTESIAN_POINT('',(-3.039990993261,-11.68471942504,
    21.117792509309));
#5104 = CARTESIAN_POINT('',(-3.039990993261,-11.68471942504,
    17.4437305662));
#5105 = CARTESIAN_POINT('',(-2.85417314134,-11.19971299586,
    21.117792509309));
#5106 = CARTESIAN_POINT('',(-2.85417314134,-11.19971299586,17.4437305662
    ));
#5107 = CARTESIAN_POINT('',(-2.345620215168,-11.30522807404,
    21.117792509309));
#5108 = CARTESIAN_POINT('',(-2.345620215168,-11.30522807404,
    17.4437305662));
#5109 = DEFINITIONAL_REPRESENTATION('',(#5110),#5114);
#5110 = B_SPLINE_CURVE_WITH_KNOTS('',2,(#5111,#5112,#5113),
  .UNSPECIFIED.,.F.,.F.,(3,3),(0.,3.674061943109E-03),
  .PIECEWISE_BEZIER_KNOTS.);
#5111 = CARTESIAN_POINT('',(4.764104151404,0.));
#5112 = CARTESIAN_POINT('',(4.764104151404,-1.837030971554E-03));
#5113 = CARTESIAN_POINT('',(4.764104151404,-3.674061943109E-03));
#5114 = ( GEOMETRIC_REPRESENTATION_CONTEXT(2) 
PARAMETRIC_REPRESENTATION_CONTEXT() REPRESENTATION_CONTEXT('2D SPACE',''
  ) );
#5115 = ORIENTED_EDGE('',*,*,#5116,.F.);
#5116 = EDGE_CURVE('',#4994,#5089,#5117,.T.);
#5117 = SURFACE_CURVE('',#5118,(#5121,#5127),.PCURVE_S1.);
#5118 = B_SPLINE_CURVE_WITH_KNOTS('',1,(#5119,#5120),.UNSPECIFIED.,.F.,
  .F.,(2,2),(7.604129429344E-04,1.392037315477E-02),
  .PIECEWISE_BEZIER_KNOTS.);
#5119 = CARTESIAN_POINT('',(-7.748177182896,-23.97363864444,
    17.4437305662));
#5120 = CARTESIAN_POINT('',(-3.039990993261,-11.68471942504,
    17.4437305662));
#5121 = PCURVE('',#5010,#5122);
#5122 = DEFINITIONAL_REPRESENTATION('',(#5123),#5126);
#5123 = B_SPLINE_CURVE_WITH_KNOTS('',1,(#5124,#5125),.UNSPECIFIED.,.F.,
  .F.,(2,2),(7.604129429344E-04,1.392037315477E-02),
  .PIECEWISE_BEZIER_KNOTS.);
#5124 = CARTESIAN_POINT('',(0.,0.));
#5125 = CARTESIAN_POINT('',(1.315996021184E-02,0.));
#5126 = ( GEOMETRIC_REPRESENTATION_CONTEXT(2) 
PARAMETRIC_REPRESENTATION_CONTEXT() REPRESENTATION_CONTEXT('2D SPACE',''
  ) );
#5127 = PCURVE('',#4802,#5128);
#5128 = DEFINITIONAL_REPRESENTATION('',(#5129),#5132);
#5129 = B_SPLINE_CURVE_WITH_KNOTS('',1,(#5130,#5131),.UNSPECIFIED.,.F.,
  .F.,(2,2),(7.604129429344E-04,1.392037315477E-02),
  .PIECEWISE_BEZIER_KNOTS.);
#5130 = CARTESIAN_POINT('',(-6.364037221537E-03,-5.536409263545E-03));
#5131 = CARTESIAN_POINT('',(6.778329025574E-03,-4.856142989256E-03));
#5132 = ( GEOMETRIC_REPRESENTATION_CONTEXT(2) 
PARAMETRIC_REPRESENTATION_CONTEXT() REPRESENTATION_CONTEXT('2D SPACE',''
  ) );
#5133 = ADVANCED_FACE('',(#5134),#5102,.T.);
#5134 = FACE_BOUND('',#5135,.T.);
#5135 = EDGE_LOOP('',(#5136,#5137,#5160,#5189));
#5136 = ORIENTED_EDGE('',*,*,#5088,.T.);
#5137 = ORIENTED_EDGE('',*,*,#5138,.T.);
#5138 = EDGE_CURVE('',#5069,#5139,#5141,.T.);
#5139 = VERTEX_POINT('',#5140);
#5140 = CARTESIAN_POINT('',(-2.345620215168,-11.30522807404,
    21.117792509309));
#5141 = SURFACE_CURVE('',#5142,(#5146,#5153),.PCURVE_S1.);
#5142 = ( BOUNDED_CURVE() B_SPLINE_CURVE(2,(#5143,#5144,#5145),
.UNSPECIFIED.,.F.,.F.) B_SPLINE_CURVE_WITH_KNOTS((3,3),(4.764104151404,
6.173604429653),.PIECEWISE_BEZIER_KNOTS.) CURVE() 
GEOMETRIC_REPRESENTATION_ITEM() RATIONAL_B_SPLINE_CURVE((1.,
0.761773446286,1.)) REPRESENTATION_ITEM('') );
#5143 = CARTESIAN_POINT('',(-3.039990993261,-11.68471942504,
    21.117792509309));
#5144 = CARTESIAN_POINT('',(-2.85417314134,-11.19971299586,
    21.117792509309));
#5145 = CARTESIAN_POINT('',(-2.345620215168,-11.30522807404,
    21.117792509309));
#5146 = PCURVE('',#5102,#5147);
#5147 = DEFINITIONAL_REPRESENTATION('',(#5148),#5152);
#5148 = B_SPLINE_CURVE_WITH_KNOTS('',2,(#5149,#5150,#5151),
  .UNSPECIFIED.,.F.,.F.,(3,3),(4.764104151404,6.173604429653),
  .PIECEWISE_BEZIER_KNOTS.);
#5149 = CARTESIAN_POINT('',(4.764104151404,-3.674061943109E-03));
#5150 = CARTESIAN_POINT('',(5.468854290529,-3.674061943109E-03));
#5151 = CARTESIAN_POINT('',(6.173604429653,-3.674061943109E-03));
#5152 = ( GEOMETRIC_REPRESENTATION_CONTEXT(2) 
PARAMETRIC_REPRESENTATION_CONTEXT() REPRESENTATION_CONTEXT('2D SPACE',''
  ) );
#5153 = PCURVE('',#4751,#5154);
#5154 = DEFINITIONAL_REPRESENTATION('',(#5155),#5159);
#5155 = ( BOUNDED_CURVE() B_SPLINE_CURVE(2,(#5156,#5157,#5158),
.UNSPECIFIED.,.F.,.F.) B_SPLINE_CURVE_WITH_KNOTS((3,3),(4.764104151404,
6.173604429653),.PIECEWISE_BEZIER_KNOTS.) CURVE() 
GEOMETRIC_REPRESENTATION_ITEM() RATIONAL_B_SPLINE_CURVE((1.,
0.761773446286,1.)) REPRESENTATION_ITEM('') );
#5156 = CARTESIAN_POINT('',(6.778329025574E-03,-4.856142989256E-03));
#5157 = CARTESIAN_POINT('',(7.297018424596E-03,-4.829294939343E-03));
#5158 = CARTESIAN_POINT('',(7.353819118649E-03,-4.313026412704E-03));
#5159 = ( GEOMETRIC_REPRESENTATION_CONTEXT(2) 
PARAMETRIC_REPRESENTATION_CONTEXT() REPRESENTATION_CONTEXT('2D SPACE',''
  ) );
#5160 = ORIENTED_EDGE('',*,*,#5161,.F.);
#5161 = EDGE_CURVE('',#5162,#5139,#5164,.T.);
#5162 = VERTEX_POINT('',#5163);
#5163 = CARTESIAN_POINT('',(-2.345620215168,-11.30522807404,
    17.4437305662));
#5164 = SURFACE_CURVE('',#5165,(#5168,#5175),.PCURVE_S1.);
#5165 = B_SPLINE_CURVE_WITH_KNOTS('',1,(#5166,#5167),.UNSPECIFIED.,.F.,
  .F.,(2,2),(0.,3.674061943109E-03),.PIECEWISE_BEZIER_KNOTS.);
#5166 = CARTESIAN_POINT('',(-2.345620215168,-11.30522807404,
    17.4437305662));
#5167 = CARTESIAN_POINT('',(-2.345620215168,-11.30522807404,
    21.117792509309));
#5168 = PCURVE('',#5102,#5169);
#5169 = DEFINITIONAL_REPRESENTATION('',(#5170),#5174);
#5170 = B_SPLINE_CURVE_WITH_KNOTS('',2,(#5171,#5172,#5173),
  .UNSPECIFIED.,.F.,.F.,(3,3),(0.,3.674061943109E-03),
  .PIECEWISE_BEZIER_KNOTS.);
#5171 = CARTESIAN_POINT('',(6.173604429653,0.));
#5172 = CARTESIAN_POINT('',(6.173604429653,-1.837030971554E-03));
#5173 = CARTESIAN_POINT('',(6.173604429653,-3.674061943109E-03));
#5174 = ( GEOMETRIC_REPRESENTATION_CONTEXT(2) 
PARAMETRIC_REPRESENTATION_CONTEXT() REPRESENTATION_CONTEXT('2D SPACE',''
  ) );
#5175 = PCURVE('',#5176,#5183);
#5176 = ( BOUNDED_SURFACE() B_SPLINE_SURFACE(2,1,(
    (#5177,#5178)
    ,(#5179,#5180)
    ,(#5181,#5182
)),.UNSPECIFIED.,.F.,.F.,.F.) B_SPLINE_SURFACE_WITH_KNOTS((3,3),(2,2),(
    3.251173531116,3.607760365589),(-3.674061943109E-03,0.),
.PIECEWISE_BEZIER_KNOTS.) GEOMETRIC_REPRESENTATION_ITEM() 
RATIONAL_B_SPLINE_SURFACE((
    (1.,1.)
    ,(0.984147788739,0.984147788739)
,(1.,1.))) REPRESENTATION_ITEM('') SURFACE() );
#5177 = CARTESIAN_POINT('',(-2.345620215168,-11.30522807404,
    21.117792509309));
#5178 = CARTESIAN_POINT('',(-2.345620215168,-11.30522807404,
    17.4437305662));
#5179 = CARTESIAN_POINT('',(-0.308339183158,-11.72792521393,
    21.117792509309));
#5180 = CARTESIAN_POINT('',(-0.308339183158,-11.72792521393,
    17.4437305662));
#5181 = CARTESIAN_POINT('',(1.748338313626,-11.41286244292,
    21.117792509309));
#5182 = CARTESIAN_POINT('',(1.748338313626,-11.41286244292,17.4437305662
    ));
#5183 = DEFINITIONAL_REPRESENTATION('',(#5184),#5188);
#5184 = B_SPLINE_CURVE_WITH_KNOTS('',2,(#5185,#5186,#5187),
  .UNSPECIFIED.,.F.,.F.,(3,3),(0.,3.674061943109E-03),
  .PIECEWISE_BEZIER_KNOTS.);
#5185 = CARTESIAN_POINT('',(3.251173531116,0.));
#5186 = CARTESIAN_POINT('',(3.251173531116,-1.837030971554E-03));
#5187 = CARTESIAN_POINT('',(3.251173531116,-3.674061943109E-03));
#5188 = ( GEOMETRIC_REPRESENTATION_CONTEXT(2) 
PARAMETRIC_REPRESENTATION_CONTEXT() REPRESENTATION_CONTEXT('2D SPACE',''
  ) );
#5189 = ORIENTED_EDGE('',*,*,#5190,.F.);
#5190 = EDGE_CURVE('',#5089,#5162,#5191,.T.);
#5191 = SURFACE_CURVE('',#5192,(#5196,#5203),.PCURVE_S1.);
#5192 = ( BOUNDED_CURVE() B_SPLINE_CURVE(2,(#5193,#5194,#5195),
.UNSPECIFIED.,.F.,.F.) B_SPLINE_CURVE_WITH_KNOTS((3,3),(4.764104151404,
6.173604429653),.PIECEWISE_BEZIER_KNOTS.) CURVE() 
GEOMETRIC_REPRESENTATION_ITEM() RATIONAL_B_SPLINE_CURVE((1.,
0.761773446286,1.)) REPRESENTATION_ITEM('') );
#5193 = CARTESIAN_POINT('',(-3.039990993261,-11.68471942504,
    17.4437305662));
#5194 = CARTESIAN_POINT('',(-2.85417314134,-11.19971299586,17.4437305662
    ));
#5195 = CARTESIAN_POINT('',(-2.345620215168,-11.30522807404,
    17.4437305662));
#5196 = PCURVE('',#5102,#5197);
#5197 = DEFINITIONAL_REPRESENTATION('',(#5198),#5202);
#5198 = B_SPLINE_CURVE_WITH_KNOTS('',2,(#5199,#5200,#5201),
  .UNSPECIFIED.,.F.,.F.,(3,3),(4.764104151404,6.173604429653),
  .PIECEWISE_BEZIER_KNOTS.);
#5199 = CARTESIAN_POINT('',(4.764104151404,0.));
#5200 = CARTESIAN_POINT('',(5.468854290529,0.));
#5201 = CARTESIAN_POINT('',(6.173604429653,0.));
#5202 = ( GEOMETRIC_REPRESENTATION_CONTEXT(2) 
PARAMETRIC_REPRESENTATION_CONTEXT() REPRESENTATION_CONTEXT('2D SPACE',''
  ) );
#5203 = PCURVE('',#4802,#5204);
#5204 = DEFINITIONAL_REPRESENTATION('',(#5205),#5209);
#5205 = ( BOUNDED_CURVE() B_SPLINE_CURVE(2,(#5206,#5207,#5208),
.UNSPECIFIED.,.F.,.F.) B_SPLINE_CURVE_WITH_KNOTS((3,3),(4.764104151404,
6.173604429653),.PIECEWISE_BEZIER_KNOTS.) CURVE() 
GEOMETRIC_REPRESENTATION_ITEM() RATIONAL_B_SPLINE_CURVE((1.,
0.761773446286,1.)) REPRESENTATION_ITEM('') );
#5206 = CARTESIAN_POINT('',(6.778329025574E-03,-4.856142989256E-03));
#5207 = CARTESIAN_POINT('',(7.297018424596E-03,-4.829294939343E-03));
#5208 = CARTESIAN_POINT('',(7.353819118649E-03,-4.313026412704E-03));
#5209 = ( GEOMETRIC_REPRESENTATION_CONTEXT(2) 
PARAMETRIC_REPRESENTATION_CONTEXT() REPRESENTATION_CONTEXT('2D SPACE',''
  ) );
#5210 = ADVANCED_FACE('',(#5211),#5176,.T.);
#5211 = FACE_BOUND('',#5212,.T.);
#5212 = EDGE_LOOP('',(#5213,#5214,#5237,#5260,#5282));
#5213 = ORIENTED_EDGE('',*,*,#5161,.T.);
#5214 = ORIENTED_EDGE('',*,*,#5215,.T.);
#5215 = EDGE_CURVE('',#5139,#5216,#5218,.T.);
#5216 = VERTEX_POINT('',#5217);
#5217 = CARTESIAN_POINT('',(0.,-11.546,21.117792509309));
#5218 = SURFACE_CURVE('',#5219,(#5223,#5230),.PCURVE_S1.);
#5219 = ( BOUNDED_CURVE() B_SPLINE_CURVE(2,(#5220,#5221,#5222),
.UNSPECIFIED.,.F.,.F.) B_SPLINE_CURVE_WITH_KNOTS((3,3),(3.251173531116,
3.455751918949),.PIECEWISE_BEZIER_KNOTS.) CURVE() 
GEOMETRIC_REPRESENTATION_ITEM() RATIONAL_B_SPLINE_CURVE((1.,
0.994773020314,1.)) REPRESENTATION_ITEM('') );
#5220 = CARTESIAN_POINT('',(-2.345620215168,-11.30522807404,
    21.117792509309));
#5221 = CARTESIAN_POINT('',(-1.185167419299,-11.546,21.117792509309));
#5222 = CARTESIAN_POINT('',(-1.734723475977E-15,-11.546,21.117792509309)
  );
#5223 = PCURVE('',#5176,#5224);
#5224 = DEFINITIONAL_REPRESENTATION('',(#5225),#5229);
#5225 = B_SPLINE_CURVE_WITH_KNOTS('',2,(#5226,#5227,#5228),
  .UNSPECIFIED.,.F.,.F.,(3,3),(3.251173531116,3.455751918949),
  .PIECEWISE_BEZIER_KNOTS.);
#5226 = CARTESIAN_POINT('',(3.251173531116,-3.674061943109E-03));
#5227 = CARTESIAN_POINT('',(3.353826671747,-3.674061943109E-03));
#5228 = CARTESIAN_POINT('',(3.455683761404,-3.674061943109E-03));
#5229 = ( GEOMETRIC_REPRESENTATION_CONTEXT(2) 
PARAMETRIC_REPRESENTATION_CONTEXT() REPRESENTATION_CONTEXT('2D SPACE',''
  ) );
#5230 = PCURVE('',#4751,#5231);
#5231 = DEFINITIONAL_REPRESENTATION('',(#5232),#5236);
#5232 = ( BOUNDED_CURVE() B_SPLINE_CURVE(2,(#5233,#5234,#5235),
.UNSPECIFIED.,.F.,.F.) B_SPLINE_CURVE_WITH_KNOTS((3,3),(3.251173531116,
3.455751918949),.PIECEWISE_BEZIER_KNOTS.) CURVE() 
GEOMETRIC_REPRESENTATION_ITEM() RATIONAL_B_SPLINE_CURVE((1.,
0.994773020314,1.)) REPRESENTATION_ITEM('') );
#5233 = CARTESIAN_POINT('',(7.353819118649E-03,-4.313026412704E-03));
#5234 = CARTESIAN_POINT('',(7.483431044623E-03,-3.134967602452E-03));
#5235 = CARTESIAN_POINT('',(7.849667918366E-03,-2.007806405427E-03));
#5236 = ( GEOMETRIC_REPRESENTATION_CONTEXT(2) 
PARAMETRIC_REPRESENTATION_CONTEXT() REPRESENTATION_CONTEXT('2D SPACE',''
  ) );
#5237 = ORIENTED_EDGE('',*,*,#5238,.T.);
#5238 = EDGE_CURVE('',#5216,#5239,#5241,.T.);
#5239 = VERTEX_POINT('',#5240);
#5240 = CARTESIAN_POINT('',(1.748338313626,-11.41286244292,
    21.117792509309));
#5241 = SURFACE_CURVE('',#5242,(#5246,#5253),.PCURVE_S1.);
#5242 = ( BOUNDED_CURVE() B_SPLINE_CURVE(2,(#5243,#5244,#5245),
.UNSPECIFIED.,.F.,.F.) B_SPLINE_CURVE_WITH_KNOTS((3,3),(3.455751918949,
3.607760365589),.PIECEWISE_BEZIER_KNOTS.) CURVE() 
GEOMETRIC_REPRESENTATION_ITEM() RATIONAL_B_SPLINE_CURVE((1.,
0.997113069151,1.)) REPRESENTATION_ITEM('') );
#5243 = CARTESIAN_POINT('',(-1.734723475977E-15,-11.546,21.117792509309)
  );
#5244 = CARTESIAN_POINT('',(0.87923843001,-11.546,21.117792509309));
#5245 = CARTESIAN_POINT('',(1.748338313626,-11.41286244292,
    21.117792509309));
#5246 = PCURVE('',#5176,#5247);
#5247 = DEFINITIONAL_REPRESENTATION('',(#5248),#5252);
#5248 = B_SPLINE_CURVE_WITH_KNOTS('',2,(#5249,#5250,#5251),
  .UNSPECIFIED.,.F.,.F.,(3,3),(3.455751918949,3.607760365589),
  .PIECEWISE_BEZIER_KNOTS.);
#5249 = CARTESIAN_POINT('',(3.455683761404,-3.674061943109E-03));
#5250 = CARTESIAN_POINT('',(3.5314260863,-3.674061943109E-03));
#5251 = CARTESIAN_POINT('',(3.607760365589,-3.674061943109E-03));
#5252 = ( GEOMETRIC_REPRESENTATION_CONTEXT(2) 
PARAMETRIC_REPRESENTATION_CONTEXT() REPRESENTATION_CONTEXT('2D SPACE',''
  ) );
#5253 = PCURVE('',#4751,#5254);
#5254 = DEFINITIONAL_REPRESENTATION('',(#5255),#5259);
#5255 = ( BOUNDED_CURVE() B_SPLINE_CURVE(2,(#5256,#5257,#5258),
.UNSPECIFIED.,.F.,.F.) B_SPLINE_CURVE_WITH_KNOTS((3,3),(3.455751918949,
3.607760365589),.PIECEWISE_BEZIER_KNOTS.) CURVE() 
GEOMETRIC_REPRESENTATION_ITEM() RATIONAL_B_SPLINE_CURVE((1.,
0.997113069151,1.)) REPRESENTATION_ITEM('') );
#5256 = CARTESIAN_POINT('',(7.849667918366E-03,-2.007806405427E-03));
#5257 = CARTESIAN_POINT('',(8.121367535346E-03,-1.171600967189E-03));
#5258 = CARTESIAN_POINT('',(8.516555510414E-03,-3.861796272901E-04));
#5259 = ( GEOMETRIC_REPRESENTATION_CONTEXT(2) 
PARAMETRIC_REPRESENTATION_CONTEXT() REPRESENTATION_CONTEXT('2D SPACE',''
  ) );
#5260 = ORIENTED_EDGE('',*,*,#5261,.F.);
#5261 = EDGE_CURVE('',#5262,#5239,#5264,.T.);
#5262 = VERTEX_POINT('',#5263);
#5263 = CARTESIAN_POINT('',(1.748338313626,-11.41286244292,17.4437305662
    ));
#5264 = SURFACE_CURVE('',#5265,(#5268,#5275),.PCURVE_S1.);
#5265 = B_SPLINE_CURVE_WITH_KNOTS('',1,(#5266,#5267),.UNSPECIFIED.,.F.,
  .F.,(2,2),(0.,3.674061943109E-03),.PIECEWISE_BEZIER_KNOTS.);
#5266 = CARTESIAN_POINT('',(1.748338313626,-11.41286244292,17.4437305662
    ));
#5267 = CARTESIAN_POINT('',(1.748338313626,-11.41286244292,
    21.117792509309));
#5268 = PCURVE('',#5176,#5269);
#5269 = DEFINITIONAL_REPRESENTATION('',(#5270),#5274);
#5270 = B_SPLINE_CURVE_WITH_KNOTS('',2,(#5271,#5272,#5273),
  .UNSPECIFIED.,.F.,.F.,(3,3),(0.,3.674061943109E-03),
  .PIECEWISE_BEZIER_KNOTS.);
#5271 = CARTESIAN_POINT('',(3.607760365589,0.));
#5272 = CARTESIAN_POINT('',(3.607760365589,-1.837030971554E-03));
#5273 = CARTESIAN_POINT('',(3.607760365589,-3.674061943109E-03));
#5274 = ( GEOMETRIC_REPRESENTATION_CONTEXT(2) 
PARAMETRIC_REPRESENTATION_CONTEXT() REPRESENTATION_CONTEXT('2D SPACE',''
  ) );
#5275 = PCURVE('',#4723,#5276);
#5276 = DEFINITIONAL_REPRESENTATION('',(#5277),#5281);
#5277 = B_SPLINE_CURVE_WITH_KNOTS('',2,(#5278,#5279,#5280),
  .UNSPECIFIED.,.F.,.F.,(3,3),(0.,3.674061943109E-03),
  .PIECEWISE_BEZIER_KNOTS.);
#5278 = CARTESIAN_POINT('',(5.817017595181,0.));
#5279 = CARTESIAN_POINT('',(5.817017595181,-1.837030971554E-03));
#5280 = CARTESIAN_POINT('',(5.817017595181,-3.674061943109E-03));
#5281 = ( GEOMETRIC_REPRESENTATION_CONTEXT(2) 
PARAMETRIC_REPRESENTATION_CONTEXT() REPRESENTATION_CONTEXT('2D SPACE',''
  ) );
#5282 = ORIENTED_EDGE('',*,*,#5283,.F.);
#5283 = EDGE_CURVE('',#5162,#5262,#5284,.T.);
#5284 = SURFACE_CURVE('',#5285,(#5289,#5296),.PCURVE_S1.);
#5285 = ( BOUNDED_CURVE() B_SPLINE_CURVE(2,(#5286,#5287,#5288),
.UNSPECIFIED.,.F.,.F.) B_SPLINE_CURVE_WITH_KNOTS((3,3),(3.251173531116,
3.607760365589),.PIECEWISE_BEZIER_KNOTS.) CURVE() 
GEOMETRIC_REPRESENTATION_ITEM() RATIONAL_B_SPLINE_CURVE((1.,
0.984147788739,1.)) REPRESENTATION_ITEM('') );
#5286 = CARTESIAN_POINT('',(-2.345620215168,-11.30522807404,
    17.4437305662));
#5287 = CARTESIAN_POINT('',(-0.308339183158,-11.72792521393,
    17.4437305662));
#5288 = CARTESIAN_POINT('',(1.748338313626,-11.41286244292,17.4437305662
    ));
#5289 = PCURVE('',#5176,#5290);
#5290 = DEFINITIONAL_REPRESENTATION('',(#5291),#5295);
#5291 = B_SPLINE_CURVE_WITH_KNOTS('',2,(#5292,#5293,#5294),
  .UNSPECIFIED.,.F.,.F.,(3,3),(3.251173531116,3.607760365589),
  .PIECEWISE_BEZIER_KNOTS.);
#5292 = CARTESIAN_POINT('',(3.251173531116,0.));
#5293 = CARTESIAN_POINT('',(3.429466948352,0.));
#5294 = CARTESIAN_POINT('',(3.607760365589,0.));
#5295 = ( GEOMETRIC_REPRESENTATION_CONTEXT(2) 
PARAMETRIC_REPRESENTATION_CONTEXT() REPRESENTATION_CONTEXT('2D SPACE',''
  ) );
#5296 = PCURVE('',#4802,#5297);
#5297 = DEFINITIONAL_REPRESENTATION('',(#5298),#5302);
#5298 = ( BOUNDED_CURVE() B_SPLINE_CURVE(2,(#5299,#5300,#5301),
.UNSPECIFIED.,.F.,.F.) B_SPLINE_CURVE_WITH_KNOTS((3,3),(3.251173531116,
3.607760365589),.PIECEWISE_BEZIER_KNOTS.) CURVE() 
GEOMETRIC_REPRESENTATION_ITEM() RATIONAL_B_SPLINE_CURVE((1.,
0.984147788739,1.)) REPRESENTATION_ITEM('') );
#5299 = CARTESIAN_POINT('',(7.353819118649E-03,-4.313026412704E-03));
#5300 = CARTESIAN_POINT('',(7.58136471055E-03,-2.244836411988E-03));
#5301 = CARTESIAN_POINT('',(8.516555510414E-03,-3.861796272901E-04));
#5302 = ( GEOMETRIC_REPRESENTATION_CONTEXT(2) 
PARAMETRIC_REPRESENTATION_CONTEXT() REPRESENTATION_CONTEXT('2D SPACE',''
  ) );
#5303 = ADVANCED_FACE('',(#5304),#4723,.T.);
#5304 = FACE_BOUND('',#5305,.T.);
#5305 = EDGE_LOOP('',(#5306,#5307,#5328,#5329));
#5306 = ORIENTED_EDGE('',*,*,#5261,.T.);
#5307 = ORIENTED_EDGE('',*,*,#5308,.T.);
#5308 = EDGE_CURVE('',#5239,#4705,#5309,.T.);
#5309 = SURFACE_CURVE('',#5310,(#5314,#5321),.PCURVE_S1.);
#5310 = ( BOUNDED_CURVE() B_SPLINE_CURVE(2,(#5311,#5312,#5313),
.UNSPECIFIED.,.F.,.F.) B_SPLINE_CURVE_WITH_KNOTS((3,3),(5.817017595181,
7.22651787343),.PIECEWISE_BEZIER_KNOTS.) CURVE() 
GEOMETRIC_REPRESENTATION_ITEM() RATIONAL_B_SPLINE_CURVE((1.,
0.761773446286,1.)) REPRESENTATION_ITEM('') );
#5311 = CARTESIAN_POINT('',(1.748338313626,-11.41286244292,
    21.117792509309));
#5312 = CARTESIAN_POINT('',(2.261733050409,-11.334215417,21.117792509309
    ));
#5313 = CARTESIAN_POINT('',(2.421809181187,-11.82831575377,
    21.117792509309));
#5314 = PCURVE('',#4723,#5315);
#5315 = DEFINITIONAL_REPRESENTATION('',(#5316),#5320);
#5316 = B_SPLINE_CURVE_WITH_KNOTS('',2,(#5317,#5318,#5319),
  .UNSPECIFIED.,.F.,.F.,(3,3),(5.817017595181,7.22651787343),
  .PIECEWISE_BEZIER_KNOTS.);
#5317 = CARTESIAN_POINT('',(5.817017595181,-3.674061943109E-03));
#5318 = CARTESIAN_POINT('',(6.521767734306,-3.674061943109E-03));
#5319 = CARTESIAN_POINT('',(7.22651787343,-3.674061943109E-03));
#5320 = ( GEOMETRIC_REPRESENTATION_CONTEXT(2) 
PARAMETRIC_REPRESENTATION_CONTEXT() REPRESENTATION_CONTEXT('2D SPACE',''
  ) );
#5321 = PCURVE('',#4751,#5322);
#5322 = DEFINITIONAL_REPRESENTATION('',(#5323),#5327);
#5323 = ( BOUNDED_CURVE() B_SPLINE_CURVE(2,(#5324,#5325,#5326),
.UNSPECIFIED.,.F.,.F.) B_SPLINE_CURVE_WITH_KNOTS((3,3),(5.817017595181,
7.22651787343),.PIECEWISE_BEZIER_KNOTS.) CURVE() 
GEOMETRIC_REPRESENTATION_ITEM() RATIONAL_B_SPLINE_CURVE((1.,
0.761773446286,1.)) REPRESENTATION_ITEM('') );
#5324 = CARTESIAN_POINT('',(8.516555510414E-03,-3.861796272901E-04));
#5325 = CARTESIAN_POINT('',(8.750000975388E-03,7.778451499398E-05));
#5326 = CARTESIAN_POINT('',(8.329549875202E-03,3.82711363262E-04));
#5327 = ( GEOMETRIC_REPRESENTATION_CONTEXT(2) 
PARAMETRIC_REPRESENTATION_CONTEXT() REPRESENTATION_CONTEXT('2D SPACE',''
  ) );
#5328 = ORIENTED_EDGE('',*,*,#4702,.F.);
#5329 = ORIENTED_EDGE('',*,*,#5330,.F.);
#5330 = EDGE_CURVE('',#5262,#4703,#5331,.T.);
#5331 = SURFACE_CURVE('',#5332,(#5336,#5343),.PCURVE_S1.);
#5332 = ( BOUNDED_CURVE() B_SPLINE_CURVE(2,(#5333,#5334,#5335),
.UNSPECIFIED.,.F.,.F.) B_SPLINE_CURVE_WITH_KNOTS((3,3),(5.817017595181,
7.22651787343),.PIECEWISE_BEZIER_KNOTS.) CURVE() 
GEOMETRIC_REPRESENTATION_ITEM() RATIONAL_B_SPLINE_CURVE((1.,
0.761773446286,1.)) REPRESENTATION_ITEM('') );
#5333 = CARTESIAN_POINT('',(1.748338313626,-11.41286244292,17.4437305662
    ));
#5334 = CARTESIAN_POINT('',(2.261733050409,-11.334215417,17.4437305662)
  );
#5335 = CARTESIAN_POINT('',(2.421809181187,-11.82831575377,17.4437305662
    ));
#5336 = PCURVE('',#4723,#5337);
#5337 = DEFINITIONAL_REPRESENTATION('',(#5338),#5342);
#5338 = B_SPLINE_CURVE_WITH_KNOTS('',2,(#5339,#5340,#5341),
  .UNSPECIFIED.,.F.,.F.,(3,3),(5.817017595181,7.22651787343),
  .PIECEWISE_BEZIER_KNOTS.);
#5339 = CARTESIAN_POINT('',(5.817017595181,0.));
#5340 = CARTESIAN_POINT('',(6.521767734306,0.));
#5341 = CARTESIAN_POINT('',(7.22651787343,0.));
#5342 = ( GEOMETRIC_REPRESENTATION_CONTEXT(2) 
PARAMETRIC_REPRESENTATION_CONTEXT() REPRESENTATION_CONTEXT('2D SPACE',''
  ) );
#5343 = PCURVE('',#4802,#5344);
#5344 = DEFINITIONAL_REPRESENTATION('',(#5345),#5349);
#5345 = ( BOUNDED_CURVE() B_SPLINE_CURVE(2,(#5346,#5347,#5348),
.UNSPECIFIED.,.F.,.F.) B_SPLINE_CURVE_WITH_KNOTS((3,3),(5.817017595181,
7.22651787343),.PIECEWISE_BEZIER_KNOTS.) CURVE() 
GEOMETRIC_REPRESENTATION_ITEM() RATIONAL_B_SPLINE_CURVE((1.,
0.761773446286,1.)) REPRESENTATION_ITEM('') );
#5346 = CARTESIAN_POINT('',(8.516555510414E-03,-3.861796272901E-04));
#5347 = CARTESIAN_POINT('',(8.750000975388E-03,7.778451499398E-05));
#5348 = CARTESIAN_POINT('',(8.329549875202E-03,3.82711363262E-04));
#5349 = ( GEOMETRIC_REPRESENTATION_CONTEXT(2) 
PARAMETRIC_REPRESENTATION_CONTEXT() REPRESENTATION_CONTEXT('2D SPACE',''
  ) );
#5350 = ADVANCED_FACE('',(#5351),#4802,.T.);
#5351 = FACE_BOUND('',#5352,.T.);
#5352 = EDGE_LOOP('',(#5353,#5354,#5355,#5356,#5357,#5358,#5359,#5360));
#5353 = ORIENTED_EDGE('',*,*,#4790,.T.);
#5354 = ORIENTED_EDGE('',*,*,#4869,.F.);
#5355 = ORIENTED_EDGE('',*,*,#4969,.T.);
#5356 = ORIENTED_EDGE('',*,*,#5043,.F.);
#5357 = ORIENTED_EDGE('',*,*,#5116,.T.);
#5358 = ORIENTED_EDGE('',*,*,#5190,.T.);
#5359 = ORIENTED_EDGE('',*,*,#5283,.T.);
#5360 = ORIENTED_EDGE('',*,*,#5330,.T.);
#5361 = ADVANCED_FACE('',(#5362),#4751,.F.);
#5362 = FACE_BOUND('',#5363,.F.);
#5363 = EDGE_LOOP('',(#5364,#5365,#5366,#5367,#5368,#5369,#5370,#5371,
    #5372,#5373));
#5364 = ORIENTED_EDGE('',*,*,#4737,.T.);
#5365 = ORIENTED_EDGE('',*,*,#4847,.F.);
#5366 = ORIENTED_EDGE('',*,*,#4894,.T.);
#5367 = ORIENTED_EDGE('',*,*,#4917,.T.);
#5368 = ORIENTED_EDGE('',*,*,#5021,.F.);
#5369 = ORIENTED_EDGE('',*,*,#5068,.T.);
#5370 = ORIENTED_EDGE('',*,*,#5138,.T.);
#5371 = ORIENTED_EDGE('',*,*,#5215,.T.);
#5372 = ORIENTED_EDGE('',*,*,#5238,.T.);
#5373 = ORIENTED_EDGE('',*,*,#5308,.T.);
#5374 = ( GEOMETRIC_REPRESENTATION_CONTEXT(3) 
GLOBAL_UNCERTAINTY_ASSIGNED_CONTEXT((#5378)) 
GLOBAL_UNIT_ASSIGNED_CONTEXT((#5375,#5376,#5377)) REPRESENTATION_CONTEXT
('Context #1','3D Context with UNIT and UNCERTAINTY') );
#5375 = ( LENGTH_UNIT() NAMED_UNIT(*) SI_UNIT(.MILLI.,.METRE.) );
#5376 = ( NAMED_UNIT(*) PLANE_ANGLE_UNIT() SI_UNIT($,.RADIAN.) );
#5377 = ( NAMED_UNIT(*) SI_UNIT($,.STERADIAN.) SOLID_ANGLE_UNIT() );
#5378 = UNCERTAINTY_MEASURE_WITH_UNIT(LENGTH_MEASURE(2.E-04),#5375,
  'distance_accuracy_value','confusion accuracy');
#5379 = CONTEXT_DEPENDENT_SHAPE_REPRESENTATION(#5380,#5382);
#5380 = ( REPRESENTATION_RELATIONSHIP('','',#4695,#10) 
REPRESENTATION_RELATIONSHIP_WITH_TRANSFORMATION(#5381) 
SHAPE_REPRESENTATION_RELATIONSHIP() );
#5381 = ITEM_DEFINED_TRANSFORMATION('','',#11,#43);
#5382 = PRODUCT_DEFINITION_SHAPE('Placement','Placement of an item',
  #5383);
#5383 = NEXT_ASSEMBLY_USAGE_OCCURRENCE('50','','',#5,#4690,$);
#5384 = PRODUCT_RELATED_PRODUCT_CATEGORY('part',$,(#4692));
#5385 = SHAPE_DEFINITION_REPRESENTATION(#5386,#5392);
#5386 = PRODUCT_DEFINITION_SHAPE('','',#5387);
#5387 = PRODUCT_DEFINITION('design','',#5388,#5391);
#5388 = PRODUCT_DEFINITION_FORMATION('','',#5389);
#5389 = PRODUCT('Open CASCADE STEP translator 7.7 2.9',
  'Open CASCADE STEP translator 7.7 2.9','',(#5390));
#5390 = PRODUCT_CONTEXT('',#2,'mechanical');
#5391 = PRODUCT_DEFINITION_CONTEXT('part definition',#2,'design');
#5392 = ADVANCED_BREP_SHAPE_REPRESENTATION('',(#11,#5393),#6023);
#5393 = MANIFOLD_SOLID_BREP('',#5394);
#5394 = CLOSED_SHELL('',(#5395,#5509,#5586,#5663,#5737,#5807,#5884,#5954
    ,#6001,#6012));
#5395 = ADVANCED_FACE('',(#5396),#5409,.T.);
#5396 = FACE_BOUND('',#5397,.T.);
#5397 = EDGE_LOOP('',(#5398,#5433,#5458,#5486));
#5398 = ORIENTED_EDGE('',*,*,#5399,.T.);
#5399 = EDGE_CURVE('',#5400,#5402,#5404,.T.);
#5400 = VERTEX_POINT('',#5401);
#5401 = CARTESIAN_POINT('',(10.501016580308,5.958427985742,17.4437305662
    ));
#5402 = VERTEX_POINT('',#5403);
#5403 = CARTESIAN_POINT('',(10.501016580308,5.958427985742,
    21.117792509309));
#5404 = SURFACE_CURVE('',#5405,(#5408,#5419),.PCURVE_S1.);
#5405 = B_SPLINE_CURVE_WITH_KNOTS('',1,(#5406,#5407),.UNSPECIFIED.,.F.,
  .F.,(2,2),(0.,3.674061943109E-03),.PIECEWISE_BEZIER_KNOTS.);
#5406 = CARTESIAN_POINT('',(10.501016580308,5.958427985742,17.4437305662
    ));
#5407 = CARTESIAN_POINT('',(10.501016580308,5.958427985742,
    21.117792509309));
#5408 = PCURVE('',#5409,#5414);
#5409 = B_SPLINE_SURFACE_WITH_KNOTS('',1,1,(
    (#5410,#5411)
    ,(#5412,#5413
    )),.UNSPECIFIED.,.F.,.F.,.F.,(2,2),(2,2),(0.,1.315996021184E-02),(
    -3.674061943109E-03,0.),.PIECEWISE_BEZIER_KNOTS.);
#5410 = CARTESIAN_POINT('',(10.501016580308,5.958427985742,
    21.117792509309));
#5411 = CARTESIAN_POINT('',(10.501016580308,5.958427985742,17.4437305662
    ));
#5412 = CARTESIAN_POINT('',(21.15425599114,13.684555271299,
    21.117792509309));
#5413 = CARTESIAN_POINT('',(21.15425599114,13.684555271299,17.4437305662
    ));
#5414 = DEFINITIONAL_REPRESENTATION('',(#5415),#5418);
#5415 = B_SPLINE_CURVE_WITH_KNOTS('',1,(#5416,#5417),.UNSPECIFIED.,.F.,
  .F.,(2,2),(0.,3.674061943109E-03),.PIECEWISE_BEZIER_KNOTS.);
#5416 = CARTESIAN_POINT('',(0.,0.));
#5417 = CARTESIAN_POINT('',(0.,-3.674061943109E-03));
#5418 = ( GEOMETRIC_REPRESENTATION_CONTEXT(2) 
PARAMETRIC_REPRESENTATION_CONTEXT() REPRESENTATION_CONTEXT('2D SPACE',''
  ) );
#5419 = PCURVE('',#5420,#5427);
#5420 = ( BOUNDED_SURFACE() B_SPLINE_SURFACE(2,1,(
    (#5421,#5422)
    ,(#5423,#5424)
    ,(#5425,#5426
)),.UNSPECIFIED.,.F.,.F.,.F.) B_SPLINE_SURFACE_WITH_KNOTS((3,3),(2,2),(
    5.817017595181,7.22651787343),(-3.674061943109E-03,0.),
.PIECEWISE_BEZIER_KNOTS.) GEOMETRIC_REPRESENTATION_ITEM() 
RATIONAL_B_SPLINE_SURFACE((
    (1.,1.)
    ,(0.761773446286,0.761773446286)
,(1.,1.))) REPRESENTATION_ITEM('') SURFACE() );
#5421 = CARTESIAN_POINT('',(10.314010945096,5.18953699519,
    21.117792509309));
#5422 = CARTESIAN_POINT('',(10.314010945096,5.18953699519,17.4437305662)
  );
#5423 = CARTESIAN_POINT('',(10.080565480122,5.653501137474,
    21.117792509309));
#5424 = CARTESIAN_POINT('',(10.080565480122,5.653501137474,17.4437305662
    ));
#5425 = CARTESIAN_POINT('',(10.501016580308,5.958427985742,
    21.117792509309));
#5426 = CARTESIAN_POINT('',(10.501016580308,5.958427985742,17.4437305662
    ));
#5427 = DEFINITIONAL_REPRESENTATION('',(#5428),#5432);
#5428 = B_SPLINE_CURVE_WITH_KNOTS('',2,(#5429,#5430,#5431),
  .UNSPECIFIED.,.F.,.F.,(3,3),(0.,3.674061943109E-03),
  .PIECEWISE_BEZIER_KNOTS.);
#5429 = CARTESIAN_POINT('',(7.22651787343,0.));
#5430 = CARTESIAN_POINT('',(7.22651787343,-1.837030971554E-03));
#5431 = CARTESIAN_POINT('',(7.22651787343,-3.674061943109E-03));
#5432 = ( GEOMETRIC_REPRESENTATION_CONTEXT(2) 
PARAMETRIC_REPRESENTATION_CONTEXT() REPRESENTATION_CONTEXT('2D SPACE',''
  ) );
#5433 = ORIENTED_EDGE('',*,*,#5434,.T.);
#5434 = EDGE_CURVE('',#5402,#5435,#5437,.T.);
#5435 = VERTEX_POINT('',#5436);
#5436 = CARTESIAN_POINT('',(21.15425599114,13.684555271299,
    21.117792509309));
#5437 = SURFACE_CURVE('',#5438,(#5441,#5447),.PCURVE_S1.);
#5438 = B_SPLINE_CURVE_WITH_KNOTS('',1,(#5439,#5440),.UNSPECIFIED.,.F.,
  .F.,(2,2),(5.311393726239E-04,1.369109958446E-02),
  .PIECEWISE_BEZIER_KNOTS.);
#5439 = CARTESIAN_POINT('',(10.501016580308,5.958427985742,
    21.117792509309));
#5440 = CARTESIAN_POINT('',(21.15425599114,13.684555271299,
    21.117792509309));
#5441 = PCURVE('',#5409,#5442);
#5442 = DEFINITIONAL_REPRESENTATION('',(#5443),#5446);
#5443 = B_SPLINE_CURVE_WITH_KNOTS('',1,(#5444,#5445),.UNSPECIFIED.,.F.,
  .F.,(2,2),(5.311393726239E-04,1.369109958446E-02),
  .PIECEWISE_BEZIER_KNOTS.);
#5444 = CARTESIAN_POINT('',(0.,-3.674061943109E-03));
#5445 = CARTESIAN_POINT('',(1.315996021184E-02,-3.674061943109E-03));
#5446 = ( GEOMETRIC_REPRESENTATION_CONTEXT(2) 
PARAMETRIC_REPRESENTATION_CONTEXT() REPRESENTATION_CONTEXT('2D SPACE',''
  ) );
#5447 = PCURVE('',#5448,#5453);
#5448 = B_SPLINE_SURFACE_WITH_KNOTS('',1,1,(
    (#5449,#5450)
    ,(#5451,#5452
    )),.UNSPECIFIED.,.F.,.F.,.F.,(2,2),(2,2),(-7.112294069963E-03,
    8.581721259939E-03),(-5.537360462184E-03,8.244361792773E-03),
  .PIECEWISE_BEZIER_KNOTS.);
#5449 = CARTESIAN_POINT('',(25.942860525472,3.835616029553E-02,
    21.117792509309));
#5450 = CARTESIAN_POINT('',(25.942860525472,13.820078415253,
    21.117792509309));
#5451 = CARTESIAN_POINT('',(10.248845195571,3.835616029553E-02,
    21.117792509309));
#5452 = CARTESIAN_POINT('',(10.248845195571,13.820078415253,
    21.117792509309));
#5453 = DEFINITIONAL_REPRESENTATION('',(#5454),#5457);
#5454 = B_SPLINE_CURVE_WITH_KNOTS('',1,(#5455,#5456),.UNSPECIFIED.,.F.,
  .F.,(2,2),(5.311393726239E-04,1.369109958446E-02),
  .PIECEWISE_BEZIER_KNOTS.);
#5455 = CARTESIAN_POINT('',(8.329549875202E-03,3.82711363262E-04));
#5456 = CARTESIAN_POINT('',(-2.32368953563E-03,8.108838648819E-03));
#5457 = ( GEOMETRIC_REPRESENTATION_CONTEXT(2) 
PARAMETRIC_REPRESENTATION_CONTEXT() REPRESENTATION_CONTEXT('2D SPACE',''
  ) );
#5458 = ORIENTED_EDGE('',*,*,#5459,.F.);
#5459 = EDGE_CURVE('',#5460,#5435,#5462,.T.);
#5460 = VERTEX_POINT('',#5461);
#5461 = CARTESIAN_POINT('',(21.15425599114,13.684555271299,17.4437305662
    ));
#5462 = SURFACE_CURVE('',#5463,(#5466,#5472),.PCURVE_S1.);
#5463 = B_SPLINE_CURVE_WITH_KNOTS('',1,(#5464,#5465),.UNSPECIFIED.,.F.,
  .F.,(2,2),(0.,3.674061943109E-03),.PIECEWISE_BEZIER_KNOTS.);
#5464 = CARTESIAN_POINT('',(21.15425599114,13.684555271299,17.4437305662
    ));
#5465 = CARTESIAN_POINT('',(21.15425599114,13.684555271299,
    21.117792509309));
#5466 = PCURVE('',#5409,#5467);
#5467 = DEFINITIONAL_REPRESENTATION('',(#5468),#5471);
#5468 = B_SPLINE_CURVE_WITH_KNOTS('',1,(#5469,#5470),.UNSPECIFIED.,.F.,
  .F.,(2,2),(0.,3.674061943109E-03),.PIECEWISE_BEZIER_KNOTS.);
#5469 = CARTESIAN_POINT('',(1.315996021184E-02,0.));
#5470 = CARTESIAN_POINT('',(1.315996021184E-02,-3.674061943109E-03));
#5471 = ( GEOMETRIC_REPRESENTATION_CONTEXT(2) 
PARAMETRIC_REPRESENTATION_CONTEXT() REPRESENTATION_CONTEXT('2D SPACE',''
  ) );
#5472 = PCURVE('',#5473,#5480);
#5473 = ( BOUNDED_SURFACE() B_SPLINE_SURFACE(2,1,(
    (#5474,#5475)
    ,(#5476,#5477)
    ,(#5478,#5479
)),.UNSPECIFIED.,.F.,.F.,.F.) B_SPLINE_SURFACE_WITH_KNOTS((3,3),(2,2),(
    0.546038978939,2.198260087339),(-3.674061943109E-03,0.),
.PIECEWISE_BEZIER_KNOTS.) GEOMETRIC_REPRESENTATION_ITEM() 
RATIONAL_B_SPLINE_SURFACE((
    (1.,1.)
    ,(0.677740792224,0.677740792224)
,(1.,1.))) REPRESENTATION_ITEM('') SURFACE() );
#5474 = CARTESIAN_POINT('',(22.179982242844,13.478074925861,
    21.117792509309));
#5475 = CARTESIAN_POINT('',(22.179982242844,13.478074925861,
    17.4437305662));
#5476 = CARTESIAN_POINT('',(21.779127414469,14.137735376201,
    21.117792509309));
#5477 = CARTESIAN_POINT('',(21.779127414469,14.137735376201,
    17.4437305662));
#5478 = CARTESIAN_POINT('',(21.15425599114,13.684555271299,
    21.117792509309));
#5479 = CARTESIAN_POINT('',(21.15425599114,13.684555271299,17.4437305662
    ));
#5480 = DEFINITIONAL_REPRESENTATION('',(#5481),#5485);
#5481 = B_SPLINE_CURVE_WITH_KNOTS('',2,(#5482,#5483,#5484),
  .UNSPECIFIED.,.F.,.F.,(3,3),(0.,3.674061943109E-03),
  .PIECEWISE_BEZIER_KNOTS.);
#5482 = CARTESIAN_POINT('',(2.198260087339,0.));
#5483 = CARTESIAN_POINT('',(2.198260087339,-1.837030971554E-03));
#5484 = CARTESIAN_POINT('',(2.198260087339,-3.674061943109E-03));
#5485 = ( GEOMETRIC_REPRESENTATION_CONTEXT(2) 
PARAMETRIC_REPRESENTATION_CONTEXT() REPRESENTATION_CONTEXT('2D SPACE',''
  ) );
#5486 = ORIENTED_EDGE('',*,*,#5487,.F.);
#5487 = EDGE_CURVE('',#5400,#5460,#5488,.T.);
#5488 = SURFACE_CURVE('',#5489,(#5492,#5498),.PCURVE_S1.);
#5489 = B_SPLINE_CURVE_WITH_KNOTS('',1,(#5490,#5491),.UNSPECIFIED.,.F.,
  .F.,(2,2),(5.311393726239E-04,1.369109958446E-02),
  .PIECEWISE_BEZIER_KNOTS.);
#5490 = CARTESIAN_POINT('',(10.501016580308,5.958427985742,17.4437305662
    ));
#5491 = CARTESIAN_POINT('',(21.15425599114,13.684555271299,17.4437305662
    ));
#5492 = PCURVE('',#5409,#5493);
#5493 = DEFINITIONAL_REPRESENTATION('',(#5494),#5497);
#5494 = B_SPLINE_CURVE_WITH_KNOTS('',1,(#5495,#5496),.UNSPECIFIED.,.F.,
  .F.,(2,2),(5.311393726239E-04,1.369109958446E-02),
  .PIECEWISE_BEZIER_KNOTS.);
#5495 = CARTESIAN_POINT('',(0.,0.));
#5496 = CARTESIAN_POINT('',(1.315996021184E-02,0.));
#5497 = ( GEOMETRIC_REPRESENTATION_CONTEXT(2) 
PARAMETRIC_REPRESENTATION_CONTEXT() REPRESENTATION_CONTEXT('2D SPACE',''
  ) );
#5498 = PCURVE('',#5499,#5504);
#5499 = B_SPLINE_SURFACE_WITH_KNOTS('',1,1,(
    (#5500,#5501)
    ,(#5502,#5503
    )),.UNSPECIFIED.,.F.,.F.,.F.,(2,2),(2,2),(-7.112294069963E-03,
    8.581721259939E-03),(-5.537360462184E-03,8.244361792773E-03),
  .PIECEWISE_BEZIER_KNOTS.);
#5500 = CARTESIAN_POINT('',(25.942860525472,3.835616029553E-02,
    17.4437305662));
#5501 = CARTESIAN_POINT('',(25.942860525472,13.820078415253,
    17.4437305662));
#5502 = CARTESIAN_POINT('',(10.248845195571,3.835616029553E-02,
    17.4437305662));
#5503 = CARTESIAN_POINT('',(10.248845195571,13.820078415253,
    17.4437305662));
#5504 = DEFINITIONAL_REPRESENTATION('',(#5505),#5508);
#5505 = B_SPLINE_CURVE_WITH_KNOTS('',1,(#5506,#5507),.UNSPECIFIED.,.F.,
  .F.,(2,2),(5.311393726239E-04,1.369109958446E-02),
  .PIECEWISE_BEZIER_KNOTS.);
#5506 = CARTESIAN_POINT('',(8.329549875202E-03,3.82711363262E-04));
#5507 = CARTESIAN_POINT('',(-2.32368953563E-03,8.108838648819E-03));
#5508 = ( GEOMETRIC_REPRESENTATION_CONTEXT(2) 
PARAMETRIC_REPRESENTATION_CONTEXT() REPRESENTATION_CONTEXT('2D SPACE',''
  ) );
#5509 = ADVANCED_FACE('',(#5510),#5473,.F.);
#5510 = FACE_BOUND('',#5511,.F.);
#5511 = EDGE_LOOP('',(#5512,#5543,#5564,#5565));
#5512 = ORIENTED_EDGE('',*,*,#5513,.T.);
#5513 = EDGE_CURVE('',#5514,#5516,#5518,.T.);
#5514 = VERTEX_POINT('',#5515);
#5515 = CARTESIAN_POINT('',(22.179982242844,13.478074925862,
    17.4437305662));
#5516 = VERTEX_POINT('',#5517);
#5517 = CARTESIAN_POINT('',(22.179982242844,13.478074925862,
    21.117792509309));
#5518 = SURFACE_CURVE('',#5519,(#5522,#5529),.PCURVE_S1.);
#5519 = B_SPLINE_CURVE_WITH_KNOTS('',1,(#5520,#5521),.UNSPECIFIED.,.F.,
  .F.,(2,2),(0.,3.674061943109E-03),.PIECEWISE_BEZIER_KNOTS.);
#5520 = CARTESIAN_POINT('',(22.179982242844,13.478074925861,
    17.4437305662));
#5521 = CARTESIAN_POINT('',(22.179982242844,13.478074925861,
    21.117792509309));
#5522 = PCURVE('',#5473,#5523);
#5523 = DEFINITIONAL_REPRESENTATION('',(#5524),#5528);
#5524 = B_SPLINE_CURVE_WITH_KNOTS('',2,(#5525,#5526,#5527),
  .UNSPECIFIED.,.F.,.F.,(3,3),(0.,3.674061943109E-03),
  .PIECEWISE_BEZIER_KNOTS.);
#5525 = CARTESIAN_POINT('',(0.546038978939,0.));
#5526 = CARTESIAN_POINT('',(0.546038978939,-1.837030971554E-03));
#5527 = CARTESIAN_POINT('',(0.546038978939,-3.674061943109E-03));
#5528 = ( GEOMETRIC_REPRESENTATION_CONTEXT(2) 
PARAMETRIC_REPRESENTATION_CONTEXT() REPRESENTATION_CONTEXT('2D SPACE',''
  ) );
#5529 = PCURVE('',#5530,#5537);
#5530 = ( BOUNDED_SURFACE() B_SPLINE_SURFACE(2,1,(
    (#5531,#5532)
    ,(#5533,#5534)
    ,(#5535,#5536
)),.UNSPECIFIED.,.F.,.F.,.F.) B_SPLINE_SURFACE_WITH_KNOTS((3,3),(2,2),(
    5.737146328241,6.253475696594),(-3.674061943109E-03,0.),
.PIECEWISE_BEZIER_KNOTS.) GEOMETRIC_REPRESENTATION_ITEM() 
RATIONAL_B_SPLINE_SURFACE((
    (1.,1.)
    ,(0.966860174289,0.966860174289)
,(1.,1.))) REPRESENTATION_ITEM('') SURFACE() );
#5531 = CARTESIAN_POINT('',(22.179982242844,13.478074925862,
    21.117792509309));
#5532 = CARTESIAN_POINT('',(22.179982242844,13.478074925862,
    17.4437305662));
#5533 = CARTESIAN_POINT('',(25.738966344792,7.621288654974,
    21.117792509309));
#5534 = CARTESIAN_POINT('',(25.738966344792,7.621288654974,17.4437305662
    ));
#5535 = CARTESIAN_POINT('',(25.942546551203,0.770969803976,
    21.117792509309));
#5536 = CARTESIAN_POINT('',(25.942546551203,0.770969803976,17.4437305662
    ));
#5537 = DEFINITIONAL_REPRESENTATION('',(#5538),#5542);
#5538 = B_SPLINE_CURVE_WITH_KNOTS('',2,(#5539,#5540,#5541),
  .UNSPECIFIED.,.F.,.F.,(3,3),(0.,3.674061943109E-03),
  .PIECEWISE_BEZIER_KNOTS.);
#5539 = CARTESIAN_POINT('',(5.737146328241,0.));
#5540 = CARTESIAN_POINT('',(5.737146328241,-1.837030971554E-03));
#5541 = CARTESIAN_POINT('',(5.737146328241,-3.674061943109E-03));
#5542 = ( GEOMETRIC_REPRESENTATION_CONTEXT(2) 
PARAMETRIC_REPRESENTATION_CONTEXT() REPRESENTATION_CONTEXT('2D SPACE',''
  ) );
#5543 = ORIENTED_EDGE('',*,*,#5544,.T.);
#5544 = EDGE_CURVE('',#5516,#5435,#5545,.T.);
#5545 = SURFACE_CURVE('',#5546,(#5550,#5557),.PCURVE_S1.);
#5546 = ( BOUNDED_CURVE() B_SPLINE_CURVE(2,(#5547,#5548,#5549),
.UNSPECIFIED.,.F.,.F.) B_SPLINE_CURVE_WITH_KNOTS((3,3),(0.546038978939,
2.198260087339),.PIECEWISE_BEZIER_KNOTS.) CURVE() 
GEOMETRIC_REPRESENTATION_ITEM() RATIONAL_B_SPLINE_CURVE((1.,
0.677740792224,1.)) REPRESENTATION_ITEM('') );
#5547 = CARTESIAN_POINT('',(22.179982242844,13.478074925861,
    21.117792509309));
#5548 = CARTESIAN_POINT('',(21.779127414469,14.137735376201,
    21.117792509309));
#5549 = CARTESIAN_POINT('',(21.15425599114,13.684555271299,
    21.117792509309));
#5550 = PCURVE('',#5473,#5551);
#5551 = DEFINITIONAL_REPRESENTATION('',(#5552),#5556);
#5552 = B_SPLINE_CURVE_WITH_KNOTS('',2,(#5553,#5554,#5555),
  .UNSPECIFIED.,.F.,.F.,(3,3),(0.546038978939,2.198260087339),
  .PIECEWISE_BEZIER_KNOTS.);
#5553 = CARTESIAN_POINT('',(0.546038978939,-3.674061943109E-03));
#5554 = CARTESIAN_POINT('',(1.372149533139,-3.674061943109E-03));
#5555 = CARTESIAN_POINT('',(2.198260087339,-3.674061943109E-03));
#5556 = ( GEOMETRIC_REPRESENTATION_CONTEXT(2) 
PARAMETRIC_REPRESENTATION_CONTEXT() REPRESENTATION_CONTEXT('2D SPACE',''
  ) );
#5557 = PCURVE('',#5448,#5558);
#5558 = DEFINITIONAL_REPRESENTATION('',(#5559),#5563);
#5559 = ( BOUNDED_CURVE() B_SPLINE_CURVE(2,(#5560,#5561,#5562),
.UNSPECIFIED.,.F.,.F.) B_SPLINE_CURVE_WITH_KNOTS((3,3),(0.546038978939,
2.198260087339),.PIECEWISE_BEZIER_KNOTS.) CURVE() 
GEOMETRIC_REPRESENTATION_ITEM() RATIONAL_B_SPLINE_CURVE((1.,
0.677740792224,1.)) REPRESENTATION_ITEM('') );
#5560 = CARTESIAN_POINT('',(-3.349415787334E-03,7.902358303382E-03));
#5561 = CARTESIAN_POINT('',(-2.94856095896E-03,8.562018753721E-03));
#5562 = CARTESIAN_POINT('',(-2.32368953563E-03,8.108838648819E-03));
#5563 = ( GEOMETRIC_REPRESENTATION_CONTEXT(2) 
PARAMETRIC_REPRESENTATION_CONTEXT() REPRESENTATION_CONTEXT('2D SPACE',''
  ) );
#5564 = ORIENTED_EDGE('',*,*,#5459,.F.);
#5565 = ORIENTED_EDGE('',*,*,#5566,.F.);
#5566 = EDGE_CURVE('',#5514,#5460,#5567,.T.);
#5567 = SURFACE_CURVE('',#5568,(#5572,#5579),.PCURVE_S1.);
#5568 = ( BOUNDED_CURVE() B_SPLINE_CURVE(2,(#5569,#5570,#5571),
.UNSPECIFIED.,.F.,.F.) B_SPLINE_CURVE_WITH_KNOTS((3,3),(0.546038978939,
2.198260087339),.PIECEWISE_BEZIER_KNOTS.) CURVE() 
GEOMETRIC_REPRESENTATION_ITEM() RATIONAL_B_SPLINE_CURVE((1.,
0.677740792224,1.)) REPRESENTATION_ITEM('') );
#5569 = CARTESIAN_POINT('',(22.179982242844,13.478074925861,
    17.4437305662));
#5570 = CARTESIAN_POINT('',(21.779127414469,14.137735376201,
    17.4437305662));
#5571 = CARTESIAN_POINT('',(21.15425599114,13.684555271299,17.4437305662
    ));
#5572 = PCURVE('',#5473,#5573);
#5573 = DEFINITIONAL_REPRESENTATION('',(#5574),#5578);
#5574 = B_SPLINE_CURVE_WITH_KNOTS('',2,(#5575,#5576,#5577),
  .UNSPECIFIED.,.F.,.F.,(3,3),(0.546038978939,2.198260087339),
  .PIECEWISE_BEZIER_KNOTS.);
#5575 = CARTESIAN_POINT('',(0.546038978939,0.));
#5576 = CARTESIAN_POINT('',(1.372149533139,0.));
#5577 = CARTESIAN_POINT('',(2.198260087339,0.));
#5578 = ( GEOMETRIC_REPRESENTATION_CONTEXT(2) 
PARAMETRIC_REPRESENTATION_CONTEXT() REPRESENTATION_CONTEXT('2D SPACE',''
  ) );
#5579 = PCURVE('',#5499,#5580);
#5580 = DEFINITIONAL_REPRESENTATION('',(#5581),#5585);
#5581 = ( BOUNDED_CURVE() B_SPLINE_CURVE(2,(#5582,#5583,#5584),
.UNSPECIFIED.,.F.,.F.) B_SPLINE_CURVE_WITH_KNOTS((3,3),(0.546038978939,
2.198260087339),.PIECEWISE_BEZIER_KNOTS.) CURVE() 
GEOMETRIC_REPRESENTATION_ITEM() RATIONAL_B_SPLINE_CURVE((1.,
0.677740792224,1.)) REPRESENTATION_ITEM('') );
#5582 = CARTESIAN_POINT('',(-3.349415787334E-03,7.902358303382E-03));
#5583 = CARTESIAN_POINT('',(-2.94856095896E-03,8.562018753721E-03));
#5584 = CARTESIAN_POINT('',(-2.32368953563E-03,8.108838648819E-03));
#5585 = ( GEOMETRIC_REPRESENTATION_CONTEXT(2) 
PARAMETRIC_REPRESENTATION_CONTEXT() REPRESENTATION_CONTEXT('2D SPACE',''
  ) );
#5586 = ADVANCED_FACE('',(#5587),#5530,.T.);
#5587 = FACE_BOUND('',#5588,.T.);
#5588 = EDGE_LOOP('',(#5589,#5590,#5613,#5642));
#5589 = ORIENTED_EDGE('',*,*,#5513,.T.);
#5590 = ORIENTED_EDGE('',*,*,#5591,.T.);
#5591 = EDGE_CURVE('',#5516,#5592,#5594,.T.);
#5592 = VERTEX_POINT('',#5593);
#5593 = CARTESIAN_POINT('',(25.942546551203,0.770969803976,
    21.117792509309));
#5594 = SURFACE_CURVE('',#5595,(#5599,#5606),.PCURVE_S1.);
#5595 = ( BOUNDED_CURVE() B_SPLINE_CURVE(2,(#5596,#5597,#5598),
.UNSPECIFIED.,.F.,.F.) B_SPLINE_CURVE_WITH_KNOTS((3,3),(5.737146328241,
6.253475696594),.PIECEWISE_BEZIER_KNOTS.) CURVE() 
GEOMETRIC_REPRESENTATION_ITEM() RATIONAL_B_SPLINE_CURVE((1.,
0.966860174289,1.)) REPRESENTATION_ITEM('') );
#5596 = CARTESIAN_POINT('',(22.179982242844,13.478074925862,
    21.117792509309));
#5597 = CARTESIAN_POINT('',(25.738966344792,7.621288654974,
    21.117792509309));
#5598 = CARTESIAN_POINT('',(25.942546551203,0.770969803976,
    21.117792509309));
#5599 = PCURVE('',#5530,#5600);
#5600 = DEFINITIONAL_REPRESENTATION('',(#5601),#5605);
#5601 = B_SPLINE_CURVE_WITH_KNOTS('',2,(#5602,#5603,#5604),
  .UNSPECIFIED.,.F.,.F.,(3,3),(5.737146328241,6.253475696594),
  .PIECEWISE_BEZIER_KNOTS.);
#5602 = CARTESIAN_POINT('',(5.737146328241,-3.674061943109E-03));
#5603 = CARTESIAN_POINT('',(5.995311012417,-3.674061943109E-03));
#5604 = CARTESIAN_POINT('',(6.253475696594,-3.674061943109E-03));
#5605 = ( GEOMETRIC_REPRESENTATION_CONTEXT(2) 
PARAMETRIC_REPRESENTATION_CONTEXT() REPRESENTATION_CONTEXT('2D SPACE',''
  ) );
#5606 = PCURVE('',#5448,#5607);
#5607 = DEFINITIONAL_REPRESENTATION('',(#5608),#5612);
#5608 = ( BOUNDED_CURVE() B_SPLINE_CURVE(2,(#5609,#5610,#5611),
.UNSPECIFIED.,.F.,.F.) B_SPLINE_CURVE_WITH_KNOTS((3,3),(5.737146328241,
6.253475696594),.PIECEWISE_BEZIER_KNOTS.) CURVE() 
GEOMETRIC_REPRESENTATION_ITEM() RATIONAL_B_SPLINE_CURVE((1.,
0.966860174289,1.)) REPRESENTATION_ITEM('') );
#5609 = CARTESIAN_POINT('',(-3.349415787334E-03,7.902358303382E-03));
#5610 = CARTESIAN_POINT('',(-6.908399889283E-03,2.045572032494E-03));
#5611 = CARTESIAN_POINT('',(-7.111980095694E-03,-4.804746818504E-03));
#5612 = ( GEOMETRIC_REPRESENTATION_CONTEXT(2) 
PARAMETRIC_REPRESENTATION_CONTEXT() REPRESENTATION_CONTEXT('2D SPACE',''
  ) );
#5613 = ORIENTED_EDGE('',*,*,#5614,.F.);
#5614 = EDGE_CURVE('',#5615,#5592,#5617,.T.);
#5615 = VERTEX_POINT('',#5616);
#5616 = CARTESIAN_POINT('',(25.942546551203,0.770969803976,17.4437305662
    ));
#5617 = SURFACE_CURVE('',#5618,(#5621,#5628),.PCURVE_S1.);
#5618 = B_SPLINE_CURVE_WITH_KNOTS('',1,(#5619,#5620),.UNSPECIFIED.,.F.,
  .F.,(2,2),(0.,3.674061943109E-03),.PIECEWISE_BEZIER_KNOTS.);
#5619 = CARTESIAN_POINT('',(25.942546551203,0.770969803976,17.4437305662
    ));
#5620 = CARTESIAN_POINT('',(25.942546551203,0.770969803976,
    21.117792509309));
#5621 = PCURVE('',#5530,#5622);
#5622 = DEFINITIONAL_REPRESENTATION('',(#5623),#5627);
#5623 = B_SPLINE_CURVE_WITH_KNOTS('',2,(#5624,#5625,#5626),
  .UNSPECIFIED.,.F.,.F.,(3,3),(0.,3.674061943109E-03),
  .PIECEWISE_BEZIER_KNOTS.);
#5624 = CARTESIAN_POINT('',(6.253475696594,0.));
#5625 = CARTESIAN_POINT('',(6.253475696594,-1.837030971554E-03));
#5626 = CARTESIAN_POINT('',(6.253475696594,-3.674061943109E-03));
#5627 = ( GEOMETRIC_REPRESENTATION_CONTEXT(2) 
PARAMETRIC_REPRESENTATION_CONTEXT() REPRESENTATION_CONTEXT('2D SPACE',''
  ) );
#5628 = PCURVE('',#5629,#5636);
#5629 = ( BOUNDED_SURFACE() B_SPLINE_SURFACE(2,1,(
    (#5630,#5631)
    ,(#5632,#5633)
    ,(#5634,#5635
)),.UNSPECIFIED.,.F.,.F.,.F.) B_SPLINE_SURFACE_WITH_KNOTS((3,3),(2,2),(
    4.660673809365,6.312894917766),(-3.674061943109E-03,0.),
.PIECEWISE_BEZIER_KNOTS.) GEOMETRIC_REPRESENTATION_ITEM() 
RATIONAL_B_SPLINE_SURFACE((
    (1.,1.)
    ,(0.677740792224,0.677740792224)
,(1.,1.))) REPRESENTATION_ITEM('') SURFACE() );
#5630 = CARTESIAN_POINT('',(25.194603677046,3.930735893455E-02,
    21.117792509309));
#5631 = CARTESIAN_POINT('',(25.194603677046,3.930735893455E-02,
    17.4437305662));
#5632 = CARTESIAN_POINT('',(25.965476158744,-5.940211682729E-04,
    21.117792509309));
#5633 = CARTESIAN_POINT('',(25.965476158744,-5.940211682729E-04,
    17.4437305662));
#5634 = CARTESIAN_POINT('',(25.942546551203,0.770969803976,
    21.117792509309));
#5635 = CARTESIAN_POINT('',(25.942546551203,0.770969803976,17.4437305662
    ));
#5636 = DEFINITIONAL_REPRESENTATION('',(#5637),#5641);
#5637 = B_SPLINE_CURVE_WITH_KNOTS('',2,(#5638,#5639,#5640),
  .UNSPECIFIED.,.F.,.F.,(3,3),(0.,3.674061943109E-03),
  .PIECEWISE_BEZIER_KNOTS.);
#5638 = CARTESIAN_POINT('',(6.312894917766,0.));
#5639 = CARTESIAN_POINT('',(6.312894917766,-1.837030971554E-03));
#5640 = CARTESIAN_POINT('',(6.312894917766,-3.674061943109E-03));
#5641 = ( GEOMETRIC_REPRESENTATION_CONTEXT(2) 
PARAMETRIC_REPRESENTATION_CONTEXT() REPRESENTATION_CONTEXT('2D SPACE',''
  ) );
#5642 = ORIENTED_EDGE('',*,*,#5643,.F.);
#5643 = EDGE_CURVE('',#5514,#5615,#5644,.T.);
#5644 = SURFACE_CURVE('',#5645,(#5649,#5656),.PCURVE_S1.);
#5645 = ( BOUNDED_CURVE() B_SPLINE_CURVE(2,(#5646,#5647,#5648),
.UNSPECIFIED.,.F.,.F.) B_SPLINE_CURVE_WITH_KNOTS((3,3),(5.737146328241,
6.253475696594),.PIECEWISE_BEZIER_KNOTS.) CURVE() 
GEOMETRIC_REPRESENTATION_ITEM() RATIONAL_B_SPLINE_CURVE((1.,
0.966860174289,1.)) REPRESENTATION_ITEM('') );
#5646 = CARTESIAN_POINT('',(22.179982242844,13.478074925862,
    17.4437305662));
#5647 = CARTESIAN_POINT('',(25.738966344792,7.621288654974,17.4437305662
    ));
#5648 = CARTESIAN_POINT('',(25.942546551203,0.770969803976,17.4437305662
    ));
#5649 = PCURVE('',#5530,#5650);
#5650 = DEFINITIONAL_REPRESENTATION('',(#5651),#5655);
#5651 = B_SPLINE_CURVE_WITH_KNOTS('',2,(#5652,#5653,#5654),
  .UNSPECIFIED.,.F.,.F.,(3,3),(5.737146328241,6.253475696594),
  .PIECEWISE_BEZIER_KNOTS.);
#5652 = CARTESIAN_POINT('',(5.737146328241,0.));
#5653 = CARTESIAN_POINT('',(5.995311012417,0.));
#5654 = CARTESIAN_POINT('',(6.253475696594,0.));
#5655 = ( GEOMETRIC_REPRESENTATION_CONTEXT(2) 
PARAMETRIC_REPRESENTATION_CONTEXT() REPRESENTATION_CONTEXT('2D SPACE',''
  ) );
#5656 = PCURVE('',#5499,#5657);
#5657 = DEFINITIONAL_REPRESENTATION('',(#5658),#5662);
#5658 = ( BOUNDED_CURVE() B_SPLINE_CURVE(2,(#5659,#5660,#5661),
.UNSPECIFIED.,.F.,.F.) B_SPLINE_CURVE_WITH_KNOTS((3,3),(5.737146328241,
6.253475696594),.PIECEWISE_BEZIER_KNOTS.) CURVE() 
GEOMETRIC_REPRESENTATION_ITEM() RATIONAL_B_SPLINE_CURVE((1.,
0.966860174289,1.)) REPRESENTATION_ITEM('') );
#5659 = CARTESIAN_POINT('',(-3.349415787334E-03,7.902358303382E-03));
#5660 = CARTESIAN_POINT('',(-6.908399889283E-03,2.045572032494E-03));
#5661 = CARTESIAN_POINT('',(-7.111980095694E-03,-4.804746818504E-03));
#5662 = ( GEOMETRIC_REPRESENTATION_CONTEXT(2) 
PARAMETRIC_REPRESENTATION_CONTEXT() REPRESENTATION_CONTEXT('2D SPACE',''
  ) );
#5663 = ADVANCED_FACE('',(#5664),#5629,.F.);
#5664 = FACE_BOUND('',#5665,.F.);
#5665 = EDGE_LOOP('',(#5666,#5694,#5715,#5716));
#5666 = ORIENTED_EDGE('',*,*,#5667,.T.);
#5667 = EDGE_CURVE('',#5668,#5670,#5672,.T.);
#5668 = VERTEX_POINT('',#5669);
#5669 = CARTESIAN_POINT('',(25.194603677046,3.930735893454E-02,
    17.4437305662));
#5670 = VERTEX_POINT('',#5671);
#5671 = CARTESIAN_POINT('',(25.194603677046,3.930735893454E-02,
    21.117792509309));
#5672 = SURFACE_CURVE('',#5673,(#5676,#5683),.PCURVE_S1.);
#5673 = B_SPLINE_CURVE_WITH_KNOTS('',1,(#5674,#5675),.UNSPECIFIED.,.F.,
  .F.,(2,2),(0.,3.674061943109E-03),.PIECEWISE_BEZIER_KNOTS.);
#5674 = CARTESIAN_POINT('',(25.194603677046,3.930735893454E-02,
    17.4437305662));
#5675 = CARTESIAN_POINT('',(25.194603677046,3.930735893454E-02,
    21.117792509309));
#5676 = PCURVE('',#5629,#5677);
#5677 = DEFINITIONAL_REPRESENTATION('',(#5678),#5682);
#5678 = B_SPLINE_CURVE_WITH_KNOTS('',2,(#5679,#5680,#5681),
  .UNSPECIFIED.,.F.,.F.,(3,3),(0.,3.674061943109E-03),
  .PIECEWISE_BEZIER_KNOTS.);
#5679 = CARTESIAN_POINT('',(4.660673809365,0.));
#5680 = CARTESIAN_POINT('',(4.660673809365,-1.837030971554E-03));
#5681 = CARTESIAN_POINT('',(4.660673809365,-3.674061943109E-03));
#5682 = ( GEOMETRIC_REPRESENTATION_CONTEXT(2) 
PARAMETRIC_REPRESENTATION_CONTEXT() REPRESENTATION_CONTEXT('2D SPACE',''
  ) );
#5683 = PCURVE('',#5684,#5689);
#5684 = B_SPLINE_SURFACE_WITH_KNOTS('',1,1,(
    (#5685,#5686)
    ,(#5687,#5688
    )),.UNSPECIFIED.,.F.,.F.,.F.,(2,2),(2,2),(0.,1.315996021184E-02),(
    -3.674061943109E-03,0.),.PIECEWISE_BEZIER_KNOTS.);
#5685 = CARTESIAN_POINT('',(25.194603677046,3.930735893454E-02,
    21.117792509309));
#5686 = CARTESIAN_POINT('',(25.194603677046,3.930735893454E-02,
    17.4437305662));
#5687 = CARTESIAN_POINT('',(12.052237429936,0.719573633223,
    21.117792509309));
#5688 = CARTESIAN_POINT('',(12.052237429936,0.719573633223,17.4437305662
    ));
#5689 = DEFINITIONAL_REPRESENTATION('',(#5690),#5693);
#5690 = B_SPLINE_CURVE_WITH_KNOTS('',1,(#5691,#5692),.UNSPECIFIED.,.F.,
  .F.,(2,2),(0.,3.674061943109E-03),.PIECEWISE_BEZIER_KNOTS.);
#5691 = CARTESIAN_POINT('',(0.,0.));
#5692 = CARTESIAN_POINT('',(0.,-3.674061943109E-03));
#5693 = ( GEOMETRIC_REPRESENTATION_CONTEXT(2) 
PARAMETRIC_REPRESENTATION_CONTEXT() REPRESENTATION_CONTEXT('2D SPACE',''
  ) );
#5694 = ORIENTED_EDGE('',*,*,#5695,.T.);
#5695 = EDGE_CURVE('',#5670,#5592,#5696,.T.);
#5696 = SURFACE_CURVE('',#5697,(#5701,#5708),.PCURVE_S1.);
#5697 = ( BOUNDED_CURVE() B_SPLINE_CURVE(2,(#5698,#5699,#5700),
.UNSPECIFIED.,.F.,.F.) B_SPLINE_CURVE_WITH_KNOTS((3,3),(4.660673809365,
6.312894917766),.PIECEWISE_BEZIER_KNOTS.) CURVE() 
GEOMETRIC_REPRESENTATION_ITEM() RATIONAL_B_SPLINE_CURVE((1.,
0.677740792224,1.)) REPRESENTATION_ITEM('') );
#5698 = CARTESIAN_POINT('',(25.194603677046,3.930735893455E-02,
    21.117792509309));
#5699 = CARTESIAN_POINT('',(25.965476158744,-5.940211682729E-04,
    21.117792509309));
#5700 = CARTESIAN_POINT('',(25.942546551203,0.770969803976,
    21.117792509309));
#5701 = PCURVE('',#5629,#5702);
#5702 = DEFINITIONAL_REPRESENTATION('',(#5703),#5707);
#5703 = B_SPLINE_CURVE_WITH_KNOTS('',2,(#5704,#5705,#5706),
  .UNSPECIFIED.,.F.,.F.,(3,3),(4.660673809365,6.312894917766),
  .PIECEWISE_BEZIER_KNOTS.);
#5704 = CARTESIAN_POINT('',(4.660673809365,-3.674061943109E-03));
#5705 = CARTESIAN_POINT('',(5.486784363566,-3.674061943109E-03));
#5706 = CARTESIAN_POINT('',(6.312894917766,-3.674061943109E-03));
#5707 = ( GEOMETRIC_REPRESENTATION_CONTEXT(2) 
PARAMETRIC_REPRESENTATION_CONTEXT() REPRESENTATION_CONTEXT('2D SPACE',''
  ) );
#5708 = PCURVE('',#5448,#5709);
#5709 = DEFINITIONAL_REPRESENTATION('',(#5710),#5714);
#5710 = ( BOUNDED_CURVE() B_SPLINE_CURVE(2,(#5711,#5712,#5713),
.UNSPECIFIED.,.F.,.F.) B_SPLINE_CURVE_WITH_KNOTS((3,3),(4.660673809365,
6.312894917766),.PIECEWISE_BEZIER_KNOTS.) CURVE() 
GEOMETRIC_REPRESENTATION_ITEM() RATIONAL_B_SPLINE_CURVE((1.,
0.677740792224,1.)) REPRESENTATION_ITEM('') );
#5711 = CARTESIAN_POINT('',(-6.364037221537E-03,-5.536409263545E-03));
#5712 = CARTESIAN_POINT('',(-7.134909703235E-03,-5.576310643648E-03));
#5713 = CARTESIAN_POINT('',(-7.111980095694E-03,-4.804746818504E-03));
#5714 = ( GEOMETRIC_REPRESENTATION_CONTEXT(2) 
PARAMETRIC_REPRESENTATION_CONTEXT() REPRESENTATION_CONTEXT('2D SPACE',''
  ) );
#5715 = ORIENTED_EDGE('',*,*,#5614,.F.);
#5716 = ORIENTED_EDGE('',*,*,#5717,.F.);
#5717 = EDGE_CURVE('',#5668,#5615,#5718,.T.);
#5718 = SURFACE_CURVE('',#5719,(#5723,#5730),.PCURVE_S1.);
#5719 = ( BOUNDED_CURVE() B_SPLINE_CURVE(2,(#5720,#5721,#5722),
.UNSPECIFIED.,.F.,.F.) B_SPLINE_CURVE_WITH_KNOTS((3,3),(4.660673809365,
6.312894917766),.PIECEWISE_BEZIER_KNOTS.) CURVE() 
GEOMETRIC_REPRESENTATION_ITEM() RATIONAL_B_SPLINE_CURVE((1.,
0.677740792224,1.)) REPRESENTATION_ITEM('') );
#5720 = CARTESIAN_POINT('',(25.194603677046,3.930735893455E-02,
    17.4437305662));
#5721 = CARTESIAN_POINT('',(25.965476158744,-5.940211682729E-04,
    17.4437305662));
#5722 = CARTESIAN_POINT('',(25.942546551203,0.770969803976,17.4437305662
    ));
#5723 = PCURVE('',#5629,#5724);
#5724 = DEFINITIONAL_REPRESENTATION('',(#5725),#5729);
#5725 = B_SPLINE_CURVE_WITH_KNOTS('',2,(#5726,#5727,#5728),
  .UNSPECIFIED.,.F.,.F.,(3,3),(4.660673809365,6.312894917766),
  .PIECEWISE_BEZIER_KNOTS.);
#5726 = CARTESIAN_POINT('',(4.660673809365,0.));
#5727 = CARTESIAN_POINT('',(5.486784363566,0.));
#5728 = CARTESIAN_POINT('',(6.312894917766,0.));
#5729 = ( GEOMETRIC_REPRESENTATION_CONTEXT(2) 
PARAMETRIC_REPRESENTATION_CONTEXT() REPRESENTATION_CONTEXT('2D SPACE',''
  ) );
#5730 = PCURVE('',#5499,#5731);
#5731 = DEFINITIONAL_REPRESENTATION('',(#5732),#5736);
#5732 = ( BOUNDED_CURVE() B_SPLINE_CURVE(2,(#5733,#5734,#5735),
.UNSPECIFIED.,.F.,.F.) B_SPLINE_CURVE_WITH_KNOTS((3,3),(4.660673809365,
6.312894917766),.PIECEWISE_BEZIER_KNOTS.) CURVE() 
GEOMETRIC_REPRESENTATION_ITEM() RATIONAL_B_SPLINE_CURVE((1.,
0.677740792224,1.)) REPRESENTATION_ITEM('') );
#5733 = CARTESIAN_POINT('',(-6.364037221537E-03,-5.536409263545E-03));
#5734 = CARTESIAN_POINT('',(-7.134909703235E-03,-5.576310643648E-03));
#5735 = CARTESIAN_POINT('',(-7.111980095694E-03,-4.804746818504E-03));
#5736 = ( GEOMETRIC_REPRESENTATION_CONTEXT(2) 
PARAMETRIC_REPRESENTATION_CONTEXT() REPRESENTATION_CONTEXT('2D SPACE',''
  ) );
#5737 = ADVANCED_FACE('',(#5738),#5684,.T.);
#5738 = FACE_BOUND('',#5739,.T.);
#5739 = EDGE_LOOP('',(#5740,#5741,#5761,#5789));
#5740 = ORIENTED_EDGE('',*,*,#5667,.T.);
#5741 = ORIENTED_EDGE('',*,*,#5742,.T.);
#5742 = EDGE_CURVE('',#5670,#5743,#5745,.T.);
#5743 = VERTEX_POINT('',#5744);
#5744 = CARTESIAN_POINT('',(12.052237429936,0.719573633223,
    21.117792509309));
#5745 = SURFACE_CURVE('',#5746,(#5749,#5755),.PCURVE_S1.);
#5746 = B_SPLINE_CURVE_WITH_KNOTS('',1,(#5747,#5748),.UNSPECIFIED.,.F.,
  .F.,(2,2),(7.604129429344E-04,1.392037315477E-02),
  .PIECEWISE_BEZIER_KNOTS.);
#5747 = CARTESIAN_POINT('',(25.194603677046,3.930735893454E-02,
    21.117792509309));
#5748 = CARTESIAN_POINT('',(12.052237429936,0.719573633223,
    21.117792509309));
#5749 = PCURVE('',#5684,#5750);
#5750 = DEFINITIONAL_REPRESENTATION('',(#5751),#5754);
#5751 = B_SPLINE_CURVE_WITH_KNOTS('',1,(#5752,#5753),.UNSPECIFIED.,.F.,
  .F.,(2,2),(7.604129429344E-04,1.392037315477E-02),
  .PIECEWISE_BEZIER_KNOTS.);
#5752 = CARTESIAN_POINT('',(0.,-3.674061943109E-03));
#5753 = CARTESIAN_POINT('',(1.315996021184E-02,-3.674061943109E-03));
#5754 = ( GEOMETRIC_REPRESENTATION_CONTEXT(2) 
PARAMETRIC_REPRESENTATION_CONTEXT() REPRESENTATION_CONTEXT('2D SPACE',''
  ) );
#5755 = PCURVE('',#5448,#5756);
#5756 = DEFINITIONAL_REPRESENTATION('',(#5757),#5760);
#5757 = B_SPLINE_CURVE_WITH_KNOTS('',1,(#5758,#5759),.UNSPECIFIED.,.F.,
  .F.,(2,2),(7.604129429344E-04,1.392037315477E-02),
  .PIECEWISE_BEZIER_KNOTS.);
#5758 = CARTESIAN_POINT('',(-6.364037221537E-03,-5.536409263545E-03));
#5759 = CARTESIAN_POINT('',(6.778329025574E-03,-4.856142989256E-03));
#5760 = ( GEOMETRIC_REPRESENTATION_CONTEXT(2) 
PARAMETRIC_REPRESENTATION_CONTEXT() REPRESENTATION_CONTEXT('2D SPACE',''
  ) );
#5761 = ORIENTED_EDGE('',*,*,#5762,.F.);
#5762 = EDGE_CURVE('',#5763,#5743,#5765,.T.);
#5763 = VERTEX_POINT('',#5764);
#5764 = CARTESIAN_POINT('',(12.052237429936,0.719573633223,17.4437305662
    ));
#5765 = SURFACE_CURVE('',#5766,(#5769,#5775),.PCURVE_S1.);
#5766 = B_SPLINE_CURVE_WITH_KNOTS('',1,(#5767,#5768),.UNSPECIFIED.,.F.,
  .F.,(2,2),(0.,3.674061943109E-03),.PIECEWISE_BEZIER_KNOTS.);
#5767 = CARTESIAN_POINT('',(12.052237429936,0.719573633223,17.4437305662
    ));
#5768 = CARTESIAN_POINT('',(12.052237429936,0.719573633223,
    21.117792509309));
#5769 = PCURVE('',#5684,#5770);
#5770 = DEFINITIONAL_REPRESENTATION('',(#5771),#5774);
#5771 = B_SPLINE_CURVE_WITH_KNOTS('',1,(#5772,#5773),.UNSPECIFIED.,.F.,
  .F.,(2,2),(0.,3.674061943109E-03),.PIECEWISE_BEZIER_KNOTS.);
#5772 = CARTESIAN_POINT('',(1.315996021184E-02,0.));
#5773 = CARTESIAN_POINT('',(1.315996021184E-02,-3.674061943109E-03));
#5774 = ( GEOMETRIC_REPRESENTATION_CONTEXT(2) 
PARAMETRIC_REPRESENTATION_CONTEXT() REPRESENTATION_CONTEXT('2D SPACE',''
  ) );
#5775 = PCURVE('',#5776,#5783);
#5776 = ( BOUNDED_SURFACE() B_SPLINE_SURFACE(2,1,(
    (#5777,#5778)
    ,(#5779,#5780)
    ,(#5781,#5782
)),.UNSPECIFIED.,.F.,.F.,.F.) B_SPLINE_SURFACE_WITH_KNOTS((3,3),(2,2),(
    4.764104151404,6.173604429653),(-3.674061943109E-03,0.),
.PIECEWISE_BEZIER_KNOTS.) GEOMETRIC_REPRESENTATION_ITEM() 
RATIONAL_B_SPLINE_SURFACE((
    (1.,1.)
    ,(0.761773446286,0.761773446286)
,(1.,1.))) REPRESENTATION_ITEM('') SURFACE() );
#5777 = CARTESIAN_POINT('',(12.052237429936,0.719573633223,
    21.117792509309));
#5778 = CARTESIAN_POINT('',(12.052237429936,0.719573633223,17.4437305662
    ));
#5779 = CARTESIAN_POINT('',(11.533548030913,0.746421683137,
    21.117792509309));
#5780 = CARTESIAN_POINT('',(11.533548030913,0.746421683137,17.4437305662
    ));
#5781 = CARTESIAN_POINT('',(11.476747336861,1.262690209776,
    21.117792509309));
#5782 = CARTESIAN_POINT('',(11.476747336861,1.262690209776,17.4437305662
    ));
#5783 = DEFINITIONAL_REPRESENTATION('',(#5784),#5788);
#5784 = B_SPLINE_CURVE_WITH_KNOTS('',2,(#5785,#5786,#5787),
  .UNSPECIFIED.,.F.,.F.,(3,3),(0.,3.674061943109E-03),
  .PIECEWISE_BEZIER_KNOTS.);
#5785 = CARTESIAN_POINT('',(4.764104151404,0.));
#5786 = CARTESIAN_POINT('',(4.764104151404,-1.837030971554E-03));
#5787 = CARTESIAN_POINT('',(4.764104151404,-3.674061943109E-03));
#5788 = ( GEOMETRIC_REPRESENTATION_CONTEXT(2) 
PARAMETRIC_REPRESENTATION_CONTEXT() REPRESENTATION_CONTEXT('2D SPACE',''
  ) );
#5789 = ORIENTED_EDGE('',*,*,#5790,.F.);
#5790 = EDGE_CURVE('',#5668,#5763,#5791,.T.);
#5791 = SURFACE_CURVE('',#5792,(#5795,#5801),.PCURVE_S1.);
#5792 = B_SPLINE_CURVE_WITH_KNOTS('',1,(#5793,#5794),.UNSPECIFIED.,.F.,
  .F.,(2,2),(7.604129429344E-04,1.392037315477E-02),
  .PIECEWISE_BEZIER_KNOTS.);
#5793 = CARTESIAN_POINT('',(25.194603677046,3.930735893454E-02,
    17.4437305662));
#5794 = CARTESIAN_POINT('',(12.052237429936,0.719573633223,17.4437305662
    ));
#5795 = PCURVE('',#5684,#5796);
#5796 = DEFINITIONAL_REPRESENTATION('',(#5797),#5800);
#5797 = B_SPLINE_CURVE_WITH_KNOTS('',1,(#5798,#5799),.UNSPECIFIED.,.F.,
  .F.,(2,2),(7.604129429344E-04,1.392037315477E-02),
  .PIECEWISE_BEZIER_KNOTS.);
#5798 = CARTESIAN_POINT('',(0.,0.));
#5799 = CARTESIAN_POINT('',(1.315996021184E-02,0.));
#5800 = ( GEOMETRIC_REPRESENTATION_CONTEXT(2) 
PARAMETRIC_REPRESENTATION_CONTEXT() REPRESENTATION_CONTEXT('2D SPACE',''
  ) );
#5801 = PCURVE('',#5499,#5802);
#5802 = DEFINITIONAL_REPRESENTATION('',(#5803),#5806);
#5803 = B_SPLINE_CURVE_WITH_KNOTS('',1,(#5804,#5805),.UNSPECIFIED.,.F.,
  .F.,(2,2),(7.604129429344E-04,1.392037315477E-02),
  .PIECEWISE_BEZIER_KNOTS.);
#5804 = CARTESIAN_POINT('',(-6.364037221537E-03,-5.536409263545E-03));
#5805 = CARTESIAN_POINT('',(6.778329025574E-03,-4.856142989256E-03));
#5806 = ( GEOMETRIC_REPRESENTATION_CONTEXT(2) 
PARAMETRIC_REPRESENTATION_CONTEXT() REPRESENTATION_CONTEXT('2D SPACE',''
  ) );
#5807 = ADVANCED_FACE('',(#5808),#5776,.T.);
#5808 = FACE_BOUND('',#5809,.T.);
#5809 = EDGE_LOOP('',(#5810,#5811,#5834,#5863));
#5810 = ORIENTED_EDGE('',*,*,#5762,.T.);
#5811 = ORIENTED_EDGE('',*,*,#5812,.T.);
#5812 = EDGE_CURVE('',#5743,#5813,#5815,.T.);
#5813 = VERTEX_POINT('',#5814);
#5814 = CARTESIAN_POINT('',(11.476747336861,1.262690209775,
    21.117792509309));
#5815 = SURFACE_CURVE('',#5816,(#5820,#5827),.PCURVE_S1.);
#5816 = ( BOUNDED_CURVE() B_SPLINE_CURVE(2,(#5817,#5818,#5819),
.UNSPECIFIED.,.F.,.F.) B_SPLINE_CURVE_WITH_KNOTS((3,3),(4.764104151404,
6.173604429653),.PIECEWISE_BEZIER_KNOTS.) CURVE() 
GEOMETRIC_REPRESENTATION_ITEM() RATIONAL_B_SPLINE_CURVE((1.,
0.761773446286,1.)) REPRESENTATION_ITEM('') );
#5817 = CARTESIAN_POINT('',(12.052237429936,0.719573633223,
    21.117792509309));
#5818 = CARTESIAN_POINT('',(11.533548030913,0.746421683137,
    21.117792509309));
#5819 = CARTESIAN_POINT('',(11.476747336861,1.262690209776,
    21.117792509309));
#5820 = PCURVE('',#5776,#5821);
#5821 = DEFINITIONAL_REPRESENTATION('',(#5822),#5826);
#5822 = B_SPLINE_CURVE_WITH_KNOTS('',2,(#5823,#5824,#5825),
  .UNSPECIFIED.,.F.,.F.,(3,3),(4.764104151404,6.173604429653),
  .PIECEWISE_BEZIER_KNOTS.);
#5823 = CARTESIAN_POINT('',(4.764104151404,-3.674061943109E-03));
#5824 = CARTESIAN_POINT('',(5.468854290529,-3.674061943109E-03));
#5825 = CARTESIAN_POINT('',(6.173604429653,-3.674061943109E-03));
#5826 = ( GEOMETRIC_REPRESENTATION_CONTEXT(2) 
PARAMETRIC_REPRESENTATION_CONTEXT() REPRESENTATION_CONTEXT('2D SPACE',''
  ) );
#5827 = PCURVE('',#5448,#5828);
#5828 = DEFINITIONAL_REPRESENTATION('',(#5829),#5833);
#5829 = ( BOUNDED_CURVE() B_SPLINE_CURVE(2,(#5830,#5831,#5832),
.UNSPECIFIED.,.F.,.F.) B_SPLINE_CURVE_WITH_KNOTS((3,3),(4.764104151404,
6.173604429653),.PIECEWISE_BEZIER_KNOTS.) CURVE() 
GEOMETRIC_REPRESENTATION_ITEM() RATIONAL_B_SPLINE_CURVE((1.,
0.761773446286,1.)) REPRESENTATION_ITEM('') );
#5830 = CARTESIAN_POINT('',(6.778329025574E-03,-4.856142989256E-03));
#5831 = CARTESIAN_POINT('',(7.297018424596E-03,-4.829294939343E-03));
#5832 = CARTESIAN_POINT('',(7.353819118649E-03,-4.313026412704E-03));
#5833 = ( GEOMETRIC_REPRESENTATION_CONTEXT(2) 
PARAMETRIC_REPRESENTATION_CONTEXT() REPRESENTATION_CONTEXT('2D SPACE',''
  ) );
#5834 = ORIENTED_EDGE('',*,*,#5835,.F.);
#5835 = EDGE_CURVE('',#5836,#5813,#5838,.T.);
#5836 = VERTEX_POINT('',#5837);
#5837 = CARTESIAN_POINT('',(11.476747336861,1.262690209775,17.4437305662
    ));
#5838 = SURFACE_CURVE('',#5839,(#5842,#5849),.PCURVE_S1.);
#5839 = B_SPLINE_CURVE_WITH_KNOTS('',1,(#5840,#5841),.UNSPECIFIED.,.F.,
  .F.,(2,2),(0.,3.674061943109E-03),.PIECEWISE_BEZIER_KNOTS.);
#5840 = CARTESIAN_POINT('',(11.476747336861,1.262690209776,17.4437305662
    ));
#5841 = CARTESIAN_POINT('',(11.476747336861,1.262690209776,
    21.117792509309));
#5842 = PCURVE('',#5776,#5843);
#5843 = DEFINITIONAL_REPRESENTATION('',(#5844),#5848);
#5844 = B_SPLINE_CURVE_WITH_KNOTS('',2,(#5845,#5846,#5847),
  .UNSPECIFIED.,.F.,.F.,(3,3),(0.,3.674061943109E-03),
  .PIECEWISE_BEZIER_KNOTS.);
#5845 = CARTESIAN_POINT('',(6.173604429653,0.));
#5846 = CARTESIAN_POINT('',(6.173604429653,-1.837030971554E-03));
#5847 = CARTESIAN_POINT('',(6.173604429653,-3.674061943109E-03));
#5848 = ( GEOMETRIC_REPRESENTATION_CONTEXT(2) 
PARAMETRIC_REPRESENTATION_CONTEXT() REPRESENTATION_CONTEXT('2D SPACE',''
  ) );
#5849 = PCURVE('',#5850,#5857);
#5850 = ( BOUNDED_SURFACE() B_SPLINE_SURFACE(2,1,(
    (#5851,#5852)
    ,(#5853,#5854)
    ,(#5855,#5856
)),.UNSPECIFIED.,.F.,.F.,.F.) B_SPLINE_SURFACE_WITH_KNOTS((3,3),(2,2),(
    3.251173531116,3.607760365589),(-3.674061943109E-03,0.),
.PIECEWISE_BEZIER_KNOTS.) GEOMETRIC_REPRESENTATION_ITEM() 
RATIONAL_B_SPLINE_SURFACE((
    (1.,1.)
    ,(0.984147788739,0.984147788739)
,(1.,1.))) REPRESENTATION_ITEM('') SURFACE() );
#5851 = CARTESIAN_POINT('',(11.476747336861,1.262690209775,
    21.117792509309));
#5852 = CARTESIAN_POINT('',(11.476747336861,1.262690209775,17.4437305662
    ));
#5853 = CARTESIAN_POINT('',(11.24920174496,3.330880210492,
    21.117792509309));
#5854 = CARTESIAN_POINT('',(11.24920174496,3.330880210492,17.4437305662)
  );
#5855 = CARTESIAN_POINT('',(10.314010945096,5.18953699519,
    21.117792509309));
#5856 = CARTESIAN_POINT('',(10.314010945096,5.18953699519,17.4437305662)
  );
#5857 = DEFINITIONAL_REPRESENTATION('',(#5858),#5862);
#5858 = B_SPLINE_CURVE_WITH_KNOTS('',2,(#5859,#5860,#5861),
  .UNSPECIFIED.,.F.,.F.,(3,3),(0.,3.674061943109E-03),
  .PIECEWISE_BEZIER_KNOTS.);
#5859 = CARTESIAN_POINT('',(3.251173531116,0.));
#5860 = CARTESIAN_POINT('',(3.251173531116,-1.837030971554E-03));
#5861 = CARTESIAN_POINT('',(3.251173531116,-3.674061943109E-03));
#5862 = ( GEOMETRIC_REPRESENTATION_CONTEXT(2) 
PARAMETRIC_REPRESENTATION_CONTEXT() REPRESENTATION_CONTEXT('2D SPACE',''
  ) );
#5863 = ORIENTED_EDGE('',*,*,#5864,.F.);
#5864 = EDGE_CURVE('',#5763,#5836,#5865,.T.);
#5865 = SURFACE_CURVE('',#5866,(#5870,#5877),.PCURVE_S1.);
#5866 = ( BOUNDED_CURVE() B_SPLINE_CURVE(2,(#5867,#5868,#5869),
.UNSPECIFIED.,.F.,.F.) B_SPLINE_CURVE_WITH_KNOTS((3,3),(4.764104151404,
6.173604429653),.PIECEWISE_BEZIER_KNOTS.) CURVE() 
GEOMETRIC_REPRESENTATION_ITEM() RATIONAL_B_SPLINE_CURVE((1.,
0.761773446286,1.)) REPRESENTATION_ITEM('') );
#5867 = CARTESIAN_POINT('',(12.052237429936,0.719573633223,17.4437305662
    ));
#5868 = CARTESIAN_POINT('',(11.533548030913,0.746421683137,17.4437305662
    ));
#5869 = CARTESIAN_POINT('',(11.476747336861,1.262690209776,17.4437305662
    ));
#5870 = PCURVE('',#5776,#5871);
#5871 = DEFINITIONAL_REPRESENTATION('',(#5872),#5876);
#5872 = B_SPLINE_CURVE_WITH_KNOTS('',2,(#5873,#5874,#5875),
  .UNSPECIFIED.,.F.,.F.,(3,3),(4.764104151404,6.173604429653),
  .PIECEWISE_BEZIER_KNOTS.);
#5873 = CARTESIAN_POINT('',(4.764104151404,0.));
#5874 = CARTESIAN_POINT('',(5.468854290529,0.));
#5875 = CARTESIAN_POINT('',(6.173604429653,0.));
#5876 = ( GEOMETRIC_REPRESENTATION_CONTEXT(2) 
PARAMETRIC_REPRESENTATION_CONTEXT() REPRESENTATION_CONTEXT('2D SPACE',''
  ) );
#5877 = PCURVE('',#5499,#5878);
#5878 = DEFINITIONAL_REPRESENTATION('',(#5879),#5883);
#5879 = ( BOUNDED_CURVE() B_SPLINE_CURVE(2,(#5880,#5881,#5882),
.UNSPECIFIED.,.F.,.F.) B_SPLINE_CURVE_WITH_KNOTS((3,3),(4.764104151404,
6.173604429653),.PIECEWISE_BEZIER_KNOTS.) CURVE() 
GEOMETRIC_REPRESENTATION_ITEM() RATIONAL_B_SPLINE_CURVE((1.,
0.761773446286,1.)) REPRESENTATION_ITEM('') );
#5880 = CARTESIAN_POINT('',(6.778329025574E-03,-4.856142989256E-03));
#5881 = CARTESIAN_POINT('',(7.297018424596E-03,-4.829294939343E-03));
#5882 = CARTESIAN_POINT('',(7.353819118649E-03,-4.313026412704E-03));
#5883 = ( GEOMETRIC_REPRESENTATION_CONTEXT(2) 
PARAMETRIC_REPRESENTATION_CONTEXT() REPRESENTATION_CONTEXT('2D SPACE',''
  ) );
#5884 = ADVANCED_FACE('',(#5885),#5850,.T.);
#5885 = FACE_BOUND('',#5886,.T.);
#5886 = EDGE_LOOP('',(#5887,#5888,#5911,#5933));
#5887 = ORIENTED_EDGE('',*,*,#5835,.T.);
#5888 = ORIENTED_EDGE('',*,*,#5889,.T.);
#5889 = EDGE_CURVE('',#5813,#5890,#5892,.T.);
#5890 = VERTEX_POINT('',#5891);
#5891 = CARTESIAN_POINT('',(10.314010945096,5.18953699519,
    21.117792509309));
#5892 = SURFACE_CURVE('',#5893,(#5897,#5904),.PCURVE_S1.);
#5893 = ( BOUNDED_CURVE() B_SPLINE_CURVE(2,(#5894,#5895,#5896),
.UNSPECIFIED.,.F.,.F.) B_SPLINE_CURVE_WITH_KNOTS((3,3),(3.251173531116,
3.607760365589),.PIECEWISE_BEZIER_KNOTS.) CURVE() 
GEOMETRIC_REPRESENTATION_ITEM() RATIONAL_B_SPLINE_CURVE((1.,
0.984147788739,1.)) REPRESENTATION_ITEM('') );
#5894 = CARTESIAN_POINT('',(11.476747336861,1.262690209775,
    21.117792509309));
#5895 = CARTESIAN_POINT('',(11.24920174496,3.330880210492,
    21.117792509309));
#5896 = CARTESIAN_POINT('',(10.314010945096,5.18953699519,
    21.117792509309));
#5897 = PCURVE('',#5850,#5898);
#5898 = DEFINITIONAL_REPRESENTATION('',(#5899),#5903);
#5899 = B_SPLINE_CURVE_WITH_KNOTS('',2,(#5900,#5901,#5902),
  .UNSPECIFIED.,.F.,.F.,(3,3),(3.251173531116,3.607760365589),
  .PIECEWISE_BEZIER_KNOTS.);
#5900 = CARTESIAN_POINT('',(3.251173531116,-3.674061943109E-03));
#5901 = CARTESIAN_POINT('',(3.429466948352,-3.674061943109E-03));
#5902 = CARTESIAN_POINT('',(3.607760365589,-3.674061943109E-03));
#5903 = ( GEOMETRIC_REPRESENTATION_CONTEXT(2) 
PARAMETRIC_REPRESENTATION_CONTEXT() REPRESENTATION_CONTEXT('2D SPACE',''
  ) );
#5904 = PCURVE('',#5448,#5905);
#5905 = DEFINITIONAL_REPRESENTATION('',(#5906),#5910);
#5906 = ( BOUNDED_CURVE() B_SPLINE_CURVE(2,(#5907,#5908,#5909),
.UNSPECIFIED.,.F.,.F.) B_SPLINE_CURVE_WITH_KNOTS((3,3),(3.251173531116,
3.607760365589),.PIECEWISE_BEZIER_KNOTS.) CURVE() 
GEOMETRIC_REPRESENTATION_ITEM() RATIONAL_B_SPLINE_CURVE((1.,
0.984147788739,1.)) REPRESENTATION_ITEM('') );
#5907 = CARTESIAN_POINT('',(7.353819118649E-03,-4.313026412704E-03));
#5908 = CARTESIAN_POINT('',(7.58136471055E-03,-2.244836411988E-03));
#5909 = CARTESIAN_POINT('',(8.516555510414E-03,-3.861796272901E-04));
#5910 = ( GEOMETRIC_REPRESENTATION_CONTEXT(2) 
PARAMETRIC_REPRESENTATION_CONTEXT() REPRESENTATION_CONTEXT('2D SPACE',''
  ) );
#5911 = ORIENTED_EDGE('',*,*,#5912,.F.);
#5912 = EDGE_CURVE('',#5913,#5890,#5915,.T.);
#5913 = VERTEX_POINT('',#5914);
#5914 = CARTESIAN_POINT('',(10.314010945096,5.18953699519,17.4437305662)
  );
#5915 = SURFACE_CURVE('',#5916,(#5919,#5926),.PCURVE_S1.);
#5916 = B_SPLINE_CURVE_WITH_KNOTS('',1,(#5917,#5918),.UNSPECIFIED.,.F.,
  .F.,(2,2),(0.,3.674061943109E-03),.PIECEWISE_BEZIER_KNOTS.);
#5917 = CARTESIAN_POINT('',(10.314010945096,5.18953699519,17.4437305662)
  );
#5918 = CARTESIAN_POINT('',(10.314010945096,5.18953699519,
    21.117792509309));
#5919 = PCURVE('',#5850,#5920);
#5920 = DEFINITIONAL_REPRESENTATION('',(#5921),#5925);
#5921 = B_SPLINE_CURVE_WITH_KNOTS('',2,(#5922,#5923,#5924),
  .UNSPECIFIED.,.F.,.F.,(3,3),(0.,3.674061943109E-03),
  .PIECEWISE_BEZIER_KNOTS.);
#5922 = CARTESIAN_POINT('',(3.607760365589,0.));
#5923 = CARTESIAN_POINT('',(3.607760365589,-1.837030971554E-03));
#5924 = CARTESIAN_POINT('',(3.607760365589,-3.674061943109E-03));
#5925 = ( GEOMETRIC_REPRESENTATION_CONTEXT(2) 
PARAMETRIC_REPRESENTATION_CONTEXT() REPRESENTATION_CONTEXT('2D SPACE',''
  ) );
#5926 = PCURVE('',#5420,#5927);
#5927 = DEFINITIONAL_REPRESENTATION('',(#5928),#5932);
#5928 = B_SPLINE_CURVE_WITH_KNOTS('',2,(#5929,#5930,#5931),
  .UNSPECIFIED.,.F.,.F.,(3,3),(0.,3.674061943109E-03),
  .PIECEWISE_BEZIER_KNOTS.);
#5929 = CARTESIAN_POINT('',(5.817017595181,0.));
#5930 = CARTESIAN_POINT('',(5.817017595181,-1.837030971554E-03));
#5931 = CARTESIAN_POINT('',(5.817017595181,-3.674061943109E-03));
#5932 = ( GEOMETRIC_REPRESENTATION_CONTEXT(2) 
PARAMETRIC_REPRESENTATION_CONTEXT() REPRESENTATION_CONTEXT('2D SPACE',''
  ) );
#5933 = ORIENTED_EDGE('',*,*,#5934,.F.);
#5934 = EDGE_CURVE('',#5836,#5913,#5935,.T.);
#5935 = SURFACE_CURVE('',#5936,(#5940,#5947),.PCURVE_S1.);
#5936 = ( BOUNDED_CURVE() B_SPLINE_CURVE(2,(#5937,#5938,#5939),
.UNSPECIFIED.,.F.,.F.) B_SPLINE_CURVE_WITH_KNOTS((3,3),(3.251173531116,
3.607760365589),.PIECEWISE_BEZIER_KNOTS.) CURVE() 
GEOMETRIC_REPRESENTATION_ITEM() RATIONAL_B_SPLINE_CURVE((1.,
0.984147788739,1.)) REPRESENTATION_ITEM('') );
#5937 = CARTESIAN_POINT('',(11.476747336861,1.262690209775,17.4437305662
    ));
#5938 = CARTESIAN_POINT('',(11.24920174496,3.330880210492,17.4437305662)
  );
#5939 = CARTESIAN_POINT('',(10.314010945096,5.18953699519,17.4437305662)
  );
#5940 = PCURVE('',#5850,#5941);
#5941 = DEFINITIONAL_REPRESENTATION('',(#5942),#5946);
#5942 = B_SPLINE_CURVE_WITH_KNOTS('',2,(#5943,#5944,#5945),
  .UNSPECIFIED.,.F.,.F.,(3,3),(3.251173531116,3.607760365589),
  .PIECEWISE_BEZIER_KNOTS.);
#5943 = CARTESIAN_POINT('',(3.251173531116,0.));
#5944 = CARTESIAN_POINT('',(3.429466948352,0.));
#5945 = CARTESIAN_POINT('',(3.607760365589,0.));
#5946 = ( GEOMETRIC_REPRESENTATION_CONTEXT(2) 
PARAMETRIC_REPRESENTATION_CONTEXT() REPRESENTATION_CONTEXT('2D SPACE',''
  ) );
#5947 = PCURVE('',#5499,#5948);
#5948 = DEFINITIONAL_REPRESENTATION('',(#5949),#5953);
#5949 = ( BOUNDED_CURVE() B_SPLINE_CURVE(2,(#5950,#5951,#5952),
.UNSPECIFIED.,.F.,.F.) B_SPLINE_CURVE_WITH_KNOTS((3,3),(3.251173531116,
3.607760365589),.PIECEWISE_BEZIER_KNOTS.) CURVE() 
GEOMETRIC_REPRESENTATION_ITEM() RATIONAL_B_SPLINE_CURVE((1.,
0.984147788739,1.)) REPRESENTATION_ITEM('') );
#5950 = CARTESIAN_POINT('',(7.353819118649E-03,-4.313026412704E-03));
#5951 = CARTESIAN_POINT('',(7.58136471055E-03,-2.244836411988E-03));
#5952 = CARTESIAN_POINT('',(8.516555510414E-03,-3.861796272901E-04));
#5953 = ( GEOMETRIC_REPRESENTATION_CONTEXT(2) 
PARAMETRIC_REPRESENTATION_CONTEXT() REPRESENTATION_CONTEXT('2D SPACE',''
  ) );
#5954 = ADVANCED_FACE('',(#5955),#5420,.T.);
#5955 = FACE_BOUND('',#5956,.T.);
#5956 = EDGE_LOOP('',(#5957,#5958,#5979,#5980));
#5957 = ORIENTED_EDGE('',*,*,#5912,.T.);
#5958 = ORIENTED_EDGE('',*,*,#5959,.T.);
#5959 = EDGE_CURVE('',#5890,#5402,#5960,.T.);
#5960 = SURFACE_CURVE('',#5961,(#5965,#5972),.PCURVE_S1.);
#5961 = ( BOUNDED_CURVE() B_SPLINE_CURVE(2,(#5962,#5963,#5964),
.UNSPECIFIED.,.F.,.F.) B_SPLINE_CURVE_WITH_KNOTS((3,3),(5.817017595181,
7.22651787343),.PIECEWISE_BEZIER_KNOTS.) CURVE() 
GEOMETRIC_REPRESENTATION_ITEM() RATIONAL_B_SPLINE_CURVE((1.,
0.761773446286,1.)) REPRESENTATION_ITEM('') );
#5962 = CARTESIAN_POINT('',(10.314010945096,5.18953699519,
    21.117792509309));
#5963 = CARTESIAN_POINT('',(10.080565480122,5.653501137474,
    21.117792509309));
#5964 = CARTESIAN_POINT('',(10.501016580308,5.958427985742,
    21.117792509309));
#5965 = PCURVE('',#5420,#5966);
#5966 = DEFINITIONAL_REPRESENTATION('',(#5967),#5971);
#5967 = B_SPLINE_CURVE_WITH_KNOTS('',2,(#5968,#5969,#5970),
  .UNSPECIFIED.,.F.,.F.,(3,3),(5.817017595181,7.22651787343),
  .PIECEWISE_BEZIER_KNOTS.);
#5968 = CARTESIAN_POINT('',(5.817017595181,-3.674061943109E-03));
#5969 = CARTESIAN_POINT('',(6.521767734306,-3.674061943109E-03));
#5970 = CARTESIAN_POINT('',(7.22651787343,-3.674061943109E-03));
#5971 = ( GEOMETRIC_REPRESENTATION_CONTEXT(2) 
PARAMETRIC_REPRESENTATION_CONTEXT() REPRESENTATION_CONTEXT('2D SPACE',''
  ) );
#5972 = PCURVE('',#5448,#5973);
#5973 = DEFINITIONAL_REPRESENTATION('',(#5974),#5978);
#5974 = ( BOUNDED_CURVE() B_SPLINE_CURVE(2,(#5975,#5976,#5977),
.UNSPECIFIED.,.F.,.F.) B_SPLINE_CURVE_WITH_KNOTS((3,3),(5.817017595181,
7.22651787343),.PIECEWISE_BEZIER_KNOTS.) CURVE() 
GEOMETRIC_REPRESENTATION_ITEM() RATIONAL_B_SPLINE_CURVE((1.,
0.761773446286,1.)) REPRESENTATION_ITEM('') );
#5975 = CARTESIAN_POINT('',(8.516555510414E-03,-3.861796272901E-04));
#5976 = CARTESIAN_POINT('',(8.750000975388E-03,7.778451499398E-05));
#5977 = CARTESIAN_POINT('',(8.329549875202E-03,3.82711363262E-04));
#5978 = ( GEOMETRIC_REPRESENTATION_CONTEXT(2) 
PARAMETRIC_REPRESENTATION_CONTEXT() REPRESENTATION_CONTEXT('2D SPACE',''
  ) );
#5979 = ORIENTED_EDGE('',*,*,#5399,.F.);
#5980 = ORIENTED_EDGE('',*,*,#5981,.F.);
#5981 = EDGE_CURVE('',#5913,#5400,#5982,.T.);
#5982 = SURFACE_CURVE('',#5983,(#5987,#5994),.PCURVE_S1.);
#5983 = ( BOUNDED_CURVE() B_SPLINE_CURVE(2,(#5984,#5985,#5986),
.UNSPECIFIED.,.F.,.F.) B_SPLINE_CURVE_WITH_KNOTS((3,3),(5.817017595181,
7.22651787343),.PIECEWISE_BEZIER_KNOTS.) CURVE() 
GEOMETRIC_REPRESENTATION_ITEM() RATIONAL_B_SPLINE_CURVE((1.,
0.761773446286,1.)) REPRESENTATION_ITEM('') );
#5984 = CARTESIAN_POINT('',(10.314010945096,5.18953699519,17.4437305662)
  );
#5985 = CARTESIAN_POINT('',(10.080565480122,5.653501137474,17.4437305662
    ));
#5986 = CARTESIAN_POINT('',(10.501016580308,5.958427985742,17.4437305662
    ));
#5987 = PCURVE('',#5420,#5988);
#5988 = DEFINITIONAL_REPRESENTATION('',(#5989),#5993);
#5989 = B_SPLINE_CURVE_WITH_KNOTS('',2,(#5990,#5991,#5992),
  .UNSPECIFIED.,.F.,.F.,(3,3),(5.817017595181,7.22651787343),
  .PIECEWISE_BEZIER_KNOTS.);
#5990 = CARTESIAN_POINT('',(5.817017595181,0.));
#5991 = CARTESIAN_POINT('',(6.521767734306,0.));
#5992 = CARTESIAN_POINT('',(7.22651787343,0.));
#5993 = ( GEOMETRIC_REPRESENTATION_CONTEXT(2) 
PARAMETRIC_REPRESENTATION_CONTEXT() REPRESENTATION_CONTEXT('2D SPACE',''
  ) );
#5994 = PCURVE('',#5499,#5995);
#5995 = DEFINITIONAL_REPRESENTATION('',(#5996),#6000);
#5996 = ( BOUNDED_CURVE() B_SPLINE_CURVE(2,(#5997,#5998,#5999),
.UNSPECIFIED.,.F.,.F.) B_SPLINE_CURVE_WITH_KNOTS((3,3),(5.817017595181,
7.22651787343),.PIECEWISE_BEZIER_KNOTS.) CURVE() 
GEOMETRIC_REPRESENTATION_ITEM() RATIONAL_B_SPLINE_CURVE((1.,
0.761773446286,1.)) REPRESENTATION_ITEM('') );
#5997 = CARTESIAN_POINT('',(8.516555510414E-03,-3.861796272901E-04));
#5998 = CARTESIAN_POINT('',(8.750000975388E-03,7.778451499398E-05));
#5999 = CARTESIAN_POINT('',(8.329549875202E-03,3.82711363262E-04));
#6000 = ( GEOMETRIC_REPRESENTATION_CONTEXT(2) 
PARAMETRIC_REPRESENTATION_CONTEXT() REPRESENTATION_CONTEXT('2D SPACE',''
  ) );
#6001 = ADVANCED_FACE('',(#6002),#5499,.T.);
#6002 = FACE_BOUND('',#6003,.T.);
#6003 = EDGE_LOOP('',(#6004,#6005,#6006,#6007,#6008,#6009,#6010,#6011));
#6004 = ORIENTED_EDGE('',*,*,#5487,.T.);
#6005 = ORIENTED_EDGE('',*,*,#5566,.F.);
#6006 = ORIENTED_EDGE('',*,*,#5643,.T.);
#6007 = ORIENTED_EDGE('',*,*,#5717,.F.);
#6008 = ORIENTED_EDGE('',*,*,#5790,.T.);
#6009 = ORIENTED_EDGE('',*,*,#5864,.T.);
#6010 = ORIENTED_EDGE('',*,*,#5934,.T.);
#6011 = ORIENTED_EDGE('',*,*,#5981,.T.);
#6012 = ADVANCED_FACE('',(#6013),#5448,.F.);
#6013 = FACE_BOUND('',#6014,.F.);
#6014 = EDGE_LOOP('',(#6015,#6016,#6017,#6018,#6019,#6020,#6021,#6022));
#6015 = ORIENTED_EDGE('',*,*,#5434,.T.);
#6016 = ORIENTED_EDGE('',*,*,#5544,.F.);
#6017 = ORIENTED_EDGE('',*,*,#5591,.T.);
#6018 = ORIENTED_EDGE('',*,*,#5695,.F.);
#6019 = ORIENTED_EDGE('',*,*,#5742,.T.);
#6020 = ORIENTED_EDGE('',*,*,#5812,.T.);
#6021 = ORIENTED_EDGE('',*,*,#5889,.T.);
#6022 = ORIENTED_EDGE('',*,*,#5959,.T.);
#6023 = ( GEOMETRIC_REPRESENTATION_CONTEXT(3) 
GLOBAL_UNCERTAINTY_ASSIGNED_CONTEXT((#6027)) 
GLOBAL_UNIT_ASSIGNED_CONTEXT((#6024,#6025,#6026)) REPRESENTATION_CONTEXT
('Context #1','3D Context with UNIT and UNCERTAINTY') );
#6024 = ( LENGTH_UNIT() NAMED_UNIT(*) SI_UNIT(.MILLI.,.METRE.) );
#6025 = ( NAMED_UNIT(*) PLANE_ANGLE_UNIT() SI_UNIT($,.RADIAN.) );
#6026 = ( NAMED_UNIT(*) SI_UNIT($,.STERADIAN.) SOLID_ANGLE_UNIT() );
#6027 = UNCERTAINTY_MEASURE_WITH_UNIT(LENGTH_MEASURE(2.E-04),#6024,
  'distance_accuracy_value','confusion accuracy');
#6028 = CONTEXT_DEPENDENT_SHAPE_REPRESENTATION(#6029,#6031);
#6029 = ( REPRESENTATION_RELATIONSHIP('','',#5392,#10) 
REPRESENTATION_RELATIONSHIP_WITH_TRANSFORMATION(#6030) 
SHAPE_REPRESENTATION_RELATIONSHIP() );
#6030 = ITEM_DEFINED_TRANSFORMATION('','',#11,#47);
#6031 = PRODUCT_DEFINITION_SHAPE('Placement','Placement of an item',
  #6032);
#6032 = NEXT_ASSEMBLY_USAGE_OCCURRENCE('51','','',#5,#5387,$);
#6033 = PRODUCT_RELATED_PRODUCT_CATEGORY('part',$,(#5389));
#6034 = SHAPE_DEFINITION_REPRESENTATION(#6035,#6041);
#6035 = PRODUCT_DEFINITION_SHAPE('','',#6036);
#6036 = PRODUCT_DEFINITION('design','',#6037,#6040);
#6037 = PRODUCT_DEFINITION_FORMATION('','',#6038);
#6038 = PRODUCT('Open CASCADE STEP translator 7.7 2.10',
  'Open CASCADE STEP translator 7.7 2.10','',(#6039));
#6039 = PRODUCT_CONTEXT('',#2,'mechanical');
#6040 = PRODUCT_DEFINITION_CONTEXT('part definition',#2,'design');
#6041 = ADVANCED_BREP_SHAPE_REPRESENTATION('',(#11,#6042),#6672);
#6042 = MANIFOLD_SOLID_BREP('',#6043);
#6043 = CLOSED_SHELL('',(#6044,#6158,#6235,#6312,#6386,#6456,#6533,#6603
    ,#6650,#6661));
#6044 = ADVANCED_FACE('',(#6045),#6058,.T.);
#6045 = FACE_BOUND('',#6046,.T.);
#6046 = EDGE_LOOP('',(#6047,#6082,#6107,#6135));
#6047 = ORIENTED_EDGE('',*,*,#6048,.T.);
#6048 = EDGE_CURVE('',#6049,#6051,#6053,.T.);
#6049 = VERTEX_POINT('',#6050);
#6050 = CARTESIAN_POINT('',(10.501016580308,5.958427985742,17.4437305662
    ));
#6051 = VERTEX_POINT('',#6052);
#6052 = CARTESIAN_POINT('',(10.501016580308,5.958427985742,
    21.117792509309));
#6053 = SURFACE_CURVE('',#6054,(#6057,#6068),.PCURVE_S1.);
#6054 = B_SPLINE_CURVE_WITH_KNOTS('',1,(#6055,#6056),.UNSPECIFIED.,.F.,
  .F.,(2,2),(0.,3.674061943109E-03),.PIECEWISE_BEZIER_KNOTS.);
#6055 = CARTESIAN_POINT('',(10.501016580308,5.958427985742,17.4437305662
    ));
#6056 = CARTESIAN_POINT('',(10.501016580308,5.958427985742,
    21.117792509309));
#6057 = PCURVE('',#6058,#6063);
#6058 = B_SPLINE_SURFACE_WITH_KNOTS('',1,1,(
    (#6059,#6060)
    ,(#6061,#6062
    )),.UNSPECIFIED.,.F.,.F.,.F.,(2,2),(2,2),(0.,1.315996021184E-02),(
    -3.674061943109E-03,0.),.PIECEWISE_BEZIER_KNOTS.);
#6059 = CARTESIAN_POINT('',(10.501016580308,5.958427985742,
    21.117792509309));
#6060 = CARTESIAN_POINT('',(10.501016580308,5.958427985742,17.4437305662
    ));
#6061 = CARTESIAN_POINT('',(21.15425599114,13.684555271299,
    21.117792509309));
#6062 = CARTESIAN_POINT('',(21.15425599114,13.684555271299,17.4437305662
    ));
#6063 = DEFINITIONAL_REPRESENTATION('',(#6064),#6067);
#6064 = B_SPLINE_CURVE_WITH_KNOTS('',1,(#6065,#6066),.UNSPECIFIED.,.F.,
  .F.,(2,2),(0.,3.674061943109E-03),.PIECEWISE_BEZIER_KNOTS.);
#6065 = CARTESIAN_POINT('',(0.,0.));
#6066 = CARTESIAN_POINT('',(0.,-3.674061943109E-03));
#6067 = ( GEOMETRIC_REPRESENTATION_CONTEXT(2) 
PARAMETRIC_REPRESENTATION_CONTEXT() REPRESENTATION_CONTEXT('2D SPACE',''
  ) );
#6068 = PCURVE('',#6069,#6076);
#6069 = ( BOUNDED_SURFACE() B_SPLINE_SURFACE(2,1,(
    (#6070,#6071)
    ,(#6072,#6073)
    ,(#6074,#6075
)),.UNSPECIFIED.,.F.,.F.,.F.) B_SPLINE_SURFACE_WITH_KNOTS((3,3),(2,2),(
    5.817017595181,7.22651787343),(-3.674061943109E-03,0.),
.PIECEWISE_BEZIER_KNOTS.) GEOMETRIC_REPRESENTATION_ITEM() 
RATIONAL_B_SPLINE_SURFACE((
    (1.,1.)
    ,(0.761773446286,0.761773446286)
,(1.,1.))) REPRESENTATION_ITEM('') SURFACE() );
#6070 = CARTESIAN_POINT('',(10.314010945096,5.18953699519,
    21.117792509309));
#6071 = CARTESIAN_POINT('',(10.314010945096,5.18953699519,17.4437305662)
  );
#6072 = CARTESIAN_POINT('',(10.080565480122,5.653501137474,
    21.117792509309));
#6073 = CARTESIAN_POINT('',(10.080565480122,5.653501137474,17.4437305662
    ));
#6074 = CARTESIAN_POINT('',(10.501016580308,5.958427985742,
    21.117792509309));
#6075 = CARTESIAN_POINT('',(10.501016580308,5.958427985742,17.4437305662
    ));
#6076 = DEFINITIONAL_REPRESENTATION('',(#6077),#6081);
#6077 = B_SPLINE_CURVE_WITH_KNOTS('',2,(#6078,#6079,#6080),
  .UNSPECIFIED.,.F.,.F.,(3,3),(0.,3.674061943109E-03),
  .PIECEWISE_BEZIER_KNOTS.);
#6078 = CARTESIAN_POINT('',(7.22651787343,0.));
#6079 = CARTESIAN_POINT('',(7.22651787343,-1.837030971554E-03));
#6080 = CARTESIAN_POINT('',(7.22651787343,-3.674061943109E-03));
#6081 = ( GEOMETRIC_REPRESENTATION_CONTEXT(2) 
PARAMETRIC_REPRESENTATION_CONTEXT() REPRESENTATION_CONTEXT('2D SPACE',''
  ) );
#6082 = ORIENTED_EDGE('',*,*,#6083,.T.);
#6083 = EDGE_CURVE('',#6051,#6084,#6086,.T.);
#6084 = VERTEX_POINT('',#6085);
#6085 = CARTESIAN_POINT('',(21.15425599114,13.684555271299,
    21.117792509309));
#6086 = SURFACE_CURVE('',#6087,(#6090,#6096),.PCURVE_S1.);
#6087 = B_SPLINE_CURVE_WITH_KNOTS('',1,(#6088,#6089),.UNSPECIFIED.,.F.,
  .F.,(2,2),(5.311393726239E-04,1.369109958446E-02),
  .PIECEWISE_BEZIER_KNOTS.);
#6088 = CARTESIAN_POINT('',(10.501016580308,5.958427985742,
    21.117792509309));
#6089 = CARTESIAN_POINT('',(21.15425599114,13.684555271299,
    21.117792509309));
#6090 = PCURVE('',#6058,#6091);
#6091 = DEFINITIONAL_REPRESENTATION('',(#6092),#6095);
#6092 = B_SPLINE_CURVE_WITH_KNOTS('',1,(#6093,#6094),.UNSPECIFIED.,.F.,
  .F.,(2,2),(5.311393726239E-04,1.369109958446E-02),
  .PIECEWISE_BEZIER_KNOTS.);
#6093 = CARTESIAN_POINT('',(0.,-3.674061943109E-03));
#6094 = CARTESIAN_POINT('',(1.315996021184E-02,-3.674061943109E-03));
#6095 = ( GEOMETRIC_REPRESENTATION_CONTEXT(2) 
PARAMETRIC_REPRESENTATION_CONTEXT() REPRESENTATION_CONTEXT('2D SPACE',''
  ) );
#6096 = PCURVE('',#6097,#6102);
#6097 = B_SPLINE_SURFACE_WITH_KNOTS('',1,1,(
    (#6098,#6099)
    ,(#6100,#6101
    )),.UNSPECIFIED.,.F.,.F.,.F.,(2,2),(2,2),(-7.112294069963E-03,
    8.581721259939E-03),(-5.537360462184E-03,8.244361792773E-03),
  .PIECEWISE_BEZIER_KNOTS.);
#6098 = CARTESIAN_POINT('',(25.942860525472,3.835616029553E-02,
    21.117792509309));
#6099 = CARTESIAN_POINT('',(25.942860525472,13.820078415253,
    21.117792509309));
#6100 = CARTESIAN_POINT('',(10.248845195571,3.835616029553E-02,
    21.117792509309));
#6101 = CARTESIAN_POINT('',(10.248845195571,13.820078415253,
    21.117792509309));
#6102 = DEFINITIONAL_REPRESENTATION('',(#6103),#6106);
#6103 = B_SPLINE_CURVE_WITH_KNOTS('',1,(#6104,#6105),.UNSPECIFIED.,.F.,
  .F.,(2,2),(5.311393726239E-04,1.369109958446E-02),
  .PIECEWISE_BEZIER_KNOTS.);
#6104 = CARTESIAN_POINT('',(8.329549875202E-03,3.82711363262E-04));
#6105 = CARTESIAN_POINT('',(-2.32368953563E-03,8.108838648819E-03));
#6106 = ( GEOMETRIC_REPRESENTATION_CONTEXT(2) 
PARAMETRIC_REPRESENTATION_CONTEXT() REPRESENTATION_CONTEXT('2D SPACE',''
  ) );
#6107 = ORIENTED_EDGE('',*,*,#6108,.F.);
#6108 = EDGE_CURVE('',#6109,#6084,#6111,.T.);
#6109 = VERTEX_POINT('',#6110);
#6110 = CARTESIAN_POINT('',(21.15425599114,13.684555271299,17.4437305662
    ));
#6111 = SURFACE_CURVE('',#6112,(#6115,#6121),.PCURVE_S1.);
#6112 = B_SPLINE_CURVE_WITH_KNOTS('',1,(#6113,#6114),.UNSPECIFIED.,.F.,
  .F.,(2,2),(0.,3.674061943109E-03),.PIECEWISE_BEZIER_KNOTS.);
#6113 = CARTESIAN_POINT('',(21.15425599114,13.684555271299,17.4437305662
    ));
#6114 = CARTESIAN_POINT('',(21.15425599114,13.684555271299,
    21.117792509309));
#6115 = PCURVE('',#6058,#6116);
#6116 = DEFINITIONAL_REPRESENTATION('',(#6117),#6120);
#6117 = B_SPLINE_CURVE_WITH_KNOTS('',1,(#6118,#6119),.UNSPECIFIED.,.F.,
  .F.,(2,2),(0.,3.674061943109E-03),.PIECEWISE_BEZIER_KNOTS.);
#6118 = CARTESIAN_POINT('',(1.315996021184E-02,0.));
#6119 = CARTESIAN_POINT('',(1.315996021184E-02,-3.674061943109E-03));
#6120 = ( GEOMETRIC_REPRESENTATION_CONTEXT(2) 
PARAMETRIC_REPRESENTATION_CONTEXT() REPRESENTATION_CONTEXT('2D SPACE',''
  ) );
#6121 = PCURVE('',#6122,#6129);
#6122 = ( BOUNDED_SURFACE() B_SPLINE_SURFACE(2,1,(
    (#6123,#6124)
    ,(#6125,#6126)
    ,(#6127,#6128
)),.UNSPECIFIED.,.F.,.F.,.F.) B_SPLINE_SURFACE_WITH_KNOTS((3,3),(2,2),(
    0.546038978939,2.198260087339),(-3.674061943109E-03,0.),
.PIECEWISE_BEZIER_KNOTS.) GEOMETRIC_REPRESENTATION_ITEM() 
RATIONAL_B_SPLINE_SURFACE((
    (1.,1.)
    ,(0.677740792224,0.677740792224)
,(1.,1.))) REPRESENTATION_ITEM('') SURFACE() );
#6123 = CARTESIAN_POINT('',(22.179982242844,13.478074925861,
    21.117792509309));
#6124 = CARTESIAN_POINT('',(22.179982242844,13.478074925861,
    17.4437305662));
#6125 = CARTESIAN_POINT('',(21.779127414469,14.137735376201,
    21.117792509309));
#6126 = CARTESIAN_POINT('',(21.779127414469,14.137735376201,
    17.4437305662));
#6127 = CARTESIAN_POINT('',(21.15425599114,13.684555271299,
    21.117792509309));
#6128 = CARTESIAN_POINT('',(21.15425599114,13.684555271299,17.4437305662
    ));
#6129 = DEFINITIONAL_REPRESENTATION('',(#6130),#6134);
#6130 = B_SPLINE_CURVE_WITH_KNOTS('',2,(#6131,#6132,#6133),
  .UNSPECIFIED.,.F.,.F.,(3,3),(0.,3.674061943109E-03),
  .PIECEWISE_BEZIER_KNOTS.);
#6131 = CARTESIAN_POINT('',(2.198260087339,0.));
#6132 = CARTESIAN_POINT('',(2.198260087339,-1.837030971554E-03));
#6133 = CARTESIAN_POINT('',(2.198260087339,-3.674061943109E-03));
#6134 = ( GEOMETRIC_REPRESENTATION_CONTEXT(2) 
PARAMETRIC_REPRESENTATION_CONTEXT() REPRESENTATION_CONTEXT('2D SPACE',''
  ) );
#6135 = ORIENTED_EDGE('',*,*,#6136,.F.);
#6136 = EDGE_CURVE('',#6049,#6109,#6137,.T.);
#6137 = SURFACE_CURVE('',#6138,(#6141,#6147),.PCURVE_S1.);
#6138 = B_SPLINE_CURVE_WITH_KNOTS('',1,(#6139,#6140),.UNSPECIFIED.,.F.,
  .F.,(2,2),(5.311393726239E-04,1.369109958446E-02),
  .PIECEWISE_BEZIER_KNOTS.);
#6139 = CARTESIAN_POINT('',(10.501016580308,5.958427985742,17.4437305662
    ));
#6140 = CARTESIAN_POINT('',(21.15425599114,13.684555271299,17.4437305662
    ));
#6141 = PCURVE('',#6058,#6142);
#6142 = DEFINITIONAL_REPRESENTATION('',(#6143),#6146);
#6143 = B_SPLINE_CURVE_WITH_KNOTS('',1,(#6144,#6145),.UNSPECIFIED.,.F.,
  .F.,(2,2),(5.311393726239E-04,1.369109958446E-02),
  .PIECEWISE_BEZIER_KNOTS.);
#6144 = CARTESIAN_POINT('',(0.,0.));
#6145 = CARTESIAN_POINT('',(1.315996021184E-02,0.));
#6146 = ( GEOMETRIC_REPRESENTATION_CONTEXT(2) 
PARAMETRIC_REPRESENTATION_CONTEXT() REPRESENTATION_CONTEXT('2D SPACE',''
  ) );
#6147 = PCURVE('',#6148,#6153);
#6148 = B_SPLINE_SURFACE_WITH_KNOTS('',1,1,(
    (#6149,#6150)
    ,(#6151,#6152
    )),.UNSPECIFIED.,.F.,.F.,.F.,(2,2),(2,2),(-7.112294069963E-03,
    8.581721259939E-03),(-5.537360462184E-03,8.244361792773E-03),
  .PIECEWISE_BEZIER_KNOTS.);
#6149 = CARTESIAN_POINT('',(25.942860525472,3.835616029553E-02,
    17.4437305662));
#6150 = CARTESIAN_POINT('',(25.942860525472,13.820078415253,
    17.4437305662));
#6151 = CARTESIAN_POINT('',(10.248845195571,3.835616029553E-02,
    17.4437305662));
#6152 = CARTESIAN_POINT('',(10.248845195571,13.820078415253,
    17.4437305662));
#6153 = DEFINITIONAL_REPRESENTATION('',(#6154),#6157);
#6154 = B_SPLINE_CURVE_WITH_KNOTS('',1,(#6155,#6156),.UNSPECIFIED.,.F.,
  .F.,(2,2),(5.311393726239E-04,1.369109958446E-02),
  .PIECEWISE_BEZIER_KNOTS.);
#6155 = CARTESIAN_POINT('',(8.329549875202E-03,3.82711363262E-04));
#6156 = CARTESIAN_POINT('',(-2.32368953563E-03,8.108838648819E-03));
#6157 = ( GEOMETRIC_REPRESENTATION_CONTEXT(2) 
PARAMETRIC_REPRESENTATION_CONTEXT() REPRESENTATION_CONTEXT('2D SPACE',''
  ) );
#6158 = ADVANCED_FACE('',(#6159),#6122,.F.);
#6159 = FACE_BOUND('',#6160,.F.);
#6160 = EDGE_LOOP('',(#6161,#6192,#6213,#6214));
#6161 = ORIENTED_EDGE('',*,*,#6162,.T.);
#6162 = EDGE_CURVE('',#6163,#6165,#6167,.T.);
#6163 = VERTEX_POINT('',#6164);
#6164 = CARTESIAN_POINT('',(22.179982242844,13.478074925861,
    17.4437305662));
#6165 = VERTEX_POINT('',#6166);
#6166 = CARTESIAN_POINT('',(22.179982242844,13.478074925861,
    21.117792509309));
#6167 = SURFACE_CURVE('',#6168,(#6171,#6178),.PCURVE_S1.);
#6168 = B_SPLINE_CURVE_WITH_KNOTS('',1,(#6169,#6170),.UNSPECIFIED.,.F.,
  .F.,(2,2),(0.,3.674061943109E-03),.PIECEWISE_BEZIER_KNOTS.);
#6169 = CARTESIAN_POINT('',(22.179982242844,13.478074925861,
    17.4437305662));
#6170 = CARTESIAN_POINT('',(22.179982242844,13.478074925861,
    21.117792509309));
#6171 = PCURVE('',#6122,#6172);
#6172 = DEFINITIONAL_REPRESENTATION('',(#6173),#6177);
#6173 = B_SPLINE_CURVE_WITH_KNOTS('',2,(#6174,#6175,#6176),
  .UNSPECIFIED.,.F.,.F.,(3,3),(0.,3.674061943109E-03),
  .PIECEWISE_BEZIER_KNOTS.);
#6174 = CARTESIAN_POINT('',(0.546038978939,0.));
#6175 = CARTESIAN_POINT('',(0.546038978939,-1.837030971554E-03));
#6176 = CARTESIAN_POINT('',(0.546038978939,-3.674061943109E-03));
#6177 = ( GEOMETRIC_REPRESENTATION_CONTEXT(2) 
PARAMETRIC_REPRESENTATION_CONTEXT() REPRESENTATION_CONTEXT('2D SPACE',''
  ) );
#6178 = PCURVE('',#6179,#6186);
#6179 = ( BOUNDED_SURFACE() B_SPLINE_SURFACE(2,1,(
    (#6180,#6181)
    ,(#6182,#6183)
    ,(#6184,#6185
)),.UNSPECIFIED.,.F.,.F.,.F.) B_SPLINE_SURFACE_WITH_KNOTS((3,3),(2,2),(
    5.737146328241,6.253475696594),(-3.674061943109E-03,0.),
.PIECEWISE_BEZIER_KNOTS.) GEOMETRIC_REPRESENTATION_ITEM() 
RATIONAL_B_SPLINE_SURFACE((
    (1.,1.)
    ,(0.966860174289,0.966860174289)
,(1.,1.))) REPRESENTATION_ITEM('') SURFACE() );
#6180 = CARTESIAN_POINT('',(22.179982242844,13.478074925862,
    21.117792509309));
#6181 = CARTESIAN_POINT('',(22.179982242844,13.478074925862,
    17.4437305662));
#6182 = CARTESIAN_POINT('',(25.738966344792,7.621288654974,
    21.117792509309));
#6183 = CARTESIAN_POINT('',(25.738966344792,7.621288654974,17.4437305662
    ));
#6184 = CARTESIAN_POINT('',(25.942546551203,0.770969803976,
    21.117792509309));
#6185 = CARTESIAN_POINT('',(25.942546551203,0.770969803976,17.4437305662
    ));
#6186 = DEFINITIONAL_REPRESENTATION('',(#6187),#6191);
#6187 = B_SPLINE_CURVE_WITH_KNOTS('',2,(#6188,#6189,#6190),
  .UNSPECIFIED.,.F.,.F.,(3,3),(0.,3.674061943109E-03),
  .PIECEWISE_BEZIER_KNOTS.);
#6188 = CARTESIAN_POINT('',(5.737146328241,0.));
#6189 = CARTESIAN_POINT('',(5.737146328241,-1.837030971554E-03));
#6190 = CARTESIAN_POINT('',(5.737146328241,-3.674061943109E-03));
#6191 = ( GEOMETRIC_REPRESENTATION_CONTEXT(2) 
PARAMETRIC_REPRESENTATION_CONTEXT() REPRESENTATION_CONTEXT('2D SPACE',''
  ) );
#6192 = ORIENTED_EDGE('',*,*,#6193,.T.);
#6193 = EDGE_CURVE('',#6165,#6084,#6194,.T.);
#6194 = SURFACE_CURVE('',#6195,(#6199,#6206),.PCURVE_S1.);
#6195 = ( BOUNDED_CURVE() B_SPLINE_CURVE(2,(#6196,#6197,#6198),
.UNSPECIFIED.,.F.,.F.) B_SPLINE_CURVE_WITH_KNOTS((3,3),(0.546038978939,
2.198260087339),.PIECEWISE_BEZIER_KNOTS.) CURVE() 
GEOMETRIC_REPRESENTATION_ITEM() RATIONAL_B_SPLINE_CURVE((1.,
0.677740792224,1.)) REPRESENTATION_ITEM('') );
#6196 = CARTESIAN_POINT('',(22.179982242844,13.478074925861,
    21.117792509309));
#6197 = CARTESIAN_POINT('',(21.779127414469,14.137735376201,
    21.117792509309));
#6198 = CARTESIAN_POINT('',(21.15425599114,13.684555271299,
    21.117792509309));
#6199 = PCURVE('',#6122,#6200);
#6200 = DEFINITIONAL_REPRESENTATION('',(#6201),#6205);
#6201 = B_SPLINE_CURVE_WITH_KNOTS('',2,(#6202,#6203,#6204),
  .UNSPECIFIED.,.F.,.F.,(3,3),(0.546038978939,2.198260087339),
  .PIECEWISE_BEZIER_KNOTS.);
#6202 = CARTESIAN_POINT('',(0.546038978939,-3.674061943109E-03));
#6203 = CARTESIAN_POINT('',(1.372149533139,-3.674061943109E-03));
#6204 = CARTESIAN_POINT('',(2.198260087339,-3.674061943109E-03));
#6205 = ( GEOMETRIC_REPRESENTATION_CONTEXT(2) 
PARAMETRIC_REPRESENTATION_CONTEXT() REPRESENTATION_CONTEXT('2D SPACE',''
  ) );
#6206 = PCURVE('',#6097,#6207);
#6207 = DEFINITIONAL_REPRESENTATION('',(#6208),#6212);
#6208 = ( BOUNDED_CURVE() B_SPLINE_CURVE(2,(#6209,#6210,#6211),
.UNSPECIFIED.,.F.,.F.) B_SPLINE_CURVE_WITH_KNOTS((3,3),(0.546038978939,
2.198260087339),.PIECEWISE_BEZIER_KNOTS.) CURVE() 
GEOMETRIC_REPRESENTATION_ITEM() RATIONAL_B_SPLINE_CURVE((1.,
0.677740792224,1.)) REPRESENTATION_ITEM('') );
#6209 = CARTESIAN_POINT('',(-3.349415787334E-03,7.902358303382E-03));
#6210 = CARTESIAN_POINT('',(-2.94856095896E-03,8.562018753721E-03));
#6211 = CARTESIAN_POINT('',(-2.32368953563E-03,8.108838648819E-03));
#6212 = ( GEOMETRIC_REPRESENTATION_CONTEXT(2) 
PARAMETRIC_REPRESENTATION_CONTEXT() REPRESENTATION_CONTEXT('2D SPACE',''
  ) );
#6213 = ORIENTED_EDGE('',*,*,#6108,.F.);
#6214 = ORIENTED_EDGE('',*,*,#6215,.F.);
#6215 = EDGE_CURVE('',#6163,#6109,#6216,.T.);
#6216 = SURFACE_CURVE('',#6217,(#6221,#6228),.PCURVE_S1.);
#6217 = ( BOUNDED_CURVE() B_SPLINE_CURVE(2,(#6218,#6219,#6220),
.UNSPECIFIED.,.F.,.F.) B_SPLINE_CURVE_WITH_KNOTS((3,3),(0.546038978939,
2.198260087339),.PIECEWISE_BEZIER_KNOTS.) CURVE() 
GEOMETRIC_REPRESENTATION_ITEM() RATIONAL_B_SPLINE_CURVE((1.,
0.677740792224,1.)) REPRESENTATION_ITEM('') );
#6218 = CARTESIAN_POINT('',(22.179982242844,13.478074925861,
    17.4437305662));
#6219 = CARTESIAN_POINT('',(21.779127414469,14.137735376201,
    17.4437305662));
#6220 = CARTESIAN_POINT('',(21.15425599114,13.684555271299,17.4437305662
    ));
#6221 = PCURVE('',#6122,#6222);
#6222 = DEFINITIONAL_REPRESENTATION('',(#6223),#6227);
#6223 = B_SPLINE_CURVE_WITH_KNOTS('',2,(#6224,#6225,#6226),
  .UNSPECIFIED.,.F.,.F.,(3,3),(0.546038978939,2.198260087339),
  .PIECEWISE_BEZIER_KNOTS.);
#6224 = CARTESIAN_POINT('',(0.546038978939,0.));
#6225 = CARTESIAN_POINT('',(1.372149533139,0.));
#6226 = CARTESIAN_POINT('',(2.198260087339,0.));
#6227 = ( GEOMETRIC_REPRESENTATION_CONTEXT(2) 
PARAMETRIC_REPRESENTATION_CONTEXT() REPRESENTATION_CONTEXT('2D SPACE',''
  ) );
#6228 = PCURVE('',#6148,#6229);
#6229 = DEFINITIONAL_REPRESENTATION('',(#6230),#6234);
#6230 = ( BOUNDED_CURVE() B_SPLINE_CURVE(2,(#6231,#6232,#6233),
.UNSPECIFIED.,.F.,.F.) B_SPLINE_CURVE_WITH_KNOTS((3,3),(0.546038978939,
2.198260087339),.PIECEWISE_BEZIER_KNOTS.) CURVE() 
GEOMETRIC_REPRESENTATION_ITEM() RATIONAL_B_SPLINE_CURVE((1.,
0.677740792224,1.)) REPRESENTATION_ITEM('') );
#6231 = CARTESIAN_POINT('',(-3.349415787334E-03,7.902358303382E-03));
#6232 = CARTESIAN_POINT('',(-2.94856095896E-03,8.562018753721E-03));
#6233 = CARTESIAN_POINT('',(-2.32368953563E-03,8.108838648819E-03));
#6234 = ( GEOMETRIC_REPRESENTATION_CONTEXT(2) 
PARAMETRIC_REPRESENTATION_CONTEXT() REPRESENTATION_CONTEXT('2D SPACE',''
  ) );
#6235 = ADVANCED_FACE('',(#6236),#6179,.T.);
#6236 = FACE_BOUND('',#6237,.T.);
#6237 = EDGE_LOOP('',(#6238,#6239,#6262,#6291));
#6238 = ORIENTED_EDGE('',*,*,#6162,.T.);
#6239 = ORIENTED_EDGE('',*,*,#6240,.T.);
#6240 = EDGE_CURVE('',#6165,#6241,#6243,.T.);
#6241 = VERTEX_POINT('',#6242);
#6242 = CARTESIAN_POINT('',(25.942546551203,0.770969803976,
    21.117792509309));
#6243 = SURFACE_CURVE('',#6244,(#6248,#6255),.PCURVE_S1.);
#6244 = ( BOUNDED_CURVE() B_SPLINE_CURVE(2,(#6245,#6246,#6247),
.UNSPECIFIED.,.F.,.F.) B_SPLINE_CURVE_WITH_KNOTS((3,3),(5.737146328241,
6.253475696594),.PIECEWISE_BEZIER_KNOTS.) CURVE() 
GEOMETRIC_REPRESENTATION_ITEM() RATIONAL_B_SPLINE_CURVE((1.,
0.966860174289,1.)) REPRESENTATION_ITEM('') );
#6245 = CARTESIAN_POINT('',(22.179982242844,13.478074925862,
    21.117792509309));
#6246 = CARTESIAN_POINT('',(25.738966344792,7.621288654974,
    21.117792509309));
#6247 = CARTESIAN_POINT('',(25.942546551203,0.770969803976,
    21.117792509309));
#6248 = PCURVE('',#6179,#6249);
#6249 = DEFINITIONAL_REPRESENTATION('',(#6250),#6254);
#6250 = B_SPLINE_CURVE_WITH_KNOTS('',2,(#6251,#6252,#6253),
  .UNSPECIFIED.,.F.,.F.,(3,3),(5.737146328241,6.253475696594),
  .PIECEWISE_BEZIER_KNOTS.);
#6251 = CARTESIAN_POINT('',(5.737146328241,-3.674061943109E-03));
#6252 = CARTESIAN_POINT('',(5.995311012417,-3.674061943109E-03));
#6253 = CARTESIAN_POINT('',(6.253475696594,-3.674061943109E-03));
#6254 = ( GEOMETRIC_REPRESENTATION_CONTEXT(2) 
PARAMETRIC_REPRESENTATION_CONTEXT() REPRESENTATION_CONTEXT('2D SPACE',''
  ) );
#6255 = PCURVE('',#6097,#6256);
#6256 = DEFINITIONAL_REPRESENTATION('',(#6257),#6261);
#6257 = ( BOUNDED_CURVE() B_SPLINE_CURVE(2,(#6258,#6259,#6260),
.UNSPECIFIED.,.F.,.F.) B_SPLINE_CURVE_WITH_KNOTS((3,3),(5.737146328241,
6.253475696594),.PIECEWISE_BEZIER_KNOTS.) CURVE() 
GEOMETRIC_REPRESENTATION_ITEM() RATIONAL_B_SPLINE_CURVE((1.,
0.966860174289,1.)) REPRESENTATION_ITEM('') );
#6258 = CARTESIAN_POINT('',(-3.349415787334E-03,7.902358303382E-03));
#6259 = CARTESIAN_POINT('',(-6.908399889283E-03,2.045572032494E-03));
#6260 = CARTESIAN_POINT('',(-7.111980095694E-03,-4.804746818504E-03));
#6261 = ( GEOMETRIC_REPRESENTATION_CONTEXT(2) 
PARAMETRIC_REPRESENTATION_CONTEXT() REPRESENTATION_CONTEXT('2D SPACE',''
  ) );
#6262 = ORIENTED_EDGE('',*,*,#6263,.F.);
#6263 = EDGE_CURVE('',#6264,#6241,#6266,.T.);
#6264 = VERTEX_POINT('',#6265);
#6265 = CARTESIAN_POINT('',(25.942546551203,0.770969803976,17.4437305662
    ));
#6266 = SURFACE_CURVE('',#6267,(#6270,#6277),.PCURVE_S1.);
#6267 = B_SPLINE_CURVE_WITH_KNOTS('',1,(#6268,#6269),.UNSPECIFIED.,.F.,
  .F.,(2,2),(0.,3.674061943109E-03),.PIECEWISE_BEZIER_KNOTS.);
#6268 = CARTESIAN_POINT('',(25.942546551203,0.770969803976,17.4437305662
    ));
#6269 = CARTESIAN_POINT('',(25.942546551203,0.770969803976,
    21.117792509309));
#6270 = PCURVE('',#6179,#6271);
#6271 = DEFINITIONAL_REPRESENTATION('',(#6272),#6276);
#6272 = B_SPLINE_CURVE_WITH_KNOTS('',2,(#6273,#6274,#6275),
  .UNSPECIFIED.,.F.,.F.,(3,3),(0.,3.674061943109E-03),
  .PIECEWISE_BEZIER_KNOTS.);
#6273 = CARTESIAN_POINT('',(6.253475696594,0.));
#6274 = CARTESIAN_POINT('',(6.253475696594,-1.837030971554E-03));
#6275 = CARTESIAN_POINT('',(6.253475696594,-3.674061943109E-03));
#6276 = ( GEOMETRIC_REPRESENTATION_CONTEXT(2) 
PARAMETRIC_REPRESENTATION_CONTEXT() REPRESENTATION_CONTEXT('2D SPACE',''
  ) );
#6277 = PCURVE('',#6278,#6285);
#6278 = ( BOUNDED_SURFACE() B_SPLINE_SURFACE(2,1,(
    (#6279,#6280)
    ,(#6281,#6282)
    ,(#6283,#6284
)),.UNSPECIFIED.,.F.,.F.,.F.) B_SPLINE_SURFACE_WITH_KNOTS((3,3),(2,2),(
    4.660673809365,6.312894917766),(-3.674061943109E-03,0.),
.PIECEWISE_BEZIER_KNOTS.) GEOMETRIC_REPRESENTATION_ITEM() 
RATIONAL_B_SPLINE_SURFACE((
    (1.,1.)
    ,(0.677740792224,0.677740792224)
,(1.,1.))) REPRESENTATION_ITEM('') SURFACE() );
#6279 = CARTESIAN_POINT('',(25.194603677046,3.930735893455E-02,
    21.117792509309));
#6280 = CARTESIAN_POINT('',(25.194603677046,3.930735893455E-02,
    17.4437305662));
#6281 = CARTESIAN_POINT('',(25.965476158744,-5.940211682738E-04,
    21.117792509309));
#6282 = CARTESIAN_POINT('',(25.965476158744,-5.940211682738E-04,
    17.4437305662));
#6283 = CARTESIAN_POINT('',(25.942546551203,0.770969803976,
    21.117792509309));
#6284 = CARTESIAN_POINT('',(25.942546551203,0.770969803976,17.4437305662
    ));
#6285 = DEFINITIONAL_REPRESENTATION('',(#6286),#6290);
#6286 = B_SPLINE_CURVE_WITH_KNOTS('',2,(#6287,#6288,#6289),
  .UNSPECIFIED.,.F.,.F.,(3,3),(0.,3.674061943109E-03),
  .PIECEWISE_BEZIER_KNOTS.);
#6287 = CARTESIAN_POINT('',(6.312894917766,0.));
#6288 = CARTESIAN_POINT('',(6.312894917766,-1.837030971554E-03));
#6289 = CARTESIAN_POINT('',(6.312894917766,-3.674061943109E-03));
#6290 = ( GEOMETRIC_REPRESENTATION_CONTEXT(2) 
PARAMETRIC_REPRESENTATION_CONTEXT() REPRESENTATION_CONTEXT('2D SPACE',''
  ) );
#6291 = ORIENTED_EDGE('',*,*,#6292,.F.);
#6292 = EDGE_CURVE('',#6163,#6264,#6293,.T.);
#6293 = SURFACE_CURVE('',#6294,(#6298,#6305),.PCURVE_S1.);
#6294 = ( BOUNDED_CURVE() B_SPLINE_CURVE(2,(#6295,#6296,#6297),
.UNSPECIFIED.,.F.,.F.) B_SPLINE_CURVE_WITH_KNOTS((3,3),(5.737146328241,
6.253475696594),.PIECEWISE_BEZIER_KNOTS.) CURVE() 
GEOMETRIC_REPRESENTATION_ITEM() RATIONAL_B_SPLINE_CURVE((1.,
0.966860174289,1.)) REPRESENTATION_ITEM('') );
#6295 = CARTESIAN_POINT('',(22.179982242844,13.478074925862,
    17.4437305662));
#6296 = CARTESIAN_POINT('',(25.738966344792,7.621288654974,17.4437305662
    ));
#6297 = CARTESIAN_POINT('',(25.942546551203,0.770969803976,17.4437305662
    ));
#6298 = PCURVE('',#6179,#6299);
#6299 = DEFINITIONAL_REPRESENTATION('',(#6300),#6304);
#6300 = B_SPLINE_CURVE_WITH_KNOTS('',2,(#6301,#6302,#6303),
  .UNSPECIFIED.,.F.,.F.,(3,3),(5.737146328241,6.253475696594),
  .PIECEWISE_BEZIER_KNOTS.);
#6301 = CARTESIAN_POINT('',(5.737146328241,0.));
#6302 = CARTESIAN_POINT('',(5.995311012417,0.));
#6303 = CARTESIAN_POINT('',(6.253475696594,0.));
#6304 = ( GEOMETRIC_REPRESENTATION_CONTEXT(2) 
PARAMETRIC_REPRESENTATION_CONTEXT() REPRESENTATION_CONTEXT('2D SPACE',''
  ) );
#6305 = PCURVE('',#6148,#6306);
#6306 = DEFINITIONAL_REPRESENTATION('',(#6307),#6311);
#6307 = ( BOUNDED_CURVE() B_SPLINE_CURVE(2,(#6308,#6309,#6310),
.UNSPECIFIED.,.F.,.F.) B_SPLINE_CURVE_WITH_KNOTS((3,3),(5.737146328241,
6.253475696594),.PIECEWISE_BEZIER_KNOTS.) CURVE() 
GEOMETRIC_REPRESENTATION_ITEM() RATIONAL_B_SPLINE_CURVE((1.,
0.966860174289,1.)) REPRESENTATION_ITEM('') );
#6308 = CARTESIAN_POINT('',(-3.349415787334E-03,7.902358303382E-03));
#6309 = CARTESIAN_POINT('',(-6.908399889283E-03,2.045572032494E-03));
#6310 = CARTESIAN_POINT('',(-7.111980095694E-03,-4.804746818504E-03));
#6311 = ( GEOMETRIC_REPRESENTATION_CONTEXT(2) 
PARAMETRIC_REPRESENTATION_CONTEXT() REPRESENTATION_CONTEXT('2D SPACE',''
  ) );
#6312 = ADVANCED_FACE('',(#6313),#6278,.F.);
#6313 = FACE_BOUND('',#6314,.F.);
#6314 = EDGE_LOOP('',(#6315,#6343,#6364,#6365));
#6315 = ORIENTED_EDGE('',*,*,#6316,.T.);
#6316 = EDGE_CURVE('',#6317,#6319,#6321,.T.);
#6317 = VERTEX_POINT('',#6318);
#6318 = CARTESIAN_POINT('',(25.194603677046,3.930735893453E-02,
    17.4437305662));
#6319 = VERTEX_POINT('',#6320);
#6320 = CARTESIAN_POINT('',(25.194603677046,3.930735893453E-02,
    21.117792509309));
#6321 = SURFACE_CURVE('',#6322,(#6325,#6332),.PCURVE_S1.);
#6322 = B_SPLINE_CURVE_WITH_KNOTS('',1,(#6323,#6324),.UNSPECIFIED.,.F.,
  .F.,(2,2),(0.,3.674061943109E-03),.PIECEWISE_BEZIER_KNOTS.);
#6323 = CARTESIAN_POINT('',(25.194603677046,3.930735893454E-02,
    17.4437305662));
#6324 = CARTESIAN_POINT('',(25.194603677046,3.930735893454E-02,
    21.117792509309));
#6325 = PCURVE('',#6278,#6326);
#6326 = DEFINITIONAL_REPRESENTATION('',(#6327),#6331);
#6327 = B_SPLINE_CURVE_WITH_KNOTS('',2,(#6328,#6329,#6330),
  .UNSPECIFIED.,.F.,.F.,(3,3),(0.,3.674061943109E-03),
  .PIECEWISE_BEZIER_KNOTS.);
#6328 = CARTESIAN_POINT('',(4.660673809365,0.));
#6329 = CARTESIAN_POINT('',(4.660673809365,-1.837030971554E-03));
#6330 = CARTESIAN_POINT('',(4.660673809365,-3.674061943109E-03));
#6331 = ( GEOMETRIC_REPRESENTATION_CONTEXT(2) 
PARAMETRIC_REPRESENTATION_CONTEXT() REPRESENTATION_CONTEXT('2D SPACE',''
  ) );
#6332 = PCURVE('',#6333,#6338);
#6333 = B_SPLINE_SURFACE_WITH_KNOTS('',1,1,(
    (#6334,#6335)
    ,(#6336,#6337
    )),.UNSPECIFIED.,.F.,.F.,.F.,(2,2),(2,2),(0.,1.315996021184E-02),(
    -3.674061943109E-03,0.),.PIECEWISE_BEZIER_KNOTS.);
#6334 = CARTESIAN_POINT('',(25.194603677046,3.930735893454E-02,
    21.117792509309));
#6335 = CARTESIAN_POINT('',(25.194603677046,3.930735893454E-02,
    17.4437305662));
#6336 = CARTESIAN_POINT('',(12.052237429936,0.719573633223,
    21.117792509309));
#6337 = CARTESIAN_POINT('',(12.052237429936,0.719573633223,17.4437305662
    ));
#6338 = DEFINITIONAL_REPRESENTATION('',(#6339),#6342);
#6339 = B_SPLINE_CURVE_WITH_KNOTS('',1,(#6340,#6341),.UNSPECIFIED.,.F.,
  .F.,(2,2),(0.,3.674061943109E-03),.PIECEWISE_BEZIER_KNOTS.);
#6340 = CARTESIAN_POINT('',(0.,0.));
#6341 = CARTESIAN_POINT('',(0.,-3.674061943109E-03));
#6342 = ( GEOMETRIC_REPRESENTATION_CONTEXT(2) 
PARAMETRIC_REPRESENTATION_CONTEXT() REPRESENTATION_CONTEXT('2D SPACE',''
  ) );
#6343 = ORIENTED_EDGE('',*,*,#6344,.T.);
#6344 = EDGE_CURVE('',#6319,#6241,#6345,.T.);
#6345 = SURFACE_CURVE('',#6346,(#6350,#6357),.PCURVE_S1.);
#6346 = ( BOUNDED_CURVE() B_SPLINE_CURVE(2,(#6347,#6348,#6349),
.UNSPECIFIED.,.F.,.F.) B_SPLINE_CURVE_WITH_KNOTS((3,3),(4.660673809365,
6.312894917766),.PIECEWISE_BEZIER_KNOTS.) CURVE() 
GEOMETRIC_REPRESENTATION_ITEM() RATIONAL_B_SPLINE_CURVE((1.,
0.677740792224,1.)) REPRESENTATION_ITEM('') );
#6347 = CARTESIAN_POINT('',(25.194603677046,3.930735893455E-02,
    21.117792509309));
#6348 = CARTESIAN_POINT('',(25.965476158744,-5.940211682738E-04,
    21.117792509309));
#6349 = CARTESIAN_POINT('',(25.942546551203,0.770969803976,
    21.117792509309));
#6350 = PCURVE('',#6278,#6351);
#6351 = DEFINITIONAL_REPRESENTATION('',(#6352),#6356);
#6352 = B_SPLINE_CURVE_WITH_KNOTS('',2,(#6353,#6354,#6355),
  .UNSPECIFIED.,.F.,.F.,(3,3),(4.660673809365,6.312894917766),
  .PIECEWISE_BEZIER_KNOTS.);
#6353 = CARTESIAN_POINT('',(4.660673809365,-3.674061943109E-03));
#6354 = CARTESIAN_POINT('',(5.486784363566,-3.674061943109E-03));
#6355 = CARTESIAN_POINT('',(6.312894917766,-3.674061943109E-03));
#6356 = ( GEOMETRIC_REPRESENTATION_CONTEXT(2) 
PARAMETRIC_REPRESENTATION_CONTEXT() REPRESENTATION_CONTEXT('2D SPACE',''
  ) );
#6357 = PCURVE('',#6097,#6358);
#6358 = DEFINITIONAL_REPRESENTATION('',(#6359),#6363);
#6359 = ( BOUNDED_CURVE() B_SPLINE_CURVE(2,(#6360,#6361,#6362),
.UNSPECIFIED.,.F.,.F.) B_SPLINE_CURVE_WITH_KNOTS((3,3),(4.660673809365,
6.312894917766),.PIECEWISE_BEZIER_KNOTS.) CURVE() 
GEOMETRIC_REPRESENTATION_ITEM() RATIONAL_B_SPLINE_CURVE((1.,
0.677740792224,1.)) REPRESENTATION_ITEM('') );
#6360 = CARTESIAN_POINT('',(-6.364037221537E-03,-5.536409263545E-03));
#6361 = CARTESIAN_POINT('',(-7.134909703235E-03,-5.576310643648E-03));
#6362 = CARTESIAN_POINT('',(-7.111980095694E-03,-4.804746818504E-03));
#6363 = ( GEOMETRIC_REPRESENTATION_CONTEXT(2) 
PARAMETRIC_REPRESENTATION_CONTEXT() REPRESENTATION_CONTEXT('2D SPACE',''
  ) );
#6364 = ORIENTED_EDGE('',*,*,#6263,.F.);
#6365 = ORIENTED_EDGE('',*,*,#6366,.F.);
#6366 = EDGE_CURVE('',#6317,#6264,#6367,.T.);
#6367 = SURFACE_CURVE('',#6368,(#6372,#6379),.PCURVE_S1.);
#6368 = ( BOUNDED_CURVE() B_SPLINE_CURVE(2,(#6369,#6370,#6371),
.UNSPECIFIED.,.F.,.F.) B_SPLINE_CURVE_WITH_KNOTS((3,3),(4.660673809365,
6.312894917766),.PIECEWISE_BEZIER_KNOTS.) CURVE() 
GEOMETRIC_REPRESENTATION_ITEM() RATIONAL_B_SPLINE_CURVE((1.,
0.677740792224,1.)) REPRESENTATION_ITEM('') );
#6369 = CARTESIAN_POINT('',(25.194603677046,3.930735893455E-02,
    17.4437305662));
#6370 = CARTESIAN_POINT('',(25.965476158744,-5.940211682738E-04,
    17.4437305662));
#6371 = CARTESIAN_POINT('',(25.942546551203,0.770969803976,17.4437305662
    ));
#6372 = PCURVE('',#6278,#6373);
#6373 = DEFINITIONAL_REPRESENTATION('',(#6374),#6378);
#6374 = B_SPLINE_CURVE_WITH_KNOTS('',2,(#6375,#6376,#6377),
  .UNSPECIFIED.,.F.,.F.,(3,3),(4.660673809365,6.312894917766),
  .PIECEWISE_BEZIER_KNOTS.);
#6375 = CARTESIAN_POINT('',(4.660673809365,0.));
#6376 = CARTESIAN_POINT('',(5.486784363566,0.));
#6377 = CARTESIAN_POINT('',(6.312894917766,0.));
#6378 = ( GEOMETRIC_REPRESENTATION_CONTEXT(2) 
PARAMETRIC_REPRESENTATION_CONTEXT() REPRESENTATION_CONTEXT('2D SPACE',''
  ) );
#6379 = PCURVE('',#6148,#6380);
#6380 = DEFINITIONAL_REPRESENTATION('',(#6381),#6385);
#6381 = ( BOUNDED_CURVE() B_SPLINE_CURVE(2,(#6382,#6383,#6384),
.UNSPECIFIED.,.F.,.F.) B_SPLINE_CURVE_WITH_KNOTS((3,3),(4.660673809365,
6.312894917766),.PIECEWISE_BEZIER_KNOTS.) CURVE() 
GEOMETRIC_REPRESENTATION_ITEM() RATIONAL_B_SPLINE_CURVE((1.,
0.677740792224,1.)) REPRESENTATION_ITEM('') );
#6382 = CARTESIAN_POINT('',(-6.364037221537E-03,-5.536409263545E-03));
#6383 = CARTESIAN_POINT('',(-7.134909703235E-03,-5.576310643648E-03));
#6384 = CARTESIAN_POINT('',(-7.111980095694E-03,-4.804746818504E-03));
#6385 = ( GEOMETRIC_REPRESENTATION_CONTEXT(2) 
PARAMETRIC_REPRESENTATION_CONTEXT() REPRESENTATION_CONTEXT('2D SPACE',''
  ) );
#6386 = ADVANCED_FACE('',(#6387),#6333,.T.);
#6387 = FACE_BOUND('',#6388,.T.);
#6388 = EDGE_LOOP('',(#6389,#6390,#6410,#6438));
#6389 = ORIENTED_EDGE('',*,*,#6316,.T.);
#6390 = ORIENTED_EDGE('',*,*,#6391,.T.);
#6391 = EDGE_CURVE('',#6319,#6392,#6394,.T.);
#6392 = VERTEX_POINT('',#6393);
#6393 = CARTESIAN_POINT('',(12.052237429936,0.719573633223,
    21.117792509309));
#6394 = SURFACE_CURVE('',#6395,(#6398,#6404),.PCURVE_S1.);
#6395 = B_SPLINE_CURVE_WITH_KNOTS('',1,(#6396,#6397),.UNSPECIFIED.,.F.,
  .F.,(2,2),(7.604129429344E-04,1.392037315477E-02),
  .PIECEWISE_BEZIER_KNOTS.);
#6396 = CARTESIAN_POINT('',(25.194603677046,3.930735893454E-02,
    21.117792509309));
#6397 = CARTESIAN_POINT('',(12.052237429936,0.719573633223,
    21.117792509309));
#6398 = PCURVE('',#6333,#6399);
#6399 = DEFINITIONAL_REPRESENTATION('',(#6400),#6403);
#6400 = B_SPLINE_CURVE_WITH_KNOTS('',1,(#6401,#6402),.UNSPECIFIED.,.F.,
  .F.,(2,2),(7.604129429344E-04,1.392037315477E-02),
  .PIECEWISE_BEZIER_KNOTS.);
#6401 = CARTESIAN_POINT('',(0.,-3.674061943109E-03));
#6402 = CARTESIAN_POINT('',(1.315996021184E-02,-3.674061943109E-03));
#6403 = ( GEOMETRIC_REPRESENTATION_CONTEXT(2) 
PARAMETRIC_REPRESENTATION_CONTEXT() REPRESENTATION_CONTEXT('2D SPACE',''
  ) );
#6404 = PCURVE('',#6097,#6405);
#6405 = DEFINITIONAL_REPRESENTATION('',(#6406),#6409);
#6406 = B_SPLINE_CURVE_WITH_KNOTS('',1,(#6407,#6408),.UNSPECIFIED.,.F.,
  .F.,(2,2),(7.604129429344E-04,1.392037315477E-02),
  .PIECEWISE_BEZIER_KNOTS.);
#6407 = CARTESIAN_POINT('',(-6.364037221537E-03,-5.536409263545E-03));
#6408 = CARTESIAN_POINT('',(6.778329025574E-03,-4.856142989256E-03));
#6409 = ( GEOMETRIC_REPRESENTATION_CONTEXT(2) 
PARAMETRIC_REPRESENTATION_CONTEXT() REPRESENTATION_CONTEXT('2D SPACE',''
  ) );
#6410 = ORIENTED_EDGE('',*,*,#6411,.F.);
#6411 = EDGE_CURVE('',#6412,#6392,#6414,.T.);
#6412 = VERTEX_POINT('',#6413);
#6413 = CARTESIAN_POINT('',(12.052237429936,0.719573633223,17.4437305662
    ));
#6414 = SURFACE_CURVE('',#6415,(#6418,#6424),.PCURVE_S1.);
#6415 = B_SPLINE_CURVE_WITH_KNOTS('',1,(#6416,#6417),.UNSPECIFIED.,.F.,
  .F.,(2,2),(0.,3.674061943109E-03),.PIECEWISE_BEZIER_KNOTS.);
#6416 = CARTESIAN_POINT('',(12.052237429936,0.719573633223,17.4437305662
    ));
#6417 = CARTESIAN_POINT('',(12.052237429936,0.719573633223,
    21.117792509309));
#6418 = PCURVE('',#6333,#6419);
#6419 = DEFINITIONAL_REPRESENTATION('',(#6420),#6423);
#6420 = B_SPLINE_CURVE_WITH_KNOTS('',1,(#6421,#6422),.UNSPECIFIED.,.F.,
  .F.,(2,2),(0.,3.674061943109E-03),.PIECEWISE_BEZIER_KNOTS.);
#6421 = CARTESIAN_POINT('',(1.315996021184E-02,0.));
#6422 = CARTESIAN_POINT('',(1.315996021184E-02,-3.674061943109E-03));
#6423 = ( GEOMETRIC_REPRESENTATION_CONTEXT(2) 
PARAMETRIC_REPRESENTATION_CONTEXT() REPRESENTATION_CONTEXT('2D SPACE',''
  ) );
#6424 = PCURVE('',#6425,#6432);
#6425 = ( BOUNDED_SURFACE() B_SPLINE_SURFACE(2,1,(
    (#6426,#6427)
    ,(#6428,#6429)
    ,(#6430,#6431
)),.UNSPECIFIED.,.F.,.F.,.F.) B_SPLINE_SURFACE_WITH_KNOTS((3,3),(2,2),(
    4.764104151404,6.173604429653),(-3.674061943109E-03,0.),
.PIECEWISE_BEZIER_KNOTS.) GEOMETRIC_REPRESENTATION_ITEM() 
RATIONAL_B_SPLINE_SURFACE((
    (1.,1.)
    ,(0.761773446286,0.761773446286)
,(1.,1.))) REPRESENTATION_ITEM('') SURFACE() );
#6426 = CARTESIAN_POINT('',(12.052237429936,0.719573633223,
    21.117792509309));
#6427 = CARTESIAN_POINT('',(12.052237429936,0.719573633223,17.4437305662
    ));
#6428 = CARTESIAN_POINT('',(11.533548030913,0.746421683137,
    21.117792509309));
#6429 = CARTESIAN_POINT('',(11.533548030913,0.746421683137,17.4437305662
    ));
#6430 = CARTESIAN_POINT('',(11.476747336861,1.262690209776,
    21.117792509309));
#6431 = CARTESIAN_POINT('',(11.476747336861,1.262690209776,17.4437305662
    ));
#6432 = DEFINITIONAL_REPRESENTATION('',(#6433),#6437);
#6433 = B_SPLINE_CURVE_WITH_KNOTS('',2,(#6434,#6435,#6436),
  .UNSPECIFIED.,.F.,.F.,(3,3),(0.,3.674061943109E-03),
  .PIECEWISE_BEZIER_KNOTS.);
#6434 = CARTESIAN_POINT('',(4.764104151404,0.));
#6435 = CARTESIAN_POINT('',(4.764104151404,-1.837030971554E-03));
#6436 = CARTESIAN_POINT('',(4.764104151404,-3.674061943109E-03));
#6437 = ( GEOMETRIC_REPRESENTATION_CONTEXT(2) 
PARAMETRIC_REPRESENTATION_CONTEXT() REPRESENTATION_CONTEXT('2D SPACE',''
  ) );
#6438 = ORIENTED_EDGE('',*,*,#6439,.F.);
#6439 = EDGE_CURVE('',#6317,#6412,#6440,.T.);
#6440 = SURFACE_CURVE('',#6441,(#6444,#6450),.PCURVE_S1.);
#6441 = B_SPLINE_CURVE_WITH_KNOTS('',1,(#6442,#6443),.UNSPECIFIED.,.F.,
  .F.,(2,2),(7.604129429344E-04,1.392037315477E-02),
  .PIECEWISE_BEZIER_KNOTS.);
#6442 = CARTESIAN_POINT('',(25.194603677046,3.930735893454E-02,
    17.4437305662));
#6443 = CARTESIAN_POINT('',(12.052237429936,0.719573633223,17.4437305662
    ));
#6444 = PCURVE('',#6333,#6445);
#6445 = DEFINITIONAL_REPRESENTATION('',(#6446),#6449);
#6446 = B_SPLINE_CURVE_WITH_KNOTS('',1,(#6447,#6448),.UNSPECIFIED.,.F.,
  .F.,(2,2),(7.604129429344E-04,1.392037315477E-02),
  .PIECEWISE_BEZIER_KNOTS.);
#6447 = CARTESIAN_POINT('',(0.,0.));
#6448 = CARTESIAN_POINT('',(1.315996021184E-02,0.));
#6449 = ( GEOMETRIC_REPRESENTATION_CONTEXT(2) 
PARAMETRIC_REPRESENTATION_CONTEXT() REPRESENTATION_CONTEXT('2D SPACE',''
  ) );
#6450 = PCURVE('',#6148,#6451);
#6451 = DEFINITIONAL_REPRESENTATION('',(#6452),#6455);
#6452 = B_SPLINE_CURVE_WITH_KNOTS('',1,(#6453,#6454),.UNSPECIFIED.,.F.,
  .F.,(2,2),(7.604129429344E-04,1.392037315477E-02),
  .PIECEWISE_BEZIER_KNOTS.);
#6453 = CARTESIAN_POINT('',(-6.364037221537E-03,-5.536409263545E-03));
#6454 = CARTESIAN_POINT('',(6.778329025574E-03,-4.856142989256E-03));
#6455 = ( GEOMETRIC_REPRESENTATION_CONTEXT(2) 
PARAMETRIC_REPRESENTATION_CONTEXT() REPRESENTATION_CONTEXT('2D SPACE',''
  ) );
#6456 = ADVANCED_FACE('',(#6457),#6425,.T.);
#6457 = FACE_BOUND('',#6458,.T.);
#6458 = EDGE_LOOP('',(#6459,#6460,#6483,#6512));
#6459 = ORIENTED_EDGE('',*,*,#6411,.T.);
#6460 = ORIENTED_EDGE('',*,*,#6461,.T.);
#6461 = EDGE_CURVE('',#6392,#6462,#6464,.T.);
#6462 = VERTEX_POINT('',#6463);
#6463 = CARTESIAN_POINT('',(11.476747336861,1.262690209775,
    21.117792509309));
#6464 = SURFACE_CURVE('',#6465,(#6469,#6476),.PCURVE_S1.);
#6465 = ( BOUNDED_CURVE() B_SPLINE_CURVE(2,(#6466,#6467,#6468),
.UNSPECIFIED.,.F.,.F.) B_SPLINE_CURVE_WITH_KNOTS((3,3),(4.764104151404,
6.173604429653),.PIECEWISE_BEZIER_KNOTS.) CURVE() 
GEOMETRIC_REPRESENTATION_ITEM() RATIONAL_B_SPLINE_CURVE((1.,
0.761773446286,1.)) REPRESENTATION_ITEM('') );
#6466 = CARTESIAN_POINT('',(12.052237429936,0.719573633223,
    21.117792509309));
#6467 = CARTESIAN_POINT('',(11.533548030913,0.746421683137,
    21.117792509309));
#6468 = CARTESIAN_POINT('',(11.476747336861,1.262690209776,
    21.117792509309));
#6469 = PCURVE('',#6425,#6470);
#6470 = DEFINITIONAL_REPRESENTATION('',(#6471),#6475);
#6471 = B_SPLINE_CURVE_WITH_KNOTS('',2,(#6472,#6473,#6474),
  .UNSPECIFIED.,.F.,.F.,(3,3),(4.764104151404,6.173604429653),
  .PIECEWISE_BEZIER_KNOTS.);
#6472 = CARTESIAN_POINT('',(4.764104151404,-3.674061943109E-03));
#6473 = CARTESIAN_POINT('',(5.468854290529,-3.674061943109E-03));
#6474 = CARTESIAN_POINT('',(6.173604429653,-3.674061943109E-03));
#6475 = ( GEOMETRIC_REPRESENTATION_CONTEXT(2) 
PARAMETRIC_REPRESENTATION_CONTEXT() REPRESENTATION_CONTEXT('2D SPACE',''
  ) );
#6476 = PCURVE('',#6097,#6477);
#6477 = DEFINITIONAL_REPRESENTATION('',(#6478),#6482);
#6478 = ( BOUNDED_CURVE() B_SPLINE_CURVE(2,(#6479,#6480,#6481),
.UNSPECIFIED.,.F.,.F.) B_SPLINE_CURVE_WITH_KNOTS((3,3),(4.764104151404,
6.173604429653),.PIECEWISE_BEZIER_KNOTS.) CURVE() 
GEOMETRIC_REPRESENTATION_ITEM() RATIONAL_B_SPLINE_CURVE((1.,
0.761773446286,1.)) REPRESENTATION_ITEM('') );
#6479 = CARTESIAN_POINT('',(6.778329025574E-03,-4.856142989256E-03));
#6480 = CARTESIAN_POINT('',(7.297018424596E-03,-4.829294939343E-03));
#6481 = CARTESIAN_POINT('',(7.353819118649E-03,-4.313026412704E-03));
#6482 = ( GEOMETRIC_REPRESENTATION_CONTEXT(2) 
PARAMETRIC_REPRESENTATION_CONTEXT() REPRESENTATION_CONTEXT('2D SPACE',''
  ) );
#6483 = ORIENTED_EDGE('',*,*,#6484,.F.);
#6484 = EDGE_CURVE('',#6485,#6462,#6487,.T.);
#6485 = VERTEX_POINT('',#6486);
#6486 = CARTESIAN_POINT('',(11.476747336861,1.262690209775,17.4437305662
    ));
#6487 = SURFACE_CURVE('',#6488,(#6491,#6498),.PCURVE_S1.);
#6488 = B_SPLINE_CURVE_WITH_KNOTS('',1,(#6489,#6490),.UNSPECIFIED.,.F.,
  .F.,(2,2),(0.,3.674061943109E-03),.PIECEWISE_BEZIER_KNOTS.);
#6489 = CARTESIAN_POINT('',(11.476747336861,1.262690209776,17.4437305662
    ));
#6490 = CARTESIAN_POINT('',(11.476747336861,1.262690209776,
    21.117792509309));
#6491 = PCURVE('',#6425,#6492);
#6492 = DEFINITIONAL_REPRESENTATION('',(#6493),#6497);
#6493 = B_SPLINE_CURVE_WITH_KNOTS('',2,(#6494,#6495,#6496),
  .UNSPECIFIED.,.F.,.F.,(3,3),(0.,3.674061943109E-03),
  .PIECEWISE_BEZIER_KNOTS.);
#6494 = CARTESIAN_POINT('',(6.173604429653,0.));
#6495 = CARTESIAN_POINT('',(6.173604429653,-1.837030971554E-03));
#6496 = CARTESIAN_POINT('',(6.173604429653,-3.674061943109E-03));
#6497 = ( GEOMETRIC_REPRESENTATION_CONTEXT(2) 
PARAMETRIC_REPRESENTATION_CONTEXT() REPRESENTATION_CONTEXT('2D SPACE',''
  ) );
#6498 = PCURVE('',#6499,#6506);
#6499 = ( BOUNDED_SURFACE() B_SPLINE_SURFACE(2,1,(
    (#6500,#6501)
    ,(#6502,#6503)
    ,(#6504,#6505
)),.UNSPECIFIED.,.F.,.F.,.F.) B_SPLINE_SURFACE_WITH_KNOTS((3,3),(2,2),(
    3.251173531116,3.607760365589),(-3.674061943109E-03,0.),
.PIECEWISE_BEZIER_KNOTS.) GEOMETRIC_REPRESENTATION_ITEM() 
RATIONAL_B_SPLINE_SURFACE((
    (1.,1.)
    ,(0.984147788739,0.984147788739)
,(1.,1.))) REPRESENTATION_ITEM('') SURFACE() );
#6500 = CARTESIAN_POINT('',(11.476747336861,1.262690209775,
    21.117792509309));
#6501 = CARTESIAN_POINT('',(11.476747336861,1.262690209775,17.4437305662
    ));
#6502 = CARTESIAN_POINT('',(11.24920174496,3.330880210492,
    21.117792509309));
#6503 = CARTESIAN_POINT('',(11.24920174496,3.330880210492,17.4437305662)
  );
#6504 = CARTESIAN_POINT('',(10.314010945096,5.18953699519,
    21.117792509309));
#6505 = CARTESIAN_POINT('',(10.314010945096,5.18953699519,17.4437305662)
  );
#6506 = DEFINITIONAL_REPRESENTATION('',(#6507),#6511);
#6507 = B_SPLINE_CURVE_WITH_KNOTS('',2,(#6508,#6509,#6510),
  .UNSPECIFIED.,.F.,.F.,(3,3),(0.,3.674061943109E-03),
  .PIECEWISE_BEZIER_KNOTS.);
#6508 = CARTESIAN_POINT('',(3.251173531116,0.));
#6509 = CARTESIAN_POINT('',(3.251173531116,-1.837030971554E-03));
#6510 = CARTESIAN_POINT('',(3.251173531116,-3.674061943109E-03));
#6511 = ( GEOMETRIC_REPRESENTATION_CONTEXT(2) 
PARAMETRIC_REPRESENTATION_CONTEXT() REPRESENTATION_CONTEXT('2D SPACE',''
  ) );
#6512 = ORIENTED_EDGE('',*,*,#6513,.F.);
#6513 = EDGE_CURVE('',#6412,#6485,#6514,.T.);
#6514 = SURFACE_CURVE('',#6515,(#6519,#6526),.PCURVE_S1.);
#6515 = ( BOUNDED_CURVE() B_SPLINE_CURVE(2,(#6516,#6517,#6518),
.UNSPECIFIED.,.F.,.F.) B_SPLINE_CURVE_WITH_KNOTS((3,3),(4.764104151404,
6.173604429653),.PIECEWISE_BEZIER_KNOTS.) CURVE() 
GEOMETRIC_REPRESENTATION_ITEM() RATIONAL_B_SPLINE_CURVE((1.,
0.761773446286,1.)) REPRESENTATION_ITEM('') );
#6516 = CARTESIAN_POINT('',(12.052237429936,0.719573633223,17.4437305662
    ));
#6517 = CARTESIAN_POINT('',(11.533548030913,0.746421683137,17.4437305662
    ));
#6518 = CARTESIAN_POINT('',(11.476747336861,1.262690209776,17.4437305662
    ));
#6519 = PCURVE('',#6425,#6520);
#6520 = DEFINITIONAL_REPRESENTATION('',(#6521),#6525);
#6521 = B_SPLINE_CURVE_WITH_KNOTS('',2,(#6522,#6523,#6524),
  .UNSPECIFIED.,.F.,.F.,(3,3),(4.764104151404,6.173604429653),
  .PIECEWISE_BEZIER_KNOTS.);
#6522 = CARTESIAN_POINT('',(4.764104151404,0.));
#6523 = CARTESIAN_POINT('',(5.468854290529,0.));
#6524 = CARTESIAN_POINT('',(6.173604429653,0.));
#6525 = ( GEOMETRIC_REPRESENTATION_CONTEXT(2) 
PARAMETRIC_REPRESENTATION_CONTEXT() REPRESENTATION_CONTEXT('2D SPACE',''
  ) );
#6526 = PCURVE('',#6148,#6527);
#6527 = DEFINITIONAL_REPRESENTATION('',(#6528),#6532);
#6528 = ( BOUNDED_CURVE() B_SPLINE_CURVE(2,(#6529,#6530,#6531),
.UNSPECIFIED.,.F.,.F.) B_SPLINE_CURVE_WITH_KNOTS((3,3),(4.764104151404,
6.173604429653),.PIECEWISE_BEZIER_KNOTS.) CURVE() 
GEOMETRIC_REPRESENTATION_ITEM() RATIONAL_B_SPLINE_CURVE((1.,
0.761773446286,1.)) REPRESENTATION_ITEM('') );
#6529 = CARTESIAN_POINT('',(6.778329025574E-03,-4.856142989256E-03));
#6530 = CARTESIAN_POINT('',(7.297018424596E-03,-4.829294939343E-03));
#6531 = CARTESIAN_POINT('',(7.353819118649E-03,-4.313026412704E-03));
#6532 = ( GEOMETRIC_REPRESENTATION_CONTEXT(2) 
PARAMETRIC_REPRESENTATION_CONTEXT() REPRESENTATION_CONTEXT('2D SPACE',''
  ) );
#6533 = ADVANCED_FACE('',(#6534),#6499,.T.);
#6534 = FACE_BOUND('',#6535,.T.);
#6535 = EDGE_LOOP('',(#6536,#6537,#6560,#6582));
#6536 = ORIENTED_EDGE('',*,*,#6484,.T.);
#6537 = ORIENTED_EDGE('',*,*,#6538,.T.);
#6538 = EDGE_CURVE('',#6462,#6539,#6541,.T.);
#6539 = VERTEX_POINT('',#6540);
#6540 = CARTESIAN_POINT('',(10.314010945096,5.18953699519,
    21.117792509309));
#6541 = SURFACE_CURVE('',#6542,(#6546,#6553),.PCURVE_S1.);
#6542 = ( BOUNDED_CURVE() B_SPLINE_CURVE(2,(#6543,#6544,#6545),
.UNSPECIFIED.,.F.,.F.) B_SPLINE_CURVE_WITH_KNOTS((3,3),(3.251173531116,
3.607760365589),.PIECEWISE_BEZIER_KNOTS.) CURVE() 
GEOMETRIC_REPRESENTATION_ITEM() RATIONAL_B_SPLINE_CURVE((1.,
0.984147788739,1.)) REPRESENTATION_ITEM('') );
#6543 = CARTESIAN_POINT('',(11.476747336861,1.262690209775,
    21.117792509309));
#6544 = CARTESIAN_POINT('',(11.24920174496,3.330880210492,
    21.117792509309));
#6545 = CARTESIAN_POINT('',(10.314010945096,5.18953699519,
    21.117792509309));
#6546 = PCURVE('',#6499,#6547);
#6547 = DEFINITIONAL_REPRESENTATION('',(#6548),#6552);
#6548 = B_SPLINE_CURVE_WITH_KNOTS('',2,(#6549,#6550,#6551),
  .UNSPECIFIED.,.F.,.F.,(3,3),(3.251173531116,3.607760365589),
  .PIECEWISE_BEZIER_KNOTS.);
#6549 = CARTESIAN_POINT('',(3.251173531116,-3.674061943109E-03));
#6550 = CARTESIAN_POINT('',(3.429466948352,-3.674061943109E-03));
#6551 = CARTESIAN_POINT('',(3.607760365589,-3.674061943109E-03));
#6552 = ( GEOMETRIC_REPRESENTATION_CONTEXT(2) 
PARAMETRIC_REPRESENTATION_CONTEXT() REPRESENTATION_CONTEXT('2D SPACE',''
  ) );
#6553 = PCURVE('',#6097,#6554);
#6554 = DEFINITIONAL_REPRESENTATION('',(#6555),#6559);
#6555 = ( BOUNDED_CURVE() B_SPLINE_CURVE(2,(#6556,#6557,#6558),
.UNSPECIFIED.,.F.,.F.) B_SPLINE_CURVE_WITH_KNOTS((3,3),(3.251173531116,
3.607760365589),.PIECEWISE_BEZIER_KNOTS.) CURVE() 
GEOMETRIC_REPRESENTATION_ITEM() RATIONAL_B_SPLINE_CURVE((1.,
0.984147788739,1.)) REPRESENTATION_ITEM('') );
#6556 = CARTESIAN_POINT('',(7.353819118649E-03,-4.313026412704E-03));
#6557 = CARTESIAN_POINT('',(7.58136471055E-03,-2.244836411988E-03));
#6558 = CARTESIAN_POINT('',(8.516555510414E-03,-3.861796272901E-04));
#6559 = ( GEOMETRIC_REPRESENTATION_CONTEXT(2) 
PARAMETRIC_REPRESENTATION_CONTEXT() REPRESENTATION_CONTEXT('2D SPACE',''
  ) );
#6560 = ORIENTED_EDGE('',*,*,#6561,.F.);
#6561 = EDGE_CURVE('',#6562,#6539,#6564,.T.);
#6562 = VERTEX_POINT('',#6563);
#6563 = CARTESIAN_POINT('',(10.314010945096,5.18953699519,17.4437305662)
  );
#6564 = SURFACE_CURVE('',#6565,(#6568,#6575),.PCURVE_S1.);
#6565 = B_SPLINE_CURVE_WITH_KNOTS('',1,(#6566,#6567),.UNSPECIFIED.,.F.,
  .F.,(2,2),(0.,3.674061943109E-03),.PIECEWISE_BEZIER_KNOTS.);
#6566 = CARTESIAN_POINT('',(10.314010945096,5.18953699519,17.4437305662)
  );
#6567 = CARTESIAN_POINT('',(10.314010945096,5.18953699519,
    21.117792509309));
#6568 = PCURVE('',#6499,#6569);
#6569 = DEFINITIONAL_REPRESENTATION('',(#6570),#6574);
#6570 = B_SPLINE_CURVE_WITH_KNOTS('',2,(#6571,#6572,#6573),
  .UNSPECIFIED.,.F.,.F.,(3,3),(0.,3.674061943109E-03),
  .PIECEWISE_BEZIER_KNOTS.);
#6571 = CARTESIAN_POINT('',(3.607760365589,0.));
#6572 = CARTESIAN_POINT('',(3.607760365589,-1.837030971554E-03));
#6573 = CARTESIAN_POINT('',(3.607760365589,-3.674061943109E-03));
#6574 = ( GEOMETRIC_REPRESENTATION_CONTEXT(2) 
PARAMETRIC_REPRESENTATION_CONTEXT() REPRESENTATION_CONTEXT('2D SPACE',''
  ) );
#6575 = PCURVE('',#6069,#6576);
#6576 = DEFINITIONAL_REPRESENTATION('',(#6577),#6581);
#6577 = B_SPLINE_CURVE_WITH_KNOTS('',2,(#6578,#6579,#6580),
  .UNSPECIFIED.,.F.,.F.,(3,3),(0.,3.674061943109E-03),
  .PIECEWISE_BEZIER_KNOTS.);
#6578 = CARTESIAN_POINT('',(5.817017595181,0.));
#6579 = CARTESIAN_POINT('',(5.817017595181,-1.837030971554E-03));
#6580 = CARTESIAN_POINT('',(5.817017595181,-3.674061943109E-03));
#6581 = ( GEOMETRIC_REPRESENTATION_CONTEXT(2) 
PARAMETRIC_REPRESENTATION_CONTEXT() REPRESENTATION_CONTEXT('2D SPACE',''
  ) );
#6582 = ORIENTED_EDGE('',*,*,#6583,.F.);
#6583 = EDGE_CURVE('',#6485,#6562,#6584,.T.);
#6584 = SURFACE_CURVE('',#6585,(#6589,#6596),.PCURVE_S1.);
#6585 = ( BOUNDED_CURVE() B_SPLINE_CURVE(2,(#6586,#6587,#6588),
.UNSPECIFIED.,.F.,.F.) B_SPLINE_CURVE_WITH_KNOTS((3,3),(3.251173531116,
3.607760365589),.PIECEWISE_BEZIER_KNOTS.) CURVE() 
GEOMETRIC_REPRESENTATION_ITEM() RATIONAL_B_SPLINE_CURVE((1.,
0.984147788739,1.)) REPRESENTATION_ITEM('') );
#6586 = CARTESIAN_POINT('',(11.476747336861,1.262690209775,17.4437305662
    ));
#6587 = CARTESIAN_POINT('',(11.24920174496,3.330880210492,17.4437305662)
  );
#6588 = CARTESIAN_POINT('',(10.314010945096,5.18953699519,17.4437305662)
  );
#6589 = PCURVE('',#6499,#6590);
#6590 = DEFINITIONAL_REPRESENTATION('',(#6591),#6595);
#6591 = B_SPLINE_CURVE_WITH_KNOTS('',2,(#6592,#6593,#6594),
  .UNSPECIFIED.,.F.,.F.,(3,3),(3.251173531116,3.607760365589),
  .PIECEWISE_BEZIER_KNOTS.);
#6592 = CARTESIAN_POINT('',(3.251173531116,0.));
#6593 = CARTESIAN_POINT('',(3.429466948352,0.));
#6594 = CARTESIAN_POINT('',(3.607760365589,0.));
#6595 = ( GEOMETRIC_REPRESENTATION_CONTEXT(2) 
PARAMETRIC_REPRESENTATION_CONTEXT() REPRESENTATION_CONTEXT('2D SPACE',''
  ) );
#6596 = PCURVE('',#6148,#6597);
#6597 = DEFINITIONAL_REPRESENTATION('',(#6598),#6602);
#6598 = ( BOUNDED_CURVE() B_SPLINE_CURVE(2,(#6599,#6600,#6601),
.UNSPECIFIED.,.F.,.F.) B_SPLINE_CURVE_WITH_KNOTS((3,3),(3.251173531116,
3.607760365589),.PIECEWISE_BEZIER_KNOTS.) CURVE() 
GEOMETRIC_REPRESENTATION_ITEM() RATIONAL_B_SPLINE_CURVE((1.,
0.984147788739,1.)) REPRESENTATION_ITEM('') );
#6599 = CARTESIAN_POINT('',(7.353819118649E-03,-4.313026412704E-03));
#6600 = CARTESIAN_POINT('',(7.58136471055E-03,-2.244836411988E-03));
#6601 = CARTESIAN_POINT('',(8.516555510414E-03,-3.861796272901E-04));
#6602 = ( GEOMETRIC_REPRESENTATION_CONTEXT(2) 
PARAMETRIC_REPRESENTATION_CONTEXT() REPRESENTATION_CONTEXT('2D SPACE',''
  ) );
#6603 = ADVANCED_FACE('',(#6604),#6069,.T.);
#6604 = FACE_BOUND('',#6605,.T.);
#6605 = EDGE_LOOP('',(#6606,#6607,#6628,#6629));
#6606 = ORIENTED_EDGE('',*,*,#6561,.T.);
#6607 = ORIENTED_EDGE('',*,*,#6608,.T.);
#6608 = EDGE_CURVE('',#6539,#6051,#6609,.T.);
#6609 = SURFACE_CURVE('',#6610,(#6614,#6621),.PCURVE_S1.);
#6610 = ( BOUNDED_CURVE() B_SPLINE_CURVE(2,(#6611,#6612,#6613),
.UNSPECIFIED.,.F.,.F.) B_SPLINE_CURVE_WITH_KNOTS((3,3),(5.817017595181,
7.22651787343),.PIECEWISE_BEZIER_KNOTS.) CURVE() 
GEOMETRIC_REPRESENTATION_ITEM() RATIONAL_B_SPLINE_CURVE((1.,
0.761773446286,1.)) REPRESENTATION_ITEM('') );
#6611 = CARTESIAN_POINT('',(10.314010945096,5.18953699519,
    21.117792509309));
#6612 = CARTESIAN_POINT('',(10.080565480122,5.653501137474,
    21.117792509309));
#6613 = CARTESIAN_POINT('',(10.501016580308,5.958427985742,
    21.117792509309));
#6614 = PCURVE('',#6069,#6615);
#6615 = DEFINITIONAL_REPRESENTATION('',(#6616),#6620);
#6616 = B_SPLINE_CURVE_WITH_KNOTS('',2,(#6617,#6618,#6619),
  .UNSPECIFIED.,.F.,.F.,(3,3),(5.817017595181,7.22651787343),
  .PIECEWISE_BEZIER_KNOTS.);
#6617 = CARTESIAN_POINT('',(5.817017595181,-3.674061943109E-03));
#6618 = CARTESIAN_POINT('',(6.521767734306,-3.674061943109E-03));
#6619 = CARTESIAN_POINT('',(7.22651787343,-3.674061943109E-03));
#6620 = ( GEOMETRIC_REPRESENTATION_CONTEXT(2) 
PARAMETRIC_REPRESENTATION_CONTEXT() REPRESENTATION_CONTEXT('2D SPACE',''
  ) );
#6621 = PCURVE('',#6097,#6622);
#6622 = DEFINITIONAL_REPRESENTATION('',(#6623),#6627);
#6623 = ( BOUNDED_CURVE() B_SPLINE_CURVE(2,(#6624,#6625,#6626),
.UNSPECIFIED.,.F.,.F.) B_SPLINE_CURVE_WITH_KNOTS((3,3),(5.817017595181,
7.22651787343),.PIECEWISE_BEZIER_KNOTS.) CURVE() 
GEOMETRIC_REPRESENTATION_ITEM() RATIONAL_B_SPLINE_CURVE((1.,
0.761773446286,1.)) REPRESENTATION_ITEM('') );
#6624 = CARTESIAN_POINT('',(8.516555510414E-03,-3.861796272901E-04));
#6625 = CARTESIAN_POINT('',(8.750000975388E-03,7.778451499398E-05));
#6626 = CARTESIAN_POINT('',(8.329549875202E-03,3.82711363262E-04));
#6627 = ( GEOMETRIC_REPRESENTATION_CONTEXT(2) 
PARAMETRIC_REPRESENTATION_CONTEXT() REPRESENTATION_CONTEXT('2D SPACE',''
  ) );
#6628 = ORIENTED_EDGE('',*,*,#6048,.F.);
#6629 = ORIENTED_EDGE('',*,*,#6630,.F.);
#6630 = EDGE_CURVE('',#6562,#6049,#6631,.T.);
#6631 = SURFACE_CURVE('',#6632,(#6636,#6643),.PCURVE_S1.);
#6632 = ( BOUNDED_CURVE() B_SPLINE_CURVE(2,(#6633,#6634,#6635),
.UNSPECIFIED.,.F.,.F.) B_SPLINE_CURVE_WITH_KNOTS((3,3),(5.817017595181,
7.22651787343),.PIECEWISE_BEZIER_KNOTS.) CURVE() 
GEOMETRIC_REPRESENTATION_ITEM() RATIONAL_B_SPLINE_CURVE((1.,
0.761773446286,1.)) REPRESENTATION_ITEM('') );
#6633 = CARTESIAN_POINT('',(10.314010945096,5.18953699519,17.4437305662)
  );
#6634 = CARTESIAN_POINT('',(10.080565480122,5.653501137474,17.4437305662
    ));
#6635 = CARTESIAN_POINT('',(10.501016580308,5.958427985742,17.4437305662
    ));
#6636 = PCURVE('',#6069,#6637);
#6637 = DEFINITIONAL_REPRESENTATION('',(#6638),#6642);
#6638 = B_SPLINE_CURVE_WITH_KNOTS('',2,(#6639,#6640,#6641),
  .UNSPECIFIED.,.F.,.F.,(3,3),(5.817017595181,7.22651787343),
  .PIECEWISE_BEZIER_KNOTS.);
#6639 = CARTESIAN_POINT('',(5.817017595181,0.));
#6640 = CARTESIAN_POINT('',(6.521767734306,0.));
#6641 = CARTESIAN_POINT('',(7.22651787343,0.));
#6642 = ( GEOMETRIC_REPRESENTATION_CONTEXT(2) 
PARAMETRIC_REPRESENTATION_CONTEXT() REPRESENTATION_CONTEXT('2D SPACE',''
  ) );
#6643 = PCURVE('',#6148,#6644);
#6644 = DEFINITIONAL_REPRESENTATION('',(#6645),#6649);
#6645 = ( BOUNDED_CURVE() B_SPLINE_CURVE(2,(#6646,#6647,#6648),
.UNSPECIFIED.,.F.,.F.) B_SPLINE_CURVE_WITH_KNOTS((3,3),(5.817017595181,
7.22651787343),.PIECEWISE_BEZIER_KNOTS.) CURVE() 
GEOMETRIC_REPRESENTATION_ITEM() RATIONAL_B_SPLINE_CURVE((1.,
0.761773446286,1.)) REPRESENTATION_ITEM('') );
#6646 = CARTESIAN_POINT('',(8.516555510414E-03,-3.861796272901E-04));
#6647 = CARTESIAN_POINT('',(8.750000975388E-03,7.778451499398E-05));
#6648 = CARTESIAN_POINT('',(8.329549875202E-03,3.82711363262E-04));
#6649 = ( GEOMETRIC_REPRESENTATION_CONTEXT(2) 
PARAMETRIC_REPRESENTATION_CONTEXT() REPRESENTATION_CONTEXT('2D SPACE',''
  ) );
#6650 = ADVANCED_FACE('',(#6651),#6148,.T.);
#6651 = FACE_BOUND('',#6652,.T.);
#6652 = EDGE_LOOP('',(#6653,#6654,#6655,#6656,#6657,#6658,#6659,#6660));
#6653 = ORIENTED_EDGE('',*,*,#6136,.T.);
#6654 = ORIENTED_EDGE('',*,*,#6215,.F.);
#6655 = ORIENTED_EDGE('',*,*,#6292,.T.);
#6656 = ORIENTED_EDGE('',*,*,#6366,.F.);
#6657 = ORIENTED_EDGE('',*,*,#6439,.T.);
#6658 = ORIENTED_EDGE('',*,*,#6513,.T.);
#6659 = ORIENTED_EDGE('',*,*,#6583,.T.);
#6660 = ORIENTED_EDGE('',*,*,#6630,.T.);
#6661 = ADVANCED_FACE('',(#6662),#6097,.F.);
#6662 = FACE_BOUND('',#6663,.F.);
#6663 = EDGE_LOOP('',(#6664,#6665,#6666,#6667,#6668,#6669,#6670,#6671));
#6664 = ORIENTED_EDGE('',*,*,#6083,.T.);
#6665 = ORIENTED_EDGE('',*,*,#6193,.F.);
#6666 = ORIENTED_EDGE('',*,*,#6240,.T.);
#6667 = ORIENTED_EDGE('',*,*,#6344,.F.);
#6668 = ORIENTED_EDGE('',*,*,#6391,.T.);
#6669 = ORIENTED_EDGE('',*,*,#6461,.T.);
#6670 = ORIENTED_EDGE('',*,*,#6538,.T.);
#6671 = ORIENTED_EDGE('',*,*,#6608,.T.);
#6672 = ( GEOMETRIC_REPRESENTATION_CONTEXT(3) 
GLOBAL_UNCERTAINTY_ASSIGNED_CONTEXT((#6676)) 
GLOBAL_UNIT_ASSIGNED_CONTEXT((#6673,#6674,#6675)) REPRESENTATION_CONTEXT
('Context #1','3D Context with UNIT and UNCERTAINTY') );
#6673 = ( LENGTH_UNIT() NAMED_UNIT(*) SI_UNIT(.MILLI.,.METRE.) );
#6674 = ( NAMED_UNIT(*) PLANE_ANGLE_UNIT() SI_UNIT($,.RADIAN.) );
#6675 = ( NAMED_UNIT(*) SI_UNIT($,.STERADIAN.) SOLID_ANGLE_UNIT() );
#6676 = UNCERTAINTY_MEASURE_WITH_UNIT(LENGTH_MEASURE(2.E-04),#6673,
  'distance_accuracy_value','confusion accuracy');
#6677 = CONTEXT_DEPENDENT_SHAPE_REPRESENTATION(#6678,#6680);
#6678 = ( REPRESENTATION_RELATIONSHIP('','',#6041,#10) 
REPRESENTATION_RELATIONSHIP_WITH_TRANSFORMATION(#6679) 
SHAPE_REPRESENTATION_RELATIONSHIP() );
#6679 = ITEM_DEFINED_TRANSFORMATION('','',#11,#51);
#6680 = PRODUCT_DEFINITION_SHAPE('Placement','Placement of an item',
  #6681);
#6681 = NEXT_ASSEMBLY_USAGE_OCCURRENCE('52','','',#5,#6036,$);
#6682 = PRODUCT_RELATED_PRODUCT_CATEGORY('part',$,(#6038));
#6683 = SHAPE_DEFINITION_REPRESENTATION(#6684,#6690);
#6684 = PRODUCT_DEFINITION_SHAPE('','',#6685);
#6685 = PRODUCT_DEFINITION('design','',#6686,#6689);
#6686 = PRODUCT_DEFINITION_FORMATION('','',#6687);
#6687 = PRODUCT('Open CASCADE STEP translator 7.7 2.11',
  'Open CASCADE STEP translator 7.7 2.11','',(#6688));
#6688 = PRODUCT_CONTEXT('',#2,'mechanical');
#6689 = PRODUCT_DEFINITION_CONTEXT('part definition',#2,'design');
#6690 = ADVANCED_BREP_SHAPE_REPRESENTATION('',(#11,#6691),#9821);
#6691 = MANIFOLD_SOLID_BREP('',#6692);
#6692 = CLOSED_SHELL('',(#6693,#6960,#7180,#7393,#7578,#7810,#8006,#8194
    ,#8360,#8495,#8567,#8639,#8711,#8783,#8855,#8927,#8999,#9071,#9145,
    #9219,#9291,#9363,#9435,#9507,#9579,#9651,#9723,#9795,#9808));
#6693 = ADVANCED_FACE('',(#6694),#6707,.F.);
#6694 = FACE_BOUND('',#6695,.F.);
#6695 = EDGE_LOOP('',(#6696,#6734,#6762,#6791,#6820,#6848,#6877,#6905,
    #6934));
#6696 = ORIENTED_EDGE('',*,*,#6697,.T.);
#6697 = EDGE_CURVE('',#6698,#6700,#6702,.T.);
#6698 = VERTEX_POINT('',#6699);
#6699 = CARTESIAN_POINT('',(25.954,0.,21.117792509309));
#6700 = VERTEX_POINT('',#6701);
#6701 = CARTESIAN_POINT('',(25.954,0.,23.728525574434));
#6702 = SURFACE_CURVE('',#6703,(#6706,#6720),.PCURVE_S1.);
#6703 = B_SPLINE_CURVE_WITH_KNOTS('',1,(#6704,#6705),.UNSPECIFIED.,.F.,
  .F.,(2,2),(0.,2.610733065125E-03),.PIECEWISE_BEZIER_KNOTS.);
#6704 = CARTESIAN_POINT('',(25.954,0.,21.117792509309));
#6705 = CARTESIAN_POINT('',(25.954,0.,23.728525574434));
#6706 = PCURVE('',#6707,#6714);
#6707 = ( BOUNDED_SURFACE() B_SPLINE_SURFACE(2,1,(
    (#6708,#6709)
    ,(#6710,#6711)
    ,(#6712,#6713
)),.UNSPECIFIED.,.F.,.F.,.F.) B_SPLINE_SURFACE_WITH_KNOTS((3,3),(2,2),(
    3.14159265359,4.712388980385),(-2.610733065125E-03,0.),
.PIECEWISE_BEZIER_KNOTS.) GEOMETRIC_REPRESENTATION_ITEM() 
RATIONAL_B_SPLINE_SURFACE((
    (1.,1.)
    ,(0.707106781187,0.707106781187)
,(1.,1.))) REPRESENTATION_ITEM('') SURFACE() );
#6708 = CARTESIAN_POINT('',(25.954,-3.178448302507E-15,23.728525574434)
  );
#6709 = CARTESIAN_POINT('',(25.954,-3.178448302507E-15,21.117792509309)
  );
#6710 = CARTESIAN_POINT('',(25.954,25.954,23.728525574434));
#6711 = CARTESIAN_POINT('',(25.954,25.954,21.117792509309));
#6712 = CARTESIAN_POINT('',(-1.828411025114E-14,25.954,23.728525574434)
  );
#6713 = CARTESIAN_POINT('',(-1.828411025114E-14,25.954,21.117792509309)
  );
#6714 = DEFINITIONAL_REPRESENTATION('',(#6715),#6719);
#6715 = B_SPLINE_CURVE_WITH_KNOTS('',2,(#6716,#6717,#6718),
  .UNSPECIFIED.,.F.,.F.,(3,3),(0.,2.610733065125E-03),
  .PIECEWISE_BEZIER_KNOTS.);
#6716 = CARTESIAN_POINT('',(3.14159265359,0.));
#6717 = CARTESIAN_POINT('',(3.14159265359,-1.305366532563E-03));
#6718 = CARTESIAN_POINT('',(3.14159265359,-2.610733065125E-03));
#6719 = ( GEOMETRIC_REPRESENTATION_CONTEXT(2) 
PARAMETRIC_REPRESENTATION_CONTEXT() REPRESENTATION_CONTEXT('2D SPACE',''
  ) );
#6720 = PCURVE('',#6721,#6728);
#6721 = ( BOUNDED_SURFACE() B_SPLINE_SURFACE(2,1,(
    (#6722,#6723)
    ,(#6724,#6725)
    ,(#6726,#6727
)),.UNSPECIFIED.,.F.,.F.,.F.) B_SPLINE_SURFACE_WITH_KNOTS((3,3),(2,2),(
    1.570796326795,3.14159265359),(-2.610733065125E-03,0.),
.PIECEWISE_BEZIER_KNOTS.) GEOMETRIC_REPRESENTATION_ITEM() 
RATIONAL_B_SPLINE_SURFACE((
    (1.,1.)
    ,(0.707106781187,0.707106781187)
,(1.,1.))) REPRESENTATION_ITEM('') SURFACE() );
#6722 = CARTESIAN_POINT('',(-1.589224151254E-15,-25.954,23.728525574434)
  );
#6723 = CARTESIAN_POINT('',(-1.589224151254E-15,-25.954,21.117792509309)
  );
#6724 = CARTESIAN_POINT('',(25.954,-25.954,23.728525574434));
#6725 = CARTESIAN_POINT('',(25.954,-25.954,21.117792509309));
#6726 = CARTESIAN_POINT('',(25.954,-3.178448302507E-15,23.728525574434)
  );
#6727 = CARTESIAN_POINT('',(25.954,-3.178448302507E-15,21.117792509309)
  );
#6728 = DEFINITIONAL_REPRESENTATION('',(#6729),#6733);
#6729 = B_SPLINE_CURVE_WITH_KNOTS('',2,(#6730,#6731,#6732),
  .UNSPECIFIED.,.F.,.F.,(3,3),(0.,2.610733065125E-03),
  .PIECEWISE_BEZIER_KNOTS.);
#6730 = CARTESIAN_POINT('',(3.14159265359,0.));
#6731 = CARTESIAN_POINT('',(3.14159265359,-1.305366532563E-03));
#6732 = CARTESIAN_POINT('',(3.14159265359,-2.610733065125E-03));
#6733 = ( GEOMETRIC_REPRESENTATION_CONTEXT(2) 
PARAMETRIC_REPRESENTATION_CONTEXT() REPRESENTATION_CONTEXT('2D SPACE',''
  ) );
#6734 = ORIENTED_EDGE('',*,*,#6735,.T.);
#6735 = EDGE_CURVE('',#6700,#6736,#6738,.T.);
#6736 = VERTEX_POINT('',#6737);
#6737 = CARTESIAN_POINT('',(0.,25.954,23.728525574434));
#6738 = SURFACE_CURVE('',#6739,(#6743,#6750),.PCURVE_S1.);
#6739 = ( BOUNDED_CURVE() B_SPLINE_CURVE(2,(#6740,#6741,#6742),
.UNSPECIFIED.,.F.,.F.) B_SPLINE_CURVE_WITH_KNOTS((3,3),(3.14159265359,
4.712388980385),.PIECEWISE_BEZIER_KNOTS.) CURVE() 
GEOMETRIC_REPRESENTATION_ITEM() RATIONAL_B_SPLINE_CURVE((1.,
0.707106781187,1.)) REPRESENTATION_ITEM('') );
#6740 = CARTESIAN_POINT('',(25.954,-3.178448302507E-15,23.728525574434)
  );
#6741 = CARTESIAN_POINT('',(25.954,25.954,23.728525574434));
#6742 = CARTESIAN_POINT('',(4.767672453761E-15,25.954,23.728525574434));
#6743 = PCURVE('',#6707,#6744);
#6744 = DEFINITIONAL_REPRESENTATION('',(#6745),#6749);
#6745 = B_SPLINE_CURVE_WITH_KNOTS('',2,(#6746,#6747,#6748),
  .UNSPECIFIED.,.F.,.F.,(3,3),(3.14159265359,4.712388980385),
  .PIECEWISE_BEZIER_KNOTS.);
#6746 = CARTESIAN_POINT('',(3.14159265359,-2.610733065125E-03));
#6747 = CARTESIAN_POINT('',(3.926990816987,-2.610733065125E-03));
#6748 = CARTESIAN_POINT('',(4.712388980385,-2.610733065125E-03));
#6749 = ( GEOMETRIC_REPRESENTATION_CONTEXT(2) 
PARAMETRIC_REPRESENTATION_CONTEXT() REPRESENTATION_CONTEXT('2D SPACE',''
  ) );
#6750 = PCURVE('',#6751,#6756);
#6751 = B_SPLINE_SURFACE_WITH_KNOTS('',1,1,(
    (#6752,#6753)
    ,(#6754,#6755
    )),.UNSPECIFIED.,.F.,.F.,.F.,(2,2),(2,2),(-2.5954E-02,2.5954E-02),(
    -2.5954E-02,2.5954E-02),.PIECEWISE_BEZIER_KNOTS.);
#6752 = CARTESIAN_POINT('',(-25.954,-25.954,23.728525574434));
#6753 = CARTESIAN_POINT('',(-25.954,25.954,23.728525574434));
#6754 = CARTESIAN_POINT('',(25.954,-25.954,23.728525574434));
#6755 = CARTESIAN_POINT('',(25.954,25.954,23.728525574434));
#6756 = DEFINITIONAL_REPRESENTATION('',(#6757),#6761);
#6757 = ( BOUNDED_CURVE() B_SPLINE_CURVE(2,(#6758,#6759,#6760),
.UNSPECIFIED.,.F.,.F.) B_SPLINE_CURVE_WITH_KNOTS((3,3),(3.14159265359,
4.712388980385),.PIECEWISE_BEZIER_KNOTS.) CURVE() 
GEOMETRIC_REPRESENTATION_ITEM() RATIONAL_B_SPLINE_CURVE((1.,
0.707106781187,1.)) REPRESENTATION_ITEM('') );
#6758 = CARTESIAN_POINT('',(2.5954E-02,-4.391032194866E-18));
#6759 = CARTESIAN_POINT('',(2.5954E-02,2.5954E-02));
#6760 = CARTESIAN_POINT('',(4.767672453761E-18,2.5954E-02));
#6761 = ( GEOMETRIC_REPRESENTATION_CONTEXT(2) 
PARAMETRIC_REPRESENTATION_CONTEXT() REPRESENTATION_CONTEXT('2D SPACE',''
  ) );
#6762 = ORIENTED_EDGE('',*,*,#6763,.F.);
#6763 = EDGE_CURVE('',#6764,#6736,#6766,.T.);
#6764 = VERTEX_POINT('',#6765);
#6765 = CARTESIAN_POINT('',(0.,25.954,21.117792509309));
#6766 = SURFACE_CURVE('',#6767,(#6770,#6777),.PCURVE_S1.);
#6767 = B_SPLINE_CURVE_WITH_KNOTS('',1,(#6768,#6769),.UNSPECIFIED.,.F.,
  .F.,(2,2),(0.,2.610733065125E-03),.PIECEWISE_BEZIER_KNOTS.);
#6768 = CARTESIAN_POINT('',(0.,25.954,21.117792509309));
#6769 = CARTESIAN_POINT('',(0.,25.954,23.728525574434));
#6770 = PCURVE('',#6707,#6771);
#6771 = DEFINITIONAL_REPRESENTATION('',(#6772),#6776);
#6772 = B_SPLINE_CURVE_WITH_KNOTS('',2,(#6773,#6774,#6775),
  .UNSPECIFIED.,.F.,.F.,(3,3),(0.,2.610733065125E-03),
  .PIECEWISE_BEZIER_KNOTS.);
#6773 = CARTESIAN_POINT('',(4.712388980385,0.));
#6774 = CARTESIAN_POINT('',(4.712388980385,-1.305366532563E-03));
#6775 = CARTESIAN_POINT('',(4.712388980385,-2.610733065125E-03));
#6776 = ( GEOMETRIC_REPRESENTATION_CONTEXT(2) 
PARAMETRIC_REPRESENTATION_CONTEXT() REPRESENTATION_CONTEXT('2D SPACE',''
  ) );
#6777 = PCURVE('',#6778,#6785);
#6778 = ( BOUNDED_SURFACE() B_SPLINE_SURFACE(2,1,(
    (#6779,#6780)
    ,(#6781,#6782)
    ,(#6783,#6784
)),.UNSPECIFIED.,.F.,.F.,.F.) B_SPLINE_SURFACE_WITH_KNOTS((3,3),(2,2),(
    4.712388980385,6.28318530718),(-2.610733065125E-03,0.),
.PIECEWISE_BEZIER_KNOTS.) GEOMETRIC_REPRESENTATION_ITEM() 
RATIONAL_B_SPLINE_SURFACE((
    (1.,1.)
    ,(0.707106781187,0.707106781187)
,(1.,1.))) REPRESENTATION_ITEM('') SURFACE() );
#6779 = CARTESIAN_POINT('',(4.767672453761E-15,25.954,23.728525574434));
#6780 = CARTESIAN_POINT('',(4.767672453761E-15,25.954,21.117792509309));
#6781 = CARTESIAN_POINT('',(-25.954,25.954,23.728525574434));
#6782 = CARTESIAN_POINT('',(-25.954,25.954,21.117792509309));
#6783 = CARTESIAN_POINT('',(-25.954,6.356896605014E-15,23.728525574434)
  );
#6784 = CARTESIAN_POINT('',(-25.954,6.356896605014E-15,21.117792509309)
  );
#6785 = DEFINITIONAL_REPRESENTATION('',(#6786),#6790);
#6786 = B_SPLINE_CURVE_WITH_KNOTS('',2,(#6787,#6788,#6789),
  .UNSPECIFIED.,.F.,.F.,(3,3),(0.,2.610733065125E-03),
  .PIECEWISE_BEZIER_KNOTS.);
#6787 = CARTESIAN_POINT('',(4.712388980385,0.));
#6788 = CARTESIAN_POINT('',(4.712388980385,-1.305366532563E-03));
#6789 = CARTESIAN_POINT('',(4.712388980385,-2.610733065125E-03));
#6790 = ( GEOMETRIC_REPRESENTATION_CONTEXT(2) 
PARAMETRIC_REPRESENTATION_CONTEXT() REPRESENTATION_CONTEXT('2D SPACE',''
  ) );
#6791 = ORIENTED_EDGE('',*,*,#6792,.T.);
#6792 = EDGE_CURVE('',#6764,#6793,#6795,.T.);
#6793 = VERTEX_POINT('',#6794);
#6794 = CARTESIAN_POINT('',(7.283451905747,24.911070718391,
    21.117792509309));
#6795 = SURFACE_CURVE('',#6796,(#6800,#6808),.PCURVE_S1.);
#6796 = ( BOUNDED_CURVE() B_SPLINE_CURVE(2,(#6797,#6798,#6799),
.UNSPECIFIED.,.F.,.F.) B_SPLINE_CURVE_WITH_KNOTS((3,3),(5.969026041821,
6.253475696594),.PIECEWISE_BEZIER_KNOTS.) CURVE() 
GEOMETRIC_REPRESENTATION_ITEM() RATIONAL_B_SPLINE_CURVE((1.,
0.989903086413,1.)) REPRESENTATION_ITEM('') );
#6797 = CARTESIAN_POINT('',(-2.949029909161E-14,25.954,21.117792509309)
  );
#6798 = CARTESIAN_POINT('',(3.716395319852,25.954,21.117792509309));
#6799 = CARTESIAN_POINT('',(7.283451905747,24.911070718391,
    21.117792509309));
#6800 = PCURVE('',#6707,#6801);
#6801 = DEFINITIONAL_REPRESENTATION('',(#6802),#6807);
#6802 = B_SPLINE_CURVE_WITH_KNOTS('',3,(#6803,#6804,#6805,#6806),
  .UNSPECIFIED.,.F.,.F.,(4,4),(5.969026041821,6.253475696594),
  .PIECEWISE_BEZIER_KNOTS.);
#6803 = CARTESIAN_POINT('',(4.712388980385,0.));
#6804 = CARTESIAN_POINT('',(4.60743117464,6.178636048633E-18));
#6805 = CARTESIAN_POINT('',(4.507562863609,-8.056083744863E-18));
#6806 = CARTESIAN_POINT('',(4.412107448058,-1.91468990934E-20));
#6807 = ( GEOMETRIC_REPRESENTATION_CONTEXT(2) 
PARAMETRIC_REPRESENTATION_CONTEXT() REPRESENTATION_CONTEXT('2D SPACE',''
  ) );
#6808 = PCURVE('',#6809,#6814);
#6809 = B_SPLINE_SURFACE_WITH_KNOTS('',1,1,(
    (#6810,#6811)
    ,(#6812,#6813
    )),.UNSPECIFIED.,.F.,.F.,.F.,(2,2),(2,2),(-7.112294069963E-03,
    8.581721259939E-03),(-5.537360462184E-03,8.244361792773E-03),
  .PIECEWISE_BEZIER_KNOTS.);
#6810 = CARTESIAN_POINT('',(7.980305908881,24.684979259457,
    21.117792509309));
#6811 = CARTESIAN_POINT('',(-5.126890847467,28.943765647994,
    21.117792509309));
#6812 = CARTESIAN_POINT('',(3.13058846196,9.759083713118,21.117792509309
    ));
#6813 = CARTESIAN_POINT('',(-9.976608294387,14.017870101655,
    21.117792509309));
#6814 = DEFINITIONAL_REPRESENTATION('',(#6815),#6819);
#6815 = ( BOUNDED_CURVE() B_SPLINE_CURVE(2,(#6816,#6817,#6818),
.UNSPECIFIED.,.F.,.F.) B_SPLINE_CURVE_WITH_KNOTS((3,3),(5.969026041821,
6.253475696594),.PIECEWISE_BEZIER_KNOTS.) CURVE() 
GEOMETRIC_REPRESENTATION_ITEM() RATIONAL_B_SPLINE_CURVE((1.,
0.989903086413,1.)) REPRESENTATION_ITEM('') );
#6816 = CARTESIAN_POINT('',(-5.853154368415E-03,2.444510449528E-03));
#6817 = CARTESIAN_POINT('',(-7.001583680065E-03,-1.089991536546E-03));
#6818 = CARTESIAN_POINT('',(-7.111980095694E-03,-4.804746818504E-03));
#6819 = ( GEOMETRIC_REPRESENTATION_CONTEXT(2) 
PARAMETRIC_REPRESENTATION_CONTEXT() REPRESENTATION_CONTEXT('2D SPACE',''
  ) );
#6820 = ORIENTED_EDGE('',*,*,#6821,.F.);
#6821 = EDGE_CURVE('',#6822,#6793,#6824,.T.);
#6822 = VERTEX_POINT('',#6823);
#6823 = CARTESIAN_POINT('',(10.021768898681,23.941058124933,
    21.117792509309));
#6824 = SURFACE_CURVE('',#6825,(#6829,#6836),.PCURVE_S1.);
#6825 = ( BOUNDED_CURVE() B_SPLINE_CURVE(2,(#6826,#6827,#6828),
.UNSPECIFIED.,.F.,.F.) B_SPLINE_CURVE_WITH_KNOTS((3,3),(4.315950163247,
4.427939325612),.PIECEWISE_BEZIER_KNOTS.) CURVE() 
GEOMETRIC_REPRESENTATION_ITEM() RATIONAL_B_SPLINE_CURVE((1.,
0.998432713008,1.)) REPRESENTATION_ITEM('') );
#6826 = CARTESIAN_POINT('',(10.021768898681,23.941058124933,
    21.117792509309));
#6827 = CARTESIAN_POINT('',(8.679796545693,24.50281010431,
    21.117792509309));
#6828 = CARTESIAN_POINT('',(7.283451905747,24.911070718391,
    21.117792509309));
#6829 = PCURVE('',#6707,#6830);
#6830 = DEFINITIONAL_REPRESENTATION('',(#6831),#6835);
#6831 = B_SPLINE_CURVE_WITH_KNOTS('',2,(#6832,#6833,#6834),
  .UNSPECIFIED.,.F.,.F.,(3,3),(4.315950163247,4.427939325612),
  .PIECEWISE_BEZIER_KNOTS.);
#6832 = CARTESIAN_POINT('',(4.300467908995,1.078213775624E-27));
#6833 = CARTESIAN_POINT('',(4.355580408663,4.683246322376E-18));
#6834 = CARTESIAN_POINT('',(4.412107448058,-1.902604273912E-20));
#6835 = ( GEOMETRIC_REPRESENTATION_CONTEXT(2) 
PARAMETRIC_REPRESENTATION_CONTEXT() REPRESENTATION_CONTEXT('2D SPACE',''
  ) );
#6836 = PCURVE('',#6837,#6842);
#6837 = B_SPLINE_SURFACE_WITH_KNOTS('',1,1,(
    (#6838,#6839)
    ,(#6840,#6841
    )),.UNSPECIFIED.,.F.,.F.,.F.,(2,2),(2,2),(2.345620215168E-03,
    1.002176889868E-02),(1.026084714756E-02,2.491107071839E-02),
  .PIECEWISE_BEZIER_KNOTS.);
#6838 = CARTESIAN_POINT('',(2.345620215168,10.260847147556,
    21.117792509309));
#6839 = CARTESIAN_POINT('',(2.345620215168,24.911070718391,
    21.117792509309));
#6840 = CARTESIAN_POINT('',(10.021768898681,10.260847147556,
    21.117792509309));
#6841 = CARTESIAN_POINT('',(10.021768898681,24.911070718391,
    21.117792509309));
#6842 = DEFINITIONAL_REPRESENTATION('',(#6843),#6847);
#6843 = ( BOUNDED_CURVE() B_SPLINE_CURVE(2,(#6844,#6845,#6846),
.UNSPECIFIED.,.F.,.F.) B_SPLINE_CURVE_WITH_KNOTS((3,3),(4.315950163247,
4.427939325612),.PIECEWISE_BEZIER_KNOTS.) CURVE() 
GEOMETRIC_REPRESENTATION_ITEM() RATIONAL_B_SPLINE_CURVE((1.,
0.998432713008,1.)) REPRESENTATION_ITEM('') );
#6844 = CARTESIAN_POINT('',(1.002176889868E-02,2.394105812493E-02));
#6845 = CARTESIAN_POINT('',(8.679796545693E-03,2.450281010431E-02));
#6846 = CARTESIAN_POINT('',(7.283451905747E-03,2.491107071839E-02));
#6847 = ( GEOMETRIC_REPRESENTATION_CONTEXT(2) 
PARAMETRIC_REPRESENTATION_CONTEXT() REPRESENTATION_CONTEXT('2D SPACE',''
  ) );
#6848 = ORIENTED_EDGE('',*,*,#6849,.T.);
#6849 = EDGE_CURVE('',#6822,#6850,#6852,.T.);
#6850 = VERTEX_POINT('',#6851);
#6851 = CARTESIAN_POINT('',(20.534796356547,15.872373943275,
    21.117792509309));
#6852 = SURFACE_CURVE('',#6853,(#6857,#6865),.PCURVE_S1.);
#6853 = ( BOUNDED_CURVE() B_SPLINE_CURVE(2,(#6854,#6855,#6856),
.UNSPECIFIED.,.F.,.F.) B_SPLINE_CURVE_WITH_KNOTS((3,3),(5.737146328241,
6.253475696594),.PIECEWISE_BEZIER_KNOTS.) CURVE() 
GEOMETRIC_REPRESENTATION_ITEM() RATIONAL_B_SPLINE_CURVE((1.,
0.966860174289,1.)) REPRESENTATION_ITEM('') );
#6854 = CARTESIAN_POINT('',(10.021768898681,23.941058124933,
    21.117792509309));
#6855 = CARTESIAN_POINT('',(16.343580115724,21.294736867632,
    21.117792509309));
#6856 = CARTESIAN_POINT('',(20.534796356547,15.872373943275,
    21.117792509309));
#6857 = PCURVE('',#6707,#6858);
#6858 = DEFINITIONAL_REPRESENTATION('',(#6859),#6864);
#6859 = B_SPLINE_CURVE_WITH_KNOTS('',3,(#6860,#6861,#6862,#6863),
  .UNSPECIFIED.,.F.,.F.,(4,4),(5.737146328241,6.253475696594),
  .PIECEWISE_BEZIER_KNOTS.);
#6860 = CARTESIAN_POINT('',(4.300467908995,2.156426010503E-27));
#6861 = CARTESIAN_POINT('',(4.132843842301,3.112296392114E-18));
#6862 = CARTESIAN_POINT('',(3.96809316083,2.577224784719E-18));
#6863 = CARTESIAN_POINT('',(3.806072947691,1.86994226778E-20));
#6864 = ( GEOMETRIC_REPRESENTATION_CONTEXT(2) 
PARAMETRIC_REPRESENTATION_CONTEXT() REPRESENTATION_CONTEXT('2D SPACE',''
  ) );
#6865 = PCURVE('',#6866,#6871);
#6866 = B_SPLINE_SURFACE_WITH_KNOTS('',1,1,(
    (#6867,#6868)
    ,(#6869,#6870
    )),.UNSPECIFIED.,.F.,.F.,.F.,(2,2),(2,2),(-7.112294069963E-03,
    8.581721259939E-03),(-5.537360462184E-03,8.244361792773E-03),
  .PIECEWISE_BEZIER_KNOTS.);
#6867 = CARTESIAN_POINT('',(20.96566986245,15.279861604671,
    21.117792509309));
#6868 = CARTESIAN_POINT('',(12.864976769795,26.429509120687,
    21.117792509309));
#6869 = CARTESIAN_POINT('',(8.268944750578,6.055150844503,
    21.117792509309));
#6870 = CARTESIAN_POINT('',(0.168251657923,17.204798360519,
    21.117792509309));
#6871 = DEFINITIONAL_REPRESENTATION('',(#6872),#6876);
#6872 = ( BOUNDED_CURVE() B_SPLINE_CURVE(2,(#6873,#6874,#6875),
.UNSPECIFIED.,.F.,.F.) B_SPLINE_CURVE_WITH_KNOTS((3,3),(5.737146328241,
6.253475696594),.PIECEWISE_BEZIER_KNOTS.) CURVE() 
GEOMETRIC_REPRESENTATION_ITEM() RATIONAL_B_SPLINE_CURVE((1.,
0.966860174289,1.)) REPRESENTATION_ITEM('') );
#6873 = CARTESIAN_POINT('',(-3.349415787334E-03,7.902358303382E-03));
#6874 = CARTESIAN_POINT('',(-6.908399889283E-03,2.045572032494E-03));
#6875 = CARTESIAN_POINT('',(-7.111980095694E-03,-4.804746818504E-03));
#6876 = ( GEOMETRIC_REPRESENTATION_CONTEXT(2) 
PARAMETRIC_REPRESENTATION_CONTEXT() REPRESENTATION_CONTEXT('2D SPACE',''
  ) );
#6877 = ORIENTED_EDGE('',*,*,#6878,.F.);
#6878 = EDGE_CURVE('',#6879,#6850,#6881,.T.);
#6879 = VERTEX_POINT('',#6880);
#6880 = CARTESIAN_POINT('',(22.179982242844,13.478074925861,
    21.117792509309));
#6881 = SURFACE_CURVE('',#6882,(#6886,#6893),.PCURVE_S1.);
#6882 = ( BOUNDED_CURVE() B_SPLINE_CURVE(2,(#6883,#6884,#6885),
.UNSPECIFIED.,.F.,.F.) B_SPLINE_CURVE_WITH_KNOTS((3,3),(3.687631632529,
3.799620794894),.PIECEWISE_BEZIER_KNOTS.) CURVE() 
GEOMETRIC_REPRESENTATION_ITEM() RATIONAL_B_SPLINE_CURVE((1.,
0.998432713008,1.)) REPRESENTATION_ITEM('') );
#6883 = CARTESIAN_POINT('',(22.179982242844,13.478074925861,
    21.117792509309));
#6884 = CARTESIAN_POINT('',(21.424493332219,14.721333381871,
    21.117792509309));
#6885 = CARTESIAN_POINT('',(20.534796356547,15.872373943275,
    21.117792509309));
#6886 = PCURVE('',#6707,#6887);
#6887 = DEFINITIONAL_REPRESENTATION('',(#6888),#6892);
#6888 = B_SPLINE_CURVE_WITH_KNOTS('',2,(#6889,#6890,#6891),
  .UNSPECIFIED.,.F.,.F.,(3,3),(3.687631632529,3.799620794894),
  .PIECEWISE_BEZIER_KNOTS.);
#6889 = CARTESIAN_POINT('',(3.698974397564,-3.440572474944E-18));
#6890 = CARTESIAN_POINT('',(3.752799424448,-4.366445234509E-18));
#6891 = CARTESIAN_POINT('',(3.806072947691,1.870014458453E-20));
#6892 = ( GEOMETRIC_REPRESENTATION_CONTEXT(2) 
PARAMETRIC_REPRESENTATION_CONTEXT() REPRESENTATION_CONTEXT('2D SPACE',''
  ) );
#6893 = PCURVE('',#6894,#6899);
#6894 = B_SPLINE_SURFACE_WITH_KNOTS('',1,1,(
    (#6895,#6896)
    ,(#6897,#6898
    )),.UNSPECIFIED.,.F.,.F.,.F.,(2,2),(2,2),(8.542692952148E-03,
    2.217998224284E-02),(5.18953699519E-03,1.587237394327E-02),
  .PIECEWISE_BEZIER_KNOTS.);
#6895 = CARTESIAN_POINT('',(8.542692952148,5.18953699519,21.117792509309
    ));
#6896 = CARTESIAN_POINT('',(8.542692952148,15.872373943275,
    21.117792509309));
#6897 = CARTESIAN_POINT('',(22.179982242844,5.18953699519,
    21.117792509309));
#6898 = CARTESIAN_POINT('',(22.179982242844,15.872373943275,
    21.117792509309));
#6899 = DEFINITIONAL_REPRESENTATION('',(#6900),#6904);
#6900 = ( BOUNDED_CURVE() B_SPLINE_CURVE(2,(#6901,#6902,#6903),
.UNSPECIFIED.,.F.,.F.) B_SPLINE_CURVE_WITH_KNOTS((3,3),(3.687631632529,
3.799620794894),.PIECEWISE_BEZIER_KNOTS.) CURVE() 
GEOMETRIC_REPRESENTATION_ITEM() RATIONAL_B_SPLINE_CURVE((1.,
0.998432713008,1.)) REPRESENTATION_ITEM('') );
#6901 = CARTESIAN_POINT('',(2.217998224284E-02,1.347807492586E-02));
#6902 = CARTESIAN_POINT('',(2.142449333222E-02,1.472133338187E-02));
#6903 = CARTESIAN_POINT('',(2.053479635655E-02,1.587237394327E-02));
#6904 = ( GEOMETRIC_REPRESENTATION_CONTEXT(2) 
PARAMETRIC_REPRESENTATION_CONTEXT() REPRESENTATION_CONTEXT('2D SPACE',''
  ) );
#6905 = ORIENTED_EDGE('',*,*,#6906,.T.);
#6906 = EDGE_CURVE('',#6879,#6907,#6909,.T.);
#6907 = VERTEX_POINT('',#6908);
#6908 = CARTESIAN_POINT('',(25.942546551203,0.770969803976,
    21.117792509309));
#6909 = SURFACE_CURVE('',#6910,(#6914,#6922),.PCURVE_S1.);
#6910 = ( BOUNDED_CURVE() B_SPLINE_CURVE(2,(#6911,#6912,#6913),
.UNSPECIFIED.,.F.,.F.) B_SPLINE_CURVE_WITH_KNOTS((3,3),(5.737146328241,
6.253475696594),.PIECEWISE_BEZIER_KNOTS.) CURVE() 
GEOMETRIC_REPRESENTATION_ITEM() RATIONAL_B_SPLINE_CURVE((1.,
0.966860174289,1.)) REPRESENTATION_ITEM('') );
#6911 = CARTESIAN_POINT('',(22.179982242844,13.478074925862,
    21.117792509309));
#6912 = CARTESIAN_POINT('',(25.738966344792,7.621288654974,
    21.117792509309));
#6913 = CARTESIAN_POINT('',(25.942546551203,0.770969803976,
    21.117792509309));
#6914 = PCURVE('',#6707,#6915);
#6915 = DEFINITIONAL_REPRESENTATION('',(#6916),#6921);
#6916 = B_SPLINE_CURVE_WITH_KNOTS('',3,(#6917,#6918,#6919,#6920),
  .UNSPECIFIED.,.F.,.F.,(4,4),(5.737146328241,6.253475696594),
  .PIECEWISE_BEZIER_KNOTS.);
#6917 = CARTESIAN_POINT('',(3.698974397564,3.498354264575E-18));
#6918 = CARTESIAN_POINT('',(3.535267112145,-4.446784153917E-18));
#6919 = CARTESIAN_POINT('',(3.36116723256,3.17601712809E-18));
#6920 = CARTESIAN_POINT('',(3.174392328275,-3.462541056161E-18));
#6921 = ( GEOMETRIC_REPRESENTATION_CONTEXT(2) 
PARAMETRIC_REPRESENTATION_CONTEXT() REPRESENTATION_CONTEXT('2D SPACE',''
  ) );
#6922 = PCURVE('',#6923,#6928);
#6923 = B_SPLINE_SURFACE_WITH_KNOTS('',1,1,(
    (#6924,#6925)
    ,(#6926,#6927
    )),.UNSPECIFIED.,.F.,.F.,.F.,(2,2),(2,2),(-7.112294069963E-03,
    8.581721259939E-03),(-5.537360462184E-03,8.244361792773E-03),
  .PIECEWISE_BEZIER_KNOTS.);
#6924 = CARTESIAN_POINT('',(25.942860525472,3.835616029553E-02,
    21.117792509309));
#6925 = CARTESIAN_POINT('',(25.942860525472,13.820078415253,
    21.117792509309));
#6926 = CARTESIAN_POINT('',(10.248845195571,3.835616029553E-02,
    21.117792509309));
#6927 = CARTESIAN_POINT('',(10.248845195571,13.820078415253,
    21.117792509309));
#6928 = DEFINITIONAL_REPRESENTATION('',(#6929),#6933);
#6929 = ( BOUNDED_CURVE() B_SPLINE_CURVE(2,(#6930,#6931,#6932),
.UNSPECIFIED.,.F.,.F.) B_SPLINE_CURVE_WITH_KNOTS((3,3),(5.737146328241,
6.253475696594),.PIECEWISE_BEZIER_KNOTS.) CURVE() 
GEOMETRIC_REPRESENTATION_ITEM() RATIONAL_B_SPLINE_CURVE((1.,
0.966860174289,1.)) REPRESENTATION_ITEM('') );
#6930 = CARTESIAN_POINT('',(-3.349415787334E-03,7.902358303382E-03));
#6931 = CARTESIAN_POINT('',(-6.908399889283E-03,2.045572032494E-03));
#6932 = CARTESIAN_POINT('',(-7.111980095694E-03,-4.804746818504E-03));
#6933 = ( GEOMETRIC_REPRESENTATION_CONTEXT(2) 
PARAMETRIC_REPRESENTATION_CONTEXT() REPRESENTATION_CONTEXT('2D SPACE',''
  ) );
#6934 = ORIENTED_EDGE('',*,*,#6935,.F.);
#6935 = EDGE_CURVE('',#6698,#6907,#6936,.T.);
#6936 = SURFACE_CURVE('',#6937,(#6941,#6948),.PCURVE_S1.);
#6937 = ( BOUNDED_CURVE() B_SPLINE_CURVE(2,(#6938,#6939,#6940),
.UNSPECIFIED.,.F.,.F.) B_SPLINE_CURVE_WITH_KNOTS((3,3),(3.14159265359,
3.171302264176),.PIECEWISE_BEZIER_KNOTS.) CURVE() 
GEOMETRIC_REPRESENTATION_ITEM() RATIONAL_B_SPLINE_CURVE((1.,
0.999889669409,1.)) REPRESENTATION_ITEM('') );
#6938 = CARTESIAN_POINT('',(25.954,-3.178448302507E-15,21.117792509309)
  );
#6939 = CARTESIAN_POINT('',(25.954,0.385569977622,21.117792509309));
#6940 = CARTESIAN_POINT('',(25.942546551203,0.770969803976,
    21.117792509309));
#6941 = PCURVE('',#6707,#6942);
#6942 = DEFINITIONAL_REPRESENTATION('',(#6943),#6947);
#6943 = B_SPLINE_CURVE_WITH_KNOTS('',2,(#6944,#6945,#6946),
  .UNSPECIFIED.,.F.,.F.,(3,3),(3.14159265359,3.171302264176),
  .PIECEWISE_BEZIER_KNOTS.);
#6944 = CARTESIAN_POINT('',(3.14159265359,0.));
#6945 = CARTESIAN_POINT('',(3.158091288712,1.442709554902E-18));
#6946 = CARTESIAN_POINT('',(3.174392328275,-3.462541056161E-18));
#6947 = ( GEOMETRIC_REPRESENTATION_CONTEXT(2) 
PARAMETRIC_REPRESENTATION_CONTEXT() REPRESENTATION_CONTEXT('2D SPACE',''
  ) );
#6948 = PCURVE('',#6949,#6954);
#6949 = B_SPLINE_SURFACE_WITH_KNOTS('',1,1,(
    (#6950,#6951)
    ,(#6952,#6953
    )),.UNSPECIFIED.,.F.,.F.,.F.,(2,2),(2,2),(1.139454344675E-02,
    2.5954E-02),(-2.133074791972E-03,1.262690209776E-03),
  .PIECEWISE_BEZIER_KNOTS.);
#6950 = CARTESIAN_POINT('',(11.39454344675,-2.133074791972,
    21.117792509309));
#6951 = CARTESIAN_POINT('',(11.39454344675,1.262690209776,
    21.117792509309));
#6952 = CARTESIAN_POINT('',(25.954,-2.133074791972,21.117792509309));
#6953 = CARTESIAN_POINT('',(25.954,1.262690209776,21.117792509309));
#6954 = DEFINITIONAL_REPRESENTATION('',(#6955),#6959);
#6955 = ( BOUNDED_CURVE() B_SPLINE_CURVE(2,(#6956,#6957,#6958),
.UNSPECIFIED.,.F.,.F.) B_SPLINE_CURVE_WITH_KNOTS((3,3),(3.14159265359,
3.171302264176),.PIECEWISE_BEZIER_KNOTS.) CURVE() 
GEOMETRIC_REPRESENTATION_ITEM() RATIONAL_B_SPLINE_CURVE((1.,
0.999889669409,1.)) REPRESENTATION_ITEM('') );
#6956 = CARTESIAN_POINT('',(2.5954E-02,-4.391032194866E-18));
#6957 = CARTESIAN_POINT('',(2.5954E-02,3.855699776217E-04));
#6958 = CARTESIAN_POINT('',(2.59425465512E-02,7.70969803976E-04));
#6959 = ( GEOMETRIC_REPRESENTATION_CONTEXT(2) 
PARAMETRIC_REPRESENTATION_CONTEXT() REPRESENTATION_CONTEXT('2D SPACE',''
  ) );
#6960 = ADVANCED_FACE('',(#6961),#6721,.F.);
#6961 = FACE_BOUND('',#6962,.F.);
#6962 = EDGE_LOOP('',(#6963,#6994,#7015,#7016,#7039,#7068,#7096,#7125,
    #7153));
#6963 = ORIENTED_EDGE('',*,*,#6964,.T.);
#6964 = EDGE_CURVE('',#6965,#6967,#6969,.T.);
#6965 = VERTEX_POINT('',#6966);
#6966 = CARTESIAN_POINT('',(0.,-25.954,21.117792509309));
#6967 = VERTEX_POINT('',#6968);
#6968 = CARTESIAN_POINT('',(0.,-25.954,23.728525574434));
#6969 = SURFACE_CURVE('',#6970,(#6973,#6980),.PCURVE_S1.);
#6970 = B_SPLINE_CURVE_WITH_KNOTS('',1,(#6971,#6972),.UNSPECIFIED.,.F.,
  .F.,(2,2),(0.,2.610733065125E-03),.PIECEWISE_BEZIER_KNOTS.);
#6971 = CARTESIAN_POINT('',(0.,-25.954,21.117792509309));
#6972 = CARTESIAN_POINT('',(0.,-25.954,23.728525574434));
#6973 = PCURVE('',#6721,#6974);
#6974 = DEFINITIONAL_REPRESENTATION('',(#6975),#6979);
#6975 = B_SPLINE_CURVE_WITH_KNOTS('',2,(#6976,#6977,#6978),
  .UNSPECIFIED.,.F.,.F.,(3,3),(0.,2.610733065125E-03),
  .PIECEWISE_BEZIER_KNOTS.);
#6976 = CARTESIAN_POINT('',(1.570796326795,0.));
#6977 = CARTESIAN_POINT('',(1.570796326795,-1.305366532563E-03));
#6978 = CARTESIAN_POINT('',(1.570796326795,-2.610733065125E-03));
#6979 = ( GEOMETRIC_REPRESENTATION_CONTEXT(2) 
PARAMETRIC_REPRESENTATION_CONTEXT() REPRESENTATION_CONTEXT('2D SPACE',''
  ) );
#6980 = PCURVE('',#6981,#6988);
#6981 = ( BOUNDED_SURFACE() B_SPLINE_SURFACE(2,1,(
    (#6982,#6983)
    ,(#6984,#6985)
    ,(#6986,#6987
)),.UNSPECIFIED.,.F.,.F.,.F.) B_SPLINE_SURFACE_WITH_KNOTS((3,3),(2,2),(
    0.,1.570796326795),(-2.610733065125E-03,0.),
.PIECEWISE_BEZIER_KNOTS.) GEOMETRIC_REPRESENTATION_ITEM() 
RATIONAL_B_SPLINE_SURFACE((
    (1.,1.)
    ,(0.707106781187,0.707106781187)
,(1.,1.))) REPRESENTATION_ITEM('') SURFACE() );
#6982 = CARTESIAN_POINT('',(-25.954,0.,23.728525574434));
#6983 = CARTESIAN_POINT('',(-25.954,0.,21.117792509309));
#6984 = CARTESIAN_POINT('',(-25.954,-25.954,23.728525574434));
#6985 = CARTESIAN_POINT('',(-25.954,-25.954,21.117792509309));
#6986 = CARTESIAN_POINT('',(-1.589224151254E-15,-25.954,23.728525574434)
  );
#6987 = CARTESIAN_POINT('',(-1.589224151254E-15,-25.954,21.117792509309)
  );
#6988 = DEFINITIONAL_REPRESENTATION('',(#6989),#6993);
#6989 = B_SPLINE_CURVE_WITH_KNOTS('',2,(#6990,#6991,#6992),
  .UNSPECIFIED.,.F.,.F.,(3,3),(0.,2.610733065125E-03),
  .PIECEWISE_BEZIER_KNOTS.);
#6990 = CARTESIAN_POINT('',(1.570796326795,0.));
#6991 = CARTESIAN_POINT('',(1.570796326795,-1.305366532563E-03));
#6992 = CARTESIAN_POINT('',(1.570796326795,-2.610733065125E-03));
#6993 = ( GEOMETRIC_REPRESENTATION_CONTEXT(2) 
PARAMETRIC_REPRESENTATION_CONTEXT() REPRESENTATION_CONTEXT('2D SPACE',''
  ) );
#6994 = ORIENTED_EDGE('',*,*,#6995,.T.);
#6995 = EDGE_CURVE('',#6967,#6700,#6996,.T.);
#6996 = SURFACE_CURVE('',#6997,(#7001,#7008),.PCURVE_S1.);
#6997 = ( BOUNDED_CURVE() B_SPLINE_CURVE(2,(#6998,#6999,#7000),
.UNSPECIFIED.,.F.,.F.) B_SPLINE_CURVE_WITH_KNOTS((3,3),(1.570796326795,
3.14159265359),.PIECEWISE_BEZIER_KNOTS.) CURVE() 
GEOMETRIC_REPRESENTATION_ITEM() RATIONAL_B_SPLINE_CURVE((1.,
0.707106781187,1.)) REPRESENTATION_ITEM('') );
#6998 = CARTESIAN_POINT('',(-1.589224151254E-15,-25.954,23.728525574434)
  );
#6999 = CARTESIAN_POINT('',(25.954,-25.954,23.728525574434));
#7000 = CARTESIAN_POINT('',(25.954,-3.178448302507E-15,23.728525574434)
  );
#7001 = PCURVE('',#6721,#7002);
#7002 = DEFINITIONAL_REPRESENTATION('',(#7003),#7007);
#7003 = B_SPLINE_CURVE_WITH_KNOTS('',2,(#7004,#7005,#7006),
  .UNSPECIFIED.,.F.,.F.,(3,3),(1.570796326795,3.14159265359),
  .PIECEWISE_BEZIER_KNOTS.);
#7004 = CARTESIAN_POINT('',(1.570796326795,-2.610733065125E-03));
#7005 = CARTESIAN_POINT('',(2.356194490192,-2.610733065125E-03));
#7006 = CARTESIAN_POINT('',(3.14159265359,-2.610733065125E-03));
#7007 = ( GEOMETRIC_REPRESENTATION_CONTEXT(2) 
PARAMETRIC_REPRESENTATION_CONTEXT() REPRESENTATION_CONTEXT('2D SPACE',''
  ) );
#7008 = PCURVE('',#6751,#7009);
#7009 = DEFINITIONAL_REPRESENTATION('',(#7010),#7014);
#7010 = ( BOUNDED_CURVE() B_SPLINE_CURVE(2,(#7011,#7012,#7013),
.UNSPECIFIED.,.F.,.F.) B_SPLINE_CURVE_WITH_KNOTS((3,3),(1.570796326795,
3.14159265359),.PIECEWISE_BEZIER_KNOTS.) CURVE() 
GEOMETRIC_REPRESENTATION_ITEM() RATIONAL_B_SPLINE_CURVE((1.,
0.707106781187,1.)) REPRESENTATION_ITEM('') );
#7011 = CARTESIAN_POINT('',(-1.589224151254E-18,-2.5954E-02));
#7012 = CARTESIAN_POINT('',(2.5954E-02,-2.5954E-02));
#7013 = CARTESIAN_POINT('',(2.5954E-02,-4.391032194866E-18));
#7014 = ( GEOMETRIC_REPRESENTATION_CONTEXT(2) 
PARAMETRIC_REPRESENTATION_CONTEXT() REPRESENTATION_CONTEXT('2D SPACE',''
  ) );
#7015 = ORIENTED_EDGE('',*,*,#6697,.F.);
#7016 = ORIENTED_EDGE('',*,*,#7017,.F.);
#7017 = EDGE_CURVE('',#7018,#6698,#7020,.T.);
#7018 = VERTEX_POINT('',#7019);
#7019 = CARTESIAN_POINT('',(25.86619624011,-2.133074791972,
    21.117792509309));
#7020 = SURFACE_CURVE('',#7021,(#7025,#7032),.PCURVE_S1.);
#7021 = ( BOUNDED_CURVE() B_SPLINE_CURVE(2,(#7022,#7023,#7024),
.UNSPECIFIED.,.F.,.F.) B_SPLINE_CURVE_WITH_KNOTS((3,3),(3.059313101811,
3.14159265359),.PIECEWISE_BEZIER_KNOTS.) CURVE() 
GEOMETRIC_REPRESENTATION_ITEM() RATIONAL_B_SPLINE_CURVE((1.,
0.999153878767,1.)) REPRESENTATION_ITEM('') );
#7022 = CARTESIAN_POINT('',(25.86619624011,-2.133074791972,
    21.117792509309));
#7023 = CARTESIAN_POINT('',(25.954,-1.068344529116,21.117792509309));
#7024 = CARTESIAN_POINT('',(25.954,-3.178448302507E-15,21.117792509309)
  );
#7025 = PCURVE('',#6721,#7026);
#7026 = DEFINITIONAL_REPRESENTATION('',(#7027),#7031);
#7027 = B_SPLINE_CURVE_WITH_KNOTS('',2,(#7028,#7029,#7030),
  .UNSPECIFIED.,.F.,.F.,(3,3),(3.059313101811,3.14159265359),
  .PIECEWISE_BEZIER_KNOTS.);
#7028 = CARTESIAN_POINT('',(3.051684416098,3.478123972685E-18));
#7029 = CARTESIAN_POINT('',(3.095916575098,4.911390759877E-18));
#7030 = CARTESIAN_POINT('',(3.14159265359,0.));
#7031 = ( GEOMETRIC_REPRESENTATION_CONTEXT(2) 
PARAMETRIC_REPRESENTATION_CONTEXT() REPRESENTATION_CONTEXT('2D SPACE',''
  ) );
#7032 = PCURVE('',#6949,#7033);
#7033 = DEFINITIONAL_REPRESENTATION('',(#7034),#7038);
#7034 = ( BOUNDED_CURVE() B_SPLINE_CURVE(2,(#7035,#7036,#7037),
.UNSPECIFIED.,.F.,.F.) B_SPLINE_CURVE_WITH_KNOTS((3,3),(3.059313101811,
3.14159265359),.PIECEWISE_BEZIER_KNOTS.) CURVE() 
GEOMETRIC_REPRESENTATION_ITEM() RATIONAL_B_SPLINE_CURVE((1.,
0.999153878767,1.)) REPRESENTATION_ITEM('') );
#7035 = CARTESIAN_POINT('',(2.586619624011E-02,-2.133074791972E-03));
#7036 = CARTESIAN_POINT('',(2.5954E-02,-1.068344529116E-03));
#7037 = CARTESIAN_POINT('',(2.5954E-02,-4.391032194866E-18));
#7038 = ( GEOMETRIC_REPRESENTATION_CONTEXT(2) 
PARAMETRIC_REPRESENTATION_CONTEXT() REPRESENTATION_CONTEXT('2D SPACE',''
  ) );
#7039 = ORIENTED_EDGE('',*,*,#7040,.T.);
#7040 = EDGE_CURVE('',#7018,#7041,#7043,.T.);
#7041 = VERTEX_POINT('',#7042);
#7042 = CARTESIAN_POINT('',(21.441125718027,-14.62491859614,
    21.117792509309));
#7043 = SURFACE_CURVE('',#7044,(#7048,#7056),.PCURVE_S1.);
#7044 = ( BOUNDED_CURVE() B_SPLINE_CURVE(2,(#7045,#7046,#7047),
.UNSPECIFIED.,.F.,.F.) B_SPLINE_CURVE_WITH_KNOTS((3,3),(5.737146328241,
6.253475696594),.PIECEWISE_BEZIER_KNOTS.) CURVE() 
GEOMETRIC_REPRESENTATION_ITEM() RATIONAL_B_SPLINE_CURVE((1.,
0.966860174289,1.)) REPRESENTATION_ITEM('') );
#7045 = CARTESIAN_POINT('',(25.86619624011,-2.133074791972,
    21.117792509309));
#7046 = CARTESIAN_POINT('',(25.302942265439,-8.96323278581,
    21.117792509309));
#7047 = CARTESIAN_POINT('',(21.441125718027,-14.62491859614,
    21.117792509309));
#7048 = PCURVE('',#6721,#7049);
#7049 = DEFINITIONAL_REPRESENTATION('',(#7050),#7055);
#7050 = B_SPLINE_CURVE_WITH_KNOTS('',3,(#7051,#7052,#7053,#7054),
  .UNSPECIFIED.,.F.,.F.,(4,4),(5.737146328241,6.253475696594),
  .PIECEWISE_BEZIER_KNOTS.);
#7051 = CARTESIAN_POINT('',(3.051684416098,3.478123972685E-18));
#7052 = CARTESIAN_POINT('',(2.868618016023,1.621177526256E-18));
#7053 = CARTESIAN_POINT('',(2.696585001772,1.581951358299E-17));
#7054 = CARTESIAN_POINT('',(2.533798484657,1.17827302913E-20));
#7055 = ( GEOMETRIC_REPRESENTATION_CONTEXT(2) 
PARAMETRIC_REPRESENTATION_CONTEXT() REPRESENTATION_CONTEXT('2D SPACE',''
  ) );
#7056 = PCURVE('',#7057,#7062);
#7057 = B_SPLINE_SURFACE_WITH_KNOTS('',1,1,(
    (#7058,#7059)
    ,(#7060,#7061
    )),.UNSPECIFIED.,.F.,.F.,.F.,(2,2),(2,2),(-7.112294069963E-03,
    8.581721259939E-03),(-5.537360462184E-03,8.244361792773E-03),
  .PIECEWISE_BEZIER_KNOTS.);
#7058 = CARTESIAN_POINT('',(21.010760233162,-15.21780003363,
    21.117792509309));
#7059 = CARTESIAN_POINT('',(29.111453325817,-4.068152517619,
    21.117792509309));
#7060 = CARTESIAN_POINT('',(8.314035121291,-5.993089273467,
    21.117792509309));
#7061 = CARTESIAN_POINT('',(16.414728213946,5.156558242549,
    21.117792509309));
#7062 = DEFINITIONAL_REPRESENTATION('',(#7063),#7067);
#7063 = ( BOUNDED_CURVE() B_SPLINE_CURVE(2,(#7064,#7065,#7066),
.UNSPECIFIED.,.F.,.F.) B_SPLINE_CURVE_WITH_KNOTS((3,3),(5.737146328241,
6.253475696594),.PIECEWISE_BEZIER_KNOTS.) CURVE() 
GEOMETRIC_REPRESENTATION_ITEM() RATIONAL_B_SPLINE_CURVE((1.,
0.966860174289,1.)) REPRESENTATION_ITEM('') );
#7064 = CARTESIAN_POINT('',(-3.349415787334E-03,7.902358303382E-03));
#7065 = CARTESIAN_POINT('',(-6.908399889283E-03,2.045572032494E-03));
#7066 = CARTESIAN_POINT('',(-7.111980095694E-03,-4.804746818504E-03));
#7067 = ( GEOMETRIC_REPRESENTATION_CONTEXT(2) 
PARAMETRIC_REPRESENTATION_CONTEXT() REPRESENTATION_CONTEXT('2D SPACE',''
  ) );
#7068 = ORIENTED_EDGE('',*,*,#7069,.F.);
#7069 = EDGE_CURVE('',#7070,#7041,#7072,.T.);
#7070 = VERTEX_POINT('',#7071);
#7071 = CARTESIAN_POINT('',(19.672402433328,-16.92946243981,
    21.117792509309));
#7072 = SURFACE_CURVE('',#7073,(#7077,#7084),.PCURVE_S1.);
#7073 = ( BOUNDED_CURVE() B_SPLINE_CURVE(2,(#7074,#7075,#7076),
.UNSPECIFIED.,.F.,.F.) B_SPLINE_CURVE_WITH_KNOTS((3,3),(2.430994571093,
2.542983733458),.PIECEWISE_BEZIER_KNOTS.) CURVE() 
GEOMETRIC_REPRESENTATION_ITEM() RATIONAL_B_SPLINE_CURVE((1.,
0.998432713008,1.)) REPRESENTATION_ITEM('') );
#7074 = CARTESIAN_POINT('',(19.672402433328,-16.92946243981,
    21.117792509309));
#7075 = CARTESIAN_POINT('',(20.621352576911,-15.82676179707,
    21.117792509309));
#7076 = CARTESIAN_POINT('',(21.441125718027,-14.62491859614,
    21.117792509309));
#7077 = PCURVE('',#6721,#7078);
#7078 = DEFINITIONAL_REPRESENTATION('',(#7079),#7083);
#7079 = B_SPLINE_CURVE_WITH_KNOTS('',2,(#7080,#7081,#7082),
  .UNSPECIFIED.,.F.,.F.,(3,3),(2.430994571093,2.542983733458),
  .PIECEWISE_BEZIER_KNOTS.);
#7080 = CARTESIAN_POINT('',(2.427142496575,3.470068826714E-18));
#7081 = CARTESIAN_POINT('',(2.480274878928,9.292198689746E-18));
#7082 = CARTESIAN_POINT('',(2.533798484657,1.178273029129E-20));
#7083 = ( GEOMETRIC_REPRESENTATION_CONTEXT(2) 
PARAMETRIC_REPRESENTATION_CONTEXT() REPRESENTATION_CONTEXT('2D SPACE',''
  ) );
#7084 = PCURVE('',#7085,#7090);
#7085 = B_SPLINE_SURFACE_WITH_KNOTS('',1,1,(
    (#7086,#7087)
    ,(#7088,#7089
    )),.UNSPECIFIED.,.F.,.F.,.F.,(2,2),(2,2),(8.122747638034E-03,
    2.144112571803E-02),(-1.692946243982E-02,-5.724324990554E-03),
  .PIECEWISE_BEZIER_KNOTS.);
#7086 = CARTESIAN_POINT('',(8.122747638034,-16.92946243981,
    21.117792509309));
#7087 = CARTESIAN_POINT('',(8.122747638034,-5.724324990554,
    21.117792509309));
#7088 = CARTESIAN_POINT('',(21.441125718027,-16.92946243981,
    21.117792509309));
#7089 = CARTESIAN_POINT('',(21.441125718027,-5.724324990554,
    21.117792509309));
#7090 = DEFINITIONAL_REPRESENTATION('',(#7091),#7095);
#7091 = ( BOUNDED_CURVE() B_SPLINE_CURVE(2,(#7092,#7093,#7094),
.UNSPECIFIED.,.F.,.F.) B_SPLINE_CURVE_WITH_KNOTS((3,3),(2.430994571093,
2.542983733458),.PIECEWISE_BEZIER_KNOTS.) CURVE() 
GEOMETRIC_REPRESENTATION_ITEM() RATIONAL_B_SPLINE_CURVE((1.,
0.998432713008,1.)) REPRESENTATION_ITEM('') );
#7092 = CARTESIAN_POINT('',(1.967240243333E-02,-1.692946243982E-02));
#7093 = CARTESIAN_POINT('',(2.062135257691E-02,-1.582676179707E-02));
#7094 = CARTESIAN_POINT('',(2.144112571803E-02,-1.462491859614E-02));
#7095 = ( GEOMETRIC_REPRESENTATION_CONTEXT(2) 
PARAMETRIC_REPRESENTATION_CONTEXT() REPRESENTATION_CONTEXT('2D SPACE',''
  ) );
#7096 = ORIENTED_EDGE('',*,*,#7097,.T.);
#7097 = EDGE_CURVE('',#7070,#7098,#7100,.T.);
#7098 = VERTEX_POINT('',#7099);
#7099 = CARTESIAN_POINT('',(8.749923617623,-24.43458517523,
    21.117792509309));
#7100 = SURFACE_CURVE('',#7101,(#7105,#7113),.PCURVE_S1.);
#7101 = ( BOUNDED_CURVE() B_SPLINE_CURVE(2,(#7102,#7103,#7104),
.UNSPECIFIED.,.F.,.F.) B_SPLINE_CURVE_WITH_KNOTS((3,3),(5.737146328241,
6.253475696594),.PIECEWISE_BEZIER_KNOTS.) CURVE() 
GEOMETRIC_REPRESENTATION_ITEM() RATIONAL_B_SPLINE_CURVE((1.,
0.966860174289,1.)) REPRESENTATION_ITEM('') );
#7102 = CARTESIAN_POINT('',(19.672402433328,-16.92946243981,
    21.117792509309));
#7103 = CARTESIAN_POINT('',(15.202054256065,-22.12410395149,
    21.117792509309));
#7104 = CARTESIAN_POINT('',(8.749923617623,-24.43458517523,
    21.117792509309));
#7105 = PCURVE('',#6721,#7106);
#7106 = DEFINITIONAL_REPRESENTATION('',(#7107),#7112);
#7107 = B_SPLINE_CURVE_WITH_KNOTS('',3,(#7108,#7109,#7110,#7111),
  .UNSPECIFIED.,.F.,.F.,(4,4),(5.737146328241,6.253475696594),
  .PIECEWISE_BEZIER_KNOTS.);
#7108 = CARTESIAN_POINT('',(2.427142496575,3.470068826714E-18));
#7109 = CARTESIAN_POINT('',(2.265552302925,3.554202410953E-18));
#7110 = CARTESIAN_POINT('',(2.100153378576,6.05425402426E-18));
#7111 = CARTESIAN_POINT('',(1.930662862081,3.48908029864E-18));
#7112 = ( GEOMETRIC_REPRESENTATION_CONTEXT(2) 
PARAMETRIC_REPRESENTATION_CONTEXT() REPRESENTATION_CONTEXT('2D SPACE',''
  ) );
#7113 = PCURVE('',#7114,#7119);
#7114 = B_SPLINE_SURFACE_WITH_KNOTS('',1,1,(
    (#7115,#7116)
    ,(#7117,#7118
    )),.UNSPECIFIED.,.F.,.F.,.F.,(2,2),(2,2),(-7.112294069963E-03,
    8.581721259939E-03),(-5.537360462184E-03,8.244361792773E-03),
  .PIECEWISE_BEZIER_KNOTS.);
#7115 = CARTESIAN_POINT('',(8.053263661259,-24.66127384871,
    21.117792509309));
#7116 = CARTESIAN_POINT('',(21.160460417607,-20.40248746017,
    21.117792509309));
#7117 = CARTESIAN_POINT('',(3.203546214338,-9.735378302377,
    21.117792509309));
#7118 = CARTESIAN_POINT('',(16.310742970686,-5.47659191384,
    21.117792509309));
#7119 = DEFINITIONAL_REPRESENTATION('',(#7120),#7124);
#7120 = ( BOUNDED_CURVE() B_SPLINE_CURVE(2,(#7121,#7122,#7123),
.UNSPECIFIED.,.F.,.F.) B_SPLINE_CURVE_WITH_KNOTS((3,3),(5.737146328241,
6.253475696594),.PIECEWISE_BEZIER_KNOTS.) CURVE() 
GEOMETRIC_REPRESENTATION_ITEM() RATIONAL_B_SPLINE_CURVE((1.,
0.966860174289,1.)) REPRESENTATION_ITEM('') );
#7121 = CARTESIAN_POINT('',(-3.349415787334E-03,7.902358303382E-03));
#7122 = CARTESIAN_POINT('',(-6.908399889283E-03,2.045572032494E-03));
#7123 = CARTESIAN_POINT('',(-7.111980095694E-03,-4.804746818504E-03));
#7124 = ( GEOMETRIC_REPRESENTATION_CONTEXT(2) 
PARAMETRIC_REPRESENTATION_CONTEXT() REPRESENTATION_CONTEXT('2D SPACE',''
  ) );
#7125 = ORIENTED_EDGE('',*,*,#7126,.F.);
#7126 = EDGE_CURVE('',#7127,#7098,#7129,.T.);
#7127 = VERTEX_POINT('',#7128);
#7128 = CARTESIAN_POINT('',(5.964419537382,-25.25937084691,
    21.117792509309));
#7129 = SURFACE_CURVE('',#7130,(#7134,#7141),.PCURVE_S1.);
#7130 = ( BOUNDED_CURVE() B_SPLINE_CURVE(2,(#7131,#7132,#7133),
.UNSPECIFIED.,.F.,.F.) B_SPLINE_CURVE_WITH_KNOTS((3,3),(1.802676040375,
1.91466520274),.PIECEWISE_BEZIER_KNOTS.) CURVE() 
GEOMETRIC_REPRESENTATION_ITEM() RATIONAL_B_SPLINE_CURVE((1.,
0.998432713008,1.)) REPRESENTATION_ITEM('') );
#7131 = CARTESIAN_POINT('',(5.964419537382,-25.25937084691,
    21.117792509309));
#7132 = CARTESIAN_POINT('',(7.380287505854,-24.92504618678,
    21.117792509309));
#7133 = CARTESIAN_POINT('',(8.749923617623,-24.43458517523,
    21.117792509309));
#7134 = PCURVE('',#6721,#7135);
#7135 = DEFINITIONAL_REPRESENTATION('',(#7136),#7140);
#7136 = B_SPLINE_CURVE_WITH_KNOTS('',2,(#7137,#7138,#7139),
  .UNSPECIFIED.,.F.,.F.,(3,3),(1.802676040375,1.91466520274),
  .PIECEWISE_BEZIER_KNOTS.);
#7137 = CARTESIAN_POINT('',(1.817604128897,6.956691232832E-18));
#7138 = CARTESIAN_POINT('',(1.874937783961,2.241828772254E-18));
#7139 = CARTESIAN_POINT('',(1.930662862081,3.469334881665E-18));
#7140 = ( GEOMETRIC_REPRESENTATION_CONTEXT(2) 
PARAMETRIC_REPRESENTATION_CONTEXT() REPRESENTATION_CONTEXT('2D SPACE',''
  ) );
#7141 = PCURVE('',#7142,#7147);
#7142 = B_SPLINE_SURFACE_WITH_KNOTS('',1,1,(
    (#7143,#7144)
    ,(#7145,#7146
    )),.UNSPECIFIED.,.F.,.F.,.F.,(2,2),(2,2),(1.748338313626E-03,
    8.749923617623E-03),(-2.525937084692E-02,-1.052484260714E-02),
  .PIECEWISE_BEZIER_KNOTS.);
#7143 = CARTESIAN_POINT('',(1.748338313626,-25.25937084691,
    21.117792509309));
#7144 = CARTESIAN_POINT('',(1.748338313626,-10.52484260714,
    21.117792509309));
#7145 = CARTESIAN_POINT('',(8.749923617623,-25.25937084691,
    21.117792509309));
#7146 = CARTESIAN_POINT('',(8.749923617623,-10.52484260714,
    21.117792509309));
#7147 = DEFINITIONAL_REPRESENTATION('',(#7148),#7152);
#7148 = ( BOUNDED_CURVE() B_SPLINE_CURVE(2,(#7149,#7150,#7151),
.UNSPECIFIED.,.F.,.F.) B_SPLINE_CURVE_WITH_KNOTS((3,3),(1.802676040375,
1.91466520274),.PIECEWISE_BEZIER_KNOTS.) CURVE() 
GEOMETRIC_REPRESENTATION_ITEM() RATIONAL_B_SPLINE_CURVE((1.,
0.998432713008,1.)) REPRESENTATION_ITEM('') );
#7149 = CARTESIAN_POINT('',(5.964419537382E-03,-2.525937084692E-02));
#7150 = CARTESIAN_POINT('',(7.380287505854E-03,-2.492504618679E-02));
#7151 = CARTESIAN_POINT('',(8.749923617623E-03,-2.443458517523E-02));
#7152 = ( GEOMETRIC_REPRESENTATION_CONTEXT(2) 
PARAMETRIC_REPRESENTATION_CONTEXT() REPRESENTATION_CONTEXT('2D SPACE',''
  ) );
#7153 = ORIENTED_EDGE('',*,*,#7154,.T.);
#7154 = EDGE_CURVE('',#7127,#6965,#7155,.T.);
#7155 = SURFACE_CURVE('',#7156,(#7160,#7168),.PCURVE_S1.);
#7156 = ( BOUNDED_CURVE() B_SPLINE_CURVE(2,(#7157,#7158,#7159),
.UNSPECIFIED.,.F.,.F.) B_SPLINE_CURVE_WITH_KNOTS((3,3),(5.737146328241,
5.969026041821),.PIECEWISE_BEZIER_KNOTS.) CURVE() 
GEOMETRIC_REPRESENTATION_ITEM() RATIONAL_B_SPLINE_CURVE((1.,
0.993286500128,1.)) REPRESENTATION_ITEM('') );
#7157 = CARTESIAN_POINT('',(5.964419537382,-25.25937084691,
    21.117792509309));
#7158 = CARTESIAN_POINT('',(3.022658772763,-25.954,21.117792509309));
#7159 = CARTESIAN_POINT('',(2.949029909161E-14,-25.954,21.117792509309)
  );
#7160 = PCURVE('',#6721,#7161);
#7161 = DEFINITIONAL_REPRESENTATION('',(#7162),#7167);
#7162 = B_SPLINE_CURVE_WITH_KNOTS('',3,(#7163,#7164,#7165,#7166),
  .UNSPECIFIED.,.F.,.F.,(4,4),(5.737146328241,5.969026041821),
  .PIECEWISE_BEZIER_KNOTS.);
#7163 = CARTESIAN_POINT('',(1.817604128897,3.4872442901E-18));
#7164 = CARTESIAN_POINT('',(1.738589364602,-2.792686050069E-18));
#7165 = CARTESIAN_POINT('',(1.656454205145,1.047460923582E-17));
#7166 = CARTESIAN_POINT('',(1.570796326795,0.));
#7167 = ( GEOMETRIC_REPRESENTATION_CONTEXT(2) 
PARAMETRIC_REPRESENTATION_CONTEXT() REPRESENTATION_CONTEXT('2D SPACE',''
  ) );
#7168 = PCURVE('',#7169,#7174);
#7169 = B_SPLINE_SURFACE_WITH_KNOTS('',1,1,(
    (#7170,#7171)
    ,(#7172,#7173
    )),.UNSPECIFIED.,.F.,.F.,.F.,(2,2),(2,2),(-7.112294069963E-03,
    8.581721259939E-03),(-5.537360462184E-03,8.244361792773E-03),
  .PIECEWISE_BEZIER_KNOTS.);
#7170 = CARTESIAN_POINT('',(-7.980305908881,-24.68497925945,
    21.117792509309));
#7171 = CARTESIAN_POINT('',(5.126890847467,-28.94376564799,
    21.117792509309));
#7172 = CARTESIAN_POINT('',(-3.13058846196,-9.759083713118,
    21.117792509309));
#7173 = CARTESIAN_POINT('',(9.976608294387,-14.01787010165,
    21.117792509309));
#7174 = DEFINITIONAL_REPRESENTATION('',(#7175),#7179);
#7175 = ( BOUNDED_CURVE() B_SPLINE_CURVE(2,(#7176,#7177,#7178),
.UNSPECIFIED.,.F.,.F.) B_SPLINE_CURVE_WITH_KNOTS((3,3),(5.737146328241,
5.969026041821),.PIECEWISE_BEZIER_KNOTS.) CURVE() 
GEOMETRIC_REPRESENTATION_ITEM() RATIONAL_B_SPLINE_CURVE((1.,
0.993286500128,1.)) REPRESENTATION_ITEM('') );
#7176 = CARTESIAN_POINT('',(-3.349415787334E-03,7.902358303382E-03));
#7177 = CARTESIAN_POINT('',(-4.919101439435E-03,5.319229771901E-03));
#7178 = CARTESIAN_POINT('',(-5.853154368415E-03,2.444510449528E-03));
#7179 = ( GEOMETRIC_REPRESENTATION_CONTEXT(2) 
PARAMETRIC_REPRESENTATION_CONTEXT() REPRESENTATION_CONTEXT('2D SPACE',''
  ) );
#7180 = ADVANCED_FACE('',(#7181),#6778,.F.);
#7181 = FACE_BOUND('',#7182,.F.);
#7182 = EDGE_LOOP('',(#7183,#7184,#7207,#7229,#7257,#7286,#7314,#7343,
    #7371));
#7183 = ORIENTED_EDGE('',*,*,#6763,.T.);
#7184 = ORIENTED_EDGE('',*,*,#7185,.T.);
#7185 = EDGE_CURVE('',#6736,#7186,#7188,.T.);
#7186 = VERTEX_POINT('',#7187);
#7187 = CARTESIAN_POINT('',(-25.954,0.,23.728525574434));
#7188 = SURFACE_CURVE('',#7189,(#7193,#7200),.PCURVE_S1.);
#7189 = ( BOUNDED_CURVE() B_SPLINE_CURVE(2,(#7190,#7191,#7192),
.UNSPECIFIED.,.F.,.F.) B_SPLINE_CURVE_WITH_KNOTS((3,3),(4.712388980385,
6.28318530718),.PIECEWISE_BEZIER_KNOTS.) CURVE() 
GEOMETRIC_REPRESENTATION_ITEM() RATIONAL_B_SPLINE_CURVE((1.,
0.707106781187,1.)) REPRESENTATION_ITEM('') );
#7190 = CARTESIAN_POINT('',(4.767672453761E-15,25.954,23.728525574434));
#7191 = CARTESIAN_POINT('',(-25.954,25.954,23.728525574434));
#7192 = CARTESIAN_POINT('',(-25.954,6.356896605014E-15,23.728525574434)
  );
#7193 = PCURVE('',#6778,#7194);
#7194 = DEFINITIONAL_REPRESENTATION('',(#7195),#7199);
#7195 = B_SPLINE_CURVE_WITH_KNOTS('',2,(#7196,#7197,#7198),
  .UNSPECIFIED.,.F.,.F.,(3,3),(4.712388980385,6.28318530718),
  .PIECEWISE_BEZIER_KNOTS.);
#7196 = CARTESIAN_POINT('',(4.712388980385,-2.610733065125E-03));
#7197 = CARTESIAN_POINT('',(5.497787143782,-2.610733065125E-03));
#7198 = CARTESIAN_POINT('',(6.28318530718,-2.610733065125E-03));
#7199 = ( GEOMETRIC_REPRESENTATION_CONTEXT(2) 
PARAMETRIC_REPRESENTATION_CONTEXT() REPRESENTATION_CONTEXT('2D SPACE',''
  ) );
#7200 = PCURVE('',#6751,#7201);
#7201 = DEFINITIONAL_REPRESENTATION('',(#7202),#7206);
#7202 = ( BOUNDED_CURVE() B_SPLINE_CURVE(2,(#7203,#7204,#7205),
.UNSPECIFIED.,.F.,.F.) B_SPLINE_CURVE_WITH_KNOTS((3,3),(4.712388980385,
6.28318530718),.PIECEWISE_BEZIER_KNOTS.) CURVE() 
GEOMETRIC_REPRESENTATION_ITEM() RATIONAL_B_SPLINE_CURVE((1.,
0.707106781187,1.)) REPRESENTATION_ITEM('') );
#7203 = CARTESIAN_POINT('',(4.767672453761E-18,2.5954E-02));
#7204 = CARTESIAN_POINT('',(-2.5954E-02,2.5954E-02));
#7205 = CARTESIAN_POINT('',(-2.5954E-02,5.144312712655E-18));
#7206 = ( GEOMETRIC_REPRESENTATION_CONTEXT(2) 
PARAMETRIC_REPRESENTATION_CONTEXT() REPRESENTATION_CONTEXT('2D SPACE',''
  ) );
#7207 = ORIENTED_EDGE('',*,*,#7208,.F.);
#7208 = EDGE_CURVE('',#7209,#7186,#7211,.T.);
#7209 = VERTEX_POINT('',#7210);
#7210 = CARTESIAN_POINT('',(-25.954,0.,21.117792509309));
#7211 = SURFACE_CURVE('',#7212,(#7215,#7222),.PCURVE_S1.);
#7212 = B_SPLINE_CURVE_WITH_KNOTS('',1,(#7213,#7214),.UNSPECIFIED.,.F.,
  .F.,(2,2),(0.,2.610733065125E-03),.PIECEWISE_BEZIER_KNOTS.);
#7213 = CARTESIAN_POINT('',(-25.954,0.,21.117792509309));
#7214 = CARTESIAN_POINT('',(-25.954,0.,23.728525574434));
#7215 = PCURVE('',#6778,#7216);
#7216 = DEFINITIONAL_REPRESENTATION('',(#7217),#7221);
#7217 = B_SPLINE_CURVE_WITH_KNOTS('',2,(#7218,#7219,#7220),
  .UNSPECIFIED.,.F.,.F.,(3,3),(0.,2.610733065125E-03),
  .PIECEWISE_BEZIER_KNOTS.);
#7218 = CARTESIAN_POINT('',(6.28318530718,0.));
#7219 = CARTESIAN_POINT('',(6.28318530718,-1.305366532563E-03));
#7220 = CARTESIAN_POINT('',(6.28318530718,-2.610733065125E-03));
#7221 = ( GEOMETRIC_REPRESENTATION_CONTEXT(2) 
PARAMETRIC_REPRESENTATION_CONTEXT() REPRESENTATION_CONTEXT('2D SPACE',''
  ) );
#7222 = PCURVE('',#6981,#7223);
#7223 = DEFINITIONAL_REPRESENTATION('',(#7224),#7228);
#7224 = B_SPLINE_CURVE_WITH_KNOTS('',2,(#7225,#7226,#7227),
  .UNSPECIFIED.,.F.,.F.,(3,3),(0.,2.610733065125E-03),
  .PIECEWISE_BEZIER_KNOTS.);
#7225 = CARTESIAN_POINT('',(0.,0.));
#7226 = CARTESIAN_POINT('',(0.,-1.305366532563E-03));
#7227 = CARTESIAN_POINT('',(0.,-2.610733065125E-03));
#7228 = ( GEOMETRIC_REPRESENTATION_CONTEXT(2) 
PARAMETRIC_REPRESENTATION_CONTEXT() REPRESENTATION_CONTEXT('2D SPACE',''
  ) );
#7229 = ORIENTED_EDGE('',*,*,#7230,.F.);
#7230 = EDGE_CURVE('',#7231,#7209,#7233,.T.);
#7231 = VERTEX_POINT('',#7232);
#7232 = CARTESIAN_POINT('',(-25.86619624011,2.133074791972,
    21.117792509309));
#7233 = SURFACE_CURVE('',#7234,(#7238,#7245),.PCURVE_S1.);
#7234 = ( BOUNDED_CURVE() B_SPLINE_CURVE(2,(#7235,#7236,#7237),
.UNSPECIFIED.,.F.,.F.) B_SPLINE_CURVE_WITH_KNOTS((3,3),(6.200905755401,
6.28318530718),.PIECEWISE_BEZIER_KNOTS.) CURVE() 
GEOMETRIC_REPRESENTATION_ITEM() RATIONAL_B_SPLINE_CURVE((1.,
0.999153878767,1.)) REPRESENTATION_ITEM('') );
#7235 = CARTESIAN_POINT('',(-25.86619624011,2.133074791972,
    21.117792509309));
#7236 = CARTESIAN_POINT('',(-25.954,1.068344529116,21.117792509309));
#7237 = CARTESIAN_POINT('',(-25.954,6.356896605014E-15,21.117792509309)
  );
#7238 = PCURVE('',#6778,#7239);
#7239 = DEFINITIONAL_REPRESENTATION('',(#7240),#7244);
#7240 = B_SPLINE_CURVE_WITH_KNOTS('',2,(#7241,#7242,#7243),
  .UNSPECIFIED.,.F.,.F.,(3,3),(6.200905755401,6.28318530718),
  .PIECEWISE_BEZIER_KNOTS.);
#7241 = CARTESIAN_POINT('',(6.193277069688,3.478123972685E-18));
#7242 = CARTESIAN_POINT('',(6.237509228688,2.445730196802E-18));
#7243 = CARTESIAN_POINT('',(6.28318530718,0.));
#7244 = ( GEOMETRIC_REPRESENTATION_CONTEXT(2) 
PARAMETRIC_REPRESENTATION_CONTEXT() REPRESENTATION_CONTEXT('2D SPACE',''
  ) );
#7245 = PCURVE('',#7246,#7251);
#7246 = B_SPLINE_SURFACE_WITH_KNOTS('',1,1,(
    (#7247,#7248)
    ,(#7249,#7250)),.UNSPECIFIED.,.F.,.F.,.F.,(2,2),(2,2),(-2.5954E-02,
    -1.139454344675E-02),(-1.262690209776E-03,2.133074791972E-03),
  .PIECEWISE_BEZIER_KNOTS.);
#7247 = CARTESIAN_POINT('',(-25.954,-1.262690209776,21.117792509309));
#7248 = CARTESIAN_POINT('',(-25.954,2.133074791972,21.117792509309));
#7249 = CARTESIAN_POINT('',(-11.39454344675,-1.262690209776,
    21.117792509309));
#7250 = CARTESIAN_POINT('',(-11.39454344675,2.133074791972,
    21.117792509309));
#7251 = DEFINITIONAL_REPRESENTATION('',(#7252),#7256);
#7252 = ( BOUNDED_CURVE() B_SPLINE_CURVE(2,(#7253,#7254,#7255),
.UNSPECIFIED.,.F.,.F.) B_SPLINE_CURVE_WITH_KNOTS((3,3),(6.200905755401,
6.28318530718),.PIECEWISE_BEZIER_KNOTS.) CURVE() 
GEOMETRIC_REPRESENTATION_ITEM() RATIONAL_B_SPLINE_CURVE((1.,
0.999153878767,1.)) REPRESENTATION_ITEM('') );
#7253 = CARTESIAN_POINT('',(-2.586619624011E-02,2.133074791972E-03));
#7254 = CARTESIAN_POINT('',(-2.5954E-02,1.068344529116E-03));
#7255 = CARTESIAN_POINT('',(-2.5954E-02,5.144312712655E-18));
#7256 = ( GEOMETRIC_REPRESENTATION_CONTEXT(2) 
PARAMETRIC_REPRESENTATION_CONTEXT() REPRESENTATION_CONTEXT('2D SPACE',''
  ) );
#7257 = ORIENTED_EDGE('',*,*,#7258,.T.);
#7258 = EDGE_CURVE('',#7231,#7259,#7261,.T.);
#7259 = VERTEX_POINT('',#7260);
#7260 = CARTESIAN_POINT('',(-21.44112571802,14.624918596142,
    21.117792509309));
#7261 = SURFACE_CURVE('',#7262,(#7266,#7274),.PCURVE_S1.);
#7262 = ( BOUNDED_CURVE() B_SPLINE_CURVE(2,(#7263,#7264,#7265),
.UNSPECIFIED.,.F.,.F.) B_SPLINE_CURVE_WITH_KNOTS((3,3),(5.737146328241,
6.253475696594),.PIECEWISE_BEZIER_KNOTS.) CURVE() 
GEOMETRIC_REPRESENTATION_ITEM() RATIONAL_B_SPLINE_CURVE((1.,
0.966860174289,1.)) REPRESENTATION_ITEM('') );
#7263 = CARTESIAN_POINT('',(-25.86619624011,2.133074791972,
    21.117792509309));
#7264 = CARTESIAN_POINT('',(-25.30294226543,8.96323278581,
    21.117792509309));
#7265 = CARTESIAN_POINT('',(-21.44112571802,14.624918596142,
    21.117792509309));
#7266 = PCURVE('',#6778,#7267);
#7267 = DEFINITIONAL_REPRESENTATION('',(#7268),#7273);
#7268 = B_SPLINE_CURVE_WITH_KNOTS('',3,(#7269,#7270,#7271,#7272),
  .UNSPECIFIED.,.F.,.F.,(4,4),(5.737146328241,6.253475696594),
  .PIECEWISE_BEZIER_KNOTS.);
#7269 = CARTESIAN_POINT('',(6.193277069688,3.478123972685E-18));
#7270 = CARTESIAN_POINT('',(6.010210669613,6.253537315759E-18));
#7271 = CARTESIAN_POINT('',(5.838177655361,6.263484862867E-18));
#7272 = CARTESIAN_POINT('',(5.675391138247,1.178273029957E-20));
#7273 = ( GEOMETRIC_REPRESENTATION_CONTEXT(2) 
PARAMETRIC_REPRESENTATION_CONTEXT() REPRESENTATION_CONTEXT('2D SPACE',''
  ) );
#7274 = PCURVE('',#7275,#7280);
#7275 = B_SPLINE_SURFACE_WITH_KNOTS('',1,1,(
    (#7276,#7277)
    ,(#7278,#7279
    )),.UNSPECIFIED.,.F.,.F.,.F.,(2,2),(2,2),(-7.112294069963E-03,
    8.581721259939E-03),(-5.537360462184E-03,8.244361792773E-03),
  .PIECEWISE_BEZIER_KNOTS.);
#7276 = CARTESIAN_POINT('',(-21.01076023316,15.217800033635,
    21.117792509309));
#7277 = CARTESIAN_POINT('',(-29.11145332581,4.068152517619,
    21.117792509309));
#7278 = CARTESIAN_POINT('',(-8.314035121291,5.993089273467,
    21.117792509309));
#7279 = CARTESIAN_POINT('',(-16.41472821394,-5.156558242549,
    21.117792509309));
#7280 = DEFINITIONAL_REPRESENTATION('',(#7281),#7285);
#7281 = ( BOUNDED_CURVE() B_SPLINE_CURVE(2,(#7282,#7283,#7284),
.UNSPECIFIED.,.F.,.F.) B_SPLINE_CURVE_WITH_KNOTS((3,3),(5.737146328241,
6.253475696594),.PIECEWISE_BEZIER_KNOTS.) CURVE() 
GEOMETRIC_REPRESENTATION_ITEM() RATIONAL_B_SPLINE_CURVE((1.,
0.966860174289,1.)) REPRESENTATION_ITEM('') );
#7282 = CARTESIAN_POINT('',(-3.349415787334E-03,7.902358303382E-03));
#7283 = CARTESIAN_POINT('',(-6.908399889283E-03,2.045572032494E-03));
#7284 = CARTESIAN_POINT('',(-7.111980095694E-03,-4.804746818504E-03));
#7285 = ( GEOMETRIC_REPRESENTATION_CONTEXT(2) 
PARAMETRIC_REPRESENTATION_CONTEXT() REPRESENTATION_CONTEXT('2D SPACE',''
  ) );
#7286 = ORIENTED_EDGE('',*,*,#7287,.F.);
#7287 = EDGE_CURVE('',#7288,#7259,#7290,.T.);
#7288 = VERTEX_POINT('',#7289);
#7289 = CARTESIAN_POINT('',(-19.67240243332,16.929462439817,
    21.117792509309));
#7290 = SURFACE_CURVE('',#7291,(#7295,#7302),.PCURVE_S1.);
#7291 = ( BOUNDED_CURVE() B_SPLINE_CURVE(2,(#7292,#7293,#7294),
.UNSPECIFIED.,.F.,.F.) B_SPLINE_CURVE_WITH_KNOTS((3,3),(5.572587224683,
5.684576387048),.PIECEWISE_BEZIER_KNOTS.) CURVE() 
GEOMETRIC_REPRESENTATION_ITEM() RATIONAL_B_SPLINE_CURVE((1.,
0.998432713008,1.)) REPRESENTATION_ITEM('') );
#7292 = CARTESIAN_POINT('',(-19.67240243332,16.929462439817,
    21.117792509309));
#7293 = CARTESIAN_POINT('',(-20.62135257691,15.826761797072,
    21.117792509309));
#7294 = CARTESIAN_POINT('',(-21.44112571802,14.624918596142,
    21.117792509309));
#7295 = PCURVE('',#6778,#7296);
#7296 = DEFINITIONAL_REPRESENTATION('',(#7297),#7301);
#7297 = B_SPLINE_CURVE_WITH_KNOTS('',2,(#7298,#7299,#7300),
  .UNSPECIFIED.,.F.,.F.,(3,3),(5.572587224683,5.684576387048),
  .PIECEWISE_BEZIER_KNOTS.);
#7298 = CARTESIAN_POINT('',(5.568735150165,3.470068826714E-18));
#7299 = CARTESIAN_POINT('',(5.621867532518,8.160430158021E-18));
#7300 = CARTESIAN_POINT('',(5.675391138247,3.481229682253E-18));
#7301 = ( GEOMETRIC_REPRESENTATION_CONTEXT(2) 
PARAMETRIC_REPRESENTATION_CONTEXT() REPRESENTATION_CONTEXT('2D SPACE',''
  ) );
#7302 = PCURVE('',#7303,#7308);
#7303 = B_SPLINE_SURFACE_WITH_KNOTS('',1,1,(
    (#7304,#7305)
    ,(#7306,#7307
    )),.UNSPECIFIED.,.F.,.F.,.F.,(2,2),(2,2),(-2.144112571803E-02,
    -8.122747638034E-03),(5.724324990554E-03,1.692946243982E-02),
  .PIECEWISE_BEZIER_KNOTS.);
#7304 = CARTESIAN_POINT('',(-21.44112571802,5.724324990554,
    21.117792509309));
#7305 = CARTESIAN_POINT('',(-21.44112571802,16.929462439817,
    21.117792509309));
#7306 = CARTESIAN_POINT('',(-8.122747638034,5.724324990554,
    21.117792509309));
#7307 = CARTESIAN_POINT('',(-8.122747638034,16.929462439817,
    21.117792509309));
#7308 = DEFINITIONAL_REPRESENTATION('',(#7309),#7313);
#7309 = ( BOUNDED_CURVE() B_SPLINE_CURVE(2,(#7310,#7311,#7312),
.UNSPECIFIED.,.F.,.F.) B_SPLINE_CURVE_WITH_KNOTS((3,3),(5.572587224683,
5.684576387048),.PIECEWISE_BEZIER_KNOTS.) CURVE() 
GEOMETRIC_REPRESENTATION_ITEM() RATIONAL_B_SPLINE_CURVE((1.,
0.998432713008,1.)) REPRESENTATION_ITEM('') );
#7310 = CARTESIAN_POINT('',(-1.967240243333E-02,1.692946243982E-02));
#7311 = CARTESIAN_POINT('',(-2.062135257691E-02,1.582676179707E-02));
#7312 = CARTESIAN_POINT('',(-2.144112571803E-02,1.462491859614E-02));
#7313 = ( GEOMETRIC_REPRESENTATION_CONTEXT(2) 
PARAMETRIC_REPRESENTATION_CONTEXT() REPRESENTATION_CONTEXT('2D SPACE',''
  ) );
#7314 = ORIENTED_EDGE('',*,*,#7315,.T.);
#7315 = EDGE_CURVE('',#7288,#7316,#7318,.T.);
#7316 = VERTEX_POINT('',#7317);
#7317 = CARTESIAN_POINT('',(-8.749923617623,24.434585175234,
    21.117792509309));
#7318 = SURFACE_CURVE('',#7319,(#7323,#7331),.PCURVE_S1.);
#7319 = ( BOUNDED_CURVE() B_SPLINE_CURVE(2,(#7320,#7321,#7322),
.UNSPECIFIED.,.F.,.F.) B_SPLINE_CURVE_WITH_KNOTS((3,3),(5.737146328241,
6.253475696594),.PIECEWISE_BEZIER_KNOTS.) CURVE() 
GEOMETRIC_REPRESENTATION_ITEM() RATIONAL_B_SPLINE_CURVE((1.,
0.966860174289,1.)) REPRESENTATION_ITEM('') );
#7320 = CARTESIAN_POINT('',(-19.67240243332,16.929462439817,
    21.117792509309));
#7321 = CARTESIAN_POINT('',(-15.20205425606,22.124103951492,
    21.117792509309));
#7322 = CARTESIAN_POINT('',(-8.749923617623,24.434585175234,
    21.117792509309));
#7323 = PCURVE('',#6778,#7324);
#7324 = DEFINITIONAL_REPRESENTATION('',(#7325),#7330);
#7325 = B_SPLINE_CURVE_WITH_KNOTS('',3,(#7326,#7327,#7328,#7329),
  .UNSPECIFIED.,.F.,.F.,(4,4),(5.737146328241,6.253475696594),
  .PIECEWISE_BEZIER_KNOTS.);
#7326 = CARTESIAN_POINT('',(5.568735150165,3.470068826714E-18));
#7327 = CARTESIAN_POINT('',(5.407144956514,4.987063200841E-18));
#7328 = CARTESIAN_POINT('',(5.241746032166,1.944829440474E-18));
#7329 = CARTESIAN_POINT('',(5.072255515671,3.489192367205E-18));
#7330 = ( GEOMETRIC_REPRESENTATION_CONTEXT(2) 
PARAMETRIC_REPRESENTATION_CONTEXT() REPRESENTATION_CONTEXT('2D SPACE',''
  ) );
#7331 = PCURVE('',#7332,#7337);
#7332 = B_SPLINE_SURFACE_WITH_KNOTS('',1,1,(
    (#7333,#7334)
    ,(#7335,#7336
    )),.UNSPECIFIED.,.F.,.F.,.F.,(2,2),(2,2),(-7.112294069963E-03,
    8.581721259939E-03),(-5.537360462184E-03,8.244361792773E-03),
  .PIECEWISE_BEZIER_KNOTS.);
#7333 = CARTESIAN_POINT('',(-8.053263661259,24.661273848716,
    21.117792509309));
#7334 = CARTESIAN_POINT('',(-21.1604604176,20.402487460179,
    21.117792509309));
#7335 = CARTESIAN_POINT('',(-3.203546214338,9.735378302377,
    21.117792509309));
#7336 = CARTESIAN_POINT('',(-16.31074297068,5.47659191384,
    21.117792509309));
#7337 = DEFINITIONAL_REPRESENTATION('',(#7338),#7342);
#7338 = ( BOUNDED_CURVE() B_SPLINE_CURVE(2,(#7339,#7340,#7341),
.UNSPECIFIED.,.F.,.F.) B_SPLINE_CURVE_WITH_KNOTS((3,3),(5.737146328241,
6.253475696594),.PIECEWISE_BEZIER_KNOTS.) CURVE() 
GEOMETRIC_REPRESENTATION_ITEM() RATIONAL_B_SPLINE_CURVE((1.,
0.966860174289,1.)) REPRESENTATION_ITEM('') );
#7339 = CARTESIAN_POINT('',(-3.349415787334E-03,7.902358303382E-03));
#7340 = CARTESIAN_POINT('',(-6.908399889283E-03,2.045572032494E-03));
#7341 = CARTESIAN_POINT('',(-7.111980095694E-03,-4.804746818504E-03));
#7342 = ( GEOMETRIC_REPRESENTATION_CONTEXT(2) 
PARAMETRIC_REPRESENTATION_CONTEXT() REPRESENTATION_CONTEXT('2D SPACE',''
  ) );
#7343 = ORIENTED_EDGE('',*,*,#7344,.F.);
#7344 = EDGE_CURVE('',#7345,#7316,#7347,.T.);
#7345 = VERTEX_POINT('',#7346);
#7346 = CARTESIAN_POINT('',(-5.964419537382,25.259370846917,
    21.117792509309));
#7347 = SURFACE_CURVE('',#7348,(#7352,#7359),.PCURVE_S1.);
#7348 = ( BOUNDED_CURVE() B_SPLINE_CURVE(2,(#7349,#7350,#7351),
.UNSPECIFIED.,.F.,.F.) B_SPLINE_CURVE_WITH_KNOTS((3,3),(4.944268693965,
5.05625785633),.PIECEWISE_BEZIER_KNOTS.) CURVE() 
GEOMETRIC_REPRESENTATION_ITEM() RATIONAL_B_SPLINE_CURVE((1.,
0.998432713008,1.)) REPRESENTATION_ITEM('') );
#7349 = CARTESIAN_POINT('',(-5.964419537382,25.259370846917,
    21.117792509309));
#7350 = CARTESIAN_POINT('',(-7.380287505854,24.925046186787,
    21.117792509309));
#7351 = CARTESIAN_POINT('',(-8.749923617623,24.434585175234,
    21.117792509309));
#7352 = PCURVE('',#6778,#7353);
#7353 = DEFINITIONAL_REPRESENTATION('',(#7354),#7358);
#7354 = B_SPLINE_CURVE_WITH_KNOTS('',2,(#7355,#7356,#7357),
  .UNSPECIFIED.,.F.,.F.,(3,3),(4.944268693965,5.05625785633),
  .PIECEWISE_BEZIER_KNOTS.);
#7355 = CARTESIAN_POINT('',(4.959196782487,3.487359521357E-18));
#7356 = CARTESIAN_POINT('',(5.016530437551,7.028180369051E-18));
#7357 = CARTESIAN_POINT('',(5.072255515671,3.48908029864E-18));
#7358 = ( GEOMETRIC_REPRESENTATION_CONTEXT(2) 
PARAMETRIC_REPRESENTATION_CONTEXT() REPRESENTATION_CONTEXT('2D SPACE',''
  ) );
#7359 = PCURVE('',#7360,#7365);
#7360 = B_SPLINE_SURFACE_WITH_KNOTS('',1,1,(
    (#7361,#7362)
    ,(#7363,#7364
    )),.UNSPECIFIED.,.F.,.F.,.F.,(2,2),(2,2),(-8.749923617623E-03,
    -1.748338313626E-03),(1.052484260714E-02,2.525937084692E-02),
  .PIECEWISE_BEZIER_KNOTS.);
#7361 = CARTESIAN_POINT('',(-8.749923617623,10.524842607143,
    21.117792509309));
#7362 = CARTESIAN_POINT('',(-8.749923617623,25.259370846917,
    21.117792509309));
#7363 = CARTESIAN_POINT('',(-1.748338313626,10.524842607143,
    21.117792509309));
#7364 = CARTESIAN_POINT('',(-1.748338313626,25.259370846917,
    21.117792509309));
#7365 = DEFINITIONAL_REPRESENTATION('',(#7366),#7370);
#7366 = ( BOUNDED_CURVE() B_SPLINE_CURVE(2,(#7367,#7368,#7369),
.UNSPECIFIED.,.F.,.F.) B_SPLINE_CURVE_WITH_KNOTS((3,3),(4.944268693965,
5.05625785633),.PIECEWISE_BEZIER_KNOTS.) CURVE() 
GEOMETRIC_REPRESENTATION_ITEM() RATIONAL_B_SPLINE_CURVE((1.,
0.998432713008,1.)) REPRESENTATION_ITEM('') );
#7367 = CARTESIAN_POINT('',(-5.964419537382E-03,2.525937084692E-02));
#7368 = CARTESIAN_POINT('',(-7.380287505854E-03,2.492504618679E-02));
#7369 = CARTESIAN_POINT('',(-8.749923617623E-03,2.443458517523E-02));
#7370 = ( GEOMETRIC_REPRESENTATION_CONTEXT(2) 
PARAMETRIC_REPRESENTATION_CONTEXT() REPRESENTATION_CONTEXT('2D SPACE',''
  ) );
#7371 = ORIENTED_EDGE('',*,*,#7372,.T.);
#7372 = EDGE_CURVE('',#7345,#6764,#7373,.T.);
#7373 = SURFACE_CURVE('',#7374,(#7378,#7386),.PCURVE_S1.);
#7374 = ( BOUNDED_CURVE() B_SPLINE_CURVE(2,(#7375,#7376,#7377),
.UNSPECIFIED.,.F.,.F.) B_SPLINE_CURVE_WITH_KNOTS((3,3),(5.737146328241,
5.969026041821),.PIECEWISE_BEZIER_KNOTS.) CURVE() 
GEOMETRIC_REPRESENTATION_ITEM() RATIONAL_B_SPLINE_CURVE((1.,
0.993286500128,1.)) REPRESENTATION_ITEM('') );
#7375 = CARTESIAN_POINT('',(-5.964419537382,25.259370846917,
    21.117792509309));
#7376 = CARTESIAN_POINT('',(-3.022658772763,25.954,21.117792509309));
#7377 = CARTESIAN_POINT('',(-2.949029909161E-14,25.954,21.117792509309)
  );
#7378 = PCURVE('',#6778,#7379);
#7379 = DEFINITIONAL_REPRESENTATION('',(#7380),#7385);
#7380 = B_SPLINE_CURVE_WITH_KNOTS('',3,(#7381,#7382,#7383,#7384),
  .UNSPECIFIED.,.F.,.F.,(4,4),(5.737146328241,5.969026041821),
  .PIECEWISE_BEZIER_KNOTS.);
#7381 = CARTESIAN_POINT('',(4.959196782487,3.487359521357E-18));
#7382 = CARTESIAN_POINT('',(4.880182018191,-2.491005240268E-18));
#7383 = CARTESIAN_POINT('',(4.798046858735,7.711114829048E-18));
#7384 = CARTESIAN_POINT('',(4.712388980385,0.));
#7385 = ( GEOMETRIC_REPRESENTATION_CONTEXT(2) 
PARAMETRIC_REPRESENTATION_CONTEXT() REPRESENTATION_CONTEXT('2D SPACE',''
  ) );
#7386 = PCURVE('',#6809,#7387);
#7387 = DEFINITIONAL_REPRESENTATION('',(#7388),#7392);
#7388 = ( BOUNDED_CURVE() B_SPLINE_CURVE(2,(#7389,#7390,#7391),
.UNSPECIFIED.,.F.,.F.) B_SPLINE_CURVE_WITH_KNOTS((3,3),(5.737146328241,
5.969026041821),.PIECEWISE_BEZIER_KNOTS.) CURVE() 
GEOMETRIC_REPRESENTATION_ITEM() RATIONAL_B_SPLINE_CURVE((1.,
0.993286500128,1.)) REPRESENTATION_ITEM('') );
#7389 = CARTESIAN_POINT('',(-3.349415787334E-03,7.902358303382E-03));
#7390 = CARTESIAN_POINT('',(-4.919101439435E-03,5.319229771901E-03));
#7391 = CARTESIAN_POINT('',(-5.853154368415E-03,2.444510449528E-03));
#7392 = ( GEOMETRIC_REPRESENTATION_CONTEXT(2) 
PARAMETRIC_REPRESENTATION_CONTEXT() REPRESENTATION_CONTEXT('2D SPACE',''
  ) );
#7393 = ADVANCED_FACE('',(#7394),#6981,.F.);
#7394 = FACE_BOUND('',#7395,.F.);
#7395 = EDGE_LOOP('',(#7396,#7397,#7418,#7419,#7443,#7471,#7500,#7528,
    #7557));
#7396 = ORIENTED_EDGE('',*,*,#7208,.T.);
#7397 = ORIENTED_EDGE('',*,*,#7398,.T.);
#7398 = EDGE_CURVE('',#7186,#6967,#7399,.T.);
#7399 = SURFACE_CURVE('',#7400,(#7404,#7411),.PCURVE_S1.);
#7400 = ( BOUNDED_CURVE() B_SPLINE_CURVE(2,(#7401,#7402,#7403),
.UNSPECIFIED.,.F.,.F.) B_SPLINE_CURVE_WITH_KNOTS((3,3),(0.,
1.570796326795),.PIECEWISE_BEZIER_KNOTS.) CURVE() 
GEOMETRIC_REPRESENTATION_ITEM() RATIONAL_B_SPLINE_CURVE((1.,
0.707106781187,1.)) REPRESENTATION_ITEM('') );
#7401 = CARTESIAN_POINT('',(-25.954,0.,23.728525574434));
#7402 = CARTESIAN_POINT('',(-25.954,-25.954,23.728525574434));
#7403 = CARTESIAN_POINT('',(-1.589224151254E-15,-25.954,23.728525574434)
  );
#7404 = PCURVE('',#6981,#7405);
#7405 = DEFINITIONAL_REPRESENTATION('',(#7406),#7410);
#7406 = B_SPLINE_CURVE_WITH_KNOTS('',2,(#7407,#7408,#7409),
  .UNSPECIFIED.,.F.,.F.,(3,3),(0.,1.570796326795),
  .PIECEWISE_BEZIER_KNOTS.);
#7407 = CARTESIAN_POINT('',(0.,-2.610733065125E-03));
#7408 = CARTESIAN_POINT('',(0.785398163397,-2.610733065125E-03));
#7409 = CARTESIAN_POINT('',(1.570796326795,-2.610733065125E-03));
#7410 = ( GEOMETRIC_REPRESENTATION_CONTEXT(2) 
PARAMETRIC_REPRESENTATION_CONTEXT() REPRESENTATION_CONTEXT('2D SPACE',''
  ) );
#7411 = PCURVE('',#6751,#7412);
#7412 = DEFINITIONAL_REPRESENTATION('',(#7413),#7417);
#7413 = ( BOUNDED_CURVE() B_SPLINE_CURVE(2,(#7414,#7415,#7416),
.UNSPECIFIED.,.F.,.F.) B_SPLINE_CURVE_WITH_KNOTS((3,3),(0.,
1.570796326795),.PIECEWISE_BEZIER_KNOTS.) CURVE() 
GEOMETRIC_REPRESENTATION_ITEM() RATIONAL_B_SPLINE_CURVE((1.,
0.707106781187,1.)) REPRESENTATION_ITEM('') );
#7414 = CARTESIAN_POINT('',(-2.5954E-02,-1.212583892359E-18));
#7415 = CARTESIAN_POINT('',(-2.5954E-02,-2.5954E-02));
#7416 = CARTESIAN_POINT('',(-1.589224151254E-18,-2.5954E-02));
#7417 = ( GEOMETRIC_REPRESENTATION_CONTEXT(2) 
PARAMETRIC_REPRESENTATION_CONTEXT() REPRESENTATION_CONTEXT('2D SPACE',''
  ) );
#7418 = ORIENTED_EDGE('',*,*,#6964,.F.);
#7419 = ORIENTED_EDGE('',*,*,#7420,.T.);
#7420 = EDGE_CURVE('',#6965,#7421,#7423,.T.);
#7421 = VERTEX_POINT('',#7422);
#7422 = CARTESIAN_POINT('',(-7.283451905747,-24.91107071839,
    21.117792509309));
#7423 = SURFACE_CURVE('',#7424,(#7428,#7436),.PCURVE_S1.);
#7424 = ( BOUNDED_CURVE() B_SPLINE_CURVE(2,(#7425,#7426,#7427),
.UNSPECIFIED.,.F.,.F.) B_SPLINE_CURVE_WITH_KNOTS((3,3),(5.969026041821,
6.253475696594),.PIECEWISE_BEZIER_KNOTS.) CURVE() 
GEOMETRIC_REPRESENTATION_ITEM() RATIONAL_B_SPLINE_CURVE((1.,
0.989903086413,1.)) REPRESENTATION_ITEM('') );
#7425 = CARTESIAN_POINT('',(2.949029909161E-14,-25.954,21.117792509309)
  );
#7426 = CARTESIAN_POINT('',(-3.716395319852,-25.954,21.117792509309));
#7427 = CARTESIAN_POINT('',(-7.283451905747,-24.91107071839,
    21.117792509309));
#7428 = PCURVE('',#6981,#7429);
#7429 = DEFINITIONAL_REPRESENTATION('',(#7430),#7435);
#7430 = B_SPLINE_CURVE_WITH_KNOTS('',3,(#7431,#7432,#7433,#7434),
  .UNSPECIFIED.,.F.,.F.,(4,4),(5.969026041821,6.253475696594),
  .PIECEWISE_BEZIER_KNOTS.);
#7431 = CARTESIAN_POINT('',(1.570796326795,0.));
#7432 = CARTESIAN_POINT('',(1.46583852105,1.497967695894E-17));
#7433 = CARTESIAN_POINT('',(1.36597021002,1.727788880364E-18));
#7434 = CARTESIAN_POINT('',(1.270514794468,3.488593848763E-18));
#7435 = ( GEOMETRIC_REPRESENTATION_CONTEXT(2) 
PARAMETRIC_REPRESENTATION_CONTEXT() REPRESENTATION_CONTEXT('2D SPACE',''
  ) );
#7436 = PCURVE('',#7169,#7437);
#7437 = DEFINITIONAL_REPRESENTATION('',(#7438),#7442);
#7438 = ( BOUNDED_CURVE() B_SPLINE_CURVE(2,(#7439,#7440,#7441),
.UNSPECIFIED.,.F.,.F.) B_SPLINE_CURVE_WITH_KNOTS((3,3),(5.969026041821,
6.253475696594),.PIECEWISE_BEZIER_KNOTS.) CURVE() 
GEOMETRIC_REPRESENTATION_ITEM() RATIONAL_B_SPLINE_CURVE((1.,
0.989903086413,1.)) REPRESENTATION_ITEM('') );
#7439 = CARTESIAN_POINT('',(-5.853154368415E-03,2.444510449528E-03));
#7440 = CARTESIAN_POINT('',(-7.001583680065E-03,-1.089991536546E-03));
#7441 = CARTESIAN_POINT('',(-7.111980095694E-03,-4.804746818504E-03));
#7442 = ( GEOMETRIC_REPRESENTATION_CONTEXT(2) 
PARAMETRIC_REPRESENTATION_CONTEXT() REPRESENTATION_CONTEXT('2D SPACE',''
  ) );
#7443 = ORIENTED_EDGE('',*,*,#7444,.F.);
#7444 = EDGE_CURVE('',#7445,#7421,#7447,.T.);
#7445 = VERTEX_POINT('',#7446);
#7446 = CARTESIAN_POINT('',(-10.02176889868,-23.94105812493,
    21.117792509309));
#7447 = SURFACE_CURVE('',#7448,(#7452,#7459),.PCURVE_S1.);
#7448 = ( BOUNDED_CURVE() B_SPLINE_CURVE(2,(#7449,#7450,#7451),
.UNSPECIFIED.,.F.,.F.) B_SPLINE_CURVE_WITH_KNOTS((3,3),(1.174357509657,
1.286346672022),.PIECEWISE_BEZIER_KNOTS.) CURVE() 
GEOMETRIC_REPRESENTATION_ITEM() RATIONAL_B_SPLINE_CURVE((1.,
0.998432713008,1.)) REPRESENTATION_ITEM('') );
#7449 = CARTESIAN_POINT('',(-10.02176889868,-23.94105812493,
    21.117792509309));
#7450 = CARTESIAN_POINT('',(-8.679796545693,-24.50281010431,
    21.117792509309));
#7451 = CARTESIAN_POINT('',(-7.283451905747,-24.91107071839,
    21.117792509309));
#7452 = PCURVE('',#6981,#7453);
#7453 = DEFINITIONAL_REPRESENTATION('',(#7454),#7458);
#7454 = B_SPLINE_CURVE_WITH_KNOTS('',2,(#7455,#7456,#7457),
  .UNSPECIFIED.,.F.,.F.,(3,3),(1.174357509657,1.286346672022),
  .PIECEWISE_BEZIER_KNOTS.);
#7455 = CARTESIAN_POINT('',(1.158875255405,-9.705796965574E-21));
#7456 = CARTESIAN_POINT('',(1.213987755073,8.231346216568E-18));
#7457 = CARTESIAN_POINT('',(1.270514794468,3.469326093315E-18));
#7458 = ( GEOMETRIC_REPRESENTATION_CONTEXT(2) 
PARAMETRIC_REPRESENTATION_CONTEXT() REPRESENTATION_CONTEXT('2D SPACE',''
  ) );
#7459 = PCURVE('',#7460,#7465);
#7460 = B_SPLINE_SURFACE_WITH_KNOTS('',1,1,(
    (#7461,#7462)
    ,(#7463,#7464
    )),.UNSPECIFIED.,.F.,.F.,.F.,(2,2),(2,2),(-1.002176889868E-02,
    -2.345620215168E-03),(-2.491107071839E-02,-1.026084714756E-02),
  .PIECEWISE_BEZIER_KNOTS.);
#7461 = CARTESIAN_POINT('',(-10.02176889868,-24.91107071839,
    21.117792509309));
#7462 = CARTESIAN_POINT('',(-10.02176889868,-10.26084714755,
    21.117792509309));
#7463 = CARTESIAN_POINT('',(-2.345620215168,-24.91107071839,
    21.117792509309));
#7464 = CARTESIAN_POINT('',(-2.345620215168,-10.26084714755,
    21.117792509309));
#7465 = DEFINITIONAL_REPRESENTATION('',(#7466),#7470);
#7466 = ( BOUNDED_CURVE() B_SPLINE_CURVE(2,(#7467,#7468,#7469),
.UNSPECIFIED.,.F.,.F.) B_SPLINE_CURVE_WITH_KNOTS((3,3),(1.174357509657,
1.286346672022),.PIECEWISE_BEZIER_KNOTS.) CURVE() 
GEOMETRIC_REPRESENTATION_ITEM() RATIONAL_B_SPLINE_CURVE((1.,
0.998432713008,1.)) REPRESENTATION_ITEM('') );
#7467 = CARTESIAN_POINT('',(-1.002176889868E-02,-2.394105812493E-02));
#7468 = CARTESIAN_POINT('',(-8.679796545693E-03,-2.450281010431E-02));
#7469 = CARTESIAN_POINT('',(-7.283451905747E-03,-2.491107071839E-02));
#7470 = ( GEOMETRIC_REPRESENTATION_CONTEXT(2) 
PARAMETRIC_REPRESENTATION_CONTEXT() REPRESENTATION_CONTEXT('2D SPACE',''
  ) );
#7471 = ORIENTED_EDGE('',*,*,#7472,.T.);
#7472 = EDGE_CURVE('',#7445,#7473,#7475,.T.);
#7473 = VERTEX_POINT('',#7474);
#7474 = CARTESIAN_POINT('',(-20.53479635654,-15.87237394327,
    21.117792509309));
#7475 = SURFACE_CURVE('',#7476,(#7480,#7488),.PCURVE_S1.);
#7476 = ( BOUNDED_CURVE() B_SPLINE_CURVE(2,(#7477,#7478,#7479),
.UNSPECIFIED.,.F.,.F.) B_SPLINE_CURVE_WITH_KNOTS((3,3),(5.737146328241,
6.253475696594),.PIECEWISE_BEZIER_KNOTS.) CURVE() 
GEOMETRIC_REPRESENTATION_ITEM() RATIONAL_B_SPLINE_CURVE((1.,
0.966860174289,1.)) REPRESENTATION_ITEM('') );
#7477 = CARTESIAN_POINT('',(-10.02176889868,-23.94105812493,
    21.117792509309));
#7478 = CARTESIAN_POINT('',(-16.34358011572,-21.29473686763,
    21.117792509309));
#7479 = CARTESIAN_POINT('',(-20.53479635654,-15.87237394327,
    21.117792509309));
#7480 = PCURVE('',#6981,#7481);
#7481 = DEFINITIONAL_REPRESENTATION('',(#7482),#7487);
#7482 = B_SPLINE_CURVE_WITH_KNOTS('',3,(#7483,#7484,#7485,#7486),
  .UNSPECIFIED.,.F.,.F.,(4,4),(5.737146328241,6.253475696594),
  .PIECEWISE_BEZIER_KNOTS.);
#7483 = CARTESIAN_POINT('',(1.158875255405,3.459788469786E-18));
#7484 = CARTESIAN_POINT('',(0.991251188711,5.343941444555E-18));
#7485 = CARTESIAN_POINT('',(0.82650050724,1.084279721415E-17));
#7486 = CARTESIAN_POINT('',(0.664480294101,3.469446951953E-18));
#7487 = ( GEOMETRIC_REPRESENTATION_CONTEXT(2) 
PARAMETRIC_REPRESENTATION_CONTEXT() REPRESENTATION_CONTEXT('2D SPACE',''
  ) );
#7488 = PCURVE('',#7489,#7494);
#7489 = B_SPLINE_SURFACE_WITH_KNOTS('',1,1,(
    (#7490,#7491)
    ,(#7492,#7493
    )),.UNSPECIFIED.,.F.,.F.,.F.,(2,2),(2,2),(-7.112294069963E-03,
    8.581721259939E-03),(-5.537360462184E-03,8.244361792773E-03),
  .PIECEWISE_BEZIER_KNOTS.);
#7490 = CARTESIAN_POINT('',(-20.96566986245,-15.27986160467,
    21.117792509309));
#7491 = CARTESIAN_POINT('',(-12.86497676979,-26.42950912068,
    21.117792509309));
#7492 = CARTESIAN_POINT('',(-8.268944750578,-6.055150844503,
    21.117792509309));
#7493 = CARTESIAN_POINT('',(-0.168251657923,-17.20479836051,
    21.117792509309));
#7494 = DEFINITIONAL_REPRESENTATION('',(#7495),#7499);
#7495 = ( BOUNDED_CURVE() B_SPLINE_CURVE(2,(#7496,#7497,#7498),
.UNSPECIFIED.,.F.,.F.) B_SPLINE_CURVE_WITH_KNOTS((3,3),(5.737146328241,
6.253475696594),.PIECEWISE_BEZIER_KNOTS.) CURVE() 
GEOMETRIC_REPRESENTATION_ITEM() RATIONAL_B_SPLINE_CURVE((1.,
0.966860174289,1.)) REPRESENTATION_ITEM('') );
#7496 = CARTESIAN_POINT('',(-3.349415787334E-03,7.902358303382E-03));
#7497 = CARTESIAN_POINT('',(-6.908399889283E-03,2.045572032494E-03));
#7498 = CARTESIAN_POINT('',(-7.111980095694E-03,-4.804746818504E-03));
#7499 = ( GEOMETRIC_REPRESENTATION_CONTEXT(2) 
PARAMETRIC_REPRESENTATION_CONTEXT() REPRESENTATION_CONTEXT('2D SPACE',''
  ) );
#7500 = ORIENTED_EDGE('',*,*,#7501,.F.);
#7501 = EDGE_CURVE('',#7502,#7473,#7504,.T.);
#7502 = VERTEX_POINT('',#7503);
#7503 = CARTESIAN_POINT('',(-22.17998224284,-13.47807492586,
    21.117792509309));
#7504 = SURFACE_CURVE('',#7505,(#7509,#7516),.PCURVE_S1.);
#7505 = ( BOUNDED_CURVE() B_SPLINE_CURVE(2,(#7506,#7507,#7508),
.UNSPECIFIED.,.F.,.F.) B_SPLINE_CURVE_WITH_KNOTS((3,3),(0.546038978939,
0.658028141304),.PIECEWISE_BEZIER_KNOTS.) CURVE() 
GEOMETRIC_REPRESENTATION_ITEM() RATIONAL_B_SPLINE_CURVE((1.,
0.998432713008,1.)) REPRESENTATION_ITEM('') );
#7506 = CARTESIAN_POINT('',(-22.17998224284,-13.47807492586,
    21.117792509309));
#7507 = CARTESIAN_POINT('',(-21.42449333221,-14.72133338187,
    21.117792509309));
#7508 = CARTESIAN_POINT('',(-20.53479635654,-15.87237394327,
    21.117792509309));
#7509 = PCURVE('',#6981,#7510);
#7510 = DEFINITIONAL_REPRESENTATION('',(#7511),#7515);
#7511 = B_SPLINE_CURVE_WITH_KNOTS('',2,(#7512,#7513,#7514),
  .UNSPECIFIED.,.F.,.F.,(3,3),(0.546038978939,0.658028141304),
  .PIECEWISE_BEZIER_KNOTS.);
#7512 = CARTESIAN_POINT('',(0.557381743974,3.473058313848E-18));
#7513 = CARTESIAN_POINT('',(0.611206770858,5.925869099589E-18));
#7514 = CARTESIAN_POINT('',(0.664480294101,3.471526029187E-18));
#7515 = ( GEOMETRIC_REPRESENTATION_CONTEXT(2) 
PARAMETRIC_REPRESENTATION_CONTEXT() REPRESENTATION_CONTEXT('2D SPACE',''
  ) );
#7516 = PCURVE('',#7517,#7522);
#7517 = B_SPLINE_SURFACE_WITH_KNOTS('',1,1,(
    (#7518,#7519)
    ,(#7520,#7521
    )),.UNSPECIFIED.,.F.,.F.,.F.,(2,2),(2,2),(-2.217998224284E-02,
    -8.542692952148E-03),(-1.587237394327E-02,-5.18953699519E-03),
  .PIECEWISE_BEZIER_KNOTS.);
#7518 = CARTESIAN_POINT('',(-22.17998224284,-15.87237394327,
    21.117792509309));
#7519 = CARTESIAN_POINT('',(-22.17998224284,-5.18953699519,
    21.117792509309));
#7520 = CARTESIAN_POINT('',(-8.542692952148,-15.87237394327,
    21.117792509309));
#7521 = CARTESIAN_POINT('',(-8.542692952148,-5.18953699519,
    21.117792509309));
#7522 = DEFINITIONAL_REPRESENTATION('',(#7523),#7527);
#7523 = ( BOUNDED_CURVE() B_SPLINE_CURVE(2,(#7524,#7525,#7526),
.UNSPECIFIED.,.F.,.F.) B_SPLINE_CURVE_WITH_KNOTS((3,3),(0.546038978939,
0.658028141304),.PIECEWISE_BEZIER_KNOTS.) CURVE() 
GEOMETRIC_REPRESENTATION_ITEM() RATIONAL_B_SPLINE_CURVE((1.,
0.998432713008,1.)) REPRESENTATION_ITEM('') );
#7524 = CARTESIAN_POINT('',(-2.217998224284E-02,-1.347807492586E-02));
#7525 = CARTESIAN_POINT('',(-2.142449333222E-02,-1.472133338187E-02));
#7526 = CARTESIAN_POINT('',(-2.053479635655E-02,-1.587237394327E-02));
#7527 = ( GEOMETRIC_REPRESENTATION_CONTEXT(2) 
PARAMETRIC_REPRESENTATION_CONTEXT() REPRESENTATION_CONTEXT('2D SPACE',''
  ) );
#7528 = ORIENTED_EDGE('',*,*,#7529,.T.);
#7529 = EDGE_CURVE('',#7502,#7530,#7532,.T.);
#7530 = VERTEX_POINT('',#7531);
#7531 = CARTESIAN_POINT('',(-25.9425465512,-0.770969803976,
    21.117792509309));
#7532 = SURFACE_CURVE('',#7533,(#7537,#7545),.PCURVE_S1.);
#7533 = ( BOUNDED_CURVE() B_SPLINE_CURVE(2,(#7534,#7535,#7536),
.UNSPECIFIED.,.F.,.F.) B_SPLINE_CURVE_WITH_KNOTS((3,3),(5.737146328241,
6.253475696594),.PIECEWISE_BEZIER_KNOTS.) CURVE() 
GEOMETRIC_REPRESENTATION_ITEM() RATIONAL_B_SPLINE_CURVE((1.,
0.966860174289,1.)) REPRESENTATION_ITEM('') );
#7534 = CARTESIAN_POINT('',(-22.17998224284,-13.47807492586,
    21.117792509309));
#7535 = CARTESIAN_POINT('',(-25.73896634479,-7.621288654974,
    21.117792509309));
#7536 = CARTESIAN_POINT('',(-25.9425465512,-0.770969803976,
    21.117792509309));
#7537 = PCURVE('',#6981,#7538);
#7538 = DEFINITIONAL_REPRESENTATION('',(#7539),#7544);
#7539 = B_SPLINE_CURVE_WITH_KNOTS('',3,(#7540,#7541,#7542,#7543),
  .UNSPECIFIED.,.F.,.F.,(4,4),(5.737146328241,6.253475696594),
  .PIECEWISE_BEZIER_KNOTS.);
#7540 = CARTESIAN_POINT('',(0.557381743974,3.469430534088E-18));
#7541 = CARTESIAN_POINT('',(0.393674458555,4.703670382358E-18));
#7542 = CARTESIAN_POINT('',(0.219574578971,4.084686357453E-18));
#7543 = CARTESIAN_POINT('',(3.279967468513E-02,3.469452776074E-18));
#7544 = ( GEOMETRIC_REPRESENTATION_CONTEXT(2) 
PARAMETRIC_REPRESENTATION_CONTEXT() REPRESENTATION_CONTEXT('2D SPACE',''
  ) );
#7545 = PCURVE('',#7546,#7551);
#7546 = B_SPLINE_SURFACE_WITH_KNOTS('',1,1,(
    (#7547,#7548)
    ,(#7549,#7550
    )),.UNSPECIFIED.,.F.,.F.,.F.,(2,2),(2,2),(-7.112294069963E-03,
    8.581721259939E-03),(-5.537360462184E-03,8.244361792773E-03),
  .PIECEWISE_BEZIER_KNOTS.);
#7547 = CARTESIAN_POINT('',(-25.94286052547,-3.835616029553E-02,
    21.117792509309));
#7548 = CARTESIAN_POINT('',(-25.94286052547,-13.82007841525,
    21.117792509309));
#7549 = CARTESIAN_POINT('',(-10.24884519557,-3.835616029553E-02,
    21.117792509309));
#7550 = CARTESIAN_POINT('',(-10.24884519557,-13.82007841525,
    21.117792509309));
#7551 = DEFINITIONAL_REPRESENTATION('',(#7552),#7556);
#7552 = ( BOUNDED_CURVE() B_SPLINE_CURVE(2,(#7553,#7554,#7555),
.UNSPECIFIED.,.F.,.F.) B_SPLINE_CURVE_WITH_KNOTS((3,3),(5.737146328241,
6.253475696594),.PIECEWISE_BEZIER_KNOTS.) CURVE() 
GEOMETRIC_REPRESENTATION_ITEM() RATIONAL_B_SPLINE_CURVE((1.,
0.966860174289,1.)) REPRESENTATION_ITEM('') );
#7553 = CARTESIAN_POINT('',(-3.349415787334E-03,7.902358303382E-03));
#7554 = CARTESIAN_POINT('',(-6.908399889283E-03,2.045572032494E-03));
#7555 = CARTESIAN_POINT('',(-7.111980095694E-03,-4.804746818504E-03));
#7556 = ( GEOMETRIC_REPRESENTATION_CONTEXT(2) 
PARAMETRIC_REPRESENTATION_CONTEXT() REPRESENTATION_CONTEXT('2D SPACE',''
  ) );
#7557 = ORIENTED_EDGE('',*,*,#7558,.F.);
#7558 = EDGE_CURVE('',#7209,#7530,#7559,.T.);
#7559 = SURFACE_CURVE('',#7560,(#7564,#7571),.PCURVE_S1.);
#7560 = ( BOUNDED_CURVE() B_SPLINE_CURVE(2,(#7561,#7562,#7563),
.UNSPECIFIED.,.F.,.F.) B_SPLINE_CURVE_WITH_KNOTS((3,3),(0.,
2.970961058595E-02),.PIECEWISE_BEZIER_KNOTS.) CURVE() 
GEOMETRIC_REPRESENTATION_ITEM() RATIONAL_B_SPLINE_CURVE((1.,
0.999889669409,1.)) REPRESENTATION_ITEM('') );
#7561 = CARTESIAN_POINT('',(-25.954,0.,21.117792509309));
#7562 = CARTESIAN_POINT('',(-25.954,-0.385569977622,21.117792509309));
#7563 = CARTESIAN_POINT('',(-25.9425465512,-0.770969803976,
    21.117792509309));
#7564 = PCURVE('',#6981,#7565);
#7565 = DEFINITIONAL_REPRESENTATION('',(#7566),#7570);
#7566 = B_SPLINE_CURVE_WITH_KNOTS('',2,(#7567,#7568,#7569),
  .UNSPECIFIED.,.F.,.F.,(3,3),(0.,2.970961058595E-02),
  .PIECEWISE_BEZIER_KNOTS.);
#7567 = CARTESIAN_POINT('',(0.,0.));
#7568 = CARTESIAN_POINT('',(1.649863512239E-02,1.319684032759E-17));
#7569 = CARTESIAN_POINT('',(3.279967468513E-02,1.646284916462E-29));
#7570 = ( GEOMETRIC_REPRESENTATION_CONTEXT(2) 
PARAMETRIC_REPRESENTATION_CONTEXT() REPRESENTATION_CONTEXT('2D SPACE',''
  ) );
#7571 = PCURVE('',#7246,#7572);
#7572 = DEFINITIONAL_REPRESENTATION('',(#7573),#7577);
#7573 = ( BOUNDED_CURVE() B_SPLINE_CURVE(2,(#7574,#7575,#7576),
.UNSPECIFIED.,.F.,.F.) B_SPLINE_CURVE_WITH_KNOTS((3,3),(0.,
2.970961058595E-02),.PIECEWISE_BEZIER_KNOTS.) CURVE() 
GEOMETRIC_REPRESENTATION_ITEM() RATIONAL_B_SPLINE_CURVE((1.,
0.999889669409,1.)) REPRESENTATION_ITEM('') );
#7574 = CARTESIAN_POINT('',(-2.5954E-02,-1.212583892359E-18));
#7575 = CARTESIAN_POINT('',(-2.5954E-02,-3.855699776217E-04));
#7576 = CARTESIAN_POINT('',(-2.59425465512E-02,-7.70969803976E-04));
#7577 = ( GEOMETRIC_REPRESENTATION_CONTEXT(2) 
PARAMETRIC_REPRESENTATION_CONTEXT() REPRESENTATION_CONTEXT('2D SPACE',''
  ) );
#7578 = ADVANCED_FACE('',(#7579),#7592,.T.);
#7579 = FACE_BOUND('',#7580,.T.);
#7580 = EDGE_LOOP('',(#7581,#7619,#7642,#7671,#7695,#7719,#7742,#7765,
    #7789));
#7581 = ORIENTED_EDGE('',*,*,#7582,.T.);
#7582 = EDGE_CURVE('',#7583,#7585,#7587,.T.);
#7583 = VERTEX_POINT('',#7584);
#7584 = CARTESIAN_POINT('',(11.546,0.,21.117792509309));
#7585 = VERTEX_POINT('',#7586);
#7586 = CARTESIAN_POINT('',(11.546,0.,23.728525574434));
#7587 = SURFACE_CURVE('',#7588,(#7591,#7605),.PCURVE_S1.);
#7588 = B_SPLINE_CURVE_WITH_KNOTS('',1,(#7589,#7590),.UNSPECIFIED.,.F.,
  .F.,(2,2),(0.,2.610733065125E-03),.PIECEWISE_BEZIER_KNOTS.);
#7589 = CARTESIAN_POINT('',(11.546,0.,21.117792509309));
#7590 = CARTESIAN_POINT('',(11.546,0.,23.728525574434));
#7591 = PCURVE('',#7592,#7599);
#7592 = ( BOUNDED_SURFACE() B_SPLINE_SURFACE(2,1,(
    (#7593,#7594)
    ,(#7595,#7596)
    ,(#7597,#7598
)),.UNSPECIFIED.,.F.,.F.,.F.) B_SPLINE_SURFACE_WITH_KNOTS((3,3),(2,2),(
    3.14159265359,4.712388980385),(-2.610733065125E-03,0.),
.PIECEWISE_BEZIER_KNOTS.) GEOMETRIC_REPRESENTATION_ITEM() 
RATIONAL_B_SPLINE_SURFACE((
    (1.,1.)
    ,(0.707106781187,0.707106781187)
,(1.,1.))) REPRESENTATION_ITEM('') SURFACE() );
#7593 = CARTESIAN_POINT('',(11.546,-1.413977194296E-15,23.728525574434)
  );
#7594 = CARTESIAN_POINT('',(11.546,-1.413977194296E-15,21.117792509309)
  );
#7595 = CARTESIAN_POINT('',(11.546,11.546,23.728525574434));
#7596 = CARTESIAN_POINT('',(11.546,11.546,21.117792509309));
#7597 = CARTESIAN_POINT('',(2.120965791443E-15,11.546,23.728525574434));
#7598 = CARTESIAN_POINT('',(2.120965791443E-15,11.546,21.117792509309));
#7599 = DEFINITIONAL_REPRESENTATION('',(#7600),#7604);
#7600 = B_SPLINE_CURVE_WITH_KNOTS('',2,(#7601,#7602,#7603),
  .UNSPECIFIED.,.F.,.F.,(3,3),(0.,2.610733065125E-03),
  .PIECEWISE_BEZIER_KNOTS.);
#7601 = CARTESIAN_POINT('',(3.14159265359,0.));
#7602 = CARTESIAN_POINT('',(3.14159265359,-1.305366532563E-03));
#7603 = CARTESIAN_POINT('',(3.14159265359,-2.610733065125E-03));
#7604 = ( GEOMETRIC_REPRESENTATION_CONTEXT(2) 
PARAMETRIC_REPRESENTATION_CONTEXT() REPRESENTATION_CONTEXT('2D SPACE',''
  ) );
#7605 = PCURVE('',#7606,#7613);
#7606 = ( BOUNDED_SURFACE() B_SPLINE_SURFACE(2,1,(
    (#7607,#7608)
    ,(#7609,#7610)
    ,(#7611,#7612
)),.UNSPECIFIED.,.F.,.F.,.F.) B_SPLINE_SURFACE_WITH_KNOTS((3,3),(2,2),(
    1.570796326795,3.14159265359),(-2.610733065125E-03,0.),
.PIECEWISE_BEZIER_KNOTS.) GEOMETRIC_REPRESENTATION_ITEM() 
RATIONAL_B_SPLINE_SURFACE((
    (1.,1.)
    ,(0.707106781187,0.707106781187)
,(1.,1.))) REPRESENTATION_ITEM('') SURFACE() );
#7607 = CARTESIAN_POINT('',(-7.069885971478E-16,-11.546,23.728525574434)
  );
#7608 = CARTESIAN_POINT('',(-7.069885971478E-16,-11.546,21.117792509309)
  );
#7609 = CARTESIAN_POINT('',(11.546,-11.546,23.728525574434));
#7610 = CARTESIAN_POINT('',(11.546,-11.546,21.117792509309));
#7611 = CARTESIAN_POINT('',(11.546,-1.413977194296E-15,23.728525574434)
  );
#7612 = CARTESIAN_POINT('',(11.546,-1.413977194296E-15,21.117792509309)
  );
#7613 = DEFINITIONAL_REPRESENTATION('',(#7614),#7618);
#7614 = B_SPLINE_CURVE_WITH_KNOTS('',2,(#7615,#7616,#7617),
  .UNSPECIFIED.,.F.,.F.,(3,3),(0.,2.610733065125E-03),
  .PIECEWISE_BEZIER_KNOTS.);
#7615 = CARTESIAN_POINT('',(3.14159265359,0.));
#7616 = CARTESIAN_POINT('',(3.14159265359,-1.305366532563E-03));
#7617 = CARTESIAN_POINT('',(3.14159265359,-2.610733065125E-03));
#7618 = ( GEOMETRIC_REPRESENTATION_CONTEXT(2) 
PARAMETRIC_REPRESENTATION_CONTEXT() REPRESENTATION_CONTEXT('2D SPACE',''
  ) );
#7619 = ORIENTED_EDGE('',*,*,#7620,.T.);
#7620 = EDGE_CURVE('',#7585,#7621,#7623,.T.);
#7621 = VERTEX_POINT('',#7622);
#7622 = CARTESIAN_POINT('',(0.,11.546,23.728525574434));
#7623 = SURFACE_CURVE('',#7624,(#7628,#7635),.PCURVE_S1.);
#7624 = ( BOUNDED_CURVE() B_SPLINE_CURVE(2,(#7625,#7626,#7627),
.UNSPECIFIED.,.F.,.F.) B_SPLINE_CURVE_WITH_KNOTS((3,3),(3.14159265359,
4.712388980385),.PIECEWISE_BEZIER_KNOTS.) CURVE() 
GEOMETRIC_REPRESENTATION_ITEM() RATIONAL_B_SPLINE_CURVE((1.,
0.707106781187,1.)) REPRESENTATION_ITEM('') );
#7625 = CARTESIAN_POINT('',(11.546,-1.413977194296E-15,23.728525574434)
  );
#7626 = CARTESIAN_POINT('',(11.546,11.546,23.728525574434));
#7627 = CARTESIAN_POINT('',(2.120965791443E-15,11.546,23.728525574434));
#7628 = PCURVE('',#7592,#7629);
#7629 = DEFINITIONAL_REPRESENTATION('',(#7630),#7634);
#7630 = B_SPLINE_CURVE_WITH_KNOTS('',2,(#7631,#7632,#7633),
  .UNSPECIFIED.,.F.,.F.,(3,3),(3.14159265359,4.712388980385),
  .PIECEWISE_BEZIER_KNOTS.);
#7631 = CARTESIAN_POINT('',(3.14159265359,-2.610733065125E-03));
#7632 = CARTESIAN_POINT('',(3.926990816987,-2.610733065125E-03));
#7633 = CARTESIAN_POINT('',(4.712388980385,-2.610733065125E-03));
#7634 = ( GEOMETRIC_REPRESENTATION_CONTEXT(2) 
PARAMETRIC_REPRESENTATION_CONTEXT() REPRESENTATION_CONTEXT('2D SPACE',''
  ) );
#7635 = PCURVE('',#6751,#7636);
#7636 = DEFINITIONAL_REPRESENTATION('',(#7637),#7641);
#7637 = ( BOUNDED_CURVE() B_SPLINE_CURVE(2,(#7638,#7639,#7640),
.UNSPECIFIED.,.F.,.F.) B_SPLINE_CURVE_WITH_KNOTS((3,3),(3.14159265359,
4.712388980385),.PIECEWISE_BEZIER_KNOTS.) CURVE() 
GEOMETRIC_REPRESENTATION_ITEM() RATIONAL_B_SPLINE_CURVE((1.,
0.707106781187,1.)) REPRESENTATION_ITEM('') );
#7638 = CARTESIAN_POINT('',(1.1546E-02,-2.626561086654E-18));
#7639 = CARTESIAN_POINT('',(1.1546E-02,1.1546E-02));
#7640 = CARTESIAN_POINT('',(2.120965791443E-18,1.1546E-02));
#7641 = ( GEOMETRIC_REPRESENTATION_CONTEXT(2) 
PARAMETRIC_REPRESENTATION_CONTEXT() REPRESENTATION_CONTEXT('2D SPACE',''
  ) );
#7642 = ORIENTED_EDGE('',*,*,#7643,.F.);
#7643 = EDGE_CURVE('',#7644,#7621,#7646,.T.);
#7644 = VERTEX_POINT('',#7645);
#7645 = CARTESIAN_POINT('',(0.,11.546,21.117792509309));
#7646 = SURFACE_CURVE('',#7647,(#7650,#7657),.PCURVE_S1.);
#7647 = B_SPLINE_CURVE_WITH_KNOTS('',1,(#7648,#7649),.UNSPECIFIED.,.F.,
  .F.,(2,2),(0.,2.610733065125E-03),.PIECEWISE_BEZIER_KNOTS.);
#7648 = CARTESIAN_POINT('',(0.,11.546,21.117792509309));
#7649 = CARTESIAN_POINT('',(0.,11.546,23.728525574434));
#7650 = PCURVE('',#7592,#7651);
#7651 = DEFINITIONAL_REPRESENTATION('',(#7652),#7656);
#7652 = B_SPLINE_CURVE_WITH_KNOTS('',2,(#7653,#7654,#7655),
  .UNSPECIFIED.,.F.,.F.,(3,3),(0.,2.610733065125E-03),
  .PIECEWISE_BEZIER_KNOTS.);
#7653 = CARTESIAN_POINT('',(4.712388980385,0.));
#7654 = CARTESIAN_POINT('',(4.712388980385,-1.305366532563E-03));
#7655 = CARTESIAN_POINT('',(4.712388980385,-2.610733065125E-03));
#7656 = ( GEOMETRIC_REPRESENTATION_CONTEXT(2) 
PARAMETRIC_REPRESENTATION_CONTEXT() REPRESENTATION_CONTEXT('2D SPACE',''
  ) );
#7657 = PCURVE('',#7658,#7665);
#7658 = ( BOUNDED_SURFACE() B_SPLINE_SURFACE(2,1,(
    (#7659,#7660)
    ,(#7661,#7662)
    ,(#7663,#7664
)),.UNSPECIFIED.,.F.,.F.,.F.) B_SPLINE_SURFACE_WITH_KNOTS((3,3),(2,2),(
    4.712388980385,6.28318530718),(-2.610733065125E-03,0.),
.PIECEWISE_BEZIER_KNOTS.) GEOMETRIC_REPRESENTATION_ITEM() 
RATIONAL_B_SPLINE_SURFACE((
    (1.,1.)
    ,(0.707106781187,0.707106781187)
,(1.,1.))) REPRESENTATION_ITEM('') SURFACE() );
#7659 = CARTESIAN_POINT('',(2.120965791443E-15,11.546,23.728525574434));
#7660 = CARTESIAN_POINT('',(2.120965791443E-15,11.546,21.117792509309));
#7661 = CARTESIAN_POINT('',(-11.546,11.546,23.728525574434));
#7662 = CARTESIAN_POINT('',(-11.546,11.546,21.117792509309));
#7663 = CARTESIAN_POINT('',(-11.546,2.827954388591E-15,23.728525574434)
  );
#7664 = CARTESIAN_POINT('',(-11.546,2.827954388591E-15,21.117792509309)
  );
#7665 = DEFINITIONAL_REPRESENTATION('',(#7666),#7670);
#7666 = B_SPLINE_CURVE_WITH_KNOTS('',2,(#7667,#7668,#7669),
  .UNSPECIFIED.,.F.,.F.,(3,3),(0.,2.610733065125E-03),
  .PIECEWISE_BEZIER_KNOTS.);
#7667 = CARTESIAN_POINT('',(4.712388980385,0.));
#7668 = CARTESIAN_POINT('',(4.712388980385,-1.305366532563E-03));
#7669 = CARTESIAN_POINT('',(4.712388980385,-2.610733065125E-03));
#7670 = ( GEOMETRIC_REPRESENTATION_CONTEXT(2) 
PARAMETRIC_REPRESENTATION_CONTEXT() REPRESENTATION_CONTEXT('2D SPACE',''
  ) );
#7671 = ORIENTED_EDGE('',*,*,#7672,.F.);
#7672 = EDGE_CURVE('',#7673,#7644,#7675,.T.);
#7673 = VERTEX_POINT('',#7674);
#7674 = CARTESIAN_POINT('',(2.345620215168,11.305228074046,
    21.117792509309));
#7675 = SURFACE_CURVE('',#7676,(#7680,#7688),.PCURVE_S1.);
#7676 = ( BOUNDED_CURVE() B_SPLINE_CURVE(2,(#7677,#7678,#7679),
.UNSPECIFIED.,.F.,.F.) B_SPLINE_CURVE_WITH_KNOTS((3,3),(3.251173531116,
3.455751918949),.PIECEWISE_BEZIER_KNOTS.) CURVE() 
GEOMETRIC_REPRESENTATION_ITEM() RATIONAL_B_SPLINE_CURVE((1.,
0.994773020314,1.)) REPRESENTATION_ITEM('') );
#7677 = CARTESIAN_POINT('',(2.345620215168,11.305228074046,
    21.117792509309));
#7678 = CARTESIAN_POINT('',(1.185167419299,11.546,21.117792509309));
#7679 = CARTESIAN_POINT('',(1.734723475977E-15,11.546,21.117792509309));
#7680 = PCURVE('',#7592,#7681);
#7681 = DEFINITIONAL_REPRESENTATION('',(#7682),#7687);
#7682 = B_SPLINE_CURVE_WITH_KNOTS('',3,(#7683,#7684,#7685,#7686),
  .UNSPECIFIED.,.F.,.F.,(4,4),(3.251173531116,3.455751918949),
  .PIECEWISE_BEZIER_KNOTS.);
#7683 = CARTESIAN_POINT('',(4.493663449996,1.673348232409E-20));
#7684 = CARTESIAN_POINT('',(4.563966640811,4.308737380491E-18));
#7685 = CARTESIAN_POINT('',(4.636778567337,8.331538705949E-18));
#7686 = CARTESIAN_POINT('',(4.712388980385,0.));
#7687 = ( GEOMETRIC_REPRESENTATION_CONTEXT(2) 
PARAMETRIC_REPRESENTATION_CONTEXT() REPRESENTATION_CONTEXT('2D SPACE',''
  ) );
#7688 = PCURVE('',#6809,#7689);
#7689 = DEFINITIONAL_REPRESENTATION('',(#7690),#7694);
#7690 = ( BOUNDED_CURVE() B_SPLINE_CURVE(2,(#7691,#7692,#7693),
.UNSPECIFIED.,.F.,.F.) B_SPLINE_CURVE_WITH_KNOTS((3,3),(3.251173531116,
3.455751918949),.PIECEWISE_BEZIER_KNOTS.) CURVE() 
GEOMETRIC_REPRESENTATION_ITEM() RATIONAL_B_SPLINE_CURVE((1.,
0.994773020314,1.)) REPRESENTATION_ITEM('') );
#7691 = CARTESIAN_POINT('',(7.353819118649E-03,-4.313026412704E-03));
#7692 = CARTESIAN_POINT('',(7.483431044623E-03,-3.134967602452E-03));
#7693 = CARTESIAN_POINT('',(7.849667918366E-03,-2.007806405427E-03));
#7694 = ( GEOMETRIC_REPRESENTATION_CONTEXT(2) 
PARAMETRIC_REPRESENTATION_CONTEXT() REPRESENTATION_CONTEXT('2D SPACE',''
  ) );
#7695 = ORIENTED_EDGE('',*,*,#7696,.F.);
#7696 = EDGE_CURVE('',#7697,#7673,#7699,.T.);
#7697 = VERTEX_POINT('',#7698);
#7698 = CARTESIAN_POINT('',(5.293876822753,10.260847147556,
    21.117792509309));
#7699 = SURFACE_CURVE('',#7700,(#7704,#7712),.PCURVE_S1.);
#7700 = ( BOUNDED_CURVE() B_SPLINE_CURVE(2,(#7701,#7702,#7703),
.UNSPECIFIED.,.F.,.F.) B_SPLINE_CURVE_WITH_KNOTS((3,3),(4.236078896307,
4.507810592552),.PIECEWISE_BEZIER_KNOTS.) CURVE() 
GEOMETRIC_REPRESENTATION_ITEM() RATIONAL_B_SPLINE_CURVE((1.,
0.990784425015,1.)) REPRESENTATION_ITEM('') );
#7701 = CARTESIAN_POINT('',(5.293876822753,10.260847147556,
    21.117792509309));
#7702 = CARTESIAN_POINT('',(3.891136171459,10.984562852062,
    21.117792509309));
#7703 = CARTESIAN_POINT('',(2.345620215168,11.305228074046,
    21.117792509309));
#7704 = PCURVE('',#7592,#7705);
#7705 = DEFINITIONAL_REPRESENTATION('',(#7706),#7711);
#7706 = B_SPLINE_CURVE_WITH_KNOTS('',3,(#7707,#7708,#7709,#7710),
  .UNSPECIFIED.,.F.,.F.,(4,4),(4.236078896307,4.507810592552),
  .PIECEWISE_BEZIER_KNOTS.);
#7707 = CARTESIAN_POINT('',(4.222380123129,6.938893903207E-18));
#7708 = CARTESIAN_POINT('',(4.310066971041,-1.638943728056E-18));
#7709 = CARTESIAN_POINT('',(4.400409048406,7.581723336092E-18));
#7710 = CARTESIAN_POINT('',(4.493663449996,1.673348232409E-20));
#7711 = ( GEOMETRIC_REPRESENTATION_CONTEXT(2) 
PARAMETRIC_REPRESENTATION_CONTEXT() REPRESENTATION_CONTEXT('2D SPACE',''
  ) );
#7712 = PCURVE('',#6837,#7713);
#7713 = DEFINITIONAL_REPRESENTATION('',(#7714),#7718);
#7714 = ( BOUNDED_CURVE() B_SPLINE_CURVE(2,(#7715,#7716,#7717),
.UNSPECIFIED.,.F.,.F.) B_SPLINE_CURVE_WITH_KNOTS((3,3),(4.236078896307,
4.507810592552),.PIECEWISE_BEZIER_KNOTS.) CURVE() 
GEOMETRIC_REPRESENTATION_ITEM() RATIONAL_B_SPLINE_CURVE((1.,
0.990784425015,1.)) REPRESENTATION_ITEM('') );
#7715 = CARTESIAN_POINT('',(5.293876822753E-03,1.026084714756E-02));
#7716 = CARTESIAN_POINT('',(3.891136171459E-03,1.098456285206E-02));
#7717 = CARTESIAN_POINT('',(2.345620215168E-03,1.130522807405E-02));
#7718 = ( GEOMETRIC_REPRESENTATION_CONTEXT(2) 
PARAMETRIC_REPRESENTATION_CONTEXT() REPRESENTATION_CONTEXT('2D SPACE',''
  ) );
#7719 = ORIENTED_EDGE('',*,*,#7720,.F.);
#7720 = EDGE_CURVE('',#7721,#7697,#7723,.T.);
#7721 = VERTEX_POINT('',#7722);
#7722 = CARTESIAN_POINT('',(8.542692952148,7.767400667233,
    21.117792509309));
#7723 = SURFACE_CURVE('',#7724,(#7728,#7735),.PCURVE_S1.);
#7724 = ( BOUNDED_CURVE() B_SPLINE_CURVE(2,(#7725,#7726,#7727),
.UNSPECIFIED.,.F.,.F.) B_SPLINE_CURVE_WITH_KNOTS((3,3),(3.251173531116,
3.607760365589),.PIECEWISE_BEZIER_KNOTS.) CURVE() 
GEOMETRIC_REPRESENTATION_ITEM() RATIONAL_B_SPLINE_CURVE((1.,
0.984147788739,1.)) REPRESENTATION_ITEM('') );
#7725 = CARTESIAN_POINT('',(8.542692952148,7.767400667233,
    21.117792509309));
#7726 = CARTESIAN_POINT('',(7.142953119945,9.306853582265,
    21.117792509309));
#7727 = CARTESIAN_POINT('',(5.293876822753,10.260847147556,
    21.117792509309));
#7728 = PCURVE('',#7592,#7729);
#7729 = DEFINITIONAL_REPRESENTATION('',(#7730),#7734);
#7730 = B_SPLINE_CURVE_WITH_KNOTS('',2,(#7731,#7732,#7733),
  .UNSPECIFIED.,.F.,.F.,(3,3),(3.251173531116,3.607760365589),
  .PIECEWISE_BEZIER_KNOTS.);
#7731 = CARTESIAN_POINT('',(3.881950704996,6.938496458674E-18));
#7732 = CARTESIAN_POINT('',(4.050172596,-3.237372364661E-19));
#7733 = CARTESIAN_POINT('',(4.222380123129,-3.031176395689E-23));
#7734 = ( GEOMETRIC_REPRESENTATION_CONTEXT(2) 
PARAMETRIC_REPRESENTATION_CONTEXT() REPRESENTATION_CONTEXT('2D SPACE',''
  ) );
#7735 = PCURVE('',#6866,#7736);
#7736 = DEFINITIONAL_REPRESENTATION('',(#7737),#7741);
#7737 = ( BOUNDED_CURVE() B_SPLINE_CURVE(2,(#7738,#7739,#7740),
.UNSPECIFIED.,.F.,.F.) B_SPLINE_CURVE_WITH_KNOTS((3,3),(3.251173531116,
3.607760365589),.PIECEWISE_BEZIER_KNOTS.) CURVE() 
GEOMETRIC_REPRESENTATION_ITEM() RATIONAL_B_SPLINE_CURVE((1.,
0.984147788739,1.)) REPRESENTATION_ITEM('') );
#7738 = CARTESIAN_POINT('',(7.353819118649E-03,-4.313026412704E-03));
#7739 = CARTESIAN_POINT('',(7.58136471055E-03,-2.244836411988E-03));
#7740 = CARTESIAN_POINT('',(8.516555510414E-03,-3.861796272901E-04));
#7741 = ( GEOMETRIC_REPRESENTATION_CONTEXT(2) 
PARAMETRIC_REPRESENTATION_CONTEXT() REPRESENTATION_CONTEXT('2D SPACE',''
  ) );
#7742 = ORIENTED_EDGE('',*,*,#7743,.F.);
#7743 = EDGE_CURVE('',#7744,#7721,#7746,.T.);
#7744 = VERTEX_POINT('',#7745);
#7745 = CARTESIAN_POINT('',(10.314010945096,5.18953699519,
    21.117792509309));
#7746 = SURFACE_CURVE('',#7747,(#7751,#7758),.PCURVE_S1.);
#7747 = ( BOUNDED_CURVE() B_SPLINE_CURVE(2,(#7748,#7749,#7750),
.UNSPECIFIED.,.F.,.F.) B_SPLINE_CURVE_WITH_KNOTS((3,3),(3.607760365589,
3.879492061834),.PIECEWISE_BEZIER_KNOTS.) CURVE() 
GEOMETRIC_REPRESENTATION_ITEM() RATIONAL_B_SPLINE_CURVE((1.,
0.990784425015,1.)) REPRESENTATION_ITEM('') );
#7748 = CARTESIAN_POINT('',(10.314010945096,5.18953699519,
    21.117792509309));
#7749 = CARTESIAN_POINT('',(9.604559337459,6.599545566852,
    21.117792509309));
#7750 = CARTESIAN_POINT('',(8.542692952148,7.767400667233,
    21.117792509309));
#7751 = PCURVE('',#7592,#7752);
#7752 = DEFINITIONAL_REPRESENTATION('',(#7753),#7757);
#7753 = B_SPLINE_CURVE_WITH_KNOTS('',2,(#7754,#7755,#7756),
  .UNSPECIFIED.,.F.,.F.,(3,3),(3.607760365589,3.879492061834),
  .PIECEWISE_BEZIER_KNOTS.);
#7754 = CARTESIAN_POINT('',(3.621744703765,6.956521001526E-18));
#7755 = CARTESIAN_POINT('',(3.753475404653,-6.859607041249E-18));
#7756 = CARTESIAN_POINT('',(3.881950704996,6.938496458674E-18));
#7757 = ( GEOMETRIC_REPRESENTATION_CONTEXT(2) 
PARAMETRIC_REPRESENTATION_CONTEXT() REPRESENTATION_CONTEXT('2D SPACE',''
  ) );
#7758 = PCURVE('',#6894,#7759);
#7759 = DEFINITIONAL_REPRESENTATION('',(#7760),#7764);
#7760 = ( BOUNDED_CURVE() B_SPLINE_CURVE(2,(#7761,#7762,#7763),
.UNSPECIFIED.,.F.,.F.) B_SPLINE_CURVE_WITH_KNOTS((3,3),(3.607760365589,
3.879492061834),.PIECEWISE_BEZIER_KNOTS.) CURVE() 
GEOMETRIC_REPRESENTATION_ITEM() RATIONAL_B_SPLINE_CURVE((1.,
0.990784425015,1.)) REPRESENTATION_ITEM('') );
#7761 = CARTESIAN_POINT('',(1.03140109451E-02,5.18953699519E-03));
#7762 = CARTESIAN_POINT('',(9.604559337459E-03,6.599545566852E-03));
#7763 = CARTESIAN_POINT('',(8.542692952148E-03,7.767400667233E-03));
#7764 = ( GEOMETRIC_REPRESENTATION_CONTEXT(2) 
PARAMETRIC_REPRESENTATION_CONTEXT() REPRESENTATION_CONTEXT('2D SPACE',''
  ) );
#7765 = ORIENTED_EDGE('',*,*,#7766,.F.);
#7766 = EDGE_CURVE('',#7767,#7744,#7769,.T.);
#7767 = VERTEX_POINT('',#7768);
#7768 = CARTESIAN_POINT('',(11.476747336861,1.262690209776,
    21.117792509309));
#7769 = SURFACE_CURVE('',#7770,(#7774,#7782),.PCURVE_S1.);
#7770 = ( BOUNDED_CURVE() B_SPLINE_CURVE(2,(#7771,#7772,#7773),
.UNSPECIFIED.,.F.,.F.) B_SPLINE_CURVE_WITH_KNOTS((3,3),(3.251173531116,
3.607760365589),.PIECEWISE_BEZIER_KNOTS.) CURVE() 
GEOMETRIC_REPRESENTATION_ITEM() RATIONAL_B_SPLINE_CURVE((1.,
0.984147788739,1.)) REPRESENTATION_ITEM('') );
#7771 = CARTESIAN_POINT('',(11.476747336861,1.262690209775,
    21.117792509309));
#7772 = CARTESIAN_POINT('',(11.24920174496,3.330880210492,
    21.117792509309));
#7773 = CARTESIAN_POINT('',(10.314010945096,5.18953699519,
    21.117792509309));
#7774 = PCURVE('',#7592,#7775);
#7775 = DEFINITIONAL_REPRESENTATION('',(#7776),#7781);
#7776 = B_SPLINE_CURVE_WITH_KNOTS('',3,(#7777,#7778,#7779,#7780),
  .UNSPECIFIED.,.F.,.F.,(4,4),(3.251173531116,3.607760365589),
  .PIECEWISE_BEZIER_KNOTS.);
#7777 = CARTESIAN_POINT('',(3.260722004876,3.480408430995E-18));
#7778 = CARTESIAN_POINT('',(3.386652350475,5.784171260385E-18));
#7779 = CARTESIAN_POINT('',(3.506745033064,-4.491263661331E-18));
#7780 = CARTESIAN_POINT('',(3.621744703765,6.956521001526E-18));
#7781 = ( GEOMETRIC_REPRESENTATION_CONTEXT(2) 
PARAMETRIC_REPRESENTATION_CONTEXT() REPRESENTATION_CONTEXT('2D SPACE',''
  ) );
#7782 = PCURVE('',#6923,#7783);
#7783 = DEFINITIONAL_REPRESENTATION('',(#7784),#7788);
#7784 = ( BOUNDED_CURVE() B_SPLINE_CURVE(2,(#7785,#7786,#7787),
.UNSPECIFIED.,.F.,.F.) B_SPLINE_CURVE_WITH_KNOTS((3,3),(3.251173531116,
3.607760365589),.PIECEWISE_BEZIER_KNOTS.) CURVE() 
GEOMETRIC_REPRESENTATION_ITEM() RATIONAL_B_SPLINE_CURVE((1.,
0.984147788739,1.)) REPRESENTATION_ITEM('') );
#7785 = CARTESIAN_POINT('',(7.353819118649E-03,-4.313026412704E-03));
#7786 = CARTESIAN_POINT('',(7.58136471055E-03,-2.244836411988E-03));
#7787 = CARTESIAN_POINT('',(8.516555510414E-03,-3.861796272901E-04));
#7788 = ( GEOMETRIC_REPRESENTATION_CONTEXT(2) 
PARAMETRIC_REPRESENTATION_CONTEXT() REPRESENTATION_CONTEXT('2D SPACE',''
  ) );
#7789 = ORIENTED_EDGE('',*,*,#7790,.F.);
#7790 = EDGE_CURVE('',#7583,#7767,#7791,.T.);
#7791 = SURFACE_CURVE('',#7792,(#7796,#7803),.PCURVE_S1.);
#7792 = ( BOUNDED_CURVE() B_SPLINE_CURVE(2,(#7793,#7794,#7795),
.UNSPECIFIED.,.F.,.F.) B_SPLINE_CURVE_WITH_KNOTS((3,3),(3.14159265359,
3.251173531116),.PIECEWISE_BEZIER_KNOTS.) CURVE() 
GEOMETRIC_REPRESENTATION_ITEM() RATIONAL_B_SPLINE_CURVE((1.,
0.998499379371,1.)) REPRESENTATION_ITEM('') );
#7793 = CARTESIAN_POINT('',(11.546,-1.413977194296E-15,21.117792509309)
  );
#7794 = CARTESIAN_POINT('',(11.546,0.633244197521,21.117792509309));
#7795 = CARTESIAN_POINT('',(11.476747336861,1.262690209775,
    21.117792509309));
#7796 = PCURVE('',#7592,#7797);
#7797 = DEFINITIONAL_REPRESENTATION('',(#7798),#7802);
#7798 = B_SPLINE_CURVE_WITH_KNOTS('',2,(#7799,#7800,#7801),
  .UNSPECIFIED.,.F.,.F.,(3,3),(3.14159265359,3.251173531116),
  .PIECEWISE_BEZIER_KNOTS.);
#7799 = CARTESIAN_POINT('',(3.14159265359,0.));
#7800 = CARTESIAN_POINT('',(3.202405888601,6.832655638186E-18));
#7801 = CARTESIAN_POINT('',(3.260722004876,3.480408430995E-18));
#7802 = ( GEOMETRIC_REPRESENTATION_CONTEXT(2) 
PARAMETRIC_REPRESENTATION_CONTEXT() REPRESENTATION_CONTEXT('2D SPACE',''
  ) );
#7803 = PCURVE('',#6949,#7804);
#7804 = DEFINITIONAL_REPRESENTATION('',(#7805),#7809);
#7805 = ( BOUNDED_CURVE() B_SPLINE_CURVE(2,(#7806,#7807,#7808),
.UNSPECIFIED.,.F.,.F.) B_SPLINE_CURVE_WITH_KNOTS((3,3),(3.14159265359,
3.251173531116),.PIECEWISE_BEZIER_KNOTS.) CURVE() 
GEOMETRIC_REPRESENTATION_ITEM() RATIONAL_B_SPLINE_CURVE((1.,
0.998499379371,1.)) REPRESENTATION_ITEM('') );
#7806 = CARTESIAN_POINT('',(1.1546E-02,-2.626561086654E-18));
#7807 = CARTESIAN_POINT('',(1.1546E-02,6.332441975214E-04));
#7808 = CARTESIAN_POINT('',(1.147674733686E-02,1.262690209775E-03));
#7809 = ( GEOMETRIC_REPRESENTATION_CONTEXT(2) 
PARAMETRIC_REPRESENTATION_CONTEXT() REPRESENTATION_CONTEXT('2D SPACE',''
  ) );
#7810 = ADVANCED_FACE('',(#7811),#7658,.T.);
#7811 = FACE_BOUND('',#7812,.T.);
#7812 = EDGE_LOOP('',(#7813,#7814,#7837,#7866,#7890,#7914,#7937,#7960,
    #7984));
#7813 = ORIENTED_EDGE('',*,*,#7643,.T.);
#7814 = ORIENTED_EDGE('',*,*,#7815,.T.);
#7815 = EDGE_CURVE('',#7621,#7816,#7818,.T.);
#7816 = VERTEX_POINT('',#7817);
#7817 = CARTESIAN_POINT('',(-11.546,0.,23.728525574434));
#7818 = SURFACE_CURVE('',#7819,(#7823,#7830),.PCURVE_S1.);
#7819 = ( BOUNDED_CURVE() B_SPLINE_CURVE(2,(#7820,#7821,#7822),
.UNSPECIFIED.,.F.,.F.) B_SPLINE_CURVE_WITH_KNOTS((3,3),(4.712388980385,
6.28318530718),.PIECEWISE_BEZIER_KNOTS.) CURVE() 
GEOMETRIC_REPRESENTATION_ITEM() RATIONAL_B_SPLINE_CURVE((1.,
0.707106781187,1.)) REPRESENTATION_ITEM('') );
#7820 = CARTESIAN_POINT('',(2.120965791443E-15,11.546,23.728525574434));
#7821 = CARTESIAN_POINT('',(-11.546,11.546,23.728525574434));
#7822 = CARTESIAN_POINT('',(-11.546,2.827954388591E-15,23.728525574434)
  );
#7823 = PCURVE('',#7658,#7824);
#7824 = DEFINITIONAL_REPRESENTATION('',(#7825),#7829);
#7825 = B_SPLINE_CURVE_WITH_KNOTS('',2,(#7826,#7827,#7828),
  .UNSPECIFIED.,.F.,.F.,(3,3),(4.712388980385,6.28318530718),
  .PIECEWISE_BEZIER_KNOTS.);
#7826 = CARTESIAN_POINT('',(4.712388980385,-2.610733065125E-03));
#7827 = CARTESIAN_POINT('',(5.497787143782,-2.610733065125E-03));
#7828 = CARTESIAN_POINT('',(6.28318530718,-2.610733065125E-03));
#7829 = ( GEOMETRIC_REPRESENTATION_CONTEXT(2) 
PARAMETRIC_REPRESENTATION_CONTEXT() REPRESENTATION_CONTEXT('2D SPACE',''
  ) );
#7830 = PCURVE('',#6751,#7831);
#7831 = DEFINITIONAL_REPRESENTATION('',(#7832),#7836);
#7832 = ( BOUNDED_CURVE() B_SPLINE_CURVE(2,(#7833,#7834,#7835),
.UNSPECIFIED.,.F.,.F.) B_SPLINE_CURVE_WITH_KNOTS((3,3),(4.712388980385,
6.28318530718),.PIECEWISE_BEZIER_KNOTS.) CURVE() 
GEOMETRIC_REPRESENTATION_ITEM() RATIONAL_B_SPLINE_CURVE((1.,
0.707106781187,1.)) REPRESENTATION_ITEM('') );
#7833 = CARTESIAN_POINT('',(2.120965791443E-18,1.1546E-02));
#7834 = CARTESIAN_POINT('',(-1.1546E-02,1.1546E-02));
#7835 = CARTESIAN_POINT('',(-1.1546E-02,1.615370496232E-18));
#7836 = ( GEOMETRIC_REPRESENTATION_CONTEXT(2) 
PARAMETRIC_REPRESENTATION_CONTEXT() REPRESENTATION_CONTEXT('2D SPACE',''
  ) );
#7837 = ORIENTED_EDGE('',*,*,#7838,.F.);
#7838 = EDGE_CURVE('',#7839,#7816,#7841,.T.);
#7839 = VERTEX_POINT('',#7840);
#7840 = CARTESIAN_POINT('',(-11.546,0.,21.117792509309));
#7841 = SURFACE_CURVE('',#7842,(#7845,#7852),.PCURVE_S1.);
#7842 = B_SPLINE_CURVE_WITH_KNOTS('',1,(#7843,#7844),.UNSPECIFIED.,.F.,
  .F.,(2,2),(0.,2.610733065125E-03),.PIECEWISE_BEZIER_KNOTS.);
#7843 = CARTESIAN_POINT('',(-11.546,0.,21.117792509309));
#7844 = CARTESIAN_POINT('',(-11.546,0.,23.728525574434));
#7845 = PCURVE('',#7658,#7846);
#7846 = DEFINITIONAL_REPRESENTATION('',(#7847),#7851);
#7847 = B_SPLINE_CURVE_WITH_KNOTS('',2,(#7848,#7849,#7850),
  .UNSPECIFIED.,.F.,.F.,(3,3),(0.,2.610733065125E-03),
  .PIECEWISE_BEZIER_KNOTS.);
#7848 = CARTESIAN_POINT('',(6.28318530718,0.));
#7849 = CARTESIAN_POINT('',(6.28318530718,-1.305366532563E-03));
#7850 = CARTESIAN_POINT('',(6.28318530718,-2.610733065125E-03));
#7851 = ( GEOMETRIC_REPRESENTATION_CONTEXT(2) 
PARAMETRIC_REPRESENTATION_CONTEXT() REPRESENTATION_CONTEXT('2D SPACE',''
  ) );
#7852 = PCURVE('',#7853,#7860);
#7853 = ( BOUNDED_SURFACE() B_SPLINE_SURFACE(2,1,(
    (#7854,#7855)
    ,(#7856,#7857)
    ,(#7858,#7859
)),.UNSPECIFIED.,.F.,.F.,.F.) B_SPLINE_SURFACE_WITH_KNOTS((3,3),(2,2),(
    0.,1.570796326795),(-2.610733065125E-03,0.),
.PIECEWISE_BEZIER_KNOTS.) GEOMETRIC_REPRESENTATION_ITEM() 
RATIONAL_B_SPLINE_SURFACE((
    (1.,1.)
    ,(0.707106781187,0.707106781187)
,(1.,1.))) REPRESENTATION_ITEM('') SURFACE() );
#7854 = CARTESIAN_POINT('',(-11.546,0.,23.728525574434));
#7855 = CARTESIAN_POINT('',(-11.546,0.,21.117792509309));
#7856 = CARTESIAN_POINT('',(-11.546,-11.546,23.728525574434));
#7857 = CARTESIAN_POINT('',(-11.546,-11.546,21.117792509309));
#7858 = CARTESIAN_POINT('',(-7.069885971478E-16,-11.546,23.728525574434)
  );
#7859 = CARTESIAN_POINT('',(-7.069885971478E-16,-11.546,21.117792509309)
  );
#7860 = DEFINITIONAL_REPRESENTATION('',(#7861),#7865);
#7861 = B_SPLINE_CURVE_WITH_KNOTS('',2,(#7862,#7863,#7864),
  .UNSPECIFIED.,.F.,.F.,(3,3),(0.,2.610733065125E-03),
  .PIECEWISE_BEZIER_KNOTS.);
#7862 = CARTESIAN_POINT('',(0.,0.));
#7863 = CARTESIAN_POINT('',(0.,-1.305366532563E-03));
#7864 = CARTESIAN_POINT('',(0.,-2.610733065125E-03));
#7865 = ( GEOMETRIC_REPRESENTATION_CONTEXT(2) 
PARAMETRIC_REPRESENTATION_CONTEXT() REPRESENTATION_CONTEXT('2D SPACE',''
  ) );
#7866 = ORIENTED_EDGE('',*,*,#7867,.F.);
#7867 = EDGE_CURVE('',#7868,#7839,#7870,.T.);
#7868 = VERTEX_POINT('',#7869);
#7869 = CARTESIAN_POINT('',(-11.39454344675,1.863999903465,
    21.117792509309));
#7870 = SURFACE_CURVE('',#7871,(#7875,#7883),.PCURVE_S1.);
#7871 = ( BOUNDED_CURVE() B_SPLINE_CURVE(2,(#7872,#7873,#7874),
.UNSPECIFIED.,.F.,.F.) B_SPLINE_CURVE_WITH_KNOTS((3,3),(6.12103448846,
6.28318530718),.PIECEWISE_BEZIER_KNOTS.) CURVE() 
GEOMETRIC_REPRESENTATION_ITEM() RATIONAL_B_SPLINE_CURVE((1.,
0.996715188906,1.)) REPRESENTATION_ITEM('') );
#7872 = CARTESIAN_POINT('',(-11.39454344675,1.863999903465,
    21.117792509309));
#7873 = CARTESIAN_POINT('',(-11.546,0.938153140764,21.117792509309));
#7874 = CARTESIAN_POINT('',(-11.546,2.827954388591E-15,21.117792509309)
  );
#7875 = PCURVE('',#7658,#7876);
#7876 = DEFINITIONAL_REPRESENTATION('',(#7877),#7882);
#7877 = B_SPLINE_CURVE_WITH_KNOTS('',3,(#7878,#7879,#7880,#7881),
  .UNSPECIFIED.,.F.,.F.,(4,4),(6.12103448846,6.28318530718),
  .PIECEWISE_BEZIER_KNOTS.);
#7878 = CARTESIAN_POINT('',(6.108562526977,3.469446949E-18));
#7879 = CARTESIAN_POINT('',(6.165060750407,-1.643401126292E-18));
#7880 = CARTESIAN_POINT('',(6.223216613903,1.25285977306E-17));
#7881 = CARTESIAN_POINT('',(6.28318530718,0.));
#7882 = ( GEOMETRIC_REPRESENTATION_CONTEXT(2) 
PARAMETRIC_REPRESENTATION_CONTEXT() REPRESENTATION_CONTEXT('2D SPACE',''
  ) );
#7883 = PCURVE('',#7246,#7884);
#7884 = DEFINITIONAL_REPRESENTATION('',(#7885),#7889);
#7885 = ( BOUNDED_CURVE() B_SPLINE_CURVE(2,(#7886,#7887,#7888),
.UNSPECIFIED.,.F.,.F.) B_SPLINE_CURVE_WITH_KNOTS((3,3),(6.12103448846,
6.28318530718),.PIECEWISE_BEZIER_KNOTS.) CURVE() 
GEOMETRIC_REPRESENTATION_ITEM() RATIONAL_B_SPLINE_CURVE((1.,
0.996715188906,1.)) REPRESENTATION_ITEM('') );
#7886 = CARTESIAN_POINT('',(-1.139454344675E-02,1.863999903465E-03));
#7887 = CARTESIAN_POINT('',(-1.1546E-02,9.38153140764E-04));
#7888 = CARTESIAN_POINT('',(-1.1546E-02,1.615370496232E-18));
#7889 = ( GEOMETRIC_REPRESENTATION_CONTEXT(2) 
PARAMETRIC_REPRESENTATION_CONTEXT() REPRESENTATION_CONTEXT('2D SPACE',''
  ) );
#7890 = ORIENTED_EDGE('',*,*,#7891,.F.);
#7891 = EDGE_CURVE('',#7892,#7868,#7894,.T.);
#7892 = VERTEX_POINT('',#7893);
#7893 = CARTESIAN_POINT('',(-10.02707431918,5.724324990554,
    21.117792509309));
#7894 = SURFACE_CURVE('',#7895,(#7899,#7907),.PCURVE_S1.);
#7895 = ( BOUNDED_CURVE() B_SPLINE_CURVE(2,(#7896,#7897,#7898),
.UNSPECIFIED.,.F.,.F.) B_SPLINE_CURVE_WITH_KNOTS((3,3),(3.251173531116,
3.607760365589),.PIECEWISE_BEZIER_KNOTS.) CURVE() 
GEOMETRIC_REPRESENTATION_ITEM() RATIONAL_B_SPLINE_CURVE((1.,
0.984147788739,1.)) REPRESENTATION_ITEM('') );
#7896 = CARTESIAN_POINT('',(-10.02707431918,5.724324990554,
    21.117792509309));
#7897 = CARTESIAN_POINT('',(-11.0586376497,3.917376189235,
    21.117792509309));
#7898 = CARTESIAN_POINT('',(-11.39454344675,1.863999903465,
    21.117792509309));
#7899 = PCURVE('',#7658,#7900);
#7900 = DEFINITIONAL_REPRESENTATION('',(#7901),#7906);
#7901 = B_SPLINE_CURVE_WITH_KNOTS('',3,(#7902,#7903,#7904,#7905),
  .UNSPECIFIED.,.F.,.F.,(4,4),(3.251173531116,3.607760365589),
  .PIECEWISE_BEZIER_KNOTS.);
#7902 = CARTESIAN_POINT('',(5.752105954021,3.477276142522E-18));
#7903 = CARTESIAN_POINT('',(5.866216467601,6.540794592994E-18));
#7904 = CARTESIAN_POINT('',(5.98484096624,4.150689510719E-18));
#7905 = CARTESIAN_POINT('',(6.108562526977,3.469360344418E-18));
#7906 = ( GEOMETRIC_REPRESENTATION_CONTEXT(2) 
PARAMETRIC_REPRESENTATION_CONTEXT() REPRESENTATION_CONTEXT('2D SPACE',''
  ) );
#7907 = PCURVE('',#7275,#7908);
#7908 = DEFINITIONAL_REPRESENTATION('',(#7909),#7913);
#7909 = ( BOUNDED_CURVE() B_SPLINE_CURVE(2,(#7910,#7911,#7912),
.UNSPECIFIED.,.F.,.F.) B_SPLINE_CURVE_WITH_KNOTS((3,3),(3.251173531116,
3.607760365589),.PIECEWISE_BEZIER_KNOTS.) CURVE() 
GEOMETRIC_REPRESENTATION_ITEM() RATIONAL_B_SPLINE_CURVE((1.,
0.984147788739,1.)) REPRESENTATION_ITEM('') );
#7910 = CARTESIAN_POINT('',(7.353819118649E-03,-4.313026412704E-03));
#7911 = CARTESIAN_POINT('',(7.58136471055E-03,-2.244836411988E-03));
#7912 = CARTESIAN_POINT('',(8.516555510414E-03,-3.861796272901E-04));
#7913 = ( GEOMETRIC_REPRESENTATION_CONTEXT(2) 
PARAMETRIC_REPRESENTATION_CONTEXT() REPRESENTATION_CONTEXT('2D SPACE',''
  ) );
#7914 = ORIENTED_EDGE('',*,*,#7915,.F.);
#7915 = EDGE_CURVE('',#7916,#7892,#7918,.T.);
#7916 = VERTEX_POINT('',#7917);
#7917 = CARTESIAN_POINT('',(-8.122747638034,8.205552194022,
    21.117792509309));
#7918 = SURFACE_CURVE('',#7919,(#7923,#7930),.PCURVE_S1.);
#7919 = ( BOUNDED_CURVE() B_SPLINE_CURVE(2,(#7920,#7921,#7922),
.UNSPECIFIED.,.F.,.F.) B_SPLINE_CURVE_WITH_KNOTS((3,3),(5.492715957742,
5.764447653988),.PIECEWISE_BEZIER_KNOTS.) CURVE() 
GEOMETRIC_REPRESENTATION_ITEM() RATIONAL_B_SPLINE_CURVE((1.,
0.990784425015,1.)) REPRESENTATION_ITEM('') );
#7920 = CARTESIAN_POINT('',(-8.122747638034,8.205552194022,
    21.117792509309));
#7921 = CARTESIAN_POINT('',(-9.244512874699,7.095107008725,
    21.117792509309));
#7922 = CARTESIAN_POINT('',(-10.02707431918,5.724324990554,
    21.117792509309));
#7923 = PCURVE('',#7658,#7924);
#7924 = DEFINITIONAL_REPRESENTATION('',(#7925),#7929);
#7925 = B_SPLINE_CURVE_WITH_KNOTS('',2,(#7926,#7927,#7928),
  .UNSPECIFIED.,.F.,.F.,(3,3),(5.492715957742,5.764447653988),
  .PIECEWISE_BEZIER_KNOTS.);
#7926 = CARTESIAN_POINT('',(5.492979347636,6.93887526743E-18));
#7927 = CARTESIAN_POINT('',(5.621388021592,-4.809661084739E-18));
#7928 = CARTESIAN_POINT('',(5.752105954021,3.477276142674E-18));
#7929 = ( GEOMETRIC_REPRESENTATION_CONTEXT(2) 
PARAMETRIC_REPRESENTATION_CONTEXT() REPRESENTATION_CONTEXT('2D SPACE',''
  ) );
#7930 = PCURVE('',#7303,#7931);
#7931 = DEFINITIONAL_REPRESENTATION('',(#7932),#7936);
#7932 = ( BOUNDED_CURVE() B_SPLINE_CURVE(2,(#7933,#7934,#7935),
.UNSPECIFIED.,.F.,.F.) B_SPLINE_CURVE_WITH_KNOTS((3,3),(5.492715957742,
5.764447653988),.PIECEWISE_BEZIER_KNOTS.) CURVE() 
GEOMETRIC_REPRESENTATION_ITEM() RATIONAL_B_SPLINE_CURVE((1.,
0.990784425015,1.)) REPRESENTATION_ITEM('') );
#7933 = CARTESIAN_POINT('',(-8.122747638034E-03,8.205552194022E-03));
#7934 = CARTESIAN_POINT('',(-9.244512874699E-03,7.095107008725E-03));
#7935 = CARTESIAN_POINT('',(-1.002707431919E-02,5.724324990554E-03));
#7936 = ( GEOMETRIC_REPRESENTATION_CONTEXT(2) 
PARAMETRIC_REPRESENTATION_CONTEXT() REPRESENTATION_CONTEXT('2D SPACE',''
  ) );
#7937 = ORIENTED_EDGE('',*,*,#7938,.F.);
#7938 = EDGE_CURVE('',#7939,#7916,#7941,.T.);
#7939 = VERTEX_POINT('',#7940);
#7940 = CARTESIAN_POINT('',(-4.747399719306,10.524842607143,
    21.117792509309));
#7941 = SURFACE_CURVE('',#7942,(#7946,#7953),.PCURVE_S1.);
#7942 = ( BOUNDED_CURVE() B_SPLINE_CURVE(2,(#7943,#7944,#7945),
.UNSPECIFIED.,.F.,.F.) B_SPLINE_CURVE_WITH_KNOTS((3,3),(3.251173531116,
3.607760365589),.PIECEWISE_BEZIER_KNOTS.) CURVE() 
GEOMETRIC_REPRESENTATION_ITEM() RATIONAL_B_SPLINE_CURVE((1.,
0.984147788739,1.)) REPRESENTATION_ITEM('') );
#7943 = CARTESIAN_POINT('',(-4.747399719306,10.524842607143,
    21.117792509309));
#7944 = CARTESIAN_POINT('',(-6.644049841531,9.669328031394,
    21.117792509309));
#7945 = CARTESIAN_POINT('',(-8.122747638034,8.205552194022,
    21.117792509309));
#7946 = PCURVE('',#7658,#7947);
#7947 = DEFINITIONAL_REPRESENTATION('',(#7948),#7952);
#7948 = B_SPLINE_CURVE_WITH_KNOTS('',2,(#7949,#7950,#7951),
  .UNSPECIFIED.,.F.,.F.,(3,3),(3.251173531116,3.607760365589),
  .PIECEWISE_BEZIER_KNOTS.);
#7949 = CARTESIAN_POINT('',(5.151127083268,6.948339125328E-18));
#7950 = CARTESIAN_POINT('',(5.324862571531,-9.316014751521E-18));
#7951 = CARTESIAN_POINT('',(5.492979347636,6.93887526743E-18));
#7952 = ( GEOMETRIC_REPRESENTATION_CONTEXT(2) 
PARAMETRIC_REPRESENTATION_CONTEXT() REPRESENTATION_CONTEXT('2D SPACE',''
  ) );
#7953 = PCURVE('',#7332,#7954);
#7954 = DEFINITIONAL_REPRESENTATION('',(#7955),#7959);
#7955 = ( BOUNDED_CURVE() B_SPLINE_CURVE(2,(#7956,#7957,#7958),
.UNSPECIFIED.,.F.,.F.) B_SPLINE_CURVE_WITH_KNOTS((3,3),(3.251173531116,
3.607760365589),.PIECEWISE_BEZIER_KNOTS.) CURVE() 
GEOMETRIC_REPRESENTATION_ITEM() RATIONAL_B_SPLINE_CURVE((1.,
0.984147788739,1.)) REPRESENTATION_ITEM('') );
#7956 = CARTESIAN_POINT('',(7.353819118649E-03,-4.313026412704E-03));
#7957 = CARTESIAN_POINT('',(7.58136471055E-03,-2.244836411988E-03));
#7958 = CARTESIAN_POINT('',(8.516555510414E-03,-3.861796272901E-04));
#7959 = ( GEOMETRIC_REPRESENTATION_CONTEXT(2) 
PARAMETRIC_REPRESENTATION_CONTEXT() REPRESENTATION_CONTEXT('2D SPACE',''
  ) );
#7960 = ORIENTED_EDGE('',*,*,#7961,.F.);
#7961 = EDGE_CURVE('',#7962,#7939,#7964,.T.);
#7962 = VERTEX_POINT('',#7963);
#7963 = CARTESIAN_POINT('',(-1.748338313626,11.412862442924,
    21.117792509309));
#7964 = SURFACE_CURVE('',#7965,(#7969,#7977),.PCURVE_S1.);
#7965 = ( BOUNDED_CURVE() B_SPLINE_CURVE(2,(#7966,#7967,#7968),
.UNSPECIFIED.,.F.,.F.) B_SPLINE_CURVE_WITH_KNOTS((3,3),(4.864397427024,
5.13612912327),.PIECEWISE_BEZIER_KNOTS.) CURVE() 
GEOMETRIC_REPRESENTATION_ITEM() RATIONAL_B_SPLINE_CURVE((1.,
0.990784425015,1.)) REPRESENTATION_ITEM('') );
#7966 = CARTESIAN_POINT('',(-1.748338313626,11.412862442924,
    21.117792509309));
#7967 = CARTESIAN_POINT('',(-3.308568757184,11.173850479343,
    21.117792509309));
#7968 = CARTESIAN_POINT('',(-4.747399719306,10.524842607143,
    21.117792509309));
#7969 = PCURVE('',#7658,#7970);
#7970 = DEFINITIONAL_REPRESENTATION('',(#7971),#7976);
#7971 = B_SPLINE_CURVE_WITH_KNOTS('',3,(#7972,#7973,#7974,#7975),
  .UNSPECIFIED.,.F.,.F.,(4,4),(4.864397427024,5.13612912327),
  .PIECEWISE_BEZIER_KNOTS.);
#7972 = CARTESIAN_POINT('',(4.876381015991,3.46936625964E-18));
#7973 = CARTESIAN_POINT('',(4.971183587473,-4.637477261556E-18));
#7974 = CARTESIAN_POINT('',(5.062656171138,1.00250198207E-17));
#7975 = CARTESIAN_POINT('',(5.151127083268,6.948339125328E-18));
#7976 = ( GEOMETRIC_REPRESENTATION_CONTEXT(2) 
PARAMETRIC_REPRESENTATION_CONTEXT() REPRESENTATION_CONTEXT('2D SPACE',''
  ) );
#7977 = PCURVE('',#7360,#7978);
#7978 = DEFINITIONAL_REPRESENTATION('',(#7979),#7983);
#7979 = ( BOUNDED_CURVE() B_SPLINE_CURVE(2,(#7980,#7981,#7982),
.UNSPECIFIED.,.F.,.F.) B_SPLINE_CURVE_WITH_KNOTS((3,3),(4.864397427024,
5.13612912327),.PIECEWISE_BEZIER_KNOTS.) CURVE() 
GEOMETRIC_REPRESENTATION_ITEM() RATIONAL_B_SPLINE_CURVE((1.,
0.990784425015,1.)) REPRESENTATION_ITEM('') );
#7980 = CARTESIAN_POINT('',(-1.748338313626E-03,1.141286244292E-02));
#7981 = CARTESIAN_POINT('',(-3.308568757184E-03,1.117385047934E-02));
#7982 = CARTESIAN_POINT('',(-4.747399719306E-03,1.052484260714E-02));
#7983 = ( GEOMETRIC_REPRESENTATION_CONTEXT(2) 
PARAMETRIC_REPRESENTATION_CONTEXT() REPRESENTATION_CONTEXT('2D SPACE',''
  ) );
#7984 = ORIENTED_EDGE('',*,*,#7985,.F.);
#7985 = EDGE_CURVE('',#7644,#7962,#7986,.T.);
#7986 = SURFACE_CURVE('',#7987,(#7991,#7999),.PCURVE_S1.);
#7987 = ( BOUNDED_CURVE() B_SPLINE_CURVE(2,(#7988,#7989,#7990),
.UNSPECIFIED.,.F.,.F.) B_SPLINE_CURVE_WITH_KNOTS((3,3),(3.455751918949,
3.607760365589),.PIECEWISE_BEZIER_KNOTS.) CURVE() 
GEOMETRIC_REPRESENTATION_ITEM() RATIONAL_B_SPLINE_CURVE((1.,
0.997113069151,1.)) REPRESENTATION_ITEM('') );
#7988 = CARTESIAN_POINT('',(1.734723475977E-15,11.546,21.117792509309));
#7989 = CARTESIAN_POINT('',(-0.87923843001,11.546,21.117792509309));
#7990 = CARTESIAN_POINT('',(-1.748338313626,11.412862442924,
    21.117792509309));
#7991 = PCURVE('',#7658,#7992);
#7992 = DEFINITIONAL_REPRESENTATION('',(#7993),#7998);
#7993 = B_SPLINE_CURVE_WITH_KNOTS('',3,(#7994,#7995,#7996,#7997),
  .UNSPECIFIED.,.F.,.F.,(4,4),(3.455751918949,3.607760365589),
  .PIECEWISE_BEZIER_KNOTS.);
#7994 = CARTESIAN_POINT('',(4.712388980385,0.));
#7995 = CARTESIAN_POINT('',(4.768614205215,1.446285773427E-17));
#7996 = CARTESIAN_POINT('',(4.823234857913,4.320824698701E-18));
#7997 = CARTESIAN_POINT('',(4.876381015991,-8.068970472428E-23));
#7998 = ( GEOMETRIC_REPRESENTATION_CONTEXT(2) 
PARAMETRIC_REPRESENTATION_CONTEXT() REPRESENTATION_CONTEXT('2D SPACE',''
  ) );
#7999 = PCURVE('',#6809,#8000);
#8000 = DEFINITIONAL_REPRESENTATION('',(#8001),#8005);
#8001 = ( BOUNDED_CURVE() B_SPLINE_CURVE(2,(#8002,#8003,#8004),
.UNSPECIFIED.,.F.,.F.) B_SPLINE_CURVE_WITH_KNOTS((3,3),(3.455751918949,
3.607760365589),.PIECEWISE_BEZIER_KNOTS.) CURVE() 
GEOMETRIC_REPRESENTATION_ITEM() RATIONAL_B_SPLINE_CURVE((1.,
0.997113069151,1.)) REPRESENTATION_ITEM('') );
#8002 = CARTESIAN_POINT('',(7.849667918366E-03,-2.007806405427E-03));
#8003 = CARTESIAN_POINT('',(8.121367535346E-03,-1.171600967189E-03));
#8004 = CARTESIAN_POINT('',(8.516555510414E-03,-3.861796272901E-04));
#8005 = ( GEOMETRIC_REPRESENTATION_CONTEXT(2) 
PARAMETRIC_REPRESENTATION_CONTEXT() REPRESENTATION_CONTEXT('2D SPACE',''
  ) );
#8006 = ADVANCED_FACE('',(#8007),#7853,.T.);
#8007 = FACE_BOUND('',#8008,.T.);
#8008 = EDGE_LOOP('',(#8009,#8010,#8033,#8055,#8079,#8103,#8126,#8149,
    #8173));
#8009 = ORIENTED_EDGE('',*,*,#7838,.T.);
#8010 = ORIENTED_EDGE('',*,*,#8011,.T.);
#8011 = EDGE_CURVE('',#7816,#8012,#8014,.T.);
#8012 = VERTEX_POINT('',#8013);
#8013 = CARTESIAN_POINT('',(0.,-11.546,23.728525574434));
#8014 = SURFACE_CURVE('',#8015,(#8019,#8026),.PCURVE_S1.);
#8015 = ( BOUNDED_CURVE() B_SPLINE_CURVE(2,(#8016,#8017,#8018),
.UNSPECIFIED.,.F.,.F.) B_SPLINE_CURVE_WITH_KNOTS((3,3),(0.,
1.570796326795),.PIECEWISE_BEZIER_KNOTS.) CURVE() 
GEOMETRIC_REPRESENTATION_ITEM() RATIONAL_B_SPLINE_CURVE((1.,
0.707106781187,1.)) REPRESENTATION_ITEM('') );
#8016 = CARTESIAN_POINT('',(-11.546,0.,23.728525574434));
#8017 = CARTESIAN_POINT('',(-11.546,-11.546,23.728525574434));
#8018 = CARTESIAN_POINT('',(-7.069885971478E-16,-11.546,23.728525574434)
  );
#8019 = PCURVE('',#7853,#8020);
#8020 = DEFINITIONAL_REPRESENTATION('',(#8021),#8025);
#8021 = B_SPLINE_CURVE_WITH_KNOTS('',2,(#8022,#8023,#8024),
  .UNSPECIFIED.,.F.,.F.,(3,3),(0.,1.570796326795),
  .PIECEWISE_BEZIER_KNOTS.);
#8022 = CARTESIAN_POINT('',(0.,-2.610733065125E-03));
#8023 = CARTESIAN_POINT('',(0.785398163397,-2.610733065125E-03));
#8024 = CARTESIAN_POINT('',(1.570796326795,-2.610733065125E-03));
#8025 = ( GEOMETRIC_REPRESENTATION_CONTEXT(2) 
PARAMETRIC_REPRESENTATION_CONTEXT() REPRESENTATION_CONTEXT('2D SPACE',''
  ) );
#8026 = PCURVE('',#6751,#8027);
#8027 = DEFINITIONAL_REPRESENTATION('',(#8028),#8032);
#8028 = ( BOUNDED_CURVE() B_SPLINE_CURVE(2,(#8029,#8030,#8031),
.UNSPECIFIED.,.F.,.F.) B_SPLINE_CURVE_WITH_KNOTS((3,3),(0.,
1.570796326795),.PIECEWISE_BEZIER_KNOTS.) CURVE() 
GEOMETRIC_REPRESENTATION_ITEM() RATIONAL_B_SPLINE_CURVE((1.,
0.707106781187,1.)) REPRESENTATION_ITEM('') );
#8029 = CARTESIAN_POINT('',(-1.1546E-02,-1.212583892359E-18));
#8030 = CARTESIAN_POINT('',(-1.1546E-02,-1.1546E-02));
#8031 = CARTESIAN_POINT('',(-7.069885971478E-19,-1.1546E-02));
#8032 = ( GEOMETRIC_REPRESENTATION_CONTEXT(2) 
PARAMETRIC_REPRESENTATION_CONTEXT() REPRESENTATION_CONTEXT('2D SPACE',''
  ) );
#8033 = ORIENTED_EDGE('',*,*,#8034,.F.);
#8034 = EDGE_CURVE('',#8035,#8012,#8037,.T.);
#8035 = VERTEX_POINT('',#8036);
#8036 = CARTESIAN_POINT('',(0.,-11.546,21.117792509309));
#8037 = SURFACE_CURVE('',#8038,(#8041,#8048),.PCURVE_S1.);
#8038 = B_SPLINE_CURVE_WITH_KNOTS('',1,(#8039,#8040),.UNSPECIFIED.,.F.,
  .F.,(2,2),(0.,2.610733065125E-03),.PIECEWISE_BEZIER_KNOTS.);
#8039 = CARTESIAN_POINT('',(0.,-11.546,21.117792509309));
#8040 = CARTESIAN_POINT('',(0.,-11.546,23.728525574434));
#8041 = PCURVE('',#7853,#8042);
#8042 = DEFINITIONAL_REPRESENTATION('',(#8043),#8047);
#8043 = B_SPLINE_CURVE_WITH_KNOTS('',2,(#8044,#8045,#8046),
  .UNSPECIFIED.,.F.,.F.,(3,3),(0.,2.610733065125E-03),
  .PIECEWISE_BEZIER_KNOTS.);
#8044 = CARTESIAN_POINT('',(1.570796326795,0.));
#8045 = CARTESIAN_POINT('',(1.570796326795,-1.305366532563E-03));
#8046 = CARTESIAN_POINT('',(1.570796326795,-2.610733065125E-03));
#8047 = ( GEOMETRIC_REPRESENTATION_CONTEXT(2) 
PARAMETRIC_REPRESENTATION_CONTEXT() REPRESENTATION_CONTEXT('2D SPACE',''
  ) );
#8048 = PCURVE('',#7606,#8049);
#8049 = DEFINITIONAL_REPRESENTATION('',(#8050),#8054);
#8050 = B_SPLINE_CURVE_WITH_KNOTS('',2,(#8051,#8052,#8053),
  .UNSPECIFIED.,.F.,.F.,(3,3),(0.,2.610733065125E-03),
  .PIECEWISE_BEZIER_KNOTS.);
#8051 = CARTESIAN_POINT('',(1.570796326795,0.));
#8052 = CARTESIAN_POINT('',(1.570796326795,-1.305366532563E-03));
#8053 = CARTESIAN_POINT('',(1.570796326795,-2.610733065125E-03));
#8054 = ( GEOMETRIC_REPRESENTATION_CONTEXT(2) 
PARAMETRIC_REPRESENTATION_CONTEXT() REPRESENTATION_CONTEXT('2D SPACE',''
  ) );
#8055 = ORIENTED_EDGE('',*,*,#8056,.F.);
#8056 = EDGE_CURVE('',#8057,#8035,#8059,.T.);
#8057 = VERTEX_POINT('',#8058);
#8058 = CARTESIAN_POINT('',(-2.345620215168,-11.30522807404,
    21.117792509309));
#8059 = SURFACE_CURVE('',#8060,(#8064,#8072),.PCURVE_S1.);
#8060 = ( BOUNDED_CURVE() B_SPLINE_CURVE(2,(#8061,#8062,#8063),
.UNSPECIFIED.,.F.,.F.) B_SPLINE_CURVE_WITH_KNOTS((3,3),(3.251173531116,
3.455751918949),.PIECEWISE_BEZIER_KNOTS.) CURVE() 
GEOMETRIC_REPRESENTATION_ITEM() RATIONAL_B_SPLINE_CURVE((1.,
0.994773020314,1.)) REPRESENTATION_ITEM('') );
#8061 = CARTESIAN_POINT('',(-2.345620215168,-11.30522807404,
    21.117792509309));
#8062 = CARTESIAN_POINT('',(-1.185167419299,-11.546,21.117792509309));
#8063 = CARTESIAN_POINT('',(-1.734723475977E-15,-11.546,21.117792509309)
  );
#8064 = PCURVE('',#7853,#8065);
#8065 = DEFINITIONAL_REPRESENTATION('',(#8066),#8071);
#8066 = B_SPLINE_CURVE_WITH_KNOTS('',3,(#8067,#8068,#8069,#8070),
  .UNSPECIFIED.,.F.,.F.,(4,4),(3.251173531116,3.455751918949),
  .PIECEWISE_BEZIER_KNOTS.);
#8067 = CARTESIAN_POINT('',(1.352070796406,3.486073645731E-18));
#8068 = CARTESIAN_POINT('',(1.422373987222,2.855697770308E-18));
#8069 = CARTESIAN_POINT('',(1.495185913748,9.960878715606E-18));
#8070 = CARTESIAN_POINT('',(1.570796326795,0.));
#8071 = ( GEOMETRIC_REPRESENTATION_CONTEXT(2) 
PARAMETRIC_REPRESENTATION_CONTEXT() REPRESENTATION_CONTEXT('2D SPACE',''
  ) );
#8072 = PCURVE('',#7169,#8073);
#8073 = DEFINITIONAL_REPRESENTATION('',(#8074),#8078);
#8074 = ( BOUNDED_CURVE() B_SPLINE_CURVE(2,(#8075,#8076,#8077),
.UNSPECIFIED.,.F.,.F.) B_SPLINE_CURVE_WITH_KNOTS((3,3),(3.251173531116,
3.455751918949),.PIECEWISE_BEZIER_KNOTS.) CURVE() 
GEOMETRIC_REPRESENTATION_ITEM() RATIONAL_B_SPLINE_CURVE((1.,
0.994773020314,1.)) REPRESENTATION_ITEM('') );
#8075 = CARTESIAN_POINT('',(7.353819118649E-03,-4.313026412704E-03));
#8076 = CARTESIAN_POINT('',(7.483431044623E-03,-3.134967602452E-03));
#8077 = CARTESIAN_POINT('',(7.849667918366E-03,-2.007806405427E-03));
#8078 = ( GEOMETRIC_REPRESENTATION_CONTEXT(2) 
PARAMETRIC_REPRESENTATION_CONTEXT() REPRESENTATION_CONTEXT('2D SPACE',''
  ) );
#8079 = ORIENTED_EDGE('',*,*,#8080,.F.);
#8080 = EDGE_CURVE('',#8081,#8057,#8083,.T.);
#8081 = VERTEX_POINT('',#8082);
#8082 = CARTESIAN_POINT('',(-5.293876822753,-10.26084714755,
    21.117792509309));
#8083 = SURFACE_CURVE('',#8084,(#8088,#8096),.PCURVE_S1.);
#8084 = ( BOUNDED_CURVE() B_SPLINE_CURVE(2,(#8085,#8086,#8087),
.UNSPECIFIED.,.F.,.F.) B_SPLINE_CURVE_WITH_KNOTS((3,3),(1.094486242717,
1.366217938962),.PIECEWISE_BEZIER_KNOTS.) CURVE() 
GEOMETRIC_REPRESENTATION_ITEM() RATIONAL_B_SPLINE_CURVE((1.,
0.990784425015,1.)) REPRESENTATION_ITEM('') );
#8085 = CARTESIAN_POINT('',(-5.293876822753,-10.26084714755,
    21.117792509309));
#8086 = CARTESIAN_POINT('',(-3.891136171459,-10.98456285206,
    21.117792509309));
#8087 = CARTESIAN_POINT('',(-2.345620215168,-11.30522807404,
    21.117792509309));
#8088 = PCURVE('',#7853,#8089);
#8089 = DEFINITIONAL_REPRESENTATION('',(#8090),#8095);
#8090 = B_SPLINE_CURVE_WITH_KNOTS('',3,(#8091,#8092,#8093,#8094),
  .UNSPECIFIED.,.F.,.F.,(4,4),(1.094486242717,1.366217938962),
  .PIECEWISE_BEZIER_KNOTS.);
#8091 = CARTESIAN_POINT('',(1.080787469539,3.478079485993E-18));
#8092 = CARTESIAN_POINT('',(1.168474317451,1.029144212473E-17));
#8093 = CARTESIAN_POINT('',(1.258816394817,-2.374802011249E-18));
#8094 = CARTESIAN_POINT('',(1.352070796406,3.486073645731E-18));
#8095 = ( GEOMETRIC_REPRESENTATION_CONTEXT(2) 
PARAMETRIC_REPRESENTATION_CONTEXT() REPRESENTATION_CONTEXT('2D SPACE',''
  ) );
#8096 = PCURVE('',#7460,#8097);
#8097 = DEFINITIONAL_REPRESENTATION('',(#8098),#8102);
#8098 = ( BOUNDED_CURVE() B_SPLINE_CURVE(2,(#8099,#8100,#8101),
.UNSPECIFIED.,.F.,.F.) B_SPLINE_CURVE_WITH_KNOTS((3,3),(1.094486242717,
1.366217938962),.PIECEWISE_BEZIER_KNOTS.) CURVE() 
GEOMETRIC_REPRESENTATION_ITEM() RATIONAL_B_SPLINE_CURVE((1.,
0.990784425015,1.)) REPRESENTATION_ITEM('') );
#8099 = CARTESIAN_POINT('',(-5.293876822753E-03,-1.026084714756E-02));
#8100 = CARTESIAN_POINT('',(-3.891136171459E-03,-1.098456285206E-02));
#8101 = CARTESIAN_POINT('',(-2.345620215168E-03,-1.130522807405E-02));
#8102 = ( GEOMETRIC_REPRESENTATION_CONTEXT(2) 
PARAMETRIC_REPRESENTATION_CONTEXT() REPRESENTATION_CONTEXT('2D SPACE',''
  ) );
#8103 = ORIENTED_EDGE('',*,*,#8104,.F.);
#8104 = EDGE_CURVE('',#8105,#8081,#8107,.T.);
#8105 = VERTEX_POINT('',#8106);
#8106 = CARTESIAN_POINT('',(-8.542692952148,-7.767400667233,
    21.117792509309));
#8107 = SURFACE_CURVE('',#8108,(#8112,#8119),.PCURVE_S1.);
#8108 = ( BOUNDED_CURVE() B_SPLINE_CURVE(2,(#8109,#8110,#8111),
.UNSPECIFIED.,.F.,.F.) B_SPLINE_CURVE_WITH_KNOTS((3,3),(3.251173531116,
3.607760365589),.PIECEWISE_BEZIER_KNOTS.) CURVE() 
GEOMETRIC_REPRESENTATION_ITEM() RATIONAL_B_SPLINE_CURVE((1.,
0.984147788739,1.)) REPRESENTATION_ITEM('') );
#8109 = CARTESIAN_POINT('',(-8.542692952148,-7.767400667233,
    21.117792509309));
#8110 = CARTESIAN_POINT('',(-7.142953119945,-9.306853582265,
    21.117792509309));
#8111 = CARTESIAN_POINT('',(-5.293876822753,-10.26084714755,
    21.117792509309));
#8112 = PCURVE('',#7853,#8113);
#8113 = DEFINITIONAL_REPRESENTATION('',(#8114),#8118);
#8114 = B_SPLINE_CURVE_WITH_KNOTS('',2,(#8115,#8116,#8117),
  .UNSPECIFIED.,.F.,.F.,(3,3),(3.251173531116,3.607760365589),
  .PIECEWISE_BEZIER_KNOTS.);
#8115 = CARTESIAN_POINT('',(0.740358051406,6.938496458674E-18));
#8116 = CARTESIAN_POINT('',(0.90857994241,-6.747253684355E-18));
#8117 = CARTESIAN_POINT('',(1.080787469539,3.478109797757E-18));
#8118 = ( GEOMETRIC_REPRESENTATION_CONTEXT(2) 
PARAMETRIC_REPRESENTATION_CONTEXT() REPRESENTATION_CONTEXT('2D SPACE',''
  ) );
#8119 = PCURVE('',#7489,#8120);
#8120 = DEFINITIONAL_REPRESENTATION('',(#8121),#8125);
#8121 = ( BOUNDED_CURVE() B_SPLINE_CURVE(2,(#8122,#8123,#8124),
.UNSPECIFIED.,.F.,.F.) B_SPLINE_CURVE_WITH_KNOTS((3,3),(3.251173531116,
3.607760365589),.PIECEWISE_BEZIER_KNOTS.) CURVE() 
GEOMETRIC_REPRESENTATION_ITEM() RATIONAL_B_SPLINE_CURVE((1.,
0.984147788739,1.)) REPRESENTATION_ITEM('') );
#8122 = CARTESIAN_POINT('',(7.353819118649E-03,-4.313026412704E-03));
#8123 = CARTESIAN_POINT('',(7.58136471055E-03,-2.244836411988E-03));
#8124 = CARTESIAN_POINT('',(8.516555510414E-03,-3.861796272901E-04));
#8125 = ( GEOMETRIC_REPRESENTATION_CONTEXT(2) 
PARAMETRIC_REPRESENTATION_CONTEXT() REPRESENTATION_CONTEXT('2D SPACE',''
  ) );
#8126 = ORIENTED_EDGE('',*,*,#8127,.F.);
#8127 = EDGE_CURVE('',#8128,#8105,#8130,.T.);
#8128 = VERTEX_POINT('',#8129);
#8129 = CARTESIAN_POINT('',(-10.31401094509,-5.18953699519,
    21.117792509309));
#8130 = SURFACE_CURVE('',#8131,(#8135,#8142),.PCURVE_S1.);
#8131 = ( BOUNDED_CURVE() B_SPLINE_CURVE(2,(#8132,#8133,#8134),
.UNSPECIFIED.,.F.,.F.) B_SPLINE_CURVE_WITH_KNOTS((3,3),(0.466167711999,
0.737899408244),.PIECEWISE_BEZIER_KNOTS.) CURVE() 
GEOMETRIC_REPRESENTATION_ITEM() RATIONAL_B_SPLINE_CURVE((1.,
0.990784425015,1.)) REPRESENTATION_ITEM('') );
#8132 = CARTESIAN_POINT('',(-10.31401094509,-5.18953699519,
    21.117792509309));
#8133 = CARTESIAN_POINT('',(-9.604559337459,-6.599545566852,
    21.117792509309));
#8134 = CARTESIAN_POINT('',(-8.542692952148,-7.767400667233,
    21.117792509309));
#8135 = PCURVE('',#7853,#8136);
#8136 = DEFINITIONAL_REPRESENTATION('',(#8137),#8141);
#8137 = B_SPLINE_CURVE_WITH_KNOTS('',2,(#8138,#8139,#8140),
  .UNSPECIFIED.,.F.,.F.,(3,3),(0.466167711999,0.737899408244),
  .PIECEWISE_BEZIER_KNOTS.);
#8138 = CARTESIAN_POINT('',(0.480152050175,6.938861386923E-18));
#8139 = CARTESIAN_POINT('',(0.611882751063,-6.840712844022E-18));
#8140 = CARTESIAN_POINT('',(0.740358051406,6.938893903907E-18));
#8141 = ( GEOMETRIC_REPRESENTATION_CONTEXT(2) 
PARAMETRIC_REPRESENTATION_CONTEXT() REPRESENTATION_CONTEXT('2D SPACE',''
  ) );
#8142 = PCURVE('',#7517,#8143);
#8143 = DEFINITIONAL_REPRESENTATION('',(#8144),#8148);
#8144 = ( BOUNDED_CURVE() B_SPLINE_CURVE(2,(#8145,#8146,#8147),
.UNSPECIFIED.,.F.,.F.) B_SPLINE_CURVE_WITH_KNOTS((3,3),(0.466167711999,
0.737899408244),.PIECEWISE_BEZIER_KNOTS.) CURVE() 
GEOMETRIC_REPRESENTATION_ITEM() RATIONAL_B_SPLINE_CURVE((1.,
0.990784425015,1.)) REPRESENTATION_ITEM('') );
#8145 = CARTESIAN_POINT('',(-1.03140109451E-02,-5.18953699519E-03));
#8146 = CARTESIAN_POINT('',(-9.604559337459E-03,-6.599545566852E-03));
#8147 = CARTESIAN_POINT('',(-8.542692952148E-03,-7.767400667233E-03));
#8148 = ( GEOMETRIC_REPRESENTATION_CONTEXT(2) 
PARAMETRIC_REPRESENTATION_CONTEXT() REPRESENTATION_CONTEXT('2D SPACE',''
  ) );
#8149 = ORIENTED_EDGE('',*,*,#8150,.F.);
#8150 = EDGE_CURVE('',#8151,#8128,#8153,.T.);
#8151 = VERTEX_POINT('',#8152);
#8152 = CARTESIAN_POINT('',(-11.47674733686,-1.262690209775,
    21.117792509309));
#8153 = SURFACE_CURVE('',#8154,(#8158,#8166),.PCURVE_S1.);
#8154 = ( BOUNDED_CURVE() B_SPLINE_CURVE(2,(#8155,#8156,#8157),
.UNSPECIFIED.,.F.,.F.) B_SPLINE_CURVE_WITH_KNOTS((3,3),(3.251173531116,
3.607760365589),.PIECEWISE_BEZIER_KNOTS.) CURVE() 
GEOMETRIC_REPRESENTATION_ITEM() RATIONAL_B_SPLINE_CURVE((1.,
0.984147788739,1.)) REPRESENTATION_ITEM('') );
#8155 = CARTESIAN_POINT('',(-11.47674733686,-1.262690209775,
    21.117792509309));
#8156 = CARTESIAN_POINT('',(-11.24920174496,-3.330880210492,
    21.117792509309));
#8157 = CARTESIAN_POINT('',(-10.31401094509,-5.18953699519,
    21.117792509309));
#8158 = PCURVE('',#7853,#8159);
#8159 = DEFINITIONAL_REPRESENTATION('',(#8160),#8165);
#8160 = B_SPLINE_CURVE_WITH_KNOTS('',3,(#8161,#8162,#8163,#8164),
  .UNSPECIFIED.,.F.,.F.,(4,4),(3.251173531116,3.607760365589),
  .PIECEWISE_BEZIER_KNOTS.);
#8161 = CARTESIAN_POINT('',(0.119129351286,1.090846922451E-20));
#8162 = CARTESIAN_POINT('',(0.245059696885,9.799680551564E-18));
#8163 = CARTESIAN_POINT('',(0.365152379474,-3.559146663022E-18));
#8164 = CARTESIAN_POINT('',(0.480152050175,6.956553518511E-18));
#8165 = ( GEOMETRIC_REPRESENTATION_CONTEXT(2) 
PARAMETRIC_REPRESENTATION_CONTEXT() REPRESENTATION_CONTEXT('2D SPACE',''
  ) );
#8166 = PCURVE('',#7546,#8167);
#8167 = DEFINITIONAL_REPRESENTATION('',(#8168),#8172);
#8168 = ( BOUNDED_CURVE() B_SPLINE_CURVE(2,(#8169,#8170,#8171),
.UNSPECIFIED.,.F.,.F.) B_SPLINE_CURVE_WITH_KNOTS((3,3),(3.251173531116,
3.607760365589),.PIECEWISE_BEZIER_KNOTS.) CURVE() 
GEOMETRIC_REPRESENTATION_ITEM() RATIONAL_B_SPLINE_CURVE((1.,
0.984147788739,1.)) REPRESENTATION_ITEM('') );
#8169 = CARTESIAN_POINT('',(7.353819118649E-03,-4.313026412704E-03));
#8170 = CARTESIAN_POINT('',(7.58136471055E-03,-2.244836411988E-03));
#8171 = CARTESIAN_POINT('',(8.516555510414E-03,-3.861796272901E-04));
#8172 = ( GEOMETRIC_REPRESENTATION_CONTEXT(2) 
PARAMETRIC_REPRESENTATION_CONTEXT() REPRESENTATION_CONTEXT('2D SPACE',''
  ) );
#8173 = ORIENTED_EDGE('',*,*,#8174,.F.);
#8174 = EDGE_CURVE('',#7839,#8151,#8175,.T.);
#8175 = SURFACE_CURVE('',#8176,(#8180,#8187),.PCURVE_S1.);
#8176 = ( BOUNDED_CURVE() B_SPLINE_CURVE(2,(#8177,#8178,#8179),
.UNSPECIFIED.,.F.,.F.) B_SPLINE_CURVE_WITH_KNOTS((3,3),(0.,
0.109580877526),.PIECEWISE_BEZIER_KNOTS.) CURVE() 
GEOMETRIC_REPRESENTATION_ITEM() RATIONAL_B_SPLINE_CURVE((1.,
0.998499379371,1.)) REPRESENTATION_ITEM('') );
#8177 = CARTESIAN_POINT('',(-11.546,0.,21.117792509309));
#8178 = CARTESIAN_POINT('',(-11.546,-0.633244197521,21.117792509309));
#8179 = CARTESIAN_POINT('',(-11.47674733686,-1.262690209775,
    21.117792509309));
#8180 = PCURVE('',#7853,#8181);
#8181 = DEFINITIONAL_REPRESENTATION('',(#8182),#8186);
#8182 = B_SPLINE_CURVE_WITH_KNOTS('',2,(#8183,#8184,#8185),
  .UNSPECIFIED.,.F.,.F.,(3,3),(0.,0.109580877526),
  .PIECEWISE_BEZIER_KNOTS.);
#8183 = CARTESIAN_POINT('',(0.,0.));
#8184 = CARTESIAN_POINT('',(6.081323501073E-02,1.212925013968E-17));
#8185 = CARTESIAN_POINT('',(0.119129351286,1.096148024917E-20));
#8186 = ( GEOMETRIC_REPRESENTATION_CONTEXT(2) 
PARAMETRIC_REPRESENTATION_CONTEXT() REPRESENTATION_CONTEXT('2D SPACE',''
  ) );
#8187 = PCURVE('',#7246,#8188);
#8188 = DEFINITIONAL_REPRESENTATION('',(#8189),#8193);
#8189 = ( BOUNDED_CURVE() B_SPLINE_CURVE(2,(#8190,#8191,#8192),
.UNSPECIFIED.,.F.,.F.) B_SPLINE_CURVE_WITH_KNOTS((3,3),(0.,
0.109580877526),.PIECEWISE_BEZIER_KNOTS.) CURVE() 
GEOMETRIC_REPRESENTATION_ITEM() RATIONAL_B_SPLINE_CURVE((1.,
0.998499379371,1.)) REPRESENTATION_ITEM('') );
#8190 = CARTESIAN_POINT('',(-1.1546E-02,-1.212583892359E-18));
#8191 = CARTESIAN_POINT('',(-1.1546E-02,-6.332441975214E-04));
#8192 = CARTESIAN_POINT('',(-1.147674733686E-02,-1.262690209776E-03));
#8193 = ( GEOMETRIC_REPRESENTATION_CONTEXT(2) 
PARAMETRIC_REPRESENTATION_CONTEXT() REPRESENTATION_CONTEXT('2D SPACE',''
  ) );
#8194 = ADVANCED_FACE('',(#8195),#7606,.T.);
#8195 = FACE_BOUND('',#8196,.T.);
#8196 = EDGE_LOOP('',(#8197,#8198,#8219,#8220,#8244,#8268,#8291,#8314,
    #8338));
#8197 = ORIENTED_EDGE('',*,*,#8034,.T.);
#8198 = ORIENTED_EDGE('',*,*,#8199,.T.);
#8199 = EDGE_CURVE('',#8012,#7585,#8200,.T.);
#8200 = SURFACE_CURVE('',#8201,(#8205,#8212),.PCURVE_S1.);
#8201 = ( BOUNDED_CURVE() B_SPLINE_CURVE(2,(#8202,#8203,#8204),
.UNSPECIFIED.,.F.,.F.) B_SPLINE_CURVE_WITH_KNOTS((3,3),(1.570796326795,
3.14159265359),.PIECEWISE_BEZIER_KNOTS.) CURVE() 
GEOMETRIC_REPRESENTATION_ITEM() RATIONAL_B_SPLINE_CURVE((1.,
0.707106781187,1.)) REPRESENTATION_ITEM('') );
#8202 = CARTESIAN_POINT('',(-7.069885971478E-16,-11.546,23.728525574434)
  );
#8203 = CARTESIAN_POINT('',(11.546,-11.546,23.728525574434));
#8204 = CARTESIAN_POINT('',(11.546,-1.413977194296E-15,23.728525574434)
  );
#8205 = PCURVE('',#7606,#8206);
#8206 = DEFINITIONAL_REPRESENTATION('',(#8207),#8211);
#8207 = B_SPLINE_CURVE_WITH_KNOTS('',2,(#8208,#8209,#8210),
  .UNSPECIFIED.,.F.,.F.,(3,3),(1.570796326795,3.14159265359),
  .PIECEWISE_BEZIER_KNOTS.);
#8208 = CARTESIAN_POINT('',(1.570796326795,-2.610733065125E-03));
#8209 = CARTESIAN_POINT('',(2.356194490192,-2.610733065125E-03));
#8210 = CARTESIAN_POINT('',(3.14159265359,-2.610733065125E-03));
#8211 = ( GEOMETRIC_REPRESENTATION_CONTEXT(2) 
PARAMETRIC_REPRESENTATION_CONTEXT() REPRESENTATION_CONTEXT('2D SPACE',''
  ) );
#8212 = PCURVE('',#6751,#8213);
#8213 = DEFINITIONAL_REPRESENTATION('',(#8214),#8218);
#8214 = ( BOUNDED_CURVE() B_SPLINE_CURVE(2,(#8215,#8216,#8217),
.UNSPECIFIED.,.F.,.F.) B_SPLINE_CURVE_WITH_KNOTS((3,3),(1.570796326795,
3.14159265359),.PIECEWISE_BEZIER_KNOTS.) CURVE() 
GEOMETRIC_REPRESENTATION_ITEM() RATIONAL_B_SPLINE_CURVE((1.,
0.707106781187,1.)) REPRESENTATION_ITEM('') );
#8215 = CARTESIAN_POINT('',(-7.069885971478E-19,-1.1546E-02));
#8216 = CARTESIAN_POINT('',(1.1546E-02,-1.1546E-02));
#8217 = CARTESIAN_POINT('',(1.1546E-02,-2.626561086654E-18));
#8218 = ( GEOMETRIC_REPRESENTATION_CONTEXT(2) 
PARAMETRIC_REPRESENTATION_CONTEXT() REPRESENTATION_CONTEXT('2D SPACE',''
  ) );
#8219 = ORIENTED_EDGE('',*,*,#7582,.F.);
#8220 = ORIENTED_EDGE('',*,*,#8221,.F.);
#8221 = EDGE_CURVE('',#8222,#7583,#8224,.T.);
#8222 = VERTEX_POINT('',#8223);
#8223 = CARTESIAN_POINT('',(11.39454344675,-1.863999903465,
    21.117792509309));
#8224 = SURFACE_CURVE('',#8225,(#8229,#8237),.PCURVE_S1.);
#8225 = ( BOUNDED_CURVE() B_SPLINE_CURVE(2,(#8226,#8227,#8228),
.UNSPECIFIED.,.F.,.F.) B_SPLINE_CURVE_WITH_KNOTS((3,3),(2.979441834871,
3.14159265359),.PIECEWISE_BEZIER_KNOTS.) CURVE() 
GEOMETRIC_REPRESENTATION_ITEM() RATIONAL_B_SPLINE_CURVE((1.,
0.996715188906,1.)) REPRESENTATION_ITEM('') );
#8226 = CARTESIAN_POINT('',(11.39454344675,-1.863999903465,
    21.117792509309));
#8227 = CARTESIAN_POINT('',(11.546,-0.938153140764,21.117792509309));
#8228 = CARTESIAN_POINT('',(11.546,-1.413977194296E-15,21.117792509309)
  );
#8229 = PCURVE('',#7606,#8230);
#8230 = DEFINITIONAL_REPRESENTATION('',(#8231),#8236);
#8231 = B_SPLINE_CURVE_WITH_KNOTS('',3,(#8232,#8233,#8234,#8235),
  .UNSPECIFIED.,.F.,.F.,(4,4),(2.979441834871,3.14159265359),
  .PIECEWISE_BEZIER_KNOTS.);
#8232 = CARTESIAN_POINT('',(2.966969873387,3.469273739835E-18));
#8233 = CARTESIAN_POINT('',(3.023468096817,6.400120997555E-18));
#8234 = CARTESIAN_POINT('',(3.081623960314,2.337694260877E-18));
#8235 = CARTESIAN_POINT('',(3.14159265359,0.));
#8236 = ( GEOMETRIC_REPRESENTATION_CONTEXT(2) 
PARAMETRIC_REPRESENTATION_CONTEXT() REPRESENTATION_CONTEXT('2D SPACE',''
  ) );
#8237 = PCURVE('',#6949,#8238);
#8238 = DEFINITIONAL_REPRESENTATION('',(#8239),#8243);
#8239 = ( BOUNDED_CURVE() B_SPLINE_CURVE(2,(#8240,#8241,#8242),
.UNSPECIFIED.,.F.,.F.) B_SPLINE_CURVE_WITH_KNOTS((3,3),(2.979441834871,
3.14159265359),.PIECEWISE_BEZIER_KNOTS.) CURVE() 
GEOMETRIC_REPRESENTATION_ITEM() RATIONAL_B_SPLINE_CURVE((1.,
0.996715188906,1.)) REPRESENTATION_ITEM('') );
#8240 = CARTESIAN_POINT('',(1.139454344675E-02,-1.863999903465E-03));
#8241 = CARTESIAN_POINT('',(1.1546E-02,-9.38153140764E-04));
#8242 = CARTESIAN_POINT('',(1.1546E-02,-2.626561086654E-18));
#8243 = ( GEOMETRIC_REPRESENTATION_CONTEXT(2) 
PARAMETRIC_REPRESENTATION_CONTEXT() REPRESENTATION_CONTEXT('2D SPACE',''
  ) );
#8244 = ORIENTED_EDGE('',*,*,#8245,.F.);
#8245 = EDGE_CURVE('',#8246,#8222,#8248,.T.);
#8246 = VERTEX_POINT('',#8247);
#8247 = CARTESIAN_POINT('',(10.027074319188,-5.724324990554,
    21.117792509309));
#8248 = SURFACE_CURVE('',#8249,(#8253,#8261),.PCURVE_S1.);
#8249 = ( BOUNDED_CURVE() B_SPLINE_CURVE(2,(#8250,#8251,#8252),
.UNSPECIFIED.,.F.,.F.) B_SPLINE_CURVE_WITH_KNOTS((3,3),(3.251173531116,
3.607760365589),.PIECEWISE_BEZIER_KNOTS.) CURVE() 
GEOMETRIC_REPRESENTATION_ITEM() RATIONAL_B_SPLINE_CURVE((1.,
0.984147788739,1.)) REPRESENTATION_ITEM('') );
#8250 = CARTESIAN_POINT('',(10.027074319188,-5.724324990554,
    21.117792509309));
#8251 = CARTESIAN_POINT('',(11.058637649705,-3.917376189235,
    21.117792509309));
#8252 = CARTESIAN_POINT('',(11.39454344675,-1.863999903465,
    21.117792509309));
#8253 = PCURVE('',#7606,#8254);
#8254 = DEFINITIONAL_REPRESENTATION('',(#8255),#8260);
#8255 = B_SPLINE_CURVE_WITH_KNOTS('',3,(#8256,#8257,#8258,#8259),
  .UNSPECIFIED.,.F.,.F.,(4,4),(3.251173531116,3.607760365589),
  .PIECEWISE_BEZIER_KNOTS.);
#8256 = CARTESIAN_POINT('',(2.610513300431,3.477297641458E-18));
#8257 = CARTESIAN_POINT('',(2.724623814011,6.553565993937E-18));
#8258 = CARTESIAN_POINT('',(2.843248312651,4.129556207846E-18));
#8259 = CARTESIAN_POINT('',(2.966969873387,3.469273739835E-18));
#8260 = ( GEOMETRIC_REPRESENTATION_CONTEXT(2) 
PARAMETRIC_REPRESENTATION_CONTEXT() REPRESENTATION_CONTEXT('2D SPACE',''
  ) );
#8261 = PCURVE('',#7057,#8262);
#8262 = DEFINITIONAL_REPRESENTATION('',(#8263),#8267);
#8263 = ( BOUNDED_CURVE() B_SPLINE_CURVE(2,(#8264,#8265,#8266),
.UNSPECIFIED.,.F.,.F.) B_SPLINE_CURVE_WITH_KNOTS((3,3),(3.251173531116,
3.607760365589),.PIECEWISE_BEZIER_KNOTS.) CURVE() 
GEOMETRIC_REPRESENTATION_ITEM() RATIONAL_B_SPLINE_CURVE((1.,
0.984147788739,1.)) REPRESENTATION_ITEM('') );
#8264 = CARTESIAN_POINT('',(7.353819118649E-03,-4.313026412704E-03));
#8265 = CARTESIAN_POINT('',(7.58136471055E-03,-2.244836411988E-03));
#8266 = CARTESIAN_POINT('',(8.516555510414E-03,-3.861796272901E-04));
#8267 = ( GEOMETRIC_REPRESENTATION_CONTEXT(2) 
PARAMETRIC_REPRESENTATION_CONTEXT() REPRESENTATION_CONTEXT('2D SPACE',''
  ) );
#8268 = ORIENTED_EDGE('',*,*,#8269,.F.);
#8269 = EDGE_CURVE('',#8270,#8246,#8272,.T.);
#8270 = VERTEX_POINT('',#8271);
#8271 = CARTESIAN_POINT('',(8.122747638034,-8.205552194022,
    21.117792509309));
#8272 = SURFACE_CURVE('',#8273,(#8277,#8284),.PCURVE_S1.);
#8273 = ( BOUNDED_CURVE() B_SPLINE_CURVE(2,(#8274,#8275,#8276),
.UNSPECIFIED.,.F.,.F.) B_SPLINE_CURVE_WITH_KNOTS((3,3),(2.351123304153,
2.622855000398),.PIECEWISE_BEZIER_KNOTS.) CURVE() 
GEOMETRIC_REPRESENTATION_ITEM() RATIONAL_B_SPLINE_CURVE((1.,
0.990784425015,1.)) REPRESENTATION_ITEM('') );
#8274 = CARTESIAN_POINT('',(8.122747638034,-8.205552194022,
    21.117792509309));
#8275 = CARTESIAN_POINT('',(9.244512874699,-7.095107008725,
    21.117792509309));
#8276 = CARTESIAN_POINT('',(10.027074319188,-5.724324990554,
    21.117792509309));
#8277 = PCURVE('',#7606,#8278);
#8278 = DEFINITIONAL_REPRESENTATION('',(#8279),#8283);
#8279 = B_SPLINE_CURVE_WITH_KNOTS('',2,(#8280,#8281,#8282),
  .UNSPECIFIED.,.F.,.F.,(3,3),(2.351123304153,2.622855000398),
  .PIECEWISE_BEZIER_KNOTS.);
#8280 = CARTESIAN_POINT('',(2.351386694046,6.93887526743E-18));
#8281 = CARTESIAN_POINT('',(2.479795368002,-4.814354476515E-18));
#8282 = CARTESIAN_POINT('',(2.610513300431,3.477297641458E-18));
#8283 = ( GEOMETRIC_REPRESENTATION_CONTEXT(2) 
PARAMETRIC_REPRESENTATION_CONTEXT() REPRESENTATION_CONTEXT('2D SPACE',''
  ) );
#8284 = PCURVE('',#7085,#8285);
#8285 = DEFINITIONAL_REPRESENTATION('',(#8286),#8290);
#8286 = ( BOUNDED_CURVE() B_SPLINE_CURVE(2,(#8287,#8288,#8289),
.UNSPECIFIED.,.F.,.F.) B_SPLINE_CURVE_WITH_KNOTS((3,3),(2.351123304153,
2.622855000398),.PIECEWISE_BEZIER_KNOTS.) CURVE() 
GEOMETRIC_REPRESENTATION_ITEM() RATIONAL_B_SPLINE_CURVE((1.,
0.990784425015,1.)) REPRESENTATION_ITEM('') );
#8287 = CARTESIAN_POINT('',(8.122747638034E-03,-8.205552194022E-03));
#8288 = CARTESIAN_POINT('',(9.244512874699E-03,-7.095107008725E-03));
#8289 = CARTESIAN_POINT('',(1.002707431919E-02,-5.724324990554E-03));
#8290 = ( GEOMETRIC_REPRESENTATION_CONTEXT(2) 
PARAMETRIC_REPRESENTATION_CONTEXT() REPRESENTATION_CONTEXT('2D SPACE',''
  ) );
#8291 = ORIENTED_EDGE('',*,*,#8292,.F.);
#8292 = EDGE_CURVE('',#8293,#8270,#8295,.T.);
#8293 = VERTEX_POINT('',#8294);
#8294 = CARTESIAN_POINT('',(4.747399719306,-10.52484260714,
    21.117792509309));
#8295 = SURFACE_CURVE('',#8296,(#8300,#8307),.PCURVE_S1.);
#8296 = ( BOUNDED_CURVE() B_SPLINE_CURVE(2,(#8297,#8298,#8299),
.UNSPECIFIED.,.F.,.F.) B_SPLINE_CURVE_WITH_KNOTS((3,3),(3.251173531116,
3.607760365589),.PIECEWISE_BEZIER_KNOTS.) CURVE() 
GEOMETRIC_REPRESENTATION_ITEM() RATIONAL_B_SPLINE_CURVE((1.,
0.984147788739,1.)) REPRESENTATION_ITEM('') );
#8297 = CARTESIAN_POINT('',(4.747399719306,-10.52484260714,
    21.117792509309));
#8298 = CARTESIAN_POINT('',(6.644049841531,-9.669328031394,
    21.117792509309));
#8299 = CARTESIAN_POINT('',(8.122747638034,-8.205552194022,
    21.117792509309));
#8300 = PCURVE('',#7606,#8301);
#8301 = DEFINITIONAL_REPRESENTATION('',(#8302),#8306);
#8302 = B_SPLINE_CURVE_WITH_KNOTS('',2,(#8303,#8304,#8305),
  .UNSPECIFIED.,.F.,.F.,(3,3),(3.251173531116,3.607760365589),
  .PIECEWISE_BEZIER_KNOTS.);
#8303 = CARTESIAN_POINT('',(2.009534429678,3.478892174932E-18));
#8304 = CARTESIAN_POINT('',(2.183269917941,-4.828222272629E-18));
#8305 = CARTESIAN_POINT('',(2.351386694046,6.93887526743E-18));
#8306 = ( GEOMETRIC_REPRESENTATION_CONTEXT(2) 
PARAMETRIC_REPRESENTATION_CONTEXT() REPRESENTATION_CONTEXT('2D SPACE',''
  ) );
#8307 = PCURVE('',#7114,#8308);
#8308 = DEFINITIONAL_REPRESENTATION('',(#8309),#8313);
#8309 = ( BOUNDED_CURVE() B_SPLINE_CURVE(2,(#8310,#8311,#8312),
.UNSPECIFIED.,.F.,.F.) B_SPLINE_CURVE_WITH_KNOTS((3,3),(3.251173531116,
3.607760365589),.PIECEWISE_BEZIER_KNOTS.) CURVE() 
GEOMETRIC_REPRESENTATION_ITEM() RATIONAL_B_SPLINE_CURVE((1.,
0.984147788739,1.)) REPRESENTATION_ITEM('') );
#8310 = CARTESIAN_POINT('',(7.353819118649E-03,-4.313026412704E-03));
#8311 = CARTESIAN_POINT('',(7.58136471055E-03,-2.244836411988E-03));
#8312 = CARTESIAN_POINT('',(8.516555510414E-03,-3.861796272901E-04));
#8313 = ( GEOMETRIC_REPRESENTATION_CONTEXT(2) 
PARAMETRIC_REPRESENTATION_CONTEXT() REPRESENTATION_CONTEXT('2D SPACE',''
  ) );
#8314 = ORIENTED_EDGE('',*,*,#8315,.F.);
#8315 = EDGE_CURVE('',#8316,#8293,#8318,.T.);
#8316 = VERTEX_POINT('',#8317);
#8317 = CARTESIAN_POINT('',(1.748338313626,-11.41286244292,
    21.117792509309));
#8318 = SURFACE_CURVE('',#8319,(#8323,#8331),.PCURVE_S1.);
#8319 = ( BOUNDED_CURVE() B_SPLINE_CURVE(2,(#8320,#8321,#8322),
.UNSPECIFIED.,.F.,.F.) B_SPLINE_CURVE_WITH_KNOTS((3,3),(1.722804773435,
1.99453646968),.PIECEWISE_BEZIER_KNOTS.) CURVE() 
GEOMETRIC_REPRESENTATION_ITEM() RATIONAL_B_SPLINE_CURVE((1.,
0.990784425015,1.)) REPRESENTATION_ITEM('') );
#8320 = CARTESIAN_POINT('',(1.748338313626,-11.41286244292,
    21.117792509309));
#8321 = CARTESIAN_POINT('',(3.308568757184,-11.17385047934,
    21.117792509309));
#8322 = CARTESIAN_POINT('',(4.747399719306,-10.52484260714,
    21.117792509309));
#8323 = PCURVE('',#7606,#8324);
#8324 = DEFINITIONAL_REPRESENTATION('',(#8325),#8330);
#8325 = B_SPLINE_CURVE_WITH_KNOTS('',3,(#8326,#8327,#8328,#8329),
  .UNSPECIFIED.,.F.,.F.,(4,4),(1.722804773435,1.99453646968),
  .PIECEWISE_BEZIER_KNOTS.);
#8326 = CARTESIAN_POINT('',(1.734788362401,1.402875784846E-20));
#8327 = CARTESIAN_POINT('',(1.829590933883,9.882519616054E-18));
#8328 = CARTESIAN_POINT('',(1.921063517548,-3.26227307982E-18));
#8329 = CARTESIAN_POINT('',(2.009534429678,6.948339125328E-18));
#8330 = ( GEOMETRIC_REPRESENTATION_CONTEXT(2) 
PARAMETRIC_REPRESENTATION_CONTEXT() REPRESENTATION_CONTEXT('2D SPACE',''
  ) );
#8331 = PCURVE('',#7142,#8332);
#8332 = DEFINITIONAL_REPRESENTATION('',(#8333),#8337);
#8333 = ( BOUNDED_CURVE() B_SPLINE_CURVE(2,(#8334,#8335,#8336),
.UNSPECIFIED.,.F.,.F.) B_SPLINE_CURVE_WITH_KNOTS((3,3),(1.722804773435,
1.99453646968),.PIECEWISE_BEZIER_KNOTS.) CURVE() 
GEOMETRIC_REPRESENTATION_ITEM() RATIONAL_B_SPLINE_CURVE((1.,
0.990784425015,1.)) REPRESENTATION_ITEM('') );
#8334 = CARTESIAN_POINT('',(1.748338313626E-03,-1.141286244292E-02));
#8335 = CARTESIAN_POINT('',(3.308568757184E-03,-1.117385047934E-02));
#8336 = CARTESIAN_POINT('',(4.747399719306E-03,-1.052484260714E-02));
#8337 = ( GEOMETRIC_REPRESENTATION_CONTEXT(2) 
PARAMETRIC_REPRESENTATION_CONTEXT() REPRESENTATION_CONTEXT('2D SPACE',''
  ) );
#8338 = ORIENTED_EDGE('',*,*,#8339,.F.);
#8339 = EDGE_CURVE('',#8035,#8316,#8340,.T.);
#8340 = SURFACE_CURVE('',#8341,(#8345,#8353),.PCURVE_S1.);
#8341 = ( BOUNDED_CURVE() B_SPLINE_CURVE(2,(#8342,#8343,#8344),
.UNSPECIFIED.,.F.,.F.) B_SPLINE_CURVE_WITH_KNOTS((3,3),(3.455751918949,
3.607760365589),.PIECEWISE_BEZIER_KNOTS.) CURVE() 
GEOMETRIC_REPRESENTATION_ITEM() RATIONAL_B_SPLINE_CURVE((1.,
0.997113069151,1.)) REPRESENTATION_ITEM('') );
#8342 = CARTESIAN_POINT('',(-1.734723475977E-15,-11.546,21.117792509309)
  );
#8343 = CARTESIAN_POINT('',(0.87923843001,-11.546,21.117792509309));
#8344 = CARTESIAN_POINT('',(1.748338313626,-11.41286244292,
    21.117792509309));
#8345 = PCURVE('',#7606,#8346);
#8346 = DEFINITIONAL_REPRESENTATION('',(#8347),#8352);
#8347 = B_SPLINE_CURVE_WITH_KNOTS('',3,(#8348,#8349,#8350,#8351),
  .UNSPECIFIED.,.F.,.F.,(4,4),(3.455751918949,3.607760365589),
  .PIECEWISE_BEZIER_KNOTS.);
#8348 = CARTESIAN_POINT('',(1.570796326795,0.));
#8349 = CARTESIAN_POINT('',(1.627021551625,1.274041244427E-17));
#8350 = CARTESIAN_POINT('',(1.681642204323,4.070563497748E-18));
#8351 = CARTESIAN_POINT('',(1.734788362401,1.402875784846E-20));
#8352 = ( GEOMETRIC_REPRESENTATION_CONTEXT(2) 
PARAMETRIC_REPRESENTATION_CONTEXT() REPRESENTATION_CONTEXT('2D SPACE',''
  ) );
#8353 = PCURVE('',#7169,#8354);
#8354 = DEFINITIONAL_REPRESENTATION('',(#8355),#8359);
#8355 = ( BOUNDED_CURVE() B_SPLINE_CURVE(2,(#8356,#8357,#8358),
.UNSPECIFIED.,.F.,.F.) B_SPLINE_CURVE_WITH_KNOTS((3,3),(3.455751918949,
3.607760365589),.PIECEWISE_BEZIER_KNOTS.) CURVE() 
GEOMETRIC_REPRESENTATION_ITEM() RATIONAL_B_SPLINE_CURVE((1.,
0.997113069151,1.)) REPRESENTATION_ITEM('') );
#8356 = CARTESIAN_POINT('',(7.849667918366E-03,-2.007806405427E-03));
#8357 = CARTESIAN_POINT('',(8.121367535346E-03,-1.171600967189E-03));
#8358 = CARTESIAN_POINT('',(8.516555510414E-03,-3.861796272901E-04));
#8359 = ( GEOMETRIC_REPRESENTATION_CONTEXT(2) 
PARAMETRIC_REPRESENTATION_CONTEXT() REPRESENTATION_CONTEXT('2D SPACE',''
  ) );
#8360 = ADVANCED_FACE('',(#8361),#6949,.F.);
#8361 = FACE_BOUND('',#8362,.F.);
#8362 = EDGE_LOOP('',(#8363,#8364,#8365,#8388,#8408,#8429,#8430,#8431,
    #8454,#8474));
#8363 = ORIENTED_EDGE('',*,*,#7017,.T.);
#8364 = ORIENTED_EDGE('',*,*,#6935,.T.);
#8365 = ORIENTED_EDGE('',*,*,#8366,.F.);
#8366 = EDGE_CURVE('',#8367,#6907,#8369,.T.);
#8367 = VERTEX_POINT('',#8368);
#8368 = CARTESIAN_POINT('',(25.194603677046,3.930735893454E-02,
    21.117792509309));
#8369 = SURFACE_CURVE('',#8370,(#8374,#8381),.PCURVE_S1.);
#8370 = ( BOUNDED_CURVE() B_SPLINE_CURVE(2,(#8371,#8372,#8373),
.UNSPECIFIED.,.F.,.F.) B_SPLINE_CURVE_WITH_KNOTS((3,3),(4.660673809365,
6.312894917766),.PIECEWISE_BEZIER_KNOTS.) CURVE() 
GEOMETRIC_REPRESENTATION_ITEM() RATIONAL_B_SPLINE_CURVE((1.,
0.677740792224,1.)) REPRESENTATION_ITEM('') );
#8371 = CARTESIAN_POINT('',(25.194603677046,3.930735893455E-02,
    21.117792509309));
#8372 = CARTESIAN_POINT('',(25.965476158744,-5.94021168274E-04,
    21.117792509309));
#8373 = CARTESIAN_POINT('',(25.942546551203,0.770969803976,
    21.117792509309));
#8374 = PCURVE('',#6949,#8375);
#8375 = DEFINITIONAL_REPRESENTATION('',(#8376),#8380);
#8376 = ( BOUNDED_CURVE() B_SPLINE_CURVE(2,(#8377,#8378,#8379),
.UNSPECIFIED.,.F.,.F.) B_SPLINE_CURVE_WITH_KNOTS((3,3),(4.660673809365,
6.312894917766),.PIECEWISE_BEZIER_KNOTS.) CURVE() 
GEOMETRIC_REPRESENTATION_ITEM() RATIONAL_B_SPLINE_CURVE((1.,
0.677740792224,1.)) REPRESENTATION_ITEM('') );
#8377 = CARTESIAN_POINT('',(2.519460367705E-02,3.930735893455E-05));
#8378 = CARTESIAN_POINT('',(2.596547615874E-02,-5.940211682752E-07));
#8379 = CARTESIAN_POINT('',(2.59425465512E-02,7.70969803976E-04));
#8380 = ( GEOMETRIC_REPRESENTATION_CONTEXT(2) 
PARAMETRIC_REPRESENTATION_CONTEXT() REPRESENTATION_CONTEXT('2D SPACE',''
  ) );
#8381 = PCURVE('',#6923,#8382);
#8382 = DEFINITIONAL_REPRESENTATION('',(#8383),#8387);
#8383 = ( BOUNDED_CURVE() B_SPLINE_CURVE(2,(#8384,#8385,#8386),
.UNSPECIFIED.,.F.,.F.) B_SPLINE_CURVE_WITH_KNOTS((3,3),(4.660673809365,
6.312894917766),.PIECEWISE_BEZIER_KNOTS.) CURVE() 
GEOMETRIC_REPRESENTATION_ITEM() RATIONAL_B_SPLINE_CURVE((1.,
0.677740792224,1.)) REPRESENTATION_ITEM('') );
#8384 = CARTESIAN_POINT('',(-6.364037221537E-03,-5.536409263545E-03));
#8385 = CARTESIAN_POINT('',(-7.134909703235E-03,-5.576310643648E-03));
#8386 = CARTESIAN_POINT('',(-7.111980095694E-03,-4.804746818504E-03));
#8387 = ( GEOMETRIC_REPRESENTATION_CONTEXT(2) 
PARAMETRIC_REPRESENTATION_CONTEXT() REPRESENTATION_CONTEXT('2D SPACE',''
  ) );
#8388 = ORIENTED_EDGE('',*,*,#8389,.T.);
#8389 = EDGE_CURVE('',#8367,#8390,#8392,.T.);
#8390 = VERTEX_POINT('',#8391);
#8391 = CARTESIAN_POINT('',(12.052237429936,0.719573633223,
    21.117792509309));
#8392 = SURFACE_CURVE('',#8393,(#8396,#8402),.PCURVE_S1.);
#8393 = B_SPLINE_CURVE_WITH_KNOTS('',1,(#8394,#8395),.UNSPECIFIED.,.F.,
  .F.,(2,2),(7.604129429344E-04,1.392037315477E-02),
  .PIECEWISE_BEZIER_KNOTS.);
#8394 = CARTESIAN_POINT('',(25.194603677046,3.930735893454E-02,
    21.117792509309));
#8395 = CARTESIAN_POINT('',(12.052237429936,0.719573633223,
    21.117792509309));
#8396 = PCURVE('',#6949,#8397);
#8397 = DEFINITIONAL_REPRESENTATION('',(#8398),#8401);
#8398 = B_SPLINE_CURVE_WITH_KNOTS('',1,(#8399,#8400),.UNSPECIFIED.,.F.,
  .F.,(2,2),(7.604129429344E-04,1.392037315477E-02),
  .PIECEWISE_BEZIER_KNOTS.);
#8399 = CARTESIAN_POINT('',(2.519460367705E-02,3.930735893454E-05));
#8400 = CARTESIAN_POINT('',(1.205223742994E-02,7.195736332234E-04));
#8401 = ( GEOMETRIC_REPRESENTATION_CONTEXT(2) 
PARAMETRIC_REPRESENTATION_CONTEXT() REPRESENTATION_CONTEXT('2D SPACE',''
  ) );
#8402 = PCURVE('',#6923,#8403);
#8403 = DEFINITIONAL_REPRESENTATION('',(#8404),#8407);
#8404 = B_SPLINE_CURVE_WITH_KNOTS('',1,(#8405,#8406),.UNSPECIFIED.,.F.,
  .F.,(2,2),(7.604129429344E-04,1.392037315477E-02),
  .PIECEWISE_BEZIER_KNOTS.);
#8405 = CARTESIAN_POINT('',(-6.364037221537E-03,-5.536409263545E-03));
#8406 = CARTESIAN_POINT('',(6.778329025574E-03,-4.856142989256E-03));
#8407 = ( GEOMETRIC_REPRESENTATION_CONTEXT(2) 
PARAMETRIC_REPRESENTATION_CONTEXT() REPRESENTATION_CONTEXT('2D SPACE',''
  ) );
#8408 = ORIENTED_EDGE('',*,*,#8409,.T.);
#8409 = EDGE_CURVE('',#8390,#7767,#8410,.T.);
#8410 = SURFACE_CURVE('',#8411,(#8415,#8422),.PCURVE_S1.);
#8411 = ( BOUNDED_CURVE() B_SPLINE_CURVE(2,(#8412,#8413,#8414),
.UNSPECIFIED.,.F.,.F.) B_SPLINE_CURVE_WITH_KNOTS((3,3),(4.764104151404,
6.173604429653),.PIECEWISE_BEZIER_KNOTS.) CURVE() 
GEOMETRIC_REPRESENTATION_ITEM() RATIONAL_B_SPLINE_CURVE((1.,
0.761773446286,1.)) REPRESENTATION_ITEM('') );
#8412 = CARTESIAN_POINT('',(12.052237429936,0.719573633223,
    21.117792509309));
#8413 = CARTESIAN_POINT('',(11.533548030913,0.746421683137,
    21.117792509309));
#8414 = CARTESIAN_POINT('',(11.476747336861,1.262690209776,
    21.117792509309));
#8415 = PCURVE('',#6949,#8416);
#8416 = DEFINITIONAL_REPRESENTATION('',(#8417),#8421);
#8417 = ( BOUNDED_CURVE() B_SPLINE_CURVE(2,(#8418,#8419,#8420),
.UNSPECIFIED.,.F.,.F.) B_SPLINE_CURVE_WITH_KNOTS((3,3),(4.764104151404,
6.173604429653),.PIECEWISE_BEZIER_KNOTS.) CURVE() 
GEOMETRIC_REPRESENTATION_ITEM() RATIONAL_B_SPLINE_CURVE((1.,
0.761773446286,1.)) REPRESENTATION_ITEM('') );
#8418 = CARTESIAN_POINT('',(1.205223742994E-02,7.195736332234E-04));
#8419 = CARTESIAN_POINT('',(1.153354803091E-02,7.464216831371E-04));
#8420 = CARTESIAN_POINT('',(1.147674733686E-02,1.262690209776E-03));
#8421 = ( GEOMETRIC_REPRESENTATION_CONTEXT(2) 
PARAMETRIC_REPRESENTATION_CONTEXT() REPRESENTATION_CONTEXT('2D SPACE',''
  ) );
#8422 = PCURVE('',#6923,#8423);
#8423 = DEFINITIONAL_REPRESENTATION('',(#8424),#8428);
#8424 = ( BOUNDED_CURVE() B_SPLINE_CURVE(2,(#8425,#8426,#8427),
.UNSPECIFIED.,.F.,.F.) B_SPLINE_CURVE_WITH_KNOTS((3,3),(4.764104151404,
6.173604429653),.PIECEWISE_BEZIER_KNOTS.) CURVE() 
GEOMETRIC_REPRESENTATION_ITEM() RATIONAL_B_SPLINE_CURVE((1.,
0.761773446286,1.)) REPRESENTATION_ITEM('') );
#8425 = CARTESIAN_POINT('',(6.778329025574E-03,-4.856142989256E-03));
#8426 = CARTESIAN_POINT('',(7.297018424596E-03,-4.829294939343E-03));
#8427 = CARTESIAN_POINT('',(7.353819118649E-03,-4.313026412704E-03));
#8428 = ( GEOMETRIC_REPRESENTATION_CONTEXT(2) 
PARAMETRIC_REPRESENTATION_CONTEXT() REPRESENTATION_CONTEXT('2D SPACE',''
  ) );
#8429 = ORIENTED_EDGE('',*,*,#7790,.F.);
#8430 = ORIENTED_EDGE('',*,*,#8221,.F.);
#8431 = ORIENTED_EDGE('',*,*,#8432,.T.);
#8432 = EDGE_CURVE('',#8222,#8433,#8435,.T.);
#8433 = VERTEX_POINT('',#8434);
#8434 = CARTESIAN_POINT('',(11.997776968548,-1.351873179759,
    21.117792509309));
#8435 = SURFACE_CURVE('',#8436,(#8440,#8447),.PCURVE_S1.);
#8436 = ( BOUNDED_CURVE() B_SPLINE_CURVE(2,(#8437,#8438,#8439),
.UNSPECIFIED.,.F.,.F.) B_SPLINE_CURVE_WITH_KNOTS((3,3),(5.817017595181,
7.22651787343),.PIECEWISE_BEZIER_KNOTS.) CURVE() 
GEOMETRIC_REPRESENTATION_ITEM() RATIONAL_B_SPLINE_CURVE((1.,
0.761773446286,1.)) REPRESENTATION_ITEM('') );
#8437 = CARTESIAN_POINT('',(11.39454344675,-1.863999903465,
    21.117792509309));
#8438 = CARTESIAN_POINT('',(11.478393378754,-1.35142922605,
    21.117792509309));
#8439 = CARTESIAN_POINT('',(11.997776968548,-1.351873179759,
    21.117792509309));
#8440 = PCURVE('',#6949,#8441);
#8441 = DEFINITIONAL_REPRESENTATION('',(#8442),#8446);
#8442 = ( BOUNDED_CURVE() B_SPLINE_CURVE(2,(#8443,#8444,#8445),
.UNSPECIFIED.,.F.,.F.) B_SPLINE_CURVE_WITH_KNOTS((3,3),(5.817017595181,
7.22651787343),.PIECEWISE_BEZIER_KNOTS.) CURVE() 
GEOMETRIC_REPRESENTATION_ITEM() RATIONAL_B_SPLINE_CURVE((1.,
0.761773446286,1.)) REPRESENTATION_ITEM('') );
#8443 = CARTESIAN_POINT('',(1.139454344675E-02,-1.863999903465E-03));
#8444 = CARTESIAN_POINT('',(1.147839337875E-02,-1.35142922605E-03));
#8445 = CARTESIAN_POINT('',(1.199777696855E-02,-1.351873179759E-03));
#8446 = ( GEOMETRIC_REPRESENTATION_CONTEXT(2) 
PARAMETRIC_REPRESENTATION_CONTEXT() REPRESENTATION_CONTEXT('2D SPACE',''
  ) );
#8447 = PCURVE('',#7057,#8448);
#8448 = DEFINITIONAL_REPRESENTATION('',(#8449),#8453);
#8449 = ( BOUNDED_CURVE() B_SPLINE_CURVE(2,(#8450,#8451,#8452),
.UNSPECIFIED.,.F.,.F.) B_SPLINE_CURVE_WITH_KNOTS((3,3),(5.817017595181,
7.22651787343),.PIECEWISE_BEZIER_KNOTS.) CURVE() 
GEOMETRIC_REPRESENTATION_ITEM() RATIONAL_B_SPLINE_CURVE((1.,
0.761773446286,1.)) REPRESENTATION_ITEM('') );
#8450 = CARTESIAN_POINT('',(8.516555510414E-03,-3.861796272901E-04));
#8451 = CARTESIAN_POINT('',(8.750000975388E-03,7.778451499398E-05));
#8452 = CARTESIAN_POINT('',(8.329549875202E-03,3.82711363262E-04));
#8453 = ( GEOMETRIC_REPRESENTATION_CONTEXT(2) 
PARAMETRIC_REPRESENTATION_CONTEXT() REPRESENTATION_CONTEXT('2D SPACE',''
  ) );
#8454 = ORIENTED_EDGE('',*,*,#8455,.T.);
#8455 = EDGE_CURVE('',#8433,#8456,#8458,.T.);
#8456 = VERTEX_POINT('',#8457);
#8457 = CARTESIAN_POINT('',(25.157732372841,-1.363121919868,
    21.117792509309));
#8458 = SURFACE_CURVE('',#8459,(#8462,#8468),.PCURVE_S1.);
#8459 = B_SPLINE_CURVE_WITH_KNOTS('',1,(#8460,#8461),.UNSPECIFIED.,.F.,
  .F.,(2,2),(5.311393726239E-04,1.369109958446E-02),
  .PIECEWISE_BEZIER_KNOTS.);
#8460 = CARTESIAN_POINT('',(11.997776968548,-1.351873179759,
    21.117792509309));
#8461 = CARTESIAN_POINT('',(25.157732372841,-1.363121919868,
    21.117792509309));
#8462 = PCURVE('',#6949,#8463);
#8463 = DEFINITIONAL_REPRESENTATION('',(#8464),#8467);
#8464 = B_SPLINE_CURVE_WITH_KNOTS('',1,(#8465,#8466),.UNSPECIFIED.,.F.,
  .F.,(2,2),(5.311393726239E-04,1.369109958446E-02),
  .PIECEWISE_BEZIER_KNOTS.);
#8465 = CARTESIAN_POINT('',(1.199777696855E-02,-1.351873179759E-03));
#8466 = CARTESIAN_POINT('',(2.515773237284E-02,-1.363121919868E-03));
#8467 = ( GEOMETRIC_REPRESENTATION_CONTEXT(2) 
PARAMETRIC_REPRESENTATION_CONTEXT() REPRESENTATION_CONTEXT('2D SPACE',''
  ) );
#8468 = PCURVE('',#7057,#8469);
#8469 = DEFINITIONAL_REPRESENTATION('',(#8470),#8473);
#8470 = B_SPLINE_CURVE_WITH_KNOTS('',1,(#8471,#8472),.UNSPECIFIED.,.F.,
  .F.,(2,2),(5.311393726239E-04,1.369109958446E-02),
  .PIECEWISE_BEZIER_KNOTS.);
#8471 = CARTESIAN_POINT('',(8.329549875202E-03,3.82711363262E-04));
#8472 = CARTESIAN_POINT('',(-2.32368953563E-03,8.108838648819E-03));
#8473 = ( GEOMETRIC_REPRESENTATION_CONTEXT(2) 
PARAMETRIC_REPRESENTATION_CONTEXT() REPRESENTATION_CONTEXT('2D SPACE',''
  ) );
#8474 = ORIENTED_EDGE('',*,*,#8475,.F.);
#8475 = EDGE_CURVE('',#7018,#8456,#8476,.T.);
#8476 = SURFACE_CURVE('',#8477,(#8481,#8488),.PCURVE_S1.);
#8477 = ( BOUNDED_CURVE() B_SPLINE_CURVE(2,(#8478,#8479,#8480),
.UNSPECIFIED.,.F.,.F.) B_SPLINE_CURVE_WITH_KNOTS((3,3),(0.546038978939,
2.198260087339),.PIECEWISE_BEZIER_KNOTS.) CURVE() 
GEOMETRIC_REPRESENTATION_ITEM() RATIONAL_B_SPLINE_CURVE((1.,
0.677740792224,1.)) REPRESENTATION_ITEM('') );
#8478 = CARTESIAN_POINT('',(25.86619624011,-2.133074791972,
    21.117792509309));
#8479 = CARTESIAN_POINT('',(25.929636555907,-1.363781720701,
    21.117792509309));
#8480 = CARTESIAN_POINT('',(25.157732372841,-1.363121919868,
    21.117792509309));
#8481 = PCURVE('',#6949,#8482);
#8482 = DEFINITIONAL_REPRESENTATION('',(#8483),#8487);
#8483 = ( BOUNDED_CURVE() B_SPLINE_CURVE(2,(#8484,#8485,#8486),
.UNSPECIFIED.,.F.,.F.) B_SPLINE_CURVE_WITH_KNOTS((3,3),(0.546038978939,
2.198260087339),.PIECEWISE_BEZIER_KNOTS.) CURVE() 
GEOMETRIC_REPRESENTATION_ITEM() RATIONAL_B_SPLINE_CURVE((1.,
0.677740792224,1.)) REPRESENTATION_ITEM('') );
#8484 = CARTESIAN_POINT('',(2.586619624011E-02,-2.133074791972E-03));
#8485 = CARTESIAN_POINT('',(2.592963655591E-02,-1.363781720701E-03));
#8486 = CARTESIAN_POINT('',(2.515773237284E-02,-1.363121919868E-03));
#8487 = ( GEOMETRIC_REPRESENTATION_CONTEXT(2) 
PARAMETRIC_REPRESENTATION_CONTEXT() REPRESENTATION_CONTEXT('2D SPACE',''
  ) );
#8488 = PCURVE('',#7057,#8489);
#8489 = DEFINITIONAL_REPRESENTATION('',(#8490),#8494);
#8490 = ( BOUNDED_CURVE() B_SPLINE_CURVE(2,(#8491,#8492,#8493),
.UNSPECIFIED.,.F.,.F.) B_SPLINE_CURVE_WITH_KNOTS((3,3),(0.546038978939,
2.198260087339),.PIECEWISE_BEZIER_KNOTS.) CURVE() 
GEOMETRIC_REPRESENTATION_ITEM() RATIONAL_B_SPLINE_CURVE((1.,
0.677740792224,1.)) REPRESENTATION_ITEM('') );
#8491 = CARTESIAN_POINT('',(-3.349415787334E-03,7.902358303382E-03));
#8492 = CARTESIAN_POINT('',(-2.94856095896E-03,8.562018753721E-03));
#8493 = CARTESIAN_POINT('',(-2.32368953563E-03,8.108838648819E-03));
#8494 = ( GEOMETRIC_REPRESENTATION_CONTEXT(2) 
PARAMETRIC_REPRESENTATION_CONTEXT() REPRESENTATION_CONTEXT('2D SPACE',''
  ) );
#8495 = ADVANCED_FACE('',(#8496),#6923,.T.);
#8496 = FACE_BOUND('',#8497,.T.);
#8497 = EDGE_LOOP('',(#8498,#8520,#8541,#8542,#8543,#8544,#8545,#8546));
#8498 = ORIENTED_EDGE('',*,*,#8499,.T.);
#8499 = EDGE_CURVE('',#8500,#8502,#8504,.T.);
#8500 = VERTEX_POINT('',#8501);
#8501 = CARTESIAN_POINT('',(10.501016580308,5.958427985742,
    21.117792509309));
#8502 = VERTEX_POINT('',#8503);
#8503 = CARTESIAN_POINT('',(21.15425599114,13.684555271299,
    21.117792509309));
#8504 = SURFACE_CURVE('',#8505,(#8508,#8514),.PCURVE_S1.);
#8505 = B_SPLINE_CURVE_WITH_KNOTS('',1,(#8506,#8507),.UNSPECIFIED.,.F.,
  .F.,(2,2),(5.311393726239E-04,1.369109958446E-02),
  .PIECEWISE_BEZIER_KNOTS.);
#8506 = CARTESIAN_POINT('',(10.501016580308,5.958427985742,
    21.117792509309));
#8507 = CARTESIAN_POINT('',(21.15425599114,13.684555271299,
    21.117792509309));
#8508 = PCURVE('',#6923,#8509);
#8509 = DEFINITIONAL_REPRESENTATION('',(#8510),#8513);
#8510 = B_SPLINE_CURVE_WITH_KNOTS('',1,(#8511,#8512),.UNSPECIFIED.,.F.,
  .F.,(2,2),(5.311393726239E-04,1.369109958446E-02),
  .PIECEWISE_BEZIER_KNOTS.);
#8511 = CARTESIAN_POINT('',(8.329549875202E-03,3.82711363262E-04));
#8512 = CARTESIAN_POINT('',(-2.32368953563E-03,8.108838648819E-03));
#8513 = ( GEOMETRIC_REPRESENTATION_CONTEXT(2) 
PARAMETRIC_REPRESENTATION_CONTEXT() REPRESENTATION_CONTEXT('2D SPACE',''
  ) );
#8514 = PCURVE('',#6894,#8515);
#8515 = DEFINITIONAL_REPRESENTATION('',(#8516),#8519);
#8516 = B_SPLINE_CURVE_WITH_KNOTS('',1,(#8517,#8518),.UNSPECIFIED.,.F.,
  .F.,(2,2),(5.311393726239E-04,1.369109958446E-02),
  .PIECEWISE_BEZIER_KNOTS.);
#8517 = CARTESIAN_POINT('',(1.050101658031E-02,5.958427985742E-03));
#8518 = CARTESIAN_POINT('',(2.115425599114E-02,1.36845552713E-02));
#8519 = ( GEOMETRIC_REPRESENTATION_CONTEXT(2) 
PARAMETRIC_REPRESENTATION_CONTEXT() REPRESENTATION_CONTEXT('2D SPACE',''
  ) );
#8520 = ORIENTED_EDGE('',*,*,#8521,.F.);
#8521 = EDGE_CURVE('',#6879,#8502,#8522,.T.);
#8522 = SURFACE_CURVE('',#8523,(#8527,#8534),.PCURVE_S1.);
#8523 = ( BOUNDED_CURVE() B_SPLINE_CURVE(2,(#8524,#8525,#8526),
.UNSPECIFIED.,.F.,.F.) B_SPLINE_CURVE_WITH_KNOTS((3,3),(0.546038978939,
2.198260087339),.PIECEWISE_BEZIER_KNOTS.) CURVE() 
GEOMETRIC_REPRESENTATION_ITEM() RATIONAL_B_SPLINE_CURVE((1.,
0.677740792224,1.)) REPRESENTATION_ITEM('') );
#8524 = CARTESIAN_POINT('',(22.179982242844,13.478074925861,
    21.117792509309));
#8525 = CARTESIAN_POINT('',(21.779127414469,14.137735376201,
    21.117792509309));
#8526 = CARTESIAN_POINT('',(21.15425599114,13.684555271299,
    21.117792509309));
#8527 = PCURVE('',#6923,#8528);
#8528 = DEFINITIONAL_REPRESENTATION('',(#8529),#8533);
#8529 = ( BOUNDED_CURVE() B_SPLINE_CURVE(2,(#8530,#8531,#8532),
.UNSPECIFIED.,.F.,.F.) B_SPLINE_CURVE_WITH_KNOTS((3,3),(0.546038978939,
2.198260087339),.PIECEWISE_BEZIER_KNOTS.) CURVE() 
GEOMETRIC_REPRESENTATION_ITEM() RATIONAL_B_SPLINE_CURVE((1.,
0.677740792224,1.)) REPRESENTATION_ITEM('') );
#8530 = CARTESIAN_POINT('',(-3.349415787334E-03,7.902358303382E-03));
#8531 = CARTESIAN_POINT('',(-2.94856095896E-03,8.562018753721E-03));
#8532 = CARTESIAN_POINT('',(-2.32368953563E-03,8.108838648819E-03));
#8533 = ( GEOMETRIC_REPRESENTATION_CONTEXT(2) 
PARAMETRIC_REPRESENTATION_CONTEXT() REPRESENTATION_CONTEXT('2D SPACE',''
  ) );
#8534 = PCURVE('',#6894,#8535);
#8535 = DEFINITIONAL_REPRESENTATION('',(#8536),#8540);
#8536 = ( BOUNDED_CURVE() B_SPLINE_CURVE(2,(#8537,#8538,#8539),
.UNSPECIFIED.,.F.,.F.) B_SPLINE_CURVE_WITH_KNOTS((3,3),(0.546038978939,
2.198260087339),.PIECEWISE_BEZIER_KNOTS.) CURVE() 
GEOMETRIC_REPRESENTATION_ITEM() RATIONAL_B_SPLINE_CURVE((1.,
0.677740792224,1.)) REPRESENTATION_ITEM('') );
#8537 = CARTESIAN_POINT('',(2.217998224284E-02,1.347807492586E-02));
#8538 = CARTESIAN_POINT('',(2.177912741447E-02,1.41377353762E-02));
#8539 = CARTESIAN_POINT('',(2.115425599114E-02,1.36845552713E-02));
#8540 = ( GEOMETRIC_REPRESENTATION_CONTEXT(2) 
PARAMETRIC_REPRESENTATION_CONTEXT() REPRESENTATION_CONTEXT('2D SPACE',''
  ) );
#8541 = ORIENTED_EDGE('',*,*,#6906,.T.);
#8542 = ORIENTED_EDGE('',*,*,#8366,.F.);
#8543 = ORIENTED_EDGE('',*,*,#8389,.T.);
#8544 = ORIENTED_EDGE('',*,*,#8409,.T.);
#8545 = ORIENTED_EDGE('',*,*,#7766,.T.);
#8546 = ORIENTED_EDGE('',*,*,#8547,.T.);
#8547 = EDGE_CURVE('',#7744,#8500,#8548,.T.);
#8548 = SURFACE_CURVE('',#8549,(#8553,#8560),.PCURVE_S1.);
#8549 = ( BOUNDED_CURVE() B_SPLINE_CURVE(2,(#8550,#8551,#8552),
.UNSPECIFIED.,.F.,.F.) B_SPLINE_CURVE_WITH_KNOTS((3,3),(5.817017595181,
7.22651787343),.PIECEWISE_BEZIER_KNOTS.) CURVE() 
GEOMETRIC_REPRESENTATION_ITEM() RATIONAL_B_SPLINE_CURVE((1.,
0.761773446286,1.)) REPRESENTATION_ITEM('') );
#8550 = CARTESIAN_POINT('',(10.314010945096,5.18953699519,
    21.117792509309));
#8551 = CARTESIAN_POINT('',(10.080565480122,5.653501137474,
    21.117792509309));
#8552 = CARTESIAN_POINT('',(10.501016580308,5.958427985742,
    21.117792509309));
#8553 = PCURVE('',#6923,#8554);
#8554 = DEFINITIONAL_REPRESENTATION('',(#8555),#8559);
#8555 = ( BOUNDED_CURVE() B_SPLINE_CURVE(2,(#8556,#8557,#8558),
.UNSPECIFIED.,.F.,.F.) B_SPLINE_CURVE_WITH_KNOTS((3,3),(5.817017595181,
7.22651787343),.PIECEWISE_BEZIER_KNOTS.) CURVE() 
GEOMETRIC_REPRESENTATION_ITEM() RATIONAL_B_SPLINE_CURVE((1.,
0.761773446286,1.)) REPRESENTATION_ITEM('') );
#8556 = CARTESIAN_POINT('',(8.516555510414E-03,-3.861796272901E-04));
#8557 = CARTESIAN_POINT('',(8.750000975388E-03,7.778451499398E-05));
#8558 = CARTESIAN_POINT('',(8.329549875202E-03,3.82711363262E-04));
#8559 = ( GEOMETRIC_REPRESENTATION_CONTEXT(2) 
PARAMETRIC_REPRESENTATION_CONTEXT() REPRESENTATION_CONTEXT('2D SPACE',''
  ) );
#8560 = PCURVE('',#6894,#8561);
#8561 = DEFINITIONAL_REPRESENTATION('',(#8562),#8566);
#8562 = ( BOUNDED_CURVE() B_SPLINE_CURVE(2,(#8563,#8564,#8565),
.UNSPECIFIED.,.F.,.F.) B_SPLINE_CURVE_WITH_KNOTS((3,3),(5.817017595181,
7.22651787343),.PIECEWISE_BEZIER_KNOTS.) CURVE() 
GEOMETRIC_REPRESENTATION_ITEM() RATIONAL_B_SPLINE_CURVE((1.,
0.761773446286,1.)) REPRESENTATION_ITEM('') );
#8563 = CARTESIAN_POINT('',(1.03140109451E-02,5.18953699519E-03));
#8564 = CARTESIAN_POINT('',(1.008056548012E-02,5.653501137474E-03));
#8565 = CARTESIAN_POINT('',(1.050101658031E-02,5.958427985742E-03));
#8566 = ( GEOMETRIC_REPRESENTATION_CONTEXT(2) 
PARAMETRIC_REPRESENTATION_CONTEXT() REPRESENTATION_CONTEXT('2D SPACE',''
  ) );
#8567 = ADVANCED_FACE('',(#8568),#7057,.T.);
#8568 = FACE_BOUND('',#8569,.T.);
#8569 = EDGE_LOOP('',(#8570,#8571,#8572,#8573,#8596,#8616,#8637,#8638));
#8570 = ORIENTED_EDGE('',*,*,#8455,.T.);
#8571 = ORIENTED_EDGE('',*,*,#8475,.F.);
#8572 = ORIENTED_EDGE('',*,*,#7040,.T.);
#8573 = ORIENTED_EDGE('',*,*,#8574,.F.);
#8574 = EDGE_CURVE('',#8575,#7041,#8577,.T.);
#8575 = VERTEX_POINT('',#8576);
#8576 = CARTESIAN_POINT('',(20.40596682716,-14.77721615733,
    21.117792509309));
#8577 = SURFACE_CURVE('',#8578,(#8582,#8589),.PCURVE_S1.);
#8578 = ( BOUNDED_CURVE() B_SPLINE_CURVE(2,(#8579,#8580,#8581),
.UNSPECIFIED.,.F.,.F.) B_SPLINE_CURVE_WITH_KNOTS((3,3),(4.660673809365,
6.312894917766),.PIECEWISE_BEZIER_KNOTS.) CURVE() 
GEOMETRIC_REPRESENTATION_ITEM() RATIONAL_B_SPLINE_CURVE((1.,
0.677740792224,1.)) REPRESENTATION_ITEM('') );
#8579 = CARTESIAN_POINT('',(20.40596682716,-14.77721615733,
    21.117792509309));
#8580 = CARTESIAN_POINT('',(21.006162322579,-15.26260452808,
    21.117792509309));
#8581 = CARTESIAN_POINT('',(21.441125718027,-14.62491859614,
    21.117792509309));
#8582 = PCURVE('',#7057,#8583);
#8583 = DEFINITIONAL_REPRESENTATION('',(#8584),#8588);
#8584 = ( BOUNDED_CURVE() B_SPLINE_CURVE(2,(#8585,#8586,#8587),
.UNSPECIFIED.,.F.,.F.) B_SPLINE_CURVE_WITH_KNOTS((3,3),(4.660673809365,
6.312894917766),.PIECEWISE_BEZIER_KNOTS.) CURVE() 
GEOMETRIC_REPRESENTATION_ITEM() RATIONAL_B_SPLINE_CURVE((1.,
0.677740792224,1.)) REPRESENTATION_ITEM('') );
#8585 = CARTESIAN_POINT('',(-6.364037221537E-03,-5.536409263545E-03));
#8586 = CARTESIAN_POINT('',(-7.134909703235E-03,-5.576310643648E-03));
#8587 = CARTESIAN_POINT('',(-7.111980095694E-03,-4.804746818504E-03));
#8588 = ( GEOMETRIC_REPRESENTATION_CONTEXT(2) 
PARAMETRIC_REPRESENTATION_CONTEXT() REPRESENTATION_CONTEXT('2D SPACE',''
  ) );
#8589 = PCURVE('',#7085,#8590);
#8590 = DEFINITIONAL_REPRESENTATION('',(#8591),#8595);
#8591 = ( BOUNDED_CURVE() B_SPLINE_CURVE(2,(#8592,#8593,#8594),
.UNSPECIFIED.,.F.,.F.) B_SPLINE_CURVE_WITH_KNOTS((3,3),(4.660673809365,
6.312894917766),.PIECEWISE_BEZIER_KNOTS.) CURVE() 
GEOMETRIC_REPRESENTATION_ITEM() RATIONAL_B_SPLINE_CURVE((1.,
0.677740792224,1.)) REPRESENTATION_ITEM('') );
#8592 = CARTESIAN_POINT('',(2.040596682716E-02,-1.477721615734E-02));
#8593 = CARTESIAN_POINT('',(2.100616232258E-02,-1.526260452808E-02));
#8594 = CARTESIAN_POINT('',(2.144112571803E-02,-1.462491859614E-02));
#8595 = ( GEOMETRIC_REPRESENTATION_CONTEXT(2) 
PARAMETRIC_REPRESENTATION_CONTEXT() REPRESENTATION_CONTEXT('2D SPACE',''
  ) );
#8596 = ORIENTED_EDGE('',*,*,#8597,.T.);
#8597 = EDGE_CURVE('',#8575,#8598,#8600,.T.);
#8598 = VERTEX_POINT('',#8599);
#8599 = CARTESIAN_POINT('',(10.173419670607,-6.501980120462,
    21.117792509309));
#8600 = SURFACE_CURVE('',#8601,(#8604,#8610),.PCURVE_S1.);
#8601 = B_SPLINE_CURVE_WITH_KNOTS('',1,(#8602,#8603),.UNSPECIFIED.,.F.,
  .F.,(2,2),(7.604129429344E-04,1.392037315477E-02),
  .PIECEWISE_BEZIER_KNOTS.);
#8602 = CARTESIAN_POINT('',(20.40596682716,-14.77721615733,
    21.117792509309));
#8603 = CARTESIAN_POINT('',(10.173419670607,-6.501980120462,
    21.117792509309));
#8604 = PCURVE('',#7057,#8605);
#8605 = DEFINITIONAL_REPRESENTATION('',(#8606),#8609);
#8606 = B_SPLINE_CURVE_WITH_KNOTS('',1,(#8607,#8608),.UNSPECIFIED.,.F.,
  .F.,(2,2),(7.604129429344E-04,1.392037315477E-02),
  .PIECEWISE_BEZIER_KNOTS.);
#8607 = CARTESIAN_POINT('',(-6.364037221537E-03,-5.536409263545E-03));
#8608 = CARTESIAN_POINT('',(6.778329025574E-03,-4.856142989256E-03));
#8609 = ( GEOMETRIC_REPRESENTATION_CONTEXT(2) 
PARAMETRIC_REPRESENTATION_CONTEXT() REPRESENTATION_CONTEXT('2D SPACE',''
  ) );
#8610 = PCURVE('',#7085,#8611);
#8611 = DEFINITIONAL_REPRESENTATION('',(#8612),#8615);
#8612 = B_SPLINE_CURVE_WITH_KNOTS('',1,(#8613,#8614),.UNSPECIFIED.,.F.,
  .F.,(2,2),(7.604129429344E-04,1.392037315477E-02),
  .PIECEWISE_BEZIER_KNOTS.);
#8613 = CARTESIAN_POINT('',(2.040596682716E-02,-1.477721615734E-02));
#8614 = CARTESIAN_POINT('',(1.017341967061E-02,-6.501980120462E-03));
#8615 = ( GEOMETRIC_REPRESENTATION_CONTEXT(2) 
PARAMETRIC_REPRESENTATION_CONTEXT() REPRESENTATION_CONTEXT('2D SPACE',''
  ) );
#8616 = ORIENTED_EDGE('',*,*,#8617,.T.);
#8617 = EDGE_CURVE('',#8598,#8246,#8618,.T.);
#8618 = SURFACE_CURVE('',#8619,(#8623,#8630),.PCURVE_S1.);
#8619 = ( BOUNDED_CURVE() B_SPLINE_CURVE(2,(#8620,#8621,#8622),
.UNSPECIFIED.,.F.,.F.) B_SPLINE_CURVE_WITH_KNOTS((3,3),(4.764104151404,
6.173604429653),.PIECEWISE_BEZIER_KNOTS.) CURVE() 
GEOMETRIC_REPRESENTATION_ITEM() RATIONAL_B_SPLINE_CURVE((1.,
0.761773446286,1.)) REPRESENTATION_ITEM('') );
#8620 = CARTESIAN_POINT('',(10.173419670607,-6.501980120462,
    21.117792509309));
#8621 = CARTESIAN_POINT('',(9.769572019788,-6.17538161255,
    21.117792509309));
#8622 = CARTESIAN_POINT('',(10.027074319188,-5.724324990554,
    21.117792509309));
#8623 = PCURVE('',#7057,#8624);
#8624 = DEFINITIONAL_REPRESENTATION('',(#8625),#8629);
#8625 = ( BOUNDED_CURVE() B_SPLINE_CURVE(2,(#8626,#8627,#8628),
.UNSPECIFIED.,.F.,.F.) B_SPLINE_CURVE_WITH_KNOTS((3,3),(4.764104151404,
6.173604429653),.PIECEWISE_BEZIER_KNOTS.) CURVE() 
GEOMETRIC_REPRESENTATION_ITEM() RATIONAL_B_SPLINE_CURVE((1.,
0.761773446286,1.)) REPRESENTATION_ITEM('') );
#8626 = CARTESIAN_POINT('',(6.778329025574E-03,-4.856142989256E-03));
#8627 = CARTESIAN_POINT('',(7.297018424596E-03,-4.829294939343E-03));
#8628 = CARTESIAN_POINT('',(7.353819118649E-03,-4.313026412704E-03));
#8629 = ( GEOMETRIC_REPRESENTATION_CONTEXT(2) 
PARAMETRIC_REPRESENTATION_CONTEXT() REPRESENTATION_CONTEXT('2D SPACE',''
  ) );
#8630 = PCURVE('',#7085,#8631);
#8631 = DEFINITIONAL_REPRESENTATION('',(#8632),#8636);
#8632 = ( BOUNDED_CURVE() B_SPLINE_CURVE(2,(#8633,#8634,#8635),
.UNSPECIFIED.,.F.,.F.) B_SPLINE_CURVE_WITH_KNOTS((3,3),(4.764104151404,
6.173604429653),.PIECEWISE_BEZIER_KNOTS.) CURVE() 
GEOMETRIC_REPRESENTATION_ITEM() RATIONAL_B_SPLINE_CURVE((1.,
0.761773446286,1.)) REPRESENTATION_ITEM('') );
#8633 = CARTESIAN_POINT('',(1.017341967061E-02,-6.501980120462E-03));
#8634 = CARTESIAN_POINT('',(9.769572019788E-03,-6.17538161255E-03));
#8635 = CARTESIAN_POINT('',(1.002707431919E-02,-5.724324990554E-03));
#8636 = ( GEOMETRIC_REPRESENTATION_CONTEXT(2) 
PARAMETRIC_REPRESENTATION_CONTEXT() REPRESENTATION_CONTEXT('2D SPACE',''
  ) );
#8637 = ORIENTED_EDGE('',*,*,#8245,.T.);
#8638 = ORIENTED_EDGE('',*,*,#8432,.T.);
#8639 = ADVANCED_FACE('',(#8640),#6894,.F.);
#8640 = FACE_BOUND('',#8641,.F.);
#8641 = EDGE_LOOP('',(#8642,#8643,#8644,#8667,#8687,#8708,#8709,#8710));
#8642 = ORIENTED_EDGE('',*,*,#8521,.F.);
#8643 = ORIENTED_EDGE('',*,*,#6878,.T.);
#8644 = ORIENTED_EDGE('',*,*,#8645,.F.);
#8645 = EDGE_CURVE('',#8646,#6850,#8648,.T.);
#8646 = VERTEX_POINT('',#8647);
#8647 = CARTESIAN_POINT('',(20.359758255384,14.840816800104,
    21.117792509309));
#8648 = SURFACE_CURVE('',#8649,(#8653,#8660),.PCURVE_S1.);
#8649 = ( BOUNDED_CURVE() B_SPLINE_CURVE(2,(#8650,#8651,#8652),
.UNSPECIFIED.,.F.,.F.) B_SPLINE_CURVE_WITH_KNOTS((3,3),(4.660673809365,
6.312894917766),.PIECEWISE_BEZIER_KNOTS.) CURVE() 
GEOMETRIC_REPRESENTATION_ITEM() RATIONAL_B_SPLINE_CURVE((1.,
0.677740792224,1.)) REPRESENTATION_ITEM('') );
#8650 = CARTESIAN_POINT('',(20.359758255384,14.840816800104,
    21.117792509309));
#8651 = CARTESIAN_POINT('',(21.006860636344,15.261643381641,
    21.117792509309));
#8652 = CARTESIAN_POINT('',(20.534796356547,15.872373943275,
    21.117792509309));
#8653 = PCURVE('',#6894,#8654);
#8654 = DEFINITIONAL_REPRESENTATION('',(#8655),#8659);
#8655 = ( BOUNDED_CURVE() B_SPLINE_CURVE(2,(#8656,#8657,#8658),
.UNSPECIFIED.,.F.,.F.) B_SPLINE_CURVE_WITH_KNOTS((3,3),(4.660673809365,
6.312894917766),.PIECEWISE_BEZIER_KNOTS.) CURVE() 
GEOMETRIC_REPRESENTATION_ITEM() RATIONAL_B_SPLINE_CURVE((1.,
0.677740792224,1.)) REPRESENTATION_ITEM('') );
#8656 = CARTESIAN_POINT('',(2.035975825538E-02,1.48408168001E-02));
#8657 = CARTESIAN_POINT('',(2.100686063634E-02,1.526164338164E-02));
#8658 = CARTESIAN_POINT('',(2.053479635655E-02,1.587237394327E-02));
#8659 = ( GEOMETRIC_REPRESENTATION_CONTEXT(2) 
PARAMETRIC_REPRESENTATION_CONTEXT() REPRESENTATION_CONTEXT('2D SPACE',''
  ) );
#8660 = PCURVE('',#6866,#8661);
#8661 = DEFINITIONAL_REPRESENTATION('',(#8662),#8666);
#8662 = ( BOUNDED_CURVE() B_SPLINE_CURVE(2,(#8663,#8664,#8665),
.UNSPECIFIED.,.F.,.F.) B_SPLINE_CURVE_WITH_KNOTS((3,3),(4.660673809365,
6.312894917766),.PIECEWISE_BEZIER_KNOTS.) CURVE() 
GEOMETRIC_REPRESENTATION_ITEM() RATIONAL_B_SPLINE_CURVE((1.,
0.677740792224,1.)) REPRESENTATION_ITEM('') );
#8663 = CARTESIAN_POINT('',(-6.364037221537E-03,-5.536409263545E-03));
#8664 = CARTESIAN_POINT('',(-7.134909703235E-03,-5.576310643648E-03));
#8665 = CARTESIAN_POINT('',(-7.111980095694E-03,-4.804746818504E-03));
#8666 = ( GEOMETRIC_REPRESENTATION_CONTEXT(2) 
PARAMETRIC_REPRESENTATION_CONTEXT() REPRESENTATION_CONTEXT('2D SPACE',''
  ) );
#8667 = ORIENTED_EDGE('',*,*,#8668,.T.);
#8668 = EDGE_CURVE('',#8646,#8669,#8671,.T.);
#8669 = VERTEX_POINT('',#8670);
#8670 = CARTESIAN_POINT('',(9.327510131513,7.666274716425,
    21.117792509309));
#8671 = SURFACE_CURVE('',#8672,(#8675,#8681),.PCURVE_S1.);
#8672 = B_SPLINE_CURVE_WITH_KNOTS('',1,(#8673,#8674),.UNSPECIFIED.,.F.,
  .F.,(2,2),(7.604129429344E-04,1.392037315477E-02),
  .PIECEWISE_BEZIER_KNOTS.);
#8673 = CARTESIAN_POINT('',(20.359758255384,14.840816800104,
    21.117792509309));
#8674 = CARTESIAN_POINT('',(9.327510131513,7.666274716425,
    21.117792509309));
#8675 = PCURVE('',#6894,#8676);
#8676 = DEFINITIONAL_REPRESENTATION('',(#8677),#8680);
#8677 = B_SPLINE_CURVE_WITH_KNOTS('',1,(#8678,#8679),.UNSPECIFIED.,.F.,
  .F.,(2,2),(7.604129429344E-04,1.392037315477E-02),
  .PIECEWISE_BEZIER_KNOTS.);
#8678 = CARTESIAN_POINT('',(2.035975825538E-02,1.48408168001E-02));
#8679 = CARTESIAN_POINT('',(9.327510131513E-03,7.666274716425E-03));
#8680 = ( GEOMETRIC_REPRESENTATION_CONTEXT(2) 
PARAMETRIC_REPRESENTATION_CONTEXT() REPRESENTATION_CONTEXT('2D SPACE',''
  ) );
#8681 = PCURVE('',#6866,#8682);
#8682 = DEFINITIONAL_REPRESENTATION('',(#8683),#8686);
#8683 = B_SPLINE_CURVE_WITH_KNOTS('',1,(#8684,#8685),.UNSPECIFIED.,.F.,
  .F.,(2,2),(7.604129429344E-04,1.392037315477E-02),
  .PIECEWISE_BEZIER_KNOTS.);
#8684 = CARTESIAN_POINT('',(-6.364037221537E-03,-5.536409263545E-03));
#8685 = CARTESIAN_POINT('',(6.778329025574E-03,-4.856142989256E-03));
#8686 = ( GEOMETRIC_REPRESENTATION_CONTEXT(2) 
PARAMETRIC_REPRESENTATION_CONTEXT() REPRESENTATION_CONTEXT('2D SPACE',''
  ) );
#8687 = ORIENTED_EDGE('',*,*,#8688,.T.);
#8688 = EDGE_CURVE('',#8669,#7721,#8689,.T.);
#8689 = SURFACE_CURVE('',#8690,(#8694,#8701),.PCURVE_S1.);
#8690 = ( BOUNDED_CURVE() B_SPLINE_CURVE(2,(#8691,#8692,#8693),
.UNSPECIFIED.,.F.,.F.) B_SPLINE_CURVE_WITH_KNOTS((3,3),(4.764104151404,
6.173604429653),.PIECEWISE_BEZIER_KNOTS.) CURVE() 
GEOMETRIC_REPRESENTATION_ITEM() RATIONAL_B_SPLINE_CURVE((1.,
0.761773446286,1.)) REPRESENTATION_ITEM('') );
#8691 = CARTESIAN_POINT('',(9.327510131513,7.666274716425,
    21.117792509309));
#8692 = CARTESIAN_POINT('',(8.892100705109,7.383117265806,
    21.117792509309));
#8693 = CARTESIAN_POINT('',(8.542692952148,7.767400667233,
    21.117792509309));
#8694 = PCURVE('',#6894,#8695);
#8695 = DEFINITIONAL_REPRESENTATION('',(#8696),#8700);
#8696 = ( BOUNDED_CURVE() B_SPLINE_CURVE(2,(#8697,#8698,#8699),
.UNSPECIFIED.,.F.,.F.) B_SPLINE_CURVE_WITH_KNOTS((3,3),(4.764104151404,
6.173604429653),.PIECEWISE_BEZIER_KNOTS.) CURVE() 
GEOMETRIC_REPRESENTATION_ITEM() RATIONAL_B_SPLINE_CURVE((1.,
0.761773446286,1.)) REPRESENTATION_ITEM('') );
#8697 = CARTESIAN_POINT('',(9.327510131513E-03,7.666274716425E-03));
#8698 = CARTESIAN_POINT('',(8.892100705109E-03,7.383117265806E-03));
#8699 = CARTESIAN_POINT('',(8.542692952148E-03,7.767400667233E-03));
#8700 = ( GEOMETRIC_REPRESENTATION_CONTEXT(2) 
PARAMETRIC_REPRESENTATION_CONTEXT() REPRESENTATION_CONTEXT('2D SPACE',''
  ) );
#8701 = PCURVE('',#6866,#8702);
#8702 = DEFINITIONAL_REPRESENTATION('',(#8703),#8707);
#8703 = ( BOUNDED_CURVE() B_SPLINE_CURVE(2,(#8704,#8705,#8706),
.UNSPECIFIED.,.F.,.F.) B_SPLINE_CURVE_WITH_KNOTS((3,3),(4.764104151404,
6.173604429653),.PIECEWISE_BEZIER_KNOTS.) CURVE() 
GEOMETRIC_REPRESENTATION_ITEM() RATIONAL_B_SPLINE_CURVE((1.,
0.761773446286,1.)) REPRESENTATION_ITEM('') );
#8704 = CARTESIAN_POINT('',(6.778329025574E-03,-4.856142989256E-03));
#8705 = CARTESIAN_POINT('',(7.297018424596E-03,-4.829294939343E-03));
#8706 = CARTESIAN_POINT('',(7.353819118649E-03,-4.313026412704E-03));
#8707 = ( GEOMETRIC_REPRESENTATION_CONTEXT(2) 
PARAMETRIC_REPRESENTATION_CONTEXT() REPRESENTATION_CONTEXT('2D SPACE',''
  ) );
#8708 = ORIENTED_EDGE('',*,*,#7743,.F.);
#8709 = ORIENTED_EDGE('',*,*,#8547,.T.);
#8710 = ORIENTED_EDGE('',*,*,#8499,.T.);
#8711 = ADVANCED_FACE('',(#8712),#7085,.F.);
#8712 = FACE_BOUND('',#8713,.F.);
#8713 = EDGE_LOOP('',(#8714,#8715,#8716,#8717,#8718,#8719,#8742,#8762));
#8714 = ORIENTED_EDGE('',*,*,#7069,.T.);
#8715 = ORIENTED_EDGE('',*,*,#8574,.F.);
#8716 = ORIENTED_EDGE('',*,*,#8597,.T.);
#8717 = ORIENTED_EDGE('',*,*,#8617,.T.);
#8718 = ORIENTED_EDGE('',*,*,#8269,.F.);
#8719 = ORIENTED_EDGE('',*,*,#8720,.T.);
#8720 = EDGE_CURVE('',#8270,#8721,#8723,.T.);
#8721 = VERTEX_POINT('',#8722);
#8722 = CARTESIAN_POINT('',(8.911794344243,-8.145804739072,
    21.117792509309));
#8723 = SURFACE_CURVE('',#8724,(#8728,#8735),.PCURVE_S1.);
#8724 = ( BOUNDED_CURVE() B_SPLINE_CURVE(2,(#8725,#8726,#8727),
.UNSPECIFIED.,.F.,.F.) B_SPLINE_CURVE_WITH_KNOTS((3,3),(5.817017595181,
7.22651787343),.PIECEWISE_BEZIER_KNOTS.) CURVE() 
GEOMETRIC_REPRESENTATION_ITEM() RATIONAL_B_SPLINE_CURVE((1.,
0.761773446286,1.)) REPRESENTATION_ITEM('') );
#8725 = CARTESIAN_POINT('',(8.122747638034,-8.205552194022,
    21.117792509309));
#8726 = CARTESIAN_POINT('',(8.491865142944,-7.840159558612,
    21.117792509309));
#8727 = CARTESIAN_POINT('',(8.911794344243,-8.145804739072,
    21.117792509309));
#8728 = PCURVE('',#7085,#8729);
#8729 = DEFINITIONAL_REPRESENTATION('',(#8730),#8734);
#8730 = ( BOUNDED_CURVE() B_SPLINE_CURVE(2,(#8731,#8732,#8733),
.UNSPECIFIED.,.F.,.F.) B_SPLINE_CURVE_WITH_KNOTS((3,3),(5.817017595181,
7.22651787343),.PIECEWISE_BEZIER_KNOTS.) CURVE() 
GEOMETRIC_REPRESENTATION_ITEM() RATIONAL_B_SPLINE_CURVE((1.,
0.761773446286,1.)) REPRESENTATION_ITEM('') );
#8731 = CARTESIAN_POINT('',(8.122747638034E-03,-8.205552194022E-03));
#8732 = CARTESIAN_POINT('',(8.491865142944E-03,-7.840159558612E-03));
#8733 = CARTESIAN_POINT('',(8.911794344243E-03,-8.145804739072E-03));
#8734 = ( GEOMETRIC_REPRESENTATION_CONTEXT(2) 
PARAMETRIC_REPRESENTATION_CONTEXT() REPRESENTATION_CONTEXT('2D SPACE',''
  ) );
#8735 = PCURVE('',#7114,#8736);
#8736 = DEFINITIONAL_REPRESENTATION('',(#8737),#8741);
#8737 = ( BOUNDED_CURVE() B_SPLINE_CURVE(2,(#8738,#8739,#8740),
.UNSPECIFIED.,.F.,.F.) B_SPLINE_CURVE_WITH_KNOTS((3,3),(5.817017595181,
7.22651787343),.PIECEWISE_BEZIER_KNOTS.) CURVE() 
GEOMETRIC_REPRESENTATION_ITEM() RATIONAL_B_SPLINE_CURVE((1.,
0.761773446286,1.)) REPRESENTATION_ITEM('') );
#8738 = CARTESIAN_POINT('',(8.516555510414E-03,-3.861796272901E-04));
#8739 = CARTESIAN_POINT('',(8.750000975388E-03,7.778451499398E-05));
#8740 = CARTESIAN_POINT('',(8.329549875202E-03,3.82711363262E-04));
#8741 = ( GEOMETRIC_REPRESENTATION_CONTEXT(2) 
PARAMETRIC_REPRESENTATION_CONTEXT() REPRESENTATION_CONTEXT('2D SPACE',''
  ) );
#8742 = ORIENTED_EDGE('',*,*,#8743,.T.);
#8743 = EDGE_CURVE('',#8721,#8744,#8746,.T.);
#8744 = VERTEX_POINT('',#8745);
#8745 = CARTESIAN_POINT('',(19.55181006799,-15.89013286845,
    21.117792509309));
#8746 = SURFACE_CURVE('',#8747,(#8750,#8756),.PCURVE_S1.);
#8747 = B_SPLINE_CURVE_WITH_KNOTS('',1,(#8748,#8749),.UNSPECIFIED.,.F.,
  .F.,(2,2),(5.311393726239E-04,1.369109958446E-02),
  .PIECEWISE_BEZIER_KNOTS.);
#8748 = CARTESIAN_POINT('',(8.911794344243,-8.145804739072,
    21.117792509309));
#8749 = CARTESIAN_POINT('',(19.55181006799,-15.89013286845,
    21.117792509309));
#8750 = PCURVE('',#7085,#8751);
#8751 = DEFINITIONAL_REPRESENTATION('',(#8752),#8755);
#8752 = B_SPLINE_CURVE_WITH_KNOTS('',1,(#8753,#8754),.UNSPECIFIED.,.F.,
  .F.,(2,2),(5.311393726239E-04,1.369109958446E-02),
  .PIECEWISE_BEZIER_KNOTS.);
#8753 = CARTESIAN_POINT('',(8.911794344243E-03,-8.145804739072E-03));
#8754 = CARTESIAN_POINT('',(1.955181006799E-02,-1.589013286845E-02));
#8755 = ( GEOMETRIC_REPRESENTATION_CONTEXT(2) 
PARAMETRIC_REPRESENTATION_CONTEXT() REPRESENTATION_CONTEXT('2D SPACE',''
  ) );
#8756 = PCURVE('',#7114,#8757);
#8757 = DEFINITIONAL_REPRESENTATION('',(#8758),#8761);
#8758 = B_SPLINE_CURVE_WITH_KNOTS('',1,(#8759,#8760),.UNSPECIFIED.,.F.,
  .F.,(2,2),(5.311393726239E-04,1.369109958446E-02),
  .PIECEWISE_BEZIER_KNOTS.);
#8759 = CARTESIAN_POINT('',(8.329549875202E-03,3.82711363262E-04));
#8760 = CARTESIAN_POINT('',(-2.32368953563E-03,8.108838648819E-03));
#8761 = ( GEOMETRIC_REPRESENTATION_CONTEXT(2) 
PARAMETRIC_REPRESENTATION_CONTEXT() REPRESENTATION_CONTEXT('2D SPACE',''
  ) );
#8762 = ORIENTED_EDGE('',*,*,#8763,.F.);
#8763 = EDGE_CURVE('',#7070,#8744,#8764,.T.);
#8764 = SURFACE_CURVE('',#8765,(#8769,#8776),.PCURVE_S1.);
#8765 = ( BOUNDED_CURVE() B_SPLINE_CURVE(2,(#8766,#8767,#8768),
.UNSPECIFIED.,.F.,.F.) B_SPLINE_CURVE_WITH_KNOTS((3,3),(0.546038978939,
2.198260087339),.PIECEWISE_BEZIER_KNOTS.) CURVE() 
GEOMETRIC_REPRESENTATION_ITEM() RATIONAL_B_SPLINE_CURVE((1.,
0.677740792224,1.)) REPRESENTATION_ITEM('') );
#8766 = CARTESIAN_POINT('',(19.672402433328,-16.92946243981,
    21.117792509309));
#8767 = CARTESIAN_POINT('',(20.175905848921,-16.34438055353,
    21.117792509309));
#8768 = CARTESIAN_POINT('',(19.55181006799,-15.89013286845,
    21.117792509309));
#8769 = PCURVE('',#7085,#8770);
#8770 = DEFINITIONAL_REPRESENTATION('',(#8771),#8775);
#8771 = ( BOUNDED_CURVE() B_SPLINE_CURVE(2,(#8772,#8773,#8774),
.UNSPECIFIED.,.F.,.F.) B_SPLINE_CURVE_WITH_KNOTS((3,3),(0.546038978939,
2.198260087339),.PIECEWISE_BEZIER_KNOTS.) CURVE() 
GEOMETRIC_REPRESENTATION_ITEM() RATIONAL_B_SPLINE_CURVE((1.,
0.677740792224,1.)) REPRESENTATION_ITEM('') );
#8772 = CARTESIAN_POINT('',(1.967240243333E-02,-1.692946243982E-02));
#8773 = CARTESIAN_POINT('',(2.017590584892E-02,-1.634438055353E-02));
#8774 = CARTESIAN_POINT('',(1.955181006799E-02,-1.589013286845E-02));
#8775 = ( GEOMETRIC_REPRESENTATION_CONTEXT(2) 
PARAMETRIC_REPRESENTATION_CONTEXT() REPRESENTATION_CONTEXT('2D SPACE',''
  ) );
#8776 = PCURVE('',#7114,#8777);
#8777 = DEFINITIONAL_REPRESENTATION('',(#8778),#8782);
#8778 = ( BOUNDED_CURVE() B_SPLINE_CURVE(2,(#8779,#8780,#8781),
.UNSPECIFIED.,.F.,.F.) B_SPLINE_CURVE_WITH_KNOTS((3,3),(0.546038978939,
2.198260087339),.PIECEWISE_BEZIER_KNOTS.) CURVE() 
GEOMETRIC_REPRESENTATION_ITEM() RATIONAL_B_SPLINE_CURVE((1.,
0.677740792224,1.)) REPRESENTATION_ITEM('') );
#8779 = CARTESIAN_POINT('',(-3.349415787334E-03,7.902358303382E-03));
#8780 = CARTESIAN_POINT('',(-2.94856095896E-03,8.562018753721E-03));
#8781 = CARTESIAN_POINT('',(-2.32368953563E-03,8.108838648819E-03));
#8782 = ( GEOMETRIC_REPRESENTATION_CONTEXT(2) 
PARAMETRIC_REPRESENTATION_CONTEXT() REPRESENTATION_CONTEXT('2D SPACE',''
  ) );
#8783 = ADVANCED_FACE('',(#8784),#6866,.T.);
#8784 = FACE_BOUND('',#8785,.T.);
#8785 = EDGE_LOOP('',(#8786,#8808,#8829,#8830,#8831,#8832,#8833,#8834));
#8786 = ORIENTED_EDGE('',*,*,#8787,.T.);
#8787 = EDGE_CURVE('',#8788,#8790,#8792,.T.);
#8788 = VERTEX_POINT('',#8789);
#8789 = CARTESIAN_POINT('',(4.993224774816,10.992812180208,
    21.117792509309));
#8790 = VERTEX_POINT('',#8791);
#8791 = CARTESIAN_POINT('',(9.07057282754,23.505197469755,
    21.117792509309));
#8792 = SURFACE_CURVE('',#8793,(#8796,#8802),.PCURVE_S1.);
#8793 = B_SPLINE_CURVE_WITH_KNOTS('',1,(#8794,#8795),.UNSPECIFIED.,.F.,
  .F.,(2,2),(5.311393726239E-04,1.369109958446E-02),
  .PIECEWISE_BEZIER_KNOTS.);
#8794 = CARTESIAN_POINT('',(4.993224774816,10.992812180208,
    21.117792509309));
#8795 = CARTESIAN_POINT('',(9.07057282754,23.505197469755,
    21.117792509309));
#8796 = PCURVE('',#6866,#8797);
#8797 = DEFINITIONAL_REPRESENTATION('',(#8798),#8801);
#8798 = B_SPLINE_CURVE_WITH_KNOTS('',1,(#8799,#8800),.UNSPECIFIED.,.F.,
  .F.,(2,2),(5.311393726239E-04,1.369109958446E-02),
  .PIECEWISE_BEZIER_KNOTS.);
#8799 = CARTESIAN_POINT('',(8.329549875202E-03,3.82711363262E-04));
#8800 = CARTESIAN_POINT('',(-2.32368953563E-03,8.108838648819E-03));
#8801 = ( GEOMETRIC_REPRESENTATION_CONTEXT(2) 
PARAMETRIC_REPRESENTATION_CONTEXT() REPRESENTATION_CONTEXT('2D SPACE',''
  ) );
#8802 = PCURVE('',#6837,#8803);
#8803 = DEFINITIONAL_REPRESENTATION('',(#8804),#8807);
#8804 = B_SPLINE_CURVE_WITH_KNOTS('',1,(#8805,#8806),.UNSPECIFIED.,.F.,
  .F.,(2,2),(5.311393726239E-04,1.369109958446E-02),
  .PIECEWISE_BEZIER_KNOTS.);
#8805 = CARTESIAN_POINT('',(4.993224774816E-03,1.099281218021E-02));
#8806 = CARTESIAN_POINT('',(9.07057282754E-03,2.350519746976E-02));
#8807 = ( GEOMETRIC_REPRESENTATION_CONTEXT(2) 
PARAMETRIC_REPRESENTATION_CONTEXT() REPRESENTATION_CONTEXT('2D SPACE',''
  ) );
#8808 = ORIENTED_EDGE('',*,*,#8809,.F.);
#8809 = EDGE_CURVE('',#6822,#8790,#8810,.T.);
#8810 = SURFACE_CURVE('',#8811,(#8815,#8822),.PCURVE_S1.);
#8811 = ( BOUNDED_CURVE() B_SPLINE_CURVE(2,(#8812,#8813,#8814),
.UNSPECIFIED.,.F.,.F.) B_SPLINE_CURVE_WITH_KNOTS((3,3),(0.546038978939,
2.198260087339),.PIECEWISE_BEZIER_KNOTS.) CURVE() 
GEOMETRIC_REPRESENTATION_ITEM() RATIONAL_B_SPLINE_CURVE((1.,
0.677740792224,1.)) REPRESENTATION_ITEM('') );
#8812 = CARTESIAN_POINT('',(10.021768898681,23.941058124933,
    21.117792509309));
#8813 = CARTESIAN_POINT('',(9.309731846018,24.239118083346,
    21.117792509309));
#8814 = CARTESIAN_POINT('',(9.07057282754,23.505197469755,
    21.117792509309));
#8815 = PCURVE('',#6866,#8816);
#8816 = DEFINITIONAL_REPRESENTATION('',(#8817),#8821);
#8817 = ( BOUNDED_CURVE() B_SPLINE_CURVE(2,(#8818,#8819,#8820),
.UNSPECIFIED.,.F.,.F.) B_SPLINE_CURVE_WITH_KNOTS((3,3),(0.546038978939,
2.198260087339),.PIECEWISE_BEZIER_KNOTS.) CURVE() 
GEOMETRIC_REPRESENTATION_ITEM() RATIONAL_B_SPLINE_CURVE((1.,
0.677740792224,1.)) REPRESENTATION_ITEM('') );
#8818 = CARTESIAN_POINT('',(-3.349415787334E-03,7.902358303382E-03));
#8819 = CARTESIAN_POINT('',(-2.94856095896E-03,8.562018753721E-03));
#8820 = CARTESIAN_POINT('',(-2.32368953563E-03,8.108838648819E-03));
#8821 = ( GEOMETRIC_REPRESENTATION_CONTEXT(2) 
PARAMETRIC_REPRESENTATION_CONTEXT() REPRESENTATION_CONTEXT('2D SPACE',''
  ) );
#8822 = PCURVE('',#6837,#8823);
#8823 = DEFINITIONAL_REPRESENTATION('',(#8824),#8828);
#8824 = ( BOUNDED_CURVE() B_SPLINE_CURVE(2,(#8825,#8826,#8827),
.UNSPECIFIED.,.F.,.F.) B_SPLINE_CURVE_WITH_KNOTS((3,3),(0.546038978939,
2.198260087339),.PIECEWISE_BEZIER_KNOTS.) CURVE() 
GEOMETRIC_REPRESENTATION_ITEM() RATIONAL_B_SPLINE_CURVE((1.,
0.677740792224,1.)) REPRESENTATION_ITEM('') );
#8825 = CARTESIAN_POINT('',(1.002176889868E-02,2.394105812493E-02));
#8826 = CARTESIAN_POINT('',(9.309731846018E-03,2.423911808335E-02));
#8827 = CARTESIAN_POINT('',(9.07057282754E-03,2.350519746976E-02));
#8828 = ( GEOMETRIC_REPRESENTATION_CONTEXT(2) 
PARAMETRIC_REPRESENTATION_CONTEXT() REPRESENTATION_CONTEXT('2D SPACE',''
  ) );
#8829 = ORIENTED_EDGE('',*,*,#6849,.T.);
#8830 = ORIENTED_EDGE('',*,*,#8645,.F.);
#8831 = ORIENTED_EDGE('',*,*,#8668,.T.);
#8832 = ORIENTED_EDGE('',*,*,#8688,.T.);
#8833 = ORIENTED_EDGE('',*,*,#7720,.T.);
#8834 = ORIENTED_EDGE('',*,*,#8835,.T.);
#8835 = EDGE_CURVE('',#7697,#8788,#8836,.T.);
#8836 = SURFACE_CURVE('',#8837,(#8841,#8848),.PCURVE_S1.);
#8837 = ( BOUNDED_CURVE() B_SPLINE_CURVE(2,(#8838,#8839,#8840),
.UNSPECIFIED.,.F.,.F.) B_SPLINE_CURVE_WITH_KNOTS((3,3),(5.817017595181,
7.22651787343),.PIECEWISE_BEZIER_KNOTS.) CURVE() 
GEOMETRIC_REPRESENTATION_ITEM() RATIONAL_B_SPLINE_CURVE((1.,
0.761773446286,1.)) REPRESENTATION_ITEM('') );
#8838 = CARTESIAN_POINT('',(5.293876822753,10.260847147556,
    21.117792509309));
#8839 = CARTESIAN_POINT('',(4.832304193902,10.498986221919,
    21.117792509309));
#8840 = CARTESIAN_POINT('',(4.993224774816,10.992812180208,
    21.117792509309));
#8841 = PCURVE('',#6866,#8842);
#8842 = DEFINITIONAL_REPRESENTATION('',(#8843),#8847);
#8843 = ( BOUNDED_CURVE() B_SPLINE_CURVE(2,(#8844,#8845,#8846),
.UNSPECIFIED.,.F.,.F.) B_SPLINE_CURVE_WITH_KNOTS((3,3),(5.817017595181,
7.22651787343),.PIECEWISE_BEZIER_KNOTS.) CURVE() 
GEOMETRIC_REPRESENTATION_ITEM() RATIONAL_B_SPLINE_CURVE((1.,
0.761773446286,1.)) REPRESENTATION_ITEM('') );
#8844 = CARTESIAN_POINT('',(8.516555510414E-03,-3.861796272901E-04));
#8845 = CARTESIAN_POINT('',(8.750000975388E-03,7.778451499398E-05));
#8846 = CARTESIAN_POINT('',(8.329549875202E-03,3.82711363262E-04));
#8847 = ( GEOMETRIC_REPRESENTATION_CONTEXT(2) 
PARAMETRIC_REPRESENTATION_CONTEXT() REPRESENTATION_CONTEXT('2D SPACE',''
  ) );
#8848 = PCURVE('',#6837,#8849);
#8849 = DEFINITIONAL_REPRESENTATION('',(#8850),#8854);
#8850 = ( BOUNDED_CURVE() B_SPLINE_CURVE(2,(#8851,#8852,#8853),
.UNSPECIFIED.,.F.,.F.) B_SPLINE_CURVE_WITH_KNOTS((3,3),(5.817017595181,
7.22651787343),.PIECEWISE_BEZIER_KNOTS.) CURVE() 
GEOMETRIC_REPRESENTATION_ITEM() RATIONAL_B_SPLINE_CURVE((1.,
0.761773446286,1.)) REPRESENTATION_ITEM('') );
#8851 = CARTESIAN_POINT('',(5.293876822753E-03,1.026084714756E-02));
#8852 = CARTESIAN_POINT('',(4.832304193902E-03,1.049898622192E-02));
#8853 = CARTESIAN_POINT('',(4.993224774816E-03,1.099281218021E-02));
#8854 = ( GEOMETRIC_REPRESENTATION_CONTEXT(2) 
PARAMETRIC_REPRESENTATION_CONTEXT() REPRESENTATION_CONTEXT('2D SPACE',''
  ) );
#8855 = ADVANCED_FACE('',(#8856),#7114,.T.);
#8856 = FACE_BOUND('',#8857,.T.);
#8857 = EDGE_LOOP('',(#8858,#8859,#8860,#8861,#8884,#8904,#8925,#8926));
#8858 = ORIENTED_EDGE('',*,*,#8743,.T.);
#8859 = ORIENTED_EDGE('',*,*,#8763,.F.);
#8860 = ORIENTED_EDGE('',*,*,#7097,.T.);
#8861 = ORIENTED_EDGE('',*,*,#8862,.F.);
#8862 = EDGE_CURVE('',#8863,#7098,#8865,.T.);
#8863 = VERTEX_POINT('',#8864);
#8864 = CARTESIAN_POINT('',(7.822944222602,-23.94934536061,
    21.117792509309));
#8865 = SURFACE_CURVE('',#8866,(#8870,#8877),.PCURVE_S1.);
#8866 = ( BOUNDED_CURVE() B_SPLINE_CURVE(2,(#8867,#8868,#8869),
.UNSPECIFIED.,.F.,.F.) B_SPLINE_CURVE_WITH_KNOTS((3,3),(4.660673809365,
6.312894917766),.PIECEWISE_BEZIER_KNOTS.) CURVE() 
GEOMETRIC_REPRESENTATION_ITEM() RATIONAL_B_SPLINE_CURVE((1.,
0.677740792224,1.)) REPRESENTATION_ITEM('') );
#8867 = CARTESIAN_POINT('',(7.822944222602,-23.94934536061,
    21.117792509309));
#8868 = CARTESIAN_POINT('',(8.023208452387,-24.69481886211,
    21.117792509309));
#8869 = CARTESIAN_POINT('',(8.749923617623,-24.43458517523,
    21.117792509309));
#8870 = PCURVE('',#7114,#8871);
#8871 = DEFINITIONAL_REPRESENTATION('',(#8872),#8876);
#8872 = ( BOUNDED_CURVE() B_SPLINE_CURVE(2,(#8873,#8874,#8875),
.UNSPECIFIED.,.F.,.F.) B_SPLINE_CURVE_WITH_KNOTS((3,3),(4.660673809365,
6.312894917766),.PIECEWISE_BEZIER_KNOTS.) CURVE() 
GEOMETRIC_REPRESENTATION_ITEM() RATIONAL_B_SPLINE_CURVE((1.,
0.677740792224,1.)) REPRESENTATION_ITEM('') );
#8873 = CARTESIAN_POINT('',(-6.364037221537E-03,-5.536409263545E-03));
#8874 = CARTESIAN_POINT('',(-7.134909703235E-03,-5.576310643648E-03));
#8875 = CARTESIAN_POINT('',(-7.111980095694E-03,-4.804746818504E-03));
#8876 = ( GEOMETRIC_REPRESENTATION_CONTEXT(2) 
PARAMETRIC_REPRESENTATION_CONTEXT() REPRESENTATION_CONTEXT('2D SPACE',''
  ) );
#8877 = PCURVE('',#7142,#8878);
#8878 = DEFINITIONAL_REPRESENTATION('',(#8879),#8883);
#8879 = ( BOUNDED_CURVE() B_SPLINE_CURVE(2,(#8880,#8881,#8882),
.UNSPECIFIED.,.F.,.F.) B_SPLINE_CURVE_WITH_KNOTS((3,3),(4.660673809365,
6.312894917766),.PIECEWISE_BEZIER_KNOTS.) CURVE() 
GEOMETRIC_REPRESENTATION_ITEM() RATIONAL_B_SPLINE_CURVE((1.,
0.677740792224,1.)) REPRESENTATION_ITEM('') );
#8880 = CARTESIAN_POINT('',(7.822944222602E-03,-2.394934536061E-02));
#8881 = CARTESIAN_POINT('',(8.023208452387E-03,-2.469481886212E-02));
#8882 = CARTESIAN_POINT('',(8.749923617623E-03,-2.443458517523E-02));
#8883 = ( GEOMETRIC_REPRESENTATION_CONTEXT(2) 
PARAMETRIC_REPRESENTATION_CONTEXT() REPRESENTATION_CONTEXT('2D SPACE',''
  ) );
#8884 = ORIENTED_EDGE('',*,*,#8885,.T.);
#8885 = EDGE_CURVE('',#8863,#8886,#8888,.T.);
#8886 = VERTEX_POINT('',#8887);
#8887 = CARTESIAN_POINT('',(4.408701378923,-11.2399984623,
    21.117792509309));
#8888 = SURFACE_CURVE('',#8889,(#8892,#8898),.PCURVE_S1.);
#8889 = B_SPLINE_CURVE_WITH_KNOTS('',1,(#8890,#8891),.UNSPECIFIED.,.F.,
  .F.,(2,2),(7.604129429344E-04,1.392037315477E-02),
  .PIECEWISE_BEZIER_KNOTS.);
#8890 = CARTESIAN_POINT('',(7.822944222602,-23.94934536061,
    21.117792509309));
#8891 = CARTESIAN_POINT('',(4.408701378923,-11.2399984623,
    21.117792509309));
#8892 = PCURVE('',#7114,#8893);
#8893 = DEFINITIONAL_REPRESENTATION('',(#8894),#8897);
#8894 = B_SPLINE_CURVE_WITH_KNOTS('',1,(#8895,#8896),.UNSPECIFIED.,.F.,
  .F.,(2,2),(7.604129429344E-04,1.392037315477E-02),
  .PIECEWISE_BEZIER_KNOTS.);
#8895 = CARTESIAN_POINT('',(-6.364037221537E-03,-5.536409263545E-03));
#8896 = CARTESIAN_POINT('',(6.778329025574E-03,-4.856142989256E-03));
#8897 = ( GEOMETRIC_REPRESENTATION_CONTEXT(2) 
PARAMETRIC_REPRESENTATION_CONTEXT() REPRESENTATION_CONTEXT('2D SPACE',''
  ) );
#8898 = PCURVE('',#7142,#8899);
#8899 = DEFINITIONAL_REPRESENTATION('',(#8900),#8903);
#8900 = B_SPLINE_CURVE_WITH_KNOTS('',1,(#8901,#8902),.UNSPECIFIED.,.F.,
  .F.,(2,2),(7.604129429344E-04,1.392037315477E-02),
  .PIECEWISE_BEZIER_KNOTS.);
#8901 = CARTESIAN_POINT('',(7.822944222602E-03,-2.394934536061E-02));
#8902 = CARTESIAN_POINT('',(4.408701378923E-03,-1.123999846231E-02));
#8903 = ( GEOMETRIC_REPRESENTATION_CONTEXT(2) 
PARAMETRIC_REPRESENTATION_CONTEXT() REPRESENTATION_CONTEXT('2D SPACE',''
  ) );
#8904 = ORIENTED_EDGE('',*,*,#8905,.T.);
#8905 = EDGE_CURVE('',#8886,#8293,#8906,.T.);
#8906 = SURFACE_CURVE('',#8907,(#8911,#8918),.PCURVE_S1.);
#8907 = ( BOUNDED_CURVE() B_SPLINE_CURVE(2,(#8908,#8909,#8910),
.UNSPECIFIED.,.F.,.F.) B_SPLINE_CURVE_WITH_KNOTS((3,3),(4.764104151404,
6.173604429653),.PIECEWISE_BEZIER_KNOTS.) CURVE() 
GEOMETRIC_REPRESENTATION_ITEM() RATIONAL_B_SPLINE_CURVE((1.,
0.761773446286,1.)) REPRESENTATION_ITEM('') );
#8908 = CARTESIAN_POINT('',(4.408701378923,-11.2399984623,
    21.117792509309));
#8909 = CARTESIAN_POINT('',(4.273951552643,-10.73839902574,
    21.117792509309));
#8910 = CARTESIAN_POINT('',(4.747399719306,-10.52484260714,
    21.117792509309));
#8911 = PCURVE('',#7114,#8912);
#8912 = DEFINITIONAL_REPRESENTATION('',(#8913),#8917);
#8913 = ( BOUNDED_CURVE() B_SPLINE_CURVE(2,(#8914,#8915,#8916),
.UNSPECIFIED.,.F.,.F.) B_SPLINE_CURVE_WITH_KNOTS((3,3),(4.764104151404,
6.173604429653),.PIECEWISE_BEZIER_KNOTS.) CURVE() 
GEOMETRIC_REPRESENTATION_ITEM() RATIONAL_B_SPLINE_CURVE((1.,
0.761773446286,1.)) REPRESENTATION_ITEM('') );
#8914 = CARTESIAN_POINT('',(6.778329025574E-03,-4.856142989256E-03));
#8915 = CARTESIAN_POINT('',(7.297018424596E-03,-4.829294939343E-03));
#8916 = CARTESIAN_POINT('',(7.353819118649E-03,-4.313026412704E-03));
#8917 = ( GEOMETRIC_REPRESENTATION_CONTEXT(2) 
PARAMETRIC_REPRESENTATION_CONTEXT() REPRESENTATION_CONTEXT('2D SPACE',''
  ) );
#8918 = PCURVE('',#7142,#8919);
#8919 = DEFINITIONAL_REPRESENTATION('',(#8920),#8924);
#8920 = ( BOUNDED_CURVE() B_SPLINE_CURVE(2,(#8921,#8922,#8923),
.UNSPECIFIED.,.F.,.F.) B_SPLINE_CURVE_WITH_KNOTS((3,3),(4.764104151404,
6.173604429653),.PIECEWISE_BEZIER_KNOTS.) CURVE() 
GEOMETRIC_REPRESENTATION_ITEM() RATIONAL_B_SPLINE_CURVE((1.,
0.761773446286,1.)) REPRESENTATION_ITEM('') );
#8921 = CARTESIAN_POINT('',(4.408701378923E-03,-1.123999846231E-02));
#8922 = CARTESIAN_POINT('',(4.273951552643E-03,-1.073839902574E-02));
#8923 = CARTESIAN_POINT('',(4.747399719306E-03,-1.052484260714E-02));
#8924 = ( GEOMETRIC_REPRESENTATION_CONTEXT(2) 
PARAMETRIC_REPRESENTATION_CONTEXT() REPRESENTATION_CONTEXT('2D SPACE',''
  ) );
#8925 = ORIENTED_EDGE('',*,*,#8292,.T.);
#8926 = ORIENTED_EDGE('',*,*,#8720,.T.);
#8927 = ADVANCED_FACE('',(#8928),#6837,.F.);
#8928 = FACE_BOUND('',#8929,.F.);
#8929 = EDGE_LOOP('',(#8930,#8931,#8932,#8955,#8975,#8996,#8997,#8998));
#8930 = ORIENTED_EDGE('',*,*,#8809,.F.);
#8931 = ORIENTED_EDGE('',*,*,#6821,.T.);
#8932 = ORIENTED_EDGE('',*,*,#8933,.F.);
#8933 = EDGE_CURVE('',#8934,#6793,#8936,.T.);
#8934 = VERTEX_POINT('',#8935);
#8935 = CARTESIAN_POINT('',(7.748177182896,23.973638644443,
    21.117792509309));
#8936 = SURFACE_CURVE('',#8937,(#8941,#8948),.PCURVE_S1.);
#8937 = ( BOUNDED_CURVE() B_SPLINE_CURVE(2,(#8938,#8939,#8940),
.UNSPECIFIED.,.F.,.F.) B_SPLINE_CURVE_WITH_KNOTS((3,3),(4.660673809365,
6.312894917766),.PIECEWISE_BEZIER_KNOTS.) CURVE() 
GEOMETRIC_REPRESENTATION_ITEM() RATIONAL_B_SPLINE_CURVE((1.,
0.677740792224,1.)) REPRESENTATION_ITEM('') );
#8938 = CARTESIAN_POINT('',(7.748177182896,23.973638644443,
    21.117792509309));
#8939 = CARTESIAN_POINT('',(8.024338347792,24.694451736844,
    21.117792509309));
#8940 = CARTESIAN_POINT('',(7.283451905747,24.911070718391,
    21.117792509309));
#8941 = PCURVE('',#6837,#8942);
#8942 = DEFINITIONAL_REPRESENTATION('',(#8943),#8947);
#8943 = ( BOUNDED_CURVE() B_SPLINE_CURVE(2,(#8944,#8945,#8946),
.UNSPECIFIED.,.F.,.F.) B_SPLINE_CURVE_WITH_KNOTS((3,3),(4.660673809365,
6.312894917766),.PIECEWISE_BEZIER_KNOTS.) CURVE() 
GEOMETRIC_REPRESENTATION_ITEM() RATIONAL_B_SPLINE_CURVE((1.,
0.677740792224,1.)) REPRESENTATION_ITEM('') );
#8944 = CARTESIAN_POINT('',(7.748177182896E-03,2.397363864444E-02));
#8945 = CARTESIAN_POINT('',(8.024338347792E-03,2.469445173684E-02));
#8946 = CARTESIAN_POINT('',(7.283451905747E-03,2.491107071839E-02));
#8947 = ( GEOMETRIC_REPRESENTATION_CONTEXT(2) 
PARAMETRIC_REPRESENTATION_CONTEXT() REPRESENTATION_CONTEXT('2D SPACE',''
  ) );
#8948 = PCURVE('',#6809,#8949);
#8949 = DEFINITIONAL_REPRESENTATION('',(#8950),#8954);
#8950 = ( BOUNDED_CURVE() B_SPLINE_CURVE(2,(#8951,#8952,#8953),
.UNSPECIFIED.,.F.,.F.) B_SPLINE_CURVE_WITH_KNOTS((3,3),(4.660673809365,
6.312894917766),.PIECEWISE_BEZIER_KNOTS.) CURVE() 
GEOMETRIC_REPRESENTATION_ITEM() RATIONAL_B_SPLINE_CURVE((1.,
0.677740792224,1.)) REPRESENTATION_ITEM('') );
#8951 = CARTESIAN_POINT('',(-6.364037221537E-03,-5.536409263545E-03));
#8952 = CARTESIAN_POINT('',(-7.134909703235E-03,-5.576310643648E-03));
#8953 = CARTESIAN_POINT('',(-7.111980095694E-03,-4.804746818504E-03));
#8954 = ( GEOMETRIC_REPRESENTATION_CONTEXT(2) 
PARAMETRIC_REPRESENTATION_CONTEXT() REPRESENTATION_CONTEXT('2D SPACE',''
  ) );
#8955 = ORIENTED_EDGE('',*,*,#8956,.T.);
#8956 = EDGE_CURVE('',#8934,#8957,#8959,.T.);
#8957 = VERTEX_POINT('',#8958);
#8958 = CARTESIAN_POINT('',(3.039990993261,11.684719425047,
    21.117792509309));
#8959 = SURFACE_CURVE('',#8960,(#8963,#8969),.PCURVE_S1.);
#8960 = B_SPLINE_CURVE_WITH_KNOTS('',1,(#8961,#8962),.UNSPECIFIED.,.F.,
  .F.,(2,2),(7.604129429344E-04,1.392037315477E-02),
  .PIECEWISE_BEZIER_KNOTS.);
#8961 = CARTESIAN_POINT('',(7.748177182896,23.973638644443,
    21.117792509309));
#8962 = CARTESIAN_POINT('',(3.039990993261,11.684719425047,
    21.117792509309));
#8963 = PCURVE('',#6837,#8964);
#8964 = DEFINITIONAL_REPRESENTATION('',(#8965),#8968);
#8965 = B_SPLINE_CURVE_WITH_KNOTS('',1,(#8966,#8967),.UNSPECIFIED.,.F.,
  .F.,(2,2),(7.604129429344E-04,1.392037315477E-02),
  .PIECEWISE_BEZIER_KNOTS.);
#8966 = CARTESIAN_POINT('',(7.748177182896E-03,2.397363864444E-02));
#8967 = CARTESIAN_POINT('',(3.039990993261E-03,1.168471942505E-02));
#8968 = ( GEOMETRIC_REPRESENTATION_CONTEXT(2) 
PARAMETRIC_REPRESENTATION_CONTEXT() REPRESENTATION_CONTEXT('2D SPACE',''
  ) );
#8969 = PCURVE('',#6809,#8970);
#8970 = DEFINITIONAL_REPRESENTATION('',(#8971),#8974);
#8971 = B_SPLINE_CURVE_WITH_KNOTS('',1,(#8972,#8973),.UNSPECIFIED.,.F.,
  .F.,(2,2),(7.604129429344E-04,1.392037315477E-02),
  .PIECEWISE_BEZIER_KNOTS.);
#8972 = CARTESIAN_POINT('',(-6.364037221537E-03,-5.536409263545E-03));
#8973 = CARTESIAN_POINT('',(6.778329025574E-03,-4.856142989256E-03));
#8974 = ( GEOMETRIC_REPRESENTATION_CONTEXT(2) 
PARAMETRIC_REPRESENTATION_CONTEXT() REPRESENTATION_CONTEXT('2D SPACE',''
  ) );
#8975 = ORIENTED_EDGE('',*,*,#8976,.T.);
#8976 = EDGE_CURVE('',#8957,#7673,#8977,.T.);
#8977 = SURFACE_CURVE('',#8978,(#8982,#8989),.PCURVE_S1.);
#8978 = ( BOUNDED_CURVE() B_SPLINE_CURVE(2,(#8979,#8980,#8981),
.UNSPECIFIED.,.F.,.F.) B_SPLINE_CURVE_WITH_KNOTS((3,3),(4.764104151404,
6.173604429653),.PIECEWISE_BEZIER_KNOTS.) CURVE() 
GEOMETRIC_REPRESENTATION_ITEM() RATIONAL_B_SPLINE_CURVE((1.,
0.761773446286,1.)) REPRESENTATION_ITEM('') );
#8979 = CARTESIAN_POINT('',(3.039990993261,11.684719425047,
    21.117792509309));
#8980 = CARTESIAN_POINT('',(2.85417314134,11.199712995863,
    21.117792509309));
#8981 = CARTESIAN_POINT('',(2.345620215168,11.305228074046,
    21.117792509309));
#8982 = PCURVE('',#6837,#8983);
#8983 = DEFINITIONAL_REPRESENTATION('',(#8984),#8988);
#8984 = ( BOUNDED_CURVE() B_SPLINE_CURVE(2,(#8985,#8986,#8987),
.UNSPECIFIED.,.F.,.F.) B_SPLINE_CURVE_WITH_KNOTS((3,3),(4.764104151404,
6.173604429653),.PIECEWISE_BEZIER_KNOTS.) CURVE() 
GEOMETRIC_REPRESENTATION_ITEM() RATIONAL_B_SPLINE_CURVE((1.,
0.761773446286,1.)) REPRESENTATION_ITEM('') );
#8985 = CARTESIAN_POINT('',(3.039990993261E-03,1.168471942505E-02));
#8986 = CARTESIAN_POINT('',(2.85417314134E-03,1.119971299586E-02));
#8987 = CARTESIAN_POINT('',(2.345620215168E-03,1.130522807405E-02));
#8988 = ( GEOMETRIC_REPRESENTATION_CONTEXT(2) 
PARAMETRIC_REPRESENTATION_CONTEXT() REPRESENTATION_CONTEXT('2D SPACE',''
  ) );
#8989 = PCURVE('',#6809,#8990);
#8990 = DEFINITIONAL_REPRESENTATION('',(#8991),#8995);
#8991 = ( BOUNDED_CURVE() B_SPLINE_CURVE(2,(#8992,#8993,#8994),
.UNSPECIFIED.,.F.,.F.) B_SPLINE_CURVE_WITH_KNOTS((3,3),(4.764104151404,
6.173604429653),.PIECEWISE_BEZIER_KNOTS.) CURVE() 
GEOMETRIC_REPRESENTATION_ITEM() RATIONAL_B_SPLINE_CURVE((1.,
0.761773446286,1.)) REPRESENTATION_ITEM('') );
#8992 = CARTESIAN_POINT('',(6.778329025574E-03,-4.856142989256E-03));
#8993 = CARTESIAN_POINT('',(7.297018424596E-03,-4.829294939343E-03));
#8994 = CARTESIAN_POINT('',(7.353819118649E-03,-4.313026412704E-03));
#8995 = ( GEOMETRIC_REPRESENTATION_CONTEXT(2) 
PARAMETRIC_REPRESENTATION_CONTEXT() REPRESENTATION_CONTEXT('2D SPACE',''
  ) );
#8996 = ORIENTED_EDGE('',*,*,#7696,.F.);
#8997 = ORIENTED_EDGE('',*,*,#8835,.T.);
#8998 = ORIENTED_EDGE('',*,*,#8787,.T.);
#8999 = ADVANCED_FACE('',(#9000),#7142,.F.);
#9000 = FACE_BOUND('',#9001,.F.);
#9001 = EDGE_LOOP('',(#9002,#9003,#9004,#9005,#9006,#9007,#9030,#9050));
#9002 = ORIENTED_EDGE('',*,*,#7126,.T.);
#9003 = ORIENTED_EDGE('',*,*,#8862,.F.);
#9004 = ORIENTED_EDGE('',*,*,#8885,.T.);
#9005 = ORIENTED_EDGE('',*,*,#8905,.T.);
#9006 = ORIENTED_EDGE('',*,*,#8315,.F.);
#9007 = ORIENTED_EDGE('',*,*,#9008,.T.);
#9008 = EDGE_CURVE('',#8316,#9009,#9011,.T.);
#9009 = VERTEX_POINT('',#9010);
#9010 = CARTESIAN_POINT('',(2.421809181187,-11.82831575377,
    21.117792509309));
#9011 = SURFACE_CURVE('',#9012,(#9016,#9023),.PCURVE_S1.);
#9012 = ( BOUNDED_CURVE() B_SPLINE_CURVE(2,(#9013,#9014,#9015),
.UNSPECIFIED.,.F.,.F.) B_SPLINE_CURVE_WITH_KNOTS((3,3),(5.817017595181,
7.22651787343),.PIECEWISE_BEZIER_KNOTS.) CURVE() 
GEOMETRIC_REPRESENTATION_ITEM() RATIONAL_B_SPLINE_CURVE((1.,
0.761773446286,1.)) REPRESENTATION_ITEM('') );
#9013 = CARTESIAN_POINT('',(1.748338313626,-11.41286244292,
    21.117792509309));
#9014 = CARTESIAN_POINT('',(2.261733050409,-11.334215417,21.117792509309
    ));
#9015 = CARTESIAN_POINT('',(2.421809181187,-11.82831575377,
    21.117792509309));
#9016 = PCURVE('',#7142,#9017);
#9017 = DEFINITIONAL_REPRESENTATION('',(#9018),#9022);
#9018 = ( BOUNDED_CURVE() B_SPLINE_CURVE(2,(#9019,#9020,#9021),
.UNSPECIFIED.,.F.,.F.) B_SPLINE_CURVE_WITH_KNOTS((3,3),(5.817017595181,
7.22651787343),.PIECEWISE_BEZIER_KNOTS.) CURVE() 
GEOMETRIC_REPRESENTATION_ITEM() RATIONAL_B_SPLINE_CURVE((1.,
0.761773446286,1.)) REPRESENTATION_ITEM('') );
#9019 = CARTESIAN_POINT('',(1.748338313626E-03,-1.141286244292E-02));
#9020 = CARTESIAN_POINT('',(2.261733050409E-03,-1.133421541701E-02));
#9021 = CARTESIAN_POINT('',(2.421809181187E-03,-1.182831575378E-02));
#9022 = ( GEOMETRIC_REPRESENTATION_CONTEXT(2) 
PARAMETRIC_REPRESENTATION_CONTEXT() REPRESENTATION_CONTEXT('2D SPACE',''
  ) );
#9023 = PCURVE('',#7169,#9024);
#9024 = DEFINITIONAL_REPRESENTATION('',(#9025),#9029);
#9025 = ( BOUNDED_CURVE() B_SPLINE_CURVE(2,(#9026,#9027,#9028),
.UNSPECIFIED.,.F.,.F.) B_SPLINE_CURVE_WITH_KNOTS((3,3),(5.817017595181,
7.22651787343),.PIECEWISE_BEZIER_KNOTS.) CURVE() 
GEOMETRIC_REPRESENTATION_ITEM() RATIONAL_B_SPLINE_CURVE((1.,
0.761773446286,1.)) REPRESENTATION_ITEM('') );
#9026 = CARTESIAN_POINT('',(8.516555510414E-03,-3.861796272901E-04));
#9027 = CARTESIAN_POINT('',(8.750000975388E-03,7.778451499398E-05));
#9028 = CARTESIAN_POINT('',(8.329549875202E-03,3.82711363262E-04));
#9029 = ( GEOMETRIC_REPRESENTATION_CONTEXT(2) 
PARAMETRIC_REPRESENTATION_CONTEXT() REPRESENTATION_CONTEXT('2D SPACE',''
  ) );
#9030 = ORIENTED_EDGE('',*,*,#9031,.T.);
#9031 = EDGE_CURVE('',#9009,#9032,#9034,.T.);
#9032 = VERTEX_POINT('',#9033);
#9033 = CARTESIAN_POINT('',(6.47776085875,-24.34765314704,
    21.117792509309));
#9034 = SURFACE_CURVE('',#9035,(#9038,#9044),.PCURVE_S1.);
#9035 = B_SPLINE_CURVE_WITH_KNOTS('',1,(#9036,#9037),.UNSPECIFIED.,.F.,
  .F.,(2,2),(5.311393726239E-04,1.369109958446E-02),
  .PIECEWISE_BEZIER_KNOTS.);
#9036 = CARTESIAN_POINT('',(2.421809181187,-11.82831575377,
    21.117792509309));
#9037 = CARTESIAN_POINT('',(6.47776085875,-24.34765314704,
    21.117792509309));
#9038 = PCURVE('',#7142,#9039);
#9039 = DEFINITIONAL_REPRESENTATION('',(#9040),#9043);
#9040 = B_SPLINE_CURVE_WITH_KNOTS('',1,(#9041,#9042),.UNSPECIFIED.,.F.,
  .F.,(2,2),(5.311393726239E-04,1.369109958446E-02),
  .PIECEWISE_BEZIER_KNOTS.);
#9041 = CARTESIAN_POINT('',(2.421809181187E-03,-1.182831575378E-02));
#9042 = CARTESIAN_POINT('',(6.47776085875E-03,-2.434765314704E-02));
#9043 = ( GEOMETRIC_REPRESENTATION_CONTEXT(2) 
PARAMETRIC_REPRESENTATION_CONTEXT() REPRESENTATION_CONTEXT('2D SPACE',''
  ) );
#9044 = PCURVE('',#7169,#9045);
#9045 = DEFINITIONAL_REPRESENTATION('',(#9046),#9049);
#9046 = B_SPLINE_CURVE_WITH_KNOTS('',1,(#9047,#9048),.UNSPECIFIED.,.F.,
  .F.,(2,2),(5.311393726239E-04,1.369109958446E-02),
  .PIECEWISE_BEZIER_KNOTS.);
#9047 = CARTESIAN_POINT('',(8.329549875202E-03,3.82711363262E-04));
#9048 = CARTESIAN_POINT('',(-2.32368953563E-03,8.108838648819E-03));
#9049 = ( GEOMETRIC_REPRESENTATION_CONTEXT(2) 
PARAMETRIC_REPRESENTATION_CONTEXT() REPRESENTATION_CONTEXT('2D SPACE',''
  ) );
#9050 = ORIENTED_EDGE('',*,*,#9051,.F.);
#9051 = EDGE_CURVE('',#7127,#9032,#9052,.T.);
#9052 = SURFACE_CURVE('',#9053,(#9057,#9064),.PCURVE_S1.);
#9053 = ( BOUNDED_CURVE() B_SPLINE_CURVE(2,(#9054,#9055,#9056),
.UNSPECIFIED.,.F.,.F.) B_SPLINE_CURVE_WITH_KNOTS((3,3),(0.546038978939,
2.198260087339),.PIECEWISE_BEZIER_KNOTS.) CURVE() 
GEOMETRIC_REPRESENTATION_ITEM() RATIONAL_B_SPLINE_CURVE((1.,
0.677740792224,1.)) REPRESENTATION_ITEM('') );
#9054 = CARTESIAN_POINT('',(5.964419537382,-25.25937084691,
    21.117792509309));
#9055 = CARTESIAN_POINT('',(6.715664861464,-25.08198153997,
    21.117792509309));
#9056 = CARTESIAN_POINT('',(6.477760858749,-24.34765314704,
    21.117792509309));
#9057 = PCURVE('',#7142,#9058);
#9058 = DEFINITIONAL_REPRESENTATION('',(#9059),#9063);
#9059 = ( BOUNDED_CURVE() B_SPLINE_CURVE(2,(#9060,#9061,#9062),
.UNSPECIFIED.,.F.,.F.) B_SPLINE_CURVE_WITH_KNOTS((3,3),(0.546038978939,
2.198260087339),.PIECEWISE_BEZIER_KNOTS.) CURVE() 
GEOMETRIC_REPRESENTATION_ITEM() RATIONAL_B_SPLINE_CURVE((1.,
0.677740792224,1.)) REPRESENTATION_ITEM('') );
#9060 = CARTESIAN_POINT('',(5.964419537382E-03,-2.525937084692E-02));
#9061 = CARTESIAN_POINT('',(6.715664861464E-03,-2.508198153998E-02));
#9062 = CARTESIAN_POINT('',(6.477760858749E-03,-2.434765314704E-02));
#9063 = ( GEOMETRIC_REPRESENTATION_CONTEXT(2) 
PARAMETRIC_REPRESENTATION_CONTEXT() REPRESENTATION_CONTEXT('2D SPACE',''
  ) );
#9064 = PCURVE('',#7169,#9065);
#9065 = DEFINITIONAL_REPRESENTATION('',(#9066),#9070);
#9066 = ( BOUNDED_CURVE() B_SPLINE_CURVE(2,(#9067,#9068,#9069),
.UNSPECIFIED.,.F.,.F.) B_SPLINE_CURVE_WITH_KNOTS((3,3),(0.546038978939,
2.198260087339),.PIECEWISE_BEZIER_KNOTS.) CURVE() 
GEOMETRIC_REPRESENTATION_ITEM() RATIONAL_B_SPLINE_CURVE((1.,
0.677740792224,1.)) REPRESENTATION_ITEM('') );
#9067 = CARTESIAN_POINT('',(-3.349415787334E-03,7.902358303382E-03));
#9068 = CARTESIAN_POINT('',(-2.94856095896E-03,8.562018753721E-03));
#9069 = CARTESIAN_POINT('',(-2.32368953563E-03,8.108838648819E-03));
#9070 = ( GEOMETRIC_REPRESENTATION_CONTEXT(2) 
PARAMETRIC_REPRESENTATION_CONTEXT() REPRESENTATION_CONTEXT('2D SPACE',''
  ) );
#9071 = ADVANCED_FACE('',(#9072),#6809,.T.);
#9072 = FACE_BOUND('',#9073,.T.);
#9073 = EDGE_LOOP('',(#9074,#9096,#9117,#9118,#9119,#9120,#9121,#9122,
    #9123,#9124));
#9074 = ORIENTED_EDGE('',*,*,#9075,.T.);
#9075 = EDGE_CURVE('',#9076,#9078,#9080,.T.);
#9076 = VERTEX_POINT('',#9077);
#9077 = CARTESIAN_POINT('',(-2.421809181187,11.828315753779,
    21.117792509309));
#9078 = VERTEX_POINT('',#9079);
#9079 = CARTESIAN_POINT('',(-6.47776085875,24.347653147044,
    21.117792509309));
#9080 = SURFACE_CURVE('',#9081,(#9084,#9090),.PCURVE_S1.);
#9081 = B_SPLINE_CURVE_WITH_KNOTS('',1,(#9082,#9083),.UNSPECIFIED.,.F.,
  .F.,(2,2),(5.311393726239E-04,1.369109958446E-02),
  .PIECEWISE_BEZIER_KNOTS.);
#9082 = CARTESIAN_POINT('',(-2.421809181187,11.828315753779,
    21.117792509309));
#9083 = CARTESIAN_POINT('',(-6.47776085875,24.347653147044,
    21.117792509309));
#9084 = PCURVE('',#6809,#9085);
#9085 = DEFINITIONAL_REPRESENTATION('',(#9086),#9089);
#9086 = B_SPLINE_CURVE_WITH_KNOTS('',1,(#9087,#9088),.UNSPECIFIED.,.F.,
  .F.,(2,2),(5.311393726239E-04,1.369109958446E-02),
  .PIECEWISE_BEZIER_KNOTS.);
#9087 = CARTESIAN_POINT('',(8.329549875202E-03,3.82711363262E-04));
#9088 = CARTESIAN_POINT('',(-2.32368953563E-03,8.108838648819E-03));
#9089 = ( GEOMETRIC_REPRESENTATION_CONTEXT(2) 
PARAMETRIC_REPRESENTATION_CONTEXT() REPRESENTATION_CONTEXT('2D SPACE',''
  ) );
#9090 = PCURVE('',#7360,#9091);
#9091 = DEFINITIONAL_REPRESENTATION('',(#9092),#9095);
#9092 = B_SPLINE_CURVE_WITH_KNOTS('',1,(#9093,#9094),.UNSPECIFIED.,.F.,
  .F.,(2,2),(5.311393726239E-04,1.369109958446E-02),
  .PIECEWISE_BEZIER_KNOTS.);
#9093 = CARTESIAN_POINT('',(-2.421809181187E-03,1.182831575378E-02));
#9094 = CARTESIAN_POINT('',(-6.47776085875E-03,2.434765314704E-02));
#9095 = ( GEOMETRIC_REPRESENTATION_CONTEXT(2) 
PARAMETRIC_REPRESENTATION_CONTEXT() REPRESENTATION_CONTEXT('2D SPACE',''
  ) );
#9096 = ORIENTED_EDGE('',*,*,#9097,.F.);
#9097 = EDGE_CURVE('',#7345,#9078,#9098,.T.);
#9098 = SURFACE_CURVE('',#9099,(#9103,#9110),.PCURVE_S1.);
#9099 = ( BOUNDED_CURVE() B_SPLINE_CURVE(2,(#9100,#9101,#9102),
.UNSPECIFIED.,.F.,.F.) B_SPLINE_CURVE_WITH_KNOTS((3,3),(0.546038978939,
2.198260087339),.PIECEWISE_BEZIER_KNOTS.) CURVE() 
GEOMETRIC_REPRESENTATION_ITEM() RATIONAL_B_SPLINE_CURVE((1.,
0.677740792224,1.)) REPRESENTATION_ITEM('') );
#9100 = CARTESIAN_POINT('',(-5.964419537382,25.259370846917,
    21.117792509309));
#9101 = CARTESIAN_POINT('',(-6.715664861464,25.081981539975,
    21.117792509309));
#9102 = CARTESIAN_POINT('',(-6.477760858749,24.347653147044,
    21.117792509309));
#9103 = PCURVE('',#6809,#9104);
#9104 = DEFINITIONAL_REPRESENTATION('',(#9105),#9109);
#9105 = ( BOUNDED_CURVE() B_SPLINE_CURVE(2,(#9106,#9107,#9108),
.UNSPECIFIED.,.F.,.F.) B_SPLINE_CURVE_WITH_KNOTS((3,3),(0.546038978939,
2.198260087339),.PIECEWISE_BEZIER_KNOTS.) CURVE() 
GEOMETRIC_REPRESENTATION_ITEM() RATIONAL_B_SPLINE_CURVE((1.,
0.677740792224,1.)) REPRESENTATION_ITEM('') );
#9106 = CARTESIAN_POINT('',(-3.349415787334E-03,7.902358303382E-03));
#9107 = CARTESIAN_POINT('',(-2.94856095896E-03,8.562018753721E-03));
#9108 = CARTESIAN_POINT('',(-2.32368953563E-03,8.108838648819E-03));
#9109 = ( GEOMETRIC_REPRESENTATION_CONTEXT(2) 
PARAMETRIC_REPRESENTATION_CONTEXT() REPRESENTATION_CONTEXT('2D SPACE',''
  ) );
#9110 = PCURVE('',#7360,#9111);
#9111 = DEFINITIONAL_REPRESENTATION('',(#9112),#9116);
#9112 = ( BOUNDED_CURVE() B_SPLINE_CURVE(2,(#9113,#9114,#9115),
.UNSPECIFIED.,.F.,.F.) B_SPLINE_CURVE_WITH_KNOTS((3,3),(0.546038978939,
2.198260087339),.PIECEWISE_BEZIER_KNOTS.) CURVE() 
GEOMETRIC_REPRESENTATION_ITEM() RATIONAL_B_SPLINE_CURVE((1.,
0.677740792224,1.)) REPRESENTATION_ITEM('') );
#9113 = CARTESIAN_POINT('',(-5.964419537382E-03,2.525937084692E-02));
#9114 = CARTESIAN_POINT('',(-6.715664861464E-03,2.508198153998E-02));
#9115 = CARTESIAN_POINT('',(-6.477760858749E-03,2.434765314704E-02));
#9116 = ( GEOMETRIC_REPRESENTATION_CONTEXT(2) 
PARAMETRIC_REPRESENTATION_CONTEXT() REPRESENTATION_CONTEXT('2D SPACE',''
  ) );
#9117 = ORIENTED_EDGE('',*,*,#7372,.T.);
#9118 = ORIENTED_EDGE('',*,*,#6792,.T.);
#9119 = ORIENTED_EDGE('',*,*,#8933,.F.);
#9120 = ORIENTED_EDGE('',*,*,#8956,.T.);
#9121 = ORIENTED_EDGE('',*,*,#8976,.T.);
#9122 = ORIENTED_EDGE('',*,*,#7672,.T.);
#9123 = ORIENTED_EDGE('',*,*,#7985,.T.);
#9124 = ORIENTED_EDGE('',*,*,#9125,.T.);
#9125 = EDGE_CURVE('',#7962,#9076,#9126,.T.);
#9126 = SURFACE_CURVE('',#9127,(#9131,#9138),.PCURVE_S1.);
#9127 = ( BOUNDED_CURVE() B_SPLINE_CURVE(2,(#9128,#9129,#9130),
.UNSPECIFIED.,.F.,.F.) B_SPLINE_CURVE_WITH_KNOTS((3,3),(5.817017595181,
7.22651787343),.PIECEWISE_BEZIER_KNOTS.) CURVE() 
GEOMETRIC_REPRESENTATION_ITEM() RATIONAL_B_SPLINE_CURVE((1.,
0.761773446286,1.)) REPRESENTATION_ITEM('') );
#9128 = CARTESIAN_POINT('',(-1.748338313626,11.412862442924,
    21.117792509309));
#9129 = CARTESIAN_POINT('',(-2.261733050409,11.334215417007,
    21.117792509309));
#9130 = CARTESIAN_POINT('',(-2.421809181187,11.828315753779,
    21.117792509309));
#9131 = PCURVE('',#6809,#9132);
#9132 = DEFINITIONAL_REPRESENTATION('',(#9133),#9137);
#9133 = ( BOUNDED_CURVE() B_SPLINE_CURVE(2,(#9134,#9135,#9136),
.UNSPECIFIED.,.F.,.F.) B_SPLINE_CURVE_WITH_KNOTS((3,3),(5.817017595181,
7.22651787343),.PIECEWISE_BEZIER_KNOTS.) CURVE() 
GEOMETRIC_REPRESENTATION_ITEM() RATIONAL_B_SPLINE_CURVE((1.,
0.761773446286,1.)) REPRESENTATION_ITEM('') );
#9134 = CARTESIAN_POINT('',(8.516555510414E-03,-3.861796272901E-04));
#9135 = CARTESIAN_POINT('',(8.750000975388E-03,7.778451499398E-05));
#9136 = CARTESIAN_POINT('',(8.329549875202E-03,3.82711363262E-04));
#9137 = ( GEOMETRIC_REPRESENTATION_CONTEXT(2) 
PARAMETRIC_REPRESENTATION_CONTEXT() REPRESENTATION_CONTEXT('2D SPACE',''
  ) );
#9138 = PCURVE('',#7360,#9139);
#9139 = DEFINITIONAL_REPRESENTATION('',(#9140),#9144);
#9140 = ( BOUNDED_CURVE() B_SPLINE_CURVE(2,(#9141,#9142,#9143),
.UNSPECIFIED.,.F.,.F.) B_SPLINE_CURVE_WITH_KNOTS((3,3),(5.817017595181,
7.22651787343),.PIECEWISE_BEZIER_KNOTS.) CURVE() 
GEOMETRIC_REPRESENTATION_ITEM() RATIONAL_B_SPLINE_CURVE((1.,
0.761773446286,1.)) REPRESENTATION_ITEM('') );
#9141 = CARTESIAN_POINT('',(-1.748338313626E-03,1.141286244292E-02));
#9142 = CARTESIAN_POINT('',(-2.261733050409E-03,1.133421541701E-02));
#9143 = CARTESIAN_POINT('',(-2.421809181187E-03,1.182831575378E-02));
#9144 = ( GEOMETRIC_REPRESENTATION_CONTEXT(2) 
PARAMETRIC_REPRESENTATION_CONTEXT() REPRESENTATION_CONTEXT('2D SPACE',''
  ) );
#9145 = ADVANCED_FACE('',(#9146),#7169,.T.);
#9146 = FACE_BOUND('',#9147,.T.);
#9147 = EDGE_LOOP('',(#9148,#9149,#9150,#9151,#9152,#9175,#9195,#9216,
    #9217,#9218));
#9148 = ORIENTED_EDGE('',*,*,#9031,.T.);
#9149 = ORIENTED_EDGE('',*,*,#9051,.F.);
#9150 = ORIENTED_EDGE('',*,*,#7154,.T.);
#9151 = ORIENTED_EDGE('',*,*,#7420,.T.);
#9152 = ORIENTED_EDGE('',*,*,#9153,.F.);
#9153 = EDGE_CURVE('',#9154,#7421,#9156,.T.);
#9154 = VERTEX_POINT('',#9155);
#9155 = CARTESIAN_POINT('',(-7.748177182896,-23.97363864444,
    21.117792509309));
#9156 = SURFACE_CURVE('',#9157,(#9161,#9168),.PCURVE_S1.);
#9157 = ( BOUNDED_CURVE() B_SPLINE_CURVE(2,(#9158,#9159,#9160),
.UNSPECIFIED.,.F.,.F.) B_SPLINE_CURVE_WITH_KNOTS((3,3),(4.660673809365,
6.312894917766),.PIECEWISE_BEZIER_KNOTS.) CURVE() 
GEOMETRIC_REPRESENTATION_ITEM() RATIONAL_B_SPLINE_CURVE((1.,
0.677740792224,1.)) REPRESENTATION_ITEM('') );
#9158 = CARTESIAN_POINT('',(-7.748177182896,-23.97363864444,
    21.117792509309));
#9159 = CARTESIAN_POINT('',(-8.024338347792,-24.69445173684,
    21.117792509309));
#9160 = CARTESIAN_POINT('',(-7.283451905747,-24.91107071839,
    21.117792509309));
#9161 = PCURVE('',#7169,#9162);
#9162 = DEFINITIONAL_REPRESENTATION('',(#9163),#9167);
#9163 = ( BOUNDED_CURVE() B_SPLINE_CURVE(2,(#9164,#9165,#9166),
.UNSPECIFIED.,.F.,.F.) B_SPLINE_CURVE_WITH_KNOTS((3,3),(4.660673809365,
6.312894917766),.PIECEWISE_BEZIER_KNOTS.) CURVE() 
GEOMETRIC_REPRESENTATION_ITEM() RATIONAL_B_SPLINE_CURVE((1.,
0.677740792224,1.)) REPRESENTATION_ITEM('') );
#9164 = CARTESIAN_POINT('',(-6.364037221537E-03,-5.536409263545E-03));
#9165 = CARTESIAN_POINT('',(-7.134909703235E-03,-5.576310643648E-03));
#9166 = CARTESIAN_POINT('',(-7.111980095694E-03,-4.804746818504E-03));
#9167 = ( GEOMETRIC_REPRESENTATION_CONTEXT(2) 
PARAMETRIC_REPRESENTATION_CONTEXT() REPRESENTATION_CONTEXT('2D SPACE',''
  ) );
#9168 = PCURVE('',#7460,#9169);
#9169 = DEFINITIONAL_REPRESENTATION('',(#9170),#9174);
#9170 = ( BOUNDED_CURVE() B_SPLINE_CURVE(2,(#9171,#9172,#9173),
.UNSPECIFIED.,.F.,.F.) B_SPLINE_CURVE_WITH_KNOTS((3,3),(4.660673809365,
6.312894917766),.PIECEWISE_BEZIER_KNOTS.) CURVE() 
GEOMETRIC_REPRESENTATION_ITEM() RATIONAL_B_SPLINE_CURVE((1.,
0.677740792224,1.)) REPRESENTATION_ITEM('') );
#9171 = CARTESIAN_POINT('',(-7.748177182896E-03,-2.397363864444E-02));
#9172 = CARTESIAN_POINT('',(-8.024338347792E-03,-2.469445173684E-02));
#9173 = CARTESIAN_POINT('',(-7.283451905747E-03,-2.491107071839E-02));
#9174 = ( GEOMETRIC_REPRESENTATION_CONTEXT(2) 
PARAMETRIC_REPRESENTATION_CONTEXT() REPRESENTATION_CONTEXT('2D SPACE',''
  ) );
#9175 = ORIENTED_EDGE('',*,*,#9176,.T.);
#9176 = EDGE_CURVE('',#9154,#9177,#9179,.T.);
#9177 = VERTEX_POINT('',#9178);
#9178 = CARTESIAN_POINT('',(-3.039990993261,-11.68471942504,
    21.117792509309));
#9179 = SURFACE_CURVE('',#9180,(#9183,#9189),.PCURVE_S1.);
#9180 = B_SPLINE_CURVE_WITH_KNOTS('',1,(#9181,#9182),.UNSPECIFIED.,.F.,
  .F.,(2,2),(7.604129429344E-04,1.392037315477E-02),
  .PIECEWISE_BEZIER_KNOTS.);
#9181 = CARTESIAN_POINT('',(-7.748177182896,-23.97363864444,
    21.117792509309));
#9182 = CARTESIAN_POINT('',(-3.039990993261,-11.68471942504,
    21.117792509309));
#9183 = PCURVE('',#7169,#9184);
#9184 = DEFINITIONAL_REPRESENTATION('',(#9185),#9188);
#9185 = B_SPLINE_CURVE_WITH_KNOTS('',1,(#9186,#9187),.UNSPECIFIED.,.F.,
  .F.,(2,2),(7.604129429344E-04,1.392037315477E-02),
  .PIECEWISE_BEZIER_KNOTS.);
#9186 = CARTESIAN_POINT('',(-6.364037221537E-03,-5.536409263545E-03));
#9187 = CARTESIAN_POINT('',(6.778329025574E-03,-4.856142989256E-03));
#9188 = ( GEOMETRIC_REPRESENTATION_CONTEXT(2) 
PARAMETRIC_REPRESENTATION_CONTEXT() REPRESENTATION_CONTEXT('2D SPACE',''
  ) );
#9189 = PCURVE('',#7460,#9190);
#9190 = DEFINITIONAL_REPRESENTATION('',(#9191),#9194);
#9191 = B_SPLINE_CURVE_WITH_KNOTS('',1,(#9192,#9193),.UNSPECIFIED.,.F.,
  .F.,(2,2),(7.604129429344E-04,1.392037315477E-02),
  .PIECEWISE_BEZIER_KNOTS.);
#9192 = CARTESIAN_POINT('',(-7.748177182896E-03,-2.397363864444E-02));
#9193 = CARTESIAN_POINT('',(-3.039990993261E-03,-1.168471942505E-02));
#9194 = ( GEOMETRIC_REPRESENTATION_CONTEXT(2) 
PARAMETRIC_REPRESENTATION_CONTEXT() REPRESENTATION_CONTEXT('2D SPACE',''
  ) );
#9195 = ORIENTED_EDGE('',*,*,#9196,.T.);
#9196 = EDGE_CURVE('',#9177,#8057,#9197,.T.);
#9197 = SURFACE_CURVE('',#9198,(#9202,#9209),.PCURVE_S1.);
#9198 = ( BOUNDED_CURVE() B_SPLINE_CURVE(2,(#9199,#9200,#9201),
.UNSPECIFIED.,.F.,.F.) B_SPLINE_CURVE_WITH_KNOTS((3,3),(4.764104151404,
6.173604429653),.PIECEWISE_BEZIER_KNOTS.) CURVE() 
GEOMETRIC_REPRESENTATION_ITEM() RATIONAL_B_SPLINE_CURVE((1.,
0.761773446286,1.)) REPRESENTATION_ITEM('') );
#9199 = CARTESIAN_POINT('',(-3.039990993261,-11.68471942504,
    21.117792509309));
#9200 = CARTESIAN_POINT('',(-2.85417314134,-11.19971299586,
    21.117792509309));
#9201 = CARTESIAN_POINT('',(-2.345620215168,-11.30522807404,
    21.117792509309));
#9202 = PCURVE('',#7169,#9203);
#9203 = DEFINITIONAL_REPRESENTATION('',(#9204),#9208);
#9204 = ( BOUNDED_CURVE() B_SPLINE_CURVE(2,(#9205,#9206,#9207),
.UNSPECIFIED.,.F.,.F.) B_SPLINE_CURVE_WITH_KNOTS((3,3),(4.764104151404,
6.173604429653),.PIECEWISE_BEZIER_KNOTS.) CURVE() 
GEOMETRIC_REPRESENTATION_ITEM() RATIONAL_B_SPLINE_CURVE((1.,
0.761773446286,1.)) REPRESENTATION_ITEM('') );
#9205 = CARTESIAN_POINT('',(6.778329025574E-03,-4.856142989256E-03));
#9206 = CARTESIAN_POINT('',(7.297018424596E-03,-4.829294939343E-03));
#9207 = CARTESIAN_POINT('',(7.353819118649E-03,-4.313026412704E-03));
#9208 = ( GEOMETRIC_REPRESENTATION_CONTEXT(2) 
PARAMETRIC_REPRESENTATION_CONTEXT() REPRESENTATION_CONTEXT('2D SPACE',''
  ) );
#9209 = PCURVE('',#7460,#9210);
#9210 = DEFINITIONAL_REPRESENTATION('',(#9211),#9215);
#9211 = ( BOUNDED_CURVE() B_SPLINE_CURVE(2,(#9212,#9213,#9214),
.UNSPECIFIED.,.F.,.F.) B_SPLINE_CURVE_WITH_KNOTS((3,3),(4.764104151404,
6.173604429653),.PIECEWISE_BEZIER_KNOTS.) CURVE() 
GEOMETRIC_REPRESENTATION_ITEM() RATIONAL_B_SPLINE_CURVE((1.,
0.761773446286,1.)) REPRESENTATION_ITEM('') );
#9212 = CARTESIAN_POINT('',(-3.039990993261E-03,-1.168471942505E-02));
#9213 = CARTESIAN_POINT('',(-2.85417314134E-03,-1.119971299586E-02));
#9214 = CARTESIAN_POINT('',(-2.345620215168E-03,-1.130522807405E-02));
#9215 = ( GEOMETRIC_REPRESENTATION_CONTEXT(2) 
PARAMETRIC_REPRESENTATION_CONTEXT() REPRESENTATION_CONTEXT('2D SPACE',''
  ) );
#9216 = ORIENTED_EDGE('',*,*,#8056,.T.);
#9217 = ORIENTED_EDGE('',*,*,#8339,.T.);
#9218 = ORIENTED_EDGE('',*,*,#9008,.T.);
#9219 = ADVANCED_FACE('',(#9220),#7360,.F.);
#9220 = FACE_BOUND('',#9221,.F.);
#9221 = EDGE_LOOP('',(#9222,#9223,#9224,#9247,#9267,#9288,#9289,#9290));
#9222 = ORIENTED_EDGE('',*,*,#9097,.F.);
#9223 = ORIENTED_EDGE('',*,*,#7344,.T.);
#9224 = ORIENTED_EDGE('',*,*,#9225,.F.);
#9225 = EDGE_CURVE('',#9226,#7316,#9228,.T.);
#9226 = VERTEX_POINT('',#9227);
#9227 = CARTESIAN_POINT('',(-7.822944222602,23.949345360614,
    21.117792509309));
#9228 = SURFACE_CURVE('',#9229,(#9233,#9240),.PCURVE_S1.);
#9229 = ( BOUNDED_CURVE() B_SPLINE_CURVE(2,(#9230,#9231,#9232),
.UNSPECIFIED.,.F.,.F.) B_SPLINE_CURVE_WITH_KNOTS((3,3),(4.660673809365,
6.312894917766),.PIECEWISE_BEZIER_KNOTS.) CURVE() 
GEOMETRIC_REPRESENTATION_ITEM() RATIONAL_B_SPLINE_CURVE((1.,
0.677740792224,1.)) REPRESENTATION_ITEM('') );
#9230 = CARTESIAN_POINT('',(-7.822944222602,23.949345360614,
    21.117792509309));
#9231 = CARTESIAN_POINT('',(-8.023208452387,24.694818862116,
    21.117792509309));
#9232 = CARTESIAN_POINT('',(-8.749923617623,24.434585175234,
    21.117792509309));
#9233 = PCURVE('',#7360,#9234);
#9234 = DEFINITIONAL_REPRESENTATION('',(#9235),#9239);
#9235 = ( BOUNDED_CURVE() B_SPLINE_CURVE(2,(#9236,#9237,#9238),
.UNSPECIFIED.,.F.,.F.) B_SPLINE_CURVE_WITH_KNOTS((3,3),(4.660673809365,
6.312894917766),.PIECEWISE_BEZIER_KNOTS.) CURVE() 
GEOMETRIC_REPRESENTATION_ITEM() RATIONAL_B_SPLINE_CURVE((1.,
0.677740792224,1.)) REPRESENTATION_ITEM('') );
#9236 = CARTESIAN_POINT('',(-7.822944222602E-03,2.394934536061E-02));
#9237 = CARTESIAN_POINT('',(-8.023208452387E-03,2.469481886212E-02));
#9238 = CARTESIAN_POINT('',(-8.749923617623E-03,2.443458517523E-02));
#9239 = ( GEOMETRIC_REPRESENTATION_CONTEXT(2) 
PARAMETRIC_REPRESENTATION_CONTEXT() REPRESENTATION_CONTEXT('2D SPACE',''
  ) );
#9240 = PCURVE('',#7332,#9241);
#9241 = DEFINITIONAL_REPRESENTATION('',(#9242),#9246);
#9242 = ( BOUNDED_CURVE() B_SPLINE_CURVE(2,(#9243,#9244,#9245),
.UNSPECIFIED.,.F.,.F.) B_SPLINE_CURVE_WITH_KNOTS((3,3),(4.660673809365,
6.312894917766),.PIECEWISE_BEZIER_KNOTS.) CURVE() 
GEOMETRIC_REPRESENTATION_ITEM() RATIONAL_B_SPLINE_CURVE((1.,
0.677740792224,1.)) REPRESENTATION_ITEM('') );
#9243 = CARTESIAN_POINT('',(-6.364037221537E-03,-5.536409263545E-03));
#9244 = CARTESIAN_POINT('',(-7.134909703235E-03,-5.576310643648E-03));
#9245 = CARTESIAN_POINT('',(-7.111980095694E-03,-4.804746818504E-03));
#9246 = ( GEOMETRIC_REPRESENTATION_CONTEXT(2) 
PARAMETRIC_REPRESENTATION_CONTEXT() REPRESENTATION_CONTEXT('2D SPACE',''
  ) );
#9247 = ORIENTED_EDGE('',*,*,#9248,.T.);
#9248 = EDGE_CURVE('',#9226,#9249,#9251,.T.);
#9249 = VERTEX_POINT('',#9250);
#9250 = CARTESIAN_POINT('',(-4.408701378923,11.239998462307,
    21.117792509309));
#9251 = SURFACE_CURVE('',#9252,(#9255,#9261),.PCURVE_S1.);
#9252 = B_SPLINE_CURVE_WITH_KNOTS('',1,(#9253,#9254),.UNSPECIFIED.,.F.,
  .F.,(2,2),(7.604129429344E-04,1.392037315477E-02),
  .PIECEWISE_BEZIER_KNOTS.);
#9253 = CARTESIAN_POINT('',(-7.822944222602,23.949345360614,
    21.117792509309));
#9254 = CARTESIAN_POINT('',(-4.408701378923,11.239998462307,
    21.117792509309));
#9255 = PCURVE('',#7360,#9256);
#9256 = DEFINITIONAL_REPRESENTATION('',(#9257),#9260);
#9257 = B_SPLINE_CURVE_WITH_KNOTS('',1,(#9258,#9259),.UNSPECIFIED.,.F.,
  .F.,(2,2),(7.604129429344E-04,1.392037315477E-02),
  .PIECEWISE_BEZIER_KNOTS.);
#9258 = CARTESIAN_POINT('',(-7.822944222602E-03,2.394934536061E-02));
#9259 = CARTESIAN_POINT('',(-4.408701378923E-03,1.123999846231E-02));
#9260 = ( GEOMETRIC_REPRESENTATION_CONTEXT(2) 
PARAMETRIC_REPRESENTATION_CONTEXT() REPRESENTATION_CONTEXT('2D SPACE',''
  ) );
#9261 = PCURVE('',#7332,#9262);
#9262 = DEFINITIONAL_REPRESENTATION('',(#9263),#9266);
#9263 = B_SPLINE_CURVE_WITH_KNOTS('',1,(#9264,#9265),.UNSPECIFIED.,.F.,
  .F.,(2,2),(7.604129429344E-04,1.392037315477E-02),
  .PIECEWISE_BEZIER_KNOTS.);
#9264 = CARTESIAN_POINT('',(-6.364037221537E-03,-5.536409263545E-03));
#9265 = CARTESIAN_POINT('',(6.778329025574E-03,-4.856142989256E-03));
#9266 = ( GEOMETRIC_REPRESENTATION_CONTEXT(2) 
PARAMETRIC_REPRESENTATION_CONTEXT() REPRESENTATION_CONTEXT('2D SPACE',''
  ) );
#9267 = ORIENTED_EDGE('',*,*,#9268,.T.);
#9268 = EDGE_CURVE('',#9249,#7939,#9269,.T.);
#9269 = SURFACE_CURVE('',#9270,(#9274,#9281),.PCURVE_S1.);
#9270 = ( BOUNDED_CURVE() B_SPLINE_CURVE(2,(#9271,#9272,#9273),
.UNSPECIFIED.,.F.,.F.) B_SPLINE_CURVE_WITH_KNOTS((3,3),(4.764104151404,
6.173604429653),.PIECEWISE_BEZIER_KNOTS.) CURVE() 
GEOMETRIC_REPRESENTATION_ITEM() RATIONAL_B_SPLINE_CURVE((1.,
0.761773446286,1.)) REPRESENTATION_ITEM('') );
#9271 = CARTESIAN_POINT('',(-4.408701378923,11.239998462307,
    21.117792509309));
#9272 = CARTESIAN_POINT('',(-4.273951552643,10.738399025744,
    21.117792509309));
#9273 = CARTESIAN_POINT('',(-4.747399719306,10.524842607143,
    21.117792509309));
#9274 = PCURVE('',#7360,#9275);
#9275 = DEFINITIONAL_REPRESENTATION('',(#9276),#9280);
#9276 = ( BOUNDED_CURVE() B_SPLINE_CURVE(2,(#9277,#9278,#9279),
.UNSPECIFIED.,.F.,.F.) B_SPLINE_CURVE_WITH_KNOTS((3,3),(4.764104151404,
6.173604429653),.PIECEWISE_BEZIER_KNOTS.) CURVE() 
GEOMETRIC_REPRESENTATION_ITEM() RATIONAL_B_SPLINE_CURVE((1.,
0.761773446286,1.)) REPRESENTATION_ITEM('') );
#9277 = CARTESIAN_POINT('',(-4.408701378923E-03,1.123999846231E-02));
#9278 = CARTESIAN_POINT('',(-4.273951552643E-03,1.073839902574E-02));
#9279 = CARTESIAN_POINT('',(-4.747399719306E-03,1.052484260714E-02));
#9280 = ( GEOMETRIC_REPRESENTATION_CONTEXT(2) 
PARAMETRIC_REPRESENTATION_CONTEXT() REPRESENTATION_CONTEXT('2D SPACE',''
  ) );
#9281 = PCURVE('',#7332,#9282);
#9282 = DEFINITIONAL_REPRESENTATION('',(#9283),#9287);
#9283 = ( BOUNDED_CURVE() B_SPLINE_CURVE(2,(#9284,#9285,#9286),
.UNSPECIFIED.,.F.,.F.) B_SPLINE_CURVE_WITH_KNOTS((3,3),(4.764104151404,
6.173604429653),.PIECEWISE_BEZIER_KNOTS.) CURVE() 
GEOMETRIC_REPRESENTATION_ITEM() RATIONAL_B_SPLINE_CURVE((1.,
0.761773446286,1.)) REPRESENTATION_ITEM('') );
#9284 = CARTESIAN_POINT('',(6.778329025574E-03,-4.856142989256E-03));
#9285 = CARTESIAN_POINT('',(7.297018424596E-03,-4.829294939343E-03));
#9286 = CARTESIAN_POINT('',(7.353819118649E-03,-4.313026412704E-03));
#9287 = ( GEOMETRIC_REPRESENTATION_CONTEXT(2) 
PARAMETRIC_REPRESENTATION_CONTEXT() REPRESENTATION_CONTEXT('2D SPACE',''
  ) );
#9288 = ORIENTED_EDGE('',*,*,#7961,.F.);
#9289 = ORIENTED_EDGE('',*,*,#9125,.T.);
#9290 = ORIENTED_EDGE('',*,*,#9075,.T.);
#9291 = ADVANCED_FACE('',(#9292),#7460,.F.);
#9292 = FACE_BOUND('',#9293,.F.);
#9293 = EDGE_LOOP('',(#9294,#9295,#9296,#9297,#9298,#9299,#9322,#9342));
#9294 = ORIENTED_EDGE('',*,*,#7444,.T.);
#9295 = ORIENTED_EDGE('',*,*,#9153,.F.);
#9296 = ORIENTED_EDGE('',*,*,#9176,.T.);
#9297 = ORIENTED_EDGE('',*,*,#9196,.T.);
#9298 = ORIENTED_EDGE('',*,*,#8080,.F.);
#9299 = ORIENTED_EDGE('',*,*,#9300,.T.);
#9300 = EDGE_CURVE('',#8081,#9301,#9303,.T.);
#9301 = VERTEX_POINT('',#9302);
#9302 = CARTESIAN_POINT('',(-4.993224774816,-10.9928121802,
    21.117792509309));
#9303 = SURFACE_CURVE('',#9304,(#9308,#9315),.PCURVE_S1.);
#9304 = ( BOUNDED_CURVE() B_SPLINE_CURVE(2,(#9305,#9306,#9307),
.UNSPECIFIED.,.F.,.F.) B_SPLINE_CURVE_WITH_KNOTS((3,3),(5.817017595181,
7.22651787343),.PIECEWISE_BEZIER_KNOTS.) CURVE() 
GEOMETRIC_REPRESENTATION_ITEM() RATIONAL_B_SPLINE_CURVE((1.,
0.761773446286,1.)) REPRESENTATION_ITEM('') );
#9305 = CARTESIAN_POINT('',(-5.293876822753,-10.26084714755,
    21.117792509309));
#9306 = CARTESIAN_POINT('',(-4.832304193902,-10.49898622191,
    21.117792509309));
#9307 = CARTESIAN_POINT('',(-4.993224774816,-10.9928121802,
    21.117792509309));
#9308 = PCURVE('',#7460,#9309);
#9309 = DEFINITIONAL_REPRESENTATION('',(#9310),#9314);
#9310 = ( BOUNDED_CURVE() B_SPLINE_CURVE(2,(#9311,#9312,#9313),
.UNSPECIFIED.,.F.,.F.) B_SPLINE_CURVE_WITH_KNOTS((3,3),(5.817017595181,
7.22651787343),.PIECEWISE_BEZIER_KNOTS.) CURVE() 
GEOMETRIC_REPRESENTATION_ITEM() RATIONAL_B_SPLINE_CURVE((1.,
0.761773446286,1.)) REPRESENTATION_ITEM('') );
#9311 = CARTESIAN_POINT('',(-5.293876822753E-03,-1.026084714756E-02));
#9312 = CARTESIAN_POINT('',(-4.832304193902E-03,-1.049898622192E-02));
#9313 = CARTESIAN_POINT('',(-4.993224774816E-03,-1.099281218021E-02));
#9314 = ( GEOMETRIC_REPRESENTATION_CONTEXT(2) 
PARAMETRIC_REPRESENTATION_CONTEXT() REPRESENTATION_CONTEXT('2D SPACE',''
  ) );
#9315 = PCURVE('',#7489,#9316);
#9316 = DEFINITIONAL_REPRESENTATION('',(#9317),#9321);
#9317 = ( BOUNDED_CURVE() B_SPLINE_CURVE(2,(#9318,#9319,#9320),
.UNSPECIFIED.,.F.,.F.) B_SPLINE_CURVE_WITH_KNOTS((3,3),(5.817017595181,
7.22651787343),.PIECEWISE_BEZIER_KNOTS.) CURVE() 
GEOMETRIC_REPRESENTATION_ITEM() RATIONAL_B_SPLINE_CURVE((1.,
0.761773446286,1.)) REPRESENTATION_ITEM('') );
#9318 = CARTESIAN_POINT('',(8.516555510414E-03,-3.861796272901E-04));
#9319 = CARTESIAN_POINT('',(8.750000975388E-03,7.778451499398E-05));
#9320 = CARTESIAN_POINT('',(8.329549875202E-03,3.82711363262E-04));
#9321 = ( GEOMETRIC_REPRESENTATION_CONTEXT(2) 
PARAMETRIC_REPRESENTATION_CONTEXT() REPRESENTATION_CONTEXT('2D SPACE',''
  ) );
#9322 = ORIENTED_EDGE('',*,*,#9323,.T.);
#9323 = EDGE_CURVE('',#9301,#9324,#9326,.T.);
#9324 = VERTEX_POINT('',#9325);
#9325 = CARTESIAN_POINT('',(-9.07057282754,-23.50519746975,
    21.117792509309));
#9326 = SURFACE_CURVE('',#9327,(#9330,#9336),.PCURVE_S1.);
#9327 = B_SPLINE_CURVE_WITH_KNOTS('',1,(#9328,#9329),.UNSPECIFIED.,.F.,
  .F.,(2,2),(5.311393726239E-04,1.369109958446E-02),
  .PIECEWISE_BEZIER_KNOTS.);
#9328 = CARTESIAN_POINT('',(-4.993224774816,-10.9928121802,
    21.117792509309));
#9329 = CARTESIAN_POINT('',(-9.07057282754,-23.50519746975,
    21.117792509309));
#9330 = PCURVE('',#7460,#9331);
#9331 = DEFINITIONAL_REPRESENTATION('',(#9332),#9335);
#9332 = B_SPLINE_CURVE_WITH_KNOTS('',1,(#9333,#9334),.UNSPECIFIED.,.F.,
  .F.,(2,2),(5.311393726239E-04,1.369109958446E-02),
  .PIECEWISE_BEZIER_KNOTS.);
#9333 = CARTESIAN_POINT('',(-4.993224774816E-03,-1.099281218021E-02));
#9334 = CARTESIAN_POINT('',(-9.07057282754E-03,-2.350519746976E-02));
#9335 = ( GEOMETRIC_REPRESENTATION_CONTEXT(2) 
PARAMETRIC_REPRESENTATION_CONTEXT() REPRESENTATION_CONTEXT('2D SPACE',''
  ) );
#9336 = PCURVE('',#7489,#9337);
#9337 = DEFINITIONAL_REPRESENTATION('',(#9338),#9341);
#9338 = B_SPLINE_CURVE_WITH_KNOTS('',1,(#9339,#9340),.UNSPECIFIED.,.F.,
  .F.,(2,2),(5.311393726239E-04,1.369109958446E-02),
  .PIECEWISE_BEZIER_KNOTS.);
#9339 = CARTESIAN_POINT('',(8.329549875202E-03,3.82711363262E-04));
#9340 = CARTESIAN_POINT('',(-2.32368953563E-03,8.108838648819E-03));
#9341 = ( GEOMETRIC_REPRESENTATION_CONTEXT(2) 
PARAMETRIC_REPRESENTATION_CONTEXT() REPRESENTATION_CONTEXT('2D SPACE',''
  ) );
#9342 = ORIENTED_EDGE('',*,*,#9343,.F.);
#9343 = EDGE_CURVE('',#7445,#9324,#9344,.T.);
#9344 = SURFACE_CURVE('',#9345,(#9349,#9356),.PCURVE_S1.);
#9345 = ( BOUNDED_CURVE() B_SPLINE_CURVE(2,(#9346,#9347,#9348),
.UNSPECIFIED.,.F.,.F.) B_SPLINE_CURVE_WITH_KNOTS((3,3),(0.546038978939,
2.198260087339),.PIECEWISE_BEZIER_KNOTS.) CURVE() 
GEOMETRIC_REPRESENTATION_ITEM() RATIONAL_B_SPLINE_CURVE((1.,
0.677740792224,1.)) REPRESENTATION_ITEM('') );
#9346 = CARTESIAN_POINT('',(-10.02176889868,-23.94105812493,
    21.117792509309));
#9347 = CARTESIAN_POINT('',(-9.309731846018,-24.23911808334,
    21.117792509309));
#9348 = CARTESIAN_POINT('',(-9.07057282754,-23.50519746975,
    21.117792509309));
#9349 = PCURVE('',#7460,#9350);
#9350 = DEFINITIONAL_REPRESENTATION('',(#9351),#9355);
#9351 = ( BOUNDED_CURVE() B_SPLINE_CURVE(2,(#9352,#9353,#9354),
.UNSPECIFIED.,.F.,.F.) B_SPLINE_CURVE_WITH_KNOTS((3,3),(0.546038978939,
2.198260087339),.PIECEWISE_BEZIER_KNOTS.) CURVE() 
GEOMETRIC_REPRESENTATION_ITEM() RATIONAL_B_SPLINE_CURVE((1.,
0.677740792224,1.)) REPRESENTATION_ITEM('') );
#9352 = CARTESIAN_POINT('',(-1.002176889868E-02,-2.394105812493E-02));
#9353 = CARTESIAN_POINT('',(-9.309731846018E-03,-2.423911808335E-02));
#9354 = CARTESIAN_POINT('',(-9.07057282754E-03,-2.350519746976E-02));
#9355 = ( GEOMETRIC_REPRESENTATION_CONTEXT(2) 
PARAMETRIC_REPRESENTATION_CONTEXT() REPRESENTATION_CONTEXT('2D SPACE',''
  ) );
#9356 = PCURVE('',#7489,#9357);
#9357 = DEFINITIONAL_REPRESENTATION('',(#9358),#9362);
#9358 = ( BOUNDED_CURVE() B_SPLINE_CURVE(2,(#9359,#9360,#9361),
.UNSPECIFIED.,.F.,.F.) B_SPLINE_CURVE_WITH_KNOTS((3,3),(0.546038978939,
2.198260087339),.PIECEWISE_BEZIER_KNOTS.) CURVE() 
GEOMETRIC_REPRESENTATION_ITEM() RATIONAL_B_SPLINE_CURVE((1.,
0.677740792224,1.)) REPRESENTATION_ITEM('') );
#9359 = CARTESIAN_POINT('',(-3.349415787334E-03,7.902358303382E-03));
#9360 = CARTESIAN_POINT('',(-2.94856095896E-03,8.562018753721E-03));
#9361 = CARTESIAN_POINT('',(-2.32368953563E-03,8.108838648819E-03));
#9362 = ( GEOMETRIC_REPRESENTATION_CONTEXT(2) 
PARAMETRIC_REPRESENTATION_CONTEXT() REPRESENTATION_CONTEXT('2D SPACE',''
  ) );
#9363 = ADVANCED_FACE('',(#9364),#7332,.T.);
#9364 = FACE_BOUND('',#9365,.T.);
#9365 = EDGE_LOOP('',(#9366,#9388,#9409,#9410,#9411,#9412,#9413,#9414));
#9366 = ORIENTED_EDGE('',*,*,#9367,.T.);
#9367 = EDGE_CURVE('',#9368,#9370,#9372,.T.);
#9368 = VERTEX_POINT('',#9369);
#9369 = CARTESIAN_POINT('',(-8.911794344243,8.145804739072,
    21.117792509309));
#9370 = VERTEX_POINT('',#9371);
#9371 = CARTESIAN_POINT('',(-19.55181006799,15.890132868455,
    21.117792509309));
#9372 = SURFACE_CURVE('',#9373,(#9376,#9382),.PCURVE_S1.);
#9373 = B_SPLINE_CURVE_WITH_KNOTS('',1,(#9374,#9375),.UNSPECIFIED.,.F.,
  .F.,(2,2),(5.311393726239E-04,1.369109958446E-02),
  .PIECEWISE_BEZIER_KNOTS.);
#9374 = CARTESIAN_POINT('',(-8.911794344243,8.145804739072,
    21.117792509309));
#9375 = CARTESIAN_POINT('',(-19.55181006799,15.890132868455,
    21.117792509309));
#9376 = PCURVE('',#7332,#9377);
#9377 = DEFINITIONAL_REPRESENTATION('',(#9378),#9381);
#9378 = B_SPLINE_CURVE_WITH_KNOTS('',1,(#9379,#9380),.UNSPECIFIED.,.F.,
  .F.,(2,2),(5.311393726239E-04,1.369109958446E-02),
  .PIECEWISE_BEZIER_KNOTS.);
#9379 = CARTESIAN_POINT('',(8.329549875202E-03,3.82711363262E-04));
#9380 = CARTESIAN_POINT('',(-2.32368953563E-03,8.108838648819E-03));
#9381 = ( GEOMETRIC_REPRESENTATION_CONTEXT(2) 
PARAMETRIC_REPRESENTATION_CONTEXT() REPRESENTATION_CONTEXT('2D SPACE',''
  ) );
#9382 = PCURVE('',#7303,#9383);
#9383 = DEFINITIONAL_REPRESENTATION('',(#9384),#9387);
#9384 = B_SPLINE_CURVE_WITH_KNOTS('',1,(#9385,#9386),.UNSPECIFIED.,.F.,
  .F.,(2,2),(5.311393726239E-04,1.369109958446E-02),
  .PIECEWISE_BEZIER_KNOTS.);
#9385 = CARTESIAN_POINT('',(-8.911794344243E-03,8.145804739072E-03));
#9386 = CARTESIAN_POINT('',(-1.955181006799E-02,1.589013286845E-02));
#9387 = ( GEOMETRIC_REPRESENTATION_CONTEXT(2) 
PARAMETRIC_REPRESENTATION_CONTEXT() REPRESENTATION_CONTEXT('2D SPACE',''
  ) );
#9388 = ORIENTED_EDGE('',*,*,#9389,.F.);
#9389 = EDGE_CURVE('',#7288,#9370,#9390,.T.);
#9390 = SURFACE_CURVE('',#9391,(#9395,#9402),.PCURVE_S1.);
#9391 = ( BOUNDED_CURVE() B_SPLINE_CURVE(2,(#9392,#9393,#9394),
.UNSPECIFIED.,.F.,.F.) B_SPLINE_CURVE_WITH_KNOTS((3,3),(0.546038978939,
2.198260087339),.PIECEWISE_BEZIER_KNOTS.) CURVE() 
GEOMETRIC_REPRESENTATION_ITEM() RATIONAL_B_SPLINE_CURVE((1.,
0.677740792224,1.)) REPRESENTATION_ITEM('') );
#9392 = CARTESIAN_POINT('',(-19.67240243332,16.929462439817,
    21.117792509309));
#9393 = CARTESIAN_POINT('',(-20.17590584892,16.344380553531,
    21.117792509309));
#9394 = CARTESIAN_POINT('',(-19.55181006799,15.890132868455,
    21.117792509309));
#9395 = PCURVE('',#7332,#9396);
#9396 = DEFINITIONAL_REPRESENTATION('',(#9397),#9401);
#9397 = ( BOUNDED_CURVE() B_SPLINE_CURVE(2,(#9398,#9399,#9400),
.UNSPECIFIED.,.F.,.F.) B_SPLINE_CURVE_WITH_KNOTS((3,3),(0.546038978939,
2.198260087339),.PIECEWISE_BEZIER_KNOTS.) CURVE() 
GEOMETRIC_REPRESENTATION_ITEM() RATIONAL_B_SPLINE_CURVE((1.,
0.677740792224,1.)) REPRESENTATION_ITEM('') );
#9398 = CARTESIAN_POINT('',(-3.349415787334E-03,7.902358303382E-03));
#9399 = CARTESIAN_POINT('',(-2.94856095896E-03,8.562018753721E-03));
#9400 = CARTESIAN_POINT('',(-2.32368953563E-03,8.108838648819E-03));
#9401 = ( GEOMETRIC_REPRESENTATION_CONTEXT(2) 
PARAMETRIC_REPRESENTATION_CONTEXT() REPRESENTATION_CONTEXT('2D SPACE',''
  ) );
#9402 = PCURVE('',#7303,#9403);
#9403 = DEFINITIONAL_REPRESENTATION('',(#9404),#9408);
#9404 = ( BOUNDED_CURVE() B_SPLINE_CURVE(2,(#9405,#9406,#9407),
.UNSPECIFIED.,.F.,.F.) B_SPLINE_CURVE_WITH_KNOTS((3,3),(0.546038978939,
2.198260087339),.PIECEWISE_BEZIER_KNOTS.) CURVE() 
GEOMETRIC_REPRESENTATION_ITEM() RATIONAL_B_SPLINE_CURVE((1.,
0.677740792224,1.)) REPRESENTATION_ITEM('') );
#9405 = CARTESIAN_POINT('',(-1.967240243333E-02,1.692946243982E-02));
#9406 = CARTESIAN_POINT('',(-2.017590584892E-02,1.634438055353E-02));
#9407 = CARTESIAN_POINT('',(-1.955181006799E-02,1.589013286845E-02));
#9408 = ( GEOMETRIC_REPRESENTATION_CONTEXT(2) 
PARAMETRIC_REPRESENTATION_CONTEXT() REPRESENTATION_CONTEXT('2D SPACE',''
  ) );
#9409 = ORIENTED_EDGE('',*,*,#7315,.T.);
#9410 = ORIENTED_EDGE('',*,*,#9225,.F.);
#9411 = ORIENTED_EDGE('',*,*,#9248,.T.);
#9412 = ORIENTED_EDGE('',*,*,#9268,.T.);
#9413 = ORIENTED_EDGE('',*,*,#7938,.T.);
#9414 = ORIENTED_EDGE('',*,*,#9415,.T.);
#9415 = EDGE_CURVE('',#7916,#9368,#9416,.T.);
#9416 = SURFACE_CURVE('',#9417,(#9421,#9428),.PCURVE_S1.);
#9417 = ( BOUNDED_CURVE() B_SPLINE_CURVE(2,(#9418,#9419,#9420),
.UNSPECIFIED.,.F.,.F.) B_SPLINE_CURVE_WITH_KNOTS((3,3),(5.817017595181,
7.22651787343),.PIECEWISE_BEZIER_KNOTS.) CURVE() 
GEOMETRIC_REPRESENTATION_ITEM() RATIONAL_B_SPLINE_CURVE((1.,
0.761773446286,1.)) REPRESENTATION_ITEM('') );
#9418 = CARTESIAN_POINT('',(-8.122747638034,8.205552194022,
    21.117792509309));
#9419 = CARTESIAN_POINT('',(-8.491865142944,7.840159558612,
    21.117792509309));
#9420 = CARTESIAN_POINT('',(-8.911794344243,8.145804739072,
    21.117792509309));
#9421 = PCURVE('',#7332,#9422);
#9422 = DEFINITIONAL_REPRESENTATION('',(#9423),#9427);
#9423 = ( BOUNDED_CURVE() B_SPLINE_CURVE(2,(#9424,#9425,#9426),
.UNSPECIFIED.,.F.,.F.) B_SPLINE_CURVE_WITH_KNOTS((3,3),(5.817017595181,
7.22651787343),.PIECEWISE_BEZIER_KNOTS.) CURVE() 
GEOMETRIC_REPRESENTATION_ITEM() RATIONAL_B_SPLINE_CURVE((1.,
0.761773446286,1.)) REPRESENTATION_ITEM('') );
#9424 = CARTESIAN_POINT('',(8.516555510414E-03,-3.861796272901E-04));
#9425 = CARTESIAN_POINT('',(8.750000975388E-03,7.778451499398E-05));
#9426 = CARTESIAN_POINT('',(8.329549875202E-03,3.82711363262E-04));
#9427 = ( GEOMETRIC_REPRESENTATION_CONTEXT(2) 
PARAMETRIC_REPRESENTATION_CONTEXT() REPRESENTATION_CONTEXT('2D SPACE',''
  ) );
#9428 = PCURVE('',#7303,#9429);
#9429 = DEFINITIONAL_REPRESENTATION('',(#9430),#9434);
#9430 = ( BOUNDED_CURVE() B_SPLINE_CURVE(2,(#9431,#9432,#9433),
.UNSPECIFIED.,.F.,.F.) B_SPLINE_CURVE_WITH_KNOTS((3,3),(5.817017595181,
7.22651787343),.PIECEWISE_BEZIER_KNOTS.) CURVE() 
GEOMETRIC_REPRESENTATION_ITEM() RATIONAL_B_SPLINE_CURVE((1.,
0.761773446286,1.)) REPRESENTATION_ITEM('') );
#9431 = CARTESIAN_POINT('',(-8.122747638034E-03,8.205552194022E-03));
#9432 = CARTESIAN_POINT('',(-8.491865142944E-03,7.840159558612E-03));
#9433 = CARTESIAN_POINT('',(-8.911794344243E-03,8.145804739072E-03));
#9434 = ( GEOMETRIC_REPRESENTATION_CONTEXT(2) 
PARAMETRIC_REPRESENTATION_CONTEXT() REPRESENTATION_CONTEXT('2D SPACE',''
  ) );
#9435 = ADVANCED_FACE('',(#9436),#7489,.T.);
#9436 = FACE_BOUND('',#9437,.T.);
#9437 = EDGE_LOOP('',(#9438,#9439,#9440,#9441,#9464,#9484,#9505,#9506));
#9438 = ORIENTED_EDGE('',*,*,#9323,.T.);
#9439 = ORIENTED_EDGE('',*,*,#9343,.F.);
#9440 = ORIENTED_EDGE('',*,*,#7472,.T.);
#9441 = ORIENTED_EDGE('',*,*,#9442,.F.);
#9442 = EDGE_CURVE('',#9443,#7473,#9445,.T.);
#9443 = VERTEX_POINT('',#9444);
#9444 = CARTESIAN_POINT('',(-20.35975825538,-14.8408168001,
    21.117792509309));
#9445 = SURFACE_CURVE('',#9446,(#9450,#9457),.PCURVE_S1.);
#9446 = ( BOUNDED_CURVE() B_SPLINE_CURVE(2,(#9447,#9448,#9449),
.UNSPECIFIED.,.F.,.F.) B_SPLINE_CURVE_WITH_KNOTS((3,3),(4.660673809365,
6.312894917766),.PIECEWISE_BEZIER_KNOTS.) CURVE() 
GEOMETRIC_REPRESENTATION_ITEM() RATIONAL_B_SPLINE_CURVE((1.,
0.677740792224,1.)) REPRESENTATION_ITEM('') );
#9447 = CARTESIAN_POINT('',(-20.35975825538,-14.8408168001,
    21.117792509309));
#9448 = CARTESIAN_POINT('',(-21.00686063634,-15.26164338164,
    21.117792509309));
#9449 = CARTESIAN_POINT('',(-20.53479635654,-15.87237394327,
    21.117792509309));
#9450 = PCURVE('',#7489,#9451);
#9451 = DEFINITIONAL_REPRESENTATION('',(#9452),#9456);
#9452 = ( BOUNDED_CURVE() B_SPLINE_CURVE(2,(#9453,#9454,#9455),
.UNSPECIFIED.,.F.,.F.) B_SPLINE_CURVE_WITH_KNOTS((3,3),(4.660673809365,
6.312894917766),.PIECEWISE_BEZIER_KNOTS.) CURVE() 
GEOMETRIC_REPRESENTATION_ITEM() RATIONAL_B_SPLINE_CURVE((1.,
0.677740792224,1.)) REPRESENTATION_ITEM('') );
#9453 = CARTESIAN_POINT('',(-6.364037221537E-03,-5.536409263545E-03));
#9454 = CARTESIAN_POINT('',(-7.134909703235E-03,-5.576310643648E-03));
#9455 = CARTESIAN_POINT('',(-7.111980095694E-03,-4.804746818504E-03));
#9456 = ( GEOMETRIC_REPRESENTATION_CONTEXT(2) 
PARAMETRIC_REPRESENTATION_CONTEXT() REPRESENTATION_CONTEXT('2D SPACE',''
  ) );
#9457 = PCURVE('',#7517,#9458);
#9458 = DEFINITIONAL_REPRESENTATION('',(#9459),#9463);
#9459 = ( BOUNDED_CURVE() B_SPLINE_CURVE(2,(#9460,#9461,#9462),
.UNSPECIFIED.,.F.,.F.) B_SPLINE_CURVE_WITH_KNOTS((3,3),(4.660673809365,
6.312894917766),.PIECEWISE_BEZIER_KNOTS.) CURVE() 
GEOMETRIC_REPRESENTATION_ITEM() RATIONAL_B_SPLINE_CURVE((1.,
0.677740792224,1.)) REPRESENTATION_ITEM('') );
#9460 = CARTESIAN_POINT('',(-2.035975825538E-02,-1.48408168001E-02));
#9461 = CARTESIAN_POINT('',(-2.100686063634E-02,-1.526164338164E-02));
#9462 = CARTESIAN_POINT('',(-2.053479635655E-02,-1.587237394327E-02));
#9463 = ( GEOMETRIC_REPRESENTATION_CONTEXT(2) 
PARAMETRIC_REPRESENTATION_CONTEXT() REPRESENTATION_CONTEXT('2D SPACE',''
  ) );
#9464 = ORIENTED_EDGE('',*,*,#9465,.T.);
#9465 = EDGE_CURVE('',#9443,#9466,#9468,.T.);
#9466 = VERTEX_POINT('',#9467);
#9467 = CARTESIAN_POINT('',(-9.327510131513,-7.666274716425,
    21.117792509309));
#9468 = SURFACE_CURVE('',#9469,(#9472,#9478),.PCURVE_S1.);
#9469 = B_SPLINE_CURVE_WITH_KNOTS('',1,(#9470,#9471),.UNSPECIFIED.,.F.,
  .F.,(2,2),(7.604129429344E-04,1.392037315477E-02),
  .PIECEWISE_BEZIER_KNOTS.);
#9470 = CARTESIAN_POINT('',(-20.35975825538,-14.8408168001,
    21.117792509309));
#9471 = CARTESIAN_POINT('',(-9.327510131513,-7.666274716425,
    21.117792509309));
#9472 = PCURVE('',#7489,#9473);
#9473 = DEFINITIONAL_REPRESENTATION('',(#9474),#9477);
#9474 = B_SPLINE_CURVE_WITH_KNOTS('',1,(#9475,#9476),.UNSPECIFIED.,.F.,
  .F.,(2,2),(7.604129429344E-04,1.392037315477E-02),
  .PIECEWISE_BEZIER_KNOTS.);
#9475 = CARTESIAN_POINT('',(-6.364037221537E-03,-5.536409263545E-03));
#9476 = CARTESIAN_POINT('',(6.778329025574E-03,-4.856142989256E-03));
#9477 = ( GEOMETRIC_REPRESENTATION_CONTEXT(2) 
PARAMETRIC_REPRESENTATION_CONTEXT() REPRESENTATION_CONTEXT('2D SPACE',''
  ) );
#9478 = PCURVE('',#7517,#9479);
#9479 = DEFINITIONAL_REPRESENTATION('',(#9480),#9483);
#9480 = B_SPLINE_CURVE_WITH_KNOTS('',1,(#9481,#9482),.UNSPECIFIED.,.F.,
  .F.,(2,2),(7.604129429344E-04,1.392037315477E-02),
  .PIECEWISE_BEZIER_KNOTS.);
#9481 = CARTESIAN_POINT('',(-2.035975825538E-02,-1.48408168001E-02));
#9482 = CARTESIAN_POINT('',(-9.327510131513E-03,-7.666274716425E-03));
#9483 = ( GEOMETRIC_REPRESENTATION_CONTEXT(2) 
PARAMETRIC_REPRESENTATION_CONTEXT() REPRESENTATION_CONTEXT('2D SPACE',''
  ) );
#9484 = ORIENTED_EDGE('',*,*,#9485,.T.);
#9485 = EDGE_CURVE('',#9466,#8105,#9486,.T.);
#9486 = SURFACE_CURVE('',#9487,(#9491,#9498),.PCURVE_S1.);
#9487 = ( BOUNDED_CURVE() B_SPLINE_CURVE(2,(#9488,#9489,#9490),
.UNSPECIFIED.,.F.,.F.) B_SPLINE_CURVE_WITH_KNOTS((3,3),(4.764104151404,
6.173604429653),.PIECEWISE_BEZIER_KNOTS.) CURVE() 
GEOMETRIC_REPRESENTATION_ITEM() RATIONAL_B_SPLINE_CURVE((1.,
0.761773446286,1.)) REPRESENTATION_ITEM('') );
#9488 = CARTESIAN_POINT('',(-9.327510131513,-7.666274716425,
    21.117792509309));
#9489 = CARTESIAN_POINT('',(-8.892100705109,-7.383117265806,
    21.117792509309));
#9490 = CARTESIAN_POINT('',(-8.542692952148,-7.767400667233,
    21.117792509309));
#9491 = PCURVE('',#7489,#9492);
#9492 = DEFINITIONAL_REPRESENTATION('',(#9493),#9497);
#9493 = ( BOUNDED_CURVE() B_SPLINE_CURVE(2,(#9494,#9495,#9496),
.UNSPECIFIED.,.F.,.F.) B_SPLINE_CURVE_WITH_KNOTS((3,3),(4.764104151404,
6.173604429653),.PIECEWISE_BEZIER_KNOTS.) CURVE() 
GEOMETRIC_REPRESENTATION_ITEM() RATIONAL_B_SPLINE_CURVE((1.,
0.761773446286,1.)) REPRESENTATION_ITEM('') );
#9494 = CARTESIAN_POINT('',(6.778329025574E-03,-4.856142989256E-03));
#9495 = CARTESIAN_POINT('',(7.297018424596E-03,-4.829294939343E-03));
#9496 = CARTESIAN_POINT('',(7.353819118649E-03,-4.313026412704E-03));
#9497 = ( GEOMETRIC_REPRESENTATION_CONTEXT(2) 
PARAMETRIC_REPRESENTATION_CONTEXT() REPRESENTATION_CONTEXT('2D SPACE',''
  ) );
#9498 = PCURVE('',#7517,#9499);
#9499 = DEFINITIONAL_REPRESENTATION('',(#9500),#9504);
#9500 = ( BOUNDED_CURVE() B_SPLINE_CURVE(2,(#9501,#9502,#9503),
.UNSPECIFIED.,.F.,.F.) B_SPLINE_CURVE_WITH_KNOTS((3,3),(4.764104151404,
6.173604429653),.PIECEWISE_BEZIER_KNOTS.) CURVE() 
GEOMETRIC_REPRESENTATION_ITEM() RATIONAL_B_SPLINE_CURVE((1.,
0.761773446286,1.)) REPRESENTATION_ITEM('') );
#9501 = CARTESIAN_POINT('',(-9.327510131513E-03,-7.666274716425E-03));
#9502 = CARTESIAN_POINT('',(-8.892100705109E-03,-7.383117265806E-03));
#9503 = CARTESIAN_POINT('',(-8.542692952148E-03,-7.767400667233E-03));
#9504 = ( GEOMETRIC_REPRESENTATION_CONTEXT(2) 
PARAMETRIC_REPRESENTATION_CONTEXT() REPRESENTATION_CONTEXT('2D SPACE',''
  ) );
#9505 = ORIENTED_EDGE('',*,*,#8104,.T.);
#9506 = ORIENTED_EDGE('',*,*,#9300,.T.);
#9507 = ADVANCED_FACE('',(#9508),#7303,.F.);
#9508 = FACE_BOUND('',#9509,.F.);
#9509 = EDGE_LOOP('',(#9510,#9511,#9512,#9535,#9555,#9576,#9577,#9578));
#9510 = ORIENTED_EDGE('',*,*,#9389,.F.);
#9511 = ORIENTED_EDGE('',*,*,#7287,.T.);
#9512 = ORIENTED_EDGE('',*,*,#9513,.F.);
#9513 = EDGE_CURVE('',#9514,#7259,#9516,.T.);
#9514 = VERTEX_POINT('',#9515);
#9515 = CARTESIAN_POINT('',(-20.40596682716,14.777216157339,
    21.117792509309));
#9516 = SURFACE_CURVE('',#9517,(#9521,#9528),.PCURVE_S1.);
#9517 = ( BOUNDED_CURVE() B_SPLINE_CURVE(2,(#9518,#9519,#9520),
.UNSPECIFIED.,.F.,.F.) B_SPLINE_CURVE_WITH_KNOTS((3,3),(4.660673809365,
6.312894917766),.PIECEWISE_BEZIER_KNOTS.) CURVE() 
GEOMETRIC_REPRESENTATION_ITEM() RATIONAL_B_SPLINE_CURVE((1.,
0.677740792224,1.)) REPRESENTATION_ITEM('') );
#9518 = CARTESIAN_POINT('',(-20.40596682716,14.777216157339,
    21.117792509309));
#9519 = CARTESIAN_POINT('',(-21.00616232257,15.262604528082,
    21.117792509309));
#9520 = CARTESIAN_POINT('',(-21.44112571802,14.624918596142,
    21.117792509309));
#9521 = PCURVE('',#7303,#9522);
#9522 = DEFINITIONAL_REPRESENTATION('',(#9523),#9527);
#9523 = ( BOUNDED_CURVE() B_SPLINE_CURVE(2,(#9524,#9525,#9526),
.UNSPECIFIED.,.F.,.F.) B_SPLINE_CURVE_WITH_KNOTS((3,3),(4.660673809365,
6.312894917766),.PIECEWISE_BEZIER_KNOTS.) CURVE() 
GEOMETRIC_REPRESENTATION_ITEM() RATIONAL_B_SPLINE_CURVE((1.,
0.677740792224,1.)) REPRESENTATION_ITEM('') );
#9524 = CARTESIAN_POINT('',(-2.040596682716E-02,1.477721615734E-02));
#9525 = CARTESIAN_POINT('',(-2.100616232258E-02,1.526260452808E-02));
#9526 = CARTESIAN_POINT('',(-2.144112571803E-02,1.462491859614E-02));
#9527 = ( GEOMETRIC_REPRESENTATION_CONTEXT(2) 
PARAMETRIC_REPRESENTATION_CONTEXT() REPRESENTATION_CONTEXT('2D SPACE',''
  ) );
#9528 = PCURVE('',#7275,#9529);
#9529 = DEFINITIONAL_REPRESENTATION('',(#9530),#9534);
#9530 = ( BOUNDED_CURVE() B_SPLINE_CURVE(2,(#9531,#9532,#9533),
.UNSPECIFIED.,.F.,.F.) B_SPLINE_CURVE_WITH_KNOTS((3,3),(4.660673809365,
6.312894917766),.PIECEWISE_BEZIER_KNOTS.) CURVE() 
GEOMETRIC_REPRESENTATION_ITEM() RATIONAL_B_SPLINE_CURVE((1.,
0.677740792224,1.)) REPRESENTATION_ITEM('') );
#9531 = CARTESIAN_POINT('',(-6.364037221537E-03,-5.536409263545E-03));
#9532 = CARTESIAN_POINT('',(-7.134909703235E-03,-5.576310643648E-03));
#9533 = CARTESIAN_POINT('',(-7.111980095694E-03,-4.804746818504E-03));
#9534 = ( GEOMETRIC_REPRESENTATION_CONTEXT(2) 
PARAMETRIC_REPRESENTATION_CONTEXT() REPRESENTATION_CONTEXT('2D SPACE',''
  ) );
#9535 = ORIENTED_EDGE('',*,*,#9536,.T.);
#9536 = EDGE_CURVE('',#9514,#9537,#9539,.T.);
#9537 = VERTEX_POINT('',#9538);
#9538 = CARTESIAN_POINT('',(-10.1734196706,6.501980120462,
    21.117792509309));
#9539 = SURFACE_CURVE('',#9540,(#9543,#9549),.PCURVE_S1.);
#9540 = B_SPLINE_CURVE_WITH_KNOTS('',1,(#9541,#9542),.UNSPECIFIED.,.F.,
  .F.,(2,2),(7.604129429344E-04,1.392037315477E-02),
  .PIECEWISE_BEZIER_KNOTS.);
#9541 = CARTESIAN_POINT('',(-20.40596682716,14.777216157339,
    21.117792509309));
#9542 = CARTESIAN_POINT('',(-10.1734196706,6.501980120462,
    21.117792509309));
#9543 = PCURVE('',#7303,#9544);
#9544 = DEFINITIONAL_REPRESENTATION('',(#9545),#9548);
#9545 = B_SPLINE_CURVE_WITH_KNOTS('',1,(#9546,#9547),.UNSPECIFIED.,.F.,
  .F.,(2,2),(7.604129429344E-04,1.392037315477E-02),
  .PIECEWISE_BEZIER_KNOTS.);
#9546 = CARTESIAN_POINT('',(-2.040596682716E-02,1.477721615734E-02));
#9547 = CARTESIAN_POINT('',(-1.017341967061E-02,6.501980120462E-03));
#9548 = ( GEOMETRIC_REPRESENTATION_CONTEXT(2) 
PARAMETRIC_REPRESENTATION_CONTEXT() REPRESENTATION_CONTEXT('2D SPACE',''
  ) );
#9549 = PCURVE('',#7275,#9550);
#9550 = DEFINITIONAL_REPRESENTATION('',(#9551),#9554);
#9551 = B_SPLINE_CURVE_WITH_KNOTS('',1,(#9552,#9553),.UNSPECIFIED.,.F.,
  .F.,(2,2),(7.604129429344E-04,1.392037315477E-02),
  .PIECEWISE_BEZIER_KNOTS.);
#9552 = CARTESIAN_POINT('',(-6.364037221537E-03,-5.536409263545E-03));
#9553 = CARTESIAN_POINT('',(6.778329025574E-03,-4.856142989256E-03));
#9554 = ( GEOMETRIC_REPRESENTATION_CONTEXT(2) 
PARAMETRIC_REPRESENTATION_CONTEXT() REPRESENTATION_CONTEXT('2D SPACE',''
  ) );
#9555 = ORIENTED_EDGE('',*,*,#9556,.T.);
#9556 = EDGE_CURVE('',#9537,#7892,#9557,.T.);
#9557 = SURFACE_CURVE('',#9558,(#9562,#9569),.PCURVE_S1.);
#9558 = ( BOUNDED_CURVE() B_SPLINE_CURVE(2,(#9559,#9560,#9561),
.UNSPECIFIED.,.F.,.F.) B_SPLINE_CURVE_WITH_KNOTS((3,3),(4.764104151404,
6.173604429653),.PIECEWISE_BEZIER_KNOTS.) CURVE() 
GEOMETRIC_REPRESENTATION_ITEM() RATIONAL_B_SPLINE_CURVE((1.,
0.761773446286,1.)) REPRESENTATION_ITEM('') );
#9559 = CARTESIAN_POINT('',(-10.1734196706,6.501980120462,
    21.117792509309));
#9560 = CARTESIAN_POINT('',(-9.769572019788,6.17538161255,
    21.117792509309));
#9561 = CARTESIAN_POINT('',(-10.02707431918,5.724324990554,
    21.117792509309));
#9562 = PCURVE('',#7303,#9563);
#9563 = DEFINITIONAL_REPRESENTATION('',(#9564),#9568);
#9564 = ( BOUNDED_CURVE() B_SPLINE_CURVE(2,(#9565,#9566,#9567),
.UNSPECIFIED.,.F.,.F.) B_SPLINE_CURVE_WITH_KNOTS((3,3),(4.764104151404,
6.173604429653),.PIECEWISE_BEZIER_KNOTS.) CURVE() 
GEOMETRIC_REPRESENTATION_ITEM() RATIONAL_B_SPLINE_CURVE((1.,
0.761773446286,1.)) REPRESENTATION_ITEM('') );
#9565 = CARTESIAN_POINT('',(-1.017341967061E-02,6.501980120462E-03));
#9566 = CARTESIAN_POINT('',(-9.769572019788E-03,6.17538161255E-03));
#9567 = CARTESIAN_POINT('',(-1.002707431919E-02,5.724324990554E-03));
#9568 = ( GEOMETRIC_REPRESENTATION_CONTEXT(2) 
PARAMETRIC_REPRESENTATION_CONTEXT() REPRESENTATION_CONTEXT('2D SPACE',''
  ) );
#9569 = PCURVE('',#7275,#9570);
#9570 = DEFINITIONAL_REPRESENTATION('',(#9571),#9575);
#9571 = ( BOUNDED_CURVE() B_SPLINE_CURVE(2,(#9572,#9573,#9574),
.UNSPECIFIED.,.F.,.F.) B_SPLINE_CURVE_WITH_KNOTS((3,3),(4.764104151404,
6.173604429653),.PIECEWISE_BEZIER_KNOTS.) CURVE() 
GEOMETRIC_REPRESENTATION_ITEM() RATIONAL_B_SPLINE_CURVE((1.,
0.761773446286,1.)) REPRESENTATION_ITEM('') );
#9572 = CARTESIAN_POINT('',(6.778329025574E-03,-4.856142989256E-03));
#9573 = CARTESIAN_POINT('',(7.297018424596E-03,-4.829294939343E-03));
#9574 = CARTESIAN_POINT('',(7.353819118649E-03,-4.313026412704E-03));
#9575 = ( GEOMETRIC_REPRESENTATION_CONTEXT(2) 
PARAMETRIC_REPRESENTATION_CONTEXT() REPRESENTATION_CONTEXT('2D SPACE',''
  ) );
#9576 = ORIENTED_EDGE('',*,*,#7915,.F.);
#9577 = ORIENTED_EDGE('',*,*,#9415,.T.);
#9578 = ORIENTED_EDGE('',*,*,#9367,.T.);
#9579 = ADVANCED_FACE('',(#9580),#7517,.F.);
#9580 = FACE_BOUND('',#9581,.F.);
#9581 = EDGE_LOOP('',(#9582,#9583,#9584,#9585,#9586,#9587,#9610,#9630));
#9582 = ORIENTED_EDGE('',*,*,#7501,.T.);
#9583 = ORIENTED_EDGE('',*,*,#9442,.F.);
#9584 = ORIENTED_EDGE('',*,*,#9465,.T.);
#9585 = ORIENTED_EDGE('',*,*,#9485,.T.);
#9586 = ORIENTED_EDGE('',*,*,#8127,.F.);
#9587 = ORIENTED_EDGE('',*,*,#9588,.T.);
#9588 = EDGE_CURVE('',#8128,#9589,#9591,.T.);
#9589 = VERTEX_POINT('',#9590);
#9590 = CARTESIAN_POINT('',(-10.5010165803,-5.958427985742,
    21.117792509309));
#9591 = SURFACE_CURVE('',#9592,(#9596,#9603),.PCURVE_S1.);
#9592 = ( BOUNDED_CURVE() B_SPLINE_CURVE(2,(#9593,#9594,#9595),
.UNSPECIFIED.,.F.,.F.) B_SPLINE_CURVE_WITH_KNOTS((3,3),(5.817017595181,
7.22651787343),.PIECEWISE_BEZIER_KNOTS.) CURVE() 
GEOMETRIC_REPRESENTATION_ITEM() RATIONAL_B_SPLINE_CURVE((1.,
0.761773446286,1.)) REPRESENTATION_ITEM('') );
#9593 = CARTESIAN_POINT('',(-10.31401094509,-5.18953699519,
    21.117792509309));
#9594 = CARTESIAN_POINT('',(-10.08056548012,-5.653501137474,
    21.117792509309));
#9595 = CARTESIAN_POINT('',(-10.5010165803,-5.958427985742,
    21.117792509309));
#9596 = PCURVE('',#7517,#9597);
#9597 = DEFINITIONAL_REPRESENTATION('',(#9598),#9602);
#9598 = ( BOUNDED_CURVE() B_SPLINE_CURVE(2,(#9599,#9600,#9601),
.UNSPECIFIED.,.F.,.F.) B_SPLINE_CURVE_WITH_KNOTS((3,3),(5.817017595181,
7.22651787343),.PIECEWISE_BEZIER_KNOTS.) CURVE() 
GEOMETRIC_REPRESENTATION_ITEM() RATIONAL_B_SPLINE_CURVE((1.,
0.761773446286,1.)) REPRESENTATION_ITEM('') );
#9599 = CARTESIAN_POINT('',(-1.03140109451E-02,-5.18953699519E-03));
#9600 = CARTESIAN_POINT('',(-1.008056548012E-02,-5.653501137474E-03));
#9601 = CARTESIAN_POINT('',(-1.050101658031E-02,-5.958427985742E-03));
#9602 = ( GEOMETRIC_REPRESENTATION_CONTEXT(2) 
PARAMETRIC_REPRESENTATION_CONTEXT() REPRESENTATION_CONTEXT('2D SPACE',''
  ) );
#9603 = PCURVE('',#7546,#9604);
#9604 = DEFINITIONAL_REPRESENTATION('',(#9605),#9609);
#9605 = ( BOUNDED_CURVE() B_SPLINE_CURVE(2,(#9606,#9607,#9608),
.UNSPECIFIED.,.F.,.F.) B_SPLINE_CURVE_WITH_KNOTS((3,3),(5.817017595181,
7.22651787343),.PIECEWISE_BEZIER_KNOTS.) CURVE() 
GEOMETRIC_REPRESENTATION_ITEM() RATIONAL_B_SPLINE_CURVE((1.,
0.761773446286,1.)) REPRESENTATION_ITEM('') );
#9606 = CARTESIAN_POINT('',(8.516555510414E-03,-3.861796272901E-04));
#9607 = CARTESIAN_POINT('',(8.750000975388E-03,7.778451499398E-05));
#9608 = CARTESIAN_POINT('',(8.329549875202E-03,3.82711363262E-04));
#9609 = ( GEOMETRIC_REPRESENTATION_CONTEXT(2) 
PARAMETRIC_REPRESENTATION_CONTEXT() REPRESENTATION_CONTEXT('2D SPACE',''
  ) );
#9610 = ORIENTED_EDGE('',*,*,#9611,.T.);
#9611 = EDGE_CURVE('',#9589,#9612,#9614,.T.);
#9612 = VERTEX_POINT('',#9613);
#9613 = CARTESIAN_POINT('',(-21.15425599114,-13.68455527129,
    21.117792509309));
#9614 = SURFACE_CURVE('',#9615,(#9618,#9624),.PCURVE_S1.);
#9615 = B_SPLINE_CURVE_WITH_KNOTS('',1,(#9616,#9617),.UNSPECIFIED.,.F.,
  .F.,(2,2),(5.311393726239E-04,1.369109958446E-02),
  .PIECEWISE_BEZIER_KNOTS.);
#9616 = CARTESIAN_POINT('',(-10.5010165803,-5.958427985742,
    21.117792509309));
#9617 = CARTESIAN_POINT('',(-21.15425599114,-13.68455527129,
    21.117792509309));
#9618 = PCURVE('',#7517,#9619);
#9619 = DEFINITIONAL_REPRESENTATION('',(#9620),#9623);
#9620 = B_SPLINE_CURVE_WITH_KNOTS('',1,(#9621,#9622),.UNSPECIFIED.,.F.,
  .F.,(2,2),(5.311393726239E-04,1.369109958446E-02),
  .PIECEWISE_BEZIER_KNOTS.);
#9621 = CARTESIAN_POINT('',(-1.050101658031E-02,-5.958427985742E-03));
#9622 = CARTESIAN_POINT('',(-2.115425599114E-02,-1.36845552713E-02));
#9623 = ( GEOMETRIC_REPRESENTATION_CONTEXT(2) 
PARAMETRIC_REPRESENTATION_CONTEXT() REPRESENTATION_CONTEXT('2D SPACE',''
  ) );
#9624 = PCURVE('',#7546,#9625);
#9625 = DEFINITIONAL_REPRESENTATION('',(#9626),#9629);
#9626 = B_SPLINE_CURVE_WITH_KNOTS('',1,(#9627,#9628),.UNSPECIFIED.,.F.,
  .F.,(2,2),(5.311393726239E-04,1.369109958446E-02),
  .PIECEWISE_BEZIER_KNOTS.);
#9627 = CARTESIAN_POINT('',(8.329549875202E-03,3.82711363262E-04));
#9628 = CARTESIAN_POINT('',(-2.32368953563E-03,8.108838648819E-03));
#9629 = ( GEOMETRIC_REPRESENTATION_CONTEXT(2) 
PARAMETRIC_REPRESENTATION_CONTEXT() REPRESENTATION_CONTEXT('2D SPACE',''
  ) );
#9630 = ORIENTED_EDGE('',*,*,#9631,.F.);
#9631 = EDGE_CURVE('',#7502,#9612,#9632,.T.);
#9632 = SURFACE_CURVE('',#9633,(#9637,#9644),.PCURVE_S1.);
#9633 = ( BOUNDED_CURVE() B_SPLINE_CURVE(2,(#9634,#9635,#9636),
.UNSPECIFIED.,.F.,.F.) B_SPLINE_CURVE_WITH_KNOTS((3,3),(0.546038978939,
2.198260087339),.PIECEWISE_BEZIER_KNOTS.) CURVE() 
GEOMETRIC_REPRESENTATION_ITEM() RATIONAL_B_SPLINE_CURVE((1.,
0.677740792224,1.)) REPRESENTATION_ITEM('') );
#9634 = CARTESIAN_POINT('',(-22.17998224284,-13.47807492586,
    21.117792509309));
#9635 = CARTESIAN_POINT('',(-21.77912741446,-14.1377353762,
    21.117792509309));
#9636 = CARTESIAN_POINT('',(-21.15425599114,-13.68455527129,
    21.117792509309));
#9637 = PCURVE('',#7517,#9638);
#9638 = DEFINITIONAL_REPRESENTATION('',(#9639),#9643);
#9639 = ( BOUNDED_CURVE() B_SPLINE_CURVE(2,(#9640,#9641,#9642),
.UNSPECIFIED.,.F.,.F.) B_SPLINE_CURVE_WITH_KNOTS((3,3),(0.546038978939,
2.198260087339),.PIECEWISE_BEZIER_KNOTS.) CURVE() 
GEOMETRIC_REPRESENTATION_ITEM() RATIONAL_B_SPLINE_CURVE((1.,
0.677740792224,1.)) REPRESENTATION_ITEM('') );
#9640 = CARTESIAN_POINT('',(-2.217998224284E-02,-1.347807492586E-02));
#9641 = CARTESIAN_POINT('',(-2.177912741447E-02,-1.41377353762E-02));
#9642 = CARTESIAN_POINT('',(-2.115425599114E-02,-1.36845552713E-02));
#9643 = ( GEOMETRIC_REPRESENTATION_CONTEXT(2) 
PARAMETRIC_REPRESENTATION_CONTEXT() REPRESENTATION_CONTEXT('2D SPACE',''
  ) );
#9644 = PCURVE('',#7546,#9645);
#9645 = DEFINITIONAL_REPRESENTATION('',(#9646),#9650);
#9646 = ( BOUNDED_CURVE() B_SPLINE_CURVE(2,(#9647,#9648,#9649),
.UNSPECIFIED.,.F.,.F.) B_SPLINE_CURVE_WITH_KNOTS((3,3),(0.546038978939,
2.198260087339),.PIECEWISE_BEZIER_KNOTS.) CURVE() 
GEOMETRIC_REPRESENTATION_ITEM() RATIONAL_B_SPLINE_CURVE((1.,
0.677740792224,1.)) REPRESENTATION_ITEM('') );
#9647 = CARTESIAN_POINT('',(-3.349415787334E-03,7.902358303382E-03));
#9648 = CARTESIAN_POINT('',(-2.94856095896E-03,8.562018753721E-03));
#9649 = CARTESIAN_POINT('',(-2.32368953563E-03,8.108838648819E-03));
#9650 = ( GEOMETRIC_REPRESENTATION_CONTEXT(2) 
PARAMETRIC_REPRESENTATION_CONTEXT() REPRESENTATION_CONTEXT('2D SPACE',''
  ) );
#9651 = ADVANCED_FACE('',(#9652),#7275,.T.);
#9652 = FACE_BOUND('',#9653,.T.);
#9653 = EDGE_LOOP('',(#9654,#9676,#9697,#9698,#9699,#9700,#9701,#9702));
#9654 = ORIENTED_EDGE('',*,*,#9655,.T.);
#9655 = EDGE_CURVE('',#9656,#9658,#9660,.T.);
#9656 = VERTEX_POINT('',#9657);
#9657 = CARTESIAN_POINT('',(-11.99777696854,1.351873179759,
    21.117792509309));
#9658 = VERTEX_POINT('',#9659);
#9659 = CARTESIAN_POINT('',(-25.15773237284,1.363121919868,
    21.117792509309));
#9660 = SURFACE_CURVE('',#9661,(#9664,#9670),.PCURVE_S1.);
#9661 = B_SPLINE_CURVE_WITH_KNOTS('',1,(#9662,#9663),.UNSPECIFIED.,.F.,
  .F.,(2,2),(5.311393726239E-04,1.369109958446E-02),
  .PIECEWISE_BEZIER_KNOTS.);
#9662 = CARTESIAN_POINT('',(-11.99777696854,1.351873179759,
    21.117792509309));
#9663 = CARTESIAN_POINT('',(-25.15773237284,1.363121919868,
    21.117792509309));
#9664 = PCURVE('',#7275,#9665);
#9665 = DEFINITIONAL_REPRESENTATION('',(#9666),#9669);
#9666 = B_SPLINE_CURVE_WITH_KNOTS('',1,(#9667,#9668),.UNSPECIFIED.,.F.,
  .F.,(2,2),(5.311393726239E-04,1.369109958446E-02),
  .PIECEWISE_BEZIER_KNOTS.);
#9667 = CARTESIAN_POINT('',(8.329549875202E-03,3.82711363262E-04));
#9668 = CARTESIAN_POINT('',(-2.32368953563E-03,8.108838648819E-03));
#9669 = ( GEOMETRIC_REPRESENTATION_CONTEXT(2) 
PARAMETRIC_REPRESENTATION_CONTEXT() REPRESENTATION_CONTEXT('2D SPACE',''
  ) );
#9670 = PCURVE('',#7246,#9671);
#9671 = DEFINITIONAL_REPRESENTATION('',(#9672),#9675);
#9672 = B_SPLINE_CURVE_WITH_KNOTS('',1,(#9673,#9674),.UNSPECIFIED.,.F.,
  .F.,(2,2),(5.311393726239E-04,1.369109958446E-02),
  .PIECEWISE_BEZIER_KNOTS.);
#9673 = CARTESIAN_POINT('',(-1.199777696855E-02,1.351873179759E-03));
#9674 = CARTESIAN_POINT('',(-2.515773237284E-02,1.363121919868E-03));
#9675 = ( GEOMETRIC_REPRESENTATION_CONTEXT(2) 
PARAMETRIC_REPRESENTATION_CONTEXT() REPRESENTATION_CONTEXT('2D SPACE',''
  ) );
#9676 = ORIENTED_EDGE('',*,*,#9677,.F.);
#9677 = EDGE_CURVE('',#7231,#9658,#9678,.T.);
#9678 = SURFACE_CURVE('',#9679,(#9683,#9690),.PCURVE_S1.);
#9679 = ( BOUNDED_CURVE() B_SPLINE_CURVE(2,(#9680,#9681,#9682),
.UNSPECIFIED.,.F.,.F.) B_SPLINE_CURVE_WITH_KNOTS((3,3),(0.546038978939,
2.198260087339),.PIECEWISE_BEZIER_KNOTS.) CURVE() 
GEOMETRIC_REPRESENTATION_ITEM() RATIONAL_B_SPLINE_CURVE((1.,
0.677740792224,1.)) REPRESENTATION_ITEM('') );
#9680 = CARTESIAN_POINT('',(-25.86619624011,2.133074791972,
    21.117792509309));
#9681 = CARTESIAN_POINT('',(-25.9296365559,1.363781720701,
    21.117792509309));
#9682 = CARTESIAN_POINT('',(-25.15773237284,1.363121919868,
    21.117792509309));
#9683 = PCURVE('',#7275,#9684);
#9684 = DEFINITIONAL_REPRESENTATION('',(#9685),#9689);
#9685 = ( BOUNDED_CURVE() B_SPLINE_CURVE(2,(#9686,#9687,#9688),
.UNSPECIFIED.,.F.,.F.) B_SPLINE_CURVE_WITH_KNOTS((3,3),(0.546038978939,
2.198260087339),.PIECEWISE_BEZIER_KNOTS.) CURVE() 
GEOMETRIC_REPRESENTATION_ITEM() RATIONAL_B_SPLINE_CURVE((1.,
0.677740792224,1.)) REPRESENTATION_ITEM('') );
#9686 = CARTESIAN_POINT('',(-3.349415787334E-03,7.902358303382E-03));
#9687 = CARTESIAN_POINT('',(-2.94856095896E-03,8.562018753721E-03));
#9688 = CARTESIAN_POINT('',(-2.32368953563E-03,8.108838648819E-03));
#9689 = ( GEOMETRIC_REPRESENTATION_CONTEXT(2) 
PARAMETRIC_REPRESENTATION_CONTEXT() REPRESENTATION_CONTEXT('2D SPACE',''
  ) );
#9690 = PCURVE('',#7246,#9691);
#9691 = DEFINITIONAL_REPRESENTATION('',(#9692),#9696);
#9692 = ( BOUNDED_CURVE() B_SPLINE_CURVE(2,(#9693,#9694,#9695),
.UNSPECIFIED.,.F.,.F.) B_SPLINE_CURVE_WITH_KNOTS((3,3),(0.546038978939,
2.198260087339),.PIECEWISE_BEZIER_KNOTS.) CURVE() 
GEOMETRIC_REPRESENTATION_ITEM() RATIONAL_B_SPLINE_CURVE((1.,
0.677740792224,1.)) REPRESENTATION_ITEM('') );
#9693 = CARTESIAN_POINT('',(-2.586619624011E-02,2.133074791972E-03));
#9694 = CARTESIAN_POINT('',(-2.592963655591E-02,1.363781720701E-03));
#9695 = CARTESIAN_POINT('',(-2.515773237284E-02,1.363121919868E-03));
#9696 = ( GEOMETRIC_REPRESENTATION_CONTEXT(2) 
PARAMETRIC_REPRESENTATION_CONTEXT() REPRESENTATION_CONTEXT('2D SPACE',''
  ) );
#9697 = ORIENTED_EDGE('',*,*,#7258,.T.);
#9698 = ORIENTED_EDGE('',*,*,#9513,.F.);
#9699 = ORIENTED_EDGE('',*,*,#9536,.T.);
#9700 = ORIENTED_EDGE('',*,*,#9556,.T.);
#9701 = ORIENTED_EDGE('',*,*,#7891,.T.);
#9702 = ORIENTED_EDGE('',*,*,#9703,.T.);
#9703 = EDGE_CURVE('',#7868,#9656,#9704,.T.);
#9704 = SURFACE_CURVE('',#9705,(#9709,#9716),.PCURVE_S1.);
#9705 = ( BOUNDED_CURVE() B_SPLINE_CURVE(2,(#9706,#9707,#9708),
.UNSPECIFIED.,.F.,.F.) B_SPLINE_CURVE_WITH_KNOTS((3,3),(5.817017595181,
7.22651787343),.PIECEWISE_BEZIER_KNOTS.) CURVE() 
GEOMETRIC_REPRESENTATION_ITEM() RATIONAL_B_SPLINE_CURVE((1.,
0.761773446286,1.)) REPRESENTATION_ITEM('') );
#9706 = CARTESIAN_POINT('',(-11.39454344675,1.863999903465,
    21.117792509309));
#9707 = CARTESIAN_POINT('',(-11.47839337875,1.35142922605,
    21.117792509309));
#9708 = CARTESIAN_POINT('',(-11.99777696854,1.351873179759,
    21.117792509309));
#9709 = PCURVE('',#7275,#9710);
#9710 = DEFINITIONAL_REPRESENTATION('',(#9711),#9715);
#9711 = ( BOUNDED_CURVE() B_SPLINE_CURVE(2,(#9712,#9713,#9714),
.UNSPECIFIED.,.F.,.F.) B_SPLINE_CURVE_WITH_KNOTS((3,3),(5.817017595181,
7.22651787343),.PIECEWISE_BEZIER_KNOTS.) CURVE() 
GEOMETRIC_REPRESENTATION_ITEM() RATIONAL_B_SPLINE_CURVE((1.,
0.761773446286,1.)) REPRESENTATION_ITEM('') );
#9712 = CARTESIAN_POINT('',(8.516555510414E-03,-3.861796272901E-04));
#9713 = CARTESIAN_POINT('',(8.750000975388E-03,7.778451499398E-05));
#9714 = CARTESIAN_POINT('',(8.329549875202E-03,3.82711363262E-04));
#9715 = ( GEOMETRIC_REPRESENTATION_CONTEXT(2) 
PARAMETRIC_REPRESENTATION_CONTEXT() REPRESENTATION_CONTEXT('2D SPACE',''
  ) );
#9716 = PCURVE('',#7246,#9717);
#9717 = DEFINITIONAL_REPRESENTATION('',(#9718),#9722);
#9718 = ( BOUNDED_CURVE() B_SPLINE_CURVE(2,(#9719,#9720,#9721),
.UNSPECIFIED.,.F.,.F.) B_SPLINE_CURVE_WITH_KNOTS((3,3),(5.817017595181,
7.22651787343),.PIECEWISE_BEZIER_KNOTS.) CURVE() 
GEOMETRIC_REPRESENTATION_ITEM() RATIONAL_B_SPLINE_CURVE((1.,
0.761773446286,1.)) REPRESENTATION_ITEM('') );
#9719 = CARTESIAN_POINT('',(-1.139454344675E-02,1.863999903464E-03));
#9720 = CARTESIAN_POINT('',(-1.147839337875E-02,1.35142922605E-03));
#9721 = CARTESIAN_POINT('',(-1.199777696855E-02,1.351873179759E-03));
#9722 = ( GEOMETRIC_REPRESENTATION_CONTEXT(2) 
PARAMETRIC_REPRESENTATION_CONTEXT() REPRESENTATION_CONTEXT('2D SPACE',''
  ) );
#9723 = ADVANCED_FACE('',(#9724),#7546,.T.);
#9724 = FACE_BOUND('',#9725,.T.);
#9725 = EDGE_LOOP('',(#9726,#9727,#9728,#9729,#9752,#9772,#9793,#9794));
#9726 = ORIENTED_EDGE('',*,*,#9611,.T.);
#9727 = ORIENTED_EDGE('',*,*,#9631,.F.);
#9728 = ORIENTED_EDGE('',*,*,#7529,.T.);
#9729 = ORIENTED_EDGE('',*,*,#9730,.F.);
#9730 = EDGE_CURVE('',#9731,#7530,#9733,.T.);
#9731 = VERTEX_POINT('',#9732);
#9732 = CARTESIAN_POINT('',(-25.19460367704,-3.930735893454E-02,
    21.117792509309));
#9733 = SURFACE_CURVE('',#9734,(#9738,#9745),.PCURVE_S1.);
#9734 = ( BOUNDED_CURVE() B_SPLINE_CURVE(2,(#9735,#9736,#9737),
.UNSPECIFIED.,.F.,.F.) B_SPLINE_CURVE_WITH_KNOTS((3,3),(4.660673809365,
6.312894917766),.PIECEWISE_BEZIER_KNOTS.) CURVE() 
GEOMETRIC_REPRESENTATION_ITEM() RATIONAL_B_SPLINE_CURVE((1.,
0.677740792224,1.)) REPRESENTATION_ITEM('') );
#9735 = CARTESIAN_POINT('',(-25.19460367704,-3.930735893455E-02,
    21.117792509309));
#9736 = CARTESIAN_POINT('',(-25.96547615874,5.94021168274E-04,
    21.117792509309));
#9737 = CARTESIAN_POINT('',(-25.9425465512,-0.770969803976,
    21.117792509309));
#9738 = PCURVE('',#7546,#9739);
#9739 = DEFINITIONAL_REPRESENTATION('',(#9740),#9744);
#9740 = ( BOUNDED_CURVE() B_SPLINE_CURVE(2,(#9741,#9742,#9743),
.UNSPECIFIED.,.F.,.F.) B_SPLINE_CURVE_WITH_KNOTS((3,3),(4.660673809365,
6.312894917766),.PIECEWISE_BEZIER_KNOTS.) CURVE() 
GEOMETRIC_REPRESENTATION_ITEM() RATIONAL_B_SPLINE_CURVE((1.,
0.677740792224,1.)) REPRESENTATION_ITEM('') );
#9741 = CARTESIAN_POINT('',(-6.364037221537E-03,-5.536409263545E-03));
#9742 = CARTESIAN_POINT('',(-7.134909703235E-03,-5.576310643648E-03));
#9743 = CARTESIAN_POINT('',(-7.111980095694E-03,-4.804746818504E-03));
#9744 = ( GEOMETRIC_REPRESENTATION_CONTEXT(2) 
PARAMETRIC_REPRESENTATION_CONTEXT() REPRESENTATION_CONTEXT('2D SPACE',''
  ) );
#9745 = PCURVE('',#7246,#9746);
#9746 = DEFINITIONAL_REPRESENTATION('',(#9747),#9751);
#9747 = ( BOUNDED_CURVE() B_SPLINE_CURVE(2,(#9748,#9749,#9750),
.UNSPECIFIED.,.F.,.F.) B_SPLINE_CURVE_WITH_KNOTS((3,3),(4.660673809365,
6.312894917766),.PIECEWISE_BEZIER_KNOTS.) CURVE() 
GEOMETRIC_REPRESENTATION_ITEM() RATIONAL_B_SPLINE_CURVE((1.,
0.677740792224,1.)) REPRESENTATION_ITEM('') );
#9748 = CARTESIAN_POINT('',(-2.519460367705E-02,-3.930735893455E-05));
#9749 = CARTESIAN_POINT('',(-2.596547615874E-02,5.940211682728E-07));
#9750 = CARTESIAN_POINT('',(-2.59425465512E-02,-7.70969803976E-04));
#9751 = ( GEOMETRIC_REPRESENTATION_CONTEXT(2) 
PARAMETRIC_REPRESENTATION_CONTEXT() REPRESENTATION_CONTEXT('2D SPACE',''
  ) );
#9752 = ORIENTED_EDGE('',*,*,#9753,.T.);
#9753 = EDGE_CURVE('',#9731,#9754,#9756,.T.);
#9754 = VERTEX_POINT('',#9755);
#9755 = CARTESIAN_POINT('',(-12.05223742993,-0.719573633223,
    21.117792509309));
#9756 = SURFACE_CURVE('',#9757,(#9760,#9766),.PCURVE_S1.);
#9757 = B_SPLINE_CURVE_WITH_KNOTS('',1,(#9758,#9759),.UNSPECIFIED.,.F.,
  .F.,(2,2),(7.604129429344E-04,1.392037315477E-02),
  .PIECEWISE_BEZIER_KNOTS.);
#9758 = CARTESIAN_POINT('',(-25.19460367704,-3.930735893454E-02,
    21.117792509309));
#9759 = CARTESIAN_POINT('',(-12.05223742993,-0.719573633223,
    21.117792509309));
#9760 = PCURVE('',#7546,#9761);
#9761 = DEFINITIONAL_REPRESENTATION('',(#9762),#9765);
#9762 = B_SPLINE_CURVE_WITH_KNOTS('',1,(#9763,#9764),.UNSPECIFIED.,.F.,
  .F.,(2,2),(7.604129429344E-04,1.392037315477E-02),
  .PIECEWISE_BEZIER_KNOTS.);
#9763 = CARTESIAN_POINT('',(-6.364037221537E-03,-5.536409263545E-03));
#9764 = CARTESIAN_POINT('',(6.778329025574E-03,-4.856142989256E-03));
#9765 = ( GEOMETRIC_REPRESENTATION_CONTEXT(2) 
PARAMETRIC_REPRESENTATION_CONTEXT() REPRESENTATION_CONTEXT('2D SPACE',''
  ) );
#9766 = PCURVE('',#7246,#9767);
#9767 = DEFINITIONAL_REPRESENTATION('',(#9768),#9771);
#9768 = B_SPLINE_CURVE_WITH_KNOTS('',1,(#9769,#9770),.UNSPECIFIED.,.F.,
  .F.,(2,2),(7.604129429344E-04,1.392037315477E-02),
  .PIECEWISE_BEZIER_KNOTS.);
#9769 = CARTESIAN_POINT('',(-2.519460367705E-02,-3.930735893455E-05));
#9770 = CARTESIAN_POINT('',(-1.205223742994E-02,-7.195736332234E-04));
#9771 = ( GEOMETRIC_REPRESENTATION_CONTEXT(2) 
PARAMETRIC_REPRESENTATION_CONTEXT() REPRESENTATION_CONTEXT('2D SPACE',''
  ) );
#9772 = ORIENTED_EDGE('',*,*,#9773,.T.);
#9773 = EDGE_CURVE('',#9754,#8151,#9774,.T.);
#9774 = SURFACE_CURVE('',#9775,(#9779,#9786),.PCURVE_S1.);
#9775 = ( BOUNDED_CURVE() B_SPLINE_CURVE(2,(#9776,#9777,#9778),
.UNSPECIFIED.,.F.,.F.) B_SPLINE_CURVE_WITH_KNOTS((3,3),(4.764104151404,
6.173604429653),.PIECEWISE_BEZIER_KNOTS.) CURVE() 
GEOMETRIC_REPRESENTATION_ITEM() RATIONAL_B_SPLINE_CURVE((1.,
0.761773446286,1.)) REPRESENTATION_ITEM('') );
#9776 = CARTESIAN_POINT('',(-12.05223742993,-0.719573633223,
    21.117792509309));
#9777 = CARTESIAN_POINT('',(-11.53354803091,-0.746421683137,
    21.117792509309));
#9778 = CARTESIAN_POINT('',(-11.47674733686,-1.262690209776,
    21.117792509309));
#9779 = PCURVE('',#7546,#9780);
#9780 = DEFINITIONAL_REPRESENTATION('',(#9781),#9785);
#9781 = ( BOUNDED_CURVE() B_SPLINE_CURVE(2,(#9782,#9783,#9784),
.UNSPECIFIED.,.F.,.F.) B_SPLINE_CURVE_WITH_KNOTS((3,3),(4.764104151404,
6.173604429653),.PIECEWISE_BEZIER_KNOTS.) CURVE() 
GEOMETRIC_REPRESENTATION_ITEM() RATIONAL_B_SPLINE_CURVE((1.,
0.761773446286,1.)) REPRESENTATION_ITEM('') );
#9782 = CARTESIAN_POINT('',(6.778329025574E-03,-4.856142989256E-03));
#9783 = CARTESIAN_POINT('',(7.297018424596E-03,-4.829294939343E-03));
#9784 = CARTESIAN_POINT('',(7.353819118649E-03,-4.313026412704E-03));
#9785 = ( GEOMETRIC_REPRESENTATION_CONTEXT(2) 
PARAMETRIC_REPRESENTATION_CONTEXT() REPRESENTATION_CONTEXT('2D SPACE',''
  ) );
#9786 = PCURVE('',#7246,#9787);
#9787 = DEFINITIONAL_REPRESENTATION('',(#9788),#9792);
#9788 = ( BOUNDED_CURVE() B_SPLINE_CURVE(2,(#9789,#9790,#9791),
.UNSPECIFIED.,.F.,.F.) B_SPLINE_CURVE_WITH_KNOTS((3,3),(4.764104151404,
6.173604429653),.PIECEWISE_BEZIER_KNOTS.) CURVE() 
GEOMETRIC_REPRESENTATION_ITEM() RATIONAL_B_SPLINE_CURVE((1.,
0.761773446286,1.)) REPRESENTATION_ITEM('') );
#9789 = CARTESIAN_POINT('',(-1.205223742994E-02,-7.195736332234E-04));
#9790 = CARTESIAN_POINT('',(-1.153354803091E-02,-7.464216831371E-04));
#9791 = CARTESIAN_POINT('',(-1.147674733686E-02,-1.262690209776E-03));
#9792 = ( GEOMETRIC_REPRESENTATION_CONTEXT(2) 
PARAMETRIC_REPRESENTATION_CONTEXT() REPRESENTATION_CONTEXT('2D SPACE',''
  ) );
#9793 = ORIENTED_EDGE('',*,*,#8150,.T.);
#9794 = ORIENTED_EDGE('',*,*,#9588,.T.);
#9795 = ADVANCED_FACE('',(#9796),#7246,.F.);
#9796 = FACE_BOUND('',#9797,.F.);
#9797 = EDGE_LOOP('',(#9798,#9799,#9800,#9801,#9802,#9803,#9804,#9805,
    #9806,#9807));
#9798 = ORIENTED_EDGE('',*,*,#9677,.F.);
#9799 = ORIENTED_EDGE('',*,*,#7230,.T.);
#9800 = ORIENTED_EDGE('',*,*,#7558,.T.);
#9801 = ORIENTED_EDGE('',*,*,#9730,.F.);
#9802 = ORIENTED_EDGE('',*,*,#9753,.T.);
#9803 = ORIENTED_EDGE('',*,*,#9773,.T.);
#9804 = ORIENTED_EDGE('',*,*,#8174,.F.);
#9805 = ORIENTED_EDGE('',*,*,#7867,.F.);
#9806 = ORIENTED_EDGE('',*,*,#9703,.T.);
#9807 = ORIENTED_EDGE('',*,*,#9655,.T.);
#9808 = ADVANCED_FACE('',(#9809,#9815),#6751,.T.);
#9809 = FACE_BOUND('',#9810,.T.);
#9810 = EDGE_LOOP('',(#9811,#9812,#9813,#9814));
#9811 = ORIENTED_EDGE('',*,*,#6735,.T.);
#9812 = ORIENTED_EDGE('',*,*,#7185,.T.);
#9813 = ORIENTED_EDGE('',*,*,#7398,.T.);
#9814 = ORIENTED_EDGE('',*,*,#6995,.T.);
#9815 = FACE_BOUND('',#9816,.T.);
#9816 = EDGE_LOOP('',(#9817,#9818,#9819,#9820));
#9817 = ORIENTED_EDGE('',*,*,#7620,.F.);
#9818 = ORIENTED_EDGE('',*,*,#8199,.F.);
#9819 = ORIENTED_EDGE('',*,*,#8011,.F.);
#9820 = ORIENTED_EDGE('',*,*,#7815,.F.);
#9821 = ( GEOMETRIC_REPRESENTATION_CONTEXT(3) 
GLOBAL_UNCERTAINTY_ASSIGNED_CONTEXT((#9825)) 
GLOBAL_UNIT_ASSIGNED_CONTEXT((#9822,#9823,#9824)) REPRESENTATION_CONTEXT
('Context #1','3D Context with UNIT and UNCERTAINTY') );
#9822 = ( LENGTH_UNIT() NAMED_UNIT(*) SI_UNIT(.MILLI.,.METRE.) );
#9823 = ( NAMED_UNIT(*) PLANE_ANGLE_UNIT() SI_UNIT($,.RADIAN.) );
#9824 = ( NAMED_UNIT(*) SI_UNIT($,.STERADIAN.) SOLID_ANGLE_UNIT() );
#9825 = UNCERTAINTY_MEASURE_WITH_UNIT(LENGTH_MEASURE(2.E-04),#9822,
  'distance_accuracy_value','confusion accuracy');
#9826 = CONTEXT_DEPENDENT_SHAPE_REPRESENTATION(#9827,#9829);
#9827 = ( REPRESENTATION_RELATIONSHIP('','',#6690,#10) 
REPRESENTATION_RELATIONSHIP_WITH_TRANSFORMATION(#9828) 
SHAPE_REPRESENTATION_RELATIONSHIP() );
#9828 = ITEM_DEFINED_TRANSFORMATION('','',#11,#55);
#9829 = PRODUCT_DEFINITION_SHAPE('Placement','Placement of an item',
  #9830);
#9830 = NEXT_ASSEMBLY_USAGE_OCCURRENCE('53','','',#5,#6685,$);
#9831 = PRODUCT_RELATED_PRODUCT_CATEGORY('part',$,(#6687));
#9832 = SHAPE_DEFINITION_REPRESENTATION(#9833,#9839);
#9833 = PRODUCT_DEFINITION_SHAPE('','',#9834);
#9834 = PRODUCT_DEFINITION('design','',#9835,#9838);
#9835 = PRODUCT_DEFINITION_FORMATION('','',#9836);
#9836 = PRODUCT('Open CASCADE STEP translator 7.7 2.12',
  'Open CASCADE STEP translator 7.7 2.12','',(#9837));
#9837 = PRODUCT_CONTEXT('',#2,'mechanical');
#9838 = PRODUCT_DEFINITION_CONTEXT('part definition',#2,'design');
#9839 = GEOMETRICALLY_BOUNDED_WIREFRAME_SHAPE_REPRESENTATION('',(#11,
    #9840),#9849);
#9840 = GEOMETRIC_CURVE_SET('',(#9841));
#9841 = TRIMMED_CURVE('',#9842,(#9847,PARAMETER_VALUE(3.251173531116)),(
    #9848,PARAMETER_VALUE(3.607760365589)),.T.,.PARAMETER.);
#9842 = CIRCLE('',#9843,1.1546E-02);
#9843 = AXIS2_PLACEMENT_3D('',#9844,#9845,#9846);
#9844 = CARTESIAN_POINT('',(0.,0.,1.74437305662E-02));
#9845 = DIRECTION('',(0.,-0.,1.));
#9846 = DIRECTION('',(-1.,0.,0.));
#9847 = CARTESIAN_POINT('',(1.147674733686E-02,1.262690209776E-03,
    1.74437305662E-02));
#9848 = CARTESIAN_POINT('',(1.03140109451E-02,5.18953699519E-03,
    1.74437305662E-02));
#9849 = ( GEOMETRIC_REPRESENTATION_CONTEXT(3) 
GLOBAL_UNCERTAINTY_ASSIGNED_CONTEXT((#9853)) 
GLOBAL_UNIT_ASSIGNED_CONTEXT((#9850,#9851,#9852)) REPRESENTATION_CONTEXT
('Context #1','3D Context with UNIT and UNCERTAINTY') );
#9850 = ( LENGTH_UNIT() NAMED_UNIT(*) SI_UNIT(.MILLI.,.METRE.) );
#9851 = ( NAMED_UNIT(*) PLANE_ANGLE_UNIT() SI_UNIT($,.RADIAN.) );
#9852 = ( NAMED_UNIT(*) SI_UNIT($,.STERADIAN.) SOLID_ANGLE_UNIT() );
#9853 = UNCERTAINTY_MEASURE_WITH_UNIT(LENGTH_MEASURE(2.E-07),#9850,
  'distance_accuracy_value','confusion accuracy');
#9854 = CONTEXT_DEPENDENT_SHAPE_REPRESENTATION(#9855,#9857);
#9855 = ( REPRESENTATION_RELATIONSHIP('','',#9839,#10) 
REPRESENTATION_RELATIONSHIP_WITH_TRANSFORMATION(#9856) 
SHAPE_REPRESENTATION_RELATIONSHIP() );
#9856 = ITEM_DEFINED_TRANSFORMATION('','',#11,#59);
#9857 = PRODUCT_DEFINITION_SHAPE('Placement','Placement of an item',
  #9858);
#9858 = NEXT_ASSEMBLY_USAGE_OCCURRENCE('54','','',#5,#9834,$);
#9859 = PRODUCT_RELATED_PRODUCT_CATEGORY('part',$,(#9836));
#9860 = SHAPE_DEFINITION_REPRESENTATION(#9861,#9867);
#9861 = PRODUCT_DEFINITION_SHAPE('','',#9862);
#9862 = PRODUCT_DEFINITION('design','',#9863,#9866);
#9863 = PRODUCT_DEFINITION_FORMATION('','',#9864);
#9864 = PRODUCT('Open CASCADE STEP translator 7.7 2.13',
  'Open CASCADE STEP translator 7.7 2.13','',(#9865));
#9865 = PRODUCT_CONTEXT('',#2,'mechanical');
#9866 = PRODUCT_DEFINITION_CONTEXT('part definition',#2,'design');
#9867 = GEOMETRICALLY_BOUNDED_WIREFRAME_SHAPE_REPRESENTATION('',(#11,
    #9868),#9877);
#9868 = GEOMETRIC_CURVE_SET('',(#9869));
#9869 = TRIMMED_CURVE('',#9870,(#9875,PARAMETER_VALUE(5.737146328241)),(
    #9876,PARAMETER_VALUE(6.253475696594)),.T.,.PARAMETER.);
#9870 = CIRCLE('',#9871,2.5954E-02);
#9871 = AXIS2_PLACEMENT_3D('',#9872,#9873,#9874);
#9872 = CARTESIAN_POINT('',(0.,0.,1.74437305662E-02));
#9873 = DIRECTION('',(-0.,-0.,-1.));
#9874 = DIRECTION('',(1.,0.,-0.));
#9875 = CARTESIAN_POINT('',(2.217998224284E-02,1.347807492586E-02,
    1.74437305662E-02));
#9876 = CARTESIAN_POINT('',(2.59425465512E-02,7.70969803976E-04,
    1.74437305662E-02));
#9877 = ( GEOMETRIC_REPRESENTATION_CONTEXT(3) 
GLOBAL_UNCERTAINTY_ASSIGNED_CONTEXT((#9881)) 
GLOBAL_UNIT_ASSIGNED_CONTEXT((#9878,#9879,#9880)) REPRESENTATION_CONTEXT
('Context #1','3D Context with UNIT and UNCERTAINTY') );
#9878 = ( LENGTH_UNIT() NAMED_UNIT(*) SI_UNIT(.MILLI.,.METRE.) );
#9879 = ( NAMED_UNIT(*) PLANE_ANGLE_UNIT() SI_UNIT($,.RADIAN.) );
#9880 = ( NAMED_UNIT(*) SI_UNIT($,.STERADIAN.) SOLID_ANGLE_UNIT() );
#9881 = UNCERTAINTY_MEASURE_WITH_UNIT(LENGTH_MEASURE(2.E-07),#9878,
  'distance_accuracy_value','confusion accuracy');
#9882 = CONTEXT_DEPENDENT_SHAPE_REPRESENTATION(#9883,#9885);
#9883 = ( REPRESENTATION_RELATIONSHIP('','',#9867,#10) 
REPRESENTATION_RELATIONSHIP_WITH_TRANSFORMATION(#9884) 
SHAPE_REPRESENTATION_RELATIONSHIP() );
#9884 = ITEM_DEFINED_TRANSFORMATION('','',#11,#63);
#9885 = PRODUCT_DEFINITION_SHAPE('Placement','Placement of an item',
  #9886);
#9886 = NEXT_ASSEMBLY_USAGE_OCCURRENCE('55','','',#5,#9862,$);
#9887 = PRODUCT_RELATED_PRODUCT_CATEGORY('part',$,(#9864));
#9888 = SHAPE_DEFINITION_REPRESENTATION(#9889,#9895);
#9889 = PRODUCT_DEFINITION_SHAPE('','',#9890);
#9890 = PRODUCT_DEFINITION('design','',#9891,#9894);
#9891 = PRODUCT_DEFINITION_FORMATION('','',#9892);
#9892 = PRODUCT('Open CASCADE STEP translator 7.7 2.14',
  'Open CASCADE STEP translator 7.7 2.14','',(#9893));
#9893 = PRODUCT_CONTEXT('',#2,'mechanical');
#9894 = PRODUCT_DEFINITION_CONTEXT('part definition',#2,'design');
#9895 = GEOMETRICALLY_BOUNDED_WIREFRAME_SHAPE_REPRESENTATION('',(#11,
    #9896),#9904);
#9896 = GEOMETRIC_CURVE_SET('',(#9897));
#9897 = TRIMMED_CURVE('',#9898,(#9902,PARAMETER_VALUE(7.604129429344E-04
      )),(#9903,PARAMETER_VALUE(1.392037315477E-02)),.T.,.PARAMETER.);
#9898 = LINE('',#9899,#9900);
#9899 = CARTESIAN_POINT('',(2.5954E-02,7.069885971478E-19,
    1.74437305662E-02));
#9900 = VECTOR('',#9901,1.);
#9901 = DIRECTION('',(-0.998663068547,5.16921224182E-02,0.));
#9902 = CARTESIAN_POINT('',(2.519460367705E-02,3.930735893454E-05,
    1.74437305662E-02));
#9903 = CARTESIAN_POINT('',(1.205223742994E-02,7.195736332234E-04,
    1.74437305662E-02));
#9904 = ( GEOMETRIC_REPRESENTATION_CONTEXT(3) 
GLOBAL_UNCERTAINTY_ASSIGNED_CONTEXT((#9908)) 
GLOBAL_UNIT_ASSIGNED_CONTEXT((#9905,#9906,#9907)) REPRESENTATION_CONTEXT
('Context #1','3D Context with UNIT and UNCERTAINTY') );
#9905 = ( LENGTH_UNIT() NAMED_UNIT(*) SI_UNIT(.MILLI.,.METRE.) );
#9906 = ( NAMED_UNIT(*) PLANE_ANGLE_UNIT() SI_UNIT($,.RADIAN.) );
#9907 = ( NAMED_UNIT(*) SI_UNIT($,.STERADIAN.) SOLID_ANGLE_UNIT() );
#9908 = UNCERTAINTY_MEASURE_WITH_UNIT(LENGTH_MEASURE(1.E-07),#9905,
  'distance_accuracy_value','confusion accuracy');
#9909 = CONTEXT_DEPENDENT_SHAPE_REPRESENTATION(#9910,#9912);
#9910 = ( REPRESENTATION_RELATIONSHIP('','',#9895,#10) 
REPRESENTATION_RELATIONSHIP_WITH_TRANSFORMATION(#9911) 
SHAPE_REPRESENTATION_RELATIONSHIP() );
#9911 = ITEM_DEFINED_TRANSFORMATION('','',#11,#67);
#9912 = PRODUCT_DEFINITION_SHAPE('Placement','Placement of an item',
  #9913);
#9913 = NEXT_ASSEMBLY_USAGE_OCCURRENCE('56','','',#5,#9890,$);
#9914 = PRODUCT_RELATED_PRODUCT_CATEGORY('part',$,(#9892));
#9915 = SHAPE_DEFINITION_REPRESENTATION(#9916,#9922);
#9916 = PRODUCT_DEFINITION_SHAPE('','',#9917);
#9917 = PRODUCT_DEFINITION('design','',#9918,#9921);
#9918 = PRODUCT_DEFINITION_FORMATION('','',#9919);
#9919 = PRODUCT('Open CASCADE STEP translator 7.7 2.15',
  'Open CASCADE STEP translator 7.7 2.15','',(#9920));
#9920 = PRODUCT_CONTEXT('',#2,'mechanical');
#9921 = PRODUCT_DEFINITION_CONTEXT('part definition',#2,'design');
#9922 = GEOMETRICALLY_BOUNDED_WIREFRAME_SHAPE_REPRESENTATION('',(#11,
    #9923),#9932);
#9923 = GEOMETRIC_CURVE_SET('',(#9924));
#9924 = TRIMMED_CURVE('',#9925,(#9930,PARAMETER_VALUE(5.817017595181)),(
    #9931,PARAMETER_VALUE(7.22651787343)),.T.,.PARAMETER.);
#9925 = CIRCLE('',#9926,6.107227503548E-04);
#9926 = AXIS2_PLACEMENT_3D('',#9927,#9928,#9929);
#9927 = CARTESIAN_POINT('',(1.085956794593E-02,5.464036242268E-03,
    1.74437305662E-02));
#9928 = DIRECTION('',(-0.,-0.,-1.));
#9929 = DIRECTION('',(-1.,0.,0.));
#9930 = CARTESIAN_POINT('',(1.03140109451E-02,5.18953699519E-03,
    1.74437305662E-02));
#9931 = CARTESIAN_POINT('',(1.050101658031E-02,5.958427985742E-03,
    1.74437305662E-02));
#9932 = ( GEOMETRIC_REPRESENTATION_CONTEXT(3) 
GLOBAL_UNCERTAINTY_ASSIGNED_CONTEXT((#9936)) 
GLOBAL_UNIT_ASSIGNED_CONTEXT((#9933,#9934,#9935)) REPRESENTATION_CONTEXT
('Context #1','3D Context with UNIT and UNCERTAINTY') );
#9933 = ( LENGTH_UNIT() NAMED_UNIT(*) SI_UNIT(.MILLI.,.METRE.) );
#9934 = ( NAMED_UNIT(*) PLANE_ANGLE_UNIT() SI_UNIT($,.RADIAN.) );
#9935 = ( NAMED_UNIT(*) SI_UNIT($,.STERADIAN.) SOLID_ANGLE_UNIT() );
#9936 = UNCERTAINTY_MEASURE_WITH_UNIT(LENGTH_MEASURE(2.E-07),#9933,
  'distance_accuracy_value','confusion accuracy');
#9937 = CONTEXT_DEPENDENT_SHAPE_REPRESENTATION(#9938,#9940);
#9938 = ( REPRESENTATION_RELATIONSHIP('','',#9922,#10) 
REPRESENTATION_RELATIONSHIP_WITH_TRANSFORMATION(#9939) 
SHAPE_REPRESENTATION_RELATIONSHIP() );
#9939 = ITEM_DEFINED_TRANSFORMATION('','',#11,#71);
#9940 = PRODUCT_DEFINITION_SHAPE('Placement','Placement of an item',
  #9941);
#9941 = NEXT_ASSEMBLY_USAGE_OCCURRENCE('57','','',#5,#9917,$);
#9942 = PRODUCT_RELATED_PRODUCT_CATEGORY('part',$,(#9919));
#9943 = SHAPE_DEFINITION_REPRESENTATION(#9944,#9950);
#9944 = PRODUCT_DEFINITION_SHAPE('','',#9945);
#9945 = PRODUCT_DEFINITION('design','',#9946,#9949);
#9946 = PRODUCT_DEFINITION_FORMATION('','',#9947);
#9947 = PRODUCT('Open CASCADE STEP translator 7.7 2.16',
  'Open CASCADE STEP translator 7.7 2.16','',(#9948));
#9948 = PRODUCT_CONTEXT('',#2,'mechanical');
#9949 = PRODUCT_DEFINITION_CONTEXT('part definition',#2,'design');
#9950 = GEOMETRICALLY_BOUNDED_WIREFRAME_SHAPE_REPRESENTATION('',(#11,
    #9951),#9960);
#9951 = GEOMETRIC_CURVE_SET('',(#9952));
#9952 = TRIMMED_CURVE('',#9953,(#9958,PARAMETER_VALUE(4.764104151404)),(
    #9959,PARAMETER_VALUE(6.173604429653)),.T.,.PARAMETER.);
#9953 = CIRCLE('',#9954,6.107227503548E-04);
#9954 = AXIS2_PLACEMENT_3D('',#9955,#9956,#9957);
#9955 = CARTESIAN_POINT('',(1.208380698511E-02,1.329479889124E-03,
    1.74437305662E-02));
#9956 = DIRECTION('',(-0.,-0.,-1.));
#9957 = DIRECTION('',(-1.,0.,0.));
#9958 = CARTESIAN_POINT('',(1.205223742994E-02,7.195736332234E-04,
    1.74437305662E-02));
#9959 = CARTESIAN_POINT('',(1.147674733686E-02,1.262690209776E-03,
    1.74437305662E-02));
#9960 = ( GEOMETRIC_REPRESENTATION_CONTEXT(3) 
GLOBAL_UNCERTAINTY_ASSIGNED_CONTEXT((#9964)) 
GLOBAL_UNIT_ASSIGNED_CONTEXT((#9961,#9962,#9963)) REPRESENTATION_CONTEXT
('Context #1','3D Context with UNIT and UNCERTAINTY') );
#9961 = ( LENGTH_UNIT() NAMED_UNIT(*) SI_UNIT(.MILLI.,.METRE.) );
#9962 = ( NAMED_UNIT(*) PLANE_ANGLE_UNIT() SI_UNIT($,.RADIAN.) );
#9963 = ( NAMED_UNIT(*) SI_UNIT($,.STERADIAN.) SOLID_ANGLE_UNIT() );
#9964 = UNCERTAINTY_MEASURE_WITH_UNIT(LENGTH_MEASURE(1.E-07),#9961,
  'distance_accuracy_value','confusion accuracy');
#9965 = CONTEXT_DEPENDENT_SHAPE_REPRESENTATION(#9966,#9968);
#9966 = ( REPRESENTATION_RELATIONSHIP('','',#9950,#10) 
REPRESENTATION_RELATIONSHIP_WITH_TRANSFORMATION(#9967) 
SHAPE_REPRESENTATION_RELATIONSHIP() );
#9967 = ITEM_DEFINED_TRANSFORMATION('','',#11,#75);
#9968 = PRODUCT_DEFINITION_SHAPE('Placement','Placement of an item',
  #9969);
#9969 = NEXT_ASSEMBLY_USAGE_OCCURRENCE('58','','',#5,#9945,$);
#9970 = PRODUCT_RELATED_PRODUCT_CATEGORY('part',$,(#9947));
#9971 = SHAPE_DEFINITION_REPRESENTATION(#9972,#9978);
#9972 = PRODUCT_DEFINITION_SHAPE('','',#9973);
#9973 = PRODUCT_DEFINITION('design','',#9974,#9977);
#9974 = PRODUCT_DEFINITION_FORMATION('','',#9975);
#9975 = PRODUCT('Open CASCADE STEP translator 7.7 2.17',
  'Open CASCADE STEP translator 7.7 2.17','',(#9976));
#9976 = PRODUCT_CONTEXT('',#2,'mechanical');
#9977 = PRODUCT_DEFINITION_CONTEXT('part definition',#2,'design');
#9978 = GEOMETRICALLY_BOUNDED_WIREFRAME_SHAPE_REPRESENTATION('',(#11,
    #9979),#9988);
#9979 = GEOMETRIC_CURVE_SET('',(#9980));
#9980 = TRIMMED_CURVE('',#9981,(#9986,PARAMETER_VALUE(0.546038978939)),(
    #9987,PARAMETER_VALUE(2.198260087339)),.T.,.PARAMETER.);
#9981 = CIRCLE('',#9982,7.114789894076E-04);
#9982 = AXIS2_PLACEMENT_3D('',#9983,#9984,#9985);
#9983 = CARTESIAN_POINT('',(2.157196069121E-02,1.310859942585E-02,
    1.74437305662E-02));
#9984 = DIRECTION('',(0.,0.,1.));
#9985 = DIRECTION('',(1.,0.,-0.));
#9986 = CARTESIAN_POINT('',(2.217998224284E-02,1.347807492586E-02,
    1.74437305662E-02));
#9987 = CARTESIAN_POINT('',(2.115425599114E-02,1.36845552713E-02,
    1.74437305662E-02));
#9988 = ( GEOMETRIC_REPRESENTATION_CONTEXT(3) 
GLOBAL_UNCERTAINTY_ASSIGNED_CONTEXT((#9992)) 
GLOBAL_UNIT_ASSIGNED_CONTEXT((#9989,#9990,#9991)) REPRESENTATION_CONTEXT
('Context #1','3D Context with UNIT and UNCERTAINTY') );
#9989 = ( LENGTH_UNIT() NAMED_UNIT(*) SI_UNIT(.MILLI.,.METRE.) );
#9990 = ( NAMED_UNIT(*) PLANE_ANGLE_UNIT() SI_UNIT($,.RADIAN.) );
#9991 = ( NAMED_UNIT(*) SI_UNIT($,.STERADIAN.) SOLID_ANGLE_UNIT() );
#9992 = UNCERTAINTY_MEASURE_WITH_UNIT(LENGTH_MEASURE(1.E-07),#9989,
  'distance_accuracy_value','confusion accuracy');
#9993 = CONTEXT_DEPENDENT_SHAPE_REPRESENTATION(#9994,#9996);
#9994 = ( REPRESENTATION_RELATIONSHIP('','',#9978,#10) 
REPRESENTATION_RELATIONSHIP_WITH_TRANSFORMATION(#9995) 
SHAPE_REPRESENTATION_RELATIONSHIP() );
#9995 = ITEM_DEFINED_TRANSFORMATION('','',#11,#79);
#9996 = PRODUCT_DEFINITION_SHAPE('Placement','Placement of an item',
  #9997);
#9997 = NEXT_ASSEMBLY_USAGE_OCCURRENCE('59','','',#5,#9973,$);
#9998 = PRODUCT_RELATED_PRODUCT_CATEGORY('part',$,(#9975));
#9999 = SHAPE_DEFINITION_REPRESENTATION(#10000,#10006);
#10000 = PRODUCT_DEFINITION_SHAPE('','',#10001);
#10001 = PRODUCT_DEFINITION('design','',#10002,#10005);
#10002 = PRODUCT_DEFINITION_FORMATION('','',#10003);
#10003 = PRODUCT('Open CASCADE STEP translator 7.7 2.18',
  'Open CASCADE STEP translator 7.7 2.18','',(#10004));
#10004 = PRODUCT_CONTEXT('',#2,'mechanical');
#10005 = PRODUCT_DEFINITION_CONTEXT('part definition',#2,'design');
#10006 = GEOMETRICALLY_BOUNDED_WIREFRAME_SHAPE_REPRESENTATION('',(#11,
    #10007),#10016);
#10007 = GEOMETRIC_CURVE_SET('',(#10008));
#10008 = TRIMMED_CURVE('',#10009,(#10014,PARAMETER_VALUE(4.660673809365)
    ),(#10015,PARAMETER_VALUE(6.312894917766)),.T.,.PARAMETER.);
#10009 = CIRCLE('',#10010,7.114789894076E-04);
#10010 = AXIS2_PLACEMENT_3D('',#10011,#10012,#10013);
#10011 = CARTESIAN_POINT('',(2.523138153606E-02,7.498351497032E-04,
    1.74437305662E-02));
#10012 = DIRECTION('',(0.,0.,1.));
#10013 = DIRECTION('',(1.,0.,-0.));
#10014 = CARTESIAN_POINT('',(2.519460367705E-02,3.930735893454E-05,
    1.74437305662E-02));
#10015 = CARTESIAN_POINT('',(2.59425465512E-02,7.70969803976E-04,
    1.74437305662E-02));
#10016 = ( GEOMETRIC_REPRESENTATION_CONTEXT(3) 
GLOBAL_UNCERTAINTY_ASSIGNED_CONTEXT((#10020)) 
GLOBAL_UNIT_ASSIGNED_CONTEXT((#10017,#10018,#10019)) 
REPRESENTATION_CONTEXT('Context #1',
  '3D Context with UNIT and UNCERTAINTY') );
#10017 = ( LENGTH_UNIT() NAMED_UNIT(*) SI_UNIT(.MILLI.,.METRE.) );
#10018 = ( NAMED_UNIT(*) PLANE_ANGLE_UNIT() SI_UNIT($,.RADIAN.) );
#10019 = ( NAMED_UNIT(*) SI_UNIT($,.STERADIAN.) SOLID_ANGLE_UNIT() );
#10020 = UNCERTAINTY_MEASURE_WITH_UNIT(LENGTH_MEASURE(2.E-07),#10017,
  'distance_accuracy_value','confusion accuracy');
#10021 = CONTEXT_DEPENDENT_SHAPE_REPRESENTATION(#10022,#10024);
#10022 = ( REPRESENTATION_RELATIONSHIP('','',#10006,#10) 
REPRESENTATION_RELATIONSHIP_WITH_TRANSFORMATION(#10023) 
SHAPE_REPRESENTATION_RELATIONSHIP() );
#10023 = ITEM_DEFINED_TRANSFORMATION('','',#11,#83);
#10024 = PRODUCT_DEFINITION_SHAPE('Placement','Placement of an item',
  #10025);
#10025 = NEXT_ASSEMBLY_USAGE_OCCURRENCE('60','','',#5,#10001,$);
#10026 = PRODUCT_RELATED_PRODUCT_CATEGORY('part',$,(#10003));
#10027 = SHAPE_DEFINITION_REPRESENTATION(#10028,#10034);
#10028 = PRODUCT_DEFINITION_SHAPE('','',#10029);
#10029 = PRODUCT_DEFINITION('design','',#10030,#10033);
#10030 = PRODUCT_DEFINITION_FORMATION('','',#10031);
#10031 = PRODUCT('Open CASCADE STEP translator 7.7 2.19',
  'Open CASCADE STEP translator 7.7 2.19','',(#10032));
#10032 = PRODUCT_CONTEXT('',#2,'mechanical');
#10033 = PRODUCT_DEFINITION_CONTEXT('part definition',#2,'design');
#10034 = GEOMETRICALLY_BOUNDED_WIREFRAME_SHAPE_REPRESENTATION('',(#11,
    #10035),#10047);
#10035 = GEOMETRIC_CURVE_SET('',(#10036,#10037,#10038,#10039,#10040,
    #10041,#10042,#10043,#10044,#10045,#10046));
#10036 = CARTESIAN_POINT('',(0.,0.,1.71937305662E-02));
#10037 = CARTESIAN_POINT('',(0.,0.,1.73187305662E-02));
#10038 = CARTESIAN_POINT('',(0.,0.,1.74437305662E-02));
#10039 = CARTESIAN_POINT('',(0.,0.,2.111779250931E-02));
#10040 = CARTESIAN_POINT('',(0.,0.,1.74437305662E-02));
#10041 = CARTESIAN_POINT('',(1.147674733686E-02,1.262690209776E-03,
    1.74437305662E-02));
#10042 = CARTESIAN_POINT('',(2.217998224284E-02,1.347807492586E-02,
    1.74437305662E-02));
#10043 = CARTESIAN_POINT('',(2.519460367705E-02,3.930735893454E-05,
    1.74437305662E-02));
#10044 = CARTESIAN_POINT('',(1.03140109451E-02,5.18953699519E-03,
    1.74437305662E-02));
#10045 = CARTESIAN_POINT('',(1.205223742994E-02,7.195736332234E-04,
    1.74437305662E-02));
#10046 = CARTESIAN_POINT('',(2.59425465512E-02,7.70969803976E-04,
    1.74437305662E-02));
#10047 = ( GEOMETRIC_REPRESENTATION_CONTEXT(3) 
GLOBAL_UNCERTAINTY_ASSIGNED_CONTEXT((#10051)) 
GLOBAL_UNIT_ASSIGNED_CONTEXT((#10048,#10049,#10050)) 
REPRESENTATION_CONTEXT('Context #1',
  '3D Context with UNIT and UNCERTAINTY') );
#10048 = ( LENGTH_UNIT() NAMED_UNIT(*) SI_UNIT(.MILLI.,.METRE.) );
#10049 = ( NAMED_UNIT(*) PLANE_ANGLE_UNIT() SI_UNIT($,.RADIAN.) );
#10050 = ( NAMED_UNIT(*) SI_UNIT($,.STERADIAN.) SOLID_ANGLE_UNIT() );
#10051 = UNCERTAINTY_MEASURE_WITH_UNIT(LENGTH_MEASURE(2.E-07),#10048,
  'distance_accuracy_value','confusion accuracy');
#10052 = CONTEXT_DEPENDENT_SHAPE_REPRESENTATION(#10053,#10055);
#10053 = ( REPRESENTATION_RELATIONSHIP('','',#10034,#10) 
REPRESENTATION_RELATIONSHIP_WITH_TRANSFORMATION(#10054) 
SHAPE_REPRESENTATION_RELATIONSHIP() );
#10054 = ITEM_DEFINED_TRANSFORMATION('','',#11,#87);
#10055 = PRODUCT_DEFINITION_SHAPE('Placement','Placement of an item',
  #10056);
#10056 = NEXT_ASSEMBLY_USAGE_OCCURRENCE('61','','',#5,#10029,$);
#10057 = PRODUCT_RELATED_PRODUCT_CATEGORY('part',$,(#10031));
ENDSEC;
END-ISO-10303-21;
