ISO-10303-21;
HEADER;
FILE_NAME('Open CASCADE Shape Model','2026-04-11T15:07:01',('Author'),(
    'Open CASCADE'),'Open CASCADE STEP processor 7.8','Open CASCADE 7.8'
  ,'Unknown');
FILE_DESCRIPTION(('Open CASCADE Model'),'2;1');
FILE_SCHEMA(('AUTOMOTIVE_DESIGN { 1 0 10303 214 1 1 1 1 }'));
ENDSEC;
DATA;
#1 = APPLICATION_PROTOCOL_DEFINITION('international standard',
  'automotive_design',2000,#2);
#2 = APPLICATION_CONTEXT(
  'core data for automotive mechanical design processes');
#3 = SHAPE_DEFINITION_REPRESENTATION(#4,#10);
#4 = PRODUCT_DEFINITION_SHAPE('','',#5);
#5 = PRODUCT_DEFINITION('design','',#6,#9);
#6 = PRODUCT_DEFINITION_FORMATION('','',#7);
#7 = PRODUCT('Open CASCADE STEP translator 7.8 202',
  'Open CASCADE STEP translator 7.8 202','',(#8));
#8 = PRODUCT_CONTEXT('',#2,'mechanical');
#9 = PRODUCT_DEFINITION_CONTEXT('part definition',#2,'design');
#10 = SHAPE_REPRESENTATION('',(#11,#15,#19,#23,#27,#31,#35,#39,#43,#47,
    #51,#55,#59,#63,#67,#71,#75),#79);
#11 = AXIS2_PLACEMENT_3D('',#12,#13,#14);
#12 = CARTESIAN_POINT('',(0.,0.,0.));
#13 = DIRECTION('',(0.,0.,1.));
#14 = DIRECTION('',(1.,0.,-0.));
#15 = AXIS2_PLACEMENT_3D('',#16,#17,#18);
#16 = CARTESIAN_POINT('',(0.,0.,0.));
#17 = DIRECTION('',(0.,0.,1.));
#18 = DIRECTION('',(1.,0.,-0.));
#19 = AXIS2_PLACEMENT_3D('',#20,#21,#22);
#20 = CARTESIAN_POINT('',(0.,0.,0.));
#21 = DIRECTION('',(0.,0.,1.));
#22 = DIRECTION('',(1.,0.,-0.));
#23 = AXIS2_PLACEMENT_3D('',#24,#25,#26);
#24 = CARTESIAN_POINT('',(0.,0.,0.));
#25 = DIRECTION('',(0.,0.,1.));
#26 = DIRECTION('',(1.,0.,-0.));
#27 = AXIS2_PLACEMENT_3D('',#28,#29,#30);
#28 = CARTESIAN_POINT('',(0.,0.,0.));
#29 = DIRECTION('',(0.,0.,1.));
#30 = DIRECTION('',(1.,0.,-0.));
#31 = AXIS2_PLACEMENT_3D('',#32,#33,#34);
#32 = CARTESIAN_POINT('',(0.,0.,0.));
#33 = DIRECTION('',(0.,0.,1.));
#34 = DIRECTION('',(1.,0.,-0.));
#35 = AXIS2_PLACEMENT_3D('',#36,#37,#38);
#36 = CARTESIAN_POINT('',(0.,0.,0.));
#37 = DIRECTION('',(0.,0.,1.));
#38 = DIRECTION('',(1.,0.,-0.));
#39 = AXIS2_PLACEMENT_3D('',#40,#41,#42);
#40 = CARTESIAN_POINT('',(0.,0.,0.));
#41 = DIRECTION('',(0.,0.,1.));
#42 = DIRECTION('',(1.,0.,-0.));
#43 = AXIS2_PLACEMENT_3D('',#44,#45,#46);
#44 = CARTESIAN_POINT('',(0.,0.,0.));
#45 = DIRECTION('',(0.,0.,1.));
#46 = DIRECTION('',(1.,0.,-0.));
#47 = AXIS2_PLACEMENT_3D('',#48,#49,#50);
#48 = CARTESIAN_POINT('',(0.,0.,0.));
#49 = DIRECTION('',(0.,0.,1.));
#50 = DIRECTION('',(1.,0.,-0.));
#51 = AXIS2_PLACEMENT_3D('',#52,#53,#54);
#52 = CARTESIAN_POINT('',(0.,0.,0.));
#53 = DIRECTION('',(0.,0.,1.));
#54 = DIRECTION('',(1.,0.,-0.));
#55 = AXIS2_PLACEMENT_3D('',#56,#57,#58);
#56 = CARTESIAN_POINT('',(0.,0.,0.));
#57 = DIRECTION('',(0.,0.,1.));
#58 = DIRECTION('',(1.,0.,-0.));
#59 = AXIS2_PLACEMENT_3D('',#60,#61,#62);
#60 = CARTESIAN_POINT('',(0.,0.,0.));
#61 = DIRECTION('',(0.,0.,1.));
#62 = DIRECTION('',(1.,0.,-0.));
#63 = AXIS2_PLACEMENT_3D('',#64,#65,#66);
#64 = CARTESIAN_POINT('',(0.,0.,0.));
#65 = DIRECTION('',(0.,0.,1.));
#66 = DIRECTION('',(1.,0.,-0.));
#67 = AXIS2_PLACEMENT_3D('',#68,#69,#70);
#68 = CARTESIAN_POINT('',(0.,0.,0.));
#69 = DIRECTION('',(0.,0.,1.));
#70 = DIRECTION('',(1.,0.,-0.));
#71 = AXIS2_PLACEMENT_3D('',#72,#73,#74);
#72 = CARTESIAN_POINT('',(0.,0.,0.));
#73 = DIRECTION('',(0.,0.,1.));
#74 = DIRECTION('',(1.,0.,-0.));
#75 = AXIS2_PLACEMENT_3D('',#76,#77,#78);
#76 = CARTESIAN_POINT('',(0.,0.,0.));
#77 = DIRECTION('',(0.,0.,1.));
#78 = DIRECTION('',(1.,0.,-0.));
#79 = ( GEOMETRIC_REPRESENTATION_CONTEXT(3) 
GLOBAL_UNCERTAINTY_ASSIGNED_CONTEXT((#83)) GLOBAL_UNIT_ASSIGNED_CONTEXT(
(#80,#81,#82)) REPRESENTATION_CONTEXT('Context #1',
  '3D Context with UNIT and UNCERTAINTY') );
#80 = ( LENGTH_UNIT() NAMED_UNIT(*) SI_UNIT(.MILLI.,.METRE.) );
#81 = ( NAMED_UNIT(*) PLANE_ANGLE_UNIT() SI_UNIT($,.RADIAN.) );
#82 = ( NAMED_UNIT(*) SI_UNIT($,.STERADIAN.) SOLID_ANGLE_UNIT() );
#83 = UNCERTAINTY_MEASURE_WITH_UNIT(LENGTH_MEASURE(1.E-04),#80,
  'distance_accuracy_value','confusion accuracy');
#84 = PRODUCT_RELATED_PRODUCT_CATEGORY('part',$,(#7));
#85 = SHAPE_DEFINITION_REPRESENTATION(#86,#92);
#86 = PRODUCT_DEFINITION_SHAPE('','',#87);
#87 = PRODUCT_DEFINITION('design','',#88,#91);
#88 = PRODUCT_DEFINITION_FORMATION('','',#89);
#89 = PRODUCT('Open CASCADE STEP translator 7.8 202.1',
  'Open CASCADE STEP translator 7.8 202.1','',(#90));
#90 = PRODUCT_CONTEXT('',#2,'mechanical');
#91 = PRODUCT_DEFINITION_CONTEXT('part definition',#2,'design');
#92 = ADVANCED_BREP_SHAPE_REPRESENTATION('',(#11,#93),#407);
#93 = MANIFOLD_SOLID_BREP('',#94);
#94 = CLOSED_SHELL('',(#95,#209,#283,#346,#393,#400));
#95 = ADVANCED_FACE('',(#96),#109,.T.);
#96 = FACE_BOUND('',#97,.T.);
#97 = EDGE_LOOP('',(#98,#133,#158,#186));
#98 = ORIENTED_EDGE('',*,*,#99,.T.);
#99 = EDGE_CURVE('',#100,#102,#104,.T.);
#100 = VERTEX_POINT('',#101);
#101 = CARTESIAN_POINT('',(10.419889988398,4.423606292346,20.57483635142
    ));
#102 = VERTEX_POINT('',#103);
#103 = CARTESIAN_POINT('',(10.419889988398,4.423606292346,
    26.863065664153));
#104 = SURFACE_CURVE('',#105,(#108,#119),.PCURVE_S1.);
#105 = B_SPLINE_CURVE_WITH_KNOTS('',1,(#106,#107),.UNSPECIFIED.,.F.,.F.,
  (2,2),(0.,6.288229312733E-03),.PIECEWISE_BEZIER_KNOTS.);
#106 = CARTESIAN_POINT('',(10.419889988398,4.423606292346,20.57483635142
    ));
#107 = CARTESIAN_POINT('',(10.419889988398,4.423606292346,
    26.863065664153));
#108 = PCURVE('',#109,#114);
#109 = B_SPLINE_SURFACE_WITH_KNOTS('',1,1,(
    (#110,#111)
    ,(#112,#113
    )),.UNSPECIFIED.,.F.,.F.,.F.,(2,2),(2,2),(0.,1.136673871007E-02),(
    -6.288229312733E-03,0.),.PIECEWISE_BEZIER_KNOTS.);
#110 = CARTESIAN_POINT('',(10.419889988398,4.423606292346,
    26.863065664153));
#111 = CARTESIAN_POINT('',(10.419889988398,4.423606292346,20.57483635142
    ));
#112 = CARTESIAN_POINT('',(20.809751749352,9.033760464521,
    26.863065664153));
#113 = CARTESIAN_POINT('',(20.809751749352,9.033760464521,20.57483635142
    ));
#114 = DEFINITIONAL_REPRESENTATION('',(#115),#118);
#115 = B_SPLINE_CURVE_WITH_KNOTS('',1,(#116,#117),.UNSPECIFIED.,.F.,.F.,
  (2,2),(0.,6.288229312733E-03),.PIECEWISE_BEZIER_KNOTS.);
#116 = CARTESIAN_POINT('',(0.,0.));
#117 = CARTESIAN_POINT('',(0.,-6.288229312733E-03));
#118 = ( GEOMETRIC_REPRESENTATION_CONTEXT(2) 
PARAMETRIC_REPRESENTATION_CONTEXT() REPRESENTATION_CONTEXT('2D SPACE',''
  ) );
#119 = PCURVE('',#120,#127);
#120 = ( BOUNDED_SURFACE() B_SPLINE_SURFACE(2,1,(
    (#121,#122)
    ,(#123,#124)
,(#125,#126
    )),.UNSPECIFIED.,.F.,.F.,.F.) B_SPLINE_SURFACE_WITH_KNOTS((3,3),(2,2
    ),(3.149679177875,3.543069237376),(-6.288229312733E-03,0.),
.PIECEWISE_BEZIER_KNOTS.) GEOMETRIC_REPRESENTATION_ITEM() 
RATIONAL_B_SPLINE_SURFACE((
    (1.,1.)
    ,(0.980717820329,0.980717820329)
,(1.,1.))) REPRESENTATION_ITEM('') SURFACE() );
#121 = CARTESIAN_POINT('',(11.319629884004,9.153845725335E-02,
    26.863065664153));
#122 = CARTESIAN_POINT('',(11.319629884004,9.153845725335E-02,
    20.57483635142));
#123 = CARTESIAN_POINT('',(11.301388873684,2.347218656884,
    26.863065664153));
#124 = CARTESIAN_POINT('',(11.301388873684,2.347218656884,20.57483635142
    ));
#125 = CARTESIAN_POINT('',(10.419889988398,4.423606292346,
    26.863065664153));
#126 = CARTESIAN_POINT('',(10.419889988398,4.423606292346,20.57483635142
    ));
#127 = DEFINITIONAL_REPRESENTATION('',(#128),#132);
#128 = B_SPLINE_CURVE_WITH_KNOTS('',2,(#129,#130,#131),.UNSPECIFIED.,.F.
  ,.F.,(3,3),(0.,6.288229312733E-03),.PIECEWISE_BEZIER_KNOTS.);
#129 = CARTESIAN_POINT('',(3.543069237376,0.));
#130 = CARTESIAN_POINT('',(3.543069237376,-3.144114656366E-03));
#131 = CARTESIAN_POINT('',(3.543069237376,-6.288229312733E-03));
#132 = ( GEOMETRIC_REPRESENTATION_CONTEXT(2) 
PARAMETRIC_REPRESENTATION_CONTEXT() REPRESENTATION_CONTEXT('2D SPACE',''
  ) );
#133 = ORIENTED_EDGE('',*,*,#134,.T.);
#134 = EDGE_CURVE('',#102,#135,#137,.T.);
#135 = VERTEX_POINT('',#136);
#136 = CARTESIAN_POINT('',(20.809751749352,9.033760464521,
    26.863065664153));
#137 = SURFACE_CURVE('',#138,(#141,#147),.PCURVE_S1.);
#138 = B_SPLINE_CURVE_WITH_KNOTS('',1,(#139,#140),.UNSPECIFIED.,.F.,.F.,
  (2,2),(0.,1.136673871007E-02),.PIECEWISE_BEZIER_KNOTS.);
#139 = CARTESIAN_POINT('',(10.419889988398,4.423606292346,
    26.863065664153));
#140 = CARTESIAN_POINT('',(20.809751749352,9.033760464521,
    26.863065664153));
#141 = PCURVE('',#109,#142);
#142 = DEFINITIONAL_REPRESENTATION('',(#143),#146);
#143 = B_SPLINE_CURVE_WITH_KNOTS('',1,(#144,#145),.UNSPECIFIED.,.F.,.F.,
  (2,2),(0.,1.136673871007E-02),.PIECEWISE_BEZIER_KNOTS.);
#144 = CARTESIAN_POINT('',(0.,-6.288229312733E-03));
#145 = CARTESIAN_POINT('',(1.136673871007E-02,-6.288229312733E-03));
#146 = ( GEOMETRIC_REPRESENTATION_CONTEXT(2) 
PARAMETRIC_REPRESENTATION_CONTEXT() REPRESENTATION_CONTEXT('2D SPACE',''
  ) );
#147 = PCURVE('',#148,#153);
#148 = B_SPLINE_SURFACE_WITH_KNOTS('',1,1,(
    (#149,#150)
    ,(#151,#152
    )),.UNSPECIFIED.,.F.,.F.,.F.,(2,2),(2,2),(-5.570740474746E-03,
    6.695369536856E-03),(-3.554718532749E-03,5.479041931772E-03),
  .PIECEWISE_BEZIER_KNOTS.);
#149 = CARTESIAN_POINT('',(22.686,8.673617379884E-16,26.863065664153));
#150 = CARTESIAN_POINT('',(22.686,9.033760464521,26.863065664153));
#151 = CARTESIAN_POINT('',(10.419889988398,8.673617379884E-16,
    26.863065664153));
#152 = CARTESIAN_POINT('',(10.419889988398,9.033760464521,
    26.863065664153));
#153 = DEFINITIONAL_REPRESENTATION('',(#154),#157);
#154 = B_SPLINE_CURVE_WITH_KNOTS('',1,(#155,#156),.UNSPECIFIED.,.F.,.F.,
  (2,2),(0.,1.136673871007E-02),.PIECEWISE_BEZIER_KNOTS.);
#155 = CARTESIAN_POINT('',(6.695369536856E-03,8.688877595977E-04));
#156 = CARTESIAN_POINT('',(-3.694492224098E-03,5.479041931772E-03));
#157 = ( GEOMETRIC_REPRESENTATION_CONTEXT(2) 
PARAMETRIC_REPRESENTATION_CONTEXT() REPRESENTATION_CONTEXT('2D SPACE',''
  ) );
#158 = ORIENTED_EDGE('',*,*,#159,.F.);
#159 = EDGE_CURVE('',#160,#135,#162,.T.);
#160 = VERTEX_POINT('',#161);
#161 = CARTESIAN_POINT('',(20.809751749352,9.033760464521,20.57483635142
    ));
#162 = SURFACE_CURVE('',#163,(#166,#172),.PCURVE_S1.);
#163 = B_SPLINE_CURVE_WITH_KNOTS('',1,(#164,#165),.UNSPECIFIED.,.F.,.F.,
  (2,2),(0.,6.288229312733E-03),.PIECEWISE_BEZIER_KNOTS.);
#164 = CARTESIAN_POINT('',(20.809751749352,9.033760464521,20.57483635142
    ));
#165 = CARTESIAN_POINT('',(20.809751749352,9.033760464521,
    26.863065664153));
#166 = PCURVE('',#109,#167);
#167 = DEFINITIONAL_REPRESENTATION('',(#168),#171);
#168 = B_SPLINE_CURVE_WITH_KNOTS('',1,(#169,#170),.UNSPECIFIED.,.F.,.F.,
  (2,2),(0.,6.288229312733E-03),.PIECEWISE_BEZIER_KNOTS.);
#169 = CARTESIAN_POINT('',(1.136673871007E-02,0.));
#170 = CARTESIAN_POINT('',(1.136673871007E-02,-6.288229312733E-03));
#171 = ( GEOMETRIC_REPRESENTATION_CONTEXT(2) 
PARAMETRIC_REPRESENTATION_CONTEXT() REPRESENTATION_CONTEXT('2D SPACE',''
  ) );
#172 = PCURVE('',#173,#180);
#173 = ( BOUNDED_SURFACE() B_SPLINE_SURFACE(2,1,(
    (#174,#175)
    ,(#176,#177)
,(#178,#179
    )),.UNSPECIFIED.,.F.,.F.,.F.) B_SPLINE_SURFACE_WITH_KNOTS((3,3),(2,2
    ),(5.873622199108,6.28318530718),(-6.288229312733E-03,0.),
.PIECEWISE_BEZIER_KNOTS.) GEOMETRIC_REPRESENTATION_ITEM() 
RATIONAL_B_SPLINE_SURFACE((
    (1.,1.)
    ,(0.979105429584,0.979105429584)
,(1.,1.))) REPRESENTATION_ITEM('') SURFACE() );
#174 = CARTESIAN_POINT('',(20.809751749352,9.033760464521,
    26.863065664153));
#175 = CARTESIAN_POINT('',(20.809751749352,9.033760464521,20.57483635142
    ));
#176 = CARTESIAN_POINT('',(22.686,4.711721987911,26.863065664153));
#177 = CARTESIAN_POINT('',(22.686,4.711721987911,20.57483635142));
#178 = CARTESIAN_POINT('',(22.686,5.556467457091E-15,26.863065664153));
#179 = CARTESIAN_POINT('',(22.686,5.556467457091E-15,20.57483635142));
#180 = DEFINITIONAL_REPRESENTATION('',(#181),#185);
#181 = B_SPLINE_CURVE_WITH_KNOTS('',2,(#182,#183,#184),.UNSPECIFIED.,.F.
  ,.F.,(3,3),(0.,6.288229312733E-03),.PIECEWISE_BEZIER_KNOTS.);
#182 = CARTESIAN_POINT('',(5.873622199108,0.));
#183 = CARTESIAN_POINT('',(5.873622199108,-3.144114656366E-03));
#184 = CARTESIAN_POINT('',(5.873622199108,-6.288229312733E-03));
#185 = ( GEOMETRIC_REPRESENTATION_CONTEXT(2) 
PARAMETRIC_REPRESENTATION_CONTEXT() REPRESENTATION_CONTEXT('2D SPACE',''
  ) );
#186 = ORIENTED_EDGE('',*,*,#187,.F.);
#187 = EDGE_CURVE('',#100,#160,#188,.T.);
#188 = SURFACE_CURVE('',#189,(#192,#198),.PCURVE_S1.);
#189 = B_SPLINE_CURVE_WITH_KNOTS('',1,(#190,#191),.UNSPECIFIED.,.F.,.F.,
  (2,2),(0.,1.136673871007E-02),.PIECEWISE_BEZIER_KNOTS.);
#190 = CARTESIAN_POINT('',(10.419889988398,4.423606292346,20.57483635142
    ));
#191 = CARTESIAN_POINT('',(20.809751749352,9.033760464521,20.57483635142
    ));
#192 = PCURVE('',#109,#193);
#193 = DEFINITIONAL_REPRESENTATION('',(#194),#197);
#194 = B_SPLINE_CURVE_WITH_KNOTS('',1,(#195,#196),.UNSPECIFIED.,.F.,.F.,
  (2,2),(0.,1.136673871007E-02),.PIECEWISE_BEZIER_KNOTS.);
#195 = CARTESIAN_POINT('',(0.,0.));
#196 = CARTESIAN_POINT('',(1.136673871007E-02,0.));
#197 = ( GEOMETRIC_REPRESENTATION_CONTEXT(2) 
PARAMETRIC_REPRESENTATION_CONTEXT() REPRESENTATION_CONTEXT('2D SPACE',''
  ) );
#198 = PCURVE('',#199,#204);
#199 = B_SPLINE_SURFACE_WITH_KNOTS('',1,1,(
    (#200,#201)
    ,(#202,#203
    )),.UNSPECIFIED.,.F.,.F.,.F.,(2,2),(2,2),(-5.570740474746E-03,
    6.695369536856E-03),(-3.554718532749E-03,5.479041931772E-03),
  .PIECEWISE_BEZIER_KNOTS.);
#200 = CARTESIAN_POINT('',(22.686,8.673617379884E-16,20.57483635142));
#201 = CARTESIAN_POINT('',(22.686,9.033760464521,20.57483635142));
#202 = CARTESIAN_POINT('',(10.419889988398,8.673617379884E-16,
    20.57483635142));
#203 = CARTESIAN_POINT('',(10.419889988398,9.033760464521,20.57483635142
    ));
#204 = DEFINITIONAL_REPRESENTATION('',(#205),#208);
#205 = B_SPLINE_CURVE_WITH_KNOTS('',1,(#206,#207),.UNSPECIFIED.,.F.,.F.,
  (2,2),(0.,1.136673871007E-02),.PIECEWISE_BEZIER_KNOTS.);
#206 = CARTESIAN_POINT('',(6.695369536856E-03,8.688877595977E-04));
#207 = CARTESIAN_POINT('',(-3.694492224098E-03,5.479041931772E-03));
#208 = ( GEOMETRIC_REPRESENTATION_CONTEXT(2) 
PARAMETRIC_REPRESENTATION_CONTEXT() REPRESENTATION_CONTEXT('2D SPACE',''
  ) );
#209 = ADVANCED_FACE('',(#210),#173,.T.);
#210 = FACE_BOUND('',#211,.T.);
#211 = EDGE_LOOP('',(#212,#213,#236,#262));
#212 = ORIENTED_EDGE('',*,*,#159,.T.);
#213 = ORIENTED_EDGE('',*,*,#214,.T.);
#214 = EDGE_CURVE('',#135,#215,#217,.T.);
#215 = VERTEX_POINT('',#216);
#216 = CARTESIAN_POINT('',(22.686,4.621000588783E-16,26.863065664153));
#217 = SURFACE_CURVE('',#218,(#222,#229),.PCURVE_S1.);
#218 = ( BOUNDED_CURVE() B_SPLINE_CURVE(2,(#219,#220,#221),
.UNSPECIFIED.,.F.,.F.) B_SPLINE_CURVE_WITH_KNOTS((3,3),(5.873622199108,
6.28318530718),.PIECEWISE_BEZIER_KNOTS.) CURVE() 
GEOMETRIC_REPRESENTATION_ITEM() RATIONAL_B_SPLINE_CURVE((1.,
0.979105429584,1.)) REPRESENTATION_ITEM('') );
#219 = CARTESIAN_POINT('',(20.809751749352,9.033760464521,
    26.863065664153));
#220 = CARTESIAN_POINT('',(22.686,4.711721987911,26.863065664153));
#221 = CARTESIAN_POINT('',(22.686,5.556467457091E-15,26.863065664153));
#222 = PCURVE('',#173,#223);
#223 = DEFINITIONAL_REPRESENTATION('',(#224),#228);
#224 = B_SPLINE_CURVE_WITH_KNOTS('',2,(#225,#226,#227),.UNSPECIFIED.,.F.
  ,.F.,(3,3),(5.873622199108,6.28318530718),.PIECEWISE_BEZIER_KNOTS.);
#225 = CARTESIAN_POINT('',(5.873622199108,-6.288229312733E-03));
#226 = CARTESIAN_POINT('',(6.078403753144,-6.288229312733E-03));
#227 = CARTESIAN_POINT('',(6.28318530718,-6.288229312733E-03));
#228 = ( GEOMETRIC_REPRESENTATION_CONTEXT(2) 
PARAMETRIC_REPRESENTATION_CONTEXT() REPRESENTATION_CONTEXT('2D SPACE',''
  ) );
#229 = PCURVE('',#148,#230);
#230 = DEFINITIONAL_REPRESENTATION('',(#231),#235);
#231 = ( BOUNDED_CURVE() B_SPLINE_CURVE(2,(#232,#233,#234),
.UNSPECIFIED.,.F.,.F.) B_SPLINE_CURVE_WITH_KNOTS((3,3),(5.873622199108,
6.28318530718),.PIECEWISE_BEZIER_KNOTS.) CURVE() 
GEOMETRIC_REPRESENTATION_ITEM() RATIONAL_B_SPLINE_CURVE((1.,
0.979105429584,1.)) REPRESENTATION_ITEM('') );
#232 = CARTESIAN_POINT('',(-3.694492224098E-03,5.479041931772E-03));
#233 = CARTESIAN_POINT('',(-5.570740474746E-03,1.157003455162E-03));
#234 = CARTESIAN_POINT('',(-5.570740474746E-03,-3.554718532749E-03));
#235 = ( GEOMETRIC_REPRESENTATION_CONTEXT(2) 
PARAMETRIC_REPRESENTATION_CONTEXT() REPRESENTATION_CONTEXT('2D SPACE',''
  ) );
#236 = ORIENTED_EDGE('',*,*,#237,.F.);
#237 = EDGE_CURVE('',#238,#215,#240,.T.);
#238 = VERTEX_POINT('',#239);
#239 = CARTESIAN_POINT('',(22.686,6.931500883174E-16,20.57483635142));
#240 = SURFACE_CURVE('',#241,(#244,#251),.PCURVE_S1.);
#241 = B_SPLINE_CURVE_WITH_KNOTS('',1,(#242,#243),.UNSPECIFIED.,.F.,.F.,
  (2,2),(0.,6.288229312733E-03),.PIECEWISE_BEZIER_KNOTS.);
#242 = CARTESIAN_POINT('',(22.686,6.931500883174E-16,20.57483635142));
#243 = CARTESIAN_POINT('',(22.686,6.931500883174E-16,26.863065664153));
#244 = PCURVE('',#173,#245);
#245 = DEFINITIONAL_REPRESENTATION('',(#246),#250);
#246 = B_SPLINE_CURVE_WITH_KNOTS('',2,(#247,#248,#249),.UNSPECIFIED.,.F.
  ,.F.,(3,3),(0.,6.288229312733E-03),.PIECEWISE_BEZIER_KNOTS.);
#247 = CARTESIAN_POINT('',(6.28318530718,0.));
#248 = CARTESIAN_POINT('',(6.28318530718,-3.144114656366E-03));
#249 = CARTESIAN_POINT('',(6.28318530718,-6.288229312733E-03));
#250 = ( GEOMETRIC_REPRESENTATION_CONTEXT(2) 
PARAMETRIC_REPRESENTATION_CONTEXT() REPRESENTATION_CONTEXT('2D SPACE',''
  ) );
#251 = PCURVE('',#252,#257);
#252 = B_SPLINE_SURFACE_WITH_KNOTS('',1,1,(
    (#253,#254)
    ,(#255,#256
    )),.UNSPECIFIED.,.F.,.F.,.F.,(2,2),(2,2),(0.,1.136673871007E-02),(
    -6.288229312733E-03,0.),.PIECEWISE_BEZIER_KNOTS.);
#253 = CARTESIAN_POINT('',(22.686,6.931500883174E-16,26.863065664153));
#254 = CARTESIAN_POINT('',(22.686,6.931500883174E-16,20.57483635142));
#255 = CARTESIAN_POINT('',(11.319629884004,9.153845725335E-02,
    26.863065664153));
#256 = CARTESIAN_POINT('',(11.319629884004,9.153845725335E-02,
    20.57483635142));
#257 = DEFINITIONAL_REPRESENTATION('',(#258),#261);
#258 = B_SPLINE_CURVE_WITH_KNOTS('',1,(#259,#260),.UNSPECIFIED.,.F.,.F.,
  (2,2),(0.,6.288229312733E-03),.PIECEWISE_BEZIER_KNOTS.);
#259 = CARTESIAN_POINT('',(0.,0.));
#260 = CARTESIAN_POINT('',(0.,-6.288229312733E-03));
#261 = ( GEOMETRIC_REPRESENTATION_CONTEXT(2) 
PARAMETRIC_REPRESENTATION_CONTEXT() REPRESENTATION_CONTEXT('2D SPACE',''
  ) );
#262 = ORIENTED_EDGE('',*,*,#263,.F.);
#263 = EDGE_CURVE('',#160,#238,#264,.T.);
#264 = SURFACE_CURVE('',#265,(#269,#276),.PCURVE_S1.);
#265 = ( BOUNDED_CURVE() B_SPLINE_CURVE(2,(#266,#267,#268),
.UNSPECIFIED.,.F.,.F.) B_SPLINE_CURVE_WITH_KNOTS((3,3),(5.873622199108,
6.28318530718),.PIECEWISE_BEZIER_KNOTS.) CURVE() 
GEOMETRIC_REPRESENTATION_ITEM() RATIONAL_B_SPLINE_CURVE((1.,
0.979105429584,1.)) REPRESENTATION_ITEM('') );
#266 = CARTESIAN_POINT('',(20.809751749352,9.033760464521,20.57483635142
    ));
#267 = CARTESIAN_POINT('',(22.686,4.711721987911,20.57483635142));
#268 = CARTESIAN_POINT('',(22.686,5.556467457091E-15,20.57483635142));
#269 = PCURVE('',#173,#270);
#270 = DEFINITIONAL_REPRESENTATION('',(#271),#275);
#271 = B_SPLINE_CURVE_WITH_KNOTS('',2,(#272,#273,#274),.UNSPECIFIED.,.F.
  ,.F.,(3,3),(5.873622199108,6.28318530718),.PIECEWISE_BEZIER_KNOTS.);
#272 = CARTESIAN_POINT('',(5.873622199108,0.));
#273 = CARTESIAN_POINT('',(6.078403753144,0.));
#274 = CARTESIAN_POINT('',(6.28318530718,0.));
#275 = ( GEOMETRIC_REPRESENTATION_CONTEXT(2) 
PARAMETRIC_REPRESENTATION_CONTEXT() REPRESENTATION_CONTEXT('2D SPACE',''
  ) );
#276 = PCURVE('',#199,#277);
#277 = DEFINITIONAL_REPRESENTATION('',(#278),#282);
#278 = ( BOUNDED_CURVE() B_SPLINE_CURVE(2,(#279,#280,#281),
.UNSPECIFIED.,.F.,.F.) B_SPLINE_CURVE_WITH_KNOTS((3,3),(5.873622199108,
6.28318530718),.PIECEWISE_BEZIER_KNOTS.) CURVE() 
GEOMETRIC_REPRESENTATION_ITEM() RATIONAL_B_SPLINE_CURVE((1.,
0.979105429584,1.)) REPRESENTATION_ITEM('') );
#279 = CARTESIAN_POINT('',(-3.694492224098E-03,5.479041931772E-03));
#280 = CARTESIAN_POINT('',(-5.570740474746E-03,1.157003455162E-03));
#281 = CARTESIAN_POINT('',(-5.570740474746E-03,-3.554718532749E-03));
#282 = ( GEOMETRIC_REPRESENTATION_CONTEXT(2) 
PARAMETRIC_REPRESENTATION_CONTEXT() REPRESENTATION_CONTEXT('2D SPACE',''
  ) );
#283 = ADVANCED_FACE('',(#284),#252,.T.);
#284 = FACE_BOUND('',#285,.T.);
#285 = EDGE_LOOP('',(#286,#287,#307,#328));
#286 = ORIENTED_EDGE('',*,*,#237,.T.);
#287 = ORIENTED_EDGE('',*,*,#288,.T.);
#288 = EDGE_CURVE('',#215,#289,#291,.T.);
#289 = VERTEX_POINT('',#290);
#290 = CARTESIAN_POINT('',(11.319629884004,9.153845725335E-02,
    26.863065664153));
#291 = SURFACE_CURVE('',#292,(#295,#301),.PCURVE_S1.);
#292 = B_SPLINE_CURVE_WITH_KNOTS('',1,(#293,#294),.UNSPECIFIED.,.F.,.F.,
  (2,2),(0.,1.136673871007E-02),.PIECEWISE_BEZIER_KNOTS.);
#293 = CARTESIAN_POINT('',(22.686,6.931500883174E-16,26.863065664153));
#294 = CARTESIAN_POINT('',(11.319629884004,9.153845725335E-02,
    26.863065664153));
#295 = PCURVE('',#252,#296);
#296 = DEFINITIONAL_REPRESENTATION('',(#297),#300);
#297 = B_SPLINE_CURVE_WITH_KNOTS('',1,(#298,#299),.UNSPECIFIED.,.F.,.F.,
  (2,2),(0.,1.136673871007E-02),.PIECEWISE_BEZIER_KNOTS.);
#298 = CARTESIAN_POINT('',(0.,-6.288229312733E-03));
#299 = CARTESIAN_POINT('',(1.136673871007E-02,-6.288229312733E-03));
#300 = ( GEOMETRIC_REPRESENTATION_CONTEXT(2) 
PARAMETRIC_REPRESENTATION_CONTEXT() REPRESENTATION_CONTEXT('2D SPACE',''
  ) );
#301 = PCURVE('',#148,#302);
#302 = DEFINITIONAL_REPRESENTATION('',(#303),#306);
#303 = B_SPLINE_CURVE_WITH_KNOTS('',1,(#304,#305),.UNSPECIFIED.,.F.,.F.,
  (2,2),(0.,1.136673871007E-02),.PIECEWISE_BEZIER_KNOTS.);
#304 = CARTESIAN_POINT('',(-5.570740474746E-03,-3.554718532749E-03));
#305 = CARTESIAN_POINT('',(5.795629641249E-03,-3.463180075495E-03));
#306 = ( GEOMETRIC_REPRESENTATION_CONTEXT(2) 
PARAMETRIC_REPRESENTATION_CONTEXT() REPRESENTATION_CONTEXT('2D SPACE',''
  ) );
#307 = ORIENTED_EDGE('',*,*,#308,.F.);
#308 = EDGE_CURVE('',#309,#289,#311,.T.);
#309 = VERTEX_POINT('',#310);
#310 = CARTESIAN_POINT('',(11.319629884004,9.153845725335E-02,
    20.57483635142));
#311 = SURFACE_CURVE('',#312,(#315,#321),.PCURVE_S1.);
#312 = B_SPLINE_CURVE_WITH_KNOTS('',1,(#313,#314),.UNSPECIFIED.,.F.,.F.,
  (2,2),(0.,6.288229312733E-03),.PIECEWISE_BEZIER_KNOTS.);
#313 = CARTESIAN_POINT('',(11.319629884004,9.153845725335E-02,
    20.57483635142));
#314 = CARTESIAN_POINT('',(11.319629884004,9.153845725335E-02,
    26.863065664153));
#315 = PCURVE('',#252,#316);
#316 = DEFINITIONAL_REPRESENTATION('',(#317),#320);
#317 = B_SPLINE_CURVE_WITH_KNOTS('',1,(#318,#319),.UNSPECIFIED.,.F.,.F.,
  (2,2),(0.,6.288229312733E-03),.PIECEWISE_BEZIER_KNOTS.);
#318 = CARTESIAN_POINT('',(1.136673871007E-02,0.));
#319 = CARTESIAN_POINT('',(1.136673871007E-02,-6.288229312733E-03));
#320 = ( GEOMETRIC_REPRESENTATION_CONTEXT(2) 
PARAMETRIC_REPRESENTATION_CONTEXT() REPRESENTATION_CONTEXT('2D SPACE',''
  ) );
#321 = PCURVE('',#120,#322);
#322 = DEFINITIONAL_REPRESENTATION('',(#323),#327);
#323 = B_SPLINE_CURVE_WITH_KNOTS('',2,(#324,#325,#326),.UNSPECIFIED.,.F.
  ,.F.,(3,3),(0.,6.288229312733E-03),.PIECEWISE_BEZIER_KNOTS.);
#324 = CARTESIAN_POINT('',(3.149679177875,0.));
#325 = CARTESIAN_POINT('',(3.149679177875,-3.144114656366E-03));
#326 = CARTESIAN_POINT('',(3.149679177875,-6.288229312733E-03));
#327 = ( GEOMETRIC_REPRESENTATION_CONTEXT(2) 
PARAMETRIC_REPRESENTATION_CONTEXT() REPRESENTATION_CONTEXT('2D SPACE',''
  ) );
#328 = ORIENTED_EDGE('',*,*,#329,.F.);
#329 = EDGE_CURVE('',#238,#309,#330,.T.);
#330 = SURFACE_CURVE('',#331,(#334,#340),.PCURVE_S1.);
#331 = B_SPLINE_CURVE_WITH_KNOTS('',1,(#332,#333),.UNSPECIFIED.,.F.,.F.,
  (2,2),(0.,1.136673871007E-02),.PIECEWISE_BEZIER_KNOTS.);
#332 = CARTESIAN_POINT('',(22.686,6.931500883174E-16,20.57483635142));
#333 = CARTESIAN_POINT('',(11.319629884004,9.153845725335E-02,
    20.57483635142));
#334 = PCURVE('',#252,#335);
#335 = DEFINITIONAL_REPRESENTATION('',(#336),#339);
#336 = B_SPLINE_CURVE_WITH_KNOTS('',1,(#337,#338),.UNSPECIFIED.,.F.,.F.,
  (2,2),(0.,1.136673871007E-02),.PIECEWISE_BEZIER_KNOTS.);
#337 = CARTESIAN_POINT('',(0.,0.));
#338 = CARTESIAN_POINT('',(1.136673871007E-02,0.));
#339 = ( GEOMETRIC_REPRESENTATION_CONTEXT(2) 
PARAMETRIC_REPRESENTATION_CONTEXT() REPRESENTATION_CONTEXT('2D SPACE',''
  ) );
#340 = PCURVE('',#199,#341);
#341 = DEFINITIONAL_REPRESENTATION('',(#342),#345);
#342 = B_SPLINE_CURVE_WITH_KNOTS('',1,(#343,#344),.UNSPECIFIED.,.F.,.F.,
  (2,2),(0.,1.136673871007E-02),.PIECEWISE_BEZIER_KNOTS.);
#343 = CARTESIAN_POINT('',(-5.570740474746E-03,-3.554718532749E-03));
#344 = CARTESIAN_POINT('',(5.795629641249E-03,-3.463180075495E-03));
#345 = ( GEOMETRIC_REPRESENTATION_CONTEXT(2) 
PARAMETRIC_REPRESENTATION_CONTEXT() REPRESENTATION_CONTEXT('2D SPACE',''
  ) );
#346 = ADVANCED_FACE('',(#347),#120,.T.);
#347 = FACE_BOUND('',#348,.T.);
#348 = EDGE_LOOP('',(#349,#350,#371,#372));
#349 = ORIENTED_EDGE('',*,*,#308,.T.);
#350 = ORIENTED_EDGE('',*,*,#351,.T.);
#351 = EDGE_CURVE('',#289,#102,#352,.T.);
#352 = SURFACE_CURVE('',#353,(#357,#364),.PCURVE_S1.);
#353 = ( BOUNDED_CURVE() B_SPLINE_CURVE(2,(#354,#355,#356),
.UNSPECIFIED.,.F.,.F.) B_SPLINE_CURVE_WITH_KNOTS((3,3),(3.149679177875,
3.543069237376),.PIECEWISE_BEZIER_KNOTS.) CURVE() 
GEOMETRIC_REPRESENTATION_ITEM() RATIONAL_B_SPLINE_CURVE((1.,
0.980717820329,1.)) REPRESENTATION_ITEM('') );
#354 = CARTESIAN_POINT('',(11.319629884004,9.153845725335E-02,
    26.863065664153));
#355 = CARTESIAN_POINT('',(11.301388873684,2.347218656884,
    26.863065664153));
#356 = CARTESIAN_POINT('',(10.419889988398,4.423606292346,
    26.863065664153));
#357 = PCURVE('',#120,#358);
#358 = DEFINITIONAL_REPRESENTATION('',(#359),#363);
#359 = B_SPLINE_CURVE_WITH_KNOTS('',2,(#360,#361,#362),.UNSPECIFIED.,.F.
  ,.F.,(3,3),(3.149679177875,3.543069237376),.PIECEWISE_BEZIER_KNOTS.);
#360 = CARTESIAN_POINT('',(3.149679177875,-6.288229312733E-03));
#361 = CARTESIAN_POINT('',(3.346374207625,-6.288229312733E-03));
#362 = CARTESIAN_POINT('',(3.543069237376,-6.288229312733E-03));
#363 = ( GEOMETRIC_REPRESENTATION_CONTEXT(2) 
PARAMETRIC_REPRESENTATION_CONTEXT() REPRESENTATION_CONTEXT('2D SPACE',''
  ) );
#364 = PCURVE('',#148,#365);
#365 = DEFINITIONAL_REPRESENTATION('',(#366),#370);
#366 = ( BOUNDED_CURVE() B_SPLINE_CURVE(2,(#367,#368,#369),
.UNSPECIFIED.,.F.,.F.) B_SPLINE_CURVE_WITH_KNOTS((3,3),(3.149679177875,
3.543069237376),.PIECEWISE_BEZIER_KNOTS.) CURVE() 
GEOMETRIC_REPRESENTATION_ITEM() RATIONAL_B_SPLINE_CURVE((1.,
0.980717820329,1.)) REPRESENTATION_ITEM('') );
#367 = CARTESIAN_POINT('',(5.795629641249E-03,-3.463180075495E-03));
#368 = CARTESIAN_POINT('',(5.813870651569E-03,-1.207499875865E-03));
#369 = CARTESIAN_POINT('',(6.695369536856E-03,8.688877595977E-04));
#370 = ( GEOMETRIC_REPRESENTATION_CONTEXT(2) 
PARAMETRIC_REPRESENTATION_CONTEXT() REPRESENTATION_CONTEXT('2D SPACE',''
  ) );
#371 = ORIENTED_EDGE('',*,*,#99,.F.);
#372 = ORIENTED_EDGE('',*,*,#373,.F.);
#373 = EDGE_CURVE('',#309,#100,#374,.T.);
#374 = SURFACE_CURVE('',#375,(#379,#386),.PCURVE_S1.);
#375 = ( BOUNDED_CURVE() B_SPLINE_CURVE(2,(#376,#377,#378),
.UNSPECIFIED.,.F.,.F.) B_SPLINE_CURVE_WITH_KNOTS((3,3),(3.149679177875,
3.543069237376),.PIECEWISE_BEZIER_KNOTS.) CURVE() 
GEOMETRIC_REPRESENTATION_ITEM() RATIONAL_B_SPLINE_CURVE((1.,
0.980717820329,1.)) REPRESENTATION_ITEM('') );
#376 = CARTESIAN_POINT('',(11.319629884004,9.153845725335E-02,
    20.57483635142));
#377 = CARTESIAN_POINT('',(11.301388873684,2.347218656884,20.57483635142
    ));
#378 = CARTESIAN_POINT('',(10.419889988398,4.423606292346,20.57483635142
    ));
#379 = PCURVE('',#120,#380);
#380 = DEFINITIONAL_REPRESENTATION('',(#381),#385);
#381 = B_SPLINE_CURVE_WITH_KNOTS('',2,(#382,#383,#384),.UNSPECIFIED.,.F.
  ,.F.,(3,3),(3.149679177875,3.543069237376),.PIECEWISE_BEZIER_KNOTS.);
#382 = CARTESIAN_POINT('',(3.149679177875,0.));
#383 = CARTESIAN_POINT('',(3.346374207625,0.));
#384 = CARTESIAN_POINT('',(3.543069237376,0.));
#385 = ( GEOMETRIC_REPRESENTATION_CONTEXT(2) 
PARAMETRIC_REPRESENTATION_CONTEXT() REPRESENTATION_CONTEXT('2D SPACE',''
  ) );
#386 = PCURVE('',#199,#387);
#387 = DEFINITIONAL_REPRESENTATION('',(#388),#392);
#388 = ( BOUNDED_CURVE() B_SPLINE_CURVE(2,(#389,#390,#391),
.UNSPECIFIED.,.F.,.F.) B_SPLINE_CURVE_WITH_KNOTS((3,3),(3.149679177875,
3.543069237376),.PIECEWISE_BEZIER_KNOTS.) CURVE() 
GEOMETRIC_REPRESENTATION_ITEM() RATIONAL_B_SPLINE_CURVE((1.,
0.980717820329,1.)) REPRESENTATION_ITEM('') );
#389 = CARTESIAN_POINT('',(5.795629641249E-03,-3.463180075495E-03));
#390 = CARTESIAN_POINT('',(5.813870651569E-03,-1.207499875865E-03));
#391 = CARTESIAN_POINT('',(6.695369536856E-03,8.688877595977E-04));
#392 = ( GEOMETRIC_REPRESENTATION_CONTEXT(2) 
PARAMETRIC_REPRESENTATION_CONTEXT() REPRESENTATION_CONTEXT('2D SPACE',''
  ) );
#393 = ADVANCED_FACE('',(#394),#199,.T.);
#394 = FACE_BOUND('',#395,.T.);
#395 = EDGE_LOOP('',(#396,#397,#398,#399));
#396 = ORIENTED_EDGE('',*,*,#187,.T.);
#397 = ORIENTED_EDGE('',*,*,#263,.T.);
#398 = ORIENTED_EDGE('',*,*,#329,.T.);
#399 = ORIENTED_EDGE('',*,*,#373,.T.);
#400 = ADVANCED_FACE('',(#401),#148,.F.);
#401 = FACE_BOUND('',#402,.F.);
#402 = EDGE_LOOP('',(#403,#404,#405,#406));
#403 = ORIENTED_EDGE('',*,*,#134,.T.);
#404 = ORIENTED_EDGE('',*,*,#214,.T.);
#405 = ORIENTED_EDGE('',*,*,#288,.T.);
#406 = ORIENTED_EDGE('',*,*,#351,.T.);
#407 = ( GEOMETRIC_REPRESENTATION_CONTEXT(3) 
GLOBAL_UNCERTAINTY_ASSIGNED_CONTEXT((#411)) GLOBAL_UNIT_ASSIGNED_CONTEXT
((#408,#409,#410)) REPRESENTATION_CONTEXT('Context #1',
  '3D Context with UNIT and UNCERTAINTY') );
#408 = ( LENGTH_UNIT() NAMED_UNIT(*) SI_UNIT(.MILLI.,.METRE.) );
#409 = ( NAMED_UNIT(*) PLANE_ANGLE_UNIT() SI_UNIT($,.RADIAN.) );
#410 = ( NAMED_UNIT(*) SI_UNIT($,.STERADIAN.) SOLID_ANGLE_UNIT() );
#411 = UNCERTAINTY_MEASURE_WITH_UNIT(LENGTH_MEASURE(1.E-04),#408,
  'distance_accuracy_value','confusion accuracy');
#412 = CONTEXT_DEPENDENT_SHAPE_REPRESENTATION(#413,#415);
#413 = ( REPRESENTATION_RELATIONSHIP('','',#92,#10) 
REPRESENTATION_RELATIONSHIP_WITH_TRANSFORMATION(#414) 
SHAPE_REPRESENTATION_RELATIONSHIP() );
#414 = ITEM_DEFINED_TRANSFORMATION('','',#11,#15);
#415 = PRODUCT_DEFINITION_SHAPE('Placement','Placement of an item',#416
  );
#416 = NEXT_ASSEMBLY_USAGE_OCCURRENCE('6045','','',#5,#87,$);
#417 = PRODUCT_RELATED_PRODUCT_CATEGORY('part',$,(#89));
#418 = SHAPE_DEFINITION_REPRESENTATION(#419,#425);
#419 = PRODUCT_DEFINITION_SHAPE('','',#420);
#420 = PRODUCT_DEFINITION('design','',#421,#424);
#421 = PRODUCT_DEFINITION_FORMATION('','',#422);
#422 = PRODUCT('Open CASCADE STEP translator 7.8 202.2',
  'Open CASCADE STEP translator 7.8 202.2','',(#423));
#423 = PRODUCT_CONTEXT('',#2,'mechanical');
#424 = PRODUCT_DEFINITION_CONTEXT('part definition',#2,'design');
#425 = ADVANCED_BREP_SHAPE_REPRESENTATION('',(#11,#426),#740);
#426 = MANIFOLD_SOLID_BREP('',#427);
#427 = CLOSED_SHELL('',(#428,#542,#616,#679,#726,#733));
#428 = ADVANCED_FACE('',(#429),#442,.T.);
#429 = FACE_BOUND('',#430,.T.);
#430 = EDGE_LOOP('',(#431,#466,#491,#519));
#431 = ORIENTED_EDGE('',*,*,#432,.T.);
#432 = EDGE_CURVE('',#433,#435,#437,.T.);
#433 = VERTEX_POINT('',#434);
#434 = CARTESIAN_POINT('',(7.468665648007,8.506552382621,20.57483635142)
  );
#435 = VERTEX_POINT('',#436);
#436 = CARTESIAN_POINT('',(7.468665648007,8.506552382621,26.863065664153
    ));
#437 = SURFACE_CURVE('',#438,(#441,#452),.PCURVE_S1.);
#438 = B_SPLINE_CURVE_WITH_KNOTS('',1,(#439,#440),.UNSPECIFIED.,.F.,.F.,
  (2,2),(0.,6.288229312733E-03),.PIECEWISE_BEZIER_KNOTS.);
#439 = CARTESIAN_POINT('',(7.468665648007,8.506552382621,20.57483635142)
  );
#440 = CARTESIAN_POINT('',(7.468665648007,8.506552382621,26.863065664153
    ));
#441 = PCURVE('',#442,#447);
#442 = B_SPLINE_SURFACE_WITH_KNOTS('',1,1,(
    (#443,#444)
    ,(#445,#446
    )),.UNSPECIFIED.,.F.,.F.,.F.,(2,2),(2,2),(0.,1.136673871007E-02),(
    -6.288229312733E-03,0.),.PIECEWISE_BEZIER_KNOTS.);
#443 = CARTESIAN_POINT('',(7.468665648007,8.506552382621,26.863065664153
    ));
#444 = CARTESIAN_POINT('',(7.468665648007,8.506552382621,20.57483635142)
  );
#445 = CARTESIAN_POINT('',(14.829336706305,17.168149837738,
    26.863065664153));
#446 = CARTESIAN_POINT('',(14.829336706305,17.168149837738,
    20.57483635142));
#447 = DEFINITIONAL_REPRESENTATION('',(#448),#451);
#448 = B_SPLINE_CURVE_WITH_KNOTS('',1,(#449,#450),.UNSPECIFIED.,.F.,.F.,
  (2,2),(0.,6.288229312733E-03),.PIECEWISE_BEZIER_KNOTS.);
#449 = CARTESIAN_POINT('',(0.,0.));
#450 = CARTESIAN_POINT('',(0.,-6.288229312733E-03));
#451 = ( GEOMETRIC_REPRESENTATION_CONTEXT(2) 
PARAMETRIC_REPRESENTATION_CONTEXT() REPRESENTATION_CONTEXT('2D SPACE',''
  ) );
#452 = PCURVE('',#453,#460);
#453 = ( BOUNDED_SURFACE() B_SPLINE_SURFACE(2,1,(
    (#454,#455)
    ,(#456,#457)
,(#458,#459
    )),.UNSPECIFIED.,.F.,.F.,.F.) B_SPLINE_SURFACE_WITH_KNOTS((3,3),(2,2
    ),(3.149679177875,3.543069237376),(-6.288229312733E-03,0.),
.PIECEWISE_BEZIER_KNOTS.) GEOMETRIC_REPRESENTATION_ITEM() 
RATIONAL_B_SPLINE_SURFACE((
    (1.,1.)
    ,(0.980717820329,0.980717820329)
,(1.,1.))) REPRESENTATION_ITEM('') SURFACE() );
#454 = CARTESIAN_POINT('',(10.15891707356,4.9938766397,26.863065664153)
  );
#455 = CARTESIAN_POINT('',(10.15891707356,4.9938766397,20.57483635142));
#456 = CARTESIAN_POINT('',(9.163779531873,7.018259797748,26.863065664153
    ));
#457 = CARTESIAN_POINT('',(9.163779531873,7.018259797748,20.57483635142)
  );
#458 = CARTESIAN_POINT('',(7.468665648007,8.506552382621,26.863065664153
    ));
#459 = CARTESIAN_POINT('',(7.468665648007,8.506552382621,20.57483635142)
  );
#460 = DEFINITIONAL_REPRESENTATION('',(#461),#465);
#461 = B_SPLINE_CURVE_WITH_KNOTS('',2,(#462,#463,#464),.UNSPECIFIED.,.F.
  ,.F.,(3,3),(0.,6.288229312733E-03),.PIECEWISE_BEZIER_KNOTS.);
#462 = CARTESIAN_POINT('',(3.543069237376,0.));
#463 = CARTESIAN_POINT('',(3.543069237376,-3.144114656366E-03));
#464 = CARTESIAN_POINT('',(3.543069237376,-6.288229312733E-03));
#465 = ( GEOMETRIC_REPRESENTATION_CONTEXT(2) 
PARAMETRIC_REPRESENTATION_CONTEXT() REPRESENTATION_CONTEXT('2D SPACE',''
  ) );
#466 = ORIENTED_EDGE('',*,*,#467,.T.);
#467 = EDGE_CURVE('',#435,#468,#470,.T.);
#468 = VERTEX_POINT('',#469);
#469 = CARTESIAN_POINT('',(14.829336706305,17.168149837738,
    26.863065664153));
#470 = SURFACE_CURVE('',#471,(#474,#480),.PCURVE_S1.);
#471 = B_SPLINE_CURVE_WITH_KNOTS('',1,(#472,#473),.UNSPECIFIED.,.F.,.F.,
  (2,2),(0.,1.136673871007E-02),.PIECEWISE_BEZIER_KNOTS.);
#472 = CARTESIAN_POINT('',(7.468665648007,8.506552382621,26.863065664153
    ));
#473 = CARTESIAN_POINT('',(14.829336706305,17.168149837738,
    26.863065664153));
#474 = PCURVE('',#442,#475);
#475 = DEFINITIONAL_REPRESENTATION('',(#476),#479);
#476 = B_SPLINE_CURVE_WITH_KNOTS('',1,(#477,#478),.UNSPECIFIED.,.F.,.F.,
  (2,2),(0.,1.136673871007E-02),.PIECEWISE_BEZIER_KNOTS.);
#477 = CARTESIAN_POINT('',(0.,-6.288229312733E-03));
#478 = CARTESIAN_POINT('',(1.136673871007E-02,-6.288229312733E-03));
#479 = ( GEOMETRIC_REPRESENTATION_CONTEXT(2) 
PARAMETRIC_REPRESENTATION_CONTEXT() REPRESENTATION_CONTEXT('2D SPACE',''
  ) );
#480 = PCURVE('',#481,#486);
#481 = B_SPLINE_SURFACE_WITH_KNOTS('',1,1,(
    (#482,#483)
    ,(#484,#485
    )),.UNSPECIFIED.,.F.,.F.,.F.,(2,2),(2,2),(-5.570740474746E-03,
    6.695369536856E-03),(-3.554718532749E-03,5.479041931772E-03),
  .PIECEWISE_BEZIER_KNOTS.);
#482 = CARTESIAN_POINT('',(20.439379737234,9.843086505621,
    26.863065664153));
#483 = CARTESIAN_POINT('',(16.519777968596,17.982223444242,
    26.863065664153));
#484 = CARTESIAN_POINT('',(9.387996486515,4.52102082936,26.863065664153)
  );
#485 = CARTESIAN_POINT('',(5.468394717876,12.660157767981,
    26.863065664153));
#486 = DEFINITIONAL_REPRESENTATION('',(#487),#490);
#487 = B_SPLINE_CURVE_WITH_KNOTS('',1,(#488,#489),.UNSPECIFIED.,.F.,.F.,
  (2,2),(0.,1.136673871007E-02),.PIECEWISE_BEZIER_KNOTS.);
#488 = CARTESIAN_POINT('',(6.695369536856E-03,8.688877595977E-04));
#489 = CARTESIAN_POINT('',(-3.694492224098E-03,5.479041931772E-03));
#490 = ( GEOMETRIC_REPRESENTATION_CONTEXT(2) 
PARAMETRIC_REPRESENTATION_CONTEXT() REPRESENTATION_CONTEXT('2D SPACE',''
  ) );
#491 = ORIENTED_EDGE('',*,*,#492,.F.);
#492 = EDGE_CURVE('',#493,#468,#495,.T.);
#493 = VERTEX_POINT('',#494);
#494 = CARTESIAN_POINT('',(14.829336706305,17.168149837738,
    20.57483635142));
#495 = SURFACE_CURVE('',#496,(#499,#505),.PCURVE_S1.);
#496 = B_SPLINE_CURVE_WITH_KNOTS('',1,(#497,#498),.UNSPECIFIED.,.F.,.F.,
  (2,2),(0.,6.288229312733E-03),.PIECEWISE_BEZIER_KNOTS.);
#497 = CARTESIAN_POINT('',(14.829336706305,17.168149837738,
    20.57483635142));
#498 = CARTESIAN_POINT('',(14.829336706305,17.168149837738,
    26.863065664153));
#499 = PCURVE('',#442,#500);
#500 = DEFINITIONAL_REPRESENTATION('',(#501),#504);
#501 = B_SPLINE_CURVE_WITH_KNOTS('',1,(#502,#503),.UNSPECIFIED.,.F.,.F.,
  (2,2),(0.,6.288229312733E-03),.PIECEWISE_BEZIER_KNOTS.);
#502 = CARTESIAN_POINT('',(1.136673871007E-02,0.));
#503 = CARTESIAN_POINT('',(1.136673871007E-02,-6.288229312733E-03));
#504 = ( GEOMETRIC_REPRESENTATION_CONTEXT(2) 
PARAMETRIC_REPRESENTATION_CONTEXT() REPRESENTATION_CONTEXT('2D SPACE',''
  ) );
#505 = PCURVE('',#506,#513);
#506 = ( BOUNDED_SURFACE() B_SPLINE_SURFACE(2,1,(
    (#507,#508)
    ,(#509,#510)
,(#511,#512
    )),.UNSPECIFIED.,.F.,.F.,.F.) B_SPLINE_SURFACE_WITH_KNOTS((3,3),(2,2
    ),(5.873622199108,6.28318530718),(-6.288229312733E-03,0.),
.PIECEWISE_BEZIER_KNOTS.) GEOMETRIC_REPRESENTATION_ITEM() 
RATIONAL_B_SPLINE_SURFACE((
    (1.,1.)
    ,(0.979105429584,0.979105429584)
,(1.,1.))) REPRESENTATION_ITEM('') SURFACE() );
#507 = CARTESIAN_POINT('',(14.829336706305,17.168149837738,
    26.863065664153));
#508 = CARTESIAN_POINT('',(14.829336706305,17.168149837738,
    20.57483635142));
#509 = CARTESIAN_POINT('',(18.395040183437,14.08820133094,
    26.863065664153));
#510 = CARTESIAN_POINT('',(18.395040183437,14.08820133094,20.57483635142
    ));
#511 = CARTESIAN_POINT('',(20.439379737234,9.843086505621,
    26.863065664153));
#512 = CARTESIAN_POINT('',(20.439379737234,9.843086505621,20.57483635142
    ));
#513 = DEFINITIONAL_REPRESENTATION('',(#514),#518);
#514 = B_SPLINE_CURVE_WITH_KNOTS('',2,(#515,#516,#517),.UNSPECIFIED.,.F.
  ,.F.,(3,3),(0.,6.288229312733E-03),.PIECEWISE_BEZIER_KNOTS.);
#515 = CARTESIAN_POINT('',(5.873622199108,0.));
#516 = CARTESIAN_POINT('',(5.873622199108,-3.144114656366E-03));
#517 = CARTESIAN_POINT('',(5.873622199108,-6.288229312733E-03));
#518 = ( GEOMETRIC_REPRESENTATION_CONTEXT(2) 
PARAMETRIC_REPRESENTATION_CONTEXT() REPRESENTATION_CONTEXT('2D SPACE',''
  ) );
#519 = ORIENTED_EDGE('',*,*,#520,.F.);
#520 = EDGE_CURVE('',#433,#493,#521,.T.);
#521 = SURFACE_CURVE('',#522,(#525,#531),.PCURVE_S1.);
#522 = B_SPLINE_CURVE_WITH_KNOTS('',1,(#523,#524),.UNSPECIFIED.,.F.,.F.,
  (2,2),(0.,1.136673871007E-02),.PIECEWISE_BEZIER_KNOTS.);
#523 = CARTESIAN_POINT('',(7.468665648007,8.506552382621,20.57483635142)
  );
#524 = CARTESIAN_POINT('',(14.829336706305,17.168149837738,
    20.57483635142));
#525 = PCURVE('',#442,#526);
#526 = DEFINITIONAL_REPRESENTATION('',(#527),#530);
#527 = B_SPLINE_CURVE_WITH_KNOTS('',1,(#528,#529),.UNSPECIFIED.,.F.,.F.,
  (2,2),(0.,1.136673871007E-02),.PIECEWISE_BEZIER_KNOTS.);
#528 = CARTESIAN_POINT('',(0.,0.));
#529 = CARTESIAN_POINT('',(1.136673871007E-02,0.));
#530 = ( GEOMETRIC_REPRESENTATION_CONTEXT(2) 
PARAMETRIC_REPRESENTATION_CONTEXT() REPRESENTATION_CONTEXT('2D SPACE',''
  ) );
#531 = PCURVE('',#532,#537);
#532 = B_SPLINE_SURFACE_WITH_KNOTS('',1,1,(
    (#533,#534)
    ,(#535,#536
    )),.UNSPECIFIED.,.F.,.F.,.F.,(2,2),(2,2),(-5.570740474746E-03,
    6.695369536856E-03),(-3.554718532749E-03,5.479041931772E-03),
  .PIECEWISE_BEZIER_KNOTS.);
#533 = CARTESIAN_POINT('',(20.439379737234,9.843086505621,20.57483635142
    ));
#534 = CARTESIAN_POINT('',(16.519777968596,17.982223444242,
    20.57483635142));
#535 = CARTESIAN_POINT('',(9.387996486515,4.52102082936,20.57483635142)
  );
#536 = CARTESIAN_POINT('',(5.468394717876,12.660157767981,20.57483635142
    ));
#537 = DEFINITIONAL_REPRESENTATION('',(#538),#541);
#538 = B_SPLINE_CURVE_WITH_KNOTS('',1,(#539,#540),.UNSPECIFIED.,.F.,.F.,
  (2,2),(0.,1.136673871007E-02),.PIECEWISE_BEZIER_KNOTS.);
#539 = CARTESIAN_POINT('',(6.695369536856E-03,8.688877595977E-04));
#540 = CARTESIAN_POINT('',(-3.694492224098E-03,5.479041931772E-03));
#541 = ( GEOMETRIC_REPRESENTATION_CONTEXT(2) 
PARAMETRIC_REPRESENTATION_CONTEXT() REPRESENTATION_CONTEXT('2D SPACE',''
  ) );
#542 = ADVANCED_FACE('',(#543),#506,.T.);
#543 = FACE_BOUND('',#544,.T.);
#544 = EDGE_LOOP('',(#545,#546,#569,#595));
#545 = ORIENTED_EDGE('',*,*,#492,.T.);
#546 = ORIENTED_EDGE('',*,*,#547,.T.);
#547 = EDGE_CURVE('',#468,#548,#550,.T.);
#548 = VERTEX_POINT('',#549);
#549 = CARTESIAN_POINT('',(20.439379737234,9.843086505621,
    26.863065664153));
#550 = SURFACE_CURVE('',#551,(#555,#562),.PCURVE_S1.);
#551 = ( BOUNDED_CURVE() B_SPLINE_CURVE(2,(#552,#553,#554),
.UNSPECIFIED.,.F.,.F.) B_SPLINE_CURVE_WITH_KNOTS((3,3),(5.873622199108,
6.28318530718),.PIECEWISE_BEZIER_KNOTS.) CURVE() 
GEOMETRIC_REPRESENTATION_ITEM() RATIONAL_B_SPLINE_CURVE((1.,
0.979105429584,1.)) REPRESENTATION_ITEM('') );
#552 = CARTESIAN_POINT('',(14.829336706305,17.168149837738,
    26.863065664153));
#553 = CARTESIAN_POINT('',(18.395040183437,14.08820133094,
    26.863065664153));
#554 = CARTESIAN_POINT('',(20.439379737234,9.843086505621,
    26.863065664153));
#555 = PCURVE('',#506,#556);
#556 = DEFINITIONAL_REPRESENTATION('',(#557),#561);
#557 = B_SPLINE_CURVE_WITH_KNOTS('',2,(#558,#559,#560),.UNSPECIFIED.,.F.
  ,.F.,(3,3),(5.873622199108,6.28318530718),.PIECEWISE_BEZIER_KNOTS.);
#558 = CARTESIAN_POINT('',(5.873622199108,-6.288229312733E-03));
#559 = CARTESIAN_POINT('',(6.078403753144,-6.288229312733E-03));
#560 = CARTESIAN_POINT('',(6.28318530718,-6.288229312733E-03));
#561 = ( GEOMETRIC_REPRESENTATION_CONTEXT(2) 
PARAMETRIC_REPRESENTATION_CONTEXT() REPRESENTATION_CONTEXT('2D SPACE',''
  ) );
#562 = PCURVE('',#481,#563);
#563 = DEFINITIONAL_REPRESENTATION('',(#564),#568);
#564 = ( BOUNDED_CURVE() B_SPLINE_CURVE(2,(#565,#566,#567),
.UNSPECIFIED.,.F.,.F.) B_SPLINE_CURVE_WITH_KNOTS((3,3),(5.873622199108,
6.28318530718),.PIECEWISE_BEZIER_KNOTS.) CURVE() 
GEOMETRIC_REPRESENTATION_ITEM() RATIONAL_B_SPLINE_CURVE((1.,
0.979105429584,1.)) REPRESENTATION_ITEM('') );
#565 = CARTESIAN_POINT('',(-3.694492224098E-03,5.479041931772E-03));
#566 = CARTESIAN_POINT('',(-5.570740474746E-03,1.157003455162E-03));
#567 = CARTESIAN_POINT('',(-5.570740474746E-03,-3.554718532749E-03));
#568 = ( GEOMETRIC_REPRESENTATION_CONTEXT(2) 
PARAMETRIC_REPRESENTATION_CONTEXT() REPRESENTATION_CONTEXT('2D SPACE',''
  ) );
#569 = ORIENTED_EDGE('',*,*,#570,.F.);
#570 = EDGE_CURVE('',#571,#548,#573,.T.);
#571 = VERTEX_POINT('',#572);
#572 = CARTESIAN_POINT('',(20.439379737234,9.843086505621,20.57483635142
    ));
#573 = SURFACE_CURVE('',#574,(#577,#584),.PCURVE_S1.);
#574 = B_SPLINE_CURVE_WITH_KNOTS('',1,(#575,#576),.UNSPECIFIED.,.F.,.F.,
  (2,2),(0.,6.288229312733E-03),.PIECEWISE_BEZIER_KNOTS.);
#575 = CARTESIAN_POINT('',(20.439379737234,9.843086505621,20.57483635142
    ));
#576 = CARTESIAN_POINT('',(20.439379737234,9.843086505621,
    26.863065664153));
#577 = PCURVE('',#506,#578);
#578 = DEFINITIONAL_REPRESENTATION('',(#579),#583);
#579 = B_SPLINE_CURVE_WITH_KNOTS('',2,(#580,#581,#582),.UNSPECIFIED.,.F.
  ,.F.,(3,3),(0.,6.288229312733E-03),.PIECEWISE_BEZIER_KNOTS.);
#580 = CARTESIAN_POINT('',(6.28318530718,0.));
#581 = CARTESIAN_POINT('',(6.28318530718,-3.144114656366E-03));
#582 = CARTESIAN_POINT('',(6.28318530718,-6.288229312733E-03));
#583 = ( GEOMETRIC_REPRESENTATION_CONTEXT(2) 
PARAMETRIC_REPRESENTATION_CONTEXT() REPRESENTATION_CONTEXT('2D SPACE',''
  ) );
#584 = PCURVE('',#585,#590);
#585 = B_SPLINE_SURFACE_WITH_KNOTS('',1,1,(
    (#586,#587)
    ,(#588,#589
    )),.UNSPECIFIED.,.F.,.F.,.F.,(2,2),(2,2),(0.,1.136673871007E-02),(
    -6.288229312733E-03,0.),.PIECEWISE_BEZIER_KNOTS.);
#586 = CARTESIAN_POINT('',(20.439379737234,9.843086505621,
    26.863065664153));
#587 = CARTESIAN_POINT('',(20.439379737234,9.843086505621,20.57483635142
    ));
#588 = CARTESIAN_POINT('',(10.15891707356,4.9938766397,26.863065664153)
  );
#589 = CARTESIAN_POINT('',(10.15891707356,4.9938766397,20.57483635142));
#590 = DEFINITIONAL_REPRESENTATION('',(#591),#594);
#591 = B_SPLINE_CURVE_WITH_KNOTS('',1,(#592,#593),.UNSPECIFIED.,.F.,.F.,
  (2,2),(0.,6.288229312733E-03),.PIECEWISE_BEZIER_KNOTS.);
#592 = CARTESIAN_POINT('',(0.,0.));
#593 = CARTESIAN_POINT('',(0.,-6.288229312733E-03));
#594 = ( GEOMETRIC_REPRESENTATION_CONTEXT(2) 
PARAMETRIC_REPRESENTATION_CONTEXT() REPRESENTATION_CONTEXT('2D SPACE',''
  ) );
#595 = ORIENTED_EDGE('',*,*,#596,.F.);
#596 = EDGE_CURVE('',#493,#571,#597,.T.);
#597 = SURFACE_CURVE('',#598,(#602,#609),.PCURVE_S1.);
#598 = ( BOUNDED_CURVE() B_SPLINE_CURVE(2,(#599,#600,#601),
.UNSPECIFIED.,.F.,.F.) B_SPLINE_CURVE_WITH_KNOTS((3,3),(5.873622199108,
6.28318530718),.PIECEWISE_BEZIER_KNOTS.) CURVE() 
GEOMETRIC_REPRESENTATION_ITEM() RATIONAL_B_SPLINE_CURVE((1.,
0.979105429584,1.)) REPRESENTATION_ITEM('') );
#599 = CARTESIAN_POINT('',(14.829336706305,17.168149837738,
    20.57483635142));
#600 = CARTESIAN_POINT('',(18.395040183437,14.08820133094,20.57483635142
    ));
#601 = CARTESIAN_POINT('',(20.439379737234,9.843086505621,20.57483635142
    ));
#602 = PCURVE('',#506,#603);
#603 = DEFINITIONAL_REPRESENTATION('',(#604),#608);
#604 = B_SPLINE_CURVE_WITH_KNOTS('',2,(#605,#606,#607),.UNSPECIFIED.,.F.
  ,.F.,(3,3),(5.873622199108,6.28318530718),.PIECEWISE_BEZIER_KNOTS.);
#605 = CARTESIAN_POINT('',(5.873622199108,0.));
#606 = CARTESIAN_POINT('',(6.078403753144,0.));
#607 = CARTESIAN_POINT('',(6.28318530718,0.));
#608 = ( GEOMETRIC_REPRESENTATION_CONTEXT(2) 
PARAMETRIC_REPRESENTATION_CONTEXT() REPRESENTATION_CONTEXT('2D SPACE',''
  ) );
#609 = PCURVE('',#532,#610);
#610 = DEFINITIONAL_REPRESENTATION('',(#611),#615);
#611 = ( BOUNDED_CURVE() B_SPLINE_CURVE(2,(#612,#613,#614),
.UNSPECIFIED.,.F.,.F.) B_SPLINE_CURVE_WITH_KNOTS((3,3),(5.873622199108,
6.28318530718),.PIECEWISE_BEZIER_KNOTS.) CURVE() 
GEOMETRIC_REPRESENTATION_ITEM() RATIONAL_B_SPLINE_CURVE((1.,
0.979105429584,1.)) REPRESENTATION_ITEM('') );
#612 = CARTESIAN_POINT('',(-3.694492224098E-03,5.479041931772E-03));
#613 = CARTESIAN_POINT('',(-5.570740474746E-03,1.157003455162E-03));
#614 = CARTESIAN_POINT('',(-5.570740474746E-03,-3.554718532749E-03));
#615 = ( GEOMETRIC_REPRESENTATION_CONTEXT(2) 
PARAMETRIC_REPRESENTATION_CONTEXT() REPRESENTATION_CONTEXT('2D SPACE',''
  ) );
#616 = ADVANCED_FACE('',(#617),#585,.T.);
#617 = FACE_BOUND('',#618,.T.);
#618 = EDGE_LOOP('',(#619,#620,#640,#661));
#619 = ORIENTED_EDGE('',*,*,#570,.T.);
#620 = ORIENTED_EDGE('',*,*,#621,.T.);
#621 = EDGE_CURVE('',#548,#622,#624,.T.);
#622 = VERTEX_POINT('',#623);
#623 = CARTESIAN_POINT('',(10.15891707356,4.9938766397,26.863065664153)
  );
#624 = SURFACE_CURVE('',#625,(#628,#634),.PCURVE_S1.);
#625 = B_SPLINE_CURVE_WITH_KNOTS('',1,(#626,#627),.UNSPECIFIED.,.F.,.F.,
  (2,2),(0.,1.136673871007E-02),.PIECEWISE_BEZIER_KNOTS.);
#626 = CARTESIAN_POINT('',(20.439379737234,9.843086505621,
    26.863065664153));
#627 = CARTESIAN_POINT('',(10.15891707356,4.9938766397,26.863065664153)
  );
#628 = PCURVE('',#585,#629);
#629 = DEFINITIONAL_REPRESENTATION('',(#630),#633);
#630 = B_SPLINE_CURVE_WITH_KNOTS('',1,(#631,#632),.UNSPECIFIED.,.F.,.F.,
  (2,2),(0.,1.136673871007E-02),.PIECEWISE_BEZIER_KNOTS.);
#631 = CARTESIAN_POINT('',(0.,-6.288229312733E-03));
#632 = CARTESIAN_POINT('',(1.136673871007E-02,-6.288229312733E-03));
#633 = ( GEOMETRIC_REPRESENTATION_CONTEXT(2) 
PARAMETRIC_REPRESENTATION_CONTEXT() REPRESENTATION_CONTEXT('2D SPACE',''
  ) );
#634 = PCURVE('',#481,#635);
#635 = DEFINITIONAL_REPRESENTATION('',(#636),#639);
#636 = B_SPLINE_CURVE_WITH_KNOTS('',1,(#637,#638),.UNSPECIFIED.,.F.,.F.,
  (2,2),(0.,1.136673871007E-02),.PIECEWISE_BEZIER_KNOTS.);
#637 = CARTESIAN_POINT('',(-5.570740474746E-03,-3.554718532749E-03));
#638 = CARTESIAN_POINT('',(5.795629641249E-03,-3.463180075495E-03));
#639 = ( GEOMETRIC_REPRESENTATION_CONTEXT(2) 
PARAMETRIC_REPRESENTATION_CONTEXT() REPRESENTATION_CONTEXT('2D SPACE',''
  ) );
#640 = ORIENTED_EDGE('',*,*,#641,.F.);
#641 = EDGE_CURVE('',#642,#622,#644,.T.);
#642 = VERTEX_POINT('',#643);
#643 = CARTESIAN_POINT('',(10.15891707356,4.9938766397,20.57483635142));
#644 = SURFACE_CURVE('',#645,(#648,#654),.PCURVE_S1.);
#645 = B_SPLINE_CURVE_WITH_KNOTS('',1,(#646,#647),.UNSPECIFIED.,.F.,.F.,
  (2,2),(0.,6.288229312733E-03),.PIECEWISE_BEZIER_KNOTS.);
#646 = CARTESIAN_POINT('',(10.15891707356,4.9938766397,20.57483635142));
#647 = CARTESIAN_POINT('',(10.15891707356,4.9938766397,26.863065664153)
  );
#648 = PCURVE('',#585,#649);
#649 = DEFINITIONAL_REPRESENTATION('',(#650),#653);
#650 = B_SPLINE_CURVE_WITH_KNOTS('',1,(#651,#652),.UNSPECIFIED.,.F.,.F.,
  (2,2),(0.,6.288229312733E-03),.PIECEWISE_BEZIER_KNOTS.);
#651 = CARTESIAN_POINT('',(1.136673871007E-02,0.));
#652 = CARTESIAN_POINT('',(1.136673871007E-02,-6.288229312733E-03));
#653 = ( GEOMETRIC_REPRESENTATION_CONTEXT(2) 
PARAMETRIC_REPRESENTATION_CONTEXT() REPRESENTATION_CONTEXT('2D SPACE',''
  ) );
#654 = PCURVE('',#453,#655);
#655 = DEFINITIONAL_REPRESENTATION('',(#656),#660);
#656 = B_SPLINE_CURVE_WITH_KNOTS('',2,(#657,#658,#659),.UNSPECIFIED.,.F.
  ,.F.,(3,3),(0.,6.288229312733E-03),.PIECEWISE_BEZIER_KNOTS.);
#657 = CARTESIAN_POINT('',(3.149679177875,0.));
#658 = CARTESIAN_POINT('',(3.149679177875,-3.144114656366E-03));
#659 = CARTESIAN_POINT('',(3.149679177875,-6.288229312733E-03));
#660 = ( GEOMETRIC_REPRESENTATION_CONTEXT(2) 
PARAMETRIC_REPRESENTATION_CONTEXT() REPRESENTATION_CONTEXT('2D SPACE',''
  ) );
#661 = ORIENTED_EDGE('',*,*,#662,.F.);
#662 = EDGE_CURVE('',#571,#642,#663,.T.);
#663 = SURFACE_CURVE('',#664,(#667,#673),.PCURVE_S1.);
#664 = B_SPLINE_CURVE_WITH_KNOTS('',1,(#665,#666),.UNSPECIFIED.,.F.,.F.,
  (2,2),(0.,1.136673871007E-02),.PIECEWISE_BEZIER_KNOTS.);
#665 = CARTESIAN_POINT('',(20.439379737234,9.843086505621,20.57483635142
    ));
#666 = CARTESIAN_POINT('',(10.15891707356,4.9938766397,20.57483635142));
#667 = PCURVE('',#585,#668);
#668 = DEFINITIONAL_REPRESENTATION('',(#669),#672);
#669 = B_SPLINE_CURVE_WITH_KNOTS('',1,(#670,#671),.UNSPECIFIED.,.F.,.F.,
  (2,2),(0.,1.136673871007E-02),.PIECEWISE_BEZIER_KNOTS.);
#670 = CARTESIAN_POINT('',(0.,0.));
#671 = CARTESIAN_POINT('',(1.136673871007E-02,0.));
#672 = ( GEOMETRIC_REPRESENTATION_CONTEXT(2) 
PARAMETRIC_REPRESENTATION_CONTEXT() REPRESENTATION_CONTEXT('2D SPACE',''
  ) );
#673 = PCURVE('',#532,#674);
#674 = DEFINITIONAL_REPRESENTATION('',(#675),#678);
#675 = B_SPLINE_CURVE_WITH_KNOTS('',1,(#676,#677),.UNSPECIFIED.,.F.,.F.,
  (2,2),(0.,1.136673871007E-02),.PIECEWISE_BEZIER_KNOTS.);
#676 = CARTESIAN_POINT('',(-5.570740474746E-03,-3.554718532749E-03));
#677 = CARTESIAN_POINT('',(5.795629641249E-03,-3.463180075495E-03));
#678 = ( GEOMETRIC_REPRESENTATION_CONTEXT(2) 
PARAMETRIC_REPRESENTATION_CONTEXT() REPRESENTATION_CONTEXT('2D SPACE',''
  ) );
#679 = ADVANCED_FACE('',(#680),#453,.T.);
#680 = FACE_BOUND('',#681,.T.);
#681 = EDGE_LOOP('',(#682,#683,#704,#705));
#682 = ORIENTED_EDGE('',*,*,#641,.T.);
#683 = ORIENTED_EDGE('',*,*,#684,.T.);
#684 = EDGE_CURVE('',#622,#435,#685,.T.);
#685 = SURFACE_CURVE('',#686,(#690,#697),.PCURVE_S1.);
#686 = ( BOUNDED_CURVE() B_SPLINE_CURVE(2,(#687,#688,#689),
.UNSPECIFIED.,.F.,.F.) B_SPLINE_CURVE_WITH_KNOTS((3,3),(3.149679177875,
3.543069237376),.PIECEWISE_BEZIER_KNOTS.) CURVE() 
GEOMETRIC_REPRESENTATION_ITEM() RATIONAL_B_SPLINE_CURVE((1.,
0.980717820329,1.)) REPRESENTATION_ITEM('') );
#687 = CARTESIAN_POINT('',(10.15891707356,4.9938766397,26.863065664153)
  );
#688 = CARTESIAN_POINT('',(9.163779531873,7.018259797748,26.863065664153
    ));
#689 = CARTESIAN_POINT('',(7.468665648007,8.506552382621,26.863065664153
    ));
#690 = PCURVE('',#453,#691);
#691 = DEFINITIONAL_REPRESENTATION('',(#692),#696);
#692 = B_SPLINE_CURVE_WITH_KNOTS('',2,(#693,#694,#695),.UNSPECIFIED.,.F.
  ,.F.,(3,3),(3.149679177875,3.543069237376),.PIECEWISE_BEZIER_KNOTS.);
#693 = CARTESIAN_POINT('',(3.149679177875,-6.288229312733E-03));
#694 = CARTESIAN_POINT('',(3.346374207625,-6.288229312733E-03));
#695 = CARTESIAN_POINT('',(3.543069237376,-6.288229312733E-03));
#696 = ( GEOMETRIC_REPRESENTATION_CONTEXT(2) 
PARAMETRIC_REPRESENTATION_CONTEXT() REPRESENTATION_CONTEXT('2D SPACE',''
  ) );
#697 = PCURVE('',#481,#698);
#698 = DEFINITIONAL_REPRESENTATION('',(#699),#703);
#699 = ( BOUNDED_CURVE() B_SPLINE_CURVE(2,(#700,#701,#702),
.UNSPECIFIED.,.F.,.F.) B_SPLINE_CURVE_WITH_KNOTS((3,3),(3.149679177875,
3.543069237376),.PIECEWISE_BEZIER_KNOTS.) CURVE() 
GEOMETRIC_REPRESENTATION_ITEM() RATIONAL_B_SPLINE_CURVE((1.,
0.980717820329,1.)) REPRESENTATION_ITEM('') );
#700 = CARTESIAN_POINT('',(5.795629641249E-03,-3.463180075495E-03));
#701 = CARTESIAN_POINT('',(5.813870651569E-03,-1.207499875865E-03));
#702 = CARTESIAN_POINT('',(6.695369536856E-03,8.688877595977E-04));
#703 = ( GEOMETRIC_REPRESENTATION_CONTEXT(2) 
PARAMETRIC_REPRESENTATION_CONTEXT() REPRESENTATION_CONTEXT('2D SPACE',''
  ) );
#704 = ORIENTED_EDGE('',*,*,#432,.F.);
#705 = ORIENTED_EDGE('',*,*,#706,.F.);
#706 = EDGE_CURVE('',#642,#433,#707,.T.);
#707 = SURFACE_CURVE('',#708,(#712,#719),.PCURVE_S1.);
#708 = ( BOUNDED_CURVE() B_SPLINE_CURVE(2,(#709,#710,#711),
.UNSPECIFIED.,.F.,.F.) B_SPLINE_CURVE_WITH_KNOTS((3,3),(3.149679177875,
3.543069237376),.PIECEWISE_BEZIER_KNOTS.) CURVE() 
GEOMETRIC_REPRESENTATION_ITEM() RATIONAL_B_SPLINE_CURVE((1.,
0.980717820329,1.)) REPRESENTATION_ITEM('') );
#709 = CARTESIAN_POINT('',(10.15891707356,4.9938766397,20.57483635142));
#710 = CARTESIAN_POINT('',(9.163779531873,7.018259797748,20.57483635142)
  );
#711 = CARTESIAN_POINT('',(7.468665648007,8.506552382621,20.57483635142)
  );
#712 = PCURVE('',#453,#713);
#713 = DEFINITIONAL_REPRESENTATION('',(#714),#718);
#714 = B_SPLINE_CURVE_WITH_KNOTS('',2,(#715,#716,#717),.UNSPECIFIED.,.F.
  ,.F.,(3,3),(3.149679177875,3.543069237376),.PIECEWISE_BEZIER_KNOTS.);
#715 = CARTESIAN_POINT('',(3.149679177875,0.));
#716 = CARTESIAN_POINT('',(3.346374207625,0.));
#717 = CARTESIAN_POINT('',(3.543069237376,0.));
#718 = ( GEOMETRIC_REPRESENTATION_CONTEXT(2) 
PARAMETRIC_REPRESENTATION_CONTEXT() REPRESENTATION_CONTEXT('2D SPACE',''
  ) );
#719 = PCURVE('',#532,#720);
#720 = DEFINITIONAL_REPRESENTATION('',(#721),#725);
#721 = ( BOUNDED_CURVE() B_SPLINE_CURVE(2,(#722,#723,#724),
.UNSPECIFIED.,.F.,.F.) B_SPLINE_CURVE_WITH_KNOTS((3,3),(3.149679177875,
3.543069237376),.PIECEWISE_BEZIER_KNOTS.) CURVE() 
GEOMETRIC_REPRESENTATION_ITEM() RATIONAL_B_SPLINE_CURVE((1.,
0.980717820329,1.)) REPRESENTATION_ITEM('') );
#722 = CARTESIAN_POINT('',(5.795629641249E-03,-3.463180075495E-03));
#723 = CARTESIAN_POINT('',(5.813870651569E-03,-1.207499875865E-03));
#724 = CARTESIAN_POINT('',(6.695369536856E-03,8.688877595977E-04));
#725 = ( GEOMETRIC_REPRESENTATION_CONTEXT(2) 
PARAMETRIC_REPRESENTATION_CONTEXT() REPRESENTATION_CONTEXT('2D SPACE',''
  ) );
#726 = ADVANCED_FACE('',(#727),#532,.T.);
#727 = FACE_BOUND('',#728,.T.);
#728 = EDGE_LOOP('',(#729,#730,#731,#732));
#729 = ORIENTED_EDGE('',*,*,#520,.T.);
#730 = ORIENTED_EDGE('',*,*,#596,.T.);
#731 = ORIENTED_EDGE('',*,*,#662,.T.);
#732 = ORIENTED_EDGE('',*,*,#706,.T.);
#733 = ADVANCED_FACE('',(#734),#481,.F.);
#734 = FACE_BOUND('',#735,.F.);
#735 = EDGE_LOOP('',(#736,#737,#738,#739));
#736 = ORIENTED_EDGE('',*,*,#467,.T.);
#737 = ORIENTED_EDGE('',*,*,#547,.T.);
#738 = ORIENTED_EDGE('',*,*,#621,.T.);
#739 = ORIENTED_EDGE('',*,*,#684,.T.);
#740 = ( GEOMETRIC_REPRESENTATION_CONTEXT(3) 
GLOBAL_UNCERTAINTY_ASSIGNED_CONTEXT((#744)) GLOBAL_UNIT_ASSIGNED_CONTEXT
((#741,#742,#743)) REPRESENTATION_CONTEXT('Context #1',
  '3D Context with UNIT and UNCERTAINTY') );
#741 = ( LENGTH_UNIT() NAMED_UNIT(*) SI_UNIT(.MILLI.,.METRE.) );
#742 = ( NAMED_UNIT(*) PLANE_ANGLE_UNIT() SI_UNIT($,.RADIAN.) );
#743 = ( NAMED_UNIT(*) SI_UNIT($,.STERADIAN.) SOLID_ANGLE_UNIT() );
#744 = UNCERTAINTY_MEASURE_WITH_UNIT(LENGTH_MEASURE(1.E-04),#741,
  'distance_accuracy_value','confusion accuracy');
#745 = CONTEXT_DEPENDENT_SHAPE_REPRESENTATION(#746,#748);
#746 = ( REPRESENTATION_RELATIONSHIP('','',#425,#10) 
REPRESENTATION_RELATIONSHIP_WITH_TRANSFORMATION(#747) 
SHAPE_REPRESENTATION_RELATIONSHIP() );
#747 = ITEM_DEFINED_TRANSFORMATION('','',#11,#19);
#748 = PRODUCT_DEFINITION_SHAPE('Placement','Placement of an item',#749
  );
#749 = NEXT_ASSEMBLY_USAGE_OCCURRENCE('6046','','',#5,#420,$);
#750 = PRODUCT_RELATED_PRODUCT_CATEGORY('part',$,(#422));
#751 = SHAPE_DEFINITION_REPRESENTATION(#752,#758);
#752 = PRODUCT_DEFINITION_SHAPE('','',#753);
#753 = PRODUCT_DEFINITION('design','',#754,#757);
#754 = PRODUCT_DEFINITION_FORMATION('','',#755);
#755 = PRODUCT('Open CASCADE STEP translator 7.8 202.3',
  'Open CASCADE STEP translator 7.8 202.3','',(#756));
#756 = PRODUCT_CONTEXT('',#2,'mechanical');
#757 = PRODUCT_DEFINITION_CONTEXT('part definition',#2,'design');
#758 = ADVANCED_BREP_SHAPE_REPRESENTATION('',(#11,#759),#1073);
#759 = MANIFOLD_SOLID_BREP('',#760);
#760 = CLOSED_SHELL('',(#761,#875,#949,#1012,#1059,#1066));
#761 = ADVANCED_FACE('',(#762),#775,.T.);
#762 = FACE_BOUND('',#763,.T.);
#763 = EDGE_LOOP('',(#764,#799,#824,#852));
#764 = ORIENTED_EDGE('',*,*,#765,.T.);
#765 = EDGE_CURVE('',#766,#768,#770,.T.);
#766 = VERTEX_POINT('',#767);
#767 = CARTESIAN_POINT('',(3.038180478856,10.904671447499,20.57483635142
    ));
#768 = VERTEX_POINT('',#769);
#769 = CARTESIAN_POINT('',(3.038180478856,10.904671447499,
    26.863065664153));
#770 = SURFACE_CURVE('',#771,(#774,#785),.PCURVE_S1.);
#771 = B_SPLINE_CURVE_WITH_KNOTS('',1,(#772,#773),.UNSPECIFIED.,.F.,.F.,
  (2,2),(0.,6.288229312733E-03),.PIECEWISE_BEZIER_KNOTS.);
#772 = CARTESIAN_POINT('',(3.038180478856,10.904671447499,20.57483635142
    ));
#773 = CARTESIAN_POINT('',(3.038180478856,10.904671447499,
    26.863065664153));
#774 = PCURVE('',#775,#780);
#775 = B_SPLINE_SURFACE_WITH_KNOTS('',1,1,(
    (#776,#777)
    ,(#778,#779
    )),.UNSPECIFIED.,.F.,.F.,.F.,(2,2),(2,2),(0.,1.136673871007E-02),(
    -6.288229312733E-03,0.),.PIECEWISE_BEZIER_KNOTS.);
#776 = CARTESIAN_POINT('',(3.038180478856,10.904671447499,
    26.863065664153));
#777 = CARTESIAN_POINT('',(3.038180478856,10.904671447499,20.57483635142
    ));
#778 = CARTESIAN_POINT('',(5.911789658695,21.902176582051,
    26.863065664153));
#779 = CARTESIAN_POINT('',(5.911789658695,21.902176582051,20.57483635142
    ));
#780 = DEFINITIONAL_REPRESENTATION('',(#781),#784);
#781 = B_SPLINE_CURVE_WITH_KNOTS('',1,(#782,#783),.UNSPECIFIED.,.F.,.F.,
  (2,2),(0.,6.288229312733E-03),.PIECEWISE_BEZIER_KNOTS.);
#782 = CARTESIAN_POINT('',(0.,0.));
#783 = CARTESIAN_POINT('',(0.,-6.288229312733E-03));
#784 = ( GEOMETRIC_REPRESENTATION_CONTEXT(2) 
PARAMETRIC_REPRESENTATION_CONTEXT() REPRESENTATION_CONTEXT('2D SPACE',''
  ) );
#785 = PCURVE('',#786,#793);
#786 = ( BOUNDED_SURFACE() B_SPLINE_SURFACE(2,1,(
    (#787,#788)
    ,(#789,#790)
,(#791,#792
    )),.UNSPECIFIED.,.F.,.F.,.F.) B_SPLINE_SURFACE_WITH_KNOTS((3,3),(2,2
    ),(3.149679177875,3.543069237376),(-6.288229312733E-03,0.),
.PIECEWISE_BEZIER_KNOTS.) GEOMETRIC_REPRESENTATION_ITEM() 
RATIONAL_B_SPLINE_SURFACE((
    (1.,1.)
    ,(0.980717820329,0.980717820329)
,(1.,1.))) REPRESENTATION_ITEM('') SURFACE() );
#787 = CARTESIAN_POINT('',(6.986106145755,8.907116307776,26.863065664153
    ));
#788 = CARTESIAN_POINT('',(6.986106145755,8.907116307776,20.57483635142)
  );
#789 = CARTESIAN_POINT('',(5.211171267394,10.29924851236,26.863065664153
    ));
#790 = CARTESIAN_POINT('',(5.211171267394,10.29924851236,20.57483635142)
  );
#791 = CARTESIAN_POINT('',(3.038180478856,10.904671447499,
    26.863065664153));
#792 = CARTESIAN_POINT('',(3.038180478856,10.904671447499,20.57483635142
    ));
#793 = DEFINITIONAL_REPRESENTATION('',(#794),#798);
#794 = B_SPLINE_CURVE_WITH_KNOTS('',2,(#795,#796,#797),.UNSPECIFIED.,.F.
  ,.F.,(3,3),(0.,6.288229312733E-03),.PIECEWISE_BEZIER_KNOTS.);
#795 = CARTESIAN_POINT('',(3.543069237376,0.));
#796 = CARTESIAN_POINT('',(3.543069237376,-3.144114656366E-03));
#797 = CARTESIAN_POINT('',(3.543069237376,-6.288229312733E-03));
#798 = ( GEOMETRIC_REPRESENTATION_CONTEXT(2) 
PARAMETRIC_REPRESENTATION_CONTEXT() REPRESENTATION_CONTEXT('2D SPACE',''
  ) );
#799 = ORIENTED_EDGE('',*,*,#800,.T.);
#800 = EDGE_CURVE('',#768,#801,#803,.T.);
#801 = VERTEX_POINT('',#802);
#802 = CARTESIAN_POINT('',(5.911789658695,21.902176582051,
    26.863065664153));
#803 = SURFACE_CURVE('',#804,(#807,#813),.PCURVE_S1.);
#804 = B_SPLINE_CURVE_WITH_KNOTS('',1,(#805,#806),.UNSPECIFIED.,.F.,.F.,
  (2,2),(0.,1.136673871007E-02),.PIECEWISE_BEZIER_KNOTS.);
#805 = CARTESIAN_POINT('',(3.038180478856,10.904671447499,
    26.863065664153));
#806 = CARTESIAN_POINT('',(5.911789658695,21.902176582051,
    26.863065664153));
#807 = PCURVE('',#775,#808);
#808 = DEFINITIONAL_REPRESENTATION('',(#809),#812);
#809 = B_SPLINE_CURVE_WITH_KNOTS('',1,(#810,#811),.UNSPECIFIED.,.F.,.F.,
  (2,2),(0.,1.136673871007E-02),.PIECEWISE_BEZIER_KNOTS.);
#810 = CARTESIAN_POINT('',(0.,-6.288229312733E-03));
#811 = CARTESIAN_POINT('',(1.136673871007E-02,-6.288229312733E-03));
#812 = ( GEOMETRIC_REPRESENTATION_CONTEXT(2) 
PARAMETRIC_REPRESENTATION_CONTEXT() REPRESENTATION_CONTEXT('2D SPACE',''
  ) );
#813 = PCURVE('',#814,#819);
#814 = B_SPLINE_SURFACE_WITH_KNOTS('',1,1,(
    (#815,#816)
    ,(#817,#818
    )),.UNSPECIFIED.,.F.,.F.,.F.,(2,2),(2,2),(-5.570740474746E-03,
    6.695369536856E-03),(-3.554718532749E-03,5.479041931772E-03),
  .PIECEWISE_BEZIER_KNOTS.);
#815 = CARTESIAN_POINT('',(14.144489644967,17.73662901127,
    26.863065664153));
#816 = CARTESIAN_POINT('',(7.08161130873,23.369086533333,26.863065664153
    ));
#817 = CARTESIAN_POINT('',(6.496695144256,8.146598036783,26.863065664153
    ));
#818 = CARTESIAN_POINT('',(-0.566183191982,13.779055558846,
    26.863065664153));
#819 = DEFINITIONAL_REPRESENTATION('',(#820),#823);
#820 = B_SPLINE_CURVE_WITH_KNOTS('',1,(#821,#822),.UNSPECIFIED.,.F.,.F.,
  (2,2),(0.,1.136673871007E-02),.PIECEWISE_BEZIER_KNOTS.);
#821 = CARTESIAN_POINT('',(6.695369536856E-03,8.688877595977E-04));
#822 = CARTESIAN_POINT('',(-3.694492224098E-03,5.479041931772E-03));
#823 = ( GEOMETRIC_REPRESENTATION_CONTEXT(2) 
PARAMETRIC_REPRESENTATION_CONTEXT() REPRESENTATION_CONTEXT('2D SPACE',''
  ) );
#824 = ORIENTED_EDGE('',*,*,#825,.F.);
#825 = EDGE_CURVE('',#826,#801,#828,.T.);
#826 = VERTEX_POINT('',#827);
#827 = CARTESIAN_POINT('',(5.911789658695,21.902176582051,20.57483635142
    ));
#828 = SURFACE_CURVE('',#829,(#832,#838),.PCURVE_S1.);
#829 = B_SPLINE_CURVE_WITH_KNOTS('',1,(#830,#831),.UNSPECIFIED.,.F.,.F.,
  (2,2),(0.,6.288229312733E-03),.PIECEWISE_BEZIER_KNOTS.);
#830 = CARTESIAN_POINT('',(5.911789658695,21.902176582051,20.57483635142
    ));
#831 = CARTESIAN_POINT('',(5.911789658695,21.902176582051,
    26.863065664153));
#832 = PCURVE('',#775,#833);
#833 = DEFINITIONAL_REPRESENTATION('',(#834),#837);
#834 = B_SPLINE_CURVE_WITH_KNOTS('',1,(#835,#836),.UNSPECIFIED.,.F.,.F.,
  (2,2),(0.,6.288229312733E-03),.PIECEWISE_BEZIER_KNOTS.);
#835 = CARTESIAN_POINT('',(1.136673871007E-02,0.));
#836 = CARTESIAN_POINT('',(1.136673871007E-02,-6.288229312733E-03));
#837 = ( GEOMETRIC_REPRESENTATION_CONTEXT(2) 
PARAMETRIC_REPRESENTATION_CONTEXT() REPRESENTATION_CONTEXT('2D SPACE',''
  ) );
#838 = PCURVE('',#839,#846);
#839 = ( BOUNDED_SURFACE() B_SPLINE_SURFACE(2,1,(
    (#840,#841)
    ,(#842,#843)
,(#844,#845
    )),.UNSPECIFIED.,.F.,.F.,.F.) B_SPLINE_SURFACE_WITH_KNOTS((3,3),(2,2
    ),(5.873622199108,6.28318530718),(-6.288229312733E-03,0.),
.PIECEWISE_BEZIER_KNOTS.) GEOMETRIC_REPRESENTATION_ITEM() 
RATIONAL_B_SPLINE_SURFACE((
    (1.,1.)
    ,(0.979105429584,0.979105429584)
,(1.,1.))) REPRESENTATION_ITEM('') SURFACE() );
#840 = CARTESIAN_POINT('',(5.911789658695,21.902176582051,
    26.863065664153));
#841 = CARTESIAN_POINT('',(5.911789658695,21.902176582051,20.57483635142
    ));
#842 = CARTESIAN_POINT('',(10.460717058182,20.674339619926,
    26.863065664153));
#843 = CARTESIAN_POINT('',(10.460717058182,20.674339619926,
    20.57483635142));
#844 = CARTESIAN_POINT('',(14.144489644967,17.73662901127,
    26.863065664153));
#845 = CARTESIAN_POINT('',(14.144489644967,17.73662901127,20.57483635142
    ));
#846 = DEFINITIONAL_REPRESENTATION('',(#847),#851);
#847 = B_SPLINE_CURVE_WITH_KNOTS('',2,(#848,#849,#850),.UNSPECIFIED.,.F.
  ,.F.,(3,3),(0.,6.288229312733E-03),.PIECEWISE_BEZIER_KNOTS.);
#848 = CARTESIAN_POINT('',(5.873622199108,0.));
#849 = CARTESIAN_POINT('',(5.873622199108,-3.144114656366E-03));
#850 = CARTESIAN_POINT('',(5.873622199108,-6.288229312733E-03));
#851 = ( GEOMETRIC_REPRESENTATION_CONTEXT(2) 
PARAMETRIC_REPRESENTATION_CONTEXT() REPRESENTATION_CONTEXT('2D SPACE',''
  ) );
#852 = ORIENTED_EDGE('',*,*,#853,.F.);
#853 = EDGE_CURVE('',#766,#826,#854,.T.);
#854 = SURFACE_CURVE('',#855,(#858,#864),.PCURVE_S1.);
#855 = B_SPLINE_CURVE_WITH_KNOTS('',1,(#856,#857),.UNSPECIFIED.,.F.,.F.,
  (2,2),(0.,1.136673871007E-02),.PIECEWISE_BEZIER_KNOTS.);
#856 = CARTESIAN_POINT('',(3.038180478856,10.904671447499,20.57483635142
    ));
#857 = CARTESIAN_POINT('',(5.911789658695,21.902176582051,20.57483635142
    ));
#858 = PCURVE('',#775,#859);
#859 = DEFINITIONAL_REPRESENTATION('',(#860),#863);
#860 = B_SPLINE_CURVE_WITH_KNOTS('',1,(#861,#862),.UNSPECIFIED.,.F.,.F.,
  (2,2),(0.,1.136673871007E-02),.PIECEWISE_BEZIER_KNOTS.);
#861 = CARTESIAN_POINT('',(0.,0.));
#862 = CARTESIAN_POINT('',(1.136673871007E-02,0.));
#863 = ( GEOMETRIC_REPRESENTATION_CONTEXT(2) 
PARAMETRIC_REPRESENTATION_CONTEXT() REPRESENTATION_CONTEXT('2D SPACE',''
  ) );
#864 = PCURVE('',#865,#870);
#865 = B_SPLINE_SURFACE_WITH_KNOTS('',1,1,(
    (#866,#867)
    ,(#868,#869
    )),.UNSPECIFIED.,.F.,.F.,.F.,(2,2),(2,2),(-5.570740474746E-03,
    6.695369536856E-03),(-3.554718532749E-03,5.479041931772E-03),
  .PIECEWISE_BEZIER_KNOTS.);
#866 = CARTESIAN_POINT('',(14.144489644967,17.73662901127,20.57483635142
    ));
#867 = CARTESIAN_POINT('',(7.08161130873,23.369086533333,20.57483635142)
  );
#868 = CARTESIAN_POINT('',(6.496695144256,8.146598036783,20.57483635142)
  );
#869 = CARTESIAN_POINT('',(-0.566183191982,13.779055558846,
    20.57483635142));
#870 = DEFINITIONAL_REPRESENTATION('',(#871),#874);
#871 = B_SPLINE_CURVE_WITH_KNOTS('',1,(#872,#873),.UNSPECIFIED.,.F.,.F.,
  (2,2),(0.,1.136673871007E-02),.PIECEWISE_BEZIER_KNOTS.);
#872 = CARTESIAN_POINT('',(6.695369536856E-03,8.688877595977E-04));
#873 = CARTESIAN_POINT('',(-3.694492224098E-03,5.479041931772E-03));
#874 = ( GEOMETRIC_REPRESENTATION_CONTEXT(2) 
PARAMETRIC_REPRESENTATION_CONTEXT() REPRESENTATION_CONTEXT('2D SPACE',''
  ) );
#875 = ADVANCED_FACE('',(#876),#839,.T.);
#876 = FACE_BOUND('',#877,.T.);
#877 = EDGE_LOOP('',(#878,#879,#902,#928));
#878 = ORIENTED_EDGE('',*,*,#825,.T.);
#879 = ORIENTED_EDGE('',*,*,#880,.T.);
#880 = EDGE_CURVE('',#801,#881,#883,.T.);
#881 = VERTEX_POINT('',#882);
#882 = CARTESIAN_POINT('',(14.144489644967,17.73662901127,
    26.863065664153));
#883 = SURFACE_CURVE('',#884,(#888,#895),.PCURVE_S1.);
#884 = ( BOUNDED_CURVE() B_SPLINE_CURVE(2,(#885,#886,#887),
.UNSPECIFIED.,.F.,.F.) B_SPLINE_CURVE_WITH_KNOTS((3,3),(5.873622199108,
6.28318530718),.PIECEWISE_BEZIER_KNOTS.) CURVE() 
GEOMETRIC_REPRESENTATION_ITEM() RATIONAL_B_SPLINE_CURVE((1.,
0.979105429584,1.)) REPRESENTATION_ITEM('') );
#885 = CARTESIAN_POINT('',(5.911789658695,21.902176582051,
    26.863065664153));
#886 = CARTESIAN_POINT('',(10.460717058182,20.674339619926,
    26.863065664153));
#887 = CARTESIAN_POINT('',(14.144489644967,17.73662901127,
    26.863065664153));
#888 = PCURVE('',#839,#889);
#889 = DEFINITIONAL_REPRESENTATION('',(#890),#894);
#890 = B_SPLINE_CURVE_WITH_KNOTS('',2,(#891,#892,#893),.UNSPECIFIED.,.F.
  ,.F.,(3,3),(5.873622199108,6.28318530718),.PIECEWISE_BEZIER_KNOTS.);
#891 = CARTESIAN_POINT('',(5.873622199108,-6.288229312733E-03));
#892 = CARTESIAN_POINT('',(6.078403753144,-6.288229312733E-03));
#893 = CARTESIAN_POINT('',(6.28318530718,-6.288229312733E-03));
#894 = ( GEOMETRIC_REPRESENTATION_CONTEXT(2) 
PARAMETRIC_REPRESENTATION_CONTEXT() REPRESENTATION_CONTEXT('2D SPACE',''
  ) );
#895 = PCURVE('',#814,#896);
#896 = DEFINITIONAL_REPRESENTATION('',(#897),#901);
#897 = ( BOUNDED_CURVE() B_SPLINE_CURVE(2,(#898,#899,#900),
.UNSPECIFIED.,.F.,.F.) B_SPLINE_CURVE_WITH_KNOTS((3,3),(5.873622199108,
6.28318530718),.PIECEWISE_BEZIER_KNOTS.) CURVE() 
GEOMETRIC_REPRESENTATION_ITEM() RATIONAL_B_SPLINE_CURVE((1.,
0.979105429584,1.)) REPRESENTATION_ITEM('') );
#898 = CARTESIAN_POINT('',(-3.694492224098E-03,5.479041931772E-03));
#899 = CARTESIAN_POINT('',(-5.570740474746E-03,1.157003455162E-03));
#900 = CARTESIAN_POINT('',(-5.570740474746E-03,-3.554718532749E-03));
#901 = ( GEOMETRIC_REPRESENTATION_CONTEXT(2) 
PARAMETRIC_REPRESENTATION_CONTEXT() REPRESENTATION_CONTEXT('2D SPACE',''
  ) );
#902 = ORIENTED_EDGE('',*,*,#903,.F.);
#903 = EDGE_CURVE('',#904,#881,#906,.T.);
#904 = VERTEX_POINT('',#905);
#905 = CARTESIAN_POINT('',(14.144489644967,17.73662901127,20.57483635142
    ));
#906 = SURFACE_CURVE('',#907,(#910,#917),.PCURVE_S1.);
#907 = B_SPLINE_CURVE_WITH_KNOTS('',1,(#908,#909),.UNSPECIFIED.,.F.,.F.,
  (2,2),(0.,6.288229312733E-03),.PIECEWISE_BEZIER_KNOTS.);
#908 = CARTESIAN_POINT('',(14.144489644967,17.73662901127,20.57483635142
    ));
#909 = CARTESIAN_POINT('',(14.144489644967,17.73662901127,
    26.863065664153));
#910 = PCURVE('',#839,#911);
#911 = DEFINITIONAL_REPRESENTATION('',(#912),#916);
#912 = B_SPLINE_CURVE_WITH_KNOTS('',2,(#913,#914,#915),.UNSPECIFIED.,.F.
  ,.F.,(3,3),(0.,6.288229312733E-03),.PIECEWISE_BEZIER_KNOTS.);
#913 = CARTESIAN_POINT('',(6.28318530718,0.));
#914 = CARTESIAN_POINT('',(6.28318530718,-3.144114656366E-03));
#915 = CARTESIAN_POINT('',(6.28318530718,-6.288229312733E-03));
#916 = ( GEOMETRIC_REPRESENTATION_CONTEXT(2) 
PARAMETRIC_REPRESENTATION_CONTEXT() REPRESENTATION_CONTEXT('2D SPACE',''
  ) );
#917 = PCURVE('',#918,#923);
#918 = B_SPLINE_SURFACE_WITH_KNOTS('',1,1,(
    (#919,#920)
    ,(#921,#922
    )),.UNSPECIFIED.,.F.,.F.,.F.,(2,2),(2,2),(0.,1.136673871007E-02),(
    -6.288229312733E-03,0.),.PIECEWISE_BEZIER_KNOTS.);
#919 = CARTESIAN_POINT('',(14.144489644967,17.73662901127,
    26.863065664153));
#920 = CARTESIAN_POINT('',(14.144489644967,17.73662901127,20.57483635142
    ));
#921 = CARTESIAN_POINT('',(6.986106145755,8.907116307776,26.863065664153
    ));
#922 = CARTESIAN_POINT('',(6.986106145755,8.907116307776,20.57483635142)
  );
#923 = DEFINITIONAL_REPRESENTATION('',(#924),#927);
#924 = B_SPLINE_CURVE_WITH_KNOTS('',1,(#925,#926),.UNSPECIFIED.,.F.,.F.,
  (2,2),(0.,6.288229312733E-03),.PIECEWISE_BEZIER_KNOTS.);
#925 = CARTESIAN_POINT('',(0.,0.));
#926 = CARTESIAN_POINT('',(0.,-6.288229312733E-03));
#927 = ( GEOMETRIC_REPRESENTATION_CONTEXT(2) 
PARAMETRIC_REPRESENTATION_CONTEXT() REPRESENTATION_CONTEXT('2D SPACE',''
  ) );
#928 = ORIENTED_EDGE('',*,*,#929,.F.);
#929 = EDGE_CURVE('',#826,#904,#930,.T.);
#930 = SURFACE_CURVE('',#931,(#935,#942),.PCURVE_S1.);
#931 = ( BOUNDED_CURVE() B_SPLINE_CURVE(2,(#932,#933,#934),
.UNSPECIFIED.,.F.,.F.) B_SPLINE_CURVE_WITH_KNOTS((3,3),(5.873622199108,
6.28318530718),.PIECEWISE_BEZIER_KNOTS.) CURVE() 
GEOMETRIC_REPRESENTATION_ITEM() RATIONAL_B_SPLINE_CURVE((1.,
0.979105429584,1.)) REPRESENTATION_ITEM('') );
#932 = CARTESIAN_POINT('',(5.911789658695,21.902176582051,20.57483635142
    ));
#933 = CARTESIAN_POINT('',(10.460717058182,20.674339619926,
    20.57483635142));
#934 = CARTESIAN_POINT('',(14.144489644967,17.73662901127,20.57483635142
    ));
#935 = PCURVE('',#839,#936);
#936 = DEFINITIONAL_REPRESENTATION('',(#937),#941);
#937 = B_SPLINE_CURVE_WITH_KNOTS('',2,(#938,#939,#940),.UNSPECIFIED.,.F.
  ,.F.,(3,3),(5.873622199108,6.28318530718),.PIECEWISE_BEZIER_KNOTS.);
#938 = CARTESIAN_POINT('',(5.873622199108,0.));
#939 = CARTESIAN_POINT('',(6.078403753144,0.));
#940 = CARTESIAN_POINT('',(6.28318530718,0.));
#941 = ( GEOMETRIC_REPRESENTATION_CONTEXT(2) 
PARAMETRIC_REPRESENTATION_CONTEXT() REPRESENTATION_CONTEXT('2D SPACE',''
  ) );
#942 = PCURVE('',#865,#943);
#943 = DEFINITIONAL_REPRESENTATION('',(#944),#948);
#944 = ( BOUNDED_CURVE() B_SPLINE_CURVE(2,(#945,#946,#947),
.UNSPECIFIED.,.F.,.F.) B_SPLINE_CURVE_WITH_KNOTS((3,3),(5.873622199108,
6.28318530718),.PIECEWISE_BEZIER_KNOTS.) CURVE() 
GEOMETRIC_REPRESENTATION_ITEM() RATIONAL_B_SPLINE_CURVE((1.,
0.979105429584,1.)) REPRESENTATION_ITEM('') );
#945 = CARTESIAN_POINT('',(-3.694492224098E-03,5.479041931772E-03));
#946 = CARTESIAN_POINT('',(-5.570740474746E-03,1.157003455162E-03));
#947 = CARTESIAN_POINT('',(-5.570740474746E-03,-3.554718532749E-03));
#948 = ( GEOMETRIC_REPRESENTATION_CONTEXT(2) 
PARAMETRIC_REPRESENTATION_CONTEXT() REPRESENTATION_CONTEXT('2D SPACE',''
  ) );
#949 = ADVANCED_FACE('',(#950),#918,.T.);
#950 = FACE_BOUND('',#951,.T.);
#951 = EDGE_LOOP('',(#952,#953,#973,#994));
#952 = ORIENTED_EDGE('',*,*,#903,.T.);
#953 = ORIENTED_EDGE('',*,*,#954,.T.);
#954 = EDGE_CURVE('',#881,#955,#957,.T.);
#955 = VERTEX_POINT('',#956);
#956 = CARTESIAN_POINT('',(6.986106145755,8.907116307776,26.863065664153
    ));
#957 = SURFACE_CURVE('',#958,(#961,#967),.PCURVE_S1.);
#958 = B_SPLINE_CURVE_WITH_KNOTS('',1,(#959,#960),.UNSPECIFIED.,.F.,.F.,
  (2,2),(0.,1.136673871007E-02),.PIECEWISE_BEZIER_KNOTS.);
#959 = CARTESIAN_POINT('',(14.144489644967,17.73662901127,
    26.863065664153));
#960 = CARTESIAN_POINT('',(6.986106145755,8.907116307776,26.863065664153
    ));
#961 = PCURVE('',#918,#962);
#962 = DEFINITIONAL_REPRESENTATION('',(#963),#966);
#963 = B_SPLINE_CURVE_WITH_KNOTS('',1,(#964,#965),.UNSPECIFIED.,.F.,.F.,
  (2,2),(0.,1.136673871007E-02),.PIECEWISE_BEZIER_KNOTS.);
#964 = CARTESIAN_POINT('',(0.,-6.288229312733E-03));
#965 = CARTESIAN_POINT('',(1.136673871007E-02,-6.288229312733E-03));
#966 = ( GEOMETRIC_REPRESENTATION_CONTEXT(2) 
PARAMETRIC_REPRESENTATION_CONTEXT() REPRESENTATION_CONTEXT('2D SPACE',''
  ) );
#967 = PCURVE('',#814,#968);
#968 = DEFINITIONAL_REPRESENTATION('',(#969),#972);
#969 = B_SPLINE_CURVE_WITH_KNOTS('',1,(#970,#971),.UNSPECIFIED.,.F.,.F.,
  (2,2),(0.,1.136673871007E-02),.PIECEWISE_BEZIER_KNOTS.);
#970 = CARTESIAN_POINT('',(-5.570740474746E-03,-3.554718532749E-03));
#971 = CARTESIAN_POINT('',(5.795629641249E-03,-3.463180075495E-03));
#972 = ( GEOMETRIC_REPRESENTATION_CONTEXT(2) 
PARAMETRIC_REPRESENTATION_CONTEXT() REPRESENTATION_CONTEXT('2D SPACE',''
  ) );
#973 = ORIENTED_EDGE('',*,*,#974,.F.);
#974 = EDGE_CURVE('',#975,#955,#977,.T.);
#975 = VERTEX_POINT('',#976);
#976 = CARTESIAN_POINT('',(6.986106145755,8.907116307776,20.57483635142)
  );
#977 = SURFACE_CURVE('',#978,(#981,#987),.PCURVE_S1.);
#978 = B_SPLINE_CURVE_WITH_KNOTS('',1,(#979,#980),.UNSPECIFIED.,.F.,.F.,
  (2,2),(0.,6.288229312733E-03),.PIECEWISE_BEZIER_KNOTS.);
#979 = CARTESIAN_POINT('',(6.986106145755,8.907116307776,20.57483635142)
  );
#980 = CARTESIAN_POINT('',(6.986106145755,8.907116307776,26.863065664153
    ));
#981 = PCURVE('',#918,#982);
#982 = DEFINITIONAL_REPRESENTATION('',(#983),#986);
#983 = B_SPLINE_CURVE_WITH_KNOTS('',1,(#984,#985),.UNSPECIFIED.,.F.,.F.,
  (2,2),(0.,6.288229312733E-03),.PIECEWISE_BEZIER_KNOTS.);
#984 = CARTESIAN_POINT('',(1.136673871007E-02,0.));
#985 = CARTESIAN_POINT('',(1.136673871007E-02,-6.288229312733E-03));
#986 = ( GEOMETRIC_REPRESENTATION_CONTEXT(2) 
PARAMETRIC_REPRESENTATION_CONTEXT() REPRESENTATION_CONTEXT('2D SPACE',''
  ) );
#987 = PCURVE('',#786,#988);
#988 = DEFINITIONAL_REPRESENTATION('',(#989),#993);
#989 = B_SPLINE_CURVE_WITH_KNOTS('',2,(#990,#991,#992),.UNSPECIFIED.,.F.
  ,.F.,(3,3),(0.,6.288229312733E-03),.PIECEWISE_BEZIER_KNOTS.);
#990 = CARTESIAN_POINT('',(3.149679177875,0.));
#991 = CARTESIAN_POINT('',(3.149679177875,-3.144114656366E-03));
#992 = CARTESIAN_POINT('',(3.149679177875,-6.288229312733E-03));
#993 = ( GEOMETRIC_REPRESENTATION_CONTEXT(2) 
PARAMETRIC_REPRESENTATION_CONTEXT() REPRESENTATION_CONTEXT('2D SPACE',''
  ) );
#994 = ORIENTED_EDGE('',*,*,#995,.F.);
#995 = EDGE_CURVE('',#904,#975,#996,.T.);
#996 = SURFACE_CURVE('',#997,(#1000,#1006),.PCURVE_S1.);
#997 = B_SPLINE_CURVE_WITH_KNOTS('',1,(#998,#999),.UNSPECIFIED.,.F.,.F.,
  (2,2),(0.,1.136673871007E-02),.PIECEWISE_BEZIER_KNOTS.);
#998 = CARTESIAN_POINT('',(14.144489644967,17.73662901127,20.57483635142
    ));
#999 = CARTESIAN_POINT('',(6.986106145755,8.907116307776,20.57483635142)
  );
#1000 = PCURVE('',#918,#1001);
#1001 = DEFINITIONAL_REPRESENTATION('',(#1002),#1005);
#1002 = B_SPLINE_CURVE_WITH_KNOTS('',1,(#1003,#1004),.UNSPECIFIED.,.F.,
  .F.,(2,2),(0.,1.136673871007E-02),.PIECEWISE_BEZIER_KNOTS.);
#1003 = CARTESIAN_POINT('',(0.,0.));
#1004 = CARTESIAN_POINT('',(1.136673871007E-02,0.));
#1005 = ( GEOMETRIC_REPRESENTATION_CONTEXT(2) 
PARAMETRIC_REPRESENTATION_CONTEXT() REPRESENTATION_CONTEXT('2D SPACE',''
  ) );
#1006 = PCURVE('',#865,#1007);
#1007 = DEFINITIONAL_REPRESENTATION('',(#1008),#1011);
#1008 = B_SPLINE_CURVE_WITH_KNOTS('',1,(#1009,#1010),.UNSPECIFIED.,.F.,
  .F.,(2,2),(0.,1.136673871007E-02),.PIECEWISE_BEZIER_KNOTS.);
#1009 = CARTESIAN_POINT('',(-5.570740474746E-03,-3.554718532749E-03));
#1010 = CARTESIAN_POINT('',(5.795629641249E-03,-3.463180075495E-03));
#1011 = ( GEOMETRIC_REPRESENTATION_CONTEXT(2) 
PARAMETRIC_REPRESENTATION_CONTEXT() REPRESENTATION_CONTEXT('2D SPACE',''
  ) );
#1012 = ADVANCED_FACE('',(#1013),#786,.T.);
#1013 = FACE_BOUND('',#1014,.T.);
#1014 = EDGE_LOOP('',(#1015,#1016,#1037,#1038));
#1015 = ORIENTED_EDGE('',*,*,#974,.T.);
#1016 = ORIENTED_EDGE('',*,*,#1017,.T.);
#1017 = EDGE_CURVE('',#955,#768,#1018,.T.);
#1018 = SURFACE_CURVE('',#1019,(#1023,#1030),.PCURVE_S1.);
#1019 = ( BOUNDED_CURVE() B_SPLINE_CURVE(2,(#1020,#1021,#1022),
.UNSPECIFIED.,.F.,.F.) B_SPLINE_CURVE_WITH_KNOTS((3,3),(3.149679177875,
3.543069237376),.PIECEWISE_BEZIER_KNOTS.) CURVE() 
GEOMETRIC_REPRESENTATION_ITEM() RATIONAL_B_SPLINE_CURVE((1.,
0.980717820329,1.)) REPRESENTATION_ITEM('') );
#1020 = CARTESIAN_POINT('',(6.986106145755,8.907116307776,
    26.863065664153));
#1021 = CARTESIAN_POINT('',(5.211171267394,10.29924851236,
    26.863065664153));
#1022 = CARTESIAN_POINT('',(3.038180478856,10.904671447499,
    26.863065664153));
#1023 = PCURVE('',#786,#1024);
#1024 = DEFINITIONAL_REPRESENTATION('',(#1025),#1029);
#1025 = B_SPLINE_CURVE_WITH_KNOTS('',2,(#1026,#1027,#1028),
  .UNSPECIFIED.,.F.,.F.,(3,3),(3.149679177875,3.543069237376),
  .PIECEWISE_BEZIER_KNOTS.);
#1026 = CARTESIAN_POINT('',(3.149679177875,-6.288229312733E-03));
#1027 = CARTESIAN_POINT('',(3.346374207625,-6.288229312733E-03));
#1028 = CARTESIAN_POINT('',(3.543069237376,-6.288229312733E-03));
#1029 = ( GEOMETRIC_REPRESENTATION_CONTEXT(2) 
PARAMETRIC_REPRESENTATION_CONTEXT() REPRESENTATION_CONTEXT('2D SPACE',''
  ) );
#1030 = PCURVE('',#814,#1031);
#1031 = DEFINITIONAL_REPRESENTATION('',(#1032),#1036);
#1032 = ( BOUNDED_CURVE() B_SPLINE_CURVE(2,(#1033,#1034,#1035),
.UNSPECIFIED.,.F.,.F.) B_SPLINE_CURVE_WITH_KNOTS((3,3),(3.149679177875,
3.543069237376),.PIECEWISE_BEZIER_KNOTS.) CURVE() 
GEOMETRIC_REPRESENTATION_ITEM() RATIONAL_B_SPLINE_CURVE((1.,
0.980717820329,1.)) REPRESENTATION_ITEM('') );
#1033 = CARTESIAN_POINT('',(5.795629641249E-03,-3.463180075495E-03));
#1034 = CARTESIAN_POINT('',(5.813870651569E-03,-1.207499875865E-03));
#1035 = CARTESIAN_POINT('',(6.695369536856E-03,8.688877595977E-04));
#1036 = ( GEOMETRIC_REPRESENTATION_CONTEXT(2) 
PARAMETRIC_REPRESENTATION_CONTEXT() REPRESENTATION_CONTEXT('2D SPACE',''
  ) );
#1037 = ORIENTED_EDGE('',*,*,#765,.F.);
#1038 = ORIENTED_EDGE('',*,*,#1039,.F.);
#1039 = EDGE_CURVE('',#975,#766,#1040,.T.);
#1040 = SURFACE_CURVE('',#1041,(#1045,#1052),.PCURVE_S1.);
#1041 = ( BOUNDED_CURVE() B_SPLINE_CURVE(2,(#1042,#1043,#1044),
.UNSPECIFIED.,.F.,.F.) B_SPLINE_CURVE_WITH_KNOTS((3,3),(3.149679177875,
3.543069237376),.PIECEWISE_BEZIER_KNOTS.) CURVE() 
GEOMETRIC_REPRESENTATION_ITEM() RATIONAL_B_SPLINE_CURVE((1.,
0.980717820329,1.)) REPRESENTATION_ITEM('') );
#1042 = CARTESIAN_POINT('',(6.986106145755,8.907116307776,20.57483635142
    ));
#1043 = CARTESIAN_POINT('',(5.211171267394,10.29924851236,20.57483635142
    ));
#1044 = CARTESIAN_POINT('',(3.038180478856,10.904671447499,
    20.57483635142));
#1045 = PCURVE('',#786,#1046);
#1046 = DEFINITIONAL_REPRESENTATION('',(#1047),#1051);
#1047 = B_SPLINE_CURVE_WITH_KNOTS('',2,(#1048,#1049,#1050),
  .UNSPECIFIED.,.F.,.F.,(3,3),(3.149679177875,3.543069237376),
  .PIECEWISE_BEZIER_KNOTS.);
#1048 = CARTESIAN_POINT('',(3.149679177875,0.));
#1049 = CARTESIAN_POINT('',(3.346374207625,0.));
#1050 = CARTESIAN_POINT('',(3.543069237376,0.));
#1051 = ( GEOMETRIC_REPRESENTATION_CONTEXT(2) 
PARAMETRIC_REPRESENTATION_CONTEXT() REPRESENTATION_CONTEXT('2D SPACE',''
  ) );
#1052 = PCURVE('',#865,#1053);
#1053 = DEFINITIONAL_REPRESENTATION('',(#1054),#1058);
#1054 = ( BOUNDED_CURVE() B_SPLINE_CURVE(2,(#1055,#1056,#1057),
.UNSPECIFIED.,.F.,.F.) B_SPLINE_CURVE_WITH_KNOTS((3,3),(3.149679177875,
3.543069237376),.PIECEWISE_BEZIER_KNOTS.) CURVE() 
GEOMETRIC_REPRESENTATION_ITEM() RATIONAL_B_SPLINE_CURVE((1.,
0.980717820329,1.)) REPRESENTATION_ITEM('') );
#1055 = CARTESIAN_POINT('',(5.795629641249E-03,-3.463180075495E-03));
#1056 = CARTESIAN_POINT('',(5.813870651569E-03,-1.207499875865E-03));
#1057 = CARTESIAN_POINT('',(6.695369536856E-03,8.688877595977E-04));
#1058 = ( GEOMETRIC_REPRESENTATION_CONTEXT(2) 
PARAMETRIC_REPRESENTATION_CONTEXT() REPRESENTATION_CONTEXT('2D SPACE',''
  ) );
#1059 = ADVANCED_FACE('',(#1060),#865,.T.);
#1060 = FACE_BOUND('',#1061,.T.);
#1061 = EDGE_LOOP('',(#1062,#1063,#1064,#1065));
#1062 = ORIENTED_EDGE('',*,*,#853,.T.);
#1063 = ORIENTED_EDGE('',*,*,#929,.T.);
#1064 = ORIENTED_EDGE('',*,*,#995,.T.);
#1065 = ORIENTED_EDGE('',*,*,#1039,.T.);
#1066 = ADVANCED_FACE('',(#1067),#814,.F.);
#1067 = FACE_BOUND('',#1068,.F.);
#1068 = EDGE_LOOP('',(#1069,#1070,#1071,#1072));
#1069 = ORIENTED_EDGE('',*,*,#800,.T.);
#1070 = ORIENTED_EDGE('',*,*,#880,.T.);
#1071 = ORIENTED_EDGE('',*,*,#954,.T.);
#1072 = ORIENTED_EDGE('',*,*,#1017,.T.);
#1073 = ( GEOMETRIC_REPRESENTATION_CONTEXT(3) 
GLOBAL_UNCERTAINTY_ASSIGNED_CONTEXT((#1077)) 
GLOBAL_UNIT_ASSIGNED_CONTEXT((#1074,#1075,#1076)) REPRESENTATION_CONTEXT
('Context #1','3D Context with UNIT and UNCERTAINTY') );
#1074 = ( LENGTH_UNIT() NAMED_UNIT(*) SI_UNIT(.MILLI.,.METRE.) );
#1075 = ( NAMED_UNIT(*) PLANE_ANGLE_UNIT() SI_UNIT($,.RADIAN.) );
#1076 = ( NAMED_UNIT(*) SI_UNIT($,.STERADIAN.) SOLID_ANGLE_UNIT() );
#1077 = UNCERTAINTY_MEASURE_WITH_UNIT(LENGTH_MEASURE(1.E-04),#1074,
  'distance_accuracy_value','confusion accuracy');
#1078 = CONTEXT_DEPENDENT_SHAPE_REPRESENTATION(#1079,#1081);
#1079 = ( REPRESENTATION_RELATIONSHIP('','',#758,#10) 
REPRESENTATION_RELATIONSHIP_WITH_TRANSFORMATION(#1080) 
SHAPE_REPRESENTATION_RELATIONSHIP() );
#1080 = ITEM_DEFINED_TRANSFORMATION('','',#11,#23);
#1081 = PRODUCT_DEFINITION_SHAPE('Placement','Placement of an item',
  #1082);
#1082 = NEXT_ASSEMBLY_USAGE_OCCURRENCE('6047','','',#5,#753,$);
#1083 = PRODUCT_RELATED_PRODUCT_CATEGORY('part',$,(#755));
#1084 = SHAPE_DEFINITION_REPRESENTATION(#1085,#1091);
#1085 = PRODUCT_DEFINITION_SHAPE('','',#1086);
#1086 = PRODUCT_DEFINITION('design','',#1087,#1090);
#1087 = PRODUCT_DEFINITION_FORMATION('','',#1088);
#1088 = PRODUCT('Open CASCADE STEP translator 7.8 202.4',
  'Open CASCADE STEP translator 7.8 202.4','',(#1089));
#1089 = PRODUCT_CONTEXT('',#2,'mechanical');
#1090 = PRODUCT_DEFINITION_CONTEXT('part definition',#2,'design');
#1091 = ADVANCED_BREP_SHAPE_REPRESENTATION('',(#11,#1092),#1454);
#1092 = MANIFOLD_SOLID_BREP('',#1093);
#1093 = CLOSED_SHELL('',(#1094,#1208,#1305,#1368,#1438,#1445));
#1094 = ADVANCED_FACE('',(#1095),#1108,.T.);
#1095 = FACE_BOUND('',#1096,.T.);
#1096 = EDGE_LOOP('',(#1097,#1132,#1157,#1185));
#1097 = ORIENTED_EDGE('',*,*,#1098,.T.);
#1098 = EDGE_CURVE('',#1099,#1101,#1103,.T.);
#1099 = VERTEX_POINT('',#1100);
#1100 = CARTESIAN_POINT('',(-1.994053594971,11.142986595181,
    20.57483635142));
#1101 = VERTEX_POINT('',#1102);
#1102 = CARTESIAN_POINT('',(-1.994053594971,11.142986595181,
    26.863065664153));
#1103 = SURFACE_CURVE('',#1104,(#1107,#1118),.PCURVE_S1.);
#1104 = B_SPLINE_CURVE_WITH_KNOTS('',1,(#1105,#1106),.UNSPECIFIED.,.F.,
  .F.,(2,2),(0.,6.288229312733E-03),.PIECEWISE_BEZIER_KNOTS.);
#1105 = CARTESIAN_POINT('',(-1.994053594971,11.142986595181,
    20.57483635142));
#1106 = CARTESIAN_POINT('',(-1.994053594971,11.142986595181,
    26.863065664153));
#1107 = PCURVE('',#1108,#1113);
#1108 = B_SPLINE_SURFACE_WITH_KNOTS('',1,1,(
    (#1109,#1110)
    ,(#1111,#1112
    )),.UNSPECIFIED.,.F.,.F.,.F.,(2,2),(2,2),(0.,1.136673871007E-02),(
    -6.288229312733E-03,0.),.PIECEWISE_BEZIER_KNOTS.);
#1109 = CARTESIAN_POINT('',(-1.994053594971,11.142986595181,
    26.863065664153));
#1110 = CARTESIAN_POINT('',(-1.994053594971,11.142986595181,
    20.57483635142));
#1111 = CARTESIAN_POINT('',(-4.176659834161,22.298208641721,
    26.863065664153));
#1112 = CARTESIAN_POINT('',(-4.176659834161,22.298208641721,
    20.57483635142));
#1113 = DEFINITIONAL_REPRESENTATION('',(#1114),#1117);
#1114 = B_SPLINE_CURVE_WITH_KNOTS('',1,(#1115,#1116),.UNSPECIFIED.,.F.,
  .F.,(2,2),(0.,6.288229312733E-03),.PIECEWISE_BEZIER_KNOTS.);
#1115 = CARTESIAN_POINT('',(0.,0.));
#1116 = CARTESIAN_POINT('',(0.,-6.288229312733E-03));
#1117 = ( GEOMETRIC_REPRESENTATION_CONTEXT(2) 
PARAMETRIC_REPRESENTATION_CONTEXT() REPRESENTATION_CONTEXT('2D SPACE',''
  ) );
#1118 = PCURVE('',#1119,#1126);
#1119 = ( BOUNDED_SURFACE() B_SPLINE_SURFACE(2,1,(
    (#1120,#1121)
    ,(#1122,#1123)
    ,(#1124,#1125
)),.UNSPECIFIED.,.F.,.F.,.F.) B_SPLINE_SURFACE_WITH_KNOTS((3,3),(2,2),(
    3.149679177875,3.543069237376),(-6.288229312733E-03,0.),
.PIECEWISE_BEZIER_KNOTS.) GEOMETRIC_REPRESENTATION_ITEM() 
RATIONAL_B_SPLINE_SURFACE((
    (1.,1.)
    ,(0.980717820329,0.980717820329)
,(1.,1.))) REPRESENTATION_ITEM('') SURFACE() );
#1120 = CARTESIAN_POINT('',(2.429611216814,11.056192352484,
    26.863065664153));
#1121 = CARTESIAN_POINT('',(2.429611216814,11.056192352484,
    20.57483635142));
#1122 = CARTESIAN_POINT('',(0.226426622586,11.540344747106,
    26.863065664153));
#1123 = CARTESIAN_POINT('',(0.226426622586,11.540344747106,
    20.57483635142));
#1124 = CARTESIAN_POINT('',(-1.994053594971,11.142986595181,
    26.863065664153));
#1125 = CARTESIAN_POINT('',(-1.994053594971,11.142986595181,
    20.57483635142));
#1126 = DEFINITIONAL_REPRESENTATION('',(#1127),#1131);
#1127 = B_SPLINE_CURVE_WITH_KNOTS('',2,(#1128,#1129,#1130),
  .UNSPECIFIED.,.F.,.F.,(3,3),(0.,6.288229312733E-03),
  .PIECEWISE_BEZIER_KNOTS.);
#1128 = CARTESIAN_POINT('',(3.543069237376,0.));
#1129 = CARTESIAN_POINT('',(3.543069237376,-3.144114656366E-03));
#1130 = CARTESIAN_POINT('',(3.543069237376,-6.288229312733E-03));
#1131 = ( GEOMETRIC_REPRESENTATION_CONTEXT(2) 
PARAMETRIC_REPRESENTATION_CONTEXT() REPRESENTATION_CONTEXT('2D SPACE',''
  ) );
#1132 = ORIENTED_EDGE('',*,*,#1133,.T.);
#1133 = EDGE_CURVE('',#1101,#1134,#1136,.T.);
#1134 = VERTEX_POINT('',#1135);
#1135 = CARTESIAN_POINT('',(-4.176659834161,22.298208641721,
    26.863065664153));
#1136 = SURFACE_CURVE('',#1137,(#1140,#1146),.PCURVE_S1.);
#1137 = B_SPLINE_CURVE_WITH_KNOTS('',1,(#1138,#1139),.UNSPECIFIED.,.F.,
  .F.,(2,2),(0.,1.136673871007E-02),.PIECEWISE_BEZIER_KNOTS.);
#1138 = CARTESIAN_POINT('',(-1.994053594971,11.142986595181,
    26.863065664153));
#1139 = CARTESIAN_POINT('',(-4.176659834161,22.298208641721,
    26.863065664153));
#1140 = PCURVE('',#1108,#1141);
#1141 = DEFINITIONAL_REPRESENTATION('',(#1142),#1145);
#1142 = B_SPLINE_CURVE_WITH_KNOTS('',1,(#1143,#1144),.UNSPECIFIED.,.F.,
  .F.,(2,2),(0.,1.136673871007E-02),.PIECEWISE_BEZIER_KNOTS.);
#1143 = CARTESIAN_POINT('',(0.,-6.288229312733E-03));
#1144 = CARTESIAN_POINT('',(1.136673871007E-02,-6.288229312733E-03));
#1145 = ( GEOMETRIC_REPRESENTATION_CONTEXT(2) 
PARAMETRIC_REPRESENTATION_CONTEXT() REPRESENTATION_CONTEXT('2D SPACE',''
  ) );
#1146 = PCURVE('',#1147,#1152);
#1147 = B_SPLINE_SURFACE_WITH_KNOTS('',1,1,(
    (#1148,#1149)
    ,(#1150,#1151
    )),.UNSPECIFIED.,.F.,.F.,.F.,(2,2),(2,2),(-5.570740474746E-03,
    6.695369536856E-03),(-3.554718532749E-03,5.479041931772E-03),
  .PIECEWISE_BEZIER_KNOTS.);
#1148 = CARTESIAN_POINT('',(5.048109907733,22.117214615757,
    26.863065664153));
#1149 = CARTESIAN_POINT('',(-3.759155321093,24.12741543146,
    26.863065664153));
#1150 = CARTESIAN_POINT('',(2.31864365194,10.158641591553,
    26.863065664153));
#1151 = CARTESIAN_POINT('',(-6.488621576886,12.168842407256,
    26.863065664153));
#1152 = DEFINITIONAL_REPRESENTATION('',(#1153),#1156);
#1153 = B_SPLINE_CURVE_WITH_KNOTS('',1,(#1154,#1155),.UNSPECIFIED.,.F.,
  .F.,(2,2),(0.,1.136673871007E-02),.PIECEWISE_BEZIER_KNOTS.);
#1154 = CARTESIAN_POINT('',(6.695369536856E-03,8.688877595977E-04));
#1155 = CARTESIAN_POINT('',(-3.694492224098E-03,5.479041931772E-03));
#1156 = ( GEOMETRIC_REPRESENTATION_CONTEXT(2) 
PARAMETRIC_REPRESENTATION_CONTEXT() REPRESENTATION_CONTEXT('2D SPACE',''
  ) );
#1157 = ORIENTED_EDGE('',*,*,#1158,.F.);
#1158 = EDGE_CURVE('',#1159,#1134,#1161,.T.);
#1159 = VERTEX_POINT('',#1160);
#1160 = CARTESIAN_POINT('',(-4.176659834161,22.298208641721,
    20.57483635142));
#1161 = SURFACE_CURVE('',#1162,(#1165,#1171),.PCURVE_S1.);
#1162 = B_SPLINE_CURVE_WITH_KNOTS('',1,(#1163,#1164),.UNSPECIFIED.,.F.,
  .F.,(2,2),(0.,6.288229312733E-03),.PIECEWISE_BEZIER_KNOTS.);
#1163 = CARTESIAN_POINT('',(-4.176659834161,22.298208641721,
    20.57483635142));
#1164 = CARTESIAN_POINT('',(-4.176659834161,22.298208641721,
    26.863065664153));
#1165 = PCURVE('',#1108,#1166);
#1166 = DEFINITIONAL_REPRESENTATION('',(#1167),#1170);
#1167 = B_SPLINE_CURVE_WITH_KNOTS('',1,(#1168,#1169),.UNSPECIFIED.,.F.,
  .F.,(2,2),(0.,6.288229312733E-03),.PIECEWISE_BEZIER_KNOTS.);
#1168 = CARTESIAN_POINT('',(1.136673871007E-02,0.));
#1169 = CARTESIAN_POINT('',(1.136673871007E-02,-6.288229312733E-03));
#1170 = ( GEOMETRIC_REPRESENTATION_CONTEXT(2) 
PARAMETRIC_REPRESENTATION_CONTEXT() REPRESENTATION_CONTEXT('2D SPACE',''
  ) );
#1171 = PCURVE('',#1172,#1179);
#1172 = ( BOUNDED_SURFACE() B_SPLINE_SURFACE(2,1,(
    (#1173,#1174)
    ,(#1175,#1176)
    ,(#1177,#1178
)),.UNSPECIFIED.,.F.,.F.,.F.) B_SPLINE_SURFACE_WITH_KNOTS((3,3),(2,2),(
    5.873622199108,6.28318530718),(-6.288229312733E-03,0.),
.PIECEWISE_BEZIER_KNOTS.) GEOMETRIC_REPRESENTATION_ITEM() 
RATIONAL_B_SPLINE_SURFACE((
    (1.,1.)
    ,(0.979105429584,0.979105429584)
,(1.,1.))) REPRESENTATION_ITEM('') SURFACE() );
#1173 = CARTESIAN_POINT('',(-4.176659834161,22.298208641721,
    26.863065664153));
#1174 = CARTESIAN_POINT('',(-4.176659834161,22.298208641721,
    20.57483635142));
#1175 = CARTESIAN_POINT('',(0.454520627278,23.165671393049,
    26.863065664153));
#1176 = CARTESIAN_POINT('',(0.454520627278,23.165671393049,
    20.57483635142));
#1177 = CARTESIAN_POINT('',(5.048109907733,22.117214615757,
    26.863065664153));
#1178 = CARTESIAN_POINT('',(5.048109907733,22.117214615757,
    20.57483635142));
#1179 = DEFINITIONAL_REPRESENTATION('',(#1180),#1184);
#1180 = B_SPLINE_CURVE_WITH_KNOTS('',2,(#1181,#1182,#1183),
  .UNSPECIFIED.,.F.,.F.,(3,3),(0.,6.288229312733E-03),
  .PIECEWISE_BEZIER_KNOTS.);
#1181 = CARTESIAN_POINT('',(5.873622199108,0.));
#1182 = CARTESIAN_POINT('',(5.873622199108,-3.144114656366E-03));
#1183 = CARTESIAN_POINT('',(5.873622199108,-6.288229312733E-03));
#1184 = ( GEOMETRIC_REPRESENTATION_CONTEXT(2) 
PARAMETRIC_REPRESENTATION_CONTEXT() REPRESENTATION_CONTEXT('2D SPACE',''
  ) );
#1185 = ORIENTED_EDGE('',*,*,#1186,.F.);
#1186 = EDGE_CURVE('',#1099,#1159,#1187,.T.);
#1187 = SURFACE_CURVE('',#1188,(#1191,#1197),.PCURVE_S1.);
#1188 = B_SPLINE_CURVE_WITH_KNOTS('',1,(#1189,#1190),.UNSPECIFIED.,.F.,
  .F.,(2,2),(0.,1.136673871007E-02),.PIECEWISE_BEZIER_KNOTS.);
#1189 = CARTESIAN_POINT('',(-1.994053594971,11.142986595181,
    20.57483635142));
#1190 = CARTESIAN_POINT('',(-4.176659834161,22.298208641721,
    20.57483635142));
#1191 = PCURVE('',#1108,#1192);
#1192 = DEFINITIONAL_REPRESENTATION('',(#1193),#1196);
#1193 = B_SPLINE_CURVE_WITH_KNOTS('',1,(#1194,#1195),.UNSPECIFIED.,.F.,
  .F.,(2,2),(0.,1.136673871007E-02),.PIECEWISE_BEZIER_KNOTS.);
#1194 = CARTESIAN_POINT('',(0.,0.));
#1195 = CARTESIAN_POINT('',(1.136673871007E-02,0.));
#1196 = ( GEOMETRIC_REPRESENTATION_CONTEXT(2) 
PARAMETRIC_REPRESENTATION_CONTEXT() REPRESENTATION_CONTEXT('2D SPACE',''
  ) );
#1197 = PCURVE('',#1198,#1203);
#1198 = B_SPLINE_SURFACE_WITH_KNOTS('',1,1,(
    (#1199,#1200)
    ,(#1201,#1202
    )),.UNSPECIFIED.,.F.,.F.,.F.,(2,2),(2,2),(-5.570740474746E-03,
    6.695369536856E-03),(-3.554718532749E-03,5.479041931772E-03),
  .PIECEWISE_BEZIER_KNOTS.);
#1199 = CARTESIAN_POINT('',(5.048109907733,22.117214615757,
    20.57483635142));
#1200 = CARTESIAN_POINT('',(-3.759155321093,24.12741543146,
    20.57483635142));
#1201 = CARTESIAN_POINT('',(2.31864365194,10.158641591553,20.57483635142
    ));
#1202 = CARTESIAN_POINT('',(-6.488621576886,12.168842407256,
    20.57483635142));
#1203 = DEFINITIONAL_REPRESENTATION('',(#1204),#1207);
#1204 = B_SPLINE_CURVE_WITH_KNOTS('',1,(#1205,#1206),.UNSPECIFIED.,.F.,
  .F.,(2,2),(0.,1.136673871007E-02),.PIECEWISE_BEZIER_KNOTS.);
#1205 = CARTESIAN_POINT('',(6.695369536856E-03,8.688877595977E-04));
#1206 = CARTESIAN_POINT('',(-3.694492224098E-03,5.479041931772E-03));
#1207 = ( GEOMETRIC_REPRESENTATION_CONTEXT(2) 
PARAMETRIC_REPRESENTATION_CONTEXT() REPRESENTATION_CONTEXT('2D SPACE',''
  ) );
#1208 = ADVANCED_FACE('',(#1209),#1172,.T.);
#1209 = FACE_BOUND('',#1210,.T.);
#1210 = EDGE_LOOP('',(#1211,#1212,#1235,#1258,#1284));
#1211 = ORIENTED_EDGE('',*,*,#1158,.T.);
#1212 = ORIENTED_EDGE('',*,*,#1213,.T.);
#1213 = EDGE_CURVE('',#1134,#1214,#1216,.T.);
#1214 = VERTEX_POINT('',#1215);
#1215 = CARTESIAN_POINT('',(0.,22.686,26.863065664153));
#1216 = SURFACE_CURVE('',#1217,(#1221,#1228),.PCURVE_S1.);
#1217 = ( BOUNDED_CURVE() B_SPLINE_CURVE(2,(#1218,#1219,#1220),
.UNSPECIFIED.,.F.,.F.) B_SPLINE_CURVE_WITH_KNOTS((3,3),(5.873622199108,
6.058785831923),.PIECEWISE_BEZIER_KNOTS.) CURVE() 
GEOMETRIC_REPRESENTATION_ITEM() RATIONAL_B_SPLINE_CURVE((1.,
0.99571736396,1.)) REPRESENTATION_ITEM('') );
#1218 = CARTESIAN_POINT('',(-4.176659834161,22.298208641721,
    26.863065664153));
#1219 = CARTESIAN_POINT('',(-2.106332596677,22.686,26.863065664153));
#1220 = CARTESIAN_POINT('',(1.47451495458E-14,22.686,26.863065664153));
#1221 = PCURVE('',#1172,#1222);
#1222 = DEFINITIONAL_REPRESENTATION('',(#1223),#1227);
#1223 = B_SPLINE_CURVE_WITH_KNOTS('',2,(#1224,#1225,#1226),
  .UNSPECIFIED.,.F.,.F.,(3,3),(5.873622199108,6.058785831923),
  .PIECEWISE_BEZIER_KNOTS.);
#1224 = CARTESIAN_POINT('',(5.873622199108,-6.288229312733E-03));
#1225 = CARTESIAN_POINT('',(5.966719885308,-6.288229312733E-03));
#1226 = CARTESIAN_POINT('',(6.058853810133,-6.288229312733E-03));
#1227 = ( GEOMETRIC_REPRESENTATION_CONTEXT(2) 
PARAMETRIC_REPRESENTATION_CONTEXT() REPRESENTATION_CONTEXT('2D SPACE',''
  ) );
#1228 = PCURVE('',#1147,#1229);
#1229 = DEFINITIONAL_REPRESENTATION('',(#1230),#1234);
#1230 = ( BOUNDED_CURVE() B_SPLINE_CURVE(2,(#1231,#1232,#1233),
.UNSPECIFIED.,.F.,.F.) B_SPLINE_CURVE_WITH_KNOTS((3,3),(5.873622199108,
6.058785831923),.PIECEWISE_BEZIER_KNOTS.) CURVE() 
GEOMETRIC_REPRESENTATION_ITEM() RATIONAL_B_SPLINE_CURVE((1.,
0.99571736396,1.)) REPRESENTATION_ITEM('') );
#1231 = CARTESIAN_POINT('',(-3.694492224098E-03,5.479041931772E-03));
#1232 = CARTESIAN_POINT('',(-4.533251993868E-03,3.546913815823E-03));
#1233 = CARTESIAN_POINT('',(-5.001955090503E-03,1.493391374984E-03));
#1234 = ( GEOMETRIC_REPRESENTATION_CONTEXT(2) 
PARAMETRIC_REPRESENTATION_CONTEXT() REPRESENTATION_CONTEXT('2D SPACE',''
  ) );
#1235 = ORIENTED_EDGE('',*,*,#1236,.T.);
#1236 = EDGE_CURVE('',#1214,#1237,#1239,.T.);
#1237 = VERTEX_POINT('',#1238);
#1238 = CARTESIAN_POINT('',(5.048109907733,22.117214615757,
    26.863065664153));
#1239 = SURFACE_CURVE('',#1240,(#1244,#1251),.PCURVE_S1.);
#1240 = ( BOUNDED_CURVE() B_SPLINE_CURVE(2,(#1241,#1242,#1243),
.UNSPECIFIED.,.F.,.F.) B_SPLINE_CURVE_WITH_KNOTS((3,3),(6.058785831923,
6.28318530718),.PIECEWISE_BEZIER_KNOTS.) CURVE() 
GEOMETRIC_REPRESENTATION_ITEM() RATIONAL_B_SPLINE_CURVE((1.,
0.993712209893,1.)) REPRESENTATION_ITEM('') );
#1241 = CARTESIAN_POINT('',(1.47451495458E-14,22.686,26.863065664153));
#1242 = CARTESIAN_POINT('',(2.556098314574,22.686,26.863065664153));
#1243 = CARTESIAN_POINT('',(5.048109907733,22.117214615757,
    26.863065664153));
#1244 = PCURVE('',#1172,#1245);
#1245 = DEFINITIONAL_REPRESENTATION('',(#1246),#1250);
#1246 = B_SPLINE_CURVE_WITH_KNOTS('',2,(#1247,#1248,#1249),
  .UNSPECIFIED.,.F.,.F.,(3,3),(6.058785831923,6.28318530718),
  .PIECEWISE_BEZIER_KNOTS.);
#1247 = CARTESIAN_POINT('',(6.058853810133,-6.288229312733E-03));
#1248 = CARTESIAN_POINT('',(6.170435959477,-6.288229312733E-03));
#1249 = CARTESIAN_POINT('',(6.28318530718,-6.288229312733E-03));
#1250 = ( GEOMETRIC_REPRESENTATION_CONTEXT(2) 
PARAMETRIC_REPRESENTATION_CONTEXT() REPRESENTATION_CONTEXT('2D SPACE',''
  ) );
#1251 = PCURVE('',#1147,#1252);
#1252 = DEFINITIONAL_REPRESENTATION('',(#1253),#1257);
#1253 = ( BOUNDED_CURVE() B_SPLINE_CURVE(2,(#1254,#1255,#1256),
.UNSPECIFIED.,.F.,.F.) B_SPLINE_CURVE_WITH_KNOTS((3,3),(6.058785831923,
6.28318530718),.PIECEWISE_BEZIER_KNOTS.) CURVE() 
GEOMETRIC_REPRESENTATION_ITEM() RATIONAL_B_SPLINE_CURVE((1.,
0.993712209893,1.)) REPRESENTATION_ITEM('') );
#1254 = CARTESIAN_POINT('',(-5.001955090503E-03,1.493391374984E-03));
#1255 = CARTESIAN_POINT('',(-5.570740474746E-03,-9.986202181747E-04));
#1256 = CARTESIAN_POINT('',(-5.570740474746E-03,-3.554718532749E-03));
#1257 = ( GEOMETRIC_REPRESENTATION_CONTEXT(2) 
PARAMETRIC_REPRESENTATION_CONTEXT() REPRESENTATION_CONTEXT('2D SPACE',''
  ) );
#1258 = ORIENTED_EDGE('',*,*,#1259,.F.);
#1259 = EDGE_CURVE('',#1260,#1237,#1262,.T.);
#1260 = VERTEX_POINT('',#1261);
#1261 = CARTESIAN_POINT('',(5.048109907733,22.117214615757,
    20.57483635142));
#1262 = SURFACE_CURVE('',#1263,(#1266,#1273),.PCURVE_S1.);
#1263 = B_SPLINE_CURVE_WITH_KNOTS('',1,(#1264,#1265),.UNSPECIFIED.,.F.,
  .F.,(2,2),(0.,6.288229312733E-03),.PIECEWISE_BEZIER_KNOTS.);
#1264 = CARTESIAN_POINT('',(5.048109907733,22.117214615757,
    20.57483635142));
#1265 = CARTESIAN_POINT('',(5.048109907733,22.117214615757,
    26.863065664153));
#1266 = PCURVE('',#1172,#1267);
#1267 = DEFINITIONAL_REPRESENTATION('',(#1268),#1272);
#1268 = B_SPLINE_CURVE_WITH_KNOTS('',2,(#1269,#1270,#1271),
  .UNSPECIFIED.,.F.,.F.,(3,3),(0.,6.288229312733E-03),
  .PIECEWISE_BEZIER_KNOTS.);
#1269 = CARTESIAN_POINT('',(6.28318530718,0.));
#1270 = CARTESIAN_POINT('',(6.28318530718,-3.144114656366E-03));
#1271 = CARTESIAN_POINT('',(6.28318530718,-6.288229312733E-03));
#1272 = ( GEOMETRIC_REPRESENTATION_CONTEXT(2) 
PARAMETRIC_REPRESENTATION_CONTEXT() REPRESENTATION_CONTEXT('2D SPACE',''
  ) );
#1273 = PCURVE('',#1274,#1279);
#1274 = B_SPLINE_SURFACE_WITH_KNOTS('',1,1,(
    (#1275,#1276)
    ,(#1277,#1278
    )),.UNSPECIFIED.,.F.,.F.,.F.,(2,2),(2,2),(0.,1.136673871007E-02),(
    -6.288229312733E-03,0.),.PIECEWISE_BEZIER_KNOTS.);
#1275 = CARTESIAN_POINT('',(5.048109907733,22.117214615757,
    26.863065664153));
#1276 = CARTESIAN_POINT('',(5.048109907733,22.117214615757,
    20.57483635142));
#1277 = CARTESIAN_POINT('',(2.429611216814,11.056192352484,
    26.863065664153));
#1278 = CARTESIAN_POINT('',(2.429611216814,11.056192352484,
    20.57483635142));
#1279 = DEFINITIONAL_REPRESENTATION('',(#1280),#1283);
#1280 = B_SPLINE_CURVE_WITH_KNOTS('',1,(#1281,#1282),.UNSPECIFIED.,.F.,
  .F.,(2,2),(0.,6.288229312733E-03),.PIECEWISE_BEZIER_KNOTS.);
#1281 = CARTESIAN_POINT('',(0.,0.));
#1282 = CARTESIAN_POINT('',(0.,-6.288229312733E-03));
#1283 = ( GEOMETRIC_REPRESENTATION_CONTEXT(2) 
PARAMETRIC_REPRESENTATION_CONTEXT() REPRESENTATION_CONTEXT('2D SPACE',''
  ) );
#1284 = ORIENTED_EDGE('',*,*,#1285,.F.);
#1285 = EDGE_CURVE('',#1159,#1260,#1286,.T.);
#1286 = SURFACE_CURVE('',#1287,(#1291,#1298),.PCURVE_S1.);
#1287 = ( BOUNDED_CURVE() B_SPLINE_CURVE(2,(#1288,#1289,#1290),
.UNSPECIFIED.,.F.,.F.) B_SPLINE_CURVE_WITH_KNOTS((3,3),(5.873622199108,
6.28318530718),.PIECEWISE_BEZIER_KNOTS.) CURVE() 
GEOMETRIC_REPRESENTATION_ITEM() RATIONAL_B_SPLINE_CURVE((1.,
0.979105429584,1.)) REPRESENTATION_ITEM('') );
#1288 = CARTESIAN_POINT('',(-4.176659834161,22.298208641721,
    20.57483635142));
#1289 = CARTESIAN_POINT('',(0.454520627278,23.165671393049,
    20.57483635142));
#1290 = CARTESIAN_POINT('',(5.048109907733,22.117214615757,
    20.57483635142));
#1291 = PCURVE('',#1172,#1292);
#1292 = DEFINITIONAL_REPRESENTATION('',(#1293),#1297);
#1293 = B_SPLINE_CURVE_WITH_KNOTS('',2,(#1294,#1295,#1296),
  .UNSPECIFIED.,.F.,.F.,(3,3),(5.873622199108,6.28318530718),
  .PIECEWISE_BEZIER_KNOTS.);
#1294 = CARTESIAN_POINT('',(5.873622199108,0.));
#1295 = CARTESIAN_POINT('',(6.078403753144,0.));
#1296 = CARTESIAN_POINT('',(6.28318530718,0.));
#1297 = ( GEOMETRIC_REPRESENTATION_CONTEXT(2) 
PARAMETRIC_REPRESENTATION_CONTEXT() REPRESENTATION_CONTEXT('2D SPACE',''
  ) );
#1298 = PCURVE('',#1198,#1299);
#1299 = DEFINITIONAL_REPRESENTATION('',(#1300),#1304);
#1300 = ( BOUNDED_CURVE() B_SPLINE_CURVE(2,(#1301,#1302,#1303),
.UNSPECIFIED.,.F.,.F.) B_SPLINE_CURVE_WITH_KNOTS((3,3),(5.873622199108,
6.28318530718),.PIECEWISE_BEZIER_KNOTS.) CURVE() 
GEOMETRIC_REPRESENTATION_ITEM() RATIONAL_B_SPLINE_CURVE((1.,
0.979105429584,1.)) REPRESENTATION_ITEM('') );
#1301 = CARTESIAN_POINT('',(-3.694492224098E-03,5.479041931772E-03));
#1302 = CARTESIAN_POINT('',(-5.570740474746E-03,1.157003455162E-03));
#1303 = CARTESIAN_POINT('',(-5.570740474746E-03,-3.554718532749E-03));
#1304 = ( GEOMETRIC_REPRESENTATION_CONTEXT(2) 
PARAMETRIC_REPRESENTATION_CONTEXT() REPRESENTATION_CONTEXT('2D SPACE',''
  ) );
#1305 = ADVANCED_FACE('',(#1306),#1274,.T.);
#1306 = FACE_BOUND('',#1307,.T.);
#1307 = EDGE_LOOP('',(#1308,#1309,#1329,#1350));
#1308 = ORIENTED_EDGE('',*,*,#1259,.T.);
#1309 = ORIENTED_EDGE('',*,*,#1310,.T.);
#1310 = EDGE_CURVE('',#1237,#1311,#1313,.T.);
#1311 = VERTEX_POINT('',#1312);
#1312 = CARTESIAN_POINT('',(2.429611216814,11.056192352484,
    26.863065664153));
#1313 = SURFACE_CURVE('',#1314,(#1317,#1323),.PCURVE_S1.);
#1314 = B_SPLINE_CURVE_WITH_KNOTS('',1,(#1315,#1316),.UNSPECIFIED.,.F.,
  .F.,(2,2),(0.,1.136673871007E-02),.PIECEWISE_BEZIER_KNOTS.);
#1315 = CARTESIAN_POINT('',(5.048109907733,22.117214615757,
    26.863065664153));
#1316 = CARTESIAN_POINT('',(2.429611216814,11.056192352484,
    26.863065664153));
#1317 = PCURVE('',#1274,#1318);
#1318 = DEFINITIONAL_REPRESENTATION('',(#1319),#1322);
#1319 = B_SPLINE_CURVE_WITH_KNOTS('',1,(#1320,#1321),.UNSPECIFIED.,.F.,
  .F.,(2,2),(0.,1.136673871007E-02),.PIECEWISE_BEZIER_KNOTS.);
#1320 = CARTESIAN_POINT('',(0.,-6.288229312733E-03));
#1321 = CARTESIAN_POINT('',(1.136673871007E-02,-6.288229312733E-03));
#1322 = ( GEOMETRIC_REPRESENTATION_CONTEXT(2) 
PARAMETRIC_REPRESENTATION_CONTEXT() REPRESENTATION_CONTEXT('2D SPACE',''
  ) );
#1323 = PCURVE('',#1147,#1324);
#1324 = DEFINITIONAL_REPRESENTATION('',(#1325),#1328);
#1325 = B_SPLINE_CURVE_WITH_KNOTS('',1,(#1326,#1327),.UNSPECIFIED.,.F.,
  .F.,(2,2),(0.,1.136673871007E-02),.PIECEWISE_BEZIER_KNOTS.);
#1326 = CARTESIAN_POINT('',(-5.570740474746E-03,-3.554718532749E-03));
#1327 = CARTESIAN_POINT('',(5.795629641249E-03,-3.463180075495E-03));
#1328 = ( GEOMETRIC_REPRESENTATION_CONTEXT(2) 
PARAMETRIC_REPRESENTATION_CONTEXT() REPRESENTATION_CONTEXT('2D SPACE',''
  ) );
#1329 = ORIENTED_EDGE('',*,*,#1330,.F.);
#1330 = EDGE_CURVE('',#1331,#1311,#1333,.T.);
#1331 = VERTEX_POINT('',#1332);
#1332 = CARTESIAN_POINT('',(2.429611216814,11.056192352484,
    20.57483635142));
#1333 = SURFACE_CURVE('',#1334,(#1337,#1343),.PCURVE_S1.);
#1334 = B_SPLINE_CURVE_WITH_KNOTS('',1,(#1335,#1336),.UNSPECIFIED.,.F.,
  .F.,(2,2),(0.,6.288229312733E-03),.PIECEWISE_BEZIER_KNOTS.);
#1335 = CARTESIAN_POINT('',(2.429611216814,11.056192352484,
    20.57483635142));
#1336 = CARTESIAN_POINT('',(2.429611216814,11.056192352484,
    26.863065664153));
#1337 = PCURVE('',#1274,#1338);
#1338 = DEFINITIONAL_REPRESENTATION('',(#1339),#1342);
#1339 = B_SPLINE_CURVE_WITH_KNOTS('',1,(#1340,#1341),.UNSPECIFIED.,.F.,
  .F.,(2,2),(0.,6.288229312733E-03),.PIECEWISE_BEZIER_KNOTS.);
#1340 = CARTESIAN_POINT('',(1.136673871007E-02,0.));
#1341 = CARTESIAN_POINT('',(1.136673871007E-02,-6.288229312733E-03));
#1342 = ( GEOMETRIC_REPRESENTATION_CONTEXT(2) 
PARAMETRIC_REPRESENTATION_CONTEXT() REPRESENTATION_CONTEXT('2D SPACE',''
  ) );
#1343 = PCURVE('',#1119,#1344);
#1344 = DEFINITIONAL_REPRESENTATION('',(#1345),#1349);
#1345 = B_SPLINE_CURVE_WITH_KNOTS('',2,(#1346,#1347,#1348),
  .UNSPECIFIED.,.F.,.F.,(3,3),(0.,6.288229312733E-03),
  .PIECEWISE_BEZIER_KNOTS.);
#1346 = CARTESIAN_POINT('',(3.149679177875,0.));
#1347 = CARTESIAN_POINT('',(3.149679177875,-3.144114656366E-03));
#1348 = CARTESIAN_POINT('',(3.149679177875,-6.288229312733E-03));
#1349 = ( GEOMETRIC_REPRESENTATION_CONTEXT(2) 
PARAMETRIC_REPRESENTATION_CONTEXT() REPRESENTATION_CONTEXT('2D SPACE',''
  ) );
#1350 = ORIENTED_EDGE('',*,*,#1351,.F.);
#1351 = EDGE_CURVE('',#1260,#1331,#1352,.T.);
#1352 = SURFACE_CURVE('',#1353,(#1356,#1362),.PCURVE_S1.);
#1353 = B_SPLINE_CURVE_WITH_KNOTS('',1,(#1354,#1355),.UNSPECIFIED.,.F.,
  .F.,(2,2),(0.,1.136673871007E-02),.PIECEWISE_BEZIER_KNOTS.);
#1354 = CARTESIAN_POINT('',(5.048109907733,22.117214615757,
    20.57483635142));
#1355 = CARTESIAN_POINT('',(2.429611216814,11.056192352484,
    20.57483635142));
#1356 = PCURVE('',#1274,#1357);
#1357 = DEFINITIONAL_REPRESENTATION('',(#1358),#1361);
#1358 = B_SPLINE_CURVE_WITH_KNOTS('',1,(#1359,#1360),.UNSPECIFIED.,.F.,
  .F.,(2,2),(0.,1.136673871007E-02),.PIECEWISE_BEZIER_KNOTS.);
#1359 = CARTESIAN_POINT('',(0.,0.));
#1360 = CARTESIAN_POINT('',(1.136673871007E-02,0.));
#1361 = ( GEOMETRIC_REPRESENTATION_CONTEXT(2) 
PARAMETRIC_REPRESENTATION_CONTEXT() REPRESENTATION_CONTEXT('2D SPACE',''
  ) );
#1362 = PCURVE('',#1198,#1363);
#1363 = DEFINITIONAL_REPRESENTATION('',(#1364),#1367);
#1364 = B_SPLINE_CURVE_WITH_KNOTS('',1,(#1365,#1366),.UNSPECIFIED.,.F.,
  .F.,(2,2),(0.,1.136673871007E-02),.PIECEWISE_BEZIER_KNOTS.);
#1365 = CARTESIAN_POINT('',(-5.570740474746E-03,-3.554718532749E-03));
#1366 = CARTESIAN_POINT('',(5.795629641249E-03,-3.463180075495E-03));
#1367 = ( GEOMETRIC_REPRESENTATION_CONTEXT(2) 
PARAMETRIC_REPRESENTATION_CONTEXT() REPRESENTATION_CONTEXT('2D SPACE',''
  ) );
#1368 = ADVANCED_FACE('',(#1369),#1119,.T.);
#1369 = FACE_BOUND('',#1370,.T.);
#1370 = EDGE_LOOP('',(#1371,#1372,#1395,#1416,#1417));
#1371 = ORIENTED_EDGE('',*,*,#1330,.T.);
#1372 = ORIENTED_EDGE('',*,*,#1373,.T.);
#1373 = EDGE_CURVE('',#1311,#1374,#1376,.T.);
#1374 = VERTEX_POINT('',#1375);
#1375 = CARTESIAN_POINT('',(0.,11.32,26.863065664153));
#1376 = SURFACE_CURVE('',#1377,(#1381,#1388),.PCURVE_S1.);
#1377 = ( BOUNDED_CURVE() B_SPLINE_CURVE(2,(#1378,#1379,#1380),
.UNSPECIFIED.,.F.,.F.) B_SPLINE_CURVE_WITH_KNOTS((3,3),(3.149679177875,
3.365992128846),.PIECEWISE_BEZIER_KNOTS.) CURVE() 
GEOMETRIC_REPRESENTATION_ITEM() RATIONAL_B_SPLINE_CURVE((1.,
0.99415678781,1.)) REPRESENTATION_ITEM('') );
#1378 = CARTESIAN_POINT('',(2.429611216814,11.056192352484,
    26.863065664153));
#1379 = CARTESIAN_POINT('',(1.229127750651,11.32,26.863065664153));
#1380 = CARTESIAN_POINT('',(1.734723475977E-15,11.32,26.863065664153));
#1381 = PCURVE('',#1119,#1382);
#1382 = DEFINITIONAL_REPRESENTATION('',(#1383),#1387);
#1383 = B_SPLINE_CURVE_WITH_KNOTS('',2,(#1384,#1385,#1386),
  .UNSPECIFIED.,.F.,.F.,(3,3),(3.149679177875,3.365992128846),
  .PIECEWISE_BEZIER_KNOTS.);
#1384 = CARTESIAN_POINT('',(3.149679177875,-6.288229312733E-03));
#1385 = CARTESIAN_POINT('',(3.25832287047,-6.288229312733E-03));
#1386 = CARTESIAN_POINT('',(3.365929465496,-6.288229312733E-03));
#1387 = ( GEOMETRIC_REPRESENTATION_CONTEXT(2) 
PARAMETRIC_REPRESENTATION_CONTEXT() REPRESENTATION_CONTEXT('2D SPACE',''
  ) );
#1388 = PCURVE('',#1147,#1389);
#1389 = DEFINITIONAL_REPRESENTATION('',(#1390),#1394);
#1390 = ( BOUNDED_CURVE() B_SPLINE_CURVE(2,(#1391,#1392,#1393),
.UNSPECIFIED.,.F.,.F.) B_SPLINE_CURVE_WITH_KNOTS((3,3),(3.149679177875,
3.365992128846),.PIECEWISE_BEZIER_KNOTS.) CURVE() 
GEOMETRIC_REPRESENTATION_ITEM() RATIONAL_B_SPLINE_CURVE((1.,
0.99415678781,1.)) REPRESENTATION_ITEM('') );
#1391 = CARTESIAN_POINT('',(5.795629641249E-03,-3.463180075495E-03));
#1392 = CARTESIAN_POINT('',(5.805568904329E-03,-2.23409251211E-03));
#1393 = CARTESIAN_POINT('',(6.079075559355E-03,-1.035781560363E-03));
#1394 = ( GEOMETRIC_REPRESENTATION_CONTEXT(2) 
PARAMETRIC_REPRESENTATION_CONTEXT() REPRESENTATION_CONTEXT('2D SPACE',''
  ) );
#1395 = ORIENTED_EDGE('',*,*,#1396,.T.);
#1396 = EDGE_CURVE('',#1374,#1101,#1397,.T.);
#1397 = SURFACE_CURVE('',#1398,(#1402,#1409),.PCURVE_S1.);
#1398 = ( BOUNDED_CURVE() B_SPLINE_CURVE(2,(#1399,#1400,#1401),
.UNSPECIFIED.,.F.,.F.) B_SPLINE_CURVE_WITH_KNOTS((3,3),(3.365992128846,
3.543069237376),.PIECEWISE_BEZIER_KNOTS.) CURVE() 
GEOMETRIC_REPRESENTATION_ITEM() RATIONAL_B_SPLINE_CURVE((1.,
0.996083021998,1.)) REPRESENTATION_ITEM('') );
#1399 = CARTESIAN_POINT('',(1.734723475977E-15,11.32,26.863065664153));
#1400 = CARTESIAN_POINT('',(-1.004883593703,11.32,26.863065664153));
#1401 = CARTESIAN_POINT('',(-1.994053594971,11.142986595181,
    26.863065664153));
#1402 = PCURVE('',#1119,#1403);
#1403 = DEFINITIONAL_REPRESENTATION('',(#1404),#1408);
#1404 = B_SPLINE_CURVE_WITH_KNOTS('',2,(#1405,#1406,#1407),
  .UNSPECIFIED.,.F.,.F.,(3,3),(3.365992128846,3.543069237376),
  .PIECEWISE_BEZIER_KNOTS.);
#1405 = CARTESIAN_POINT('',(3.365929465496,-6.288229312733E-03));
#1406 = CARTESIAN_POINT('',(3.454074586159,-6.288229312733E-03));
#1407 = CARTESIAN_POINT('',(3.543069237376,-6.288229312733E-03));
#1408 = ( GEOMETRIC_REPRESENTATION_CONTEXT(2) 
PARAMETRIC_REPRESENTATION_CONTEXT() REPRESENTATION_CONTEXT('2D SPACE',''
  ) );
#1409 = PCURVE('',#1147,#1410);
#1410 = DEFINITIONAL_REPRESENTATION('',(#1411),#1415);
#1411 = ( BOUNDED_CURVE() B_SPLINE_CURVE(2,(#1412,#1413,#1414),
.UNSPECIFIED.,.F.,.F.) B_SPLINE_CURVE_WITH_KNOTS((3,3),(3.365992128846,
3.543069237376),.PIECEWISE_BEZIER_KNOTS.) CURVE() 
GEOMETRIC_REPRESENTATION_ITEM() RATIONAL_B_SPLINE_CURVE((1.,
0.996083021998,1.)) REPRESENTATION_ITEM('') );
#1412 = CARTESIAN_POINT('',(6.079075559355E-03,-1.035781560363E-03));
#1413 = CARTESIAN_POINT('',(6.302683195144E-03,-5.609249636819E-05));
#1414 = CARTESIAN_POINT('',(6.695369536856E-03,8.688877595977E-04));
#1415 = ( GEOMETRIC_REPRESENTATION_CONTEXT(2) 
PARAMETRIC_REPRESENTATION_CONTEXT() REPRESENTATION_CONTEXT('2D SPACE',''
  ) );
#1416 = ORIENTED_EDGE('',*,*,#1098,.F.);
#1417 = ORIENTED_EDGE('',*,*,#1418,.F.);
#1418 = EDGE_CURVE('',#1331,#1099,#1419,.T.);
#1419 = SURFACE_CURVE('',#1420,(#1424,#1431),.PCURVE_S1.);
#1420 = ( BOUNDED_CURVE() B_SPLINE_CURVE(2,(#1421,#1422,#1423),
.UNSPECIFIED.,.F.,.F.) B_SPLINE_CURVE_WITH_KNOTS((3,3),(3.149679177875,
3.543069237376),.PIECEWISE_BEZIER_KNOTS.) CURVE() 
GEOMETRIC_REPRESENTATION_ITEM() RATIONAL_B_SPLINE_CURVE((1.,
0.980717820329,1.)) REPRESENTATION_ITEM('') );
#1421 = CARTESIAN_POINT('',(2.429611216814,11.056192352484,
    20.57483635142));
#1422 = CARTESIAN_POINT('',(0.226426622586,11.540344747106,
    20.57483635142));
#1423 = CARTESIAN_POINT('',(-1.994053594971,11.142986595181,
    20.57483635142));
#1424 = PCURVE('',#1119,#1425);
#1425 = DEFINITIONAL_REPRESENTATION('',(#1426),#1430);
#1426 = B_SPLINE_CURVE_WITH_KNOTS('',2,(#1427,#1428,#1429),
  .UNSPECIFIED.,.F.,.F.,(3,3),(3.149679177875,3.543069237376),
  .PIECEWISE_BEZIER_KNOTS.);
#1427 = CARTESIAN_POINT('',(3.149679177875,0.));
#1428 = CARTESIAN_POINT('',(3.346374207625,0.));
#1429 = CARTESIAN_POINT('',(3.543069237376,0.));
#1430 = ( GEOMETRIC_REPRESENTATION_CONTEXT(2) 
PARAMETRIC_REPRESENTATION_CONTEXT() REPRESENTATION_CONTEXT('2D SPACE',''
  ) );
#1431 = PCURVE('',#1198,#1432);
#1432 = DEFINITIONAL_REPRESENTATION('',(#1433),#1437);
#1433 = ( BOUNDED_CURVE() B_SPLINE_CURVE(2,(#1434,#1435,#1436),
.UNSPECIFIED.,.F.,.F.) B_SPLINE_CURVE_WITH_KNOTS((3,3),(3.149679177875,
3.543069237376),.PIECEWISE_BEZIER_KNOTS.) CURVE() 
GEOMETRIC_REPRESENTATION_ITEM() RATIONAL_B_SPLINE_CURVE((1.,
0.980717820329,1.)) REPRESENTATION_ITEM('') );
#1434 = CARTESIAN_POINT('',(5.795629641249E-03,-3.463180075495E-03));
#1435 = CARTESIAN_POINT('',(5.813870651569E-03,-1.207499875865E-03));
#1436 = CARTESIAN_POINT('',(6.695369536856E-03,8.688877595977E-04));
#1437 = ( GEOMETRIC_REPRESENTATION_CONTEXT(2) 
PARAMETRIC_REPRESENTATION_CONTEXT() REPRESENTATION_CONTEXT('2D SPACE',''
  ) );
#1438 = ADVANCED_FACE('',(#1439),#1198,.T.);
#1439 = FACE_BOUND('',#1440,.T.);
#1440 = EDGE_LOOP('',(#1441,#1442,#1443,#1444));
#1441 = ORIENTED_EDGE('',*,*,#1186,.T.);
#1442 = ORIENTED_EDGE('',*,*,#1285,.T.);
#1443 = ORIENTED_EDGE('',*,*,#1351,.T.);
#1444 = ORIENTED_EDGE('',*,*,#1418,.T.);
#1445 = ADVANCED_FACE('',(#1446),#1147,.F.);
#1446 = FACE_BOUND('',#1447,.F.);
#1447 = EDGE_LOOP('',(#1448,#1449,#1450,#1451,#1452,#1453));
#1448 = ORIENTED_EDGE('',*,*,#1133,.T.);
#1449 = ORIENTED_EDGE('',*,*,#1213,.T.);
#1450 = ORIENTED_EDGE('',*,*,#1236,.T.);
#1451 = ORIENTED_EDGE('',*,*,#1310,.T.);
#1452 = ORIENTED_EDGE('',*,*,#1373,.T.);
#1453 = ORIENTED_EDGE('',*,*,#1396,.T.);
#1454 = ( GEOMETRIC_REPRESENTATION_CONTEXT(3) 
GLOBAL_UNCERTAINTY_ASSIGNED_CONTEXT((#1458)) 
GLOBAL_UNIT_ASSIGNED_CONTEXT((#1455,#1456,#1457)) REPRESENTATION_CONTEXT
('Context #1','3D Context with UNIT and UNCERTAINTY') );
#1455 = ( LENGTH_UNIT() NAMED_UNIT(*) SI_UNIT(.MILLI.,.METRE.) );
#1456 = ( NAMED_UNIT(*) PLANE_ANGLE_UNIT() SI_UNIT($,.RADIAN.) );
#1457 = ( NAMED_UNIT(*) SI_UNIT($,.STERADIAN.) SOLID_ANGLE_UNIT() );
#1458 = UNCERTAINTY_MEASURE_WITH_UNIT(LENGTH_MEASURE(1.E-04),#1455,
  'distance_accuracy_value','confusion accuracy');
#1459 = CONTEXT_DEPENDENT_SHAPE_REPRESENTATION(#1460,#1462);
#1460 = ( REPRESENTATION_RELATIONSHIP('','',#1091,#10) 
REPRESENTATION_RELATIONSHIP_WITH_TRANSFORMATION(#1461) 
SHAPE_REPRESENTATION_RELATIONSHIP() );
#1461 = ITEM_DEFINED_TRANSFORMATION('','',#11,#27);
#1462 = PRODUCT_DEFINITION_SHAPE('Placement','Placement of an item',
  #1463);
#1463 = NEXT_ASSEMBLY_USAGE_OCCURRENCE('6048','','',#5,#1086,$);
#1464 = PRODUCT_RELATED_PRODUCT_CATEGORY('part',$,(#1088));
#1465 = SHAPE_DEFINITION_REPRESENTATION(#1466,#1472);
#1466 = PRODUCT_DEFINITION_SHAPE('','',#1467);
#1467 = PRODUCT_DEFINITION('design','',#1468,#1471);
#1468 = PRODUCT_DEFINITION_FORMATION('','',#1469);
#1469 = PRODUCT('Open CASCADE STEP translator 7.8 202.5',
  'Open CASCADE STEP translator 7.8 202.5','',(#1470));
#1470 = PRODUCT_CONTEXT('',#2,'mechanical');
#1471 = PRODUCT_DEFINITION_CONTEXT('part definition',#2,'design');
#1472 = ADVANCED_BREP_SHAPE_REPRESENTATION('',(#11,#1473),#1787);
#1473 = MANIFOLD_SOLID_BREP('',#1474);
#1474 = CLOSED_SHELL('',(#1475,#1589,#1663,#1726,#1773,#1780));
#1475 = ADVANCED_FACE('',(#1476),#1489,.T.);
#1476 = FACE_BOUND('',#1477,.T.);
#1477 = EDGE_LOOP('',(#1478,#1513,#1538,#1566));
#1478 = ORIENTED_EDGE('',*,*,#1479,.T.);
#1479 = EDGE_CURVE('',#1480,#1482,#1484,.T.);
#1480 = VERTEX_POINT('',#1481);
#1481 = CARTESIAN_POINT('',(-6.631340898852,9.174296587925,
    20.57483635142));
#1482 = VERTEX_POINT('',#1483);
#1483 = CARTESIAN_POINT('',(-6.631340898852,9.174296587925,
    26.863065664153));
#1484 = SURFACE_CURVE('',#1485,(#1488,#1499),.PCURVE_S1.);
#1485 = B_SPLINE_CURVE_WITH_KNOTS('',1,(#1486,#1487),.UNSPECIFIED.,.F.,
  .F.,(2,2),(0.,6.288229312733E-03),.PIECEWISE_BEZIER_KNOTS.);
#1486 = CARTESIAN_POINT('',(-6.631340898852,9.174296587925,
    20.57483635142));
#1487 = CARTESIAN_POINT('',(-6.631340898852,9.174296587925,
    26.863065664153));
#1488 = PCURVE('',#1489,#1494);
#1489 = B_SPLINE_SURFACE_WITH_KNOTS('',1,1,(
    (#1490,#1491)
    ,(#1492,#1493
    )),.UNSPECIFIED.,.F.,.F.,.F.,(2,2),(2,2),(0.,1.136673871007E-02),(
    -6.288229312733E-03,0.),.PIECEWISE_BEZIER_KNOTS.);
#1490 = CARTESIAN_POINT('',(-6.631340898852,9.174296587925,
    26.863065664153));
#1491 = CARTESIAN_POINT('',(-6.631340898852,9.174296587925,
    20.57483635142));
#1492 = CARTESIAN_POINT('',(-13.43787062349,18.277807010315,
    26.863065664153));
#1493 = CARTESIAN_POINT('',(-13.43787062349,18.277807010315,
    20.57483635142));
#1494 = DEFINITIONAL_REPRESENTATION('',(#1495),#1498);
#1495 = B_SPLINE_CURVE_WITH_KNOTS('',1,(#1496,#1497),.UNSPECIFIED.,.F.,
  .F.,(2,2),(0.,6.288229312733E-03),.PIECEWISE_BEZIER_KNOTS.);
#1496 = CARTESIAN_POINT('',(0.,0.));
#1497 = CARTESIAN_POINT('',(0.,-6.288229312733E-03));
#1498 = ( GEOMETRIC_REPRESENTATION_CONTEXT(2) 
PARAMETRIC_REPRESENTATION_CONTEXT() REPRESENTATION_CONTEXT('2D SPACE',''
  ) );
#1499 = PCURVE('',#1500,#1507);
#1500 = ( BOUNDED_SURFACE() B_SPLINE_SURFACE(2,1,(
    (#1501,#1502)
    ,(#1503,#1504)
    ,(#1505,#1506
)),.UNSPECIFIED.,.F.,.F.,.F.) B_SPLINE_SURFACE_WITH_KNOTS((3,3),(2,2),(
    3.149679177875,3.543069237376),(-6.288229312733E-03,0.),
.PIECEWISE_BEZIER_KNOTS.) GEOMETRIC_REPRESENTATION_ITEM() 
RATIONAL_B_SPLINE_SURFACE((
    (1.,1.)
    ,(0.980717820329,0.980717820329)
,(1.,1.))) REPRESENTATION_ITEM('') SURFACE() );
#1501 = CARTESIAN_POINT('',(-2.608098010843,11.015453906482,
    26.863065664153));
#1502 = CARTESIAN_POINT('',(-2.608098010843,11.015453906482,
    20.57483635142));
#1503 = CARTESIAN_POINT('',(-4.803164591766,10.495734171647,
    26.863065664153));
#1504 = CARTESIAN_POINT('',(-4.803164591766,10.495734171647,
    20.57483635142));
#1505 = CARTESIAN_POINT('',(-6.631340898852,9.174296587925,
    26.863065664153));
#1506 = CARTESIAN_POINT('',(-6.631340898852,9.174296587925,
    20.57483635142));
#1507 = DEFINITIONAL_REPRESENTATION('',(#1508),#1512);
#1508 = B_SPLINE_CURVE_WITH_KNOTS('',2,(#1509,#1510,#1511),
  .UNSPECIFIED.,.F.,.F.,(3,3),(0.,6.288229312733E-03),
  .PIECEWISE_BEZIER_KNOTS.);
#1509 = CARTESIAN_POINT('',(3.543069237376,0.));
#1510 = CARTESIAN_POINT('',(3.543069237376,-3.144114656366E-03));
#1511 = CARTESIAN_POINT('',(3.543069237376,-6.288229312733E-03));
#1512 = ( GEOMETRIC_REPRESENTATION_CONTEXT(2) 
PARAMETRIC_REPRESENTATION_CONTEXT() REPRESENTATION_CONTEXT('2D SPACE',''
  ) );
#1513 = ORIENTED_EDGE('',*,*,#1514,.T.);
#1514 = EDGE_CURVE('',#1482,#1515,#1517,.T.);
#1515 = VERTEX_POINT('',#1516);
#1516 = CARTESIAN_POINT('',(-13.43787062349,18.277807010315,
    26.863065664153));
#1517 = SURFACE_CURVE('',#1518,(#1521,#1527),.PCURVE_S1.);
#1518 = B_SPLINE_CURVE_WITH_KNOTS('',1,(#1519,#1520),.UNSPECIFIED.,.F.,
  .F.,(2,2),(0.,1.136673871007E-02),.PIECEWISE_BEZIER_KNOTS.);
#1519 = CARTESIAN_POINT('',(-6.631340898852,9.174296587925,
    26.863065664153));
#1520 = CARTESIAN_POINT('',(-13.43787062349,18.277807010315,
    26.863065664153));
#1521 = PCURVE('',#1489,#1522);
#1522 = DEFINITIONAL_REPRESENTATION('',(#1523),#1526);
#1523 = B_SPLINE_CURVE_WITH_KNOTS('',1,(#1524,#1525),.UNSPECIFIED.,.F.,
  .F.,(2,2),(0.,1.136673871007E-02),.PIECEWISE_BEZIER_KNOTS.);
#1524 = CARTESIAN_POINT('',(0.,-6.288229312733E-03));
#1525 = CARTESIAN_POINT('',(1.136673871007E-02,-6.288229312733E-03));
#1526 = ( GEOMETRIC_REPRESENTATION_CONTEXT(2) 
PARAMETRIC_REPRESENTATION_CONTEXT() REPRESENTATION_CONTEXT('2D SPACE',''
  ) );
#1527 = PCURVE('',#1528,#1533);
#1528 = B_SPLINE_SURFACE_WITH_KNOTS('',1,1,(
    (#1529,#1530)
    ,(#1531,#1532
    )),.UNSPECIFIED.,.F.,.F.,.F.,(2,2),(2,2),(-5.570740474746E-03,
    6.695369536856E-03),(-3.554718532749E-03,5.479041931772E-03),
  .PIECEWISE_BEZIER_KNOTS.);
#1529 = CARTESIAN_POINT('',(-5.048109907733,22.117214615757,
    26.863065664153));
#1530 = CARTESIAN_POINT('',(-13.85537513655,20.107013800054,
    26.863065664153));
#1531 = CARTESIAN_POINT('',(-2.31864365194,10.158641591553,
    26.863065664153));
#1532 = CARTESIAN_POINT('',(-11.12590888076,8.14844077585,
    26.863065664153));
#1533 = DEFINITIONAL_REPRESENTATION('',(#1534),#1537);
#1534 = B_SPLINE_CURVE_WITH_KNOTS('',1,(#1535,#1536),.UNSPECIFIED.,.F.,
  .F.,(2,2),(0.,1.136673871007E-02),.PIECEWISE_BEZIER_KNOTS.);
#1535 = CARTESIAN_POINT('',(6.695369536856E-03,8.688877595977E-04));
#1536 = CARTESIAN_POINT('',(-3.694492224098E-03,5.479041931772E-03));
#1537 = ( GEOMETRIC_REPRESENTATION_CONTEXT(2) 
PARAMETRIC_REPRESENTATION_CONTEXT() REPRESENTATION_CONTEXT('2D SPACE',''
  ) );
#1538 = ORIENTED_EDGE('',*,*,#1539,.F.);
#1539 = EDGE_CURVE('',#1540,#1515,#1542,.T.);
#1540 = VERTEX_POINT('',#1541);
#1541 = CARTESIAN_POINT('',(-13.43787062349,18.277807010315,
    20.57483635142));
#1542 = SURFACE_CURVE('',#1543,(#1546,#1552),.PCURVE_S1.);
#1543 = B_SPLINE_CURVE_WITH_KNOTS('',1,(#1544,#1545),.UNSPECIFIED.,.F.,
  .F.,(2,2),(0.,6.288229312733E-03),.PIECEWISE_BEZIER_KNOTS.);
#1544 = CARTESIAN_POINT('',(-13.43787062349,18.277807010315,
    20.57483635142));
#1545 = CARTESIAN_POINT('',(-13.43787062349,18.277807010315,
    26.863065664153));
#1546 = PCURVE('',#1489,#1547);
#1547 = DEFINITIONAL_REPRESENTATION('',(#1548),#1551);
#1548 = B_SPLINE_CURVE_WITH_KNOTS('',1,(#1549,#1550),.UNSPECIFIED.,.F.,
  .F.,(2,2),(0.,6.288229312733E-03),.PIECEWISE_BEZIER_KNOTS.);
#1549 = CARTESIAN_POINT('',(1.136673871007E-02,0.));
#1550 = CARTESIAN_POINT('',(1.136673871007E-02,-6.288229312733E-03));
#1551 = ( GEOMETRIC_REPRESENTATION_CONTEXT(2) 
PARAMETRIC_REPRESENTATION_CONTEXT() REPRESENTATION_CONTEXT('2D SPACE',''
  ) );
#1552 = PCURVE('',#1553,#1560);
#1553 = ( BOUNDED_SURFACE() B_SPLINE_SURFACE(2,1,(
    (#1554,#1555)
    ,(#1556,#1557)
    ,(#1558,#1559
)),.UNSPECIFIED.,.F.,.F.,.F.) B_SPLINE_SURFACE_WITH_KNOTS((3,3),(2,2),(
    5.873622199108,6.28318530718),(-6.288229312733E-03,0.),
.PIECEWISE_BEZIER_KNOTS.) GEOMETRIC_REPRESENTATION_ITEM() 
RATIONAL_B_SPLINE_SURFACE((
    (1.,1.)
    ,(0.979105429584,0.979105429584)
,(1.,1.))) REPRESENTATION_ITEM('') SURFACE() );
#1554 = CARTESIAN_POINT('',(-13.43787062349,18.277807010315,
    26.863065664153));
#1555 = CARTESIAN_POINT('',(-13.43787062349,18.277807010315,
    20.57483635142));
#1556 = CARTESIAN_POINT('',(-9.641699188188,21.068757838464,
    26.863065664153));
#1557 = CARTESIAN_POINT('',(-9.641699188188,21.068757838464,
    20.57483635142));
#1558 = CARTESIAN_POINT('',(-5.048109907733,22.117214615757,
    26.863065664153));
#1559 = CARTESIAN_POINT('',(-5.048109907733,22.117214615757,
    20.57483635142));
#1560 = DEFINITIONAL_REPRESENTATION('',(#1561),#1565);
#1561 = B_SPLINE_CURVE_WITH_KNOTS('',2,(#1562,#1563,#1564),
  .UNSPECIFIED.,.F.,.F.,(3,3),(0.,6.288229312733E-03),
  .PIECEWISE_BEZIER_KNOTS.);
#1562 = CARTESIAN_POINT('',(5.873622199108,0.));
#1563 = CARTESIAN_POINT('',(5.873622199108,-3.144114656366E-03));
#1564 = CARTESIAN_POINT('',(5.873622199108,-6.288229312733E-03));
#1565 = ( GEOMETRIC_REPRESENTATION_CONTEXT(2) 
PARAMETRIC_REPRESENTATION_CONTEXT() REPRESENTATION_CONTEXT('2D SPACE',''
  ) );
#1566 = ORIENTED_EDGE('',*,*,#1567,.F.);
#1567 = EDGE_CURVE('',#1480,#1540,#1568,.T.);
#1568 = SURFACE_CURVE('',#1569,(#1572,#1578),.PCURVE_S1.);
#1569 = B_SPLINE_CURVE_WITH_KNOTS('',1,(#1570,#1571),.UNSPECIFIED.,.F.,
  .F.,(2,2),(0.,1.136673871007E-02),.PIECEWISE_BEZIER_KNOTS.);
#1570 = CARTESIAN_POINT('',(-6.631340898852,9.174296587925,
    20.57483635142));
#1571 = CARTESIAN_POINT('',(-13.43787062349,18.277807010315,
    20.57483635142));
#1572 = PCURVE('',#1489,#1573);
#1573 = DEFINITIONAL_REPRESENTATION('',(#1574),#1577);
#1574 = B_SPLINE_CURVE_WITH_KNOTS('',1,(#1575,#1576),.UNSPECIFIED.,.F.,
  .F.,(2,2),(0.,1.136673871007E-02),.PIECEWISE_BEZIER_KNOTS.);
#1575 = CARTESIAN_POINT('',(0.,0.));
#1576 = CARTESIAN_POINT('',(1.136673871007E-02,0.));
#1577 = ( GEOMETRIC_REPRESENTATION_CONTEXT(2) 
PARAMETRIC_REPRESENTATION_CONTEXT() REPRESENTATION_CONTEXT('2D SPACE',''
  ) );
#1578 = PCURVE('',#1579,#1584);
#1579 = B_SPLINE_SURFACE_WITH_KNOTS('',1,1,(
    (#1580,#1581)
    ,(#1582,#1583
    )),.UNSPECIFIED.,.F.,.F.,.F.,(2,2),(2,2),(-5.570740474746E-03,
    6.695369536856E-03),(-3.554718532749E-03,5.479041931772E-03),
  .PIECEWISE_BEZIER_KNOTS.);
#1580 = CARTESIAN_POINT('',(-5.048109907733,22.117214615757,
    20.57483635142));
#1581 = CARTESIAN_POINT('',(-13.85537513655,20.107013800054,
    20.57483635142));
#1582 = CARTESIAN_POINT('',(-2.31864365194,10.158641591553,
    20.57483635142));
#1583 = CARTESIAN_POINT('',(-11.12590888076,8.14844077585,20.57483635142
    ));
#1584 = DEFINITIONAL_REPRESENTATION('',(#1585),#1588);
#1585 = B_SPLINE_CURVE_WITH_KNOTS('',1,(#1586,#1587),.UNSPECIFIED.,.F.,
  .F.,(2,2),(0.,1.136673871007E-02),.PIECEWISE_BEZIER_KNOTS.);
#1586 = CARTESIAN_POINT('',(6.695369536856E-03,8.688877595977E-04));
#1587 = CARTESIAN_POINT('',(-3.694492224098E-03,5.479041931772E-03));
#1588 = ( GEOMETRIC_REPRESENTATION_CONTEXT(2) 
PARAMETRIC_REPRESENTATION_CONTEXT() REPRESENTATION_CONTEXT('2D SPACE',''
  ) );
#1589 = ADVANCED_FACE('',(#1590),#1553,.T.);
#1590 = FACE_BOUND('',#1591,.T.);
#1591 = EDGE_LOOP('',(#1592,#1593,#1616,#1642));
#1592 = ORIENTED_EDGE('',*,*,#1539,.T.);
#1593 = ORIENTED_EDGE('',*,*,#1594,.T.);
#1594 = EDGE_CURVE('',#1515,#1595,#1597,.T.);
#1595 = VERTEX_POINT('',#1596);
#1596 = CARTESIAN_POINT('',(-5.048109907733,22.117214615757,
    26.863065664153));
#1597 = SURFACE_CURVE('',#1598,(#1602,#1609),.PCURVE_S1.);
#1598 = ( BOUNDED_CURVE() B_SPLINE_CURVE(2,(#1599,#1600,#1601),
.UNSPECIFIED.,.F.,.F.) B_SPLINE_CURVE_WITH_KNOTS((3,3),(5.873622199108,
6.28318530718),.PIECEWISE_BEZIER_KNOTS.) CURVE() 
GEOMETRIC_REPRESENTATION_ITEM() RATIONAL_B_SPLINE_CURVE((1.,
0.979105429584,1.)) REPRESENTATION_ITEM('') );
#1599 = CARTESIAN_POINT('',(-13.43787062349,18.277807010315,
    26.863065664153));
#1600 = CARTESIAN_POINT('',(-9.641699188188,21.068757838464,
    26.863065664153));
#1601 = CARTESIAN_POINT('',(-5.048109907733,22.117214615757,
    26.863065664153));
#1602 = PCURVE('',#1553,#1603);
#1603 = DEFINITIONAL_REPRESENTATION('',(#1604),#1608);
#1604 = B_SPLINE_CURVE_WITH_KNOTS('',2,(#1605,#1606,#1607),
  .UNSPECIFIED.,.F.,.F.,(3,3),(5.873622199108,6.28318530718),
  .PIECEWISE_BEZIER_KNOTS.);
#1605 = CARTESIAN_POINT('',(5.873622199108,-6.288229312733E-03));
#1606 = CARTESIAN_POINT('',(6.078403753144,-6.288229312733E-03));
#1607 = CARTESIAN_POINT('',(6.28318530718,-6.288229312733E-03));
#1608 = ( GEOMETRIC_REPRESENTATION_CONTEXT(2) 
PARAMETRIC_REPRESENTATION_CONTEXT() REPRESENTATION_CONTEXT('2D SPACE',''
  ) );
#1609 = PCURVE('',#1528,#1610);
#1610 = DEFINITIONAL_REPRESENTATION('',(#1611),#1615);
#1611 = ( BOUNDED_CURVE() B_SPLINE_CURVE(2,(#1612,#1613,#1614),
.UNSPECIFIED.,.F.,.F.) B_SPLINE_CURVE_WITH_KNOTS((3,3),(5.873622199108,
6.28318530718),.PIECEWISE_BEZIER_KNOTS.) CURVE() 
GEOMETRIC_REPRESENTATION_ITEM() RATIONAL_B_SPLINE_CURVE((1.,
0.979105429584,1.)) REPRESENTATION_ITEM('') );
#1612 = CARTESIAN_POINT('',(-3.694492224098E-03,5.479041931772E-03));
#1613 = CARTESIAN_POINT('',(-5.570740474746E-03,1.157003455162E-03));
#1614 = CARTESIAN_POINT('',(-5.570740474746E-03,-3.554718532749E-03));
#1615 = ( GEOMETRIC_REPRESENTATION_CONTEXT(2) 
PARAMETRIC_REPRESENTATION_CONTEXT() REPRESENTATION_CONTEXT('2D SPACE',''
  ) );
#1616 = ORIENTED_EDGE('',*,*,#1617,.F.);
#1617 = EDGE_CURVE('',#1618,#1595,#1620,.T.);
#1618 = VERTEX_POINT('',#1619);
#1619 = CARTESIAN_POINT('',(-5.048109907733,22.117214615757,
    20.57483635142));
#1620 = SURFACE_CURVE('',#1621,(#1624,#1631),.PCURVE_S1.);
#1621 = B_SPLINE_CURVE_WITH_KNOTS('',1,(#1622,#1623),.UNSPECIFIED.,.F.,
  .F.,(2,2),(0.,6.288229312733E-03),.PIECEWISE_BEZIER_KNOTS.);
#1622 = CARTESIAN_POINT('',(-5.048109907733,22.117214615757,
    20.57483635142));
#1623 = CARTESIAN_POINT('',(-5.048109907733,22.117214615757,
    26.863065664153));
#1624 = PCURVE('',#1553,#1625);
#1625 = DEFINITIONAL_REPRESENTATION('',(#1626),#1630);
#1626 = B_SPLINE_CURVE_WITH_KNOTS('',2,(#1627,#1628,#1629),
  .UNSPECIFIED.,.F.,.F.,(3,3),(0.,6.288229312733E-03),
  .PIECEWISE_BEZIER_KNOTS.);
#1627 = CARTESIAN_POINT('',(6.28318530718,0.));
#1628 = CARTESIAN_POINT('',(6.28318530718,-3.144114656366E-03));
#1629 = CARTESIAN_POINT('',(6.28318530718,-6.288229312733E-03));
#1630 = ( GEOMETRIC_REPRESENTATION_CONTEXT(2) 
PARAMETRIC_REPRESENTATION_CONTEXT() REPRESENTATION_CONTEXT('2D SPACE',''
  ) );
#1631 = PCURVE('',#1632,#1637);
#1632 = B_SPLINE_SURFACE_WITH_KNOTS('',1,1,(
    (#1633,#1634)
    ,(#1635,#1636
    )),.UNSPECIFIED.,.F.,.F.,.F.,(2,2),(2,2),(0.,1.136673871007E-02),(
    -6.288229312733E-03,0.),.PIECEWISE_BEZIER_KNOTS.);
#1633 = CARTESIAN_POINT('',(-5.048109907733,22.117214615757,
    26.863065664153));
#1634 = CARTESIAN_POINT('',(-5.048109907733,22.117214615757,
    20.57483635142));
#1635 = CARTESIAN_POINT('',(-2.608098010843,11.015453906482,
    26.863065664153));
#1636 = CARTESIAN_POINT('',(-2.608098010843,11.015453906482,
    20.57483635142));
#1637 = DEFINITIONAL_REPRESENTATION('',(#1638),#1641);
#1638 = B_SPLINE_CURVE_WITH_KNOTS('',1,(#1639,#1640),.UNSPECIFIED.,.F.,
  .F.,(2,2),(0.,6.288229312733E-03),.PIECEWISE_BEZIER_KNOTS.);
#1639 = CARTESIAN_POINT('',(0.,0.));
#1640 = CARTESIAN_POINT('',(0.,-6.288229312733E-03));
#1641 = ( GEOMETRIC_REPRESENTATION_CONTEXT(2) 
PARAMETRIC_REPRESENTATION_CONTEXT() REPRESENTATION_CONTEXT('2D SPACE',''
  ) );
#1642 = ORIENTED_EDGE('',*,*,#1643,.F.);
#1643 = EDGE_CURVE('',#1540,#1618,#1644,.T.);
#1644 = SURFACE_CURVE('',#1645,(#1649,#1656),.PCURVE_S1.);
#1645 = ( BOUNDED_CURVE() B_SPLINE_CURVE(2,(#1646,#1647,#1648),
.UNSPECIFIED.,.F.,.F.) B_SPLINE_CURVE_WITH_KNOTS((3,3),(5.873622199108,
6.28318530718),.PIECEWISE_BEZIER_KNOTS.) CURVE() 
GEOMETRIC_REPRESENTATION_ITEM() RATIONAL_B_SPLINE_CURVE((1.,
0.979105429584,1.)) REPRESENTATION_ITEM('') );
#1646 = CARTESIAN_POINT('',(-13.43787062349,18.277807010315,
    20.57483635142));
#1647 = CARTESIAN_POINT('',(-9.641699188188,21.068757838464,
    20.57483635142));
#1648 = CARTESIAN_POINT('',(-5.048109907733,22.117214615757,
    20.57483635142));
#1649 = PCURVE('',#1553,#1650);
#1650 = DEFINITIONAL_REPRESENTATION('',(#1651),#1655);
#1651 = B_SPLINE_CURVE_WITH_KNOTS('',2,(#1652,#1653,#1654),
  .UNSPECIFIED.,.F.,.F.,(3,3),(5.873622199108,6.28318530718),
  .PIECEWISE_BEZIER_KNOTS.);
#1652 = CARTESIAN_POINT('',(5.873622199108,0.));
#1653 = CARTESIAN_POINT('',(6.078403753144,0.));
#1654 = CARTESIAN_POINT('',(6.28318530718,0.));
#1655 = ( GEOMETRIC_REPRESENTATION_CONTEXT(2) 
PARAMETRIC_REPRESENTATION_CONTEXT() REPRESENTATION_CONTEXT('2D SPACE',''
  ) );
#1656 = PCURVE('',#1579,#1657);
#1657 = DEFINITIONAL_REPRESENTATION('',(#1658),#1662);
#1658 = ( BOUNDED_CURVE() B_SPLINE_CURVE(2,(#1659,#1660,#1661),
.UNSPECIFIED.,.F.,.F.) B_SPLINE_CURVE_WITH_KNOTS((3,3),(5.873622199108,
6.28318530718),.PIECEWISE_BEZIER_KNOTS.) CURVE() 
GEOMETRIC_REPRESENTATION_ITEM() RATIONAL_B_SPLINE_CURVE((1.,
0.979105429584,1.)) REPRESENTATION_ITEM('') );
#1659 = CARTESIAN_POINT('',(-3.694492224098E-03,5.479041931772E-03));
#1660 = CARTESIAN_POINT('',(-5.570740474746E-03,1.157003455162E-03));
#1661 = CARTESIAN_POINT('',(-5.570740474746E-03,-3.554718532749E-03));
#1662 = ( GEOMETRIC_REPRESENTATION_CONTEXT(2) 
PARAMETRIC_REPRESENTATION_CONTEXT() REPRESENTATION_CONTEXT('2D SPACE',''
  ) );
#1663 = ADVANCED_FACE('',(#1664),#1632,.T.);
#1664 = FACE_BOUND('',#1665,.T.);
#1665 = EDGE_LOOP('',(#1666,#1667,#1687,#1708));
#1666 = ORIENTED_EDGE('',*,*,#1617,.T.);
#1667 = ORIENTED_EDGE('',*,*,#1668,.T.);
#1668 = EDGE_CURVE('',#1595,#1669,#1671,.T.);
#1669 = VERTEX_POINT('',#1670);
#1670 = CARTESIAN_POINT('',(-2.608098010843,11.015453906482,
    26.863065664153));
#1671 = SURFACE_CURVE('',#1672,(#1675,#1681),.PCURVE_S1.);
#1672 = B_SPLINE_CURVE_WITH_KNOTS('',1,(#1673,#1674),.UNSPECIFIED.,.F.,
  .F.,(2,2),(0.,1.136673871007E-02),.PIECEWISE_BEZIER_KNOTS.);
#1673 = CARTESIAN_POINT('',(-5.048109907733,22.117214615757,
    26.863065664153));
#1674 = CARTESIAN_POINT('',(-2.608098010843,11.015453906482,
    26.863065664153));
#1675 = PCURVE('',#1632,#1676);
#1676 = DEFINITIONAL_REPRESENTATION('',(#1677),#1680);
#1677 = B_SPLINE_CURVE_WITH_KNOTS('',1,(#1678,#1679),.UNSPECIFIED.,.F.,
  .F.,(2,2),(0.,1.136673871007E-02),.PIECEWISE_BEZIER_KNOTS.);
#1678 = CARTESIAN_POINT('',(0.,-6.288229312733E-03));
#1679 = CARTESIAN_POINT('',(1.136673871007E-02,-6.288229312733E-03));
#1680 = ( GEOMETRIC_REPRESENTATION_CONTEXT(2) 
PARAMETRIC_REPRESENTATION_CONTEXT() REPRESENTATION_CONTEXT('2D SPACE',''
  ) );
#1681 = PCURVE('',#1528,#1682);
#1682 = DEFINITIONAL_REPRESENTATION('',(#1683),#1686);
#1683 = B_SPLINE_CURVE_WITH_KNOTS('',1,(#1684,#1685),.UNSPECIFIED.,.F.,
  .F.,(2,2),(0.,1.136673871007E-02),.PIECEWISE_BEZIER_KNOTS.);
#1684 = CARTESIAN_POINT('',(-5.570740474746E-03,-3.554718532749E-03));
#1685 = CARTESIAN_POINT('',(5.795629641249E-03,-3.463180075495E-03));
#1686 = ( GEOMETRIC_REPRESENTATION_CONTEXT(2) 
PARAMETRIC_REPRESENTATION_CONTEXT() REPRESENTATION_CONTEXT('2D SPACE',''
  ) );
#1687 = ORIENTED_EDGE('',*,*,#1688,.F.);
#1688 = EDGE_CURVE('',#1689,#1669,#1691,.T.);
#1689 = VERTEX_POINT('',#1690);
#1690 = CARTESIAN_POINT('',(-2.608098010843,11.015453906482,
    20.57483635142));
#1691 = SURFACE_CURVE('',#1692,(#1695,#1701),.PCURVE_S1.);
#1692 = B_SPLINE_CURVE_WITH_KNOTS('',1,(#1693,#1694),.UNSPECIFIED.,.F.,
  .F.,(2,2),(0.,6.288229312733E-03),.PIECEWISE_BEZIER_KNOTS.);
#1693 = CARTESIAN_POINT('',(-2.608098010843,11.015453906482,
    20.57483635142));
#1694 = CARTESIAN_POINT('',(-2.608098010843,11.015453906482,
    26.863065664153));
#1695 = PCURVE('',#1632,#1696);
#1696 = DEFINITIONAL_REPRESENTATION('',(#1697),#1700);
#1697 = B_SPLINE_CURVE_WITH_KNOTS('',1,(#1698,#1699),.UNSPECIFIED.,.F.,
  .F.,(2,2),(0.,6.288229312733E-03),.PIECEWISE_BEZIER_KNOTS.);
#1698 = CARTESIAN_POINT('',(1.136673871007E-02,0.));
#1699 = CARTESIAN_POINT('',(1.136673871007E-02,-6.288229312733E-03));
#1700 = ( GEOMETRIC_REPRESENTATION_CONTEXT(2) 
PARAMETRIC_REPRESENTATION_CONTEXT() REPRESENTATION_CONTEXT('2D SPACE',''
  ) );
#1701 = PCURVE('',#1500,#1702);
#1702 = DEFINITIONAL_REPRESENTATION('',(#1703),#1707);
#1703 = B_SPLINE_CURVE_WITH_KNOTS('',2,(#1704,#1705,#1706),
  .UNSPECIFIED.,.F.,.F.,(3,3),(0.,6.288229312733E-03),
  .PIECEWISE_BEZIER_KNOTS.);
#1704 = CARTESIAN_POINT('',(3.149679177875,0.));
#1705 = CARTESIAN_POINT('',(3.149679177875,-3.144114656366E-03));
#1706 = CARTESIAN_POINT('',(3.149679177875,-6.288229312733E-03));
#1707 = ( GEOMETRIC_REPRESENTATION_CONTEXT(2) 
PARAMETRIC_REPRESENTATION_CONTEXT() REPRESENTATION_CONTEXT('2D SPACE',''
  ) );
#1708 = ORIENTED_EDGE('',*,*,#1709,.F.);
#1709 = EDGE_CURVE('',#1618,#1689,#1710,.T.);
#1710 = SURFACE_CURVE('',#1711,(#1714,#1720),.PCURVE_S1.);
#1711 = B_SPLINE_CURVE_WITH_KNOTS('',1,(#1712,#1713),.UNSPECIFIED.,.F.,
  .F.,(2,2),(0.,1.136673871007E-02),.PIECEWISE_BEZIER_KNOTS.);
#1712 = CARTESIAN_POINT('',(-5.048109907733,22.117214615757,
    20.57483635142));
#1713 = CARTESIAN_POINT('',(-2.608098010843,11.015453906482,
    20.57483635142));
#1714 = PCURVE('',#1632,#1715);
#1715 = DEFINITIONAL_REPRESENTATION('',(#1716),#1719);
#1716 = B_SPLINE_CURVE_WITH_KNOTS('',1,(#1717,#1718),.UNSPECIFIED.,.F.,
  .F.,(2,2),(0.,1.136673871007E-02),.PIECEWISE_BEZIER_KNOTS.);
#1717 = CARTESIAN_POINT('',(0.,0.));
#1718 = CARTESIAN_POINT('',(1.136673871007E-02,0.));
#1719 = ( GEOMETRIC_REPRESENTATION_CONTEXT(2) 
PARAMETRIC_REPRESENTATION_CONTEXT() REPRESENTATION_CONTEXT('2D SPACE',''
  ) );
#1720 = PCURVE('',#1579,#1721);
#1721 = DEFINITIONAL_REPRESENTATION('',(#1722),#1725);
#1722 = B_SPLINE_CURVE_WITH_KNOTS('',1,(#1723,#1724),.UNSPECIFIED.,.F.,
  .F.,(2,2),(0.,1.136673871007E-02),.PIECEWISE_BEZIER_KNOTS.);
#1723 = CARTESIAN_POINT('',(-5.570740474746E-03,-3.554718532749E-03));
#1724 = CARTESIAN_POINT('',(5.795629641249E-03,-3.463180075495E-03));
#1725 = ( GEOMETRIC_REPRESENTATION_CONTEXT(2) 
PARAMETRIC_REPRESENTATION_CONTEXT() REPRESENTATION_CONTEXT('2D SPACE',''
  ) );
#1726 = ADVANCED_FACE('',(#1727),#1500,.T.);
#1727 = FACE_BOUND('',#1728,.T.);
#1728 = EDGE_LOOP('',(#1729,#1730,#1751,#1752));
#1729 = ORIENTED_EDGE('',*,*,#1688,.T.);
#1730 = ORIENTED_EDGE('',*,*,#1731,.T.);
#1731 = EDGE_CURVE('',#1669,#1482,#1732,.T.);
#1732 = SURFACE_CURVE('',#1733,(#1737,#1744),.PCURVE_S1.);
#1733 = ( BOUNDED_CURVE() B_SPLINE_CURVE(2,(#1734,#1735,#1736),
.UNSPECIFIED.,.F.,.F.) B_SPLINE_CURVE_WITH_KNOTS((3,3),(3.149679177875,
3.543069237376),.PIECEWISE_BEZIER_KNOTS.) CURVE() 
GEOMETRIC_REPRESENTATION_ITEM() RATIONAL_B_SPLINE_CURVE((1.,
0.980717820329,1.)) REPRESENTATION_ITEM('') );
#1734 = CARTESIAN_POINT('',(-2.608098010843,11.015453906482,
    26.863065664153));
#1735 = CARTESIAN_POINT('',(-4.803164591766,10.495734171647,
    26.863065664153));
#1736 = CARTESIAN_POINT('',(-6.631340898852,9.174296587925,
    26.863065664153));
#1737 = PCURVE('',#1500,#1738);
#1738 = DEFINITIONAL_REPRESENTATION('',(#1739),#1743);
#1739 = B_SPLINE_CURVE_WITH_KNOTS('',2,(#1740,#1741,#1742),
  .UNSPECIFIED.,.F.,.F.,(3,3),(3.149679177875,3.543069237376),
  .PIECEWISE_BEZIER_KNOTS.);
#1740 = CARTESIAN_POINT('',(3.149679177875,-6.288229312733E-03));
#1741 = CARTESIAN_POINT('',(3.346374207625,-6.288229312733E-03));
#1742 = CARTESIAN_POINT('',(3.543069237376,-6.288229312733E-03));
#1743 = ( GEOMETRIC_REPRESENTATION_CONTEXT(2) 
PARAMETRIC_REPRESENTATION_CONTEXT() REPRESENTATION_CONTEXT('2D SPACE',''
  ) );
#1744 = PCURVE('',#1528,#1745);
#1745 = DEFINITIONAL_REPRESENTATION('',(#1746),#1750);
#1746 = ( BOUNDED_CURVE() B_SPLINE_CURVE(2,(#1747,#1748,#1749),
.UNSPECIFIED.,.F.,.F.) B_SPLINE_CURVE_WITH_KNOTS((3,3),(3.149679177875,
3.543069237376),.PIECEWISE_BEZIER_KNOTS.) CURVE() 
GEOMETRIC_REPRESENTATION_ITEM() RATIONAL_B_SPLINE_CURVE((1.,
0.980717820329,1.)) REPRESENTATION_ITEM('') );
#1747 = CARTESIAN_POINT('',(5.795629641249E-03,-3.463180075495E-03));
#1748 = CARTESIAN_POINT('',(5.813870651569E-03,-1.207499875865E-03));
#1749 = CARTESIAN_POINT('',(6.695369536856E-03,8.688877595977E-04));
#1750 = ( GEOMETRIC_REPRESENTATION_CONTEXT(2) 
PARAMETRIC_REPRESENTATION_CONTEXT() REPRESENTATION_CONTEXT('2D SPACE',''
  ) );
#1751 = ORIENTED_EDGE('',*,*,#1479,.F.);
#1752 = ORIENTED_EDGE('',*,*,#1753,.F.);
#1753 = EDGE_CURVE('',#1689,#1480,#1754,.T.);
#1754 = SURFACE_CURVE('',#1755,(#1759,#1766),.PCURVE_S1.);
#1755 = ( BOUNDED_CURVE() B_SPLINE_CURVE(2,(#1756,#1757,#1758),
.UNSPECIFIED.,.F.,.F.) B_SPLINE_CURVE_WITH_KNOTS((3,3),(3.149679177875,
3.543069237376),.PIECEWISE_BEZIER_KNOTS.) CURVE() 
GEOMETRIC_REPRESENTATION_ITEM() RATIONAL_B_SPLINE_CURVE((1.,
0.980717820329,1.)) REPRESENTATION_ITEM('') );
#1756 = CARTESIAN_POINT('',(-2.608098010843,11.015453906482,
    20.57483635142));
#1757 = CARTESIAN_POINT('',(-4.803164591766,10.495734171647,
    20.57483635142));
#1758 = CARTESIAN_POINT('',(-6.631340898852,9.174296587925,
    20.57483635142));
#1759 = PCURVE('',#1500,#1760);
#1760 = DEFINITIONAL_REPRESENTATION('',(#1761),#1765);
#1761 = B_SPLINE_CURVE_WITH_KNOTS('',2,(#1762,#1763,#1764),
  .UNSPECIFIED.,.F.,.F.,(3,3),(3.149679177875,3.543069237376),
  .PIECEWISE_BEZIER_KNOTS.);
#1762 = CARTESIAN_POINT('',(3.149679177875,0.));
#1763 = CARTESIAN_POINT('',(3.346374207625,0.));
#1764 = CARTESIAN_POINT('',(3.543069237376,0.));
#1765 = ( GEOMETRIC_REPRESENTATION_CONTEXT(2) 
PARAMETRIC_REPRESENTATION_CONTEXT() REPRESENTATION_CONTEXT('2D SPACE',''
  ) );
#1766 = PCURVE('',#1579,#1767);
#1767 = DEFINITIONAL_REPRESENTATION('',(#1768),#1772);
#1768 = ( BOUNDED_CURVE() B_SPLINE_CURVE(2,(#1769,#1770,#1771),
.UNSPECIFIED.,.F.,.F.) B_SPLINE_CURVE_WITH_KNOTS((3,3),(3.149679177875,
3.543069237376),.PIECEWISE_BEZIER_KNOTS.) CURVE() 
GEOMETRIC_REPRESENTATION_ITEM() RATIONAL_B_SPLINE_CURVE((1.,
0.980717820329,1.)) REPRESENTATION_ITEM('') );
#1769 = CARTESIAN_POINT('',(5.795629641249E-03,-3.463180075495E-03));
#1770 = CARTESIAN_POINT('',(5.813870651569E-03,-1.207499875865E-03));
#1771 = CARTESIAN_POINT('',(6.695369536856E-03,8.688877595977E-04));
#1772 = ( GEOMETRIC_REPRESENTATION_CONTEXT(2) 
PARAMETRIC_REPRESENTATION_CONTEXT() REPRESENTATION_CONTEXT('2D SPACE',''
  ) );
#1773 = ADVANCED_FACE('',(#1774),#1579,.T.);
#1774 = FACE_BOUND('',#1775,.T.);
#1775 = EDGE_LOOP('',(#1776,#1777,#1778,#1779));
#1776 = ORIENTED_EDGE('',*,*,#1567,.T.);
#1777 = ORIENTED_EDGE('',*,*,#1643,.T.);
#1778 = ORIENTED_EDGE('',*,*,#1709,.T.);
#1779 = ORIENTED_EDGE('',*,*,#1753,.T.);
#1780 = ADVANCED_FACE('',(#1781),#1528,.F.);
#1781 = FACE_BOUND('',#1782,.F.);
#1782 = EDGE_LOOP('',(#1783,#1784,#1785,#1786));
#1783 = ORIENTED_EDGE('',*,*,#1514,.T.);
#1784 = ORIENTED_EDGE('',*,*,#1594,.T.);
#1785 = ORIENTED_EDGE('',*,*,#1668,.T.);
#1786 = ORIENTED_EDGE('',*,*,#1731,.T.);
#1787 = ( GEOMETRIC_REPRESENTATION_CONTEXT(3) 
GLOBAL_UNCERTAINTY_ASSIGNED_CONTEXT((#1791)) 
GLOBAL_UNIT_ASSIGNED_CONTEXT((#1788,#1789,#1790)) REPRESENTATION_CONTEXT
('Context #1','3D Context with UNIT and UNCERTAINTY') );
#1788 = ( LENGTH_UNIT() NAMED_UNIT(*) SI_UNIT(.MILLI.,.METRE.) );
#1789 = ( NAMED_UNIT(*) PLANE_ANGLE_UNIT() SI_UNIT($,.RADIAN.) );
#1790 = ( NAMED_UNIT(*) SI_UNIT($,.STERADIAN.) SOLID_ANGLE_UNIT() );
#1791 = UNCERTAINTY_MEASURE_WITH_UNIT(LENGTH_MEASURE(1.E-04),#1788,
  'distance_accuracy_value','confusion accuracy');
#1792 = CONTEXT_DEPENDENT_SHAPE_REPRESENTATION(#1793,#1795);
#1793 = ( REPRESENTATION_RELATIONSHIP('','',#1472,#10) 
REPRESENTATION_RELATIONSHIP_WITH_TRANSFORMATION(#1794) 
SHAPE_REPRESENTATION_RELATIONSHIP() );
#1794 = ITEM_DEFINED_TRANSFORMATION('','',#11,#31);
#1795 = PRODUCT_DEFINITION_SHAPE('Placement','Placement of an item',
  #1796);
#1796 = NEXT_ASSEMBLY_USAGE_OCCURRENCE('6049','','',#5,#1467,$);
#1797 = PRODUCT_RELATED_PRODUCT_CATEGORY('part',$,(#1469));
#1798 = SHAPE_DEFINITION_REPRESENTATION(#1799,#1805);
#1799 = PRODUCT_DEFINITION_SHAPE('','',#1800);
#1800 = PRODUCT_DEFINITION('design','',#1801,#1804);
#1801 = PRODUCT_DEFINITION_FORMATION('','',#1802);
#1802 = PRODUCT('Open CASCADE STEP translator 7.8 202.6',
  'Open CASCADE STEP translator 7.8 202.6','',(#1803));
#1803 = PRODUCT_CONTEXT('',#2,'mechanical');
#1804 = PRODUCT_DEFINITION_CONTEXT('part definition',#2,'design');
#1805 = ADVANCED_BREP_SHAPE_REPRESENTATION('',(#11,#1806),#2120);
#1806 = MANIFOLD_SOLID_BREP('',#1807);
#1807 = CLOSED_SHELL('',(#1808,#1922,#1996,#2059,#2106,#2113));
#1808 = ADVANCED_FACE('',(#1809),#1822,.T.);
#1809 = FACE_BOUND('',#1810,.T.);
#1810 = EDGE_LOOP('',(#1811,#1846,#1871,#1899));
#1811 = ORIENTED_EDGE('',*,*,#1812,.T.);
#1812 = EDGE_CURVE('',#1813,#1815,#1817,.T.);
#1813 = VERTEX_POINT('',#1814);
#1814 = CARTESIAN_POINT('',(-9.955209809656,5.388524626067,
    20.57483635142));
#1815 = VERTEX_POINT('',#1816);
#1816 = CARTESIAN_POINT('',(-9.955209809656,5.388524626067,
    26.863065664153));
#1817 = SURFACE_CURVE('',#1818,(#1821,#1832),.PCURVE_S1.);
#1818 = B_SPLINE_CURVE_WITH_KNOTS('',1,(#1819,#1820),.UNSPECIFIED.,.F.,
  .F.,(2,2),(0.,6.288229312733E-03),.PIECEWISE_BEZIER_KNOTS.);
#1819 = CARTESIAN_POINT('',(-9.955209809656,5.388524626067,
    20.57483635142));
#1820 = CARTESIAN_POINT('',(-9.955209809656,5.388524626067,
    26.863065664153));
#1821 = PCURVE('',#1822,#1827);
#1822 = B_SPLINE_SURFACE_WITH_KNOTS('',1,1,(
    (#1823,#1824)
    ,(#1825,#1826
    )),.UNSPECIFIED.,.F.,.F.,.F.,(2,2),(2,2),(0.,1.136673871007E-02),(
    -6.288229312733E-03,0.),.PIECEWISE_BEZIER_KNOTS.);
#1823 = CARTESIAN_POINT('',(-9.955209809656,5.388524626067,
    26.863065664153));
#1824 = CARTESIAN_POINT('',(-9.955209809656,5.388524626067,
    20.57483635142));
#1825 = CARTESIAN_POINT('',(-20.03754633117,10.637261537924,
    26.863065664153));
#1826 = CARTESIAN_POINT('',(-20.03754633117,10.637261537924,
    20.57483635142));
#1827 = DEFINITIONAL_REPRESENTATION('',(#1828),#1831);
#1828 = B_SPLINE_CURVE_WITH_KNOTS('',1,(#1829,#1830),.UNSPECIFIED.,.F.,
  .F.,(2,2),(0.,6.288229312733E-03),.PIECEWISE_BEZIER_KNOTS.);
#1829 = CARTESIAN_POINT('',(0.,0.));
#1830 = CARTESIAN_POINT('',(0.,-6.288229312733E-03));
#1831 = ( GEOMETRIC_REPRESENTATION_CONTEXT(2) 
PARAMETRIC_REPRESENTATION_CONTEXT() REPRESENTATION_CONTEXT('2D SPACE',''
  ) );
#1832 = PCURVE('',#1833,#1840);
#1833 = ( BOUNDED_SURFACE() B_SPLINE_SURFACE(2,1,(
    (#1834,#1835)
    ,(#1836,#1837)
    ,(#1838,#1839
)),.UNSPECIFIED.,.F.,.F.,.F.) B_SPLINE_SURFACE_WITH_KNOTS((3,3),(2,2),(
    3.149679177875,3.543069237376),(-6.288229312733E-03,0.),
.PIECEWISE_BEZIER_KNOTS.) GEOMETRIC_REPRESENTATION_ITEM() 
RATIONAL_B_SPLINE_SURFACE((
    (1.,1.)
    ,(0.980717820329,0.980717820329)
,(1.,1.))) REPRESENTATION_ITEM('') SURFACE() );
#1834 = CARTESIAN_POINT('',(-7.129241441229,8.792969718625,
    26.863065664153));
#1835 = CARTESIAN_POINT('',(-7.129241441229,8.792969718625,
    20.57483635142));
#1836 = CARTESIAN_POINT('',(-8.88143015177,7.372314721761,
    26.863065664153));
#1837 = CARTESIAN_POINT('',(-8.88143015177,7.372314721761,20.57483635142
    ));
#1838 = CARTESIAN_POINT('',(-9.955209809656,5.388524626067,
    26.863065664153));
#1839 = CARTESIAN_POINT('',(-9.955209809656,5.388524626067,
    20.57483635142));
#1840 = DEFINITIONAL_REPRESENTATION('',(#1841),#1845);
#1841 = B_SPLINE_CURVE_WITH_KNOTS('',2,(#1842,#1843,#1844),
  .UNSPECIFIED.,.F.,.F.,(3,3),(0.,6.288229312733E-03),
  .PIECEWISE_BEZIER_KNOTS.);
#1842 = CARTESIAN_POINT('',(3.543069237376,0.));
#1843 = CARTESIAN_POINT('',(3.543069237376,-3.144114656366E-03));
#1844 = CARTESIAN_POINT('',(3.543069237376,-6.288229312733E-03));
#1845 = ( GEOMETRIC_REPRESENTATION_CONTEXT(2) 
PARAMETRIC_REPRESENTATION_CONTEXT() REPRESENTATION_CONTEXT('2D SPACE',''
  ) );
#1846 = ORIENTED_EDGE('',*,*,#1847,.T.);
#1847 = EDGE_CURVE('',#1815,#1848,#1850,.T.);
#1848 = VERTEX_POINT('',#1849);
#1849 = CARTESIAN_POINT('',(-20.03754633117,10.637261537924,
    26.863065664153));
#1850 = SURFACE_CURVE('',#1851,(#1854,#1860),.PCURVE_S1.);
#1851 = B_SPLINE_CURVE_WITH_KNOTS('',1,(#1852,#1853),.UNSPECIFIED.,.F.,
  .F.,(2,2),(0.,1.136673871007E-02),.PIECEWISE_BEZIER_KNOTS.);
#1852 = CARTESIAN_POINT('',(-9.955209809656,5.388524626067,
    26.863065664153));
#1853 = CARTESIAN_POINT('',(-20.03754633117,10.637261537924,
    26.863065664153));
#1854 = PCURVE('',#1822,#1855);
#1855 = DEFINITIONAL_REPRESENTATION('',(#1856),#1859);
#1856 = B_SPLINE_CURVE_WITH_KNOTS('',1,(#1857,#1858),.UNSPECIFIED.,.F.,
  .F.,(2,2),(0.,1.136673871007E-02),.PIECEWISE_BEZIER_KNOTS.);
#1857 = CARTESIAN_POINT('',(0.,-6.288229312733E-03));
#1858 = CARTESIAN_POINT('',(1.136673871007E-02,-6.288229312733E-03));
#1859 = ( GEOMETRIC_REPRESENTATION_CONTEXT(2) 
PARAMETRIC_REPRESENTATION_CONTEXT() REPRESENTATION_CONTEXT('2D SPACE',''
  ) );
#1860 = PCURVE('',#1861,#1866);
#1861 = B_SPLINE_SURFACE_WITH_KNOTS('',1,1,(
    (#1862,#1863)
    ,(#1864,#1865
    )),.UNSPECIFIED.,.F.,.F.,.F.,(2,2),(2,2),(-5.570740474746E-03,
    6.695369536856E-03),(-3.554718532749E-03,5.479041931772E-03),
  .PIECEWISE_BEZIER_KNOTS.);
#1862 = CARTESIAN_POINT('',(-14.14448964496,17.73662901127,
    26.863065664153));
#1863 = CARTESIAN_POINT('',(-21.2073679812,12.104171489206,
    26.863065664153));
#1864 = CARTESIAN_POINT('',(-6.496695144256,8.146598036783,
    26.863065664153));
#1865 = CARTESIAN_POINT('',(-13.55957348049,2.514140514719,
    26.863065664153));
#1866 = DEFINITIONAL_REPRESENTATION('',(#1867),#1870);
#1867 = B_SPLINE_CURVE_WITH_KNOTS('',1,(#1868,#1869),.UNSPECIFIED.,.F.,
  .F.,(2,2),(0.,1.136673871007E-02),.PIECEWISE_BEZIER_KNOTS.);
#1868 = CARTESIAN_POINT('',(6.695369536856E-03,8.688877595977E-04));
#1869 = CARTESIAN_POINT('',(-3.694492224098E-03,5.479041931772E-03));
#1870 = ( GEOMETRIC_REPRESENTATION_CONTEXT(2) 
PARAMETRIC_REPRESENTATION_CONTEXT() REPRESENTATION_CONTEXT('2D SPACE',''
  ) );
#1871 = ORIENTED_EDGE('',*,*,#1872,.F.);
#1872 = EDGE_CURVE('',#1873,#1848,#1875,.T.);
#1873 = VERTEX_POINT('',#1874);
#1874 = CARTESIAN_POINT('',(-20.03754633117,10.637261537924,
    20.57483635142));
#1875 = SURFACE_CURVE('',#1876,(#1879,#1885),.PCURVE_S1.);
#1876 = B_SPLINE_CURVE_WITH_KNOTS('',1,(#1877,#1878),.UNSPECIFIED.,.F.,
  .F.,(2,2),(0.,6.288229312733E-03),.PIECEWISE_BEZIER_KNOTS.);
#1877 = CARTESIAN_POINT('',(-20.03754633117,10.637261537924,
    20.57483635142));
#1878 = CARTESIAN_POINT('',(-20.03754633117,10.637261537924,
    26.863065664153));
#1879 = PCURVE('',#1822,#1880);
#1880 = DEFINITIONAL_REPRESENTATION('',(#1881),#1884);
#1881 = B_SPLINE_CURVE_WITH_KNOTS('',1,(#1882,#1883),.UNSPECIFIED.,.F.,
  .F.,(2,2),(0.,6.288229312733E-03),.PIECEWISE_BEZIER_KNOTS.);
#1882 = CARTESIAN_POINT('',(1.136673871007E-02,0.));
#1883 = CARTESIAN_POINT('',(1.136673871007E-02,-6.288229312733E-03));
#1884 = ( GEOMETRIC_REPRESENTATION_CONTEXT(2) 
PARAMETRIC_REPRESENTATION_CONTEXT() REPRESENTATION_CONTEXT('2D SPACE',''
  ) );
#1885 = PCURVE('',#1886,#1893);
#1886 = ( BOUNDED_SURFACE() B_SPLINE_SURFACE(2,1,(
    (#1887,#1888)
    ,(#1889,#1890)
    ,(#1891,#1892
)),.UNSPECIFIED.,.F.,.F.,.F.) B_SPLINE_SURFACE_WITH_KNOTS((3,3),(2,2),(
    5.873622199108,6.28318530718),(-6.288229312733E-03,0.),
.PIECEWISE_BEZIER_KNOTS.) GEOMETRIC_REPRESENTATION_ITEM() 
RATIONAL_B_SPLINE_SURFACE((
    (1.,1.)
    ,(0.979105429584,0.979105429584)
,(1.,1.))) REPRESENTATION_ITEM('') SURFACE() );
#1887 = CARTESIAN_POINT('',(-20.03754633117,10.637261537924,
    26.863065664153));
#1888 = CARTESIAN_POINT('',(-20.03754633117,10.637261537924,
    20.57483635142));
#1889 = CARTESIAN_POINT('',(-17.82826223175,14.798918402614,
    26.863065664153));
#1890 = CARTESIAN_POINT('',(-17.82826223175,14.798918402614,
    20.57483635142));
#1891 = CARTESIAN_POINT('',(-14.14448964496,17.73662901127,
    26.863065664153));
#1892 = CARTESIAN_POINT('',(-14.14448964496,17.73662901127,
    20.57483635142));
#1893 = DEFINITIONAL_REPRESENTATION('',(#1894),#1898);
#1894 = B_SPLINE_CURVE_WITH_KNOTS('',2,(#1895,#1896,#1897),
  .UNSPECIFIED.,.F.,.F.,(3,3),(0.,6.288229312733E-03),
  .PIECEWISE_BEZIER_KNOTS.);
#1895 = CARTESIAN_POINT('',(5.873622199108,0.));
#1896 = CARTESIAN_POINT('',(5.873622199108,-3.144114656366E-03));
#1897 = CARTESIAN_POINT('',(5.873622199108,-6.288229312733E-03));
#1898 = ( GEOMETRIC_REPRESENTATION_CONTEXT(2) 
PARAMETRIC_REPRESENTATION_CONTEXT() REPRESENTATION_CONTEXT('2D SPACE',''
  ) );
#1899 = ORIENTED_EDGE('',*,*,#1900,.F.);
#1900 = EDGE_CURVE('',#1813,#1873,#1901,.T.);
#1901 = SURFACE_CURVE('',#1902,(#1905,#1911),.PCURVE_S1.);
#1902 = B_SPLINE_CURVE_WITH_KNOTS('',1,(#1903,#1904),.UNSPECIFIED.,.F.,
  .F.,(2,2),(0.,1.136673871007E-02),.PIECEWISE_BEZIER_KNOTS.);
#1903 = CARTESIAN_POINT('',(-9.955209809656,5.388524626067,
    20.57483635142));
#1904 = CARTESIAN_POINT('',(-20.03754633117,10.637261537924,
    20.57483635142));
#1905 = PCURVE('',#1822,#1906);
#1906 = DEFINITIONAL_REPRESENTATION('',(#1907),#1910);
#1907 = B_SPLINE_CURVE_WITH_KNOTS('',1,(#1908,#1909),.UNSPECIFIED.,.F.,
  .F.,(2,2),(0.,1.136673871007E-02),.PIECEWISE_BEZIER_KNOTS.);
#1908 = CARTESIAN_POINT('',(0.,0.));
#1909 = CARTESIAN_POINT('',(1.136673871007E-02,0.));
#1910 = ( GEOMETRIC_REPRESENTATION_CONTEXT(2) 
PARAMETRIC_REPRESENTATION_CONTEXT() REPRESENTATION_CONTEXT('2D SPACE',''
  ) );
#1911 = PCURVE('',#1912,#1917);
#1912 = B_SPLINE_SURFACE_WITH_KNOTS('',1,1,(
    (#1913,#1914)
    ,(#1915,#1916
    )),.UNSPECIFIED.,.F.,.F.,.F.,(2,2),(2,2),(-5.570740474746E-03,
    6.695369536856E-03),(-3.554718532749E-03,5.479041931772E-03),
  .PIECEWISE_BEZIER_KNOTS.);
#1913 = CARTESIAN_POINT('',(-14.14448964496,17.73662901127,
    20.57483635142));
#1914 = CARTESIAN_POINT('',(-21.2073679812,12.104171489206,
    20.57483635142));
#1915 = CARTESIAN_POINT('',(-6.496695144256,8.146598036783,
    20.57483635142));
#1916 = CARTESIAN_POINT('',(-13.55957348049,2.514140514719,
    20.57483635142));
#1917 = DEFINITIONAL_REPRESENTATION('',(#1918),#1921);
#1918 = B_SPLINE_CURVE_WITH_KNOTS('',1,(#1919,#1920),.UNSPECIFIED.,.F.,
  .F.,(2,2),(0.,1.136673871007E-02),.PIECEWISE_BEZIER_KNOTS.);
#1919 = CARTESIAN_POINT('',(6.695369536856E-03,8.688877595977E-04));
#1920 = CARTESIAN_POINT('',(-3.694492224098E-03,5.479041931772E-03));
#1921 = ( GEOMETRIC_REPRESENTATION_CONTEXT(2) 
PARAMETRIC_REPRESENTATION_CONTEXT() REPRESENTATION_CONTEXT('2D SPACE',''
  ) );
#1922 = ADVANCED_FACE('',(#1923),#1886,.T.);
#1923 = FACE_BOUND('',#1924,.T.);
#1924 = EDGE_LOOP('',(#1925,#1926,#1949,#1975));
#1925 = ORIENTED_EDGE('',*,*,#1872,.T.);
#1926 = ORIENTED_EDGE('',*,*,#1927,.T.);
#1927 = EDGE_CURVE('',#1848,#1928,#1930,.T.);
#1928 = VERTEX_POINT('',#1929);
#1929 = CARTESIAN_POINT('',(-14.14448964496,17.73662901127,
    26.863065664153));
#1930 = SURFACE_CURVE('',#1931,(#1935,#1942),.PCURVE_S1.);
#1931 = ( BOUNDED_CURVE() B_SPLINE_CURVE(2,(#1932,#1933,#1934),
.UNSPECIFIED.,.F.,.F.) B_SPLINE_CURVE_WITH_KNOTS((3,3),(5.873622199108,
6.28318530718),.PIECEWISE_BEZIER_KNOTS.) CURVE() 
GEOMETRIC_REPRESENTATION_ITEM() RATIONAL_B_SPLINE_CURVE((1.,
0.979105429584,1.)) REPRESENTATION_ITEM('') );
#1932 = CARTESIAN_POINT('',(-20.03754633117,10.637261537924,
    26.863065664153));
#1933 = CARTESIAN_POINT('',(-17.82826223175,14.798918402614,
    26.863065664153));
#1934 = CARTESIAN_POINT('',(-14.14448964496,17.73662901127,
    26.863065664153));
#1935 = PCURVE('',#1886,#1936);
#1936 = DEFINITIONAL_REPRESENTATION('',(#1937),#1941);
#1937 = B_SPLINE_CURVE_WITH_KNOTS('',2,(#1938,#1939,#1940),
  .UNSPECIFIED.,.F.,.F.,(3,3),(5.873622199108,6.28318530718),
  .PIECEWISE_BEZIER_KNOTS.);
#1938 = CARTESIAN_POINT('',(5.873622199108,-6.288229312733E-03));
#1939 = CARTESIAN_POINT('',(6.078403753144,-6.288229312733E-03));
#1940 = CARTESIAN_POINT('',(6.28318530718,-6.288229312733E-03));
#1941 = ( GEOMETRIC_REPRESENTATION_CONTEXT(2) 
PARAMETRIC_REPRESENTATION_CONTEXT() REPRESENTATION_CONTEXT('2D SPACE',''
  ) );
#1942 = PCURVE('',#1861,#1943);
#1943 = DEFINITIONAL_REPRESENTATION('',(#1944),#1948);
#1944 = ( BOUNDED_CURVE() B_SPLINE_CURVE(2,(#1945,#1946,#1947),
.UNSPECIFIED.,.F.,.F.) B_SPLINE_CURVE_WITH_KNOTS((3,3),(5.873622199108,
6.28318530718),.PIECEWISE_BEZIER_KNOTS.) CURVE() 
GEOMETRIC_REPRESENTATION_ITEM() RATIONAL_B_SPLINE_CURVE((1.,
0.979105429584,1.)) REPRESENTATION_ITEM('') );
#1945 = CARTESIAN_POINT('',(-3.694492224098E-03,5.479041931772E-03));
#1946 = CARTESIAN_POINT('',(-5.570740474746E-03,1.157003455162E-03));
#1947 = CARTESIAN_POINT('',(-5.570740474746E-03,-3.554718532749E-03));
#1948 = ( GEOMETRIC_REPRESENTATION_CONTEXT(2) 
PARAMETRIC_REPRESENTATION_CONTEXT() REPRESENTATION_CONTEXT('2D SPACE',''
  ) );
#1949 = ORIENTED_EDGE('',*,*,#1950,.F.);
#1950 = EDGE_CURVE('',#1951,#1928,#1953,.T.);
#1951 = VERTEX_POINT('',#1952);
#1952 = CARTESIAN_POINT('',(-14.14448964496,17.73662901127,
    20.57483635142));
#1953 = SURFACE_CURVE('',#1954,(#1957,#1964),.PCURVE_S1.);
#1954 = B_SPLINE_CURVE_WITH_KNOTS('',1,(#1955,#1956),.UNSPECIFIED.,.F.,
  .F.,(2,2),(0.,6.288229312733E-03),.PIECEWISE_BEZIER_KNOTS.);
#1955 = CARTESIAN_POINT('',(-14.14448964496,17.73662901127,
    20.57483635142));
#1956 = CARTESIAN_POINT('',(-14.14448964496,17.73662901127,
    26.863065664153));
#1957 = PCURVE('',#1886,#1958);
#1958 = DEFINITIONAL_REPRESENTATION('',(#1959),#1963);
#1959 = B_SPLINE_CURVE_WITH_KNOTS('',2,(#1960,#1961,#1962),
  .UNSPECIFIED.,.F.,.F.,(3,3),(0.,6.288229312733E-03),
  .PIECEWISE_BEZIER_KNOTS.);
#1960 = CARTESIAN_POINT('',(6.28318530718,0.));
#1961 = CARTESIAN_POINT('',(6.28318530718,-3.144114656366E-03));
#1962 = CARTESIAN_POINT('',(6.28318530718,-6.288229312733E-03));
#1963 = ( GEOMETRIC_REPRESENTATION_CONTEXT(2) 
PARAMETRIC_REPRESENTATION_CONTEXT() REPRESENTATION_CONTEXT('2D SPACE',''
  ) );
#1964 = PCURVE('',#1965,#1970);
#1965 = B_SPLINE_SURFACE_WITH_KNOTS('',1,1,(
    (#1966,#1967)
    ,(#1968,#1969
    )),.UNSPECIFIED.,.F.,.F.,.F.,(2,2),(2,2),(0.,1.136673871007E-02),(
    -6.288229312733E-03,0.),.PIECEWISE_BEZIER_KNOTS.);
#1966 = CARTESIAN_POINT('',(-14.14448964496,17.73662901127,
    26.863065664153));
#1967 = CARTESIAN_POINT('',(-14.14448964496,17.73662901127,
    20.57483635142));
#1968 = CARTESIAN_POINT('',(-7.129241441229,8.792969718625,
    26.863065664153));
#1969 = CARTESIAN_POINT('',(-7.129241441229,8.792969718625,
    20.57483635142));
#1970 = DEFINITIONAL_REPRESENTATION('',(#1971),#1974);
#1971 = B_SPLINE_CURVE_WITH_KNOTS('',1,(#1972,#1973),.UNSPECIFIED.,.F.,
  .F.,(2,2),(0.,6.288229312733E-03),.PIECEWISE_BEZIER_KNOTS.);
#1972 = CARTESIAN_POINT('',(0.,0.));
#1973 = CARTESIAN_POINT('',(0.,-6.288229312733E-03));
#1974 = ( GEOMETRIC_REPRESENTATION_CONTEXT(2) 
PARAMETRIC_REPRESENTATION_CONTEXT() REPRESENTATION_CONTEXT('2D SPACE',''
  ) );
#1975 = ORIENTED_EDGE('',*,*,#1976,.F.);
#1976 = EDGE_CURVE('',#1873,#1951,#1977,.T.);
#1977 = SURFACE_CURVE('',#1978,(#1982,#1989),.PCURVE_S1.);
#1978 = ( BOUNDED_CURVE() B_SPLINE_CURVE(2,(#1979,#1980,#1981),
.UNSPECIFIED.,.F.,.F.) B_SPLINE_CURVE_WITH_KNOTS((3,3),(5.873622199108,
6.28318530718),.PIECEWISE_BEZIER_KNOTS.) CURVE() 
GEOMETRIC_REPRESENTATION_ITEM() RATIONAL_B_SPLINE_CURVE((1.,
0.979105429584,1.)) REPRESENTATION_ITEM('') );
#1979 = CARTESIAN_POINT('',(-20.03754633117,10.637261537924,
    20.57483635142));
#1980 = CARTESIAN_POINT('',(-17.82826223175,14.798918402614,
    20.57483635142));
#1981 = CARTESIAN_POINT('',(-14.14448964496,17.73662901127,
    20.57483635142));
#1982 = PCURVE('',#1886,#1983);
#1983 = DEFINITIONAL_REPRESENTATION('',(#1984),#1988);
#1984 = B_SPLINE_CURVE_WITH_KNOTS('',2,(#1985,#1986,#1987),
  .UNSPECIFIED.,.F.,.F.,(3,3),(5.873622199108,6.28318530718),
  .PIECEWISE_BEZIER_KNOTS.);
#1985 = CARTESIAN_POINT('',(5.873622199108,0.));
#1986 = CARTESIAN_POINT('',(6.078403753144,0.));
#1987 = CARTESIAN_POINT('',(6.28318530718,0.));
#1988 = ( GEOMETRIC_REPRESENTATION_CONTEXT(2) 
PARAMETRIC_REPRESENTATION_CONTEXT() REPRESENTATION_CONTEXT('2D SPACE',''
  ) );
#1989 = PCURVE('',#1912,#1990);
#1990 = DEFINITIONAL_REPRESENTATION('',(#1991),#1995);
#1991 = ( BOUNDED_CURVE() B_SPLINE_CURVE(2,(#1992,#1993,#1994),
.UNSPECIFIED.,.F.,.F.) B_SPLINE_CURVE_WITH_KNOTS((3,3),(5.873622199108,
6.28318530718),.PIECEWISE_BEZIER_KNOTS.) CURVE() 
GEOMETRIC_REPRESENTATION_ITEM() RATIONAL_B_SPLINE_CURVE((1.,
0.979105429584,1.)) REPRESENTATION_ITEM('') );
#1992 = CARTESIAN_POINT('',(-3.694492224098E-03,5.479041931772E-03));
#1993 = CARTESIAN_POINT('',(-5.570740474746E-03,1.157003455162E-03));
#1994 = CARTESIAN_POINT('',(-5.570740474746E-03,-3.554718532749E-03));
#1995 = ( GEOMETRIC_REPRESENTATION_CONTEXT(2) 
PARAMETRIC_REPRESENTATION_CONTEXT() REPRESENTATION_CONTEXT('2D SPACE',''
  ) );
#1996 = ADVANCED_FACE('',(#1997),#1965,.T.);
#1997 = FACE_BOUND('',#1998,.T.);
#1998 = EDGE_LOOP('',(#1999,#2000,#2020,#2041));
#1999 = ORIENTED_EDGE('',*,*,#1950,.T.);
#2000 = ORIENTED_EDGE('',*,*,#2001,.T.);
#2001 = EDGE_CURVE('',#1928,#2002,#2004,.T.);
#2002 = VERTEX_POINT('',#2003);
#2003 = CARTESIAN_POINT('',(-7.129241441229,8.792969718625,
    26.863065664153));
#2004 = SURFACE_CURVE('',#2005,(#2008,#2014),.PCURVE_S1.);
#2005 = B_SPLINE_CURVE_WITH_KNOTS('',1,(#2006,#2007),.UNSPECIFIED.,.F.,
  .F.,(2,2),(0.,1.136673871007E-02),.PIECEWISE_BEZIER_KNOTS.);
#2006 = CARTESIAN_POINT('',(-14.14448964496,17.73662901127,
    26.863065664153));
#2007 = CARTESIAN_POINT('',(-7.129241441229,8.792969718625,
    26.863065664153));
#2008 = PCURVE('',#1965,#2009);
#2009 = DEFINITIONAL_REPRESENTATION('',(#2010),#2013);
#2010 = B_SPLINE_CURVE_WITH_KNOTS('',1,(#2011,#2012),.UNSPECIFIED.,.F.,
  .F.,(2,2),(0.,1.136673871007E-02),.PIECEWISE_BEZIER_KNOTS.);
#2011 = CARTESIAN_POINT('',(0.,-6.288229312733E-03));
#2012 = CARTESIAN_POINT('',(1.136673871007E-02,-6.288229312733E-03));
#2013 = ( GEOMETRIC_REPRESENTATION_CONTEXT(2) 
PARAMETRIC_REPRESENTATION_CONTEXT() REPRESENTATION_CONTEXT('2D SPACE',''
  ) );
#2014 = PCURVE('',#1861,#2015);
#2015 = DEFINITIONAL_REPRESENTATION('',(#2016),#2019);
#2016 = B_SPLINE_CURVE_WITH_KNOTS('',1,(#2017,#2018),.UNSPECIFIED.,.F.,
  .F.,(2,2),(0.,1.136673871007E-02),.PIECEWISE_BEZIER_KNOTS.);
#2017 = CARTESIAN_POINT('',(-5.570740474746E-03,-3.554718532749E-03));
#2018 = CARTESIAN_POINT('',(5.795629641249E-03,-3.463180075495E-03));
#2019 = ( GEOMETRIC_REPRESENTATION_CONTEXT(2) 
PARAMETRIC_REPRESENTATION_CONTEXT() REPRESENTATION_CONTEXT('2D SPACE',''
  ) );
#2020 = ORIENTED_EDGE('',*,*,#2021,.F.);
#2021 = EDGE_CURVE('',#2022,#2002,#2024,.T.);
#2022 = VERTEX_POINT('',#2023);
#2023 = CARTESIAN_POINT('',(-7.129241441229,8.792969718625,
    20.57483635142));
#2024 = SURFACE_CURVE('',#2025,(#2028,#2034),.PCURVE_S1.);
#2025 = B_SPLINE_CURVE_WITH_KNOTS('',1,(#2026,#2027),.UNSPECIFIED.,.F.,
  .F.,(2,2),(0.,6.288229312733E-03),.PIECEWISE_BEZIER_KNOTS.);
#2026 = CARTESIAN_POINT('',(-7.129241441229,8.792969718625,
    20.57483635142));
#2027 = CARTESIAN_POINT('',(-7.129241441229,8.792969718625,
    26.863065664153));
#2028 = PCURVE('',#1965,#2029);
#2029 = DEFINITIONAL_REPRESENTATION('',(#2030),#2033);
#2030 = B_SPLINE_CURVE_WITH_KNOTS('',1,(#2031,#2032),.UNSPECIFIED.,.F.,
  .F.,(2,2),(0.,6.288229312733E-03),.PIECEWISE_BEZIER_KNOTS.);
#2031 = CARTESIAN_POINT('',(1.136673871007E-02,0.));
#2032 = CARTESIAN_POINT('',(1.136673871007E-02,-6.288229312733E-03));
#2033 = ( GEOMETRIC_REPRESENTATION_CONTEXT(2) 
PARAMETRIC_REPRESENTATION_CONTEXT() REPRESENTATION_CONTEXT('2D SPACE',''
  ) );
#2034 = PCURVE('',#1833,#2035);
#2035 = DEFINITIONAL_REPRESENTATION('',(#2036),#2040);
#2036 = B_SPLINE_CURVE_WITH_KNOTS('',2,(#2037,#2038,#2039),
  .UNSPECIFIED.,.F.,.F.,(3,3),(0.,6.288229312733E-03),
  .PIECEWISE_BEZIER_KNOTS.);
#2037 = CARTESIAN_POINT('',(3.149679177875,0.));
#2038 = CARTESIAN_POINT('',(3.149679177875,-3.144114656366E-03));
#2039 = CARTESIAN_POINT('',(3.149679177875,-6.288229312733E-03));
#2040 = ( GEOMETRIC_REPRESENTATION_CONTEXT(2) 
PARAMETRIC_REPRESENTATION_CONTEXT() REPRESENTATION_CONTEXT('2D SPACE',''
  ) );
#2041 = ORIENTED_EDGE('',*,*,#2042,.F.);
#2042 = EDGE_CURVE('',#1951,#2022,#2043,.T.);
#2043 = SURFACE_CURVE('',#2044,(#2047,#2053),.PCURVE_S1.);
#2044 = B_SPLINE_CURVE_WITH_KNOTS('',1,(#2045,#2046),.UNSPECIFIED.,.F.,
  .F.,(2,2),(0.,1.136673871007E-02),.PIECEWISE_BEZIER_KNOTS.);
#2045 = CARTESIAN_POINT('',(-14.14448964496,17.73662901127,
    20.57483635142));
#2046 = CARTESIAN_POINT('',(-7.129241441229,8.792969718625,
    20.57483635142));
#2047 = PCURVE('',#1965,#2048);
#2048 = DEFINITIONAL_REPRESENTATION('',(#2049),#2052);
#2049 = B_SPLINE_CURVE_WITH_KNOTS('',1,(#2050,#2051),.UNSPECIFIED.,.F.,
  .F.,(2,2),(0.,1.136673871007E-02),.PIECEWISE_BEZIER_KNOTS.);
#2050 = CARTESIAN_POINT('',(0.,0.));
#2051 = CARTESIAN_POINT('',(1.136673871007E-02,0.));
#2052 = ( GEOMETRIC_REPRESENTATION_CONTEXT(2) 
PARAMETRIC_REPRESENTATION_CONTEXT() REPRESENTATION_CONTEXT('2D SPACE',''
  ) );
#2053 = PCURVE('',#1912,#2054);
#2054 = DEFINITIONAL_REPRESENTATION('',(#2055),#2058);
#2055 = B_SPLINE_CURVE_WITH_KNOTS('',1,(#2056,#2057),.UNSPECIFIED.,.F.,
  .F.,(2,2),(0.,1.136673871007E-02),.PIECEWISE_BEZIER_KNOTS.);
#2056 = CARTESIAN_POINT('',(-5.570740474746E-03,-3.554718532749E-03));
#2057 = CARTESIAN_POINT('',(5.795629641249E-03,-3.463180075495E-03));
#2058 = ( GEOMETRIC_REPRESENTATION_CONTEXT(2) 
PARAMETRIC_REPRESENTATION_CONTEXT() REPRESENTATION_CONTEXT('2D SPACE',''
  ) );
#2059 = ADVANCED_FACE('',(#2060),#1833,.T.);
#2060 = FACE_BOUND('',#2061,.T.);
#2061 = EDGE_LOOP('',(#2062,#2063,#2084,#2085));
#2062 = ORIENTED_EDGE('',*,*,#2021,.T.);
#2063 = ORIENTED_EDGE('',*,*,#2064,.T.);
#2064 = EDGE_CURVE('',#2002,#1815,#2065,.T.);
#2065 = SURFACE_CURVE('',#2066,(#2070,#2077),.PCURVE_S1.);
#2066 = ( BOUNDED_CURVE() B_SPLINE_CURVE(2,(#2067,#2068,#2069),
.UNSPECIFIED.,.F.,.F.) B_SPLINE_CURVE_WITH_KNOTS((3,3),(3.149679177875,
3.543069237376),.PIECEWISE_BEZIER_KNOTS.) CURVE() 
GEOMETRIC_REPRESENTATION_ITEM() RATIONAL_B_SPLINE_CURVE((1.,
0.980717820329,1.)) REPRESENTATION_ITEM('') );
#2067 = CARTESIAN_POINT('',(-7.129241441229,8.792969718625,
    26.863065664153));
#2068 = CARTESIAN_POINT('',(-8.88143015177,7.372314721761,
    26.863065664153));
#2069 = CARTESIAN_POINT('',(-9.955209809656,5.388524626067,
    26.863065664153));
#2070 = PCURVE('',#1833,#2071);
#2071 = DEFINITIONAL_REPRESENTATION('',(#2072),#2076);
#2072 = B_SPLINE_CURVE_WITH_KNOTS('',2,(#2073,#2074,#2075),
  .UNSPECIFIED.,.F.,.F.,(3,3),(3.149679177875,3.543069237376),
  .PIECEWISE_BEZIER_KNOTS.);
#2073 = CARTESIAN_POINT('',(3.149679177875,-6.288229312733E-03));
#2074 = CARTESIAN_POINT('',(3.346374207625,-6.288229312733E-03));
#2075 = CARTESIAN_POINT('',(3.543069237376,-6.288229312733E-03));
#2076 = ( GEOMETRIC_REPRESENTATION_CONTEXT(2) 
PARAMETRIC_REPRESENTATION_CONTEXT() REPRESENTATION_CONTEXT('2D SPACE',''
  ) );
#2077 = PCURVE('',#1861,#2078);
#2078 = DEFINITIONAL_REPRESENTATION('',(#2079),#2083);
#2079 = ( BOUNDED_CURVE() B_SPLINE_CURVE(2,(#2080,#2081,#2082),
.UNSPECIFIED.,.F.,.F.) B_SPLINE_CURVE_WITH_KNOTS((3,3),(3.149679177875,
3.543069237376),.PIECEWISE_BEZIER_KNOTS.) CURVE() 
GEOMETRIC_REPRESENTATION_ITEM() RATIONAL_B_SPLINE_CURVE((1.,
0.980717820329,1.)) REPRESENTATION_ITEM('') );
#2080 = CARTESIAN_POINT('',(5.795629641249E-03,-3.463180075495E-03));
#2081 = CARTESIAN_POINT('',(5.813870651569E-03,-1.207499875865E-03));
#2082 = CARTESIAN_POINT('',(6.695369536856E-03,8.688877595977E-04));
#2083 = ( GEOMETRIC_REPRESENTATION_CONTEXT(2) 
PARAMETRIC_REPRESENTATION_CONTEXT() REPRESENTATION_CONTEXT('2D SPACE',''
  ) );
#2084 = ORIENTED_EDGE('',*,*,#1812,.F.);
#2085 = ORIENTED_EDGE('',*,*,#2086,.F.);
#2086 = EDGE_CURVE('',#2022,#1813,#2087,.T.);
#2087 = SURFACE_CURVE('',#2088,(#2092,#2099),.PCURVE_S1.);
#2088 = ( BOUNDED_CURVE() B_SPLINE_CURVE(2,(#2089,#2090,#2091),
.UNSPECIFIED.,.F.,.F.) B_SPLINE_CURVE_WITH_KNOTS((3,3),(3.149679177875,
3.543069237376),.PIECEWISE_BEZIER_KNOTS.) CURVE() 
GEOMETRIC_REPRESENTATION_ITEM() RATIONAL_B_SPLINE_CURVE((1.,
0.980717820329,1.)) REPRESENTATION_ITEM('') );
#2089 = CARTESIAN_POINT('',(-7.129241441229,8.792969718625,
    20.57483635142));
#2090 = CARTESIAN_POINT('',(-8.88143015177,7.372314721761,20.57483635142
    ));
#2091 = CARTESIAN_POINT('',(-9.955209809656,5.388524626067,
    20.57483635142));
#2092 = PCURVE('',#1833,#2093);
#2093 = DEFINITIONAL_REPRESENTATION('',(#2094),#2098);
#2094 = B_SPLINE_CURVE_WITH_KNOTS('',2,(#2095,#2096,#2097),
  .UNSPECIFIED.,.F.,.F.,(3,3),(3.149679177875,3.543069237376),
  .PIECEWISE_BEZIER_KNOTS.);
#2095 = CARTESIAN_POINT('',(3.149679177875,0.));
#2096 = CARTESIAN_POINT('',(3.346374207625,0.));
#2097 = CARTESIAN_POINT('',(3.543069237376,0.));
#2098 = ( GEOMETRIC_REPRESENTATION_CONTEXT(2) 
PARAMETRIC_REPRESENTATION_CONTEXT() REPRESENTATION_CONTEXT('2D SPACE',''
  ) );
#2099 = PCURVE('',#1912,#2100);
#2100 = DEFINITIONAL_REPRESENTATION('',(#2101),#2105);
#2101 = ( BOUNDED_CURVE() B_SPLINE_CURVE(2,(#2102,#2103,#2104),
.UNSPECIFIED.,.F.,.F.) B_SPLINE_CURVE_WITH_KNOTS((3,3),(3.149679177875,
3.543069237376),.PIECEWISE_BEZIER_KNOTS.) CURVE() 
GEOMETRIC_REPRESENTATION_ITEM() RATIONAL_B_SPLINE_CURVE((1.,
0.980717820329,1.)) REPRESENTATION_ITEM('') );
#2102 = CARTESIAN_POINT('',(5.795629641249E-03,-3.463180075495E-03));
#2103 = CARTESIAN_POINT('',(5.813870651569E-03,-1.207499875865E-03));
#2104 = CARTESIAN_POINT('',(6.695369536856E-03,8.688877595977E-04));
#2105 = ( GEOMETRIC_REPRESENTATION_CONTEXT(2) 
PARAMETRIC_REPRESENTATION_CONTEXT() REPRESENTATION_CONTEXT('2D SPACE',''
  ) );
#2106 = ADVANCED_FACE('',(#2107),#1912,.T.);
#2107 = FACE_BOUND('',#2108,.T.);
#2108 = EDGE_LOOP('',(#2109,#2110,#2111,#2112));
#2109 = ORIENTED_EDGE('',*,*,#1900,.T.);
#2110 = ORIENTED_EDGE('',*,*,#1976,.T.);
#2111 = ORIENTED_EDGE('',*,*,#2042,.T.);
#2112 = ORIENTED_EDGE('',*,*,#2086,.T.);
#2113 = ADVANCED_FACE('',(#2114),#1861,.F.);
#2114 = FACE_BOUND('',#2115,.F.);
#2115 = EDGE_LOOP('',(#2116,#2117,#2118,#2119));
#2116 = ORIENTED_EDGE('',*,*,#1847,.T.);
#2117 = ORIENTED_EDGE('',*,*,#1927,.T.);
#2118 = ORIENTED_EDGE('',*,*,#2001,.T.);
#2119 = ORIENTED_EDGE('',*,*,#2064,.T.);
#2120 = ( GEOMETRIC_REPRESENTATION_CONTEXT(3) 
GLOBAL_UNCERTAINTY_ASSIGNED_CONTEXT((#2124)) 
GLOBAL_UNIT_ASSIGNED_CONTEXT((#2121,#2122,#2123)) REPRESENTATION_CONTEXT
('Context #1','3D Context with UNIT and UNCERTAINTY') );
#2121 = ( LENGTH_UNIT() NAMED_UNIT(*) SI_UNIT(.MILLI.,.METRE.) );
#2122 = ( NAMED_UNIT(*) PLANE_ANGLE_UNIT() SI_UNIT($,.RADIAN.) );
#2123 = ( NAMED_UNIT(*) SI_UNIT($,.STERADIAN.) SOLID_ANGLE_UNIT() );
#2124 = UNCERTAINTY_MEASURE_WITH_UNIT(LENGTH_MEASURE(1.E-04),#2121,
  'distance_accuracy_value','confusion accuracy');
#2125 = CONTEXT_DEPENDENT_SHAPE_REPRESENTATION(#2126,#2128);
#2126 = ( REPRESENTATION_RELATIONSHIP('','',#1805,#10) 
REPRESENTATION_RELATIONSHIP_WITH_TRANSFORMATION(#2127) 
SHAPE_REPRESENTATION_RELATIONSHIP() );
#2127 = ITEM_DEFINED_TRANSFORMATION('','',#11,#35);
#2128 = PRODUCT_DEFINITION_SHAPE('Placement','Placement of an item',
  #2129);
#2129 = NEXT_ASSEMBLY_USAGE_OCCURRENCE('6050','','',#5,#1800,$);
#2130 = PRODUCT_RELATED_PRODUCT_CATEGORY('part',$,(#1802));
#2131 = SHAPE_DEFINITION_REPRESENTATION(#2132,#2138);
#2132 = PRODUCT_DEFINITION_SHAPE('','',#2133);
#2133 = PRODUCT_DEFINITION('design','',#2134,#2137);
#2134 = PRODUCT_DEFINITION_FORMATION('','',#2135);
#2135 = PRODUCT('Open CASCADE STEP translator 7.8 202.7',
  'Open CASCADE STEP translator 7.8 202.7','',(#2136));
#2136 = PRODUCT_CONTEXT('',#2,'mechanical');
#2137 = PRODUCT_DEFINITION_CONTEXT('part definition',#2,'design');
#2138 = ADVANCED_BREP_SHAPE_REPRESENTATION('',(#11,#2139),#2453);
#2139 = MANIFOLD_SOLID_BREP('',#2140);
#2140 = CLOSED_SHELL('',(#2141,#2255,#2329,#2392,#2439,#2446));
#2141 = ADVANCED_FACE('',(#2142),#2155,.T.);
#2142 = FACE_BOUND('',#2143,.T.);
#2143 = EDGE_LOOP('',(#2144,#2179,#2204,#2232));
#2144 = ORIENTED_EDGE('',*,*,#2145,.T.);
#2145 = EDGE_CURVE('',#2146,#2148,#2150,.T.);
#2146 = VERTEX_POINT('',#2147);
#2147 = CARTESIAN_POINT('',(-11.30732732502,0.535489276098,
    20.57483635142));
#2148 = VERTEX_POINT('',#2149);
#2149 = CARTESIAN_POINT('',(-11.30732732502,0.535489276098,
    26.863065664153));
#2150 = SURFACE_CURVE('',#2151,(#2154,#2165),.PCURVE_S1.);
#2151 = B_SPLINE_CURVE_WITH_KNOTS('',1,(#2152,#2153),.UNSPECIFIED.,.F.,
  .F.,(2,2),(0.,6.288229312733E-03),.PIECEWISE_BEZIER_KNOTS.);
#2152 = CARTESIAN_POINT('',(-11.30732732502,0.535489276098,
    20.57483635142));
#2153 = CARTESIAN_POINT('',(-11.30732732502,0.535489276098,
    26.863065664153));
#2154 = PCURVE('',#2155,#2160);
#2155 = B_SPLINE_SURFACE_WITH_KNOTS('',1,1,(
    (#2156,#2157)
    ,(#2158,#2159
    )),.UNSPECIFIED.,.F.,.F.,.F.,(2,2),(2,2),(0.,1.136673871007E-02),(
    -6.288229312733E-03,0.),.PIECEWISE_BEZIER_KNOTS.);
#2156 = CARTESIAN_POINT('',(-11.30732732502,0.535489276098,
    26.863065664153));
#2157 = CARTESIAN_POINT('',(-11.30732732502,0.535489276098,
    20.57483635142));
#2158 = CARTESIAN_POINT('',(-22.66854024358,0.889875960496,
    26.863065664153));
#2159 = CARTESIAN_POINT('',(-22.66854024358,0.889875960496,
    20.57483635142));
#2160 = DEFINITIONAL_REPRESENTATION('',(#2161),#2164);
#2161 = B_SPLINE_CURVE_WITH_KNOTS('',1,(#2162,#2163),.UNSPECIFIED.,.F.,
  .F.,(2,2),(0.,6.288229312733E-03),.PIECEWISE_BEZIER_KNOTS.);
#2162 = CARTESIAN_POINT('',(0.,0.));
#2163 = CARTESIAN_POINT('',(0.,-6.288229312733E-03));
#2164 = ( GEOMETRIC_REPRESENTATION_CONTEXT(2) 
PARAMETRIC_REPRESENTATION_CONTEXT() REPRESENTATION_CONTEXT('2D SPACE',''
  ) );
#2165 = PCURVE('',#2166,#2173);
#2166 = ( BOUNDED_SURFACE() B_SPLINE_SURFACE(2,1,(
    (#2167,#2168)
    ,(#2169,#2170)
    ,(#2171,#2172
)),.UNSPECIFIED.,.F.,.F.,.F.) B_SPLINE_SURFACE_WITH_KNOTS((3,3),(2,2),(
    3.149679177875,3.543069237376),(-6.288229312733E-03,0.),
.PIECEWISE_BEZIER_KNOTS.) GEOMETRIC_REPRESENTATION_ITEM() 
RATIONAL_B_SPLINE_SURFACE((
    (1.,1.)
    ,(0.980717820329,0.980717820329)
,(1.,1.))) REPRESENTATION_ITEM('') SURFACE() );
#2167 = CARTESIAN_POINT('',(-10.23835116977,4.828930039298,
    26.863065664153));
#2168 = CARTESIAN_POINT('',(-10.23835116977,4.828930039298,
    20.57483635142));
#2169 = CARTESIAN_POINT('',(-11.20061954662,2.788717925724,
    26.863065664153));
#2170 = CARTESIAN_POINT('',(-11.20061954662,2.788717925724,
    20.57483635142));
#2171 = CARTESIAN_POINT('',(-11.30732732502,0.535489276098,
    26.863065664153));
#2172 = CARTESIAN_POINT('',(-11.30732732502,0.535489276098,
    20.57483635142));
#2173 = DEFINITIONAL_REPRESENTATION('',(#2174),#2178);
#2174 = B_SPLINE_CURVE_WITH_KNOTS('',2,(#2175,#2176,#2177),
  .UNSPECIFIED.,.F.,.F.,(3,3),(0.,6.288229312733E-03),
  .PIECEWISE_BEZIER_KNOTS.);
#2175 = CARTESIAN_POINT('',(3.543069237376,0.));
#2176 = CARTESIAN_POINT('',(3.543069237376,-3.144114656366E-03));
#2177 = CARTESIAN_POINT('',(3.543069237376,-6.288229312733E-03));
#2178 = ( GEOMETRIC_REPRESENTATION_CONTEXT(2) 
PARAMETRIC_REPRESENTATION_CONTEXT() REPRESENTATION_CONTEXT('2D SPACE',''
  ) );
#2179 = ORIENTED_EDGE('',*,*,#2180,.T.);
#2180 = EDGE_CURVE('',#2148,#2181,#2183,.T.);
#2181 = VERTEX_POINT('',#2182);
#2182 = CARTESIAN_POINT('',(-22.66854024358,0.889875960496,
    26.863065664153));
#2183 = SURFACE_CURVE('',#2184,(#2187,#2193),.PCURVE_S1.);
#2184 = B_SPLINE_CURVE_WITH_KNOTS('',1,(#2185,#2186),.UNSPECIFIED.,.F.,
  .F.,(2,2),(0.,1.136673871007E-02),.PIECEWISE_BEZIER_KNOTS.);
#2185 = CARTESIAN_POINT('',(-11.30732732502,0.535489276098,
    26.863065664153));
#2186 = CARTESIAN_POINT('',(-22.66854024358,0.889875960496,
    26.863065664153));
#2187 = PCURVE('',#2155,#2188);
#2188 = DEFINITIONAL_REPRESENTATION('',(#2189),#2192);
#2189 = B_SPLINE_CURVE_WITH_KNOTS('',1,(#2190,#2191),.UNSPECIFIED.,.F.,
  .F.,(2,2),(0.,1.136673871007E-02),.PIECEWISE_BEZIER_KNOTS.);
#2190 = CARTESIAN_POINT('',(0.,-6.288229312733E-03));
#2191 = CARTESIAN_POINT('',(1.136673871007E-02,-6.288229312733E-03));
#2192 = ( GEOMETRIC_REPRESENTATION_CONTEXT(2) 
PARAMETRIC_REPRESENTATION_CONTEXT() REPRESENTATION_CONTEXT('2D SPACE',''
  ) );
#2193 = PCURVE('',#2194,#2199);
#2194 = B_SPLINE_SURFACE_WITH_KNOTS('',1,1,(
    (#2195,#2196)
    ,(#2197,#2198
    )),.UNSPECIFIED.,.F.,.F.,.F.,(2,2),(2,2),(-5.570740474746E-03,
    6.695369536856E-03),(-3.554718532749E-03,5.479041931772E-03),
  .PIECEWISE_BEZIER_KNOTS.);
#2195 = CARTESIAN_POINT('',(-20.43937973723,9.843086505621,
    26.863065664153));
#2196 = CARTESIAN_POINT('',(-24.35898150587,1.703949567,26.863065664153)
  );
#2197 = CARTESIAN_POINT('',(-9.387996486515,4.52102082936,
    26.863065664153));
#2198 = CARTESIAN_POINT('',(-13.30759825515,-3.618116109261,
    26.863065664153));
#2199 = DEFINITIONAL_REPRESENTATION('',(#2200),#2203);
#2200 = B_SPLINE_CURVE_WITH_KNOTS('',1,(#2201,#2202),.UNSPECIFIED.,.F.,
  .F.,(2,2),(0.,1.136673871007E-02),.PIECEWISE_BEZIER_KNOTS.);
#2201 = CARTESIAN_POINT('',(6.695369536856E-03,8.688877595977E-04));
#2202 = CARTESIAN_POINT('',(-3.694492224098E-03,5.479041931772E-03));
#2203 = ( GEOMETRIC_REPRESENTATION_CONTEXT(2) 
PARAMETRIC_REPRESENTATION_CONTEXT() REPRESENTATION_CONTEXT('2D SPACE',''
  ) );
#2204 = ORIENTED_EDGE('',*,*,#2205,.F.);
#2205 = EDGE_CURVE('',#2206,#2181,#2208,.T.);
#2206 = VERTEX_POINT('',#2207);
#2207 = CARTESIAN_POINT('',(-22.66854024358,0.889875960496,
    20.57483635142));
#2208 = SURFACE_CURVE('',#2209,(#2212,#2218),.PCURVE_S1.);
#2209 = B_SPLINE_CURVE_WITH_KNOTS('',1,(#2210,#2211),.UNSPECIFIED.,.F.,
  .F.,(2,2),(0.,6.288229312733E-03),.PIECEWISE_BEZIER_KNOTS.);
#2210 = CARTESIAN_POINT('',(-22.66854024358,0.889875960496,
    20.57483635142));
#2211 = CARTESIAN_POINT('',(-22.66854024358,0.889875960496,
    26.863065664153));
#2212 = PCURVE('',#2155,#2213);
#2213 = DEFINITIONAL_REPRESENTATION('',(#2214),#2217);
#2214 = B_SPLINE_CURVE_WITH_KNOTS('',1,(#2215,#2216),.UNSPECIFIED.,.F.,
  .F.,(2,2),(0.,6.288229312733E-03),.PIECEWISE_BEZIER_KNOTS.);
#2215 = CARTESIAN_POINT('',(1.136673871007E-02,0.));
#2216 = CARTESIAN_POINT('',(1.136673871007E-02,-6.288229312733E-03));
#2217 = ( GEOMETRIC_REPRESENTATION_CONTEXT(2) 
PARAMETRIC_REPRESENTATION_CONTEXT() REPRESENTATION_CONTEXT('2D SPACE',''
  ) );
#2218 = PCURVE('',#2219,#2226);
#2219 = ( BOUNDED_SURFACE() B_SPLINE_SURFACE(2,1,(
    (#2220,#2221)
    ,(#2222,#2223)
    ,(#2224,#2225
)),.UNSPECIFIED.,.F.,.F.,.F.) B_SPLINE_SURFACE_WITH_KNOTS((3,3),(2,2),(
    5.873622199108,6.28318530718),(-6.288229312733E-03,0.),
.PIECEWISE_BEZIER_KNOTS.) GEOMETRIC_REPRESENTATION_ITEM() 
RATIONAL_B_SPLINE_SURFACE((
    (1.,1.)
    ,(0.979105429584,0.979105429584)
,(1.,1.))) REPRESENTATION_ITEM('') SURFACE() );
#2220 = CARTESIAN_POINT('',(-22.66854024358,0.889875960496,
    26.863065664153));
#2221 = CARTESIAN_POINT('',(-22.66854024358,0.889875960496,
    20.57483635142));
#2222 = CARTESIAN_POINT('',(-22.48371929103,5.597971680302,
    26.863065664153));
#2223 = CARTESIAN_POINT('',(-22.48371929103,5.597971680302,
    20.57483635142));
#2224 = CARTESIAN_POINT('',(-20.43937973723,9.843086505621,
    26.863065664153));
#2225 = CARTESIAN_POINT('',(-20.43937973723,9.843086505621,
    20.57483635142));
#2226 = DEFINITIONAL_REPRESENTATION('',(#2227),#2231);
#2227 = B_SPLINE_CURVE_WITH_KNOTS('',2,(#2228,#2229,#2230),
  .UNSPECIFIED.,.F.,.F.,(3,3),(0.,6.288229312733E-03),
  .PIECEWISE_BEZIER_KNOTS.);
#2228 = CARTESIAN_POINT('',(5.873622199108,0.));
#2229 = CARTESIAN_POINT('',(5.873622199108,-3.144114656366E-03));
#2230 = CARTESIAN_POINT('',(5.873622199108,-6.288229312733E-03));
#2231 = ( GEOMETRIC_REPRESENTATION_CONTEXT(2) 
PARAMETRIC_REPRESENTATION_CONTEXT() REPRESENTATION_CONTEXT('2D SPACE',''
  ) );
#2232 = ORIENTED_EDGE('',*,*,#2233,.F.);
#2233 = EDGE_CURVE('',#2146,#2206,#2234,.T.);
#2234 = SURFACE_CURVE('',#2235,(#2238,#2244),.PCURVE_S1.);
#2235 = B_SPLINE_CURVE_WITH_KNOTS('',1,(#2236,#2237),.UNSPECIFIED.,.F.,
  .F.,(2,2),(0.,1.136673871007E-02),.PIECEWISE_BEZIER_KNOTS.);
#2236 = CARTESIAN_POINT('',(-11.30732732502,0.535489276098,
    20.57483635142));
#2237 = CARTESIAN_POINT('',(-22.66854024358,0.889875960496,
    20.57483635142));
#2238 = PCURVE('',#2155,#2239);
#2239 = DEFINITIONAL_REPRESENTATION('',(#2240),#2243);
#2240 = B_SPLINE_CURVE_WITH_KNOTS('',1,(#2241,#2242),.UNSPECIFIED.,.F.,
  .F.,(2,2),(0.,1.136673871007E-02),.PIECEWISE_BEZIER_KNOTS.);
#2241 = CARTESIAN_POINT('',(0.,0.));
#2242 = CARTESIAN_POINT('',(1.136673871007E-02,0.));
#2243 = ( GEOMETRIC_REPRESENTATION_CONTEXT(2) 
PARAMETRIC_REPRESENTATION_CONTEXT() REPRESENTATION_CONTEXT('2D SPACE',''
  ) );
#2244 = PCURVE('',#2245,#2250);
#2245 = B_SPLINE_SURFACE_WITH_KNOTS('',1,1,(
    (#2246,#2247)
    ,(#2248,#2249
    )),.UNSPECIFIED.,.F.,.F.,.F.,(2,2),(2,2),(-5.570740474746E-03,
    6.695369536856E-03),(-3.554718532749E-03,5.479041931772E-03),
  .PIECEWISE_BEZIER_KNOTS.);
#2246 = CARTESIAN_POINT('',(-20.43937973723,9.843086505621,
    20.57483635142));
#2247 = CARTESIAN_POINT('',(-24.35898150587,1.703949567,20.57483635142)
  );
#2248 = CARTESIAN_POINT('',(-9.387996486515,4.52102082936,20.57483635142
    ));
#2249 = CARTESIAN_POINT('',(-13.30759825515,-3.618116109261,
    20.57483635142));
#2250 = DEFINITIONAL_REPRESENTATION('',(#2251),#2254);
#2251 = B_SPLINE_CURVE_WITH_KNOTS('',1,(#2252,#2253),.UNSPECIFIED.,.F.,
  .F.,(2,2),(0.,1.136673871007E-02),.PIECEWISE_BEZIER_KNOTS.);
#2252 = CARTESIAN_POINT('',(6.695369536856E-03,8.688877595977E-04));
#2253 = CARTESIAN_POINT('',(-3.694492224098E-03,5.479041931772E-03));
#2254 = ( GEOMETRIC_REPRESENTATION_CONTEXT(2) 
PARAMETRIC_REPRESENTATION_CONTEXT() REPRESENTATION_CONTEXT('2D SPACE',''
  ) );
#2255 = ADVANCED_FACE('',(#2256),#2219,.T.);
#2256 = FACE_BOUND('',#2257,.T.);
#2257 = EDGE_LOOP('',(#2258,#2259,#2282,#2308));
#2258 = ORIENTED_EDGE('',*,*,#2205,.T.);
#2259 = ORIENTED_EDGE('',*,*,#2260,.T.);
#2260 = EDGE_CURVE('',#2181,#2261,#2263,.T.);
#2261 = VERTEX_POINT('',#2262);
#2262 = CARTESIAN_POINT('',(-20.43937973723,9.843086505621,
    26.863065664153));
#2263 = SURFACE_CURVE('',#2264,(#2268,#2275),.PCURVE_S1.);
#2264 = ( BOUNDED_CURVE() B_SPLINE_CURVE(2,(#2265,#2266,#2267),
.UNSPECIFIED.,.F.,.F.) B_SPLINE_CURVE_WITH_KNOTS((3,3),(5.873622199108,
6.28318530718),.PIECEWISE_BEZIER_KNOTS.) CURVE() 
GEOMETRIC_REPRESENTATION_ITEM() RATIONAL_B_SPLINE_CURVE((1.,
0.979105429584,1.)) REPRESENTATION_ITEM('') );
#2265 = CARTESIAN_POINT('',(-22.66854024358,0.889875960496,
    26.863065664153));
#2266 = CARTESIAN_POINT('',(-22.48371929103,5.597971680302,
    26.863065664153));
#2267 = CARTESIAN_POINT('',(-20.43937973723,9.843086505621,
    26.863065664153));
#2268 = PCURVE('',#2219,#2269);
#2269 = DEFINITIONAL_REPRESENTATION('',(#2270),#2274);
#2270 = B_SPLINE_CURVE_WITH_KNOTS('',2,(#2271,#2272,#2273),
  .UNSPECIFIED.,.F.,.F.,(3,3),(5.873622199108,6.28318530718),
  .PIECEWISE_BEZIER_KNOTS.);
#2271 = CARTESIAN_POINT('',(5.873622199108,-6.288229312733E-03));
#2272 = CARTESIAN_POINT('',(6.078403753144,-6.288229312733E-03));
#2273 = CARTESIAN_POINT('',(6.28318530718,-6.288229312733E-03));
#2274 = ( GEOMETRIC_REPRESENTATION_CONTEXT(2) 
PARAMETRIC_REPRESENTATION_CONTEXT() REPRESENTATION_CONTEXT('2D SPACE',''
  ) );
#2275 = PCURVE('',#2194,#2276);
#2276 = DEFINITIONAL_REPRESENTATION('',(#2277),#2281);
#2277 = ( BOUNDED_CURVE() B_SPLINE_CURVE(2,(#2278,#2279,#2280),
.UNSPECIFIED.,.F.,.F.) B_SPLINE_CURVE_WITH_KNOTS((3,3),(5.873622199108,
6.28318530718),.PIECEWISE_BEZIER_KNOTS.) CURVE() 
GEOMETRIC_REPRESENTATION_ITEM() RATIONAL_B_SPLINE_CURVE((1.,
0.979105429584,1.)) REPRESENTATION_ITEM('') );
#2278 = CARTESIAN_POINT('',(-3.694492224098E-03,5.479041931772E-03));
#2279 = CARTESIAN_POINT('',(-5.570740474746E-03,1.157003455162E-03));
#2280 = CARTESIAN_POINT('',(-5.570740474746E-03,-3.554718532749E-03));
#2281 = ( GEOMETRIC_REPRESENTATION_CONTEXT(2) 
PARAMETRIC_REPRESENTATION_CONTEXT() REPRESENTATION_CONTEXT('2D SPACE',''
  ) );
#2282 = ORIENTED_EDGE('',*,*,#2283,.F.);
#2283 = EDGE_CURVE('',#2284,#2261,#2286,.T.);
#2284 = VERTEX_POINT('',#2285);
#2285 = CARTESIAN_POINT('',(-20.43937973723,9.843086505621,
    20.57483635142));
#2286 = SURFACE_CURVE('',#2287,(#2290,#2297),.PCURVE_S1.);
#2287 = B_SPLINE_CURVE_WITH_KNOTS('',1,(#2288,#2289),.UNSPECIFIED.,.F.,
  .F.,(2,2),(0.,6.288229312733E-03),.PIECEWISE_BEZIER_KNOTS.);
#2288 = CARTESIAN_POINT('',(-20.43937973723,9.843086505621,
    20.57483635142));
#2289 = CARTESIAN_POINT('',(-20.43937973723,9.843086505621,
    26.863065664153));
#2290 = PCURVE('',#2219,#2291);
#2291 = DEFINITIONAL_REPRESENTATION('',(#2292),#2296);
#2292 = B_SPLINE_CURVE_WITH_KNOTS('',2,(#2293,#2294,#2295),
  .UNSPECIFIED.,.F.,.F.,(3,3),(0.,6.288229312733E-03),
  .PIECEWISE_BEZIER_KNOTS.);
#2293 = CARTESIAN_POINT('',(6.28318530718,0.));
#2294 = CARTESIAN_POINT('',(6.28318530718,-3.144114656366E-03));
#2295 = CARTESIAN_POINT('',(6.28318530718,-6.288229312733E-03));
#2296 = ( GEOMETRIC_REPRESENTATION_CONTEXT(2) 
PARAMETRIC_REPRESENTATION_CONTEXT() REPRESENTATION_CONTEXT('2D SPACE',''
  ) );
#2297 = PCURVE('',#2298,#2303);
#2298 = B_SPLINE_SURFACE_WITH_KNOTS('',1,1,(
    (#2299,#2300)
    ,(#2301,#2302
    )),.UNSPECIFIED.,.F.,.F.,.F.,(2,2),(2,2),(0.,1.136673871007E-02),(
    -6.288229312733E-03,0.),.PIECEWISE_BEZIER_KNOTS.);
#2299 = CARTESIAN_POINT('',(-20.43937973723,9.843086505621,
    26.863065664153));
#2300 = CARTESIAN_POINT('',(-20.43937973723,9.843086505621,
    20.57483635142));
#2301 = CARTESIAN_POINT('',(-10.23835116977,4.828930039298,
    26.863065664153));
#2302 = CARTESIAN_POINT('',(-10.23835116977,4.828930039298,
    20.57483635142));
#2303 = DEFINITIONAL_REPRESENTATION('',(#2304),#2307);
#2304 = B_SPLINE_CURVE_WITH_KNOTS('',1,(#2305,#2306),.UNSPECIFIED.,.F.,
  .F.,(2,2),(0.,6.288229312733E-03),.PIECEWISE_BEZIER_KNOTS.);
#2305 = CARTESIAN_POINT('',(0.,0.));
#2306 = CARTESIAN_POINT('',(0.,-6.288229312733E-03));
#2307 = ( GEOMETRIC_REPRESENTATION_CONTEXT(2) 
PARAMETRIC_REPRESENTATION_CONTEXT() REPRESENTATION_CONTEXT('2D SPACE',''
  ) );
#2308 = ORIENTED_EDGE('',*,*,#2309,.F.);
#2309 = EDGE_CURVE('',#2206,#2284,#2310,.T.);
#2310 = SURFACE_CURVE('',#2311,(#2315,#2322),.PCURVE_S1.);
#2311 = ( BOUNDED_CURVE() B_SPLINE_CURVE(2,(#2312,#2313,#2314),
.UNSPECIFIED.,.F.,.F.) B_SPLINE_CURVE_WITH_KNOTS((3,3),(5.873622199108,
6.28318530718),.PIECEWISE_BEZIER_KNOTS.) CURVE() 
GEOMETRIC_REPRESENTATION_ITEM() RATIONAL_B_SPLINE_CURVE((1.,
0.979105429584,1.)) REPRESENTATION_ITEM('') );
#2312 = CARTESIAN_POINT('',(-22.66854024358,0.889875960496,
    20.57483635142));
#2313 = CARTESIAN_POINT('',(-22.48371929103,5.597971680302,
    20.57483635142));
#2314 = CARTESIAN_POINT('',(-20.43937973723,9.843086505621,
    20.57483635142));
#2315 = PCURVE('',#2219,#2316);
#2316 = DEFINITIONAL_REPRESENTATION('',(#2317),#2321);
#2317 = B_SPLINE_CURVE_WITH_KNOTS('',2,(#2318,#2319,#2320),
  .UNSPECIFIED.,.F.,.F.,(3,3),(5.873622199108,6.28318530718),
  .PIECEWISE_BEZIER_KNOTS.);
#2318 = CARTESIAN_POINT('',(5.873622199108,0.));
#2319 = CARTESIAN_POINT('',(6.078403753144,0.));
#2320 = CARTESIAN_POINT('',(6.28318530718,0.));
#2321 = ( GEOMETRIC_REPRESENTATION_CONTEXT(2) 
PARAMETRIC_REPRESENTATION_CONTEXT() REPRESENTATION_CONTEXT('2D SPACE',''
  ) );
#2322 = PCURVE('',#2245,#2323);
#2323 = DEFINITIONAL_REPRESENTATION('',(#2324),#2328);
#2324 = ( BOUNDED_CURVE() B_SPLINE_CURVE(2,(#2325,#2326,#2327),
.UNSPECIFIED.,.F.,.F.) B_SPLINE_CURVE_WITH_KNOTS((3,3),(5.873622199108,
6.28318530718),.PIECEWISE_BEZIER_KNOTS.) CURVE() 
GEOMETRIC_REPRESENTATION_ITEM() RATIONAL_B_SPLINE_CURVE((1.,
0.979105429584,1.)) REPRESENTATION_ITEM('') );
#2325 = CARTESIAN_POINT('',(-3.694492224098E-03,5.479041931772E-03));
#2326 = CARTESIAN_POINT('',(-5.570740474746E-03,1.157003455162E-03));
#2327 = CARTESIAN_POINT('',(-5.570740474746E-03,-3.554718532749E-03));
#2328 = ( GEOMETRIC_REPRESENTATION_CONTEXT(2) 
PARAMETRIC_REPRESENTATION_CONTEXT() REPRESENTATION_CONTEXT('2D SPACE',''
  ) );
#2329 = ADVANCED_FACE('',(#2330),#2298,.T.);
#2330 = FACE_BOUND('',#2331,.T.);
#2331 = EDGE_LOOP('',(#2332,#2333,#2353,#2374));
#2332 = ORIENTED_EDGE('',*,*,#2283,.T.);
#2333 = ORIENTED_EDGE('',*,*,#2334,.T.);
#2334 = EDGE_CURVE('',#2261,#2335,#2337,.T.);
#2335 = VERTEX_POINT('',#2336);
#2336 = CARTESIAN_POINT('',(-10.23835116977,4.828930039298,
    26.863065664153));
#2337 = SURFACE_CURVE('',#2338,(#2341,#2347),.PCURVE_S1.);
#2338 = B_SPLINE_CURVE_WITH_KNOTS('',1,(#2339,#2340),.UNSPECIFIED.,.F.,
  .F.,(2,2),(0.,1.136673871007E-02),.PIECEWISE_BEZIER_KNOTS.);
#2339 = CARTESIAN_POINT('',(-20.43937973723,9.843086505621,
    26.863065664153));
#2340 = CARTESIAN_POINT('',(-10.23835116977,4.828930039298,
    26.863065664153));
#2341 = PCURVE('',#2298,#2342);
#2342 = DEFINITIONAL_REPRESENTATION('',(#2343),#2346);
#2343 = B_SPLINE_CURVE_WITH_KNOTS('',1,(#2344,#2345),.UNSPECIFIED.,.F.,
  .F.,(2,2),(0.,1.136673871007E-02),.PIECEWISE_BEZIER_KNOTS.);
#2344 = CARTESIAN_POINT('',(0.,-6.288229312733E-03));
#2345 = CARTESIAN_POINT('',(1.136673871007E-02,-6.288229312733E-03));
#2346 = ( GEOMETRIC_REPRESENTATION_CONTEXT(2) 
PARAMETRIC_REPRESENTATION_CONTEXT() REPRESENTATION_CONTEXT('2D SPACE',''
  ) );
#2347 = PCURVE('',#2194,#2348);
#2348 = DEFINITIONAL_REPRESENTATION('',(#2349),#2352);
#2349 = B_SPLINE_CURVE_WITH_KNOTS('',1,(#2350,#2351),.UNSPECIFIED.,.F.,
  .F.,(2,2),(0.,1.136673871007E-02),.PIECEWISE_BEZIER_KNOTS.);
#2350 = CARTESIAN_POINT('',(-5.570740474746E-03,-3.554718532749E-03));
#2351 = CARTESIAN_POINT('',(5.795629641249E-03,-3.463180075495E-03));
#2352 = ( GEOMETRIC_REPRESENTATION_CONTEXT(2) 
PARAMETRIC_REPRESENTATION_CONTEXT() REPRESENTATION_CONTEXT('2D SPACE',''
  ) );
#2353 = ORIENTED_EDGE('',*,*,#2354,.F.);
#2354 = EDGE_CURVE('',#2355,#2335,#2357,.T.);
#2355 = VERTEX_POINT('',#2356);
#2356 = CARTESIAN_POINT('',(-10.23835116977,4.828930039298,
    20.57483635142));
#2357 = SURFACE_CURVE('',#2358,(#2361,#2367),.PCURVE_S1.);
#2358 = B_SPLINE_CURVE_WITH_KNOTS('',1,(#2359,#2360),.UNSPECIFIED.,.F.,
  .F.,(2,2),(0.,6.288229312733E-03),.PIECEWISE_BEZIER_KNOTS.);
#2359 = CARTESIAN_POINT('',(-10.23835116977,4.828930039298,
    20.57483635142));
#2360 = CARTESIAN_POINT('',(-10.23835116977,4.828930039298,
    26.863065664153));
#2361 = PCURVE('',#2298,#2362);
#2362 = DEFINITIONAL_REPRESENTATION('',(#2363),#2366);
#2363 = B_SPLINE_CURVE_WITH_KNOTS('',1,(#2364,#2365),.UNSPECIFIED.,.F.,
  .F.,(2,2),(0.,6.288229312733E-03),.PIECEWISE_BEZIER_KNOTS.);
#2364 = CARTESIAN_POINT('',(1.136673871007E-02,0.));
#2365 = CARTESIAN_POINT('',(1.136673871007E-02,-6.288229312733E-03));
#2366 = ( GEOMETRIC_REPRESENTATION_CONTEXT(2) 
PARAMETRIC_REPRESENTATION_CONTEXT() REPRESENTATION_CONTEXT('2D SPACE',''
  ) );
#2367 = PCURVE('',#2166,#2368);
#2368 = DEFINITIONAL_REPRESENTATION('',(#2369),#2373);
#2369 = B_SPLINE_CURVE_WITH_KNOTS('',2,(#2370,#2371,#2372),
  .UNSPECIFIED.,.F.,.F.,(3,3),(0.,6.288229312733E-03),
  .PIECEWISE_BEZIER_KNOTS.);
#2370 = CARTESIAN_POINT('',(3.149679177875,0.));
#2371 = CARTESIAN_POINT('',(3.149679177875,-3.144114656366E-03));
#2372 = CARTESIAN_POINT('',(3.149679177875,-6.288229312733E-03));
#2373 = ( GEOMETRIC_REPRESENTATION_CONTEXT(2) 
PARAMETRIC_REPRESENTATION_CONTEXT() REPRESENTATION_CONTEXT('2D SPACE',''
  ) );
#2374 = ORIENTED_EDGE('',*,*,#2375,.F.);
#2375 = EDGE_CURVE('',#2284,#2355,#2376,.T.);
#2376 = SURFACE_CURVE('',#2377,(#2380,#2386),.PCURVE_S1.);
#2377 = B_SPLINE_CURVE_WITH_KNOTS('',1,(#2378,#2379),.UNSPECIFIED.,.F.,
  .F.,(2,2),(0.,1.136673871007E-02),.PIECEWISE_BEZIER_KNOTS.);
#2378 = CARTESIAN_POINT('',(-20.43937973723,9.843086505621,
    20.57483635142));
#2379 = CARTESIAN_POINT('',(-10.23835116977,4.828930039298,
    20.57483635142));
#2380 = PCURVE('',#2298,#2381);
#2381 = DEFINITIONAL_REPRESENTATION('',(#2382),#2385);
#2382 = B_SPLINE_CURVE_WITH_KNOTS('',1,(#2383,#2384),.UNSPECIFIED.,.F.,
  .F.,(2,2),(0.,1.136673871007E-02),.PIECEWISE_BEZIER_KNOTS.);
#2383 = CARTESIAN_POINT('',(0.,0.));
#2384 = CARTESIAN_POINT('',(1.136673871007E-02,0.));
#2385 = ( GEOMETRIC_REPRESENTATION_CONTEXT(2) 
PARAMETRIC_REPRESENTATION_CONTEXT() REPRESENTATION_CONTEXT('2D SPACE',''
  ) );
#2386 = PCURVE('',#2245,#2387);
#2387 = DEFINITIONAL_REPRESENTATION('',(#2388),#2391);
#2388 = B_SPLINE_CURVE_WITH_KNOTS('',1,(#2389,#2390),.UNSPECIFIED.,.F.,
  .F.,(2,2),(0.,1.136673871007E-02),.PIECEWISE_BEZIER_KNOTS.);
#2389 = CARTESIAN_POINT('',(-5.570740474746E-03,-3.554718532749E-03));
#2390 = CARTESIAN_POINT('',(5.795629641249E-03,-3.463180075495E-03));
#2391 = ( GEOMETRIC_REPRESENTATION_CONTEXT(2) 
PARAMETRIC_REPRESENTATION_CONTEXT() REPRESENTATION_CONTEXT('2D SPACE',''
  ) );
#2392 = ADVANCED_FACE('',(#2393),#2166,.T.);
#2393 = FACE_BOUND('',#2394,.T.);
#2394 = EDGE_LOOP('',(#2395,#2396,#2417,#2418));
#2395 = ORIENTED_EDGE('',*,*,#2354,.T.);
#2396 = ORIENTED_EDGE('',*,*,#2397,.T.);
#2397 = EDGE_CURVE('',#2335,#2148,#2398,.T.);
#2398 = SURFACE_CURVE('',#2399,(#2403,#2410),.PCURVE_S1.);
#2399 = ( BOUNDED_CURVE() B_SPLINE_CURVE(2,(#2400,#2401,#2402),
.UNSPECIFIED.,.F.,.F.) B_SPLINE_CURVE_WITH_KNOTS((3,3),(3.149679177875,
3.543069237376),.PIECEWISE_BEZIER_KNOTS.) CURVE() 
GEOMETRIC_REPRESENTATION_ITEM() RATIONAL_B_SPLINE_CURVE((1.,
0.980717820329,1.)) REPRESENTATION_ITEM('') );
#2400 = CARTESIAN_POINT('',(-10.23835116977,4.828930039298,
    26.863065664153));
#2401 = CARTESIAN_POINT('',(-11.20061954662,2.788717925724,
    26.863065664153));
#2402 = CARTESIAN_POINT('',(-11.30732732502,0.535489276098,
    26.863065664153));
#2403 = PCURVE('',#2166,#2404);
#2404 = DEFINITIONAL_REPRESENTATION('',(#2405),#2409);
#2405 = B_SPLINE_CURVE_WITH_KNOTS('',2,(#2406,#2407,#2408),
  .UNSPECIFIED.,.F.,.F.,(3,3),(3.149679177875,3.543069237376),
  .PIECEWISE_BEZIER_KNOTS.);
#2406 = CARTESIAN_POINT('',(3.149679177875,-6.288229312733E-03));
#2407 = CARTESIAN_POINT('',(3.346374207625,-6.288229312733E-03));
#2408 = CARTESIAN_POINT('',(3.543069237376,-6.288229312733E-03));
#2409 = ( GEOMETRIC_REPRESENTATION_CONTEXT(2) 
PARAMETRIC_REPRESENTATION_CONTEXT() REPRESENTATION_CONTEXT('2D SPACE',''
  ) );
#2410 = PCURVE('',#2194,#2411);
#2411 = DEFINITIONAL_REPRESENTATION('',(#2412),#2416);
#2412 = ( BOUNDED_CURVE() B_SPLINE_CURVE(2,(#2413,#2414,#2415),
.UNSPECIFIED.,.F.,.F.) B_SPLINE_CURVE_WITH_KNOTS((3,3),(3.149679177875,
3.543069237376),.PIECEWISE_BEZIER_KNOTS.) CURVE() 
GEOMETRIC_REPRESENTATION_ITEM() RATIONAL_B_SPLINE_CURVE((1.,
0.980717820329,1.)) REPRESENTATION_ITEM('') );
#2413 = CARTESIAN_POINT('',(5.795629641249E-03,-3.463180075495E-03));
#2414 = CARTESIAN_POINT('',(5.813870651569E-03,-1.207499875865E-03));
#2415 = CARTESIAN_POINT('',(6.695369536856E-03,8.688877595977E-04));
#2416 = ( GEOMETRIC_REPRESENTATION_CONTEXT(2) 
PARAMETRIC_REPRESENTATION_CONTEXT() REPRESENTATION_CONTEXT('2D SPACE',''
  ) );
#2417 = ORIENTED_EDGE('',*,*,#2145,.F.);
#2418 = ORIENTED_EDGE('',*,*,#2419,.F.);
#2419 = EDGE_CURVE('',#2355,#2146,#2420,.T.);
#2420 = SURFACE_CURVE('',#2421,(#2425,#2432),.PCURVE_S1.);
#2421 = ( BOUNDED_CURVE() B_SPLINE_CURVE(2,(#2422,#2423,#2424),
.UNSPECIFIED.,.F.,.F.) B_SPLINE_CURVE_WITH_KNOTS((3,3),(3.149679177875,
3.543069237376),.PIECEWISE_BEZIER_KNOTS.) CURVE() 
GEOMETRIC_REPRESENTATION_ITEM() RATIONAL_B_SPLINE_CURVE((1.,
0.980717820329,1.)) REPRESENTATION_ITEM('') );
#2422 = CARTESIAN_POINT('',(-10.23835116977,4.828930039298,
    20.57483635142));
#2423 = CARTESIAN_POINT('',(-11.20061954662,2.788717925724,
    20.57483635142));
#2424 = CARTESIAN_POINT('',(-11.30732732502,0.535489276098,
    20.57483635142));
#2425 = PCURVE('',#2166,#2426);
#2426 = DEFINITIONAL_REPRESENTATION('',(#2427),#2431);
#2427 = B_SPLINE_CURVE_WITH_KNOTS('',2,(#2428,#2429,#2430),
  .UNSPECIFIED.,.F.,.F.,(3,3),(3.149679177875,3.543069237376),
  .PIECEWISE_BEZIER_KNOTS.);
#2428 = CARTESIAN_POINT('',(3.149679177875,0.));
#2429 = CARTESIAN_POINT('',(3.346374207625,0.));
#2430 = CARTESIAN_POINT('',(3.543069237376,0.));
#2431 = ( GEOMETRIC_REPRESENTATION_CONTEXT(2) 
PARAMETRIC_REPRESENTATION_CONTEXT() REPRESENTATION_CONTEXT('2D SPACE',''
  ) );
#2432 = PCURVE('',#2245,#2433);
#2433 = DEFINITIONAL_REPRESENTATION('',(#2434),#2438);
#2434 = ( BOUNDED_CURVE() B_SPLINE_CURVE(2,(#2435,#2436,#2437),
.UNSPECIFIED.,.F.,.F.) B_SPLINE_CURVE_WITH_KNOTS((3,3),(3.149679177875,
3.543069237376),.PIECEWISE_BEZIER_KNOTS.) CURVE() 
GEOMETRIC_REPRESENTATION_ITEM() RATIONAL_B_SPLINE_CURVE((1.,
0.980717820329,1.)) REPRESENTATION_ITEM('') );
#2435 = CARTESIAN_POINT('',(5.795629641249E-03,-3.463180075495E-03));
#2436 = CARTESIAN_POINT('',(5.813870651569E-03,-1.207499875865E-03));
#2437 = CARTESIAN_POINT('',(6.695369536856E-03,8.688877595977E-04));
#2438 = ( GEOMETRIC_REPRESENTATION_CONTEXT(2) 
PARAMETRIC_REPRESENTATION_CONTEXT() REPRESENTATION_CONTEXT('2D SPACE',''
  ) );
#2439 = ADVANCED_FACE('',(#2440),#2245,.T.);
#2440 = FACE_BOUND('',#2441,.T.);
#2441 = EDGE_LOOP('',(#2442,#2443,#2444,#2445));
#2442 = ORIENTED_EDGE('',*,*,#2233,.T.);
#2443 = ORIENTED_EDGE('',*,*,#2309,.T.);
#2444 = ORIENTED_EDGE('',*,*,#2375,.T.);
#2445 = ORIENTED_EDGE('',*,*,#2419,.T.);
#2446 = ADVANCED_FACE('',(#2447),#2194,.F.);
#2447 = FACE_BOUND('',#2448,.F.);
#2448 = EDGE_LOOP('',(#2449,#2450,#2451,#2452));
#2449 = ORIENTED_EDGE('',*,*,#2180,.T.);
#2450 = ORIENTED_EDGE('',*,*,#2260,.T.);
#2451 = ORIENTED_EDGE('',*,*,#2334,.T.);
#2452 = ORIENTED_EDGE('',*,*,#2397,.T.);
#2453 = ( GEOMETRIC_REPRESENTATION_CONTEXT(3) 
GLOBAL_UNCERTAINTY_ASSIGNED_CONTEXT((#2457)) 
GLOBAL_UNIT_ASSIGNED_CONTEXT((#2454,#2455,#2456)) REPRESENTATION_CONTEXT
('Context #1','3D Context with UNIT and UNCERTAINTY') );
#2454 = ( LENGTH_UNIT() NAMED_UNIT(*) SI_UNIT(.MILLI.,.METRE.) );
#2455 = ( NAMED_UNIT(*) PLANE_ANGLE_UNIT() SI_UNIT($,.RADIAN.) );
#2456 = ( NAMED_UNIT(*) SI_UNIT($,.STERADIAN.) SOLID_ANGLE_UNIT() );
#2457 = UNCERTAINTY_MEASURE_WITH_UNIT(LENGTH_MEASURE(1.E-04),#2454,
  'distance_accuracy_value','confusion accuracy');
#2458 = CONTEXT_DEPENDENT_SHAPE_REPRESENTATION(#2459,#2461);
#2459 = ( REPRESENTATION_RELATIONSHIP('','',#2138,#10) 
REPRESENTATION_RELATIONSHIP_WITH_TRANSFORMATION(#2460) 
SHAPE_REPRESENTATION_RELATIONSHIP() );
#2460 = ITEM_DEFINED_TRANSFORMATION('','',#11,#39);
#2461 = PRODUCT_DEFINITION_SHAPE('Placement','Placement of an item',
  #2462);
#2462 = NEXT_ASSEMBLY_USAGE_OCCURRENCE('6051','','',#5,#2133,$);
#2463 = PRODUCT_RELATED_PRODUCT_CATEGORY('part',$,(#2135));
#2464 = SHAPE_DEFINITION_REPRESENTATION(#2465,#2471);
#2465 = PRODUCT_DEFINITION_SHAPE('','',#2466);
#2466 = PRODUCT_DEFINITION('design','',#2467,#2470);
#2467 = PRODUCT_DEFINITION_FORMATION('','',#2468);
#2468 = PRODUCT('Open CASCADE STEP translator 7.8 202.8',
  'Open CASCADE STEP translator 7.8 202.8','',(#2469));
#2469 = PRODUCT_CONTEXT('',#2,'mechanical');
#2470 = PRODUCT_DEFINITION_CONTEXT('part definition',#2,'design');
#2471 = ADVANCED_BREP_SHAPE_REPRESENTATION('',(#11,#2472),#2786);
#2472 = MANIFOLD_SOLID_BREP('',#2473);
#2473 = CLOSED_SHELL('',(#2474,#2588,#2662,#2725,#2772,#2779));
#2474 = ADVANCED_FACE('',(#2475),#2488,.T.);
#2475 = FACE_BOUND('',#2476,.T.);
#2476 = EDGE_LOOP('',(#2477,#2512,#2537,#2565));
#2477 = ORIENTED_EDGE('',*,*,#2478,.T.);
#2478 = EDGE_CURVE('',#2479,#2481,#2483,.T.);
#2479 = VERTEX_POINT('',#2480);
#2480 = CARTESIAN_POINT('',(-10.41988998839,-4.423606292346,
    20.57483635142));
#2481 = VERTEX_POINT('',#2482);
#2482 = CARTESIAN_POINT('',(-10.41988998839,-4.423606292346,
    26.863065664153));
#2483 = SURFACE_CURVE('',#2484,(#2487,#2498),.PCURVE_S1.);
#2484 = B_SPLINE_CURVE_WITH_KNOTS('',1,(#2485,#2486),.UNSPECIFIED.,.F.,
  .F.,(2,2),(0.,6.288229312733E-03),.PIECEWISE_BEZIER_KNOTS.);
#2485 = CARTESIAN_POINT('',(-10.41988998839,-4.423606292346,
    20.57483635142));
#2486 = CARTESIAN_POINT('',(-10.41988998839,-4.423606292346,
    26.863065664153));
#2487 = PCURVE('',#2488,#2493);
#2488 = B_SPLINE_SURFACE_WITH_KNOTS('',1,1,(
    (#2489,#2490)
    ,(#2491,#2492
    )),.UNSPECIFIED.,.F.,.F.,.F.,(2,2),(2,2),(0.,1.136673871007E-02),(
    -6.288229312733E-03,0.),.PIECEWISE_BEZIER_KNOTS.);
#2489 = CARTESIAN_POINT('',(-10.41988998839,-4.423606292346,
    26.863065664153));
#2490 = CARTESIAN_POINT('',(-10.41988998839,-4.423606292346,
    20.57483635142));
#2491 = CARTESIAN_POINT('',(-20.80975174935,-9.033760464521,
    26.863065664153));
#2492 = CARTESIAN_POINT('',(-20.80975174935,-9.033760464521,
    20.57483635142));
#2493 = DEFINITIONAL_REPRESENTATION('',(#2494),#2497);
#2494 = B_SPLINE_CURVE_WITH_KNOTS('',1,(#2495,#2496),.UNSPECIFIED.,.F.,
  .F.,(2,2),(0.,6.288229312733E-03),.PIECEWISE_BEZIER_KNOTS.);
#2495 = CARTESIAN_POINT('',(0.,0.));
#2496 = CARTESIAN_POINT('',(0.,-6.288229312733E-03));
#2497 = ( GEOMETRIC_REPRESENTATION_CONTEXT(2) 
PARAMETRIC_REPRESENTATION_CONTEXT() REPRESENTATION_CONTEXT('2D SPACE',''
  ) );
#2498 = PCURVE('',#2499,#2506);
#2499 = ( BOUNDED_SURFACE() B_SPLINE_SURFACE(2,1,(
    (#2500,#2501)
    ,(#2502,#2503)
    ,(#2504,#2505
)),.UNSPECIFIED.,.F.,.F.,.F.) B_SPLINE_SURFACE_WITH_KNOTS((3,3),(2,2),(
    3.149679177875,3.543069237376),(-6.288229312733E-03,0.),
.PIECEWISE_BEZIER_KNOTS.) GEOMETRIC_REPRESENTATION_ITEM() 
RATIONAL_B_SPLINE_SURFACE((
    (1.,1.)
    ,(0.980717820329,0.980717820329)
,(1.,1.))) REPRESENTATION_ITEM('') SURFACE() );
#2500 = CARTESIAN_POINT('',(-11.319629884,-9.153845725334E-02,
    26.863065664153));
#2501 = CARTESIAN_POINT('',(-11.319629884,-9.153845725334E-02,
    20.57483635142));
#2502 = CARTESIAN_POINT('',(-11.30138887368,-2.347218656884,
    26.863065664153));
#2503 = CARTESIAN_POINT('',(-11.30138887368,-2.347218656884,
    20.57483635142));
#2504 = CARTESIAN_POINT('',(-10.41988998839,-4.423606292346,
    26.863065664153));
#2505 = CARTESIAN_POINT('',(-10.41988998839,-4.423606292346,
    20.57483635142));
#2506 = DEFINITIONAL_REPRESENTATION('',(#2507),#2511);
#2507 = B_SPLINE_CURVE_WITH_KNOTS('',2,(#2508,#2509,#2510),
  .UNSPECIFIED.,.F.,.F.,(3,3),(0.,6.288229312733E-03),
  .PIECEWISE_BEZIER_KNOTS.);
#2508 = CARTESIAN_POINT('',(3.543069237376,0.));
#2509 = CARTESIAN_POINT('',(3.543069237376,-3.144114656366E-03));
#2510 = CARTESIAN_POINT('',(3.543069237376,-6.288229312733E-03));
#2511 = ( GEOMETRIC_REPRESENTATION_CONTEXT(2) 
PARAMETRIC_REPRESENTATION_CONTEXT() REPRESENTATION_CONTEXT('2D SPACE',''
  ) );
#2512 = ORIENTED_EDGE('',*,*,#2513,.T.);
#2513 = EDGE_CURVE('',#2481,#2514,#2516,.T.);
#2514 = VERTEX_POINT('',#2515);
#2515 = CARTESIAN_POINT('',(-20.80975174935,-9.033760464521,
    26.863065664153));
#2516 = SURFACE_CURVE('',#2517,(#2520,#2526),.PCURVE_S1.);
#2517 = B_SPLINE_CURVE_WITH_KNOTS('',1,(#2518,#2519),.UNSPECIFIED.,.F.,
  .F.,(2,2),(0.,1.136673871007E-02),.PIECEWISE_BEZIER_KNOTS.);
#2518 = CARTESIAN_POINT('',(-10.41988998839,-4.423606292346,
    26.863065664153));
#2519 = CARTESIAN_POINT('',(-20.80975174935,-9.033760464521,
    26.863065664153));
#2520 = PCURVE('',#2488,#2521);
#2521 = DEFINITIONAL_REPRESENTATION('',(#2522),#2525);
#2522 = B_SPLINE_CURVE_WITH_KNOTS('',1,(#2523,#2524),.UNSPECIFIED.,.F.,
  .F.,(2,2),(0.,1.136673871007E-02),.PIECEWISE_BEZIER_KNOTS.);
#2523 = CARTESIAN_POINT('',(0.,-6.288229312733E-03));
#2524 = CARTESIAN_POINT('',(1.136673871007E-02,-6.288229312733E-03));
#2525 = ( GEOMETRIC_REPRESENTATION_CONTEXT(2) 
PARAMETRIC_REPRESENTATION_CONTEXT() REPRESENTATION_CONTEXT('2D SPACE',''
  ) );
#2526 = PCURVE('',#2527,#2532);
#2527 = B_SPLINE_SURFACE_WITH_KNOTS('',1,1,(
    (#2528,#2529)
    ,(#2530,#2531
    )),.UNSPECIFIED.,.F.,.F.,.F.,(2,2),(2,2),(-5.570740474746E-03,
    6.695369536856E-03),(-3.554718532749E-03,5.479041931772E-03),
  .PIECEWISE_BEZIER_KNOTS.);
#2528 = CARTESIAN_POINT('',(-22.686,-1.734723475977E-15,26.863065664153)
  );
#2529 = CARTESIAN_POINT('',(-22.686,-9.033760464521,26.863065664153));
#2530 = CARTESIAN_POINT('',(-10.41988998839,-2.602085213965E-15,
    26.863065664153));
#2531 = CARTESIAN_POINT('',(-10.41988998839,-9.033760464521,
    26.863065664153));
#2532 = DEFINITIONAL_REPRESENTATION('',(#2533),#2536);
#2533 = B_SPLINE_CURVE_WITH_KNOTS('',1,(#2534,#2535),.UNSPECIFIED.,.F.,
  .F.,(2,2),(0.,1.136673871007E-02),.PIECEWISE_BEZIER_KNOTS.);
#2534 = CARTESIAN_POINT('',(6.695369536856E-03,8.688877595977E-04));
#2535 = CARTESIAN_POINT('',(-3.694492224098E-03,5.479041931772E-03));
#2536 = ( GEOMETRIC_REPRESENTATION_CONTEXT(2) 
PARAMETRIC_REPRESENTATION_CONTEXT() REPRESENTATION_CONTEXT('2D SPACE',''
  ) );
#2537 = ORIENTED_EDGE('',*,*,#2538,.F.);
#2538 = EDGE_CURVE('',#2539,#2514,#2541,.T.);
#2539 = VERTEX_POINT('',#2540);
#2540 = CARTESIAN_POINT('',(-20.80975174935,-9.033760464521,
    20.57483635142));
#2541 = SURFACE_CURVE('',#2542,(#2545,#2551),.PCURVE_S1.);
#2542 = B_SPLINE_CURVE_WITH_KNOTS('',1,(#2543,#2544),.UNSPECIFIED.,.F.,
  .F.,(2,2),(0.,6.288229312733E-03),.PIECEWISE_BEZIER_KNOTS.);
#2543 = CARTESIAN_POINT('',(-20.80975174935,-9.033760464521,
    20.57483635142));
#2544 = CARTESIAN_POINT('',(-20.80975174935,-9.033760464521,
    26.863065664153));
#2545 = PCURVE('',#2488,#2546);
#2546 = DEFINITIONAL_REPRESENTATION('',(#2547),#2550);
#2547 = B_SPLINE_CURVE_WITH_KNOTS('',1,(#2548,#2549),.UNSPECIFIED.,.F.,
  .F.,(2,2),(0.,6.288229312733E-03),.PIECEWISE_BEZIER_KNOTS.);
#2548 = CARTESIAN_POINT('',(1.136673871007E-02,0.));
#2549 = CARTESIAN_POINT('',(1.136673871007E-02,-6.288229312733E-03));
#2550 = ( GEOMETRIC_REPRESENTATION_CONTEXT(2) 
PARAMETRIC_REPRESENTATION_CONTEXT() REPRESENTATION_CONTEXT('2D SPACE',''
  ) );
#2551 = PCURVE('',#2552,#2559);
#2552 = ( BOUNDED_SURFACE() B_SPLINE_SURFACE(2,1,(
    (#2553,#2554)
    ,(#2555,#2556)
    ,(#2557,#2558
)),.UNSPECIFIED.,.F.,.F.,.F.) B_SPLINE_SURFACE_WITH_KNOTS((3,3),(2,2),(
    5.873622199108,6.28318530718),(-6.288229312733E-03,0.),
.PIECEWISE_BEZIER_KNOTS.) GEOMETRIC_REPRESENTATION_ITEM() 
RATIONAL_B_SPLINE_SURFACE((
    (1.,1.)
    ,(0.979105429584,0.979105429584)
,(1.,1.))) REPRESENTATION_ITEM('') SURFACE() );
#2553 = CARTESIAN_POINT('',(-20.80975174935,-9.033760464521,
    26.863065664153));
#2554 = CARTESIAN_POINT('',(-20.80975174935,-9.033760464521,
    20.57483635142));
#2555 = CARTESIAN_POINT('',(-22.686,-4.711721987911,26.863065664153));
#2556 = CARTESIAN_POINT('',(-22.686,-4.711721987911,20.57483635142));
#2557 = CARTESIAN_POINT('',(-22.686,-4.297141480259E-15,26.863065664153)
  );
#2558 = CARTESIAN_POINT('',(-22.686,-4.297141480259E-15,20.57483635142)
  );
#2559 = DEFINITIONAL_REPRESENTATION('',(#2560),#2564);
#2560 = B_SPLINE_CURVE_WITH_KNOTS('',2,(#2561,#2562,#2563),
  .UNSPECIFIED.,.F.,.F.,(3,3),(0.,6.288229312733E-03),
  .PIECEWISE_BEZIER_KNOTS.);
#2561 = CARTESIAN_POINT('',(5.873622199108,0.));
#2562 = CARTESIAN_POINT('',(5.873622199108,-3.144114656366E-03));
#2563 = CARTESIAN_POINT('',(5.873622199108,-6.288229312733E-03));
#2564 = ( GEOMETRIC_REPRESENTATION_CONTEXT(2) 
PARAMETRIC_REPRESENTATION_CONTEXT() REPRESENTATION_CONTEXT('2D SPACE',''
  ) );
#2565 = ORIENTED_EDGE('',*,*,#2566,.F.);
#2566 = EDGE_CURVE('',#2479,#2539,#2567,.T.);
#2567 = SURFACE_CURVE('',#2568,(#2571,#2577),.PCURVE_S1.);
#2568 = B_SPLINE_CURVE_WITH_KNOTS('',1,(#2569,#2570),.UNSPECIFIED.,.F.,
  .F.,(2,2),(0.,1.136673871007E-02),.PIECEWISE_BEZIER_KNOTS.);
#2569 = CARTESIAN_POINT('',(-10.41988998839,-4.423606292346,
    20.57483635142));
#2570 = CARTESIAN_POINT('',(-20.80975174935,-9.033760464521,
    20.57483635142));
#2571 = PCURVE('',#2488,#2572);
#2572 = DEFINITIONAL_REPRESENTATION('',(#2573),#2576);
#2573 = B_SPLINE_CURVE_WITH_KNOTS('',1,(#2574,#2575),.UNSPECIFIED.,.F.,
  .F.,(2,2),(0.,1.136673871007E-02),.PIECEWISE_BEZIER_KNOTS.);
#2574 = CARTESIAN_POINT('',(0.,0.));
#2575 = CARTESIAN_POINT('',(1.136673871007E-02,0.));
#2576 = ( GEOMETRIC_REPRESENTATION_CONTEXT(2) 
PARAMETRIC_REPRESENTATION_CONTEXT() REPRESENTATION_CONTEXT('2D SPACE',''
  ) );
#2577 = PCURVE('',#2578,#2583);
#2578 = B_SPLINE_SURFACE_WITH_KNOTS('',1,1,(
    (#2579,#2580)
    ,(#2581,#2582
    )),.UNSPECIFIED.,.F.,.F.,.F.,(2,2),(2,2),(-5.570740474746E-03,
    6.695369536856E-03),(-3.554718532749E-03,5.479041931772E-03),
  .PIECEWISE_BEZIER_KNOTS.);
#2579 = CARTESIAN_POINT('',(-22.686,-1.734723475977E-15,20.57483635142)
  );
#2580 = CARTESIAN_POINT('',(-22.686,-9.033760464521,20.57483635142));
#2581 = CARTESIAN_POINT('',(-10.41988998839,-2.602085213965E-15,
    20.57483635142));
#2582 = CARTESIAN_POINT('',(-10.41988998839,-9.033760464521,
    20.57483635142));
#2583 = DEFINITIONAL_REPRESENTATION('',(#2584),#2587);
#2584 = B_SPLINE_CURVE_WITH_KNOTS('',1,(#2585,#2586),.UNSPECIFIED.,.F.,
  .F.,(2,2),(0.,1.136673871007E-02),.PIECEWISE_BEZIER_KNOTS.);
#2585 = CARTESIAN_POINT('',(6.695369536856E-03,8.688877595977E-04));
#2586 = CARTESIAN_POINT('',(-3.694492224098E-03,5.479041931772E-03));
#2587 = ( GEOMETRIC_REPRESENTATION_CONTEXT(2) 
PARAMETRIC_REPRESENTATION_CONTEXT() REPRESENTATION_CONTEXT('2D SPACE',''
  ) );
#2588 = ADVANCED_FACE('',(#2589),#2552,.T.);
#2589 = FACE_BOUND('',#2590,.T.);
#2590 = EDGE_LOOP('',(#2591,#2592,#2615,#2641));
#2591 = ORIENTED_EDGE('',*,*,#2538,.T.);
#2592 = ORIENTED_EDGE('',*,*,#2593,.T.);
#2593 = EDGE_CURVE('',#2514,#2594,#2596,.T.);
#2594 = VERTEX_POINT('',#2595);
#2595 = CARTESIAN_POINT('',(-22.686,-1.156482317318E-15,26.863065664153)
  );
#2596 = SURFACE_CURVE('',#2597,(#2601,#2608),.PCURVE_S1.);
#2597 = ( BOUNDED_CURVE() B_SPLINE_CURVE(2,(#2598,#2599,#2600),
.UNSPECIFIED.,.F.,.F.) B_SPLINE_CURVE_WITH_KNOTS((3,3),(5.873622199108,
6.28318530718),.PIECEWISE_BEZIER_KNOTS.) CURVE() 
GEOMETRIC_REPRESENTATION_ITEM() RATIONAL_B_SPLINE_CURVE((1.,
0.979105429584,1.)) REPRESENTATION_ITEM('') );
#2598 = CARTESIAN_POINT('',(-20.80975174935,-9.033760464521,
    26.863065664153));
#2599 = CARTESIAN_POINT('',(-22.686,-4.711721987911,26.863065664153));
#2600 = CARTESIAN_POINT('',(-22.686,-4.297141480259E-15,26.863065664153)
  );
#2601 = PCURVE('',#2552,#2602);
#2602 = DEFINITIONAL_REPRESENTATION('',(#2603),#2607);
#2603 = B_SPLINE_CURVE_WITH_KNOTS('',2,(#2604,#2605,#2606),
  .UNSPECIFIED.,.F.,.F.,(3,3),(5.873622199108,6.28318530718),
  .PIECEWISE_BEZIER_KNOTS.);
#2604 = CARTESIAN_POINT('',(5.873622199108,-6.288229312733E-03));
#2605 = CARTESIAN_POINT('',(6.078403753144,-6.288229312733E-03));
#2606 = CARTESIAN_POINT('',(6.28318530718,-6.288229312733E-03));
#2607 = ( GEOMETRIC_REPRESENTATION_CONTEXT(2) 
PARAMETRIC_REPRESENTATION_CONTEXT() REPRESENTATION_CONTEXT('2D SPACE',''
  ) );
#2608 = PCURVE('',#2527,#2609);
#2609 = DEFINITIONAL_REPRESENTATION('',(#2610),#2614);
#2610 = ( BOUNDED_CURVE() B_SPLINE_CURVE(2,(#2611,#2612,#2613),
.UNSPECIFIED.,.F.,.F.) B_SPLINE_CURVE_WITH_KNOTS((3,3),(5.873622199108,
6.28318530718),.PIECEWISE_BEZIER_KNOTS.) CURVE() 
GEOMETRIC_REPRESENTATION_ITEM() RATIONAL_B_SPLINE_CURVE((1.,
0.979105429584,1.)) REPRESENTATION_ITEM('') );
#2611 = CARTESIAN_POINT('',(-3.694492224098E-03,5.479041931772E-03));
#2612 = CARTESIAN_POINT('',(-5.570740474746E-03,1.157003455162E-03));
#2613 = CARTESIAN_POINT('',(-5.570740474746E-03,-3.554718532749E-03));
#2614 = ( GEOMETRIC_REPRESENTATION_CONTEXT(2) 
PARAMETRIC_REPRESENTATION_CONTEXT() REPRESENTATION_CONTEXT('2D SPACE',''
  ) );
#2615 = ORIENTED_EDGE('',*,*,#2616,.F.);
#2616 = EDGE_CURVE('',#2617,#2594,#2619,.T.);
#2617 = VERTEX_POINT('',#2618);
#2618 = CARTESIAN_POINT('',(-22.686,-1.734723475977E-15,20.57483635142)
  );
#2619 = SURFACE_CURVE('',#2620,(#2623,#2630),.PCURVE_S1.);
#2620 = B_SPLINE_CURVE_WITH_KNOTS('',1,(#2621,#2622),.UNSPECIFIED.,.F.,
  .F.,(2,2),(0.,6.288229312733E-03),.PIECEWISE_BEZIER_KNOTS.);
#2621 = CARTESIAN_POINT('',(-22.686,-1.734723475977E-15,20.57483635142)
  );
#2622 = CARTESIAN_POINT('',(-22.686,-1.734723475977E-15,26.863065664153)
  );
#2623 = PCURVE('',#2552,#2624);
#2624 = DEFINITIONAL_REPRESENTATION('',(#2625),#2629);
#2625 = B_SPLINE_CURVE_WITH_KNOTS('',2,(#2626,#2627,#2628),
  .UNSPECIFIED.,.F.,.F.,(3,3),(0.,6.288229312733E-03),
  .PIECEWISE_BEZIER_KNOTS.);
#2626 = CARTESIAN_POINT('',(6.28318530718,0.));
#2627 = CARTESIAN_POINT('',(6.28318530718,-3.144114656366E-03));
#2628 = CARTESIAN_POINT('',(6.28318530718,-6.288229312733E-03));
#2629 = ( GEOMETRIC_REPRESENTATION_CONTEXT(2) 
PARAMETRIC_REPRESENTATION_CONTEXT() REPRESENTATION_CONTEXT('2D SPACE',''
  ) );
#2630 = PCURVE('',#2631,#2636);
#2631 = B_SPLINE_SURFACE_WITH_KNOTS('',1,1,(
    (#2632,#2633)
    ,(#2634,#2635
    )),.UNSPECIFIED.,.F.,.F.,.F.,(2,2),(2,2),(0.,1.136673871007E-02),(
    -6.288229312733E-03,0.),.PIECEWISE_BEZIER_KNOTS.);
#2632 = CARTESIAN_POINT('',(-22.686,-1.734723475977E-15,26.863065664153)
  );
#2633 = CARTESIAN_POINT('',(-22.686,-1.734723475977E-15,20.57483635142)
  );
#2634 = CARTESIAN_POINT('',(-11.319629884,-9.153845725335E-02,
    26.863065664153));
#2635 = CARTESIAN_POINT('',(-11.319629884,-9.153845725335E-02,
    20.57483635142));
#2636 = DEFINITIONAL_REPRESENTATION('',(#2637),#2640);
#2637 = B_SPLINE_CURVE_WITH_KNOTS('',1,(#2638,#2639),.UNSPECIFIED.,.F.,
  .F.,(2,2),(0.,6.288229312733E-03),.PIECEWISE_BEZIER_KNOTS.);
#2638 = CARTESIAN_POINT('',(0.,0.));
#2639 = CARTESIAN_POINT('',(0.,-6.288229312733E-03));
#2640 = ( GEOMETRIC_REPRESENTATION_CONTEXT(2) 
PARAMETRIC_REPRESENTATION_CONTEXT() REPRESENTATION_CONTEXT('2D SPACE',''
  ) );
#2641 = ORIENTED_EDGE('',*,*,#2642,.F.);
#2642 = EDGE_CURVE('',#2539,#2617,#2643,.T.);
#2643 = SURFACE_CURVE('',#2644,(#2648,#2655),.PCURVE_S1.);
#2644 = ( BOUNDED_CURVE() B_SPLINE_CURVE(2,(#2645,#2646,#2647),
.UNSPECIFIED.,.F.,.F.) B_SPLINE_CURVE_WITH_KNOTS((3,3),(5.873622199108,
6.28318530718),.PIECEWISE_BEZIER_KNOTS.) CURVE() 
GEOMETRIC_REPRESENTATION_ITEM() RATIONAL_B_SPLINE_CURVE((1.,
0.979105429584,1.)) REPRESENTATION_ITEM('') );
#2645 = CARTESIAN_POINT('',(-20.80975174935,-9.033760464521,
    20.57483635142));
#2646 = CARTESIAN_POINT('',(-22.686,-4.711721987911,20.57483635142));
#2647 = CARTESIAN_POINT('',(-22.686,-4.297141480259E-15,20.57483635142)
  );
#2648 = PCURVE('',#2552,#2649);
#2649 = DEFINITIONAL_REPRESENTATION('',(#2650),#2654);
#2650 = B_SPLINE_CURVE_WITH_KNOTS('',2,(#2651,#2652,#2653),
  .UNSPECIFIED.,.F.,.F.,(3,3),(5.873622199108,6.28318530718),
  .PIECEWISE_BEZIER_KNOTS.);
#2651 = CARTESIAN_POINT('',(5.873622199108,0.));
#2652 = CARTESIAN_POINT('',(6.078403753144,0.));
#2653 = CARTESIAN_POINT('',(6.28318530718,0.));
#2654 = ( GEOMETRIC_REPRESENTATION_CONTEXT(2) 
PARAMETRIC_REPRESENTATION_CONTEXT() REPRESENTATION_CONTEXT('2D SPACE',''
  ) );
#2655 = PCURVE('',#2578,#2656);
#2656 = DEFINITIONAL_REPRESENTATION('',(#2657),#2661);
#2657 = ( BOUNDED_CURVE() B_SPLINE_CURVE(2,(#2658,#2659,#2660),
.UNSPECIFIED.,.F.,.F.) B_SPLINE_CURVE_WITH_KNOTS((3,3),(5.873622199108,
6.28318530718),.PIECEWISE_BEZIER_KNOTS.) CURVE() 
GEOMETRIC_REPRESENTATION_ITEM() RATIONAL_B_SPLINE_CURVE((1.,
0.979105429584,1.)) REPRESENTATION_ITEM('') );
#2658 = CARTESIAN_POINT('',(-3.694492224098E-03,5.479041931772E-03));
#2659 = CARTESIAN_POINT('',(-5.570740474746E-03,1.157003455162E-03));
#2660 = CARTESIAN_POINT('',(-5.570740474746E-03,-3.554718532749E-03));
#2661 = ( GEOMETRIC_REPRESENTATION_CONTEXT(2) 
PARAMETRIC_REPRESENTATION_CONTEXT() REPRESENTATION_CONTEXT('2D SPACE',''
  ) );
#2662 = ADVANCED_FACE('',(#2663),#2631,.T.);
#2663 = FACE_BOUND('',#2664,.T.);
#2664 = EDGE_LOOP('',(#2665,#2666,#2686,#2707));
#2665 = ORIENTED_EDGE('',*,*,#2616,.T.);
#2666 = ORIENTED_EDGE('',*,*,#2667,.T.);
#2667 = EDGE_CURVE('',#2594,#2668,#2670,.T.);
#2668 = VERTEX_POINT('',#2669);
#2669 = CARTESIAN_POINT('',(-11.319629884,-9.153845725335E-02,
    26.863065664153));
#2670 = SURFACE_CURVE('',#2671,(#2674,#2680),.PCURVE_S1.);
#2671 = B_SPLINE_CURVE_WITH_KNOTS('',1,(#2672,#2673),.UNSPECIFIED.,.F.,
  .F.,(2,2),(0.,1.136673871007E-02),.PIECEWISE_BEZIER_KNOTS.);
#2672 = CARTESIAN_POINT('',(-22.686,-1.734723475977E-15,26.863065664153)
  );
#2673 = CARTESIAN_POINT('',(-11.319629884,-9.153845725335E-02,
    26.863065664153));
#2674 = PCURVE('',#2631,#2675);
#2675 = DEFINITIONAL_REPRESENTATION('',(#2676),#2679);
#2676 = B_SPLINE_CURVE_WITH_KNOTS('',1,(#2677,#2678),.UNSPECIFIED.,.F.,
  .F.,(2,2),(0.,1.136673871007E-02),.PIECEWISE_BEZIER_KNOTS.);
#2677 = CARTESIAN_POINT('',(0.,-6.288229312733E-03));
#2678 = CARTESIAN_POINT('',(1.136673871007E-02,-6.288229312733E-03));
#2679 = ( GEOMETRIC_REPRESENTATION_CONTEXT(2) 
PARAMETRIC_REPRESENTATION_CONTEXT() REPRESENTATION_CONTEXT('2D SPACE',''
  ) );
#2680 = PCURVE('',#2527,#2681);
#2681 = DEFINITIONAL_REPRESENTATION('',(#2682),#2685);
#2682 = B_SPLINE_CURVE_WITH_KNOTS('',1,(#2683,#2684),.UNSPECIFIED.,.F.,
  .F.,(2,2),(0.,1.136673871007E-02),.PIECEWISE_BEZIER_KNOTS.);
#2683 = CARTESIAN_POINT('',(-5.570740474746E-03,-3.554718532749E-03));
#2684 = CARTESIAN_POINT('',(5.795629641249E-03,-3.463180075495E-03));
#2685 = ( GEOMETRIC_REPRESENTATION_CONTEXT(2) 
PARAMETRIC_REPRESENTATION_CONTEXT() REPRESENTATION_CONTEXT('2D SPACE',''
  ) );
#2686 = ORIENTED_EDGE('',*,*,#2687,.F.);
#2687 = EDGE_CURVE('',#2688,#2668,#2690,.T.);
#2688 = VERTEX_POINT('',#2689);
#2689 = CARTESIAN_POINT('',(-11.319629884,-9.153845725335E-02,
    20.57483635142));
#2690 = SURFACE_CURVE('',#2691,(#2694,#2700),.PCURVE_S1.);
#2691 = B_SPLINE_CURVE_WITH_KNOTS('',1,(#2692,#2693),.UNSPECIFIED.,.F.,
  .F.,(2,2),(0.,6.288229312733E-03),.PIECEWISE_BEZIER_KNOTS.);
#2692 = CARTESIAN_POINT('',(-11.319629884,-9.153845725335E-02,
    20.57483635142));
#2693 = CARTESIAN_POINT('',(-11.319629884,-9.153845725335E-02,
    26.863065664153));
#2694 = PCURVE('',#2631,#2695);
#2695 = DEFINITIONAL_REPRESENTATION('',(#2696),#2699);
#2696 = B_SPLINE_CURVE_WITH_KNOTS('',1,(#2697,#2698),.UNSPECIFIED.,.F.,
  .F.,(2,2),(0.,6.288229312733E-03),.PIECEWISE_BEZIER_KNOTS.);
#2697 = CARTESIAN_POINT('',(1.136673871007E-02,0.));
#2698 = CARTESIAN_POINT('',(1.136673871007E-02,-6.288229312733E-03));
#2699 = ( GEOMETRIC_REPRESENTATION_CONTEXT(2) 
PARAMETRIC_REPRESENTATION_CONTEXT() REPRESENTATION_CONTEXT('2D SPACE',''
  ) );
#2700 = PCURVE('',#2499,#2701);
#2701 = DEFINITIONAL_REPRESENTATION('',(#2702),#2706);
#2702 = B_SPLINE_CURVE_WITH_KNOTS('',2,(#2703,#2704,#2705),
  .UNSPECIFIED.,.F.,.F.,(3,3),(0.,6.288229312733E-03),
  .PIECEWISE_BEZIER_KNOTS.);
#2703 = CARTESIAN_POINT('',(3.149679177875,0.));
#2704 = CARTESIAN_POINT('',(3.149679177875,-3.144114656366E-03));
#2705 = CARTESIAN_POINT('',(3.149679177875,-6.288229312733E-03));
#2706 = ( GEOMETRIC_REPRESENTATION_CONTEXT(2) 
PARAMETRIC_REPRESENTATION_CONTEXT() REPRESENTATION_CONTEXT('2D SPACE',''
  ) );
#2707 = ORIENTED_EDGE('',*,*,#2708,.F.);
#2708 = EDGE_CURVE('',#2617,#2688,#2709,.T.);
#2709 = SURFACE_CURVE('',#2710,(#2713,#2719),.PCURVE_S1.);
#2710 = B_SPLINE_CURVE_WITH_KNOTS('',1,(#2711,#2712),.UNSPECIFIED.,.F.,
  .F.,(2,2),(0.,1.136673871007E-02),.PIECEWISE_BEZIER_KNOTS.);
#2711 = CARTESIAN_POINT('',(-22.686,-1.734723475977E-15,20.57483635142)
  );
#2712 = CARTESIAN_POINT('',(-11.319629884,-9.153845725335E-02,
    20.57483635142));
#2713 = PCURVE('',#2631,#2714);
#2714 = DEFINITIONAL_REPRESENTATION('',(#2715),#2718);
#2715 = B_SPLINE_CURVE_WITH_KNOTS('',1,(#2716,#2717),.UNSPECIFIED.,.F.,
  .F.,(2,2),(0.,1.136673871007E-02),.PIECEWISE_BEZIER_KNOTS.);
#2716 = CARTESIAN_POINT('',(0.,0.));
#2717 = CARTESIAN_POINT('',(1.136673871007E-02,0.));
#2718 = ( GEOMETRIC_REPRESENTATION_CONTEXT(2) 
PARAMETRIC_REPRESENTATION_CONTEXT() REPRESENTATION_CONTEXT('2D SPACE',''
  ) );
#2719 = PCURVE('',#2578,#2720);
#2720 = DEFINITIONAL_REPRESENTATION('',(#2721),#2724);
#2721 = B_SPLINE_CURVE_WITH_KNOTS('',1,(#2722,#2723),.UNSPECIFIED.,.F.,
  .F.,(2,2),(0.,1.136673871007E-02),.PIECEWISE_BEZIER_KNOTS.);
#2722 = CARTESIAN_POINT('',(-5.570740474746E-03,-3.554718532749E-03));
#2723 = CARTESIAN_POINT('',(5.795629641249E-03,-3.463180075495E-03));
#2724 = ( GEOMETRIC_REPRESENTATION_CONTEXT(2) 
PARAMETRIC_REPRESENTATION_CONTEXT() REPRESENTATION_CONTEXT('2D SPACE',''
  ) );
#2725 = ADVANCED_FACE('',(#2726),#2499,.T.);
#2726 = FACE_BOUND('',#2727,.T.);
#2727 = EDGE_LOOP('',(#2728,#2729,#2750,#2751));
#2728 = ORIENTED_EDGE('',*,*,#2687,.T.);
#2729 = ORIENTED_EDGE('',*,*,#2730,.T.);
#2730 = EDGE_CURVE('',#2668,#2481,#2731,.T.);
#2731 = SURFACE_CURVE('',#2732,(#2736,#2743),.PCURVE_S1.);
#2732 = ( BOUNDED_CURVE() B_SPLINE_CURVE(2,(#2733,#2734,#2735),
.UNSPECIFIED.,.F.,.F.) B_SPLINE_CURVE_WITH_KNOTS((3,3),(3.149679177875,
3.543069237376),.PIECEWISE_BEZIER_KNOTS.) CURVE() 
GEOMETRIC_REPRESENTATION_ITEM() RATIONAL_B_SPLINE_CURVE((1.,
0.980717820329,1.)) REPRESENTATION_ITEM('') );
#2733 = CARTESIAN_POINT('',(-11.319629884,-9.153845725334E-02,
    26.863065664153));
#2734 = CARTESIAN_POINT('',(-11.30138887368,-2.347218656884,
    26.863065664153));
#2735 = CARTESIAN_POINT('',(-10.41988998839,-4.423606292346,
    26.863065664153));
#2736 = PCURVE('',#2499,#2737);
#2737 = DEFINITIONAL_REPRESENTATION('',(#2738),#2742);
#2738 = B_SPLINE_CURVE_WITH_KNOTS('',2,(#2739,#2740,#2741),
  .UNSPECIFIED.,.F.,.F.,(3,3),(3.149679177875,3.543069237376),
  .PIECEWISE_BEZIER_KNOTS.);
#2739 = CARTESIAN_POINT('',(3.149679177875,-6.288229312733E-03));
#2740 = CARTESIAN_POINT('',(3.346374207625,-6.288229312733E-03));
#2741 = CARTESIAN_POINT('',(3.543069237376,-6.288229312733E-03));
#2742 = ( GEOMETRIC_REPRESENTATION_CONTEXT(2) 
PARAMETRIC_REPRESENTATION_CONTEXT() REPRESENTATION_CONTEXT('2D SPACE',''
  ) );
#2743 = PCURVE('',#2527,#2744);
#2744 = DEFINITIONAL_REPRESENTATION('',(#2745),#2749);
#2745 = ( BOUNDED_CURVE() B_SPLINE_CURVE(2,(#2746,#2747,#2748),
.UNSPECIFIED.,.F.,.F.) B_SPLINE_CURVE_WITH_KNOTS((3,3),(3.149679177875,
3.543069237376),.PIECEWISE_BEZIER_KNOTS.) CURVE() 
GEOMETRIC_REPRESENTATION_ITEM() RATIONAL_B_SPLINE_CURVE((1.,
0.980717820329,1.)) REPRESENTATION_ITEM('') );
#2746 = CARTESIAN_POINT('',(5.795629641249E-03,-3.463180075495E-03));
#2747 = CARTESIAN_POINT('',(5.813870651569E-03,-1.207499875865E-03));
#2748 = CARTESIAN_POINT('',(6.695369536856E-03,8.688877595977E-04));
#2749 = ( GEOMETRIC_REPRESENTATION_CONTEXT(2) 
PARAMETRIC_REPRESENTATION_CONTEXT() REPRESENTATION_CONTEXT('2D SPACE',''
  ) );
#2750 = ORIENTED_EDGE('',*,*,#2478,.F.);
#2751 = ORIENTED_EDGE('',*,*,#2752,.F.);
#2752 = EDGE_CURVE('',#2688,#2479,#2753,.T.);
#2753 = SURFACE_CURVE('',#2754,(#2758,#2765),.PCURVE_S1.);
#2754 = ( BOUNDED_CURVE() B_SPLINE_CURVE(2,(#2755,#2756,#2757),
.UNSPECIFIED.,.F.,.F.) B_SPLINE_CURVE_WITH_KNOTS((3,3),(3.149679177875,
3.543069237376),.PIECEWISE_BEZIER_KNOTS.) CURVE() 
GEOMETRIC_REPRESENTATION_ITEM() RATIONAL_B_SPLINE_CURVE((1.,
0.980717820329,1.)) REPRESENTATION_ITEM('') );
#2755 = CARTESIAN_POINT('',(-11.319629884,-9.153845725334E-02,
    20.57483635142));
#2756 = CARTESIAN_POINT('',(-11.30138887368,-2.347218656884,
    20.57483635142));
#2757 = CARTESIAN_POINT('',(-10.41988998839,-4.423606292346,
    20.57483635142));
#2758 = PCURVE('',#2499,#2759);
#2759 = DEFINITIONAL_REPRESENTATION('',(#2760),#2764);
#2760 = B_SPLINE_CURVE_WITH_KNOTS('',2,(#2761,#2762,#2763),
  .UNSPECIFIED.,.F.,.F.,(3,3),(3.149679177875,3.543069237376),
  .PIECEWISE_BEZIER_KNOTS.);
#2761 = CARTESIAN_POINT('',(3.149679177875,0.));
#2762 = CARTESIAN_POINT('',(3.346374207625,0.));
#2763 = CARTESIAN_POINT('',(3.543069237376,0.));
#2764 = ( GEOMETRIC_REPRESENTATION_CONTEXT(2) 
PARAMETRIC_REPRESENTATION_CONTEXT() REPRESENTATION_CONTEXT('2D SPACE',''
  ) );
#2765 = PCURVE('',#2578,#2766);
#2766 = DEFINITIONAL_REPRESENTATION('',(#2767),#2771);
#2767 = ( BOUNDED_CURVE() B_SPLINE_CURVE(2,(#2768,#2769,#2770),
.UNSPECIFIED.,.F.,.F.) B_SPLINE_CURVE_WITH_KNOTS((3,3),(3.149679177875,
3.543069237376),.PIECEWISE_BEZIER_KNOTS.) CURVE() 
GEOMETRIC_REPRESENTATION_ITEM() RATIONAL_B_SPLINE_CURVE((1.,
0.980717820329,1.)) REPRESENTATION_ITEM('') );
#2768 = CARTESIAN_POINT('',(5.795629641249E-03,-3.463180075495E-03));
#2769 = CARTESIAN_POINT('',(5.813870651569E-03,-1.207499875865E-03));
#2770 = CARTESIAN_POINT('',(6.695369536856E-03,8.688877595977E-04));
#2771 = ( GEOMETRIC_REPRESENTATION_CONTEXT(2) 
PARAMETRIC_REPRESENTATION_CONTEXT() REPRESENTATION_CONTEXT('2D SPACE',''
  ) );
#2772 = ADVANCED_FACE('',(#2773),#2578,.T.);
#2773 = FACE_BOUND('',#2774,.T.);
#2774 = EDGE_LOOP('',(#2775,#2776,#2777,#2778));
#2775 = ORIENTED_EDGE('',*,*,#2566,.T.);
#2776 = ORIENTED_EDGE('',*,*,#2642,.T.);
#2777 = ORIENTED_EDGE('',*,*,#2708,.T.);
#2778 = ORIENTED_EDGE('',*,*,#2752,.T.);
#2779 = ADVANCED_FACE('',(#2780),#2527,.F.);
#2780 = FACE_BOUND('',#2781,.F.);
#2781 = EDGE_LOOP('',(#2782,#2783,#2784,#2785));
#2782 = ORIENTED_EDGE('',*,*,#2513,.T.);
#2783 = ORIENTED_EDGE('',*,*,#2593,.T.);
#2784 = ORIENTED_EDGE('',*,*,#2667,.T.);
#2785 = ORIENTED_EDGE('',*,*,#2730,.T.);
#2786 = ( GEOMETRIC_REPRESENTATION_CONTEXT(3) 
GLOBAL_UNCERTAINTY_ASSIGNED_CONTEXT((#2790)) 
GLOBAL_UNIT_ASSIGNED_CONTEXT((#2787,#2788,#2789)) REPRESENTATION_CONTEXT
('Context #1','3D Context with UNIT and UNCERTAINTY') );
#2787 = ( LENGTH_UNIT() NAMED_UNIT(*) SI_UNIT(.MILLI.,.METRE.) );
#2788 = ( NAMED_UNIT(*) PLANE_ANGLE_UNIT() SI_UNIT($,.RADIAN.) );
#2789 = ( NAMED_UNIT(*) SI_UNIT($,.STERADIAN.) SOLID_ANGLE_UNIT() );
#2790 = UNCERTAINTY_MEASURE_WITH_UNIT(LENGTH_MEASURE(1.E-04),#2787,
  'distance_accuracy_value','confusion accuracy');
#2791 = CONTEXT_DEPENDENT_SHAPE_REPRESENTATION(#2792,#2794);
#2792 = ( REPRESENTATION_RELATIONSHIP('','',#2471,#10) 
REPRESENTATION_RELATIONSHIP_WITH_TRANSFORMATION(#2793) 
SHAPE_REPRESENTATION_RELATIONSHIP() );
#2793 = ITEM_DEFINED_TRANSFORMATION('','',#11,#43);
#2794 = PRODUCT_DEFINITION_SHAPE('Placement','Placement of an item',
  #2795);
#2795 = NEXT_ASSEMBLY_USAGE_OCCURRENCE('6052','','',#5,#2466,$);
#2796 = PRODUCT_RELATED_PRODUCT_CATEGORY('part',$,(#2468));
#2797 = SHAPE_DEFINITION_REPRESENTATION(#2798,#2804);
#2798 = PRODUCT_DEFINITION_SHAPE('','',#2799);
#2799 = PRODUCT_DEFINITION('design','',#2800,#2803);
#2800 = PRODUCT_DEFINITION_FORMATION('','',#2801);
#2801 = PRODUCT('Open CASCADE STEP translator 7.8 202.9',
  'Open CASCADE STEP translator 7.8 202.9','',(#2802));
#2802 = PRODUCT_CONTEXT('',#2,'mechanical');
#2803 = PRODUCT_DEFINITION_CONTEXT('part definition',#2,'design');
#2804 = ADVANCED_BREP_SHAPE_REPRESENTATION('',(#11,#2805),#3119);
#2805 = MANIFOLD_SOLID_BREP('',#2806);
#2806 = CLOSED_SHELL('',(#2807,#2921,#2995,#3058,#3105,#3112));
#2807 = ADVANCED_FACE('',(#2808),#2821,.T.);
#2808 = FACE_BOUND('',#2809,.T.);
#2809 = EDGE_LOOP('',(#2810,#2845,#2870,#2898));
#2810 = ORIENTED_EDGE('',*,*,#2811,.T.);
#2811 = EDGE_CURVE('',#2812,#2814,#2816,.T.);
#2812 = VERTEX_POINT('',#2813);
#2813 = CARTESIAN_POINT('',(-7.468665648007,-8.506552382621,
    20.57483635142));
#2814 = VERTEX_POINT('',#2815);
#2815 = CARTESIAN_POINT('',(-7.468665648007,-8.506552382621,
    26.863065664153));
#2816 = SURFACE_CURVE('',#2817,(#2820,#2831),.PCURVE_S1.);
#2817 = B_SPLINE_CURVE_WITH_KNOTS('',1,(#2818,#2819),.UNSPECIFIED.,.F.,
  .F.,(2,2),(0.,6.288229312733E-03),.PIECEWISE_BEZIER_KNOTS.);
#2818 = CARTESIAN_POINT('',(-7.468665648007,-8.506552382621,
    20.57483635142));
#2819 = CARTESIAN_POINT('',(-7.468665648007,-8.506552382621,
    26.863065664153));
#2820 = PCURVE('',#2821,#2826);
#2821 = B_SPLINE_SURFACE_WITH_KNOTS('',1,1,(
    (#2822,#2823)
    ,(#2824,#2825
    )),.UNSPECIFIED.,.F.,.F.,.F.,(2,2),(2,2),(0.,1.136673871007E-02),(
    -6.288229312733E-03,0.),.PIECEWISE_BEZIER_KNOTS.);
#2822 = CARTESIAN_POINT('',(-7.468665648007,-8.506552382621,
    26.863065664153));
#2823 = CARTESIAN_POINT('',(-7.468665648007,-8.506552382621,
    20.57483635142));
#2824 = CARTESIAN_POINT('',(-14.8293367063,-17.16814983773,
    26.863065664153));
#2825 = CARTESIAN_POINT('',(-14.8293367063,-17.16814983773,
    20.57483635142));
#2826 = DEFINITIONAL_REPRESENTATION('',(#2827),#2830);
#2827 = B_SPLINE_CURVE_WITH_KNOTS('',1,(#2828,#2829),.UNSPECIFIED.,.F.,
  .F.,(2,2),(0.,6.288229312733E-03),.PIECEWISE_BEZIER_KNOTS.);
#2828 = CARTESIAN_POINT('',(0.,0.));
#2829 = CARTESIAN_POINT('',(0.,-6.288229312733E-03));
#2830 = ( GEOMETRIC_REPRESENTATION_CONTEXT(2) 
PARAMETRIC_REPRESENTATION_CONTEXT() REPRESENTATION_CONTEXT('2D SPACE',''
  ) );
#2831 = PCURVE('',#2832,#2839);
#2832 = ( BOUNDED_SURFACE() B_SPLINE_SURFACE(2,1,(
    (#2833,#2834)
    ,(#2835,#2836)
    ,(#2837,#2838
)),.UNSPECIFIED.,.F.,.F.,.F.) B_SPLINE_SURFACE_WITH_KNOTS((3,3),(2,2),(
    3.149679177875,3.543069237376),(-6.288229312733E-03,0.),
.PIECEWISE_BEZIER_KNOTS.) GEOMETRIC_REPRESENTATION_ITEM() 
RATIONAL_B_SPLINE_SURFACE((
    (1.,1.)
    ,(0.980717820329,0.980717820329)
,(1.,1.))) REPRESENTATION_ITEM('') SURFACE() );
#2833 = CARTESIAN_POINT('',(-10.15891707356,-4.9938766397,
    26.863065664153));
#2834 = CARTESIAN_POINT('',(-10.15891707356,-4.9938766397,20.57483635142
    ));
#2835 = CARTESIAN_POINT('',(-9.163779531873,-7.018259797748,
    26.863065664153));
#2836 = CARTESIAN_POINT('',(-9.163779531873,-7.018259797748,
    20.57483635142));
#2837 = CARTESIAN_POINT('',(-7.468665648007,-8.506552382621,
    26.863065664153));
#2838 = CARTESIAN_POINT('',(-7.468665648007,-8.506552382621,
    20.57483635142));
#2839 = DEFINITIONAL_REPRESENTATION('',(#2840),#2844);
#2840 = B_SPLINE_CURVE_WITH_KNOTS('',2,(#2841,#2842,#2843),
  .UNSPECIFIED.,.F.,.F.,(3,3),(0.,6.288229312733E-03),
  .PIECEWISE_BEZIER_KNOTS.);
#2841 = CARTESIAN_POINT('',(3.543069237376,0.));
#2842 = CARTESIAN_POINT('',(3.543069237376,-3.144114656366E-03));
#2843 = CARTESIAN_POINT('',(3.543069237376,-6.288229312733E-03));
#2844 = ( GEOMETRIC_REPRESENTATION_CONTEXT(2) 
PARAMETRIC_REPRESENTATION_CONTEXT() REPRESENTATION_CONTEXT('2D SPACE',''
  ) );
#2845 = ORIENTED_EDGE('',*,*,#2846,.T.);
#2846 = EDGE_CURVE('',#2814,#2847,#2849,.T.);
#2847 = VERTEX_POINT('',#2848);
#2848 = CARTESIAN_POINT('',(-14.8293367063,-17.16814983773,
    26.863065664153));
#2849 = SURFACE_CURVE('',#2850,(#2853,#2859),.PCURVE_S1.);
#2850 = B_SPLINE_CURVE_WITH_KNOTS('',1,(#2851,#2852),.UNSPECIFIED.,.F.,
  .F.,(2,2),(0.,1.136673871007E-02),.PIECEWISE_BEZIER_KNOTS.);
#2851 = CARTESIAN_POINT('',(-7.468665648007,-8.506552382621,
    26.863065664153));
#2852 = CARTESIAN_POINT('',(-14.8293367063,-17.16814983773,
    26.863065664153));
#2853 = PCURVE('',#2821,#2854);
#2854 = DEFINITIONAL_REPRESENTATION('',(#2855),#2858);
#2855 = B_SPLINE_CURVE_WITH_KNOTS('',1,(#2856,#2857),.UNSPECIFIED.,.F.,
  .F.,(2,2),(0.,1.136673871007E-02),.PIECEWISE_BEZIER_KNOTS.);
#2856 = CARTESIAN_POINT('',(0.,-6.288229312733E-03));
#2857 = CARTESIAN_POINT('',(1.136673871007E-02,-6.288229312733E-03));
#2858 = ( GEOMETRIC_REPRESENTATION_CONTEXT(2) 
PARAMETRIC_REPRESENTATION_CONTEXT() REPRESENTATION_CONTEXT('2D SPACE',''
  ) );
#2859 = PCURVE('',#2860,#2865);
#2860 = B_SPLINE_SURFACE_WITH_KNOTS('',1,1,(
    (#2861,#2862)
    ,(#2863,#2864
    )),.UNSPECIFIED.,.F.,.F.,.F.,(2,2),(2,2),(-5.570740474746E-03,
    6.695369536856E-03),(-3.554718532749E-03,5.479041931772E-03),
  .PIECEWISE_BEZIER_KNOTS.);
#2861 = CARTESIAN_POINT('',(-20.43937973723,-9.843086505621,
    26.863065664153));
#2862 = CARTESIAN_POINT('',(-16.51977796859,-17.98222344424,
    26.863065664153));
#2863 = CARTESIAN_POINT('',(-9.387996486515,-4.52102082936,
    26.863065664153));
#2864 = CARTESIAN_POINT('',(-5.468394717876,-12.66015776798,
    26.863065664153));
#2865 = DEFINITIONAL_REPRESENTATION('',(#2866),#2869);
#2866 = B_SPLINE_CURVE_WITH_KNOTS('',1,(#2867,#2868),.UNSPECIFIED.,.F.,
  .F.,(2,2),(0.,1.136673871007E-02),.PIECEWISE_BEZIER_KNOTS.);
#2867 = CARTESIAN_POINT('',(6.695369536856E-03,8.688877595977E-04));
#2868 = CARTESIAN_POINT('',(-3.694492224098E-03,5.479041931772E-03));
#2869 = ( GEOMETRIC_REPRESENTATION_CONTEXT(2) 
PARAMETRIC_REPRESENTATION_CONTEXT() REPRESENTATION_CONTEXT('2D SPACE',''
  ) );
#2870 = ORIENTED_EDGE('',*,*,#2871,.F.);
#2871 = EDGE_CURVE('',#2872,#2847,#2874,.T.);
#2872 = VERTEX_POINT('',#2873);
#2873 = CARTESIAN_POINT('',(-14.8293367063,-17.16814983773,
    20.57483635142));
#2874 = SURFACE_CURVE('',#2875,(#2878,#2884),.PCURVE_S1.);
#2875 = B_SPLINE_CURVE_WITH_KNOTS('',1,(#2876,#2877),.UNSPECIFIED.,.F.,
  .F.,(2,2),(0.,6.288229312733E-03),.PIECEWISE_BEZIER_KNOTS.);
#2876 = CARTESIAN_POINT('',(-14.8293367063,-17.16814983773,
    20.57483635142));
#2877 = CARTESIAN_POINT('',(-14.8293367063,-17.16814983773,
    26.863065664153));
#2878 = PCURVE('',#2821,#2879);
#2879 = DEFINITIONAL_REPRESENTATION('',(#2880),#2883);
#2880 = B_SPLINE_CURVE_WITH_KNOTS('',1,(#2881,#2882),.UNSPECIFIED.,.F.,
  .F.,(2,2),(0.,6.288229312733E-03),.PIECEWISE_BEZIER_KNOTS.);
#2881 = CARTESIAN_POINT('',(1.136673871007E-02,0.));
#2882 = CARTESIAN_POINT('',(1.136673871007E-02,-6.288229312733E-03));
#2883 = ( GEOMETRIC_REPRESENTATION_CONTEXT(2) 
PARAMETRIC_REPRESENTATION_CONTEXT() REPRESENTATION_CONTEXT('2D SPACE',''
  ) );
#2884 = PCURVE('',#2885,#2892);
#2885 = ( BOUNDED_SURFACE() B_SPLINE_SURFACE(2,1,(
    (#2886,#2887)
    ,(#2888,#2889)
    ,(#2890,#2891
)),.UNSPECIFIED.,.F.,.F.,.F.) B_SPLINE_SURFACE_WITH_KNOTS((3,3),(2,2),(
    5.873622199108,6.28318530718),(-6.288229312733E-03,0.),
.PIECEWISE_BEZIER_KNOTS.) GEOMETRIC_REPRESENTATION_ITEM() 
RATIONAL_B_SPLINE_SURFACE((
    (1.,1.)
    ,(0.979105429584,0.979105429584)
,(1.,1.))) REPRESENTATION_ITEM('') SURFACE() );
#2886 = CARTESIAN_POINT('',(-14.8293367063,-17.16814983773,
    26.863065664153));
#2887 = CARTESIAN_POINT('',(-14.8293367063,-17.16814983773,
    20.57483635142));
#2888 = CARTESIAN_POINT('',(-18.39504018343,-14.08820133094,
    26.863065664153));
#2889 = CARTESIAN_POINT('',(-18.39504018343,-14.08820133094,
    20.57483635142));
#2890 = CARTESIAN_POINT('',(-20.43937973723,-9.843086505621,
    26.863065664153));
#2891 = CARTESIAN_POINT('',(-20.43937973723,-9.843086505621,
    20.57483635142));
#2892 = DEFINITIONAL_REPRESENTATION('',(#2893),#2897);
#2893 = B_SPLINE_CURVE_WITH_KNOTS('',2,(#2894,#2895,#2896),
  .UNSPECIFIED.,.F.,.F.,(3,3),(0.,6.288229312733E-03),
  .PIECEWISE_BEZIER_KNOTS.);
#2894 = CARTESIAN_POINT('',(5.873622199108,0.));
#2895 = CARTESIAN_POINT('',(5.873622199108,-3.144114656366E-03));
#2896 = CARTESIAN_POINT('',(5.873622199108,-6.288229312733E-03));
#2897 = ( GEOMETRIC_REPRESENTATION_CONTEXT(2) 
PARAMETRIC_REPRESENTATION_CONTEXT() REPRESENTATION_CONTEXT('2D SPACE',''
  ) );
#2898 = ORIENTED_EDGE('',*,*,#2899,.F.);
#2899 = EDGE_CURVE('',#2812,#2872,#2900,.T.);
#2900 = SURFACE_CURVE('',#2901,(#2904,#2910),.PCURVE_S1.);
#2901 = B_SPLINE_CURVE_WITH_KNOTS('',1,(#2902,#2903),.UNSPECIFIED.,.F.,
  .F.,(2,2),(0.,1.136673871007E-02),.PIECEWISE_BEZIER_KNOTS.);
#2902 = CARTESIAN_POINT('',(-7.468665648007,-8.506552382621,
    20.57483635142));
#2903 = CARTESIAN_POINT('',(-14.8293367063,-17.16814983773,
    20.57483635142));
#2904 = PCURVE('',#2821,#2905);
#2905 = DEFINITIONAL_REPRESENTATION('',(#2906),#2909);
#2906 = B_SPLINE_CURVE_WITH_KNOTS('',1,(#2907,#2908),.UNSPECIFIED.,.F.,
  .F.,(2,2),(0.,1.136673871007E-02),.PIECEWISE_BEZIER_KNOTS.);
#2907 = CARTESIAN_POINT('',(0.,0.));
#2908 = CARTESIAN_POINT('',(1.136673871007E-02,0.));
#2909 = ( GEOMETRIC_REPRESENTATION_CONTEXT(2) 
PARAMETRIC_REPRESENTATION_CONTEXT() REPRESENTATION_CONTEXT('2D SPACE',''
  ) );
#2910 = PCURVE('',#2911,#2916);
#2911 = B_SPLINE_SURFACE_WITH_KNOTS('',1,1,(
    (#2912,#2913)
    ,(#2914,#2915
    )),.UNSPECIFIED.,.F.,.F.,.F.,(2,2),(2,2),(-5.570740474746E-03,
    6.695369536856E-03),(-3.554718532749E-03,5.479041931772E-03),
  .PIECEWISE_BEZIER_KNOTS.);
#2912 = CARTESIAN_POINT('',(-20.43937973723,-9.843086505621,
    20.57483635142));
#2913 = CARTESIAN_POINT('',(-16.51977796859,-17.98222344424,
    20.57483635142));
#2914 = CARTESIAN_POINT('',(-9.387996486515,-4.52102082936,
    20.57483635142));
#2915 = CARTESIAN_POINT('',(-5.468394717876,-12.66015776798,
    20.57483635142));
#2916 = DEFINITIONAL_REPRESENTATION('',(#2917),#2920);
#2917 = B_SPLINE_CURVE_WITH_KNOTS('',1,(#2918,#2919),.UNSPECIFIED.,.F.,
  .F.,(2,2),(0.,1.136673871007E-02),.PIECEWISE_BEZIER_KNOTS.);
#2918 = CARTESIAN_POINT('',(6.695369536856E-03,8.688877595977E-04));
#2919 = CARTESIAN_POINT('',(-3.694492224098E-03,5.479041931772E-03));
#2920 = ( GEOMETRIC_REPRESENTATION_CONTEXT(2) 
PARAMETRIC_REPRESENTATION_CONTEXT() REPRESENTATION_CONTEXT('2D SPACE',''
  ) );
#2921 = ADVANCED_FACE('',(#2922),#2885,.T.);
#2922 = FACE_BOUND('',#2923,.T.);
#2923 = EDGE_LOOP('',(#2924,#2925,#2948,#2974));
#2924 = ORIENTED_EDGE('',*,*,#2871,.T.);
#2925 = ORIENTED_EDGE('',*,*,#2926,.T.);
#2926 = EDGE_CURVE('',#2847,#2927,#2929,.T.);
#2927 = VERTEX_POINT('',#2928);
#2928 = CARTESIAN_POINT('',(-20.43937973723,-9.843086505621,
    26.863065664153));
#2929 = SURFACE_CURVE('',#2930,(#2934,#2941),.PCURVE_S1.);
#2930 = ( BOUNDED_CURVE() B_SPLINE_CURVE(2,(#2931,#2932,#2933),
.UNSPECIFIED.,.F.,.F.) B_SPLINE_CURVE_WITH_KNOTS((3,3),(5.873622199108,
6.28318530718),.PIECEWISE_BEZIER_KNOTS.) CURVE() 
GEOMETRIC_REPRESENTATION_ITEM() RATIONAL_B_SPLINE_CURVE((1.,
0.979105429584,1.)) REPRESENTATION_ITEM('') );
#2931 = CARTESIAN_POINT('',(-14.8293367063,-17.16814983773,
    26.863065664153));
#2932 = CARTESIAN_POINT('',(-18.39504018343,-14.08820133094,
    26.863065664153));
#2933 = CARTESIAN_POINT('',(-20.43937973723,-9.843086505621,
    26.863065664153));
#2934 = PCURVE('',#2885,#2935);
#2935 = DEFINITIONAL_REPRESENTATION('',(#2936),#2940);
#2936 = B_SPLINE_CURVE_WITH_KNOTS('',2,(#2937,#2938,#2939),
  .UNSPECIFIED.,.F.,.F.,(3,3),(5.873622199108,6.28318530718),
  .PIECEWISE_BEZIER_KNOTS.);
#2937 = CARTESIAN_POINT('',(5.873622199108,-6.288229312733E-03));
#2938 = CARTESIAN_POINT('',(6.078403753144,-6.288229312733E-03));
#2939 = CARTESIAN_POINT('',(6.28318530718,-6.288229312733E-03));
#2940 = ( GEOMETRIC_REPRESENTATION_CONTEXT(2) 
PARAMETRIC_REPRESENTATION_CONTEXT() REPRESENTATION_CONTEXT('2D SPACE',''
  ) );
#2941 = PCURVE('',#2860,#2942);
#2942 = DEFINITIONAL_REPRESENTATION('',(#2943),#2947);
#2943 = ( BOUNDED_CURVE() B_SPLINE_CURVE(2,(#2944,#2945,#2946),
.UNSPECIFIED.,.F.,.F.) B_SPLINE_CURVE_WITH_KNOTS((3,3),(5.873622199108,
6.28318530718),.PIECEWISE_BEZIER_KNOTS.) CURVE() 
GEOMETRIC_REPRESENTATION_ITEM() RATIONAL_B_SPLINE_CURVE((1.,
0.979105429584,1.)) REPRESENTATION_ITEM('') );
#2944 = CARTESIAN_POINT('',(-3.694492224098E-03,5.479041931772E-03));
#2945 = CARTESIAN_POINT('',(-5.570740474746E-03,1.157003455162E-03));
#2946 = CARTESIAN_POINT('',(-5.570740474746E-03,-3.554718532749E-03));
#2947 = ( GEOMETRIC_REPRESENTATION_CONTEXT(2) 
PARAMETRIC_REPRESENTATION_CONTEXT() REPRESENTATION_CONTEXT('2D SPACE',''
  ) );
#2948 = ORIENTED_EDGE('',*,*,#2949,.F.);
#2949 = EDGE_CURVE('',#2950,#2927,#2952,.T.);
#2950 = VERTEX_POINT('',#2951);
#2951 = CARTESIAN_POINT('',(-20.43937973723,-9.843086505621,
    20.57483635142));
#2952 = SURFACE_CURVE('',#2953,(#2956,#2963),.PCURVE_S1.);
#2953 = B_SPLINE_CURVE_WITH_KNOTS('',1,(#2954,#2955),.UNSPECIFIED.,.F.,
  .F.,(2,2),(0.,6.288229312733E-03),.PIECEWISE_BEZIER_KNOTS.);
#2954 = CARTESIAN_POINT('',(-20.43937973723,-9.843086505621,
    20.57483635142));
#2955 = CARTESIAN_POINT('',(-20.43937973723,-9.843086505621,
    26.863065664153));
#2956 = PCURVE('',#2885,#2957);
#2957 = DEFINITIONAL_REPRESENTATION('',(#2958),#2962);
#2958 = B_SPLINE_CURVE_WITH_KNOTS('',2,(#2959,#2960,#2961),
  .UNSPECIFIED.,.F.,.F.,(3,3),(0.,6.288229312733E-03),
  .PIECEWISE_BEZIER_KNOTS.);
#2959 = CARTESIAN_POINT('',(6.28318530718,0.));
#2960 = CARTESIAN_POINT('',(6.28318530718,-3.144114656366E-03));
#2961 = CARTESIAN_POINT('',(6.28318530718,-6.288229312733E-03));
#2962 = ( GEOMETRIC_REPRESENTATION_CONTEXT(2) 
PARAMETRIC_REPRESENTATION_CONTEXT() REPRESENTATION_CONTEXT('2D SPACE',''
  ) );
#2963 = PCURVE('',#2964,#2969);
#2964 = B_SPLINE_SURFACE_WITH_KNOTS('',1,1,(
    (#2965,#2966)
    ,(#2967,#2968
    )),.UNSPECIFIED.,.F.,.F.,.F.,(2,2),(2,2),(0.,1.136673871007E-02),(
    -6.288229312733E-03,0.),.PIECEWISE_BEZIER_KNOTS.);
#2965 = CARTESIAN_POINT('',(-20.43937973723,-9.843086505621,
    26.863065664153));
#2966 = CARTESIAN_POINT('',(-20.43937973723,-9.843086505621,
    20.57483635142));
#2967 = CARTESIAN_POINT('',(-10.15891707356,-4.9938766397,
    26.863065664153));
#2968 = CARTESIAN_POINT('',(-10.15891707356,-4.9938766397,20.57483635142
    ));
#2969 = DEFINITIONAL_REPRESENTATION('',(#2970),#2973);
#2970 = B_SPLINE_CURVE_WITH_KNOTS('',1,(#2971,#2972),.UNSPECIFIED.,.F.,
  .F.,(2,2),(0.,6.288229312733E-03),.PIECEWISE_BEZIER_KNOTS.);
#2971 = CARTESIAN_POINT('',(0.,0.));
#2972 = CARTESIAN_POINT('',(0.,-6.288229312733E-03));
#2973 = ( GEOMETRIC_REPRESENTATION_CONTEXT(2) 
PARAMETRIC_REPRESENTATION_CONTEXT() REPRESENTATION_CONTEXT('2D SPACE',''
  ) );
#2974 = ORIENTED_EDGE('',*,*,#2975,.F.);
#2975 = EDGE_CURVE('',#2872,#2950,#2976,.T.);
#2976 = SURFACE_CURVE('',#2977,(#2981,#2988),.PCURVE_S1.);
#2977 = ( BOUNDED_CURVE() B_SPLINE_CURVE(2,(#2978,#2979,#2980),
.UNSPECIFIED.,.F.,.F.) B_SPLINE_CURVE_WITH_KNOTS((3,3),(5.873622199108,
6.28318530718),.PIECEWISE_BEZIER_KNOTS.) CURVE() 
GEOMETRIC_REPRESENTATION_ITEM() RATIONAL_B_SPLINE_CURVE((1.,
0.979105429584,1.)) REPRESENTATION_ITEM('') );
#2978 = CARTESIAN_POINT('',(-14.8293367063,-17.16814983773,
    20.57483635142));
#2979 = CARTESIAN_POINT('',(-18.39504018343,-14.08820133094,
    20.57483635142));
#2980 = CARTESIAN_POINT('',(-20.43937973723,-9.843086505621,
    20.57483635142));
#2981 = PCURVE('',#2885,#2982);
#2982 = DEFINITIONAL_REPRESENTATION('',(#2983),#2987);
#2983 = B_SPLINE_CURVE_WITH_KNOTS('',2,(#2984,#2985,#2986),
  .UNSPECIFIED.,.F.,.F.,(3,3),(5.873622199108,6.28318530718),
  .PIECEWISE_BEZIER_KNOTS.);
#2984 = CARTESIAN_POINT('',(5.873622199108,0.));
#2985 = CARTESIAN_POINT('',(6.078403753144,0.));
#2986 = CARTESIAN_POINT('',(6.28318530718,0.));
#2987 = ( GEOMETRIC_REPRESENTATION_CONTEXT(2) 
PARAMETRIC_REPRESENTATION_CONTEXT() REPRESENTATION_CONTEXT('2D SPACE',''
  ) );
#2988 = PCURVE('',#2911,#2989);
#2989 = DEFINITIONAL_REPRESENTATION('',(#2990),#2994);
#2990 = ( BOUNDED_CURVE() B_SPLINE_CURVE(2,(#2991,#2992,#2993),
.UNSPECIFIED.,.F.,.F.) B_SPLINE_CURVE_WITH_KNOTS((3,3),(5.873622199108,
6.28318530718),.PIECEWISE_BEZIER_KNOTS.) CURVE() 
GEOMETRIC_REPRESENTATION_ITEM() RATIONAL_B_SPLINE_CURVE((1.,
0.979105429584,1.)) REPRESENTATION_ITEM('') );
#2991 = CARTESIAN_POINT('',(-3.694492224098E-03,5.479041931772E-03));
#2992 = CARTESIAN_POINT('',(-5.570740474746E-03,1.157003455162E-03));
#2993 = CARTESIAN_POINT('',(-5.570740474746E-03,-3.554718532749E-03));
#2994 = ( GEOMETRIC_REPRESENTATION_CONTEXT(2) 
PARAMETRIC_REPRESENTATION_CONTEXT() REPRESENTATION_CONTEXT('2D SPACE',''
  ) );
#2995 = ADVANCED_FACE('',(#2996),#2964,.T.);
#2996 = FACE_BOUND('',#2997,.T.);
#2997 = EDGE_LOOP('',(#2998,#2999,#3019,#3040));
#2998 = ORIENTED_EDGE('',*,*,#2949,.T.);
#2999 = ORIENTED_EDGE('',*,*,#3000,.T.);
#3000 = EDGE_CURVE('',#2927,#3001,#3003,.T.);
#3001 = VERTEX_POINT('',#3002);
#3002 = CARTESIAN_POINT('',(-10.15891707356,-4.9938766397,
    26.863065664153));
#3003 = SURFACE_CURVE('',#3004,(#3007,#3013),.PCURVE_S1.);
#3004 = B_SPLINE_CURVE_WITH_KNOTS('',1,(#3005,#3006),.UNSPECIFIED.,.F.,
  .F.,(2,2),(0.,1.136673871007E-02),.PIECEWISE_BEZIER_KNOTS.);
#3005 = CARTESIAN_POINT('',(-20.43937973723,-9.843086505621,
    26.863065664153));
#3006 = CARTESIAN_POINT('',(-10.15891707356,-4.9938766397,
    26.863065664153));
#3007 = PCURVE('',#2964,#3008);
#3008 = DEFINITIONAL_REPRESENTATION('',(#3009),#3012);
#3009 = B_SPLINE_CURVE_WITH_KNOTS('',1,(#3010,#3011),.UNSPECIFIED.,.F.,
  .F.,(2,2),(0.,1.136673871007E-02),.PIECEWISE_BEZIER_KNOTS.);
#3010 = CARTESIAN_POINT('',(0.,-6.288229312733E-03));
#3011 = CARTESIAN_POINT('',(1.136673871007E-02,-6.288229312733E-03));
#3012 = ( GEOMETRIC_REPRESENTATION_CONTEXT(2) 
PARAMETRIC_REPRESENTATION_CONTEXT() REPRESENTATION_CONTEXT('2D SPACE',''
  ) );
#3013 = PCURVE('',#2860,#3014);
#3014 = DEFINITIONAL_REPRESENTATION('',(#3015),#3018);
#3015 = B_SPLINE_CURVE_WITH_KNOTS('',1,(#3016,#3017),.UNSPECIFIED.,.F.,
  .F.,(2,2),(0.,1.136673871007E-02),.PIECEWISE_BEZIER_KNOTS.);
#3016 = CARTESIAN_POINT('',(-5.570740474746E-03,-3.554718532749E-03));
#3017 = CARTESIAN_POINT('',(5.795629641249E-03,-3.463180075495E-03));
#3018 = ( GEOMETRIC_REPRESENTATION_CONTEXT(2) 
PARAMETRIC_REPRESENTATION_CONTEXT() REPRESENTATION_CONTEXT('2D SPACE',''
  ) );
#3019 = ORIENTED_EDGE('',*,*,#3020,.F.);
#3020 = EDGE_CURVE('',#3021,#3001,#3023,.T.);
#3021 = VERTEX_POINT('',#3022);
#3022 = CARTESIAN_POINT('',(-10.15891707356,-4.9938766397,20.57483635142
    ));
#3023 = SURFACE_CURVE('',#3024,(#3027,#3033),.PCURVE_S1.);
#3024 = B_SPLINE_CURVE_WITH_KNOTS('',1,(#3025,#3026),.UNSPECIFIED.,.F.,
  .F.,(2,2),(0.,6.288229312733E-03),.PIECEWISE_BEZIER_KNOTS.);
#3025 = CARTESIAN_POINT('',(-10.15891707356,-4.9938766397,20.57483635142
    ));
#3026 = CARTESIAN_POINT('',(-10.15891707356,-4.9938766397,
    26.863065664153));
#3027 = PCURVE('',#2964,#3028);
#3028 = DEFINITIONAL_REPRESENTATION('',(#3029),#3032);
#3029 = B_SPLINE_CURVE_WITH_KNOTS('',1,(#3030,#3031),.UNSPECIFIED.,.F.,
  .F.,(2,2),(0.,6.288229312733E-03),.PIECEWISE_BEZIER_KNOTS.);
#3030 = CARTESIAN_POINT('',(1.136673871007E-02,0.));
#3031 = CARTESIAN_POINT('',(1.136673871007E-02,-6.288229312733E-03));
#3032 = ( GEOMETRIC_REPRESENTATION_CONTEXT(2) 
PARAMETRIC_REPRESENTATION_CONTEXT() REPRESENTATION_CONTEXT('2D SPACE',''
  ) );
#3033 = PCURVE('',#2832,#3034);
#3034 = DEFINITIONAL_REPRESENTATION('',(#3035),#3039);
#3035 = B_SPLINE_CURVE_WITH_KNOTS('',2,(#3036,#3037,#3038),
  .UNSPECIFIED.,.F.,.F.,(3,3),(0.,6.288229312733E-03),
  .PIECEWISE_BEZIER_KNOTS.);
#3036 = CARTESIAN_POINT('',(3.149679177875,0.));
#3037 = CARTESIAN_POINT('',(3.149679177875,-3.144114656366E-03));
#3038 = CARTESIAN_POINT('',(3.149679177875,-6.288229312733E-03));
#3039 = ( GEOMETRIC_REPRESENTATION_CONTEXT(2) 
PARAMETRIC_REPRESENTATION_CONTEXT() REPRESENTATION_CONTEXT('2D SPACE',''
  ) );
#3040 = ORIENTED_EDGE('',*,*,#3041,.F.);
#3041 = EDGE_CURVE('',#2950,#3021,#3042,.T.);
#3042 = SURFACE_CURVE('',#3043,(#3046,#3052),.PCURVE_S1.);
#3043 = B_SPLINE_CURVE_WITH_KNOTS('',1,(#3044,#3045),.UNSPECIFIED.,.F.,
  .F.,(2,2),(0.,1.136673871007E-02),.PIECEWISE_BEZIER_KNOTS.);
#3044 = CARTESIAN_POINT('',(-20.43937973723,-9.843086505621,
    20.57483635142));
#3045 = CARTESIAN_POINT('',(-10.15891707356,-4.9938766397,20.57483635142
    ));
#3046 = PCURVE('',#2964,#3047);
#3047 = DEFINITIONAL_REPRESENTATION('',(#3048),#3051);
#3048 = B_SPLINE_CURVE_WITH_KNOTS('',1,(#3049,#3050),.UNSPECIFIED.,.F.,
  .F.,(2,2),(0.,1.136673871007E-02),.PIECEWISE_BEZIER_KNOTS.);
#3049 = CARTESIAN_POINT('',(0.,0.));
#3050 = CARTESIAN_POINT('',(1.136673871007E-02,0.));
#3051 = ( GEOMETRIC_REPRESENTATION_CONTEXT(2) 
PARAMETRIC_REPRESENTATION_CONTEXT() REPRESENTATION_CONTEXT('2D SPACE',''
  ) );
#3052 = PCURVE('',#2911,#3053);
#3053 = DEFINITIONAL_REPRESENTATION('',(#3054),#3057);
#3054 = B_SPLINE_CURVE_WITH_KNOTS('',1,(#3055,#3056),.UNSPECIFIED.,.F.,
  .F.,(2,2),(0.,1.136673871007E-02),.PIECEWISE_BEZIER_KNOTS.);
#3055 = CARTESIAN_POINT('',(-5.570740474746E-03,-3.554718532749E-03));
#3056 = CARTESIAN_POINT('',(5.795629641249E-03,-3.463180075495E-03));
#3057 = ( GEOMETRIC_REPRESENTATION_CONTEXT(2) 
PARAMETRIC_REPRESENTATION_CONTEXT() REPRESENTATION_CONTEXT('2D SPACE',''
  ) );
#3058 = ADVANCED_FACE('',(#3059),#2832,.T.);
#3059 = FACE_BOUND('',#3060,.T.);
#3060 = EDGE_LOOP('',(#3061,#3062,#3083,#3084));
#3061 = ORIENTED_EDGE('',*,*,#3020,.T.);
#3062 = ORIENTED_EDGE('',*,*,#3063,.T.);
#3063 = EDGE_CURVE('',#3001,#2814,#3064,.T.);
#3064 = SURFACE_CURVE('',#3065,(#3069,#3076),.PCURVE_S1.);
#3065 = ( BOUNDED_CURVE() B_SPLINE_CURVE(2,(#3066,#3067,#3068),
.UNSPECIFIED.,.F.,.F.) B_SPLINE_CURVE_WITH_KNOTS((3,3),(3.149679177875,
3.543069237376),.PIECEWISE_BEZIER_KNOTS.) CURVE() 
GEOMETRIC_REPRESENTATION_ITEM() RATIONAL_B_SPLINE_CURVE((1.,
0.980717820329,1.)) REPRESENTATION_ITEM('') );
#3066 = CARTESIAN_POINT('',(-10.15891707356,-4.9938766397,
    26.863065664153));
#3067 = CARTESIAN_POINT('',(-9.163779531873,-7.018259797748,
    26.863065664153));
#3068 = CARTESIAN_POINT('',(-7.468665648007,-8.506552382621,
    26.863065664153));
#3069 = PCURVE('',#2832,#3070);
#3070 = DEFINITIONAL_REPRESENTATION('',(#3071),#3075);
#3071 = B_SPLINE_CURVE_WITH_KNOTS('',2,(#3072,#3073,#3074),
  .UNSPECIFIED.,.F.,.F.,(3,3),(3.149679177875,3.543069237376),
  .PIECEWISE_BEZIER_KNOTS.);
#3072 = CARTESIAN_POINT('',(3.149679177875,-6.288229312733E-03));
#3073 = CARTESIAN_POINT('',(3.346374207625,-6.288229312733E-03));
#3074 = CARTESIAN_POINT('',(3.543069237376,-6.288229312733E-03));
#3075 = ( GEOMETRIC_REPRESENTATION_CONTEXT(2) 
PARAMETRIC_REPRESENTATION_CONTEXT() REPRESENTATION_CONTEXT('2D SPACE',''
  ) );
#3076 = PCURVE('',#2860,#3077);
#3077 = DEFINITIONAL_REPRESENTATION('',(#3078),#3082);
#3078 = ( BOUNDED_CURVE() B_SPLINE_CURVE(2,(#3079,#3080,#3081),
.UNSPECIFIED.,.F.,.F.) B_SPLINE_CURVE_WITH_KNOTS((3,3),(3.149679177875,
3.543069237376),.PIECEWISE_BEZIER_KNOTS.) CURVE() 
GEOMETRIC_REPRESENTATION_ITEM() RATIONAL_B_SPLINE_CURVE((1.,
0.980717820329,1.)) REPRESENTATION_ITEM('') );
#3079 = CARTESIAN_POINT('',(5.795629641249E-03,-3.463180075495E-03));
#3080 = CARTESIAN_POINT('',(5.813870651569E-03,-1.207499875865E-03));
#3081 = CARTESIAN_POINT('',(6.695369536856E-03,8.688877595977E-04));
#3082 = ( GEOMETRIC_REPRESENTATION_CONTEXT(2) 
PARAMETRIC_REPRESENTATION_CONTEXT() REPRESENTATION_CONTEXT('2D SPACE',''
  ) );
#3083 = ORIENTED_EDGE('',*,*,#2811,.F.);
#3084 = ORIENTED_EDGE('',*,*,#3085,.F.);
#3085 = EDGE_CURVE('',#3021,#2812,#3086,.T.);
#3086 = SURFACE_CURVE('',#3087,(#3091,#3098),.PCURVE_S1.);
#3087 = ( BOUNDED_CURVE() B_SPLINE_CURVE(2,(#3088,#3089,#3090),
.UNSPECIFIED.,.F.,.F.) B_SPLINE_CURVE_WITH_KNOTS((3,3),(3.149679177875,
3.543069237376),.PIECEWISE_BEZIER_KNOTS.) CURVE() 
GEOMETRIC_REPRESENTATION_ITEM() RATIONAL_B_SPLINE_CURVE((1.,
0.980717820329,1.)) REPRESENTATION_ITEM('') );
#3088 = CARTESIAN_POINT('',(-10.15891707356,-4.9938766397,20.57483635142
    ));
#3089 = CARTESIAN_POINT('',(-9.163779531873,-7.018259797748,
    20.57483635142));
#3090 = CARTESIAN_POINT('',(-7.468665648007,-8.506552382621,
    20.57483635142));
#3091 = PCURVE('',#2832,#3092);
#3092 = DEFINITIONAL_REPRESENTATION('',(#3093),#3097);
#3093 = B_SPLINE_CURVE_WITH_KNOTS('',2,(#3094,#3095,#3096),
  .UNSPECIFIED.,.F.,.F.,(3,3),(3.149679177875,3.543069237376),
  .PIECEWISE_BEZIER_KNOTS.);
#3094 = CARTESIAN_POINT('',(3.149679177875,0.));
#3095 = CARTESIAN_POINT('',(3.346374207625,0.));
#3096 = CARTESIAN_POINT('',(3.543069237376,0.));
#3097 = ( GEOMETRIC_REPRESENTATION_CONTEXT(2) 
PARAMETRIC_REPRESENTATION_CONTEXT() REPRESENTATION_CONTEXT('2D SPACE',''
  ) );
#3098 = PCURVE('',#2911,#3099);
#3099 = DEFINITIONAL_REPRESENTATION('',(#3100),#3104);
#3100 = ( BOUNDED_CURVE() B_SPLINE_CURVE(2,(#3101,#3102,#3103),
.UNSPECIFIED.,.F.,.F.) B_SPLINE_CURVE_WITH_KNOTS((3,3),(3.149679177875,
3.543069237376),.PIECEWISE_BEZIER_KNOTS.) CURVE() 
GEOMETRIC_REPRESENTATION_ITEM() RATIONAL_B_SPLINE_CURVE((1.,
0.980717820329,1.)) REPRESENTATION_ITEM('') );
#3101 = CARTESIAN_POINT('',(5.795629641249E-03,-3.463180075495E-03));
#3102 = CARTESIAN_POINT('',(5.813870651569E-03,-1.207499875865E-03));
#3103 = CARTESIAN_POINT('',(6.695369536856E-03,8.688877595977E-04));
#3104 = ( GEOMETRIC_REPRESENTATION_CONTEXT(2) 
PARAMETRIC_REPRESENTATION_CONTEXT() REPRESENTATION_CONTEXT('2D SPACE',''
  ) );
#3105 = ADVANCED_FACE('',(#3106),#2911,.T.);
#3106 = FACE_BOUND('',#3107,.T.);
#3107 = EDGE_LOOP('',(#3108,#3109,#3110,#3111));
#3108 = ORIENTED_EDGE('',*,*,#2899,.T.);
#3109 = ORIENTED_EDGE('',*,*,#2975,.T.);
#3110 = ORIENTED_EDGE('',*,*,#3041,.T.);
#3111 = ORIENTED_EDGE('',*,*,#3085,.T.);
#3112 = ADVANCED_FACE('',(#3113),#2860,.F.);
#3113 = FACE_BOUND('',#3114,.F.);
#3114 = EDGE_LOOP('',(#3115,#3116,#3117,#3118));
#3115 = ORIENTED_EDGE('',*,*,#2846,.T.);
#3116 = ORIENTED_EDGE('',*,*,#2926,.T.);
#3117 = ORIENTED_EDGE('',*,*,#3000,.T.);
#3118 = ORIENTED_EDGE('',*,*,#3063,.T.);
#3119 = ( GEOMETRIC_REPRESENTATION_CONTEXT(3) 
GLOBAL_UNCERTAINTY_ASSIGNED_CONTEXT((#3123)) 
GLOBAL_UNIT_ASSIGNED_CONTEXT((#3120,#3121,#3122)) REPRESENTATION_CONTEXT
('Context #1','3D Context with UNIT and UNCERTAINTY') );
#3120 = ( LENGTH_UNIT() NAMED_UNIT(*) SI_UNIT(.MILLI.,.METRE.) );
#3121 = ( NAMED_UNIT(*) PLANE_ANGLE_UNIT() SI_UNIT($,.RADIAN.) );
#3122 = ( NAMED_UNIT(*) SI_UNIT($,.STERADIAN.) SOLID_ANGLE_UNIT() );
#3123 = UNCERTAINTY_MEASURE_WITH_UNIT(LENGTH_MEASURE(1.E-04),#3120,
  'distance_accuracy_value','confusion accuracy');
#3124 = CONTEXT_DEPENDENT_SHAPE_REPRESENTATION(#3125,#3127);
#3125 = ( REPRESENTATION_RELATIONSHIP('','',#2804,#10) 
REPRESENTATION_RELATIONSHIP_WITH_TRANSFORMATION(#3126) 
SHAPE_REPRESENTATION_RELATIONSHIP() );
#3126 = ITEM_DEFINED_TRANSFORMATION('','',#11,#47);
#3127 = PRODUCT_DEFINITION_SHAPE('Placement','Placement of an item',
  #3128);
#3128 = NEXT_ASSEMBLY_USAGE_OCCURRENCE('6053','','',#5,#2799,$);
#3129 = PRODUCT_RELATED_PRODUCT_CATEGORY('part',$,(#2801));
#3130 = SHAPE_DEFINITION_REPRESENTATION(#3131,#3137);
#3131 = PRODUCT_DEFINITION_SHAPE('','',#3132);
#3132 = PRODUCT_DEFINITION('design','',#3133,#3136);
#3133 = PRODUCT_DEFINITION_FORMATION('','',#3134);
#3134 = PRODUCT('Open CASCADE STEP translator 7.8 202.10',
  'Open CASCADE STEP translator 7.8 202.10','',(#3135));
#3135 = PRODUCT_CONTEXT('',#2,'mechanical');
#3136 = PRODUCT_DEFINITION_CONTEXT('part definition',#2,'design');
#3137 = ADVANCED_BREP_SHAPE_REPRESENTATION('',(#11,#3138),#3452);
#3138 = MANIFOLD_SOLID_BREP('',#3139);
#3139 = CLOSED_SHELL('',(#3140,#3254,#3328,#3391,#3438,#3445));
#3140 = ADVANCED_FACE('',(#3141),#3154,.T.);
#3141 = FACE_BOUND('',#3142,.T.);
#3142 = EDGE_LOOP('',(#3143,#3178,#3203,#3231));
#3143 = ORIENTED_EDGE('',*,*,#3144,.T.);
#3144 = EDGE_CURVE('',#3145,#3147,#3149,.T.);
#3145 = VERTEX_POINT('',#3146);
#3146 = CARTESIAN_POINT('',(-3.038180478856,-10.90467144749,
    20.57483635142));
#3147 = VERTEX_POINT('',#3148);
#3148 = CARTESIAN_POINT('',(-3.038180478856,-10.90467144749,
    26.863065664153));
#3149 = SURFACE_CURVE('',#3150,(#3153,#3164),.PCURVE_S1.);
#3150 = B_SPLINE_CURVE_WITH_KNOTS('',1,(#3151,#3152),.UNSPECIFIED.,.F.,
  .F.,(2,2),(0.,6.288229312733E-03),.PIECEWISE_BEZIER_KNOTS.);
#3151 = CARTESIAN_POINT('',(-3.038180478856,-10.90467144749,
    20.57483635142));
#3152 = CARTESIAN_POINT('',(-3.038180478856,-10.90467144749,
    26.863065664153));
#3153 = PCURVE('',#3154,#3159);
#3154 = B_SPLINE_SURFACE_WITH_KNOTS('',1,1,(
    (#3155,#3156)
    ,(#3157,#3158
    )),.UNSPECIFIED.,.F.,.F.,.F.,(2,2),(2,2),(0.,1.136673871007E-02),(
    -6.288229312733E-03,0.),.PIECEWISE_BEZIER_KNOTS.);
#3155 = CARTESIAN_POINT('',(-3.038180478856,-10.90467144749,
    26.863065664153));
#3156 = CARTESIAN_POINT('',(-3.038180478856,-10.90467144749,
    20.57483635142));
#3157 = CARTESIAN_POINT('',(-5.911789658695,-21.90217658205,
    26.863065664153));
#3158 = CARTESIAN_POINT('',(-5.911789658695,-21.90217658205,
    20.57483635142));
#3159 = DEFINITIONAL_REPRESENTATION('',(#3160),#3163);
#3160 = B_SPLINE_CURVE_WITH_KNOTS('',1,(#3161,#3162),.UNSPECIFIED.,.F.,
  .F.,(2,2),(0.,6.288229312733E-03),.PIECEWISE_BEZIER_KNOTS.);
#3161 = CARTESIAN_POINT('',(0.,0.));
#3162 = CARTESIAN_POINT('',(0.,-6.288229312733E-03));
#3163 = ( GEOMETRIC_REPRESENTATION_CONTEXT(2) 
PARAMETRIC_REPRESENTATION_CONTEXT() REPRESENTATION_CONTEXT('2D SPACE',''
  ) );
#3164 = PCURVE('',#3165,#3172);
#3165 = ( BOUNDED_SURFACE() B_SPLINE_SURFACE(2,1,(
    (#3166,#3167)
    ,(#3168,#3169)
    ,(#3170,#3171
)),.UNSPECIFIED.,.F.,.F.,.F.) B_SPLINE_SURFACE_WITH_KNOTS((3,3),(2,2),(
    3.149679177875,3.543069237376),(-6.288229312733E-03,0.),
.PIECEWISE_BEZIER_KNOTS.) GEOMETRIC_REPRESENTATION_ITEM() 
RATIONAL_B_SPLINE_SURFACE((
    (1.,1.)
    ,(0.980717820329,0.980717820329)
,(1.,1.))) REPRESENTATION_ITEM('') SURFACE() );
#3166 = CARTESIAN_POINT('',(-6.986106145755,-8.907116307776,
    26.863065664153));
#3167 = CARTESIAN_POINT('',(-6.986106145755,-8.907116307776,
    20.57483635142));
#3168 = CARTESIAN_POINT('',(-5.211171267394,-10.29924851236,
    26.863065664153));
#3169 = CARTESIAN_POINT('',(-5.211171267394,-10.29924851236,
    20.57483635142));
#3170 = CARTESIAN_POINT('',(-3.038180478856,-10.90467144749,
    26.863065664153));
#3171 = CARTESIAN_POINT('',(-3.038180478856,-10.90467144749,
    20.57483635142));
#3172 = DEFINITIONAL_REPRESENTATION('',(#3173),#3177);
#3173 = B_SPLINE_CURVE_WITH_KNOTS('',2,(#3174,#3175,#3176),
  .UNSPECIFIED.,.F.,.F.,(3,3),(0.,6.288229312733E-03),
  .PIECEWISE_BEZIER_KNOTS.);
#3174 = CARTESIAN_POINT('',(3.543069237376,0.));
#3175 = CARTESIAN_POINT('',(3.543069237376,-3.144114656366E-03));
#3176 = CARTESIAN_POINT('',(3.543069237376,-6.288229312733E-03));
#3177 = ( GEOMETRIC_REPRESENTATION_CONTEXT(2) 
PARAMETRIC_REPRESENTATION_CONTEXT() REPRESENTATION_CONTEXT('2D SPACE',''
  ) );
#3178 = ORIENTED_EDGE('',*,*,#3179,.T.);
#3179 = EDGE_CURVE('',#3147,#3180,#3182,.T.);
#3180 = VERTEX_POINT('',#3181);
#3181 = CARTESIAN_POINT('',(-5.911789658695,-21.90217658205,
    26.863065664153));
#3182 = SURFACE_CURVE('',#3183,(#3186,#3192),.PCURVE_S1.);
#3183 = B_SPLINE_CURVE_WITH_KNOTS('',1,(#3184,#3185),.UNSPECIFIED.,.F.,
  .F.,(2,2),(0.,1.136673871007E-02),.PIECEWISE_BEZIER_KNOTS.);
#3184 = CARTESIAN_POINT('',(-3.038180478856,-10.90467144749,
    26.863065664153));
#3185 = CARTESIAN_POINT('',(-5.911789658695,-21.90217658205,
    26.863065664153));
#3186 = PCURVE('',#3154,#3187);
#3187 = DEFINITIONAL_REPRESENTATION('',(#3188),#3191);
#3188 = B_SPLINE_CURVE_WITH_KNOTS('',1,(#3189,#3190),.UNSPECIFIED.,.F.,
  .F.,(2,2),(0.,1.136673871007E-02),.PIECEWISE_BEZIER_KNOTS.);
#3189 = CARTESIAN_POINT('',(0.,-6.288229312733E-03));
#3190 = CARTESIAN_POINT('',(1.136673871007E-02,-6.288229312733E-03));
#3191 = ( GEOMETRIC_REPRESENTATION_CONTEXT(2) 
PARAMETRIC_REPRESENTATION_CONTEXT() REPRESENTATION_CONTEXT('2D SPACE',''
  ) );
#3192 = PCURVE('',#3193,#3198);
#3193 = B_SPLINE_SURFACE_WITH_KNOTS('',1,1,(
    (#3194,#3195)
    ,(#3196,#3197
    )),.UNSPECIFIED.,.F.,.F.,.F.,(2,2),(2,2),(-5.570740474746E-03,
    6.695369536856E-03),(-3.554718532749E-03,5.479041931772E-03),
  .PIECEWISE_BEZIER_KNOTS.);
#3194 = CARTESIAN_POINT('',(-14.14448964496,-17.73662901127,
    26.863065664153));
#3195 = CARTESIAN_POINT('',(-7.08161130873,-23.36908653333,
    26.863065664153));
#3196 = CARTESIAN_POINT('',(-6.496695144256,-8.146598036783,
    26.863065664153));
#3197 = CARTESIAN_POINT('',(0.566183191982,-13.77905555884,
    26.863065664153));
#3198 = DEFINITIONAL_REPRESENTATION('',(#3199),#3202);
#3199 = B_SPLINE_CURVE_WITH_KNOTS('',1,(#3200,#3201),.UNSPECIFIED.,.F.,
  .F.,(2,2),(0.,1.136673871007E-02),.PIECEWISE_BEZIER_KNOTS.);
#3200 = CARTESIAN_POINT('',(6.695369536856E-03,8.688877595977E-04));
#3201 = CARTESIAN_POINT('',(-3.694492224098E-03,5.479041931772E-03));
#3202 = ( GEOMETRIC_REPRESENTATION_CONTEXT(2) 
PARAMETRIC_REPRESENTATION_CONTEXT() REPRESENTATION_CONTEXT('2D SPACE',''
  ) );
#3203 = ORIENTED_EDGE('',*,*,#3204,.F.);
#3204 = EDGE_CURVE('',#3205,#3180,#3207,.T.);
#3205 = VERTEX_POINT('',#3206);
#3206 = CARTESIAN_POINT('',(-5.911789658695,-21.90217658205,
    20.57483635142));
#3207 = SURFACE_CURVE('',#3208,(#3211,#3217),.PCURVE_S1.);
#3208 = B_SPLINE_CURVE_WITH_KNOTS('',1,(#3209,#3210),.UNSPECIFIED.,.F.,
  .F.,(2,2),(0.,6.288229312733E-03),.PIECEWISE_BEZIER_KNOTS.);
#3209 = CARTESIAN_POINT('',(-5.911789658695,-21.90217658205,
    20.57483635142));
#3210 = CARTESIAN_POINT('',(-5.911789658695,-21.90217658205,
    26.863065664153));
#3211 = PCURVE('',#3154,#3212);
#3212 = DEFINITIONAL_REPRESENTATION('',(#3213),#3216);
#3213 = B_SPLINE_CURVE_WITH_KNOTS('',1,(#3214,#3215),.UNSPECIFIED.,.F.,
  .F.,(2,2),(0.,6.288229312733E-03),.PIECEWISE_BEZIER_KNOTS.);
#3214 = CARTESIAN_POINT('',(1.136673871007E-02,0.));
#3215 = CARTESIAN_POINT('',(1.136673871007E-02,-6.288229312733E-03));
#3216 = ( GEOMETRIC_REPRESENTATION_CONTEXT(2) 
PARAMETRIC_REPRESENTATION_CONTEXT() REPRESENTATION_CONTEXT('2D SPACE',''
  ) );
#3217 = PCURVE('',#3218,#3225);
#3218 = ( BOUNDED_SURFACE() B_SPLINE_SURFACE(2,1,(
    (#3219,#3220)
    ,(#3221,#3222)
    ,(#3223,#3224
)),.UNSPECIFIED.,.F.,.F.,.F.) B_SPLINE_SURFACE_WITH_KNOTS((3,3),(2,2),(
    5.873622199108,6.28318530718),(-6.288229312733E-03,0.),
.PIECEWISE_BEZIER_KNOTS.) GEOMETRIC_REPRESENTATION_ITEM() 
RATIONAL_B_SPLINE_SURFACE((
    (1.,1.)
    ,(0.979105429584,0.979105429584)
,(1.,1.))) REPRESENTATION_ITEM('') SURFACE() );
#3219 = CARTESIAN_POINT('',(-5.911789658695,-21.90217658205,
    26.863065664153));
#3220 = CARTESIAN_POINT('',(-5.911789658695,-21.90217658205,
    20.57483635142));
#3221 = CARTESIAN_POINT('',(-10.46071705818,-20.67433961992,
    26.863065664153));
#3222 = CARTESIAN_POINT('',(-10.46071705818,-20.67433961992,
    20.57483635142));
#3223 = CARTESIAN_POINT('',(-14.14448964496,-17.73662901127,
    26.863065664153));
#3224 = CARTESIAN_POINT('',(-14.14448964496,-17.73662901127,
    20.57483635142));
#3225 = DEFINITIONAL_REPRESENTATION('',(#3226),#3230);
#3226 = B_SPLINE_CURVE_WITH_KNOTS('',2,(#3227,#3228,#3229),
  .UNSPECIFIED.,.F.,.F.,(3,3),(0.,6.288229312733E-03),
  .PIECEWISE_BEZIER_KNOTS.);
#3227 = CARTESIAN_POINT('',(5.873622199108,0.));
#3228 = CARTESIAN_POINT('',(5.873622199108,-3.144114656366E-03));
#3229 = CARTESIAN_POINT('',(5.873622199108,-6.288229312733E-03));
#3230 = ( GEOMETRIC_REPRESENTATION_CONTEXT(2) 
PARAMETRIC_REPRESENTATION_CONTEXT() REPRESENTATION_CONTEXT('2D SPACE',''
  ) );
#3231 = ORIENTED_EDGE('',*,*,#3232,.F.);
#3232 = EDGE_CURVE('',#3145,#3205,#3233,.T.);
#3233 = SURFACE_CURVE('',#3234,(#3237,#3243),.PCURVE_S1.);
#3234 = B_SPLINE_CURVE_WITH_KNOTS('',1,(#3235,#3236),.UNSPECIFIED.,.F.,
  .F.,(2,2),(0.,1.136673871007E-02),.PIECEWISE_BEZIER_KNOTS.);
#3235 = CARTESIAN_POINT('',(-3.038180478856,-10.90467144749,
    20.57483635142));
#3236 = CARTESIAN_POINT('',(-5.911789658695,-21.90217658205,
    20.57483635142));
#3237 = PCURVE('',#3154,#3238);
#3238 = DEFINITIONAL_REPRESENTATION('',(#3239),#3242);
#3239 = B_SPLINE_CURVE_WITH_KNOTS('',1,(#3240,#3241),.UNSPECIFIED.,.F.,
  .F.,(2,2),(0.,1.136673871007E-02),.PIECEWISE_BEZIER_KNOTS.);
#3240 = CARTESIAN_POINT('',(0.,0.));
#3241 = CARTESIAN_POINT('',(1.136673871007E-02,0.));
#3242 = ( GEOMETRIC_REPRESENTATION_CONTEXT(2) 
PARAMETRIC_REPRESENTATION_CONTEXT() REPRESENTATION_CONTEXT('2D SPACE',''
  ) );
#3243 = PCURVE('',#3244,#3249);
#3244 = B_SPLINE_SURFACE_WITH_KNOTS('',1,1,(
    (#3245,#3246)
    ,(#3247,#3248
    )),.UNSPECIFIED.,.F.,.F.,.F.,(2,2),(2,2),(-5.570740474746E-03,
    6.695369536856E-03),(-3.554718532749E-03,5.479041931772E-03),
  .PIECEWISE_BEZIER_KNOTS.);
#3245 = CARTESIAN_POINT('',(-14.14448964496,-17.73662901127,
    20.57483635142));
#3246 = CARTESIAN_POINT('',(-7.08161130873,-23.36908653333,
    20.57483635142));
#3247 = CARTESIAN_POINT('',(-6.496695144256,-8.146598036783,
    20.57483635142));
#3248 = CARTESIAN_POINT('',(0.566183191982,-13.77905555884,
    20.57483635142));
#3249 = DEFINITIONAL_REPRESENTATION('',(#3250),#3253);
#3250 = B_SPLINE_CURVE_WITH_KNOTS('',1,(#3251,#3252),.UNSPECIFIED.,.F.,
  .F.,(2,2),(0.,1.136673871007E-02),.PIECEWISE_BEZIER_KNOTS.);
#3251 = CARTESIAN_POINT('',(6.695369536856E-03,8.688877595977E-04));
#3252 = CARTESIAN_POINT('',(-3.694492224098E-03,5.479041931772E-03));
#3253 = ( GEOMETRIC_REPRESENTATION_CONTEXT(2) 
PARAMETRIC_REPRESENTATION_CONTEXT() REPRESENTATION_CONTEXT('2D SPACE',''
  ) );
#3254 = ADVANCED_FACE('',(#3255),#3218,.T.);
#3255 = FACE_BOUND('',#3256,.T.);
#3256 = EDGE_LOOP('',(#3257,#3258,#3281,#3307));
#3257 = ORIENTED_EDGE('',*,*,#3204,.T.);
#3258 = ORIENTED_EDGE('',*,*,#3259,.T.);
#3259 = EDGE_CURVE('',#3180,#3260,#3262,.T.);
#3260 = VERTEX_POINT('',#3261);
#3261 = CARTESIAN_POINT('',(-14.14448964496,-17.73662901127,
    26.863065664153));
#3262 = SURFACE_CURVE('',#3263,(#3267,#3274),.PCURVE_S1.);
#3263 = ( BOUNDED_CURVE() B_SPLINE_CURVE(2,(#3264,#3265,#3266),
.UNSPECIFIED.,.F.,.F.) B_SPLINE_CURVE_WITH_KNOTS((3,3),(5.873622199108,
6.28318530718),.PIECEWISE_BEZIER_KNOTS.) CURVE() 
GEOMETRIC_REPRESENTATION_ITEM() RATIONAL_B_SPLINE_CURVE((1.,
0.979105429584,1.)) REPRESENTATION_ITEM('') );
#3264 = CARTESIAN_POINT('',(-5.911789658695,-21.90217658205,
    26.863065664153));
#3265 = CARTESIAN_POINT('',(-10.46071705818,-20.67433961992,
    26.863065664153));
#3266 = CARTESIAN_POINT('',(-14.14448964496,-17.73662901127,
    26.863065664153));
#3267 = PCURVE('',#3218,#3268);
#3268 = DEFINITIONAL_REPRESENTATION('',(#3269),#3273);
#3269 = B_SPLINE_CURVE_WITH_KNOTS('',2,(#3270,#3271,#3272),
  .UNSPECIFIED.,.F.,.F.,(3,3),(5.873622199108,6.28318530718),
  .PIECEWISE_BEZIER_KNOTS.);
#3270 = CARTESIAN_POINT('',(5.873622199108,-6.288229312733E-03));
#3271 = CARTESIAN_POINT('',(6.078403753144,-6.288229312733E-03));
#3272 = CARTESIAN_POINT('',(6.28318530718,-6.288229312733E-03));
#3273 = ( GEOMETRIC_REPRESENTATION_CONTEXT(2) 
PARAMETRIC_REPRESENTATION_CONTEXT() REPRESENTATION_CONTEXT('2D SPACE',''
  ) );
#3274 = PCURVE('',#3193,#3275);
#3275 = DEFINITIONAL_REPRESENTATION('',(#3276),#3280);
#3276 = ( BOUNDED_CURVE() B_SPLINE_CURVE(2,(#3277,#3278,#3279),
.UNSPECIFIED.,.F.,.F.) B_SPLINE_CURVE_WITH_KNOTS((3,3),(5.873622199108,
6.28318530718),.PIECEWISE_BEZIER_KNOTS.) CURVE() 
GEOMETRIC_REPRESENTATION_ITEM() RATIONAL_B_SPLINE_CURVE((1.,
0.979105429584,1.)) REPRESENTATION_ITEM('') );
#3277 = CARTESIAN_POINT('',(-3.694492224098E-03,5.479041931772E-03));
#3278 = CARTESIAN_POINT('',(-5.570740474746E-03,1.157003455162E-03));
#3279 = CARTESIAN_POINT('',(-5.570740474746E-03,-3.554718532749E-03));
#3280 = ( GEOMETRIC_REPRESENTATION_CONTEXT(2) 
PARAMETRIC_REPRESENTATION_CONTEXT() REPRESENTATION_CONTEXT('2D SPACE',''
  ) );
#3281 = ORIENTED_EDGE('',*,*,#3282,.F.);
#3282 = EDGE_CURVE('',#3283,#3260,#3285,.T.);
#3283 = VERTEX_POINT('',#3284);
#3284 = CARTESIAN_POINT('',(-14.14448964496,-17.73662901127,
    20.57483635142));
#3285 = SURFACE_CURVE('',#3286,(#3289,#3296),.PCURVE_S1.);
#3286 = B_SPLINE_CURVE_WITH_KNOTS('',1,(#3287,#3288),.UNSPECIFIED.,.F.,
  .F.,(2,2),(0.,6.288229312733E-03),.PIECEWISE_BEZIER_KNOTS.);
#3287 = CARTESIAN_POINT('',(-14.14448964496,-17.73662901127,
    20.57483635142));
#3288 = CARTESIAN_POINT('',(-14.14448964496,-17.73662901127,
    26.863065664153));
#3289 = PCURVE('',#3218,#3290);
#3290 = DEFINITIONAL_REPRESENTATION('',(#3291),#3295);
#3291 = B_SPLINE_CURVE_WITH_KNOTS('',2,(#3292,#3293,#3294),
  .UNSPECIFIED.,.F.,.F.,(3,3),(0.,6.288229312733E-03),
  .PIECEWISE_BEZIER_KNOTS.);
#3292 = CARTESIAN_POINT('',(6.28318530718,0.));
#3293 = CARTESIAN_POINT('',(6.28318530718,-3.144114656366E-03));
#3294 = CARTESIAN_POINT('',(6.28318530718,-6.288229312733E-03));
#3295 = ( GEOMETRIC_REPRESENTATION_CONTEXT(2) 
PARAMETRIC_REPRESENTATION_CONTEXT() REPRESENTATION_CONTEXT('2D SPACE',''
  ) );
#3296 = PCURVE('',#3297,#3302);
#3297 = B_SPLINE_SURFACE_WITH_KNOTS('',1,1,(
    (#3298,#3299)
    ,(#3300,#3301
    )),.UNSPECIFIED.,.F.,.F.,.F.,(2,2),(2,2),(0.,1.136673871007E-02),(
    -6.288229312733E-03,0.),.PIECEWISE_BEZIER_KNOTS.);
#3298 = CARTESIAN_POINT('',(-14.14448964496,-17.73662901127,
    26.863065664153));
#3299 = CARTESIAN_POINT('',(-14.14448964496,-17.73662901127,
    20.57483635142));
#3300 = CARTESIAN_POINT('',(-6.986106145755,-8.907116307776,
    26.863065664153));
#3301 = CARTESIAN_POINT('',(-6.986106145755,-8.907116307776,
    20.57483635142));
#3302 = DEFINITIONAL_REPRESENTATION('',(#3303),#3306);
#3303 = B_SPLINE_CURVE_WITH_KNOTS('',1,(#3304,#3305),.UNSPECIFIED.,.F.,
  .F.,(2,2),(0.,6.288229312733E-03),.PIECEWISE_BEZIER_KNOTS.);
#3304 = CARTESIAN_POINT('',(0.,0.));
#3305 = CARTESIAN_POINT('',(0.,-6.288229312733E-03));
#3306 = ( GEOMETRIC_REPRESENTATION_CONTEXT(2) 
PARAMETRIC_REPRESENTATION_CONTEXT() REPRESENTATION_CONTEXT('2D SPACE',''
  ) );
#3307 = ORIENTED_EDGE('',*,*,#3308,.F.);
#3308 = EDGE_CURVE('',#3205,#3283,#3309,.T.);
#3309 = SURFACE_CURVE('',#3310,(#3314,#3321),.PCURVE_S1.);
#3310 = ( BOUNDED_CURVE() B_SPLINE_CURVE(2,(#3311,#3312,#3313),
.UNSPECIFIED.,.F.,.F.) B_SPLINE_CURVE_WITH_KNOTS((3,3),(5.873622199108,
6.28318530718),.PIECEWISE_BEZIER_KNOTS.) CURVE() 
GEOMETRIC_REPRESENTATION_ITEM() RATIONAL_B_SPLINE_CURVE((1.,
0.979105429584,1.)) REPRESENTATION_ITEM('') );
#3311 = CARTESIAN_POINT('',(-5.911789658695,-21.90217658205,
    20.57483635142));
#3312 = CARTESIAN_POINT('',(-10.46071705818,-20.67433961992,
    20.57483635142));
#3313 = CARTESIAN_POINT('',(-14.14448964496,-17.73662901127,
    20.57483635142));
#3314 = PCURVE('',#3218,#3315);
#3315 = DEFINITIONAL_REPRESENTATION('',(#3316),#3320);
#3316 = B_SPLINE_CURVE_WITH_KNOTS('',2,(#3317,#3318,#3319),
  .UNSPECIFIED.,.F.,.F.,(3,3),(5.873622199108,6.28318530718),
  .PIECEWISE_BEZIER_KNOTS.);
#3317 = CARTESIAN_POINT('',(5.873622199108,0.));
#3318 = CARTESIAN_POINT('',(6.078403753144,0.));
#3319 = CARTESIAN_POINT('',(6.28318530718,0.));
#3320 = ( GEOMETRIC_REPRESENTATION_CONTEXT(2) 
PARAMETRIC_REPRESENTATION_CONTEXT() REPRESENTATION_CONTEXT('2D SPACE',''
  ) );
#3321 = PCURVE('',#3244,#3322);
#3322 = DEFINITIONAL_REPRESENTATION('',(#3323),#3327);
#3323 = ( BOUNDED_CURVE() B_SPLINE_CURVE(2,(#3324,#3325,#3326),
.UNSPECIFIED.,.F.,.F.) B_SPLINE_CURVE_WITH_KNOTS((3,3),(5.873622199108,
6.28318530718),.PIECEWISE_BEZIER_KNOTS.) CURVE() 
GEOMETRIC_REPRESENTATION_ITEM() RATIONAL_B_SPLINE_CURVE((1.,
0.979105429584,1.)) REPRESENTATION_ITEM('') );
#3324 = CARTESIAN_POINT('',(-3.694492224098E-03,5.479041931772E-03));
#3325 = CARTESIAN_POINT('',(-5.570740474746E-03,1.157003455162E-03));
#3326 = CARTESIAN_POINT('',(-5.570740474746E-03,-3.554718532749E-03));
#3327 = ( GEOMETRIC_REPRESENTATION_CONTEXT(2) 
PARAMETRIC_REPRESENTATION_CONTEXT() REPRESENTATION_CONTEXT('2D SPACE',''
  ) );
#3328 = ADVANCED_FACE('',(#3329),#3297,.T.);
#3329 = FACE_BOUND('',#3330,.T.);
#3330 = EDGE_LOOP('',(#3331,#3332,#3352,#3373));
#3331 = ORIENTED_EDGE('',*,*,#3282,.T.);
#3332 = ORIENTED_EDGE('',*,*,#3333,.T.);
#3333 = EDGE_CURVE('',#3260,#3334,#3336,.T.);
#3334 = VERTEX_POINT('',#3335);
#3335 = CARTESIAN_POINT('',(-6.986106145755,-8.907116307776,
    26.863065664153));
#3336 = SURFACE_CURVE('',#3337,(#3340,#3346),.PCURVE_S1.);
#3337 = B_SPLINE_CURVE_WITH_KNOTS('',1,(#3338,#3339),.UNSPECIFIED.,.F.,
  .F.,(2,2),(0.,1.136673871007E-02),.PIECEWISE_BEZIER_KNOTS.);
#3338 = CARTESIAN_POINT('',(-14.14448964496,-17.73662901127,
    26.863065664153));
#3339 = CARTESIAN_POINT('',(-6.986106145755,-8.907116307776,
    26.863065664153));
#3340 = PCURVE('',#3297,#3341);
#3341 = DEFINITIONAL_REPRESENTATION('',(#3342),#3345);
#3342 = B_SPLINE_CURVE_WITH_KNOTS('',1,(#3343,#3344),.UNSPECIFIED.,.F.,
  .F.,(2,2),(0.,1.136673871007E-02),.PIECEWISE_BEZIER_KNOTS.);
#3343 = CARTESIAN_POINT('',(0.,-6.288229312733E-03));
#3344 = CARTESIAN_POINT('',(1.136673871007E-02,-6.288229312733E-03));
#3345 = ( GEOMETRIC_REPRESENTATION_CONTEXT(2) 
PARAMETRIC_REPRESENTATION_CONTEXT() REPRESENTATION_CONTEXT('2D SPACE',''
  ) );
#3346 = PCURVE('',#3193,#3347);
#3347 = DEFINITIONAL_REPRESENTATION('',(#3348),#3351);
#3348 = B_SPLINE_CURVE_WITH_KNOTS('',1,(#3349,#3350),.UNSPECIFIED.,.F.,
  .F.,(2,2),(0.,1.136673871007E-02),.PIECEWISE_BEZIER_KNOTS.);
#3349 = CARTESIAN_POINT('',(-5.570740474746E-03,-3.554718532749E-03));
#3350 = CARTESIAN_POINT('',(5.795629641249E-03,-3.463180075495E-03));
#3351 = ( GEOMETRIC_REPRESENTATION_CONTEXT(2) 
PARAMETRIC_REPRESENTATION_CONTEXT() REPRESENTATION_CONTEXT('2D SPACE',''
  ) );
#3352 = ORIENTED_EDGE('',*,*,#3353,.F.);
#3353 = EDGE_CURVE('',#3354,#3334,#3356,.T.);
#3354 = VERTEX_POINT('',#3355);
#3355 = CARTESIAN_POINT('',(-6.986106145755,-8.907116307776,
    20.57483635142));
#3356 = SURFACE_CURVE('',#3357,(#3360,#3366),.PCURVE_S1.);
#3357 = B_SPLINE_CURVE_WITH_KNOTS('',1,(#3358,#3359),.UNSPECIFIED.,.F.,
  .F.,(2,2),(0.,6.288229312733E-03),.PIECEWISE_BEZIER_KNOTS.);
#3358 = CARTESIAN_POINT('',(-6.986106145755,-8.907116307776,
    20.57483635142));
#3359 = CARTESIAN_POINT('',(-6.986106145755,-8.907116307776,
    26.863065664153));
#3360 = PCURVE('',#3297,#3361);
#3361 = DEFINITIONAL_REPRESENTATION('',(#3362),#3365);
#3362 = B_SPLINE_CURVE_WITH_KNOTS('',1,(#3363,#3364),.UNSPECIFIED.,.F.,
  .F.,(2,2),(0.,6.288229312733E-03),.PIECEWISE_BEZIER_KNOTS.);
#3363 = CARTESIAN_POINT('',(1.136673871007E-02,0.));
#3364 = CARTESIAN_POINT('',(1.136673871007E-02,-6.288229312733E-03));
#3365 = ( GEOMETRIC_REPRESENTATION_CONTEXT(2) 
PARAMETRIC_REPRESENTATION_CONTEXT() REPRESENTATION_CONTEXT('2D SPACE',''
  ) );
#3366 = PCURVE('',#3165,#3367);
#3367 = DEFINITIONAL_REPRESENTATION('',(#3368),#3372);
#3368 = B_SPLINE_CURVE_WITH_KNOTS('',2,(#3369,#3370,#3371),
  .UNSPECIFIED.,.F.,.F.,(3,3),(0.,6.288229312733E-03),
  .PIECEWISE_BEZIER_KNOTS.);
#3369 = CARTESIAN_POINT('',(3.149679177875,0.));
#3370 = CARTESIAN_POINT('',(3.149679177875,-3.144114656366E-03));
#3371 = CARTESIAN_POINT('',(3.149679177875,-6.288229312733E-03));
#3372 = ( GEOMETRIC_REPRESENTATION_CONTEXT(2) 
PARAMETRIC_REPRESENTATION_CONTEXT() REPRESENTATION_CONTEXT('2D SPACE',''
  ) );
#3373 = ORIENTED_EDGE('',*,*,#3374,.F.);
#3374 = EDGE_CURVE('',#3283,#3354,#3375,.T.);
#3375 = SURFACE_CURVE('',#3376,(#3379,#3385),.PCURVE_S1.);
#3376 = B_SPLINE_CURVE_WITH_KNOTS('',1,(#3377,#3378),.UNSPECIFIED.,.F.,
  .F.,(2,2),(0.,1.136673871007E-02),.PIECEWISE_BEZIER_KNOTS.);
#3377 = CARTESIAN_POINT('',(-14.14448964496,-17.73662901127,
    20.57483635142));
#3378 = CARTESIAN_POINT('',(-6.986106145755,-8.907116307776,
    20.57483635142));
#3379 = PCURVE('',#3297,#3380);
#3380 = DEFINITIONAL_REPRESENTATION('',(#3381),#3384);
#3381 = B_SPLINE_CURVE_WITH_KNOTS('',1,(#3382,#3383),.UNSPECIFIED.,.F.,
  .F.,(2,2),(0.,1.136673871007E-02),.PIECEWISE_BEZIER_KNOTS.);
#3382 = CARTESIAN_POINT('',(0.,0.));
#3383 = CARTESIAN_POINT('',(1.136673871007E-02,0.));
#3384 = ( GEOMETRIC_REPRESENTATION_CONTEXT(2) 
PARAMETRIC_REPRESENTATION_CONTEXT() REPRESENTATION_CONTEXT('2D SPACE',''
  ) );
#3385 = PCURVE('',#3244,#3386);
#3386 = DEFINITIONAL_REPRESENTATION('',(#3387),#3390);
#3387 = B_SPLINE_CURVE_WITH_KNOTS('',1,(#3388,#3389),.UNSPECIFIED.,.F.,
  .F.,(2,2),(0.,1.136673871007E-02),.PIECEWISE_BEZIER_KNOTS.);
#3388 = CARTESIAN_POINT('',(-5.570740474746E-03,-3.554718532749E-03));
#3389 = CARTESIAN_POINT('',(5.795629641249E-03,-3.463180075495E-03));
#3390 = ( GEOMETRIC_REPRESENTATION_CONTEXT(2) 
PARAMETRIC_REPRESENTATION_CONTEXT() REPRESENTATION_CONTEXT('2D SPACE',''
  ) );
#3391 = ADVANCED_FACE('',(#3392),#3165,.T.);
#3392 = FACE_BOUND('',#3393,.T.);
#3393 = EDGE_LOOP('',(#3394,#3395,#3416,#3417));
#3394 = ORIENTED_EDGE('',*,*,#3353,.T.);
#3395 = ORIENTED_EDGE('',*,*,#3396,.T.);
#3396 = EDGE_CURVE('',#3334,#3147,#3397,.T.);
#3397 = SURFACE_CURVE('',#3398,(#3402,#3409),.PCURVE_S1.);
#3398 = ( BOUNDED_CURVE() B_SPLINE_CURVE(2,(#3399,#3400,#3401),
.UNSPECIFIED.,.F.,.F.) B_SPLINE_CURVE_WITH_KNOTS((3,3),(3.149679177875,
3.543069237376),.PIECEWISE_BEZIER_KNOTS.) CURVE() 
GEOMETRIC_REPRESENTATION_ITEM() RATIONAL_B_SPLINE_CURVE((1.,
0.980717820329,1.)) REPRESENTATION_ITEM('') );
#3399 = CARTESIAN_POINT('',(-6.986106145755,-8.907116307776,
    26.863065664153));
#3400 = CARTESIAN_POINT('',(-5.211171267394,-10.29924851236,
    26.863065664153));
#3401 = CARTESIAN_POINT('',(-3.038180478856,-10.90467144749,
    26.863065664153));
#3402 = PCURVE('',#3165,#3403);
#3403 = DEFINITIONAL_REPRESENTATION('',(#3404),#3408);
#3404 = B_SPLINE_CURVE_WITH_KNOTS('',2,(#3405,#3406,#3407),
  .UNSPECIFIED.,.F.,.F.,(3,3),(3.149679177875,3.543069237376),
  .PIECEWISE_BEZIER_KNOTS.);
#3405 = CARTESIAN_POINT('',(3.149679177875,-6.288229312733E-03));
#3406 = CARTESIAN_POINT('',(3.346374207625,-6.288229312733E-03));
#3407 = CARTESIAN_POINT('',(3.543069237376,-6.288229312733E-03));
#3408 = ( GEOMETRIC_REPRESENTATION_CONTEXT(2) 
PARAMETRIC_REPRESENTATION_CONTEXT() REPRESENTATION_CONTEXT('2D SPACE',''
  ) );
#3409 = PCURVE('',#3193,#3410);
#3410 = DEFINITIONAL_REPRESENTATION('',(#3411),#3415);
#3411 = ( BOUNDED_CURVE() B_SPLINE_CURVE(2,(#3412,#3413,#3414),
.UNSPECIFIED.,.F.,.F.) B_SPLINE_CURVE_WITH_KNOTS((3,3),(3.149679177875,
3.543069237376),.PIECEWISE_BEZIER_KNOTS.) CURVE() 
GEOMETRIC_REPRESENTATION_ITEM() RATIONAL_B_SPLINE_CURVE((1.,
0.980717820329,1.)) REPRESENTATION_ITEM('') );
#3412 = CARTESIAN_POINT('',(5.795629641249E-03,-3.463180075495E-03));
#3413 = CARTESIAN_POINT('',(5.813870651569E-03,-1.207499875865E-03));
#3414 = CARTESIAN_POINT('',(6.695369536856E-03,8.688877595977E-04));
#3415 = ( GEOMETRIC_REPRESENTATION_CONTEXT(2) 
PARAMETRIC_REPRESENTATION_CONTEXT() REPRESENTATION_CONTEXT('2D SPACE',''
  ) );
#3416 = ORIENTED_EDGE('',*,*,#3144,.F.);
#3417 = ORIENTED_EDGE('',*,*,#3418,.F.);
#3418 = EDGE_CURVE('',#3354,#3145,#3419,.T.);
#3419 = SURFACE_CURVE('',#3420,(#3424,#3431),.PCURVE_S1.);
#3420 = ( BOUNDED_CURVE() B_SPLINE_CURVE(2,(#3421,#3422,#3423),
.UNSPECIFIED.,.F.,.F.) B_SPLINE_CURVE_WITH_KNOTS((3,3),(3.149679177875,
3.543069237376),.PIECEWISE_BEZIER_KNOTS.) CURVE() 
GEOMETRIC_REPRESENTATION_ITEM() RATIONAL_B_SPLINE_CURVE((1.,
0.980717820329,1.)) REPRESENTATION_ITEM('') );
#3421 = CARTESIAN_POINT('',(-6.986106145755,-8.907116307776,
    20.57483635142));
#3422 = CARTESIAN_POINT('',(-5.211171267394,-10.29924851236,
    20.57483635142));
#3423 = CARTESIAN_POINT('',(-3.038180478856,-10.90467144749,
    20.57483635142));
#3424 = PCURVE('',#3165,#3425);
#3425 = DEFINITIONAL_REPRESENTATION('',(#3426),#3430);
#3426 = B_SPLINE_CURVE_WITH_KNOTS('',2,(#3427,#3428,#3429),
  .UNSPECIFIED.,.F.,.F.,(3,3),(3.149679177875,3.543069237376),
  .PIECEWISE_BEZIER_KNOTS.);
#3427 = CARTESIAN_POINT('',(3.149679177875,0.));
#3428 = CARTESIAN_POINT('',(3.346374207625,0.));
#3429 = CARTESIAN_POINT('',(3.543069237376,0.));
#3430 = ( GEOMETRIC_REPRESENTATION_CONTEXT(2) 
PARAMETRIC_REPRESENTATION_CONTEXT() REPRESENTATION_CONTEXT('2D SPACE',''
  ) );
#3431 = PCURVE('',#3244,#3432);
#3432 = DEFINITIONAL_REPRESENTATION('',(#3433),#3437);
#3433 = ( BOUNDED_CURVE() B_SPLINE_CURVE(2,(#3434,#3435,#3436),
.UNSPECIFIED.,.F.,.F.) B_SPLINE_CURVE_WITH_KNOTS((3,3),(3.149679177875,
3.543069237376),.PIECEWISE_BEZIER_KNOTS.) CURVE() 
GEOMETRIC_REPRESENTATION_ITEM() RATIONAL_B_SPLINE_CURVE((1.,
0.980717820329,1.)) REPRESENTATION_ITEM('') );
#3434 = CARTESIAN_POINT('',(5.795629641249E-03,-3.463180075495E-03));
#3435 = CARTESIAN_POINT('',(5.813870651569E-03,-1.207499875865E-03));
#3436 = CARTESIAN_POINT('',(6.695369536856E-03,8.688877595977E-04));
#3437 = ( GEOMETRIC_REPRESENTATION_CONTEXT(2) 
PARAMETRIC_REPRESENTATION_CONTEXT() REPRESENTATION_CONTEXT('2D SPACE',''
  ) );
#3438 = ADVANCED_FACE('',(#3439),#3244,.T.);
#3439 = FACE_BOUND('',#3440,.T.);
#3440 = EDGE_LOOP('',(#3441,#3442,#3443,#3444));
#3441 = ORIENTED_EDGE('',*,*,#3232,.T.);
#3442 = ORIENTED_EDGE('',*,*,#3308,.T.);
#3443 = ORIENTED_EDGE('',*,*,#3374,.T.);
#3444 = ORIENTED_EDGE('',*,*,#3418,.T.);
#3445 = ADVANCED_FACE('',(#3446),#3193,.F.);
#3446 = FACE_BOUND('',#3447,.F.);
#3447 = EDGE_LOOP('',(#3448,#3449,#3450,#3451));
#3448 = ORIENTED_EDGE('',*,*,#3179,.T.);
#3449 = ORIENTED_EDGE('',*,*,#3259,.T.);
#3450 = ORIENTED_EDGE('',*,*,#3333,.T.);
#3451 = ORIENTED_EDGE('',*,*,#3396,.T.);
#3452 = ( GEOMETRIC_REPRESENTATION_CONTEXT(3) 
GLOBAL_UNCERTAINTY_ASSIGNED_CONTEXT((#3456)) 
GLOBAL_UNIT_ASSIGNED_CONTEXT((#3453,#3454,#3455)) REPRESENTATION_CONTEXT
('Context #1','3D Context with UNIT and UNCERTAINTY') );
#3453 = ( LENGTH_UNIT() NAMED_UNIT(*) SI_UNIT(.MILLI.,.METRE.) );
#3454 = ( NAMED_UNIT(*) PLANE_ANGLE_UNIT() SI_UNIT($,.RADIAN.) );
#3455 = ( NAMED_UNIT(*) SI_UNIT($,.STERADIAN.) SOLID_ANGLE_UNIT() );
#3456 = UNCERTAINTY_MEASURE_WITH_UNIT(LENGTH_MEASURE(1.E-04),#3453,
  'distance_accuracy_value','confusion accuracy');
#3457 = CONTEXT_DEPENDENT_SHAPE_REPRESENTATION(#3458,#3460);
#3458 = ( REPRESENTATION_RELATIONSHIP('','',#3137,#10) 
REPRESENTATION_RELATIONSHIP_WITH_TRANSFORMATION(#3459) 
SHAPE_REPRESENTATION_RELATIONSHIP() );
#3459 = ITEM_DEFINED_TRANSFORMATION('','',#11,#51);
#3460 = PRODUCT_DEFINITION_SHAPE('Placement','Placement of an item',
  #3461);
#3461 = NEXT_ASSEMBLY_USAGE_OCCURRENCE('6054','','',#5,#3132,$);
#3462 = PRODUCT_RELATED_PRODUCT_CATEGORY('part',$,(#3134));
#3463 = SHAPE_DEFINITION_REPRESENTATION(#3464,#3470);
#3464 = PRODUCT_DEFINITION_SHAPE('','',#3465);
#3465 = PRODUCT_DEFINITION('design','',#3466,#3469);
#3466 = PRODUCT_DEFINITION_FORMATION('','',#3467);
#3467 = PRODUCT('Open CASCADE STEP translator 7.8 202.11',
  'Open CASCADE STEP translator 7.8 202.11','',(#3468));
#3468 = PRODUCT_CONTEXT('',#2,'mechanical');
#3469 = PRODUCT_DEFINITION_CONTEXT('part definition',#2,'design');
#3470 = ADVANCED_BREP_SHAPE_REPRESENTATION('',(#11,#3471),#3833);
#3471 = MANIFOLD_SOLID_BREP('',#3472);
#3472 = CLOSED_SHELL('',(#3473,#3587,#3684,#3747,#3817,#3824));
#3473 = ADVANCED_FACE('',(#3474),#3487,.T.);
#3474 = FACE_BOUND('',#3475,.T.);
#3475 = EDGE_LOOP('',(#3476,#3511,#3536,#3564));
#3476 = ORIENTED_EDGE('',*,*,#3477,.T.);
#3477 = EDGE_CURVE('',#3478,#3480,#3482,.T.);
#3478 = VERTEX_POINT('',#3479);
#3479 = CARTESIAN_POINT('',(1.994053594971,-11.14298659518,
    20.57483635142));
#3480 = VERTEX_POINT('',#3481);
#3481 = CARTESIAN_POINT('',(1.994053594971,-11.14298659518,
    26.863065664153));
#3482 = SURFACE_CURVE('',#3483,(#3486,#3497),.PCURVE_S1.);
#3483 = B_SPLINE_CURVE_WITH_KNOTS('',1,(#3484,#3485),.UNSPECIFIED.,.F.,
  .F.,(2,2),(0.,6.288229312733E-03),.PIECEWISE_BEZIER_KNOTS.);
#3484 = CARTESIAN_POINT('',(1.994053594971,-11.14298659518,
    20.57483635142));
#3485 = CARTESIAN_POINT('',(1.994053594971,-11.14298659518,
    26.863065664153));
#3486 = PCURVE('',#3487,#3492);
#3487 = B_SPLINE_SURFACE_WITH_KNOTS('',1,1,(
    (#3488,#3489)
    ,(#3490,#3491
    )),.UNSPECIFIED.,.F.,.F.,.F.,(2,2),(2,2),(0.,1.136673871007E-02),(
    -6.288229312733E-03,0.),.PIECEWISE_BEZIER_KNOTS.);
#3488 = CARTESIAN_POINT('',(1.994053594971,-11.14298659518,
    26.863065664153));
#3489 = CARTESIAN_POINT('',(1.994053594971,-11.14298659518,
    20.57483635142));
#3490 = CARTESIAN_POINT('',(4.176659834161,-22.29820864172,
    26.863065664153));
#3491 = CARTESIAN_POINT('',(4.176659834161,-22.29820864172,
    20.57483635142));
#3492 = DEFINITIONAL_REPRESENTATION('',(#3493),#3496);
#3493 = B_SPLINE_CURVE_WITH_KNOTS('',1,(#3494,#3495),.UNSPECIFIED.,.F.,
  .F.,(2,2),(0.,6.288229312733E-03),.PIECEWISE_BEZIER_KNOTS.);
#3494 = CARTESIAN_POINT('',(0.,0.));
#3495 = CARTESIAN_POINT('',(0.,-6.288229312733E-03));
#3496 = ( GEOMETRIC_REPRESENTATION_CONTEXT(2) 
PARAMETRIC_REPRESENTATION_CONTEXT() REPRESENTATION_CONTEXT('2D SPACE',''
  ) );
#3497 = PCURVE('',#3498,#3505);
#3498 = ( BOUNDED_SURFACE() B_SPLINE_SURFACE(2,1,(
    (#3499,#3500)
    ,(#3501,#3502)
    ,(#3503,#3504
)),.UNSPECIFIED.,.F.,.F.,.F.) B_SPLINE_SURFACE_WITH_KNOTS((3,3),(2,2),(
    3.149679177875,3.543069237376),(-6.288229312733E-03,0.),
.PIECEWISE_BEZIER_KNOTS.) GEOMETRIC_REPRESENTATION_ITEM() 
RATIONAL_B_SPLINE_SURFACE((
    (1.,1.)
    ,(0.980717820329,0.980717820329)
,(1.,1.))) REPRESENTATION_ITEM('') SURFACE() );
#3499 = CARTESIAN_POINT('',(-2.429611216814,-11.05619235248,
    26.863065664153));
#3500 = CARTESIAN_POINT('',(-2.429611216814,-11.05619235248,
    20.57483635142));
#3501 = CARTESIAN_POINT('',(-0.226426622586,-11.5403447471,
    26.863065664153));
#3502 = CARTESIAN_POINT('',(-0.226426622586,-11.5403447471,
    20.57483635142));
#3503 = CARTESIAN_POINT('',(1.994053594971,-11.14298659518,
    26.863065664153));
#3504 = CARTESIAN_POINT('',(1.994053594971,-11.14298659518,
    20.57483635142));
#3505 = DEFINITIONAL_REPRESENTATION('',(#3506),#3510);
#3506 = B_SPLINE_CURVE_WITH_KNOTS('',2,(#3507,#3508,#3509),
  .UNSPECIFIED.,.F.,.F.,(3,3),(0.,6.288229312733E-03),
  .PIECEWISE_BEZIER_KNOTS.);
#3507 = CARTESIAN_POINT('',(3.543069237376,0.));
#3508 = CARTESIAN_POINT('',(3.543069237376,-3.144114656366E-03));
#3509 = CARTESIAN_POINT('',(3.543069237376,-6.288229312733E-03));
#3510 = ( GEOMETRIC_REPRESENTATION_CONTEXT(2) 
PARAMETRIC_REPRESENTATION_CONTEXT() REPRESENTATION_CONTEXT('2D SPACE',''
  ) );
#3511 = ORIENTED_EDGE('',*,*,#3512,.T.);
#3512 = EDGE_CURVE('',#3480,#3513,#3515,.T.);
#3513 = VERTEX_POINT('',#3514);
#3514 = CARTESIAN_POINT('',(4.176659834161,-22.29820864172,
    26.863065664153));
#3515 = SURFACE_CURVE('',#3516,(#3519,#3525),.PCURVE_S1.);
#3516 = B_SPLINE_CURVE_WITH_KNOTS('',1,(#3517,#3518),.UNSPECIFIED.,.F.,
  .F.,(2,2),(0.,1.136673871007E-02),.PIECEWISE_BEZIER_KNOTS.);
#3517 = CARTESIAN_POINT('',(1.994053594971,-11.14298659518,
    26.863065664153));
#3518 = CARTESIAN_POINT('',(4.176659834161,-22.29820864172,
    26.863065664153));
#3519 = PCURVE('',#3487,#3520);
#3520 = DEFINITIONAL_REPRESENTATION('',(#3521),#3524);
#3521 = B_SPLINE_CURVE_WITH_KNOTS('',1,(#3522,#3523),.UNSPECIFIED.,.F.,
  .F.,(2,2),(0.,1.136673871007E-02),.PIECEWISE_BEZIER_KNOTS.);
#3522 = CARTESIAN_POINT('',(0.,-6.288229312733E-03));
#3523 = CARTESIAN_POINT('',(1.136673871007E-02,-6.288229312733E-03));
#3524 = ( GEOMETRIC_REPRESENTATION_CONTEXT(2) 
PARAMETRIC_REPRESENTATION_CONTEXT() REPRESENTATION_CONTEXT('2D SPACE',''
  ) );
#3525 = PCURVE('',#3526,#3531);
#3526 = B_SPLINE_SURFACE_WITH_KNOTS('',1,1,(
    (#3527,#3528)
    ,(#3529,#3530
    )),.UNSPECIFIED.,.F.,.F.,.F.,(2,2),(2,2),(-5.570740474746E-03,
    6.695369536856E-03),(-3.554718532749E-03,5.479041931772E-03),
  .PIECEWISE_BEZIER_KNOTS.);
#3527 = CARTESIAN_POINT('',(-5.048109907733,-22.11721461575,
    26.863065664153));
#3528 = CARTESIAN_POINT('',(3.759155321093,-24.12741543146,
    26.863065664153));
#3529 = CARTESIAN_POINT('',(-2.31864365194,-10.15864159155,
    26.863065664153));
#3530 = CARTESIAN_POINT('',(6.488621576886,-12.16884240725,
    26.863065664153));
#3531 = DEFINITIONAL_REPRESENTATION('',(#3532),#3535);
#3532 = B_SPLINE_CURVE_WITH_KNOTS('',1,(#3533,#3534),.UNSPECIFIED.,.F.,
  .F.,(2,2),(0.,1.136673871007E-02),.PIECEWISE_BEZIER_KNOTS.);
#3533 = CARTESIAN_POINT('',(6.695369536856E-03,8.688877595977E-04));
#3534 = CARTESIAN_POINT('',(-3.694492224098E-03,5.479041931772E-03));
#3535 = ( GEOMETRIC_REPRESENTATION_CONTEXT(2) 
PARAMETRIC_REPRESENTATION_CONTEXT() REPRESENTATION_CONTEXT('2D SPACE',''
  ) );
#3536 = ORIENTED_EDGE('',*,*,#3537,.F.);
#3537 = EDGE_CURVE('',#3538,#3513,#3540,.T.);
#3538 = VERTEX_POINT('',#3539);
#3539 = CARTESIAN_POINT('',(4.176659834161,-22.29820864172,
    20.57483635142));
#3540 = SURFACE_CURVE('',#3541,(#3544,#3550),.PCURVE_S1.);
#3541 = B_SPLINE_CURVE_WITH_KNOTS('',1,(#3542,#3543),.UNSPECIFIED.,.F.,
  .F.,(2,2),(0.,6.288229312733E-03),.PIECEWISE_BEZIER_KNOTS.);
#3542 = CARTESIAN_POINT('',(4.176659834161,-22.29820864172,
    20.57483635142));
#3543 = CARTESIAN_POINT('',(4.176659834161,-22.29820864172,
    26.863065664153));
#3544 = PCURVE('',#3487,#3545);
#3545 = DEFINITIONAL_REPRESENTATION('',(#3546),#3549);
#3546 = B_SPLINE_CURVE_WITH_KNOTS('',1,(#3547,#3548),.UNSPECIFIED.,.F.,
  .F.,(2,2),(0.,6.288229312733E-03),.PIECEWISE_BEZIER_KNOTS.);
#3547 = CARTESIAN_POINT('',(1.136673871007E-02,0.));
#3548 = CARTESIAN_POINT('',(1.136673871007E-02,-6.288229312733E-03));
#3549 = ( GEOMETRIC_REPRESENTATION_CONTEXT(2) 
PARAMETRIC_REPRESENTATION_CONTEXT() REPRESENTATION_CONTEXT('2D SPACE',''
  ) );
#3550 = PCURVE('',#3551,#3558);
#3551 = ( BOUNDED_SURFACE() B_SPLINE_SURFACE(2,1,(
    (#3552,#3553)
    ,(#3554,#3555)
    ,(#3556,#3557
)),.UNSPECIFIED.,.F.,.F.,.F.) B_SPLINE_SURFACE_WITH_KNOTS((3,3),(2,2),(
    5.873622199108,6.28318530718),(-6.288229312733E-03,0.),
.PIECEWISE_BEZIER_KNOTS.) GEOMETRIC_REPRESENTATION_ITEM() 
RATIONAL_B_SPLINE_SURFACE((
    (1.,1.)
    ,(0.979105429584,0.979105429584)
,(1.,1.))) REPRESENTATION_ITEM('') SURFACE() );
#3552 = CARTESIAN_POINT('',(4.176659834161,-22.29820864172,
    26.863065664153));
#3553 = CARTESIAN_POINT('',(4.176659834161,-22.29820864172,
    20.57483635142));
#3554 = CARTESIAN_POINT('',(-0.454520627278,-23.16567139304,
    26.863065664153));
#3555 = CARTESIAN_POINT('',(-0.454520627278,-23.16567139304,
    20.57483635142));
#3556 = CARTESIAN_POINT('',(-5.048109907733,-22.11721461575,
    26.863065664153));
#3557 = CARTESIAN_POINT('',(-5.048109907733,-22.11721461575,
    20.57483635142));
#3558 = DEFINITIONAL_REPRESENTATION('',(#3559),#3563);
#3559 = B_SPLINE_CURVE_WITH_KNOTS('',2,(#3560,#3561,#3562),
  .UNSPECIFIED.,.F.,.F.,(3,3),(0.,6.288229312733E-03),
  .PIECEWISE_BEZIER_KNOTS.);
#3560 = CARTESIAN_POINT('',(5.873622199108,0.));
#3561 = CARTESIAN_POINT('',(5.873622199108,-3.144114656366E-03));
#3562 = CARTESIAN_POINT('',(5.873622199108,-6.288229312733E-03));
#3563 = ( GEOMETRIC_REPRESENTATION_CONTEXT(2) 
PARAMETRIC_REPRESENTATION_CONTEXT() REPRESENTATION_CONTEXT('2D SPACE',''
  ) );
#3564 = ORIENTED_EDGE('',*,*,#3565,.F.);
#3565 = EDGE_CURVE('',#3478,#3538,#3566,.T.);
#3566 = SURFACE_CURVE('',#3567,(#3570,#3576),.PCURVE_S1.);
#3567 = B_SPLINE_CURVE_WITH_KNOTS('',1,(#3568,#3569),.UNSPECIFIED.,.F.,
  .F.,(2,2),(0.,1.136673871007E-02),.PIECEWISE_BEZIER_KNOTS.);
#3568 = CARTESIAN_POINT('',(1.994053594971,-11.14298659518,
    20.57483635142));
#3569 = CARTESIAN_POINT('',(4.176659834161,-22.29820864172,
    20.57483635142));
#3570 = PCURVE('',#3487,#3571);
#3571 = DEFINITIONAL_REPRESENTATION('',(#3572),#3575);
#3572 = B_SPLINE_CURVE_WITH_KNOTS('',1,(#3573,#3574),.UNSPECIFIED.,.F.,
  .F.,(2,2),(0.,1.136673871007E-02),.PIECEWISE_BEZIER_KNOTS.);
#3573 = CARTESIAN_POINT('',(0.,0.));
#3574 = CARTESIAN_POINT('',(1.136673871007E-02,0.));
#3575 = ( GEOMETRIC_REPRESENTATION_CONTEXT(2) 
PARAMETRIC_REPRESENTATION_CONTEXT() REPRESENTATION_CONTEXT('2D SPACE',''
  ) );
#3576 = PCURVE('',#3577,#3582);
#3577 = B_SPLINE_SURFACE_WITH_KNOTS('',1,1,(
    (#3578,#3579)
    ,(#3580,#3581
    )),.UNSPECIFIED.,.F.,.F.,.F.,(2,2),(2,2),(-5.570740474746E-03,
    6.695369536856E-03),(-3.554718532749E-03,5.479041931772E-03),
  .PIECEWISE_BEZIER_KNOTS.);
#3578 = CARTESIAN_POINT('',(-5.048109907733,-22.11721461575,
    20.57483635142));
#3579 = CARTESIAN_POINT('',(3.759155321093,-24.12741543146,
    20.57483635142));
#3580 = CARTESIAN_POINT('',(-2.31864365194,-10.15864159155,
    20.57483635142));
#3581 = CARTESIAN_POINT('',(6.488621576886,-12.16884240725,
    20.57483635142));
#3582 = DEFINITIONAL_REPRESENTATION('',(#3583),#3586);
#3583 = B_SPLINE_CURVE_WITH_KNOTS('',1,(#3584,#3585),.UNSPECIFIED.,.F.,
  .F.,(2,2),(0.,1.136673871007E-02),.PIECEWISE_BEZIER_KNOTS.);
#3584 = CARTESIAN_POINT('',(6.695369536856E-03,8.688877595977E-04));
#3585 = CARTESIAN_POINT('',(-3.694492224098E-03,5.479041931772E-03));
#3586 = ( GEOMETRIC_REPRESENTATION_CONTEXT(2) 
PARAMETRIC_REPRESENTATION_CONTEXT() REPRESENTATION_CONTEXT('2D SPACE',''
  ) );
#3587 = ADVANCED_FACE('',(#3588),#3551,.T.);
#3588 = FACE_BOUND('',#3589,.T.);
#3589 = EDGE_LOOP('',(#3590,#3591,#3614,#3637,#3663));
#3590 = ORIENTED_EDGE('',*,*,#3537,.T.);
#3591 = ORIENTED_EDGE('',*,*,#3592,.T.);
#3592 = EDGE_CURVE('',#3513,#3593,#3595,.T.);
#3593 = VERTEX_POINT('',#3594);
#3594 = CARTESIAN_POINT('',(0.,-22.686,26.863065664153));
#3595 = SURFACE_CURVE('',#3596,(#3600,#3607),.PCURVE_S1.);
#3596 = ( BOUNDED_CURVE() B_SPLINE_CURVE(2,(#3597,#3598,#3599),
.UNSPECIFIED.,.F.,.F.) B_SPLINE_CURVE_WITH_KNOTS((3,3),(5.873622199108,
6.058785831923),.PIECEWISE_BEZIER_KNOTS.) CURVE() 
GEOMETRIC_REPRESENTATION_ITEM() RATIONAL_B_SPLINE_CURVE((1.,
0.99571736396,1.)) REPRESENTATION_ITEM('') );
#3597 = CARTESIAN_POINT('',(4.176659834161,-22.29820864172,
    26.863065664153));
#3598 = CARTESIAN_POINT('',(2.106332596677,-22.686,26.863065664153));
#3599 = CARTESIAN_POINT('',(-1.734723475977E-14,-22.686,26.863065664153)
  );
#3600 = PCURVE('',#3551,#3601);
#3601 = DEFINITIONAL_REPRESENTATION('',(#3602),#3606);
#3602 = B_SPLINE_CURVE_WITH_KNOTS('',2,(#3603,#3604,#3605),
  .UNSPECIFIED.,.F.,.F.,(3,3),(5.873622199108,6.058785831923),
  .PIECEWISE_BEZIER_KNOTS.);
#3603 = CARTESIAN_POINT('',(5.873622199108,-6.288229312733E-03));
#3604 = CARTESIAN_POINT('',(5.966719885308,-6.288229312733E-03));
#3605 = CARTESIAN_POINT('',(6.058853810133,-6.288229312733E-03));
#3606 = ( GEOMETRIC_REPRESENTATION_CONTEXT(2) 
PARAMETRIC_REPRESENTATION_CONTEXT() REPRESENTATION_CONTEXT('2D SPACE',''
  ) );
#3607 = PCURVE('',#3526,#3608);
#3608 = DEFINITIONAL_REPRESENTATION('',(#3609),#3613);
#3609 = ( BOUNDED_CURVE() B_SPLINE_CURVE(2,(#3610,#3611,#3612),
.UNSPECIFIED.,.F.,.F.) B_SPLINE_CURVE_WITH_KNOTS((3,3),(5.873622199108,
6.058785831923),.PIECEWISE_BEZIER_KNOTS.) CURVE() 
GEOMETRIC_REPRESENTATION_ITEM() RATIONAL_B_SPLINE_CURVE((1.,
0.99571736396,1.)) REPRESENTATION_ITEM('') );
#3610 = CARTESIAN_POINT('',(-3.694492224098E-03,5.479041931772E-03));
#3611 = CARTESIAN_POINT('',(-4.533251993868E-03,3.546913815823E-03));
#3612 = CARTESIAN_POINT('',(-5.001955090503E-03,1.493391374984E-03));
#3613 = ( GEOMETRIC_REPRESENTATION_CONTEXT(2) 
PARAMETRIC_REPRESENTATION_CONTEXT() REPRESENTATION_CONTEXT('2D SPACE',''
  ) );
#3614 = ORIENTED_EDGE('',*,*,#3615,.T.);
#3615 = EDGE_CURVE('',#3593,#3616,#3618,.T.);
#3616 = VERTEX_POINT('',#3617);
#3617 = CARTESIAN_POINT('',(-5.048109907733,-22.11721461575,
    26.863065664153));
#3618 = SURFACE_CURVE('',#3619,(#3623,#3630),.PCURVE_S1.);
#3619 = ( BOUNDED_CURVE() B_SPLINE_CURVE(2,(#3620,#3621,#3622),
.UNSPECIFIED.,.F.,.F.) B_SPLINE_CURVE_WITH_KNOTS((3,3),(6.058785831923,
6.28318530718),.PIECEWISE_BEZIER_KNOTS.) CURVE() 
GEOMETRIC_REPRESENTATION_ITEM() RATIONAL_B_SPLINE_CURVE((1.,
0.993712209893,1.)) REPRESENTATION_ITEM('') );
#3620 = CARTESIAN_POINT('',(-1.734723475977E-14,-22.686,26.863065664153)
  );
#3621 = CARTESIAN_POINT('',(-2.556098314574,-22.686,26.863065664153));
#3622 = CARTESIAN_POINT('',(-5.048109907733,-22.11721461575,
    26.863065664153));
#3623 = PCURVE('',#3551,#3624);
#3624 = DEFINITIONAL_REPRESENTATION('',(#3625),#3629);
#3625 = B_SPLINE_CURVE_WITH_KNOTS('',2,(#3626,#3627,#3628),
  .UNSPECIFIED.,.F.,.F.,(3,3),(6.058785831923,6.28318530718),
  .PIECEWISE_BEZIER_KNOTS.);
#3626 = CARTESIAN_POINT('',(6.058853810133,-6.288229312733E-03));
#3627 = CARTESIAN_POINT('',(6.170435959477,-6.288229312733E-03));
#3628 = CARTESIAN_POINT('',(6.28318530718,-6.288229312733E-03));
#3629 = ( GEOMETRIC_REPRESENTATION_CONTEXT(2) 
PARAMETRIC_REPRESENTATION_CONTEXT() REPRESENTATION_CONTEXT('2D SPACE',''
  ) );
#3630 = PCURVE('',#3526,#3631);
#3631 = DEFINITIONAL_REPRESENTATION('',(#3632),#3636);
#3632 = ( BOUNDED_CURVE() B_SPLINE_CURVE(2,(#3633,#3634,#3635),
.UNSPECIFIED.,.F.,.F.) B_SPLINE_CURVE_WITH_KNOTS((3,3),(6.058785831923,
6.28318530718),.PIECEWISE_BEZIER_KNOTS.) CURVE() 
GEOMETRIC_REPRESENTATION_ITEM() RATIONAL_B_SPLINE_CURVE((1.,
0.993712209893,1.)) REPRESENTATION_ITEM('') );
#3633 = CARTESIAN_POINT('',(-5.001955090503E-03,1.493391374984E-03));
#3634 = CARTESIAN_POINT('',(-5.570740474746E-03,-9.986202181747E-04));
#3635 = CARTESIAN_POINT('',(-5.570740474746E-03,-3.554718532749E-03));
#3636 = ( GEOMETRIC_REPRESENTATION_CONTEXT(2) 
PARAMETRIC_REPRESENTATION_CONTEXT() REPRESENTATION_CONTEXT('2D SPACE',''
  ) );
#3637 = ORIENTED_EDGE('',*,*,#3638,.F.);
#3638 = EDGE_CURVE('',#3639,#3616,#3641,.T.);
#3639 = VERTEX_POINT('',#3640);
#3640 = CARTESIAN_POINT('',(-5.048109907733,-22.11721461575,
    20.57483635142));
#3641 = SURFACE_CURVE('',#3642,(#3645,#3652),.PCURVE_S1.);
#3642 = B_SPLINE_CURVE_WITH_KNOTS('',1,(#3643,#3644),.UNSPECIFIED.,.F.,
  .F.,(2,2),(0.,6.288229312733E-03),.PIECEWISE_BEZIER_KNOTS.);
#3643 = CARTESIAN_POINT('',(-5.048109907733,-22.11721461575,
    20.57483635142));
#3644 = CARTESIAN_POINT('',(-5.048109907733,-22.11721461575,
    26.863065664153));
#3645 = PCURVE('',#3551,#3646);
#3646 = DEFINITIONAL_REPRESENTATION('',(#3647),#3651);
#3647 = B_SPLINE_CURVE_WITH_KNOTS('',2,(#3648,#3649,#3650),
  .UNSPECIFIED.,.F.,.F.,(3,3),(0.,6.288229312733E-03),
  .PIECEWISE_BEZIER_KNOTS.);
#3648 = CARTESIAN_POINT('',(6.28318530718,0.));
#3649 = CARTESIAN_POINT('',(6.28318530718,-3.144114656366E-03));
#3650 = CARTESIAN_POINT('',(6.28318530718,-6.288229312733E-03));
#3651 = ( GEOMETRIC_REPRESENTATION_CONTEXT(2) 
PARAMETRIC_REPRESENTATION_CONTEXT() REPRESENTATION_CONTEXT('2D SPACE',''
  ) );
#3652 = PCURVE('',#3653,#3658);
#3653 = B_SPLINE_SURFACE_WITH_KNOTS('',1,1,(
    (#3654,#3655)
    ,(#3656,#3657
    )),.UNSPECIFIED.,.F.,.F.,.F.,(2,2),(2,2),(0.,1.136673871007E-02),(
    -6.288229312733E-03,0.),.PIECEWISE_BEZIER_KNOTS.);
#3654 = CARTESIAN_POINT('',(-5.048109907733,-22.11721461575,
    26.863065664153));
#3655 = CARTESIAN_POINT('',(-5.048109907733,-22.11721461575,
    20.57483635142));
#3656 = CARTESIAN_POINT('',(-2.429611216814,-11.05619235248,
    26.863065664153));
#3657 = CARTESIAN_POINT('',(-2.429611216814,-11.05619235248,
    20.57483635142));
#3658 = DEFINITIONAL_REPRESENTATION('',(#3659),#3662);
#3659 = B_SPLINE_CURVE_WITH_KNOTS('',1,(#3660,#3661),.UNSPECIFIED.,.F.,
  .F.,(2,2),(0.,6.288229312733E-03),.PIECEWISE_BEZIER_KNOTS.);
#3660 = CARTESIAN_POINT('',(0.,0.));
#3661 = CARTESIAN_POINT('',(0.,-6.288229312733E-03));
#3662 = ( GEOMETRIC_REPRESENTATION_CONTEXT(2) 
PARAMETRIC_REPRESENTATION_CONTEXT() REPRESENTATION_CONTEXT('2D SPACE',''
  ) );
#3663 = ORIENTED_EDGE('',*,*,#3664,.F.);
#3664 = EDGE_CURVE('',#3538,#3639,#3665,.T.);
#3665 = SURFACE_CURVE('',#3666,(#3670,#3677),.PCURVE_S1.);
#3666 = ( BOUNDED_CURVE() B_SPLINE_CURVE(2,(#3667,#3668,#3669),
.UNSPECIFIED.,.F.,.F.) B_SPLINE_CURVE_WITH_KNOTS((3,3),(5.873622199108,
6.28318530718),.PIECEWISE_BEZIER_KNOTS.) CURVE() 
GEOMETRIC_REPRESENTATION_ITEM() RATIONAL_B_SPLINE_CURVE((1.,
0.979105429584,1.)) REPRESENTATION_ITEM('') );
#3667 = CARTESIAN_POINT('',(4.176659834161,-22.29820864172,
    20.57483635142));
#3668 = CARTESIAN_POINT('',(-0.454520627278,-23.16567139304,
    20.57483635142));
#3669 = CARTESIAN_POINT('',(-5.048109907733,-22.11721461575,
    20.57483635142));
#3670 = PCURVE('',#3551,#3671);
#3671 = DEFINITIONAL_REPRESENTATION('',(#3672),#3676);
#3672 = B_SPLINE_CURVE_WITH_KNOTS('',2,(#3673,#3674,#3675),
  .UNSPECIFIED.,.F.,.F.,(3,3),(5.873622199108,6.28318530718),
  .PIECEWISE_BEZIER_KNOTS.);
#3673 = CARTESIAN_POINT('',(5.873622199108,0.));
#3674 = CARTESIAN_POINT('',(6.078403753144,0.));
#3675 = CARTESIAN_POINT('',(6.28318530718,0.));
#3676 = ( GEOMETRIC_REPRESENTATION_CONTEXT(2) 
PARAMETRIC_REPRESENTATION_CONTEXT() REPRESENTATION_CONTEXT('2D SPACE',''
  ) );
#3677 = PCURVE('',#3577,#3678);
#3678 = DEFINITIONAL_REPRESENTATION('',(#3679),#3683);
#3679 = ( BOUNDED_CURVE() B_SPLINE_CURVE(2,(#3680,#3681,#3682),
.UNSPECIFIED.,.F.,.F.) B_SPLINE_CURVE_WITH_KNOTS((3,3),(5.873622199108,
6.28318530718),.PIECEWISE_BEZIER_KNOTS.) CURVE() 
GEOMETRIC_REPRESENTATION_ITEM() RATIONAL_B_SPLINE_CURVE((1.,
0.979105429584,1.)) REPRESENTATION_ITEM('') );
#3680 = CARTESIAN_POINT('',(-3.694492224098E-03,5.479041931772E-03));
#3681 = CARTESIAN_POINT('',(-5.570740474746E-03,1.157003455162E-03));
#3682 = CARTESIAN_POINT('',(-5.570740474746E-03,-3.554718532749E-03));
#3683 = ( GEOMETRIC_REPRESENTATION_CONTEXT(2) 
PARAMETRIC_REPRESENTATION_CONTEXT() REPRESENTATION_CONTEXT('2D SPACE',''
  ) );
#3684 = ADVANCED_FACE('',(#3685),#3653,.T.);
#3685 = FACE_BOUND('',#3686,.T.);
#3686 = EDGE_LOOP('',(#3687,#3688,#3708,#3729));
#3687 = ORIENTED_EDGE('',*,*,#3638,.T.);
#3688 = ORIENTED_EDGE('',*,*,#3689,.T.);
#3689 = EDGE_CURVE('',#3616,#3690,#3692,.T.);
#3690 = VERTEX_POINT('',#3691);
#3691 = CARTESIAN_POINT('',(-2.429611216814,-11.05619235248,
    26.863065664153));
#3692 = SURFACE_CURVE('',#3693,(#3696,#3702),.PCURVE_S1.);
#3693 = B_SPLINE_CURVE_WITH_KNOTS('',1,(#3694,#3695),.UNSPECIFIED.,.F.,
  .F.,(2,2),(0.,1.136673871007E-02),.PIECEWISE_BEZIER_KNOTS.);
#3694 = CARTESIAN_POINT('',(-5.048109907733,-22.11721461575,
    26.863065664153));
#3695 = CARTESIAN_POINT('',(-2.429611216814,-11.05619235248,
    26.863065664153));
#3696 = PCURVE('',#3653,#3697);
#3697 = DEFINITIONAL_REPRESENTATION('',(#3698),#3701);
#3698 = B_SPLINE_CURVE_WITH_KNOTS('',1,(#3699,#3700),.UNSPECIFIED.,.F.,
  .F.,(2,2),(0.,1.136673871007E-02),.PIECEWISE_BEZIER_KNOTS.);
#3699 = CARTESIAN_POINT('',(0.,-6.288229312733E-03));
#3700 = CARTESIAN_POINT('',(1.136673871007E-02,-6.288229312733E-03));
#3701 = ( GEOMETRIC_REPRESENTATION_CONTEXT(2) 
PARAMETRIC_REPRESENTATION_CONTEXT() REPRESENTATION_CONTEXT('2D SPACE',''
  ) );
#3702 = PCURVE('',#3526,#3703);
#3703 = DEFINITIONAL_REPRESENTATION('',(#3704),#3707);
#3704 = B_SPLINE_CURVE_WITH_KNOTS('',1,(#3705,#3706),.UNSPECIFIED.,.F.,
  .F.,(2,2),(0.,1.136673871007E-02),.PIECEWISE_BEZIER_KNOTS.);
#3705 = CARTESIAN_POINT('',(-5.570740474746E-03,-3.554718532749E-03));
#3706 = CARTESIAN_POINT('',(5.795629641249E-03,-3.463180075495E-03));
#3707 = ( GEOMETRIC_REPRESENTATION_CONTEXT(2) 
PARAMETRIC_REPRESENTATION_CONTEXT() REPRESENTATION_CONTEXT('2D SPACE',''
  ) );
#3708 = ORIENTED_EDGE('',*,*,#3709,.F.);
#3709 = EDGE_CURVE('',#3710,#3690,#3712,.T.);
#3710 = VERTEX_POINT('',#3711);
#3711 = CARTESIAN_POINT('',(-2.429611216814,-11.05619235248,
    20.57483635142));
#3712 = SURFACE_CURVE('',#3713,(#3716,#3722),.PCURVE_S1.);
#3713 = B_SPLINE_CURVE_WITH_KNOTS('',1,(#3714,#3715),.UNSPECIFIED.,.F.,
  .F.,(2,2),(0.,6.288229312733E-03),.PIECEWISE_BEZIER_KNOTS.);
#3714 = CARTESIAN_POINT('',(-2.429611216814,-11.05619235248,
    20.57483635142));
#3715 = CARTESIAN_POINT('',(-2.429611216814,-11.05619235248,
    26.863065664153));
#3716 = PCURVE('',#3653,#3717);
#3717 = DEFINITIONAL_REPRESENTATION('',(#3718),#3721);
#3718 = B_SPLINE_CURVE_WITH_KNOTS('',1,(#3719,#3720),.UNSPECIFIED.,.F.,
  .F.,(2,2),(0.,6.288229312733E-03),.PIECEWISE_BEZIER_KNOTS.);
#3719 = CARTESIAN_POINT('',(1.136673871007E-02,0.));
#3720 = CARTESIAN_POINT('',(1.136673871007E-02,-6.288229312733E-03));
#3721 = ( GEOMETRIC_REPRESENTATION_CONTEXT(2) 
PARAMETRIC_REPRESENTATION_CONTEXT() REPRESENTATION_CONTEXT('2D SPACE',''
  ) );
#3722 = PCURVE('',#3498,#3723);
#3723 = DEFINITIONAL_REPRESENTATION('',(#3724),#3728);
#3724 = B_SPLINE_CURVE_WITH_KNOTS('',2,(#3725,#3726,#3727),
  .UNSPECIFIED.,.F.,.F.,(3,3),(0.,6.288229312733E-03),
  .PIECEWISE_BEZIER_KNOTS.);
#3725 = CARTESIAN_POINT('',(3.149679177875,0.));
#3726 = CARTESIAN_POINT('',(3.149679177875,-3.144114656366E-03));
#3727 = CARTESIAN_POINT('',(3.149679177875,-6.288229312733E-03));
#3728 = ( GEOMETRIC_REPRESENTATION_CONTEXT(2) 
PARAMETRIC_REPRESENTATION_CONTEXT() REPRESENTATION_CONTEXT('2D SPACE',''
  ) );
#3729 = ORIENTED_EDGE('',*,*,#3730,.F.);
#3730 = EDGE_CURVE('',#3639,#3710,#3731,.T.);
#3731 = SURFACE_CURVE('',#3732,(#3735,#3741),.PCURVE_S1.);
#3732 = B_SPLINE_CURVE_WITH_KNOTS('',1,(#3733,#3734),.UNSPECIFIED.,.F.,
  .F.,(2,2),(0.,1.136673871007E-02),.PIECEWISE_BEZIER_KNOTS.);
#3733 = CARTESIAN_POINT('',(-5.048109907733,-22.11721461575,
    20.57483635142));
#3734 = CARTESIAN_POINT('',(-2.429611216814,-11.05619235248,
    20.57483635142));
#3735 = PCURVE('',#3653,#3736);
#3736 = DEFINITIONAL_REPRESENTATION('',(#3737),#3740);
#3737 = B_SPLINE_CURVE_WITH_KNOTS('',1,(#3738,#3739),.UNSPECIFIED.,.F.,
  .F.,(2,2),(0.,1.136673871007E-02),.PIECEWISE_BEZIER_KNOTS.);
#3738 = CARTESIAN_POINT('',(0.,0.));
#3739 = CARTESIAN_POINT('',(1.136673871007E-02,0.));
#3740 = ( GEOMETRIC_REPRESENTATION_CONTEXT(2) 
PARAMETRIC_REPRESENTATION_CONTEXT() REPRESENTATION_CONTEXT('2D SPACE',''
  ) );
#3741 = PCURVE('',#3577,#3742);
#3742 = DEFINITIONAL_REPRESENTATION('',(#3743),#3746);
#3743 = B_SPLINE_CURVE_WITH_KNOTS('',1,(#3744,#3745),.UNSPECIFIED.,.F.,
  .F.,(2,2),(0.,1.136673871007E-02),.PIECEWISE_BEZIER_KNOTS.);
#3744 = CARTESIAN_POINT('',(-5.570740474746E-03,-3.554718532749E-03));
#3745 = CARTESIAN_POINT('',(5.795629641249E-03,-3.463180075495E-03));
#3746 = ( GEOMETRIC_REPRESENTATION_CONTEXT(2) 
PARAMETRIC_REPRESENTATION_CONTEXT() REPRESENTATION_CONTEXT('2D SPACE',''
  ) );
#3747 = ADVANCED_FACE('',(#3748),#3498,.T.);
#3748 = FACE_BOUND('',#3749,.T.);
#3749 = EDGE_LOOP('',(#3750,#3751,#3774,#3795,#3796));
#3750 = ORIENTED_EDGE('',*,*,#3709,.T.);
#3751 = ORIENTED_EDGE('',*,*,#3752,.T.);
#3752 = EDGE_CURVE('',#3690,#3753,#3755,.T.);
#3753 = VERTEX_POINT('',#3754);
#3754 = CARTESIAN_POINT('',(0.,-11.32,26.863065664153));
#3755 = SURFACE_CURVE('',#3756,(#3760,#3767),.PCURVE_S1.);
#3756 = ( BOUNDED_CURVE() B_SPLINE_CURVE(2,(#3757,#3758,#3759),
.UNSPECIFIED.,.F.,.F.) B_SPLINE_CURVE_WITH_KNOTS((3,3),(3.149679177875,
3.365992128846),.PIECEWISE_BEZIER_KNOTS.) CURVE() 
GEOMETRIC_REPRESENTATION_ITEM() RATIONAL_B_SPLINE_CURVE((1.,
0.99415678781,1.)) REPRESENTATION_ITEM('') );
#3757 = CARTESIAN_POINT('',(-2.429611216814,-11.05619235248,
    26.863065664153));
#3758 = CARTESIAN_POINT('',(-1.229127750651,-11.32,26.863065664153));
#3759 = CARTESIAN_POINT('',(-3.035766082959E-15,-11.32,26.863065664153)
  );
#3760 = PCURVE('',#3498,#3761);
#3761 = DEFINITIONAL_REPRESENTATION('',(#3762),#3766);
#3762 = B_SPLINE_CURVE_WITH_KNOTS('',2,(#3763,#3764,#3765),
  .UNSPECIFIED.,.F.,.F.,(3,3),(3.149679177875,3.365992128846),
  .PIECEWISE_BEZIER_KNOTS.);
#3763 = CARTESIAN_POINT('',(3.149679177875,-6.288229312733E-03));
#3764 = CARTESIAN_POINT('',(3.25832287047,-6.288229312733E-03));
#3765 = CARTESIAN_POINT('',(3.365929465496,-6.288229312733E-03));
#3766 = ( GEOMETRIC_REPRESENTATION_CONTEXT(2) 
PARAMETRIC_REPRESENTATION_CONTEXT() REPRESENTATION_CONTEXT('2D SPACE',''
  ) );
#3767 = PCURVE('',#3526,#3768);
#3768 = DEFINITIONAL_REPRESENTATION('',(#3769),#3773);
#3769 = ( BOUNDED_CURVE() B_SPLINE_CURVE(2,(#3770,#3771,#3772),
.UNSPECIFIED.,.F.,.F.) B_SPLINE_CURVE_WITH_KNOTS((3,3),(3.149679177875,
3.365992128846),.PIECEWISE_BEZIER_KNOTS.) CURVE() 
GEOMETRIC_REPRESENTATION_ITEM() RATIONAL_B_SPLINE_CURVE((1.,
0.99415678781,1.)) REPRESENTATION_ITEM('') );
#3770 = CARTESIAN_POINT('',(5.795629641249E-03,-3.463180075495E-03));
#3771 = CARTESIAN_POINT('',(5.805568904329E-03,-2.23409251211E-03));
#3772 = CARTESIAN_POINT('',(6.079075559355E-03,-1.035781560363E-03));
#3773 = ( GEOMETRIC_REPRESENTATION_CONTEXT(2) 
PARAMETRIC_REPRESENTATION_CONTEXT() REPRESENTATION_CONTEXT('2D SPACE',''
  ) );
#3774 = ORIENTED_EDGE('',*,*,#3775,.T.);
#3775 = EDGE_CURVE('',#3753,#3480,#3776,.T.);
#3776 = SURFACE_CURVE('',#3777,(#3781,#3788),.PCURVE_S1.);
#3777 = ( BOUNDED_CURVE() B_SPLINE_CURVE(2,(#3778,#3779,#3780),
.UNSPECIFIED.,.F.,.F.) B_SPLINE_CURVE_WITH_KNOTS((3,3),(3.365992128846,
3.543069237376),.PIECEWISE_BEZIER_KNOTS.) CURVE() 
GEOMETRIC_REPRESENTATION_ITEM() RATIONAL_B_SPLINE_CURVE((1.,
0.996083021998,1.)) REPRESENTATION_ITEM('') );
#3778 = CARTESIAN_POINT('',(-3.035766082959E-15,-11.32,26.863065664153)
  );
#3779 = CARTESIAN_POINT('',(1.004883593703,-11.32,26.863065664153));
#3780 = CARTESIAN_POINT('',(1.994053594971,-11.14298659518,
    26.863065664153));
#3781 = PCURVE('',#3498,#3782);
#3782 = DEFINITIONAL_REPRESENTATION('',(#3783),#3787);
#3783 = B_SPLINE_CURVE_WITH_KNOTS('',2,(#3784,#3785,#3786),
  .UNSPECIFIED.,.F.,.F.,(3,3),(3.365992128846,3.543069237376),
  .PIECEWISE_BEZIER_KNOTS.);
#3784 = CARTESIAN_POINT('',(3.365929465496,-6.288229312733E-03));
#3785 = CARTESIAN_POINT('',(3.454074586159,-6.288229312733E-03));
#3786 = CARTESIAN_POINT('',(3.543069237376,-6.288229312733E-03));
#3787 = ( GEOMETRIC_REPRESENTATION_CONTEXT(2) 
PARAMETRIC_REPRESENTATION_CONTEXT() REPRESENTATION_CONTEXT('2D SPACE',''
  ) );
#3788 = PCURVE('',#3526,#3789);
#3789 = DEFINITIONAL_REPRESENTATION('',(#3790),#3794);
#3790 = ( BOUNDED_CURVE() B_SPLINE_CURVE(2,(#3791,#3792,#3793),
.UNSPECIFIED.,.F.,.F.) B_SPLINE_CURVE_WITH_KNOTS((3,3),(3.365992128846,
3.543069237376),.PIECEWISE_BEZIER_KNOTS.) CURVE() 
GEOMETRIC_REPRESENTATION_ITEM() RATIONAL_B_SPLINE_CURVE((1.,
0.996083021998,1.)) REPRESENTATION_ITEM('') );
#3791 = CARTESIAN_POINT('',(6.079075559355E-03,-1.035781560363E-03));
#3792 = CARTESIAN_POINT('',(6.302683195144E-03,-5.609249636819E-05));
#3793 = CARTESIAN_POINT('',(6.695369536856E-03,8.688877595977E-04));
#3794 = ( GEOMETRIC_REPRESENTATION_CONTEXT(2) 
PARAMETRIC_REPRESENTATION_CONTEXT() REPRESENTATION_CONTEXT('2D SPACE',''
  ) );
#3795 = ORIENTED_EDGE('',*,*,#3477,.F.);
#3796 = ORIENTED_EDGE('',*,*,#3797,.F.);
#3797 = EDGE_CURVE('',#3710,#3478,#3798,.T.);
#3798 = SURFACE_CURVE('',#3799,(#3803,#3810),.PCURVE_S1.);
#3799 = ( BOUNDED_CURVE() B_SPLINE_CURVE(2,(#3800,#3801,#3802),
.UNSPECIFIED.,.F.,.F.) B_SPLINE_CURVE_WITH_KNOTS((3,3),(3.149679177875,
3.543069237376),.PIECEWISE_BEZIER_KNOTS.) CURVE() 
GEOMETRIC_REPRESENTATION_ITEM() RATIONAL_B_SPLINE_CURVE((1.,
0.980717820329,1.)) REPRESENTATION_ITEM('') );
#3800 = CARTESIAN_POINT('',(-2.429611216814,-11.05619235248,
    20.57483635142));
#3801 = CARTESIAN_POINT('',(-0.226426622586,-11.5403447471,
    20.57483635142));
#3802 = CARTESIAN_POINT('',(1.994053594971,-11.14298659518,
    20.57483635142));
#3803 = PCURVE('',#3498,#3804);
#3804 = DEFINITIONAL_REPRESENTATION('',(#3805),#3809);
#3805 = B_SPLINE_CURVE_WITH_KNOTS('',2,(#3806,#3807,#3808),
  .UNSPECIFIED.,.F.,.F.,(3,3),(3.149679177875,3.543069237376),
  .PIECEWISE_BEZIER_KNOTS.);
#3806 = CARTESIAN_POINT('',(3.149679177875,0.));
#3807 = CARTESIAN_POINT('',(3.346374207625,0.));
#3808 = CARTESIAN_POINT('',(3.543069237376,0.));
#3809 = ( GEOMETRIC_REPRESENTATION_CONTEXT(2) 
PARAMETRIC_REPRESENTATION_CONTEXT() REPRESENTATION_CONTEXT('2D SPACE',''
  ) );
#3810 = PCURVE('',#3577,#3811);
#3811 = DEFINITIONAL_REPRESENTATION('',(#3812),#3816);
#3812 = ( BOUNDED_CURVE() B_SPLINE_CURVE(2,(#3813,#3814,#3815),
.UNSPECIFIED.,.F.,.F.) B_SPLINE_CURVE_WITH_KNOTS((3,3),(3.149679177875,
3.543069237376),.PIECEWISE_BEZIER_KNOTS.) CURVE() 
GEOMETRIC_REPRESENTATION_ITEM() RATIONAL_B_SPLINE_CURVE((1.,
0.980717820329,1.)) REPRESENTATION_ITEM('') );
#3813 = CARTESIAN_POINT('',(5.795629641249E-03,-3.463180075495E-03));
#3814 = CARTESIAN_POINT('',(5.813870651569E-03,-1.207499875865E-03));
#3815 = CARTESIAN_POINT('',(6.695369536856E-03,8.688877595977E-04));
#3816 = ( GEOMETRIC_REPRESENTATION_CONTEXT(2) 
PARAMETRIC_REPRESENTATION_CONTEXT() REPRESENTATION_CONTEXT('2D SPACE',''
  ) );
#3817 = ADVANCED_FACE('',(#3818),#3577,.T.);
#3818 = FACE_BOUND('',#3819,.T.);
#3819 = EDGE_LOOP('',(#3820,#3821,#3822,#3823));
#3820 = ORIENTED_EDGE('',*,*,#3565,.T.);
#3821 = ORIENTED_EDGE('',*,*,#3664,.T.);
#3822 = ORIENTED_EDGE('',*,*,#3730,.T.);
#3823 = ORIENTED_EDGE('',*,*,#3797,.T.);
#3824 = ADVANCED_FACE('',(#3825),#3526,.F.);
#3825 = FACE_BOUND('',#3826,.F.);
#3826 = EDGE_LOOP('',(#3827,#3828,#3829,#3830,#3831,#3832));
#3827 = ORIENTED_EDGE('',*,*,#3512,.T.);
#3828 = ORIENTED_EDGE('',*,*,#3592,.T.);
#3829 = ORIENTED_EDGE('',*,*,#3615,.T.);
#3830 = ORIENTED_EDGE('',*,*,#3689,.T.);
#3831 = ORIENTED_EDGE('',*,*,#3752,.T.);
#3832 = ORIENTED_EDGE('',*,*,#3775,.T.);
#3833 = ( GEOMETRIC_REPRESENTATION_CONTEXT(3) 
GLOBAL_UNCERTAINTY_ASSIGNED_CONTEXT((#3837)) 
GLOBAL_UNIT_ASSIGNED_CONTEXT((#3834,#3835,#3836)) REPRESENTATION_CONTEXT
('Context #1','3D Context with UNIT and UNCERTAINTY') );
#3834 = ( LENGTH_UNIT() NAMED_UNIT(*) SI_UNIT(.MILLI.,.METRE.) );
#3835 = ( NAMED_UNIT(*) PLANE_ANGLE_UNIT() SI_UNIT($,.RADIAN.) );
#3836 = ( NAMED_UNIT(*) SI_UNIT($,.STERADIAN.) SOLID_ANGLE_UNIT() );
#3837 = UNCERTAINTY_MEASURE_WITH_UNIT(LENGTH_MEASURE(1.E-04),#3834,
  'distance_accuracy_value','confusion accuracy');
#3838 = CONTEXT_DEPENDENT_SHAPE_REPRESENTATION(#3839,#3841);
#3839 = ( REPRESENTATION_RELATIONSHIP('','',#3470,#10) 
REPRESENTATION_RELATIONSHIP_WITH_TRANSFORMATION(#3840) 
SHAPE_REPRESENTATION_RELATIONSHIP() );
#3840 = ITEM_DEFINED_TRANSFORMATION('','',#11,#55);
#3841 = PRODUCT_DEFINITION_SHAPE('Placement','Placement of an item',
  #3842);
#3842 = NEXT_ASSEMBLY_USAGE_OCCURRENCE('6055','','',#5,#3465,$);
#3843 = PRODUCT_RELATED_PRODUCT_CATEGORY('part',$,(#3467));
#3844 = SHAPE_DEFINITION_REPRESENTATION(#3845,#3851);
#3845 = PRODUCT_DEFINITION_SHAPE('','',#3846);
#3846 = PRODUCT_DEFINITION('design','',#3847,#3850);
#3847 = PRODUCT_DEFINITION_FORMATION('','',#3848);
#3848 = PRODUCT('Open CASCADE STEP translator 7.8 202.12',
  'Open CASCADE STEP translator 7.8 202.12','',(#3849));
#3849 = PRODUCT_CONTEXT('',#2,'mechanical');
#3850 = PRODUCT_DEFINITION_CONTEXT('part definition',#2,'design');
#3851 = ADVANCED_BREP_SHAPE_REPRESENTATION('',(#11,#3852),#4166);
#3852 = MANIFOLD_SOLID_BREP('',#3853);
#3853 = CLOSED_SHELL('',(#3854,#3968,#4042,#4105,#4152,#4159));
#3854 = ADVANCED_FACE('',(#3855),#3868,.T.);
#3855 = FACE_BOUND('',#3856,.T.);
#3856 = EDGE_LOOP('',(#3857,#3892,#3917,#3945));
#3857 = ORIENTED_EDGE('',*,*,#3858,.T.);
#3858 = EDGE_CURVE('',#3859,#3861,#3863,.T.);
#3859 = VERTEX_POINT('',#3860);
#3860 = CARTESIAN_POINT('',(6.631340898852,-9.174296587925,
    20.57483635142));
#3861 = VERTEX_POINT('',#3862);
#3862 = CARTESIAN_POINT('',(6.631340898852,-9.174296587925,
    26.863065664153));
#3863 = SURFACE_CURVE('',#3864,(#3867,#3878),.PCURVE_S1.);
#3864 = B_SPLINE_CURVE_WITH_KNOTS('',1,(#3865,#3866),.UNSPECIFIED.,.F.,
  .F.,(2,2),(0.,6.288229312733E-03),.PIECEWISE_BEZIER_KNOTS.);
#3865 = CARTESIAN_POINT('',(6.631340898852,-9.174296587925,
    20.57483635142));
#3866 = CARTESIAN_POINT('',(6.631340898852,-9.174296587925,
    26.863065664153));
#3867 = PCURVE('',#3868,#3873);
#3868 = B_SPLINE_SURFACE_WITH_KNOTS('',1,1,(
    (#3869,#3870)
    ,(#3871,#3872
    )),.UNSPECIFIED.,.F.,.F.,.F.,(2,2),(2,2),(0.,1.136673871007E-02),(
    -6.288229312733E-03,0.),.PIECEWISE_BEZIER_KNOTS.);
#3869 = CARTESIAN_POINT('',(6.631340898852,-9.174296587925,
    26.863065664153));
#3870 = CARTESIAN_POINT('',(6.631340898852,-9.174296587925,
    20.57483635142));
#3871 = CARTESIAN_POINT('',(13.437870623491,-18.27780701031,
    26.863065664153));
#3872 = CARTESIAN_POINT('',(13.437870623491,-18.27780701031,
    20.57483635142));
#3873 = DEFINITIONAL_REPRESENTATION('',(#3874),#3877);
#3874 = B_SPLINE_CURVE_WITH_KNOTS('',1,(#3875,#3876),.UNSPECIFIED.,.F.,
  .F.,(2,2),(0.,6.288229312733E-03),.PIECEWISE_BEZIER_KNOTS.);
#3875 = CARTESIAN_POINT('',(0.,0.));
#3876 = CARTESIAN_POINT('',(0.,-6.288229312733E-03));
#3877 = ( GEOMETRIC_REPRESENTATION_CONTEXT(2) 
PARAMETRIC_REPRESENTATION_CONTEXT() REPRESENTATION_CONTEXT('2D SPACE',''
  ) );
#3878 = PCURVE('',#3879,#3886);
#3879 = ( BOUNDED_SURFACE() B_SPLINE_SURFACE(2,1,(
    (#3880,#3881)
    ,(#3882,#3883)
    ,(#3884,#3885
)),.UNSPECIFIED.,.F.,.F.,.F.) B_SPLINE_SURFACE_WITH_KNOTS((3,3),(2,2),(
    3.149679177875,3.543069237376),(-6.288229312733E-03,0.),
.PIECEWISE_BEZIER_KNOTS.) GEOMETRIC_REPRESENTATION_ITEM() 
RATIONAL_B_SPLINE_SURFACE((
    (1.,1.)
    ,(0.980717820329,0.980717820329)
,(1.,1.))) REPRESENTATION_ITEM('') SURFACE() );
#3880 = CARTESIAN_POINT('',(2.608098010843,-11.01545390648,
    26.863065664153));
#3881 = CARTESIAN_POINT('',(2.608098010843,-11.01545390648,
    20.57483635142));
#3882 = CARTESIAN_POINT('',(4.803164591766,-10.49573417164,
    26.863065664153));
#3883 = CARTESIAN_POINT('',(4.803164591766,-10.49573417164,
    20.57483635142));
#3884 = CARTESIAN_POINT('',(6.631340898852,-9.174296587925,
    26.863065664153));
#3885 = CARTESIAN_POINT('',(6.631340898852,-9.174296587925,
    20.57483635142));
#3886 = DEFINITIONAL_REPRESENTATION('',(#3887),#3891);
#3887 = B_SPLINE_CURVE_WITH_KNOTS('',2,(#3888,#3889,#3890),
  .UNSPECIFIED.,.F.,.F.,(3,3),(0.,6.288229312733E-03),
  .PIECEWISE_BEZIER_KNOTS.);
#3888 = CARTESIAN_POINT('',(3.543069237376,0.));
#3889 = CARTESIAN_POINT('',(3.543069237376,-3.144114656366E-03));
#3890 = CARTESIAN_POINT('',(3.543069237376,-6.288229312733E-03));
#3891 = ( GEOMETRIC_REPRESENTATION_CONTEXT(2) 
PARAMETRIC_REPRESENTATION_CONTEXT() REPRESENTATION_CONTEXT('2D SPACE',''
  ) );
#3892 = ORIENTED_EDGE('',*,*,#3893,.T.);
#3893 = EDGE_CURVE('',#3861,#3894,#3896,.T.);
#3894 = VERTEX_POINT('',#3895);
#3895 = CARTESIAN_POINT('',(13.437870623491,-18.27780701031,
    26.863065664153));
#3896 = SURFACE_CURVE('',#3897,(#3900,#3906),.PCURVE_S1.);
#3897 = B_SPLINE_CURVE_WITH_KNOTS('',1,(#3898,#3899),.UNSPECIFIED.,.F.,
  .F.,(2,2),(0.,1.136673871007E-02),.PIECEWISE_BEZIER_KNOTS.);
#3898 = CARTESIAN_POINT('',(6.631340898852,-9.174296587925,
    26.863065664153));
#3899 = CARTESIAN_POINT('',(13.437870623491,-18.27780701031,
    26.863065664153));
#3900 = PCURVE('',#3868,#3901);
#3901 = DEFINITIONAL_REPRESENTATION('',(#3902),#3905);
#3902 = B_SPLINE_CURVE_WITH_KNOTS('',1,(#3903,#3904),.UNSPECIFIED.,.F.,
  .F.,(2,2),(0.,1.136673871007E-02),.PIECEWISE_BEZIER_KNOTS.);
#3903 = CARTESIAN_POINT('',(0.,-6.288229312733E-03));
#3904 = CARTESIAN_POINT('',(1.136673871007E-02,-6.288229312733E-03));
#3905 = ( GEOMETRIC_REPRESENTATION_CONTEXT(2) 
PARAMETRIC_REPRESENTATION_CONTEXT() REPRESENTATION_CONTEXT('2D SPACE',''
  ) );
#3906 = PCURVE('',#3907,#3912);
#3907 = B_SPLINE_SURFACE_WITH_KNOTS('',1,1,(
    (#3908,#3909)
    ,(#3910,#3911
    )),.UNSPECIFIED.,.F.,.F.,.F.,(2,2),(2,2),(-5.570740474746E-03,
    6.695369536856E-03),(-3.554718532749E-03,5.479041931772E-03),
  .PIECEWISE_BEZIER_KNOTS.);
#3908 = CARTESIAN_POINT('',(5.048109907733,-22.11721461575,
    26.863065664153));
#3909 = CARTESIAN_POINT('',(13.855375136559,-20.10701380005,
    26.863065664153));
#3910 = CARTESIAN_POINT('',(2.31864365194,-10.15864159155,
    26.863065664153));
#3911 = CARTESIAN_POINT('',(11.125908880767,-8.14844077585,
    26.863065664153));
#3912 = DEFINITIONAL_REPRESENTATION('',(#3913),#3916);
#3913 = B_SPLINE_CURVE_WITH_KNOTS('',1,(#3914,#3915),.UNSPECIFIED.,.F.,
  .F.,(2,2),(0.,1.136673871007E-02),.PIECEWISE_BEZIER_KNOTS.);
#3914 = CARTESIAN_POINT('',(6.695369536856E-03,8.688877595977E-04));
#3915 = CARTESIAN_POINT('',(-3.694492224098E-03,5.479041931772E-03));
#3916 = ( GEOMETRIC_REPRESENTATION_CONTEXT(2) 
PARAMETRIC_REPRESENTATION_CONTEXT() REPRESENTATION_CONTEXT('2D SPACE',''
  ) );
#3917 = ORIENTED_EDGE('',*,*,#3918,.F.);
#3918 = EDGE_CURVE('',#3919,#3894,#3921,.T.);
#3919 = VERTEX_POINT('',#3920);
#3920 = CARTESIAN_POINT('',(13.437870623491,-18.27780701031,
    20.57483635142));
#3921 = SURFACE_CURVE('',#3922,(#3925,#3931),.PCURVE_S1.);
#3922 = B_SPLINE_CURVE_WITH_KNOTS('',1,(#3923,#3924),.UNSPECIFIED.,.F.,
  .F.,(2,2),(0.,6.288229312733E-03),.PIECEWISE_BEZIER_KNOTS.);
#3923 = CARTESIAN_POINT('',(13.437870623491,-18.27780701031,
    20.57483635142));
#3924 = CARTESIAN_POINT('',(13.437870623491,-18.27780701031,
    26.863065664153));
#3925 = PCURVE('',#3868,#3926);
#3926 = DEFINITIONAL_REPRESENTATION('',(#3927),#3930);
#3927 = B_SPLINE_CURVE_WITH_KNOTS('',1,(#3928,#3929),.UNSPECIFIED.,.F.,
  .F.,(2,2),(0.,6.288229312733E-03),.PIECEWISE_BEZIER_KNOTS.);
#3928 = CARTESIAN_POINT('',(1.136673871007E-02,0.));
#3929 = CARTESIAN_POINT('',(1.136673871007E-02,-6.288229312733E-03));
#3930 = ( GEOMETRIC_REPRESENTATION_CONTEXT(2) 
PARAMETRIC_REPRESENTATION_CONTEXT() REPRESENTATION_CONTEXT('2D SPACE',''
  ) );
#3931 = PCURVE('',#3932,#3939);
#3932 = ( BOUNDED_SURFACE() B_SPLINE_SURFACE(2,1,(
    (#3933,#3934)
    ,(#3935,#3936)
    ,(#3937,#3938
)),.UNSPECIFIED.,.F.,.F.,.F.) B_SPLINE_SURFACE_WITH_KNOTS((3,3),(2,2),(
    5.873622199108,6.28318530718),(-6.288229312733E-03,0.),
.PIECEWISE_BEZIER_KNOTS.) GEOMETRIC_REPRESENTATION_ITEM() 
RATIONAL_B_SPLINE_SURFACE((
    (1.,1.)
    ,(0.979105429584,0.979105429584)
,(1.,1.))) REPRESENTATION_ITEM('') SURFACE() );
#3933 = CARTESIAN_POINT('',(13.437870623491,-18.27780701031,
    26.863065664153));
#3934 = CARTESIAN_POINT('',(13.437870623491,-18.27780701031,
    20.57483635142));
#3935 = CARTESIAN_POINT('',(9.641699188188,-21.06875783846,
    26.863065664153));
#3936 = CARTESIAN_POINT('',(9.641699188188,-21.06875783846,
    20.57483635142));
#3937 = CARTESIAN_POINT('',(5.048109907733,-22.11721461575,
    26.863065664153));
#3938 = CARTESIAN_POINT('',(5.048109907733,-22.11721461575,
    20.57483635142));
#3939 = DEFINITIONAL_REPRESENTATION('',(#3940),#3944);
#3940 = B_SPLINE_CURVE_WITH_KNOTS('',2,(#3941,#3942,#3943),
  .UNSPECIFIED.,.F.,.F.,(3,3),(0.,6.288229312733E-03),
  .PIECEWISE_BEZIER_KNOTS.);
#3941 = CARTESIAN_POINT('',(5.873622199108,0.));
#3942 = CARTESIAN_POINT('',(5.873622199108,-3.144114656366E-03));
#3943 = CARTESIAN_POINT('',(5.873622199108,-6.288229312733E-03));
#3944 = ( GEOMETRIC_REPRESENTATION_CONTEXT(2) 
PARAMETRIC_REPRESENTATION_CONTEXT() REPRESENTATION_CONTEXT('2D SPACE',''
  ) );
#3945 = ORIENTED_EDGE('',*,*,#3946,.F.);
#3946 = EDGE_CURVE('',#3859,#3919,#3947,.T.);
#3947 = SURFACE_CURVE('',#3948,(#3951,#3957),.PCURVE_S1.);
#3948 = B_SPLINE_CURVE_WITH_KNOTS('',1,(#3949,#3950),.UNSPECIFIED.,.F.,
  .F.,(2,2),(0.,1.136673871007E-02),.PIECEWISE_BEZIER_KNOTS.);
#3949 = CARTESIAN_POINT('',(6.631340898852,-9.174296587925,
    20.57483635142));
#3950 = CARTESIAN_POINT('',(13.437870623491,-18.27780701031,
    20.57483635142));
#3951 = PCURVE('',#3868,#3952);
#3952 = DEFINITIONAL_REPRESENTATION('',(#3953),#3956);
#3953 = B_SPLINE_CURVE_WITH_KNOTS('',1,(#3954,#3955),.UNSPECIFIED.,.F.,
  .F.,(2,2),(0.,1.136673871007E-02),.PIECEWISE_BEZIER_KNOTS.);
#3954 = CARTESIAN_POINT('',(0.,0.));
#3955 = CARTESIAN_POINT('',(1.136673871007E-02,0.));
#3956 = ( GEOMETRIC_REPRESENTATION_CONTEXT(2) 
PARAMETRIC_REPRESENTATION_CONTEXT() REPRESENTATION_CONTEXT('2D SPACE',''
  ) );
#3957 = PCURVE('',#3958,#3963);
#3958 = B_SPLINE_SURFACE_WITH_KNOTS('',1,1,(
    (#3959,#3960)
    ,(#3961,#3962
    )),.UNSPECIFIED.,.F.,.F.,.F.,(2,2),(2,2),(-5.570740474746E-03,
    6.695369536856E-03),(-3.554718532749E-03,5.479041931772E-03),
  .PIECEWISE_BEZIER_KNOTS.);
#3959 = CARTESIAN_POINT('',(5.048109907733,-22.11721461575,
    20.57483635142));
#3960 = CARTESIAN_POINT('',(13.855375136559,-20.10701380005,
    20.57483635142));
#3961 = CARTESIAN_POINT('',(2.31864365194,-10.15864159155,20.57483635142
    ));
#3962 = CARTESIAN_POINT('',(11.125908880767,-8.14844077585,
    20.57483635142));
#3963 = DEFINITIONAL_REPRESENTATION('',(#3964),#3967);
#3964 = B_SPLINE_CURVE_WITH_KNOTS('',1,(#3965,#3966),.UNSPECIFIED.,.F.,
  .F.,(2,2),(0.,1.136673871007E-02),.PIECEWISE_BEZIER_KNOTS.);
#3965 = CARTESIAN_POINT('',(6.695369536856E-03,8.688877595977E-04));
#3966 = CARTESIAN_POINT('',(-3.694492224098E-03,5.479041931772E-03));
#3967 = ( GEOMETRIC_REPRESENTATION_CONTEXT(2) 
PARAMETRIC_REPRESENTATION_CONTEXT() REPRESENTATION_CONTEXT('2D SPACE',''
  ) );
#3968 = ADVANCED_FACE('',(#3969),#3932,.T.);
#3969 = FACE_BOUND('',#3970,.T.);
#3970 = EDGE_LOOP('',(#3971,#3972,#3995,#4021));
#3971 = ORIENTED_EDGE('',*,*,#3918,.T.);
#3972 = ORIENTED_EDGE('',*,*,#3973,.T.);
#3973 = EDGE_CURVE('',#3894,#3974,#3976,.T.);
#3974 = VERTEX_POINT('',#3975);
#3975 = CARTESIAN_POINT('',(5.048109907733,-22.11721461575,
    26.863065664153));
#3976 = SURFACE_CURVE('',#3977,(#3981,#3988),.PCURVE_S1.);
#3977 = ( BOUNDED_CURVE() B_SPLINE_CURVE(2,(#3978,#3979,#3980),
.UNSPECIFIED.,.F.,.F.) B_SPLINE_CURVE_WITH_KNOTS((3,3),(5.873622199108,
6.28318530718),.PIECEWISE_BEZIER_KNOTS.) CURVE() 
GEOMETRIC_REPRESENTATION_ITEM() RATIONAL_B_SPLINE_CURVE((1.,
0.979105429584,1.)) REPRESENTATION_ITEM('') );
#3978 = CARTESIAN_POINT('',(13.437870623491,-18.27780701031,
    26.863065664153));
#3979 = CARTESIAN_POINT('',(9.641699188188,-21.06875783846,
    26.863065664153));
#3980 = CARTESIAN_POINT('',(5.048109907733,-22.11721461575,
    26.863065664153));
#3981 = PCURVE('',#3932,#3982);
#3982 = DEFINITIONAL_REPRESENTATION('',(#3983),#3987);
#3983 = B_SPLINE_CURVE_WITH_KNOTS('',2,(#3984,#3985,#3986),
  .UNSPECIFIED.,.F.,.F.,(3,3),(5.873622199108,6.28318530718),
  .PIECEWISE_BEZIER_KNOTS.);
#3984 = CARTESIAN_POINT('',(5.873622199108,-6.288229312733E-03));
#3985 = CARTESIAN_POINT('',(6.078403753144,-6.288229312733E-03));
#3986 = CARTESIAN_POINT('',(6.28318530718,-6.288229312733E-03));
#3987 = ( GEOMETRIC_REPRESENTATION_CONTEXT(2) 
PARAMETRIC_REPRESENTATION_CONTEXT() REPRESENTATION_CONTEXT('2D SPACE',''
  ) );
#3988 = PCURVE('',#3907,#3989);
#3989 = DEFINITIONAL_REPRESENTATION('',(#3990),#3994);
#3990 = ( BOUNDED_CURVE() B_SPLINE_CURVE(2,(#3991,#3992,#3993),
.UNSPECIFIED.,.F.,.F.) B_SPLINE_CURVE_WITH_KNOTS((3,3),(5.873622199108,
6.28318530718),.PIECEWISE_BEZIER_KNOTS.) CURVE() 
GEOMETRIC_REPRESENTATION_ITEM() RATIONAL_B_SPLINE_CURVE((1.,
0.979105429584,1.)) REPRESENTATION_ITEM('') );
#3991 = CARTESIAN_POINT('',(-3.694492224098E-03,5.479041931772E-03));
#3992 = CARTESIAN_POINT('',(-5.570740474746E-03,1.157003455162E-03));
#3993 = CARTESIAN_POINT('',(-5.570740474746E-03,-3.554718532749E-03));
#3994 = ( GEOMETRIC_REPRESENTATION_CONTEXT(2) 
PARAMETRIC_REPRESENTATION_CONTEXT() REPRESENTATION_CONTEXT('2D SPACE',''
  ) );
#3995 = ORIENTED_EDGE('',*,*,#3996,.F.);
#3996 = EDGE_CURVE('',#3997,#3974,#3999,.T.);
#3997 = VERTEX_POINT('',#3998);
#3998 = CARTESIAN_POINT('',(5.048109907733,-22.11721461575,
    20.57483635142));
#3999 = SURFACE_CURVE('',#4000,(#4003,#4010),.PCURVE_S1.);
#4000 = B_SPLINE_CURVE_WITH_KNOTS('',1,(#4001,#4002),.UNSPECIFIED.,.F.,
  .F.,(2,2),(0.,6.288229312733E-03),.PIECEWISE_BEZIER_KNOTS.);
#4001 = CARTESIAN_POINT('',(5.048109907733,-22.11721461575,
    20.57483635142));
#4002 = CARTESIAN_POINT('',(5.048109907733,-22.11721461575,
    26.863065664153));
#4003 = PCURVE('',#3932,#4004);
#4004 = DEFINITIONAL_REPRESENTATION('',(#4005),#4009);
#4005 = B_SPLINE_CURVE_WITH_KNOTS('',2,(#4006,#4007,#4008),
  .UNSPECIFIED.,.F.,.F.,(3,3),(0.,6.288229312733E-03),
  .PIECEWISE_BEZIER_KNOTS.);
#4006 = CARTESIAN_POINT('',(6.28318530718,0.));
#4007 = CARTESIAN_POINT('',(6.28318530718,-3.144114656366E-03));
#4008 = CARTESIAN_POINT('',(6.28318530718,-6.288229312733E-03));
#4009 = ( GEOMETRIC_REPRESENTATION_CONTEXT(2) 
PARAMETRIC_REPRESENTATION_CONTEXT() REPRESENTATION_CONTEXT('2D SPACE',''
  ) );
#4010 = PCURVE('',#4011,#4016);
#4011 = B_SPLINE_SURFACE_WITH_KNOTS('',1,1,(
    (#4012,#4013)
    ,(#4014,#4015
    )),.UNSPECIFIED.,.F.,.F.,.F.,(2,2),(2,2),(0.,1.136673871007E-02),(
    -6.288229312733E-03,0.),.PIECEWISE_BEZIER_KNOTS.);
#4012 = CARTESIAN_POINT('',(5.048109907733,-22.11721461575,
    26.863065664153));
#4013 = CARTESIAN_POINT('',(5.048109907733,-22.11721461575,
    20.57483635142));
#4014 = CARTESIAN_POINT('',(2.608098010843,-11.01545390648,
    26.863065664153));
#4015 = CARTESIAN_POINT('',(2.608098010843,-11.01545390648,
    20.57483635142));
#4016 = DEFINITIONAL_REPRESENTATION('',(#4017),#4020);
#4017 = B_SPLINE_CURVE_WITH_KNOTS('',1,(#4018,#4019),.UNSPECIFIED.,.F.,
  .F.,(2,2),(0.,6.288229312733E-03),.PIECEWISE_BEZIER_KNOTS.);
#4018 = CARTESIAN_POINT('',(0.,0.));
#4019 = CARTESIAN_POINT('',(0.,-6.288229312733E-03));
#4020 = ( GEOMETRIC_REPRESENTATION_CONTEXT(2) 
PARAMETRIC_REPRESENTATION_CONTEXT() REPRESENTATION_CONTEXT('2D SPACE',''
  ) );
#4021 = ORIENTED_EDGE('',*,*,#4022,.F.);
#4022 = EDGE_CURVE('',#3919,#3997,#4023,.T.);
#4023 = SURFACE_CURVE('',#4024,(#4028,#4035),.PCURVE_S1.);
#4024 = ( BOUNDED_CURVE() B_SPLINE_CURVE(2,(#4025,#4026,#4027),
.UNSPECIFIED.,.F.,.F.) B_SPLINE_CURVE_WITH_KNOTS((3,3),(5.873622199108,
6.28318530718),.PIECEWISE_BEZIER_KNOTS.) CURVE() 
GEOMETRIC_REPRESENTATION_ITEM() RATIONAL_B_SPLINE_CURVE((1.,
0.979105429584,1.)) REPRESENTATION_ITEM('') );
#4025 = CARTESIAN_POINT('',(13.437870623491,-18.27780701031,
    20.57483635142));
#4026 = CARTESIAN_POINT('',(9.641699188188,-21.06875783846,
    20.57483635142));
#4027 = CARTESIAN_POINT('',(5.048109907733,-22.11721461575,
    20.57483635142));
#4028 = PCURVE('',#3932,#4029);
#4029 = DEFINITIONAL_REPRESENTATION('',(#4030),#4034);
#4030 = B_SPLINE_CURVE_WITH_KNOTS('',2,(#4031,#4032,#4033),
  .UNSPECIFIED.,.F.,.F.,(3,3),(5.873622199108,6.28318530718),
  .PIECEWISE_BEZIER_KNOTS.);
#4031 = CARTESIAN_POINT('',(5.873622199108,0.));
#4032 = CARTESIAN_POINT('',(6.078403753144,0.));
#4033 = CARTESIAN_POINT('',(6.28318530718,0.));
#4034 = ( GEOMETRIC_REPRESENTATION_CONTEXT(2) 
PARAMETRIC_REPRESENTATION_CONTEXT() REPRESENTATION_CONTEXT('2D SPACE',''
  ) );
#4035 = PCURVE('',#3958,#4036);
#4036 = DEFINITIONAL_REPRESENTATION('',(#4037),#4041);
#4037 = ( BOUNDED_CURVE() B_SPLINE_CURVE(2,(#4038,#4039,#4040),
.UNSPECIFIED.,.F.,.F.) B_SPLINE_CURVE_WITH_KNOTS((3,3),(5.873622199108,
6.28318530718),.PIECEWISE_BEZIER_KNOTS.) CURVE() 
GEOMETRIC_REPRESENTATION_ITEM() RATIONAL_B_SPLINE_CURVE((1.,
0.979105429584,1.)) REPRESENTATION_ITEM('') );
#4038 = CARTESIAN_POINT('',(-3.694492224098E-03,5.479041931772E-03));
#4039 = CARTESIAN_POINT('',(-5.570740474746E-03,1.157003455162E-03));
#4040 = CARTESIAN_POINT('',(-5.570740474746E-03,-3.554718532749E-03));
#4041 = ( GEOMETRIC_REPRESENTATION_CONTEXT(2) 
PARAMETRIC_REPRESENTATION_CONTEXT() REPRESENTATION_CONTEXT('2D SPACE',''
  ) );
#4042 = ADVANCED_FACE('',(#4043),#4011,.T.);
#4043 = FACE_BOUND('',#4044,.T.);
#4044 = EDGE_LOOP('',(#4045,#4046,#4066,#4087));
#4045 = ORIENTED_EDGE('',*,*,#3996,.T.);
#4046 = ORIENTED_EDGE('',*,*,#4047,.T.);
#4047 = EDGE_CURVE('',#3974,#4048,#4050,.T.);
#4048 = VERTEX_POINT('',#4049);
#4049 = CARTESIAN_POINT('',(2.608098010843,-11.01545390648,
    26.863065664153));
#4050 = SURFACE_CURVE('',#4051,(#4054,#4060),.PCURVE_S1.);
#4051 = B_SPLINE_CURVE_WITH_KNOTS('',1,(#4052,#4053),.UNSPECIFIED.,.F.,
  .F.,(2,2),(0.,1.136673871007E-02),.PIECEWISE_BEZIER_KNOTS.);
#4052 = CARTESIAN_POINT('',(5.048109907733,-22.11721461575,
    26.863065664153));
#4053 = CARTESIAN_POINT('',(2.608098010843,-11.01545390648,
    26.863065664153));
#4054 = PCURVE('',#4011,#4055);
#4055 = DEFINITIONAL_REPRESENTATION('',(#4056),#4059);
#4056 = B_SPLINE_CURVE_WITH_KNOTS('',1,(#4057,#4058),.UNSPECIFIED.,.F.,
  .F.,(2,2),(0.,1.136673871007E-02),.PIECEWISE_BEZIER_KNOTS.);
#4057 = CARTESIAN_POINT('',(0.,-6.288229312733E-03));
#4058 = CARTESIAN_POINT('',(1.136673871007E-02,-6.288229312733E-03));
#4059 = ( GEOMETRIC_REPRESENTATION_CONTEXT(2) 
PARAMETRIC_REPRESENTATION_CONTEXT() REPRESENTATION_CONTEXT('2D SPACE',''
  ) );
#4060 = PCURVE('',#3907,#4061);
#4061 = DEFINITIONAL_REPRESENTATION('',(#4062),#4065);
#4062 = B_SPLINE_CURVE_WITH_KNOTS('',1,(#4063,#4064),.UNSPECIFIED.,.F.,
  .F.,(2,2),(0.,1.136673871007E-02),.PIECEWISE_BEZIER_KNOTS.);
#4063 = CARTESIAN_POINT('',(-5.570740474746E-03,-3.554718532749E-03));
#4064 = CARTESIAN_POINT('',(5.795629641249E-03,-3.463180075495E-03));
#4065 = ( GEOMETRIC_REPRESENTATION_CONTEXT(2) 
PARAMETRIC_REPRESENTATION_CONTEXT() REPRESENTATION_CONTEXT('2D SPACE',''
  ) );
#4066 = ORIENTED_EDGE('',*,*,#4067,.F.);
#4067 = EDGE_CURVE('',#4068,#4048,#4070,.T.);
#4068 = VERTEX_POINT('',#4069);
#4069 = CARTESIAN_POINT('',(2.608098010843,-11.01545390648,
    20.57483635142));
#4070 = SURFACE_CURVE('',#4071,(#4074,#4080),.PCURVE_S1.);
#4071 = B_SPLINE_CURVE_WITH_KNOTS('',1,(#4072,#4073),.UNSPECIFIED.,.F.,
  .F.,(2,2),(0.,6.288229312733E-03),.PIECEWISE_BEZIER_KNOTS.);
#4072 = CARTESIAN_POINT('',(2.608098010843,-11.01545390648,
    20.57483635142));
#4073 = CARTESIAN_POINT('',(2.608098010843,-11.01545390648,
    26.863065664153));
#4074 = PCURVE('',#4011,#4075);
#4075 = DEFINITIONAL_REPRESENTATION('',(#4076),#4079);
#4076 = B_SPLINE_CURVE_WITH_KNOTS('',1,(#4077,#4078),.UNSPECIFIED.,.F.,
  .F.,(2,2),(0.,6.288229312733E-03),.PIECEWISE_BEZIER_KNOTS.);
#4077 = CARTESIAN_POINT('',(1.136673871007E-02,0.));
#4078 = CARTESIAN_POINT('',(1.136673871007E-02,-6.288229312733E-03));
#4079 = ( GEOMETRIC_REPRESENTATION_CONTEXT(2) 
PARAMETRIC_REPRESENTATION_CONTEXT() REPRESENTATION_CONTEXT('2D SPACE',''
  ) );
#4080 = PCURVE('',#3879,#4081);
#4081 = DEFINITIONAL_REPRESENTATION('',(#4082),#4086);
#4082 = B_SPLINE_CURVE_WITH_KNOTS('',2,(#4083,#4084,#4085),
  .UNSPECIFIED.,.F.,.F.,(3,3),(0.,6.288229312733E-03),
  .PIECEWISE_BEZIER_KNOTS.);
#4083 = CARTESIAN_POINT('',(3.149679177875,0.));
#4084 = CARTESIAN_POINT('',(3.149679177875,-3.144114656366E-03));
#4085 = CARTESIAN_POINT('',(3.149679177875,-6.288229312733E-03));
#4086 = ( GEOMETRIC_REPRESENTATION_CONTEXT(2) 
PARAMETRIC_REPRESENTATION_CONTEXT() REPRESENTATION_CONTEXT('2D SPACE',''
  ) );
#4087 = ORIENTED_EDGE('',*,*,#4088,.F.);
#4088 = EDGE_CURVE('',#3997,#4068,#4089,.T.);
#4089 = SURFACE_CURVE('',#4090,(#4093,#4099),.PCURVE_S1.);
#4090 = B_SPLINE_CURVE_WITH_KNOTS('',1,(#4091,#4092),.UNSPECIFIED.,.F.,
  .F.,(2,2),(0.,1.136673871007E-02),.PIECEWISE_BEZIER_KNOTS.);
#4091 = CARTESIAN_POINT('',(5.048109907733,-22.11721461575,
    20.57483635142));
#4092 = CARTESIAN_POINT('',(2.608098010843,-11.01545390648,
    20.57483635142));
#4093 = PCURVE('',#4011,#4094);
#4094 = DEFINITIONAL_REPRESENTATION('',(#4095),#4098);
#4095 = B_SPLINE_CURVE_WITH_KNOTS('',1,(#4096,#4097),.UNSPECIFIED.,.F.,
  .F.,(2,2),(0.,1.136673871007E-02),.PIECEWISE_BEZIER_KNOTS.);
#4096 = CARTESIAN_POINT('',(0.,0.));
#4097 = CARTESIAN_POINT('',(1.136673871007E-02,0.));
#4098 = ( GEOMETRIC_REPRESENTATION_CONTEXT(2) 
PARAMETRIC_REPRESENTATION_CONTEXT() REPRESENTATION_CONTEXT('2D SPACE',''
  ) );
#4099 = PCURVE('',#3958,#4100);
#4100 = DEFINITIONAL_REPRESENTATION('',(#4101),#4104);
#4101 = B_SPLINE_CURVE_WITH_KNOTS('',1,(#4102,#4103),.UNSPECIFIED.,.F.,
  .F.,(2,2),(0.,1.136673871007E-02),.PIECEWISE_BEZIER_KNOTS.);
#4102 = CARTESIAN_POINT('',(-5.570740474746E-03,-3.554718532749E-03));
#4103 = CARTESIAN_POINT('',(5.795629641249E-03,-3.463180075495E-03));
#4104 = ( GEOMETRIC_REPRESENTATION_CONTEXT(2) 
PARAMETRIC_REPRESENTATION_CONTEXT() REPRESENTATION_CONTEXT('2D SPACE',''
  ) );
#4105 = ADVANCED_FACE('',(#4106),#3879,.T.);
#4106 = FACE_BOUND('',#4107,.T.);
#4107 = EDGE_LOOP('',(#4108,#4109,#4130,#4131));
#4108 = ORIENTED_EDGE('',*,*,#4067,.T.);
#4109 = ORIENTED_EDGE('',*,*,#4110,.T.);
#4110 = EDGE_CURVE('',#4048,#3861,#4111,.T.);
#4111 = SURFACE_CURVE('',#4112,(#4116,#4123),.PCURVE_S1.);
#4112 = ( BOUNDED_CURVE() B_SPLINE_CURVE(2,(#4113,#4114,#4115),
.UNSPECIFIED.,.F.,.F.) B_SPLINE_CURVE_WITH_KNOTS((3,3),(3.149679177875,
3.543069237376),.PIECEWISE_BEZIER_KNOTS.) CURVE() 
GEOMETRIC_REPRESENTATION_ITEM() RATIONAL_B_SPLINE_CURVE((1.,
0.980717820329,1.)) REPRESENTATION_ITEM('') );
#4113 = CARTESIAN_POINT('',(2.608098010843,-11.01545390648,
    26.863065664153));
#4114 = CARTESIAN_POINT('',(4.803164591766,-10.49573417164,
    26.863065664153));
#4115 = CARTESIAN_POINT('',(6.631340898852,-9.174296587925,
    26.863065664153));
#4116 = PCURVE('',#3879,#4117);
#4117 = DEFINITIONAL_REPRESENTATION('',(#4118),#4122);
#4118 = B_SPLINE_CURVE_WITH_KNOTS('',2,(#4119,#4120,#4121),
  .UNSPECIFIED.,.F.,.F.,(3,3),(3.149679177875,3.543069237376),
  .PIECEWISE_BEZIER_KNOTS.);
#4119 = CARTESIAN_POINT('',(3.149679177875,-6.288229312733E-03));
#4120 = CARTESIAN_POINT('',(3.346374207625,-6.288229312733E-03));
#4121 = CARTESIAN_POINT('',(3.543069237376,-6.288229312733E-03));
#4122 = ( GEOMETRIC_REPRESENTATION_CONTEXT(2) 
PARAMETRIC_REPRESENTATION_CONTEXT() REPRESENTATION_CONTEXT('2D SPACE',''
  ) );
#4123 = PCURVE('',#3907,#4124);
#4124 = DEFINITIONAL_REPRESENTATION('',(#4125),#4129);
#4125 = ( BOUNDED_CURVE() B_SPLINE_CURVE(2,(#4126,#4127,#4128),
.UNSPECIFIED.,.F.,.F.) B_SPLINE_CURVE_WITH_KNOTS((3,3),(3.149679177875,
3.543069237376),.PIECEWISE_BEZIER_KNOTS.) CURVE() 
GEOMETRIC_REPRESENTATION_ITEM() RATIONAL_B_SPLINE_CURVE((1.,
0.980717820329,1.)) REPRESENTATION_ITEM('') );
#4126 = CARTESIAN_POINT('',(5.795629641249E-03,-3.463180075495E-03));
#4127 = CARTESIAN_POINT('',(5.813870651569E-03,-1.207499875865E-03));
#4128 = CARTESIAN_POINT('',(6.695369536856E-03,8.688877595977E-04));
#4129 = ( GEOMETRIC_REPRESENTATION_CONTEXT(2) 
PARAMETRIC_REPRESENTATION_CONTEXT() REPRESENTATION_CONTEXT('2D SPACE',''
  ) );
#4130 = ORIENTED_EDGE('',*,*,#3858,.F.);
#4131 = ORIENTED_EDGE('',*,*,#4132,.F.);
#4132 = EDGE_CURVE('',#4068,#3859,#4133,.T.);
#4133 = SURFACE_CURVE('',#4134,(#4138,#4145),.PCURVE_S1.);
#4134 = ( BOUNDED_CURVE() B_SPLINE_CURVE(2,(#4135,#4136,#4137),
.UNSPECIFIED.,.F.,.F.) B_SPLINE_CURVE_WITH_KNOTS((3,3),(3.149679177875,
3.543069237376),.PIECEWISE_BEZIER_KNOTS.) CURVE() 
GEOMETRIC_REPRESENTATION_ITEM() RATIONAL_B_SPLINE_CURVE((1.,
0.980717820329,1.)) REPRESENTATION_ITEM('') );
#4135 = CARTESIAN_POINT('',(2.608098010843,-11.01545390648,
    20.57483635142));
#4136 = CARTESIAN_POINT('',(4.803164591766,-10.49573417164,
    20.57483635142));
#4137 = CARTESIAN_POINT('',(6.631340898852,-9.174296587925,
    20.57483635142));
#4138 = PCURVE('',#3879,#4139);
#4139 = DEFINITIONAL_REPRESENTATION('',(#4140),#4144);
#4140 = B_SPLINE_CURVE_WITH_KNOTS('',2,(#4141,#4142,#4143),
  .UNSPECIFIED.,.F.,.F.,(3,3),(3.149679177875,3.543069237376),
  .PIECEWISE_BEZIER_KNOTS.);
#4141 = CARTESIAN_POINT('',(3.149679177875,0.));
#4142 = CARTESIAN_POINT('',(3.346374207625,0.));
#4143 = CARTESIAN_POINT('',(3.543069237376,0.));
#4144 = ( GEOMETRIC_REPRESENTATION_CONTEXT(2) 
PARAMETRIC_REPRESENTATION_CONTEXT() REPRESENTATION_CONTEXT('2D SPACE',''
  ) );
#4145 = PCURVE('',#3958,#4146);
#4146 = DEFINITIONAL_REPRESENTATION('',(#4147),#4151);
#4147 = ( BOUNDED_CURVE() B_SPLINE_CURVE(2,(#4148,#4149,#4150),
.UNSPECIFIED.,.F.,.F.) B_SPLINE_CURVE_WITH_KNOTS((3,3),(3.149679177875,
3.543069237376),.PIECEWISE_BEZIER_KNOTS.) CURVE() 
GEOMETRIC_REPRESENTATION_ITEM() RATIONAL_B_SPLINE_CURVE((1.,
0.980717820329,1.)) REPRESENTATION_ITEM('') );
#4148 = CARTESIAN_POINT('',(5.795629641249E-03,-3.463180075495E-03));
#4149 = CARTESIAN_POINT('',(5.813870651569E-03,-1.207499875865E-03));
#4150 = CARTESIAN_POINT('',(6.695369536856E-03,8.688877595977E-04));
#4151 = ( GEOMETRIC_REPRESENTATION_CONTEXT(2) 
PARAMETRIC_REPRESENTATION_CONTEXT() REPRESENTATION_CONTEXT('2D SPACE',''
  ) );
#4152 = ADVANCED_FACE('',(#4153),#3958,.T.);
#4153 = FACE_BOUND('',#4154,.T.);
#4154 = EDGE_LOOP('',(#4155,#4156,#4157,#4158));
#4155 = ORIENTED_EDGE('',*,*,#3946,.T.);
#4156 = ORIENTED_EDGE('',*,*,#4022,.T.);
#4157 = ORIENTED_EDGE('',*,*,#4088,.T.);
#4158 = ORIENTED_EDGE('',*,*,#4132,.T.);
#4159 = ADVANCED_FACE('',(#4160),#3907,.F.);
#4160 = FACE_BOUND('',#4161,.F.);
#4161 = EDGE_LOOP('',(#4162,#4163,#4164,#4165));
#4162 = ORIENTED_EDGE('',*,*,#3893,.T.);
#4163 = ORIENTED_EDGE('',*,*,#3973,.T.);
#4164 = ORIENTED_EDGE('',*,*,#4047,.T.);
#4165 = ORIENTED_EDGE('',*,*,#4110,.T.);
#4166 = ( GEOMETRIC_REPRESENTATION_CONTEXT(3) 
GLOBAL_UNCERTAINTY_ASSIGNED_CONTEXT((#4170)) 
GLOBAL_UNIT_ASSIGNED_CONTEXT((#4167,#4168,#4169)) REPRESENTATION_CONTEXT
('Context #1','3D Context with UNIT and UNCERTAINTY') );
#4167 = ( LENGTH_UNIT() NAMED_UNIT(*) SI_UNIT(.MILLI.,.METRE.) );
#4168 = ( NAMED_UNIT(*) PLANE_ANGLE_UNIT() SI_UNIT($,.RADIAN.) );
#4169 = ( NAMED_UNIT(*) SI_UNIT($,.STERADIAN.) SOLID_ANGLE_UNIT() );
#4170 = UNCERTAINTY_MEASURE_WITH_UNIT(LENGTH_MEASURE(1.E-04),#4167,
  'distance_accuracy_value','confusion accuracy');
#4171 = CONTEXT_DEPENDENT_SHAPE_REPRESENTATION(#4172,#4174);
#4172 = ( REPRESENTATION_RELATIONSHIP('','',#3851,#10) 
REPRESENTATION_RELATIONSHIP_WITH_TRANSFORMATION(#4173) 
SHAPE_REPRESENTATION_RELATIONSHIP() );
#4173 = ITEM_DEFINED_TRANSFORMATION('','',#11,#59);
#4174 = PRODUCT_DEFINITION_SHAPE('Placement','Placement of an item',
  #4175);
#4175 = NEXT_ASSEMBLY_USAGE_OCCURRENCE('6056','','',#5,#3846,$);
#4176 = PRODUCT_RELATED_PRODUCT_CATEGORY('part',$,(#3848));
#4177 = SHAPE_DEFINITION_REPRESENTATION(#4178,#4184);
#4178 = PRODUCT_DEFINITION_SHAPE('','',#4179);
#4179 = PRODUCT_DEFINITION('design','',#4180,#4183);
#4180 = PRODUCT_DEFINITION_FORMATION('','',#4181);
#4181 = PRODUCT('Open CASCADE STEP translator 7.8 202.13',
  'Open CASCADE STEP translator 7.8 202.13','',(#4182));
#4182 = PRODUCT_CONTEXT('',#2,'mechanical');
#4183 = PRODUCT_DEFINITION_CONTEXT('part definition',#2,'design');
#4184 = ADVANCED_BREP_SHAPE_REPRESENTATION('',(#11,#4185),#4499);
#4185 = MANIFOLD_SOLID_BREP('',#4186);
#4186 = CLOSED_SHELL('',(#4187,#4301,#4375,#4438,#4485,#4492));
#4187 = ADVANCED_FACE('',(#4188),#4201,.T.);
#4188 = FACE_BOUND('',#4189,.T.);
#4189 = EDGE_LOOP('',(#4190,#4225,#4250,#4278));
#4190 = ORIENTED_EDGE('',*,*,#4191,.T.);
#4191 = EDGE_CURVE('',#4192,#4194,#4196,.T.);
#4192 = VERTEX_POINT('',#4193);
#4193 = CARTESIAN_POINT('',(9.955209809656,-5.388524626067,
    20.57483635142));
#4194 = VERTEX_POINT('',#4195);
#4195 = CARTESIAN_POINT('',(9.955209809656,-5.388524626067,
    26.863065664153));
#4196 = SURFACE_CURVE('',#4197,(#4200,#4211),.PCURVE_S1.);
#4197 = B_SPLINE_CURVE_WITH_KNOTS('',1,(#4198,#4199),.UNSPECIFIED.,.F.,
  .F.,(2,2),(0.,6.288229312733E-03),.PIECEWISE_BEZIER_KNOTS.);
#4198 = CARTESIAN_POINT('',(9.955209809656,-5.388524626067,
    20.57483635142));
#4199 = CARTESIAN_POINT('',(9.955209809656,-5.388524626067,
    26.863065664153));
#4200 = PCURVE('',#4201,#4206);
#4201 = B_SPLINE_SURFACE_WITH_KNOTS('',1,1,(
    (#4202,#4203)
    ,(#4204,#4205
    )),.UNSPECIFIED.,.F.,.F.,.F.,(2,2),(2,2),(0.,1.136673871007E-02),(
    -6.288229312733E-03,0.),.PIECEWISE_BEZIER_KNOTS.);
#4202 = CARTESIAN_POINT('',(9.955209809656,-5.388524626067,
    26.863065664153));
#4203 = CARTESIAN_POINT('',(9.955209809656,-5.388524626067,
    20.57483635142));
#4204 = CARTESIAN_POINT('',(20.03754633117,-10.63726153792,
    26.863065664153));
#4205 = CARTESIAN_POINT('',(20.03754633117,-10.63726153792,
    20.57483635142));
#4206 = DEFINITIONAL_REPRESENTATION('',(#4207),#4210);
#4207 = B_SPLINE_CURVE_WITH_KNOTS('',1,(#4208,#4209),.UNSPECIFIED.,.F.,
  .F.,(2,2),(0.,6.288229312733E-03),.PIECEWISE_BEZIER_KNOTS.);
#4208 = CARTESIAN_POINT('',(0.,0.));
#4209 = CARTESIAN_POINT('',(0.,-6.288229312733E-03));
#4210 = ( GEOMETRIC_REPRESENTATION_CONTEXT(2) 
PARAMETRIC_REPRESENTATION_CONTEXT() REPRESENTATION_CONTEXT('2D SPACE',''
  ) );
#4211 = PCURVE('',#4212,#4219);
#4212 = ( BOUNDED_SURFACE() B_SPLINE_SURFACE(2,1,(
    (#4213,#4214)
    ,(#4215,#4216)
    ,(#4217,#4218
)),.UNSPECIFIED.,.F.,.F.,.F.) B_SPLINE_SURFACE_WITH_KNOTS((3,3),(2,2),(
    3.149679177875,3.543069237376),(-6.288229312733E-03,0.),
.PIECEWISE_BEZIER_KNOTS.) GEOMETRIC_REPRESENTATION_ITEM() 
RATIONAL_B_SPLINE_SURFACE((
    (1.,1.)
    ,(0.980717820329,0.980717820329)
,(1.,1.))) REPRESENTATION_ITEM('') SURFACE() );
#4213 = CARTESIAN_POINT('',(7.129241441229,-8.792969718625,
    26.863065664153));
#4214 = CARTESIAN_POINT('',(7.129241441229,-8.792969718625,
    20.57483635142));
#4215 = CARTESIAN_POINT('',(8.88143015177,-7.372314721761,
    26.863065664153));
#4216 = CARTESIAN_POINT('',(8.88143015177,-7.372314721761,20.57483635142
    ));
#4217 = CARTESIAN_POINT('',(9.955209809656,-5.388524626067,
    26.863065664153));
#4218 = CARTESIAN_POINT('',(9.955209809656,-5.388524626067,
    20.57483635142));
#4219 = DEFINITIONAL_REPRESENTATION('',(#4220),#4224);
#4220 = B_SPLINE_CURVE_WITH_KNOTS('',2,(#4221,#4222,#4223),
  .UNSPECIFIED.,.F.,.F.,(3,3),(0.,6.288229312733E-03),
  .PIECEWISE_BEZIER_KNOTS.);
#4221 = CARTESIAN_POINT('',(3.543069237376,0.));
#4222 = CARTESIAN_POINT('',(3.543069237376,-3.144114656366E-03));
#4223 = CARTESIAN_POINT('',(3.543069237376,-6.288229312733E-03));
#4224 = ( GEOMETRIC_REPRESENTATION_CONTEXT(2) 
PARAMETRIC_REPRESENTATION_CONTEXT() REPRESENTATION_CONTEXT('2D SPACE',''
  ) );
#4225 = ORIENTED_EDGE('',*,*,#4226,.T.);
#4226 = EDGE_CURVE('',#4194,#4227,#4229,.T.);
#4227 = VERTEX_POINT('',#4228);
#4228 = CARTESIAN_POINT('',(20.03754633117,-10.63726153792,
    26.863065664153));
#4229 = SURFACE_CURVE('',#4230,(#4233,#4239),.PCURVE_S1.);
#4230 = B_SPLINE_CURVE_WITH_KNOTS('',1,(#4231,#4232),.UNSPECIFIED.,.F.,
  .F.,(2,2),(0.,1.136673871007E-02),.PIECEWISE_BEZIER_KNOTS.);
#4231 = CARTESIAN_POINT('',(9.955209809656,-5.388524626067,
    26.863065664153));
#4232 = CARTESIAN_POINT('',(20.03754633117,-10.63726153792,
    26.863065664153));
#4233 = PCURVE('',#4201,#4234);
#4234 = DEFINITIONAL_REPRESENTATION('',(#4235),#4238);
#4235 = B_SPLINE_CURVE_WITH_KNOTS('',1,(#4236,#4237),.UNSPECIFIED.,.F.,
  .F.,(2,2),(0.,1.136673871007E-02),.PIECEWISE_BEZIER_KNOTS.);
#4236 = CARTESIAN_POINT('',(0.,-6.288229312733E-03));
#4237 = CARTESIAN_POINT('',(1.136673871007E-02,-6.288229312733E-03));
#4238 = ( GEOMETRIC_REPRESENTATION_CONTEXT(2) 
PARAMETRIC_REPRESENTATION_CONTEXT() REPRESENTATION_CONTEXT('2D SPACE',''
  ) );
#4239 = PCURVE('',#4240,#4245);
#4240 = B_SPLINE_SURFACE_WITH_KNOTS('',1,1,(
    (#4241,#4242)
    ,(#4243,#4244
    )),.UNSPECIFIED.,.F.,.F.,.F.,(2,2),(2,2),(-5.570740474746E-03,
    6.695369536856E-03),(-3.554718532749E-03,5.479041931772E-03),
  .PIECEWISE_BEZIER_KNOTS.);
#4241 = CARTESIAN_POINT('',(14.144489644967,-17.73662901127,
    26.863065664153));
#4242 = CARTESIAN_POINT('',(21.207367981205,-12.1041714892,
    26.863065664153));
#4243 = CARTESIAN_POINT('',(6.496695144256,-8.146598036783,
    26.863065664153));
#4244 = CARTESIAN_POINT('',(13.559573480494,-2.514140514719,
    26.863065664153));
#4245 = DEFINITIONAL_REPRESENTATION('',(#4246),#4249);
#4246 = B_SPLINE_CURVE_WITH_KNOTS('',1,(#4247,#4248),.UNSPECIFIED.,.F.,
  .F.,(2,2),(0.,1.136673871007E-02),.PIECEWISE_BEZIER_KNOTS.);
#4247 = CARTESIAN_POINT('',(6.695369536856E-03,8.688877595977E-04));
#4248 = CARTESIAN_POINT('',(-3.694492224098E-03,5.479041931772E-03));
#4249 = ( GEOMETRIC_REPRESENTATION_CONTEXT(2) 
PARAMETRIC_REPRESENTATION_CONTEXT() REPRESENTATION_CONTEXT('2D SPACE',''
  ) );
#4250 = ORIENTED_EDGE('',*,*,#4251,.F.);
#4251 = EDGE_CURVE('',#4252,#4227,#4254,.T.);
#4252 = VERTEX_POINT('',#4253);
#4253 = CARTESIAN_POINT('',(20.03754633117,-10.63726153792,
    20.57483635142));
#4254 = SURFACE_CURVE('',#4255,(#4258,#4264),.PCURVE_S1.);
#4255 = B_SPLINE_CURVE_WITH_KNOTS('',1,(#4256,#4257),.UNSPECIFIED.,.F.,
  .F.,(2,2),(0.,6.288229312733E-03),.PIECEWISE_BEZIER_KNOTS.);
#4256 = CARTESIAN_POINT('',(20.03754633117,-10.63726153792,
    20.57483635142));
#4257 = CARTESIAN_POINT('',(20.03754633117,-10.63726153792,
    26.863065664153));
#4258 = PCURVE('',#4201,#4259);
#4259 = DEFINITIONAL_REPRESENTATION('',(#4260),#4263);
#4260 = B_SPLINE_CURVE_WITH_KNOTS('',1,(#4261,#4262),.UNSPECIFIED.,.F.,
  .F.,(2,2),(0.,6.288229312733E-03),.PIECEWISE_BEZIER_KNOTS.);
#4261 = CARTESIAN_POINT('',(1.136673871007E-02,0.));
#4262 = CARTESIAN_POINT('',(1.136673871007E-02,-6.288229312733E-03));
#4263 = ( GEOMETRIC_REPRESENTATION_CONTEXT(2) 
PARAMETRIC_REPRESENTATION_CONTEXT() REPRESENTATION_CONTEXT('2D SPACE',''
  ) );
#4264 = PCURVE('',#4265,#4272);
#4265 = ( BOUNDED_SURFACE() B_SPLINE_SURFACE(2,1,(
    (#4266,#4267)
    ,(#4268,#4269)
    ,(#4270,#4271
)),.UNSPECIFIED.,.F.,.F.,.F.) B_SPLINE_SURFACE_WITH_KNOTS((3,3),(2,2),(
    5.873622199108,6.28318530718),(-6.288229312733E-03,0.),
.PIECEWISE_BEZIER_KNOTS.) GEOMETRIC_REPRESENTATION_ITEM() 
RATIONAL_B_SPLINE_SURFACE((
    (1.,1.)
    ,(0.979105429584,0.979105429584)
,(1.,1.))) REPRESENTATION_ITEM('') SURFACE() );
#4266 = CARTESIAN_POINT('',(20.03754633117,-10.63726153792,
    26.863065664153));
#4267 = CARTESIAN_POINT('',(20.03754633117,-10.63726153792,
    20.57483635142));
#4268 = CARTESIAN_POINT('',(17.828262231753,-14.79891840261,
    26.863065664153));
#4269 = CARTESIAN_POINT('',(17.828262231753,-14.79891840261,
    20.57483635142));
#4270 = CARTESIAN_POINT('',(14.144489644967,-17.73662901127,
    26.863065664153));
#4271 = CARTESIAN_POINT('',(14.144489644967,-17.73662901127,
    20.57483635142));
#4272 = DEFINITIONAL_REPRESENTATION('',(#4273),#4277);
#4273 = B_SPLINE_CURVE_WITH_KNOTS('',2,(#4274,#4275,#4276),
  .UNSPECIFIED.,.F.,.F.,(3,3),(0.,6.288229312733E-03),
  .PIECEWISE_BEZIER_KNOTS.);
#4274 = CARTESIAN_POINT('',(5.873622199108,0.));
#4275 = CARTESIAN_POINT('',(5.873622199108,-3.144114656366E-03));
#4276 = CARTESIAN_POINT('',(5.873622199108,-6.288229312733E-03));
#4277 = ( GEOMETRIC_REPRESENTATION_CONTEXT(2) 
PARAMETRIC_REPRESENTATION_CONTEXT() REPRESENTATION_CONTEXT('2D SPACE',''
  ) );
#4278 = ORIENTED_EDGE('',*,*,#4279,.F.);
#4279 = EDGE_CURVE('',#4192,#4252,#4280,.T.);
#4280 = SURFACE_CURVE('',#4281,(#4284,#4290),.PCURVE_S1.);
#4281 = B_SPLINE_CURVE_WITH_KNOTS('',1,(#4282,#4283),.UNSPECIFIED.,.F.,
  .F.,(2,2),(0.,1.136673871007E-02),.PIECEWISE_BEZIER_KNOTS.);
#4282 = CARTESIAN_POINT('',(9.955209809656,-5.388524626067,
    20.57483635142));
#4283 = CARTESIAN_POINT('',(20.03754633117,-10.63726153792,
    20.57483635142));
#4284 = PCURVE('',#4201,#4285);
#4285 = DEFINITIONAL_REPRESENTATION('',(#4286),#4289);
#4286 = B_SPLINE_CURVE_WITH_KNOTS('',1,(#4287,#4288),.UNSPECIFIED.,.F.,
  .F.,(2,2),(0.,1.136673871007E-02),.PIECEWISE_BEZIER_KNOTS.);
#4287 = CARTESIAN_POINT('',(0.,0.));
#4288 = CARTESIAN_POINT('',(1.136673871007E-02,0.));
#4289 = ( GEOMETRIC_REPRESENTATION_CONTEXT(2) 
PARAMETRIC_REPRESENTATION_CONTEXT() REPRESENTATION_CONTEXT('2D SPACE',''
  ) );
#4290 = PCURVE('',#4291,#4296);
#4291 = B_SPLINE_SURFACE_WITH_KNOTS('',1,1,(
    (#4292,#4293)
    ,(#4294,#4295
    )),.UNSPECIFIED.,.F.,.F.,.F.,(2,2),(2,2),(-5.570740474746E-03,
    6.695369536856E-03),(-3.554718532749E-03,5.479041931772E-03),
  .PIECEWISE_BEZIER_KNOTS.);
#4292 = CARTESIAN_POINT('',(14.144489644967,-17.73662901127,
    20.57483635142));
#4293 = CARTESIAN_POINT('',(21.207367981205,-12.1041714892,
    20.57483635142));
#4294 = CARTESIAN_POINT('',(6.496695144256,-8.146598036783,
    20.57483635142));
#4295 = CARTESIAN_POINT('',(13.559573480494,-2.514140514719,
    20.57483635142));
#4296 = DEFINITIONAL_REPRESENTATION('',(#4297),#4300);
#4297 = B_SPLINE_CURVE_WITH_KNOTS('',1,(#4298,#4299),.UNSPECIFIED.,.F.,
  .F.,(2,2),(0.,1.136673871007E-02),.PIECEWISE_BEZIER_KNOTS.);
#4298 = CARTESIAN_POINT('',(6.695369536856E-03,8.688877595977E-04));
#4299 = CARTESIAN_POINT('',(-3.694492224098E-03,5.479041931772E-03));
#4300 = ( GEOMETRIC_REPRESENTATION_CONTEXT(2) 
PARAMETRIC_REPRESENTATION_CONTEXT() REPRESENTATION_CONTEXT('2D SPACE',''
  ) );
#4301 = ADVANCED_FACE('',(#4302),#4265,.T.);
#4302 = FACE_BOUND('',#4303,.T.);
#4303 = EDGE_LOOP('',(#4304,#4305,#4328,#4354));
#4304 = ORIENTED_EDGE('',*,*,#4251,.T.);
#4305 = ORIENTED_EDGE('',*,*,#4306,.T.);
#4306 = EDGE_CURVE('',#4227,#4307,#4309,.T.);
#4307 = VERTEX_POINT('',#4308);
#4308 = CARTESIAN_POINT('',(14.144489644967,-17.73662901127,
    26.863065664153));
#4309 = SURFACE_CURVE('',#4310,(#4314,#4321),.PCURVE_S1.);
#4310 = ( BOUNDED_CURVE() B_SPLINE_CURVE(2,(#4311,#4312,#4313),
.UNSPECIFIED.,.F.,.F.) B_SPLINE_CURVE_WITH_KNOTS((3,3),(5.873622199108,
6.28318530718),.PIECEWISE_BEZIER_KNOTS.) CURVE() 
GEOMETRIC_REPRESENTATION_ITEM() RATIONAL_B_SPLINE_CURVE((1.,
0.979105429584,1.)) REPRESENTATION_ITEM('') );
#4311 = CARTESIAN_POINT('',(20.03754633117,-10.63726153792,
    26.863065664153));
#4312 = CARTESIAN_POINT('',(17.828262231753,-14.79891840261,
    26.863065664153));
#4313 = CARTESIAN_POINT('',(14.144489644967,-17.73662901127,
    26.863065664153));
#4314 = PCURVE('',#4265,#4315);
#4315 = DEFINITIONAL_REPRESENTATION('',(#4316),#4320);
#4316 = B_SPLINE_CURVE_WITH_KNOTS('',2,(#4317,#4318,#4319),
  .UNSPECIFIED.,.F.,.F.,(3,3),(5.873622199108,6.28318530718),
  .PIECEWISE_BEZIER_KNOTS.);
#4317 = CARTESIAN_POINT('',(5.873622199108,-6.288229312733E-03));
#4318 = CARTESIAN_POINT('',(6.078403753144,-6.288229312733E-03));
#4319 = CARTESIAN_POINT('',(6.28318530718,-6.288229312733E-03));
#4320 = ( GEOMETRIC_REPRESENTATION_CONTEXT(2) 
PARAMETRIC_REPRESENTATION_CONTEXT() REPRESENTATION_CONTEXT('2D SPACE',''
  ) );
#4321 = PCURVE('',#4240,#4322);
#4322 = DEFINITIONAL_REPRESENTATION('',(#4323),#4327);
#4323 = ( BOUNDED_CURVE() B_SPLINE_CURVE(2,(#4324,#4325,#4326),
.UNSPECIFIED.,.F.,.F.) B_SPLINE_CURVE_WITH_KNOTS((3,3),(5.873622199108,
6.28318530718),.PIECEWISE_BEZIER_KNOTS.) CURVE() 
GEOMETRIC_REPRESENTATION_ITEM() RATIONAL_B_SPLINE_CURVE((1.,
0.979105429584,1.)) REPRESENTATION_ITEM('') );
#4324 = CARTESIAN_POINT('',(-3.694492224098E-03,5.479041931772E-03));
#4325 = CARTESIAN_POINT('',(-5.570740474746E-03,1.157003455162E-03));
#4326 = CARTESIAN_POINT('',(-5.570740474746E-03,-3.554718532749E-03));
#4327 = ( GEOMETRIC_REPRESENTATION_CONTEXT(2) 
PARAMETRIC_REPRESENTATION_CONTEXT() REPRESENTATION_CONTEXT('2D SPACE',''
  ) );
#4328 = ORIENTED_EDGE('',*,*,#4329,.F.);
#4329 = EDGE_CURVE('',#4330,#4307,#4332,.T.);
#4330 = VERTEX_POINT('',#4331);
#4331 = CARTESIAN_POINT('',(14.144489644967,-17.73662901127,
    20.57483635142));
#4332 = SURFACE_CURVE('',#4333,(#4336,#4343),.PCURVE_S1.);
#4333 = B_SPLINE_CURVE_WITH_KNOTS('',1,(#4334,#4335),.UNSPECIFIED.,.F.,
  .F.,(2,2),(0.,6.288229312733E-03),.PIECEWISE_BEZIER_KNOTS.);
#4334 = CARTESIAN_POINT('',(14.144489644967,-17.73662901127,
    20.57483635142));
#4335 = CARTESIAN_POINT('',(14.144489644967,-17.73662901127,
    26.863065664153));
#4336 = PCURVE('',#4265,#4337);
#4337 = DEFINITIONAL_REPRESENTATION('',(#4338),#4342);
#4338 = B_SPLINE_CURVE_WITH_KNOTS('',2,(#4339,#4340,#4341),
  .UNSPECIFIED.,.F.,.F.,(3,3),(0.,6.288229312733E-03),
  .PIECEWISE_BEZIER_KNOTS.);
#4339 = CARTESIAN_POINT('',(6.28318530718,0.));
#4340 = CARTESIAN_POINT('',(6.28318530718,-3.144114656366E-03));
#4341 = CARTESIAN_POINT('',(6.28318530718,-6.288229312733E-03));
#4342 = ( GEOMETRIC_REPRESENTATION_CONTEXT(2) 
PARAMETRIC_REPRESENTATION_CONTEXT() REPRESENTATION_CONTEXT('2D SPACE',''
  ) );
#4343 = PCURVE('',#4344,#4349);
#4344 = B_SPLINE_SURFACE_WITH_KNOTS('',1,1,(
    (#4345,#4346)
    ,(#4347,#4348
    )),.UNSPECIFIED.,.F.,.F.,.F.,(2,2),(2,2),(0.,1.136673871007E-02),(
    -6.288229312733E-03,0.),.PIECEWISE_BEZIER_KNOTS.);
#4345 = CARTESIAN_POINT('',(14.144489644967,-17.73662901127,
    26.863065664153));
#4346 = CARTESIAN_POINT('',(14.144489644967,-17.73662901127,
    20.57483635142));
#4347 = CARTESIAN_POINT('',(7.129241441229,-8.792969718625,
    26.863065664153));
#4348 = CARTESIAN_POINT('',(7.129241441229,-8.792969718625,
    20.57483635142));
#4349 = DEFINITIONAL_REPRESENTATION('',(#4350),#4353);
#4350 = B_SPLINE_CURVE_WITH_KNOTS('',1,(#4351,#4352),.UNSPECIFIED.,.F.,
  .F.,(2,2),(0.,6.288229312733E-03),.PIECEWISE_BEZIER_KNOTS.);
#4351 = CARTESIAN_POINT('',(0.,0.));
#4352 = CARTESIAN_POINT('',(0.,-6.288229312733E-03));
#4353 = ( GEOMETRIC_REPRESENTATION_CONTEXT(2) 
PARAMETRIC_REPRESENTATION_CONTEXT() REPRESENTATION_CONTEXT('2D SPACE',''
  ) );
#4354 = ORIENTED_EDGE('',*,*,#4355,.F.);
#4355 = EDGE_CURVE('',#4252,#4330,#4356,.T.);
#4356 = SURFACE_CURVE('',#4357,(#4361,#4368),.PCURVE_S1.);
#4357 = ( BOUNDED_CURVE() B_SPLINE_CURVE(2,(#4358,#4359,#4360),
.UNSPECIFIED.,.F.,.F.) B_SPLINE_CURVE_WITH_KNOTS((3,3),(5.873622199108,
6.28318530718),.PIECEWISE_BEZIER_KNOTS.) CURVE() 
GEOMETRIC_REPRESENTATION_ITEM() RATIONAL_B_SPLINE_CURVE((1.,
0.979105429584,1.)) REPRESENTATION_ITEM('') );
#4358 = CARTESIAN_POINT('',(20.03754633117,-10.63726153792,
    20.57483635142));
#4359 = CARTESIAN_POINT('',(17.828262231753,-14.79891840261,
    20.57483635142));
#4360 = CARTESIAN_POINT('',(14.144489644967,-17.73662901127,
    20.57483635142));
#4361 = PCURVE('',#4265,#4362);
#4362 = DEFINITIONAL_REPRESENTATION('',(#4363),#4367);
#4363 = B_SPLINE_CURVE_WITH_KNOTS('',2,(#4364,#4365,#4366),
  .UNSPECIFIED.,.F.,.F.,(3,3),(5.873622199108,6.28318530718),
  .PIECEWISE_BEZIER_KNOTS.);
#4364 = CARTESIAN_POINT('',(5.873622199108,0.));
#4365 = CARTESIAN_POINT('',(6.078403753144,0.));
#4366 = CARTESIAN_POINT('',(6.28318530718,0.));
#4367 = ( GEOMETRIC_REPRESENTATION_CONTEXT(2) 
PARAMETRIC_REPRESENTATION_CONTEXT() REPRESENTATION_CONTEXT('2D SPACE',''
  ) );
#4368 = PCURVE('',#4291,#4369);
#4369 = DEFINITIONAL_REPRESENTATION('',(#4370),#4374);
#4370 = ( BOUNDED_CURVE() B_SPLINE_CURVE(2,(#4371,#4372,#4373),
.UNSPECIFIED.,.F.,.F.) B_SPLINE_CURVE_WITH_KNOTS((3,3),(5.873622199108,
6.28318530718),.PIECEWISE_BEZIER_KNOTS.) CURVE() 
GEOMETRIC_REPRESENTATION_ITEM() RATIONAL_B_SPLINE_CURVE((1.,
0.979105429584,1.)) REPRESENTATION_ITEM('') );
#4371 = CARTESIAN_POINT('',(-3.694492224098E-03,5.479041931772E-03));
#4372 = CARTESIAN_POINT('',(-5.570740474746E-03,1.157003455162E-03));
#4373 = CARTESIAN_POINT('',(-5.570740474746E-03,-3.554718532749E-03));
#4374 = ( GEOMETRIC_REPRESENTATION_CONTEXT(2) 
PARAMETRIC_REPRESENTATION_CONTEXT() REPRESENTATION_CONTEXT('2D SPACE',''
  ) );
#4375 = ADVANCED_FACE('',(#4376),#4344,.T.);
#4376 = FACE_BOUND('',#4377,.T.);
#4377 = EDGE_LOOP('',(#4378,#4379,#4399,#4420));
#4378 = ORIENTED_EDGE('',*,*,#4329,.T.);
#4379 = ORIENTED_EDGE('',*,*,#4380,.T.);
#4380 = EDGE_CURVE('',#4307,#4381,#4383,.T.);
#4381 = VERTEX_POINT('',#4382);
#4382 = CARTESIAN_POINT('',(7.129241441229,-8.792969718625,
    26.863065664153));
#4383 = SURFACE_CURVE('',#4384,(#4387,#4393),.PCURVE_S1.);
#4384 = B_SPLINE_CURVE_WITH_KNOTS('',1,(#4385,#4386),.UNSPECIFIED.,.F.,
  .F.,(2,2),(0.,1.136673871007E-02),.PIECEWISE_BEZIER_KNOTS.);
#4385 = CARTESIAN_POINT('',(14.144489644967,-17.73662901127,
    26.863065664153));
#4386 = CARTESIAN_POINT('',(7.129241441229,-8.792969718625,
    26.863065664153));
#4387 = PCURVE('',#4344,#4388);
#4388 = DEFINITIONAL_REPRESENTATION('',(#4389),#4392);
#4389 = B_SPLINE_CURVE_WITH_KNOTS('',1,(#4390,#4391),.UNSPECIFIED.,.F.,
  .F.,(2,2),(0.,1.136673871007E-02),.PIECEWISE_BEZIER_KNOTS.);
#4390 = CARTESIAN_POINT('',(0.,-6.288229312733E-03));
#4391 = CARTESIAN_POINT('',(1.136673871007E-02,-6.288229312733E-03));
#4392 = ( GEOMETRIC_REPRESENTATION_CONTEXT(2) 
PARAMETRIC_REPRESENTATION_CONTEXT() REPRESENTATION_CONTEXT('2D SPACE',''
  ) );
#4393 = PCURVE('',#4240,#4394);
#4394 = DEFINITIONAL_REPRESENTATION('',(#4395),#4398);
#4395 = B_SPLINE_CURVE_WITH_KNOTS('',1,(#4396,#4397),.UNSPECIFIED.,.F.,
  .F.,(2,2),(0.,1.136673871007E-02),.PIECEWISE_BEZIER_KNOTS.);
#4396 = CARTESIAN_POINT('',(-5.570740474746E-03,-3.554718532749E-03));
#4397 = CARTESIAN_POINT('',(5.795629641249E-03,-3.463180075495E-03));
#4398 = ( GEOMETRIC_REPRESENTATION_CONTEXT(2) 
PARAMETRIC_REPRESENTATION_CONTEXT() REPRESENTATION_CONTEXT('2D SPACE',''
  ) );
#4399 = ORIENTED_EDGE('',*,*,#4400,.F.);
#4400 = EDGE_CURVE('',#4401,#4381,#4403,.T.);
#4401 = VERTEX_POINT('',#4402);
#4402 = CARTESIAN_POINT('',(7.129241441229,-8.792969718625,
    20.57483635142));
#4403 = SURFACE_CURVE('',#4404,(#4407,#4413),.PCURVE_S1.);
#4404 = B_SPLINE_CURVE_WITH_KNOTS('',1,(#4405,#4406),.UNSPECIFIED.,.F.,
  .F.,(2,2),(0.,6.288229312733E-03),.PIECEWISE_BEZIER_KNOTS.);
#4405 = CARTESIAN_POINT('',(7.129241441229,-8.792969718625,
    20.57483635142));
#4406 = CARTESIAN_POINT('',(7.129241441229,-8.792969718625,
    26.863065664153));
#4407 = PCURVE('',#4344,#4408);
#4408 = DEFINITIONAL_REPRESENTATION('',(#4409),#4412);
#4409 = B_SPLINE_CURVE_WITH_KNOTS('',1,(#4410,#4411),.UNSPECIFIED.,.F.,
  .F.,(2,2),(0.,6.288229312733E-03),.PIECEWISE_BEZIER_KNOTS.);
#4410 = CARTESIAN_POINT('',(1.136673871007E-02,0.));
#4411 = CARTESIAN_POINT('',(1.136673871007E-02,-6.288229312733E-03));
#4412 = ( GEOMETRIC_REPRESENTATION_CONTEXT(2) 
PARAMETRIC_REPRESENTATION_CONTEXT() REPRESENTATION_CONTEXT('2D SPACE',''
  ) );
#4413 = PCURVE('',#4212,#4414);
#4414 = DEFINITIONAL_REPRESENTATION('',(#4415),#4419);
#4415 = B_SPLINE_CURVE_WITH_KNOTS('',2,(#4416,#4417,#4418),
  .UNSPECIFIED.,.F.,.F.,(3,3),(0.,6.288229312733E-03),
  .PIECEWISE_BEZIER_KNOTS.);
#4416 = CARTESIAN_POINT('',(3.149679177875,0.));
#4417 = CARTESIAN_POINT('',(3.149679177875,-3.144114656366E-03));
#4418 = CARTESIAN_POINT('',(3.149679177875,-6.288229312733E-03));
#4419 = ( GEOMETRIC_REPRESENTATION_CONTEXT(2) 
PARAMETRIC_REPRESENTATION_CONTEXT() REPRESENTATION_CONTEXT('2D SPACE',''
  ) );
#4420 = ORIENTED_EDGE('',*,*,#4421,.F.);
#4421 = EDGE_CURVE('',#4330,#4401,#4422,.T.);
#4422 = SURFACE_CURVE('',#4423,(#4426,#4432),.PCURVE_S1.);
#4423 = B_SPLINE_CURVE_WITH_KNOTS('',1,(#4424,#4425),.UNSPECIFIED.,.F.,
  .F.,(2,2),(0.,1.136673871007E-02),.PIECEWISE_BEZIER_KNOTS.);
#4424 = CARTESIAN_POINT('',(14.144489644967,-17.73662901127,
    20.57483635142));
#4425 = CARTESIAN_POINT('',(7.129241441229,-8.792969718625,
    20.57483635142));
#4426 = PCURVE('',#4344,#4427);
#4427 = DEFINITIONAL_REPRESENTATION('',(#4428),#4431);
#4428 = B_SPLINE_CURVE_WITH_KNOTS('',1,(#4429,#4430),.UNSPECIFIED.,.F.,
  .F.,(2,2),(0.,1.136673871007E-02),.PIECEWISE_BEZIER_KNOTS.);
#4429 = CARTESIAN_POINT('',(0.,0.));
#4430 = CARTESIAN_POINT('',(1.136673871007E-02,0.));
#4431 = ( GEOMETRIC_REPRESENTATION_CONTEXT(2) 
PARAMETRIC_REPRESENTATION_CONTEXT() REPRESENTATION_CONTEXT('2D SPACE',''
  ) );
#4432 = PCURVE('',#4291,#4433);
#4433 = DEFINITIONAL_REPRESENTATION('',(#4434),#4437);
#4434 = B_SPLINE_CURVE_WITH_KNOTS('',1,(#4435,#4436),.UNSPECIFIED.,.F.,
  .F.,(2,2),(0.,1.136673871007E-02),.PIECEWISE_BEZIER_KNOTS.);
#4435 = CARTESIAN_POINT('',(-5.570740474746E-03,-3.554718532749E-03));
#4436 = CARTESIAN_POINT('',(5.795629641249E-03,-3.463180075495E-03));
#4437 = ( GEOMETRIC_REPRESENTATION_CONTEXT(2) 
PARAMETRIC_REPRESENTATION_CONTEXT() REPRESENTATION_CONTEXT('2D SPACE',''
  ) );
#4438 = ADVANCED_FACE('',(#4439),#4212,.T.);
#4439 = FACE_BOUND('',#4440,.T.);
#4440 = EDGE_LOOP('',(#4441,#4442,#4463,#4464));
#4441 = ORIENTED_EDGE('',*,*,#4400,.T.);
#4442 = ORIENTED_EDGE('',*,*,#4443,.T.);
#4443 = EDGE_CURVE('',#4381,#4194,#4444,.T.);
#4444 = SURFACE_CURVE('',#4445,(#4449,#4456),.PCURVE_S1.);
#4445 = ( BOUNDED_CURVE() B_SPLINE_CURVE(2,(#4446,#4447,#4448),
.UNSPECIFIED.,.F.,.F.) B_SPLINE_CURVE_WITH_KNOTS((3,3),(3.149679177875,
3.543069237376),.PIECEWISE_BEZIER_KNOTS.) CURVE() 
GEOMETRIC_REPRESENTATION_ITEM() RATIONAL_B_SPLINE_CURVE((1.,
0.980717820329,1.)) REPRESENTATION_ITEM('') );
#4446 = CARTESIAN_POINT('',(7.129241441229,-8.792969718625,
    26.863065664153));
#4447 = CARTESIAN_POINT('',(8.88143015177,-7.372314721761,
    26.863065664153));
#4448 = CARTESIAN_POINT('',(9.955209809656,-5.388524626067,
    26.863065664153));
#4449 = PCURVE('',#4212,#4450);
#4450 = DEFINITIONAL_REPRESENTATION('',(#4451),#4455);
#4451 = B_SPLINE_CURVE_WITH_KNOTS('',2,(#4452,#4453,#4454),
  .UNSPECIFIED.,.F.,.F.,(3,3),(3.149679177875,3.543069237376),
  .PIECEWISE_BEZIER_KNOTS.);
#4452 = CARTESIAN_POINT('',(3.149679177875,-6.288229312733E-03));
#4453 = CARTESIAN_POINT('',(3.346374207625,-6.288229312733E-03));
#4454 = CARTESIAN_POINT('',(3.543069237376,-6.288229312733E-03));
#4455 = ( GEOMETRIC_REPRESENTATION_CONTEXT(2) 
PARAMETRIC_REPRESENTATION_CONTEXT() REPRESENTATION_CONTEXT('2D SPACE',''
  ) );
#4456 = PCURVE('',#4240,#4457);
#4457 = DEFINITIONAL_REPRESENTATION('',(#4458),#4462);
#4458 = ( BOUNDED_CURVE() B_SPLINE_CURVE(2,(#4459,#4460,#4461),
.UNSPECIFIED.,.F.,.F.) B_SPLINE_CURVE_WITH_KNOTS((3,3),(3.149679177875,
3.543069237376),.PIECEWISE_BEZIER_KNOTS.) CURVE() 
GEOMETRIC_REPRESENTATION_ITEM() RATIONAL_B_SPLINE_CURVE((1.,
0.980717820329,1.)) REPRESENTATION_ITEM('') );
#4459 = CARTESIAN_POINT('',(5.795629641249E-03,-3.463180075495E-03));
#4460 = CARTESIAN_POINT('',(5.813870651569E-03,-1.207499875865E-03));
#4461 = CARTESIAN_POINT('',(6.695369536856E-03,8.688877595977E-04));
#4462 = ( GEOMETRIC_REPRESENTATION_CONTEXT(2) 
PARAMETRIC_REPRESENTATION_CONTEXT() REPRESENTATION_CONTEXT('2D SPACE',''
  ) );
#4463 = ORIENTED_EDGE('',*,*,#4191,.F.);
#4464 = ORIENTED_EDGE('',*,*,#4465,.F.);
#4465 = EDGE_CURVE('',#4401,#4192,#4466,.T.);
#4466 = SURFACE_CURVE('',#4467,(#4471,#4478),.PCURVE_S1.);
#4467 = ( BOUNDED_CURVE() B_SPLINE_CURVE(2,(#4468,#4469,#4470),
.UNSPECIFIED.,.F.,.F.) B_SPLINE_CURVE_WITH_KNOTS((3,3),(3.149679177875,
3.543069237376),.PIECEWISE_BEZIER_KNOTS.) CURVE() 
GEOMETRIC_REPRESENTATION_ITEM() RATIONAL_B_SPLINE_CURVE((1.,
0.980717820329,1.)) REPRESENTATION_ITEM('') );
#4468 = CARTESIAN_POINT('',(7.129241441229,-8.792969718625,
    20.57483635142));
#4469 = CARTESIAN_POINT('',(8.88143015177,-7.372314721761,20.57483635142
    ));
#4470 = CARTESIAN_POINT('',(9.955209809656,-5.388524626067,
    20.57483635142));
#4471 = PCURVE('',#4212,#4472);
#4472 = DEFINITIONAL_REPRESENTATION('',(#4473),#4477);
#4473 = B_SPLINE_CURVE_WITH_KNOTS('',2,(#4474,#4475,#4476),
  .UNSPECIFIED.,.F.,.F.,(3,3),(3.149679177875,3.543069237376),
  .PIECEWISE_BEZIER_KNOTS.);
#4474 = CARTESIAN_POINT('',(3.149679177875,0.));
#4475 = CARTESIAN_POINT('',(3.346374207625,0.));
#4476 = CARTESIAN_POINT('',(3.543069237376,0.));
#4477 = ( GEOMETRIC_REPRESENTATION_CONTEXT(2) 
PARAMETRIC_REPRESENTATION_CONTEXT() REPRESENTATION_CONTEXT('2D SPACE',''
  ) );
#4478 = PCURVE('',#4291,#4479);
#4479 = DEFINITIONAL_REPRESENTATION('',(#4480),#4484);
#4480 = ( BOUNDED_CURVE() B_SPLINE_CURVE(2,(#4481,#4482,#4483),
.UNSPECIFIED.,.F.,.F.) B_SPLINE_CURVE_WITH_KNOTS((3,3),(3.149679177875,
3.543069237376),.PIECEWISE_BEZIER_KNOTS.) CURVE() 
GEOMETRIC_REPRESENTATION_ITEM() RATIONAL_B_SPLINE_CURVE((1.,
0.980717820329,1.)) REPRESENTATION_ITEM('') );
#4481 = CARTESIAN_POINT('',(5.795629641249E-03,-3.463180075495E-03));
#4482 = CARTESIAN_POINT('',(5.813870651569E-03,-1.207499875865E-03));
#4483 = CARTESIAN_POINT('',(6.695369536856E-03,8.688877595977E-04));
#4484 = ( GEOMETRIC_REPRESENTATION_CONTEXT(2) 
PARAMETRIC_REPRESENTATION_CONTEXT() REPRESENTATION_CONTEXT('2D SPACE',''
  ) );
#4485 = ADVANCED_FACE('',(#4486),#4291,.T.);
#4486 = FACE_BOUND('',#4487,.T.);
#4487 = EDGE_LOOP('',(#4488,#4489,#4490,#4491));
#4488 = ORIENTED_EDGE('',*,*,#4279,.T.);
#4489 = ORIENTED_EDGE('',*,*,#4355,.T.);
#4490 = ORIENTED_EDGE('',*,*,#4421,.T.);
#4491 = ORIENTED_EDGE('',*,*,#4465,.T.);
#4492 = ADVANCED_FACE('',(#4493),#4240,.F.);
#4493 = FACE_BOUND('',#4494,.F.);
#4494 = EDGE_LOOP('',(#4495,#4496,#4497,#4498));
#4495 = ORIENTED_EDGE('',*,*,#4226,.T.);
#4496 = ORIENTED_EDGE('',*,*,#4306,.T.);
#4497 = ORIENTED_EDGE('',*,*,#4380,.T.);
#4498 = ORIENTED_EDGE('',*,*,#4443,.T.);
#4499 = ( GEOMETRIC_REPRESENTATION_CONTEXT(3) 
GLOBAL_UNCERTAINTY_ASSIGNED_CONTEXT((#4503)) 
GLOBAL_UNIT_ASSIGNED_CONTEXT((#4500,#4501,#4502)) REPRESENTATION_CONTEXT
('Context #1','3D Context with UNIT and UNCERTAINTY') );
#4500 = ( LENGTH_UNIT() NAMED_UNIT(*) SI_UNIT(.MILLI.,.METRE.) );
#4501 = ( NAMED_UNIT(*) PLANE_ANGLE_UNIT() SI_UNIT($,.RADIAN.) );
#4502 = ( NAMED_UNIT(*) SI_UNIT($,.STERADIAN.) SOLID_ANGLE_UNIT() );
#4503 = UNCERTAINTY_MEASURE_WITH_UNIT(LENGTH_MEASURE(1.E-04),#4500,
  'distance_accuracy_value','confusion accuracy');
#4504 = CONTEXT_DEPENDENT_SHAPE_REPRESENTATION(#4505,#4507);
#4505 = ( REPRESENTATION_RELATIONSHIP('','',#4184,#10) 
REPRESENTATION_RELATIONSHIP_WITH_TRANSFORMATION(#4506) 
SHAPE_REPRESENTATION_RELATIONSHIP() );
#4506 = ITEM_DEFINED_TRANSFORMATION('','',#11,#63);
#4507 = PRODUCT_DEFINITION_SHAPE('Placement','Placement of an item',
  #4508);
#4508 = NEXT_ASSEMBLY_USAGE_OCCURRENCE('6057','','',#5,#4179,$);
#4509 = PRODUCT_RELATED_PRODUCT_CATEGORY('part',$,(#4181));
#4510 = SHAPE_DEFINITION_REPRESENTATION(#4511,#4517);
#4511 = PRODUCT_DEFINITION_SHAPE('','',#4512);
#4512 = PRODUCT_DEFINITION('design','',#4513,#4516);
#4513 = PRODUCT_DEFINITION_FORMATION('','',#4514);
#4514 = PRODUCT('Open CASCADE STEP translator 7.8 202.14',
  'Open CASCADE STEP translator 7.8 202.14','',(#4515));
#4515 = PRODUCT_CONTEXT('',#2,'mechanical');
#4516 = PRODUCT_DEFINITION_CONTEXT('part definition',#2,'design');
#4517 = ADVANCED_BREP_SHAPE_REPRESENTATION('',(#11,#4518),#4832);
#4518 = MANIFOLD_SOLID_BREP('',#4519);
#4519 = CLOSED_SHELL('',(#4520,#4634,#4708,#4771,#4818,#4825));
#4520 = ADVANCED_FACE('',(#4521),#4534,.T.);
#4521 = FACE_BOUND('',#4522,.T.);
#4522 = EDGE_LOOP('',(#4523,#4558,#4583,#4611));
#4523 = ORIENTED_EDGE('',*,*,#4524,.T.);
#4524 = EDGE_CURVE('',#4525,#4527,#4529,.T.);
#4525 = VERTEX_POINT('',#4526);
#4526 = CARTESIAN_POINT('',(11.307327325022,-0.535489276098,
    20.57483635142));
#4527 = VERTEX_POINT('',#4528);
#4528 = CARTESIAN_POINT('',(11.307327325022,-0.535489276098,
    26.863065664153));
#4529 = SURFACE_CURVE('',#4530,(#4533,#4544),.PCURVE_S1.);
#4530 = B_SPLINE_CURVE_WITH_KNOTS('',1,(#4531,#4532),.UNSPECIFIED.,.F.,
  .F.,(2,2),(0.,6.288229312733E-03),.PIECEWISE_BEZIER_KNOTS.);
#4531 = CARTESIAN_POINT('',(11.307327325022,-0.535489276098,
    20.57483635142));
#4532 = CARTESIAN_POINT('',(11.307327325022,-0.535489276098,
    26.863065664153));
#4533 = PCURVE('',#4534,#4539);
#4534 = B_SPLINE_SURFACE_WITH_KNOTS('',1,1,(
    (#4535,#4536)
    ,(#4537,#4538
    )),.UNSPECIFIED.,.F.,.F.,.F.,(2,2),(2,2),(0.,1.136673871007E-02),(
    -6.288229312733E-03,0.),.PIECEWISE_BEZIER_KNOTS.);
#4535 = CARTESIAN_POINT('',(11.307327325022,-0.535489276098,
    26.863065664153));
#4536 = CARTESIAN_POINT('',(11.307327325022,-0.535489276098,
    20.57483635142));
#4537 = CARTESIAN_POINT('',(22.668540243583,-0.889875960496,
    26.863065664153));
#4538 = CARTESIAN_POINT('',(22.668540243583,-0.889875960496,
    20.57483635142));
#4539 = DEFINITIONAL_REPRESENTATION('',(#4540),#4543);
#4540 = B_SPLINE_CURVE_WITH_KNOTS('',1,(#4541,#4542),.UNSPECIFIED.,.F.,
  .F.,(2,2),(0.,6.288229312733E-03),.PIECEWISE_BEZIER_KNOTS.);
#4541 = CARTESIAN_POINT('',(0.,0.));
#4542 = CARTESIAN_POINT('',(0.,-6.288229312733E-03));
#4543 = ( GEOMETRIC_REPRESENTATION_CONTEXT(2) 
PARAMETRIC_REPRESENTATION_CONTEXT() REPRESENTATION_CONTEXT('2D SPACE',''
  ) );
#4544 = PCURVE('',#4545,#4552);
#4545 = ( BOUNDED_SURFACE() B_SPLINE_SURFACE(2,1,(
    (#4546,#4547)
    ,(#4548,#4549)
    ,(#4550,#4551
)),.UNSPECIFIED.,.F.,.F.,.F.) B_SPLINE_SURFACE_WITH_KNOTS((3,3),(2,2),(
    3.149679177875,3.543069237376),(-6.288229312733E-03,0.),
.PIECEWISE_BEZIER_KNOTS.) GEOMETRIC_REPRESENTATION_ITEM() 
RATIONAL_B_SPLINE_SURFACE((
    (1.,1.)
    ,(0.980717820329,0.980717820329)
,(1.,1.))) REPRESENTATION_ITEM('') SURFACE() );
#4546 = CARTESIAN_POINT('',(10.238351169772,-4.828930039298,
    26.863065664153));
#4547 = CARTESIAN_POINT('',(10.238351169772,-4.828930039298,
    20.57483635142));
#4548 = CARTESIAN_POINT('',(11.200619546624,-2.788717925724,
    26.863065664153));
#4549 = CARTESIAN_POINT('',(11.200619546624,-2.788717925724,
    20.57483635142));
#4550 = CARTESIAN_POINT('',(11.307327325022,-0.535489276098,
    26.863065664153));
#4551 = CARTESIAN_POINT('',(11.307327325022,-0.535489276098,
    20.57483635142));
#4552 = DEFINITIONAL_REPRESENTATION('',(#4553),#4557);
#4553 = B_SPLINE_CURVE_WITH_KNOTS('',2,(#4554,#4555,#4556),
  .UNSPECIFIED.,.F.,.F.,(3,3),(0.,6.288229312733E-03),
  .PIECEWISE_BEZIER_KNOTS.);
#4554 = CARTESIAN_POINT('',(3.543069237376,0.));
#4555 = CARTESIAN_POINT('',(3.543069237376,-3.144114656366E-03));
#4556 = CARTESIAN_POINT('',(3.543069237376,-6.288229312733E-03));
#4557 = ( GEOMETRIC_REPRESENTATION_CONTEXT(2) 
PARAMETRIC_REPRESENTATION_CONTEXT() REPRESENTATION_CONTEXT('2D SPACE',''
  ) );
#4558 = ORIENTED_EDGE('',*,*,#4559,.T.);
#4559 = EDGE_CURVE('',#4527,#4560,#4562,.T.);
#4560 = VERTEX_POINT('',#4561);
#4561 = CARTESIAN_POINT('',(22.668540243583,-0.889875960496,
    26.863065664153));
#4562 = SURFACE_CURVE('',#4563,(#4566,#4572),.PCURVE_S1.);
#4563 = B_SPLINE_CURVE_WITH_KNOTS('',1,(#4564,#4565),.UNSPECIFIED.,.F.,
  .F.,(2,2),(0.,1.136673871007E-02),.PIECEWISE_BEZIER_KNOTS.);
#4564 = CARTESIAN_POINT('',(11.307327325022,-0.535489276098,
    26.863065664153));
#4565 = CARTESIAN_POINT('',(22.668540243583,-0.889875960496,
    26.863065664153));
#4566 = PCURVE('',#4534,#4567);
#4567 = DEFINITIONAL_REPRESENTATION('',(#4568),#4571);
#4568 = B_SPLINE_CURVE_WITH_KNOTS('',1,(#4569,#4570),.UNSPECIFIED.,.F.,
  .F.,(2,2),(0.,1.136673871007E-02),.PIECEWISE_BEZIER_KNOTS.);
#4569 = CARTESIAN_POINT('',(0.,-6.288229312733E-03));
#4570 = CARTESIAN_POINT('',(1.136673871007E-02,-6.288229312733E-03));
#4571 = ( GEOMETRIC_REPRESENTATION_CONTEXT(2) 
PARAMETRIC_REPRESENTATION_CONTEXT() REPRESENTATION_CONTEXT('2D SPACE',''
  ) );
#4572 = PCURVE('',#4573,#4578);
#4573 = B_SPLINE_SURFACE_WITH_KNOTS('',1,1,(
    (#4574,#4575)
    ,(#4576,#4577
    )),.UNSPECIFIED.,.F.,.F.,.F.,(2,2),(2,2),(-5.570740474746E-03,
    6.695369536856E-03),(-3.554718532749E-03,5.479041931772E-03),
  .PIECEWISE_BEZIER_KNOTS.);
#4574 = CARTESIAN_POINT('',(20.439379737234,-9.843086505621,
    26.863065664153));
#4575 = CARTESIAN_POINT('',(24.358981505873,-1.703949567,26.863065664153
    ));
#4576 = CARTESIAN_POINT('',(9.387996486515,-4.52102082936,
    26.863065664153));
#4577 = CARTESIAN_POINT('',(13.307598255153,3.618116109261,
    26.863065664153));
#4578 = DEFINITIONAL_REPRESENTATION('',(#4579),#4582);
#4579 = B_SPLINE_CURVE_WITH_KNOTS('',1,(#4580,#4581),.UNSPECIFIED.,.F.,
  .F.,(2,2),(0.,1.136673871007E-02),.PIECEWISE_BEZIER_KNOTS.);
#4580 = CARTESIAN_POINT('',(6.695369536856E-03,8.688877595977E-04));
#4581 = CARTESIAN_POINT('',(-3.694492224098E-03,5.479041931772E-03));
#4582 = ( GEOMETRIC_REPRESENTATION_CONTEXT(2) 
PARAMETRIC_REPRESENTATION_CONTEXT() REPRESENTATION_CONTEXT('2D SPACE',''
  ) );
#4583 = ORIENTED_EDGE('',*,*,#4584,.F.);
#4584 = EDGE_CURVE('',#4585,#4560,#4587,.T.);
#4585 = VERTEX_POINT('',#4586);
#4586 = CARTESIAN_POINT('',(22.668540243583,-0.889875960496,
    20.57483635142));
#4587 = SURFACE_CURVE('',#4588,(#4591,#4597),.PCURVE_S1.);
#4588 = B_SPLINE_CURVE_WITH_KNOTS('',1,(#4589,#4590),.UNSPECIFIED.,.F.,
  .F.,(2,2),(0.,6.288229312733E-03),.PIECEWISE_BEZIER_KNOTS.);
#4589 = CARTESIAN_POINT('',(22.668540243583,-0.889875960496,
    20.57483635142));
#4590 = CARTESIAN_POINT('',(22.668540243583,-0.889875960496,
    26.863065664153));
#4591 = PCURVE('',#4534,#4592);
#4592 = DEFINITIONAL_REPRESENTATION('',(#4593),#4596);
#4593 = B_SPLINE_CURVE_WITH_KNOTS('',1,(#4594,#4595),.UNSPECIFIED.,.F.,
  .F.,(2,2),(0.,6.288229312733E-03),.PIECEWISE_BEZIER_KNOTS.);
#4594 = CARTESIAN_POINT('',(1.136673871007E-02,0.));
#4595 = CARTESIAN_POINT('',(1.136673871007E-02,-6.288229312733E-03));
#4596 = ( GEOMETRIC_REPRESENTATION_CONTEXT(2) 
PARAMETRIC_REPRESENTATION_CONTEXT() REPRESENTATION_CONTEXT('2D SPACE',''
  ) );
#4597 = PCURVE('',#4598,#4605);
#4598 = ( BOUNDED_SURFACE() B_SPLINE_SURFACE(2,1,(
    (#4599,#4600)
    ,(#4601,#4602)
    ,(#4603,#4604
)),.UNSPECIFIED.,.F.,.F.,.F.) B_SPLINE_SURFACE_WITH_KNOTS((3,3),(2,2),(
    5.873622199108,6.28318530718),(-6.288229312733E-03,0.),
.PIECEWISE_BEZIER_KNOTS.) GEOMETRIC_REPRESENTATION_ITEM() 
RATIONAL_B_SPLINE_SURFACE((
    (1.,1.)
    ,(0.979105429584,0.979105429584)
,(1.,1.))) REPRESENTATION_ITEM('') SURFACE() );
#4599 = CARTESIAN_POINT('',(22.668540243583,-0.889875960496,
    26.863065664153));
#4600 = CARTESIAN_POINT('',(22.668540243583,-0.889875960496,
    20.57483635142));
#4601 = CARTESIAN_POINT('',(22.483719291031,-5.597971680302,
    26.863065664153));
#4602 = CARTESIAN_POINT('',(22.483719291031,-5.597971680302,
    20.57483635142));
#4603 = CARTESIAN_POINT('',(20.439379737234,-9.843086505621,
    26.863065664153));
#4604 = CARTESIAN_POINT('',(20.439379737234,-9.843086505621,
    20.57483635142));
#4605 = DEFINITIONAL_REPRESENTATION('',(#4606),#4610);
#4606 = B_SPLINE_CURVE_WITH_KNOTS('',2,(#4607,#4608,#4609),
  .UNSPECIFIED.,.F.,.F.,(3,3),(0.,6.288229312733E-03),
  .PIECEWISE_BEZIER_KNOTS.);
#4607 = CARTESIAN_POINT('',(5.873622199108,0.));
#4608 = CARTESIAN_POINT('',(5.873622199108,-3.144114656366E-03));
#4609 = CARTESIAN_POINT('',(5.873622199108,-6.288229312733E-03));
#4610 = ( GEOMETRIC_REPRESENTATION_CONTEXT(2) 
PARAMETRIC_REPRESENTATION_CONTEXT() REPRESENTATION_CONTEXT('2D SPACE',''
  ) );
#4611 = ORIENTED_EDGE('',*,*,#4612,.F.);
#4612 = EDGE_CURVE('',#4525,#4585,#4613,.T.);
#4613 = SURFACE_CURVE('',#4614,(#4617,#4623),.PCURVE_S1.);
#4614 = B_SPLINE_CURVE_WITH_KNOTS('',1,(#4615,#4616),.UNSPECIFIED.,.F.,
  .F.,(2,2),(0.,1.136673871007E-02),.PIECEWISE_BEZIER_KNOTS.);
#4615 = CARTESIAN_POINT('',(11.307327325022,-0.535489276098,
    20.57483635142));
#4616 = CARTESIAN_POINT('',(22.668540243583,-0.889875960496,
    20.57483635142));
#4617 = PCURVE('',#4534,#4618);
#4618 = DEFINITIONAL_REPRESENTATION('',(#4619),#4622);
#4619 = B_SPLINE_CURVE_WITH_KNOTS('',1,(#4620,#4621),.UNSPECIFIED.,.F.,
  .F.,(2,2),(0.,1.136673871007E-02),.PIECEWISE_BEZIER_KNOTS.);
#4620 = CARTESIAN_POINT('',(0.,0.));
#4621 = CARTESIAN_POINT('',(1.136673871007E-02,0.));
#4622 = ( GEOMETRIC_REPRESENTATION_CONTEXT(2) 
PARAMETRIC_REPRESENTATION_CONTEXT() REPRESENTATION_CONTEXT('2D SPACE',''
  ) );
#4623 = PCURVE('',#4624,#4629);
#4624 = B_SPLINE_SURFACE_WITH_KNOTS('',1,1,(
    (#4625,#4626)
    ,(#4627,#4628
    )),.UNSPECIFIED.,.F.,.F.,.F.,(2,2),(2,2),(-5.570740474746E-03,
    6.695369536856E-03),(-3.554718532749E-03,5.479041931772E-03),
  .PIECEWISE_BEZIER_KNOTS.);
#4625 = CARTESIAN_POINT('',(20.439379737234,-9.843086505621,
    20.57483635142));
#4626 = CARTESIAN_POINT('',(24.358981505873,-1.703949567,20.57483635142)
  );
#4627 = CARTESIAN_POINT('',(9.387996486515,-4.52102082936,20.57483635142
    ));
#4628 = CARTESIAN_POINT('',(13.307598255153,3.618116109261,
    20.57483635142));
#4629 = DEFINITIONAL_REPRESENTATION('',(#4630),#4633);
#4630 = B_SPLINE_CURVE_WITH_KNOTS('',1,(#4631,#4632),.UNSPECIFIED.,.F.,
  .F.,(2,2),(0.,1.136673871007E-02),.PIECEWISE_BEZIER_KNOTS.);
#4631 = CARTESIAN_POINT('',(6.695369536856E-03,8.688877595977E-04));
#4632 = CARTESIAN_POINT('',(-3.694492224098E-03,5.479041931772E-03));
#4633 = ( GEOMETRIC_REPRESENTATION_CONTEXT(2) 
PARAMETRIC_REPRESENTATION_CONTEXT() REPRESENTATION_CONTEXT('2D SPACE',''
  ) );
#4634 = ADVANCED_FACE('',(#4635),#4598,.T.);
#4635 = FACE_BOUND('',#4636,.T.);
#4636 = EDGE_LOOP('',(#4637,#4638,#4661,#4687));
#4637 = ORIENTED_EDGE('',*,*,#4584,.T.);
#4638 = ORIENTED_EDGE('',*,*,#4639,.T.);
#4639 = EDGE_CURVE('',#4560,#4640,#4642,.T.);
#4640 = VERTEX_POINT('',#4641);
#4641 = CARTESIAN_POINT('',(20.439379737234,-9.843086505621,
    26.863065664153));
#4642 = SURFACE_CURVE('',#4643,(#4647,#4654),.PCURVE_S1.);
#4643 = ( BOUNDED_CURVE() B_SPLINE_CURVE(2,(#4644,#4645,#4646),
.UNSPECIFIED.,.F.,.F.) B_SPLINE_CURVE_WITH_KNOTS((3,3),(5.873622199108,
6.28318530718),.PIECEWISE_BEZIER_KNOTS.) CURVE() 
GEOMETRIC_REPRESENTATION_ITEM() RATIONAL_B_SPLINE_CURVE((1.,
0.979105429584,1.)) REPRESENTATION_ITEM('') );
#4644 = CARTESIAN_POINT('',(22.668540243583,-0.889875960496,
    26.863065664153));
#4645 = CARTESIAN_POINT('',(22.483719291031,-5.597971680302,
    26.863065664153));
#4646 = CARTESIAN_POINT('',(20.439379737234,-9.843086505621,
    26.863065664153));
#4647 = PCURVE('',#4598,#4648);
#4648 = DEFINITIONAL_REPRESENTATION('',(#4649),#4653);
#4649 = B_SPLINE_CURVE_WITH_KNOTS('',2,(#4650,#4651,#4652),
  .UNSPECIFIED.,.F.,.F.,(3,3),(5.873622199108,6.28318530718),
  .PIECEWISE_BEZIER_KNOTS.);
#4650 = CARTESIAN_POINT('',(5.873622199108,-6.288229312733E-03));
#4651 = CARTESIAN_POINT('',(6.078403753144,-6.288229312733E-03));
#4652 = CARTESIAN_POINT('',(6.28318530718,-6.288229312733E-03));
#4653 = ( GEOMETRIC_REPRESENTATION_CONTEXT(2) 
PARAMETRIC_REPRESENTATION_CONTEXT() REPRESENTATION_CONTEXT('2D SPACE',''
  ) );
#4654 = PCURVE('',#4573,#4655);
#4655 = DEFINITIONAL_REPRESENTATION('',(#4656),#4660);
#4656 = ( BOUNDED_CURVE() B_SPLINE_CURVE(2,(#4657,#4658,#4659),
.UNSPECIFIED.,.F.,.F.) B_SPLINE_CURVE_WITH_KNOTS((3,3),(5.873622199108,
6.28318530718),.PIECEWISE_BEZIER_KNOTS.) CURVE() 
GEOMETRIC_REPRESENTATION_ITEM() RATIONAL_B_SPLINE_CURVE((1.,
0.979105429584,1.)) REPRESENTATION_ITEM('') );
#4657 = CARTESIAN_POINT('',(-3.694492224098E-03,5.479041931772E-03));
#4658 = CARTESIAN_POINT('',(-5.570740474746E-03,1.157003455162E-03));
#4659 = CARTESIAN_POINT('',(-5.570740474746E-03,-3.554718532749E-03));
#4660 = ( GEOMETRIC_REPRESENTATION_CONTEXT(2) 
PARAMETRIC_REPRESENTATION_CONTEXT() REPRESENTATION_CONTEXT('2D SPACE',''
  ) );
#4661 = ORIENTED_EDGE('',*,*,#4662,.F.);
#4662 = EDGE_CURVE('',#4663,#4640,#4665,.T.);
#4663 = VERTEX_POINT('',#4664);
#4664 = CARTESIAN_POINT('',(20.439379737234,-9.843086505621,
    20.57483635142));
#4665 = SURFACE_CURVE('',#4666,(#4669,#4676),.PCURVE_S1.);
#4666 = B_SPLINE_CURVE_WITH_KNOTS('',1,(#4667,#4668),.UNSPECIFIED.,.F.,
  .F.,(2,2),(0.,6.288229312733E-03),.PIECEWISE_BEZIER_KNOTS.);
#4667 = CARTESIAN_POINT('',(20.439379737234,-9.843086505621,
    20.57483635142));
#4668 = CARTESIAN_POINT('',(20.439379737234,-9.843086505621,
    26.863065664153));
#4669 = PCURVE('',#4598,#4670);
#4670 = DEFINITIONAL_REPRESENTATION('',(#4671),#4675);
#4671 = B_SPLINE_CURVE_WITH_KNOTS('',2,(#4672,#4673,#4674),
  .UNSPECIFIED.,.F.,.F.,(3,3),(0.,6.288229312733E-03),
  .PIECEWISE_BEZIER_KNOTS.);
#4672 = CARTESIAN_POINT('',(6.28318530718,0.));
#4673 = CARTESIAN_POINT('',(6.28318530718,-3.144114656366E-03));
#4674 = CARTESIAN_POINT('',(6.28318530718,-6.288229312733E-03));
#4675 = ( GEOMETRIC_REPRESENTATION_CONTEXT(2) 
PARAMETRIC_REPRESENTATION_CONTEXT() REPRESENTATION_CONTEXT('2D SPACE',''
  ) );
#4676 = PCURVE('',#4677,#4682);
#4677 = B_SPLINE_SURFACE_WITH_KNOTS('',1,1,(
    (#4678,#4679)
    ,(#4680,#4681
    )),.UNSPECIFIED.,.F.,.F.,.F.,(2,2),(2,2),(0.,1.136673871007E-02),(
    -6.288229312733E-03,0.),.PIECEWISE_BEZIER_KNOTS.);
#4678 = CARTESIAN_POINT('',(20.439379737234,-9.843086505621,
    26.863065664153));
#4679 = CARTESIAN_POINT('',(20.439379737234,-9.843086505621,
    20.57483635142));
#4680 = CARTESIAN_POINT('',(10.238351169772,-4.828930039298,
    26.863065664153));
#4681 = CARTESIAN_POINT('',(10.238351169772,-4.828930039298,
    20.57483635142));
#4682 = DEFINITIONAL_REPRESENTATION('',(#4683),#4686);
#4683 = B_SPLINE_CURVE_WITH_KNOTS('',1,(#4684,#4685),.UNSPECIFIED.,.F.,
  .F.,(2,2),(0.,6.288229312733E-03),.PIECEWISE_BEZIER_KNOTS.);
#4684 = CARTESIAN_POINT('',(0.,0.));
#4685 = CARTESIAN_POINT('',(0.,-6.288229312733E-03));
#4686 = ( GEOMETRIC_REPRESENTATION_CONTEXT(2) 
PARAMETRIC_REPRESENTATION_CONTEXT() REPRESENTATION_CONTEXT('2D SPACE',''
  ) );
#4687 = ORIENTED_EDGE('',*,*,#4688,.F.);
#4688 = EDGE_CURVE('',#4585,#4663,#4689,.T.);
#4689 = SURFACE_CURVE('',#4690,(#4694,#4701),.PCURVE_S1.);
#4690 = ( BOUNDED_CURVE() B_SPLINE_CURVE(2,(#4691,#4692,#4693),
.UNSPECIFIED.,.F.,.F.) B_SPLINE_CURVE_WITH_KNOTS((3,3),(5.873622199108,
6.28318530718),.PIECEWISE_BEZIER_KNOTS.) CURVE() 
GEOMETRIC_REPRESENTATION_ITEM() RATIONAL_B_SPLINE_CURVE((1.,
0.979105429584,1.)) REPRESENTATION_ITEM('') );
#4691 = CARTESIAN_POINT('',(22.668540243583,-0.889875960496,
    20.57483635142));
#4692 = CARTESIAN_POINT('',(22.483719291031,-5.597971680302,
    20.57483635142));
#4693 = CARTESIAN_POINT('',(20.439379737234,-9.843086505621,
    20.57483635142));
#4694 = PCURVE('',#4598,#4695);
#4695 = DEFINITIONAL_REPRESENTATION('',(#4696),#4700);
#4696 = B_SPLINE_CURVE_WITH_KNOTS('',2,(#4697,#4698,#4699),
  .UNSPECIFIED.,.F.,.F.,(3,3),(5.873622199108,6.28318530718),
  .PIECEWISE_BEZIER_KNOTS.);
#4697 = CARTESIAN_POINT('',(5.873622199108,0.));
#4698 = CARTESIAN_POINT('',(6.078403753144,0.));
#4699 = CARTESIAN_POINT('',(6.28318530718,0.));
#4700 = ( GEOMETRIC_REPRESENTATION_CONTEXT(2) 
PARAMETRIC_REPRESENTATION_CONTEXT() REPRESENTATION_CONTEXT('2D SPACE',''
  ) );
#4701 = PCURVE('',#4624,#4702);
#4702 = DEFINITIONAL_REPRESENTATION('',(#4703),#4707);
#4703 = ( BOUNDED_CURVE() B_SPLINE_CURVE(2,(#4704,#4705,#4706),
.UNSPECIFIED.,.F.,.F.) B_SPLINE_CURVE_WITH_KNOTS((3,3),(5.873622199108,
6.28318530718),.PIECEWISE_BEZIER_KNOTS.) CURVE() 
GEOMETRIC_REPRESENTATION_ITEM() RATIONAL_B_SPLINE_CURVE((1.,
0.979105429584,1.)) REPRESENTATION_ITEM('') );
#4704 = CARTESIAN_POINT('',(-3.694492224098E-03,5.479041931772E-03));
#4705 = CARTESIAN_POINT('',(-5.570740474746E-03,1.157003455162E-03));
#4706 = CARTESIAN_POINT('',(-5.570740474746E-03,-3.554718532749E-03));
#4707 = ( GEOMETRIC_REPRESENTATION_CONTEXT(2) 
PARAMETRIC_REPRESENTATION_CONTEXT() REPRESENTATION_CONTEXT('2D SPACE',''
  ) );
#4708 = ADVANCED_FACE('',(#4709),#4677,.T.);
#4709 = FACE_BOUND('',#4710,.T.);
#4710 = EDGE_LOOP('',(#4711,#4712,#4732,#4753));
#4711 = ORIENTED_EDGE('',*,*,#4662,.T.);
#4712 = ORIENTED_EDGE('',*,*,#4713,.T.);
#4713 = EDGE_CURVE('',#4640,#4714,#4716,.T.);
#4714 = VERTEX_POINT('',#4715);
#4715 = CARTESIAN_POINT('',(10.238351169772,-4.828930039298,
    26.863065664153));
#4716 = SURFACE_CURVE('',#4717,(#4720,#4726),.PCURVE_S1.);
#4717 = B_SPLINE_CURVE_WITH_KNOTS('',1,(#4718,#4719),.UNSPECIFIED.,.F.,
  .F.,(2,2),(0.,1.136673871007E-02),.PIECEWISE_BEZIER_KNOTS.);
#4718 = CARTESIAN_POINT('',(20.439379737234,-9.843086505621,
    26.863065664153));
#4719 = CARTESIAN_POINT('',(10.238351169772,-4.828930039298,
    26.863065664153));
#4720 = PCURVE('',#4677,#4721);
#4721 = DEFINITIONAL_REPRESENTATION('',(#4722),#4725);
#4722 = B_SPLINE_CURVE_WITH_KNOTS('',1,(#4723,#4724),.UNSPECIFIED.,.F.,
  .F.,(2,2),(0.,1.136673871007E-02),.PIECEWISE_BEZIER_KNOTS.);
#4723 = CARTESIAN_POINT('',(0.,-6.288229312733E-03));
#4724 = CARTESIAN_POINT('',(1.136673871007E-02,-6.288229312733E-03));
#4725 = ( GEOMETRIC_REPRESENTATION_CONTEXT(2) 
PARAMETRIC_REPRESENTATION_CONTEXT() REPRESENTATION_CONTEXT('2D SPACE',''
  ) );
#4726 = PCURVE('',#4573,#4727);
#4727 = DEFINITIONAL_REPRESENTATION('',(#4728),#4731);
#4728 = B_SPLINE_CURVE_WITH_KNOTS('',1,(#4729,#4730),.UNSPECIFIED.,.F.,
  .F.,(2,2),(0.,1.136673871007E-02),.PIECEWISE_BEZIER_KNOTS.);
#4729 = CARTESIAN_POINT('',(-5.570740474746E-03,-3.554718532749E-03));
#4730 = CARTESIAN_POINT('',(5.795629641249E-03,-3.463180075495E-03));
#4731 = ( GEOMETRIC_REPRESENTATION_CONTEXT(2) 
PARAMETRIC_REPRESENTATION_CONTEXT() REPRESENTATION_CONTEXT('2D SPACE',''
  ) );
#4732 = ORIENTED_EDGE('',*,*,#4733,.F.);
#4733 = EDGE_CURVE('',#4734,#4714,#4736,.T.);
#4734 = VERTEX_POINT('',#4735);
#4735 = CARTESIAN_POINT('',(10.238351169772,-4.828930039298,
    20.57483635142));
#4736 = SURFACE_CURVE('',#4737,(#4740,#4746),.PCURVE_S1.);
#4737 = B_SPLINE_CURVE_WITH_KNOTS('',1,(#4738,#4739),.UNSPECIFIED.,.F.,
  .F.,(2,2),(0.,6.288229312733E-03),.PIECEWISE_BEZIER_KNOTS.);
#4738 = CARTESIAN_POINT('',(10.238351169772,-4.828930039298,
    20.57483635142));
#4739 = CARTESIAN_POINT('',(10.238351169772,-4.828930039298,
    26.863065664153));
#4740 = PCURVE('',#4677,#4741);
#4741 = DEFINITIONAL_REPRESENTATION('',(#4742),#4745);
#4742 = B_SPLINE_CURVE_WITH_KNOTS('',1,(#4743,#4744),.UNSPECIFIED.,.F.,
  .F.,(2,2),(0.,6.288229312733E-03),.PIECEWISE_BEZIER_KNOTS.);
#4743 = CARTESIAN_POINT('',(1.136673871007E-02,0.));
#4744 = CARTESIAN_POINT('',(1.136673871007E-02,-6.288229312733E-03));
#4745 = ( GEOMETRIC_REPRESENTATION_CONTEXT(2) 
PARAMETRIC_REPRESENTATION_CONTEXT() REPRESENTATION_CONTEXT('2D SPACE',''
  ) );
#4746 = PCURVE('',#4545,#4747);
#4747 = DEFINITIONAL_REPRESENTATION('',(#4748),#4752);
#4748 = B_SPLINE_CURVE_WITH_KNOTS('',2,(#4749,#4750,#4751),
  .UNSPECIFIED.,.F.,.F.,(3,3),(0.,6.288229312733E-03),
  .PIECEWISE_BEZIER_KNOTS.);
#4749 = CARTESIAN_POINT('',(3.149679177875,0.));
#4750 = CARTESIAN_POINT('',(3.149679177875,-3.144114656366E-03));
#4751 = CARTESIAN_POINT('',(3.149679177875,-6.288229312733E-03));
#4752 = ( GEOMETRIC_REPRESENTATION_CONTEXT(2) 
PARAMETRIC_REPRESENTATION_CONTEXT() REPRESENTATION_CONTEXT('2D SPACE',''
  ) );
#4753 = ORIENTED_EDGE('',*,*,#4754,.F.);
#4754 = EDGE_CURVE('',#4663,#4734,#4755,.T.);
#4755 = SURFACE_CURVE('',#4756,(#4759,#4765),.PCURVE_S1.);
#4756 = B_SPLINE_CURVE_WITH_KNOTS('',1,(#4757,#4758),.UNSPECIFIED.,.F.,
  .F.,(2,2),(0.,1.136673871007E-02),.PIECEWISE_BEZIER_KNOTS.);
#4757 = CARTESIAN_POINT('',(20.439379737234,-9.843086505621,
    20.57483635142));
#4758 = CARTESIAN_POINT('',(10.238351169772,-4.828930039298,
    20.57483635142));
#4759 = PCURVE('',#4677,#4760);
#4760 = DEFINITIONAL_REPRESENTATION('',(#4761),#4764);
#4761 = B_SPLINE_CURVE_WITH_KNOTS('',1,(#4762,#4763),.UNSPECIFIED.,.F.,
  .F.,(2,2),(0.,1.136673871007E-02),.PIECEWISE_BEZIER_KNOTS.);
#4762 = CARTESIAN_POINT('',(0.,0.));
#4763 = CARTESIAN_POINT('',(1.136673871007E-02,0.));
#4764 = ( GEOMETRIC_REPRESENTATION_CONTEXT(2) 
PARAMETRIC_REPRESENTATION_CONTEXT() REPRESENTATION_CONTEXT('2D SPACE',''
  ) );
#4765 = PCURVE('',#4624,#4766);
#4766 = DEFINITIONAL_REPRESENTATION('',(#4767),#4770);
#4767 = B_SPLINE_CURVE_WITH_KNOTS('',1,(#4768,#4769),.UNSPECIFIED.,.F.,
  .F.,(2,2),(0.,1.136673871007E-02),.PIECEWISE_BEZIER_KNOTS.);
#4768 = CARTESIAN_POINT('',(-5.570740474746E-03,-3.554718532749E-03));
#4769 = CARTESIAN_POINT('',(5.795629641249E-03,-3.463180075495E-03));
#4770 = ( GEOMETRIC_REPRESENTATION_CONTEXT(2) 
PARAMETRIC_REPRESENTATION_CONTEXT() REPRESENTATION_CONTEXT('2D SPACE',''
  ) );
#4771 = ADVANCED_FACE('',(#4772),#4545,.T.);
#4772 = FACE_BOUND('',#4773,.T.);
#4773 = EDGE_LOOP('',(#4774,#4775,#4796,#4797));
#4774 = ORIENTED_EDGE('',*,*,#4733,.T.);
#4775 = ORIENTED_EDGE('',*,*,#4776,.T.);
#4776 = EDGE_CURVE('',#4714,#4527,#4777,.T.);
#4777 = SURFACE_CURVE('',#4778,(#4782,#4789),.PCURVE_S1.);
#4778 = ( BOUNDED_CURVE() B_SPLINE_CURVE(2,(#4779,#4780,#4781),
.UNSPECIFIED.,.F.,.F.) B_SPLINE_CURVE_WITH_KNOTS((3,3),(3.149679177875,
3.543069237376),.PIECEWISE_BEZIER_KNOTS.) CURVE() 
GEOMETRIC_REPRESENTATION_ITEM() RATIONAL_B_SPLINE_CURVE((1.,
0.980717820329,1.)) REPRESENTATION_ITEM('') );
#4779 = CARTESIAN_POINT('',(10.238351169772,-4.828930039298,
    26.863065664153));
#4780 = CARTESIAN_POINT('',(11.200619546624,-2.788717925724,
    26.863065664153));
#4781 = CARTESIAN_POINT('',(11.307327325022,-0.535489276098,
    26.863065664153));
#4782 = PCURVE('',#4545,#4783);
#4783 = DEFINITIONAL_REPRESENTATION('',(#4784),#4788);
#4784 = B_SPLINE_CURVE_WITH_KNOTS('',2,(#4785,#4786,#4787),
  .UNSPECIFIED.,.F.,.F.,(3,3),(3.149679177875,3.543069237376),
  .PIECEWISE_BEZIER_KNOTS.);
#4785 = CARTESIAN_POINT('',(3.149679177875,-6.288229312733E-03));
#4786 = CARTESIAN_POINT('',(3.346374207625,-6.288229312733E-03));
#4787 = CARTESIAN_POINT('',(3.543069237376,-6.288229312733E-03));
#4788 = ( GEOMETRIC_REPRESENTATION_CONTEXT(2) 
PARAMETRIC_REPRESENTATION_CONTEXT() REPRESENTATION_CONTEXT('2D SPACE',''
  ) );
#4789 = PCURVE('',#4573,#4790);
#4790 = DEFINITIONAL_REPRESENTATION('',(#4791),#4795);
#4791 = ( BOUNDED_CURVE() B_SPLINE_CURVE(2,(#4792,#4793,#4794),
.UNSPECIFIED.,.F.,.F.) B_SPLINE_CURVE_WITH_KNOTS((3,3),(3.149679177875,
3.543069237376),.PIECEWISE_BEZIER_KNOTS.) CURVE() 
GEOMETRIC_REPRESENTATION_ITEM() RATIONAL_B_SPLINE_CURVE((1.,
0.980717820329,1.)) REPRESENTATION_ITEM('') );
#4792 = CARTESIAN_POINT('',(5.795629641249E-03,-3.463180075495E-03));
#4793 = CARTESIAN_POINT('',(5.813870651569E-03,-1.207499875865E-03));
#4794 = CARTESIAN_POINT('',(6.695369536856E-03,8.688877595977E-04));
#4795 = ( GEOMETRIC_REPRESENTATION_CONTEXT(2) 
PARAMETRIC_REPRESENTATION_CONTEXT() REPRESENTATION_CONTEXT('2D SPACE',''
  ) );
#4796 = ORIENTED_EDGE('',*,*,#4524,.F.);
#4797 = ORIENTED_EDGE('',*,*,#4798,.F.);
#4798 = EDGE_CURVE('',#4734,#4525,#4799,.T.);
#4799 = SURFACE_CURVE('',#4800,(#4804,#4811),.PCURVE_S1.);
#4800 = ( BOUNDED_CURVE() B_SPLINE_CURVE(2,(#4801,#4802,#4803),
.UNSPECIFIED.,.F.,.F.) B_SPLINE_CURVE_WITH_KNOTS((3,3),(3.149679177875,
3.543069237376),.PIECEWISE_BEZIER_KNOTS.) CURVE() 
GEOMETRIC_REPRESENTATION_ITEM() RATIONAL_B_SPLINE_CURVE((1.,
0.980717820329,1.)) REPRESENTATION_ITEM('') );
#4801 = CARTESIAN_POINT('',(10.238351169772,-4.828930039298,
    20.57483635142));
#4802 = CARTESIAN_POINT('',(11.200619546624,-2.788717925724,
    20.57483635142));
#4803 = CARTESIAN_POINT('',(11.307327325022,-0.535489276098,
    20.57483635142));
#4804 = PCURVE('',#4545,#4805);
#4805 = DEFINITIONAL_REPRESENTATION('',(#4806),#4810);
#4806 = B_SPLINE_CURVE_WITH_KNOTS('',2,(#4807,#4808,#4809),
  .UNSPECIFIED.,.F.,.F.,(3,3),(3.149679177875,3.543069237376),
  .PIECEWISE_BEZIER_KNOTS.);
#4807 = CARTESIAN_POINT('',(3.149679177875,0.));
#4808 = CARTESIAN_POINT('',(3.346374207625,0.));
#4809 = CARTESIAN_POINT('',(3.543069237376,0.));
#4810 = ( GEOMETRIC_REPRESENTATION_CONTEXT(2) 
PARAMETRIC_REPRESENTATION_CONTEXT() REPRESENTATION_CONTEXT('2D SPACE',''
  ) );
#4811 = PCURVE('',#4624,#4812);
#4812 = DEFINITIONAL_REPRESENTATION('',(#4813),#4817);
#4813 = ( BOUNDED_CURVE() B_SPLINE_CURVE(2,(#4814,#4815,#4816),
.UNSPECIFIED.,.F.,.F.) B_SPLINE_CURVE_WITH_KNOTS((3,3),(3.149679177875,
3.543069237376),.PIECEWISE_BEZIER_KNOTS.) CURVE() 
GEOMETRIC_REPRESENTATION_ITEM() RATIONAL_B_SPLINE_CURVE((1.,
0.980717820329,1.)) REPRESENTATION_ITEM('') );
#4814 = CARTESIAN_POINT('',(5.795629641249E-03,-3.463180075495E-03));
#4815 = CARTESIAN_POINT('',(5.813870651569E-03,-1.207499875865E-03));
#4816 = CARTESIAN_POINT('',(6.695369536856E-03,8.688877595977E-04));
#4817 = ( GEOMETRIC_REPRESENTATION_CONTEXT(2) 
PARAMETRIC_REPRESENTATION_CONTEXT() REPRESENTATION_CONTEXT('2D SPACE',''
  ) );
#4818 = ADVANCED_FACE('',(#4819),#4624,.T.);
#4819 = FACE_BOUND('',#4820,.T.);
#4820 = EDGE_LOOP('',(#4821,#4822,#4823,#4824));
#4821 = ORIENTED_EDGE('',*,*,#4612,.T.);
#4822 = ORIENTED_EDGE('',*,*,#4688,.T.);
#4823 = ORIENTED_EDGE('',*,*,#4754,.T.);
#4824 = ORIENTED_EDGE('',*,*,#4798,.T.);
#4825 = ADVANCED_FACE('',(#4826),#4573,.F.);
#4826 = FACE_BOUND('',#4827,.F.);
#4827 = EDGE_LOOP('',(#4828,#4829,#4830,#4831));
#4828 = ORIENTED_EDGE('',*,*,#4559,.T.);
#4829 = ORIENTED_EDGE('',*,*,#4639,.T.);
#4830 = ORIENTED_EDGE('',*,*,#4713,.T.);
#4831 = ORIENTED_EDGE('',*,*,#4776,.T.);
#4832 = ( GEOMETRIC_REPRESENTATION_CONTEXT(3) 
GLOBAL_UNCERTAINTY_ASSIGNED_CONTEXT((#4836)) 
GLOBAL_UNIT_ASSIGNED_CONTEXT((#4833,#4834,#4835)) REPRESENTATION_CONTEXT
('Context #1','3D Context with UNIT and UNCERTAINTY') );
#4833 = ( LENGTH_UNIT() NAMED_UNIT(*) SI_UNIT(.MILLI.,.METRE.) );
#4834 = ( NAMED_UNIT(*) PLANE_ANGLE_UNIT() SI_UNIT($,.RADIAN.) );
#4835 = ( NAMED_UNIT(*) SI_UNIT($,.STERADIAN.) SOLID_ANGLE_UNIT() );
#4836 = UNCERTAINTY_MEASURE_WITH_UNIT(LENGTH_MEASURE(1.E-04),#4833,
  'distance_accuracy_value','confusion accuracy');
#4837 = CONTEXT_DEPENDENT_SHAPE_REPRESENTATION(#4838,#4840);
#4838 = ( REPRESENTATION_RELATIONSHIP('','',#4517,#10) 
REPRESENTATION_RELATIONSHIP_WITH_TRANSFORMATION(#4839) 
SHAPE_REPRESENTATION_RELATIONSHIP() );
#4839 = ITEM_DEFINED_TRANSFORMATION('','',#11,#67);
#4840 = PRODUCT_DEFINITION_SHAPE('Placement','Placement of an item',
  #4841);
#4841 = NEXT_ASSEMBLY_USAGE_OCCURRENCE('6058','','',#5,#4512,$);
#4842 = PRODUCT_RELATED_PRODUCT_CATEGORY('part',$,(#4514));
#4843 = SHAPE_DEFINITION_REPRESENTATION(#4844,#4850);
#4844 = PRODUCT_DEFINITION_SHAPE('','',#4845);
#4845 = PRODUCT_DEFINITION('design','',#4846,#4849);
#4846 = PRODUCT_DEFINITION_FORMATION('','',#4847);
#4847 = PRODUCT('Open CASCADE STEP translator 7.8 202.15',
  'Open CASCADE STEP translator 7.8 202.15','',(#4848));
#4848 = PRODUCT_CONTEXT('',#2,'mechanical');
#4849 = PRODUCT_DEFINITION_CONTEXT('part definition',#2,'design');
#4850 = ADVANCED_BREP_SHAPE_REPRESENTATION('',(#11,#4851),#7573);
#4851 = MANIFOLD_SOLID_BREP('',#4852);
#4852 = CLOSED_SHELL('',(#4853,#5149,#5430,#5699,#5918,#6196,#6437,#6671
    ,#6882,#6923,#6947,#6972,#6996,#7020,#7044,#7068,#7092,#7116,#7140,
    #7164,#7190,#7214,#7238,#7262,#7288,#7312,#7336,#7360,#7384,#7408,
    #7432,#7456,#7480,#7504,#7529,#7553,#7560));
#4853 = ADVANCED_FACE('',(#4854),#4867,.F.);
#4854 = FACE_BOUND('',#4855,.F.);
#4855 = EDGE_LOOP('',(#4856,#4894,#4922,#4951,#4980,#5008,#5037,#5065,
    #5094,#5122));
#4856 = ORIENTED_EDGE('',*,*,#4857,.T.);
#4857 = EDGE_CURVE('',#4858,#4860,#4862,.T.);
#4858 = VERTEX_POINT('',#4859);
#4859 = CARTESIAN_POINT('',(22.686,4.621000588783E-16,26.863065664153));
#4860 = VERTEX_POINT('',#4861);
#4861 = CARTESIAN_POINT('',(22.686,0.,29.533282711325));
#4862 = SURFACE_CURVE('',#4863,(#4866,#4880),.PCURVE_S1.);
#4863 = B_SPLINE_CURVE_WITH_KNOTS('',1,(#4864,#4865),.UNSPECIFIED.,.F.,
  .F.,(2,2),(0.,2.670217047172E-03),.PIECEWISE_BEZIER_KNOTS.);
#4864 = CARTESIAN_POINT('',(22.686,0.,26.863065664153));
#4865 = CARTESIAN_POINT('',(22.686,0.,29.533282711325));
#4866 = PCURVE('',#4867,#4874);
#4867 = ( BOUNDED_SURFACE() B_SPLINE_SURFACE(2,1,(
    (#4868,#4869)
    ,(#4870,#4871)
    ,(#4872,#4873
)),.UNSPECIFIED.,.F.,.F.,.F.) B_SPLINE_SURFACE_WITH_KNOTS((3,3),(2,2),(
    3.14159265359,4.712388980385),(-2.670217047172E-03,0.),
.PIECEWISE_BEZIER_KNOTS.) GEOMETRIC_REPRESENTATION_ITEM() 
RATIONAL_B_SPLINE_SURFACE((
    (1.,1.)
    ,(0.707106781187,0.707106781187)
,(1.,1.))) REPRESENTATION_ITEM('') SURFACE() );
#4868 = CARTESIAN_POINT('',(22.686,-2.778233728546E-15,29.533282711325)
  );
#4869 = CARTESIAN_POINT('',(22.686,-2.778233728546E-15,26.863065664153)
  );
#4870 = CARTESIAN_POINT('',(22.686,22.686,29.533282711325));
#4871 = CARTESIAN_POINT('',(22.686,22.686,26.863065664153));
#4872 = CARTESIAN_POINT('',(4.167350592819E-15,22.686,29.533282711325));
#4873 = CARTESIAN_POINT('',(4.167350592819E-15,22.686,26.863065664153));
#4874 = DEFINITIONAL_REPRESENTATION('',(#4875),#4879);
#4875 = B_SPLINE_CURVE_WITH_KNOTS('',2,(#4876,#4877,#4878),
  .UNSPECIFIED.,.F.,.F.,(3,3),(0.,2.670217047172E-03),
  .PIECEWISE_BEZIER_KNOTS.);
#4876 = CARTESIAN_POINT('',(3.14159265359,0.));
#4877 = CARTESIAN_POINT('',(3.14159265359,-1.335108523586E-03));
#4878 = CARTESIAN_POINT('',(3.14159265359,-2.670217047172E-03));
#4879 = ( GEOMETRIC_REPRESENTATION_CONTEXT(2) 
PARAMETRIC_REPRESENTATION_CONTEXT() REPRESENTATION_CONTEXT('2D SPACE',''
  ) );
#4880 = PCURVE('',#4881,#4888);
#4881 = ( BOUNDED_SURFACE() B_SPLINE_SURFACE(2,1,(
    (#4882,#4883)
    ,(#4884,#4885)
    ,(#4886,#4887
)),.UNSPECIFIED.,.F.,.F.,.F.) B_SPLINE_SURFACE_WITH_KNOTS((3,3),(2,2),(
    1.570796326795,3.14159265359),(-2.670217047172E-03,0.),
.PIECEWISE_BEZIER_KNOTS.) GEOMETRIC_REPRESENTATION_ITEM() 
RATIONAL_B_SPLINE_SURFACE((
    (1.,1.)
    ,(0.707106781187,0.707106781187)
,(1.,1.))) REPRESENTATION_ITEM('') SURFACE() );
#4882 = CARTESIAN_POINT('',(-2.153833249359E-14,-22.686,29.533282711325)
  );
#4883 = CARTESIAN_POINT('',(-2.153833249359E-14,-22.686,26.863065664153)
  );
#4884 = CARTESIAN_POINT('',(22.686,-22.686,29.533282711325));
#4885 = CARTESIAN_POINT('',(22.686,-22.686,26.863065664153));
#4886 = CARTESIAN_POINT('',(22.686,-2.778233728546E-15,29.533282711325)
  );
#4887 = CARTESIAN_POINT('',(22.686,-2.778233728546E-15,26.863065664153)
  );
#4888 = DEFINITIONAL_REPRESENTATION('',(#4889),#4893);
#4889 = B_SPLINE_CURVE_WITH_KNOTS('',2,(#4890,#4891,#4892),
  .UNSPECIFIED.,.F.,.F.,(3,3),(0.,2.670217047172E-03),
  .PIECEWISE_BEZIER_KNOTS.);
#4890 = CARTESIAN_POINT('',(3.14159265359,0.));
#4891 = CARTESIAN_POINT('',(3.14159265359,-1.335108523586E-03));
#4892 = CARTESIAN_POINT('',(3.14159265359,-2.670217047172E-03));
#4893 = ( GEOMETRIC_REPRESENTATION_CONTEXT(2) 
PARAMETRIC_REPRESENTATION_CONTEXT() REPRESENTATION_CONTEXT('2D SPACE',''
  ) );
#4894 = ORIENTED_EDGE('',*,*,#4895,.T.);
#4895 = EDGE_CURVE('',#4860,#4896,#4898,.T.);
#4896 = VERTEX_POINT('',#4897);
#4897 = CARTESIAN_POINT('',(0.,22.686,29.533282711325));
#4898 = SURFACE_CURVE('',#4899,(#4903,#4910),.PCURVE_S1.);
#4899 = ( BOUNDED_CURVE() B_SPLINE_CURVE(2,(#4900,#4901,#4902),
.UNSPECIFIED.,.F.,.F.) B_SPLINE_CURVE_WITH_KNOTS((3,3),(3.14159265359,
4.712388980385),.PIECEWISE_BEZIER_KNOTS.) CURVE() 
GEOMETRIC_REPRESENTATION_ITEM() RATIONAL_B_SPLINE_CURVE((1.,
0.707106781187,1.)) REPRESENTATION_ITEM('') );
#4900 = CARTESIAN_POINT('',(22.686,-2.778233728546E-15,29.533282711325)
  );
#4901 = CARTESIAN_POINT('',(22.686,22.686,29.533282711325));
#4902 = CARTESIAN_POINT('',(4.167350592819E-15,22.686,29.533282711325));
#4903 = PCURVE('',#4867,#4904);
#4904 = DEFINITIONAL_REPRESENTATION('',(#4905),#4909);
#4905 = B_SPLINE_CURVE_WITH_KNOTS('',2,(#4906,#4907,#4908),
  .UNSPECIFIED.,.F.,.F.,(3,3),(3.14159265359,4.712388980385),
  .PIECEWISE_BEZIER_KNOTS.);
#4906 = CARTESIAN_POINT('',(3.14159265359,-2.670217047172E-03));
#4907 = CARTESIAN_POINT('',(3.926990816987,-2.670217047172E-03));
#4908 = CARTESIAN_POINT('',(4.712388980385,-2.670217047172E-03));
#4909 = ( GEOMETRIC_REPRESENTATION_CONTEXT(2) 
PARAMETRIC_REPRESENTATION_CONTEXT() REPRESENTATION_CONTEXT('2D SPACE',''
  ) );
#4910 = PCURVE('',#4911,#4916);
#4911 = B_SPLINE_SURFACE_WITH_KNOTS('',1,1,(
    (#4912,#4913)
    ,(#4914,#4915
    )),.UNSPECIFIED.,.F.,.F.,.F.,(2,2),(2,2),(-2.2686E-02,2.2686E-02),(
    -2.2686E-02,2.2686E-02),.PIECEWISE_BEZIER_KNOTS.);
#4912 = CARTESIAN_POINT('',(-22.686,-22.686,29.533282711325));
#4913 = CARTESIAN_POINT('',(-22.686,22.686,29.533282711325));
#4914 = CARTESIAN_POINT('',(22.686,-22.686,29.533282711325));
#4915 = CARTESIAN_POINT('',(22.686,22.686,29.533282711325));
#4916 = DEFINITIONAL_REPRESENTATION('',(#4917),#4921);
#4917 = ( BOUNDED_CURVE() B_SPLINE_CURVE(2,(#4918,#4919,#4920),
.UNSPECIFIED.,.F.,.F.) B_SPLINE_CURVE_WITH_KNOTS((3,3),(3.14159265359,
4.712388980385),.PIECEWISE_BEZIER_KNOTS.) CURVE() 
GEOMETRIC_REPRESENTATION_ITEM() RATIONAL_B_SPLINE_CURVE((1.,
0.707106781187,1.)) REPRESENTATION_ITEM('') );
#4918 = CARTESIAN_POINT('',(2.2686E-02,-2.277780463995E-18));
#4919 = CARTESIAN_POINT('',(2.2686E-02,2.2686E-02));
#4920 = CARTESIAN_POINT('',(3.782657066957E-18,2.2686E-02));
#4921 = ( GEOMETRIC_REPRESENTATION_CONTEXT(2) 
PARAMETRIC_REPRESENTATION_CONTEXT() REPRESENTATION_CONTEXT('2D SPACE',''
  ) );
#4922 = ORIENTED_EDGE('',*,*,#4923,.F.);
#4923 = EDGE_CURVE('',#4924,#4896,#4926,.T.);
#4924 = VERTEX_POINT('',#4925);
#4925 = CARTESIAN_POINT('',(0.,22.686,26.863065664153));
#4926 = SURFACE_CURVE('',#4927,(#4930,#4937),.PCURVE_S1.);
#4927 = B_SPLINE_CURVE_WITH_KNOTS('',1,(#4928,#4929),.UNSPECIFIED.,.F.,
  .F.,(2,2),(0.,2.670217047172E-03),.PIECEWISE_BEZIER_KNOTS.);
#4928 = CARTESIAN_POINT('',(0.,22.686,26.863065664153));
#4929 = CARTESIAN_POINT('',(0.,22.686,29.533282711325));
#4930 = PCURVE('',#4867,#4931);
#4931 = DEFINITIONAL_REPRESENTATION('',(#4932),#4936);
#4932 = B_SPLINE_CURVE_WITH_KNOTS('',2,(#4933,#4934,#4935),
  .UNSPECIFIED.,.F.,.F.,(3,3),(0.,2.670217047172E-03),
  .PIECEWISE_BEZIER_KNOTS.);
#4933 = CARTESIAN_POINT('',(4.712388980385,0.));
#4934 = CARTESIAN_POINT('',(4.712388980385,-1.335108523586E-03));
#4935 = CARTESIAN_POINT('',(4.712388980385,-2.670217047172E-03));
#4936 = ( GEOMETRIC_REPRESENTATION_CONTEXT(2) 
PARAMETRIC_REPRESENTATION_CONTEXT() REPRESENTATION_CONTEXT('2D SPACE',''
  ) );
#4937 = PCURVE('',#4938,#4945);
#4938 = ( BOUNDED_SURFACE() B_SPLINE_SURFACE(2,1,(
    (#4939,#4940)
    ,(#4941,#4942)
    ,(#4943,#4944
)),.UNSPECIFIED.,.F.,.F.,.F.) B_SPLINE_SURFACE_WITH_KNOTS((3,3),(2,2),(
    4.712388980385,6.28318530718),(-2.670217047172E-03,0.),
.PIECEWISE_BEZIER_KNOTS.) GEOMETRIC_REPRESENTATION_ITEM() 
RATIONAL_B_SPLINE_SURFACE((
    (1.,1.)
    ,(0.707106781187,0.707106781187)
,(1.,1.))) REPRESENTATION_ITEM('') SURFACE() );
#4939 = CARTESIAN_POINT('',(2.431656622214E-14,22.686,29.533282711325));
#4940 = CARTESIAN_POINT('',(2.431656622214E-14,22.686,26.863065664153));
#4941 = CARTESIAN_POINT('',(-22.686,22.686,29.533282711325));
#4942 = CARTESIAN_POINT('',(-22.686,22.686,26.863065664153));
#4943 = CARTESIAN_POINT('',(-22.686,5.556467457091E-15,29.533282711325)
  );
#4944 = CARTESIAN_POINT('',(-22.686,5.556467457091E-15,26.863065664153)
  );
#4945 = DEFINITIONAL_REPRESENTATION('',(#4946),#4950);
#4946 = B_SPLINE_CURVE_WITH_KNOTS('',2,(#4947,#4948,#4949),
  .UNSPECIFIED.,.F.,.F.,(3,3),(0.,2.670217047172E-03),
  .PIECEWISE_BEZIER_KNOTS.);
#4947 = CARTESIAN_POINT('',(4.712388980385,0.));
#4948 = CARTESIAN_POINT('',(4.712388980385,-1.335108523586E-03));
#4949 = CARTESIAN_POINT('',(4.712388980385,-2.670217047172E-03));
#4950 = ( GEOMETRIC_REPRESENTATION_CONTEXT(2) 
PARAMETRIC_REPRESENTATION_CONTEXT() REPRESENTATION_CONTEXT('2D SPACE',''
  ) );
#4951 = ORIENTED_EDGE('',*,*,#4952,.T.);
#4952 = EDGE_CURVE('',#4924,#4953,#4955,.T.);
#4953 = VERTEX_POINT('',#4954);
#4954 = CARTESIAN_POINT('',(5.048109907733,22.117214615757,
    26.863065664153));
#4955 = SURFACE_CURVE('',#4956,(#4960,#4968),.PCURVE_S1.);
#4956 = ( BOUNDED_CURVE() B_SPLINE_CURVE(2,(#4957,#4958,#4959),
.UNSPECIFIED.,.F.,.F.) B_SPLINE_CURVE_WITH_KNOTS((3,3),(6.058785831923,
6.28318530718),.PIECEWISE_BEZIER_KNOTS.) CURVE() 
GEOMETRIC_REPRESENTATION_ITEM() RATIONAL_B_SPLINE_CURVE((1.,
0.993712209893,1.)) REPRESENTATION_ITEM('') );
#4957 = CARTESIAN_POINT('',(1.47451495458E-14,22.686,26.863065664153));
#4958 = CARTESIAN_POINT('',(2.556098314574,22.686,26.863065664153));
#4959 = CARTESIAN_POINT('',(5.048109907733,22.117214615757,
    26.863065664153));
#4960 = PCURVE('',#4867,#4961);
#4961 = DEFINITIONAL_REPRESENTATION('',(#4962),#4967);
#4962 = B_SPLINE_CURVE_WITH_KNOTS('',3,(#4963,#4964,#4965,#4966),
  .UNSPECIFIED.,.F.,.F.,(4,4),(6.058785831923,6.28318530718),
  .PIECEWISE_BEZIER_KNOTS.);
#4963 = CARTESIAN_POINT('',(4.712388980385,0.));
#4964 = CARTESIAN_POINT('',(4.629482468216,1.583877837409E-17));
#4965 = CARTESIAN_POINT('',(4.549893706274,-7.319242996367E-18));
#4966 = CARTESIAN_POINT('',(4.473253261055,-3.486864811931E-18));
#4967 = ( GEOMETRIC_REPRESENTATION_CONTEXT(2) 
PARAMETRIC_REPRESENTATION_CONTEXT() REPRESENTATION_CONTEXT('2D SPACE',''
  ) );
#4968 = PCURVE('',#4969,#4974);
#4969 = B_SPLINE_SURFACE_WITH_KNOTS('',1,1,(
    (#4970,#4971)
    ,(#4972,#4973
    )),.UNSPECIFIED.,.F.,.F.,.F.,(2,2),(2,2),(-5.570740474746E-03,
    6.695369536856E-03),(-3.554718532749E-03,5.479041931772E-03),
  .PIECEWISE_BEZIER_KNOTS.);
#4970 = CARTESIAN_POINT('',(5.048109907733,22.117214615757,
    26.863065664153));
#4971 = CARTESIAN_POINT('',(-3.759155321093,24.12741543146,
    26.863065664153));
#4972 = CARTESIAN_POINT('',(2.31864365194,10.158641591553,
    26.863065664153));
#4973 = CARTESIAN_POINT('',(-6.488621576886,12.168842407256,
    26.863065664153));
#4974 = DEFINITIONAL_REPRESENTATION('',(#4975),#4979);
#4975 = ( BOUNDED_CURVE() B_SPLINE_CURVE(2,(#4976,#4977,#4978),
.UNSPECIFIED.,.F.,.F.) B_SPLINE_CURVE_WITH_KNOTS((3,3),(6.058785831923,
6.28318530718),.PIECEWISE_BEZIER_KNOTS.) CURVE() 
GEOMETRIC_REPRESENTATION_ITEM() RATIONAL_B_SPLINE_CURVE((1.,
0.993712209893,1.)) REPRESENTATION_ITEM('') );
#4976 = CARTESIAN_POINT('',(-5.001955090503E-03,1.493391374984E-03));
#4977 = CARTESIAN_POINT('',(-5.570740474746E-03,-9.986202181747E-04));
#4978 = CARTESIAN_POINT('',(-5.570740474746E-03,-3.554718532749E-03));
#4979 = ( GEOMETRIC_REPRESENTATION_CONTEXT(2) 
PARAMETRIC_REPRESENTATION_CONTEXT() REPRESENTATION_CONTEXT('2D SPACE',''
  ) );
#4980 = ORIENTED_EDGE('',*,*,#4981,.F.);
#4981 = EDGE_CURVE('',#4982,#4953,#4984,.T.);
#4982 = VERTEX_POINT('',#4983);
#4983 = CARTESIAN_POINT('',(5.911789658695,21.902176582051,
    26.863065664153));
#4984 = SURFACE_CURVE('',#4985,(#4989,#4996),.PCURVE_S1.);
#4985 = ( BOUNDED_CURVE() B_SPLINE_CURVE(2,(#4986,#4987,#4988),
.UNSPECIFIED.,.F.,.F.) B_SPLINE_CURVE_WITH_KNOTS((3,3),(4.448753662687,
4.487989505128),.PIECEWISE_BEZIER_KNOTS.) CURVE() 
GEOMETRIC_REPRESENTATION_ITEM() RATIONAL_B_SPLINE_CURVE((1.,
0.999807574755,1.)) REPRESENTATION_ITEM('') );
#4986 = CARTESIAN_POINT('',(5.911789658695,21.902176582051,
    26.863065664153));
#4987 = CARTESIAN_POINT('',(5.482059353455,22.018168486556,
    26.863065664153));
#4988 = CARTESIAN_POINT('',(5.048109907733,22.117214615757,
    26.863065664153));
#4989 = PCURVE('',#4867,#4990);
#4990 = DEFINITIONAL_REPRESENTATION('',(#4991),#4995);
#4991 = B_SPLINE_CURVE_WITH_KNOTS('',2,(#4992,#4993,#4994),
  .UNSPECIFIED.,.F.,.F.,(3,3),(4.448753662687,4.487989505128),
  .PIECEWISE_BEZIER_KNOTS.);
#4992 = CARTESIAN_POINT('',(4.433189264628,-3.488166736046E-18));
#4993 = CARTESIAN_POINT('',(4.453112204921,-2.38059882291E-19));
#4994 = CARTESIAN_POINT('',(4.473253261055,-3.487204695568E-18));
#4995 = ( GEOMETRIC_REPRESENTATION_CONTEXT(2) 
PARAMETRIC_REPRESENTATION_CONTEXT() REPRESENTATION_CONTEXT('2D SPACE',''
  ) );
#4996 = PCURVE('',#4997,#5002);
#4997 = B_SPLINE_SURFACE_WITH_KNOTS('',1,1,(
    (#4998,#4999)
    ,(#5000,#5001
    )),.UNSPECIFIED.,.F.,.F.,.F.,(2,2),(2,2),(2.429611216814E-03,
    5.911789658695E-03),(1.09046714475E-02,2.211721461576E-02),
  .PIECEWISE_BEZIER_KNOTS.);
#4998 = CARTESIAN_POINT('',(2.429611216814,10.904671447499,
    26.863065664153));
#4999 = CARTESIAN_POINT('',(2.429611216814,22.117214615757,
    26.863065664153));
#5000 = CARTESIAN_POINT('',(5.911789658695,10.904671447499,
    26.863065664153));
#5001 = CARTESIAN_POINT('',(5.911789658695,22.117214615757,
    26.863065664153));
#5002 = DEFINITIONAL_REPRESENTATION('',(#5003),#5007);
#5003 = ( BOUNDED_CURVE() B_SPLINE_CURVE(2,(#5004,#5005,#5006),
.UNSPECIFIED.,.F.,.F.) B_SPLINE_CURVE_WITH_KNOTS((3,3),(4.448753662687,
4.487989505128),.PIECEWISE_BEZIER_KNOTS.) CURVE() 
GEOMETRIC_REPRESENTATION_ITEM() RATIONAL_B_SPLINE_CURVE((1.,
0.999807574755,1.)) REPRESENTATION_ITEM('') );
#5004 = CARTESIAN_POINT('',(5.911789658695E-03,2.190217658205E-02));
#5005 = CARTESIAN_POINT('',(5.482059353455E-03,2.201816848656E-02));
#5006 = CARTESIAN_POINT('',(5.048109907733E-03,2.211721461576E-02));
#5007 = ( GEOMETRIC_REPRESENTATION_CONTEXT(2) 
PARAMETRIC_REPRESENTATION_CONTEXT() REPRESENTATION_CONTEXT('2D SPACE',''
  ) );
#5008 = ORIENTED_EDGE('',*,*,#5009,.T.);
#5009 = EDGE_CURVE('',#4982,#5010,#5012,.T.);
#5010 = VERTEX_POINT('',#5011);
#5011 = CARTESIAN_POINT('',(14.144489644967,17.73662901127,
    26.863065664153));
#5012 = SURFACE_CURVE('',#5013,(#5017,#5025),.PCURVE_S1.);
#5013 = ( BOUNDED_CURVE() B_SPLINE_CURVE(2,(#5014,#5015,#5016),
.UNSPECIFIED.,.F.,.F.) B_SPLINE_CURVE_WITH_KNOTS((3,3),(5.873622199108,
6.28318530718),.PIECEWISE_BEZIER_KNOTS.) CURVE() 
GEOMETRIC_REPRESENTATION_ITEM() RATIONAL_B_SPLINE_CURVE((1.,
0.979105429584,1.)) REPRESENTATION_ITEM('') );
#5014 = CARTESIAN_POINT('',(5.911789658695,21.902176582051,
    26.863065664153));
#5015 = CARTESIAN_POINT('',(10.460717058182,20.674339619926,
    26.863065664153));
#5016 = CARTESIAN_POINT('',(14.144489644967,17.73662901127,
    26.863065664153));
#5017 = PCURVE('',#4867,#5018);
#5018 = DEFINITIONAL_REPRESENTATION('',(#5019),#5024);
#5019 = B_SPLINE_CURVE_WITH_KNOTS('',3,(#5020,#5021,#5022,#5023),
  .UNSPECIFIED.,.F.,.F.,(4,4),(5.873622199108,6.28318530718),
  .PIECEWISE_BEZIER_KNOTS.);
#5020 = CARTESIAN_POINT('',(4.433189264628,-1.884005967281E-20));
#5021 = CARTESIAN_POINT('',(4.295502679855,-2.144257838115E-17));
#5022 = CARTESIAN_POINT('',(4.162408204338,5.781514367433E-18));
#5023 = CARTESIAN_POINT('',(4.033474570251,-1.843436963371E-21));
#5024 = ( GEOMETRIC_REPRESENTATION_CONTEXT(2) 
PARAMETRIC_REPRESENTATION_CONTEXT() REPRESENTATION_CONTEXT('2D SPACE',''
  ) );
#5025 = PCURVE('',#5026,#5031);
#5026 = B_SPLINE_SURFACE_WITH_KNOTS('',1,1,(
    (#5027,#5028)
    ,(#5029,#5030
    )),.UNSPECIFIED.,.F.,.F.,.F.,(2,2),(2,2),(-5.570740474746E-03,
    6.695369536856E-03),(-3.554718532749E-03,5.479041931772E-03),
  .PIECEWISE_BEZIER_KNOTS.);
#5027 = CARTESIAN_POINT('',(14.144489644967,17.73662901127,
    26.863065664153));
#5028 = CARTESIAN_POINT('',(7.08161130873,23.369086533333,
    26.863065664153));
#5029 = CARTESIAN_POINT('',(6.496695144256,8.146598036783,
    26.863065664153));
#5030 = CARTESIAN_POINT('',(-0.566183191982,13.779055558846,
    26.863065664153));
#5031 = DEFINITIONAL_REPRESENTATION('',(#5032),#5036);
#5032 = ( BOUNDED_CURVE() B_SPLINE_CURVE(2,(#5033,#5034,#5035),
.UNSPECIFIED.,.F.,.F.) B_SPLINE_CURVE_WITH_KNOTS((3,3),(5.873622199108,
6.28318530718),.PIECEWISE_BEZIER_KNOTS.) CURVE() 
GEOMETRIC_REPRESENTATION_ITEM() RATIONAL_B_SPLINE_CURVE((1.,
0.979105429584,1.)) REPRESENTATION_ITEM('') );
#5033 = CARTESIAN_POINT('',(-3.694492224098E-03,5.479041931772E-03));
#5034 = CARTESIAN_POINT('',(-5.570740474746E-03,1.157003455162E-03));
#5035 = CARTESIAN_POINT('',(-5.570740474746E-03,-3.554718532749E-03));
#5036 = ( GEOMETRIC_REPRESENTATION_CONTEXT(2) 
PARAMETRIC_REPRESENTATION_CONTEXT() REPRESENTATION_CONTEXT('2D SPACE',''
  ) );
#5037 = ORIENTED_EDGE('',*,*,#5038,.F.);
#5038 = EDGE_CURVE('',#5039,#5010,#5041,.T.);
#5039 = VERTEX_POINT('',#5040);
#5040 = CARTESIAN_POINT('',(14.829336706305,17.168149837738,
    26.863065664153));
#5041 = SURFACE_CURVE('',#5042,(#5046,#5053),.PCURVE_S1.);
#5042 = ( BOUNDED_CURVE() B_SPLINE_CURVE(2,(#5043,#5044,#5045),
.UNSPECIFIED.,.F.,.F.) B_SPLINE_CURVE_WITH_KNOTS((3,3),(3.999954712174,
4.039190554615),.PIECEWISE_BEZIER_KNOTS.) CURVE() 
GEOMETRIC_REPRESENTATION_ITEM() RATIONAL_B_SPLINE_CURVE((1.,
0.999807574755,1.)) REPRESENTATION_ITEM('') );
#5043 = CARTESIAN_POINT('',(14.829336706305,17.168149837738,
    26.863065664153));
#5044 = CARTESIAN_POINT('',(14.492490080923,17.459107924275,
    26.863065664153));
#5045 = CARTESIAN_POINT('',(14.144489644967,17.73662901127,
    26.863065664153));
#5046 = PCURVE('',#4867,#5047);
#5047 = DEFINITIONAL_REPRESENTATION('',(#5048),#5052);
#5048 = B_SPLINE_CURVE_WITH_KNOTS('',2,(#5049,#5050,#5051),
  .UNSPECIFIED.,.F.,.F.,(3,3),(3.999954712174,4.039190554615),
  .PIECEWISE_BEZIER_KNOTS.);
#5049 = CARTESIAN_POINT('',(3.996195632289,-3.4706610636E-18));
#5050 = CARTESIAN_POINT('',(4.014818161538,5.811243230458E-21));
#5051 = CARTESIAN_POINT('',(4.033474570251,-1.843436963372E-21));
#5052 = ( GEOMETRIC_REPRESENTATION_CONTEXT(2) 
PARAMETRIC_REPRESENTATION_CONTEXT() REPRESENTATION_CONTEXT('2D SPACE',''
  ) );
#5053 = PCURVE('',#5054,#5059);
#5054 = B_SPLINE_SURFACE_WITH_KNOTS('',1,1,(
    (#5055,#5056)
    ,(#5057,#5058
    )),.UNSPECIFIED.,.F.,.F.,.F.,(2,2),(2,2),(6.986106145755E-03,
    1.482933670631E-02),(8.506552382621E-03,1.773662901127E-02),
  .PIECEWISE_BEZIER_KNOTS.);
#5055 = CARTESIAN_POINT('',(6.986106145755,8.506552382621,
    26.863065664153));
#5056 = CARTESIAN_POINT('',(6.986106145755,17.73662901127,
    26.863065664153));
#5057 = CARTESIAN_POINT('',(14.829336706305,8.506552382621,
    26.863065664153));
#5058 = CARTESIAN_POINT('',(14.829336706305,17.73662901127,
    26.863065664153));
#5059 = DEFINITIONAL_REPRESENTATION('',(#5060),#5064);
#5060 = ( BOUNDED_CURVE() B_SPLINE_CURVE(2,(#5061,#5062,#5063),
.UNSPECIFIED.,.F.,.F.) B_SPLINE_CURVE_WITH_KNOTS((3,3),(3.999954712174,
4.039190554615),.PIECEWISE_BEZIER_KNOTS.) CURVE() 
GEOMETRIC_REPRESENTATION_ITEM() RATIONAL_B_SPLINE_CURVE((1.,
0.999807574755,1.)) REPRESENTATION_ITEM('') );
#5061 = CARTESIAN_POINT('',(1.482933670631E-02,1.716814983774E-02));
#5062 = CARTESIAN_POINT('',(1.449249008092E-02,1.745910792428E-02));
#5063 = CARTESIAN_POINT('',(1.414448964497E-02,1.773662901127E-02));
#5064 = ( GEOMETRIC_REPRESENTATION_CONTEXT(2) 
PARAMETRIC_REPRESENTATION_CONTEXT() REPRESENTATION_CONTEXT('2D SPACE',''
  ) );
#5065 = ORIENTED_EDGE('',*,*,#5066,.T.);
#5066 = EDGE_CURVE('',#5039,#5067,#5069,.T.);
#5067 = VERTEX_POINT('',#5068);
#5068 = CARTESIAN_POINT('',(20.439379737234,9.843086505621,
    26.863065664153));
#5069 = SURFACE_CURVE('',#5070,(#5074,#5082),.PCURVE_S1.);
#5070 = ( BOUNDED_CURVE() B_SPLINE_CURVE(2,(#5071,#5072,#5073),
.UNSPECIFIED.,.F.,.F.) B_SPLINE_CURVE_WITH_KNOTS((3,3),(5.873622199108,
6.28318530718),.PIECEWISE_BEZIER_KNOTS.) CURVE() 
GEOMETRIC_REPRESENTATION_ITEM() RATIONAL_B_SPLINE_CURVE((1.,
0.979105429584,1.)) REPRESENTATION_ITEM('') );
#5071 = CARTESIAN_POINT('',(14.829336706305,17.168149837738,
    26.863065664153));
#5072 = CARTESIAN_POINT('',(18.395040183437,14.08820133094,
    26.863065664153));
#5073 = CARTESIAN_POINT('',(20.439379737234,9.843086505621,
    26.863065664153));
#5074 = PCURVE('',#4867,#5075);
#5075 = DEFINITIONAL_REPRESENTATION('',(#5076),#5081);
#5076 = B_SPLINE_CURVE_WITH_KNOTS('',3,(#5077,#5078,#5079,#5080),
  .UNSPECIFIED.,.F.,.F.,(4,4),(5.873622199108,6.28318530718),
  .PIECEWISE_BEZIER_KNOTS.);
#5077 = CARTESIAN_POINT('',(3.996195632289,-1.214393969027E-21));
#5078 = CARTESIAN_POINT('',(3.867497018954,-1.91430380724E-17));
#5079 = CARTESIAN_POINT('',(3.737064896147,8.682579330372E-18));
#5080 = CARTESIAN_POINT('',(3.604827258505,-3.487626181664E-18));
#5081 = ( GEOMETRIC_REPRESENTATION_CONTEXT(2) 
PARAMETRIC_REPRESENTATION_CONTEXT() REPRESENTATION_CONTEXT('2D SPACE',''
  ) );
#5082 = PCURVE('',#5083,#5088);
#5083 = B_SPLINE_SURFACE_WITH_KNOTS('',1,1,(
    (#5084,#5085)
    ,(#5086,#5087
    )),.UNSPECIFIED.,.F.,.F.,.F.,(2,2),(2,2),(-5.570740474746E-03,
    6.695369536856E-03),(-3.554718532749E-03,5.479041931772E-03),
  .PIECEWISE_BEZIER_KNOTS.);
#5084 = CARTESIAN_POINT('',(20.439379737234,9.843086505621,
    26.863065664153));
#5085 = CARTESIAN_POINT('',(16.519777968596,17.982223444242,
    26.863065664153));
#5086 = CARTESIAN_POINT('',(9.387996486515,4.52102082936,26.863065664153
    ));
#5087 = CARTESIAN_POINT('',(5.468394717876,12.660157767981,
    26.863065664153));
#5088 = DEFINITIONAL_REPRESENTATION('',(#5089),#5093);
#5089 = ( BOUNDED_CURVE() B_SPLINE_CURVE(2,(#5090,#5091,#5092),
.UNSPECIFIED.,.F.,.F.) B_SPLINE_CURVE_WITH_KNOTS((3,3),(5.873622199108,
6.28318530718),.PIECEWISE_BEZIER_KNOTS.) CURVE() 
GEOMETRIC_REPRESENTATION_ITEM() RATIONAL_B_SPLINE_CURVE((1.,
0.979105429584,1.)) REPRESENTATION_ITEM('') );
#5090 = CARTESIAN_POINT('',(-3.694492224098E-03,5.479041931772E-03));
#5091 = CARTESIAN_POINT('',(-5.570740474746E-03,1.157003455162E-03));
#5092 = CARTESIAN_POINT('',(-5.570740474746E-03,-3.554718532749E-03));
#5093 = ( GEOMETRIC_REPRESENTATION_CONTEXT(2) 
PARAMETRIC_REPRESENTATION_CONTEXT() REPRESENTATION_CONTEXT('2D SPACE',''
  ) );
#5094 = ORIENTED_EDGE('',*,*,#5095,.F.);
#5095 = EDGE_CURVE('',#5096,#5067,#5098,.T.);
#5096 = VERTEX_POINT('',#5097);
#5097 = CARTESIAN_POINT('',(20.809751749352,9.033760464521,
    26.863065664153));
#5098 = SURFACE_CURVE('',#5099,(#5103,#5110),.PCURVE_S1.);
#5099 = ( BOUNDED_CURVE() B_SPLINE_CURVE(2,(#5100,#5101,#5102),
.UNSPECIFIED.,.F.,.F.) B_SPLINE_CURVE_WITH_KNOTS((3,3),(3.551155761661,
3.590391604103),.PIECEWISE_BEZIER_KNOTS.) CURVE() 
GEOMETRIC_REPRESENTATION_ITEM() RATIONAL_B_SPLINE_CURVE((1.,
0.999807574755,1.)) REPRESENTATION_ITEM('') );
#5100 = CARTESIAN_POINT('',(20.809751749352,9.033760464521,
    26.863065664153));
#5101 = CARTESIAN_POINT('',(20.632505409138,9.442056915685,
    26.863065664153));
#5102 = CARTESIAN_POINT('',(20.439379737234,9.843086505621,
    26.863065664153));
#5103 = PCURVE('',#4867,#5104);
#5104 = DEFINITIONAL_REPRESENTATION('',(#5105),#5109);
#5105 = B_SPLINE_CURVE_WITH_KNOTS('',2,(#5106,#5107,#5108),
  .UNSPECIFIED.,.F.,.F.,(3,3),(3.551155761661,3.590391604103),
  .PIECEWISE_BEZIER_KNOTS.);
#5106 = CARTESIAN_POINT('',(3.566422567471,-3.498089694456E-18));
#5107 = CARTESIAN_POINT('',(3.5856927291,2.025116093756E-18));
#5108 = CARTESIAN_POINT('',(3.604827258505,-3.487444597275E-18));
#5109 = ( GEOMETRIC_REPRESENTATION_CONTEXT(2) 
PARAMETRIC_REPRESENTATION_CONTEXT() REPRESENTATION_CONTEXT('2D SPACE',''
  ) );
#5110 = PCURVE('',#5111,#5116);
#5111 = B_SPLINE_SURFACE_WITH_KNOTS('',1,1,(
    (#5112,#5113)
    ,(#5114,#5115
    )),.UNSPECIFIED.,.F.,.F.,.F.,(2,2),(2,2),(1.015891707356E-02,
    2.080975174935E-02),(4.423606292346E-03,9.843086505621E-03),
  .PIECEWISE_BEZIER_KNOTS.);
#5112 = CARTESIAN_POINT('',(10.15891707356,4.423606292346,
    26.863065664153));
#5113 = CARTESIAN_POINT('',(10.15891707356,9.843086505621,
    26.863065664153));
#5114 = CARTESIAN_POINT('',(20.809751749352,4.423606292346,
    26.863065664153));
#5115 = CARTESIAN_POINT('',(20.809751749352,9.843086505621,
    26.863065664153));
#5116 = DEFINITIONAL_REPRESENTATION('',(#5117),#5121);
#5117 = ( BOUNDED_CURVE() B_SPLINE_CURVE(2,(#5118,#5119,#5120),
.UNSPECIFIED.,.F.,.F.) B_SPLINE_CURVE_WITH_KNOTS((3,3),(3.551155761661,
3.590391604103),.PIECEWISE_BEZIER_KNOTS.) CURVE() 
GEOMETRIC_REPRESENTATION_ITEM() RATIONAL_B_SPLINE_CURVE((1.,
0.999807574755,1.)) REPRESENTATION_ITEM('') );
#5118 = CARTESIAN_POINT('',(2.080975174935E-02,9.033760464521E-03));
#5119 = CARTESIAN_POINT('',(2.063250540914E-02,9.442056915685E-03));
#5120 = CARTESIAN_POINT('',(2.043937973723E-02,9.843086505621E-03));
#5121 = ( GEOMETRIC_REPRESENTATION_CONTEXT(2) 
PARAMETRIC_REPRESENTATION_CONTEXT() REPRESENTATION_CONTEXT('2D SPACE',''
  ) );
#5122 = ORIENTED_EDGE('',*,*,#5123,.T.);
#5123 = EDGE_CURVE('',#5096,#4858,#5124,.T.);
#5124 = SURFACE_CURVE('',#5125,(#5129,#5137),.PCURVE_S1.);
#5125 = ( BOUNDED_CURVE() B_SPLINE_CURVE(2,(#5126,#5127,#5128),
.UNSPECIFIED.,.F.,.F.) B_SPLINE_CURVE_WITH_KNOTS((3,3),(5.873622199108,
6.28318530718),.PIECEWISE_BEZIER_KNOTS.) CURVE() 
GEOMETRIC_REPRESENTATION_ITEM() RATIONAL_B_SPLINE_CURVE((1.,
0.979105429584,1.)) REPRESENTATION_ITEM('') );
#5126 = CARTESIAN_POINT('',(20.809751749352,9.033760464521,
    26.863065664153));
#5127 = CARTESIAN_POINT('',(22.686,4.711721987911,26.863065664153));
#5128 = CARTESIAN_POINT('',(22.686,5.556467457091E-15,26.863065664153));
#5129 = PCURVE('',#4867,#5130);
#5130 = DEFINITIONAL_REPRESENTATION('',(#5131),#5136);
#5131 = B_SPLINE_CURVE_WITH_KNOTS('',3,(#5132,#5133,#5134,#5135),
  .UNSPECIFIED.,.F.,.F.,(4,4),(5.873622199108,6.28318530718),
  .PIECEWISE_BEZIER_KNOTS.);
#5132 = CARTESIAN_POINT('',(3.566422567471,-3.488497421719E-18));
#5133 = CARTESIAN_POINT('',(3.433240996548,2.257884682128E-18));
#5134 = CARTESIAN_POINT('',(3.292164978058,-3.926669113641E-18));
#5135 = CARTESIAN_POINT('',(3.14159265359,0.));
#5136 = ( GEOMETRIC_REPRESENTATION_CONTEXT(2) 
PARAMETRIC_REPRESENTATION_CONTEXT() REPRESENTATION_CONTEXT('2D SPACE',''
  ) );
#5137 = PCURVE('',#5138,#5143);
#5138 = B_SPLINE_SURFACE_WITH_KNOTS('',1,1,(
    (#5139,#5140)
    ,(#5141,#5142
    )),.UNSPECIFIED.,.F.,.F.,.F.,(2,2),(2,2),(-5.570740474746E-03,
    6.695369536856E-03),(-3.554718532749E-03,5.479041931772E-03),
  .PIECEWISE_BEZIER_KNOTS.);
#5139 = CARTESIAN_POINT('',(22.686,8.673617379884E-16,26.863065664153));
#5140 = CARTESIAN_POINT('',(22.686,9.033760464521,26.863065664153));
#5141 = CARTESIAN_POINT('',(10.419889988398,8.673617379884E-16,
    26.863065664153));
#5142 = CARTESIAN_POINT('',(10.419889988398,9.033760464521,
    26.863065664153));
#5143 = DEFINITIONAL_REPRESENTATION('',(#5144),#5148);
#5144 = ( BOUNDED_CURVE() B_SPLINE_CURVE(2,(#5145,#5146,#5147),
.UNSPECIFIED.,.F.,.F.) B_SPLINE_CURVE_WITH_KNOTS((3,3),(5.873622199108,
6.28318530718),.PIECEWISE_BEZIER_KNOTS.) CURVE() 
GEOMETRIC_REPRESENTATION_ITEM() RATIONAL_B_SPLINE_CURVE((1.,
0.979105429584,1.)) REPRESENTATION_ITEM('') );
#5145 = CARTESIAN_POINT('',(-3.694492224098E-03,5.479041931772E-03));
#5146 = CARTESIAN_POINT('',(-5.570740474746E-03,1.157003455162E-03));
#5147 = CARTESIAN_POINT('',(-5.570740474746E-03,-3.554718532749E-03));
#5148 = ( GEOMETRIC_REPRESENTATION_CONTEXT(2) 
PARAMETRIC_REPRESENTATION_CONTEXT() REPRESENTATION_CONTEXT('2D SPACE',''
  ) );
#5149 = ADVANCED_FACE('',(#5150),#4881,.F.);
#5150 = FACE_BOUND('',#5151,.F.);
#5151 = EDGE_LOOP('',(#5152,#5183,#5204,#5205,#5233,#5262,#5290,#5318,
    #5346,#5375,#5403));
#5152 = ORIENTED_EDGE('',*,*,#5153,.T.);
#5153 = EDGE_CURVE('',#5154,#5156,#5158,.T.);
#5154 = VERTEX_POINT('',#5155);
#5155 = CARTESIAN_POINT('',(0.,-22.686,26.863065664153));
#5156 = VERTEX_POINT('',#5157);
#5157 = CARTESIAN_POINT('',(0.,-22.686,29.533282711325));
#5158 = SURFACE_CURVE('',#5159,(#5162,#5169),.PCURVE_S1.);
#5159 = B_SPLINE_CURVE_WITH_KNOTS('',1,(#5160,#5161),.UNSPECIFIED.,.F.,
  .F.,(2,2),(0.,2.670217047172E-03),.PIECEWISE_BEZIER_KNOTS.);
#5160 = CARTESIAN_POINT('',(0.,-22.686,26.863065664153));
#5161 = CARTESIAN_POINT('',(0.,-22.686,29.533282711325));
#5162 = PCURVE('',#4881,#5163);
#5163 = DEFINITIONAL_REPRESENTATION('',(#5164),#5168);
#5164 = B_SPLINE_CURVE_WITH_KNOTS('',2,(#5165,#5166,#5167),
  .UNSPECIFIED.,.F.,.F.,(3,3),(0.,2.670217047172E-03),
  .PIECEWISE_BEZIER_KNOTS.);
#5165 = CARTESIAN_POINT('',(1.570796326795,0.));
#5166 = CARTESIAN_POINT('',(1.570796326795,-1.335108523586E-03));
#5167 = CARTESIAN_POINT('',(1.570796326795,-2.670217047172E-03));
#5168 = ( GEOMETRIC_REPRESENTATION_CONTEXT(2) 
PARAMETRIC_REPRESENTATION_CONTEXT() REPRESENTATION_CONTEXT('2D SPACE',''
  ) );
#5169 = PCURVE('',#5170,#5177);
#5170 = ( BOUNDED_SURFACE() B_SPLINE_SURFACE(2,1,(
    (#5171,#5172)
    ,(#5173,#5174)
    ,(#5175,#5176
)),.UNSPECIFIED.,.F.,.F.,.F.) B_SPLINE_SURFACE_WITH_KNOTS((3,3),(2,2),(
    0.,1.570796326795),(-2.670217047172E-03,0.),
.PIECEWISE_BEZIER_KNOTS.) GEOMETRIC_REPRESENTATION_ITEM() 
RATIONAL_B_SPLINE_SURFACE((
    (1.,1.)
    ,(0.707106781187,0.707106781187)
,(1.,1.))) REPRESENTATION_ITEM('') SURFACE() );
#5171 = CARTESIAN_POINT('',(-22.686,0.,29.533282711325));
#5172 = CARTESIAN_POINT('',(-22.686,0.,26.863065664153));
#5173 = CARTESIAN_POINT('',(-22.686,-22.686,29.533282711325));
#5174 = CARTESIAN_POINT('',(-22.686,-22.686,26.863065664153));
#5175 = CARTESIAN_POINT('',(-1.389116864273E-15,-22.686,29.533282711325)
  );
#5176 = CARTESIAN_POINT('',(-1.389116864273E-15,-22.686,26.863065664153)
  );
#5177 = DEFINITIONAL_REPRESENTATION('',(#5178),#5182);
#5178 = B_SPLINE_CURVE_WITH_KNOTS('',2,(#5179,#5180,#5181),
  .UNSPECIFIED.,.F.,.F.,(3,3),(0.,2.670217047172E-03),
  .PIECEWISE_BEZIER_KNOTS.);
#5179 = CARTESIAN_POINT('',(1.570796326795,0.));
#5180 = CARTESIAN_POINT('',(1.570796326795,-1.335108523586E-03));
#5181 = CARTESIAN_POINT('',(1.570796326795,-2.670217047172E-03));
#5182 = ( GEOMETRIC_REPRESENTATION_CONTEXT(2) 
PARAMETRIC_REPRESENTATION_CONTEXT() REPRESENTATION_CONTEXT('2D SPACE',''
  ) );
#5183 = ORIENTED_EDGE('',*,*,#5184,.T.);
#5184 = EDGE_CURVE('',#5156,#4860,#5185,.T.);
#5185 = SURFACE_CURVE('',#5186,(#5190,#5197),.PCURVE_S1.);
#5186 = ( BOUNDED_CURVE() B_SPLINE_CURVE(2,(#5187,#5188,#5189),
.UNSPECIFIED.,.F.,.F.) B_SPLINE_CURVE_WITH_KNOTS((3,3),(1.570796326795,
3.14159265359),.PIECEWISE_BEZIER_KNOTS.) CURVE() 
GEOMETRIC_REPRESENTATION_ITEM() RATIONAL_B_SPLINE_CURVE((1.,
0.707106781187,1.)) REPRESENTATION_ITEM('') );
#5187 = CARTESIAN_POINT('',(-1.389116864273E-15,-22.686,29.533282711325)
  );
#5188 = CARTESIAN_POINT('',(22.686,-22.686,29.533282711325));
#5189 = CARTESIAN_POINT('',(22.686,-2.778233728546E-15,29.533282711325)
  );
#5190 = PCURVE('',#4881,#5191);
#5191 = DEFINITIONAL_REPRESENTATION('',(#5192),#5196);
#5192 = B_SPLINE_CURVE_WITH_KNOTS('',2,(#5193,#5194,#5195),
  .UNSPECIFIED.,.F.,.F.,(3,3),(1.570796326795,3.14159265359),
  .PIECEWISE_BEZIER_KNOTS.);
#5193 = CARTESIAN_POINT('',(1.570796326795,-2.670217047172E-03));
#5194 = CARTESIAN_POINT('',(2.356194490192,-2.670217047172E-03));
#5195 = CARTESIAN_POINT('',(3.14159265359,-2.670217047172E-03));
#5196 = ( GEOMETRIC_REPRESENTATION_CONTEXT(2) 
PARAMETRIC_REPRESENTATION_CONTEXT() REPRESENTATION_CONTEXT('2D SPACE',''
  ) );
#5197 = PCURVE('',#4911,#5198);
#5198 = DEFINITIONAL_REPRESENTATION('',(#5199),#5203);
#5199 = ( BOUNDED_CURVE() B_SPLINE_CURVE(2,(#5200,#5201,#5202),
.UNSPECIFIED.,.F.,.F.) B_SPLINE_CURVE_WITH_KNOTS((3,3),(1.570796326795,
3.14159265359),.PIECEWISE_BEZIER_KNOTS.) CURVE() 
GEOMETRIC_REPRESENTATION_ITEM() RATIONAL_B_SPLINE_CURVE((1.,
0.707106781187,1.)) REPRESENTATION_ITEM('') );
#5200 = CARTESIAN_POINT('',(-1.773810390134E-18,-2.2686E-02));
#5201 = CARTESIAN_POINT('',(2.2686E-02,-2.2686E-02));
#5202 = CARTESIAN_POINT('',(2.2686E-02,-2.277780463995E-18));
#5203 = ( GEOMETRIC_REPRESENTATION_CONTEXT(2) 
PARAMETRIC_REPRESENTATION_CONTEXT() REPRESENTATION_CONTEXT('2D SPACE',''
  ) );
#5204 = ORIENTED_EDGE('',*,*,#4857,.F.);
#5205 = ORIENTED_EDGE('',*,*,#5206,.F.);
#5206 = EDGE_CURVE('',#5207,#4858,#5209,.T.);
#5207 = VERTEX_POINT('',#5208);
#5208 = CARTESIAN_POINT('',(22.668540243583,-0.889875960496,
    26.863065664153));
#5209 = SURFACE_CURVE('',#5210,(#5214,#5221),.PCURVE_S1.);
#5210 = ( BOUNDED_CURVE() B_SPLINE_CURVE(2,(#5211,#5212,#5213),
.UNSPECIFIED.,.F.,.F.) B_SPLINE_CURVE_WITH_KNOTS((3,3),(3.102356811148,
3.14159265359),.PIECEWISE_BEZIER_KNOTS.) CURVE() 
GEOMETRIC_REPRESENTATION_ITEM() RATIONAL_B_SPLINE_CURVE((1.,
0.999807574755,1.)) REPRESENTATION_ITEM('') );
#5211 = CARTESIAN_POINT('',(22.668540243583,-0.889875960496,
    26.863065664153));
#5212 = CARTESIAN_POINT('',(22.686,-0.445109264285,26.863065664153));
#5213 = CARTESIAN_POINT('',(22.686,-2.778233728546E-15,26.863065664153)
  );
#5214 = PCURVE('',#4881,#5215);
#5215 = DEFINITIONAL_REPRESENTATION('',(#5216),#5220);
#5216 = B_SPLINE_CURVE_WITH_KNOTS('',2,(#5217,#5218,#5219),
  .UNSPECIFIED.,.F.,.F.,(3,3),(3.102356811148,3.14159265359),
  .PIECEWISE_BEZIER_KNOTS.);
#5217 = CARTESIAN_POINT('',(3.098358365502,-3.464957630481E-18));
#5218 = CARTESIAN_POINT('',(3.119804696405,-3.472326694095E-19));
#5219 = CARTESIAN_POINT('',(3.14159265359,0.));
#5220 = ( GEOMETRIC_REPRESENTATION_CONTEXT(2) 
PARAMETRIC_REPRESENTATION_CONTEXT() REPRESENTATION_CONTEXT('2D SPACE',''
  ) );
#5221 = PCURVE('',#5222,#5227);
#5222 = B_SPLINE_SURFACE_WITH_KNOTS('',1,1,(
    (#5223,#5224)
    ,(#5225,#5226
    )),.UNSPECIFIED.,.F.,.F.,.F.,(2,2),(2,2),(1.130732732502E-02,
    2.2686E-02),(-8.898759604959E-04,9.153845725335E-05),
  .PIECEWISE_BEZIER_KNOTS.);
#5223 = CARTESIAN_POINT('',(11.307327325022,-0.889875960496,
    26.863065664153));
#5224 = CARTESIAN_POINT('',(11.307327325022,9.153845725335E-02,
    26.863065664153));
#5225 = CARTESIAN_POINT('',(22.686,-0.889875960496,26.863065664153));
#5226 = CARTESIAN_POINT('',(22.686,9.153845725335E-02,26.863065664153));
#5227 = DEFINITIONAL_REPRESENTATION('',(#5228),#5232);
#5228 = ( BOUNDED_CURVE() B_SPLINE_CURVE(2,(#5229,#5230,#5231),
.UNSPECIFIED.,.F.,.F.) B_SPLINE_CURVE_WITH_KNOTS((3,3),(3.102356811148,
3.14159265359),.PIECEWISE_BEZIER_KNOTS.) CURVE() 
GEOMETRIC_REPRESENTATION_ITEM() RATIONAL_B_SPLINE_CURVE((1.,
0.999807574755,1.)) REPRESENTATION_ITEM('') );
#5229 = CARTESIAN_POINT('',(2.266854024358E-02,-8.898759604959E-04));
#5230 = CARTESIAN_POINT('',(2.2686E-02,-4.451092642851E-04));
#5231 = CARTESIAN_POINT('',(2.2686E-02,-2.277780463995E-18));
#5232 = ( GEOMETRIC_REPRESENTATION_CONTEXT(2) 
PARAMETRIC_REPRESENTATION_CONTEXT() REPRESENTATION_CONTEXT('2D SPACE',''
  ) );
#5233 = ORIENTED_EDGE('',*,*,#5234,.T.);
#5234 = EDGE_CURVE('',#5207,#5235,#5237,.T.);
#5235 = VERTEX_POINT('',#5236);
#5236 = CARTESIAN_POINT('',(20.439379737234,-9.843086505621,
    26.863065664153));
#5237 = SURFACE_CURVE('',#5238,(#5242,#5250),.PCURVE_S1.);
#5238 = ( BOUNDED_CURVE() B_SPLINE_CURVE(2,(#5239,#5240,#5241),
.UNSPECIFIED.,.F.,.F.) B_SPLINE_CURVE_WITH_KNOTS((3,3),(5.873622199108,
6.28318530718),.PIECEWISE_BEZIER_KNOTS.) CURVE() 
GEOMETRIC_REPRESENTATION_ITEM() RATIONAL_B_SPLINE_CURVE((1.,
0.979105429584,1.)) REPRESENTATION_ITEM('') );
#5239 = CARTESIAN_POINT('',(22.668540243583,-0.889875960496,
    26.863065664153));
#5240 = CARTESIAN_POINT('',(22.483719291031,-5.597971680302,
    26.863065664153));
#5241 = CARTESIAN_POINT('',(20.439379737234,-9.843086505621,
    26.863065664153));
#5242 = PCURVE('',#4881,#5243);
#5243 = DEFINITIONAL_REPRESENTATION('',(#5244),#5249);
#5244 = B_SPLINE_CURVE_WITH_KNOTS('',3,(#5245,#5246,#5247,#5248),
  .UNSPECIFIED.,.F.,.F.,(4,4),(5.873622199108,6.28318530718),
  .PIECEWISE_BEZIER_KNOTS.);
#5245 = CARTESIAN_POINT('',(3.098358365502,1.794757970958E-20));
#5246 = CARTESIAN_POINT('',(2.950145592829,1.937935936879E-18));
#5247 = CARTESIAN_POINT('',(2.81060092892,-1.216560293646E-17));
#5248 = CARTESIAN_POINT('',(2.678358048674,2.723252768734E-20));
#5249 = ( GEOMETRIC_REPRESENTATION_CONTEXT(2) 
PARAMETRIC_REPRESENTATION_CONTEXT() REPRESENTATION_CONTEXT('2D SPACE',''
  ) );
#5250 = PCURVE('',#5251,#5256);
#5251 = B_SPLINE_SURFACE_WITH_KNOTS('',1,1,(
    (#5252,#5253)
    ,(#5254,#5255
    )),.UNSPECIFIED.,.F.,.F.,.F.,(2,2),(2,2),(-5.570740474746E-03,
    6.695369536856E-03),(-3.554718532749E-03,5.479041931772E-03),
  .PIECEWISE_BEZIER_KNOTS.);
#5252 = CARTESIAN_POINT('',(20.439379737234,-9.843086505621,
    26.863065664153));
#5253 = CARTESIAN_POINT('',(24.358981505873,-1.703949567,26.863065664153
    ));
#5254 = CARTESIAN_POINT('',(9.387996486515,-4.52102082936,
    26.863065664153));
#5255 = CARTESIAN_POINT('',(13.307598255153,3.618116109261,
    26.863065664153));
#5256 = DEFINITIONAL_REPRESENTATION('',(#5257),#5261);
#5257 = ( BOUNDED_CURVE() B_SPLINE_CURVE(2,(#5258,#5259,#5260),
.UNSPECIFIED.,.F.,.F.) B_SPLINE_CURVE_WITH_KNOTS((3,3),(5.873622199108,
6.28318530718),.PIECEWISE_BEZIER_KNOTS.) CURVE() 
GEOMETRIC_REPRESENTATION_ITEM() RATIONAL_B_SPLINE_CURVE((1.,
0.979105429584,1.)) REPRESENTATION_ITEM('') );
#5258 = CARTESIAN_POINT('',(-3.694492224098E-03,5.479041931772E-03));
#5259 = CARTESIAN_POINT('',(-5.570740474746E-03,1.157003455162E-03));
#5260 = CARTESIAN_POINT('',(-5.570740474746E-03,-3.554718532749E-03));
#5261 = ( GEOMETRIC_REPRESENTATION_CONTEXT(2) 
PARAMETRIC_REPRESENTATION_CONTEXT() REPRESENTATION_CONTEXT('2D SPACE',''
  ) );
#5262 = ORIENTED_EDGE('',*,*,#5263,.F.);
#5263 = EDGE_CURVE('',#5264,#5235,#5266,.T.);
#5264 = VERTEX_POINT('',#5265);
#5265 = CARTESIAN_POINT('',(20.03754633117,-10.63726153792,
    26.863065664153));
#5266 = SURFACE_CURVE('',#5267,(#5271,#5278),.PCURVE_S1.);
#5267 = ( BOUNDED_CURVE() B_SPLINE_CURVE(2,(#5268,#5269,#5270),
.UNSPECIFIED.,.F.,.F.) B_SPLINE_CURVE_WITH_KNOTS((3,3),(2.653557860635,
2.692793703077),.PIECEWISE_BEZIER_KNOTS.) CURVE() 
GEOMETRIC_REPRESENTATION_ITEM() RATIONAL_B_SPLINE_CURVE((1.,
0.999807574755,1.)) REPRESENTATION_ITEM('') );
#5268 = CARTESIAN_POINT('',(20.03754633117,-10.63726153792,
    26.863065664153));
#5269 = CARTESIAN_POINT('',(20.24625406533,-10.24411609555,
    26.863065664153));
#5270 = CARTESIAN_POINT('',(20.439379737234,-9.843086505621,
    26.863065664153));
#5271 = PCURVE('',#4881,#5272);
#5272 = DEFINITIONAL_REPRESENTATION('',(#5273),#5277);
#5273 = B_SPLINE_CURVE_WITH_KNOTS('',2,(#5274,#5275,#5276),
  .UNSPECIFIED.,.F.,.F.,(3,3),(2.653557860635,2.692793703077),
  .PIECEWISE_BEZIER_KNOTS.);
#5274 = CARTESIAN_POINT('',(2.64020856221,1.685710305524E-20));
#5275 = CARTESIAN_POINT('',(2.659223493582,-8.977425766535E-19));
#5276 = CARTESIAN_POINT('',(2.678358048674,2.723252768734E-20));
#5277 = ( GEOMETRIC_REPRESENTATION_CONTEXT(2) 
PARAMETRIC_REPRESENTATION_CONTEXT() REPRESENTATION_CONTEXT('2D SPACE',''
  ) );
#5278 = PCURVE('',#5279,#5284);
#5279 = B_SPLINE_SURFACE_WITH_KNOTS('',1,1,(
    (#5280,#5281)
    ,(#5282,#5283
    )),.UNSPECIFIED.,.F.,.F.,.F.,(2,2),(2,2),(9.955209809656E-03,
    2.043937973723E-02),(-1.063726153792E-02,-4.828930039298E-03),
  .PIECEWISE_BEZIER_KNOTS.);
#5280 = CARTESIAN_POINT('',(9.955209809656,-10.63726153792,
    26.863065664153));
#5281 = CARTESIAN_POINT('',(9.955209809656,-4.828930039298,
    26.863065664153));
#5282 = CARTESIAN_POINT('',(20.439379737234,-10.63726153792,
    26.863065664153));
#5283 = CARTESIAN_POINT('',(20.439379737234,-4.828930039298,
    26.863065664153));
#5284 = DEFINITIONAL_REPRESENTATION('',(#5285),#5289);
#5285 = ( BOUNDED_CURVE() B_SPLINE_CURVE(2,(#5286,#5287,#5288),
.UNSPECIFIED.,.F.,.F.) B_SPLINE_CURVE_WITH_KNOTS((3,3),(2.653557860635,
2.692793703077),.PIECEWISE_BEZIER_KNOTS.) CURVE() 
GEOMETRIC_REPRESENTATION_ITEM() RATIONAL_B_SPLINE_CURVE((1.,
0.999807574755,1.)) REPRESENTATION_ITEM('') );
#5286 = CARTESIAN_POINT('',(2.003754633117E-02,-1.063726153792E-02));
#5287 = CARTESIAN_POINT('',(2.024625406533E-02,-1.024411609556E-02));
#5288 = CARTESIAN_POINT('',(2.043937973723E-02,-9.843086505621E-03));
#5289 = ( GEOMETRIC_REPRESENTATION_CONTEXT(2) 
PARAMETRIC_REPRESENTATION_CONTEXT() REPRESENTATION_CONTEXT('2D SPACE',''
  ) );
#5290 = ORIENTED_EDGE('',*,*,#5291,.T.);
#5291 = EDGE_CURVE('',#5264,#5292,#5294,.T.);
#5292 = VERTEX_POINT('',#5293);
#5293 = CARTESIAN_POINT('',(14.144489644967,-17.73662901127,
    26.863065664153));
#5294 = SURFACE_CURVE('',#5295,(#5299,#5306),.PCURVE_S1.);
#5295 = ( BOUNDED_CURVE() B_SPLINE_CURVE(2,(#5296,#5297,#5298),
.UNSPECIFIED.,.F.,.F.) B_SPLINE_CURVE_WITH_KNOTS((3,3),(5.873622199108,
6.28318530718),.PIECEWISE_BEZIER_KNOTS.) CURVE() 
GEOMETRIC_REPRESENTATION_ITEM() RATIONAL_B_SPLINE_CURVE((1.,
0.979105429584,1.)) REPRESENTATION_ITEM('') );
#5296 = CARTESIAN_POINT('',(20.03754633117,-10.63726153792,
    26.863065664153));
#5297 = CARTESIAN_POINT('',(17.828262231753,-14.79891840261,
    26.863065664153));
#5298 = CARTESIAN_POINT('',(14.144489644967,-17.73662901127,
    26.863065664153));
#5299 = PCURVE('',#4881,#5300);
#5300 = DEFINITIONAL_REPRESENTATION('',(#5301),#5305);
#5301 = B_SPLINE_CURVE_WITH_KNOTS('',2,(#5302,#5303,#5304),
  .UNSPECIFIED.,.F.,.F.,(3,3),(5.873622199108,6.28318530718),
  .PIECEWISE_BEZIER_KNOTS.);
#5302 = CARTESIAN_POINT('',(2.64020856221,-6.922064596735E-18));
#5303 = CARTESIAN_POINT('',(2.443100951511,5.38763585671E-18));
#5304 = CARTESIAN_POINT('',(2.249710736929,3.684873821541E-21));
#5305 = ( GEOMETRIC_REPRESENTATION_CONTEXT(2) 
PARAMETRIC_REPRESENTATION_CONTEXT() REPRESENTATION_CONTEXT('2D SPACE',''
  ) );
#5306 = PCURVE('',#5307,#5312);
#5307 = B_SPLINE_SURFACE_WITH_KNOTS('',1,1,(
    (#5308,#5309)
    ,(#5310,#5311
    )),.UNSPECIFIED.,.F.,.F.,.F.,(2,2),(2,2),(-5.570740474746E-03,
    6.695369536856E-03),(-3.554718532749E-03,5.479041931772E-03),
  .PIECEWISE_BEZIER_KNOTS.);
#5308 = CARTESIAN_POINT('',(14.144489644967,-17.73662901127,
    26.863065664153));
#5309 = CARTESIAN_POINT('',(21.207367981205,-12.1041714892,
    26.863065664153));
#5310 = CARTESIAN_POINT('',(6.496695144256,-8.146598036783,
    26.863065664153));
#5311 = CARTESIAN_POINT('',(13.559573480494,-2.514140514719,
    26.863065664153));
#5312 = DEFINITIONAL_REPRESENTATION('',(#5313),#5317);
#5313 = ( BOUNDED_CURVE() B_SPLINE_CURVE(2,(#5314,#5315,#5316),
.UNSPECIFIED.,.F.,.F.) B_SPLINE_CURVE_WITH_KNOTS((3,3),(5.873622199108,
6.28318530718),.PIECEWISE_BEZIER_KNOTS.) CURVE() 
GEOMETRIC_REPRESENTATION_ITEM() RATIONAL_B_SPLINE_CURVE((1.,
0.979105429584,1.)) REPRESENTATION_ITEM('') );
#5314 = CARTESIAN_POINT('',(-3.694492224098E-03,5.479041931772E-03));
#5315 = CARTESIAN_POINT('',(-5.570740474746E-03,1.157003455162E-03));
#5316 = CARTESIAN_POINT('',(-5.570740474746E-03,-3.554718532749E-03));
#5317 = ( GEOMETRIC_REPRESENTATION_CONTEXT(2) 
PARAMETRIC_REPRESENTATION_CONTEXT() REPRESENTATION_CONTEXT('2D SPACE',''
  ) );
#5318 = ORIENTED_EDGE('',*,*,#5319,.F.);
#5319 = EDGE_CURVE('',#5320,#5292,#5322,.T.);
#5320 = VERTEX_POINT('',#5321);
#5321 = CARTESIAN_POINT('',(13.437870623491,-18.27780701031,
    26.863065664153));
#5322 = SURFACE_CURVE('',#5323,(#5327,#5334),.PCURVE_S1.);
#5323 = ( BOUNDED_CURVE() B_SPLINE_CURVE(2,(#5324,#5325,#5326),
.UNSPECIFIED.,.F.,.F.) B_SPLINE_CURVE_WITH_KNOTS((3,3),(2.204758910122,
2.243994752564),.PIECEWISE_BEZIER_KNOTS.) CURVE() 
GEOMETRIC_REPRESENTATION_ITEM() RATIONAL_B_SPLINE_CURVE((1.,
0.999807574755,1.)) REPRESENTATION_ITEM('') );
#5324 = CARTESIAN_POINT('',(13.437870623491,-18.27780701031,
    26.863065664153));
#5325 = CARTESIAN_POINT('',(13.796489209011,-18.01415009826,
    26.863065664153));
#5326 = CARTESIAN_POINT('',(14.144489644967,-17.73662901127,
    26.863065664153));
#5327 = PCURVE('',#4881,#5328);
#5328 = DEFINITIONAL_REPRESENTATION('',(#5329),#5333);
#5329 = B_SPLINE_CURVE_WITH_KNOTS('',2,(#5330,#5331,#5332),
  .UNSPECIFIED.,.F.,.F.,(3,3),(2.204758910122,2.243994752564),
  .PIECEWISE_BEZIER_KNOTS.);
#5330 = CARTESIAN_POINT('',(2.212349555992,4.87703628687E-21));
#5331 = CARTESIAN_POINT('',(2.231054336169,-7.528820417516E-18));
#5332 = CARTESIAN_POINT('',(2.249710736929,3.685873874005E-21));
#5333 = ( GEOMETRIC_REPRESENTATION_CONTEXT(2) 
PARAMETRIC_REPRESENTATION_CONTEXT() REPRESENTATION_CONTEXT('2D SPACE',''
  ) );
#5334 = PCURVE('',#5335,#5340);
#5335 = B_SPLINE_SURFACE_WITH_KNOTS('',1,1,(
    (#5336,#5337)
    ,(#5338,#5339
    )),.UNSPECIFIED.,.F.,.F.,.F.,(2,2),(2,2),(6.631340898852E-03,
    1.414448964497E-02),(-1.827780701031E-02,-8.792969718625E-03),
  .PIECEWISE_BEZIER_KNOTS.);
#5336 = CARTESIAN_POINT('',(6.631340898852,-18.27780701031,
    26.863065664153));
#5337 = CARTESIAN_POINT('',(6.631340898852,-8.792969718625,
    26.863065664153));
#5338 = CARTESIAN_POINT('',(14.144489644967,-18.27780701031,
    26.863065664153));
#5339 = CARTESIAN_POINT('',(14.144489644967,-8.792969718625,
    26.863065664153));
#5340 = DEFINITIONAL_REPRESENTATION('',(#5341),#5345);
#5341 = ( BOUNDED_CURVE() B_SPLINE_CURVE(2,(#5342,#5343,#5344),
.UNSPECIFIED.,.F.,.F.) B_SPLINE_CURVE_WITH_KNOTS((3,3),(2.204758910122,
2.243994752564),.PIECEWISE_BEZIER_KNOTS.) CURVE() 
GEOMETRIC_REPRESENTATION_ITEM() RATIONAL_B_SPLINE_CURVE((1.,
0.999807574755,1.)) REPRESENTATION_ITEM('') );
#5342 = CARTESIAN_POINT('',(1.343787062349E-02,-1.827780701031E-02));
#5343 = CARTESIAN_POINT('',(1.379648920901E-02,-1.801415009826E-02));
#5344 = CARTESIAN_POINT('',(1.414448964497E-02,-1.773662901127E-02));
#5345 = ( GEOMETRIC_REPRESENTATION_CONTEXT(2) 
PARAMETRIC_REPRESENTATION_CONTEXT() REPRESENTATION_CONTEXT('2D SPACE',''
  ) );
#5346 = ORIENTED_EDGE('',*,*,#5347,.T.);
#5347 = EDGE_CURVE('',#5320,#5348,#5350,.T.);
#5348 = VERTEX_POINT('',#5349);
#5349 = CARTESIAN_POINT('',(5.048109907733,-22.11721461575,
    26.863065664153));
#5350 = SURFACE_CURVE('',#5351,(#5355,#5363),.PCURVE_S1.);
#5351 = ( BOUNDED_CURVE() B_SPLINE_CURVE(2,(#5352,#5353,#5354),
.UNSPECIFIED.,.F.,.F.) B_SPLINE_CURVE_WITH_KNOTS((3,3),(5.873622199108,
6.28318530718),.PIECEWISE_BEZIER_KNOTS.) CURVE() 
GEOMETRIC_REPRESENTATION_ITEM() RATIONAL_B_SPLINE_CURVE((1.,
0.979105429584,1.)) REPRESENTATION_ITEM('') );
#5352 = CARTESIAN_POINT('',(13.437870623491,-18.27780701031,
    26.863065664153));
#5353 = CARTESIAN_POINT('',(9.641699188188,-21.06875783846,
    26.863065664153));
#5354 = CARTESIAN_POINT('',(5.048109907733,-22.11721461575,
    26.863065664153));
#5355 = PCURVE('',#4881,#5356);
#5356 = DEFINITIONAL_REPRESENTATION('',(#5357),#5362);
#5357 = B_SPLINE_CURVE_WITH_KNOTS('',3,(#5358,#5359,#5360,#5361),
  .UNSPECIFIED.,.F.,.F.,(4,4),(5.873622199108,6.28318530718),
  .PIECEWISE_BEZIER_KNOTS.);
#5358 = CARTESIAN_POINT('',(2.212349555992,4.879403927347E-21));
#5359 = CARTESIAN_POINT('',(2.083081162266,-6.660629712478E-18));
#5360 = CARTESIAN_POINT('',(1.949125589375,-4.248783679265E-18));
#5361 = CARTESIAN_POINT('',(1.809932046125,3.494901751343E-20));
#5362 = ( GEOMETRIC_REPRESENTATION_CONTEXT(2) 
PARAMETRIC_REPRESENTATION_CONTEXT() REPRESENTATION_CONTEXT('2D SPACE',''
  ) );
#5363 = PCURVE('',#5364,#5369);
#5364 = B_SPLINE_SURFACE_WITH_KNOTS('',1,1,(
    (#5365,#5366)
    ,(#5367,#5368
    )),.UNSPECIFIED.,.F.,.F.,.F.,(2,2),(2,2),(-5.570740474746E-03,
    6.695369536856E-03),(-3.554718532749E-03,5.479041931772E-03),
  .PIECEWISE_BEZIER_KNOTS.);
#5365 = CARTESIAN_POINT('',(5.048109907733,-22.11721461575,
    26.863065664153));
#5366 = CARTESIAN_POINT('',(13.855375136559,-20.10701380005,
    26.863065664153));
#5367 = CARTESIAN_POINT('',(2.31864365194,-10.15864159155,
    26.863065664153));
#5368 = CARTESIAN_POINT('',(11.125908880767,-8.14844077585,
    26.863065664153));
#5369 = DEFINITIONAL_REPRESENTATION('',(#5370),#5374);
#5370 = ( BOUNDED_CURVE() B_SPLINE_CURVE(2,(#5371,#5372,#5373),
.UNSPECIFIED.,.F.,.F.) B_SPLINE_CURVE_WITH_KNOTS((3,3),(5.873622199108,
6.28318530718),.PIECEWISE_BEZIER_KNOTS.) CURVE() 
GEOMETRIC_REPRESENTATION_ITEM() RATIONAL_B_SPLINE_CURVE((1.,
0.979105429584,1.)) REPRESENTATION_ITEM('') );
#5371 = CARTESIAN_POINT('',(-3.694492224098E-03,5.479041931772E-03));
#5372 = CARTESIAN_POINT('',(-5.570740474746E-03,1.157003455162E-03));
#5373 = CARTESIAN_POINT('',(-5.570740474746E-03,-3.554718532749E-03));
#5374 = ( GEOMETRIC_REPRESENTATION_CONTEXT(2) 
PARAMETRIC_REPRESENTATION_CONTEXT() REPRESENTATION_CONTEXT('2D SPACE',''
  ) );
#5375 = ORIENTED_EDGE('',*,*,#5376,.F.);
#5376 = EDGE_CURVE('',#5377,#5348,#5379,.T.);
#5377 = VERTEX_POINT('',#5378);
#5378 = CARTESIAN_POINT('',(4.176659834161,-22.29820864172,
    26.863065664153));
#5379 = SURFACE_CURVE('',#5380,(#5384,#5391),.PCURVE_S1.);
#5380 = ( BOUNDED_CURVE() B_SPLINE_CURVE(2,(#5381,#5382,#5383),
.UNSPECIFIED.,.F.,.F.) B_SPLINE_CURVE_WITH_KNOTS((3,3),(1.75595995961,
1.795195802051),.PIECEWISE_BEZIER_KNOTS.) CURVE() 
GEOMETRIC_REPRESENTATION_ITEM() RATIONAL_B_SPLINE_CURVE((1.,
0.999807574755,1.)) REPRESENTATION_ITEM('') );
#5381 = CARTESIAN_POINT('',(4.176659834161,-22.29820864172,
    26.863065664153));
#5382 = CARTESIAN_POINT('',(4.614160462011,-22.21626074495,
    26.863065664153));
#5383 = CARTESIAN_POINT('',(5.048109907733,-22.11721461575,
    26.863065664153));
#5384 = PCURVE('',#4881,#5385);
#5385 = DEFINITIONAL_REPRESENTATION('',(#5386),#5390);
#5386 = B_SPLINE_CURVE_WITH_KNOTS('',2,(#5387,#5388,#5389),
  .UNSPECIFIED.,.F.,.F.,(3,3),(1.75595995961,1.795195802051),
  .PIECEWISE_BEZIER_KNOTS.);
#5387 = CARTESIAN_POINT('',(1.769412547388,-6.907155902703E-18));
#5388 = CARTESIAN_POINT('',(1.789791039629,3.650769096175E-19));
#5389 = CARTESIAN_POINT('',(1.809932046125,3.506231507303E-20));
#5390 = ( GEOMETRIC_REPRESENTATION_CONTEXT(2) 
PARAMETRIC_REPRESENTATION_CONTEXT() REPRESENTATION_CONTEXT('2D SPACE',''
  ) );
#5391 = PCURVE('',#5392,#5397);
#5392 = B_SPLINE_SURFACE_WITH_KNOTS('',1,1,(
    (#5393,#5394)
    ,(#5395,#5396
    )),.UNSPECIFIED.,.F.,.F.,.F.,(2,2),(2,2),(1.994053594971E-03,
    5.048109907733E-03),(-2.229820864172E-02,-1.101545390648E-02),
  .PIECEWISE_BEZIER_KNOTS.);
#5393 = CARTESIAN_POINT('',(1.994053594971,-22.29820864172,
    26.863065664153));
#5394 = CARTESIAN_POINT('',(1.994053594971,-11.01545390648,
    26.863065664153));
#5395 = CARTESIAN_POINT('',(5.048109907733,-22.29820864172,
    26.863065664153));
#5396 = CARTESIAN_POINT('',(5.048109907733,-11.01545390648,
    26.863065664153));
#5397 = DEFINITIONAL_REPRESENTATION('',(#5398),#5402);
#5398 = ( BOUNDED_CURVE() B_SPLINE_CURVE(2,(#5399,#5400,#5401),
.UNSPECIFIED.,.F.,.F.) B_SPLINE_CURVE_WITH_KNOTS((3,3),(1.75595995961,
1.795195802051),.PIECEWISE_BEZIER_KNOTS.) CURVE() 
GEOMETRIC_REPRESENTATION_ITEM() RATIONAL_B_SPLINE_CURVE((1.,
0.999807574755,1.)) REPRESENTATION_ITEM('') );
#5399 = CARTESIAN_POINT('',(4.176659834161E-03,-2.229820864172E-02));
#5400 = CARTESIAN_POINT('',(4.614160462011E-03,-2.221626074496E-02));
#5401 = CARTESIAN_POINT('',(5.048109907733E-03,-2.211721461576E-02));
#5402 = ( GEOMETRIC_REPRESENTATION_CONTEXT(2) 
PARAMETRIC_REPRESENTATION_CONTEXT() REPRESENTATION_CONTEXT('2D SPACE',''
  ) );
#5403 = ORIENTED_EDGE('',*,*,#5404,.T.);
#5404 = EDGE_CURVE('',#5377,#5154,#5405,.T.);
#5405 = SURFACE_CURVE('',#5406,(#5410,#5418),.PCURVE_S1.);
#5406 = ( BOUNDED_CURVE() B_SPLINE_CURVE(2,(#5407,#5408,#5409),
.UNSPECIFIED.,.F.,.F.) B_SPLINE_CURVE_WITH_KNOTS((3,3),(5.873622199108,
6.058785831923),.PIECEWISE_BEZIER_KNOTS.) CURVE() 
GEOMETRIC_REPRESENTATION_ITEM() RATIONAL_B_SPLINE_CURVE((1.,
0.99571736396,1.)) REPRESENTATION_ITEM('') );
#5407 = CARTESIAN_POINT('',(4.176659834161,-22.29820864172,
    26.863065664153));
#5408 = CARTESIAN_POINT('',(2.106332596677,-22.686,26.863065664153));
#5409 = CARTESIAN_POINT('',(-1.734723475977E-14,-22.686,26.863065664153)
  );
#5410 = PCURVE('',#4881,#5411);
#5411 = DEFINITIONAL_REPRESENTATION('',(#5412),#5417);
#5412 = B_SPLINE_CURVE_WITH_KNOTS('',3,(#5413,#5414,#5415,#5416),
  .UNSPECIFIED.,.F.,.F.,(4,4),(5.873622199108,6.058785831923),
  .PIECEWISE_BEZIER_KNOTS.);
#5413 = CARTESIAN_POINT('',(1.769412547388,3.14423630976E-20));
#5414 = CARTESIAN_POINT('',(1.705384306389,-4.950940461563E-18));
#5415 = CARTESIAN_POINT('',(1.63925295261,-9.490482950231E-18));
#5416 = CARTESIAN_POINT('',(1.570796326795,0.));
#5417 = ( GEOMETRIC_REPRESENTATION_CONTEXT(2) 
PARAMETRIC_REPRESENTATION_CONTEXT() REPRESENTATION_CONTEXT('2D SPACE',''
  ) );
#5418 = PCURVE('',#5419,#5424);
#5419 = B_SPLINE_SURFACE_WITH_KNOTS('',1,1,(
    (#5420,#5421)
    ,(#5422,#5423
    )),.UNSPECIFIED.,.F.,.F.,.F.,(2,2),(2,2),(-5.570740474746E-03,
    6.695369536856E-03),(-3.554718532749E-03,5.479041931772E-03),
  .PIECEWISE_BEZIER_KNOTS.);
#5420 = CARTESIAN_POINT('',(-5.048109907733,-22.11721461575,
    26.863065664153));
#5421 = CARTESIAN_POINT('',(3.759155321093,-24.12741543146,
    26.863065664153));
#5422 = CARTESIAN_POINT('',(-2.31864365194,-10.15864159155,
    26.863065664153));
#5423 = CARTESIAN_POINT('',(6.488621576886,-12.16884240725,
    26.863065664153));
#5424 = DEFINITIONAL_REPRESENTATION('',(#5425),#5429);
#5425 = ( BOUNDED_CURVE() B_SPLINE_CURVE(2,(#5426,#5427,#5428),
.UNSPECIFIED.,.F.,.F.) B_SPLINE_CURVE_WITH_KNOTS((3,3),(5.873622199108,
6.058785831923),.PIECEWISE_BEZIER_KNOTS.) CURVE() 
GEOMETRIC_REPRESENTATION_ITEM() RATIONAL_B_SPLINE_CURVE((1.,
0.99571736396,1.)) REPRESENTATION_ITEM('') );
#5426 = CARTESIAN_POINT('',(-3.694492224098E-03,5.479041931772E-03));
#5427 = CARTESIAN_POINT('',(-4.533251993868E-03,3.546913815823E-03));
#5428 = CARTESIAN_POINT('',(-5.001955090503E-03,1.493391374984E-03));
#5429 = ( GEOMETRIC_REPRESENTATION_CONTEXT(2) 
PARAMETRIC_REPRESENTATION_CONTEXT() REPRESENTATION_CONTEXT('2D SPACE',''
  ) );
#5430 = ADVANCED_FACE('',(#5431),#4938,.F.);
#5431 = FACE_BOUND('',#5432,.F.);
#5432 = EDGE_LOOP('',(#5433,#5434,#5457,#5479,#5507,#5536,#5564,#5592,
    #5620,#5649,#5677));
#5433 = ORIENTED_EDGE('',*,*,#4923,.T.);
#5434 = ORIENTED_EDGE('',*,*,#5435,.T.);
#5435 = EDGE_CURVE('',#4896,#5436,#5438,.T.);
#5436 = VERTEX_POINT('',#5437);
#5437 = CARTESIAN_POINT('',(-22.686,0.,29.533282711325));
#5438 = SURFACE_CURVE('',#5439,(#5443,#5450),.PCURVE_S1.);
#5439 = ( BOUNDED_CURVE() B_SPLINE_CURVE(2,(#5440,#5441,#5442),
.UNSPECIFIED.,.F.,.F.) B_SPLINE_CURVE_WITH_KNOTS((3,3),(4.712388980385,
6.28318530718),.PIECEWISE_BEZIER_KNOTS.) CURVE() 
GEOMETRIC_REPRESENTATION_ITEM() RATIONAL_B_SPLINE_CURVE((1.,
0.707106781187,1.)) REPRESENTATION_ITEM('') );
#5440 = CARTESIAN_POINT('',(4.167350592819E-15,22.686,29.533282711325));
#5441 = CARTESIAN_POINT('',(-22.686,22.686,29.533282711325));
#5442 = CARTESIAN_POINT('',(-22.686,5.556467457091E-15,29.533282711325)
  );
#5443 = PCURVE('',#4938,#5444);
#5444 = DEFINITIONAL_REPRESENTATION('',(#5445),#5449);
#5445 = B_SPLINE_CURVE_WITH_KNOTS('',2,(#5446,#5447,#5448),
  .UNSPECIFIED.,.F.,.F.,(3,3),(4.712388980385,6.28318530718),
  .PIECEWISE_BEZIER_KNOTS.);
#5446 = CARTESIAN_POINT('',(4.712388980385,-2.670217047172E-03));
#5447 = CARTESIAN_POINT('',(5.497787143782,-2.670217047172E-03));
#5448 = CARTESIAN_POINT('',(6.28318530718,-2.670217047172E-03));
#5449 = ( GEOMETRIC_REPRESENTATION_CONTEXT(2) 
PARAMETRIC_REPRESENTATION_CONTEXT() REPRESENTATION_CONTEXT('2D SPACE',''
  ) );
#5450 = PCURVE('',#4911,#5451);
#5451 = DEFINITIONAL_REPRESENTATION('',(#5452),#5456);
#5452 = ( BOUNDED_CURVE() B_SPLINE_CURVE(2,(#5453,#5454,#5455),
.UNSPECIFIED.,.F.,.F.) B_SPLINE_CURVE_WITH_KNOTS((3,3),(4.712388980385,
6.28318530718),.PIECEWISE_BEZIER_KNOTS.) CURVE() 
GEOMETRIC_REPRESENTATION_ITEM() RATIONAL_B_SPLINE_CURVE((1.,
0.707106781187,1.)) REPRESENTATION_ITEM('') );
#5453 = CARTESIAN_POINT('',(3.782657066957E-18,2.2686E-02));
#5454 = CARTESIAN_POINT('',(-2.2686E-02,2.2686E-02));
#5455 = CARTESIAN_POINT('',(-2.2686E-02,6.056920721642E-18));
#5456 = ( GEOMETRIC_REPRESENTATION_CONTEXT(2) 
PARAMETRIC_REPRESENTATION_CONTEXT() REPRESENTATION_CONTEXT('2D SPACE',''
  ) );
#5457 = ORIENTED_EDGE('',*,*,#5458,.F.);
#5458 = EDGE_CURVE('',#5459,#5436,#5461,.T.);
#5459 = VERTEX_POINT('',#5460);
#5460 = CARTESIAN_POINT('',(-22.686,-1.156482317318E-15,26.863065664153)
  );
#5461 = SURFACE_CURVE('',#5462,(#5465,#5472),.PCURVE_S1.);
#5462 = B_SPLINE_CURVE_WITH_KNOTS('',1,(#5463,#5464),.UNSPECIFIED.,.F.,
  .F.,(2,2),(0.,2.670217047172E-03),.PIECEWISE_BEZIER_KNOTS.);
#5463 = CARTESIAN_POINT('',(-22.686,0.,26.863065664153));
#5464 = CARTESIAN_POINT('',(-22.686,0.,29.533282711325));
#5465 = PCURVE('',#4938,#5466);
#5466 = DEFINITIONAL_REPRESENTATION('',(#5467),#5471);
#5467 = B_SPLINE_CURVE_WITH_KNOTS('',2,(#5468,#5469,#5470),
  .UNSPECIFIED.,.F.,.F.,(3,3),(0.,2.670217047172E-03),
  .PIECEWISE_BEZIER_KNOTS.);
#5468 = CARTESIAN_POINT('',(6.28318530718,0.));
#5469 = CARTESIAN_POINT('',(6.28318530718,-1.335108523586E-03));
#5470 = CARTESIAN_POINT('',(6.28318530718,-2.670217047172E-03));
#5471 = ( GEOMETRIC_REPRESENTATION_CONTEXT(2) 
PARAMETRIC_REPRESENTATION_CONTEXT() REPRESENTATION_CONTEXT('2D SPACE',''
  ) );
#5472 = PCURVE('',#5170,#5473);
#5473 = DEFINITIONAL_REPRESENTATION('',(#5474),#5478);
#5474 = B_SPLINE_CURVE_WITH_KNOTS('',2,(#5475,#5476,#5477),
  .UNSPECIFIED.,.F.,.F.,(3,3),(0.,2.670217047172E-03),
  .PIECEWISE_BEZIER_KNOTS.);
#5475 = CARTESIAN_POINT('',(0.,0.));
#5476 = CARTESIAN_POINT('',(0.,-1.335108523586E-03));
#5477 = CARTESIAN_POINT('',(0.,-2.670217047172E-03));
#5478 = ( GEOMETRIC_REPRESENTATION_CONTEXT(2) 
PARAMETRIC_REPRESENTATION_CONTEXT() REPRESENTATION_CONTEXT('2D SPACE',''
  ) );
#5479 = ORIENTED_EDGE('',*,*,#5480,.F.);
#5480 = EDGE_CURVE('',#5481,#5459,#5483,.T.);
#5481 = VERTEX_POINT('',#5482);
#5482 = CARTESIAN_POINT('',(-22.66854024358,0.889875960496,
    26.863065664153));
#5483 = SURFACE_CURVE('',#5484,(#5488,#5495),.PCURVE_S1.);
#5484 = ( BOUNDED_CURVE() B_SPLINE_CURVE(2,(#5485,#5486,#5487),
.UNSPECIFIED.,.F.,.F.) B_SPLINE_CURVE_WITH_KNOTS((3,3),(6.243949464738,
6.28318530718),.PIECEWISE_BEZIER_KNOTS.) CURVE() 
GEOMETRIC_REPRESENTATION_ITEM() RATIONAL_B_SPLINE_CURVE((1.,
0.999807574755,1.)) REPRESENTATION_ITEM('') );
#5485 = CARTESIAN_POINT('',(-22.66854024358,0.889875960496,
    26.863065664153));
#5486 = CARTESIAN_POINT('',(-22.686,0.445109264285,26.863065664153));
#5487 = CARTESIAN_POINT('',(-22.686,5.556467457091E-15,26.863065664153)
  );
#5488 = PCURVE('',#4938,#5489);
#5489 = DEFINITIONAL_REPRESENTATION('',(#5490),#5494);
#5490 = B_SPLINE_CURVE_WITH_KNOTS('',2,(#5491,#5492,#5493),
  .UNSPECIFIED.,.F.,.F.,(3,3),(6.243949464738,6.28318530718),
  .PIECEWISE_BEZIER_KNOTS.);
#5491 = CARTESIAN_POINT('',(6.239951019092,3.491883853136E-18));
#5492 = CARTESIAN_POINT('',(6.261397349995,-1.202126661871E-17));
#5493 = CARTESIAN_POINT('',(6.28318530718,0.));
#5494 = ( GEOMETRIC_REPRESENTATION_CONTEXT(2) 
PARAMETRIC_REPRESENTATION_CONTEXT() REPRESENTATION_CONTEXT('2D SPACE',''
  ) );
#5495 = PCURVE('',#5496,#5501);
#5496 = B_SPLINE_SURFACE_WITH_KNOTS('',1,1,(
    (#5497,#5498)
    ,(#5499,#5500)),.UNSPECIFIED.,.F.,.F.,.F.,(2,2),(2,2),(-2.2686E-02,
    -1.130732732502E-02),(-9.153845725335E-05,8.898759604959E-04),
  .PIECEWISE_BEZIER_KNOTS.);
#5497 = CARTESIAN_POINT('',(-22.686,-9.153845725335E-02,26.863065664153)
  );
#5498 = CARTESIAN_POINT('',(-22.686,0.889875960496,26.863065664153));
#5499 = CARTESIAN_POINT('',(-11.30732732502,-9.153845725335E-02,
    26.863065664153));
#5500 = CARTESIAN_POINT('',(-11.30732732502,0.889875960496,
    26.863065664153));
#5501 = DEFINITIONAL_REPRESENTATION('',(#5502),#5506);
#5502 = ( BOUNDED_CURVE() B_SPLINE_CURVE(2,(#5503,#5504,#5505),
.UNSPECIFIED.,.F.,.F.) B_SPLINE_CURVE_WITH_KNOTS((3,3),(6.243949464738,
6.28318530718),.PIECEWISE_BEZIER_KNOTS.) CURVE() 
GEOMETRIC_REPRESENTATION_ITEM() RATIONAL_B_SPLINE_CURVE((1.,
0.999807574755,1.)) REPRESENTATION_ITEM('') );
#5503 = CARTESIAN_POINT('',(-2.266854024358E-02,8.898759604959E-04));
#5504 = CARTESIAN_POINT('',(-2.2686E-02,4.451092642851E-04));
#5505 = CARTESIAN_POINT('',(-2.2686E-02,6.056920721642E-18));
#5506 = ( GEOMETRIC_REPRESENTATION_CONTEXT(2) 
PARAMETRIC_REPRESENTATION_CONTEXT() REPRESENTATION_CONTEXT('2D SPACE',''
  ) );
#5507 = ORIENTED_EDGE('',*,*,#5508,.T.);
#5508 = EDGE_CURVE('',#5481,#5509,#5511,.T.);
#5509 = VERTEX_POINT('',#5510);
#5510 = CARTESIAN_POINT('',(-20.43937973723,9.843086505621,
    26.863065664153));
#5511 = SURFACE_CURVE('',#5512,(#5516,#5524),.PCURVE_S1.);
#5512 = ( BOUNDED_CURVE() B_SPLINE_CURVE(2,(#5513,#5514,#5515),
.UNSPECIFIED.,.F.,.F.) B_SPLINE_CURVE_WITH_KNOTS((3,3),(5.873622199108,
6.28318530718),.PIECEWISE_BEZIER_KNOTS.) CURVE() 
GEOMETRIC_REPRESENTATION_ITEM() RATIONAL_B_SPLINE_CURVE((1.,
0.979105429584,1.)) REPRESENTATION_ITEM('') );
#5513 = CARTESIAN_POINT('',(-22.66854024358,0.889875960496,
    26.863065664153));
#5514 = CARTESIAN_POINT('',(-22.48371929103,5.597971680302,
    26.863065664153));
#5515 = CARTESIAN_POINT('',(-20.43937973723,9.843086505621,
    26.863065664153));
#5516 = PCURVE('',#4938,#5517);
#5517 = DEFINITIONAL_REPRESENTATION('',(#5518),#5523);
#5518 = B_SPLINE_CURVE_WITH_KNOTS('',3,(#5519,#5520,#5521,#5522),
  .UNSPECIFIED.,.F.,.F.,(4,4),(5.873622199108,6.28318530718),
  .PIECEWISE_BEZIER_KNOTS.);
#5519 = CARTESIAN_POINT('',(6.239951019092,-6.91645700259E-18));
#5520 = CARTESIAN_POINT('',(6.091738246419,5.981087427983E-18));
#5521 = CARTESIAN_POINT('',(5.95219358251,-5.620818334411E-18));
#5522 = CARTESIAN_POINT('',(5.819950702264,-3.433088491986E-18));
#5523 = ( GEOMETRIC_REPRESENTATION_CONTEXT(2) 
PARAMETRIC_REPRESENTATION_CONTEXT() REPRESENTATION_CONTEXT('2D SPACE',''
  ) );
#5524 = PCURVE('',#5525,#5530);
#5525 = B_SPLINE_SURFACE_WITH_KNOTS('',1,1,(
    (#5526,#5527)
    ,(#5528,#5529
    )),.UNSPECIFIED.,.F.,.F.,.F.,(2,2),(2,2),(-5.570740474746E-03,
    6.695369536856E-03),(-3.554718532749E-03,5.479041931772E-03),
  .PIECEWISE_BEZIER_KNOTS.);
#5526 = CARTESIAN_POINT('',(-20.43937973723,9.843086505621,
    26.863065664153));
#5527 = CARTESIAN_POINT('',(-24.35898150587,1.703949567,26.863065664153)
  );
#5528 = CARTESIAN_POINT('',(-9.387996486515,4.52102082936,
    26.863065664153));
#5529 = CARTESIAN_POINT('',(-13.30759825515,-3.618116109261,
    26.863065664153));
#5530 = DEFINITIONAL_REPRESENTATION('',(#5531),#5535);
#5531 = ( BOUNDED_CURVE() B_SPLINE_CURVE(2,(#5532,#5533,#5534),
.UNSPECIFIED.,.F.,.F.) B_SPLINE_CURVE_WITH_KNOTS((3,3),(5.873622199108,
6.28318530718),.PIECEWISE_BEZIER_KNOTS.) CURVE() 
GEOMETRIC_REPRESENTATION_ITEM() RATIONAL_B_SPLINE_CURVE((1.,
0.979105429584,1.)) REPRESENTATION_ITEM('') );
#5532 = CARTESIAN_POINT('',(-3.694492224098E-03,5.479041931772E-03));
#5533 = CARTESIAN_POINT('',(-5.570740474746E-03,1.157003455162E-03));
#5534 = CARTESIAN_POINT('',(-5.570740474746E-03,-3.554718532749E-03));
#5535 = ( GEOMETRIC_REPRESENTATION_CONTEXT(2) 
PARAMETRIC_REPRESENTATION_CONTEXT() REPRESENTATION_CONTEXT('2D SPACE',''
  ) );
#5536 = ORIENTED_EDGE('',*,*,#5537,.F.);
#5537 = EDGE_CURVE('',#5538,#5509,#5540,.T.);
#5538 = VERTEX_POINT('',#5539);
#5539 = CARTESIAN_POINT('',(-20.03754633117,10.637261537924,
    26.863065664153));
#5540 = SURFACE_CURVE('',#5541,(#5545,#5552),.PCURVE_S1.);
#5541 = ( BOUNDED_CURVE() B_SPLINE_CURVE(2,(#5542,#5543,#5544),
.UNSPECIFIED.,.F.,.F.) B_SPLINE_CURVE_WITH_KNOTS((3,3),(5.795150514225,
5.834386356667),.PIECEWISE_BEZIER_KNOTS.) CURVE() 
GEOMETRIC_REPRESENTATION_ITEM() RATIONAL_B_SPLINE_CURVE((1.,
0.999807574755,1.)) REPRESENTATION_ITEM('') );
#5542 = CARTESIAN_POINT('',(-20.03754633117,10.637261537924,
    26.863065664153));
#5543 = CARTESIAN_POINT('',(-20.24625406533,10.244116095557,
    26.863065664153));
#5544 = CARTESIAN_POINT('',(-20.43937973723,9.843086505621,
    26.863065664153));
#5545 = PCURVE('',#4938,#5546);
#5546 = DEFINITIONAL_REPRESENTATION('',(#5547),#5551);
#5547 = B_SPLINE_CURVE_WITH_KNOTS('',2,(#5548,#5549,#5550),
  .UNSPECIFIED.,.F.,.F.,(3,3),(5.795150514225,5.834386356667),
  .PIECEWISE_BEZIER_KNOTS.);
#5548 = CARTESIAN_POINT('',(5.7818012158,-6.905151901065E-18));
#5549 = CARTESIAN_POINT('',(5.800816147172,4.804549835437E-18));
#5550 = CARTESIAN_POINT('',(5.819950702264,-3.433088491986E-18));
#5551 = ( GEOMETRIC_REPRESENTATION_CONTEXT(2) 
PARAMETRIC_REPRESENTATION_CONTEXT() REPRESENTATION_CONTEXT('2D SPACE',''
  ) );
#5552 = PCURVE('',#5553,#5558);
#5553 = B_SPLINE_SURFACE_WITH_KNOTS('',1,1,(
    (#5554,#5555)
    ,(#5556,#5557
    )),.UNSPECIFIED.,.F.,.F.,.F.,(2,2),(2,2),(-2.043937973723E-02,
    -9.955209809656E-03),(4.828930039298E-03,1.063726153792E-02),
  .PIECEWISE_BEZIER_KNOTS.);
#5554 = CARTESIAN_POINT('',(-20.43937973723,4.828930039298,
    26.863065664153));
#5555 = CARTESIAN_POINT('',(-20.43937973723,10.637261537924,
    26.863065664153));
#5556 = CARTESIAN_POINT('',(-9.955209809656,4.828930039298,
    26.863065664153));
#5557 = CARTESIAN_POINT('',(-9.955209809656,10.637261537924,
    26.863065664153));
#5558 = DEFINITIONAL_REPRESENTATION('',(#5559),#5563);
#5559 = ( BOUNDED_CURVE() B_SPLINE_CURVE(2,(#5560,#5561,#5562),
.UNSPECIFIED.,.F.,.F.) B_SPLINE_CURVE_WITH_KNOTS((3,3),(5.795150514225,
5.834386356667),.PIECEWISE_BEZIER_KNOTS.) CURVE() 
GEOMETRIC_REPRESENTATION_ITEM() RATIONAL_B_SPLINE_CURVE((1.,
0.999807574755,1.)) REPRESENTATION_ITEM('') );
#5560 = CARTESIAN_POINT('',(-2.003754633117E-02,1.063726153792E-02));
#5561 = CARTESIAN_POINT('',(-2.024625406533E-02,1.024411609556E-02));
#5562 = CARTESIAN_POINT('',(-2.043937973723E-02,9.843086505621E-03));
#5563 = ( GEOMETRIC_REPRESENTATION_CONTEXT(2) 
PARAMETRIC_REPRESENTATION_CONTEXT() REPRESENTATION_CONTEXT('2D SPACE',''
  ) );
#5564 = ORIENTED_EDGE('',*,*,#5565,.T.);
#5565 = EDGE_CURVE('',#5538,#5566,#5568,.T.);
#5566 = VERTEX_POINT('',#5567);
#5567 = CARTESIAN_POINT('',(-14.14448964496,17.73662901127,
    26.863065664153));
#5568 = SURFACE_CURVE('',#5569,(#5573,#5580),.PCURVE_S1.);
#5569 = ( BOUNDED_CURVE() B_SPLINE_CURVE(2,(#5570,#5571,#5572),
.UNSPECIFIED.,.F.,.F.) B_SPLINE_CURVE_WITH_KNOTS((3,3),(5.873622199108,
6.28318530718),.PIECEWISE_BEZIER_KNOTS.) CURVE() 
GEOMETRIC_REPRESENTATION_ITEM() RATIONAL_B_SPLINE_CURVE((1.,
0.979105429584,1.)) REPRESENTATION_ITEM('') );
#5570 = CARTESIAN_POINT('',(-20.03754633117,10.637261537924,
    26.863065664153));
#5571 = CARTESIAN_POINT('',(-17.82826223175,14.798918402614,
    26.863065664153));
#5572 = CARTESIAN_POINT('',(-14.14448964496,17.73662901127,
    26.863065664153));
#5573 = PCURVE('',#4938,#5574);
#5574 = DEFINITIONAL_REPRESENTATION('',(#5575),#5579);
#5575 = B_SPLINE_CURVE_WITH_KNOTS('',2,(#5576,#5577,#5578),
  .UNSPECIFIED.,.F.,.F.,(3,3),(5.873622199108,6.28318530718),
  .PIECEWISE_BEZIER_KNOTS.);
#5576 = CARTESIAN_POINT('',(5.7818012158,-6.905151901065E-18));
#5577 = CARTESIAN_POINT('',(5.584693605101,4.619810705519E-19));
#5578 = CARTESIAN_POINT('',(5.391303390518,1.000052463384E-24));
#5579 = ( GEOMETRIC_REPRESENTATION_CONTEXT(2) 
PARAMETRIC_REPRESENTATION_CONTEXT() REPRESENTATION_CONTEXT('2D SPACE',''
  ) );
#5580 = PCURVE('',#5581,#5586);
#5581 = B_SPLINE_SURFACE_WITH_KNOTS('',1,1,(
    (#5582,#5583)
    ,(#5584,#5585
    )),.UNSPECIFIED.,.F.,.F.,.F.,(2,2),(2,2),(-5.570740474746E-03,
    6.695369536856E-03),(-3.554718532749E-03,5.479041931772E-03),
  .PIECEWISE_BEZIER_KNOTS.);
#5582 = CARTESIAN_POINT('',(-14.14448964496,17.73662901127,
    26.863065664153));
#5583 = CARTESIAN_POINT('',(-21.2073679812,12.104171489206,
    26.863065664153));
#5584 = CARTESIAN_POINT('',(-6.496695144256,8.146598036783,
    26.863065664153));
#5585 = CARTESIAN_POINT('',(-13.55957348049,2.514140514719,
    26.863065664153));
#5586 = DEFINITIONAL_REPRESENTATION('',(#5587),#5591);
#5587 = ( BOUNDED_CURVE() B_SPLINE_CURVE(2,(#5588,#5589,#5590),
.UNSPECIFIED.,.F.,.F.) B_SPLINE_CURVE_WITH_KNOTS((3,3),(5.873622199108,
6.28318530718),.PIECEWISE_BEZIER_KNOTS.) CURVE() 
GEOMETRIC_REPRESENTATION_ITEM() RATIONAL_B_SPLINE_CURVE((1.,
0.979105429584,1.)) REPRESENTATION_ITEM('') );
#5588 = CARTESIAN_POINT('',(-3.694492224098E-03,5.479041931772E-03));
#5589 = CARTESIAN_POINT('',(-5.570740474746E-03,1.157003455162E-03));
#5590 = CARTESIAN_POINT('',(-5.570740474746E-03,-3.554718532749E-03));
#5591 = ( GEOMETRIC_REPRESENTATION_CONTEXT(2) 
PARAMETRIC_REPRESENTATION_CONTEXT() REPRESENTATION_CONTEXT('2D SPACE',''
  ) );
#5592 = ORIENTED_EDGE('',*,*,#5593,.F.);
#5593 = EDGE_CURVE('',#5594,#5566,#5596,.T.);
#5594 = VERTEX_POINT('',#5595);
#5595 = CARTESIAN_POINT('',(-13.43787062349,18.277807010315,
    26.863065664153));
#5596 = SURFACE_CURVE('',#5597,(#5601,#5608),.PCURVE_S1.);
#5597 = ( BOUNDED_CURVE() B_SPLINE_CURVE(2,(#5598,#5599,#5600),
.UNSPECIFIED.,.F.,.F.) B_SPLINE_CURVE_WITH_KNOTS((3,3),(5.346351563712,
5.385587406154),.PIECEWISE_BEZIER_KNOTS.) CURVE() 
GEOMETRIC_REPRESENTATION_ITEM() RATIONAL_B_SPLINE_CURVE((1.,
0.999807574755,1.)) REPRESENTATION_ITEM('') );
#5598 = CARTESIAN_POINT('',(-13.43787062349,18.277807010315,
    26.863065664153));
#5599 = CARTESIAN_POINT('',(-13.79648920901,18.014150098264,
    26.863065664153));
#5600 = CARTESIAN_POINT('',(-14.14448964496,17.73662901127,
    26.863065664153));
#5601 = PCURVE('',#4938,#5602);
#5602 = DEFINITIONAL_REPRESENTATION('',(#5603),#5607);
#5603 = B_SPLINE_CURVE_WITH_KNOTS('',2,(#5604,#5605,#5606),
  .UNSPECIFIED.,.F.,.F.,(3,3),(5.346351563712,5.385587406154),
  .PIECEWISE_BEZIER_KNOTS.);
#5604 = CARTESIAN_POINT('',(5.353942209582,-3.467007249988E-18));
#5605 = CARTESIAN_POINT('',(5.372646989759,-7.961582662636E-18));
#5606 = CARTESIAN_POINT('',(5.391303390518,0.));
#5607 = ( GEOMETRIC_REPRESENTATION_CONTEXT(2) 
PARAMETRIC_REPRESENTATION_CONTEXT() REPRESENTATION_CONTEXT('2D SPACE',''
  ) );
#5608 = PCURVE('',#5609,#5614);
#5609 = B_SPLINE_SURFACE_WITH_KNOTS('',1,1,(
    (#5610,#5611)
    ,(#5612,#5613
    )),.UNSPECIFIED.,.F.,.F.,.F.,(2,2),(2,2),(-1.414448964497E-02,
    -6.631340898852E-03),(8.792969718625E-03,1.827780701031E-02),
  .PIECEWISE_BEZIER_KNOTS.);
#5610 = CARTESIAN_POINT('',(-14.14448964496,8.792969718625,
    26.863065664153));
#5611 = CARTESIAN_POINT('',(-14.14448964496,18.277807010315,
    26.863065664153));
#5612 = CARTESIAN_POINT('',(-6.631340898852,8.792969718625,
    26.863065664153));
#5613 = CARTESIAN_POINT('',(-6.631340898852,18.277807010315,
    26.863065664153));
#5614 = DEFINITIONAL_REPRESENTATION('',(#5615),#5619);
#5615 = ( BOUNDED_CURVE() B_SPLINE_CURVE(2,(#5616,#5617,#5618),
.UNSPECIFIED.,.F.,.F.) B_SPLINE_CURVE_WITH_KNOTS((3,3),(5.346351563712,
5.385587406154),.PIECEWISE_BEZIER_KNOTS.) CURVE() 
GEOMETRIC_REPRESENTATION_ITEM() RATIONAL_B_SPLINE_CURVE((1.,
0.999807574755,1.)) REPRESENTATION_ITEM('') );
#5616 = CARTESIAN_POINT('',(-1.343787062349E-02,1.827780701031E-02));
#5617 = CARTESIAN_POINT('',(-1.379648920901E-02,1.801415009826E-02));
#5618 = CARTESIAN_POINT('',(-1.414448964497E-02,1.773662901127E-02));
#5619 = ( GEOMETRIC_REPRESENTATION_CONTEXT(2) 
PARAMETRIC_REPRESENTATION_CONTEXT() REPRESENTATION_CONTEXT('2D SPACE',''
  ) );
#5620 = ORIENTED_EDGE('',*,*,#5621,.T.);
#5621 = EDGE_CURVE('',#5594,#5622,#5624,.T.);
#5622 = VERTEX_POINT('',#5623);
#5623 = CARTESIAN_POINT('',(-5.048109907733,22.117214615757,
    26.863065664153));
#5624 = SURFACE_CURVE('',#5625,(#5629,#5637),.PCURVE_S1.);
#5625 = ( BOUNDED_CURVE() B_SPLINE_CURVE(2,(#5626,#5627,#5628),
.UNSPECIFIED.,.F.,.F.) B_SPLINE_CURVE_WITH_KNOTS((3,3),(5.873622199108,
6.28318530718),.PIECEWISE_BEZIER_KNOTS.) CURVE() 
GEOMETRIC_REPRESENTATION_ITEM() RATIONAL_B_SPLINE_CURVE((1.,
0.979105429584,1.)) REPRESENTATION_ITEM('') );
#5626 = CARTESIAN_POINT('',(-13.43787062349,18.277807010315,
    26.863065664153));
#5627 = CARTESIAN_POINT('',(-9.641699188188,21.068757838464,
    26.863065664153));
#5628 = CARTESIAN_POINT('',(-5.048109907733,22.117214615757,
    26.863065664153));
#5629 = PCURVE('',#4938,#5630);
#5630 = DEFINITIONAL_REPRESENTATION('',(#5631),#5636);
#5631 = B_SPLINE_CURVE_WITH_KNOTS('',3,(#5632,#5633,#5634,#5635),
  .UNSPECIFIED.,.F.,.F.,(4,4),(5.873622199108,6.28318530718),
  .PIECEWISE_BEZIER_KNOTS.);
#5632 = CARTESIAN_POINT('',(5.353942209582,-3.469449319594E-18));
#5633 = CARTESIAN_POINT('',(5.224673815856,-9.451385055705E-18));
#5634 = CARTESIAN_POINT('',(5.090718242964,-2.571878070053E-18));
#5635 = CARTESIAN_POINT('',(4.951524699714,-3.416626879704E-18));
#5636 = ( GEOMETRIC_REPRESENTATION_CONTEXT(2) 
PARAMETRIC_REPRESENTATION_CONTEXT() REPRESENTATION_CONTEXT('2D SPACE',''
  ) );
#5637 = PCURVE('',#5638,#5643);
#5638 = B_SPLINE_SURFACE_WITH_KNOTS('',1,1,(
    (#5639,#5640)
    ,(#5641,#5642
    )),.UNSPECIFIED.,.F.,.F.,.F.,(2,2),(2,2),(-5.570740474746E-03,
    6.695369536856E-03),(-3.554718532749E-03,5.479041931772E-03),
  .PIECEWISE_BEZIER_KNOTS.);
#5639 = CARTESIAN_POINT('',(-5.048109907733,22.117214615757,
    26.863065664153));
#5640 = CARTESIAN_POINT('',(-13.85537513655,20.107013800054,
    26.863065664153));
#5641 = CARTESIAN_POINT('',(-2.31864365194,10.158641591553,
    26.863065664153));
#5642 = CARTESIAN_POINT('',(-11.12590888076,8.14844077585,
    26.863065664153));
#5643 = DEFINITIONAL_REPRESENTATION('',(#5644),#5648);
#5644 = ( BOUNDED_CURVE() B_SPLINE_CURVE(2,(#5645,#5646,#5647),
.UNSPECIFIED.,.F.,.F.) B_SPLINE_CURVE_WITH_KNOTS((3,3),(5.873622199108,
6.28318530718),.PIECEWISE_BEZIER_KNOTS.) CURVE() 
GEOMETRIC_REPRESENTATION_ITEM() RATIONAL_B_SPLINE_CURVE((1.,
0.979105429584,1.)) REPRESENTATION_ITEM('') );
#5645 = CARTESIAN_POINT('',(-3.694492224098E-03,5.479041931772E-03));
#5646 = CARTESIAN_POINT('',(-5.570740474746E-03,1.157003455162E-03));
#5647 = CARTESIAN_POINT('',(-5.570740474746E-03,-3.554718532749E-03));
#5648 = ( GEOMETRIC_REPRESENTATION_CONTEXT(2) 
PARAMETRIC_REPRESENTATION_CONTEXT() REPRESENTATION_CONTEXT('2D SPACE',''
  ) );
#5649 = ORIENTED_EDGE('',*,*,#5650,.F.);
#5650 = EDGE_CURVE('',#5651,#5622,#5653,.T.);
#5651 = VERTEX_POINT('',#5652);
#5652 = CARTESIAN_POINT('',(-4.176659834161,22.298208641721,
    26.863065664153));
#5653 = SURFACE_CURVE('',#5654,(#5658,#5665),.PCURVE_S1.);
#5654 = ( BOUNDED_CURVE() B_SPLINE_CURVE(2,(#5655,#5656,#5657),
.UNSPECIFIED.,.F.,.F.) B_SPLINE_CURVE_WITH_KNOTS((3,3),(4.897552613199,
4.936788455641),.PIECEWISE_BEZIER_KNOTS.) CURVE() 
GEOMETRIC_REPRESENTATION_ITEM() RATIONAL_B_SPLINE_CURVE((1.,
0.999807574755,1.)) REPRESENTATION_ITEM('') );
#5655 = CARTESIAN_POINT('',(-4.176659834161,22.298208641721,
    26.863065664153));
#5656 = CARTESIAN_POINT('',(-4.614160462011,22.216260744958,
    26.863065664153));
#5657 = CARTESIAN_POINT('',(-5.048109907733,22.117214615757,
    26.863065664153));
#5658 = PCURVE('',#4938,#5659);
#5659 = DEFINITIONAL_REPRESENTATION('',(#5660),#5664);
#5660 = B_SPLINE_CURVE_WITH_KNOTS('',2,(#5661,#5662,#5663),
  .UNSPECIFIED.,.F.,.F.,(3,3),(4.897552613199,4.936788455641),
  .PIECEWISE_BEZIER_KNOTS.);
#5661 = CARTESIAN_POINT('',(4.911005200978,3.203363196271E-20));
#5662 = CARTESIAN_POINT('',(4.931383693218,-3.345420548676E-18));
#5663 = CARTESIAN_POINT('',(4.951524699714,5.282006320784E-20));
#5664 = ( GEOMETRIC_REPRESENTATION_CONTEXT(2) 
PARAMETRIC_REPRESENTATION_CONTEXT() REPRESENTATION_CONTEXT('2D SPACE',''
  ) );
#5665 = PCURVE('',#5666,#5671);
#5666 = B_SPLINE_SURFACE_WITH_KNOTS('',1,1,(
    (#5667,#5668)
    ,(#5669,#5670
    )),.UNSPECIFIED.,.F.,.F.,.F.,(2,2),(2,2),(-5.048109907733E-03,
    -1.994053594971E-03),(1.101545390648E-02,2.229820864172E-02),
  .PIECEWISE_BEZIER_KNOTS.);
#5667 = CARTESIAN_POINT('',(-5.048109907733,11.015453906482,
    26.863065664153));
#5668 = CARTESIAN_POINT('',(-5.048109907733,22.298208641721,
    26.863065664153));
#5669 = CARTESIAN_POINT('',(-1.994053594971,11.015453906482,
    26.863065664153));
#5670 = CARTESIAN_POINT('',(-1.994053594971,22.298208641721,
    26.863065664153));
#5671 = DEFINITIONAL_REPRESENTATION('',(#5672),#5676);
#5672 = ( BOUNDED_CURVE() B_SPLINE_CURVE(2,(#5673,#5674,#5675),
.UNSPECIFIED.,.F.,.F.) B_SPLINE_CURVE_WITH_KNOTS((3,3),(4.897552613199,
4.936788455641),.PIECEWISE_BEZIER_KNOTS.) CURVE() 
GEOMETRIC_REPRESENTATION_ITEM() RATIONAL_B_SPLINE_CURVE((1.,
0.999807574755,1.)) REPRESENTATION_ITEM('') );
#5673 = CARTESIAN_POINT('',(-4.176659834161E-03,2.229820864172E-02));
#5674 = CARTESIAN_POINT('',(-4.614160462011E-03,2.221626074496E-02));
#5675 = CARTESIAN_POINT('',(-5.048109907733E-03,2.211721461576E-02));
#5676 = ( GEOMETRIC_REPRESENTATION_CONTEXT(2) 
PARAMETRIC_REPRESENTATION_CONTEXT() REPRESENTATION_CONTEXT('2D SPACE',''
  ) );
#5677 = ORIENTED_EDGE('',*,*,#5678,.T.);
#5678 = EDGE_CURVE('',#5651,#4924,#5679,.T.);
#5679 = SURFACE_CURVE('',#5680,(#5684,#5692),.PCURVE_S1.);
#5680 = ( BOUNDED_CURVE() B_SPLINE_CURVE(2,(#5681,#5682,#5683),
.UNSPECIFIED.,.F.,.F.) B_SPLINE_CURVE_WITH_KNOTS((3,3),(5.873622199108,
6.058785831923),.PIECEWISE_BEZIER_KNOTS.) CURVE() 
GEOMETRIC_REPRESENTATION_ITEM() RATIONAL_B_SPLINE_CURVE((1.,
0.99571736396,1.)) REPRESENTATION_ITEM('') );
#5681 = CARTESIAN_POINT('',(-4.176659834161,22.298208641721,
    26.863065664153));
#5682 = CARTESIAN_POINT('',(-2.106332596677,22.686,26.863065664153));
#5683 = CARTESIAN_POINT('',(1.47451495458E-14,22.686,26.863065664153));
#5684 = PCURVE('',#4938,#5685);
#5685 = DEFINITIONAL_REPRESENTATION('',(#5686),#5691);
#5686 = B_SPLINE_CURVE_WITH_KNOTS('',3,(#5687,#5688,#5689,#5690),
  .UNSPECIFIED.,.F.,.F.,(4,4),(5.873622199108,6.058785831923),
  .PIECEWISE_BEZIER_KNOTS.);
#5687 = CARTESIAN_POINT('',(4.911005200978,-9.85558338778E-23));
#5688 = CARTESIAN_POINT('',(4.846976959979,-8.75638431035E-19));
#5689 = CARTESIAN_POINT('',(4.7808456062,-2.455856358232E-18));
#5690 = CARTESIAN_POINT('',(4.712388980385,0.));
#5691 = ( GEOMETRIC_REPRESENTATION_CONTEXT(2) 
PARAMETRIC_REPRESENTATION_CONTEXT() REPRESENTATION_CONTEXT('2D SPACE',''
  ) );
#5692 = PCURVE('',#4969,#5693);
#5693 = DEFINITIONAL_REPRESENTATION('',(#5694),#5698);
#5694 = ( BOUNDED_CURVE() B_SPLINE_CURVE(2,(#5695,#5696,#5697),
.UNSPECIFIED.,.F.,.F.) B_SPLINE_CURVE_WITH_KNOTS((3,3),(5.873622199108,
6.058785831923),.PIECEWISE_BEZIER_KNOTS.) CURVE() 
GEOMETRIC_REPRESENTATION_ITEM() RATIONAL_B_SPLINE_CURVE((1.,
0.99571736396,1.)) REPRESENTATION_ITEM('') );
#5695 = CARTESIAN_POINT('',(-3.694492224098E-03,5.479041931772E-03));
#5696 = CARTESIAN_POINT('',(-4.533251993868E-03,3.546913815823E-03));
#5697 = CARTESIAN_POINT('',(-5.001955090503E-03,1.493391374984E-03));
#5698 = ( GEOMETRIC_REPRESENTATION_CONTEXT(2) 
PARAMETRIC_REPRESENTATION_CONTEXT() REPRESENTATION_CONTEXT('2D SPACE',''
  ) );
#5699 = ADVANCED_FACE('',(#5700),#5170,.F.);
#5700 = FACE_BOUND('',#5701,.F.);
#5701 = EDGE_LOOP('',(#5702,#5703,#5724,#5725,#5749,#5777,#5806,#5834,
    #5863,#5891));
#5702 = ORIENTED_EDGE('',*,*,#5458,.T.);
#5703 = ORIENTED_EDGE('',*,*,#5704,.T.);
#5704 = EDGE_CURVE('',#5436,#5156,#5705,.T.);
#5705 = SURFACE_CURVE('',#5706,(#5710,#5717),.PCURVE_S1.);
#5706 = ( BOUNDED_CURVE() B_SPLINE_CURVE(2,(#5707,#5708,#5709),
.UNSPECIFIED.,.F.,.F.) B_SPLINE_CURVE_WITH_KNOTS((3,3),(0.,
1.570796326795),.PIECEWISE_BEZIER_KNOTS.) CURVE() 
GEOMETRIC_REPRESENTATION_ITEM() RATIONAL_B_SPLINE_CURVE((1.,
0.707106781187,1.)) REPRESENTATION_ITEM('') );
#5707 = CARTESIAN_POINT('',(-22.686,0.,29.533282711325));
#5708 = CARTESIAN_POINT('',(-22.686,-22.686,29.533282711325));
#5709 = CARTESIAN_POINT('',(-1.389116864273E-15,-22.686,29.533282711325)
  );
#5710 = PCURVE('',#5170,#5711);
#5711 = DEFINITIONAL_REPRESENTATION('',(#5712),#5716);
#5712 = B_SPLINE_CURVE_WITH_KNOTS('',2,(#5713,#5714,#5715),
  .UNSPECIFIED.,.F.,.F.,(3,3),(0.,1.570796326795),
  .PIECEWISE_BEZIER_KNOTS.);
#5713 = CARTESIAN_POINT('',(0.,-2.670217047172E-03));
#5714 = CARTESIAN_POINT('',(0.785398163397,-2.670217047172E-03));
#5715 = CARTESIAN_POINT('',(1.570796326795,-2.670217047172E-03));
#5716 = ( GEOMETRIC_REPRESENTATION_CONTEXT(2) 
PARAMETRIC_REPRESENTATION_CONTEXT() REPRESENTATION_CONTEXT('2D SPACE',''
  ) );
#5717 = PCURVE('',#4911,#5718);
#5718 = DEFINITIONAL_REPRESENTATION('',(#5719),#5723);
#5719 = ( BOUNDED_CURVE() B_SPLINE_CURVE(2,(#5720,#5721,#5722),
.UNSPECIFIED.,.F.,.F.) B_SPLINE_CURVE_WITH_KNOTS((3,3),(0.,
1.570796326795),.PIECEWISE_BEZIER_KNOTS.) CURVE() 
GEOMETRIC_REPRESENTATION_ITEM() RATIONAL_B_SPLINE_CURVE((1.,
0.707106781187,1.)) REPRESENTATION_ITEM('') );
#5720 = CARTESIAN_POINT('',(-2.2686E-02,5.004532645506E-19));
#5721 = CARTESIAN_POINT('',(-2.2686E-02,-2.2686E-02));
#5722 = CARTESIAN_POINT('',(-1.773810390134E-18,-2.2686E-02));
#5723 = ( GEOMETRIC_REPRESENTATION_CONTEXT(2) 
PARAMETRIC_REPRESENTATION_CONTEXT() REPRESENTATION_CONTEXT('2D SPACE',''
  ) );
#5724 = ORIENTED_EDGE('',*,*,#5153,.F.);
#5725 = ORIENTED_EDGE('',*,*,#5726,.T.);
#5726 = EDGE_CURVE('',#5154,#5727,#5729,.T.);
#5727 = VERTEX_POINT('',#5728);
#5728 = CARTESIAN_POINT('',(-5.048109907733,-22.11721461575,
    26.863065664153));
#5729 = SURFACE_CURVE('',#5730,(#5734,#5742),.PCURVE_S1.);
#5730 = ( BOUNDED_CURVE() B_SPLINE_CURVE(2,(#5731,#5732,#5733),
.UNSPECIFIED.,.F.,.F.) B_SPLINE_CURVE_WITH_KNOTS((3,3),(6.058785831923,
6.28318530718),.PIECEWISE_BEZIER_KNOTS.) CURVE() 
GEOMETRIC_REPRESENTATION_ITEM() RATIONAL_B_SPLINE_CURVE((1.,
0.993712209893,1.)) REPRESENTATION_ITEM('') );
#5731 = CARTESIAN_POINT('',(-1.734723475977E-14,-22.686,26.863065664153)
  );
#5732 = CARTESIAN_POINT('',(-2.556098314574,-22.686,26.863065664153));
#5733 = CARTESIAN_POINT('',(-5.048109907733,-22.11721461575,
    26.863065664153));
#5734 = PCURVE('',#5170,#5735);
#5735 = DEFINITIONAL_REPRESENTATION('',(#5736),#5741);
#5736 = B_SPLINE_CURVE_WITH_KNOTS('',3,(#5737,#5738,#5739,#5740),
  .UNSPECIFIED.,.F.,.F.,(4,4),(6.058785831923,6.28318530718),
  .PIECEWISE_BEZIER_KNOTS.);
#5737 = CARTESIAN_POINT('',(1.570796326795,0.));
#5738 = CARTESIAN_POINT('',(1.487889814626,5.952885216659E-18));
#5739 = CARTESIAN_POINT('',(1.408301052684,9.621039391439E-19));
#5740 = CARTESIAN_POINT('',(1.331660607465,-3.487204695568E-18));
#5741 = ( GEOMETRIC_REPRESENTATION_CONTEXT(2) 
PARAMETRIC_REPRESENTATION_CONTEXT() REPRESENTATION_CONTEXT('2D SPACE',''
  ) );
#5742 = PCURVE('',#5419,#5743);
#5743 = DEFINITIONAL_REPRESENTATION('',(#5744),#5748);
#5744 = ( BOUNDED_CURVE() B_SPLINE_CURVE(2,(#5745,#5746,#5747),
.UNSPECIFIED.,.F.,.F.) B_SPLINE_CURVE_WITH_KNOTS((3,3),(6.058785831923,
6.28318530718),.PIECEWISE_BEZIER_KNOTS.) CURVE() 
GEOMETRIC_REPRESENTATION_ITEM() RATIONAL_B_SPLINE_CURVE((1.,
0.993712209893,1.)) REPRESENTATION_ITEM('') );
#5745 = CARTESIAN_POINT('',(-5.001955090503E-03,1.493391374984E-03));
#5746 = CARTESIAN_POINT('',(-5.570740474746E-03,-9.986202181747E-04));
#5747 = CARTESIAN_POINT('',(-5.570740474746E-03,-3.554718532749E-03));
#5748 = ( GEOMETRIC_REPRESENTATION_CONTEXT(2) 
PARAMETRIC_REPRESENTATION_CONTEXT() REPRESENTATION_CONTEXT('2D SPACE',''
  ) );
#5749 = ORIENTED_EDGE('',*,*,#5750,.F.);
#5750 = EDGE_CURVE('',#5751,#5727,#5753,.T.);
#5751 = VERTEX_POINT('',#5752);
#5752 = CARTESIAN_POINT('',(-5.911789658695,-21.90217658205,
    26.863065664153));
#5753 = SURFACE_CURVE('',#5754,(#5758,#5765),.PCURVE_S1.);
#5754 = ( BOUNDED_CURVE() B_SPLINE_CURVE(2,(#5755,#5756,#5757),
.UNSPECIFIED.,.F.,.F.) B_SPLINE_CURVE_WITH_KNOTS((3,3),(1.307161009097,
1.346396851538),.PIECEWISE_BEZIER_KNOTS.) CURVE() 
GEOMETRIC_REPRESENTATION_ITEM() RATIONAL_B_SPLINE_CURVE((1.,
0.999807574755,1.)) REPRESENTATION_ITEM('') );
#5755 = CARTESIAN_POINT('',(-5.911789658695,-21.90217658205,
    26.863065664153));
#5756 = CARTESIAN_POINT('',(-5.482059353455,-22.01816848655,
    26.863065664153));
#5757 = CARTESIAN_POINT('',(-5.048109907733,-22.11721461575,
    26.863065664153));
#5758 = PCURVE('',#5170,#5759);
#5759 = DEFINITIONAL_REPRESENTATION('',(#5760),#5764);
#5760 = B_SPLINE_CURVE_WITH_KNOTS('',2,(#5761,#5762,#5763),
  .UNSPECIFIED.,.F.,.F.,(3,3),(1.307161009097,1.346396851538),
  .PIECEWISE_BEZIER_KNOTS.);
#5761 = CARTESIAN_POINT('',(1.291596611038,-5.63999176029E-20));
#5762 = CARTESIAN_POINT('',(1.311519551332,-2.857266312603E-19));
#5763 = CARTESIAN_POINT('',(1.331660607465,-5.293336076744E-20));
#5764 = ( GEOMETRIC_REPRESENTATION_CONTEXT(2) 
PARAMETRIC_REPRESENTATION_CONTEXT() REPRESENTATION_CONTEXT('2D SPACE',''
  ) );
#5765 = PCURVE('',#5766,#5771);
#5766 = B_SPLINE_SURFACE_WITH_KNOTS('',1,1,(
    (#5767,#5768)
    ,(#5769,#5770
    )),.UNSPECIFIED.,.F.,.F.,.F.,(2,2),(2,2),(-5.911789658695E-03,
    -2.429611216814E-03),(-2.211721461576E-02,-1.09046714475E-02),
  .PIECEWISE_BEZIER_KNOTS.);
#5767 = CARTESIAN_POINT('',(-5.911789658695,-22.11721461575,
    26.863065664153));
#5768 = CARTESIAN_POINT('',(-5.911789658695,-10.90467144749,
    26.863065664153));
#5769 = CARTESIAN_POINT('',(-2.429611216814,-22.11721461575,
    26.863065664153));
#5770 = CARTESIAN_POINT('',(-2.429611216814,-10.90467144749,
    26.863065664153));
#5771 = DEFINITIONAL_REPRESENTATION('',(#5772),#5776);
#5772 = ( BOUNDED_CURVE() B_SPLINE_CURVE(2,(#5773,#5774,#5775),
.UNSPECIFIED.,.F.,.F.) B_SPLINE_CURVE_WITH_KNOTS((3,3),(1.307161009097,
1.346396851538),.PIECEWISE_BEZIER_KNOTS.) CURVE() 
GEOMETRIC_REPRESENTATION_ITEM() RATIONAL_B_SPLINE_CURVE((1.,
0.999807574755,1.)) REPRESENTATION_ITEM('') );
#5773 = CARTESIAN_POINT('',(-5.911789658695E-03,-2.190217658205E-02));
#5774 = CARTESIAN_POINT('',(-5.482059353455E-03,-2.201816848656E-02));
#5775 = CARTESIAN_POINT('',(-5.048109907733E-03,-2.211721461576E-02));
#5776 = ( GEOMETRIC_REPRESENTATION_CONTEXT(2) 
PARAMETRIC_REPRESENTATION_CONTEXT() REPRESENTATION_CONTEXT('2D SPACE',''
  ) );
#5777 = ORIENTED_EDGE('',*,*,#5778,.T.);
#5778 = EDGE_CURVE('',#5751,#5779,#5781,.T.);
#5779 = VERTEX_POINT('',#5780);
#5780 = CARTESIAN_POINT('',(-14.14448964496,-17.73662901127,
    26.863065664153));
#5781 = SURFACE_CURVE('',#5782,(#5786,#5794),.PCURVE_S1.);
#5782 = ( BOUNDED_CURVE() B_SPLINE_CURVE(2,(#5783,#5784,#5785),
.UNSPECIFIED.,.F.,.F.) B_SPLINE_CURVE_WITH_KNOTS((3,3),(5.873622199108,
6.28318530718),.PIECEWISE_BEZIER_KNOTS.) CURVE() 
GEOMETRIC_REPRESENTATION_ITEM() RATIONAL_B_SPLINE_CURVE((1.,
0.979105429584,1.)) REPRESENTATION_ITEM('') );
#5783 = CARTESIAN_POINT('',(-5.911789658695,-21.90217658205,
    26.863065664153));
#5784 = CARTESIAN_POINT('',(-10.46071705818,-20.67433961992,
    26.863065664153));
#5785 = CARTESIAN_POINT('',(-14.14448964496,-17.73662901127,
    26.863065664153));
#5786 = PCURVE('',#5170,#5787);
#5787 = DEFINITIONAL_REPRESENTATION('',(#5788),#5793);
#5788 = B_SPLINE_CURVE_WITH_KNOTS('',3,(#5789,#5790,#5791,#5792),
  .UNSPECIFIED.,.F.,.F.,(4,4),(5.873622199108,6.28318530718),
  .PIECEWISE_BEZIER_KNOTS.);
#5789 = CARTESIAN_POINT('',(1.291596611038,-1.859950851274E-20));
#5790 = CARTESIAN_POINT('',(1.153910026265,-2.144303391079E-17));
#5791 = CARTESIAN_POINT('',(1.020815550748,5.781734209474E-18));
#5792 = CARTESIAN_POINT('',(0.891881916661,-1.842436911182E-21));
#5793 = ( GEOMETRIC_REPRESENTATION_CONTEXT(2) 
PARAMETRIC_REPRESENTATION_CONTEXT() REPRESENTATION_CONTEXT('2D SPACE',''
  ) );
#5794 = PCURVE('',#5795,#5800);
#5795 = B_SPLINE_SURFACE_WITH_KNOTS('',1,1,(
    (#5796,#5797)
    ,(#5798,#5799
    )),.UNSPECIFIED.,.F.,.F.,.F.,(2,2),(2,2),(-5.570740474746E-03,
    6.695369536856E-03),(-3.554718532749E-03,5.479041931772E-03),
  .PIECEWISE_BEZIER_KNOTS.);
#5796 = CARTESIAN_POINT('',(-14.14448964496,-17.73662901127,
    26.863065664153));
#5797 = CARTESIAN_POINT('',(-7.08161130873,-23.36908653333,
    26.863065664153));
#5798 = CARTESIAN_POINT('',(-6.496695144256,-8.146598036783,
    26.863065664153));
#5799 = CARTESIAN_POINT('',(0.566183191982,-13.77905555884,
    26.863065664153));
#5800 = DEFINITIONAL_REPRESENTATION('',(#5801),#5805);
#5801 = ( BOUNDED_CURVE() B_SPLINE_CURVE(2,(#5802,#5803,#5804),
.UNSPECIFIED.,.F.,.F.) B_SPLINE_CURVE_WITH_KNOTS((3,3),(5.873622199108,
6.28318530718),.PIECEWISE_BEZIER_KNOTS.) CURVE() 
GEOMETRIC_REPRESENTATION_ITEM() RATIONAL_B_SPLINE_CURVE((1.,
0.979105429584,1.)) REPRESENTATION_ITEM('') );
#5802 = CARTESIAN_POINT('',(-3.694492224098E-03,5.479041931772E-03));
#5803 = CARTESIAN_POINT('',(-5.570740474746E-03,1.157003455162E-03));
#5804 = CARTESIAN_POINT('',(-5.570740474746E-03,-3.554718532749E-03));
#5805 = ( GEOMETRIC_REPRESENTATION_CONTEXT(2) 
PARAMETRIC_REPRESENTATION_CONTEXT() REPRESENTATION_CONTEXT('2D SPACE',''
  ) );
#5806 = ORIENTED_EDGE('',*,*,#5807,.F.);
#5807 = EDGE_CURVE('',#5808,#5779,#5810,.T.);
#5808 = VERTEX_POINT('',#5809);
#5809 = CARTESIAN_POINT('',(-14.8293367063,-17.16814983773,
    26.863065664153));
#5810 = SURFACE_CURVE('',#5811,(#5815,#5822),.PCURVE_S1.);
#5811 = ( BOUNDED_CURVE() B_SPLINE_CURVE(2,(#5812,#5813,#5814),
.UNSPECIFIED.,.F.,.F.) B_SPLINE_CURVE_WITH_KNOTS((3,3),(0.858362058584,
0.897597901026),.PIECEWISE_BEZIER_KNOTS.) CURVE() 
GEOMETRIC_REPRESENTATION_ITEM() RATIONAL_B_SPLINE_CURVE((1.,
0.999807574755,1.)) REPRESENTATION_ITEM('') );
#5812 = CARTESIAN_POINT('',(-14.8293367063,-17.16814983773,
    26.863065664153));
#5813 = CARTESIAN_POINT('',(-14.49249008092,-17.45910792427,
    26.863065664153));
#5814 = CARTESIAN_POINT('',(-14.14448964496,-17.73662901127,
    26.863065664153));
#5815 = PCURVE('',#5170,#5816);
#5816 = DEFINITIONAL_REPRESENTATION('',(#5817),#5821);
#5817 = B_SPLINE_CURVE_WITH_KNOTS('',2,(#5818,#5819,#5820),
  .UNSPECIFIED.,.F.,.F.,(3,3),(0.858362058584,0.897597901026),
  .PIECEWISE_BEZIER_KNOTS.);
#5818 = CARTESIAN_POINT('',(0.8546029787,-1.214252807683E-21));
#5819 = CARTESIAN_POINT('',(0.873225507948,-3.581817054175E-18));
#5820 = CARTESIAN_POINT('',(0.891881916661,1.000052738501E-24));
#5821 = ( GEOMETRIC_REPRESENTATION_CONTEXT(2) 
PARAMETRIC_REPRESENTATION_CONTEXT() REPRESENTATION_CONTEXT('2D SPACE',''
  ) );
#5822 = PCURVE('',#5823,#5828);
#5823 = B_SPLINE_SURFACE_WITH_KNOTS('',1,1,(
    (#5824,#5825)
    ,(#5826,#5827
    )),.UNSPECIFIED.,.F.,.F.,.F.,(2,2),(2,2),(-1.482933670631E-02,
    -6.986106145755E-03),(-1.773662901127E-02,-8.506552382621E-03),
  .PIECEWISE_BEZIER_KNOTS.);
#5824 = CARTESIAN_POINT('',(-14.8293367063,-17.73662901127,
    26.863065664153));
#5825 = CARTESIAN_POINT('',(-14.8293367063,-8.506552382621,
    26.863065664153));
#5826 = CARTESIAN_POINT('',(-6.986106145755,-17.73662901127,
    26.863065664153));
#5827 = CARTESIAN_POINT('',(-6.986106145755,-8.506552382621,
    26.863065664153));
#5828 = DEFINITIONAL_REPRESENTATION('',(#5829),#5833);
#5829 = ( BOUNDED_CURVE() B_SPLINE_CURVE(2,(#5830,#5831,#5832),
.UNSPECIFIED.,.F.,.F.) B_SPLINE_CURVE_WITH_KNOTS((3,3),(0.858362058584,
0.897597901026),.PIECEWISE_BEZIER_KNOTS.) CURVE() 
GEOMETRIC_REPRESENTATION_ITEM() RATIONAL_B_SPLINE_CURVE((1.,
0.999807574755,1.)) REPRESENTATION_ITEM('') );
#5830 = CARTESIAN_POINT('',(-1.482933670631E-02,-1.716814983774E-02));
#5831 = CARTESIAN_POINT('',(-1.449249008092E-02,-1.745910792428E-02));
#5832 = CARTESIAN_POINT('',(-1.414448964497E-02,-1.773662901127E-02));
#5833 = ( GEOMETRIC_REPRESENTATION_CONTEXT(2) 
PARAMETRIC_REPRESENTATION_CONTEXT() REPRESENTATION_CONTEXT('2D SPACE',''
  ) );
#5834 = ORIENTED_EDGE('',*,*,#5835,.T.);
#5835 = EDGE_CURVE('',#5808,#5836,#5838,.T.);
#5836 = VERTEX_POINT('',#5837);
#5837 = CARTESIAN_POINT('',(-20.43937973723,-9.843086505621,
    26.863065664153));
#5838 = SURFACE_CURVE('',#5839,(#5843,#5851),.PCURVE_S1.);
#5839 = ( BOUNDED_CURVE() B_SPLINE_CURVE(2,(#5840,#5841,#5842),
.UNSPECIFIED.,.F.,.F.) B_SPLINE_CURVE_WITH_KNOTS((3,3),(5.873622199108,
6.28318530718),.PIECEWISE_BEZIER_KNOTS.) CURVE() 
GEOMETRIC_REPRESENTATION_ITEM() RATIONAL_B_SPLINE_CURVE((1.,
0.979105429584,1.)) REPRESENTATION_ITEM('') );
#5840 = CARTESIAN_POINT('',(-14.8293367063,-17.16814983773,
    26.863065664153));
#5841 = CARTESIAN_POINT('',(-18.39504018343,-14.08820133094,
    26.863065664153));
#5842 = CARTESIAN_POINT('',(-20.43937973723,-9.843086505621,
    26.863065664153));
#5843 = PCURVE('',#5170,#5844);
#5844 = DEFINITIONAL_REPRESENTATION('',(#5845),#5850);
#5845 = B_SPLINE_CURVE_WITH_KNOTS('',3,(#5846,#5847,#5848,#5849),
  .UNSPECIFIED.,.F.,.F.,(4,4),(5.873622199108,6.28318530718),
  .PIECEWISE_BEZIER_KNOTS.);
#5846 = CARTESIAN_POINT('',(0.8546029787,-1.214393969027E-21));
#5847 = CARTESIAN_POINT('',(0.725904365364,-1.914301528956E-17));
#5848 = CARTESIAN_POINT('',(0.595472242557,8.682524852787E-18));
#5849 = CARTESIAN_POINT('',(0.463234604915,-3.487589864786E-18));
#5850 = ( GEOMETRIC_REPRESENTATION_CONTEXT(2) 
PARAMETRIC_REPRESENTATION_CONTEXT() REPRESENTATION_CONTEXT('2D SPACE',''
  ) );
#5851 = PCURVE('',#5852,#5857);
#5852 = B_SPLINE_SURFACE_WITH_KNOTS('',1,1,(
    (#5853,#5854)
    ,(#5855,#5856
    )),.UNSPECIFIED.,.F.,.F.,.F.,(2,2),(2,2),(-5.570740474746E-03,
    6.695369536856E-03),(-3.554718532749E-03,5.479041931772E-03),
  .PIECEWISE_BEZIER_KNOTS.);
#5853 = CARTESIAN_POINT('',(-20.43937973723,-9.843086505621,
    26.863065664153));
#5854 = CARTESIAN_POINT('',(-16.51977796859,-17.98222344424,
    26.863065664153));
#5855 = CARTESIAN_POINT('',(-9.387996486515,-4.52102082936,
    26.863065664153));
#5856 = CARTESIAN_POINT('',(-5.468394717876,-12.66015776798,
    26.863065664153));
#5857 = DEFINITIONAL_REPRESENTATION('',(#5858),#5862);
#5858 = ( BOUNDED_CURVE() B_SPLINE_CURVE(2,(#5859,#5860,#5861),
.UNSPECIFIED.,.F.,.F.) B_SPLINE_CURVE_WITH_KNOTS((3,3),(5.873622199108,
6.28318530718),.PIECEWISE_BEZIER_KNOTS.) CURVE() 
GEOMETRIC_REPRESENTATION_ITEM() RATIONAL_B_SPLINE_CURVE((1.,
0.979105429584,1.)) REPRESENTATION_ITEM('') );
#5859 = CARTESIAN_POINT('',(-3.694492224098E-03,5.479041931772E-03));
#5860 = CARTESIAN_POINT('',(-5.570740474746E-03,1.157003455162E-03));
#5861 = CARTESIAN_POINT('',(-5.570740474746E-03,-3.554718532749E-03));
#5862 = ( GEOMETRIC_REPRESENTATION_CONTEXT(2) 
PARAMETRIC_REPRESENTATION_CONTEXT() REPRESENTATION_CONTEXT('2D SPACE',''
  ) );
#5863 = ORIENTED_EDGE('',*,*,#5864,.F.);
#5864 = EDGE_CURVE('',#5865,#5836,#5867,.T.);
#5865 = VERTEX_POINT('',#5866);
#5866 = CARTESIAN_POINT('',(-20.80975174935,-9.033760464521,
    26.863065664153));
#5867 = SURFACE_CURVE('',#5868,(#5872,#5879),.PCURVE_S1.);
#5868 = ( BOUNDED_CURVE() B_SPLINE_CURVE(2,(#5869,#5870,#5871),
.UNSPECIFIED.,.F.,.F.) B_SPLINE_CURVE_WITH_KNOTS((3,3),(0.409563108071,
0.448798950513),.PIECEWISE_BEZIER_KNOTS.) CURVE() 
GEOMETRIC_REPRESENTATION_ITEM() RATIONAL_B_SPLINE_CURVE((1.,
0.999807574755,1.)) REPRESENTATION_ITEM('') );
#5869 = CARTESIAN_POINT('',(-20.80975174935,-9.033760464521,
    26.863065664153));
#5870 = CARTESIAN_POINT('',(-20.63250540913,-9.442056915685,
    26.863065664153));
#5871 = CARTESIAN_POINT('',(-20.43937973723,-9.843086505621,
    26.863065664153));
#5872 = PCURVE('',#5170,#5873);
#5873 = DEFINITIONAL_REPRESENTATION('',(#5874),#5878);
#5874 = B_SPLINE_CURVE_WITH_KNOTS('',2,(#5875,#5876,#5877),
  .UNSPECIFIED.,.F.,.F.,(3,3),(0.409563108071,0.448798950513),
  .PIECEWISE_BEZIER_KNOTS.);
#5875 = CARTESIAN_POINT('',(0.424829913881,-2.859805245687E-20));
#5876 = CARTESIAN_POINT('',(0.444100075511,1.684418304542E-18));
#5877 = CARTESIAN_POINT('',(0.463234604915,-3.469446950858E-18));
#5878 = ( GEOMETRIC_REPRESENTATION_CONTEXT(2) 
PARAMETRIC_REPRESENTATION_CONTEXT() REPRESENTATION_CONTEXT('2D SPACE',''
  ) );
#5879 = PCURVE('',#5880,#5885);
#5880 = B_SPLINE_SURFACE_WITH_KNOTS('',1,1,(
    (#5881,#5882)
    ,(#5883,#5884
    )),.UNSPECIFIED.,.F.,.F.,.F.,(2,2),(2,2),(-2.080975174935E-02,
    -1.015891707356E-02),(-9.843086505621E-03,-4.423606292346E-03),
  .PIECEWISE_BEZIER_KNOTS.);
#5881 = CARTESIAN_POINT('',(-20.80975174935,-9.843086505621,
    26.863065664153));
#5882 = CARTESIAN_POINT('',(-20.80975174935,-4.423606292346,
    26.863065664153));
#5883 = CARTESIAN_POINT('',(-10.15891707356,-9.843086505621,
    26.863065664153));
#5884 = CARTESIAN_POINT('',(-10.15891707356,-4.423606292346,
    26.863065664153));
#5885 = DEFINITIONAL_REPRESENTATION('',(#5886),#5890);
#5886 = ( BOUNDED_CURVE() B_SPLINE_CURVE(2,(#5887,#5888,#5889),
.UNSPECIFIED.,.F.,.F.) B_SPLINE_CURVE_WITH_KNOTS((3,3),(0.409563108071,
0.448798950513),.PIECEWISE_BEZIER_KNOTS.) CURVE() 
GEOMETRIC_REPRESENTATION_ITEM() RATIONAL_B_SPLINE_CURVE((1.,
0.999807574755,1.)) REPRESENTATION_ITEM('') );
#5887 = CARTESIAN_POINT('',(-2.080975174935E-02,-9.033760464521E-03));
#5888 = CARTESIAN_POINT('',(-2.063250540914E-02,-9.442056915685E-03));
#5889 = CARTESIAN_POINT('',(-2.043937973723E-02,-9.843086505621E-03));
#5890 = ( GEOMETRIC_REPRESENTATION_CONTEXT(2) 
PARAMETRIC_REPRESENTATION_CONTEXT() REPRESENTATION_CONTEXT('2D SPACE',''
  ) );
#5891 = ORIENTED_EDGE('',*,*,#5892,.T.);
#5892 = EDGE_CURVE('',#5865,#5459,#5893,.T.);
#5893 = SURFACE_CURVE('',#5894,(#5898,#5906),.PCURVE_S1.);
#5894 = ( BOUNDED_CURVE() B_SPLINE_CURVE(2,(#5895,#5896,#5897),
.UNSPECIFIED.,.F.,.F.) B_SPLINE_CURVE_WITH_KNOTS((3,3),(5.873622199108,
6.28318530718),.PIECEWISE_BEZIER_KNOTS.) CURVE() 
GEOMETRIC_REPRESENTATION_ITEM() RATIONAL_B_SPLINE_CURVE((1.,
0.979105429584,1.)) REPRESENTATION_ITEM('') );
#5895 = CARTESIAN_POINT('',(-20.80975174935,-9.033760464521,
    26.863065664153));
#5896 = CARTESIAN_POINT('',(-22.686,-4.711721987911,26.863065664153));
#5897 = CARTESIAN_POINT('',(-22.686,-4.297141480259E-15,26.863065664153)
  );
#5898 = PCURVE('',#5170,#5899);
#5899 = DEFINITIONAL_REPRESENTATION('',(#5900),#5905);
#5900 = B_SPLINE_CURVE_WITH_KNOTS('',3,(#5901,#5902,#5903,#5904),
  .UNSPECIFIED.,.F.,.F.,(4,4),(5.873622199108,6.28318530718),
  .PIECEWISE_BEZIER_KNOTS.);
#5901 = CARTESIAN_POINT('',(0.424829913881,-1.91398545005E-20));
#5902 = CARTESIAN_POINT('',(0.291648342958,-6.804714034136E-18));
#5903 = CARTESIAN_POINT('',(0.150572324468,1.216537101645E-18));
#5904 = CARTESIAN_POINT('',(0.,0.));
#5905 = ( GEOMETRIC_REPRESENTATION_CONTEXT(2) 
PARAMETRIC_REPRESENTATION_CONTEXT() REPRESENTATION_CONTEXT('2D SPACE',''
  ) );
#5906 = PCURVE('',#5907,#5912);
#5907 = B_SPLINE_SURFACE_WITH_KNOTS('',1,1,(
    (#5908,#5909)
    ,(#5910,#5911
    )),.UNSPECIFIED.,.F.,.F.,.F.,(2,2),(2,2),(-5.570740474746E-03,
    6.695369536856E-03),(-3.554718532749E-03,5.479041931772E-03),
  .PIECEWISE_BEZIER_KNOTS.);
#5908 = CARTESIAN_POINT('',(-22.686,-1.734723475977E-15,26.863065664153)
  );
#5909 = CARTESIAN_POINT('',(-22.686,-9.033760464521,26.863065664153));
#5910 = CARTESIAN_POINT('',(-10.41988998839,-2.602085213965E-15,
    26.863065664153));
#5911 = CARTESIAN_POINT('',(-10.41988998839,-9.033760464521,
    26.863065664153));
#5912 = DEFINITIONAL_REPRESENTATION('',(#5913),#5917);
#5913 = ( BOUNDED_CURVE() B_SPLINE_CURVE(2,(#5914,#5915,#5916),
.UNSPECIFIED.,.F.,.F.) B_SPLINE_CURVE_WITH_KNOTS((3,3),(5.873622199108,
6.28318530718),.PIECEWISE_BEZIER_KNOTS.) CURVE() 
GEOMETRIC_REPRESENTATION_ITEM() RATIONAL_B_SPLINE_CURVE((1.,
0.979105429584,1.)) REPRESENTATION_ITEM('') );
#5914 = CARTESIAN_POINT('',(-3.694492224098E-03,5.479041931772E-03));
#5915 = CARTESIAN_POINT('',(-5.570740474746E-03,1.157003455162E-03));
#5916 = CARTESIAN_POINT('',(-5.570740474746E-03,-3.554718532749E-03));
#5917 = ( GEOMETRIC_REPRESENTATION_CONTEXT(2) 
PARAMETRIC_REPRESENTATION_CONTEXT() REPRESENTATION_CONTEXT('2D SPACE',''
  ) );
#5918 = ADVANCED_FACE('',(#5919),#5932,.T.);
#5919 = FACE_BOUND('',#5920,.T.);
#5920 = EDGE_LOOP('',(#5921,#5959,#5982,#6011,#6035,#6058,#6082,#6105,
    #6128,#6151,#6175));
#5921 = ORIENTED_EDGE('',*,*,#5922,.T.);
#5922 = EDGE_CURVE('',#5923,#5925,#5927,.T.);
#5923 = VERTEX_POINT('',#5924);
#5924 = CARTESIAN_POINT('',(11.32,0.,26.863065664153));
#5925 = VERTEX_POINT('',#5926);
#5926 = CARTESIAN_POINT('',(11.32,0.,29.533282711325));
#5927 = SURFACE_CURVE('',#5928,(#5931,#5945),.PCURVE_S1.);
#5928 = B_SPLINE_CURVE_WITH_KNOTS('',1,(#5929,#5930),.UNSPECIFIED.,.F.,
  .F.,(2,2),(0.,2.670217047172E-03),.PIECEWISE_BEZIER_KNOTS.);
#5929 = CARTESIAN_POINT('',(11.32,0.,26.863065664153));
#5930 = CARTESIAN_POINT('',(11.32,0.,29.533282711325));
#5931 = PCURVE('',#5932,#5939);
#5932 = ( BOUNDED_SURFACE() B_SPLINE_SURFACE(2,1,(
    (#5933,#5934)
    ,(#5935,#5936)
    ,(#5937,#5938
)),.UNSPECIFIED.,.F.,.F.,.F.) B_SPLINE_SURFACE_WITH_KNOTS((3,3),(2,2),(
    3.14159265359,4.712388980385),(-2.670217047172E-03,0.),
.PIECEWISE_BEZIER_KNOTS.) GEOMETRIC_REPRESENTATION_ITEM() 
RATIONAL_B_SPLINE_SURFACE((
    (1.,1.)
    ,(0.707106781187,0.707106781187)
,(1.,1.))) REPRESENTATION_ITEM('') SURFACE() );
#5933 = CARTESIAN_POINT('',(11.32,-1.386300176635E-15,29.533282711325));
#5934 = CARTESIAN_POINT('',(11.32,-1.386300176635E-15,26.863065664153));
#5935 = CARTESIAN_POINT('',(11.32,11.32,29.533282711325));
#5936 = CARTESIAN_POINT('',(11.32,11.32,26.863065664153));
#5937 = CARTESIAN_POINT('',(2.079450264952E-15,11.32,29.533282711325));
#5938 = CARTESIAN_POINT('',(2.079450264952E-15,11.32,26.863065664153));
#5939 = DEFINITIONAL_REPRESENTATION('',(#5940),#5944);
#5940 = B_SPLINE_CURVE_WITH_KNOTS('',2,(#5941,#5942,#5943),
  .UNSPECIFIED.,.F.,.F.,(3,3),(0.,2.670217047172E-03),
  .PIECEWISE_BEZIER_KNOTS.);
#5941 = CARTESIAN_POINT('',(3.14159265359,0.));
#5942 = CARTESIAN_POINT('',(3.14159265359,-1.335108523586E-03));
#5943 = CARTESIAN_POINT('',(3.14159265359,-2.670217047172E-03));
#5944 = ( GEOMETRIC_REPRESENTATION_CONTEXT(2) 
PARAMETRIC_REPRESENTATION_CONTEXT() REPRESENTATION_CONTEXT('2D SPACE',''
  ) );
#5945 = PCURVE('',#5946,#5953);
#5946 = ( BOUNDED_SURFACE() B_SPLINE_SURFACE(2,1,(
    (#5947,#5948)
    ,(#5949,#5950)
    ,(#5951,#5952
)),.UNSPECIFIED.,.F.,.F.,.F.) B_SPLINE_SURFACE_WITH_KNOTS((3,3),(2,2),(
    1.570796326795,3.14159265359),(-2.670217047172E-03,0.),
.PIECEWISE_BEZIER_KNOTS.) GEOMETRIC_REPRESENTATION_ITEM() 
RATIONAL_B_SPLINE_SURFACE((
    (1.,1.)
    ,(0.707106781187,0.707106781187)
,(1.,1.))) REPRESENTATION_ITEM('') SURFACE() );
#5947 = CARTESIAN_POINT('',(-6.931500883174E-16,-11.32,29.533282711325)
  );
#5948 = CARTESIAN_POINT('',(-6.931500883174E-16,-11.32,26.863065664153)
  );
#5949 = CARTESIAN_POINT('',(11.32,-11.32,29.533282711325));
#5950 = CARTESIAN_POINT('',(11.32,-11.32,26.863065664153));
#5951 = CARTESIAN_POINT('',(11.32,-1.386300176635E-15,29.533282711325));
#5952 = CARTESIAN_POINT('',(11.32,-1.386300176635E-15,26.863065664153));
#5953 = DEFINITIONAL_REPRESENTATION('',(#5954),#5958);
#5954 = B_SPLINE_CURVE_WITH_KNOTS('',2,(#5955,#5956,#5957),
  .UNSPECIFIED.,.F.,.F.,(3,3),(0.,2.670217047172E-03),
  .PIECEWISE_BEZIER_KNOTS.);
#5955 = CARTESIAN_POINT('',(3.14159265359,0.));
#5956 = CARTESIAN_POINT('',(3.14159265359,-1.335108523586E-03));
#5957 = CARTESIAN_POINT('',(3.14159265359,-2.670217047172E-03));
#5958 = ( GEOMETRIC_REPRESENTATION_CONTEXT(2) 
PARAMETRIC_REPRESENTATION_CONTEXT() REPRESENTATION_CONTEXT('2D SPACE',''
  ) );
#5959 = ORIENTED_EDGE('',*,*,#5960,.T.);
#5960 = EDGE_CURVE('',#5925,#5961,#5963,.T.);
#5961 = VERTEX_POINT('',#5962);
#5962 = CARTESIAN_POINT('',(0.,11.32,29.533282711325));
#5963 = SURFACE_CURVE('',#5964,(#5968,#5975),.PCURVE_S1.);
#5964 = ( BOUNDED_CURVE() B_SPLINE_CURVE(2,(#5965,#5966,#5967),
.UNSPECIFIED.,.F.,.F.) B_SPLINE_CURVE_WITH_KNOTS((3,3),(3.14159265359,
4.712388980385),.PIECEWISE_BEZIER_KNOTS.) CURVE() 
GEOMETRIC_REPRESENTATION_ITEM() RATIONAL_B_SPLINE_CURVE((1.,
0.707106781187,1.)) REPRESENTATION_ITEM('') );
#5965 = CARTESIAN_POINT('',(11.32,-1.386300176635E-15,29.533282711325));
#5966 = CARTESIAN_POINT('',(11.32,11.32,29.533282711325));
#5967 = CARTESIAN_POINT('',(2.079450264952E-15,11.32,29.533282711325));
#5968 = PCURVE('',#5932,#5969);
#5969 = DEFINITIONAL_REPRESENTATION('',(#5970),#5974);
#5970 = B_SPLINE_CURVE_WITH_KNOTS('',2,(#5971,#5972,#5973),
  .UNSPECIFIED.,.F.,.F.,(3,3),(3.14159265359,4.712388980385),
  .PIECEWISE_BEZIER_KNOTS.);
#5971 = CARTESIAN_POINT('',(3.14159265359,-2.670217047172E-03));
#5972 = CARTESIAN_POINT('',(3.926990816987,-2.670217047172E-03));
#5973 = CARTESIAN_POINT('',(4.712388980385,-2.670217047172E-03));
#5974 = ( GEOMETRIC_REPRESENTATION_CONTEXT(2) 
PARAMETRIC_REPRESENTATION_CONTEXT() REPRESENTATION_CONTEXT('2D SPACE',''
  ) );
#5975 = PCURVE('',#4911,#5976);
#5976 = DEFINITIONAL_REPRESENTATION('',(#5977),#5981);
#5977 = ( BOUNDED_CURVE() B_SPLINE_CURVE(2,(#5978,#5979,#5980),
.UNSPECIFIED.,.F.,.F.) B_SPLINE_CURVE_WITH_KNOTS((3,3),(3.14159265359,
4.712388980385),.PIECEWISE_BEZIER_KNOTS.) CURVE() 
GEOMETRIC_REPRESENTATION_ITEM() RATIONAL_B_SPLINE_CURVE((1.,
0.707106781187,1.)) REPRESENTATION_ITEM('') );
#5978 = CARTESIAN_POINT('',(1.132E-02,-8.858469120842E-19));
#5979 = CARTESIAN_POINT('',(1.132E-02,1.132E-02));
#5980 = CARTESIAN_POINT('',(1.694756739091E-18,1.132E-02));
#5981 = ( GEOMETRIC_REPRESENTATION_CONTEXT(2) 
PARAMETRIC_REPRESENTATION_CONTEXT() REPRESENTATION_CONTEXT('2D SPACE',''
  ) );
#5982 = ORIENTED_EDGE('',*,*,#5983,.F.);
#5983 = EDGE_CURVE('',#5984,#5961,#5986,.T.);
#5984 = VERTEX_POINT('',#5985);
#5985 = CARTESIAN_POINT('',(0.,11.32,26.863065664153));
#5986 = SURFACE_CURVE('',#5987,(#5990,#5997),.PCURVE_S1.);
#5987 = B_SPLINE_CURVE_WITH_KNOTS('',1,(#5988,#5989),.UNSPECIFIED.,.F.,
  .F.,(2,2),(0.,2.670217047172E-03),.PIECEWISE_BEZIER_KNOTS.);
#5988 = CARTESIAN_POINT('',(0.,11.32,26.863065664153));
#5989 = CARTESIAN_POINT('',(0.,11.32,29.533282711325));
#5990 = PCURVE('',#5932,#5991);
#5991 = DEFINITIONAL_REPRESENTATION('',(#5992),#5996);
#5992 = B_SPLINE_CURVE_WITH_KNOTS('',2,(#5993,#5994,#5995),
  .UNSPECIFIED.,.F.,.F.,(3,3),(0.,2.670217047172E-03),
  .PIECEWISE_BEZIER_KNOTS.);
#5993 = CARTESIAN_POINT('',(4.712388980385,0.));
#5994 = CARTESIAN_POINT('',(4.712388980385,-1.335108523586E-03));
#5995 = CARTESIAN_POINT('',(4.712388980385,-2.670217047172E-03));
#5996 = ( GEOMETRIC_REPRESENTATION_CONTEXT(2) 
PARAMETRIC_REPRESENTATION_CONTEXT() REPRESENTATION_CONTEXT('2D SPACE',''
  ) );
#5997 = PCURVE('',#5998,#6005);
#5998 = ( BOUNDED_SURFACE() B_SPLINE_SURFACE(2,1,(
    (#5999,#6000)
    ,(#6001,#6002)
    ,(#6003,#6004
)),.UNSPECIFIED.,.F.,.F.,.F.) B_SPLINE_SURFACE_WITH_KNOTS((3,3),(2,2),(
    4.712388980385,6.28318530718),(-2.670217047172E-03,0.),
.PIECEWISE_BEZIER_KNOTS.) GEOMETRIC_REPRESENTATION_ITEM() 
RATIONAL_B_SPLINE_SURFACE((
    (1.,1.)
    ,(0.707106781187,0.707106781187)
,(1.,1.))) REPRESENTATION_ITEM('') SURFACE() );
#5999 = CARTESIAN_POINT('',(2.079450264952E-15,11.32,29.533282711325));
#6000 = CARTESIAN_POINT('',(2.079450264952E-15,11.32,26.863065664153));
#6001 = CARTESIAN_POINT('',(-11.32,11.32,29.533282711325));
#6002 = CARTESIAN_POINT('',(-11.32,11.32,26.863065664153));
#6003 = CARTESIAN_POINT('',(-11.32,2.77260035327E-15,29.533282711325));
#6004 = CARTESIAN_POINT('',(-11.32,2.77260035327E-15,26.863065664153));
#6005 = DEFINITIONAL_REPRESENTATION('',(#6006),#6010);
#6006 = B_SPLINE_CURVE_WITH_KNOTS('',2,(#6007,#6008,#6009),
  .UNSPECIFIED.,.F.,.F.,(3,3),(0.,2.670217047172E-03),
  .PIECEWISE_BEZIER_KNOTS.);
#6007 = CARTESIAN_POINT('',(4.712388980385,0.));
#6008 = CARTESIAN_POINT('',(4.712388980385,-1.335108523586E-03));
#6009 = CARTESIAN_POINT('',(4.712388980385,-2.670217047172E-03));
#6010 = ( GEOMETRIC_REPRESENTATION_CONTEXT(2) 
PARAMETRIC_REPRESENTATION_CONTEXT() REPRESENTATION_CONTEXT('2D SPACE',''
  ) );
#6011 = ORIENTED_EDGE('',*,*,#6012,.F.);
#6012 = EDGE_CURVE('',#6013,#5984,#6015,.T.);
#6013 = VERTEX_POINT('',#6014);
#6014 = CARTESIAN_POINT('',(2.429611216814,11.056192352484,
    26.863065664153));
#6015 = SURFACE_CURVE('',#6016,(#6020,#6028),.PCURVE_S1.);
#6016 = ( BOUNDED_CURVE() B_SPLINE_CURVE(2,(#6017,#6018,#6019),
.UNSPECIFIED.,.F.,.F.) B_SPLINE_CURVE_WITH_KNOTS((3,3),(3.149679177875,
3.365992128846),.PIECEWISE_BEZIER_KNOTS.) CURVE() 
GEOMETRIC_REPRESENTATION_ITEM() RATIONAL_B_SPLINE_CURVE((1.,
0.99415678781,1.)) REPRESENTATION_ITEM('') );
#6017 = CARTESIAN_POINT('',(2.429611216814,11.056192352484,
    26.863065664153));
#6018 = CARTESIAN_POINT('',(1.229127750651,11.32,26.863065664153));
#6019 = CARTESIAN_POINT('',(1.734723475977E-15,11.32,26.863065664153));
#6020 = PCURVE('',#5932,#6021);
#6021 = DEFINITIONAL_REPRESENTATION('',(#6022),#6027);
#6022 = B_SPLINE_CURVE_WITH_KNOTS('',3,(#6023,#6024,#6025,#6026),
  .UNSPECIFIED.,.F.,.F.,(4,4),(3.149679177875,3.365992128846),
  .PIECEWISE_BEZIER_KNOTS.);
#6023 = CARTESIAN_POINT('',(4.481565805323,-1.72220217971E-20));
#6024 = CARTESIAN_POINT('',(4.55562896394,-3.059204411548E-18));
#6025 = CARTESIAN_POINT('',(4.63245815035,-8.674812561641E-18));
#6026 = CARTESIAN_POINT('',(4.712388980385,0.));
#6027 = ( GEOMETRIC_REPRESENTATION_CONTEXT(2) 
PARAMETRIC_REPRESENTATION_CONTEXT() REPRESENTATION_CONTEXT('2D SPACE',''
  ) );
#6028 = PCURVE('',#4969,#6029);
#6029 = DEFINITIONAL_REPRESENTATION('',(#6030),#6034);
#6030 = ( BOUNDED_CURVE() B_SPLINE_CURVE(2,(#6031,#6032,#6033),
.UNSPECIFIED.,.F.,.F.) B_SPLINE_CURVE_WITH_KNOTS((3,3),(3.149679177875,
3.365992128846),.PIECEWISE_BEZIER_KNOTS.) CURVE() 
GEOMETRIC_REPRESENTATION_ITEM() RATIONAL_B_SPLINE_CURVE((1.,
0.99415678781,1.)) REPRESENTATION_ITEM('') );
#6031 = CARTESIAN_POINT('',(5.795629641249E-03,-3.463180075495E-03));
#6032 = CARTESIAN_POINT('',(5.805568904329E-03,-2.23409251211E-03));
#6033 = CARTESIAN_POINT('',(6.079075559355E-03,-1.035781560363E-03));
#6034 = ( GEOMETRIC_REPRESENTATION_CONTEXT(2) 
PARAMETRIC_REPRESENTATION_CONTEXT() REPRESENTATION_CONTEXT('2D SPACE',''
  ) );
#6035 = ORIENTED_EDGE('',*,*,#6036,.F.);
#6036 = EDGE_CURVE('',#6037,#6013,#6039,.T.);
#6037 = VERTEX_POINT('',#6038);
#6038 = CARTESIAN_POINT('',(3.038180478856,10.904671447499,
    26.863065664153));
#6039 = SURFACE_CURVE('',#6040,(#6044,#6051),.PCURVE_S1.);
#6040 = ( BOUNDED_CURVE() B_SPLINE_CURVE(2,(#6041,#6042,#6043),
.UNSPECIFIED.,.F.,.F.) B_SPLINE_CURVE_WITH_KNOTS((3,3),(4.440667138402,
4.496076029413),.PIECEWISE_BEZIER_KNOTS.) CURVE() 
GEOMETRIC_REPRESENTATION_ITEM() RATIONAL_B_SPLINE_CURVE((1.,
0.999616256395,1.)) REPRESENTATION_ITEM('') );
#6041 = CARTESIAN_POINT('',(3.038180478856,10.904671447499,
    26.863065664153));
#6042 = CARTESIAN_POINT('',(2.735995286322,10.988864094419,
    26.863065664153));
#6043 = CARTESIAN_POINT('',(2.429611216814,11.056192352484,
    26.863065664153));
#6044 = PCURVE('',#5932,#6045);
#6045 = DEFINITIONAL_REPRESENTATION('',(#6046),#6050);
#6046 = B_SPLINE_CURVE_WITH_KNOTS('',2,(#6047,#6048,#6049),
  .UNSPECIFIED.,.F.,.F.,(3,3),(4.440667138402,4.496076029413),
  .PIECEWISE_BEZIER_KNOTS.);
#6047 = CARTESIAN_POINT('',(4.424985173203,-3.507251181295E-18));
#6048 = CARTESIAN_POINT('',(4.453057978035,5.572997807542E-18));
#6049 = CARTESIAN_POINT('',(4.481565805323,-3.486668973751E-18));
#6050 = ( GEOMETRIC_REPRESENTATION_CONTEXT(2) 
PARAMETRIC_REPRESENTATION_CONTEXT() REPRESENTATION_CONTEXT('2D SPACE',''
  ) );
#6051 = PCURVE('',#4997,#6052);
#6052 = DEFINITIONAL_REPRESENTATION('',(#6053),#6057);
#6053 = ( BOUNDED_CURVE() B_SPLINE_CURVE(2,(#6054,#6055,#6056),
.UNSPECIFIED.,.F.,.F.) B_SPLINE_CURVE_WITH_KNOTS((3,3),(4.440667138402,
4.496076029413),.PIECEWISE_BEZIER_KNOTS.) CURVE() 
GEOMETRIC_REPRESENTATION_ITEM() RATIONAL_B_SPLINE_CURVE((1.,
0.999616256395,1.)) REPRESENTATION_ITEM('') );
#6054 = CARTESIAN_POINT('',(3.038180478856E-03,1.09046714475E-02));
#6055 = CARTESIAN_POINT('',(2.735995286322E-03,1.098886409442E-02));
#6056 = CARTESIAN_POINT('',(2.429611216814E-03,1.105619235248E-02));
#6057 = ( GEOMETRIC_REPRESENTATION_CONTEXT(2) 
PARAMETRIC_REPRESENTATION_CONTEXT() REPRESENTATION_CONTEXT('2D SPACE',''
  ) );
#6058 = ORIENTED_EDGE('',*,*,#6059,.F.);
#6059 = EDGE_CURVE('',#6060,#6037,#6062,.T.);
#6060 = VERTEX_POINT('',#6061);
#6061 = CARTESIAN_POINT('',(6.986106145755,8.907116307776,
    26.863065664153));
#6062 = SURFACE_CURVE('',#6063,(#6067,#6075),.PCURVE_S1.);
#6063 = ( BOUNDED_CURVE() B_SPLINE_CURVE(2,(#6064,#6065,#6066),
.UNSPECIFIED.,.F.,.F.) B_SPLINE_CURVE_WITH_KNOTS((3,3),(3.149679177875,
3.543069237376),.PIECEWISE_BEZIER_KNOTS.) CURVE() 
GEOMETRIC_REPRESENTATION_ITEM() RATIONAL_B_SPLINE_CURVE((1.,
0.980717820329,1.)) REPRESENTATION_ITEM('') );
#6064 = CARTESIAN_POINT('',(6.986106145755,8.907116307776,
    26.863065664153));
#6065 = CARTESIAN_POINT('',(5.211171267394,10.29924851236,
    26.863065664153));
#6066 = CARTESIAN_POINT('',(3.038180478856,10.904671447499,
    26.863065664153));
#6067 = PCURVE('',#5932,#6068);
#6068 = DEFINITIONAL_REPRESENTATION('',(#6069),#6074);
#6069 = B_SPLINE_CURVE_WITH_KNOTS('',3,(#6070,#6071,#6072,#6073),
  .UNSPECIFIED.,.F.,.F.,(4,4),(3.149679177875,3.543069237376),
  .PIECEWISE_BEZIER_KNOTS.);
#6070 = CARTESIAN_POINT('',(4.04116704332,-6.942830755621E-18));
#6071 = CARTESIAN_POINT('',(4.165134697443,9.760275078433E-18));
#6072 = CARTESIAN_POINT('',(4.292946792265,-4.375230168337E-18));
#6073 = CARTESIAN_POINT('',(4.424985173203,-3.507251181295E-18));
#6074 = ( GEOMETRIC_REPRESENTATION_CONTEXT(2) 
PARAMETRIC_REPRESENTATION_CONTEXT() REPRESENTATION_CONTEXT('2D SPACE',''
  ) );
#6075 = PCURVE('',#5026,#6076);
#6076 = DEFINITIONAL_REPRESENTATION('',(#6077),#6081);
#6077 = ( BOUNDED_CURVE() B_SPLINE_CURVE(2,(#6078,#6079,#6080),
.UNSPECIFIED.,.F.,.F.) B_SPLINE_CURVE_WITH_KNOTS((3,3),(3.149679177875,
3.543069237376),.PIECEWISE_BEZIER_KNOTS.) CURVE() 
GEOMETRIC_REPRESENTATION_ITEM() RATIONAL_B_SPLINE_CURVE((1.,
0.980717820329,1.)) REPRESENTATION_ITEM('') );
#6078 = CARTESIAN_POINT('',(5.795629641249E-03,-3.463180075495E-03));
#6079 = CARTESIAN_POINT('',(5.813870651569E-03,-1.207499875865E-03));
#6080 = CARTESIAN_POINT('',(6.695369536856E-03,8.688877595977E-04));
#6081 = ( GEOMETRIC_REPRESENTATION_CONTEXT(2) 
PARAMETRIC_REPRESENTATION_CONTEXT() REPRESENTATION_CONTEXT('2D SPACE',''
  ) );
#6082 = ORIENTED_EDGE('',*,*,#6083,.F.);
#6083 = EDGE_CURVE('',#6084,#6060,#6086,.T.);
#6084 = VERTEX_POINT('',#6085);
#6085 = CARTESIAN_POINT('',(7.468665648007,8.506552382621,
    26.863065664153));
#6086 = SURFACE_CURVE('',#6087,(#6091,#6098),.PCURVE_S1.);
#6087 = ( BOUNDED_CURVE() B_SPLINE_CURVE(2,(#6088,#6089,#6090),
.UNSPECIFIED.,.F.,.F.) B_SPLINE_CURVE_WITH_KNOTS((3,3),(3.991868187889,
4.0472770789),.PIECEWISE_BEZIER_KNOTS.) CURVE() 
GEOMETRIC_REPRESENTATION_ITEM() RATIONAL_B_SPLINE_CURVE((1.,
0.999616256395,1.)) REPRESENTATION_ITEM('') );
#6088 = CARTESIAN_POINT('',(7.468665648007,8.506552382621,
    26.863065664153));
#6089 = CARTESIAN_POINT('',(7.232936017645,8.713520577645,
    26.863065664153));
#6090 = CARTESIAN_POINT('',(6.986106145755,8.907116307776,
    26.863065664153));
#6091 = PCURVE('',#5932,#6092);
#6092 = DEFINITIONAL_REPRESENTATION('',(#6093),#6097);
#6093 = B_SPLINE_CURVE_WITH_KNOTS('',2,(#6094,#6095,#6096),
  .UNSPECIFIED.,.F.,.F.,(3,3),(3.991868187889,4.0472770789),
  .PIECEWISE_BEZIER_KNOTS.);
#6094 = CARTESIAN_POINT('',(3.988520004747,-5.407677012235E-22));
#6095 = CARTESIAN_POINT('',(4.014809738772,4.277559802973E-18));
#6096 = CARTESIAN_POINT('',(4.04116704332,-6.942830755621E-18));
#6097 = ( GEOMETRIC_REPRESENTATION_CONTEXT(2) 
PARAMETRIC_REPRESENTATION_CONTEXT() REPRESENTATION_CONTEXT('2D SPACE',''
  ) );
#6098 = PCURVE('',#5054,#6099);
#6099 = DEFINITIONAL_REPRESENTATION('',(#6100),#6104);
#6100 = ( BOUNDED_CURVE() B_SPLINE_CURVE(2,(#6101,#6102,#6103),
.UNSPECIFIED.,.F.,.F.) B_SPLINE_CURVE_WITH_KNOTS((3,3),(3.991868187889,
4.0472770789),.PIECEWISE_BEZIER_KNOTS.) CURVE() 
GEOMETRIC_REPRESENTATION_ITEM() RATIONAL_B_SPLINE_CURVE((1.,
0.999616256395,1.)) REPRESENTATION_ITEM('') );
#6101 = CARTESIAN_POINT('',(7.468665648007E-03,8.506552382621E-03));
#6102 = CARTESIAN_POINT('',(7.232936017645E-03,8.713520577645E-03));
#6103 = CARTESIAN_POINT('',(6.986106145755E-03,8.907116307776E-03));
#6104 = ( GEOMETRIC_REPRESENTATION_CONTEXT(2) 
PARAMETRIC_REPRESENTATION_CONTEXT() REPRESENTATION_CONTEXT('2D SPACE',''
  ) );
#6105 = ORIENTED_EDGE('',*,*,#6106,.F.);
#6106 = EDGE_CURVE('',#6107,#6084,#6109,.T.);
#6107 = VERTEX_POINT('',#6108);
#6108 = CARTESIAN_POINT('',(10.15891707356,4.9938766397,26.863065664153)
  );
#6109 = SURFACE_CURVE('',#6110,(#6114,#6121),.PCURVE_S1.);
#6110 = ( BOUNDED_CURVE() B_SPLINE_CURVE(2,(#6111,#6112,#6113),
.UNSPECIFIED.,.F.,.F.) B_SPLINE_CURVE_WITH_KNOTS((3,3),(3.149679177875,
3.543069237376),.PIECEWISE_BEZIER_KNOTS.) CURVE() 
GEOMETRIC_REPRESENTATION_ITEM() RATIONAL_B_SPLINE_CURVE((1.,
0.980717820329,1.)) REPRESENTATION_ITEM('') );
#6111 = CARTESIAN_POINT('',(10.15891707356,4.9938766397,26.863065664153)
  );
#6112 = CARTESIAN_POINT('',(9.163779531873,7.018259797748,
    26.863065664153));
#6113 = CARTESIAN_POINT('',(7.468665648007,8.506552382621,
    26.863065664153));
#6114 = PCURVE('',#5932,#6115);
#6115 = DEFINITIONAL_REPRESENTATION('',(#6116),#6120);
#6116 = B_SPLINE_CURVE_WITH_KNOTS('',2,(#6117,#6118,#6119),
  .UNSPECIFIED.,.F.,.F.,(3,3),(3.149679177875,3.543069237376),
  .PIECEWISE_BEZIER_KNOTS.);
#6117 = CARTESIAN_POINT('',(3.612709711381,-3.487323521482E-18));
#6118 = CARTESIAN_POINT('',(3.803062298216,-1.32880650137E-18));
#6119 = CARTESIAN_POINT('',(3.988520004747,-5.407677012235E-22));
#6120 = ( GEOMETRIC_REPRESENTATION_CONTEXT(2) 
PARAMETRIC_REPRESENTATION_CONTEXT() REPRESENTATION_CONTEXT('2D SPACE',''
  ) );
#6121 = PCURVE('',#5083,#6122);
#6122 = DEFINITIONAL_REPRESENTATION('',(#6123),#6127);
#6123 = ( BOUNDED_CURVE() B_SPLINE_CURVE(2,(#6124,#6125,#6126),
.UNSPECIFIED.,.F.,.F.) B_SPLINE_CURVE_WITH_KNOTS((3,3),(3.149679177875,
3.543069237376),.PIECEWISE_BEZIER_KNOTS.) CURVE() 
GEOMETRIC_REPRESENTATION_ITEM() RATIONAL_B_SPLINE_CURVE((1.,
0.980717820329,1.)) REPRESENTATION_ITEM('') );
#6124 = CARTESIAN_POINT('',(5.795629641249E-03,-3.463180075495E-03));
#6125 = CARTESIAN_POINT('',(5.813870651569E-03,-1.207499875865E-03));
#6126 = CARTESIAN_POINT('',(6.695369536856E-03,8.688877595977E-04));
#6127 = ( GEOMETRIC_REPRESENTATION_CONTEXT(2) 
PARAMETRIC_REPRESENTATION_CONTEXT() REPRESENTATION_CONTEXT('2D SPACE',''
  ) );
#6128 = ORIENTED_EDGE('',*,*,#6129,.F.);
#6129 = EDGE_CURVE('',#6130,#6107,#6132,.T.);
#6130 = VERTEX_POINT('',#6131);
#6131 = CARTESIAN_POINT('',(10.419889988398,4.423606292346,
    26.863065664153));
#6132 = SURFACE_CURVE('',#6133,(#6137,#6144),.PCURVE_S1.);
#6133 = ( BOUNDED_CURVE() B_SPLINE_CURVE(2,(#6134,#6135,#6136),
.UNSPECIFIED.,.F.,.F.) B_SPLINE_CURVE_WITH_KNOTS((3,3),(3.543069237376,
3.598478128388),.PIECEWISE_BEZIER_KNOTS.) CURVE() 
GEOMETRIC_REPRESENTATION_ITEM() RATIONAL_B_SPLINE_CURVE((1.,
0.999616256395,1.)) REPRESENTATION_ITEM('') );
#6134 = CARTESIAN_POINT('',(10.419889988398,4.423606292346,
    26.863065664153));
#6135 = CARTESIAN_POINT('',(10.297305064534,4.712357446151,
    26.863065664153));
#6136 = CARTESIAN_POINT('',(10.15891707356,4.9938766397,26.863065664153)
  );
#6137 = PCURVE('',#5932,#6138);
#6138 = DEFINITIONAL_REPRESENTATION('',(#6139),#6143);
#6139 = B_SPLINE_CURVE_WITH_KNOTS('',2,(#6140,#6141,#6142),
  .UNSPECIFIED.,.F.,.F.,(3,3),(3.543069237376,3.598478128388),
  .PIECEWISE_BEZIER_KNOTS.);
#6140 = CARTESIAN_POINT('',(3.558472675262,-9.618512862417E-21));
#6141 = CARTESIAN_POINT('',(3.585726448889,-8.774835969467E-18));
#6142 = CARTESIAN_POINT('',(3.612709711381,-3.487323521482E-18));
#6143 = ( GEOMETRIC_REPRESENTATION_CONTEXT(2) 
PARAMETRIC_REPRESENTATION_CONTEXT() REPRESENTATION_CONTEXT('2D SPACE',''
  ) );
#6144 = PCURVE('',#5111,#6145);
#6145 = DEFINITIONAL_REPRESENTATION('',(#6146),#6150);
#6146 = ( BOUNDED_CURVE() B_SPLINE_CURVE(2,(#6147,#6148,#6149),
.UNSPECIFIED.,.F.,.F.) B_SPLINE_CURVE_WITH_KNOTS((3,3),(3.543069237376,
3.598478128388),.PIECEWISE_BEZIER_KNOTS.) CURVE() 
GEOMETRIC_REPRESENTATION_ITEM() RATIONAL_B_SPLINE_CURVE((1.,
0.999616256395,1.)) REPRESENTATION_ITEM('') );
#6147 = CARTESIAN_POINT('',(1.04198899884E-02,4.423606292346E-03));
#6148 = CARTESIAN_POINT('',(1.029730506453E-02,4.712357446151E-03));
#6149 = CARTESIAN_POINT('',(1.015891707356E-02,4.9938766397E-03));
#6150 = ( GEOMETRIC_REPRESENTATION_CONTEXT(2) 
PARAMETRIC_REPRESENTATION_CONTEXT() REPRESENTATION_CONTEXT('2D SPACE',''
  ) );
#6151 = ORIENTED_EDGE('',*,*,#6152,.F.);
#6152 = EDGE_CURVE('',#6153,#6130,#6155,.T.);
#6153 = VERTEX_POINT('',#6154);
#6154 = CARTESIAN_POINT('',(11.319629884004,9.153845725335E-02,
    26.863065664153));
#6155 = SURFACE_CURVE('',#6156,(#6160,#6168),.PCURVE_S1.);
#6156 = ( BOUNDED_CURVE() B_SPLINE_CURVE(2,(#6157,#6158,#6159),
.UNSPECIFIED.,.F.,.F.) B_SPLINE_CURVE_WITH_KNOTS((3,3),(3.149679177875,
3.543069237376),.PIECEWISE_BEZIER_KNOTS.) CURVE() 
GEOMETRIC_REPRESENTATION_ITEM() RATIONAL_B_SPLINE_CURVE((1.,
0.980717820329,1.)) REPRESENTATION_ITEM('') );
#6157 = CARTESIAN_POINT('',(11.319629884004,9.153845725335E-02,
    26.863065664153));
#6158 = CARTESIAN_POINT('',(11.301388873684,2.347218656884,
    26.863065664153));
#6159 = CARTESIAN_POINT('',(10.419889988398,4.423606292346,
    26.863065664153));
#6160 = PCURVE('',#5932,#6161);
#6161 = DEFINITIONAL_REPRESENTATION('',(#6162),#6167);
#6162 = B_SPLINE_CURVE_WITH_KNOTS('',3,(#6163,#6164,#6165,#6166),
  .UNSPECIFIED.,.F.,.F.,(4,4),(3.149679177875,3.543069237376),
  .PIECEWISE_BEZIER_KNOTS.);
#6163 = CARTESIAN_POINT('',(3.150559555114,4.772742683178E-25));
#6164 = CARTESIAN_POINT('',(3.294784100119,-1.478415314683E-17));
#6165 = CARTESIAN_POINT('',(3.430282412539,-3.739861534382E-18));
#6166 = CARTESIAN_POINT('',(3.558472675262,-9.618512862417E-21));
#6167 = ( GEOMETRIC_REPRESENTATION_CONTEXT(2) 
PARAMETRIC_REPRESENTATION_CONTEXT() REPRESENTATION_CONTEXT('2D SPACE',''
  ) );
#6168 = PCURVE('',#5138,#6169);
#6169 = DEFINITIONAL_REPRESENTATION('',(#6170),#6174);
#6170 = ( BOUNDED_CURVE() B_SPLINE_CURVE(2,(#6171,#6172,#6173),
.UNSPECIFIED.,.F.,.F.) B_SPLINE_CURVE_WITH_KNOTS((3,3),(3.149679177875,
3.543069237376),.PIECEWISE_BEZIER_KNOTS.) CURVE() 
GEOMETRIC_REPRESENTATION_ITEM() RATIONAL_B_SPLINE_CURVE((1.,
0.980717820329,1.)) REPRESENTATION_ITEM('') );
#6171 = CARTESIAN_POINT('',(5.795629641249E-03,-3.463180075495E-03));
#6172 = CARTESIAN_POINT('',(5.813870651569E-03,-1.207499875865E-03));
#6173 = CARTESIAN_POINT('',(6.695369536856E-03,8.688877595977E-04));
#6174 = ( GEOMETRIC_REPRESENTATION_CONTEXT(2) 
PARAMETRIC_REPRESENTATION_CONTEXT() REPRESENTATION_CONTEXT('2D SPACE',''
  ) );
#6175 = ORIENTED_EDGE('',*,*,#6176,.F.);
#6176 = EDGE_CURVE('',#5923,#6153,#6177,.T.);
#6177 = SURFACE_CURVE('',#6178,(#6182,#6189),.PCURVE_S1.);
#6178 = ( BOUNDED_CURVE() B_SPLINE_CURVE(2,(#6179,#6180,#6181),
.UNSPECIFIED.,.F.,.F.) B_SPLINE_CURVE_WITH_KNOTS((3,3),(3.14159265359,
3.149679177875),.PIECEWISE_BEZIER_KNOTS.) CURVE() 
GEOMETRIC_REPRESENTATION_ITEM() RATIONAL_B_SPLINE_CURVE((1.,
0.999991826027,1.)) REPRESENTATION_ITEM('') );
#6179 = CARTESIAN_POINT('',(11.32,-1.386300176635E-15,26.863065664153));
#6180 = CARTESIAN_POINT('',(11.32,4.576997686874E-02,26.863065664153));
#6181 = CARTESIAN_POINT('',(11.319629884004,9.153845725335E-02,
    26.863065664153));
#6182 = PCURVE('',#5932,#6183);
#6183 = DEFINITIONAL_REPRESENTATION('',(#6184),#6188);
#6184 = B_SPLINE_CURVE_WITH_KNOTS('',2,(#6185,#6186,#6187),
  .UNSPECIFIED.,.F.,.F.,(3,3),(3.14159265359,3.149679177875),
  .PIECEWISE_BEZIER_KNOTS.);
#6185 = CARTESIAN_POINT('',(3.14159265359,0.));
#6186 = CARTESIAN_POINT('',(3.14608357023,1.119453231081E-18));
#6187 = CARTESIAN_POINT('',(3.150559555114,4.772742683178E-25));
#6188 = ( GEOMETRIC_REPRESENTATION_CONTEXT(2) 
PARAMETRIC_REPRESENTATION_CONTEXT() REPRESENTATION_CONTEXT('2D SPACE',''
  ) );
#6189 = PCURVE('',#5222,#6190);
#6190 = DEFINITIONAL_REPRESENTATION('',(#6191),#6195);
#6191 = ( BOUNDED_CURVE() B_SPLINE_CURVE(2,(#6192,#6193,#6194),
.UNSPECIFIED.,.F.,.F.) B_SPLINE_CURVE_WITH_KNOTS((3,3),(3.14159265359,
3.149679177875),.PIECEWISE_BEZIER_KNOTS.) CURVE() 
GEOMETRIC_REPRESENTATION_ITEM() RATIONAL_B_SPLINE_CURVE((1.,
0.999991826027,1.)) REPRESENTATION_ITEM('') );
#6192 = CARTESIAN_POINT('',(1.132E-02,-8.858469120842E-19));
#6193 = CARTESIAN_POINT('',(1.132E-02,4.576997686874E-05));
#6194 = CARTESIAN_POINT('',(1.1319629884E-02,9.153845725335E-05));
#6195 = ( GEOMETRIC_REPRESENTATION_CONTEXT(2) 
PARAMETRIC_REPRESENTATION_CONTEXT() REPRESENTATION_CONTEXT('2D SPACE',''
  ) );
#6196 = ADVANCED_FACE('',(#6197),#5998,.T.);
#6197 = FACE_BOUND('',#6198,.T.);
#6198 = EDGE_LOOP('',(#6199,#6200,#6223,#6252,#6275,#6299,#6322,#6345,
    #6368,#6392,#6415));
#6199 = ORIENTED_EDGE('',*,*,#5983,.T.);
#6200 = ORIENTED_EDGE('',*,*,#6201,.T.);
#6201 = EDGE_CURVE('',#5961,#6202,#6204,.T.);
#6202 = VERTEX_POINT('',#6203);
#6203 = CARTESIAN_POINT('',(-11.32,0.,29.533282711325));
#6204 = SURFACE_CURVE('',#6205,(#6209,#6216),.PCURVE_S1.);
#6205 = ( BOUNDED_CURVE() B_SPLINE_CURVE(2,(#6206,#6207,#6208),
.UNSPECIFIED.,.F.,.F.) B_SPLINE_CURVE_WITH_KNOTS((3,3),(4.712388980385,
6.28318530718),.PIECEWISE_BEZIER_KNOTS.) CURVE() 
GEOMETRIC_REPRESENTATION_ITEM() RATIONAL_B_SPLINE_CURVE((1.,
0.707106781187,1.)) REPRESENTATION_ITEM('') );
#6206 = CARTESIAN_POINT('',(2.079450264952E-15,11.32,29.533282711325));
#6207 = CARTESIAN_POINT('',(-11.32,11.32,29.533282711325));
#6208 = CARTESIAN_POINT('',(-11.32,2.77260035327E-15,29.533282711325));
#6209 = PCURVE('',#5998,#6210);
#6210 = DEFINITIONAL_REPRESENTATION('',(#6211),#6215);
#6211 = B_SPLINE_CURVE_WITH_KNOTS('',2,(#6212,#6213,#6214),
  .UNSPECIFIED.,.F.,.F.,(3,3),(4.712388980385,6.28318530718),
  .PIECEWISE_BEZIER_KNOTS.);
#6212 = CARTESIAN_POINT('',(4.712388980385,-2.670217047172E-03));
#6213 = CARTESIAN_POINT('',(5.497787143782,-2.670217047172E-03));
#6214 = CARTESIAN_POINT('',(6.28318530718,-2.670217047172E-03));
#6215 = ( GEOMETRIC_REPRESENTATION_CONTEXT(2) 
PARAMETRIC_REPRESENTATION_CONTEXT() REPRESENTATION_CONTEXT('2D SPACE',''
  ) );
#6216 = PCURVE('',#4911,#6217);
#6217 = DEFINITIONAL_REPRESENTATION('',(#6218),#6222);
#6218 = ( BOUNDED_CURVE() B_SPLINE_CURVE(2,(#6219,#6220,#6221),
.UNSPECIFIED.,.F.,.F.) B_SPLINE_CURVE_WITH_KNOTS((3,3),(4.712388980385,
6.28318530718),.PIECEWISE_BEZIER_KNOTS.) CURVE() 
GEOMETRIC_REPRESENTATION_ITEM() RATIONAL_B_SPLINE_CURVE((1.,
0.707106781187,1.)) REPRESENTATION_ITEM('') );
#6219 = CARTESIAN_POINT('',(1.694756739091E-18,1.132E-02));
#6220 = CARTESIAN_POINT('',(-1.132E-02,1.132E-02));
#6221 = CARTESIAN_POINT('',(-1.132E-02,3.27305361782E-18));
#6222 = ( GEOMETRIC_REPRESENTATION_CONTEXT(2) 
PARAMETRIC_REPRESENTATION_CONTEXT() REPRESENTATION_CONTEXT('2D SPACE',''
  ) );
#6223 = ORIENTED_EDGE('',*,*,#6224,.F.);
#6224 = EDGE_CURVE('',#6225,#6202,#6227,.T.);
#6225 = VERTEX_POINT('',#6226);
#6226 = CARTESIAN_POINT('',(-11.32,0.,26.863065664153));
#6227 = SURFACE_CURVE('',#6228,(#6231,#6238),.PCURVE_S1.);
#6228 = B_SPLINE_CURVE_WITH_KNOTS('',1,(#6229,#6230),.UNSPECIFIED.,.F.,
  .F.,(2,2),(0.,2.670217047172E-03),.PIECEWISE_BEZIER_KNOTS.);
#6229 = CARTESIAN_POINT('',(-11.32,0.,26.863065664153));
#6230 = CARTESIAN_POINT('',(-11.32,0.,29.533282711325));
#6231 = PCURVE('',#5998,#6232);
#6232 = DEFINITIONAL_REPRESENTATION('',(#6233),#6237);
#6233 = B_SPLINE_CURVE_WITH_KNOTS('',2,(#6234,#6235,#6236),
  .UNSPECIFIED.,.F.,.F.,(3,3),(0.,2.670217047172E-03),
  .PIECEWISE_BEZIER_KNOTS.);
#6234 = CARTESIAN_POINT('',(6.28318530718,0.));
#6235 = CARTESIAN_POINT('',(6.28318530718,-1.335108523586E-03));
#6236 = CARTESIAN_POINT('',(6.28318530718,-2.670217047172E-03));
#6237 = ( GEOMETRIC_REPRESENTATION_CONTEXT(2) 
PARAMETRIC_REPRESENTATION_CONTEXT() REPRESENTATION_CONTEXT('2D SPACE',''
  ) );
#6238 = PCURVE('',#6239,#6246);
#6239 = ( BOUNDED_SURFACE() B_SPLINE_SURFACE(2,1,(
    (#6240,#6241)
    ,(#6242,#6243)
    ,(#6244,#6245
)),.UNSPECIFIED.,.F.,.F.,.F.) B_SPLINE_SURFACE_WITH_KNOTS((3,3),(2,2),(
    0.,1.570796326795),(-2.670217047172E-03,0.),
.PIECEWISE_BEZIER_KNOTS.) GEOMETRIC_REPRESENTATION_ITEM() 
RATIONAL_B_SPLINE_SURFACE((
    (1.,1.)
    ,(0.707106781187,0.707106781187)
,(1.,1.))) REPRESENTATION_ITEM('') SURFACE() );
#6240 = CARTESIAN_POINT('',(-11.32,0.,29.533282711325));
#6241 = CARTESIAN_POINT('',(-11.32,0.,26.863065664153));
#6242 = CARTESIAN_POINT('',(-11.32,-11.32,29.533282711325));
#6243 = CARTESIAN_POINT('',(-11.32,-11.32,26.863065664153));
#6244 = CARTESIAN_POINT('',(-6.931500883174E-16,-11.32,29.533282711325)
  );
#6245 = CARTESIAN_POINT('',(-6.931500883174E-16,-11.32,26.863065664153)
  );
#6246 = DEFINITIONAL_REPRESENTATION('',(#6247),#6251);
#6247 = B_SPLINE_CURVE_WITH_KNOTS('',2,(#6248,#6249,#6250),
  .UNSPECIFIED.,.F.,.F.,(3,3),(0.,2.670217047172E-03),
  .PIECEWISE_BEZIER_KNOTS.);
#6248 = CARTESIAN_POINT('',(0.,0.));
#6249 = CARTESIAN_POINT('',(0.,-1.335108523586E-03));
#6250 = CARTESIAN_POINT('',(0.,-2.670217047172E-03));
#6251 = ( GEOMETRIC_REPRESENTATION_CONTEXT(2) 
PARAMETRIC_REPRESENTATION_CONTEXT() REPRESENTATION_CONTEXT('2D SPACE',''
  ) );
#6252 = ORIENTED_EDGE('',*,*,#6253,.F.);
#6253 = EDGE_CURVE('',#6254,#6225,#6256,.T.);
#6254 = VERTEX_POINT('',#6255);
#6255 = CARTESIAN_POINT('',(-11.30732732502,0.535489276098,
    26.863065664153));
#6256 = SURFACE_CURVE('',#6257,(#6261,#6268),.PCURVE_S1.);
#6257 = ( BOUNDED_CURVE() B_SPLINE_CURVE(2,(#6258,#6259,#6260),
.UNSPECIFIED.,.F.,.F.) B_SPLINE_CURVE_WITH_KNOTS((3,3),(6.235862940453,
6.28318530718),.PIECEWISE_BEZIER_KNOTS.) CURVE() 
GEOMETRIC_REPRESENTATION_ITEM() RATIONAL_B_SPLINE_CURVE((1.,
0.99972008726,1.)) REPRESENTATION_ITEM('') );
#6258 = CARTESIAN_POINT('',(-11.30732732502,0.535489276098,
    26.863065664153));
#6259 = CARTESIAN_POINT('',(-11.32,0.267894591277,26.863065664153));
#6260 = CARTESIAN_POINT('',(-11.32,2.77260035327E-15,26.863065664153));
#6261 = PCURVE('',#5998,#6262);
#6262 = DEFINITIONAL_REPRESENTATION('',(#6263),#6267);
#6263 = B_SPLINE_CURVE_WITH_KNOTS('',2,(#6264,#6265,#6266),
  .UNSPECIFIED.,.F.,.F.,(3,3),(6.235862940453,6.28318530718),
  .PIECEWISE_BEZIER_KNOTS.);
#6264 = CARTESIAN_POINT('',(6.23112389989,-3.469446951866E-18));
#6265 = CARTESIAN_POINT('',(6.256907965298,4.687060552997E-18));
#6266 = CARTESIAN_POINT('',(6.28318530718,0.));
#6267 = ( GEOMETRIC_REPRESENTATION_CONTEXT(2) 
PARAMETRIC_REPRESENTATION_CONTEXT() REPRESENTATION_CONTEXT('2D SPACE',''
  ) );
#6268 = PCURVE('',#5496,#6269);
#6269 = DEFINITIONAL_REPRESENTATION('',(#6270),#6274);
#6270 = ( BOUNDED_CURVE() B_SPLINE_CURVE(2,(#6271,#6272,#6273),
.UNSPECIFIED.,.F.,.F.) B_SPLINE_CURVE_WITH_KNOTS((3,3),(6.235862940453,
6.28318530718),.PIECEWISE_BEZIER_KNOTS.) CURVE() 
GEOMETRIC_REPRESENTATION_ITEM() RATIONAL_B_SPLINE_CURVE((1.,
0.99972008726,1.)) REPRESENTATION_ITEM('') );
#6271 = CARTESIAN_POINT('',(-1.130732732502E-02,5.354892760984E-04));
#6272 = CARTESIAN_POINT('',(-1.132E-02,2.678945912773E-04));
#6273 = CARTESIAN_POINT('',(-1.132E-02,3.27305361782E-18));
#6274 = ( GEOMETRIC_REPRESENTATION_CONTEXT(2) 
PARAMETRIC_REPRESENTATION_CONTEXT() REPRESENTATION_CONTEXT('2D SPACE',''
  ) );
#6275 = ORIENTED_EDGE('',*,*,#6276,.F.);
#6276 = EDGE_CURVE('',#6277,#6254,#6279,.T.);
#6277 = VERTEX_POINT('',#6278);
#6278 = CARTESIAN_POINT('',(-10.23835116977,4.828930039298,
    26.863065664153));
#6279 = SURFACE_CURVE('',#6280,(#6284,#6292),.PCURVE_S1.);
#6280 = ( BOUNDED_CURVE() B_SPLINE_CURVE(2,(#6281,#6282,#6283),
.UNSPECIFIED.,.F.,.F.) B_SPLINE_CURVE_WITH_KNOTS((3,3),(3.149679177875,
3.543069237376),.PIECEWISE_BEZIER_KNOTS.) CURVE() 
GEOMETRIC_REPRESENTATION_ITEM() RATIONAL_B_SPLINE_CURVE((1.,
0.980717820329,1.)) REPRESENTATION_ITEM('') );
#6281 = CARTESIAN_POINT('',(-10.23835116977,4.828930039298,
    26.863065664153));
#6282 = CARTESIAN_POINT('',(-11.20061954662,2.788717925724,
    26.863065664153));
#6283 = CARTESIAN_POINT('',(-11.30732732502,0.535489276098,
    26.863065664153));
#6284 = PCURVE('',#5998,#6285);
#6285 = DEFINITIONAL_REPRESENTATION('',(#6286),#6291);
#6286 = B_SPLINE_CURVE_WITH_KNOTS('',3,(#6287,#6288,#6289,#6290),
  .UNSPECIFIED.,.F.,.F.,(4,4),(3.149679177875,3.543069237376),
  .PIECEWISE_BEZIER_KNOTS.);
#6287 = CARTESIAN_POINT('',(5.827843992786,-9.160868971224E-21));
#6288 = CARTESIAN_POINT('',(5.955110028838,-9.328491561139E-18));
#6289 = CARTESIAN_POINT('',(6.089133439831,6.29638479288E-18));
#6290 = CARTESIAN_POINT('',(6.23112389989,-3.469446951866E-18));
#6291 = ( GEOMETRIC_REPRESENTATION_CONTEXT(2) 
PARAMETRIC_REPRESENTATION_CONTEXT() REPRESENTATION_CONTEXT('2D SPACE',''
  ) );
#6292 = PCURVE('',#5525,#6293);
#6293 = DEFINITIONAL_REPRESENTATION('',(#6294),#6298);
#6294 = ( BOUNDED_CURVE() B_SPLINE_CURVE(2,(#6295,#6296,#6297),
.UNSPECIFIED.,.F.,.F.) B_SPLINE_CURVE_WITH_KNOTS((3,3),(3.149679177875,
3.543069237376),.PIECEWISE_BEZIER_KNOTS.) CURVE() 
GEOMETRIC_REPRESENTATION_ITEM() RATIONAL_B_SPLINE_CURVE((1.,
0.980717820329,1.)) REPRESENTATION_ITEM('') );
#6295 = CARTESIAN_POINT('',(5.795629641249E-03,-3.463180075495E-03));
#6296 = CARTESIAN_POINT('',(5.813870651569E-03,-1.207499875865E-03));
#6297 = CARTESIAN_POINT('',(6.695369536856E-03,8.688877595977E-04));
#6298 = ( GEOMETRIC_REPRESENTATION_CONTEXT(2) 
PARAMETRIC_REPRESENTATION_CONTEXT() REPRESENTATION_CONTEXT('2D SPACE',''
  ) );
#6299 = ORIENTED_EDGE('',*,*,#6300,.F.);
#6300 = EDGE_CURVE('',#6301,#6277,#6303,.T.);
#6301 = VERTEX_POINT('',#6302);
#6302 = CARTESIAN_POINT('',(-9.955209809656,5.388524626067,
    26.863065664153));
#6303 = SURFACE_CURVE('',#6304,(#6308,#6315),.PCURVE_S1.);
#6304 = ( BOUNDED_CURVE() B_SPLINE_CURVE(2,(#6305,#6306,#6307),
.UNSPECIFIED.,.F.,.F.) B_SPLINE_CURVE_WITH_KNOTS((3,3),(5.78706398994,
5.842472880952),.PIECEWISE_BEZIER_KNOTS.) CURVE() 
GEOMETRIC_REPRESENTATION_ITEM() RATIONAL_B_SPLINE_CURVE((1.,
0.999616256395,1.)) REPRESENTATION_ITEM('') );
#6305 = CARTESIAN_POINT('',(-9.955209809656,5.388524626067,
    26.863065664153));
#6306 = CARTESIAN_POINT('',(-10.1045341024,5.112650473642,
    26.863065664153));
#6307 = CARTESIAN_POINT('',(-10.23835116977,4.828930039298,
    26.863065664153));
#6308 = PCURVE('',#5998,#6309);
#6309 = DEFINITIONAL_REPRESENTATION('',(#6310),#6314);
#6310 = B_SPLINE_CURVE_WITH_KNOTS('',2,(#6311,#6312,#6313),
  .UNSPECIFIED.,.F.,.F.,(3,3),(5.78706398994,5.842472880952),
  .PIECEWISE_BEZIER_KNOTS.);
#6311 = CARTESIAN_POINT('',(5.773967404759,3.477778793416E-18));
#6312 = CARTESIAN_POINT('',(5.800786407346,-1.248037468219E-17));
#6313 = CARTESIAN_POINT('',(5.827843992786,-9.160868971224E-21));
#6314 = ( GEOMETRIC_REPRESENTATION_CONTEXT(2) 
PARAMETRIC_REPRESENTATION_CONTEXT() REPRESENTATION_CONTEXT('2D SPACE',''
  ) );
#6315 = PCURVE('',#5553,#6316);
#6316 = DEFINITIONAL_REPRESENTATION('',(#6317),#6321);
#6317 = ( BOUNDED_CURVE() B_SPLINE_CURVE(2,(#6318,#6319,#6320),
.UNSPECIFIED.,.F.,.F.) B_SPLINE_CURVE_WITH_KNOTS((3,3),(5.78706398994,
5.842472880952),.PIECEWISE_BEZIER_KNOTS.) CURVE() 
GEOMETRIC_REPRESENTATION_ITEM() RATIONAL_B_SPLINE_CURVE((1.,
0.999616256395,1.)) REPRESENTATION_ITEM('') );
#6318 = CARTESIAN_POINT('',(-9.955209809656E-03,5.388524626067E-03));
#6319 = CARTESIAN_POINT('',(-1.010453410241E-02,5.112650473642E-03));
#6320 = CARTESIAN_POINT('',(-1.023835116977E-02,4.828930039298E-03));
#6321 = ( GEOMETRIC_REPRESENTATION_CONTEXT(2) 
PARAMETRIC_REPRESENTATION_CONTEXT() REPRESENTATION_CONTEXT('2D SPACE',''
  ) );
#6322 = ORIENTED_EDGE('',*,*,#6323,.F.);
#6323 = EDGE_CURVE('',#6324,#6301,#6326,.T.);
#6324 = VERTEX_POINT('',#6325);
#6325 = CARTESIAN_POINT('',(-7.129241441229,8.792969718625,
    26.863065664153));
#6326 = SURFACE_CURVE('',#6327,(#6331,#6338),.PCURVE_S1.);
#6327 = ( BOUNDED_CURVE() B_SPLINE_CURVE(2,(#6328,#6329,#6330),
.UNSPECIFIED.,.F.,.F.) B_SPLINE_CURVE_WITH_KNOTS((3,3),(3.149679177875,
3.543069237376),.PIECEWISE_BEZIER_KNOTS.) CURVE() 
GEOMETRIC_REPRESENTATION_ITEM() RATIONAL_B_SPLINE_CURVE((1.,
0.980717820329,1.)) REPRESENTATION_ITEM('') );
#6328 = CARTESIAN_POINT('',(-7.129241441229,8.792969718625,
    26.863065664153));
#6329 = CARTESIAN_POINT('',(-8.88143015177,7.372314721761,
    26.863065664153));
#6330 = CARTESIAN_POINT('',(-9.955209809656,5.388524626067,
    26.863065664153));
#6331 = PCURVE('',#5998,#6332);
#6332 = DEFINITIONAL_REPRESENTATION('',(#6333),#6337);
#6333 = B_SPLINE_CURVE_WITH_KNOTS('',2,(#6334,#6335,#6336),
  .UNSPECIFIED.,.F.,.F.,(3,3),(3.149679177875,3.543069237376),
  .PIECEWISE_BEZIER_KNOTS.);
#6334 = CARTESIAN_POINT('',(5.398992370985,-3.469445343735E-18));
#6335 = CARTESIAN_POINT('',(5.584766021606,-9.626925610694E-18));
#6336 = CARTESIAN_POINT('',(5.773967404759,3.477778793416E-18));
#6337 = ( GEOMETRIC_REPRESENTATION_CONTEXT(2) 
PARAMETRIC_REPRESENTATION_CONTEXT() REPRESENTATION_CONTEXT('2D SPACE',''
  ) );
#6338 = PCURVE('',#5581,#6339);
#6339 = DEFINITIONAL_REPRESENTATION('',(#6340),#6344);
#6340 = ( BOUNDED_CURVE() B_SPLINE_CURVE(2,(#6341,#6342,#6343),
.UNSPECIFIED.,.F.,.F.) B_SPLINE_CURVE_WITH_KNOTS((3,3),(3.149679177875,
3.543069237376),.PIECEWISE_BEZIER_KNOTS.) CURVE() 
GEOMETRIC_REPRESENTATION_ITEM() RATIONAL_B_SPLINE_CURVE((1.,
0.980717820329,1.)) REPRESENTATION_ITEM('') );
#6341 = CARTESIAN_POINT('',(5.795629641249E-03,-3.463180075495E-03));
#6342 = CARTESIAN_POINT('',(5.813870651569E-03,-1.207499875865E-03));
#6343 = CARTESIAN_POINT('',(6.695369536856E-03,8.688877595977E-04));
#6344 = ( GEOMETRIC_REPRESENTATION_CONTEXT(2) 
PARAMETRIC_REPRESENTATION_CONTEXT() REPRESENTATION_CONTEXT('2D SPACE',''
  ) );
#6345 = ORIENTED_EDGE('',*,*,#6346,.F.);
#6346 = EDGE_CURVE('',#6347,#6324,#6349,.T.);
#6347 = VERTEX_POINT('',#6348);
#6348 = CARTESIAN_POINT('',(-6.631340898852,9.174296587925,
    26.863065664153));
#6349 = SURFACE_CURVE('',#6350,(#6354,#6361),.PCURVE_S1.);
#6350 = ( BOUNDED_CURVE() B_SPLINE_CURVE(2,(#6351,#6352,#6353),
.UNSPECIFIED.,.F.,.F.) B_SPLINE_CURVE_WITH_KNOTS((3,3),(5.338265039427,
5.393673930439),.PIECEWISE_BEZIER_KNOTS.) CURVE() 
GEOMETRIC_REPRESENTATION_ITEM() RATIONAL_B_SPLINE_CURVE((1.,
0.999616256395,1.)) REPRESENTATION_ITEM('') );
#6351 = CARTESIAN_POINT('',(-6.631340898852,9.174296587925,
    26.863065664153));
#6352 = CARTESIAN_POINT('',(-6.885574746624,8.990531947612,
    26.863065664153));
#6353 = CARTESIAN_POINT('',(-7.129241441229,8.792969718625,
    26.863065664153));
#6354 = PCURVE('',#5998,#6355);
#6355 = DEFINITIONAL_REPRESENTATION('',(#6356),#6360);
#6356 = B_SPLINE_CURVE_WITH_KNOTS('',2,(#6357,#6358,#6359),
  .UNSPECIFIED.,.F.,.F.,(3,3),(5.338265039427,5.393673930439),
  .PIECEWISE_BEZIER_KNOTS.);
#6357 = CARTESIAN_POINT('',(5.34622917392,-3.472004918457E-18));
#6358 = CARTESIAN_POINT('',(5.372659017364,5.820140688232E-18));
#6359 = CARTESIAN_POINT('',(5.398992370985,0.));
#6360 = ( GEOMETRIC_REPRESENTATION_CONTEXT(2) 
PARAMETRIC_REPRESENTATION_CONTEXT() REPRESENTATION_CONTEXT('2D SPACE',''
  ) );
#6361 = PCURVE('',#5609,#6362);
#6362 = DEFINITIONAL_REPRESENTATION('',(#6363),#6367);
#6363 = ( BOUNDED_CURVE() B_SPLINE_CURVE(2,(#6364,#6365,#6366),
.UNSPECIFIED.,.F.,.F.) B_SPLINE_CURVE_WITH_KNOTS((3,3),(5.338265039427,
5.393673930439),.PIECEWISE_BEZIER_KNOTS.) CURVE() 
GEOMETRIC_REPRESENTATION_ITEM() RATIONAL_B_SPLINE_CURVE((1.,
0.999616256395,1.)) REPRESENTATION_ITEM('') );
#6364 = CARTESIAN_POINT('',(-6.631340898852E-03,9.174296587925E-03));
#6365 = CARTESIAN_POINT('',(-6.885574746624E-03,8.990531947612E-03));
#6366 = CARTESIAN_POINT('',(-7.129241441229E-03,8.792969718625E-03));
#6367 = ( GEOMETRIC_REPRESENTATION_CONTEXT(2) 
PARAMETRIC_REPRESENTATION_CONTEXT() REPRESENTATION_CONTEXT('2D SPACE',''
  ) );
#6368 = ORIENTED_EDGE('',*,*,#6369,.F.);
#6369 = EDGE_CURVE('',#6370,#6347,#6372,.T.);
#6370 = VERTEX_POINT('',#6371);
#6371 = CARTESIAN_POINT('',(-2.608098010843,11.015453906482,
    26.863065664153));
#6372 = SURFACE_CURVE('',#6373,(#6377,#6385),.PCURVE_S1.);
#6373 = ( BOUNDED_CURVE() B_SPLINE_CURVE(2,(#6374,#6375,#6376),
.UNSPECIFIED.,.F.,.F.) B_SPLINE_CURVE_WITH_KNOTS((3,3),(3.149679177875,
3.543069237376),.PIECEWISE_BEZIER_KNOTS.) CURVE() 
GEOMETRIC_REPRESENTATION_ITEM() RATIONAL_B_SPLINE_CURVE((1.,
0.980717820329,1.)) REPRESENTATION_ITEM('') );
#6374 = CARTESIAN_POINT('',(-2.608098010843,11.015453906482,
    26.863065664153));
#6375 = CARTESIAN_POINT('',(-4.803164591766,10.495734171647,
    26.863065664153));
#6376 = CARTESIAN_POINT('',(-6.631340898852,9.174296587925,
    26.863065664153));
#6377 = PCURVE('',#5998,#6378);
#6378 = DEFINITIONAL_REPRESENTATION('',(#6379),#6384);
#6379 = B_SPLINE_CURVE_WITH_KNOTS('',3,(#6380,#6381,#6382,#6383),
  .UNSPECIFIED.,.F.,.F.,(4,4),(3.149679177875,3.543069237376),
  .PIECEWISE_BEZIER_KNOTS.);
#6380 = CARTESIAN_POINT('',(4.959817900778,-3.487380407863E-18));
#6381 = CARTESIAN_POINT('',(5.093278686758,3.505018189084E-18));
#6382 = CARTESIAN_POINT('',(5.221919888563,-2.981579055093E-18));
#6383 = CARTESIAN_POINT('',(5.34622917392,-3.472004918457E-18));
#6384 = ( GEOMETRIC_REPRESENTATION_CONTEXT(2) 
PARAMETRIC_REPRESENTATION_CONTEXT() REPRESENTATION_CONTEXT('2D SPACE',''
  ) );
#6385 = PCURVE('',#5638,#6386);
#6386 = DEFINITIONAL_REPRESENTATION('',(#6387),#6391);
#6387 = ( BOUNDED_CURVE() B_SPLINE_CURVE(2,(#6388,#6389,#6390),
.UNSPECIFIED.,.F.,.F.) B_SPLINE_CURVE_WITH_KNOTS((3,3),(3.149679177875,
3.543069237376),.PIECEWISE_BEZIER_KNOTS.) CURVE() 
GEOMETRIC_REPRESENTATION_ITEM() RATIONAL_B_SPLINE_CURVE((1.,
0.980717820329,1.)) REPRESENTATION_ITEM('') );
#6388 = CARTESIAN_POINT('',(5.795629641249E-03,-3.463180075495E-03));
#6389 = CARTESIAN_POINT('',(5.813870651569E-03,-1.207499875865E-03));
#6390 = CARTESIAN_POINT('',(6.695369536856E-03,8.688877595977E-04));
#6391 = ( GEOMETRIC_REPRESENTATION_CONTEXT(2) 
PARAMETRIC_REPRESENTATION_CONTEXT() REPRESENTATION_CONTEXT('2D SPACE',''
  ) );
#6392 = ORIENTED_EDGE('',*,*,#6393,.F.);
#6393 = EDGE_CURVE('',#6394,#6370,#6396,.T.);
#6394 = VERTEX_POINT('',#6395);
#6395 = CARTESIAN_POINT('',(-1.994053594971,11.142986595181,
    26.863065664153));
#6396 = SURFACE_CURVE('',#6397,(#6401,#6408),.PCURVE_S1.);
#6397 = ( BOUNDED_CURVE() B_SPLINE_CURVE(2,(#6398,#6399,#6400),
.UNSPECIFIED.,.F.,.F.) B_SPLINE_CURVE_WITH_KNOTS((3,3),(4.889466088914,
4.944874979926),.PIECEWISE_BEZIER_KNOTS.) CURVE() 
GEOMETRIC_REPRESENTATION_ITEM() RATIONAL_B_SPLINE_CURVE((1.,
0.999616256395,1.)) REPRESENTATION_ITEM('') );
#6398 = CARTESIAN_POINT('',(-1.994053594971,11.142986595181,
    26.863065664153));
#6399 = CARTESIAN_POINT('',(-2.302842866237,11.087728307719,
    26.863065664153));
#6400 = CARTESIAN_POINT('',(-2.608098010843,11.015453906482,
    26.863065664153));
#6401 = PCURVE('',#5998,#6402);
#6402 = DEFINITIONAL_REPRESENTATION('',(#6403),#6407);
#6403 = B_SPLINE_CURVE_WITH_KNOTS('',2,(#6404,#6405,#6406),
  .UNSPECIFIED.,.F.,.F.,(3,3),(4.889466088914,4.944874979926),
  .PIECEWISE_BEZIER_KNOTS.);
#6404 = CARTESIAN_POINT('',(4.902593915602,-1.521057772384E-20));
#6405 = CARTESIAN_POINT('',(4.931442735962,-7.769423387454E-18));
#6406 = CARTESIAN_POINT('',(4.959817900778,-1.770270432676E-20));
#6407 = ( GEOMETRIC_REPRESENTATION_CONTEXT(2) 
PARAMETRIC_REPRESENTATION_CONTEXT() REPRESENTATION_CONTEXT('2D SPACE',''
  ) );
#6408 = PCURVE('',#5666,#6409);
#6409 = DEFINITIONAL_REPRESENTATION('',(#6410),#6414);
#6410 = ( BOUNDED_CURVE() B_SPLINE_CURVE(2,(#6411,#6412,#6413),
.UNSPECIFIED.,.F.,.F.) B_SPLINE_CURVE_WITH_KNOTS((3,3),(4.889466088914,
4.944874979926),.PIECEWISE_BEZIER_KNOTS.) CURVE() 
GEOMETRIC_REPRESENTATION_ITEM() RATIONAL_B_SPLINE_CURVE((1.,
0.999616256395,1.)) REPRESENTATION_ITEM('') );
#6411 = CARTESIAN_POINT('',(-1.994053594971E-03,1.114298659518E-02));
#6412 = CARTESIAN_POINT('',(-2.302842866237E-03,1.108772830772E-02));
#6413 = CARTESIAN_POINT('',(-2.608098010843E-03,1.101545390648E-02));
#6414 = ( GEOMETRIC_REPRESENTATION_CONTEXT(2) 
PARAMETRIC_REPRESENTATION_CONTEXT() REPRESENTATION_CONTEXT('2D SPACE',''
  ) );
#6415 = ORIENTED_EDGE('',*,*,#6416,.F.);
#6416 = EDGE_CURVE('',#5984,#6394,#6417,.T.);
#6417 = SURFACE_CURVE('',#6418,(#6422,#6430),.PCURVE_S1.);
#6418 = ( BOUNDED_CURVE() B_SPLINE_CURVE(2,(#6419,#6420,#6421),
.UNSPECIFIED.,.F.,.F.) B_SPLINE_CURVE_WITH_KNOTS((3,3),(3.365992128846,
3.543069237376),.PIECEWISE_BEZIER_KNOTS.) CURVE() 
GEOMETRIC_REPRESENTATION_ITEM() RATIONAL_B_SPLINE_CURVE((1.,
0.996083021998,1.)) REPRESENTATION_ITEM('') );
#6419 = CARTESIAN_POINT('',(1.734723475977E-15,11.32,26.863065664153));
#6420 = CARTESIAN_POINT('',(-1.004883593703,11.32,26.863065664153));
#6421 = CARTESIAN_POINT('',(-1.994053594971,11.142986595181,
    26.863065664153));
#6422 = PCURVE('',#5998,#6423);
#6423 = DEFINITIONAL_REPRESENTATION('',(#6424),#6429);
#6424 = B_SPLINE_CURVE_WITH_KNOTS('',3,(#6425,#6426,#6427,#6428),
  .UNSPECIFIED.,.F.,.F.,(4,4),(3.365992128846,3.543069237376),
  .PIECEWISE_BEZIER_KNOTS.);
#6425 = CARTESIAN_POINT('',(4.712388980385,0.));
#6426 = CARTESIAN_POINT('',(4.777863994939,-7.328306745974E-18));
#6427 = CARTESIAN_POINT('',(4.841199966221,7.296713318059E-19));
#6428 = CARTESIAN_POINT('',(4.902593915602,-1.521057772384E-20));
#6429 = ( GEOMETRIC_REPRESENTATION_CONTEXT(2) 
PARAMETRIC_REPRESENTATION_CONTEXT() REPRESENTATION_CONTEXT('2D SPACE',''
  ) );
#6430 = PCURVE('',#4969,#6431);
#6431 = DEFINITIONAL_REPRESENTATION('',(#6432),#6436);
#6432 = ( BOUNDED_CURVE() B_SPLINE_CURVE(2,(#6433,#6434,#6435),
.UNSPECIFIED.,.F.,.F.) B_SPLINE_CURVE_WITH_KNOTS((3,3),(3.365992128846,
3.543069237376),.PIECEWISE_BEZIER_KNOTS.) CURVE() 
GEOMETRIC_REPRESENTATION_ITEM() RATIONAL_B_SPLINE_CURVE((1.,
0.996083021998,1.)) REPRESENTATION_ITEM('') );
#6433 = CARTESIAN_POINT('',(6.079075559355E-03,-1.035781560363E-03));
#6434 = CARTESIAN_POINT('',(6.302683195144E-03,-5.609249636819E-05));
#6435 = CARTESIAN_POINT('',(6.695369536856E-03,8.688877595977E-04));
#6436 = ( GEOMETRIC_REPRESENTATION_CONTEXT(2) 
PARAMETRIC_REPRESENTATION_CONTEXT() REPRESENTATION_CONTEXT('2D SPACE',''
  ) );
#6437 = ADVANCED_FACE('',(#6438),#6239,.T.);
#6438 = FACE_BOUND('',#6439,.T.);
#6439 = EDGE_LOOP('',(#6440,#6441,#6464,#6486,#6510,#6533,#6557,#6580,
    #6603,#6626,#6650));
#6440 = ORIENTED_EDGE('',*,*,#6224,.T.);
#6441 = ORIENTED_EDGE('',*,*,#6442,.T.);
#6442 = EDGE_CURVE('',#6202,#6443,#6445,.T.);
#6443 = VERTEX_POINT('',#6444);
#6444 = CARTESIAN_POINT('',(0.,-11.32,29.533282711325));
#6445 = SURFACE_CURVE('',#6446,(#6450,#6457),.PCURVE_S1.);
#6446 = ( BOUNDED_CURVE() B_SPLINE_CURVE(2,(#6447,#6448,#6449),
.UNSPECIFIED.,.F.,.F.) B_SPLINE_CURVE_WITH_KNOTS((3,3),(0.,
1.570796326795),.PIECEWISE_BEZIER_KNOTS.) CURVE() 
GEOMETRIC_REPRESENTATION_ITEM() RATIONAL_B_SPLINE_CURVE((1.,
0.707106781187,1.)) REPRESENTATION_ITEM('') );
#6447 = CARTESIAN_POINT('',(-11.32,0.,29.533282711325));
#6448 = CARTESIAN_POINT('',(-11.32,-11.32,29.533282711325));
#6449 = CARTESIAN_POINT('',(-6.931500883174E-16,-11.32,29.533282711325)
  );
#6450 = PCURVE('',#6239,#6451);
#6451 = DEFINITIONAL_REPRESENTATION('',(#6452),#6456);
#6452 = B_SPLINE_CURVE_WITH_KNOTS('',2,(#6453,#6454,#6455),
  .UNSPECIFIED.,.F.,.F.,(3,3),(0.,1.570796326795),
  .PIECEWISE_BEZIER_KNOTS.);
#6453 = CARTESIAN_POINT('',(0.,-2.670217047172E-03));
#6454 = CARTESIAN_POINT('',(0.785398163397,-2.670217047172E-03));
#6455 = CARTESIAN_POINT('',(1.570796326795,-2.670217047172E-03));
#6456 = ( GEOMETRIC_REPRESENTATION_CONTEXT(2) 
PARAMETRIC_REPRESENTATION_CONTEXT() REPRESENTATION_CONTEXT('2D SPACE',''
  ) );
#6457 = PCURVE('',#4911,#6458);
#6458 = DEFINITIONAL_REPRESENTATION('',(#6459),#6463);
#6459 = ( BOUNDED_CURVE() B_SPLINE_CURVE(2,(#6460,#6461,#6462),
.UNSPECIFIED.,.F.,.F.) B_SPLINE_CURVE_WITH_KNOTS((3,3),(0.,
1.570796326795),.PIECEWISE_BEZIER_KNOTS.) CURVE() 
GEOMETRIC_REPRESENTATION_ITEM() RATIONAL_B_SPLINE_CURVE((1.,
0.707106781187,1.)) REPRESENTATION_ITEM('') );
#6460 = CARTESIAN_POINT('',(-1.132E-02,5.004532645506E-19));
#6461 = CARTESIAN_POINT('',(-1.132E-02,-1.132E-02));
#6462 = CARTESIAN_POINT('',(-1.077843614179E-18,-1.132E-02));
#6463 = ( GEOMETRIC_REPRESENTATION_CONTEXT(2) 
PARAMETRIC_REPRESENTATION_CONTEXT() REPRESENTATION_CONTEXT('2D SPACE',''
  ) );
#6464 = ORIENTED_EDGE('',*,*,#6465,.F.);
#6465 = EDGE_CURVE('',#6466,#6443,#6468,.T.);
#6466 = VERTEX_POINT('',#6467);
#6467 = CARTESIAN_POINT('',(0.,-11.32,26.863065664153));
#6468 = SURFACE_CURVE('',#6469,(#6472,#6479),.PCURVE_S1.);
#6469 = B_SPLINE_CURVE_WITH_KNOTS('',1,(#6470,#6471),.UNSPECIFIED.,.F.,
  .F.,(2,2),(0.,2.670217047172E-03),.PIECEWISE_BEZIER_KNOTS.);
#6470 = CARTESIAN_POINT('',(0.,-11.32,26.863065664153));
#6471 = CARTESIAN_POINT('',(0.,-11.32,29.533282711325));
#6472 = PCURVE('',#6239,#6473);
#6473 = DEFINITIONAL_REPRESENTATION('',(#6474),#6478);
#6474 = B_SPLINE_CURVE_WITH_KNOTS('',2,(#6475,#6476,#6477),
  .UNSPECIFIED.,.F.,.F.,(3,3),(0.,2.670217047172E-03),
  .PIECEWISE_BEZIER_KNOTS.);
#6475 = CARTESIAN_POINT('',(1.570796326795,0.));
#6476 = CARTESIAN_POINT('',(1.570796326795,-1.335108523586E-03));
#6477 = CARTESIAN_POINT('',(1.570796326795,-2.670217047172E-03));
#6478 = ( GEOMETRIC_REPRESENTATION_CONTEXT(2) 
PARAMETRIC_REPRESENTATION_CONTEXT() REPRESENTATION_CONTEXT('2D SPACE',''
  ) );
#6479 = PCURVE('',#5946,#6480);
#6480 = DEFINITIONAL_REPRESENTATION('',(#6481),#6485);
#6481 = B_SPLINE_CURVE_WITH_KNOTS('',2,(#6482,#6483,#6484),
  .UNSPECIFIED.,.F.,.F.,(3,3),(0.,2.670217047172E-03),
  .PIECEWISE_BEZIER_KNOTS.);
#6482 = CARTESIAN_POINT('',(1.570796326795,0.));
#6483 = CARTESIAN_POINT('',(1.570796326795,-1.335108523586E-03));
#6484 = CARTESIAN_POINT('',(1.570796326795,-2.670217047172E-03));
#6485 = ( GEOMETRIC_REPRESENTATION_CONTEXT(2) 
PARAMETRIC_REPRESENTATION_CONTEXT() REPRESENTATION_CONTEXT('2D SPACE',''
  ) );
#6486 = ORIENTED_EDGE('',*,*,#6487,.F.);
#6487 = EDGE_CURVE('',#6488,#6466,#6490,.T.);
#6488 = VERTEX_POINT('',#6489);
#6489 = CARTESIAN_POINT('',(-2.429611216814,-11.05619235248,
    26.863065664153));
#6490 = SURFACE_CURVE('',#6491,(#6495,#6503),.PCURVE_S1.);
#6491 = ( BOUNDED_CURVE() B_SPLINE_CURVE(2,(#6492,#6493,#6494),
.UNSPECIFIED.,.F.,.F.) B_SPLINE_CURVE_WITH_KNOTS((3,3),(3.149679177875,
3.365992128846),.PIECEWISE_BEZIER_KNOTS.) CURVE() 
GEOMETRIC_REPRESENTATION_ITEM() RATIONAL_B_SPLINE_CURVE((1.,
0.99415678781,1.)) REPRESENTATION_ITEM('') );
#6492 = CARTESIAN_POINT('',(-2.429611216814,-11.05619235248,
    26.863065664153));
#6493 = CARTESIAN_POINT('',(-1.229127750651,-11.32,26.863065664153));
#6494 = CARTESIAN_POINT('',(-3.035766082959E-15,-11.32,26.863065664153)
  );
#6495 = PCURVE('',#6239,#6496);
#6496 = DEFINITIONAL_REPRESENTATION('',(#6497),#6502);
#6497 = B_SPLINE_CURVE_WITH_KNOTS('',3,(#6498,#6499,#6500,#6501),
  .UNSPECIFIED.,.F.,.F.,(4,4),(3.149679177875,3.365992128846),
  .PIECEWISE_BEZIER_KNOTS.);
#6498 = CARTESIAN_POINT('',(1.339973151733,-1.722202179711E-20));
#6499 = CARTESIAN_POINT('',(1.41403631035,-1.52337499411E-18));
#6500 = CARTESIAN_POINT('',(1.49086549676,-8.667954834575E-18));
#6501 = CARTESIAN_POINT('',(1.570796326795,0.));
#6502 = ( GEOMETRIC_REPRESENTATION_CONTEXT(2) 
PARAMETRIC_REPRESENTATION_CONTEXT() REPRESENTATION_CONTEXT('2D SPACE',''
  ) );
#6503 = PCURVE('',#5419,#6504);
#6504 = DEFINITIONAL_REPRESENTATION('',(#6505),#6509);
#6505 = ( BOUNDED_CURVE() B_SPLINE_CURVE(2,(#6506,#6507,#6508),
.UNSPECIFIED.,.F.,.F.) B_SPLINE_CURVE_WITH_KNOTS((3,3),(3.149679177875,
3.365992128846),.PIECEWISE_BEZIER_KNOTS.) CURVE() 
GEOMETRIC_REPRESENTATION_ITEM() RATIONAL_B_SPLINE_CURVE((1.,
0.99415678781,1.)) REPRESENTATION_ITEM('') );
#6506 = CARTESIAN_POINT('',(5.795629641249E-03,-3.463180075495E-03));
#6507 = CARTESIAN_POINT('',(5.805568904329E-03,-2.23409251211E-03));
#6508 = CARTESIAN_POINT('',(6.079075559355E-03,-1.035781560363E-03));
#6509 = ( GEOMETRIC_REPRESENTATION_CONTEXT(2) 
PARAMETRIC_REPRESENTATION_CONTEXT() REPRESENTATION_CONTEXT('2D SPACE',''
  ) );
#6510 = ORIENTED_EDGE('',*,*,#6511,.F.);
#6511 = EDGE_CURVE('',#6512,#6488,#6514,.T.);
#6512 = VERTEX_POINT('',#6513);
#6513 = CARTESIAN_POINT('',(-3.038180478856,-10.90467144749,
    26.863065664153));
#6514 = SURFACE_CURVE('',#6515,(#6519,#6526),.PCURVE_S1.);
#6515 = ( BOUNDED_CURVE() B_SPLINE_CURVE(2,(#6516,#6517,#6518),
.UNSPECIFIED.,.F.,.F.) B_SPLINE_CURVE_WITH_KNOTS((3,3),(1.299074484812,
1.354483375823),.PIECEWISE_BEZIER_KNOTS.) CURVE() 
GEOMETRIC_REPRESENTATION_ITEM() RATIONAL_B_SPLINE_CURVE((1.,
0.999616256395,1.)) REPRESENTATION_ITEM('') );
#6516 = CARTESIAN_POINT('',(-3.038180478856,-10.90467144749,
    26.863065664153));
#6517 = CARTESIAN_POINT('',(-2.735995286322,-10.98886409441,
    26.863065664153));
#6518 = CARTESIAN_POINT('',(-2.429611216814,-11.05619235248,
    26.863065664153));
#6519 = PCURVE('',#6239,#6520);
#6520 = DEFINITIONAL_REPRESENTATION('',(#6521),#6525);
#6521 = B_SPLINE_CURVE_WITH_KNOTS('',2,(#6522,#6523,#6524),
  .UNSPECIFIED.,.F.,.F.,(3,3),(1.299074484812,1.354483375823),
  .PIECEWISE_BEZIER_KNOTS.);
#6522 = CARTESIAN_POINT('',(1.283392519613,-3.50749268167E-18));
#6523 = CARTESIAN_POINT('',(1.311465324445,-7.529580737317E-19));
#6524 = CARTESIAN_POINT('',(1.339973151733,-1.722202179711E-20));
#6525 = ( GEOMETRIC_REPRESENTATION_CONTEXT(2) 
PARAMETRIC_REPRESENTATION_CONTEXT() REPRESENTATION_CONTEXT('2D SPACE',''
  ) );
#6526 = PCURVE('',#5766,#6527);
#6527 = DEFINITIONAL_REPRESENTATION('',(#6528),#6532);
#6528 = ( BOUNDED_CURVE() B_SPLINE_CURVE(2,(#6529,#6530,#6531),
.UNSPECIFIED.,.F.,.F.) B_SPLINE_CURVE_WITH_KNOTS((3,3),(1.299074484812,
1.354483375823),.PIECEWISE_BEZIER_KNOTS.) CURVE() 
GEOMETRIC_REPRESENTATION_ITEM() RATIONAL_B_SPLINE_CURVE((1.,
0.999616256395,1.)) REPRESENTATION_ITEM('') );
#6529 = CARTESIAN_POINT('',(-3.038180478856E-03,-1.09046714475E-02));
#6530 = CARTESIAN_POINT('',(-2.735995286322E-03,-1.098886409442E-02));
#6531 = CARTESIAN_POINT('',(-2.429611216814E-03,-1.105619235248E-02));
#6532 = ( GEOMETRIC_REPRESENTATION_CONTEXT(2) 
PARAMETRIC_REPRESENTATION_CONTEXT() REPRESENTATION_CONTEXT('2D SPACE',''
  ) );
#6533 = ORIENTED_EDGE('',*,*,#6534,.F.);
#6534 = EDGE_CURVE('',#6535,#6512,#6537,.T.);
#6535 = VERTEX_POINT('',#6536);
#6536 = CARTESIAN_POINT('',(-6.986106145755,-8.907116307776,
    26.863065664153));
#6537 = SURFACE_CURVE('',#6538,(#6542,#6550),.PCURVE_S1.);
#6538 = ( BOUNDED_CURVE() B_SPLINE_CURVE(2,(#6539,#6540,#6541),
.UNSPECIFIED.,.F.,.F.) B_SPLINE_CURVE_WITH_KNOTS((3,3),(3.149679177875,
3.543069237376),.PIECEWISE_BEZIER_KNOTS.) CURVE() 
GEOMETRIC_REPRESENTATION_ITEM() RATIONAL_B_SPLINE_CURVE((1.,
0.980717820329,1.)) REPRESENTATION_ITEM('') );
#6539 = CARTESIAN_POINT('',(-6.986106145755,-8.907116307776,
    26.863065664153));
#6540 = CARTESIAN_POINT('',(-5.211171267394,-10.29924851236,
    26.863065664153));
#6541 = CARTESIAN_POINT('',(-3.038180478856,-10.90467144749,
    26.863065664153));
#6542 = PCURVE('',#6239,#6543);
#6543 = DEFINITIONAL_REPRESENTATION('',(#6544),#6549);
#6544 = B_SPLINE_CURVE_WITH_KNOTS('',3,(#6545,#6546,#6547,#6548),
  .UNSPECIFIED.,.F.,.F.,(4,4),(3.149679177875,3.543069237376),
  .PIECEWISE_BEZIER_KNOTS.);
#6545 = CARTESIAN_POINT('',(0.89957438973,-1.969649715957E-21));
#6546 = CARTESIAN_POINT('',(1.023542043853,-9.81169677774E-18));
#6547 = CARTESIAN_POINT('',(1.151354138675,4.473481332193E-18));
#6548 = CARTESIAN_POINT('',(1.283392519613,-3.507492686351E-18));
#6549 = ( GEOMETRIC_REPRESENTATION_CONTEXT(2) 
PARAMETRIC_REPRESENTATION_CONTEXT() REPRESENTATION_CONTEXT('2D SPACE',''
  ) );
#6550 = PCURVE('',#5795,#6551);
#6551 = DEFINITIONAL_REPRESENTATION('',(#6552),#6556);
#6552 = ( BOUNDED_CURVE() B_SPLINE_CURVE(2,(#6553,#6554,#6555),
.UNSPECIFIED.,.F.,.F.) B_SPLINE_CURVE_WITH_KNOTS((3,3),(3.149679177875,
3.543069237376),.PIECEWISE_BEZIER_KNOTS.) CURVE() 
GEOMETRIC_REPRESENTATION_ITEM() RATIONAL_B_SPLINE_CURVE((1.,
0.980717820329,1.)) REPRESENTATION_ITEM('') );
#6553 = CARTESIAN_POINT('',(5.795629641249E-03,-3.463180075495E-03));
#6554 = CARTESIAN_POINT('',(5.813870651569E-03,-1.207499875865E-03));
#6555 = CARTESIAN_POINT('',(6.695369536856E-03,8.688877595977E-04));
#6556 = ( GEOMETRIC_REPRESENTATION_CONTEXT(2) 
PARAMETRIC_REPRESENTATION_CONTEXT() REPRESENTATION_CONTEXT('2D SPACE',''
  ) );
#6557 = ORIENTED_EDGE('',*,*,#6558,.F.);
#6558 = EDGE_CURVE('',#6559,#6535,#6561,.T.);
#6559 = VERTEX_POINT('',#6560);
#6560 = CARTESIAN_POINT('',(-7.468665648007,-8.506552382621,
    26.863065664153));
#6561 = SURFACE_CURVE('',#6562,(#6566,#6573),.PCURVE_S1.);
#6562 = ( BOUNDED_CURVE() B_SPLINE_CURVE(2,(#6563,#6564,#6565),
.UNSPECIFIED.,.F.,.F.) B_SPLINE_CURVE_WITH_KNOTS((3,3),(0.850275534299,
0.905684425311),.PIECEWISE_BEZIER_KNOTS.) CURVE() 
GEOMETRIC_REPRESENTATION_ITEM() RATIONAL_B_SPLINE_CURVE((1.,
0.999616256395,1.)) REPRESENTATION_ITEM('') );
#6563 = CARTESIAN_POINT('',(-7.468665648007,-8.506552382621,
    26.863065664153));
#6564 = CARTESIAN_POINT('',(-7.232936017645,-8.713520577645,
    26.863065664153));
#6565 = CARTESIAN_POINT('',(-6.986106145755,-8.907116307776,
    26.863065664153));
#6566 = PCURVE('',#6239,#6567);
#6567 = DEFINITIONAL_REPRESENTATION('',(#6568),#6572);
#6568 = B_SPLINE_CURVE_WITH_KNOTS('',2,(#6569,#6570,#6571),
  .UNSPECIFIED.,.F.,.F.,(3,3),(0.850275534299,0.905684425311),
  .PIECEWISE_BEZIER_KNOTS.);
#6569 = CARTESIAN_POINT('',(0.846927351157,-5.407677012243E-22));
#6570 = CARTESIAN_POINT('',(0.873217085183,-2.461266393447E-18));
#6571 = CARTESIAN_POINT('',(0.89957438973,-1.969649715957E-21));
#6572 = ( GEOMETRIC_REPRESENTATION_CONTEXT(2) 
PARAMETRIC_REPRESENTATION_CONTEXT() REPRESENTATION_CONTEXT('2D SPACE',''
  ) );
#6573 = PCURVE('',#5823,#6574);
#6574 = DEFINITIONAL_REPRESENTATION('',(#6575),#6579);
#6575 = ( BOUNDED_CURVE() B_SPLINE_CURVE(2,(#6576,#6577,#6578),
.UNSPECIFIED.,.F.,.F.) B_SPLINE_CURVE_WITH_KNOTS((3,3),(0.850275534299,
0.905684425311),.PIECEWISE_BEZIER_KNOTS.) CURVE() 
GEOMETRIC_REPRESENTATION_ITEM() RATIONAL_B_SPLINE_CURVE((1.,
0.999616256395,1.)) REPRESENTATION_ITEM('') );
#6576 = CARTESIAN_POINT('',(-7.468665648007E-03,-8.506552382621E-03));
#6577 = CARTESIAN_POINT('',(-7.232936017645E-03,-8.713520577645E-03));
#6578 = CARTESIAN_POINT('',(-6.986106145755E-03,-8.907116307776E-03));
#6579 = ( GEOMETRIC_REPRESENTATION_CONTEXT(2) 
PARAMETRIC_REPRESENTATION_CONTEXT() REPRESENTATION_CONTEXT('2D SPACE',''
  ) );
#6580 = ORIENTED_EDGE('',*,*,#6581,.F.);
#6581 = EDGE_CURVE('',#6582,#6559,#6584,.T.);
#6582 = VERTEX_POINT('',#6583);
#6583 = CARTESIAN_POINT('',(-10.15891707356,-4.9938766397,
    26.863065664153));
#6584 = SURFACE_CURVE('',#6585,(#6589,#6596),.PCURVE_S1.);
#6585 = ( BOUNDED_CURVE() B_SPLINE_CURVE(2,(#6586,#6587,#6588),
.UNSPECIFIED.,.F.,.F.) B_SPLINE_CURVE_WITH_KNOTS((3,3),(3.149679177875,
3.543069237376),.PIECEWISE_BEZIER_KNOTS.) CURVE() 
GEOMETRIC_REPRESENTATION_ITEM() RATIONAL_B_SPLINE_CURVE((1.,
0.980717820329,1.)) REPRESENTATION_ITEM('') );
#6586 = CARTESIAN_POINT('',(-10.15891707356,-4.9938766397,
    26.863065664153));
#6587 = CARTESIAN_POINT('',(-9.163779531873,-7.018259797748,
    26.863065664153));
#6588 = CARTESIAN_POINT('',(-7.468665648007,-8.506552382621,
    26.863065664153));
#6589 = PCURVE('',#6239,#6590);
#6590 = DEFINITIONAL_REPRESENTATION('',(#6591),#6595);
#6591 = B_SPLINE_CURVE_WITH_KNOTS('',2,(#6592,#6593,#6594),
  .UNSPECIFIED.,.F.,.F.,(3,3),(3.149679177875,3.543069237376),
  .PIECEWISE_BEZIER_KNOTS.);
#6592 = CARTESIAN_POINT('',(0.471117057791,-3.487323521482E-18));
#6593 = CARTESIAN_POINT('',(0.661469644626,2.249506450467E-18));
#6594 = CARTESIAN_POINT('',(0.846927351157,-5.408673347641E-22));
#6595 = ( GEOMETRIC_REPRESENTATION_CONTEXT(2) 
PARAMETRIC_REPRESENTATION_CONTEXT() REPRESENTATION_CONTEXT('2D SPACE',''
  ) );
#6596 = PCURVE('',#5852,#6597);
#6597 = DEFINITIONAL_REPRESENTATION('',(#6598),#6602);
#6598 = ( BOUNDED_CURVE() B_SPLINE_CURVE(2,(#6599,#6600,#6601),
.UNSPECIFIED.,.F.,.F.) B_SPLINE_CURVE_WITH_KNOTS((3,3),(3.149679177875,
3.543069237376),.PIECEWISE_BEZIER_KNOTS.) CURVE() 
GEOMETRIC_REPRESENTATION_ITEM() RATIONAL_B_SPLINE_CURVE((1.,
0.980717820329,1.)) REPRESENTATION_ITEM('') );
#6599 = CARTESIAN_POINT('',(5.795629641249E-03,-3.463180075495E-03));
#6600 = CARTESIAN_POINT('',(5.813870651569E-03,-1.207499875865E-03));
#6601 = CARTESIAN_POINT('',(6.695369536856E-03,8.688877595977E-04));
#6602 = ( GEOMETRIC_REPRESENTATION_CONTEXT(2) 
PARAMETRIC_REPRESENTATION_CONTEXT() REPRESENTATION_CONTEXT('2D SPACE',''
  ) );
#6603 = ORIENTED_EDGE('',*,*,#6604,.F.);
#6604 = EDGE_CURVE('',#6605,#6582,#6607,.T.);
#6605 = VERTEX_POINT('',#6606);
#6606 = CARTESIAN_POINT('',(-10.41988998839,-4.423606292346,
    26.863065664153));
#6607 = SURFACE_CURVE('',#6608,(#6612,#6619),.PCURVE_S1.);
#6608 = ( BOUNDED_CURVE() B_SPLINE_CURVE(2,(#6609,#6610,#6611),
.UNSPECIFIED.,.F.,.F.) B_SPLINE_CURVE_WITH_KNOTS((3,3),(0.401476583786,
0.456885474798),.PIECEWISE_BEZIER_KNOTS.) CURVE() 
GEOMETRIC_REPRESENTATION_ITEM() RATIONAL_B_SPLINE_CURVE((1.,
0.999616256395,1.)) REPRESENTATION_ITEM('') );
#6609 = CARTESIAN_POINT('',(-10.41988998839,-4.423606292346,
    26.863065664153));
#6610 = CARTESIAN_POINT('',(-10.29730506453,-4.712357446151,
    26.863065664153));
#6611 = CARTESIAN_POINT('',(-10.15891707356,-4.9938766397,
    26.863065664153));
#6612 = PCURVE('',#6239,#6613);
#6613 = DEFINITIONAL_REPRESENTATION('',(#6614),#6618);
#6614 = B_SPLINE_CURVE_WITH_KNOTS('',2,(#6615,#6616,#6617),
  .UNSPECIFIED.,.F.,.F.,(3,3),(0.401476583786,0.456885474798),
  .PIECEWISE_BEZIER_KNOTS.);
#6615 = CARTESIAN_POINT('',(0.416880021672,-2.880921774392E-20));
#6616 = CARTESIAN_POINT('',(0.444133795299,3.567007366225E-18));
#6617 = CARTESIAN_POINT('',(0.471117057791,-3.487323520998E-18));
#6618 = ( GEOMETRIC_REPRESENTATION_CONTEXT(2) 
PARAMETRIC_REPRESENTATION_CONTEXT() REPRESENTATION_CONTEXT('2D SPACE',''
  ) );
#6619 = PCURVE('',#5880,#6620);
#6620 = DEFINITIONAL_REPRESENTATION('',(#6621),#6625);
#6621 = ( BOUNDED_CURVE() B_SPLINE_CURVE(2,(#6622,#6623,#6624),
.UNSPECIFIED.,.F.,.F.) B_SPLINE_CURVE_WITH_KNOTS((3,3),(0.401476583786,
0.456885474798),.PIECEWISE_BEZIER_KNOTS.) CURVE() 
GEOMETRIC_REPRESENTATION_ITEM() RATIONAL_B_SPLINE_CURVE((1.,
0.999616256395,1.)) REPRESENTATION_ITEM('') );
#6622 = CARTESIAN_POINT('',(-1.04198899884E-02,-4.423606292346E-03));
#6623 = CARTESIAN_POINT('',(-1.029730506453E-02,-4.712357446151E-03));
#6624 = CARTESIAN_POINT('',(-1.015891707356E-02,-4.9938766397E-03));
#6625 = ( GEOMETRIC_REPRESENTATION_CONTEXT(2) 
PARAMETRIC_REPRESENTATION_CONTEXT() REPRESENTATION_CONTEXT('2D SPACE',''
  ) );
#6626 = ORIENTED_EDGE('',*,*,#6627,.F.);
#6627 = EDGE_CURVE('',#6628,#6605,#6630,.T.);
#6628 = VERTEX_POINT('',#6629);
#6629 = CARTESIAN_POINT('',(-11.319629884,-9.153845725335E-02,
    26.863065664153));
#6630 = SURFACE_CURVE('',#6631,(#6635,#6643),.PCURVE_S1.);
#6631 = ( BOUNDED_CURVE() B_SPLINE_CURVE(2,(#6632,#6633,#6634),
.UNSPECIFIED.,.F.,.F.) B_SPLINE_CURVE_WITH_KNOTS((3,3),(3.149679177875,
3.543069237376),.PIECEWISE_BEZIER_KNOTS.) CURVE() 
GEOMETRIC_REPRESENTATION_ITEM() RATIONAL_B_SPLINE_CURVE((1.,
0.980717820329,1.)) REPRESENTATION_ITEM('') );
#6632 = CARTESIAN_POINT('',(-11.319629884,-9.153845725334E-02,
    26.863065664153));
#6633 = CARTESIAN_POINT('',(-11.30138887368,-2.347218656884,
    26.863065664153));
#6634 = CARTESIAN_POINT('',(-10.41988998839,-4.423606292346,
    26.863065664153));
#6635 = PCURVE('',#6239,#6636);
#6636 = DEFINITIONAL_REPRESENTATION('',(#6637),#6642);
#6637 = B_SPLINE_CURVE_WITH_KNOTS('',3,(#6638,#6639,#6640,#6641),
  .UNSPECIFIED.,.F.,.F.,(4,4),(3.149679177875,3.543069237376),
  .PIECEWISE_BEZIER_KNOTS.);
#6638 = CARTESIAN_POINT('',(8.966901523731E-03,4.772742681005E-25));
#6639 = CARTESIAN_POINT('',(0.153191446529,-8.931768161492E-18));
#6640 = CARTESIAN_POINT('',(0.288689758949,-1.052386498803E-17));
#6641 = CARTESIAN_POINT('',(0.416880021672,-9.572188959807E-21));
#6642 = ( GEOMETRIC_REPRESENTATION_CONTEXT(2) 
PARAMETRIC_REPRESENTATION_CONTEXT() REPRESENTATION_CONTEXT('2D SPACE',''
  ) );
#6643 = PCURVE('',#5907,#6644);
#6644 = DEFINITIONAL_REPRESENTATION('',(#6645),#6649);
#6645 = ( BOUNDED_CURVE() B_SPLINE_CURVE(2,(#6646,#6647,#6648),
.UNSPECIFIED.,.F.,.F.) B_SPLINE_CURVE_WITH_KNOTS((3,3),(3.149679177875,
3.543069237376),.PIECEWISE_BEZIER_KNOTS.) CURVE() 
GEOMETRIC_REPRESENTATION_ITEM() RATIONAL_B_SPLINE_CURVE((1.,
0.980717820329,1.)) REPRESENTATION_ITEM('') );
#6646 = CARTESIAN_POINT('',(5.795629641249E-03,-3.463180075495E-03));
#6647 = CARTESIAN_POINT('',(5.813870651569E-03,-1.207499875865E-03));
#6648 = CARTESIAN_POINT('',(6.695369536856E-03,8.688877595977E-04));
#6649 = ( GEOMETRIC_REPRESENTATION_CONTEXT(2) 
PARAMETRIC_REPRESENTATION_CONTEXT() REPRESENTATION_CONTEXT('2D SPACE',''
  ) );
#6650 = ORIENTED_EDGE('',*,*,#6651,.F.);
#6651 = EDGE_CURVE('',#6225,#6628,#6652,.T.);
#6652 = SURFACE_CURVE('',#6653,(#6657,#6664),.PCURVE_S1.);
#6653 = ( BOUNDED_CURVE() B_SPLINE_CURVE(2,(#6654,#6655,#6656),
.UNSPECIFIED.,.F.,.F.) B_SPLINE_CURVE_WITH_KNOTS((3,3),(0.,
8.086524284999E-03),.PIECEWISE_BEZIER_KNOTS.) CURVE() 
GEOMETRIC_REPRESENTATION_ITEM() RATIONAL_B_SPLINE_CURVE((1.,
0.999991826027,1.)) REPRESENTATION_ITEM('') );
#6654 = CARTESIAN_POINT('',(-11.32,0.,26.863065664153));
#6655 = CARTESIAN_POINT('',(-11.32,-4.576997686875E-02,26.863065664153)
  );
#6656 = CARTESIAN_POINT('',(-11.319629884,-9.153845725335E-02,
    26.863065664153));
#6657 = PCURVE('',#6239,#6658);
#6658 = DEFINITIONAL_REPRESENTATION('',(#6659),#6663);
#6659 = B_SPLINE_CURVE_WITH_KNOTS('',2,(#6660,#6661,#6662),
  .UNSPECIFIED.,.F.,.F.,(3,3),(0.,8.086524284999E-03),
  .PIECEWISE_BEZIER_KNOTS.);
#6660 = CARTESIAN_POINT('',(0.,0.));
#6661 = CARTESIAN_POINT('',(4.490916640247E-03,1.015811939352E-19));
#6662 = CARTESIAN_POINT('',(8.966901523731E-03,-3.471397785757E-18));
#6663 = ( GEOMETRIC_REPRESENTATION_CONTEXT(2) 
PARAMETRIC_REPRESENTATION_CONTEXT() REPRESENTATION_CONTEXT('2D SPACE',''
  ) );
#6664 = PCURVE('',#5496,#6665);
#6665 = DEFINITIONAL_REPRESENTATION('',(#6666),#6670);
#6666 = ( BOUNDED_CURVE() B_SPLINE_CURVE(2,(#6667,#6668,#6669),
.UNSPECIFIED.,.F.,.F.) B_SPLINE_CURVE_WITH_KNOTS((3,3),(0.,
8.086524284999E-03),.PIECEWISE_BEZIER_KNOTS.) CURVE() 
GEOMETRIC_REPRESENTATION_ITEM() RATIONAL_B_SPLINE_CURVE((1.,
0.999991826027,1.)) REPRESENTATION_ITEM('') );
#6667 = CARTESIAN_POINT('',(-1.132E-02,5.004532645506E-19));
#6668 = CARTESIAN_POINT('',(-1.132E-02,-4.576997686875E-05));
#6669 = CARTESIAN_POINT('',(-1.1319629884E-02,-9.153845725335E-05));
#6670 = ( GEOMETRIC_REPRESENTATION_CONTEXT(2) 
PARAMETRIC_REPRESENTATION_CONTEXT() REPRESENTATION_CONTEXT('2D SPACE',''
  ) );
#6671 = ADVANCED_FACE('',(#6672),#5946,.T.);
#6672 = FACE_BOUND('',#6673,.T.);
#6673 = EDGE_LOOP('',(#6674,#6675,#6696,#6697,#6720,#6744,#6767,#6790,
    #6813,#6837,#6860));
#6674 = ORIENTED_EDGE('',*,*,#6465,.T.);
#6675 = ORIENTED_EDGE('',*,*,#6676,.T.);
#6676 = EDGE_CURVE('',#6443,#5925,#6677,.T.);
#6677 = SURFACE_CURVE('',#6678,(#6682,#6689),.PCURVE_S1.);
#6678 = ( BOUNDED_CURVE() B_SPLINE_CURVE(2,(#6679,#6680,#6681),
.UNSPECIFIED.,.F.,.F.) B_SPLINE_CURVE_WITH_KNOTS((3,3),(1.570796326795,
3.14159265359),.PIECEWISE_BEZIER_KNOTS.) CURVE() 
GEOMETRIC_REPRESENTATION_ITEM() RATIONAL_B_SPLINE_CURVE((1.,
0.707106781187,1.)) REPRESENTATION_ITEM('') );
#6679 = CARTESIAN_POINT('',(-6.931500883174E-16,-11.32,29.533282711325)
  );
#6680 = CARTESIAN_POINT('',(11.32,-11.32,29.533282711325));
#6681 = CARTESIAN_POINT('',(11.32,-1.386300176635E-15,29.533282711325));
#6682 = PCURVE('',#5946,#6683);
#6683 = DEFINITIONAL_REPRESENTATION('',(#6684),#6688);
#6684 = B_SPLINE_CURVE_WITH_KNOTS('',2,(#6685,#6686,#6687),
  .UNSPECIFIED.,.F.,.F.,(3,3),(1.570796326795,3.14159265359),
  .PIECEWISE_BEZIER_KNOTS.);
#6685 = CARTESIAN_POINT('',(1.570796326795,-2.670217047172E-03));
#6686 = CARTESIAN_POINT('',(2.356194490192,-2.670217047172E-03));
#6687 = CARTESIAN_POINT('',(3.14159265359,-2.670217047172E-03));
#6688 = ( GEOMETRIC_REPRESENTATION_CONTEXT(2) 
PARAMETRIC_REPRESENTATION_CONTEXT() REPRESENTATION_CONTEXT('2D SPACE',''
  ) );
#6689 = PCURVE('',#4911,#6690);
#6690 = DEFINITIONAL_REPRESENTATION('',(#6691),#6695);
#6691 = ( BOUNDED_CURVE() B_SPLINE_CURVE(2,(#6692,#6693,#6694),
.UNSPECIFIED.,.F.,.F.) B_SPLINE_CURVE_WITH_KNOTS((3,3),(1.570796326795,
3.14159265359),.PIECEWISE_BEZIER_KNOTS.) CURVE() 
GEOMETRIC_REPRESENTATION_ITEM() RATIONAL_B_SPLINE_CURVE((1.,
0.707106781187,1.)) REPRESENTATION_ITEM('') );
#6692 = CARTESIAN_POINT('',(-1.077843614179E-18,-1.132E-02));
#6693 = CARTESIAN_POINT('',(1.132E-02,-1.132E-02));
#6694 = CARTESIAN_POINT('',(1.132E-02,-8.858469120842E-19));
#6695 = ( GEOMETRIC_REPRESENTATION_CONTEXT(2) 
PARAMETRIC_REPRESENTATION_CONTEXT() REPRESENTATION_CONTEXT('2D SPACE',''
  ) );
#6696 = ORIENTED_EDGE('',*,*,#5922,.F.);
#6697 = ORIENTED_EDGE('',*,*,#6698,.F.);
#6698 = EDGE_CURVE('',#6699,#5923,#6701,.T.);
#6699 = VERTEX_POINT('',#6700);
#6700 = CARTESIAN_POINT('',(11.307327325022,-0.535489276098,
    26.863065664153));
#6701 = SURFACE_CURVE('',#6702,(#6706,#6713),.PCURVE_S1.);
#6702 = ( BOUNDED_CURVE() B_SPLINE_CURVE(2,(#6703,#6704,#6705),
.UNSPECIFIED.,.F.,.F.) B_SPLINE_CURVE_WITH_KNOTS((3,3),(3.094270286863,
3.14159265359),.PIECEWISE_BEZIER_KNOTS.) CURVE() 
GEOMETRIC_REPRESENTATION_ITEM() RATIONAL_B_SPLINE_CURVE((1.,
0.99972008726,1.)) REPRESENTATION_ITEM('') );
#6703 = CARTESIAN_POINT('',(11.307327325022,-0.535489276098,
    26.863065664153));
#6704 = CARTESIAN_POINT('',(11.32,-0.267894591277,26.863065664153));
#6705 = CARTESIAN_POINT('',(11.32,-1.386300176635E-15,26.863065664153));
#6706 = PCURVE('',#5946,#6707);
#6707 = DEFINITIONAL_REPRESENTATION('',(#6708),#6712);
#6708 = B_SPLINE_CURVE_WITH_KNOTS('',2,(#6709,#6710,#6711),
  .UNSPECIFIED.,.F.,.F.,(3,3),(3.094270286863,3.14159265359),
  .PIECEWISE_BEZIER_KNOTS.);
#6709 = CARTESIAN_POINT('',(3.089531246301,-3.469446951866E-18));
#6710 = CARTESIAN_POINT('',(3.115315311708,3.942388410292E-18));
#6711 = CARTESIAN_POINT('',(3.14159265359,0.));
#6712 = ( GEOMETRIC_REPRESENTATION_CONTEXT(2) 
PARAMETRIC_REPRESENTATION_CONTEXT() REPRESENTATION_CONTEXT('2D SPACE',''
  ) );
#6713 = PCURVE('',#5222,#6714);
#6714 = DEFINITIONAL_REPRESENTATION('',(#6715),#6719);
#6715 = ( BOUNDED_CURVE() B_SPLINE_CURVE(2,(#6716,#6717,#6718),
.UNSPECIFIED.,.F.,.F.) B_SPLINE_CURVE_WITH_KNOTS((3,3),(3.094270286863,
3.14159265359),.PIECEWISE_BEZIER_KNOTS.) CURVE() 
GEOMETRIC_REPRESENTATION_ITEM() RATIONAL_B_SPLINE_CURVE((1.,
0.99972008726,1.)) REPRESENTATION_ITEM('') );
#6716 = CARTESIAN_POINT('',(1.130732732502E-02,-5.354892760984E-04));
#6717 = CARTESIAN_POINT('',(1.132E-02,-2.678945912773E-04));
#6718 = CARTESIAN_POINT('',(1.132E-02,-8.858469120842E-19));
#6719 = ( GEOMETRIC_REPRESENTATION_CONTEXT(2) 
PARAMETRIC_REPRESENTATION_CONTEXT() REPRESENTATION_CONTEXT('2D SPACE',''
  ) );
#6720 = ORIENTED_EDGE('',*,*,#6721,.F.);
#6721 = EDGE_CURVE('',#6722,#6699,#6724,.T.);
#6722 = VERTEX_POINT('',#6723);
#6723 = CARTESIAN_POINT('',(10.238351169772,-4.828930039298,
    26.863065664153));
#6724 = SURFACE_CURVE('',#6725,(#6729,#6737),.PCURVE_S1.);
#6725 = ( BOUNDED_CURVE() B_SPLINE_CURVE(2,(#6726,#6727,#6728),
.UNSPECIFIED.,.F.,.F.) B_SPLINE_CURVE_WITH_KNOTS((3,3),(3.149679177875,
3.543069237376),.PIECEWISE_BEZIER_KNOTS.) CURVE() 
GEOMETRIC_REPRESENTATION_ITEM() RATIONAL_B_SPLINE_CURVE((1.,
0.980717820329,1.)) REPRESENTATION_ITEM('') );
#6726 = CARTESIAN_POINT('',(10.238351169772,-4.828930039298,
    26.863065664153));
#6727 = CARTESIAN_POINT('',(11.200619546624,-2.788717925724,
    26.863065664153));
#6728 = CARTESIAN_POINT('',(11.307327325022,-0.535489276098,
    26.863065664153));
#6729 = PCURVE('',#5946,#6730);
#6730 = DEFINITIONAL_REPRESENTATION('',(#6731),#6736);
#6731 = B_SPLINE_CURVE_WITH_KNOTS('',3,(#6732,#6733,#6734,#6735),
  .UNSPECIFIED.,.F.,.F.,(4,4),(3.149679177875,3.543069237376),
  .PIECEWISE_BEZIER_KNOTS.);
#6732 = CARTESIAN_POINT('',(2.686251339196,-1.828365600899E-20));
#6733 = CARTESIAN_POINT('',(2.813517375248,-6.761413368103E-18));
#6734 = CARTESIAN_POINT('',(2.947540786242,-2.821014181608E-18));
#6735 = CARTESIAN_POINT('',(3.089531246301,1.743968083242E-28));
#6736 = ( GEOMETRIC_REPRESENTATION_CONTEXT(2) 
PARAMETRIC_REPRESENTATION_CONTEXT() REPRESENTATION_CONTEXT('2D SPACE',''
  ) );
#6737 = PCURVE('',#5251,#6738);
#6738 = DEFINITIONAL_REPRESENTATION('',(#6739),#6743);
#6739 = ( BOUNDED_CURVE() B_SPLINE_CURVE(2,(#6740,#6741,#6742),
.UNSPECIFIED.,.F.,.F.) B_SPLINE_CURVE_WITH_KNOTS((3,3),(3.149679177875,
3.543069237376),.PIECEWISE_BEZIER_KNOTS.) CURVE() 
GEOMETRIC_REPRESENTATION_ITEM() RATIONAL_B_SPLINE_CURVE((1.,
0.980717820329,1.)) REPRESENTATION_ITEM('') );
#6740 = CARTESIAN_POINT('',(5.795629641249E-03,-3.463180075495E-03));
#6741 = CARTESIAN_POINT('',(5.813870651569E-03,-1.207499875865E-03));
#6742 = CARTESIAN_POINT('',(6.695369536856E-03,8.688877595977E-04));
#6743 = ( GEOMETRIC_REPRESENTATION_CONTEXT(2) 
PARAMETRIC_REPRESENTATION_CONTEXT() REPRESENTATION_CONTEXT('2D SPACE',''
  ) );
#6744 = ORIENTED_EDGE('',*,*,#6745,.F.);
#6745 = EDGE_CURVE('',#6746,#6722,#6748,.T.);
#6746 = VERTEX_POINT('',#6747);
#6747 = CARTESIAN_POINT('',(9.955209809656,-5.388524626067,
    26.863065664153));
#6748 = SURFACE_CURVE('',#6749,(#6753,#6760),.PCURVE_S1.);
#6749 = ( BOUNDED_CURVE() B_SPLINE_CURVE(2,(#6750,#6751,#6752),
.UNSPECIFIED.,.F.,.F.) B_SPLINE_CURVE_WITH_KNOTS((3,3),(2.64547133635,
2.700880227362),.PIECEWISE_BEZIER_KNOTS.) CURVE() 
GEOMETRIC_REPRESENTATION_ITEM() RATIONAL_B_SPLINE_CURVE((1.,
0.999616256395,1.)) REPRESENTATION_ITEM('') );
#6750 = CARTESIAN_POINT('',(9.955209809656,-5.388524626067,
    26.863065664153));
#6751 = CARTESIAN_POINT('',(10.104534102409,-5.112650473642,
    26.863065664153));
#6752 = CARTESIAN_POINT('',(10.238351169772,-4.828930039298,
    26.863065664153));
#6753 = PCURVE('',#5946,#6754);
#6754 = DEFINITIONAL_REPRESENTATION('',(#6755),#6759);
#6755 = B_SPLINE_CURVE_WITH_KNOTS('',2,(#6756,#6757,#6758),
  .UNSPECIFIED.,.F.,.F.,(3,3),(2.64547133635,2.700880227362),
  .PIECEWISE_BEZIER_KNOTS.);
#6756 = CARTESIAN_POINT('',(2.63237475117,3.477778793416E-18));
#6757 = CARTESIAN_POINT('',(2.659193753757,-1.359182571111E-17));
#6758 = CARTESIAN_POINT('',(2.686251339196,-1.828365539175E-20));
#6759 = ( GEOMETRIC_REPRESENTATION_CONTEXT(2) 
PARAMETRIC_REPRESENTATION_CONTEXT() REPRESENTATION_CONTEXT('2D SPACE',''
  ) );
#6760 = PCURVE('',#5279,#6761);
#6761 = DEFINITIONAL_REPRESENTATION('',(#6762),#6766);
#6762 = ( BOUNDED_CURVE() B_SPLINE_CURVE(2,(#6763,#6764,#6765),
.UNSPECIFIED.,.F.,.F.) B_SPLINE_CURVE_WITH_KNOTS((3,3),(2.64547133635,
2.700880227362),.PIECEWISE_BEZIER_KNOTS.) CURVE() 
GEOMETRIC_REPRESENTATION_ITEM() RATIONAL_B_SPLINE_CURVE((1.,
0.999616256395,1.)) REPRESENTATION_ITEM('') );
#6763 = CARTESIAN_POINT('',(9.955209809656E-03,-5.388524626067E-03));
#6764 = CARTESIAN_POINT('',(1.010453410241E-02,-5.112650473642E-03));
#6765 = CARTESIAN_POINT('',(1.023835116977E-02,-4.828930039298E-03));
#6766 = ( GEOMETRIC_REPRESENTATION_CONTEXT(2) 
PARAMETRIC_REPRESENTATION_CONTEXT() REPRESENTATION_CONTEXT('2D SPACE',''
  ) );
#6767 = ORIENTED_EDGE('',*,*,#6768,.F.);
#6768 = EDGE_CURVE('',#6769,#6746,#6771,.T.);
#6769 = VERTEX_POINT('',#6770);
#6770 = CARTESIAN_POINT('',(7.129241441229,-8.792969718625,
    26.863065664153));
#6771 = SURFACE_CURVE('',#6772,(#6776,#6783),.PCURVE_S1.);
#6772 = ( BOUNDED_CURVE() B_SPLINE_CURVE(2,(#6773,#6774,#6775),
.UNSPECIFIED.,.F.,.F.) B_SPLINE_CURVE_WITH_KNOTS((3,3),(3.149679177875,
3.543069237376),.PIECEWISE_BEZIER_KNOTS.) CURVE() 
GEOMETRIC_REPRESENTATION_ITEM() RATIONAL_B_SPLINE_CURVE((1.,
0.980717820329,1.)) REPRESENTATION_ITEM('') );
#6773 = CARTESIAN_POINT('',(7.129241441229,-8.792969718625,
    26.863065664153));
#6774 = CARTESIAN_POINT('',(8.88143015177,-7.372314721761,
    26.863065664153));
#6775 = CARTESIAN_POINT('',(9.955209809656,-5.388524626067,
    26.863065664153));
#6776 = PCURVE('',#5946,#6777);
#6777 = DEFINITIONAL_REPRESENTATION('',(#6778),#6782);
#6778 = B_SPLINE_CURVE_WITH_KNOTS('',2,(#6779,#6780,#6781),
  .UNSPECIFIED.,.F.,.F.,(3,3),(3.149679177875,3.543069237376),
  .PIECEWISE_BEZIER_KNOTS.);
#6779 = CARTESIAN_POINT('',(2.257399717395,-3.469446147844E-18));
#6780 = CARTESIAN_POINT('',(2.443173368017,2.343674492752E-18));
#6781 = CARTESIAN_POINT('',(2.63237475117,-6.930562061718E-18));
#6782 = ( GEOMETRIC_REPRESENTATION_CONTEXT(2) 
PARAMETRIC_REPRESENTATION_CONTEXT() REPRESENTATION_CONTEXT('2D SPACE',''
  ) );
#6783 = PCURVE('',#5307,#6784);
#6784 = DEFINITIONAL_REPRESENTATION('',(#6785),#6789);
#6785 = ( BOUNDED_CURVE() B_SPLINE_CURVE(2,(#6786,#6787,#6788),
.UNSPECIFIED.,.F.,.F.) B_SPLINE_CURVE_WITH_KNOTS((3,3),(3.149679177875,
3.543069237376),.PIECEWISE_BEZIER_KNOTS.) CURVE() 
GEOMETRIC_REPRESENTATION_ITEM() RATIONAL_B_SPLINE_CURVE((1.,
0.980717820329,1.)) REPRESENTATION_ITEM('') );
#6786 = CARTESIAN_POINT('',(5.795629641249E-03,-3.463180075495E-03));
#6787 = CARTESIAN_POINT('',(5.813870651569E-03,-1.207499875865E-03));
#6788 = CARTESIAN_POINT('',(6.695369536856E-03,8.688877595977E-04));
#6789 = ( GEOMETRIC_REPRESENTATION_CONTEXT(2) 
PARAMETRIC_REPRESENTATION_CONTEXT() REPRESENTATION_CONTEXT('2D SPACE',''
  ) );
#6790 = ORIENTED_EDGE('',*,*,#6791,.F.);
#6791 = EDGE_CURVE('',#6792,#6769,#6794,.T.);
#6792 = VERTEX_POINT('',#6793);
#6793 = CARTESIAN_POINT('',(6.631340898852,-9.174296587925,
    26.863065664153));
#6794 = SURFACE_CURVE('',#6795,(#6799,#6806),.PCURVE_S1.);
#6795 = ( BOUNDED_CURVE() B_SPLINE_CURVE(2,(#6796,#6797,#6798),
.UNSPECIFIED.,.F.,.F.) B_SPLINE_CURVE_WITH_KNOTS((3,3),(2.196672385837,
2.252081276849),.PIECEWISE_BEZIER_KNOTS.) CURVE() 
GEOMETRIC_REPRESENTATION_ITEM() RATIONAL_B_SPLINE_CURVE((1.,
0.999616256395,1.)) REPRESENTATION_ITEM('') );
#6796 = CARTESIAN_POINT('',(6.631340898852,-9.174296587925,
    26.863065664153));
#6797 = CARTESIAN_POINT('',(6.885574746624,-8.990531947612,
    26.863065664153));
#6798 = CARTESIAN_POINT('',(7.129241441229,-8.792969718625,
    26.863065664153));
#6799 = PCURVE('',#5946,#6800);
#6800 = DEFINITIONAL_REPRESENTATION('',(#6801),#6805);
#6801 = B_SPLINE_CURVE_WITH_KNOTS('',2,(#6802,#6803,#6804),
  .UNSPECIFIED.,.F.,.F.,(3,3),(2.196672385837,2.252081276849),
  .PIECEWISE_BEZIER_KNOTS.);
#6802 = CARTESIAN_POINT('',(2.20463652033,-3.472004918457E-18));
#6803 = CARTESIAN_POINT('',(2.231066363774,3.899117878502E-18));
#6804 = CARTESIAN_POINT('',(2.257399717395,-3.469445343735E-18));
#6805 = ( GEOMETRIC_REPRESENTATION_CONTEXT(2) 
PARAMETRIC_REPRESENTATION_CONTEXT() REPRESENTATION_CONTEXT('2D SPACE',''
  ) );
#6806 = PCURVE('',#5335,#6807);
#6807 = DEFINITIONAL_REPRESENTATION('',(#6808),#6812);
#6808 = ( BOUNDED_CURVE() B_SPLINE_CURVE(2,(#6809,#6810,#6811),
.UNSPECIFIED.,.F.,.F.) B_SPLINE_CURVE_WITH_KNOTS((3,3),(2.196672385837,
2.252081276849),.PIECEWISE_BEZIER_KNOTS.) CURVE() 
GEOMETRIC_REPRESENTATION_ITEM() RATIONAL_B_SPLINE_CURVE((1.,
0.999616256395,1.)) REPRESENTATION_ITEM('') );
#6809 = CARTESIAN_POINT('',(6.631340898852E-03,-9.174296587925E-03));
#6810 = CARTESIAN_POINT('',(6.885574746624E-03,-8.990531947612E-03));
#6811 = CARTESIAN_POINT('',(7.129241441229E-03,-8.792969718625E-03));
#6812 = ( GEOMETRIC_REPRESENTATION_CONTEXT(2) 
PARAMETRIC_REPRESENTATION_CONTEXT() REPRESENTATION_CONTEXT('2D SPACE',''
  ) );
#6813 = ORIENTED_EDGE('',*,*,#6814,.F.);
#6814 = EDGE_CURVE('',#6815,#6792,#6817,.T.);
#6815 = VERTEX_POINT('',#6816);
#6816 = CARTESIAN_POINT('',(2.608098010843,-11.01545390648,
    26.863065664153));
#6817 = SURFACE_CURVE('',#6818,(#6822,#6830),.PCURVE_S1.);
#6818 = ( BOUNDED_CURVE() B_SPLINE_CURVE(2,(#6819,#6820,#6821),
.UNSPECIFIED.,.F.,.F.) B_SPLINE_CURVE_WITH_KNOTS((3,3),(3.149679177875,
3.543069237376),.PIECEWISE_BEZIER_KNOTS.) CURVE() 
GEOMETRIC_REPRESENTATION_ITEM() RATIONAL_B_SPLINE_CURVE((1.,
0.980717820329,1.)) REPRESENTATION_ITEM('') );
#6819 = CARTESIAN_POINT('',(2.608098010843,-11.01545390648,
    26.863065664153));
#6820 = CARTESIAN_POINT('',(4.803164591766,-10.49573417164,
    26.863065664153));
#6821 = CARTESIAN_POINT('',(6.631340898852,-9.174296587925,
    26.863065664153));
#6822 = PCURVE('',#5946,#6823);
#6823 = DEFINITIONAL_REPRESENTATION('',(#6824),#6829);
#6824 = B_SPLINE_CURVE_WITH_KNOTS('',3,(#6825,#6826,#6827,#6828),
  .UNSPECIFIED.,.F.,.F.,(4,4),(3.149679177875,3.543069237376),
  .PIECEWISE_BEZIER_KNOTS.);
#6825 = CARTESIAN_POINT('',(1.818225247189,-1.793346052678E-20));
#6826 = CARTESIAN_POINT('',(1.951686033168,-4.657288128216E-18));
#6827 = CARTESIAN_POINT('',(2.080327234973,-1.068222038902E-18));
#6828 = CARTESIAN_POINT('',(2.20463652033,-3.472004918454E-18));
#6829 = ( GEOMETRIC_REPRESENTATION_CONTEXT(2) 
PARAMETRIC_REPRESENTATION_CONTEXT() REPRESENTATION_CONTEXT('2D SPACE',''
  ) );
#6830 = PCURVE('',#5364,#6831);
#6831 = DEFINITIONAL_REPRESENTATION('',(#6832),#6836);
#6832 = ( BOUNDED_CURVE() B_SPLINE_CURVE(2,(#6833,#6834,#6835),
.UNSPECIFIED.,.F.,.F.) B_SPLINE_CURVE_WITH_KNOTS((3,3),(3.149679177875,
3.543069237376),.PIECEWISE_BEZIER_KNOTS.) CURVE() 
GEOMETRIC_REPRESENTATION_ITEM() RATIONAL_B_SPLINE_CURVE((1.,
0.980717820329,1.)) REPRESENTATION_ITEM('') );
#6833 = CARTESIAN_POINT('',(5.795629641249E-03,-3.463180075495E-03));
#6834 = CARTESIAN_POINT('',(5.813870651569E-03,-1.207499875865E-03));
#6835 = CARTESIAN_POINT('',(6.695369536856E-03,8.688877595977E-04));
#6836 = ( GEOMETRIC_REPRESENTATION_CONTEXT(2) 
PARAMETRIC_REPRESENTATION_CONTEXT() REPRESENTATION_CONTEXT('2D SPACE',''
  ) );
#6837 = ORIENTED_EDGE('',*,*,#6838,.F.);
#6838 = EDGE_CURVE('',#6839,#6815,#6841,.T.);
#6839 = VERTEX_POINT('',#6840);
#6840 = CARTESIAN_POINT('',(1.994053594971,-11.14298659518,
    26.863065664153));
#6841 = SURFACE_CURVE('',#6842,(#6846,#6853),.PCURVE_S1.);
#6842 = ( BOUNDED_CURVE() B_SPLINE_CURVE(2,(#6843,#6844,#6845),
.UNSPECIFIED.,.F.,.F.) B_SPLINE_CURVE_WITH_KNOTS((3,3),(1.747873435325,
1.803282326336),.PIECEWISE_BEZIER_KNOTS.) CURVE() 
GEOMETRIC_REPRESENTATION_ITEM() RATIONAL_B_SPLINE_CURVE((1.,
0.999616256395,1.)) REPRESENTATION_ITEM('') );
#6843 = CARTESIAN_POINT('',(1.994053594971,-11.14298659518,
    26.863065664153));
#6844 = CARTESIAN_POINT('',(2.302842866237,-11.08772830771,
    26.863065664153));
#6845 = CARTESIAN_POINT('',(2.608098010843,-11.01545390648,
    26.863065664153));
#6846 = PCURVE('',#5946,#6847);
#6847 = DEFINITIONAL_REPRESENTATION('',(#6848),#6852);
#6848 = B_SPLINE_CURVE_WITH_KNOTS('',2,(#6849,#6850,#6851),
  .UNSPECIFIED.,.F.,.F.,(3,3),(1.747873435325,1.803282326336),
  .PIECEWISE_BEZIER_KNOTS.);
#6849 = CARTESIAN_POINT('',(1.761001262012,-1.539978184232E-20));
#6850 = CARTESIAN_POINT('',(1.789850082372,-2.181693472642E-18));
#6851 = CARTESIAN_POINT('',(1.818225247189,-3.487265032072E-18));
#6852 = ( GEOMETRIC_REPRESENTATION_CONTEXT(2) 
PARAMETRIC_REPRESENTATION_CONTEXT() REPRESENTATION_CONTEXT('2D SPACE',''
  ) );
#6853 = PCURVE('',#5392,#6854);
#6854 = DEFINITIONAL_REPRESENTATION('',(#6855),#6859);
#6855 = ( BOUNDED_CURVE() B_SPLINE_CURVE(2,(#6856,#6857,#6858),
.UNSPECIFIED.,.F.,.F.) B_SPLINE_CURVE_WITH_KNOTS((3,3),(1.747873435325,
1.803282326336),.PIECEWISE_BEZIER_KNOTS.) CURVE() 
GEOMETRIC_REPRESENTATION_ITEM() RATIONAL_B_SPLINE_CURVE((1.,
0.999616256395,1.)) REPRESENTATION_ITEM('') );
#6856 = CARTESIAN_POINT('',(1.994053594971E-03,-1.114298659518E-02));
#6857 = CARTESIAN_POINT('',(2.302842866237E-03,-1.108772830772E-02));
#6858 = CARTESIAN_POINT('',(2.608098010843E-03,-1.101545390648E-02));
#6859 = ( GEOMETRIC_REPRESENTATION_CONTEXT(2) 
PARAMETRIC_REPRESENTATION_CONTEXT() REPRESENTATION_CONTEXT('2D SPACE',''
  ) );
#6860 = ORIENTED_EDGE('',*,*,#6861,.F.);
#6861 = EDGE_CURVE('',#6466,#6839,#6862,.T.);
#6862 = SURFACE_CURVE('',#6863,(#6867,#6875),.PCURVE_S1.);
#6863 = ( BOUNDED_CURVE() B_SPLINE_CURVE(2,(#6864,#6865,#6866),
.UNSPECIFIED.,.F.,.F.) B_SPLINE_CURVE_WITH_KNOTS((3,3),(3.365992128846,
3.543069237376),.PIECEWISE_BEZIER_KNOTS.) CURVE() 
GEOMETRIC_REPRESENTATION_ITEM() RATIONAL_B_SPLINE_CURVE((1.,
0.996083021998,1.)) REPRESENTATION_ITEM('') );
#6864 = CARTESIAN_POINT('',(-3.035766082959E-15,-11.32,26.863065664153)
  );
#6865 = CARTESIAN_POINT('',(1.004883593703,-11.32,26.863065664153));
#6866 = CARTESIAN_POINT('',(1.994053594971,-11.14298659518,
    26.863065664153));
#6867 = PCURVE('',#5946,#6868);
#6868 = DEFINITIONAL_REPRESENTATION('',(#6869),#6874);
#6869 = B_SPLINE_CURVE_WITH_KNOTS('',3,(#6870,#6871,#6872,#6873),
  .UNSPECIFIED.,.F.,.F.,(4,4),(3.365992128846,3.543069237376),
  .PIECEWISE_BEZIER_KNOTS.);
#6870 = CARTESIAN_POINT('',(1.570796326795,0.));
#6871 = CARTESIAN_POINT('',(1.636271341349,-3.49537655398E-18));
#6872 = CARTESIAN_POINT('',(1.699607312631,2.060036461374E-18));
#6873 = CARTESIAN_POINT('',(1.761001262012,-3.484752128302E-18));
#6874 = ( GEOMETRIC_REPRESENTATION_CONTEXT(2) 
PARAMETRIC_REPRESENTATION_CONTEXT() REPRESENTATION_CONTEXT('2D SPACE',''
  ) );
#6875 = PCURVE('',#5419,#6876);
#6876 = DEFINITIONAL_REPRESENTATION('',(#6877),#6881);
#6877 = ( BOUNDED_CURVE() B_SPLINE_CURVE(2,(#6878,#6879,#6880),
.UNSPECIFIED.,.F.,.F.) B_SPLINE_CURVE_WITH_KNOTS((3,3),(3.365992128846,
3.543069237376),.PIECEWISE_BEZIER_KNOTS.) CURVE() 
GEOMETRIC_REPRESENTATION_ITEM() RATIONAL_B_SPLINE_CURVE((1.,
0.996083021998,1.)) REPRESENTATION_ITEM('') );
#6878 = CARTESIAN_POINT('',(6.079075559355E-03,-1.035781560363E-03));
#6879 = CARTESIAN_POINT('',(6.302683195144E-03,-5.609249636819E-05));
#6880 = CARTESIAN_POINT('',(6.695369536856E-03,8.688877595977E-04));
#6881 = ( GEOMETRIC_REPRESENTATION_CONTEXT(2) 
PARAMETRIC_REPRESENTATION_CONTEXT() REPRESENTATION_CONTEXT('2D SPACE',''
  ) );
#6882 = ADVANCED_FACE('',(#6883),#5111,.F.);
#6883 = FACE_BOUND('',#6884,.F.);
#6884 = EDGE_LOOP('',(#6885,#6903,#6904,#6922));
#6885 = ORIENTED_EDGE('',*,*,#6886,.T.);
#6886 = EDGE_CURVE('',#6130,#5096,#6887,.T.);
#6887 = SURFACE_CURVE('',#6888,(#6891,#6897),.PCURVE_S1.);
#6888 = B_SPLINE_CURVE_WITH_KNOTS('',1,(#6889,#6890),.UNSPECIFIED.,.F.,
  .F.,(2,2),(0.,1.136673871007E-02),.PIECEWISE_BEZIER_KNOTS.);
#6889 = CARTESIAN_POINT('',(10.419889988398,4.423606292346,
    26.863065664153));
#6890 = CARTESIAN_POINT('',(20.809751749352,9.033760464521,
    26.863065664153));
#6891 = PCURVE('',#5111,#6892);
#6892 = DEFINITIONAL_REPRESENTATION('',(#6893),#6896);
#6893 = B_SPLINE_CURVE_WITH_KNOTS('',1,(#6894,#6895),.UNSPECIFIED.,.F.,
  .F.,(2,2),(0.,1.136673871007E-02),.PIECEWISE_BEZIER_KNOTS.);
#6894 = CARTESIAN_POINT('',(1.04198899884E-02,4.423606292346E-03));
#6895 = CARTESIAN_POINT('',(2.080975174935E-02,9.033760464521E-03));
#6896 = ( GEOMETRIC_REPRESENTATION_CONTEXT(2) 
PARAMETRIC_REPRESENTATION_CONTEXT() REPRESENTATION_CONTEXT('2D SPACE',''
  ) );
#6897 = PCURVE('',#5138,#6898);
#6898 = DEFINITIONAL_REPRESENTATION('',(#6899),#6902);
#6899 = B_SPLINE_CURVE_WITH_KNOTS('',1,(#6900,#6901),.UNSPECIFIED.,.F.,
  .F.,(2,2),(0.,1.136673871007E-02),.PIECEWISE_BEZIER_KNOTS.);
#6900 = CARTESIAN_POINT('',(6.695369536856E-03,8.688877595977E-04));
#6901 = CARTESIAN_POINT('',(-3.694492224098E-03,5.479041931772E-03));
#6902 = ( GEOMETRIC_REPRESENTATION_CONTEXT(2) 
PARAMETRIC_REPRESENTATION_CONTEXT() REPRESENTATION_CONTEXT('2D SPACE',''
  ) );
#6903 = ORIENTED_EDGE('',*,*,#5095,.T.);
#6904 = ORIENTED_EDGE('',*,*,#6905,.T.);
#6905 = EDGE_CURVE('',#5067,#6107,#6906,.T.);
#6906 = SURFACE_CURVE('',#6907,(#6910,#6916),.PCURVE_S1.);
#6907 = B_SPLINE_CURVE_WITH_KNOTS('',1,(#6908,#6909),.UNSPECIFIED.,.F.,
  .F.,(2,2),(0.,1.136673871007E-02),.PIECEWISE_BEZIER_KNOTS.);
#6908 = CARTESIAN_POINT('',(20.439379737234,9.843086505621,
    26.863065664153));
#6909 = CARTESIAN_POINT('',(10.15891707356,4.9938766397,26.863065664153)
  );
#6910 = PCURVE('',#5111,#6911);
#6911 = DEFINITIONAL_REPRESENTATION('',(#6912),#6915);
#6912 = B_SPLINE_CURVE_WITH_KNOTS('',1,(#6913,#6914),.UNSPECIFIED.,.F.,
  .F.,(2,2),(0.,1.136673871007E-02),.PIECEWISE_BEZIER_KNOTS.);
#6913 = CARTESIAN_POINT('',(2.043937973723E-02,9.843086505621E-03));
#6914 = CARTESIAN_POINT('',(1.015891707356E-02,4.9938766397E-03));
#6915 = ( GEOMETRIC_REPRESENTATION_CONTEXT(2) 
PARAMETRIC_REPRESENTATION_CONTEXT() REPRESENTATION_CONTEXT('2D SPACE',''
  ) );
#6916 = PCURVE('',#5083,#6917);
#6917 = DEFINITIONAL_REPRESENTATION('',(#6918),#6921);
#6918 = B_SPLINE_CURVE_WITH_KNOTS('',1,(#6919,#6920),.UNSPECIFIED.,.F.,
  .F.,(2,2),(0.,1.136673871007E-02),.PIECEWISE_BEZIER_KNOTS.);
#6919 = CARTESIAN_POINT('',(-5.570740474746E-03,-3.554718532749E-03));
#6920 = CARTESIAN_POINT('',(5.795629641249E-03,-3.463180075495E-03));
#6921 = ( GEOMETRIC_REPRESENTATION_CONTEXT(2) 
PARAMETRIC_REPRESENTATION_CONTEXT() REPRESENTATION_CONTEXT('2D SPACE',''
  ) );
#6922 = ORIENTED_EDGE('',*,*,#6129,.F.);
#6923 = ADVANCED_FACE('',(#6924),#5138,.T.);
#6924 = FACE_BOUND('',#6925,.T.);
#6925 = EDGE_LOOP('',(#6926,#6927,#6928,#6946));
#6926 = ORIENTED_EDGE('',*,*,#6886,.T.);
#6927 = ORIENTED_EDGE('',*,*,#5123,.T.);
#6928 = ORIENTED_EDGE('',*,*,#6929,.T.);
#6929 = EDGE_CURVE('',#4858,#6153,#6930,.T.);
#6930 = SURFACE_CURVE('',#6931,(#6934,#6940),.PCURVE_S1.);
#6931 = B_SPLINE_CURVE_WITH_KNOTS('',1,(#6932,#6933),.UNSPECIFIED.,.F.,
  .F.,(2,2),(0.,1.136673871007E-02),.PIECEWISE_BEZIER_KNOTS.);
#6932 = CARTESIAN_POINT('',(22.686,6.931500883174E-16,26.863065664153));
#6933 = CARTESIAN_POINT('',(11.319629884004,9.153845725335E-02,
    26.863065664153));
#6934 = PCURVE('',#5138,#6935);
#6935 = DEFINITIONAL_REPRESENTATION('',(#6936),#6939);
#6936 = B_SPLINE_CURVE_WITH_KNOTS('',1,(#6937,#6938),.UNSPECIFIED.,.F.,
  .F.,(2,2),(0.,1.136673871007E-02),.PIECEWISE_BEZIER_KNOTS.);
#6937 = CARTESIAN_POINT('',(-5.570740474746E-03,-3.554718532749E-03));
#6938 = CARTESIAN_POINT('',(5.795629641249E-03,-3.463180075495E-03));
#6939 = ( GEOMETRIC_REPRESENTATION_CONTEXT(2) 
PARAMETRIC_REPRESENTATION_CONTEXT() REPRESENTATION_CONTEXT('2D SPACE',''
  ) );
#6940 = PCURVE('',#5222,#6941);
#6941 = DEFINITIONAL_REPRESENTATION('',(#6942),#6945);
#6942 = B_SPLINE_CURVE_WITH_KNOTS('',1,(#6943,#6944),.UNSPECIFIED.,.F.,
  .F.,(2,2),(0.,1.136673871007E-02),.PIECEWISE_BEZIER_KNOTS.);
#6943 = CARTESIAN_POINT('',(2.2686E-02,1.193603352868E-18));
#6944 = CARTESIAN_POINT('',(1.1319629884E-02,9.153845725335E-05));
#6945 = ( GEOMETRIC_REPRESENTATION_CONTEXT(2) 
PARAMETRIC_REPRESENTATION_CONTEXT() REPRESENTATION_CONTEXT('2D SPACE',''
  ) );
#6946 = ORIENTED_EDGE('',*,*,#6152,.T.);
#6947 = ADVANCED_FACE('',(#6948),#5222,.F.);
#6948 = FACE_BOUND('',#6949,.F.);
#6949 = EDGE_LOOP('',(#6950,#6951,#6952,#6953,#6954));
#6950 = ORIENTED_EDGE('',*,*,#5206,.T.);
#6951 = ORIENTED_EDGE('',*,*,#6929,.T.);
#6952 = ORIENTED_EDGE('',*,*,#6176,.F.);
#6953 = ORIENTED_EDGE('',*,*,#6698,.F.);
#6954 = ORIENTED_EDGE('',*,*,#6955,.T.);
#6955 = EDGE_CURVE('',#6699,#5207,#6956,.T.);
#6956 = SURFACE_CURVE('',#6957,(#6960,#6966),.PCURVE_S1.);
#6957 = B_SPLINE_CURVE_WITH_KNOTS('',1,(#6958,#6959),.UNSPECIFIED.,.F.,
  .F.,(2,2),(0.,1.136673871007E-02),.PIECEWISE_BEZIER_KNOTS.);
#6958 = CARTESIAN_POINT('',(11.307327325022,-0.535489276098,
    26.863065664153));
#6959 = CARTESIAN_POINT('',(22.668540243583,-0.889875960496,
    26.863065664153));
#6960 = PCURVE('',#5222,#6961);
#6961 = DEFINITIONAL_REPRESENTATION('',(#6962),#6965);
#6962 = B_SPLINE_CURVE_WITH_KNOTS('',1,(#6963,#6964),.UNSPECIFIED.,.F.,
  .F.,(2,2),(0.,1.136673871007E-02),.PIECEWISE_BEZIER_KNOTS.);
#6963 = CARTESIAN_POINT('',(1.130732732502E-02,-5.354892760984E-04));
#6964 = CARTESIAN_POINT('',(2.266854024358E-02,-8.898759604959E-04));
#6965 = ( GEOMETRIC_REPRESENTATION_CONTEXT(2) 
PARAMETRIC_REPRESENTATION_CONTEXT() REPRESENTATION_CONTEXT('2D SPACE',''
  ) );
#6966 = PCURVE('',#5251,#6967);
#6967 = DEFINITIONAL_REPRESENTATION('',(#6968),#6971);
#6968 = B_SPLINE_CURVE_WITH_KNOTS('',1,(#6969,#6970),.UNSPECIFIED.,.F.,
  .F.,(2,2),(0.,1.136673871007E-02),.PIECEWISE_BEZIER_KNOTS.);
#6969 = CARTESIAN_POINT('',(6.695369536856E-03,8.688877595977E-04));
#6970 = CARTESIAN_POINT('',(-3.694492224098E-03,5.479041931772E-03));
#6971 = ( GEOMETRIC_REPRESENTATION_CONTEXT(2) 
PARAMETRIC_REPRESENTATION_CONTEXT() REPRESENTATION_CONTEXT('2D SPACE',''
  ) );
#6972 = ADVANCED_FACE('',(#6973),#5083,.T.);
#6973 = FACE_BOUND('',#6974,.T.);
#6974 = EDGE_LOOP('',(#6975,#6993,#6994,#6995));
#6975 = ORIENTED_EDGE('',*,*,#6976,.T.);
#6976 = EDGE_CURVE('',#6084,#5039,#6977,.T.);
#6977 = SURFACE_CURVE('',#6978,(#6981,#6987),.PCURVE_S1.);
#6978 = B_SPLINE_CURVE_WITH_KNOTS('',1,(#6979,#6980),.UNSPECIFIED.,.F.,
  .F.,(2,2),(0.,1.136673871007E-02),.PIECEWISE_BEZIER_KNOTS.);
#6979 = CARTESIAN_POINT('',(7.468665648007,8.506552382621,
    26.863065664153));
#6980 = CARTESIAN_POINT('',(14.829336706305,17.168149837738,
    26.863065664153));
#6981 = PCURVE('',#5083,#6982);
#6982 = DEFINITIONAL_REPRESENTATION('',(#6983),#6986);
#6983 = B_SPLINE_CURVE_WITH_KNOTS('',1,(#6984,#6985),.UNSPECIFIED.,.F.,
  .F.,(2,2),(0.,1.136673871007E-02),.PIECEWISE_BEZIER_KNOTS.);
#6984 = CARTESIAN_POINT('',(6.695369536856E-03,8.688877595977E-04));
#6985 = CARTESIAN_POINT('',(-3.694492224098E-03,5.479041931772E-03));
#6986 = ( GEOMETRIC_REPRESENTATION_CONTEXT(2) 
PARAMETRIC_REPRESENTATION_CONTEXT() REPRESENTATION_CONTEXT('2D SPACE',''
  ) );
#6987 = PCURVE('',#5054,#6988);
#6988 = DEFINITIONAL_REPRESENTATION('',(#6989),#6992);
#6989 = B_SPLINE_CURVE_WITH_KNOTS('',1,(#6990,#6991),.UNSPECIFIED.,.F.,
  .F.,(2,2),(0.,1.136673871007E-02),.PIECEWISE_BEZIER_KNOTS.);
#6990 = CARTESIAN_POINT('',(7.468665648007E-03,8.506552382621E-03));
#6991 = CARTESIAN_POINT('',(1.482933670631E-02,1.716814983774E-02));
#6992 = ( GEOMETRIC_REPRESENTATION_CONTEXT(2) 
PARAMETRIC_REPRESENTATION_CONTEXT() REPRESENTATION_CONTEXT('2D SPACE',''
  ) );
#6993 = ORIENTED_EDGE('',*,*,#5066,.T.);
#6994 = ORIENTED_EDGE('',*,*,#6905,.T.);
#6995 = ORIENTED_EDGE('',*,*,#6106,.T.);
#6996 = ADVANCED_FACE('',(#6997),#5251,.T.);
#6997 = FACE_BOUND('',#6998,.T.);
#6998 = EDGE_LOOP('',(#6999,#7000,#7001,#7019));
#6999 = ORIENTED_EDGE('',*,*,#6955,.T.);
#7000 = ORIENTED_EDGE('',*,*,#5234,.T.);
#7001 = ORIENTED_EDGE('',*,*,#7002,.T.);
#7002 = EDGE_CURVE('',#5235,#6722,#7003,.T.);
#7003 = SURFACE_CURVE('',#7004,(#7007,#7013),.PCURVE_S1.);
#7004 = B_SPLINE_CURVE_WITH_KNOTS('',1,(#7005,#7006),.UNSPECIFIED.,.F.,
  .F.,(2,2),(0.,1.136673871007E-02),.PIECEWISE_BEZIER_KNOTS.);
#7005 = CARTESIAN_POINT('',(20.439379737234,-9.843086505621,
    26.863065664153));
#7006 = CARTESIAN_POINT('',(10.238351169772,-4.828930039298,
    26.863065664153));
#7007 = PCURVE('',#5251,#7008);
#7008 = DEFINITIONAL_REPRESENTATION('',(#7009),#7012);
#7009 = B_SPLINE_CURVE_WITH_KNOTS('',1,(#7010,#7011),.UNSPECIFIED.,.F.,
  .F.,(2,2),(0.,1.136673871007E-02),.PIECEWISE_BEZIER_KNOTS.);
#7010 = CARTESIAN_POINT('',(-5.570740474746E-03,-3.554718532749E-03));
#7011 = CARTESIAN_POINT('',(5.795629641249E-03,-3.463180075495E-03));
#7012 = ( GEOMETRIC_REPRESENTATION_CONTEXT(2) 
PARAMETRIC_REPRESENTATION_CONTEXT() REPRESENTATION_CONTEXT('2D SPACE',''
  ) );
#7013 = PCURVE('',#5279,#7014);
#7014 = DEFINITIONAL_REPRESENTATION('',(#7015),#7018);
#7015 = B_SPLINE_CURVE_WITH_KNOTS('',1,(#7016,#7017),.UNSPECIFIED.,.F.,
  .F.,(2,2),(0.,1.136673871007E-02),.PIECEWISE_BEZIER_KNOTS.);
#7016 = CARTESIAN_POINT('',(2.043937973723E-02,-9.843086505621E-03));
#7017 = CARTESIAN_POINT('',(1.023835116977E-02,-4.828930039298E-03));
#7018 = ( GEOMETRIC_REPRESENTATION_CONTEXT(2) 
PARAMETRIC_REPRESENTATION_CONTEXT() REPRESENTATION_CONTEXT('2D SPACE',''
  ) );
#7019 = ORIENTED_EDGE('',*,*,#6721,.T.);
#7020 = ADVANCED_FACE('',(#7021),#5054,.F.);
#7021 = FACE_BOUND('',#7022,.F.);
#7022 = EDGE_LOOP('',(#7023,#7024,#7025,#7043));
#7023 = ORIENTED_EDGE('',*,*,#6976,.T.);
#7024 = ORIENTED_EDGE('',*,*,#5038,.T.);
#7025 = ORIENTED_EDGE('',*,*,#7026,.T.);
#7026 = EDGE_CURVE('',#5010,#6060,#7027,.T.);
#7027 = SURFACE_CURVE('',#7028,(#7031,#7037),.PCURVE_S1.);
#7028 = B_SPLINE_CURVE_WITH_KNOTS('',1,(#7029,#7030),.UNSPECIFIED.,.F.,
  .F.,(2,2),(0.,1.136673871007E-02),.PIECEWISE_BEZIER_KNOTS.);
#7029 = CARTESIAN_POINT('',(14.144489644967,17.73662901127,
    26.863065664153));
#7030 = CARTESIAN_POINT('',(6.986106145755,8.907116307776,
    26.863065664153));
#7031 = PCURVE('',#5054,#7032);
#7032 = DEFINITIONAL_REPRESENTATION('',(#7033),#7036);
#7033 = B_SPLINE_CURVE_WITH_KNOTS('',1,(#7034,#7035),.UNSPECIFIED.,.F.,
  .F.,(2,2),(0.,1.136673871007E-02),.PIECEWISE_BEZIER_KNOTS.);
#7034 = CARTESIAN_POINT('',(1.414448964497E-02,1.773662901127E-02));
#7035 = CARTESIAN_POINT('',(6.986106145755E-03,8.907116307776E-03));
#7036 = ( GEOMETRIC_REPRESENTATION_CONTEXT(2) 
PARAMETRIC_REPRESENTATION_CONTEXT() REPRESENTATION_CONTEXT('2D SPACE',''
  ) );
#7037 = PCURVE('',#5026,#7038);
#7038 = DEFINITIONAL_REPRESENTATION('',(#7039),#7042);
#7039 = B_SPLINE_CURVE_WITH_KNOTS('',1,(#7040,#7041),.UNSPECIFIED.,.F.,
  .F.,(2,2),(0.,1.136673871007E-02),.PIECEWISE_BEZIER_KNOTS.);
#7040 = CARTESIAN_POINT('',(-5.570740474746E-03,-3.554718532749E-03));
#7041 = CARTESIAN_POINT('',(5.795629641249E-03,-3.463180075495E-03));
#7042 = ( GEOMETRIC_REPRESENTATION_CONTEXT(2) 
PARAMETRIC_REPRESENTATION_CONTEXT() REPRESENTATION_CONTEXT('2D SPACE',''
  ) );
#7043 = ORIENTED_EDGE('',*,*,#6083,.F.);
#7044 = ADVANCED_FACE('',(#7045),#5279,.F.);
#7045 = FACE_BOUND('',#7046,.F.);
#7046 = EDGE_LOOP('',(#7047,#7048,#7049,#7050));
#7047 = ORIENTED_EDGE('',*,*,#5263,.T.);
#7048 = ORIENTED_EDGE('',*,*,#7002,.T.);
#7049 = ORIENTED_EDGE('',*,*,#6745,.F.);
#7050 = ORIENTED_EDGE('',*,*,#7051,.T.);
#7051 = EDGE_CURVE('',#6746,#5264,#7052,.T.);
#7052 = SURFACE_CURVE('',#7053,(#7056,#7062),.PCURVE_S1.);
#7053 = B_SPLINE_CURVE_WITH_KNOTS('',1,(#7054,#7055),.UNSPECIFIED.,.F.,
  .F.,(2,2),(0.,1.136673871007E-02),.PIECEWISE_BEZIER_KNOTS.);
#7054 = CARTESIAN_POINT('',(9.955209809656,-5.388524626067,
    26.863065664153));
#7055 = CARTESIAN_POINT('',(20.03754633117,-10.63726153792,
    26.863065664153));
#7056 = PCURVE('',#5279,#7057);
#7057 = DEFINITIONAL_REPRESENTATION('',(#7058),#7061);
#7058 = B_SPLINE_CURVE_WITH_KNOTS('',1,(#7059,#7060),.UNSPECIFIED.,.F.,
  .F.,(2,2),(0.,1.136673871007E-02),.PIECEWISE_BEZIER_KNOTS.);
#7059 = CARTESIAN_POINT('',(9.955209809656E-03,-5.388524626067E-03));
#7060 = CARTESIAN_POINT('',(2.003754633117E-02,-1.063726153792E-02));
#7061 = ( GEOMETRIC_REPRESENTATION_CONTEXT(2) 
PARAMETRIC_REPRESENTATION_CONTEXT() REPRESENTATION_CONTEXT('2D SPACE',''
  ) );
#7062 = PCURVE('',#5307,#7063);
#7063 = DEFINITIONAL_REPRESENTATION('',(#7064),#7067);
#7064 = B_SPLINE_CURVE_WITH_KNOTS('',1,(#7065,#7066),.UNSPECIFIED.,.F.,
  .F.,(2,2),(0.,1.136673871007E-02),.PIECEWISE_BEZIER_KNOTS.);
#7065 = CARTESIAN_POINT('',(6.695369536856E-03,8.688877595977E-04));
#7066 = CARTESIAN_POINT('',(-3.694492224098E-03,5.479041931772E-03));
#7067 = ( GEOMETRIC_REPRESENTATION_CONTEXT(2) 
PARAMETRIC_REPRESENTATION_CONTEXT() REPRESENTATION_CONTEXT('2D SPACE',''
  ) );
#7068 = ADVANCED_FACE('',(#7069),#5026,.T.);
#7069 = FACE_BOUND('',#7070,.T.);
#7070 = EDGE_LOOP('',(#7071,#7089,#7090,#7091));
#7071 = ORIENTED_EDGE('',*,*,#7072,.T.);
#7072 = EDGE_CURVE('',#6037,#4982,#7073,.T.);
#7073 = SURFACE_CURVE('',#7074,(#7077,#7083),.PCURVE_S1.);
#7074 = B_SPLINE_CURVE_WITH_KNOTS('',1,(#7075,#7076),.UNSPECIFIED.,.F.,
  .F.,(2,2),(0.,1.136673871007E-02),.PIECEWISE_BEZIER_KNOTS.);
#7075 = CARTESIAN_POINT('',(3.038180478856,10.904671447499,
    26.863065664153));
#7076 = CARTESIAN_POINT('',(5.911789658695,21.902176582051,
    26.863065664153));
#7077 = PCURVE('',#5026,#7078);
#7078 = DEFINITIONAL_REPRESENTATION('',(#7079),#7082);
#7079 = B_SPLINE_CURVE_WITH_KNOTS('',1,(#7080,#7081),.UNSPECIFIED.,.F.,
  .F.,(2,2),(0.,1.136673871007E-02),.PIECEWISE_BEZIER_KNOTS.);
#7080 = CARTESIAN_POINT('',(6.695369536856E-03,8.688877595977E-04));
#7081 = CARTESIAN_POINT('',(-3.694492224098E-03,5.479041931772E-03));
#7082 = ( GEOMETRIC_REPRESENTATION_CONTEXT(2) 
PARAMETRIC_REPRESENTATION_CONTEXT() REPRESENTATION_CONTEXT('2D SPACE',''
  ) );
#7083 = PCURVE('',#4997,#7084);
#7084 = DEFINITIONAL_REPRESENTATION('',(#7085),#7088);
#7085 = B_SPLINE_CURVE_WITH_KNOTS('',1,(#7086,#7087),.UNSPECIFIED.,.F.,
  .F.,(2,2),(0.,1.136673871007E-02),.PIECEWISE_BEZIER_KNOTS.);
#7086 = CARTESIAN_POINT('',(3.038180478856E-03,1.09046714475E-02));
#7087 = CARTESIAN_POINT('',(5.911789658695E-03,2.190217658205E-02));
#7088 = ( GEOMETRIC_REPRESENTATION_CONTEXT(2) 
PARAMETRIC_REPRESENTATION_CONTEXT() REPRESENTATION_CONTEXT('2D SPACE',''
  ) );
#7089 = ORIENTED_EDGE('',*,*,#5009,.T.);
#7090 = ORIENTED_EDGE('',*,*,#7026,.T.);
#7091 = ORIENTED_EDGE('',*,*,#6059,.T.);
#7092 = ADVANCED_FACE('',(#7093),#5307,.T.);
#7093 = FACE_BOUND('',#7094,.T.);
#7094 = EDGE_LOOP('',(#7095,#7096,#7097,#7115));
#7095 = ORIENTED_EDGE('',*,*,#7051,.T.);
#7096 = ORIENTED_EDGE('',*,*,#5291,.T.);
#7097 = ORIENTED_EDGE('',*,*,#7098,.T.);
#7098 = EDGE_CURVE('',#5292,#6769,#7099,.T.);
#7099 = SURFACE_CURVE('',#7100,(#7103,#7109),.PCURVE_S1.);
#7100 = B_SPLINE_CURVE_WITH_KNOTS('',1,(#7101,#7102),.UNSPECIFIED.,.F.,
  .F.,(2,2),(0.,1.136673871007E-02),.PIECEWISE_BEZIER_KNOTS.);
#7101 = CARTESIAN_POINT('',(14.144489644967,-17.73662901127,
    26.863065664153));
#7102 = CARTESIAN_POINT('',(7.129241441229,-8.792969718625,
    26.863065664153));
#7103 = PCURVE('',#5307,#7104);
#7104 = DEFINITIONAL_REPRESENTATION('',(#7105),#7108);
#7105 = B_SPLINE_CURVE_WITH_KNOTS('',1,(#7106,#7107),.UNSPECIFIED.,.F.,
  .F.,(2,2),(0.,1.136673871007E-02),.PIECEWISE_BEZIER_KNOTS.);
#7106 = CARTESIAN_POINT('',(-5.570740474746E-03,-3.554718532749E-03));
#7107 = CARTESIAN_POINT('',(5.795629641249E-03,-3.463180075495E-03));
#7108 = ( GEOMETRIC_REPRESENTATION_CONTEXT(2) 
PARAMETRIC_REPRESENTATION_CONTEXT() REPRESENTATION_CONTEXT('2D SPACE',''
  ) );
#7109 = PCURVE('',#5335,#7110);
#7110 = DEFINITIONAL_REPRESENTATION('',(#7111),#7114);
#7111 = B_SPLINE_CURVE_WITH_KNOTS('',1,(#7112,#7113),.UNSPECIFIED.,.F.,
  .F.,(2,2),(0.,1.136673871007E-02),.PIECEWISE_BEZIER_KNOTS.);
#7112 = CARTESIAN_POINT('',(1.414448964497E-02,-1.773662901127E-02));
#7113 = CARTESIAN_POINT('',(7.129241441229E-03,-8.792969718625E-03));
#7114 = ( GEOMETRIC_REPRESENTATION_CONTEXT(2) 
PARAMETRIC_REPRESENTATION_CONTEXT() REPRESENTATION_CONTEXT('2D SPACE',''
  ) );
#7115 = ORIENTED_EDGE('',*,*,#6768,.T.);
#7116 = ADVANCED_FACE('',(#7117),#4997,.F.);
#7117 = FACE_BOUND('',#7118,.F.);
#7118 = EDGE_LOOP('',(#7119,#7120,#7121,#7139));
#7119 = ORIENTED_EDGE('',*,*,#7072,.T.);
#7120 = ORIENTED_EDGE('',*,*,#4981,.T.);
#7121 = ORIENTED_EDGE('',*,*,#7122,.T.);
#7122 = EDGE_CURVE('',#4953,#6013,#7123,.T.);
#7123 = SURFACE_CURVE('',#7124,(#7127,#7133),.PCURVE_S1.);
#7124 = B_SPLINE_CURVE_WITH_KNOTS('',1,(#7125,#7126),.UNSPECIFIED.,.F.,
  .F.,(2,2),(0.,1.136673871007E-02),.PIECEWISE_BEZIER_KNOTS.);
#7125 = CARTESIAN_POINT('',(5.048109907733,22.117214615757,
    26.863065664153));
#7126 = CARTESIAN_POINT('',(2.429611216814,11.056192352484,
    26.863065664153));
#7127 = PCURVE('',#4997,#7128);
#7128 = DEFINITIONAL_REPRESENTATION('',(#7129),#7132);
#7129 = B_SPLINE_CURVE_WITH_KNOTS('',1,(#7130,#7131),.UNSPECIFIED.,.F.,
  .F.,(2,2),(0.,1.136673871007E-02),.PIECEWISE_BEZIER_KNOTS.);
#7130 = CARTESIAN_POINT('',(5.048109907733E-03,2.211721461576E-02));
#7131 = CARTESIAN_POINT('',(2.429611216814E-03,1.105619235248E-02));
#7132 = ( GEOMETRIC_REPRESENTATION_CONTEXT(2) 
PARAMETRIC_REPRESENTATION_CONTEXT() REPRESENTATION_CONTEXT('2D SPACE',''
  ) );
#7133 = PCURVE('',#4969,#7134);
#7134 = DEFINITIONAL_REPRESENTATION('',(#7135),#7138);
#7135 = B_SPLINE_CURVE_WITH_KNOTS('',1,(#7136,#7137),.UNSPECIFIED.,.F.,
  .F.,(2,2),(0.,1.136673871007E-02),.PIECEWISE_BEZIER_KNOTS.);
#7136 = CARTESIAN_POINT('',(-5.570740474746E-03,-3.554718532749E-03));
#7137 = CARTESIAN_POINT('',(5.795629641249E-03,-3.463180075495E-03));
#7138 = ( GEOMETRIC_REPRESENTATION_CONTEXT(2) 
PARAMETRIC_REPRESENTATION_CONTEXT() REPRESENTATION_CONTEXT('2D SPACE',''
  ) );
#7139 = ORIENTED_EDGE('',*,*,#6036,.F.);
#7140 = ADVANCED_FACE('',(#7141),#5335,.F.);
#7141 = FACE_BOUND('',#7142,.F.);
#7142 = EDGE_LOOP('',(#7143,#7144,#7145,#7146));
#7143 = ORIENTED_EDGE('',*,*,#5319,.T.);
#7144 = ORIENTED_EDGE('',*,*,#7098,.T.);
#7145 = ORIENTED_EDGE('',*,*,#6791,.F.);
#7146 = ORIENTED_EDGE('',*,*,#7147,.T.);
#7147 = EDGE_CURVE('',#6792,#5320,#7148,.T.);
#7148 = SURFACE_CURVE('',#7149,(#7152,#7158),.PCURVE_S1.);
#7149 = B_SPLINE_CURVE_WITH_KNOTS('',1,(#7150,#7151),.UNSPECIFIED.,.F.,
  .F.,(2,2),(0.,1.136673871007E-02),.PIECEWISE_BEZIER_KNOTS.);
#7150 = CARTESIAN_POINT('',(6.631340898852,-9.174296587925,
    26.863065664153));
#7151 = CARTESIAN_POINT('',(13.437870623491,-18.27780701031,
    26.863065664153));
#7152 = PCURVE('',#5335,#7153);
#7153 = DEFINITIONAL_REPRESENTATION('',(#7154),#7157);
#7154 = B_SPLINE_CURVE_WITH_KNOTS('',1,(#7155,#7156),.UNSPECIFIED.,.F.,
  .F.,(2,2),(0.,1.136673871007E-02),.PIECEWISE_BEZIER_KNOTS.);
#7155 = CARTESIAN_POINT('',(6.631340898852E-03,-9.174296587925E-03));
#7156 = CARTESIAN_POINT('',(1.343787062349E-02,-1.827780701031E-02));
#7157 = ( GEOMETRIC_REPRESENTATION_CONTEXT(2) 
PARAMETRIC_REPRESENTATION_CONTEXT() REPRESENTATION_CONTEXT('2D SPACE',''
  ) );
#7158 = PCURVE('',#5364,#7159);
#7159 = DEFINITIONAL_REPRESENTATION('',(#7160),#7163);
#7160 = B_SPLINE_CURVE_WITH_KNOTS('',1,(#7161,#7162),.UNSPECIFIED.,.F.,
  .F.,(2,2),(0.,1.136673871007E-02),.PIECEWISE_BEZIER_KNOTS.);
#7161 = CARTESIAN_POINT('',(6.695369536856E-03,8.688877595977E-04));
#7162 = CARTESIAN_POINT('',(-3.694492224098E-03,5.479041931772E-03));
#7163 = ( GEOMETRIC_REPRESENTATION_CONTEXT(2) 
PARAMETRIC_REPRESENTATION_CONTEXT() REPRESENTATION_CONTEXT('2D SPACE',''
  ) );
#7164 = ADVANCED_FACE('',(#7165),#4969,.T.);
#7165 = FACE_BOUND('',#7166,.T.);
#7166 = EDGE_LOOP('',(#7167,#7185,#7186,#7187,#7188,#7189));
#7167 = ORIENTED_EDGE('',*,*,#7168,.T.);
#7168 = EDGE_CURVE('',#6394,#5651,#7169,.T.);
#7169 = SURFACE_CURVE('',#7170,(#7173,#7179),.PCURVE_S1.);
#7170 = B_SPLINE_CURVE_WITH_KNOTS('',1,(#7171,#7172),.UNSPECIFIED.,.F.,
  .F.,(2,2),(0.,1.136673871007E-02),.PIECEWISE_BEZIER_KNOTS.);
#7171 = CARTESIAN_POINT('',(-1.994053594971,11.142986595181,
    26.863065664153));
#7172 = CARTESIAN_POINT('',(-4.176659834161,22.298208641721,
    26.863065664153));
#7173 = PCURVE('',#4969,#7174);
#7174 = DEFINITIONAL_REPRESENTATION('',(#7175),#7178);
#7175 = B_SPLINE_CURVE_WITH_KNOTS('',1,(#7176,#7177),.UNSPECIFIED.,.F.,
  .F.,(2,2),(0.,1.136673871007E-02),.PIECEWISE_BEZIER_KNOTS.);
#7176 = CARTESIAN_POINT('',(6.695369536856E-03,8.688877595977E-04));
#7177 = CARTESIAN_POINT('',(-3.694492224098E-03,5.479041931772E-03));
#7178 = ( GEOMETRIC_REPRESENTATION_CONTEXT(2) 
PARAMETRIC_REPRESENTATION_CONTEXT() REPRESENTATION_CONTEXT('2D SPACE',''
  ) );
#7179 = PCURVE('',#5666,#7180);
#7180 = DEFINITIONAL_REPRESENTATION('',(#7181),#7184);
#7181 = B_SPLINE_CURVE_WITH_KNOTS('',1,(#7182,#7183),.UNSPECIFIED.,.F.,
  .F.,(2,2),(0.,1.136673871007E-02),.PIECEWISE_BEZIER_KNOTS.);
#7182 = CARTESIAN_POINT('',(-1.994053594971E-03,1.114298659518E-02));
#7183 = CARTESIAN_POINT('',(-4.176659834161E-03,2.229820864172E-02));
#7184 = ( GEOMETRIC_REPRESENTATION_CONTEXT(2) 
PARAMETRIC_REPRESENTATION_CONTEXT() REPRESENTATION_CONTEXT('2D SPACE',''
  ) );
#7185 = ORIENTED_EDGE('',*,*,#5678,.T.);
#7186 = ORIENTED_EDGE('',*,*,#4952,.T.);
#7187 = ORIENTED_EDGE('',*,*,#7122,.T.);
#7188 = ORIENTED_EDGE('',*,*,#6012,.T.);
#7189 = ORIENTED_EDGE('',*,*,#6416,.T.);
#7190 = ADVANCED_FACE('',(#7191),#5364,.T.);
#7191 = FACE_BOUND('',#7192,.T.);
#7192 = EDGE_LOOP('',(#7193,#7194,#7195,#7213));
#7193 = ORIENTED_EDGE('',*,*,#7147,.T.);
#7194 = ORIENTED_EDGE('',*,*,#5347,.T.);
#7195 = ORIENTED_EDGE('',*,*,#7196,.T.);
#7196 = EDGE_CURVE('',#5348,#6815,#7197,.T.);
#7197 = SURFACE_CURVE('',#7198,(#7201,#7207),.PCURVE_S1.);
#7198 = B_SPLINE_CURVE_WITH_KNOTS('',1,(#7199,#7200),.UNSPECIFIED.,.F.,
  .F.,(2,2),(0.,1.136673871007E-02),.PIECEWISE_BEZIER_KNOTS.);
#7199 = CARTESIAN_POINT('',(5.048109907733,-22.11721461575,
    26.863065664153));
#7200 = CARTESIAN_POINT('',(2.608098010843,-11.01545390648,
    26.863065664153));
#7201 = PCURVE('',#5364,#7202);
#7202 = DEFINITIONAL_REPRESENTATION('',(#7203),#7206);
#7203 = B_SPLINE_CURVE_WITH_KNOTS('',1,(#7204,#7205),.UNSPECIFIED.,.F.,
  .F.,(2,2),(0.,1.136673871007E-02),.PIECEWISE_BEZIER_KNOTS.);
#7204 = CARTESIAN_POINT('',(-5.570740474746E-03,-3.554718532749E-03));
#7205 = CARTESIAN_POINT('',(5.795629641249E-03,-3.463180075495E-03));
#7206 = ( GEOMETRIC_REPRESENTATION_CONTEXT(2) 
PARAMETRIC_REPRESENTATION_CONTEXT() REPRESENTATION_CONTEXT('2D SPACE',''
  ) );
#7207 = PCURVE('',#5392,#7208);
#7208 = DEFINITIONAL_REPRESENTATION('',(#7209),#7212);
#7209 = B_SPLINE_CURVE_WITH_KNOTS('',1,(#7210,#7211),.UNSPECIFIED.,.F.,
  .F.,(2,2),(0.,1.136673871007E-02),.PIECEWISE_BEZIER_KNOTS.);
#7210 = CARTESIAN_POINT('',(5.048109907733E-03,-2.211721461576E-02));
#7211 = CARTESIAN_POINT('',(2.608098010843E-03,-1.101545390648E-02));
#7212 = ( GEOMETRIC_REPRESENTATION_CONTEXT(2) 
PARAMETRIC_REPRESENTATION_CONTEXT() REPRESENTATION_CONTEXT('2D SPACE',''
  ) );
#7213 = ORIENTED_EDGE('',*,*,#6814,.T.);
#7214 = ADVANCED_FACE('',(#7215),#5392,.F.);
#7215 = FACE_BOUND('',#7216,.F.);
#7216 = EDGE_LOOP('',(#7217,#7218,#7219,#7220));
#7217 = ORIENTED_EDGE('',*,*,#5376,.T.);
#7218 = ORIENTED_EDGE('',*,*,#7196,.T.);
#7219 = ORIENTED_EDGE('',*,*,#6838,.F.);
#7220 = ORIENTED_EDGE('',*,*,#7221,.T.);
#7221 = EDGE_CURVE('',#6839,#5377,#7222,.T.);
#7222 = SURFACE_CURVE('',#7223,(#7226,#7232),.PCURVE_S1.);
#7223 = B_SPLINE_CURVE_WITH_KNOTS('',1,(#7224,#7225),.UNSPECIFIED.,.F.,
  .F.,(2,2),(0.,1.136673871007E-02),.PIECEWISE_BEZIER_KNOTS.);
#7224 = CARTESIAN_POINT('',(1.994053594971,-11.14298659518,
    26.863065664153));
#7225 = CARTESIAN_POINT('',(4.176659834161,-22.29820864172,
    26.863065664153));
#7226 = PCURVE('',#5392,#7227);
#7227 = DEFINITIONAL_REPRESENTATION('',(#7228),#7231);
#7228 = B_SPLINE_CURVE_WITH_KNOTS('',1,(#7229,#7230),.UNSPECIFIED.,.F.,
  .F.,(2,2),(0.,1.136673871007E-02),.PIECEWISE_BEZIER_KNOTS.);
#7229 = CARTESIAN_POINT('',(1.994053594971E-03,-1.114298659518E-02));
#7230 = CARTESIAN_POINT('',(4.176659834161E-03,-2.229820864172E-02));
#7231 = ( GEOMETRIC_REPRESENTATION_CONTEXT(2) 
PARAMETRIC_REPRESENTATION_CONTEXT() REPRESENTATION_CONTEXT('2D SPACE',''
  ) );
#7232 = PCURVE('',#5419,#7233);
#7233 = DEFINITIONAL_REPRESENTATION('',(#7234),#7237);
#7234 = B_SPLINE_CURVE_WITH_KNOTS('',1,(#7235,#7236),.UNSPECIFIED.,.F.,
  .F.,(2,2),(0.,1.136673871007E-02),.PIECEWISE_BEZIER_KNOTS.);
#7235 = CARTESIAN_POINT('',(6.695369536856E-03,8.688877595977E-04));
#7236 = CARTESIAN_POINT('',(-3.694492224098E-03,5.479041931772E-03));
#7237 = ( GEOMETRIC_REPRESENTATION_CONTEXT(2) 
PARAMETRIC_REPRESENTATION_CONTEXT() REPRESENTATION_CONTEXT('2D SPACE',''
  ) );
#7238 = ADVANCED_FACE('',(#7239),#5666,.F.);
#7239 = FACE_BOUND('',#7240,.F.);
#7240 = EDGE_LOOP('',(#7241,#7242,#7243,#7261));
#7241 = ORIENTED_EDGE('',*,*,#7168,.T.);
#7242 = ORIENTED_EDGE('',*,*,#5650,.T.);
#7243 = ORIENTED_EDGE('',*,*,#7244,.T.);
#7244 = EDGE_CURVE('',#5622,#6370,#7245,.T.);
#7245 = SURFACE_CURVE('',#7246,(#7249,#7255),.PCURVE_S1.);
#7246 = B_SPLINE_CURVE_WITH_KNOTS('',1,(#7247,#7248),.UNSPECIFIED.,.F.,
  .F.,(2,2),(0.,1.136673871007E-02),.PIECEWISE_BEZIER_KNOTS.);
#7247 = CARTESIAN_POINT('',(-5.048109907733,22.117214615757,
    26.863065664153));
#7248 = CARTESIAN_POINT('',(-2.608098010843,11.015453906482,
    26.863065664153));
#7249 = PCURVE('',#5666,#7250);
#7250 = DEFINITIONAL_REPRESENTATION('',(#7251),#7254);
#7251 = B_SPLINE_CURVE_WITH_KNOTS('',1,(#7252,#7253),.UNSPECIFIED.,.F.,
  .F.,(2,2),(0.,1.136673871007E-02),.PIECEWISE_BEZIER_KNOTS.);
#7252 = CARTESIAN_POINT('',(-5.048109907733E-03,2.211721461576E-02));
#7253 = CARTESIAN_POINT('',(-2.608098010843E-03,1.101545390648E-02));
#7254 = ( GEOMETRIC_REPRESENTATION_CONTEXT(2) 
PARAMETRIC_REPRESENTATION_CONTEXT() REPRESENTATION_CONTEXT('2D SPACE',''
  ) );
#7255 = PCURVE('',#5638,#7256);
#7256 = DEFINITIONAL_REPRESENTATION('',(#7257),#7260);
#7257 = B_SPLINE_CURVE_WITH_KNOTS('',1,(#7258,#7259),.UNSPECIFIED.,.F.,
  .F.,(2,2),(0.,1.136673871007E-02),.PIECEWISE_BEZIER_KNOTS.);
#7258 = CARTESIAN_POINT('',(-5.570740474746E-03,-3.554718532749E-03));
#7259 = CARTESIAN_POINT('',(5.795629641249E-03,-3.463180075495E-03));
#7260 = ( GEOMETRIC_REPRESENTATION_CONTEXT(2) 
PARAMETRIC_REPRESENTATION_CONTEXT() REPRESENTATION_CONTEXT('2D SPACE',''
  ) );
#7261 = ORIENTED_EDGE('',*,*,#6393,.F.);
#7262 = ADVANCED_FACE('',(#7263),#5419,.T.);
#7263 = FACE_BOUND('',#7264,.T.);
#7264 = EDGE_LOOP('',(#7265,#7266,#7267,#7268,#7286,#7287));
#7265 = ORIENTED_EDGE('',*,*,#7221,.T.);
#7266 = ORIENTED_EDGE('',*,*,#5404,.T.);
#7267 = ORIENTED_EDGE('',*,*,#5726,.T.);
#7268 = ORIENTED_EDGE('',*,*,#7269,.T.);
#7269 = EDGE_CURVE('',#5727,#6488,#7270,.T.);
#7270 = SURFACE_CURVE('',#7271,(#7274,#7280),.PCURVE_S1.);
#7271 = B_SPLINE_CURVE_WITH_KNOTS('',1,(#7272,#7273),.UNSPECIFIED.,.F.,
  .F.,(2,2),(0.,1.136673871007E-02),.PIECEWISE_BEZIER_KNOTS.);
#7272 = CARTESIAN_POINT('',(-5.048109907733,-22.11721461575,
    26.863065664153));
#7273 = CARTESIAN_POINT('',(-2.429611216814,-11.05619235248,
    26.863065664153));
#7274 = PCURVE('',#5419,#7275);
#7275 = DEFINITIONAL_REPRESENTATION('',(#7276),#7279);
#7276 = B_SPLINE_CURVE_WITH_KNOTS('',1,(#7277,#7278),.UNSPECIFIED.,.F.,
  .F.,(2,2),(0.,1.136673871007E-02),.PIECEWISE_BEZIER_KNOTS.);
#7277 = CARTESIAN_POINT('',(-5.570740474746E-03,-3.554718532749E-03));
#7278 = CARTESIAN_POINT('',(5.795629641249E-03,-3.463180075495E-03));
#7279 = ( GEOMETRIC_REPRESENTATION_CONTEXT(2) 
PARAMETRIC_REPRESENTATION_CONTEXT() REPRESENTATION_CONTEXT('2D SPACE',''
  ) );
#7280 = PCURVE('',#5766,#7281);
#7281 = DEFINITIONAL_REPRESENTATION('',(#7282),#7285);
#7282 = B_SPLINE_CURVE_WITH_KNOTS('',1,(#7283,#7284),.UNSPECIFIED.,.F.,
  .F.,(2,2),(0.,1.136673871007E-02),.PIECEWISE_BEZIER_KNOTS.);
#7283 = CARTESIAN_POINT('',(-5.048109907733E-03,-2.211721461576E-02));
#7284 = CARTESIAN_POINT('',(-2.429611216814E-03,-1.105619235248E-02));
#7285 = ( GEOMETRIC_REPRESENTATION_CONTEXT(2) 
PARAMETRIC_REPRESENTATION_CONTEXT() REPRESENTATION_CONTEXT('2D SPACE',''
  ) );
#7286 = ORIENTED_EDGE('',*,*,#6487,.T.);
#7287 = ORIENTED_EDGE('',*,*,#6861,.T.);
#7288 = ADVANCED_FACE('',(#7289),#5638,.T.);
#7289 = FACE_BOUND('',#7290,.T.);
#7290 = EDGE_LOOP('',(#7291,#7309,#7310,#7311));
#7291 = ORIENTED_EDGE('',*,*,#7292,.T.);
#7292 = EDGE_CURVE('',#6347,#5594,#7293,.T.);
#7293 = SURFACE_CURVE('',#7294,(#7297,#7303),.PCURVE_S1.);
#7294 = B_SPLINE_CURVE_WITH_KNOTS('',1,(#7295,#7296),.UNSPECIFIED.,.F.,
  .F.,(2,2),(0.,1.136673871007E-02),.PIECEWISE_BEZIER_KNOTS.);
#7295 = CARTESIAN_POINT('',(-6.631340898852,9.174296587925,
    26.863065664153));
#7296 = CARTESIAN_POINT('',(-13.43787062349,18.277807010315,
    26.863065664153));
#7297 = PCURVE('',#5638,#7298);
#7298 = DEFINITIONAL_REPRESENTATION('',(#7299),#7302);
#7299 = B_SPLINE_CURVE_WITH_KNOTS('',1,(#7300,#7301),.UNSPECIFIED.,.F.,
  .F.,(2,2),(0.,1.136673871007E-02),.PIECEWISE_BEZIER_KNOTS.);
#7300 = CARTESIAN_POINT('',(6.695369536856E-03,8.688877595977E-04));
#7301 = CARTESIAN_POINT('',(-3.694492224098E-03,5.479041931772E-03));
#7302 = ( GEOMETRIC_REPRESENTATION_CONTEXT(2) 
PARAMETRIC_REPRESENTATION_CONTEXT() REPRESENTATION_CONTEXT('2D SPACE',''
  ) );
#7303 = PCURVE('',#5609,#7304);
#7304 = DEFINITIONAL_REPRESENTATION('',(#7305),#7308);
#7305 = B_SPLINE_CURVE_WITH_KNOTS('',1,(#7306,#7307),.UNSPECIFIED.,.F.,
  .F.,(2,2),(0.,1.136673871007E-02),.PIECEWISE_BEZIER_KNOTS.);
#7306 = CARTESIAN_POINT('',(-6.631340898852E-03,9.174296587925E-03));
#7307 = CARTESIAN_POINT('',(-1.343787062349E-02,1.827780701031E-02));
#7308 = ( GEOMETRIC_REPRESENTATION_CONTEXT(2) 
PARAMETRIC_REPRESENTATION_CONTEXT() REPRESENTATION_CONTEXT('2D SPACE',''
  ) );
#7309 = ORIENTED_EDGE('',*,*,#5621,.T.);
#7310 = ORIENTED_EDGE('',*,*,#7244,.T.);
#7311 = ORIENTED_EDGE('',*,*,#6369,.T.);
#7312 = ADVANCED_FACE('',(#7313),#5609,.F.);
#7313 = FACE_BOUND('',#7314,.F.);
#7314 = EDGE_LOOP('',(#7315,#7316,#7317,#7335));
#7315 = ORIENTED_EDGE('',*,*,#7292,.T.);
#7316 = ORIENTED_EDGE('',*,*,#5593,.T.);
#7317 = ORIENTED_EDGE('',*,*,#7318,.T.);
#7318 = EDGE_CURVE('',#5566,#6324,#7319,.T.);
#7319 = SURFACE_CURVE('',#7320,(#7323,#7329),.PCURVE_S1.);
#7320 = B_SPLINE_CURVE_WITH_KNOTS('',1,(#7321,#7322),.UNSPECIFIED.,.F.,
  .F.,(2,2),(0.,1.136673871007E-02),.PIECEWISE_BEZIER_KNOTS.);
#7321 = CARTESIAN_POINT('',(-14.14448964496,17.73662901127,
    26.863065664153));
#7322 = CARTESIAN_POINT('',(-7.129241441229,8.792969718625,
    26.863065664153));
#7323 = PCURVE('',#5609,#7324);
#7324 = DEFINITIONAL_REPRESENTATION('',(#7325),#7328);
#7325 = B_SPLINE_CURVE_WITH_KNOTS('',1,(#7326,#7327),.UNSPECIFIED.,.F.,
  .F.,(2,2),(0.,1.136673871007E-02),.PIECEWISE_BEZIER_KNOTS.);
#7326 = CARTESIAN_POINT('',(-1.414448964497E-02,1.773662901127E-02));
#7327 = CARTESIAN_POINT('',(-7.129241441229E-03,8.792969718625E-03));
#7328 = ( GEOMETRIC_REPRESENTATION_CONTEXT(2) 
PARAMETRIC_REPRESENTATION_CONTEXT() REPRESENTATION_CONTEXT('2D SPACE',''
  ) );
#7329 = PCURVE('',#5581,#7330);
#7330 = DEFINITIONAL_REPRESENTATION('',(#7331),#7334);
#7331 = B_SPLINE_CURVE_WITH_KNOTS('',1,(#7332,#7333),.UNSPECIFIED.,.F.,
  .F.,(2,2),(0.,1.136673871007E-02),.PIECEWISE_BEZIER_KNOTS.);
#7332 = CARTESIAN_POINT('',(-5.570740474746E-03,-3.554718532749E-03));
#7333 = CARTESIAN_POINT('',(5.795629641249E-03,-3.463180075495E-03));
#7334 = ( GEOMETRIC_REPRESENTATION_CONTEXT(2) 
PARAMETRIC_REPRESENTATION_CONTEXT() REPRESENTATION_CONTEXT('2D SPACE',''
  ) );
#7335 = ORIENTED_EDGE('',*,*,#6346,.F.);
#7336 = ADVANCED_FACE('',(#7337),#5766,.F.);
#7337 = FACE_BOUND('',#7338,.F.);
#7338 = EDGE_LOOP('',(#7339,#7340,#7341,#7342));
#7339 = ORIENTED_EDGE('',*,*,#5750,.T.);
#7340 = ORIENTED_EDGE('',*,*,#7269,.T.);
#7341 = ORIENTED_EDGE('',*,*,#6511,.F.);
#7342 = ORIENTED_EDGE('',*,*,#7343,.T.);
#7343 = EDGE_CURVE('',#6512,#5751,#7344,.T.);
#7344 = SURFACE_CURVE('',#7345,(#7348,#7354),.PCURVE_S1.);
#7345 = B_SPLINE_CURVE_WITH_KNOTS('',1,(#7346,#7347),.UNSPECIFIED.,.F.,
  .F.,(2,2),(0.,1.136673871007E-02),.PIECEWISE_BEZIER_KNOTS.);
#7346 = CARTESIAN_POINT('',(-3.038180478856,-10.90467144749,
    26.863065664153));
#7347 = CARTESIAN_POINT('',(-5.911789658695,-21.90217658205,
    26.863065664153));
#7348 = PCURVE('',#5766,#7349);
#7349 = DEFINITIONAL_REPRESENTATION('',(#7350),#7353);
#7350 = B_SPLINE_CURVE_WITH_KNOTS('',1,(#7351,#7352),.UNSPECIFIED.,.F.,
  .F.,(2,2),(0.,1.136673871007E-02),.PIECEWISE_BEZIER_KNOTS.);
#7351 = CARTESIAN_POINT('',(-3.038180478856E-03,-1.09046714475E-02));
#7352 = CARTESIAN_POINT('',(-5.911789658695E-03,-2.190217658205E-02));
#7353 = ( GEOMETRIC_REPRESENTATION_CONTEXT(2) 
PARAMETRIC_REPRESENTATION_CONTEXT() REPRESENTATION_CONTEXT('2D SPACE',''
  ) );
#7354 = PCURVE('',#5795,#7355);
#7355 = DEFINITIONAL_REPRESENTATION('',(#7356),#7359);
#7356 = B_SPLINE_CURVE_WITH_KNOTS('',1,(#7357,#7358),.UNSPECIFIED.,.F.,
  .F.,(2,2),(0.,1.136673871007E-02),.PIECEWISE_BEZIER_KNOTS.);
#7357 = CARTESIAN_POINT('',(6.695369536856E-03,8.688877595977E-04));
#7358 = CARTESIAN_POINT('',(-3.694492224098E-03,5.479041931772E-03));
#7359 = ( GEOMETRIC_REPRESENTATION_CONTEXT(2) 
PARAMETRIC_REPRESENTATION_CONTEXT() REPRESENTATION_CONTEXT('2D SPACE',''
  ) );
#7360 = ADVANCED_FACE('',(#7361),#5581,.T.);
#7361 = FACE_BOUND('',#7362,.T.);
#7362 = EDGE_LOOP('',(#7363,#7381,#7382,#7383));
#7363 = ORIENTED_EDGE('',*,*,#7364,.T.);
#7364 = EDGE_CURVE('',#6301,#5538,#7365,.T.);
#7365 = SURFACE_CURVE('',#7366,(#7369,#7375),.PCURVE_S1.);
#7366 = B_SPLINE_CURVE_WITH_KNOTS('',1,(#7367,#7368),.UNSPECIFIED.,.F.,
  .F.,(2,2),(0.,1.136673871007E-02),.PIECEWISE_BEZIER_KNOTS.);
#7367 = CARTESIAN_POINT('',(-9.955209809656,5.388524626067,
    26.863065664153));
#7368 = CARTESIAN_POINT('',(-20.03754633117,10.637261537924,
    26.863065664153));
#7369 = PCURVE('',#5581,#7370);
#7370 = DEFINITIONAL_REPRESENTATION('',(#7371),#7374);
#7371 = B_SPLINE_CURVE_WITH_KNOTS('',1,(#7372,#7373),.UNSPECIFIED.,.F.,
  .F.,(2,2),(0.,1.136673871007E-02),.PIECEWISE_BEZIER_KNOTS.);
#7372 = CARTESIAN_POINT('',(6.695369536856E-03,8.688877595977E-04));
#7373 = CARTESIAN_POINT('',(-3.694492224098E-03,5.479041931772E-03));
#7374 = ( GEOMETRIC_REPRESENTATION_CONTEXT(2) 
PARAMETRIC_REPRESENTATION_CONTEXT() REPRESENTATION_CONTEXT('2D SPACE',''
  ) );
#7375 = PCURVE('',#5553,#7376);
#7376 = DEFINITIONAL_REPRESENTATION('',(#7377),#7380);
#7377 = B_SPLINE_CURVE_WITH_KNOTS('',1,(#7378,#7379),.UNSPECIFIED.,.F.,
  .F.,(2,2),(0.,1.136673871007E-02),.PIECEWISE_BEZIER_KNOTS.);
#7378 = CARTESIAN_POINT('',(-9.955209809656E-03,5.388524626067E-03));
#7379 = CARTESIAN_POINT('',(-2.003754633117E-02,1.063726153792E-02));
#7380 = ( GEOMETRIC_REPRESENTATION_CONTEXT(2) 
PARAMETRIC_REPRESENTATION_CONTEXT() REPRESENTATION_CONTEXT('2D SPACE',''
  ) );
#7381 = ORIENTED_EDGE('',*,*,#5565,.T.);
#7382 = ORIENTED_EDGE('',*,*,#7318,.T.);
#7383 = ORIENTED_EDGE('',*,*,#6323,.T.);
#7384 = ADVANCED_FACE('',(#7385),#5795,.T.);
#7385 = FACE_BOUND('',#7386,.T.);
#7386 = EDGE_LOOP('',(#7387,#7388,#7389,#7407));
#7387 = ORIENTED_EDGE('',*,*,#7343,.T.);
#7388 = ORIENTED_EDGE('',*,*,#5778,.T.);
#7389 = ORIENTED_EDGE('',*,*,#7390,.T.);
#7390 = EDGE_CURVE('',#5779,#6535,#7391,.T.);
#7391 = SURFACE_CURVE('',#7392,(#7395,#7401),.PCURVE_S1.);
#7392 = B_SPLINE_CURVE_WITH_KNOTS('',1,(#7393,#7394),.UNSPECIFIED.,.F.,
  .F.,(2,2),(0.,1.136673871007E-02),.PIECEWISE_BEZIER_KNOTS.);
#7393 = CARTESIAN_POINT('',(-14.14448964496,-17.73662901127,
    26.863065664153));
#7394 = CARTESIAN_POINT('',(-6.986106145755,-8.907116307776,
    26.863065664153));
#7395 = PCURVE('',#5795,#7396);
#7396 = DEFINITIONAL_REPRESENTATION('',(#7397),#7400);
#7397 = B_SPLINE_CURVE_WITH_KNOTS('',1,(#7398,#7399),.UNSPECIFIED.,.F.,
  .F.,(2,2),(0.,1.136673871007E-02),.PIECEWISE_BEZIER_KNOTS.);
#7398 = CARTESIAN_POINT('',(-5.570740474746E-03,-3.554718532749E-03));
#7399 = CARTESIAN_POINT('',(5.795629641249E-03,-3.463180075495E-03));
#7400 = ( GEOMETRIC_REPRESENTATION_CONTEXT(2) 
PARAMETRIC_REPRESENTATION_CONTEXT() REPRESENTATION_CONTEXT('2D SPACE',''
  ) );
#7401 = PCURVE('',#5823,#7402);
#7402 = DEFINITIONAL_REPRESENTATION('',(#7403),#7406);
#7403 = B_SPLINE_CURVE_WITH_KNOTS('',1,(#7404,#7405),.UNSPECIFIED.,.F.,
  .F.,(2,2),(0.,1.136673871007E-02),.PIECEWISE_BEZIER_KNOTS.);
#7404 = CARTESIAN_POINT('',(-1.414448964497E-02,-1.773662901127E-02));
#7405 = CARTESIAN_POINT('',(-6.986106145755E-03,-8.907116307776E-03));
#7406 = ( GEOMETRIC_REPRESENTATION_CONTEXT(2) 
PARAMETRIC_REPRESENTATION_CONTEXT() REPRESENTATION_CONTEXT('2D SPACE',''
  ) );
#7407 = ORIENTED_EDGE('',*,*,#6534,.T.);
#7408 = ADVANCED_FACE('',(#7409),#5553,.F.);
#7409 = FACE_BOUND('',#7410,.F.);
#7410 = EDGE_LOOP('',(#7411,#7412,#7413,#7431));
#7411 = ORIENTED_EDGE('',*,*,#7364,.T.);
#7412 = ORIENTED_EDGE('',*,*,#5537,.T.);
#7413 = ORIENTED_EDGE('',*,*,#7414,.T.);
#7414 = EDGE_CURVE('',#5509,#6277,#7415,.T.);
#7415 = SURFACE_CURVE('',#7416,(#7419,#7425),.PCURVE_S1.);
#7416 = B_SPLINE_CURVE_WITH_KNOTS('',1,(#7417,#7418),.UNSPECIFIED.,.F.,
  .F.,(2,2),(0.,1.136673871007E-02),.PIECEWISE_BEZIER_KNOTS.);
#7417 = CARTESIAN_POINT('',(-20.43937973723,9.843086505621,
    26.863065664153));
#7418 = CARTESIAN_POINT('',(-10.23835116977,4.828930039298,
    26.863065664153));
#7419 = PCURVE('',#5553,#7420);
#7420 = DEFINITIONAL_REPRESENTATION('',(#7421),#7424);
#7421 = B_SPLINE_CURVE_WITH_KNOTS('',1,(#7422,#7423),.UNSPECIFIED.,.F.,
  .F.,(2,2),(0.,1.136673871007E-02),.PIECEWISE_BEZIER_KNOTS.);
#7422 = CARTESIAN_POINT('',(-2.043937973723E-02,9.843086505621E-03));
#7423 = CARTESIAN_POINT('',(-1.023835116977E-02,4.828930039298E-03));
#7424 = ( GEOMETRIC_REPRESENTATION_CONTEXT(2) 
PARAMETRIC_REPRESENTATION_CONTEXT() REPRESENTATION_CONTEXT('2D SPACE',''
  ) );
#7425 = PCURVE('',#5525,#7426);
#7426 = DEFINITIONAL_REPRESENTATION('',(#7427),#7430);
#7427 = B_SPLINE_CURVE_WITH_KNOTS('',1,(#7428,#7429),.UNSPECIFIED.,.F.,
  .F.,(2,2),(0.,1.136673871007E-02),.PIECEWISE_BEZIER_KNOTS.);
#7428 = CARTESIAN_POINT('',(-5.570740474746E-03,-3.554718532749E-03));
#7429 = CARTESIAN_POINT('',(5.795629641249E-03,-3.463180075495E-03));
#7430 = ( GEOMETRIC_REPRESENTATION_CONTEXT(2) 
PARAMETRIC_REPRESENTATION_CONTEXT() REPRESENTATION_CONTEXT('2D SPACE',''
  ) );
#7431 = ORIENTED_EDGE('',*,*,#6300,.F.);
#7432 = ADVANCED_FACE('',(#7433),#5823,.F.);
#7433 = FACE_BOUND('',#7434,.F.);
#7434 = EDGE_LOOP('',(#7435,#7436,#7437,#7438));
#7435 = ORIENTED_EDGE('',*,*,#5807,.T.);
#7436 = ORIENTED_EDGE('',*,*,#7390,.T.);
#7437 = ORIENTED_EDGE('',*,*,#6558,.F.);
#7438 = ORIENTED_EDGE('',*,*,#7439,.T.);
#7439 = EDGE_CURVE('',#6559,#5808,#7440,.T.);
#7440 = SURFACE_CURVE('',#7441,(#7444,#7450),.PCURVE_S1.);
#7441 = B_SPLINE_CURVE_WITH_KNOTS('',1,(#7442,#7443),.UNSPECIFIED.,.F.,
  .F.,(2,2),(0.,1.136673871007E-02),.PIECEWISE_BEZIER_KNOTS.);
#7442 = CARTESIAN_POINT('',(-7.468665648007,-8.506552382621,
    26.863065664153));
#7443 = CARTESIAN_POINT('',(-14.8293367063,-17.16814983773,
    26.863065664153));
#7444 = PCURVE('',#5823,#7445);
#7445 = DEFINITIONAL_REPRESENTATION('',(#7446),#7449);
#7446 = B_SPLINE_CURVE_WITH_KNOTS('',1,(#7447,#7448),.UNSPECIFIED.,.F.,
  .F.,(2,2),(0.,1.136673871007E-02),.PIECEWISE_BEZIER_KNOTS.);
#7447 = CARTESIAN_POINT('',(-7.468665648007E-03,-8.506552382621E-03));
#7448 = CARTESIAN_POINT('',(-1.482933670631E-02,-1.716814983774E-02));
#7449 = ( GEOMETRIC_REPRESENTATION_CONTEXT(2) 
PARAMETRIC_REPRESENTATION_CONTEXT() REPRESENTATION_CONTEXT('2D SPACE',''
  ) );
#7450 = PCURVE('',#5852,#7451);
#7451 = DEFINITIONAL_REPRESENTATION('',(#7452),#7455);
#7452 = B_SPLINE_CURVE_WITH_KNOTS('',1,(#7453,#7454),.UNSPECIFIED.,.F.,
  .F.,(2,2),(0.,1.136673871007E-02),.PIECEWISE_BEZIER_KNOTS.);
#7453 = CARTESIAN_POINT('',(6.695369536856E-03,8.688877595977E-04));
#7454 = CARTESIAN_POINT('',(-3.694492224098E-03,5.479041931772E-03));
#7455 = ( GEOMETRIC_REPRESENTATION_CONTEXT(2) 
PARAMETRIC_REPRESENTATION_CONTEXT() REPRESENTATION_CONTEXT('2D SPACE',''
  ) );
#7456 = ADVANCED_FACE('',(#7457),#5525,.T.);
#7457 = FACE_BOUND('',#7458,.T.);
#7458 = EDGE_LOOP('',(#7459,#7477,#7478,#7479));
#7459 = ORIENTED_EDGE('',*,*,#7460,.T.);
#7460 = EDGE_CURVE('',#6254,#5481,#7461,.T.);
#7461 = SURFACE_CURVE('',#7462,(#7465,#7471),.PCURVE_S1.);
#7462 = B_SPLINE_CURVE_WITH_KNOTS('',1,(#7463,#7464),.UNSPECIFIED.,.F.,
  .F.,(2,2),(0.,1.136673871007E-02),.PIECEWISE_BEZIER_KNOTS.);
#7463 = CARTESIAN_POINT('',(-11.30732732502,0.535489276098,
    26.863065664153));
#7464 = CARTESIAN_POINT('',(-22.66854024358,0.889875960496,
    26.863065664153));
#7465 = PCURVE('',#5525,#7466);
#7466 = DEFINITIONAL_REPRESENTATION('',(#7467),#7470);
#7467 = B_SPLINE_CURVE_WITH_KNOTS('',1,(#7468,#7469),.UNSPECIFIED.,.F.,
  .F.,(2,2),(0.,1.136673871007E-02),.PIECEWISE_BEZIER_KNOTS.);
#7468 = CARTESIAN_POINT('',(6.695369536856E-03,8.688877595977E-04));
#7469 = CARTESIAN_POINT('',(-3.694492224098E-03,5.479041931772E-03));
#7470 = ( GEOMETRIC_REPRESENTATION_CONTEXT(2) 
PARAMETRIC_REPRESENTATION_CONTEXT() REPRESENTATION_CONTEXT('2D SPACE',''
  ) );
#7471 = PCURVE('',#5496,#7472);
#7472 = DEFINITIONAL_REPRESENTATION('',(#7473),#7476);
#7473 = B_SPLINE_CURVE_WITH_KNOTS('',1,(#7474,#7475),.UNSPECIFIED.,.F.,
  .F.,(2,2),(0.,1.136673871007E-02),.PIECEWISE_BEZIER_KNOTS.);
#7474 = CARTESIAN_POINT('',(-1.130732732502E-02,5.354892760984E-04));
#7475 = CARTESIAN_POINT('',(-2.266854024358E-02,8.898759604959E-04));
#7476 = ( GEOMETRIC_REPRESENTATION_CONTEXT(2) 
PARAMETRIC_REPRESENTATION_CONTEXT() REPRESENTATION_CONTEXT('2D SPACE',''
  ) );
#7477 = ORIENTED_EDGE('',*,*,#5508,.T.);
#7478 = ORIENTED_EDGE('',*,*,#7414,.T.);
#7479 = ORIENTED_EDGE('',*,*,#6276,.T.);
#7480 = ADVANCED_FACE('',(#7481),#5852,.T.);
#7481 = FACE_BOUND('',#7482,.T.);
#7482 = EDGE_LOOP('',(#7483,#7484,#7485,#7503));
#7483 = ORIENTED_EDGE('',*,*,#7439,.T.);
#7484 = ORIENTED_EDGE('',*,*,#5835,.T.);
#7485 = ORIENTED_EDGE('',*,*,#7486,.T.);
#7486 = EDGE_CURVE('',#5836,#6582,#7487,.T.);
#7487 = SURFACE_CURVE('',#7488,(#7491,#7497),.PCURVE_S1.);
#7488 = B_SPLINE_CURVE_WITH_KNOTS('',1,(#7489,#7490),.UNSPECIFIED.,.F.,
  .F.,(2,2),(0.,1.136673871007E-02),.PIECEWISE_BEZIER_KNOTS.);
#7489 = CARTESIAN_POINT('',(-20.43937973723,-9.843086505621,
    26.863065664153));
#7490 = CARTESIAN_POINT('',(-10.15891707356,-4.9938766397,
    26.863065664153));
#7491 = PCURVE('',#5852,#7492);
#7492 = DEFINITIONAL_REPRESENTATION('',(#7493),#7496);
#7493 = B_SPLINE_CURVE_WITH_KNOTS('',1,(#7494,#7495),.UNSPECIFIED.,.F.,
  .F.,(2,2),(0.,1.136673871007E-02),.PIECEWISE_BEZIER_KNOTS.);
#7494 = CARTESIAN_POINT('',(-5.570740474746E-03,-3.554718532749E-03));
#7495 = CARTESIAN_POINT('',(5.795629641249E-03,-3.463180075495E-03));
#7496 = ( GEOMETRIC_REPRESENTATION_CONTEXT(2) 
PARAMETRIC_REPRESENTATION_CONTEXT() REPRESENTATION_CONTEXT('2D SPACE',''
  ) );
#7497 = PCURVE('',#5880,#7498);
#7498 = DEFINITIONAL_REPRESENTATION('',(#7499),#7502);
#7499 = B_SPLINE_CURVE_WITH_KNOTS('',1,(#7500,#7501),.UNSPECIFIED.,.F.,
  .F.,(2,2),(0.,1.136673871007E-02),.PIECEWISE_BEZIER_KNOTS.);
#7500 = CARTESIAN_POINT('',(-2.043937973723E-02,-9.843086505621E-03));
#7501 = CARTESIAN_POINT('',(-1.015891707356E-02,-4.9938766397E-03));
#7502 = ( GEOMETRIC_REPRESENTATION_CONTEXT(2) 
PARAMETRIC_REPRESENTATION_CONTEXT() REPRESENTATION_CONTEXT('2D SPACE',''
  ) );
#7503 = ORIENTED_EDGE('',*,*,#6581,.T.);
#7504 = ADVANCED_FACE('',(#7505),#5496,.F.);
#7505 = FACE_BOUND('',#7506,.F.);
#7506 = EDGE_LOOP('',(#7507,#7508,#7509,#7527,#7528));
#7507 = ORIENTED_EDGE('',*,*,#7460,.T.);
#7508 = ORIENTED_EDGE('',*,*,#5480,.T.);
#7509 = ORIENTED_EDGE('',*,*,#7510,.T.);
#7510 = EDGE_CURVE('',#5459,#6628,#7511,.T.);
#7511 = SURFACE_CURVE('',#7512,(#7515,#7521),.PCURVE_S1.);
#7512 = B_SPLINE_CURVE_WITH_KNOTS('',1,(#7513,#7514),.UNSPECIFIED.,.F.,
  .F.,(2,2),(0.,1.136673871007E-02),.PIECEWISE_BEZIER_KNOTS.);
#7513 = CARTESIAN_POINT('',(-22.686,-1.734723475977E-15,26.863065664153)
  );
#7514 = CARTESIAN_POINT('',(-11.319629884,-9.153845725335E-02,
    26.863065664153));
#7515 = PCURVE('',#5496,#7516);
#7516 = DEFINITIONAL_REPRESENTATION('',(#7517),#7520);
#7517 = B_SPLINE_CURVE_WITH_KNOTS('',1,(#7518,#7519),.UNSPECIFIED.,.F.,
  .F.,(2,2),(0.,1.136673871007E-02),.PIECEWISE_BEZIER_KNOTS.);
#7518 = CARTESIAN_POINT('',(-2.2686E-02,-1.234270211426E-18));
#7519 = CARTESIAN_POINT('',(-1.1319629884E-02,-9.153845725335E-05));
#7520 = ( GEOMETRIC_REPRESENTATION_CONTEXT(2) 
PARAMETRIC_REPRESENTATION_CONTEXT() REPRESENTATION_CONTEXT('2D SPACE',''
  ) );
#7521 = PCURVE('',#5907,#7522);
#7522 = DEFINITIONAL_REPRESENTATION('',(#7523),#7526);
#7523 = B_SPLINE_CURVE_WITH_KNOTS('',1,(#7524,#7525),.UNSPECIFIED.,.F.,
  .F.,(2,2),(0.,1.136673871007E-02),.PIECEWISE_BEZIER_KNOTS.);
#7524 = CARTESIAN_POINT('',(-5.570740474746E-03,-3.554718532749E-03));
#7525 = CARTESIAN_POINT('',(5.795629641249E-03,-3.463180075495E-03));
#7526 = ( GEOMETRIC_REPRESENTATION_CONTEXT(2) 
PARAMETRIC_REPRESENTATION_CONTEXT() REPRESENTATION_CONTEXT('2D SPACE',''
  ) );
#7527 = ORIENTED_EDGE('',*,*,#6651,.F.);
#7528 = ORIENTED_EDGE('',*,*,#6253,.F.);
#7529 = ADVANCED_FACE('',(#7530),#5880,.F.);
#7530 = FACE_BOUND('',#7531,.F.);
#7531 = EDGE_LOOP('',(#7532,#7533,#7534,#7535));
#7532 = ORIENTED_EDGE('',*,*,#5864,.T.);
#7533 = ORIENTED_EDGE('',*,*,#7486,.T.);
#7534 = ORIENTED_EDGE('',*,*,#6604,.F.);
#7535 = ORIENTED_EDGE('',*,*,#7536,.T.);
#7536 = EDGE_CURVE('',#6605,#5865,#7537,.T.);
#7537 = SURFACE_CURVE('',#7538,(#7541,#7547),.PCURVE_S1.);
#7538 = B_SPLINE_CURVE_WITH_KNOTS('',1,(#7539,#7540),.UNSPECIFIED.,.F.,
  .F.,(2,2),(0.,1.136673871007E-02),.PIECEWISE_BEZIER_KNOTS.);
#7539 = CARTESIAN_POINT('',(-10.41988998839,-4.423606292346,
    26.863065664153));
#7540 = CARTESIAN_POINT('',(-20.80975174935,-9.033760464521,
    26.863065664153));
#7541 = PCURVE('',#5880,#7542);
#7542 = DEFINITIONAL_REPRESENTATION('',(#7543),#7546);
#7543 = B_SPLINE_CURVE_WITH_KNOTS('',1,(#7544,#7545),.UNSPECIFIED.,.F.,
  .F.,(2,2),(0.,1.136673871007E-02),.PIECEWISE_BEZIER_KNOTS.);
#7544 = CARTESIAN_POINT('',(-1.04198899884E-02,-4.423606292346E-03));
#7545 = CARTESIAN_POINT('',(-2.080975174935E-02,-9.033760464521E-03));
#7546 = ( GEOMETRIC_REPRESENTATION_CONTEXT(2) 
PARAMETRIC_REPRESENTATION_CONTEXT() REPRESENTATION_CONTEXT('2D SPACE',''
  ) );
#7547 = PCURVE('',#5907,#7548);
#7548 = DEFINITIONAL_REPRESENTATION('',(#7549),#7552);
#7549 = B_SPLINE_CURVE_WITH_KNOTS('',1,(#7550,#7551),.UNSPECIFIED.,.F.,
  .F.,(2,2),(0.,1.136673871007E-02),.PIECEWISE_BEZIER_KNOTS.);
#7550 = CARTESIAN_POINT('',(6.695369536856E-03,8.688877595977E-04));
#7551 = CARTESIAN_POINT('',(-3.694492224098E-03,5.479041931772E-03));
#7552 = ( GEOMETRIC_REPRESENTATION_CONTEXT(2) 
PARAMETRIC_REPRESENTATION_CONTEXT() REPRESENTATION_CONTEXT('2D SPACE',''
  ) );
#7553 = ADVANCED_FACE('',(#7554),#5907,.T.);
#7554 = FACE_BOUND('',#7555,.T.);
#7555 = EDGE_LOOP('',(#7556,#7557,#7558,#7559));
#7556 = ORIENTED_EDGE('',*,*,#7536,.T.);
#7557 = ORIENTED_EDGE('',*,*,#5892,.T.);
#7558 = ORIENTED_EDGE('',*,*,#7510,.T.);
#7559 = ORIENTED_EDGE('',*,*,#6627,.T.);
#7560 = ADVANCED_FACE('',(#7561,#7567),#4911,.T.);
#7561 = FACE_BOUND('',#7562,.T.);
#7562 = EDGE_LOOP('',(#7563,#7564,#7565,#7566));
#7563 = ORIENTED_EDGE('',*,*,#4895,.T.);
#7564 = ORIENTED_EDGE('',*,*,#5435,.T.);
#7565 = ORIENTED_EDGE('',*,*,#5704,.T.);
#7566 = ORIENTED_EDGE('',*,*,#5184,.T.);
#7567 = FACE_BOUND('',#7568,.T.);
#7568 = EDGE_LOOP('',(#7569,#7570,#7571,#7572));
#7569 = ORIENTED_EDGE('',*,*,#5960,.F.);
#7570 = ORIENTED_EDGE('',*,*,#6676,.F.);
#7571 = ORIENTED_EDGE('',*,*,#6442,.F.);
#7572 = ORIENTED_EDGE('',*,*,#6201,.F.);
#7573 = ( GEOMETRIC_REPRESENTATION_CONTEXT(3) 
GLOBAL_UNCERTAINTY_ASSIGNED_CONTEXT((#7577)) 
GLOBAL_UNIT_ASSIGNED_CONTEXT((#7574,#7575,#7576)) REPRESENTATION_CONTEXT
('Context #1','3D Context with UNIT and UNCERTAINTY') );
#7574 = ( LENGTH_UNIT() NAMED_UNIT(*) SI_UNIT(.MILLI.,.METRE.) );
#7575 = ( NAMED_UNIT(*) PLANE_ANGLE_UNIT() SI_UNIT($,.RADIAN.) );
#7576 = ( NAMED_UNIT(*) SI_UNIT($,.STERADIAN.) SOLID_ANGLE_UNIT() );
#7577 = UNCERTAINTY_MEASURE_WITH_UNIT(LENGTH_MEASURE(1.E-04),#7574,
  'distance_accuracy_value','confusion accuracy');
#7578 = CONTEXT_DEPENDENT_SHAPE_REPRESENTATION(#7579,#7581);
#7579 = ( REPRESENTATION_RELATIONSHIP('','',#4850,#10) 
REPRESENTATION_RELATIONSHIP_WITH_TRANSFORMATION(#7580) 
SHAPE_REPRESENTATION_RELATIONSHIP() );
#7580 = ITEM_DEFINED_TRANSFORMATION('','',#11,#71);
#7581 = PRODUCT_DEFINITION_SHAPE('Placement','Placement of an item',
  #7582);
#7582 = NEXT_ASSEMBLY_USAGE_OCCURRENCE('6059','','',#5,#4845,$);
#7583 = PRODUCT_RELATED_PRODUCT_CATEGORY('part',$,(#4847));
#7584 = SHAPE_DEFINITION_REPRESENTATION(#7585,#7591);
#7585 = PRODUCT_DEFINITION_SHAPE('','',#7586);
#7586 = PRODUCT_DEFINITION('design','',#7587,#7590);
#7587 = PRODUCT_DEFINITION_FORMATION('','',#7588);
#7588 = PRODUCT('Open CASCADE STEP translator 7.8 202.16',
  'Open CASCADE STEP translator 7.8 202.16','',(#7589));
#7589 = PRODUCT_CONTEXT('',#2,'mechanical');
#7590 = PRODUCT_DEFINITION_CONTEXT('part definition',#2,'design');
#7591 = GEOMETRICALLY_BOUNDED_WIREFRAME_SHAPE_REPRESENTATION('',(#11,
    #7592),#7598);
#7592 = GEOMETRIC_CURVE_SET('',(#7593,#7594,#7595,#7596,#7597));
#7593 = CARTESIAN_POINT('',(0.,0.,2.032483635142E-02));
#7594 = CARTESIAN_POINT('',(0.,0.,2.044983635142E-02));
#7595 = CARTESIAN_POINT('',(0.,0.,2.057483635142E-02));
#7596 = CARTESIAN_POINT('',(0.,0.,2.686306566415E-02));
#7597 = CARTESIAN_POINT('',(0.,0.,2.057483635142E-02));
#7598 = ( GEOMETRIC_REPRESENTATION_CONTEXT(3) 
GLOBAL_UNCERTAINTY_ASSIGNED_CONTEXT((#7602)) 
GLOBAL_UNIT_ASSIGNED_CONTEXT((#7599,#7600,#7601)) REPRESENTATION_CONTEXT
('Context #1','3D Context with UNIT and UNCERTAINTY') );
#7599 = ( LENGTH_UNIT() NAMED_UNIT(*) SI_UNIT(.MILLI.,.METRE.) );
#7600 = ( NAMED_UNIT(*) PLANE_ANGLE_UNIT() SI_UNIT($,.RADIAN.) );
#7601 = ( NAMED_UNIT(*) SI_UNIT($,.STERADIAN.) SOLID_ANGLE_UNIT() );
#7602 = UNCERTAINTY_MEASURE_WITH_UNIT(LENGTH_MEASURE(1.E-07),#7599,
  'distance_accuracy_value','confusion accuracy');
#7603 = CONTEXT_DEPENDENT_SHAPE_REPRESENTATION(#7604,#7606);
#7604 = ( REPRESENTATION_RELATIONSHIP('','',#7591,#10) 
REPRESENTATION_RELATIONSHIP_WITH_TRANSFORMATION(#7605) 
SHAPE_REPRESENTATION_RELATIONSHIP() );
#7605 = ITEM_DEFINED_TRANSFORMATION('','',#11,#75);
#7606 = PRODUCT_DEFINITION_SHAPE('Placement','Placement of an item',
  #7607);
#7607 = NEXT_ASSEMBLY_USAGE_OCCURRENCE('6060','','',#5,#7586,$);
#7608 = PRODUCT_RELATED_PRODUCT_CATEGORY('part',$,(#7588));
ENDSEC;
END-ISO-10303-21;
