ISO-10303-21;
HEADER;
FILE_NAME('Open CASCADE Shape Model','2026-09-09T15:21:34',('Author'),(
    'Open CASCADE'),'Open CASCADE STEP processor 7.7','Open CASCADE 7.7'
  ,'Unknown');
FILE_DESCRIPTION(('Open CASCADE Model'),'2;1');
FILE_SCHEMA(('AUTOMOTIVE_DESIGN { 1 0 10303 214 1 1 1 1 }'));
ENDSEC;
DATA;
#1 = APPLICATION_PROTOCOL_DEFINITION('international standard',
  'automotive_design',2000,#2);
#2 = APPLICATION_CONTEXT(
  'core data for automotive mechanical design processes');
#3 = SHAPE_DEFINITION_REPRESENTATION(#4,#10);
#4 = PRODUCT_DEFINITION_SHAPE('','',#5);
#5 = PRODUCT_DEFINITION('design','',#6,#9);
#6 = PRODUCT_DEFINITION_FORMATION('','',#7);
#7 = PRODUCT('Open CASCADE STEP translator 7.7 2',
  'Open CASCADE STEP translator 7.7 2','',(#8));
#8 = PRODUCT_CONTEXT('',#2,'mechanical');
#9 = PRODUCT_DEFINITION_CONTEXT('part definition',#2,'design');
#10 = SHAPE_REPRESENTATION('',(#11,#15,#19,#23,#27,#31,#35,#39,#43,#47,
    #51,#55,#59,#63,#67,#71,#75),#79);
#11 = AXIS2_PLACEMENT_3D('',#12,#13,#14);
#12 = CARTESIAN_POINT('',(0.,0.,0.));
#13 = DIRECTION('',(0.,0.,1.));
#14 = DIRECTION('',(1.,0.,-0.));
#15 = AXIS2_PLACEMENT_3D('',#16,#17,#18);
#16 = CARTESIAN_POINT('',(0.,0.,0.));
#17 = DIRECTION('',(0.,0.,1.));
#18 = DIRECTION('',(1.,0.,-0.));
#19 = AXIS2_PLACEMENT_3D('',#20,#21,#22);
#20 = CARTESIAN_POINT('',(0.,0.,0.));
#21 = DIRECTION('',(0.,-0.,1.));
#22 = DIRECTION('',(0.900968867902,0.433883739118,0.));
#23 = AXIS2_PLACEMENT_3D('',#24,#25,#26);
#24 = CARTESIAN_POINT('',(0.,0.,0.));
#25 = DIRECTION('',(0.,-0.,1.));
#26 = DIRECTION('',(0.623489801859,0.781831482468,0.));
#27 = AXIS2_PLACEMENT_3D('',#28,#29,#30);
#28 = CARTESIAN_POINT('',(0.,0.,0.));
#29 = DIRECTION('',(0.,0.,1.));
#30 = DIRECTION('',(1.,0.,-0.));
#31 = AXIS2_PLACEMENT_3D('',#32,#33,#34);
#32 = CARTESIAN_POINT('',(0.,0.,0.));
#33 = DIRECTION('',(0.,0.,1.));
#34 = DIRECTION('',(-0.222520933956,0.974927912182,0.));
#35 = AXIS2_PLACEMENT_3D('',#36,#37,#38);
#36 = CARTESIAN_POINT('',(0.,0.,0.));
#37 = DIRECTION('',(0.,0.,1.));
#38 = DIRECTION('',(-0.623489801859,0.781831482468,0.));
#39 = AXIS2_PLACEMENT_3D('',#40,#41,#42);
#40 = CARTESIAN_POINT('',(0.,0.,0.));
#41 = DIRECTION('',(0.,0.,1.));
#42 = DIRECTION('',(-0.900968867902,0.433883739118,0.));
#43 = AXIS2_PLACEMENT_3D('',#44,#45,#46);
#44 = CARTESIAN_POINT('',(0.,0.,0.));
#45 = DIRECTION('',(0.,0.,1.));
#46 = DIRECTION('',(1.,0.,-0.));
#47 = AXIS2_PLACEMENT_3D('',#48,#49,#50);
#48 = CARTESIAN_POINT('',(0.,0.,0.));
#49 = DIRECTION('',(0.,0.,1.));
#50 = DIRECTION('',(-0.900968867902,-0.433883739118,0.));
#51 = AXIS2_PLACEMENT_3D('',#52,#53,#54);
#52 = CARTESIAN_POINT('',(0.,0.,0.));
#53 = DIRECTION('',(0.,0.,1.));
#54 = DIRECTION('',(-0.623489801859,-0.781831482468,0.));
#55 = AXIS2_PLACEMENT_3D('',#56,#57,#58);
#56 = CARTESIAN_POINT('',(0.,0.,0.));
#57 = DIRECTION('',(0.,0.,1.));
#58 = DIRECTION('',(1.,0.,-0.));
#59 = AXIS2_PLACEMENT_3D('',#60,#61,#62);
#60 = CARTESIAN_POINT('',(0.,0.,0.));
#61 = DIRECTION('',(-0.,0.,1.));
#62 = DIRECTION('',(0.222520933956,-0.974927912182,0.));
#63 = AXIS2_PLACEMENT_3D('',#64,#65,#66);
#64 = CARTESIAN_POINT('',(0.,0.,0.));
#65 = DIRECTION('',(-0.,0.,1.));
#66 = DIRECTION('',(0.623489801859,-0.781831482468,0.));
#67 = AXIS2_PLACEMENT_3D('',#68,#69,#70);
#68 = CARTESIAN_POINT('',(0.,0.,0.));
#69 = DIRECTION('',(-0.,0.,1.));
#70 = DIRECTION('',(0.900968867902,-0.433883739118,0.));
#71 = AXIS2_PLACEMENT_3D('',#72,#73,#74);
#72 = CARTESIAN_POINT('',(0.,0.,0.));
#73 = DIRECTION('',(0.,0.,1.));
#74 = DIRECTION('',(1.,0.,-0.));
#75 = AXIS2_PLACEMENT_3D('',#76,#77,#78);
#76 = CARTESIAN_POINT('',(0.,0.,0.));
#77 = DIRECTION('',(0.,0.,1.));
#78 = DIRECTION('',(1.,0.,-0.));
#79 = ( GEOMETRIC_REPRESENTATION_CONTEXT(3) 
GLOBAL_UNCERTAINTY_ASSIGNED_CONTEXT((#83)) GLOBAL_UNIT_ASSIGNED_CONTEXT(
(#80,#81,#82)) REPRESENTATION_CONTEXT('Context #1',
  '3D Context with UNIT and UNCERTAINTY') );
#80 = ( LENGTH_UNIT() NAMED_UNIT(*) SI_UNIT(.MILLI.,.METRE.) );
#81 = ( NAMED_UNIT(*) PLANE_ANGLE_UNIT() SI_UNIT($,.RADIAN.) );
#82 = ( NAMED_UNIT(*) SI_UNIT($,.STERADIAN.) SOLID_ANGLE_UNIT() );
#83 = UNCERTAINTY_MEASURE_WITH_UNIT(LENGTH_MEASURE(1.E-04),#80,
  'distance_accuracy_value','confusion accuracy');
#84 = PRODUCT_RELATED_PRODUCT_CATEGORY('part',$,(#7));
#85 = SHAPE_DEFINITION_REPRESENTATION(#86,#92);
#86 = PRODUCT_DEFINITION_SHAPE('','',#87);
#87 = PRODUCT_DEFINITION('design','',#88,#91);
#88 = PRODUCT_DEFINITION_FORMATION('','',#89);
#89 = PRODUCT('Open CASCADE STEP translator 7.7 2.1',
  'Open CASCADE STEP translator 7.7 2.1','',(#90));
#90 = PRODUCT_CONTEXT('',#2,'mechanical');
#91 = PRODUCT_DEFINITION_CONTEXT('part definition',#2,'design');
#92 = ADVANCED_BREP_SHAPE_REPRESENTATION('',(#11,#93),#407);
#93 = MANIFOLD_SOLID_BREP('',#94);
#94 = CLOSED_SHELL('',(#95,#209,#283,#346,#393,#400));
#95 = ADVANCED_FACE('',(#96),#109,.T.);
#96 = FACE_BOUND('',#97,.T.);
#97 = EDGE_LOOP('',(#98,#133,#158,#186));
#98 = ORIENTED_EDGE('',*,*,#99,.T.);
#99 = EDGE_CURVE('',#100,#102,#104,.T.);
#100 = VERTEX_POINT('',#101);
#101 = CARTESIAN_POINT('',(12.377273223936,4.948940042074,9.967092117918
    ));
#102 = VERTEX_POINT('',#103);
#103 = CARTESIAN_POINT('',(12.377273223936,4.948940042074,
    12.203993230268));
#104 = SURFACE_CURVE('',#105,(#108,#119),.PCURVE_S1.);
#105 = B_SPLINE_CURVE_WITH_KNOTS('',1,(#106,#107),.UNSPECIFIED.,.F.,.F.,
  (2,2),(0.,2.236901112349E-03),.PIECEWISE_BEZIER_KNOTS.);
#106 = CARTESIAN_POINT('',(12.377273223936,4.948940042074,9.967092117918
    ));
#107 = CARTESIAN_POINT('',(12.377273223936,4.948940042074,
    12.203993230268));
#108 = PCURVE('',#109,#114);
#109 = B_SPLINE_SURFACE_WITH_KNOTS('',1,1,(
    (#110,#111)
    ,(#112,#113
    )),.UNSPECIFIED.,.F.,.F.,.F.,(2,2),(2,2),(0.,1.893400776149E-03),(
    -2.236901112349E-03,0.),.PIECEWISE_BEZIER_KNOTS.);
#110 = CARTESIAN_POINT('',(12.377273223936,4.948940042074,
    12.203993230268));
#111 = CARTESIAN_POINT('',(12.377273223936,4.948940042074,9.967092117918
    ));
#112 = CARTESIAN_POINT('',(13.758361157885,6.244147599889,
    12.203993230268));
#113 = CARTESIAN_POINT('',(13.758361157885,6.244147599889,9.967092117918
    ));
#114 = DEFINITIONAL_REPRESENTATION('',(#115),#118);
#115 = B_SPLINE_CURVE_WITH_KNOTS('',1,(#116,#117),.UNSPECIFIED.,.F.,.F.,
  (2,2),(0.,2.236901112349E-03),.PIECEWISE_BEZIER_KNOTS.);
#116 = CARTESIAN_POINT('',(0.,0.));
#117 = CARTESIAN_POINT('',(0.,-2.236901112349E-03));
#118 = ( GEOMETRIC_REPRESENTATION_CONTEXT(2) 
PARAMETRIC_REPRESENTATION_CONTEXT() REPRESENTATION_CONTEXT('2D SPACE',''
  ) );
#119 = PCURVE('',#120,#127);
#120 = ( BOUNDED_SURFACE() B_SPLINE_SURFACE(2,1,(
    (#121,#122)
    ,(#123,#124)
,(#125,#126
    )),.UNSPECIFIED.,.F.,.F.,.F.) B_SPLINE_SURFACE_WITH_KNOTS((3,3),(2,2
    ),(3.187269313626,3.52196186638),(-2.236901112349E-03,0.),
.PIECEWISE_BEZIER_KNOTS.) GEOMETRIC_REPRESENTATION_ITEM() 
RATIONAL_B_SPLINE_SURFACE((
    (1.,1.)
    ,(0.986030259214,0.986030259214)
,(1.,1.))) REPRESENTATION_ITEM('') SURFACE() );
#121 = CARTESIAN_POINT('',(13.31609684628,0.608658180346,12.203993230268
    ));
#122 = CARTESIAN_POINT('',(13.31609684628,0.608658180346,9.967092117918)
  );
#123 = CARTESIAN_POINT('',(13.213278568532,2.858095037129,
    12.203993230268));
#124 = CARTESIAN_POINT('',(13.213278568532,2.858095037129,9.967092117918
    ));
#125 = CARTESIAN_POINT('',(12.377273223936,4.948940042074,
    12.203993230268));
#126 = CARTESIAN_POINT('',(12.377273223936,4.948940042074,9.967092117918
    ));
#127 = DEFINITIONAL_REPRESENTATION('',(#128),#132);
#128 = B_SPLINE_CURVE_WITH_KNOTS('',2,(#129,#130,#131),.UNSPECIFIED.,.F.
  ,.F.,(3,3),(0.,2.236901112349E-03),.PIECEWISE_BEZIER_KNOTS.);
#129 = CARTESIAN_POINT('',(3.52196186638,0.));
#130 = CARTESIAN_POINT('',(3.52196186638,-1.118450556175E-03));
#131 = CARTESIAN_POINT('',(3.52196186638,-2.236901112349E-03));
#132 = ( GEOMETRIC_REPRESENTATION_CONTEXT(2) 
PARAMETRIC_REPRESENTATION_CONTEXT() REPRESENTATION_CONTEXT('2D SPACE',''
  ) );
#133 = ORIENTED_EDGE('',*,*,#134,.T.);
#134 = EDGE_CURVE('',#102,#135,#137,.T.);
#135 = VERTEX_POINT('',#136);
#136 = CARTESIAN_POINT('',(13.758361157885,6.244147599889,
    12.203993230268));
#137 = SURFACE_CURVE('',#138,(#141,#147),.PCURVE_S1.);
#138 = B_SPLINE_CURVE_WITH_KNOTS('',1,(#139,#140),.UNSPECIFIED.,.F.,.F.,
  (2,2),(0.,1.893400776149E-03),.PIECEWISE_BEZIER_KNOTS.);
#139 = CARTESIAN_POINT('',(12.377273223936,4.948940042074,
    12.203993230268));
#140 = CARTESIAN_POINT('',(13.758361157885,6.244147599889,
    12.203993230268));
#141 = PCURVE('',#109,#142);
#142 = DEFINITIONAL_REPRESENTATION('',(#143),#146);
#143 = B_SPLINE_CURVE_WITH_KNOTS('',1,(#144,#145),.UNSPECIFIED.,.F.,.F.,
  (2,2),(0.,1.893400776149E-03),.PIECEWISE_BEZIER_KNOTS.);
#144 = CARTESIAN_POINT('',(0.,-2.236901112349E-03));
#145 = CARTESIAN_POINT('',(1.893400776149E-03,-2.236901112349E-03));
#146 = ( GEOMETRIC_REPRESENTATION_CONTEXT(2) 
PARAMETRIC_REPRESENTATION_CONTEXT() REPRESENTATION_CONTEXT('2D SPACE',''
  ) );
#147 = PCURVE('',#148,#153);
#148 = B_SPLINE_SURFACE_WITH_KNOTS('',1,1,(
    (#149,#150)
    ,(#151,#152
    )),.UNSPECIFIED.,.F.,.F.,.F.,(2,2),(2,2),(-1.242775344402E-03,
    1.488951431662E-03),(-2.99933038317E-03,3.24481721672E-03),
  .PIECEWISE_BEZIER_KNOTS.);
#149 = CARTESIAN_POINT('',(15.109,8.673617379884E-16,12.203993230268));
#150 = CARTESIAN_POINT('',(15.109,6.244147599889,12.203993230268));
#151 = CARTESIAN_POINT('',(12.377273223936,8.673617379884E-16,
    12.203993230268));
#152 = CARTESIAN_POINT('',(12.377273223936,6.244147599889,
    12.203993230268));
#153 = DEFINITIONAL_REPRESENTATION('',(#154),#157);
#154 = B_SPLINE_CURVE_WITH_KNOTS('',1,(#155,#156),.UNSPECIFIED.,.F.,.F.,
  (2,2),(0.,1.893400776149E-03),.PIECEWISE_BEZIER_KNOTS.);
#155 = CARTESIAN_POINT('',(1.488951431662E-03,1.949609658904E-03));
#156 = CARTESIAN_POINT('',(1.078634977129E-04,3.24481721672E-03));
#157 = ( GEOMETRIC_REPRESENTATION_CONTEXT(2) 
PARAMETRIC_REPRESENTATION_CONTEXT() REPRESENTATION_CONTEXT('2D SPACE',''
  ) );
#158 = ORIENTED_EDGE('',*,*,#159,.F.);
#159 = EDGE_CURVE('',#160,#135,#162,.T.);
#160 = VERTEX_POINT('',#161);
#161 = CARTESIAN_POINT('',(13.758361157885,6.244147599889,9.967092117918
    ));
#162 = SURFACE_CURVE('',#163,(#166,#172),.PCURVE_S1.);
#163 = B_SPLINE_CURVE_WITH_KNOTS('',1,(#164,#165),.UNSPECIFIED.,.F.,.F.,
  (2,2),(0.,2.236901112349E-03),.PIECEWISE_BEZIER_KNOTS.);
#164 = CARTESIAN_POINT('',(13.758361157885,6.244147599889,9.967092117918
    ));
#165 = CARTESIAN_POINT('',(13.758361157885,6.244147599889,
    12.203993230268));
#166 = PCURVE('',#109,#167);
#167 = DEFINITIONAL_REPRESENTATION('',(#168),#171);
#168 = B_SPLINE_CURVE_WITH_KNOTS('',1,(#169,#170),.UNSPECIFIED.,.F.,.F.,
  (2,2),(0.,2.236901112349E-03),.PIECEWISE_BEZIER_KNOTS.);
#169 = CARTESIAN_POINT('',(1.893400776149E-03,0.));
#170 = CARTESIAN_POINT('',(1.893400776149E-03,-2.236901112349E-03));
#171 = ( GEOMETRIC_REPRESENTATION_CONTEXT(2) 
PARAMETRIC_REPRESENTATION_CONTEXT() REPRESENTATION_CONTEXT('2D SPACE',''
  ) );
#172 = PCURVE('',#173,#180);
#173 = ( BOUNDED_SURFACE() B_SPLINE_SURFACE(2,1,(
    (#174,#175)
    ,(#176,#177)
,(#178,#179
    )),.UNSPECIFIED.,.F.,.F.,.F.) B_SPLINE_SURFACE_WITH_KNOTS((3,3),(2,2
    ),(5.857139434353,6.28318530718),(-2.236901112349E-03,0.),
.PIECEWISE_BEZIER_KNOTS.) GEOMETRIC_REPRESENTATION_ITEM() 
RATIONAL_B_SPLINE_SURFACE((
    (1.,1.)
    ,(0.977396285971,0.977396285971)
,(1.,1.))) REPRESENTATION_ITEM('') SURFACE() );
#174 = CARTESIAN_POINT('',(13.758361157885,6.244147599889,
    12.203993230268));
#175 = CARTESIAN_POINT('',(13.758361157885,6.244147599889,9.967092117918
    ));
#176 = CARTESIAN_POINT('',(15.109,3.268148604604,12.203993230268));
#177 = CARTESIAN_POINT('',(15.109,3.268148604604,9.967092117918));
#178 = CARTESIAN_POINT('',(15.109,3.700637697663E-15,12.203993230268));
#179 = CARTESIAN_POINT('',(15.109,3.700637697663E-15,9.967092117918));
#180 = DEFINITIONAL_REPRESENTATION('',(#181),#185);
#181 = B_SPLINE_CURVE_WITH_KNOTS('',2,(#182,#183,#184),.UNSPECIFIED.,.F.
  ,.F.,(3,3),(0.,2.236901112349E-03),.PIECEWISE_BEZIER_KNOTS.);
#182 = CARTESIAN_POINT('',(5.857139434353,0.));
#183 = CARTESIAN_POINT('',(5.857139434353,-1.118450556175E-03));
#184 = CARTESIAN_POINT('',(5.857139434353,-2.236901112349E-03));
#185 = ( GEOMETRIC_REPRESENTATION_CONTEXT(2) 
PARAMETRIC_REPRESENTATION_CONTEXT() REPRESENTATION_CONTEXT('2D SPACE',''
  ) );
#186 = ORIENTED_EDGE('',*,*,#187,.F.);
#187 = EDGE_CURVE('',#100,#160,#188,.T.);
#188 = SURFACE_CURVE('',#189,(#192,#198),.PCURVE_S1.);
#189 = B_SPLINE_CURVE_WITH_KNOTS('',1,(#190,#191),.UNSPECIFIED.,.F.,.F.,
  (2,2),(0.,1.893400776149E-03),.PIECEWISE_BEZIER_KNOTS.);
#190 = CARTESIAN_POINT('',(12.377273223936,4.948940042074,9.967092117918
    ));
#191 = CARTESIAN_POINT('',(13.758361157885,6.244147599889,9.967092117918
    ));
#192 = PCURVE('',#109,#193);
#193 = DEFINITIONAL_REPRESENTATION('',(#194),#197);
#194 = B_SPLINE_CURVE_WITH_KNOTS('',1,(#195,#196),.UNSPECIFIED.,.F.,.F.,
  (2,2),(0.,1.893400776149E-03),.PIECEWISE_BEZIER_KNOTS.);
#195 = CARTESIAN_POINT('',(0.,0.));
#196 = CARTESIAN_POINT('',(1.893400776149E-03,0.));
#197 = ( GEOMETRIC_REPRESENTATION_CONTEXT(2) 
PARAMETRIC_REPRESENTATION_CONTEXT() REPRESENTATION_CONTEXT('2D SPACE',''
  ) );
#198 = PCURVE('',#199,#204);
#199 = B_SPLINE_SURFACE_WITH_KNOTS('',1,1,(
    (#200,#201)
    ,(#202,#203
    )),.UNSPECIFIED.,.F.,.F.,.F.,(2,2),(2,2),(-1.242775344402E-03,
    1.488951431662E-03),(-2.99933038317E-03,3.24481721672E-03),
  .PIECEWISE_BEZIER_KNOTS.);
#200 = CARTESIAN_POINT('',(15.109,8.673617379884E-16,9.967092117918));
#201 = CARTESIAN_POINT('',(15.109,6.244147599889,9.967092117918));
#202 = CARTESIAN_POINT('',(12.377273223936,8.673617379884E-16,
    9.967092117918));
#203 = CARTESIAN_POINT('',(12.377273223936,6.244147599889,9.967092117918
    ));
#204 = DEFINITIONAL_REPRESENTATION('',(#205),#208);
#205 = B_SPLINE_CURVE_WITH_KNOTS('',1,(#206,#207),.UNSPECIFIED.,.F.,.F.,
  (2,2),(0.,1.893400776149E-03),.PIECEWISE_BEZIER_KNOTS.);
#206 = CARTESIAN_POINT('',(1.488951431662E-03,1.949609658904E-03));
#207 = CARTESIAN_POINT('',(1.078634977129E-04,3.24481721672E-03));
#208 = ( GEOMETRIC_REPRESENTATION_CONTEXT(2) 
PARAMETRIC_REPRESENTATION_CONTEXT() REPRESENTATION_CONTEXT('2D SPACE',''
  ) );
#209 = ADVANCED_FACE('',(#210),#173,.T.);
#210 = FACE_BOUND('',#211,.T.);
#211 = EDGE_LOOP('',(#212,#213,#236,#262));
#212 = ORIENTED_EDGE('',*,*,#159,.T.);
#213 = ORIENTED_EDGE('',*,*,#214,.T.);
#214 = EDGE_CURVE('',#135,#215,#217,.T.);
#215 = VERTEX_POINT('',#216);
#216 = CARTESIAN_POINT('',(15.109,5.441513944211E-16,12.203993230268));
#217 = SURFACE_CURVE('',#218,(#222,#229),.PCURVE_S1.);
#218 = ( BOUNDED_CURVE() B_SPLINE_CURVE(2,(#219,#220,#221),
.UNSPECIFIED.,.F.,.F.) B_SPLINE_CURVE_WITH_KNOTS((3,3),(5.857139434353,
6.28318530718),.PIECEWISE_BEZIER_KNOTS.) CURVE() 
GEOMETRIC_REPRESENTATION_ITEM() RATIONAL_B_SPLINE_CURVE((1.,
0.977396285971,1.)) REPRESENTATION_ITEM('') );
#219 = CARTESIAN_POINT('',(13.758361157885,6.244147599889,
    12.203993230268));
#220 = CARTESIAN_POINT('',(15.109,3.268148604604,12.203993230268));
#221 = CARTESIAN_POINT('',(15.109,3.700637697663E-15,12.203993230268));
#222 = PCURVE('',#173,#223);
#223 = DEFINITIONAL_REPRESENTATION('',(#224),#228);
#224 = B_SPLINE_CURVE_WITH_KNOTS('',2,(#225,#226,#227),.UNSPECIFIED.,.F.
  ,.F.,(3,3),(5.857139434353,6.28318530718),.PIECEWISE_BEZIER_KNOTS.);
#225 = CARTESIAN_POINT('',(5.857139434353,-2.236901112349E-03));
#226 = CARTESIAN_POINT('',(6.070162370766,-2.236901112349E-03));
#227 = CARTESIAN_POINT('',(6.28318530718,-2.236901112349E-03));
#228 = ( GEOMETRIC_REPRESENTATION_CONTEXT(2) 
PARAMETRIC_REPRESENTATION_CONTEXT() REPRESENTATION_CONTEXT('2D SPACE',''
  ) );
#229 = PCURVE('',#148,#230);
#230 = DEFINITIONAL_REPRESENTATION('',(#231),#235);
#231 = ( BOUNDED_CURVE() B_SPLINE_CURVE(2,(#232,#233,#234),
.UNSPECIFIED.,.F.,.F.) B_SPLINE_CURVE_WITH_KNOTS((3,3),(5.857139434353,
6.28318530718),.PIECEWISE_BEZIER_KNOTS.) CURVE() 
GEOMETRIC_REPRESENTATION_ITEM() RATIONAL_B_SPLINE_CURVE((1.,
0.977396285971,1.)) REPRESENTATION_ITEM('') );
#232 = CARTESIAN_POINT('',(1.078634977129E-04,3.24481721672E-03));
#233 = CARTESIAN_POINT('',(-1.242775344402E-03,2.688182214338E-04));
#234 = CARTESIAN_POINT('',(-1.242775344402E-03,-2.99933038317E-03));
#235 = ( GEOMETRIC_REPRESENTATION_CONTEXT(2) 
PARAMETRIC_REPRESENTATION_CONTEXT() REPRESENTATION_CONTEXT('2D SPACE',''
  ) );
#236 = ORIENTED_EDGE('',*,*,#237,.F.);
#237 = EDGE_CURVE('',#238,#215,#240,.T.);
#238 = VERTEX_POINT('',#239);
#239 = CARTESIAN_POINT('',(15.109,8.162270916317E-16,9.967092117918));
#240 = SURFACE_CURVE('',#241,(#244,#251),.PCURVE_S1.);
#241 = B_SPLINE_CURVE_WITH_KNOTS('',1,(#242,#243),.UNSPECIFIED.,.F.,.F.,
  (2,2),(0.,2.236901112349E-03),.PIECEWISE_BEZIER_KNOTS.);
#242 = CARTESIAN_POINT('',(15.109,8.162270916317E-16,9.967092117918));
#243 = CARTESIAN_POINT('',(15.109,8.162270916317E-16,12.203993230268));
#244 = PCURVE('',#173,#245);
#245 = DEFINITIONAL_REPRESENTATION('',(#246),#250);
#246 = B_SPLINE_CURVE_WITH_KNOTS('',2,(#247,#248,#249),.UNSPECIFIED.,.F.
  ,.F.,(3,3),(0.,2.236901112349E-03),.PIECEWISE_BEZIER_KNOTS.);
#247 = CARTESIAN_POINT('',(6.28318530718,0.));
#248 = CARTESIAN_POINT('',(6.28318530718,-1.118450556175E-03));
#249 = CARTESIAN_POINT('',(6.28318530718,-2.236901112349E-03));
#250 = ( GEOMETRIC_REPRESENTATION_CONTEXT(2) 
PARAMETRIC_REPRESENTATION_CONTEXT() REPRESENTATION_CONTEXT('2D SPACE',''
  ) );
#251 = PCURVE('',#252,#257);
#252 = B_SPLINE_SURFACE_WITH_KNOTS('',1,1,(
    (#253,#254)
    ,(#255,#256
    )),.UNSPECIFIED.,.F.,.F.,.F.,(2,2),(2,2),(0.,1.893400776149E-03),(
    -2.236901112349E-03,0.),.PIECEWISE_BEZIER_KNOTS.);
#253 = CARTESIAN_POINT('',(15.109,8.162270916317E-16,12.203993230268));
#254 = CARTESIAN_POINT('',(15.109,8.162270916317E-16,9.967092117918));
#255 = CARTESIAN_POINT('',(13.31609684628,0.608658180346,12.203993230268
    ));
#256 = CARTESIAN_POINT('',(13.31609684628,0.608658180346,9.967092117918)
  );
#257 = DEFINITIONAL_REPRESENTATION('',(#258),#261);
#258 = B_SPLINE_CURVE_WITH_KNOTS('',1,(#259,#260),.UNSPECIFIED.,.F.,.F.,
  (2,2),(0.,2.236901112349E-03),.PIECEWISE_BEZIER_KNOTS.);
#259 = CARTESIAN_POINT('',(0.,0.));
#260 = CARTESIAN_POINT('',(0.,-2.236901112349E-03));
#261 = ( GEOMETRIC_REPRESENTATION_CONTEXT(2) 
PARAMETRIC_REPRESENTATION_CONTEXT() REPRESENTATION_CONTEXT('2D SPACE',''
  ) );
#262 = ORIENTED_EDGE('',*,*,#263,.F.);
#263 = EDGE_CURVE('',#160,#238,#264,.T.);
#264 = SURFACE_CURVE('',#265,(#269,#276),.PCURVE_S1.);
#265 = ( BOUNDED_CURVE() B_SPLINE_CURVE(2,(#266,#267,#268),
.UNSPECIFIED.,.F.,.F.) B_SPLINE_CURVE_WITH_KNOTS((3,3),(5.857139434353,
6.28318530718),.PIECEWISE_BEZIER_KNOTS.) CURVE() 
GEOMETRIC_REPRESENTATION_ITEM() RATIONAL_B_SPLINE_CURVE((1.,
0.977396285971,1.)) REPRESENTATION_ITEM('') );
#266 = CARTESIAN_POINT('',(13.758361157885,6.244147599889,9.967092117918
    ));
#267 = CARTESIAN_POINT('',(15.109,3.268148604604,9.967092117918));
#268 = CARTESIAN_POINT('',(15.109,3.700637697663E-15,9.967092117918));
#269 = PCURVE('',#173,#270);
#270 = DEFINITIONAL_REPRESENTATION('',(#271),#275);
#271 = B_SPLINE_CURVE_WITH_KNOTS('',2,(#272,#273,#274),.UNSPECIFIED.,.F.
  ,.F.,(3,3),(5.857139434353,6.28318530718),.PIECEWISE_BEZIER_KNOTS.);
#272 = CARTESIAN_POINT('',(5.857139434353,0.));
#273 = CARTESIAN_POINT('',(6.070162370766,0.));
#274 = CARTESIAN_POINT('',(6.28318530718,0.));
#275 = ( GEOMETRIC_REPRESENTATION_CONTEXT(2) 
PARAMETRIC_REPRESENTATION_CONTEXT() REPRESENTATION_CONTEXT('2D SPACE',''
  ) );
#276 = PCURVE('',#199,#277);
#277 = DEFINITIONAL_REPRESENTATION('',(#278),#282);
#278 = ( BOUNDED_CURVE() B_SPLINE_CURVE(2,(#279,#280,#281),
.UNSPECIFIED.,.F.,.F.) B_SPLINE_CURVE_WITH_KNOTS((3,3),(5.857139434353,
6.28318530718),.PIECEWISE_BEZIER_KNOTS.) CURVE() 
GEOMETRIC_REPRESENTATION_ITEM() RATIONAL_B_SPLINE_CURVE((1.,
0.977396285971,1.)) REPRESENTATION_ITEM('') );
#279 = CARTESIAN_POINT('',(1.078634977129E-04,3.24481721672E-03));
#280 = CARTESIAN_POINT('',(-1.242775344402E-03,2.688182214338E-04));
#281 = CARTESIAN_POINT('',(-1.242775344402E-03,-2.99933038317E-03));
#282 = ( GEOMETRIC_REPRESENTATION_CONTEXT(2) 
PARAMETRIC_REPRESENTATION_CONTEXT() REPRESENTATION_CONTEXT('2D SPACE',''
  ) );
#283 = ADVANCED_FACE('',(#284),#252,.T.);
#284 = FACE_BOUND('',#285,.T.);
#285 = EDGE_LOOP('',(#286,#287,#307,#328));
#286 = ORIENTED_EDGE('',*,*,#237,.T.);
#287 = ORIENTED_EDGE('',*,*,#288,.T.);
#288 = EDGE_CURVE('',#215,#289,#291,.T.);
#289 = VERTEX_POINT('',#290);
#290 = CARTESIAN_POINT('',(13.31609684628,0.608658180346,12.203993230268
    ));
#291 = SURFACE_CURVE('',#292,(#295,#301),.PCURVE_S1.);
#292 = B_SPLINE_CURVE_WITH_KNOTS('',1,(#293,#294),.UNSPECIFIED.,.F.,.F.,
  (2,2),(0.,1.893400776149E-03),.PIECEWISE_BEZIER_KNOTS.);
#293 = CARTESIAN_POINT('',(15.109,8.162270916317E-16,12.203993230268));
#294 = CARTESIAN_POINT('',(13.31609684628,0.608658180346,12.203993230268
    ));
#295 = PCURVE('',#252,#296);
#296 = DEFINITIONAL_REPRESENTATION('',(#297),#300);
#297 = B_SPLINE_CURVE_WITH_KNOTS('',1,(#298,#299),.UNSPECIFIED.,.F.,.F.,
  (2,2),(0.,1.893400776149E-03),.PIECEWISE_BEZIER_KNOTS.);
#298 = CARTESIAN_POINT('',(0.,-2.236901112349E-03));
#299 = CARTESIAN_POINT('',(1.893400776149E-03,-2.236901112349E-03));
#300 = ( GEOMETRIC_REPRESENTATION_CONTEXT(2) 
PARAMETRIC_REPRESENTATION_CONTEXT() REPRESENTATION_CONTEXT('2D SPACE',''
  ) );
#301 = PCURVE('',#148,#302);
#302 = DEFINITIONAL_REPRESENTATION('',(#303),#306);
#303 = B_SPLINE_CURVE_WITH_KNOTS('',1,(#304,#305),.UNSPECIFIED.,.F.,.F.,
  (2,2),(0.,1.893400776149E-03),.PIECEWISE_BEZIER_KNOTS.);
#304 = CARTESIAN_POINT('',(-1.242775344402E-03,-2.99933038317E-03));
#305 = CARTESIAN_POINT('',(5.501278093181E-04,-2.390672202824E-03));
#306 = ( GEOMETRIC_REPRESENTATION_CONTEXT(2) 
PARAMETRIC_REPRESENTATION_CONTEXT() REPRESENTATION_CONTEXT('2D SPACE',''
  ) );
#307 = ORIENTED_EDGE('',*,*,#308,.F.);
#308 = EDGE_CURVE('',#309,#289,#311,.T.);
#309 = VERTEX_POINT('',#310);
#310 = CARTESIAN_POINT('',(13.31609684628,0.608658180346,9.967092117918)
  );
#311 = SURFACE_CURVE('',#312,(#315,#321),.PCURVE_S1.);
#312 = B_SPLINE_CURVE_WITH_KNOTS('',1,(#313,#314),.UNSPECIFIED.,.F.,.F.,
  (2,2),(0.,2.236901112349E-03),.PIECEWISE_BEZIER_KNOTS.);
#313 = CARTESIAN_POINT('',(13.31609684628,0.608658180346,9.967092117918)
  );
#314 = CARTESIAN_POINT('',(13.31609684628,0.608658180346,12.203993230268
    ));
#315 = PCURVE('',#252,#316);
#316 = DEFINITIONAL_REPRESENTATION('',(#317),#320);
#317 = B_SPLINE_CURVE_WITH_KNOTS('',1,(#318,#319),.UNSPECIFIED.,.F.,.F.,
  (2,2),(0.,2.236901112349E-03),.PIECEWISE_BEZIER_KNOTS.);
#318 = CARTESIAN_POINT('',(1.893400776149E-03,0.));
#319 = CARTESIAN_POINT('',(1.893400776149E-03,-2.236901112349E-03));
#320 = ( GEOMETRIC_REPRESENTATION_CONTEXT(2) 
PARAMETRIC_REPRESENTATION_CONTEXT() REPRESENTATION_CONTEXT('2D SPACE',''
  ) );
#321 = PCURVE('',#120,#322);
#322 = DEFINITIONAL_REPRESENTATION('',(#323),#327);
#323 = B_SPLINE_CURVE_WITH_KNOTS('',2,(#324,#325,#326),.UNSPECIFIED.,.F.
  ,.F.,(3,3),(0.,2.236901112349E-03),.PIECEWISE_BEZIER_KNOTS.);
#324 = CARTESIAN_POINT('',(3.187269313626,0.));
#325 = CARTESIAN_POINT('',(3.187269313626,-1.118450556175E-03));
#326 = CARTESIAN_POINT('',(3.187269313626,-2.236901112349E-03));
#327 = ( GEOMETRIC_REPRESENTATION_CONTEXT(2) 
PARAMETRIC_REPRESENTATION_CONTEXT() REPRESENTATION_CONTEXT('2D SPACE',''
  ) );
#328 = ORIENTED_EDGE('',*,*,#329,.F.);
#329 = EDGE_CURVE('',#238,#309,#330,.T.);
#330 = SURFACE_CURVE('',#331,(#334,#340),.PCURVE_S1.);
#331 = B_SPLINE_CURVE_WITH_KNOTS('',1,(#332,#333),.UNSPECIFIED.,.F.,.F.,
  (2,2),(0.,1.893400776149E-03),.PIECEWISE_BEZIER_KNOTS.);
#332 = CARTESIAN_POINT('',(15.109,8.162270916317E-16,9.967092117918));
#333 = CARTESIAN_POINT('',(13.31609684628,0.608658180346,9.967092117918)
  );
#334 = PCURVE('',#252,#335);
#335 = DEFINITIONAL_REPRESENTATION('',(#336),#339);
#336 = B_SPLINE_CURVE_WITH_KNOTS('',1,(#337,#338),.UNSPECIFIED.,.F.,.F.,
  (2,2),(0.,1.893400776149E-03),.PIECEWISE_BEZIER_KNOTS.);
#337 = CARTESIAN_POINT('',(0.,0.));
#338 = CARTESIAN_POINT('',(1.893400776149E-03,0.));
#339 = ( GEOMETRIC_REPRESENTATION_CONTEXT(2) 
PARAMETRIC_REPRESENTATION_CONTEXT() REPRESENTATION_CONTEXT('2D SPACE',''
  ) );
#340 = PCURVE('',#199,#341);
#341 = DEFINITIONAL_REPRESENTATION('',(#342),#345);
#342 = B_SPLINE_CURVE_WITH_KNOTS('',1,(#343,#344),.UNSPECIFIED.,.F.,.F.,
  (2,2),(0.,1.893400776149E-03),.PIECEWISE_BEZIER_KNOTS.);
#343 = CARTESIAN_POINT('',(-1.242775344402E-03,-2.99933038317E-03));
#344 = CARTESIAN_POINT('',(5.501278093181E-04,-2.390672202824E-03));
#345 = ( GEOMETRIC_REPRESENTATION_CONTEXT(2) 
PARAMETRIC_REPRESENTATION_CONTEXT() REPRESENTATION_CONTEXT('2D SPACE',''
  ) );
#346 = ADVANCED_FACE('',(#347),#120,.T.);
#347 = FACE_BOUND('',#348,.T.);
#348 = EDGE_LOOP('',(#349,#350,#371,#372));
#349 = ORIENTED_EDGE('',*,*,#308,.T.);
#350 = ORIENTED_EDGE('',*,*,#351,.T.);
#351 = EDGE_CURVE('',#289,#102,#352,.T.);
#352 = SURFACE_CURVE('',#353,(#357,#364),.PCURVE_S1.);
#353 = ( BOUNDED_CURVE() B_SPLINE_CURVE(2,(#354,#355,#356),
.UNSPECIFIED.,.F.,.F.) B_SPLINE_CURVE_WITH_KNOTS((3,3),(3.187269313626,
3.52196186638),.PIECEWISE_BEZIER_KNOTS.) CURVE() 
GEOMETRIC_REPRESENTATION_ITEM() RATIONAL_B_SPLINE_CURVE((1.,
0.986030259214,1.)) REPRESENTATION_ITEM('') );
#354 = CARTESIAN_POINT('',(13.31609684628,0.608658180346,12.203993230268
    ));
#355 = CARTESIAN_POINT('',(13.213278568532,2.858095037129,
    12.203993230268));
#356 = CARTESIAN_POINT('',(12.377273223936,4.948940042074,
    12.203993230268));
#357 = PCURVE('',#120,#358);
#358 = DEFINITIONAL_REPRESENTATION('',(#359),#363);
#359 = B_SPLINE_CURVE_WITH_KNOTS('',2,(#360,#361,#362),.UNSPECIFIED.,.F.
  ,.F.,(3,3),(3.187269313626,3.52196186638),.PIECEWISE_BEZIER_KNOTS.);
#360 = CARTESIAN_POINT('',(3.187269313626,-2.236901112349E-03));
#361 = CARTESIAN_POINT('',(3.354615590003,-2.236901112349E-03));
#362 = CARTESIAN_POINT('',(3.52196186638,-2.236901112349E-03));
#363 = ( GEOMETRIC_REPRESENTATION_CONTEXT(2) 
PARAMETRIC_REPRESENTATION_CONTEXT() REPRESENTATION_CONTEXT('2D SPACE',''
  ) );
#364 = PCURVE('',#148,#365);
#365 = DEFINITIONAL_REPRESENTATION('',(#366),#370);
#366 = ( BOUNDED_CURVE() B_SPLINE_CURVE(2,(#367,#368,#369),
.UNSPECIFIED.,.F.,.F.) B_SPLINE_CURVE_WITH_KNOTS((3,3),(3.187269313626,
3.52196186638),.PIECEWISE_BEZIER_KNOTS.) CURVE() 
GEOMETRIC_REPRESENTATION_ITEM() RATIONAL_B_SPLINE_CURVE((1.,
0.986030259214,1.)) REPRESENTATION_ITEM('') );
#367 = CARTESIAN_POINT('',(5.501278093181E-04,-2.390672202824E-03));
#368 = CARTESIAN_POINT('',(6.529460870656E-04,-1.412353460404E-04));
#369 = CARTESIAN_POINT('',(1.488951431662E-03,1.949609658904E-03));
#370 = ( GEOMETRIC_REPRESENTATION_CONTEXT(2) 
PARAMETRIC_REPRESENTATION_CONTEXT() REPRESENTATION_CONTEXT('2D SPACE',''
  ) );
#371 = ORIENTED_EDGE('',*,*,#99,.F.);
#372 = ORIENTED_EDGE('',*,*,#373,.F.);
#373 = EDGE_CURVE('',#309,#100,#374,.T.);
#374 = SURFACE_CURVE('',#375,(#379,#386),.PCURVE_S1.);
#375 = ( BOUNDED_CURVE() B_SPLINE_CURVE(2,(#376,#377,#378),
.UNSPECIFIED.,.F.,.F.) B_SPLINE_CURVE_WITH_KNOTS((3,3),(3.187269313626,
3.52196186638),.PIECEWISE_BEZIER_KNOTS.) CURVE() 
GEOMETRIC_REPRESENTATION_ITEM() RATIONAL_B_SPLINE_CURVE((1.,
0.986030259214,1.)) REPRESENTATION_ITEM('') );
#376 = CARTESIAN_POINT('',(13.31609684628,0.608658180346,9.967092117918)
  );
#377 = CARTESIAN_POINT('',(13.213278568532,2.858095037129,9.967092117918
    ));
#378 = CARTESIAN_POINT('',(12.377273223936,4.948940042074,9.967092117918
    ));
#379 = PCURVE('',#120,#380);
#380 = DEFINITIONAL_REPRESENTATION('',(#381),#385);
#381 = B_SPLINE_CURVE_WITH_KNOTS('',2,(#382,#383,#384),.UNSPECIFIED.,.F.
  ,.F.,(3,3),(3.187269313626,3.52196186638),.PIECEWISE_BEZIER_KNOTS.);
#382 = CARTESIAN_POINT('',(3.187269313626,0.));
#383 = CARTESIAN_POINT('',(3.354615590003,0.));
#384 = CARTESIAN_POINT('',(3.52196186638,0.));
#385 = ( GEOMETRIC_REPRESENTATION_CONTEXT(2) 
PARAMETRIC_REPRESENTATION_CONTEXT() REPRESENTATION_CONTEXT('2D SPACE',''
  ) );
#386 = PCURVE('',#199,#387);
#387 = DEFINITIONAL_REPRESENTATION('',(#388),#392);
#388 = ( BOUNDED_CURVE() B_SPLINE_CURVE(2,(#389,#390,#391),
.UNSPECIFIED.,.F.,.F.) B_SPLINE_CURVE_WITH_KNOTS((3,3),(3.187269313626,
3.52196186638),.PIECEWISE_BEZIER_KNOTS.) CURVE() 
GEOMETRIC_REPRESENTATION_ITEM() RATIONAL_B_SPLINE_CURVE((1.,
0.986030259214,1.)) REPRESENTATION_ITEM('') );
#389 = CARTESIAN_POINT('',(5.501278093181E-04,-2.390672202824E-03));
#390 = CARTESIAN_POINT('',(6.529460870656E-04,-1.412353460404E-04));
#391 = CARTESIAN_POINT('',(1.488951431662E-03,1.949609658904E-03));
#392 = ( GEOMETRIC_REPRESENTATION_CONTEXT(2) 
PARAMETRIC_REPRESENTATION_CONTEXT() REPRESENTATION_CONTEXT('2D SPACE',''
  ) );
#393 = ADVANCED_FACE('',(#394),#199,.T.);
#394 = FACE_BOUND('',#395,.T.);
#395 = EDGE_LOOP('',(#396,#397,#398,#399));
#396 = ORIENTED_EDGE('',*,*,#187,.T.);
#397 = ORIENTED_EDGE('',*,*,#263,.T.);
#398 = ORIENTED_EDGE('',*,*,#329,.T.);
#399 = ORIENTED_EDGE('',*,*,#373,.T.);
#400 = ADVANCED_FACE('',(#401),#148,.F.);
#401 = FACE_BOUND('',#402,.F.);
#402 = EDGE_LOOP('',(#403,#404,#405,#406));
#403 = ORIENTED_EDGE('',*,*,#134,.T.);
#404 = ORIENTED_EDGE('',*,*,#214,.T.);
#405 = ORIENTED_EDGE('',*,*,#288,.T.);
#406 = ORIENTED_EDGE('',*,*,#351,.T.);
#407 = ( GEOMETRIC_REPRESENTATION_CONTEXT(3) 
GLOBAL_UNCERTAINTY_ASSIGNED_CONTEXT((#411)) GLOBAL_UNIT_ASSIGNED_CONTEXT
((#408,#409,#410)) REPRESENTATION_CONTEXT('Context #1',
  '3D Context with UNIT and UNCERTAINTY') );
#408 = ( LENGTH_UNIT() NAMED_UNIT(*) SI_UNIT(.MILLI.,.METRE.) );
#409 = ( NAMED_UNIT(*) PLANE_ANGLE_UNIT() SI_UNIT($,.RADIAN.) );
#410 = ( NAMED_UNIT(*) SI_UNIT($,.STERADIAN.) SOLID_ANGLE_UNIT() );
#411 = UNCERTAINTY_MEASURE_WITH_UNIT(LENGTH_MEASURE(1.E-04),#408,
  'distance_accuracy_value','confusion accuracy');
#412 = CONTEXT_DEPENDENT_SHAPE_REPRESENTATION(#413,#415);
#413 = ( REPRESENTATION_RELATIONSHIP('','',#92,#10) 
REPRESENTATION_RELATIONSHIP_WITH_TRANSFORMATION(#414) 
SHAPE_REPRESENTATION_RELATIONSHIP() );
#414 = ITEM_DEFINED_TRANSFORMATION('','',#11,#15);
#415 = PRODUCT_DEFINITION_SHAPE('Placement','Placement of an item',#416
  );
#416 = NEXT_ASSEMBLY_USAGE_OCCURRENCE('43','','',#5,#87,$);
#417 = PRODUCT_RELATED_PRODUCT_CATEGORY('part',$,(#89));
#418 = SHAPE_DEFINITION_REPRESENTATION(#419,#425);
#419 = PRODUCT_DEFINITION_SHAPE('','',#420);
#420 = PRODUCT_DEFINITION('design','',#421,#424);
#421 = PRODUCT_DEFINITION_FORMATION('','',#422);
#422 = PRODUCT('Open CASCADE STEP translator 7.7 2.2',
  'Open CASCADE STEP translator 7.7 2.2','',(#423));
#423 = PRODUCT_CONTEXT('',#2,'mechanical');
#424 = PRODUCT_DEFINITION_CONTEXT('part definition',#2,'design');
#425 = ADVANCED_BREP_SHAPE_REPRESENTATION('',(#11,#426),#740);
#426 = MANIFOLD_SOLID_BREP('',#427);
#427 = CLOSED_SHELL('',(#428,#542,#616,#679,#726,#733));
#428 = ADVANCED_FACE('',(#429),#442,.T.);
#429 = FACE_BOUND('',#430,.T.);
#430 = EDGE_LOOP('',(#431,#466,#491,#519));
#431 = ORIENTED_EDGE('',*,*,#432,.T.);
#432 = EDGE_CURVE('',#433,#435,#437,.T.);
#433 = VERTEX_POINT('',#434);
#434 = CARTESIAN_POINT('',(12.377273223936,4.948940042074,9.967092117918
    ));
#435 = VERTEX_POINT('',#436);
#436 = CARTESIAN_POINT('',(12.377273223936,4.948940042074,
    12.203993230268));
#437 = SURFACE_CURVE('',#438,(#441,#452),.PCURVE_S1.);
#438 = B_SPLINE_CURVE_WITH_KNOTS('',1,(#439,#440),.UNSPECIFIED.,.F.,.F.,
  (2,2),(0.,2.236901112349E-03),.PIECEWISE_BEZIER_KNOTS.);
#439 = CARTESIAN_POINT('',(12.377273223936,4.948940042074,9.967092117918
    ));
#440 = CARTESIAN_POINT('',(12.377273223936,4.948940042074,
    12.203993230268));
#441 = PCURVE('',#442,#447);
#442 = B_SPLINE_SURFACE_WITH_KNOTS('',1,1,(
    (#443,#444)
    ,(#445,#446
    )),.UNSPECIFIED.,.F.,.F.,.F.,(2,2),(2,2),(0.,1.893400776149E-03),(
    -2.236901112349E-03,0.),.PIECEWISE_BEZIER_KNOTS.);
#443 = CARTESIAN_POINT('',(12.377273223936,4.948940042074,
    12.203993230268));
#444 = CARTESIAN_POINT('',(12.377273223936,4.948940042074,9.967092117918
    ));
#445 = CARTESIAN_POINT('',(13.758361157885,6.244147599889,
    12.203993230268));
#446 = CARTESIAN_POINT('',(13.758361157885,6.244147599889,9.967092117918
    ));
#447 = DEFINITIONAL_REPRESENTATION('',(#448),#451);
#448 = B_SPLINE_CURVE_WITH_KNOTS('',1,(#449,#450),.UNSPECIFIED.,.F.,.F.,
  (2,2),(0.,2.236901112349E-03),.PIECEWISE_BEZIER_KNOTS.);
#449 = CARTESIAN_POINT('',(0.,0.));
#450 = CARTESIAN_POINT('',(0.,-2.236901112349E-03));
#451 = ( GEOMETRIC_REPRESENTATION_CONTEXT(2) 
PARAMETRIC_REPRESENTATION_CONTEXT() REPRESENTATION_CONTEXT('2D SPACE',''
  ) );
#452 = PCURVE('',#453,#460);
#453 = ( BOUNDED_SURFACE() B_SPLINE_SURFACE(2,1,(
    (#454,#455)
    ,(#456,#457)
,(#458,#459
    )),.UNSPECIFIED.,.F.,.F.,.F.) B_SPLINE_SURFACE_WITH_KNOTS((3,3),(2,2
    ),(3.187269313626,3.52196186638),(-2.236901112349E-03,0.),
.PIECEWISE_BEZIER_KNOTS.) GEOMETRIC_REPRESENTATION_ITEM() 
RATIONAL_B_SPLINE_SURFACE((
    (1.,1.)
    ,(0.986030259214,0.986030259214)
,(1.,1.))) REPRESENTATION_ITEM('') SURFACE() );
#454 = CARTESIAN_POINT('',(13.31609684628,0.608658180346,12.203993230268
    ));
#455 = CARTESIAN_POINT('',(13.31609684628,0.608658180346,9.967092117918)
  );
#456 = CARTESIAN_POINT('',(13.213278568532,2.858095037129,
    12.203993230268));
#457 = CARTESIAN_POINT('',(13.213278568532,2.858095037129,9.967092117918
    ));
#458 = CARTESIAN_POINT('',(12.377273223936,4.948940042074,
    12.203993230268));
#459 = CARTESIAN_POINT('',(12.377273223936,4.948940042074,9.967092117918
    ));
#460 = DEFINITIONAL_REPRESENTATION('',(#461),#465);
#461 = B_SPLINE_CURVE_WITH_KNOTS('',2,(#462,#463,#464),.UNSPECIFIED.,.F.
  ,.F.,(3,3),(0.,2.236901112349E-03),.PIECEWISE_BEZIER_KNOTS.);
#462 = CARTESIAN_POINT('',(3.52196186638,0.));
#463 = CARTESIAN_POINT('',(3.52196186638,-1.118450556175E-03));
#464 = CARTESIAN_POINT('',(3.52196186638,-2.236901112349E-03));
#465 = ( GEOMETRIC_REPRESENTATION_CONTEXT(2) 
PARAMETRIC_REPRESENTATION_CONTEXT() REPRESENTATION_CONTEXT('2D SPACE',''
  ) );
#466 = ORIENTED_EDGE('',*,*,#467,.T.);
#467 = EDGE_CURVE('',#435,#468,#470,.T.);
#468 = VERTEX_POINT('',#469);
#469 = CARTESIAN_POINT('',(13.758361157885,6.244147599889,
    12.203993230268));
#470 = SURFACE_CURVE('',#471,(#474,#480),.PCURVE_S1.);
#471 = B_SPLINE_CURVE_WITH_KNOTS('',1,(#472,#473),.UNSPECIFIED.,.F.,.F.,
  (2,2),(0.,1.893400776149E-03),.PIECEWISE_BEZIER_KNOTS.);
#472 = CARTESIAN_POINT('',(12.377273223936,4.948940042074,
    12.203993230268));
#473 = CARTESIAN_POINT('',(13.758361157885,6.244147599889,
    12.203993230268));
#474 = PCURVE('',#442,#475);
#475 = DEFINITIONAL_REPRESENTATION('',(#476),#479);
#476 = B_SPLINE_CURVE_WITH_KNOTS('',1,(#477,#478),.UNSPECIFIED.,.F.,.F.,
  (2,2),(0.,1.893400776149E-03),.PIECEWISE_BEZIER_KNOTS.);
#477 = CARTESIAN_POINT('',(0.,-2.236901112349E-03));
#478 = CARTESIAN_POINT('',(1.893400776149E-03,-2.236901112349E-03));
#479 = ( GEOMETRIC_REPRESENTATION_CONTEXT(2) 
PARAMETRIC_REPRESENTATION_CONTEXT() REPRESENTATION_CONTEXT('2D SPACE',''
  ) );
#480 = PCURVE('',#481,#486);
#481 = B_SPLINE_SURFACE_WITH_KNOTS('',1,1,(
    (#482,#483)
    ,(#484,#485
    )),.UNSPECIFIED.,.F.,.F.,.F.,(2,2),(2,2),(-1.242775344402E-03,
    1.488951431662E-03),(-2.99933038317E-03,3.24481721672E-03),
  .PIECEWISE_BEZIER_KNOTS.);
#482 = CARTESIAN_POINT('',(15.109,0.,12.203993230268));
#483 = CARTESIAN_POINT('',(15.109,6.244147599889,12.203993230268));
#484 = CARTESIAN_POINT('',(12.377273223936,8.881784197001E-16,
    12.203993230268));
#485 = CARTESIAN_POINT('',(12.377273223936,6.244147599889,
    12.203993230268));
#486 = DEFINITIONAL_REPRESENTATION('',(#487),#490);
#487 = B_SPLINE_CURVE_WITH_KNOTS('',1,(#488,#489),.UNSPECIFIED.,.F.,.F.,
  (2,2),(0.,1.893400776149E-03),.PIECEWISE_BEZIER_KNOTS.);
#488 = CARTESIAN_POINT('',(1.488951431662E-03,1.949609658904E-03));
#489 = CARTESIAN_POINT('',(1.078634977129E-04,3.24481721672E-03));
#490 = ( GEOMETRIC_REPRESENTATION_CONTEXT(2) 
PARAMETRIC_REPRESENTATION_CONTEXT() REPRESENTATION_CONTEXT('2D SPACE',''
  ) );
#491 = ORIENTED_EDGE('',*,*,#492,.F.);
#492 = EDGE_CURVE('',#493,#468,#495,.T.);
#493 = VERTEX_POINT('',#494);
#494 = CARTESIAN_POINT('',(13.758361157885,6.244147599889,9.967092117918
    ));
#495 = SURFACE_CURVE('',#496,(#499,#505),.PCURVE_S1.);
#496 = B_SPLINE_CURVE_WITH_KNOTS('',1,(#497,#498),.UNSPECIFIED.,.F.,.F.,
  (2,2),(0.,2.236901112349E-03),.PIECEWISE_BEZIER_KNOTS.);
#497 = CARTESIAN_POINT('',(13.758361157885,6.244147599889,9.967092117918
    ));
#498 = CARTESIAN_POINT('',(13.758361157885,6.244147599889,
    12.203993230268));
#499 = PCURVE('',#442,#500);
#500 = DEFINITIONAL_REPRESENTATION('',(#501),#504);
#501 = B_SPLINE_CURVE_WITH_KNOTS('',1,(#502,#503),.UNSPECIFIED.,.F.,.F.,
  (2,2),(0.,2.236901112349E-03),.PIECEWISE_BEZIER_KNOTS.);
#502 = CARTESIAN_POINT('',(1.893400776149E-03,0.));
#503 = CARTESIAN_POINT('',(1.893400776149E-03,-2.236901112349E-03));
#504 = ( GEOMETRIC_REPRESENTATION_CONTEXT(2) 
PARAMETRIC_REPRESENTATION_CONTEXT() REPRESENTATION_CONTEXT('2D SPACE',''
  ) );
#505 = PCURVE('',#506,#513);
#506 = ( BOUNDED_SURFACE() B_SPLINE_SURFACE(2,1,(
    (#507,#508)
    ,(#509,#510)
,(#511,#512
    )),.UNSPECIFIED.,.F.,.F.,.F.) B_SPLINE_SURFACE_WITH_KNOTS((3,3),(2,2
    ),(5.857139434353,6.28318530718),(-2.236901112349E-03,0.),
.PIECEWISE_BEZIER_KNOTS.) GEOMETRIC_REPRESENTATION_ITEM() 
RATIONAL_B_SPLINE_SURFACE((
    (1.,1.)
    ,(0.977396285971,0.977396285971)
,(1.,1.))) REPRESENTATION_ITEM('') SURFACE() );
#507 = CARTESIAN_POINT('',(13.758361157885,6.244147599889,
    12.203993230268));
#508 = CARTESIAN_POINT('',(13.758361157885,6.244147599889,9.967092117918
    ));
#509 = CARTESIAN_POINT('',(15.109,3.268148604604,12.203993230268));
#510 = CARTESIAN_POINT('',(15.109,3.268148604604,9.967092117918));
#511 = CARTESIAN_POINT('',(15.109,3.552713678801E-15,12.203993230268));
#512 = CARTESIAN_POINT('',(15.109,3.552713678801E-15,9.967092117918));
#513 = DEFINITIONAL_REPRESENTATION('',(#514),#518);
#514 = B_SPLINE_CURVE_WITH_KNOTS('',2,(#515,#516,#517),.UNSPECIFIED.,.F.
  ,.F.,(3,3),(0.,2.236901112349E-03),.PIECEWISE_BEZIER_KNOTS.);
#515 = CARTESIAN_POINT('',(5.857139434353,0.));
#516 = CARTESIAN_POINT('',(5.857139434353,-1.118450556175E-03));
#517 = CARTESIAN_POINT('',(5.857139434353,-2.236901112349E-03));
#518 = ( GEOMETRIC_REPRESENTATION_CONTEXT(2) 
PARAMETRIC_REPRESENTATION_CONTEXT() REPRESENTATION_CONTEXT('2D SPACE',''
  ) );
#519 = ORIENTED_EDGE('',*,*,#520,.F.);
#520 = EDGE_CURVE('',#433,#493,#521,.T.);
#521 = SURFACE_CURVE('',#522,(#525,#531),.PCURVE_S1.);
#522 = B_SPLINE_CURVE_WITH_KNOTS('',1,(#523,#524),.UNSPECIFIED.,.F.,.F.,
  (2,2),(0.,1.893400776149E-03),.PIECEWISE_BEZIER_KNOTS.);
#523 = CARTESIAN_POINT('',(12.377273223936,4.948940042074,9.967092117918
    ));
#524 = CARTESIAN_POINT('',(13.758361157885,6.244147599889,9.967092117918
    ));
#525 = PCURVE('',#442,#526);
#526 = DEFINITIONAL_REPRESENTATION('',(#527),#530);
#527 = B_SPLINE_CURVE_WITH_KNOTS('',1,(#528,#529),.UNSPECIFIED.,.F.,.F.,
  (2,2),(0.,1.893400776149E-03),.PIECEWISE_BEZIER_KNOTS.);
#528 = CARTESIAN_POINT('',(0.,0.));
#529 = CARTESIAN_POINT('',(1.893400776149E-03,0.));
#530 = ( GEOMETRIC_REPRESENTATION_CONTEXT(2) 
PARAMETRIC_REPRESENTATION_CONTEXT() REPRESENTATION_CONTEXT('2D SPACE',''
  ) );
#531 = PCURVE('',#532,#537);
#532 = B_SPLINE_SURFACE_WITH_KNOTS('',1,1,(
    (#533,#534)
    ,(#535,#536
    )),.UNSPECIFIED.,.F.,.F.,.F.,(2,2),(2,2),(-1.242775344402E-03,
    1.488951431662E-03),(-2.99933038317E-03,3.24481721672E-03),
  .PIECEWISE_BEZIER_KNOTS.);
#533 = CARTESIAN_POINT('',(15.109,0.,9.967092117918));
#534 = CARTESIAN_POINT('',(15.109,6.244147599889,9.967092117918));
#535 = CARTESIAN_POINT('',(12.377273223936,8.881784197001E-16,
    9.967092117918));
#536 = CARTESIAN_POINT('',(12.377273223936,6.244147599889,9.967092117918
    ));
#537 = DEFINITIONAL_REPRESENTATION('',(#538),#541);
#538 = B_SPLINE_CURVE_WITH_KNOTS('',1,(#539,#540),.UNSPECIFIED.,.F.,.F.,
  (2,2),(0.,1.893400776149E-03),.PIECEWISE_BEZIER_KNOTS.);
#539 = CARTESIAN_POINT('',(1.488951431662E-03,1.949609658904E-03));
#540 = CARTESIAN_POINT('',(1.078634977129E-04,3.24481721672E-03));
#541 = ( GEOMETRIC_REPRESENTATION_CONTEXT(2) 
PARAMETRIC_REPRESENTATION_CONTEXT() REPRESENTATION_CONTEXT('2D SPACE',''
  ) );
#542 = ADVANCED_FACE('',(#543),#506,.T.);
#543 = FACE_BOUND('',#544,.T.);
#544 = EDGE_LOOP('',(#545,#546,#569,#595));
#545 = ORIENTED_EDGE('',*,*,#492,.T.);
#546 = ORIENTED_EDGE('',*,*,#547,.T.);
#547 = EDGE_CURVE('',#468,#548,#550,.T.);
#548 = VERTEX_POINT('',#549);
#549 = CARTESIAN_POINT('',(15.109,0.,12.203993230268));
#550 = SURFACE_CURVE('',#551,(#555,#562),.PCURVE_S1.);
#551 = ( BOUNDED_CURVE() B_SPLINE_CURVE(2,(#552,#553,#554),
.UNSPECIFIED.,.F.,.F.) B_SPLINE_CURVE_WITH_KNOTS((3,3),(5.857139434353,
6.28318530718),.PIECEWISE_BEZIER_KNOTS.) CURVE() 
GEOMETRIC_REPRESENTATION_ITEM() RATIONAL_B_SPLINE_CURVE((1.,
0.977396285971,1.)) REPRESENTATION_ITEM('') );
#552 = CARTESIAN_POINT('',(13.758361157885,6.244147599889,
    12.203993230268));
#553 = CARTESIAN_POINT('',(15.109,3.268148604604,12.203993230268));
#554 = CARTESIAN_POINT('',(15.109,3.552713678801E-15,12.203993230268));
#555 = PCURVE('',#506,#556);
#556 = DEFINITIONAL_REPRESENTATION('',(#557),#561);
#557 = B_SPLINE_CURVE_WITH_KNOTS('',2,(#558,#559,#560),.UNSPECIFIED.,.F.
  ,.F.,(3,3),(5.857139434353,6.28318530718),.PIECEWISE_BEZIER_KNOTS.);
#558 = CARTESIAN_POINT('',(5.857139434353,-2.236901112349E-03));
#559 = CARTESIAN_POINT('',(6.070162370766,-2.236901112349E-03));
#560 = CARTESIAN_POINT('',(6.28318530718,-2.236901112349E-03));
#561 = ( GEOMETRIC_REPRESENTATION_CONTEXT(2) 
PARAMETRIC_REPRESENTATION_CONTEXT() REPRESENTATION_CONTEXT('2D SPACE',''
  ) );
#562 = PCURVE('',#481,#563);
#563 = DEFINITIONAL_REPRESENTATION('',(#564),#568);
#564 = ( BOUNDED_CURVE() B_SPLINE_CURVE(2,(#565,#566,#567),
.UNSPECIFIED.,.F.,.F.) B_SPLINE_CURVE_WITH_KNOTS((3,3),(5.857139434353,
6.28318530718),.PIECEWISE_BEZIER_KNOTS.) CURVE() 
GEOMETRIC_REPRESENTATION_ITEM() RATIONAL_B_SPLINE_CURVE((1.,
0.977396285971,1.)) REPRESENTATION_ITEM('') );
#565 = CARTESIAN_POINT('',(1.078634977129E-04,3.24481721672E-03));
#566 = CARTESIAN_POINT('',(-1.242775344402E-03,2.688182214338E-04));
#567 = CARTESIAN_POINT('',(-1.242775344402E-03,-2.99933038317E-03));
#568 = ( GEOMETRIC_REPRESENTATION_CONTEXT(2) 
PARAMETRIC_REPRESENTATION_CONTEXT() REPRESENTATION_CONTEXT('2D SPACE',''
  ) );
#569 = ORIENTED_EDGE('',*,*,#570,.F.);
#570 = EDGE_CURVE('',#571,#548,#573,.T.);
#571 = VERTEX_POINT('',#572);
#572 = CARTESIAN_POINT('',(15.109,0.,9.967092117918));
#573 = SURFACE_CURVE('',#574,(#577,#584),.PCURVE_S1.);
#574 = B_SPLINE_CURVE_WITH_KNOTS('',1,(#575,#576),.UNSPECIFIED.,.F.,.F.,
  (2,2),(0.,2.236901112349E-03),.PIECEWISE_BEZIER_KNOTS.);
#575 = CARTESIAN_POINT('',(15.109,0.,9.967092117918));
#576 = CARTESIAN_POINT('',(15.109,0.,12.203993230268));
#577 = PCURVE('',#506,#578);
#578 = DEFINITIONAL_REPRESENTATION('',(#579),#583);
#579 = B_SPLINE_CURVE_WITH_KNOTS('',2,(#580,#581,#582),.UNSPECIFIED.,.F.
  ,.F.,(3,3),(0.,2.236901112349E-03),.PIECEWISE_BEZIER_KNOTS.);
#580 = CARTESIAN_POINT('',(6.28318530718,0.));
#581 = CARTESIAN_POINT('',(6.28318530718,-1.118450556175E-03));
#582 = CARTESIAN_POINT('',(6.28318530718,-2.236901112349E-03));
#583 = ( GEOMETRIC_REPRESENTATION_CONTEXT(2) 
PARAMETRIC_REPRESENTATION_CONTEXT() REPRESENTATION_CONTEXT('2D SPACE',''
  ) );
#584 = PCURVE('',#585,#590);
#585 = B_SPLINE_SURFACE_WITH_KNOTS('',1,1,(
    (#586,#587)
    ,(#588,#589
    )),.UNSPECIFIED.,.F.,.F.,.F.,(2,2),(2,2),(0.,1.893400776149E-03),(
    -2.236901112349E-03,0.),.PIECEWISE_BEZIER_KNOTS.);
#586 = CARTESIAN_POINT('',(15.109,0.,12.203993230268));
#587 = CARTESIAN_POINT('',(15.109,0.,9.967092117918));
#588 = CARTESIAN_POINT('',(13.31609684628,0.608658180346,12.203993230268
    ));
#589 = CARTESIAN_POINT('',(13.31609684628,0.608658180346,9.967092117918)
  );
#590 = DEFINITIONAL_REPRESENTATION('',(#591),#594);
#591 = B_SPLINE_CURVE_WITH_KNOTS('',1,(#592,#593),.UNSPECIFIED.,.F.,.F.,
  (2,2),(0.,2.236901112349E-03),.PIECEWISE_BEZIER_KNOTS.);
#592 = CARTESIAN_POINT('',(0.,0.));
#593 = CARTESIAN_POINT('',(0.,-2.236901112349E-03));
#594 = ( GEOMETRIC_REPRESENTATION_CONTEXT(2) 
PARAMETRIC_REPRESENTATION_CONTEXT() REPRESENTATION_CONTEXT('2D SPACE',''
  ) );
#595 = ORIENTED_EDGE('',*,*,#596,.F.);
#596 = EDGE_CURVE('',#493,#571,#597,.T.);
#597 = SURFACE_CURVE('',#598,(#602,#609),.PCURVE_S1.);
#598 = ( BOUNDED_CURVE() B_SPLINE_CURVE(2,(#599,#600,#601),
.UNSPECIFIED.,.F.,.F.) B_SPLINE_CURVE_WITH_KNOTS((3,3),(5.857139434353,
6.28318530718),.PIECEWISE_BEZIER_KNOTS.) CURVE() 
GEOMETRIC_REPRESENTATION_ITEM() RATIONAL_B_SPLINE_CURVE((1.,
0.977396285971,1.)) REPRESENTATION_ITEM('') );
#599 = CARTESIAN_POINT('',(13.758361157885,6.244147599889,9.967092117918
    ));
#600 = CARTESIAN_POINT('',(15.109,3.268148604604,9.967092117918));
#601 = CARTESIAN_POINT('',(15.109,3.552713678801E-15,9.967092117918));
#602 = PCURVE('',#506,#603);
#603 = DEFINITIONAL_REPRESENTATION('',(#604),#608);
#604 = B_SPLINE_CURVE_WITH_KNOTS('',2,(#605,#606,#607),.UNSPECIFIED.,.F.
  ,.F.,(3,3),(5.857139434353,6.28318530718),.PIECEWISE_BEZIER_KNOTS.);
#605 = CARTESIAN_POINT('',(5.857139434353,0.));
#606 = CARTESIAN_POINT('',(6.070162370766,0.));
#607 = CARTESIAN_POINT('',(6.28318530718,0.));
#608 = ( GEOMETRIC_REPRESENTATION_CONTEXT(2) 
PARAMETRIC_REPRESENTATION_CONTEXT() REPRESENTATION_CONTEXT('2D SPACE',''
  ) );
#609 = PCURVE('',#532,#610);
#610 = DEFINITIONAL_REPRESENTATION('',(#611),#615);
#611 = ( BOUNDED_CURVE() B_SPLINE_CURVE(2,(#612,#613,#614),
.UNSPECIFIED.,.F.,.F.) B_SPLINE_CURVE_WITH_KNOTS((3,3),(5.857139434353,
6.28318530718),.PIECEWISE_BEZIER_KNOTS.) CURVE() 
GEOMETRIC_REPRESENTATION_ITEM() RATIONAL_B_SPLINE_CURVE((1.,
0.977396285971,1.)) REPRESENTATION_ITEM('') );
#612 = CARTESIAN_POINT('',(1.078634977129E-04,3.24481721672E-03));
#613 = CARTESIAN_POINT('',(-1.242775344402E-03,2.688182214338E-04));
#614 = CARTESIAN_POINT('',(-1.242775344402E-03,-2.99933038317E-03));
#615 = ( GEOMETRIC_REPRESENTATION_CONTEXT(2) 
PARAMETRIC_REPRESENTATION_CONTEXT() REPRESENTATION_CONTEXT('2D SPACE',''
  ) );
#616 = ADVANCED_FACE('',(#617),#585,.T.);
#617 = FACE_BOUND('',#618,.T.);
#618 = EDGE_LOOP('',(#619,#620,#640,#661));
#619 = ORIENTED_EDGE('',*,*,#570,.T.);
#620 = ORIENTED_EDGE('',*,*,#621,.T.);
#621 = EDGE_CURVE('',#548,#622,#624,.T.);
#622 = VERTEX_POINT('',#623);
#623 = CARTESIAN_POINT('',(13.31609684628,0.608658180346,12.203993230268
    ));
#624 = SURFACE_CURVE('',#625,(#628,#634),.PCURVE_S1.);
#625 = B_SPLINE_CURVE_WITH_KNOTS('',1,(#626,#627),.UNSPECIFIED.,.F.,.F.,
  (2,2),(0.,1.893400776149E-03),.PIECEWISE_BEZIER_KNOTS.);
#626 = CARTESIAN_POINT('',(15.109,0.,12.203993230268));
#627 = CARTESIAN_POINT('',(13.31609684628,0.608658180346,12.203993230268
    ));
#628 = PCURVE('',#585,#629);
#629 = DEFINITIONAL_REPRESENTATION('',(#630),#633);
#630 = B_SPLINE_CURVE_WITH_KNOTS('',1,(#631,#632),.UNSPECIFIED.,.F.,.F.,
  (2,2),(0.,1.893400776149E-03),.PIECEWISE_BEZIER_KNOTS.);
#631 = CARTESIAN_POINT('',(0.,-2.236901112349E-03));
#632 = CARTESIAN_POINT('',(1.893400776149E-03,-2.236901112349E-03));
#633 = ( GEOMETRIC_REPRESENTATION_CONTEXT(2) 
PARAMETRIC_REPRESENTATION_CONTEXT() REPRESENTATION_CONTEXT('2D SPACE',''
  ) );
#634 = PCURVE('',#481,#635);
#635 = DEFINITIONAL_REPRESENTATION('',(#636),#639);
#636 = B_SPLINE_CURVE_WITH_KNOTS('',1,(#637,#638),.UNSPECIFIED.,.F.,.F.,
  (2,2),(0.,1.893400776149E-03),.PIECEWISE_BEZIER_KNOTS.);
#637 = CARTESIAN_POINT('',(-1.242775344402E-03,-2.99933038317E-03));
#638 = CARTESIAN_POINT('',(5.501278093181E-04,-2.390672202824E-03));
#639 = ( GEOMETRIC_REPRESENTATION_CONTEXT(2) 
PARAMETRIC_REPRESENTATION_CONTEXT() REPRESENTATION_CONTEXT('2D SPACE',''
  ) );
#640 = ORIENTED_EDGE('',*,*,#641,.F.);
#641 = EDGE_CURVE('',#642,#622,#644,.T.);
#642 = VERTEX_POINT('',#643);
#643 = CARTESIAN_POINT('',(13.31609684628,0.608658180346,9.967092117918)
  );
#644 = SURFACE_CURVE('',#645,(#648,#654),.PCURVE_S1.);
#645 = B_SPLINE_CURVE_WITH_KNOTS('',1,(#646,#647),.UNSPECIFIED.,.F.,.F.,
  (2,2),(0.,2.236901112349E-03),.PIECEWISE_BEZIER_KNOTS.);
#646 = CARTESIAN_POINT('',(13.31609684628,0.608658180346,9.967092117918)
  );
#647 = CARTESIAN_POINT('',(13.31609684628,0.608658180346,12.203993230268
    ));
#648 = PCURVE('',#585,#649);
#649 = DEFINITIONAL_REPRESENTATION('',(#650),#653);
#650 = B_SPLINE_CURVE_WITH_KNOTS('',1,(#651,#652),.UNSPECIFIED.,.F.,.F.,
  (2,2),(0.,2.236901112349E-03),.PIECEWISE_BEZIER_KNOTS.);
#651 = CARTESIAN_POINT('',(1.893400776149E-03,0.));
#652 = CARTESIAN_POINT('',(1.893400776149E-03,-2.236901112349E-03));
#653 = ( GEOMETRIC_REPRESENTATION_CONTEXT(2) 
PARAMETRIC_REPRESENTATION_CONTEXT() REPRESENTATION_CONTEXT('2D SPACE',''
  ) );
#654 = PCURVE('',#453,#655);
#655 = DEFINITIONAL_REPRESENTATION('',(#656),#660);
#656 = B_SPLINE_CURVE_WITH_KNOTS('',2,(#657,#658,#659),.UNSPECIFIED.,.F.
  ,.F.,(3,3),(0.,2.236901112349E-03),.PIECEWISE_BEZIER_KNOTS.);
#657 = CARTESIAN_POINT('',(3.187269313626,0.));
#658 = CARTESIAN_POINT('',(3.187269313626,-1.118450556175E-03));
#659 = CARTESIAN_POINT('',(3.187269313626,-2.236901112349E-03));
#660 = ( GEOMETRIC_REPRESENTATION_CONTEXT(2) 
PARAMETRIC_REPRESENTATION_CONTEXT() REPRESENTATION_CONTEXT('2D SPACE',''
  ) );
#661 = ORIENTED_EDGE('',*,*,#662,.F.);
#662 = EDGE_CURVE('',#571,#642,#663,.T.);
#663 = SURFACE_CURVE('',#664,(#667,#673),.PCURVE_S1.);
#664 = B_SPLINE_CURVE_WITH_KNOTS('',1,(#665,#666),.UNSPECIFIED.,.F.,.F.,
  (2,2),(0.,1.893400776149E-03),.PIECEWISE_BEZIER_KNOTS.);
#665 = CARTESIAN_POINT('',(15.109,0.,9.967092117918));
#666 = CARTESIAN_POINT('',(13.31609684628,0.608658180346,9.967092117918)
  );
#667 = PCURVE('',#585,#668);
#668 = DEFINITIONAL_REPRESENTATION('',(#669),#672);
#669 = B_SPLINE_CURVE_WITH_KNOTS('',1,(#670,#671),.UNSPECIFIED.,.F.,.F.,
  (2,2),(0.,1.893400776149E-03),.PIECEWISE_BEZIER_KNOTS.);
#670 = CARTESIAN_POINT('',(0.,0.));
#671 = CARTESIAN_POINT('',(1.893400776149E-03,0.));
#672 = ( GEOMETRIC_REPRESENTATION_CONTEXT(2) 
PARAMETRIC_REPRESENTATION_CONTEXT() REPRESENTATION_CONTEXT('2D SPACE',''
  ) );
#673 = PCURVE('',#532,#674);
#674 = DEFINITIONAL_REPRESENTATION('',(#675),#678);
#675 = B_SPLINE_CURVE_WITH_KNOTS('',1,(#676,#677),.UNSPECIFIED.,.F.,.F.,
  (2,2),(0.,1.893400776149E-03),.PIECEWISE_BEZIER_KNOTS.);
#676 = CARTESIAN_POINT('',(-1.242775344402E-03,-2.99933038317E-03));
#677 = CARTESIAN_POINT('',(5.501278093181E-04,-2.390672202824E-03));
#678 = ( GEOMETRIC_REPRESENTATION_CONTEXT(2) 
PARAMETRIC_REPRESENTATION_CONTEXT() REPRESENTATION_CONTEXT('2D SPACE',''
  ) );
#679 = ADVANCED_FACE('',(#680),#453,.T.);
#680 = FACE_BOUND('',#681,.T.);
#681 = EDGE_LOOP('',(#682,#683,#704,#705));
#682 = ORIENTED_EDGE('',*,*,#641,.T.);
#683 = ORIENTED_EDGE('',*,*,#684,.T.);
#684 = EDGE_CURVE('',#622,#435,#685,.T.);
#685 = SURFACE_CURVE('',#686,(#690,#697),.PCURVE_S1.);
#686 = ( BOUNDED_CURVE() B_SPLINE_CURVE(2,(#687,#688,#689),
.UNSPECIFIED.,.F.,.F.) B_SPLINE_CURVE_WITH_KNOTS((3,3),(3.187269313626,
3.52196186638),.PIECEWISE_BEZIER_KNOTS.) CURVE() 
GEOMETRIC_REPRESENTATION_ITEM() RATIONAL_B_SPLINE_CURVE((1.,
0.986030259214,1.)) REPRESENTATION_ITEM('') );
#687 = CARTESIAN_POINT('',(13.31609684628,0.608658180346,12.203993230268
    ));
#688 = CARTESIAN_POINT('',(13.213278568532,2.858095037129,
    12.203993230268));
#689 = CARTESIAN_POINT('',(12.377273223936,4.948940042074,
    12.203993230268));
#690 = PCURVE('',#453,#691);
#691 = DEFINITIONAL_REPRESENTATION('',(#692),#696);
#692 = B_SPLINE_CURVE_WITH_KNOTS('',2,(#693,#694,#695),.UNSPECIFIED.,.F.
  ,.F.,(3,3),(3.187269313626,3.52196186638),.PIECEWISE_BEZIER_KNOTS.);
#693 = CARTESIAN_POINT('',(3.187269313626,-2.236901112349E-03));
#694 = CARTESIAN_POINT('',(3.354615590003,-2.236901112349E-03));
#695 = CARTESIAN_POINT('',(3.52196186638,-2.236901112349E-03));
#696 = ( GEOMETRIC_REPRESENTATION_CONTEXT(2) 
PARAMETRIC_REPRESENTATION_CONTEXT() REPRESENTATION_CONTEXT('2D SPACE',''
  ) );
#697 = PCURVE('',#481,#698);
#698 = DEFINITIONAL_REPRESENTATION('',(#699),#703);
#699 = ( BOUNDED_CURVE() B_SPLINE_CURVE(2,(#700,#701,#702),
.UNSPECIFIED.,.F.,.F.) B_SPLINE_CURVE_WITH_KNOTS((3,3),(3.187269313626,
3.52196186638),.PIECEWISE_BEZIER_KNOTS.) CURVE() 
GEOMETRIC_REPRESENTATION_ITEM() RATIONAL_B_SPLINE_CURVE((1.,
0.986030259214,1.)) REPRESENTATION_ITEM('') );
#700 = CARTESIAN_POINT('',(5.501278093181E-04,-2.390672202824E-03));
#701 = CARTESIAN_POINT('',(6.529460870656E-04,-1.412353460404E-04));
#702 = CARTESIAN_POINT('',(1.488951431662E-03,1.949609658904E-03));
#703 = ( GEOMETRIC_REPRESENTATION_CONTEXT(2) 
PARAMETRIC_REPRESENTATION_CONTEXT() REPRESENTATION_CONTEXT('2D SPACE',''
  ) );
#704 = ORIENTED_EDGE('',*,*,#432,.F.);
#705 = ORIENTED_EDGE('',*,*,#706,.F.);
#706 = EDGE_CURVE('',#642,#433,#707,.T.);
#707 = SURFACE_CURVE('',#708,(#712,#719),.PCURVE_S1.);
#708 = ( BOUNDED_CURVE() B_SPLINE_CURVE(2,(#709,#710,#711),
.UNSPECIFIED.,.F.,.F.) B_SPLINE_CURVE_WITH_KNOTS((3,3),(3.187269313626,
3.52196186638),.PIECEWISE_BEZIER_KNOTS.) CURVE() 
GEOMETRIC_REPRESENTATION_ITEM() RATIONAL_B_SPLINE_CURVE((1.,
0.986030259214,1.)) REPRESENTATION_ITEM('') );
#709 = CARTESIAN_POINT('',(13.31609684628,0.608658180346,9.967092117918)
  );
#710 = CARTESIAN_POINT('',(13.213278568532,2.858095037129,9.967092117918
    ));
#711 = CARTESIAN_POINT('',(12.377273223936,4.948940042074,9.967092117918
    ));
#712 = PCURVE('',#453,#713);
#713 = DEFINITIONAL_REPRESENTATION('',(#714),#718);
#714 = B_SPLINE_CURVE_WITH_KNOTS('',2,(#715,#716,#717),.UNSPECIFIED.,.F.
  ,.F.,(3,3),(3.187269313626,3.52196186638),.PIECEWISE_BEZIER_KNOTS.);
#715 = CARTESIAN_POINT('',(3.187269313626,0.));
#716 = CARTESIAN_POINT('',(3.354615590003,0.));
#717 = CARTESIAN_POINT('',(3.52196186638,0.));
#718 = ( GEOMETRIC_REPRESENTATION_CONTEXT(2) 
PARAMETRIC_REPRESENTATION_CONTEXT() REPRESENTATION_CONTEXT('2D SPACE',''
  ) );
#719 = PCURVE('',#532,#720);
#720 = DEFINITIONAL_REPRESENTATION('',(#721),#725);
#721 = ( BOUNDED_CURVE() B_SPLINE_CURVE(2,(#722,#723,#724),
.UNSPECIFIED.,.F.,.F.) B_SPLINE_CURVE_WITH_KNOTS((3,3),(3.187269313626,
3.52196186638),.PIECEWISE_BEZIER_KNOTS.) CURVE() 
GEOMETRIC_REPRESENTATION_ITEM() RATIONAL_B_SPLINE_CURVE((1.,
0.986030259214,1.)) REPRESENTATION_ITEM('') );
#722 = CARTESIAN_POINT('',(5.501278093181E-04,-2.390672202824E-03));
#723 = CARTESIAN_POINT('',(6.529460870656E-04,-1.412353460404E-04));
#724 = CARTESIAN_POINT('',(1.488951431662E-03,1.949609658904E-03));
#725 = ( GEOMETRIC_REPRESENTATION_CONTEXT(2) 
PARAMETRIC_REPRESENTATION_CONTEXT() REPRESENTATION_CONTEXT('2D SPACE',''
  ) );
#726 = ADVANCED_FACE('',(#727),#532,.T.);
#727 = FACE_BOUND('',#728,.T.);
#728 = EDGE_LOOP('',(#729,#730,#731,#732));
#729 = ORIENTED_EDGE('',*,*,#520,.T.);
#730 = ORIENTED_EDGE('',*,*,#596,.T.);
#731 = ORIENTED_EDGE('',*,*,#662,.T.);
#732 = ORIENTED_EDGE('',*,*,#706,.T.);
#733 = ADVANCED_FACE('',(#734),#481,.F.);
#734 = FACE_BOUND('',#735,.F.);
#735 = EDGE_LOOP('',(#736,#737,#738,#739));
#736 = ORIENTED_EDGE('',*,*,#467,.T.);
#737 = ORIENTED_EDGE('',*,*,#547,.T.);
#738 = ORIENTED_EDGE('',*,*,#621,.T.);
#739 = ORIENTED_EDGE('',*,*,#684,.T.);
#740 = ( GEOMETRIC_REPRESENTATION_CONTEXT(3) 
GLOBAL_UNCERTAINTY_ASSIGNED_CONTEXT((#744)) GLOBAL_UNIT_ASSIGNED_CONTEXT
((#741,#742,#743)) REPRESENTATION_CONTEXT('Context #1',
  '3D Context with UNIT and UNCERTAINTY') );
#741 = ( LENGTH_UNIT() NAMED_UNIT(*) SI_UNIT(.MILLI.,.METRE.) );
#742 = ( NAMED_UNIT(*) PLANE_ANGLE_UNIT() SI_UNIT($,.RADIAN.) );
#743 = ( NAMED_UNIT(*) SI_UNIT($,.STERADIAN.) SOLID_ANGLE_UNIT() );
#744 = UNCERTAINTY_MEASURE_WITH_UNIT(LENGTH_MEASURE(1.E-04),#741,
  'distance_accuracy_value','confusion accuracy');
#745 = CONTEXT_DEPENDENT_SHAPE_REPRESENTATION(#746,#748);
#746 = ( REPRESENTATION_RELATIONSHIP('','',#425,#10) 
REPRESENTATION_RELATIONSHIP_WITH_TRANSFORMATION(#747) 
SHAPE_REPRESENTATION_RELATIONSHIP() );
#747 = ITEM_DEFINED_TRANSFORMATION('','',#11,#19);
#748 = PRODUCT_DEFINITION_SHAPE('Placement','Placement of an item',#749
  );
#749 = NEXT_ASSEMBLY_USAGE_OCCURRENCE('44','','',#5,#420,$);
#750 = PRODUCT_RELATED_PRODUCT_CATEGORY('part',$,(#422));
#751 = SHAPE_DEFINITION_REPRESENTATION(#752,#758);
#752 = PRODUCT_DEFINITION_SHAPE('','',#753);
#753 = PRODUCT_DEFINITION('design','',#754,#757);
#754 = PRODUCT_DEFINITION_FORMATION('','',#755);
#755 = PRODUCT('Open CASCADE STEP translator 7.7 2.3',
  'Open CASCADE STEP translator 7.7 2.3','',(#756));
#756 = PRODUCT_CONTEXT('',#2,'mechanical');
#757 = PRODUCT_DEFINITION_CONTEXT('part definition',#2,'design');
#758 = ADVANCED_BREP_SHAPE_REPRESENTATION('',(#11,#759),#1073);
#759 = MANIFOLD_SOLID_BREP('',#760);
#760 = CLOSED_SHELL('',(#761,#875,#949,#1012,#1059,#1066));
#761 = ADVANCED_FACE('',(#762),#775,.T.);
#762 = FACE_BOUND('',#763,.T.);
#763 = EDGE_LOOP('',(#764,#799,#824,#852));
#764 = ORIENTED_EDGE('',*,*,#765,.T.);
#765 = EDGE_CURVE('',#766,#768,#770,.T.);
#766 = VERTEX_POINT('',#767);
#767 = CARTESIAN_POINT('',(12.377273223936,4.948940042074,9.967092117918
    ));
#768 = VERTEX_POINT('',#769);
#769 = CARTESIAN_POINT('',(12.377273223936,4.948940042074,
    12.203993230268));
#770 = SURFACE_CURVE('',#771,(#774,#785),.PCURVE_S1.);
#771 = B_SPLINE_CURVE_WITH_KNOTS('',1,(#772,#773),.UNSPECIFIED.,.F.,.F.,
  (2,2),(0.,2.236901112349E-03),.PIECEWISE_BEZIER_KNOTS.);
#772 = CARTESIAN_POINT('',(12.377273223936,4.948940042074,9.967092117918
    ));
#773 = CARTESIAN_POINT('',(12.377273223936,4.948940042074,
    12.203993230268));
#774 = PCURVE('',#775,#780);
#775 = B_SPLINE_SURFACE_WITH_KNOTS('',1,1,(
    (#776,#777)
    ,(#778,#779
    )),.UNSPECIFIED.,.F.,.F.,.F.,(2,2),(2,2),(0.,1.893400776149E-03),(
    -2.236901112349E-03,0.),.PIECEWISE_BEZIER_KNOTS.);
#776 = CARTESIAN_POINT('',(12.377273223936,4.948940042074,
    12.203993230268));
#777 = CARTESIAN_POINT('',(12.377273223936,4.948940042074,9.967092117918
    ));
#778 = CARTESIAN_POINT('',(13.758361157885,6.244147599889,
    12.203993230268));
#779 = CARTESIAN_POINT('',(13.758361157885,6.244147599889,9.967092117918
    ));
#780 = DEFINITIONAL_REPRESENTATION('',(#781),#784);
#781 = B_SPLINE_CURVE_WITH_KNOTS('',1,(#782,#783),.UNSPECIFIED.,.F.,.F.,
  (2,2),(0.,2.236901112349E-03),.PIECEWISE_BEZIER_KNOTS.);
#782 = CARTESIAN_POINT('',(0.,0.));
#783 = CARTESIAN_POINT('',(0.,-2.236901112349E-03));
#784 = ( GEOMETRIC_REPRESENTATION_CONTEXT(2) 
PARAMETRIC_REPRESENTATION_CONTEXT() REPRESENTATION_CONTEXT('2D SPACE',''
  ) );
#785 = PCURVE('',#786,#793);
#786 = ( BOUNDED_SURFACE() B_SPLINE_SURFACE(2,1,(
    (#787,#788)
    ,(#789,#790)
,(#791,#792
    )),.UNSPECIFIED.,.F.,.F.,.F.) B_SPLINE_SURFACE_WITH_KNOTS((3,3),(2,2
    ),(3.187269313626,3.52196186638),(-2.236901112349E-03,0.),
.PIECEWISE_BEZIER_KNOTS.) GEOMETRIC_REPRESENTATION_ITEM() 
RATIONAL_B_SPLINE_SURFACE((
    (1.,1.)
    ,(0.986030259214,0.986030259214)
,(1.,1.))) REPRESENTATION_ITEM('') SURFACE() );
#787 = CARTESIAN_POINT('',(13.31609684628,0.608658180346,12.203993230268
    ));
#788 = CARTESIAN_POINT('',(13.31609684628,0.608658180346,9.967092117918)
  );
#789 = CARTESIAN_POINT('',(13.213278568532,2.858095037129,
    12.203993230268));
#790 = CARTESIAN_POINT('',(13.213278568532,2.858095037129,9.967092117918
    ));
#791 = CARTESIAN_POINT('',(12.377273223936,4.948940042074,
    12.203993230268));
#792 = CARTESIAN_POINT('',(12.377273223936,4.948940042074,9.967092117918
    ));
#793 = DEFINITIONAL_REPRESENTATION('',(#794),#798);
#794 = B_SPLINE_CURVE_WITH_KNOTS('',2,(#795,#796,#797),.UNSPECIFIED.,.F.
  ,.F.,(3,3),(0.,2.236901112349E-03),.PIECEWISE_BEZIER_KNOTS.);
#795 = CARTESIAN_POINT('',(3.52196186638,0.));
#796 = CARTESIAN_POINT('',(3.52196186638,-1.118450556175E-03));
#797 = CARTESIAN_POINT('',(3.52196186638,-2.236901112349E-03));
#798 = ( GEOMETRIC_REPRESENTATION_CONTEXT(2) 
PARAMETRIC_REPRESENTATION_CONTEXT() REPRESENTATION_CONTEXT('2D SPACE',''
  ) );
#799 = ORIENTED_EDGE('',*,*,#800,.T.);
#800 = EDGE_CURVE('',#768,#801,#803,.T.);
#801 = VERTEX_POINT('',#802);
#802 = CARTESIAN_POINT('',(13.758361157885,6.244147599889,
    12.203993230268));
#803 = SURFACE_CURVE('',#804,(#807,#813),.PCURVE_S1.);
#804 = B_SPLINE_CURVE_WITH_KNOTS('',1,(#805,#806),.UNSPECIFIED.,.F.,.F.,
  (2,2),(0.,1.893400776149E-03),.PIECEWISE_BEZIER_KNOTS.);
#805 = CARTESIAN_POINT('',(12.377273223936,4.948940042074,
    12.203993230268));
#806 = CARTESIAN_POINT('',(13.758361157885,6.244147599889,
    12.203993230268));
#807 = PCURVE('',#775,#808);
#808 = DEFINITIONAL_REPRESENTATION('',(#809),#812);
#809 = B_SPLINE_CURVE_WITH_KNOTS('',1,(#810,#811),.UNSPECIFIED.,.F.,.F.,
  (2,2),(0.,1.893400776149E-03),.PIECEWISE_BEZIER_KNOTS.);
#810 = CARTESIAN_POINT('',(0.,-2.236901112349E-03));
#811 = CARTESIAN_POINT('',(1.893400776149E-03,-2.236901112349E-03));
#812 = ( GEOMETRIC_REPRESENTATION_CONTEXT(2) 
PARAMETRIC_REPRESENTATION_CONTEXT() REPRESENTATION_CONTEXT('2D SPACE',''
  ) );
#813 = PCURVE('',#814,#819);
#814 = B_SPLINE_SURFACE_WITH_KNOTS('',1,1,(
    (#815,#816)
    ,(#817,#818
    )),.UNSPECIFIED.,.F.,.F.,.F.,(2,2),(2,2),(-1.242775344402E-03,
    1.488951431662E-03),(-2.99933038317E-03,3.24481721672E-03),
  .PIECEWISE_BEZIER_KNOTS.);
#815 = CARTESIAN_POINT('',(15.109,0.,12.203993230268));
#816 = CARTESIAN_POINT('',(15.109,6.244147599889,12.203993230268));
#817 = CARTESIAN_POINT('',(12.377273223936,0.,12.203993230268));
#818 = CARTESIAN_POINT('',(12.377273223936,6.244147599889,
    12.203993230268));
#819 = DEFINITIONAL_REPRESENTATION('',(#820),#823);
#820 = B_SPLINE_CURVE_WITH_KNOTS('',1,(#821,#822),.UNSPECIFIED.,.F.,.F.,
  (2,2),(0.,1.893400776149E-03),.PIECEWISE_BEZIER_KNOTS.);
#821 = CARTESIAN_POINT('',(1.488951431662E-03,1.949609658904E-03));
#822 = CARTESIAN_POINT('',(1.078634977129E-04,3.24481721672E-03));
#823 = ( GEOMETRIC_REPRESENTATION_CONTEXT(2) 
PARAMETRIC_REPRESENTATION_CONTEXT() REPRESENTATION_CONTEXT('2D SPACE',''
  ) );
#824 = ORIENTED_EDGE('',*,*,#825,.F.);
#825 = EDGE_CURVE('',#826,#801,#828,.T.);
#826 = VERTEX_POINT('',#827);
#827 = CARTESIAN_POINT('',(13.758361157885,6.244147599889,9.967092117918
    ));
#828 = SURFACE_CURVE('',#829,(#832,#838),.PCURVE_S1.);
#829 = B_SPLINE_CURVE_WITH_KNOTS('',1,(#830,#831),.UNSPECIFIED.,.F.,.F.,
  (2,2),(0.,2.236901112349E-03),.PIECEWISE_BEZIER_KNOTS.);
#830 = CARTESIAN_POINT('',(13.758361157885,6.244147599889,9.967092117918
    ));
#831 = CARTESIAN_POINT('',(13.758361157885,6.244147599889,
    12.203993230268));
#832 = PCURVE('',#775,#833);
#833 = DEFINITIONAL_REPRESENTATION('',(#834),#837);
#834 = B_SPLINE_CURVE_WITH_KNOTS('',1,(#835,#836),.UNSPECIFIED.,.F.,.F.,
  (2,2),(0.,2.236901112349E-03),.PIECEWISE_BEZIER_KNOTS.);
#835 = CARTESIAN_POINT('',(1.893400776149E-03,0.));
#836 = CARTESIAN_POINT('',(1.893400776149E-03,-2.236901112349E-03));
#837 = ( GEOMETRIC_REPRESENTATION_CONTEXT(2) 
PARAMETRIC_REPRESENTATION_CONTEXT() REPRESENTATION_CONTEXT('2D SPACE',''
  ) );
#838 = PCURVE('',#839,#846);
#839 = ( BOUNDED_SURFACE() B_SPLINE_SURFACE(2,1,(
    (#840,#841)
    ,(#842,#843)
,(#844,#845
    )),.UNSPECIFIED.,.F.,.F.,.F.) B_SPLINE_SURFACE_WITH_KNOTS((3,3),(2,2
    ),(5.857139434353,6.28318530718),(-2.236901112349E-03,0.),
.PIECEWISE_BEZIER_KNOTS.) GEOMETRIC_REPRESENTATION_ITEM() 
RATIONAL_B_SPLINE_SURFACE((
    (1.,1.)
    ,(0.977396285971,0.977396285971)
,(1.,1.))) REPRESENTATION_ITEM('') SURFACE() );
#840 = CARTESIAN_POINT('',(13.758361157885,6.244147599889,
    12.203993230268));
#841 = CARTESIAN_POINT('',(13.758361157885,6.244147599889,9.967092117918
    ));
#842 = CARTESIAN_POINT('',(15.109,3.268148604604,12.203993230268));
#843 = CARTESIAN_POINT('',(15.109,3.268148604604,9.967092117918));
#844 = CARTESIAN_POINT('',(15.109,4.440892098501E-15,12.203993230268));
#845 = CARTESIAN_POINT('',(15.109,4.440892098501E-15,9.967092117918));
#846 = DEFINITIONAL_REPRESENTATION('',(#847),#851);
#847 = B_SPLINE_CURVE_WITH_KNOTS('',2,(#848,#849,#850),.UNSPECIFIED.,.F.
  ,.F.,(3,3),(0.,2.236901112349E-03),.PIECEWISE_BEZIER_KNOTS.);
#848 = CARTESIAN_POINT('',(5.857139434353,0.));
#849 = CARTESIAN_POINT('',(5.857139434353,-1.118450556175E-03));
#850 = CARTESIAN_POINT('',(5.857139434353,-2.236901112349E-03));
#851 = ( GEOMETRIC_REPRESENTATION_CONTEXT(2) 
PARAMETRIC_REPRESENTATION_CONTEXT() REPRESENTATION_CONTEXT('2D SPACE',''
  ) );
#852 = ORIENTED_EDGE('',*,*,#853,.F.);
#853 = EDGE_CURVE('',#766,#826,#854,.T.);
#854 = SURFACE_CURVE('',#855,(#858,#864),.PCURVE_S1.);
#855 = B_SPLINE_CURVE_WITH_KNOTS('',1,(#856,#857),.UNSPECIFIED.,.F.,.F.,
  (2,2),(0.,1.893400776149E-03),.PIECEWISE_BEZIER_KNOTS.);
#856 = CARTESIAN_POINT('',(12.377273223936,4.948940042074,9.967092117918
    ));
#857 = CARTESIAN_POINT('',(13.758361157885,6.244147599889,9.967092117918
    ));
#858 = PCURVE('',#775,#859);
#859 = DEFINITIONAL_REPRESENTATION('',(#860),#863);
#860 = B_SPLINE_CURVE_WITH_KNOTS('',1,(#861,#862),.UNSPECIFIED.,.F.,.F.,
  (2,2),(0.,1.893400776149E-03),.PIECEWISE_BEZIER_KNOTS.);
#861 = CARTESIAN_POINT('',(0.,0.));
#862 = CARTESIAN_POINT('',(1.893400776149E-03,0.));
#863 = ( GEOMETRIC_REPRESENTATION_CONTEXT(2) 
PARAMETRIC_REPRESENTATION_CONTEXT() REPRESENTATION_CONTEXT('2D SPACE',''
  ) );
#864 = PCURVE('',#865,#870);
#865 = B_SPLINE_SURFACE_WITH_KNOTS('',1,1,(
    (#866,#867)
    ,(#868,#869
    )),.UNSPECIFIED.,.F.,.F.,.F.,(2,2),(2,2),(-1.242775344402E-03,
    1.488951431662E-03),(-2.99933038317E-03,3.24481721672E-03),
  .PIECEWISE_BEZIER_KNOTS.);
#866 = CARTESIAN_POINT('',(15.109,0.,9.967092117918));
#867 = CARTESIAN_POINT('',(15.109,6.244147599889,9.967092117918));
#868 = CARTESIAN_POINT('',(12.377273223936,0.,9.967092117918));
#869 = CARTESIAN_POINT('',(12.377273223936,6.244147599889,9.967092117918
    ));
#870 = DEFINITIONAL_REPRESENTATION('',(#871),#874);
#871 = B_SPLINE_CURVE_WITH_KNOTS('',1,(#872,#873),.UNSPECIFIED.,.F.,.F.,
  (2,2),(0.,1.893400776149E-03),.PIECEWISE_BEZIER_KNOTS.);
#872 = CARTESIAN_POINT('',(1.488951431662E-03,1.949609658904E-03));
#873 = CARTESIAN_POINT('',(1.078634977129E-04,3.24481721672E-03));
#874 = ( GEOMETRIC_REPRESENTATION_CONTEXT(2) 
PARAMETRIC_REPRESENTATION_CONTEXT() REPRESENTATION_CONTEXT('2D SPACE',''
  ) );
#875 = ADVANCED_FACE('',(#876),#839,.T.);
#876 = FACE_BOUND('',#877,.T.);
#877 = EDGE_LOOP('',(#878,#879,#902,#928));
#878 = ORIENTED_EDGE('',*,*,#825,.T.);
#879 = ORIENTED_EDGE('',*,*,#880,.T.);
#880 = EDGE_CURVE('',#801,#881,#883,.T.);
#881 = VERTEX_POINT('',#882);
#882 = CARTESIAN_POINT('',(15.109,1.7763568394E-15,12.203993230268));
#883 = SURFACE_CURVE('',#884,(#888,#895),.PCURVE_S1.);
#884 = ( BOUNDED_CURVE() B_SPLINE_CURVE(2,(#885,#886,#887),
.UNSPECIFIED.,.F.,.F.) B_SPLINE_CURVE_WITH_KNOTS((3,3),(5.857139434353,
6.28318530718),.PIECEWISE_BEZIER_KNOTS.) CURVE() 
GEOMETRIC_REPRESENTATION_ITEM() RATIONAL_B_SPLINE_CURVE((1.,
0.977396285971,1.)) REPRESENTATION_ITEM('') );
#885 = CARTESIAN_POINT('',(13.758361157885,6.244147599889,
    12.203993230268));
#886 = CARTESIAN_POINT('',(15.109,3.268148604604,12.203993230268));
#887 = CARTESIAN_POINT('',(15.109,4.440892098501E-15,12.203993230268));
#888 = PCURVE('',#839,#889);
#889 = DEFINITIONAL_REPRESENTATION('',(#890),#894);
#890 = B_SPLINE_CURVE_WITH_KNOTS('',2,(#891,#892,#893),.UNSPECIFIED.,.F.
  ,.F.,(3,3),(5.857139434353,6.28318530718),.PIECEWISE_BEZIER_KNOTS.);
#891 = CARTESIAN_POINT('',(5.857139434353,-2.236901112349E-03));
#892 = CARTESIAN_POINT('',(6.070162370766,-2.236901112349E-03));
#893 = CARTESIAN_POINT('',(6.28318530718,-2.236901112349E-03));
#894 = ( GEOMETRIC_REPRESENTATION_CONTEXT(2) 
PARAMETRIC_REPRESENTATION_CONTEXT() REPRESENTATION_CONTEXT('2D SPACE',''
  ) );
#895 = PCURVE('',#814,#896);
#896 = DEFINITIONAL_REPRESENTATION('',(#897),#901);
#897 = ( BOUNDED_CURVE() B_SPLINE_CURVE(2,(#898,#899,#900),
.UNSPECIFIED.,.F.,.F.) B_SPLINE_CURVE_WITH_KNOTS((3,3),(5.857139434353,
6.28318530718),.PIECEWISE_BEZIER_KNOTS.) CURVE() 
GEOMETRIC_REPRESENTATION_ITEM() RATIONAL_B_SPLINE_CURVE((1.,
0.977396285971,1.)) REPRESENTATION_ITEM('') );
#898 = CARTESIAN_POINT('',(1.078634977129E-04,3.24481721672E-03));
#899 = CARTESIAN_POINT('',(-1.242775344402E-03,2.688182214338E-04));
#900 = CARTESIAN_POINT('',(-1.242775344402E-03,-2.99933038317E-03));
#901 = ( GEOMETRIC_REPRESENTATION_CONTEXT(2) 
PARAMETRIC_REPRESENTATION_CONTEXT() REPRESENTATION_CONTEXT('2D SPACE',''
  ) );
#902 = ORIENTED_EDGE('',*,*,#903,.F.);
#903 = EDGE_CURVE('',#904,#881,#906,.T.);
#904 = VERTEX_POINT('',#905);
#905 = CARTESIAN_POINT('',(15.109,1.7763568394E-15,9.967092117918));
#906 = SURFACE_CURVE('',#907,(#910,#917),.PCURVE_S1.);
#907 = B_SPLINE_CURVE_WITH_KNOTS('',1,(#908,#909),.UNSPECIFIED.,.F.,.F.,
  (2,2),(0.,2.236901112349E-03),.PIECEWISE_BEZIER_KNOTS.);
#908 = CARTESIAN_POINT('',(15.109,0.,9.967092117918));
#909 = CARTESIAN_POINT('',(15.109,0.,12.203993230268));
#910 = PCURVE('',#839,#911);
#911 = DEFINITIONAL_REPRESENTATION('',(#912),#916);
#912 = B_SPLINE_CURVE_WITH_KNOTS('',2,(#913,#914,#915),.UNSPECIFIED.,.F.
  ,.F.,(3,3),(0.,2.236901112349E-03),.PIECEWISE_BEZIER_KNOTS.);
#913 = CARTESIAN_POINT('',(6.28318530718,0.));
#914 = CARTESIAN_POINT('',(6.28318530718,-1.118450556175E-03));
#915 = CARTESIAN_POINT('',(6.28318530718,-2.236901112349E-03));
#916 = ( GEOMETRIC_REPRESENTATION_CONTEXT(2) 
PARAMETRIC_REPRESENTATION_CONTEXT() REPRESENTATION_CONTEXT('2D SPACE',''
  ) );
#917 = PCURVE('',#918,#923);
#918 = B_SPLINE_SURFACE_WITH_KNOTS('',1,1,(
    (#919,#920)
    ,(#921,#922
    )),.UNSPECIFIED.,.F.,.F.,.F.,(2,2),(2,2),(0.,1.893400776149E-03),(
    -2.236901112349E-03,0.),.PIECEWISE_BEZIER_KNOTS.);
#919 = CARTESIAN_POINT('',(15.109,0.,12.203993230268));
#920 = CARTESIAN_POINT('',(15.109,0.,9.967092117918));
#921 = CARTESIAN_POINT('',(13.31609684628,0.608658180346,12.203993230268
    ));
#922 = CARTESIAN_POINT('',(13.31609684628,0.608658180346,9.967092117918)
  );
#923 = DEFINITIONAL_REPRESENTATION('',(#924),#927);
#924 = B_SPLINE_CURVE_WITH_KNOTS('',1,(#925,#926),.UNSPECIFIED.,.F.,.F.,
  (2,2),(0.,2.236901112349E-03),.PIECEWISE_BEZIER_KNOTS.);
#925 = CARTESIAN_POINT('',(0.,0.));
#926 = CARTESIAN_POINT('',(0.,-2.236901112349E-03));
#927 = ( GEOMETRIC_REPRESENTATION_CONTEXT(2) 
PARAMETRIC_REPRESENTATION_CONTEXT() REPRESENTATION_CONTEXT('2D SPACE',''
  ) );
#928 = ORIENTED_EDGE('',*,*,#929,.F.);
#929 = EDGE_CURVE('',#826,#904,#930,.T.);
#930 = SURFACE_CURVE('',#931,(#935,#942),.PCURVE_S1.);
#931 = ( BOUNDED_CURVE() B_SPLINE_CURVE(2,(#932,#933,#934),
.UNSPECIFIED.,.F.,.F.) B_SPLINE_CURVE_WITH_KNOTS((3,3),(5.857139434353,
6.28318530718),.PIECEWISE_BEZIER_KNOTS.) CURVE() 
GEOMETRIC_REPRESENTATION_ITEM() RATIONAL_B_SPLINE_CURVE((1.,
0.977396285971,1.)) REPRESENTATION_ITEM('') );
#932 = CARTESIAN_POINT('',(13.758361157885,6.244147599889,9.967092117918
    ));
#933 = CARTESIAN_POINT('',(15.109,3.268148604604,9.967092117918));
#934 = CARTESIAN_POINT('',(15.109,4.440892098501E-15,9.967092117918));
#935 = PCURVE('',#839,#936);
#936 = DEFINITIONAL_REPRESENTATION('',(#937),#941);
#937 = B_SPLINE_CURVE_WITH_KNOTS('',2,(#938,#939,#940),.UNSPECIFIED.,.F.
  ,.F.,(3,3),(5.857139434353,6.28318530718),.PIECEWISE_BEZIER_KNOTS.);
#938 = CARTESIAN_POINT('',(5.857139434353,0.));
#939 = CARTESIAN_POINT('',(6.070162370766,0.));
#940 = CARTESIAN_POINT('',(6.28318530718,0.));
#941 = ( GEOMETRIC_REPRESENTATION_CONTEXT(2) 
PARAMETRIC_REPRESENTATION_CONTEXT() REPRESENTATION_CONTEXT('2D SPACE',''
  ) );
#942 = PCURVE('',#865,#943);
#943 = DEFINITIONAL_REPRESENTATION('',(#944),#948);
#944 = ( BOUNDED_CURVE() B_SPLINE_CURVE(2,(#945,#946,#947),
.UNSPECIFIED.,.F.,.F.) B_SPLINE_CURVE_WITH_KNOTS((3,3),(5.857139434353,
6.28318530718),.PIECEWISE_BEZIER_KNOTS.) CURVE() 
GEOMETRIC_REPRESENTATION_ITEM() RATIONAL_B_SPLINE_CURVE((1.,
0.977396285971,1.)) REPRESENTATION_ITEM('') );
#945 = CARTESIAN_POINT('',(1.078634977129E-04,3.24481721672E-03));
#946 = CARTESIAN_POINT('',(-1.242775344402E-03,2.688182214338E-04));
#947 = CARTESIAN_POINT('',(-1.242775344402E-03,-2.99933038317E-03));
#948 = ( GEOMETRIC_REPRESENTATION_CONTEXT(2) 
PARAMETRIC_REPRESENTATION_CONTEXT() REPRESENTATION_CONTEXT('2D SPACE',''
  ) );
#949 = ADVANCED_FACE('',(#950),#918,.T.);
#950 = FACE_BOUND('',#951,.T.);
#951 = EDGE_LOOP('',(#952,#953,#973,#994));
#952 = ORIENTED_EDGE('',*,*,#903,.T.);
#953 = ORIENTED_EDGE('',*,*,#954,.T.);
#954 = EDGE_CURVE('',#881,#955,#957,.T.);
#955 = VERTEX_POINT('',#956);
#956 = CARTESIAN_POINT('',(13.31609684628,0.608658180346,12.203993230268
    ));
#957 = SURFACE_CURVE('',#958,(#961,#967),.PCURVE_S1.);
#958 = B_SPLINE_CURVE_WITH_KNOTS('',1,(#959,#960),.UNSPECIFIED.,.F.,.F.,
  (2,2),(0.,1.893400776149E-03),.PIECEWISE_BEZIER_KNOTS.);
#959 = CARTESIAN_POINT('',(15.109,0.,12.203993230268));
#960 = CARTESIAN_POINT('',(13.31609684628,0.608658180346,12.203993230268
    ));
#961 = PCURVE('',#918,#962);
#962 = DEFINITIONAL_REPRESENTATION('',(#963),#966);
#963 = B_SPLINE_CURVE_WITH_KNOTS('',1,(#964,#965),.UNSPECIFIED.,.F.,.F.,
  (2,2),(0.,1.893400776149E-03),.PIECEWISE_BEZIER_KNOTS.);
#964 = CARTESIAN_POINT('',(0.,-2.236901112349E-03));
#965 = CARTESIAN_POINT('',(1.893400776149E-03,-2.236901112349E-03));
#966 = ( GEOMETRIC_REPRESENTATION_CONTEXT(2) 
PARAMETRIC_REPRESENTATION_CONTEXT() REPRESENTATION_CONTEXT('2D SPACE',''
  ) );
#967 = PCURVE('',#814,#968);
#968 = DEFINITIONAL_REPRESENTATION('',(#969),#972);
#969 = B_SPLINE_CURVE_WITH_KNOTS('',1,(#970,#971),.UNSPECIFIED.,.F.,.F.,
  (2,2),(0.,1.893400776149E-03),.PIECEWISE_BEZIER_KNOTS.);
#970 = CARTESIAN_POINT('',(-1.242775344402E-03,-2.99933038317E-03));
#971 = CARTESIAN_POINT('',(5.501278093181E-04,-2.390672202824E-03));
#972 = ( GEOMETRIC_REPRESENTATION_CONTEXT(2) 
PARAMETRIC_REPRESENTATION_CONTEXT() REPRESENTATION_CONTEXT('2D SPACE',''
  ) );
#973 = ORIENTED_EDGE('',*,*,#974,.F.);
#974 = EDGE_CURVE('',#975,#955,#977,.T.);
#975 = VERTEX_POINT('',#976);
#976 = CARTESIAN_POINT('',(13.31609684628,0.608658180346,9.967092117918)
  );
#977 = SURFACE_CURVE('',#978,(#981,#987),.PCURVE_S1.);
#978 = B_SPLINE_CURVE_WITH_KNOTS('',1,(#979,#980),.UNSPECIFIED.,.F.,.F.,
  (2,2),(0.,2.236901112349E-03),.PIECEWISE_BEZIER_KNOTS.);
#979 = CARTESIAN_POINT('',(13.31609684628,0.608658180346,9.967092117918)
  );
#980 = CARTESIAN_POINT('',(13.31609684628,0.608658180346,12.203993230268
    ));
#981 = PCURVE('',#918,#982);
#982 = DEFINITIONAL_REPRESENTATION('',(#983),#986);
#983 = B_SPLINE_CURVE_WITH_KNOTS('',1,(#984,#985),.UNSPECIFIED.,.F.,.F.,
  (2,2),(0.,2.236901112349E-03),.PIECEWISE_BEZIER_KNOTS.);
#984 = CARTESIAN_POINT('',(1.893400776149E-03,0.));
#985 = CARTESIAN_POINT('',(1.893400776149E-03,-2.236901112349E-03));
#986 = ( GEOMETRIC_REPRESENTATION_CONTEXT(2) 
PARAMETRIC_REPRESENTATION_CONTEXT() REPRESENTATION_CONTEXT('2D SPACE',''
  ) );
#987 = PCURVE('',#786,#988);
#988 = DEFINITIONAL_REPRESENTATION('',(#989),#993);
#989 = B_SPLINE_CURVE_WITH_KNOTS('',2,(#990,#991,#992),.UNSPECIFIED.,.F.
  ,.F.,(3,3),(0.,2.236901112349E-03),.PIECEWISE_BEZIER_KNOTS.);
#990 = CARTESIAN_POINT('',(3.187269313626,0.));
#991 = CARTESIAN_POINT('',(3.187269313626,-1.118450556175E-03));
#992 = CARTESIAN_POINT('',(3.187269313626,-2.236901112349E-03));
#993 = ( GEOMETRIC_REPRESENTATION_CONTEXT(2) 
PARAMETRIC_REPRESENTATION_CONTEXT() REPRESENTATION_CONTEXT('2D SPACE',''
  ) );
#994 = ORIENTED_EDGE('',*,*,#995,.F.);
#995 = EDGE_CURVE('',#904,#975,#996,.T.);
#996 = SURFACE_CURVE('',#997,(#1000,#1006),.PCURVE_S1.);
#997 = B_SPLINE_CURVE_WITH_KNOTS('',1,(#998,#999),.UNSPECIFIED.,.F.,.F.,
  (2,2),(0.,1.893400776149E-03),.PIECEWISE_BEZIER_KNOTS.);
#998 = CARTESIAN_POINT('',(15.109,0.,9.967092117918));
#999 = CARTESIAN_POINT('',(13.31609684628,0.608658180346,9.967092117918)
  );
#1000 = PCURVE('',#918,#1001);
#1001 = DEFINITIONAL_REPRESENTATION('',(#1002),#1005);
#1002 = B_SPLINE_CURVE_WITH_KNOTS('',1,(#1003,#1004),.UNSPECIFIED.,.F.,
  .F.,(2,2),(0.,1.893400776149E-03),.PIECEWISE_BEZIER_KNOTS.);
#1003 = CARTESIAN_POINT('',(0.,0.));
#1004 = CARTESIAN_POINT('',(1.893400776149E-03,0.));
#1005 = ( GEOMETRIC_REPRESENTATION_CONTEXT(2) 
PARAMETRIC_REPRESENTATION_CONTEXT() REPRESENTATION_CONTEXT('2D SPACE',''
  ) );
#1006 = PCURVE('',#865,#1007);
#1007 = DEFINITIONAL_REPRESENTATION('',(#1008),#1011);
#1008 = B_SPLINE_CURVE_WITH_KNOTS('',1,(#1009,#1010),.UNSPECIFIED.,.F.,
  .F.,(2,2),(0.,1.893400776149E-03),.PIECEWISE_BEZIER_KNOTS.);
#1009 = CARTESIAN_POINT('',(-1.242775344402E-03,-2.99933038317E-03));
#1010 = CARTESIAN_POINT('',(5.501278093181E-04,-2.390672202824E-03));
#1011 = ( GEOMETRIC_REPRESENTATION_CONTEXT(2) 
PARAMETRIC_REPRESENTATION_CONTEXT() REPRESENTATION_CONTEXT('2D SPACE',''
  ) );
#1012 = ADVANCED_FACE('',(#1013),#786,.T.);
#1013 = FACE_BOUND('',#1014,.T.);
#1014 = EDGE_LOOP('',(#1015,#1016,#1037,#1038));
#1015 = ORIENTED_EDGE('',*,*,#974,.T.);
#1016 = ORIENTED_EDGE('',*,*,#1017,.T.);
#1017 = EDGE_CURVE('',#955,#768,#1018,.T.);
#1018 = SURFACE_CURVE('',#1019,(#1023,#1030),.PCURVE_S1.);
#1019 = ( BOUNDED_CURVE() B_SPLINE_CURVE(2,(#1020,#1021,#1022),
.UNSPECIFIED.,.F.,.F.) B_SPLINE_CURVE_WITH_KNOTS((3,3),(3.187269313626,
3.52196186638),.PIECEWISE_BEZIER_KNOTS.) CURVE() 
GEOMETRIC_REPRESENTATION_ITEM() RATIONAL_B_SPLINE_CURVE((1.,
0.986030259214,1.)) REPRESENTATION_ITEM('') );
#1020 = CARTESIAN_POINT('',(13.31609684628,0.608658180346,
    12.203993230268));
#1021 = CARTESIAN_POINT('',(13.213278568532,2.858095037129,
    12.203993230268));
#1022 = CARTESIAN_POINT('',(12.377273223936,4.948940042074,
    12.203993230268));
#1023 = PCURVE('',#786,#1024);
#1024 = DEFINITIONAL_REPRESENTATION('',(#1025),#1029);
#1025 = B_SPLINE_CURVE_WITH_KNOTS('',2,(#1026,#1027,#1028),
  .UNSPECIFIED.,.F.,.F.,(3,3),(3.187269313626,3.52196186638),
  .PIECEWISE_BEZIER_KNOTS.);
#1026 = CARTESIAN_POINT('',(3.187269313626,-2.236901112349E-03));
#1027 = CARTESIAN_POINT('',(3.354615590003,-2.236901112349E-03));
#1028 = CARTESIAN_POINT('',(3.52196186638,-2.236901112349E-03));
#1029 = ( GEOMETRIC_REPRESENTATION_CONTEXT(2) 
PARAMETRIC_REPRESENTATION_CONTEXT() REPRESENTATION_CONTEXT('2D SPACE',''
  ) );
#1030 = PCURVE('',#814,#1031);
#1031 = DEFINITIONAL_REPRESENTATION('',(#1032),#1036);
#1032 = ( BOUNDED_CURVE() B_SPLINE_CURVE(2,(#1033,#1034,#1035),
.UNSPECIFIED.,.F.,.F.) B_SPLINE_CURVE_WITH_KNOTS((3,3),(3.187269313626,
3.52196186638),.PIECEWISE_BEZIER_KNOTS.) CURVE() 
GEOMETRIC_REPRESENTATION_ITEM() RATIONAL_B_SPLINE_CURVE((1.,
0.986030259214,1.)) REPRESENTATION_ITEM('') );
#1033 = CARTESIAN_POINT('',(5.501278093181E-04,-2.390672202824E-03));
#1034 = CARTESIAN_POINT('',(6.529460870656E-04,-1.412353460404E-04));
#1035 = CARTESIAN_POINT('',(1.488951431662E-03,1.949609658904E-03));
#1036 = ( GEOMETRIC_REPRESENTATION_CONTEXT(2) 
PARAMETRIC_REPRESENTATION_CONTEXT() REPRESENTATION_CONTEXT('2D SPACE',''
  ) );
#1037 = ORIENTED_EDGE('',*,*,#765,.F.);
#1038 = ORIENTED_EDGE('',*,*,#1039,.F.);
#1039 = EDGE_CURVE('',#975,#766,#1040,.T.);
#1040 = SURFACE_CURVE('',#1041,(#1045,#1052),.PCURVE_S1.);
#1041 = ( BOUNDED_CURVE() B_SPLINE_CURVE(2,(#1042,#1043,#1044),
.UNSPECIFIED.,.F.,.F.) B_SPLINE_CURVE_WITH_KNOTS((3,3),(3.187269313626,
3.52196186638),.PIECEWISE_BEZIER_KNOTS.) CURVE() 
GEOMETRIC_REPRESENTATION_ITEM() RATIONAL_B_SPLINE_CURVE((1.,
0.986030259214,1.)) REPRESENTATION_ITEM('') );
#1042 = CARTESIAN_POINT('',(13.31609684628,0.608658180346,9.967092117918
    ));
#1043 = CARTESIAN_POINT('',(13.213278568532,2.858095037129,
    9.967092117918));
#1044 = CARTESIAN_POINT('',(12.377273223936,4.948940042074,
    9.967092117918));
#1045 = PCURVE('',#786,#1046);
#1046 = DEFINITIONAL_REPRESENTATION('',(#1047),#1051);
#1047 = B_SPLINE_CURVE_WITH_KNOTS('',2,(#1048,#1049,#1050),
  .UNSPECIFIED.,.F.,.F.,(3,3),(3.187269313626,3.52196186638),
  .PIECEWISE_BEZIER_KNOTS.);
#1048 = CARTESIAN_POINT('',(3.187269313626,0.));
#1049 = CARTESIAN_POINT('',(3.354615590003,0.));
#1050 = CARTESIAN_POINT('',(3.52196186638,0.));
#1051 = ( GEOMETRIC_REPRESENTATION_CONTEXT(2) 
PARAMETRIC_REPRESENTATION_CONTEXT() REPRESENTATION_CONTEXT('2D SPACE',''
  ) );
#1052 = PCURVE('',#865,#1053);
#1053 = DEFINITIONAL_REPRESENTATION('',(#1054),#1058);
#1054 = ( BOUNDED_CURVE() B_SPLINE_CURVE(2,(#1055,#1056,#1057),
.UNSPECIFIED.,.F.,.F.) B_SPLINE_CURVE_WITH_KNOTS((3,3),(3.187269313626,
3.52196186638),.PIECEWISE_BEZIER_KNOTS.) CURVE() 
GEOMETRIC_REPRESENTATION_ITEM() RATIONAL_B_SPLINE_CURVE((1.,
0.986030259214,1.)) REPRESENTATION_ITEM('') );
#1055 = CARTESIAN_POINT('',(5.501278093181E-04,-2.390672202824E-03));
#1056 = CARTESIAN_POINT('',(6.529460870656E-04,-1.412353460404E-04));
#1057 = CARTESIAN_POINT('',(1.488951431662E-03,1.949609658904E-03));
#1058 = ( GEOMETRIC_REPRESENTATION_CONTEXT(2) 
PARAMETRIC_REPRESENTATION_CONTEXT() REPRESENTATION_CONTEXT('2D SPACE',''
  ) );
#1059 = ADVANCED_FACE('',(#1060),#865,.T.);
#1060 = FACE_BOUND('',#1061,.T.);
#1061 = EDGE_LOOP('',(#1062,#1063,#1064,#1065));
#1062 = ORIENTED_EDGE('',*,*,#853,.T.);
#1063 = ORIENTED_EDGE('',*,*,#929,.T.);
#1064 = ORIENTED_EDGE('',*,*,#995,.T.);
#1065 = ORIENTED_EDGE('',*,*,#1039,.T.);
#1066 = ADVANCED_FACE('',(#1067),#814,.F.);
#1067 = FACE_BOUND('',#1068,.F.);
#1068 = EDGE_LOOP('',(#1069,#1070,#1071,#1072));
#1069 = ORIENTED_EDGE('',*,*,#800,.T.);
#1070 = ORIENTED_EDGE('',*,*,#880,.T.);
#1071 = ORIENTED_EDGE('',*,*,#954,.T.);
#1072 = ORIENTED_EDGE('',*,*,#1017,.T.);
#1073 = ( GEOMETRIC_REPRESENTATION_CONTEXT(3) 
GLOBAL_UNCERTAINTY_ASSIGNED_CONTEXT((#1077)) 
GLOBAL_UNIT_ASSIGNED_CONTEXT((#1074,#1075,#1076)) REPRESENTATION_CONTEXT
('Context #1','3D Context with UNIT and UNCERTAINTY') );
#1074 = ( LENGTH_UNIT() NAMED_UNIT(*) SI_UNIT(.MILLI.,.METRE.) );
#1075 = ( NAMED_UNIT(*) PLANE_ANGLE_UNIT() SI_UNIT($,.RADIAN.) );
#1076 = ( NAMED_UNIT(*) SI_UNIT($,.STERADIAN.) SOLID_ANGLE_UNIT() );
#1077 = UNCERTAINTY_MEASURE_WITH_UNIT(LENGTH_MEASURE(1.E-04),#1074,
  'distance_accuracy_value','confusion accuracy');
#1078 = CONTEXT_DEPENDENT_SHAPE_REPRESENTATION(#1079,#1081);
#1079 = ( REPRESENTATION_RELATIONSHIP('','',#758,#10) 
REPRESENTATION_RELATIONSHIP_WITH_TRANSFORMATION(#1080) 
SHAPE_REPRESENTATION_RELATIONSHIP() );
#1080 = ITEM_DEFINED_TRANSFORMATION('','',#11,#23);
#1081 = PRODUCT_DEFINITION_SHAPE('Placement','Placement of an item',
  #1082);
#1082 = NEXT_ASSEMBLY_USAGE_OCCURRENCE('45','','',#5,#753,$);
#1083 = PRODUCT_RELATED_PRODUCT_CATEGORY('part',$,(#755));
#1084 = SHAPE_DEFINITION_REPRESENTATION(#1085,#1091);
#1085 = PRODUCT_DEFINITION_SHAPE('','',#1086);
#1086 = PRODUCT_DEFINITION('design','',#1087,#1090);
#1087 = PRODUCT_DEFINITION_FORMATION('','',#1088);
#1088 = PRODUCT('Open CASCADE STEP translator 7.7 2.4',
  'Open CASCADE STEP translator 7.7 2.4','',(#1089));
#1089 = PRODUCT_CONTEXT('',#2,'mechanical');
#1090 = PRODUCT_DEFINITION_CONTEXT('part definition',#2,'design');
#1091 = ADVANCED_BREP_SHAPE_REPRESENTATION('',(#11,#1092),#1454);
#1092 = MANIFOLD_SOLID_BREP('',#1093);
#1093 = CLOSED_SHELL('',(#1094,#1208,#1305,#1368,#1438,#1445));
#1094 = ADVANCED_FACE('',(#1095),#1108,.T.);
#1095 = FACE_BOUND('',#1096,.T.);
#1096 = EDGE_LOOP('',(#1097,#1132,#1157,#1185));
#1097 = ORIENTED_EDGE('',*,*,#1098,.T.);
#1098 = EDGE_CURVE('',#1099,#1101,#1103,.T.);
#1099 = VERTEX_POINT('',#1100);
#1100 = CARTESIAN_POINT('',(-2.070657385109,13.168191902972,
    9.967092117918));
#1101 = VERTEX_POINT('',#1102);
#1102 = CARTESIAN_POINT('',(-2.070657385109,13.168191902972,
    12.203993230268));
#1103 = SURFACE_CURVE('',#1104,(#1107,#1118),.PCURVE_S1.);
#1104 = B_SPLINE_CURVE_WITH_KNOTS('',1,(#1105,#1106),.UNSPECIFIED.,.F.,
  .F.,(2,2),(0.,2.236901112349E-03),.PIECEWISE_BEZIER_KNOTS.);
#1105 = CARTESIAN_POINT('',(-2.070657385109,13.168191902972,
    9.967092117918));
#1106 = CARTESIAN_POINT('',(-2.070657385109,13.168191902972,
    12.203993230268));
#1107 = PCURVE('',#1108,#1113);
#1108 = B_SPLINE_SURFACE_WITH_KNOTS('',1,1,(
    (#1109,#1110)
    ,(#1111,#1112
    )),.UNSPECIFIED.,.F.,.F.,.F.,(2,2),(2,2),(0.,1.893400776149E-03),(
    -2.236901112349E-03,0.),.PIECEWISE_BEZIER_KNOTS.);
#1109 = CARTESIAN_POINT('',(-2.070657385109,13.168191902972,
    12.203993230268));
#1110 = CARTESIAN_POINT('',(-2.070657385109,13.168191902972,
    9.967092117918));
#1111 = CARTESIAN_POINT('',(-3.026070408355,14.802863874389,
    12.203993230268));
#1112 = CARTESIAN_POINT('',(-3.026070408355,14.802863874389,
    9.967092117918));
#1113 = DEFINITIONAL_REPRESENTATION('',(#1114),#1117);
#1114 = B_SPLINE_CURVE_WITH_KNOTS('',1,(#1115,#1116),.UNSPECIFIED.,.F.,
  .F.,(2,2),(0.,2.236901112349E-03),.PIECEWISE_BEZIER_KNOTS.);
#1115 = CARTESIAN_POINT('',(0.,0.));
#1116 = CARTESIAN_POINT('',(0.,-2.236901112349E-03));
#1117 = ( GEOMETRIC_REPRESENTATION_CONTEXT(2) 
PARAMETRIC_REPRESENTATION_CONTEXT() REPRESENTATION_CONTEXT('2D SPACE',''
  ) );
#1118 = PCURVE('',#1119,#1126);
#1119 = ( BOUNDED_SURFACE() B_SPLINE_SURFACE(2,1,(
    (#1120,#1121)
    ,(#1122,#1123)
    ,(#1124,#1125
)),.UNSPECIFIED.,.F.,.F.,.F.) B_SPLINE_SURFACE_WITH_KNOTS((3,3),(2,2),(
    3.187269313626,3.52196186638),(-2.236901112349E-03,0.),
.PIECEWISE_BEZIER_KNOTS.) GEOMETRIC_REPRESENTATION_ITEM() 
RATIONAL_B_SPLINE_SURFACE((
    (1.,1.)
    ,(0.986030259214,0.986030259214)
,(1.,1.))) REPRESENTATION_ITEM('') SURFACE() );
#1120 = CARTESIAN_POINT('',(2.36971245789,13.117673683505,
    12.203993230268));
#1121 = CARTESIAN_POINT('',(2.36971245789,13.117673683505,9.967092117918
    ));
#1122 = CARTESIAN_POINT('',(0.153794460329,13.517980064894,
    12.203993230268));
#1123 = CARTESIAN_POINT('',(0.153794460329,13.517980064894,
    9.967092117918));
#1124 = CARTESIAN_POINT('',(-2.070657385109,13.168191902972,
    12.203993230268));
#1125 = CARTESIAN_POINT('',(-2.070657385109,13.168191902972,
    9.967092117918));
#1126 = DEFINITIONAL_REPRESENTATION('',(#1127),#1131);
#1127 = B_SPLINE_CURVE_WITH_KNOTS('',2,(#1128,#1129,#1130),
  .UNSPECIFIED.,.F.,.F.,(3,3),(0.,2.236901112349E-03),
  .PIECEWISE_BEZIER_KNOTS.);
#1128 = CARTESIAN_POINT('',(3.52196186638,0.));
#1129 = CARTESIAN_POINT('',(3.52196186638,-1.118450556175E-03));
#1130 = CARTESIAN_POINT('',(3.52196186638,-2.236901112349E-03));
#1131 = ( GEOMETRIC_REPRESENTATION_CONTEXT(2) 
PARAMETRIC_REPRESENTATION_CONTEXT() REPRESENTATION_CONTEXT('2D SPACE',''
  ) );
#1132 = ORIENTED_EDGE('',*,*,#1133,.T.);
#1133 = EDGE_CURVE('',#1101,#1134,#1136,.T.);
#1134 = VERTEX_POINT('',#1135);
#1135 = CARTESIAN_POINT('',(-3.026070408355,14.802863874389,
    12.203993230268));
#1136 = SURFACE_CURVE('',#1137,(#1140,#1146),.PCURVE_S1.);
#1137 = B_SPLINE_CURVE_WITH_KNOTS('',1,(#1138,#1139),.UNSPECIFIED.,.F.,
  .F.,(2,2),(0.,1.893400776149E-03),.PIECEWISE_BEZIER_KNOTS.);
#1138 = CARTESIAN_POINT('',(-2.070657385109,13.168191902972,
    12.203993230268));
#1139 = CARTESIAN_POINT('',(-3.026070408355,14.802863874389,
    12.203993230268));
#1140 = PCURVE('',#1108,#1141);
#1141 = DEFINITIONAL_REPRESENTATION('',(#1142),#1145);
#1142 = B_SPLINE_CURVE_WITH_KNOTS('',1,(#1143,#1144),.UNSPECIFIED.,.F.,
  .F.,(2,2),(0.,1.893400776149E-03),.PIECEWISE_BEZIER_KNOTS.);
#1143 = CARTESIAN_POINT('',(0.,-2.236901112349E-03));
#1144 = CARTESIAN_POINT('',(1.893400776149E-03,-2.236901112349E-03));
#1145 = ( GEOMETRIC_REPRESENTATION_CONTEXT(2) 
PARAMETRIC_REPRESENTATION_CONTEXT() REPRESENTATION_CONTEXT('2D SPACE',''
  ) );
#1146 = PCURVE('',#1147,#1152);
#1147 = B_SPLINE_SURFACE_WITH_KNOTS('',1,1,(
    (#1148,#1149)
    ,(#1150,#1151
    )),.UNSPECIFIED.,.F.,.F.,.F.,(2,2),(2,2),(-1.242775344402E-03,
    1.488951431662E-03),(-2.99933038317E-03,3.24481721672E-03),
  .PIECEWISE_BEZIER_KNOTS.);
#1148 = CARTESIAN_POINT('',(3.362068791146,14.730185825155,
    12.203993230268));
#1149 = CARTESIAN_POINT('',(-2.725524991769,16.119639380844,
    12.203993230268));
#1150 = CARTESIAN_POINT('',(2.754202397623,12.066949142716,
    12.203993230268));
#1151 = CARTESIAN_POINT('',(-3.333391385293,13.456402698404,
    12.203993230268));
#1152 = DEFINITIONAL_REPRESENTATION('',(#1153),#1156);
#1153 = B_SPLINE_CURVE_WITH_KNOTS('',1,(#1154,#1155),.UNSPECIFIED.,.F.,
  .F.,(2,2),(0.,1.893400776149E-03),.PIECEWISE_BEZIER_KNOTS.);
#1154 = CARTESIAN_POINT('',(1.488951431662E-03,1.949609658904E-03));
#1155 = CARTESIAN_POINT('',(1.078634977129E-04,3.24481721672E-03));
#1156 = ( GEOMETRIC_REPRESENTATION_CONTEXT(2) 
PARAMETRIC_REPRESENTATION_CONTEXT() REPRESENTATION_CONTEXT('2D SPACE',''
  ) );
#1157 = ORIENTED_EDGE('',*,*,#1158,.F.);
#1158 = EDGE_CURVE('',#1159,#1134,#1161,.T.);
#1159 = VERTEX_POINT('',#1160);
#1160 = CARTESIAN_POINT('',(-3.026070408355,14.802863874389,
    9.967092117918));
#1161 = SURFACE_CURVE('',#1162,(#1165,#1171),.PCURVE_S1.);
#1162 = B_SPLINE_CURVE_WITH_KNOTS('',1,(#1163,#1164),.UNSPECIFIED.,.F.,
  .F.,(2,2),(0.,2.236901112349E-03),.PIECEWISE_BEZIER_KNOTS.);
#1163 = CARTESIAN_POINT('',(-3.026070408355,14.802863874389,
    9.967092117918));
#1164 = CARTESIAN_POINT('',(-3.026070408355,14.802863874389,
    12.203993230268));
#1165 = PCURVE('',#1108,#1166);
#1166 = DEFINITIONAL_REPRESENTATION('',(#1167),#1170);
#1167 = B_SPLINE_CURVE_WITH_KNOTS('',1,(#1168,#1169),.UNSPECIFIED.,.F.,
  .F.,(2,2),(0.,2.236901112349E-03),.PIECEWISE_BEZIER_KNOTS.);
#1168 = CARTESIAN_POINT('',(1.893400776149E-03,0.));
#1169 = CARTESIAN_POINT('',(1.893400776149E-03,-2.236901112349E-03));
#1170 = ( GEOMETRIC_REPRESENTATION_CONTEXT(2) 
PARAMETRIC_REPRESENTATION_CONTEXT() REPRESENTATION_CONTEXT('2D SPACE',''
  ) );
#1171 = PCURVE('',#1172,#1179);
#1172 = ( BOUNDED_SURFACE() B_SPLINE_SURFACE(2,1,(
    (#1173,#1174)
    ,(#1175,#1176)
    ,(#1177,#1178
)),.UNSPECIFIED.,.F.,.F.,.F.) B_SPLINE_SURFACE_WITH_KNOTS((3,3),(2,2),(
    5.857139434353,6.28318530718),(-2.236901112349E-03,0.),
.PIECEWISE_BEZIER_KNOTS.) GEOMETRIC_REPRESENTATION_ITEM() 
RATIONAL_B_SPLINE_SURFACE((
    (1.,1.)
    ,(0.977396285971,0.977396285971)
,(1.,1.))) REPRESENTATION_ITEM('') SURFACE() );
#1173 = CARTESIAN_POINT('',(-3.026070408355,14.802863874389,
    12.203993230268));
#1174 = CARTESIAN_POINT('',(-3.026070408355,14.802863874389,
    9.967092117918));
#1175 = CARTESIAN_POINT('',(0.17585949536,15.45741730496,12.203993230268
    ));
#1176 = CARTESIAN_POINT('',(0.17585949536,15.45741730496,9.967092117918)
  );
#1177 = CARTESIAN_POINT('',(3.362068791146,14.730185825155,
    12.203993230268));
#1178 = CARTESIAN_POINT('',(3.362068791146,14.730185825155,
    9.967092117918));
#1179 = DEFINITIONAL_REPRESENTATION('',(#1180),#1184);
#1180 = B_SPLINE_CURVE_WITH_KNOTS('',2,(#1181,#1182,#1183),
  .UNSPECIFIED.,.F.,.F.,(3,3),(0.,2.236901112349E-03),
  .PIECEWISE_BEZIER_KNOTS.);
#1181 = CARTESIAN_POINT('',(5.857139434353,0.));
#1182 = CARTESIAN_POINT('',(5.857139434353,-1.118450556175E-03));
#1183 = CARTESIAN_POINT('',(5.857139434353,-2.236901112349E-03));
#1184 = ( GEOMETRIC_REPRESENTATION_CONTEXT(2) 
PARAMETRIC_REPRESENTATION_CONTEXT() REPRESENTATION_CONTEXT('2D SPACE',''
  ) );
#1185 = ORIENTED_EDGE('',*,*,#1186,.F.);
#1186 = EDGE_CURVE('',#1099,#1159,#1187,.T.);
#1187 = SURFACE_CURVE('',#1188,(#1191,#1197),.PCURVE_S1.);
#1188 = B_SPLINE_CURVE_WITH_KNOTS('',1,(#1189,#1190),.UNSPECIFIED.,.F.,
  .F.,(2,2),(0.,1.893400776149E-03),.PIECEWISE_BEZIER_KNOTS.);
#1189 = CARTESIAN_POINT('',(-2.070657385109,13.168191902972,
    9.967092117918));
#1190 = CARTESIAN_POINT('',(-3.026070408355,14.802863874389,
    9.967092117918));
#1191 = PCURVE('',#1108,#1192);
#1192 = DEFINITIONAL_REPRESENTATION('',(#1193),#1196);
#1193 = B_SPLINE_CURVE_WITH_KNOTS('',1,(#1194,#1195),.UNSPECIFIED.,.F.,
  .F.,(2,2),(0.,1.893400776149E-03),.PIECEWISE_BEZIER_KNOTS.);
#1194 = CARTESIAN_POINT('',(0.,0.));
#1195 = CARTESIAN_POINT('',(1.893400776149E-03,0.));
#1196 = ( GEOMETRIC_REPRESENTATION_CONTEXT(2) 
PARAMETRIC_REPRESENTATION_CONTEXT() REPRESENTATION_CONTEXT('2D SPACE',''
  ) );
#1197 = PCURVE('',#1198,#1203);
#1198 = B_SPLINE_SURFACE_WITH_KNOTS('',1,1,(
    (#1199,#1200)
    ,(#1201,#1202
    )),.UNSPECIFIED.,.F.,.F.,.F.,(2,2),(2,2),(-1.242775344402E-03,
    1.488951431662E-03),(-2.99933038317E-03,3.24481721672E-03),
  .PIECEWISE_BEZIER_KNOTS.);
#1199 = CARTESIAN_POINT('',(3.362068791146,14.730185825155,
    9.967092117918));
#1200 = CARTESIAN_POINT('',(-2.725524991769,16.119639380844,
    9.967092117918));
#1201 = CARTESIAN_POINT('',(2.754202397623,12.066949142716,
    9.967092117918));
#1202 = CARTESIAN_POINT('',(-3.333391385293,13.456402698404,
    9.967092117918));
#1203 = DEFINITIONAL_REPRESENTATION('',(#1204),#1207);
#1204 = B_SPLINE_CURVE_WITH_KNOTS('',1,(#1205,#1206),.UNSPECIFIED.,.F.,
  .F.,(2,2),(0.,1.893400776149E-03),.PIECEWISE_BEZIER_KNOTS.);
#1205 = CARTESIAN_POINT('',(1.488951431662E-03,1.949609658904E-03));
#1206 = CARTESIAN_POINT('',(1.078634977129E-04,3.24481721672E-03));
#1207 = ( GEOMETRIC_REPRESENTATION_CONTEXT(2) 
PARAMETRIC_REPRESENTATION_CONTEXT() REPRESENTATION_CONTEXT('2D SPACE',''
  ) );
#1208 = ADVANCED_FACE('',(#1209),#1172,.T.);
#1209 = FACE_BOUND('',#1210,.T.);
#1210 = EDGE_LOOP('',(#1211,#1212,#1235,#1258,#1284));
#1211 = ORIENTED_EDGE('',*,*,#1158,.T.);
#1212 = ORIENTED_EDGE('',*,*,#1213,.T.);
#1213 = EDGE_CURVE('',#1134,#1214,#1216,.T.);
#1214 = VERTEX_POINT('',#1215);
#1215 = CARTESIAN_POINT('',(0.,15.109,12.203993230268));
#1216 = SURFACE_CURVE('',#1217,(#1221,#1228),.PCURVE_S1.);
#1217 = ( BOUNDED_CURVE() B_SPLINE_CURVE(2,(#1218,#1219,#1220),
.UNSPECIFIED.,.F.,.F.) B_SPLINE_CURVE_WITH_KNOTS((3,3),(5.857139434353,
6.058785831923),.PIECEWISE_BEZIER_KNOTS.) CURVE() 
GEOMETRIC_REPRESENTATION_ITEM() RATIONAL_B_SPLINE_CURVE((1.,
0.994921645405,1.)) REPRESENTATION_ITEM('') );
#1218 = CARTESIAN_POINT('',(-3.026070408355,14.802863874389,
    12.203993230268));
#1219 = CARTESIAN_POINT('',(-1.528520522553,15.109,12.203993230268));
#1220 = CARTESIAN_POINT('',(9.540979117872E-15,15.109,12.203993230268));
#1221 = PCURVE('',#1172,#1222);
#1222 = DEFINITIONAL_REPRESENTATION('',(#1223),#1227);
#1223 = B_SPLINE_CURVE_WITH_KNOTS('',2,(#1224,#1225,#1226),
  .UNSPECIFIED.,.F.,.F.,(3,3),(5.857139434353,6.058785831923),
  .PIECEWISE_BEZIER_KNOTS.);
#1224 = CARTESIAN_POINT('',(5.857139434353,-2.236901112349E-03));
#1225 = CARTESIAN_POINT('',(5.958555577457,-2.236901112349E-03));
#1226 = CARTESIAN_POINT('',(6.05882876337,-2.236901112349E-03));
#1227 = ( GEOMETRIC_REPRESENTATION_CONTEXT(2) 
PARAMETRIC_REPRESENTATION_CONTEXT() REPRESENTATION_CONTEXT('2D SPACE',''
  ) );
#1228 = PCURVE('',#1147,#1229);
#1229 = DEFINITIONAL_REPRESENTATION('',(#1230),#1234);
#1230 = ( BOUNDED_CURVE() B_SPLINE_CURVE(2,(#1231,#1232,#1233),
.UNSPECIFIED.,.F.,.F.) B_SPLINE_CURVE_WITH_KNOTS((3,3),(5.857139434353,
6.058785831923),.PIECEWISE_BEZIER_KNOTS.) CURVE() 
GEOMETRIC_REPRESENTATION_ITEM() RATIONAL_B_SPLINE_CURVE((1.,
0.994921645405,1.)) REPRESENTATION_ITEM('') );
#1231 = CARTESIAN_POINT('',(1.078634977129E-04,3.24481721672E-03));
#1232 = CARTESIAN_POINT('',(-5.238333553074E-04,1.852935729756E-03));
#1233 = CARTESIAN_POINT('',(-8.639611695574E-04,3.627384079762E-04));
#1234 = ( GEOMETRIC_REPRESENTATION_CONTEXT(2) 
PARAMETRIC_REPRESENTATION_CONTEXT() REPRESENTATION_CONTEXT('2D SPACE',''
  ) );
#1235 = ORIENTED_EDGE('',*,*,#1236,.T.);
#1236 = EDGE_CURVE('',#1214,#1237,#1239,.T.);
#1237 = VERTEX_POINT('',#1238);
#1238 = CARTESIAN_POINT('',(3.362068791146,14.730185825155,
    12.203993230268));
#1239 = SURFACE_CURVE('',#1240,(#1244,#1251),.PCURVE_S1.);
#1240 = ( BOUNDED_CURVE() B_SPLINE_CURVE(2,(#1241,#1242,#1243),
.UNSPECIFIED.,.F.,.F.) B_SPLINE_CURVE_WITH_KNOTS((3,3),(6.058785831923,
6.28318530718),.PIECEWISE_BEZIER_KNOTS.) CURVE() 
GEOMETRIC_REPRESENTATION_ITEM() RATIONAL_B_SPLINE_CURVE((1.,
0.993712209893,1.)) REPRESENTATION_ITEM('') );
#1241 = CARTESIAN_POINT('',(9.540979117872E-15,15.109,12.203993230268));
#1242 = CARTESIAN_POINT('',(1.702375448951,15.109,12.203993230268));
#1243 = CARTESIAN_POINT('',(3.362068791146,14.730185825155,
    12.203993230268));
#1244 = PCURVE('',#1172,#1245);
#1245 = DEFINITIONAL_REPRESENTATION('',(#1246),#1250);
#1246 = B_SPLINE_CURVE_WITH_KNOTS('',2,(#1247,#1248,#1249),
  .UNSPECIFIED.,.F.,.F.,(3,3),(6.058785831923,6.28318530718),
  .PIECEWISE_BEZIER_KNOTS.);
#1247 = CARTESIAN_POINT('',(6.05882876337,-2.236901112349E-03));
#1248 = CARTESIAN_POINT('',(6.170371330039,-2.236901112349E-03));
#1249 = CARTESIAN_POINT('',(6.28318530718,-2.236901112349E-03));
#1250 = ( GEOMETRIC_REPRESENTATION_CONTEXT(2) 
PARAMETRIC_REPRESENTATION_CONTEXT() REPRESENTATION_CONTEXT('2D SPACE',''
  ) );
#1251 = PCURVE('',#1147,#1252);
#1252 = DEFINITIONAL_REPRESENTATION('',(#1253),#1257);
#1253 = ( BOUNDED_CURVE() B_SPLINE_CURVE(2,(#1254,#1255,#1256),
.UNSPECIFIED.,.F.,.F.) B_SPLINE_CURVE_WITH_KNOTS((3,3),(6.058785831923,
6.28318530718),.PIECEWISE_BEZIER_KNOTS.) CURVE() 
GEOMETRIC_REPRESENTATION_ITEM() RATIONAL_B_SPLINE_CURVE((1.,
0.993712209893,1.)) REPRESENTATION_ITEM('') );
#1254 = CARTESIAN_POINT('',(-8.639611695574E-04,3.627384079762E-04));
#1255 = CARTESIAN_POINT('',(-1.242775344402E-03,-1.296954934219E-03));
#1256 = CARTESIAN_POINT('',(-1.242775344402E-03,-2.99933038317E-03));
#1257 = ( GEOMETRIC_REPRESENTATION_CONTEXT(2) 
PARAMETRIC_REPRESENTATION_CONTEXT() REPRESENTATION_CONTEXT('2D SPACE',''
  ) );
#1258 = ORIENTED_EDGE('',*,*,#1259,.F.);
#1259 = EDGE_CURVE('',#1260,#1237,#1262,.T.);
#1260 = VERTEX_POINT('',#1261);
#1261 = CARTESIAN_POINT('',(3.362068791146,14.730185825155,
    9.967092117918));
#1262 = SURFACE_CURVE('',#1263,(#1266,#1273),.PCURVE_S1.);
#1263 = B_SPLINE_CURVE_WITH_KNOTS('',1,(#1264,#1265),.UNSPECIFIED.,.F.,
  .F.,(2,2),(0.,2.236901112349E-03),.PIECEWISE_BEZIER_KNOTS.);
#1264 = CARTESIAN_POINT('',(3.362068791146,14.730185825155,
    9.967092117918));
#1265 = CARTESIAN_POINT('',(3.362068791146,14.730185825155,
    12.203993230268));
#1266 = PCURVE('',#1172,#1267);
#1267 = DEFINITIONAL_REPRESENTATION('',(#1268),#1272);
#1268 = B_SPLINE_CURVE_WITH_KNOTS('',2,(#1269,#1270,#1271),
  .UNSPECIFIED.,.F.,.F.,(3,3),(0.,2.236901112349E-03),
  .PIECEWISE_BEZIER_KNOTS.);
#1269 = CARTESIAN_POINT('',(6.28318530718,0.));
#1270 = CARTESIAN_POINT('',(6.28318530718,-1.118450556175E-03));
#1271 = CARTESIAN_POINT('',(6.28318530718,-2.236901112349E-03));
#1272 = ( GEOMETRIC_REPRESENTATION_CONTEXT(2) 
PARAMETRIC_REPRESENTATION_CONTEXT() REPRESENTATION_CONTEXT('2D SPACE',''
  ) );
#1273 = PCURVE('',#1274,#1279);
#1274 = B_SPLINE_SURFACE_WITH_KNOTS('',1,1,(
    (#1275,#1276)
    ,(#1277,#1278
    )),.UNSPECIFIED.,.F.,.F.,.F.,(2,2),(2,2),(0.,1.893400776149E-03),(
    -2.236901112349E-03,0.),.PIECEWISE_BEZIER_KNOTS.);
#1275 = CARTESIAN_POINT('',(3.362068791146,14.730185825155,
    12.203993230268));
#1276 = CARTESIAN_POINT('',(3.362068791146,14.730185825155,
    9.967092117918));
#1277 = CARTESIAN_POINT('',(2.36971245789,13.117673683505,
    12.203993230268));
#1278 = CARTESIAN_POINT('',(2.36971245789,13.117673683505,9.967092117918
    ));
#1279 = DEFINITIONAL_REPRESENTATION('',(#1280),#1283);
#1280 = B_SPLINE_CURVE_WITH_KNOTS('',1,(#1281,#1282),.UNSPECIFIED.,.F.,
  .F.,(2,2),(0.,2.236901112349E-03),.PIECEWISE_BEZIER_KNOTS.);
#1281 = CARTESIAN_POINT('',(0.,0.));
#1282 = CARTESIAN_POINT('',(0.,-2.236901112349E-03));
#1283 = ( GEOMETRIC_REPRESENTATION_CONTEXT(2) 
PARAMETRIC_REPRESENTATION_CONTEXT() REPRESENTATION_CONTEXT('2D SPACE',''
  ) );
#1284 = ORIENTED_EDGE('',*,*,#1285,.F.);
#1285 = EDGE_CURVE('',#1159,#1260,#1286,.T.);
#1286 = SURFACE_CURVE('',#1287,(#1291,#1298),.PCURVE_S1.);
#1287 = ( BOUNDED_CURVE() B_SPLINE_CURVE(2,(#1288,#1289,#1290),
.UNSPECIFIED.,.F.,.F.) B_SPLINE_CURVE_WITH_KNOTS((3,3),(5.857139434353,
6.28318530718),.PIECEWISE_BEZIER_KNOTS.) CURVE() 
GEOMETRIC_REPRESENTATION_ITEM() RATIONAL_B_SPLINE_CURVE((1.,
0.977396285971,1.)) REPRESENTATION_ITEM('') );
#1288 = CARTESIAN_POINT('',(-3.026070408355,14.802863874389,
    9.967092117918));
#1289 = CARTESIAN_POINT('',(0.17585949536,15.45741730496,9.967092117918)
  );
#1290 = CARTESIAN_POINT('',(3.362068791146,14.730185825155,
    9.967092117918));
#1291 = PCURVE('',#1172,#1292);
#1292 = DEFINITIONAL_REPRESENTATION('',(#1293),#1297);
#1293 = B_SPLINE_CURVE_WITH_KNOTS('',2,(#1294,#1295,#1296),
  .UNSPECIFIED.,.F.,.F.,(3,3),(5.857139434353,6.28318530718),
  .PIECEWISE_BEZIER_KNOTS.);
#1294 = CARTESIAN_POINT('',(5.857139434353,0.));
#1295 = CARTESIAN_POINT('',(6.070162370766,0.));
#1296 = CARTESIAN_POINT('',(6.28318530718,0.));
#1297 = ( GEOMETRIC_REPRESENTATION_CONTEXT(2) 
PARAMETRIC_REPRESENTATION_CONTEXT() REPRESENTATION_CONTEXT('2D SPACE',''
  ) );
#1298 = PCURVE('',#1198,#1299);
#1299 = DEFINITIONAL_REPRESENTATION('',(#1300),#1304);
#1300 = ( BOUNDED_CURVE() B_SPLINE_CURVE(2,(#1301,#1302,#1303),
.UNSPECIFIED.,.F.,.F.) B_SPLINE_CURVE_WITH_KNOTS((3,3),(5.857139434353,
6.28318530718),.PIECEWISE_BEZIER_KNOTS.) CURVE() 
GEOMETRIC_REPRESENTATION_ITEM() RATIONAL_B_SPLINE_CURVE((1.,
0.977396285971,1.)) REPRESENTATION_ITEM('') );
#1301 = CARTESIAN_POINT('',(1.078634977129E-04,3.24481721672E-03));
#1302 = CARTESIAN_POINT('',(-1.242775344402E-03,2.688182214338E-04));
#1303 = CARTESIAN_POINT('',(-1.242775344402E-03,-2.99933038317E-03));
#1304 = ( GEOMETRIC_REPRESENTATION_CONTEXT(2) 
PARAMETRIC_REPRESENTATION_CONTEXT() REPRESENTATION_CONTEXT('2D SPACE',''
  ) );
#1305 = ADVANCED_FACE('',(#1306),#1274,.T.);
#1306 = FACE_BOUND('',#1307,.T.);
#1307 = EDGE_LOOP('',(#1308,#1309,#1329,#1350));
#1308 = ORIENTED_EDGE('',*,*,#1259,.T.);
#1309 = ORIENTED_EDGE('',*,*,#1310,.T.);
#1310 = EDGE_CURVE('',#1237,#1311,#1313,.T.);
#1311 = VERTEX_POINT('',#1312);
#1312 = CARTESIAN_POINT('',(2.36971245789,13.117673683505,
    12.203993230268));
#1313 = SURFACE_CURVE('',#1314,(#1317,#1323),.PCURVE_S1.);
#1314 = B_SPLINE_CURVE_WITH_KNOTS('',1,(#1315,#1316),.UNSPECIFIED.,.F.,
  .F.,(2,2),(0.,1.893400776149E-03),.PIECEWISE_BEZIER_KNOTS.);
#1315 = CARTESIAN_POINT('',(3.362068791146,14.730185825155,
    12.203993230268));
#1316 = CARTESIAN_POINT('',(2.36971245789,13.117673683505,
    12.203993230268));
#1317 = PCURVE('',#1274,#1318);
#1318 = DEFINITIONAL_REPRESENTATION('',(#1319),#1322);
#1319 = B_SPLINE_CURVE_WITH_KNOTS('',1,(#1320,#1321),.UNSPECIFIED.,.F.,
  .F.,(2,2),(0.,1.893400776149E-03),.PIECEWISE_BEZIER_KNOTS.);
#1320 = CARTESIAN_POINT('',(0.,-2.236901112349E-03));
#1321 = CARTESIAN_POINT('',(1.893400776149E-03,-2.236901112349E-03));
#1322 = ( GEOMETRIC_REPRESENTATION_CONTEXT(2) 
PARAMETRIC_REPRESENTATION_CONTEXT() REPRESENTATION_CONTEXT('2D SPACE',''
  ) );
#1323 = PCURVE('',#1147,#1324);
#1324 = DEFINITIONAL_REPRESENTATION('',(#1325),#1328);
#1325 = B_SPLINE_CURVE_WITH_KNOTS('',1,(#1326,#1327),.UNSPECIFIED.,.F.,
  .F.,(2,2),(0.,1.893400776149E-03),.PIECEWISE_BEZIER_KNOTS.);
#1326 = CARTESIAN_POINT('',(-1.242775344402E-03,-2.99933038317E-03));
#1327 = CARTESIAN_POINT('',(5.501278093181E-04,-2.390672202824E-03));
#1328 = ( GEOMETRIC_REPRESENTATION_CONTEXT(2) 
PARAMETRIC_REPRESENTATION_CONTEXT() REPRESENTATION_CONTEXT('2D SPACE',''
  ) );
#1329 = ORIENTED_EDGE('',*,*,#1330,.F.);
#1330 = EDGE_CURVE('',#1331,#1311,#1333,.T.);
#1331 = VERTEX_POINT('',#1332);
#1332 = CARTESIAN_POINT('',(2.36971245789,13.117673683505,9.967092117918
    ));
#1333 = SURFACE_CURVE('',#1334,(#1337,#1343),.PCURVE_S1.);
#1334 = B_SPLINE_CURVE_WITH_KNOTS('',1,(#1335,#1336),.UNSPECIFIED.,.F.,
  .F.,(2,2),(0.,2.236901112349E-03),.PIECEWISE_BEZIER_KNOTS.);
#1335 = CARTESIAN_POINT('',(2.36971245789,13.117673683505,9.967092117918
    ));
#1336 = CARTESIAN_POINT('',(2.36971245789,13.117673683505,
    12.203993230268));
#1337 = PCURVE('',#1274,#1338);
#1338 = DEFINITIONAL_REPRESENTATION('',(#1339),#1342);
#1339 = B_SPLINE_CURVE_WITH_KNOTS('',1,(#1340,#1341),.UNSPECIFIED.,.F.,
  .F.,(2,2),(0.,2.236901112349E-03),.PIECEWISE_BEZIER_KNOTS.);
#1340 = CARTESIAN_POINT('',(1.893400776149E-03,0.));
#1341 = CARTESIAN_POINT('',(1.893400776149E-03,-2.236901112349E-03));
#1342 = ( GEOMETRIC_REPRESENTATION_CONTEXT(2) 
PARAMETRIC_REPRESENTATION_CONTEXT() REPRESENTATION_CONTEXT('2D SPACE',''
  ) );
#1343 = PCURVE('',#1119,#1344);
#1344 = DEFINITIONAL_REPRESENTATION('',(#1345),#1349);
#1345 = B_SPLINE_CURVE_WITH_KNOTS('',2,(#1346,#1347,#1348),
  .UNSPECIFIED.,.F.,.F.,(3,3),(0.,2.236901112349E-03),
  .PIECEWISE_BEZIER_KNOTS.);
#1346 = CARTESIAN_POINT('',(3.187269313626,0.));
#1347 = CARTESIAN_POINT('',(3.187269313626,-1.118450556175E-03));
#1348 = CARTESIAN_POINT('',(3.187269313626,-2.236901112349E-03));
#1349 = ( GEOMETRIC_REPRESENTATION_CONTEXT(2) 
PARAMETRIC_REPRESENTATION_CONTEXT() REPRESENTATION_CONTEXT('2D SPACE',''
  ) );
#1350 = ORIENTED_EDGE('',*,*,#1351,.F.);
#1351 = EDGE_CURVE('',#1260,#1331,#1352,.T.);
#1352 = SURFACE_CURVE('',#1353,(#1356,#1362),.PCURVE_S1.);
#1353 = B_SPLINE_CURVE_WITH_KNOTS('',1,(#1354,#1355),.UNSPECIFIED.,.F.,
  .F.,(2,2),(0.,1.893400776149E-03),.PIECEWISE_BEZIER_KNOTS.);
#1354 = CARTESIAN_POINT('',(3.362068791146,14.730185825155,
    9.967092117918));
#1355 = CARTESIAN_POINT('',(2.36971245789,13.117673683505,9.967092117918
    ));
#1356 = PCURVE('',#1274,#1357);
#1357 = DEFINITIONAL_REPRESENTATION('',(#1358),#1361);
#1358 = B_SPLINE_CURVE_WITH_KNOTS('',1,(#1359,#1360),.UNSPECIFIED.,.F.,
  .F.,(2,2),(0.,1.893400776149E-03),.PIECEWISE_BEZIER_KNOTS.);
#1359 = CARTESIAN_POINT('',(0.,0.));
#1360 = CARTESIAN_POINT('',(1.893400776149E-03,0.));
#1361 = ( GEOMETRIC_REPRESENTATION_CONTEXT(2) 
PARAMETRIC_REPRESENTATION_CONTEXT() REPRESENTATION_CONTEXT('2D SPACE',''
  ) );
#1362 = PCURVE('',#1198,#1363);
#1363 = DEFINITIONAL_REPRESENTATION('',(#1364),#1367);
#1364 = B_SPLINE_CURVE_WITH_KNOTS('',1,(#1365,#1366),.UNSPECIFIED.,.F.,
  .F.,(2,2),(0.,1.893400776149E-03),.PIECEWISE_BEZIER_KNOTS.);
#1365 = CARTESIAN_POINT('',(-1.242775344402E-03,-2.99933038317E-03));
#1366 = CARTESIAN_POINT('',(5.501278093181E-04,-2.390672202824E-03));
#1367 = ( GEOMETRIC_REPRESENTATION_CONTEXT(2) 
PARAMETRIC_REPRESENTATION_CONTEXT() REPRESENTATION_CONTEXT('2D SPACE',''
  ) );
#1368 = ADVANCED_FACE('',(#1369),#1119,.T.);
#1369 = FACE_BOUND('',#1370,.T.);
#1370 = EDGE_LOOP('',(#1371,#1372,#1395,#1416,#1417));
#1371 = ORIENTED_EDGE('',*,*,#1330,.T.);
#1372 = ORIENTED_EDGE('',*,*,#1373,.T.);
#1373 = EDGE_CURVE('',#1311,#1374,#1376,.T.);
#1374 = VERTEX_POINT('',#1375);
#1375 = CARTESIAN_POINT('',(0.,13.33,12.203993230268));
#1376 = SURFACE_CURVE('',#1377,(#1381,#1388),.PCURVE_S1.);
#1377 = ( BOUNDED_CURVE() B_SPLINE_CURVE(2,(#1378,#1379,#1380),
.UNSPECIFIED.,.F.,.F.) B_SPLINE_CURVE_WITH_KNOTS((3,3),(3.187269313626,
3.365992128846),.PIECEWISE_BEZIER_KNOTS.) CURVE() 
GEOMETRIC_REPRESENTATION_ITEM() RATIONAL_B_SPLINE_CURVE((1.,
0.996009925691,1.)) REPRESENTATION_ITEM('') );
#1378 = CARTESIAN_POINT('',(2.36971245789,13.117673683505,
    12.203993230268));
#1379 = CARTESIAN_POINT('',(1.19436845152,13.33,12.203993230268));
#1380 = CARTESIAN_POINT('',(-9.974659986867E-15,13.33,12.203993230268));
#1381 = PCURVE('',#1119,#1382);
#1382 = DEFINITIONAL_REPRESENTATION('',(#1383),#1387);
#1383 = B_SPLINE_CURVE_WITH_KNOTS('',2,(#1384,#1385,#1386),
  .UNSPECIFIED.,.F.,.F.,(3,3),(3.187269313626,3.365992128846),
  .PIECEWISE_BEZIER_KNOTS.);
#1384 = CARTESIAN_POINT('',(3.187269313626,-2.236901112349E-03));
#1385 = CARTESIAN_POINT('',(3.276929193363,-2.236901112349E-03));
#1386 = CARTESIAN_POINT('',(3.365965689077,-2.236901112349E-03));
#1387 = ( GEOMETRIC_REPRESENTATION_CONTEXT(2) 
PARAMETRIC_REPRESENTATION_CONTEXT() REPRESENTATION_CONTEXT('2D SPACE',''
  ) );
#1388 = PCURVE('',#1147,#1389);
#1389 = DEFINITIONAL_REPRESENTATION('',(#1390),#1394);
#1390 = ( BOUNDED_CURVE() B_SPLINE_CURVE(2,(#1391,#1392,#1393),
.UNSPECIFIED.,.F.,.F.) B_SPLINE_CURVE_WITH_KNOTS((3,3),(3.187269313626,
3.365992128846),.PIECEWISE_BEZIER_KNOTS.) CURVE() 
GEOMETRIC_REPRESENTATION_ITEM() RATIONAL_B_SPLINE_CURVE((1.,
0.996009925691,1.)) REPRESENTATION_ITEM('') );
#1391 = CARTESIAN_POINT('',(5.501278093181E-04,-2.390672202824E-03));
#1392 = CARTESIAN_POINT('',(6.046636028939E-04,-1.197549474348E-03));
#1393 = CARTESIAN_POINT('',(8.704355862141E-04,-3.312633353207E-05));
#1394 = ( GEOMETRIC_REPRESENTATION_CONTEXT(2) 
PARAMETRIC_REPRESENTATION_CONTEXT() REPRESENTATION_CONTEXT('2D SPACE',''
  ) );
#1395 = ORIENTED_EDGE('',*,*,#1396,.T.);
#1396 = EDGE_CURVE('',#1374,#1101,#1397,.T.);
#1397 = SURFACE_CURVE('',#1398,(#1402,#1409),.PCURVE_S1.);
#1398 = ( BOUNDED_CURVE() B_SPLINE_CURVE(2,(#1399,#1400,#1401),
.UNSPECIFIED.,.F.,.F.) B_SPLINE_CURVE_WITH_KNOTS((3,3),(3.365992128846,
3.52196186638),.PIECEWISE_BEZIER_KNOTS.) CURVE() 
GEOMETRIC_REPRESENTATION_ITEM() RATIONAL_B_SPLINE_CURVE((1.,
0.996960720907,1.)) REPRESENTATION_ITEM('') );
#1399 = CARTESIAN_POINT('',(-9.974659986867E-15,13.33,12.203993230268));
#1400 = CARTESIAN_POINT('',(-1.041650805631,13.33,12.203993230268));
#1401 = CARTESIAN_POINT('',(-2.070657385109,13.168191902972,
    12.203993230268));
#1402 = PCURVE('',#1119,#1403);
#1403 = DEFINITIONAL_REPRESENTATION('',(#1404),#1408);
#1404 = B_SPLINE_CURVE_WITH_KNOTS('',2,(#1405,#1406,#1407),
  .UNSPECIFIED.,.F.,.F.,(3,3),(3.365992128846,3.52196186638),
  .PIECEWISE_BEZIER_KNOTS.);
#1405 = CARTESIAN_POINT('',(3.365965689077,-2.236901112349E-03));
#1406 = CARTESIAN_POINT('',(3.443691680646,-2.236901112349E-03));
#1407 = CARTESIAN_POINT('',(3.52196186638,-2.236901112349E-03));
#1408 = ( GEOMETRIC_REPRESENTATION_CONTEXT(2) 
PARAMETRIC_REPRESENTATION_CONTEXT() REPRESENTATION_CONTEXT('2D SPACE',''
  ) );
#1409 = PCURVE('',#1147,#1410);
#1410 = DEFINITIONAL_REPRESENTATION('',(#1411),#1415);
#1411 = ( BOUNDED_CURVE() B_SPLINE_CURVE(2,(#1412,#1413,#1414),
.UNSPECIFIED.,.F.,.F.) B_SPLINE_CURVE_WITH_KNOTS((3,3),(3.365992128846,
3.52196186638),.PIECEWISE_BEZIER_KNOTS.) CURVE() 
GEOMETRIC_REPRESENTATION_ITEM() RATIONAL_B_SPLINE_CURVE((1.,
0.996960720907,1.)) REPRESENTATION_ITEM('') );
#1412 = CARTESIAN_POINT('',(8.704355862141E-04,-3.312633353207E-05));
#1413 = CARTESIAN_POINT('',(1.10222469634E-03,9.824081116247E-04));
#1414 = CARTESIAN_POINT('',(1.488951431662E-03,1.949609658904E-03));
#1415 = ( GEOMETRIC_REPRESENTATION_CONTEXT(2) 
PARAMETRIC_REPRESENTATION_CONTEXT() REPRESENTATION_CONTEXT('2D SPACE',''
  ) );
#1416 = ORIENTED_EDGE('',*,*,#1098,.F.);
#1417 = ORIENTED_EDGE('',*,*,#1418,.F.);
#1418 = EDGE_CURVE('',#1331,#1099,#1419,.T.);
#1419 = SURFACE_CURVE('',#1420,(#1424,#1431),.PCURVE_S1.);
#1420 = ( BOUNDED_CURVE() B_SPLINE_CURVE(2,(#1421,#1422,#1423),
.UNSPECIFIED.,.F.,.F.) B_SPLINE_CURVE_WITH_KNOTS((3,3),(3.187269313626,
3.52196186638),.PIECEWISE_BEZIER_KNOTS.) CURVE() 
GEOMETRIC_REPRESENTATION_ITEM() RATIONAL_B_SPLINE_CURVE((1.,
0.986030259214,1.)) REPRESENTATION_ITEM('') );
#1421 = CARTESIAN_POINT('',(2.36971245789,13.117673683505,9.967092117918
    ));
#1422 = CARTESIAN_POINT('',(0.153794460329,13.517980064894,
    9.967092117918));
#1423 = CARTESIAN_POINT('',(-2.070657385109,13.168191902972,
    9.967092117918));
#1424 = PCURVE('',#1119,#1425);
#1425 = DEFINITIONAL_REPRESENTATION('',(#1426),#1430);
#1426 = B_SPLINE_CURVE_WITH_KNOTS('',2,(#1427,#1428,#1429),
  .UNSPECIFIED.,.F.,.F.,(3,3),(3.187269313626,3.52196186638),
  .PIECEWISE_BEZIER_KNOTS.);
#1427 = CARTESIAN_POINT('',(3.187269313626,0.));
#1428 = CARTESIAN_POINT('',(3.354615590003,0.));
#1429 = CARTESIAN_POINT('',(3.52196186638,0.));
#1430 = ( GEOMETRIC_REPRESENTATION_CONTEXT(2) 
PARAMETRIC_REPRESENTATION_CONTEXT() REPRESENTATION_CONTEXT('2D SPACE',''
  ) );
#1431 = PCURVE('',#1198,#1432);
#1432 = DEFINITIONAL_REPRESENTATION('',(#1433),#1437);
#1433 = ( BOUNDED_CURVE() B_SPLINE_CURVE(2,(#1434,#1435,#1436),
.UNSPECIFIED.,.F.,.F.) B_SPLINE_CURVE_WITH_KNOTS((3,3),(3.187269313626,
3.52196186638),.PIECEWISE_BEZIER_KNOTS.) CURVE() 
GEOMETRIC_REPRESENTATION_ITEM() RATIONAL_B_SPLINE_CURVE((1.,
0.986030259214,1.)) REPRESENTATION_ITEM('') );
#1434 = CARTESIAN_POINT('',(5.501278093181E-04,-2.390672202824E-03));
#1435 = CARTESIAN_POINT('',(6.529460870656E-04,-1.412353460404E-04));
#1436 = CARTESIAN_POINT('',(1.488951431662E-03,1.949609658904E-03));
#1437 = ( GEOMETRIC_REPRESENTATION_CONTEXT(2) 
PARAMETRIC_REPRESENTATION_CONTEXT() REPRESENTATION_CONTEXT('2D SPACE',''
  ) );
#1438 = ADVANCED_FACE('',(#1439),#1198,.T.);
#1439 = FACE_BOUND('',#1440,.T.);
#1440 = EDGE_LOOP('',(#1441,#1442,#1443,#1444));
#1441 = ORIENTED_EDGE('',*,*,#1186,.T.);
#1442 = ORIENTED_EDGE('',*,*,#1285,.T.);
#1443 = ORIENTED_EDGE('',*,*,#1351,.T.);
#1444 = ORIENTED_EDGE('',*,*,#1418,.T.);
#1445 = ADVANCED_FACE('',(#1446),#1147,.F.);
#1446 = FACE_BOUND('',#1447,.F.);
#1447 = EDGE_LOOP('',(#1448,#1449,#1450,#1451,#1452,#1453));
#1448 = ORIENTED_EDGE('',*,*,#1133,.T.);
#1449 = ORIENTED_EDGE('',*,*,#1213,.T.);
#1450 = ORIENTED_EDGE('',*,*,#1236,.T.);
#1451 = ORIENTED_EDGE('',*,*,#1310,.T.);
#1452 = ORIENTED_EDGE('',*,*,#1373,.T.);
#1453 = ORIENTED_EDGE('',*,*,#1396,.T.);
#1454 = ( GEOMETRIC_REPRESENTATION_CONTEXT(3) 
GLOBAL_UNCERTAINTY_ASSIGNED_CONTEXT((#1458)) 
GLOBAL_UNIT_ASSIGNED_CONTEXT((#1455,#1456,#1457)) REPRESENTATION_CONTEXT
('Context #1','3D Context with UNIT and UNCERTAINTY') );
#1455 = ( LENGTH_UNIT() NAMED_UNIT(*) SI_UNIT(.MILLI.,.METRE.) );
#1456 = ( NAMED_UNIT(*) PLANE_ANGLE_UNIT() SI_UNIT($,.RADIAN.) );
#1457 = ( NAMED_UNIT(*) SI_UNIT($,.STERADIAN.) SOLID_ANGLE_UNIT() );
#1458 = UNCERTAINTY_MEASURE_WITH_UNIT(LENGTH_MEASURE(1.E-04),#1455,
  'distance_accuracy_value','confusion accuracy');
#1459 = CONTEXT_DEPENDENT_SHAPE_REPRESENTATION(#1460,#1462);
#1460 = ( REPRESENTATION_RELATIONSHIP('','',#1091,#10) 
REPRESENTATION_RELATIONSHIP_WITH_TRANSFORMATION(#1461) 
SHAPE_REPRESENTATION_RELATIONSHIP() );
#1461 = ITEM_DEFINED_TRANSFORMATION('','',#11,#27);
#1462 = PRODUCT_DEFINITION_SHAPE('Placement','Placement of an item',
  #1463);
#1463 = NEXT_ASSEMBLY_USAGE_OCCURRENCE('46','','',#5,#1086,$);
#1464 = PRODUCT_RELATED_PRODUCT_CATEGORY('part',$,(#1088));
#1465 = SHAPE_DEFINITION_REPRESENTATION(#1466,#1472);
#1466 = PRODUCT_DEFINITION_SHAPE('','',#1467);
#1467 = PRODUCT_DEFINITION('design','',#1468,#1471);
#1468 = PRODUCT_DEFINITION_FORMATION('','',#1469);
#1469 = PRODUCT('Open CASCADE STEP translator 7.7 2.5',
  'Open CASCADE STEP translator 7.7 2.5','',(#1470));
#1470 = PRODUCT_CONTEXT('',#2,'mechanical');
#1471 = PRODUCT_DEFINITION_CONTEXT('part definition',#2,'design');
#1472 = ADVANCED_BREP_SHAPE_REPRESENTATION('',(#11,#1473),#1787);
#1473 = MANIFOLD_SOLID_BREP('',#1474);
#1474 = CLOSED_SHELL('',(#1475,#1589,#1663,#1726,#1773,#1780));
#1475 = ADVANCED_FACE('',(#1476),#1489,.T.);
#1476 = FACE_BOUND('',#1477,.T.);
#1477 = EDGE_LOOP('',(#1478,#1513,#1538,#1566));
#1478 = ORIENTED_EDGE('',*,*,#1479,.T.);
#1479 = EDGE_CURVE('',#1480,#1482,#1484,.T.);
#1480 = VERTEX_POINT('',#1481);
#1481 = CARTESIAN_POINT('',(12.377273223936,4.948940042074,
    9.967092117918));
#1482 = VERTEX_POINT('',#1483);
#1483 = CARTESIAN_POINT('',(12.377273223936,4.948940042074,
    12.203993230268));
#1484 = SURFACE_CURVE('',#1485,(#1488,#1499),.PCURVE_S1.);
#1485 = B_SPLINE_CURVE_WITH_KNOTS('',1,(#1486,#1487),.UNSPECIFIED.,.F.,
  .F.,(2,2),(0.,2.236901112349E-03),.PIECEWISE_BEZIER_KNOTS.);
#1486 = CARTESIAN_POINT('',(12.377273223936,4.948940042074,
    9.967092117918));
#1487 = CARTESIAN_POINT('',(12.377273223936,4.948940042074,
    12.203993230268));
#1488 = PCURVE('',#1489,#1494);
#1489 = B_SPLINE_SURFACE_WITH_KNOTS('',1,1,(
    (#1490,#1491)
    ,(#1492,#1493
    )),.UNSPECIFIED.,.F.,.F.,.F.,(2,2),(2,2),(0.,1.893400776149E-03),(
    -2.236901112349E-03,0.),.PIECEWISE_BEZIER_KNOTS.);
#1490 = CARTESIAN_POINT('',(12.377273223936,4.948940042074,
    12.203993230268));
#1491 = CARTESIAN_POINT('',(12.377273223936,4.948940042074,
    9.967092117918));
#1492 = CARTESIAN_POINT('',(13.758361157885,6.244147599889,
    12.203993230268));
#1493 = CARTESIAN_POINT('',(13.758361157885,6.244147599889,
    9.967092117918));
#1494 = DEFINITIONAL_REPRESENTATION('',(#1495),#1498);
#1495 = B_SPLINE_CURVE_WITH_KNOTS('',1,(#1496,#1497),.UNSPECIFIED.,.F.,
  .F.,(2,2),(0.,2.236901112349E-03),.PIECEWISE_BEZIER_KNOTS.);
#1496 = CARTESIAN_POINT('',(0.,0.));
#1497 = CARTESIAN_POINT('',(0.,-2.236901112349E-03));
#1498 = ( GEOMETRIC_REPRESENTATION_CONTEXT(2) 
PARAMETRIC_REPRESENTATION_CONTEXT() REPRESENTATION_CONTEXT('2D SPACE',''
  ) );
#1499 = PCURVE('',#1500,#1507);
#1500 = ( BOUNDED_SURFACE() B_SPLINE_SURFACE(2,1,(
    (#1501,#1502)
    ,(#1503,#1504)
    ,(#1505,#1506
)),.UNSPECIFIED.,.F.,.F.,.F.) B_SPLINE_SURFACE_WITH_KNOTS((3,3),(2,2),(
    3.187269313626,3.52196186638),(-2.236901112349E-03,0.),
.PIECEWISE_BEZIER_KNOTS.) GEOMETRIC_REPRESENTATION_ITEM() 
RATIONAL_B_SPLINE_SURFACE((
    (1.,1.)
    ,(0.986030259214,0.986030259214)
,(1.,1.))) REPRESENTATION_ITEM('') SURFACE() );
#1501 = CARTESIAN_POINT('',(13.31609684628,0.608658180346,
    12.203993230268));
#1502 = CARTESIAN_POINT('',(13.31609684628,0.608658180346,9.967092117918
    ));
#1503 = CARTESIAN_POINT('',(13.213278568532,2.858095037129,
    12.203993230268));
#1504 = CARTESIAN_POINT('',(13.213278568532,2.858095037129,
    9.967092117918));
#1505 = CARTESIAN_POINT('',(12.377273223936,4.948940042074,
    12.203993230268));
#1506 = CARTESIAN_POINT('',(12.377273223936,4.948940042074,
    9.967092117918));
#1507 = DEFINITIONAL_REPRESENTATION('',(#1508),#1512);
#1508 = B_SPLINE_CURVE_WITH_KNOTS('',2,(#1509,#1510,#1511),
  .UNSPECIFIED.,.F.,.F.,(3,3),(0.,2.236901112349E-03),
  .PIECEWISE_BEZIER_KNOTS.);
#1509 = CARTESIAN_POINT('',(3.52196186638,0.));
#1510 = CARTESIAN_POINT('',(3.52196186638,-1.118450556175E-03));
#1511 = CARTESIAN_POINT('',(3.52196186638,-2.236901112349E-03));
#1512 = ( GEOMETRIC_REPRESENTATION_CONTEXT(2) 
PARAMETRIC_REPRESENTATION_CONTEXT() REPRESENTATION_CONTEXT('2D SPACE',''
  ) );
#1513 = ORIENTED_EDGE('',*,*,#1514,.T.);
#1514 = EDGE_CURVE('',#1482,#1515,#1517,.T.);
#1515 = VERTEX_POINT('',#1516);
#1516 = CARTESIAN_POINT('',(13.758361157885,6.244147599889,
    12.203993230268));
#1517 = SURFACE_CURVE('',#1518,(#1521,#1527),.PCURVE_S1.);
#1518 = B_SPLINE_CURVE_WITH_KNOTS('',1,(#1519,#1520),.UNSPECIFIED.,.F.,
  .F.,(2,2),(0.,1.893400776149E-03),.PIECEWISE_BEZIER_KNOTS.);
#1519 = CARTESIAN_POINT('',(12.377273223936,4.948940042074,
    12.203993230268));
#1520 = CARTESIAN_POINT('',(13.758361157885,6.244147599889,
    12.203993230268));
#1521 = PCURVE('',#1489,#1522);
#1522 = DEFINITIONAL_REPRESENTATION('',(#1523),#1526);
#1523 = B_SPLINE_CURVE_WITH_KNOTS('',1,(#1524,#1525),.UNSPECIFIED.,.F.,
  .F.,(2,2),(0.,1.893400776149E-03),.PIECEWISE_BEZIER_KNOTS.);
#1524 = CARTESIAN_POINT('',(0.,-2.236901112349E-03));
#1525 = CARTESIAN_POINT('',(1.893400776149E-03,-2.236901112349E-03));
#1526 = ( GEOMETRIC_REPRESENTATION_CONTEXT(2) 
PARAMETRIC_REPRESENTATION_CONTEXT() REPRESENTATION_CONTEXT('2D SPACE',''
  ) );
#1527 = PCURVE('',#1528,#1533);
#1528 = B_SPLINE_SURFACE_WITH_KNOTS('',1,1,(
    (#1529,#1530)
    ,(#1531,#1532
    )),.UNSPECIFIED.,.F.,.F.,.F.,(2,2),(2,2),(-1.242775344402E-03,
    1.488951431662E-03),(-2.99933038317E-03,3.24481721672E-03),
  .PIECEWISE_BEZIER_KNOTS.);
#1529 = CARTESIAN_POINT('',(15.109,1.33226762955E-15,12.203993230268));
#1530 = CARTESIAN_POINT('',(15.109,6.244147599889,12.203993230268));
#1531 = CARTESIAN_POINT('',(12.377273223936,1.33226762955E-15,
    12.203993230268));
#1532 = CARTESIAN_POINT('',(12.377273223936,6.244147599889,
    12.203993230268));
#1533 = DEFINITIONAL_REPRESENTATION('',(#1534),#1537);
#1534 = B_SPLINE_CURVE_WITH_KNOTS('',1,(#1535,#1536),.UNSPECIFIED.,.F.,
  .F.,(2,2),(0.,1.893400776149E-03),.PIECEWISE_BEZIER_KNOTS.);
#1535 = CARTESIAN_POINT('',(1.488951431662E-03,1.949609658904E-03));
#1536 = CARTESIAN_POINT('',(1.078634977129E-04,3.24481721672E-03));
#1537 = ( GEOMETRIC_REPRESENTATION_CONTEXT(2) 
PARAMETRIC_REPRESENTATION_CONTEXT() REPRESENTATION_CONTEXT('2D SPACE',''
  ) );
#1538 = ORIENTED_EDGE('',*,*,#1539,.F.);
#1539 = EDGE_CURVE('',#1540,#1515,#1542,.T.);
#1540 = VERTEX_POINT('',#1541);
#1541 = CARTESIAN_POINT('',(13.758361157885,6.244147599889,
    9.967092117918));
#1542 = SURFACE_CURVE('',#1543,(#1546,#1552),.PCURVE_S1.);
#1543 = B_SPLINE_CURVE_WITH_KNOTS('',1,(#1544,#1545),.UNSPECIFIED.,.F.,
  .F.,(2,2),(0.,2.236901112349E-03),.PIECEWISE_BEZIER_KNOTS.);
#1544 = CARTESIAN_POINT('',(13.758361157885,6.244147599889,
    9.967092117918));
#1545 = CARTESIAN_POINT('',(13.758361157885,6.244147599889,
    12.203993230268));
#1546 = PCURVE('',#1489,#1547);
#1547 = DEFINITIONAL_REPRESENTATION('',(#1548),#1551);
#1548 = B_SPLINE_CURVE_WITH_KNOTS('',1,(#1549,#1550),.UNSPECIFIED.,.F.,
  .F.,(2,2),(0.,2.236901112349E-03),.PIECEWISE_BEZIER_KNOTS.);
#1549 = CARTESIAN_POINT('',(1.893400776149E-03,0.));
#1550 = CARTESIAN_POINT('',(1.893400776149E-03,-2.236901112349E-03));
#1551 = ( GEOMETRIC_REPRESENTATION_CONTEXT(2) 
PARAMETRIC_REPRESENTATION_CONTEXT() REPRESENTATION_CONTEXT('2D SPACE',''
  ) );
#1552 = PCURVE('',#1553,#1560);
#1553 = ( BOUNDED_SURFACE() B_SPLINE_SURFACE(2,1,(
    (#1554,#1555)
    ,(#1556,#1557)
    ,(#1558,#1559
)),.UNSPECIFIED.,.F.,.F.,.F.) B_SPLINE_SURFACE_WITH_KNOTS((3,3),(2,2),(
    5.857139434353,6.28318530718),(-2.236901112349E-03,0.),
.PIECEWISE_BEZIER_KNOTS.) GEOMETRIC_REPRESENTATION_ITEM() 
RATIONAL_B_SPLINE_SURFACE((
    (1.,1.)
    ,(0.977396285971,0.977396285971)
,(1.,1.))) REPRESENTATION_ITEM('') SURFACE() );
#1554 = CARTESIAN_POINT('',(13.758361157885,6.244147599889,
    12.203993230268));
#1555 = CARTESIAN_POINT('',(13.758361157885,6.244147599889,
    9.967092117918));
#1556 = CARTESIAN_POINT('',(15.109,3.268148604604,12.203993230268));
#1557 = CARTESIAN_POINT('',(15.109,3.268148604604,9.967092117918));
#1558 = CARTESIAN_POINT('',(15.109,3.552713678801E-15,12.203993230268));
#1559 = CARTESIAN_POINT('',(15.109,3.552713678801E-15,9.967092117918));
#1560 = DEFINITIONAL_REPRESENTATION('',(#1561),#1565);
#1561 = B_SPLINE_CURVE_WITH_KNOTS('',2,(#1562,#1563,#1564),
  .UNSPECIFIED.,.F.,.F.,(3,3),(0.,2.236901112349E-03),
  .PIECEWISE_BEZIER_KNOTS.);
#1562 = CARTESIAN_POINT('',(5.857139434353,0.));
#1563 = CARTESIAN_POINT('',(5.857139434353,-1.118450556175E-03));
#1564 = CARTESIAN_POINT('',(5.857139434353,-2.236901112349E-03));
#1565 = ( GEOMETRIC_REPRESENTATION_CONTEXT(2) 
PARAMETRIC_REPRESENTATION_CONTEXT() REPRESENTATION_CONTEXT('2D SPACE',''
  ) );
#1566 = ORIENTED_EDGE('',*,*,#1567,.F.);
#1567 = EDGE_CURVE('',#1480,#1540,#1568,.T.);
#1568 = SURFACE_CURVE('',#1569,(#1572,#1578),.PCURVE_S1.);
#1569 = B_SPLINE_CURVE_WITH_KNOTS('',1,(#1570,#1571),.UNSPECIFIED.,.F.,
  .F.,(2,2),(0.,1.893400776149E-03),.PIECEWISE_BEZIER_KNOTS.);
#1570 = CARTESIAN_POINT('',(12.377273223936,4.948940042074,
    9.967092117918));
#1571 = CARTESIAN_POINT('',(13.758361157885,6.244147599889,
    9.967092117918));
#1572 = PCURVE('',#1489,#1573);
#1573 = DEFINITIONAL_REPRESENTATION('',(#1574),#1577);
#1574 = B_SPLINE_CURVE_WITH_KNOTS('',1,(#1575,#1576),.UNSPECIFIED.,.F.,
  .F.,(2,2),(0.,1.893400776149E-03),.PIECEWISE_BEZIER_KNOTS.);
#1575 = CARTESIAN_POINT('',(0.,0.));
#1576 = CARTESIAN_POINT('',(1.893400776149E-03,0.));
#1577 = ( GEOMETRIC_REPRESENTATION_CONTEXT(2) 
PARAMETRIC_REPRESENTATION_CONTEXT() REPRESENTATION_CONTEXT('2D SPACE',''
  ) );
#1578 = PCURVE('',#1579,#1584);
#1579 = B_SPLINE_SURFACE_WITH_KNOTS('',1,1,(
    (#1580,#1581)
    ,(#1582,#1583
    )),.UNSPECIFIED.,.F.,.F.,.F.,(2,2),(2,2),(-1.242775344402E-03,
    1.488951431662E-03),(-2.99933038317E-03,3.24481721672E-03),
  .PIECEWISE_BEZIER_KNOTS.);
#1580 = CARTESIAN_POINT('',(15.109,1.33226762955E-15,9.967092117918));
#1581 = CARTESIAN_POINT('',(15.109,6.244147599889,9.967092117918));
#1582 = CARTESIAN_POINT('',(12.377273223936,1.33226762955E-15,
    9.967092117918));
#1583 = CARTESIAN_POINT('',(12.377273223936,6.244147599889,
    9.967092117918));
#1584 = DEFINITIONAL_REPRESENTATION('',(#1585),#1588);
#1585 = B_SPLINE_CURVE_WITH_KNOTS('',1,(#1586,#1587),.UNSPECIFIED.,.F.,
  .F.,(2,2),(0.,1.893400776149E-03),.PIECEWISE_BEZIER_KNOTS.);
#1586 = CARTESIAN_POINT('',(1.488951431662E-03,1.949609658904E-03));
#1587 = CARTESIAN_POINT('',(1.078634977129E-04,3.24481721672E-03));
#1588 = ( GEOMETRIC_REPRESENTATION_CONTEXT(2) 
PARAMETRIC_REPRESENTATION_CONTEXT() REPRESENTATION_CONTEXT('2D SPACE',''
  ) );
#1589 = ADVANCED_FACE('',(#1590),#1553,.T.);
#1590 = FACE_BOUND('',#1591,.T.);
#1591 = EDGE_LOOP('',(#1592,#1593,#1616,#1642));
#1592 = ORIENTED_EDGE('',*,*,#1539,.T.);
#1593 = ORIENTED_EDGE('',*,*,#1594,.T.);
#1594 = EDGE_CURVE('',#1515,#1595,#1597,.T.);
#1595 = VERTEX_POINT('',#1596);
#1596 = CARTESIAN_POINT('',(15.109,8.881784197001E-16,12.203993230268));
#1597 = SURFACE_CURVE('',#1598,(#1602,#1609),.PCURVE_S1.);
#1598 = ( BOUNDED_CURVE() B_SPLINE_CURVE(2,(#1599,#1600,#1601),
.UNSPECIFIED.,.F.,.F.) B_SPLINE_CURVE_WITH_KNOTS((3,3),(5.857139434353,
6.28318530718),.PIECEWISE_BEZIER_KNOTS.) CURVE() 
GEOMETRIC_REPRESENTATION_ITEM() RATIONAL_B_SPLINE_CURVE((1.,
0.977396285971,1.)) REPRESENTATION_ITEM('') );
#1599 = CARTESIAN_POINT('',(13.758361157885,6.244147599889,
    12.203993230268));
#1600 = CARTESIAN_POINT('',(15.109,3.268148604604,12.203993230268));
#1601 = CARTESIAN_POINT('',(15.109,3.552713678801E-15,12.203993230268));
#1602 = PCURVE('',#1553,#1603);
#1603 = DEFINITIONAL_REPRESENTATION('',(#1604),#1608);
#1604 = B_SPLINE_CURVE_WITH_KNOTS('',2,(#1605,#1606,#1607),
  .UNSPECIFIED.,.F.,.F.,(3,3),(5.857139434353,6.28318530718),
  .PIECEWISE_BEZIER_KNOTS.);
#1605 = CARTESIAN_POINT('',(5.857139434353,-2.236901112349E-03));
#1606 = CARTESIAN_POINT('',(6.070162370766,-2.236901112349E-03));
#1607 = CARTESIAN_POINT('',(6.28318530718,-2.236901112349E-03));
#1608 = ( GEOMETRIC_REPRESENTATION_CONTEXT(2) 
PARAMETRIC_REPRESENTATION_CONTEXT() REPRESENTATION_CONTEXT('2D SPACE',''
  ) );
#1609 = PCURVE('',#1528,#1610);
#1610 = DEFINITIONAL_REPRESENTATION('',(#1611),#1615);
#1611 = ( BOUNDED_CURVE() B_SPLINE_CURVE(2,(#1612,#1613,#1614),
.UNSPECIFIED.,.F.,.F.) B_SPLINE_CURVE_WITH_KNOTS((3,3),(5.857139434353,
6.28318530718),.PIECEWISE_BEZIER_KNOTS.) CURVE() 
GEOMETRIC_REPRESENTATION_ITEM() RATIONAL_B_SPLINE_CURVE((1.,
0.977396285971,1.)) REPRESENTATION_ITEM('') );
#1612 = CARTESIAN_POINT('',(1.078634977129E-04,3.24481721672E-03));
#1613 = CARTESIAN_POINT('',(-1.242775344402E-03,2.688182214338E-04));
#1614 = CARTESIAN_POINT('',(-1.242775344402E-03,-2.99933038317E-03));
#1615 = ( GEOMETRIC_REPRESENTATION_CONTEXT(2) 
PARAMETRIC_REPRESENTATION_CONTEXT() REPRESENTATION_CONTEXT('2D SPACE',''
  ) );
#1616 = ORIENTED_EDGE('',*,*,#1617,.F.);
#1617 = EDGE_CURVE('',#1618,#1595,#1620,.T.);
#1618 = VERTEX_POINT('',#1619);
#1619 = CARTESIAN_POINT('',(15.109,8.881784197001E-16,9.967092117918));
#1620 = SURFACE_CURVE('',#1621,(#1624,#1631),.PCURVE_S1.);
#1621 = B_SPLINE_CURVE_WITH_KNOTS('',1,(#1622,#1623),.UNSPECIFIED.,.F.,
  .F.,(2,2),(0.,2.236901112349E-03),.PIECEWISE_BEZIER_KNOTS.);
#1622 = CARTESIAN_POINT('',(15.109,1.33226762955E-15,9.967092117918));
#1623 = CARTESIAN_POINT('',(15.109,1.33226762955E-15,12.203993230268));
#1624 = PCURVE('',#1553,#1625);
#1625 = DEFINITIONAL_REPRESENTATION('',(#1626),#1630);
#1626 = B_SPLINE_CURVE_WITH_KNOTS('',2,(#1627,#1628,#1629),
  .UNSPECIFIED.,.F.,.F.,(3,3),(0.,2.236901112349E-03),
  .PIECEWISE_BEZIER_KNOTS.);
#1627 = CARTESIAN_POINT('',(6.28318530718,0.));
#1628 = CARTESIAN_POINT('',(6.28318530718,-1.118450556175E-03));
#1629 = CARTESIAN_POINT('',(6.28318530718,-2.236901112349E-03));
#1630 = ( GEOMETRIC_REPRESENTATION_CONTEXT(2) 
PARAMETRIC_REPRESENTATION_CONTEXT() REPRESENTATION_CONTEXT('2D SPACE',''
  ) );
#1631 = PCURVE('',#1632,#1637);
#1632 = B_SPLINE_SURFACE_WITH_KNOTS('',1,1,(
    (#1633,#1634)
    ,(#1635,#1636
    )),.UNSPECIFIED.,.F.,.F.,.F.,(2,2),(2,2),(0.,1.893400776149E-03),(
    -2.236901112349E-03,0.),.PIECEWISE_BEZIER_KNOTS.);
#1633 = CARTESIAN_POINT('',(15.109,1.33226762955E-15,12.203993230268));
#1634 = CARTESIAN_POINT('',(15.109,1.33226762955E-15,9.967092117918));
#1635 = CARTESIAN_POINT('',(13.31609684628,0.608658180346,
    12.203993230268));
#1636 = CARTESIAN_POINT('',(13.31609684628,0.608658180346,9.967092117918
    ));
#1637 = DEFINITIONAL_REPRESENTATION('',(#1638),#1641);
#1638 = B_SPLINE_CURVE_WITH_KNOTS('',1,(#1639,#1640),.UNSPECIFIED.,.F.,
  .F.,(2,2),(0.,2.236901112349E-03),.PIECEWISE_BEZIER_KNOTS.);
#1639 = CARTESIAN_POINT('',(0.,0.));
#1640 = CARTESIAN_POINT('',(0.,-2.236901112349E-03));
#1641 = ( GEOMETRIC_REPRESENTATION_CONTEXT(2) 
PARAMETRIC_REPRESENTATION_CONTEXT() REPRESENTATION_CONTEXT('2D SPACE',''
  ) );
#1642 = ORIENTED_EDGE('',*,*,#1643,.F.);
#1643 = EDGE_CURVE('',#1540,#1618,#1644,.T.);
#1644 = SURFACE_CURVE('',#1645,(#1649,#1656),.PCURVE_S1.);
#1645 = ( BOUNDED_CURVE() B_SPLINE_CURVE(2,(#1646,#1647,#1648),
.UNSPECIFIED.,.F.,.F.) B_SPLINE_CURVE_WITH_KNOTS((3,3),(5.857139434353,
6.28318530718),.PIECEWISE_BEZIER_KNOTS.) CURVE() 
GEOMETRIC_REPRESENTATION_ITEM() RATIONAL_B_SPLINE_CURVE((1.,
0.977396285971,1.)) REPRESENTATION_ITEM('') );
#1646 = CARTESIAN_POINT('',(13.758361157885,6.244147599889,
    9.967092117918));
#1647 = CARTESIAN_POINT('',(15.109,3.268148604604,9.967092117918));
#1648 = CARTESIAN_POINT('',(15.109,3.552713678801E-15,9.967092117918));
#1649 = PCURVE('',#1553,#1650);
#1650 = DEFINITIONAL_REPRESENTATION('',(#1651),#1655);
#1651 = B_SPLINE_CURVE_WITH_KNOTS('',2,(#1652,#1653,#1654),
  .UNSPECIFIED.,.F.,.F.,(3,3),(5.857139434353,6.28318530718),
  .PIECEWISE_BEZIER_KNOTS.);
#1652 = CARTESIAN_POINT('',(5.857139434353,0.));
#1653 = CARTESIAN_POINT('',(6.070162370766,0.));
#1654 = CARTESIAN_POINT('',(6.28318530718,0.));
#1655 = ( GEOMETRIC_REPRESENTATION_CONTEXT(2) 
PARAMETRIC_REPRESENTATION_CONTEXT() REPRESENTATION_CONTEXT('2D SPACE',''
  ) );
#1656 = PCURVE('',#1579,#1657);
#1657 = DEFINITIONAL_REPRESENTATION('',(#1658),#1662);
#1658 = ( BOUNDED_CURVE() B_SPLINE_CURVE(2,(#1659,#1660,#1661),
.UNSPECIFIED.,.F.,.F.) B_SPLINE_CURVE_WITH_KNOTS((3,3),(5.857139434353,
6.28318530718),.PIECEWISE_BEZIER_KNOTS.) CURVE() 
GEOMETRIC_REPRESENTATION_ITEM() RATIONAL_B_SPLINE_CURVE((1.,
0.977396285971,1.)) REPRESENTATION_ITEM('') );
#1659 = CARTESIAN_POINT('',(1.078634977129E-04,3.24481721672E-03));
#1660 = CARTESIAN_POINT('',(-1.242775344402E-03,2.688182214338E-04));
#1661 = CARTESIAN_POINT('',(-1.242775344402E-03,-2.99933038317E-03));
#1662 = ( GEOMETRIC_REPRESENTATION_CONTEXT(2) 
PARAMETRIC_REPRESENTATION_CONTEXT() REPRESENTATION_CONTEXT('2D SPACE',''
  ) );
#1663 = ADVANCED_FACE('',(#1664),#1632,.T.);
#1664 = FACE_BOUND('',#1665,.T.);
#1665 = EDGE_LOOP('',(#1666,#1667,#1687,#1708));
#1666 = ORIENTED_EDGE('',*,*,#1617,.T.);
#1667 = ORIENTED_EDGE('',*,*,#1668,.T.);
#1668 = EDGE_CURVE('',#1595,#1669,#1671,.T.);
#1669 = VERTEX_POINT('',#1670);
#1670 = CARTESIAN_POINT('',(13.31609684628,0.608658180346,
    12.203993230268));
#1671 = SURFACE_CURVE('',#1672,(#1675,#1681),.PCURVE_S1.);
#1672 = B_SPLINE_CURVE_WITH_KNOTS('',1,(#1673,#1674),.UNSPECIFIED.,.F.,
  .F.,(2,2),(0.,1.893400776149E-03),.PIECEWISE_BEZIER_KNOTS.);
#1673 = CARTESIAN_POINT('',(15.109,1.33226762955E-15,12.203993230268));
#1674 = CARTESIAN_POINT('',(13.31609684628,0.608658180346,
    12.203993230268));
#1675 = PCURVE('',#1632,#1676);
#1676 = DEFINITIONAL_REPRESENTATION('',(#1677),#1680);
#1677 = B_SPLINE_CURVE_WITH_KNOTS('',1,(#1678,#1679),.UNSPECIFIED.,.F.,
  .F.,(2,2),(0.,1.893400776149E-03),.PIECEWISE_BEZIER_KNOTS.);
#1678 = CARTESIAN_POINT('',(0.,-2.236901112349E-03));
#1679 = CARTESIAN_POINT('',(1.893400776149E-03,-2.236901112349E-03));
#1680 = ( GEOMETRIC_REPRESENTATION_CONTEXT(2) 
PARAMETRIC_REPRESENTATION_CONTEXT() REPRESENTATION_CONTEXT('2D SPACE',''
  ) );
#1681 = PCURVE('',#1528,#1682);
#1682 = DEFINITIONAL_REPRESENTATION('',(#1683),#1686);
#1683 = B_SPLINE_CURVE_WITH_KNOTS('',1,(#1684,#1685),.UNSPECIFIED.,.F.,
  .F.,(2,2),(0.,1.893400776149E-03),.PIECEWISE_BEZIER_KNOTS.);
#1684 = CARTESIAN_POINT('',(-1.242775344402E-03,-2.99933038317E-03));
#1685 = CARTESIAN_POINT('',(5.501278093181E-04,-2.390672202824E-03));
#1686 = ( GEOMETRIC_REPRESENTATION_CONTEXT(2) 
PARAMETRIC_REPRESENTATION_CONTEXT() REPRESENTATION_CONTEXT('2D SPACE',''
  ) );
#1687 = ORIENTED_EDGE('',*,*,#1688,.F.);
#1688 = EDGE_CURVE('',#1689,#1669,#1691,.T.);
#1689 = VERTEX_POINT('',#1690);
#1690 = CARTESIAN_POINT('',(13.31609684628,0.608658180346,9.967092117918
    ));
#1691 = SURFACE_CURVE('',#1692,(#1695,#1701),.PCURVE_S1.);
#1692 = B_SPLINE_CURVE_WITH_KNOTS('',1,(#1693,#1694),.UNSPECIFIED.,.F.,
  .F.,(2,2),(0.,2.236901112349E-03),.PIECEWISE_BEZIER_KNOTS.);
#1693 = CARTESIAN_POINT('',(13.31609684628,0.608658180346,9.967092117918
    ));
#1694 = CARTESIAN_POINT('',(13.31609684628,0.608658180346,
    12.203993230268));
#1695 = PCURVE('',#1632,#1696);
#1696 = DEFINITIONAL_REPRESENTATION('',(#1697),#1700);
#1697 = B_SPLINE_CURVE_WITH_KNOTS('',1,(#1698,#1699),.UNSPECIFIED.,.F.,
  .F.,(2,2),(0.,2.236901112349E-03),.PIECEWISE_BEZIER_KNOTS.);
#1698 = CARTESIAN_POINT('',(1.893400776149E-03,0.));
#1699 = CARTESIAN_POINT('',(1.893400776149E-03,-2.236901112349E-03));
#1700 = ( GEOMETRIC_REPRESENTATION_CONTEXT(2) 
PARAMETRIC_REPRESENTATION_CONTEXT() REPRESENTATION_CONTEXT('2D SPACE',''
  ) );
#1701 = PCURVE('',#1500,#1702);
#1702 = DEFINITIONAL_REPRESENTATION('',(#1703),#1707);
#1703 = B_SPLINE_CURVE_WITH_KNOTS('',2,(#1704,#1705,#1706),
  .UNSPECIFIED.,.F.,.F.,(3,3),(0.,2.236901112349E-03),
  .PIECEWISE_BEZIER_KNOTS.);
#1704 = CARTESIAN_POINT('',(3.187269313626,0.));
#1705 = CARTESIAN_POINT('',(3.187269313626,-1.118450556175E-03));
#1706 = CARTESIAN_POINT('',(3.187269313626,-2.236901112349E-03));
#1707 = ( GEOMETRIC_REPRESENTATION_CONTEXT(2) 
PARAMETRIC_REPRESENTATION_CONTEXT() REPRESENTATION_CONTEXT('2D SPACE',''
  ) );
#1708 = ORIENTED_EDGE('',*,*,#1709,.F.);
#1709 = EDGE_CURVE('',#1618,#1689,#1710,.T.);
#1710 = SURFACE_CURVE('',#1711,(#1714,#1720),.PCURVE_S1.);
#1711 = B_SPLINE_CURVE_WITH_KNOTS('',1,(#1712,#1713),.UNSPECIFIED.,.F.,
  .F.,(2,2),(0.,1.893400776149E-03),.PIECEWISE_BEZIER_KNOTS.);
#1712 = CARTESIAN_POINT('',(15.109,1.33226762955E-15,9.967092117918));
#1713 = CARTESIAN_POINT('',(13.31609684628,0.608658180346,9.967092117918
    ));
#1714 = PCURVE('',#1632,#1715);
#1715 = DEFINITIONAL_REPRESENTATION('',(#1716),#1719);
#1716 = B_SPLINE_CURVE_WITH_KNOTS('',1,(#1717,#1718),.UNSPECIFIED.,.F.,
  .F.,(2,2),(0.,1.893400776149E-03),.PIECEWISE_BEZIER_KNOTS.);
#1717 = CARTESIAN_POINT('',(0.,0.));
#1718 = CARTESIAN_POINT('',(1.893400776149E-03,0.));
#1719 = ( GEOMETRIC_REPRESENTATION_CONTEXT(2) 
PARAMETRIC_REPRESENTATION_CONTEXT() REPRESENTATION_CONTEXT('2D SPACE',''
  ) );
#1720 = PCURVE('',#1579,#1721);
#1721 = DEFINITIONAL_REPRESENTATION('',(#1722),#1725);
#1722 = B_SPLINE_CURVE_WITH_KNOTS('',1,(#1723,#1724),.UNSPECIFIED.,.F.,
  .F.,(2,2),(0.,1.893400776149E-03),.PIECEWISE_BEZIER_KNOTS.);
#1723 = CARTESIAN_POINT('',(-1.242775344402E-03,-2.99933038317E-03));
#1724 = CARTESIAN_POINT('',(5.501278093181E-04,-2.390672202824E-03));
#1725 = ( GEOMETRIC_REPRESENTATION_CONTEXT(2) 
PARAMETRIC_REPRESENTATION_CONTEXT() REPRESENTATION_CONTEXT('2D SPACE',''
  ) );
#1726 = ADVANCED_FACE('',(#1727),#1500,.T.);
#1727 = FACE_BOUND('',#1728,.T.);
#1728 = EDGE_LOOP('',(#1729,#1730,#1751,#1752));
#1729 = ORIENTED_EDGE('',*,*,#1688,.T.);
#1730 = ORIENTED_EDGE('',*,*,#1731,.T.);
#1731 = EDGE_CURVE('',#1669,#1482,#1732,.T.);
#1732 = SURFACE_CURVE('',#1733,(#1737,#1744),.PCURVE_S1.);
#1733 = ( BOUNDED_CURVE() B_SPLINE_CURVE(2,(#1734,#1735,#1736),
.UNSPECIFIED.,.F.,.F.) B_SPLINE_CURVE_WITH_KNOTS((3,3),(3.187269313626,
3.52196186638),.PIECEWISE_BEZIER_KNOTS.) CURVE() 
GEOMETRIC_REPRESENTATION_ITEM() RATIONAL_B_SPLINE_CURVE((1.,
0.986030259214,1.)) REPRESENTATION_ITEM('') );
#1734 = CARTESIAN_POINT('',(13.31609684628,0.608658180346,
    12.203993230268));
#1735 = CARTESIAN_POINT('',(13.213278568532,2.858095037129,
    12.203993230268));
#1736 = CARTESIAN_POINT('',(12.377273223936,4.948940042074,
    12.203993230268));
#1737 = PCURVE('',#1500,#1738);
#1738 = DEFINITIONAL_REPRESENTATION('',(#1739),#1743);
#1739 = B_SPLINE_CURVE_WITH_KNOTS('',2,(#1740,#1741,#1742),
  .UNSPECIFIED.,.F.,.F.,(3,3),(3.187269313626,3.52196186638),
  .PIECEWISE_BEZIER_KNOTS.);
#1740 = CARTESIAN_POINT('',(3.187269313626,-2.236901112349E-03));
#1741 = CARTESIAN_POINT('',(3.354615590003,-2.236901112349E-03));
#1742 = CARTESIAN_POINT('',(3.52196186638,-2.236901112349E-03));
#1743 = ( GEOMETRIC_REPRESENTATION_CONTEXT(2) 
PARAMETRIC_REPRESENTATION_CONTEXT() REPRESENTATION_CONTEXT('2D SPACE',''
  ) );
#1744 = PCURVE('',#1528,#1745);
#1745 = DEFINITIONAL_REPRESENTATION('',(#1746),#1750);
#1746 = ( BOUNDED_CURVE() B_SPLINE_CURVE(2,(#1747,#1748,#1749),
.UNSPECIFIED.,.F.,.F.) B_SPLINE_CURVE_WITH_KNOTS((3,3),(3.187269313626,
3.52196186638),.PIECEWISE_BEZIER_KNOTS.) CURVE() 
GEOMETRIC_REPRESENTATION_ITEM() RATIONAL_B_SPLINE_CURVE((1.,
0.986030259214,1.)) REPRESENTATION_ITEM('') );
#1747 = CARTESIAN_POINT('',(5.501278093181E-04,-2.390672202824E-03));
#1748 = CARTESIAN_POINT('',(6.529460870656E-04,-1.412353460404E-04));
#1749 = CARTESIAN_POINT('',(1.488951431662E-03,1.949609658904E-03));
#1750 = ( GEOMETRIC_REPRESENTATION_CONTEXT(2) 
PARAMETRIC_REPRESENTATION_CONTEXT() REPRESENTATION_CONTEXT('2D SPACE',''
  ) );
#1751 = ORIENTED_EDGE('',*,*,#1479,.F.);
#1752 = ORIENTED_EDGE('',*,*,#1753,.F.);
#1753 = EDGE_CURVE('',#1689,#1480,#1754,.T.);
#1754 = SURFACE_CURVE('',#1755,(#1759,#1766),.PCURVE_S1.);
#1755 = ( BOUNDED_CURVE() B_SPLINE_CURVE(2,(#1756,#1757,#1758),
.UNSPECIFIED.,.F.,.F.) B_SPLINE_CURVE_WITH_KNOTS((3,3),(3.187269313626,
3.52196186638),.PIECEWISE_BEZIER_KNOTS.) CURVE() 
GEOMETRIC_REPRESENTATION_ITEM() RATIONAL_B_SPLINE_CURVE((1.,
0.986030259214,1.)) REPRESENTATION_ITEM('') );
#1756 = CARTESIAN_POINT('',(13.31609684628,0.608658180346,9.967092117918
    ));
#1757 = CARTESIAN_POINT('',(13.213278568532,2.858095037129,
    9.967092117918));
#1758 = CARTESIAN_POINT('',(12.377273223936,4.948940042074,
    9.967092117918));
#1759 = PCURVE('',#1500,#1760);
#1760 = DEFINITIONAL_REPRESENTATION('',(#1761),#1765);
#1761 = B_SPLINE_CURVE_WITH_KNOTS('',2,(#1762,#1763,#1764),
  .UNSPECIFIED.,.F.,.F.,(3,3),(3.187269313626,3.52196186638),
  .PIECEWISE_BEZIER_KNOTS.);
#1762 = CARTESIAN_POINT('',(3.187269313626,0.));
#1763 = CARTESIAN_POINT('',(3.354615590003,0.));
#1764 = CARTESIAN_POINT('',(3.52196186638,0.));
#1765 = ( GEOMETRIC_REPRESENTATION_CONTEXT(2) 
PARAMETRIC_REPRESENTATION_CONTEXT() REPRESENTATION_CONTEXT('2D SPACE',''
  ) );
#1766 = PCURVE('',#1579,#1767);
#1767 = DEFINITIONAL_REPRESENTATION('',(#1768),#1772);
#1768 = ( BOUNDED_CURVE() B_SPLINE_CURVE(2,(#1769,#1770,#1771),
.UNSPECIFIED.,.F.,.F.) B_SPLINE_CURVE_WITH_KNOTS((3,3),(3.187269313626,
3.52196186638),.PIECEWISE_BEZIER_KNOTS.) CURVE() 
GEOMETRIC_REPRESENTATION_ITEM() RATIONAL_B_SPLINE_CURVE((1.,
0.986030259214,1.)) REPRESENTATION_ITEM('') );
#1769 = CARTESIAN_POINT('',(5.501278093181E-04,-2.390672202824E-03));
#1770 = CARTESIAN_POINT('',(6.529460870656E-04,-1.412353460404E-04));
#1771 = CARTESIAN_POINT('',(1.488951431662E-03,1.949609658904E-03));
#1772 = ( GEOMETRIC_REPRESENTATION_CONTEXT(2) 
PARAMETRIC_REPRESENTATION_CONTEXT() REPRESENTATION_CONTEXT('2D SPACE',''
  ) );
#1773 = ADVANCED_FACE('',(#1774),#1579,.T.);
#1774 = FACE_BOUND('',#1775,.T.);
#1775 = EDGE_LOOP('',(#1776,#1777,#1778,#1779));
#1776 = ORIENTED_EDGE('',*,*,#1567,.T.);
#1777 = ORIENTED_EDGE('',*,*,#1643,.T.);
#1778 = ORIENTED_EDGE('',*,*,#1709,.T.);
#1779 = ORIENTED_EDGE('',*,*,#1753,.T.);
#1780 = ADVANCED_FACE('',(#1781),#1528,.F.);
#1781 = FACE_BOUND('',#1782,.F.);
#1782 = EDGE_LOOP('',(#1783,#1784,#1785,#1786));
#1783 = ORIENTED_EDGE('',*,*,#1514,.T.);
#1784 = ORIENTED_EDGE('',*,*,#1594,.T.);
#1785 = ORIENTED_EDGE('',*,*,#1668,.T.);
#1786 = ORIENTED_EDGE('',*,*,#1731,.T.);
#1787 = ( GEOMETRIC_REPRESENTATION_CONTEXT(3) 
GLOBAL_UNCERTAINTY_ASSIGNED_CONTEXT((#1791)) 
GLOBAL_UNIT_ASSIGNED_CONTEXT((#1788,#1789,#1790)) REPRESENTATION_CONTEXT
('Context #1','3D Context with UNIT and UNCERTAINTY') );
#1788 = ( LENGTH_UNIT() NAMED_UNIT(*) SI_UNIT(.MILLI.,.METRE.) );
#1789 = ( NAMED_UNIT(*) PLANE_ANGLE_UNIT() SI_UNIT($,.RADIAN.) );
#1790 = ( NAMED_UNIT(*) SI_UNIT($,.STERADIAN.) SOLID_ANGLE_UNIT() );
#1791 = UNCERTAINTY_MEASURE_WITH_UNIT(LENGTH_MEASURE(1.E-04),#1788,
  'distance_accuracy_value','confusion accuracy');
#1792 = CONTEXT_DEPENDENT_SHAPE_REPRESENTATION(#1793,#1795);
#1793 = ( REPRESENTATION_RELATIONSHIP('','',#1472,#10) 
REPRESENTATION_RELATIONSHIP_WITH_TRANSFORMATION(#1794) 
SHAPE_REPRESENTATION_RELATIONSHIP() );
#1794 = ITEM_DEFINED_TRANSFORMATION('','',#11,#31);
#1795 = PRODUCT_DEFINITION_SHAPE('Placement','Placement of an item',
  #1796);
#1796 = NEXT_ASSEMBLY_USAGE_OCCURRENCE('47','','',#5,#1467,$);
#1797 = PRODUCT_RELATED_PRODUCT_CATEGORY('part',$,(#1469));
#1798 = SHAPE_DEFINITION_REPRESENTATION(#1799,#1805);
#1799 = PRODUCT_DEFINITION_SHAPE('','',#1800);
#1800 = PRODUCT_DEFINITION('design','',#1801,#1804);
#1801 = PRODUCT_DEFINITION_FORMATION('','',#1802);
#1802 = PRODUCT('Open CASCADE STEP translator 7.7 2.6',
  'Open CASCADE STEP translator 7.7 2.6','',(#1803));
#1803 = PRODUCT_CONTEXT('',#2,'mechanical');
#1804 = PRODUCT_DEFINITION_CONTEXT('part definition',#2,'design');
#1805 = ADVANCED_BREP_SHAPE_REPRESENTATION('',(#11,#1806),#2120);
#1806 = MANIFOLD_SOLID_BREP('',#1807);
#1807 = CLOSED_SHELL('',(#1808,#1922,#1996,#2059,#2106,#2113));
#1808 = ADVANCED_FACE('',(#1809),#1822,.T.);
#1809 = FACE_BOUND('',#1810,.T.);
#1810 = EDGE_LOOP('',(#1811,#1846,#1871,#1899));
#1811 = ORIENTED_EDGE('',*,*,#1812,.T.);
#1812 = EDGE_CURVE('',#1813,#1815,#1817,.T.);
#1813 = VERTEX_POINT('',#1814);
#1814 = CARTESIAN_POINT('',(12.377273223936,4.948940042074,
    9.967092117918));
#1815 = VERTEX_POINT('',#1816);
#1816 = CARTESIAN_POINT('',(12.377273223936,4.948940042074,
    12.203993230268));
#1817 = SURFACE_CURVE('',#1818,(#1821,#1832),.PCURVE_S1.);
#1818 = B_SPLINE_CURVE_WITH_KNOTS('',1,(#1819,#1820),.UNSPECIFIED.,.F.,
  .F.,(2,2),(0.,2.236901112349E-03),.PIECEWISE_BEZIER_KNOTS.);
#1819 = CARTESIAN_POINT('',(12.377273223936,4.948940042074,
    9.967092117918));
#1820 = CARTESIAN_POINT('',(12.377273223936,4.948940042074,
    12.203993230268));
#1821 = PCURVE('',#1822,#1827);
#1822 = B_SPLINE_SURFACE_WITH_KNOTS('',1,1,(
    (#1823,#1824)
    ,(#1825,#1826
    )),.UNSPECIFIED.,.F.,.F.,.F.,(2,2),(2,2),(0.,1.893400776149E-03),(
    -2.236901112349E-03,0.),.PIECEWISE_BEZIER_KNOTS.);
#1823 = CARTESIAN_POINT('',(12.377273223936,4.948940042074,
    12.203993230268));
#1824 = CARTESIAN_POINT('',(12.377273223936,4.948940042074,
    9.967092117918));
#1825 = CARTESIAN_POINT('',(13.758361157885,6.244147599889,
    12.203993230268));
#1826 = CARTESIAN_POINT('',(13.758361157885,6.244147599889,
    9.967092117918));
#1827 = DEFINITIONAL_REPRESENTATION('',(#1828),#1831);
#1828 = B_SPLINE_CURVE_WITH_KNOTS('',1,(#1829,#1830),.UNSPECIFIED.,.F.,
  .F.,(2,2),(0.,2.236901112349E-03),.PIECEWISE_BEZIER_KNOTS.);
#1829 = CARTESIAN_POINT('',(0.,0.));
#1830 = CARTESIAN_POINT('',(0.,-2.236901112349E-03));
#1831 = ( GEOMETRIC_REPRESENTATION_CONTEXT(2) 
PARAMETRIC_REPRESENTATION_CONTEXT() REPRESENTATION_CONTEXT('2D SPACE',''
  ) );
#1832 = PCURVE('',#1833,#1840);
#1833 = ( BOUNDED_SURFACE() B_SPLINE_SURFACE(2,1,(
    (#1834,#1835)
    ,(#1836,#1837)
    ,(#1838,#1839
)),.UNSPECIFIED.,.F.,.F.,.F.) B_SPLINE_SURFACE_WITH_KNOTS((3,3),(2,2),(
    3.187269313626,3.52196186638),(-2.236901112349E-03,0.),
.PIECEWISE_BEZIER_KNOTS.) GEOMETRIC_REPRESENTATION_ITEM() 
RATIONAL_B_SPLINE_SURFACE((
    (1.,1.)
    ,(0.986030259214,0.986030259214)
,(1.,1.))) REPRESENTATION_ITEM('') SURFACE() );
#1834 = CARTESIAN_POINT('',(13.31609684628,0.608658180346,
    12.203993230268));
#1835 = CARTESIAN_POINT('',(13.31609684628,0.608658180346,9.967092117918
    ));
#1836 = CARTESIAN_POINT('',(13.213278568532,2.858095037129,
    12.203993230268));
#1837 = CARTESIAN_POINT('',(13.213278568532,2.858095037129,
    9.967092117918));
#1838 = CARTESIAN_POINT('',(12.377273223936,4.948940042074,
    12.203993230268));
#1839 = CARTESIAN_POINT('',(12.377273223936,4.948940042074,
    9.967092117918));
#1840 = DEFINITIONAL_REPRESENTATION('',(#1841),#1845);
#1841 = B_SPLINE_CURVE_WITH_KNOTS('',2,(#1842,#1843,#1844),
  .UNSPECIFIED.,.F.,.F.,(3,3),(0.,2.236901112349E-03),
  .PIECEWISE_BEZIER_KNOTS.);
#1842 = CARTESIAN_POINT('',(3.52196186638,0.));
#1843 = CARTESIAN_POINT('',(3.52196186638,-1.118450556175E-03));
#1844 = CARTESIAN_POINT('',(3.52196186638,-2.236901112349E-03));
#1845 = ( GEOMETRIC_REPRESENTATION_CONTEXT(2) 
PARAMETRIC_REPRESENTATION_CONTEXT() REPRESENTATION_CONTEXT('2D SPACE',''
  ) );
#1846 = ORIENTED_EDGE('',*,*,#1847,.T.);
#1847 = EDGE_CURVE('',#1815,#1848,#1850,.T.);
#1848 = VERTEX_POINT('',#1849);
#1849 = CARTESIAN_POINT('',(13.758361157885,6.244147599889,
    12.203993230268));
#1850 = SURFACE_CURVE('',#1851,(#1854,#1860),.PCURVE_S1.);
#1851 = B_SPLINE_CURVE_WITH_KNOTS('',1,(#1852,#1853),.UNSPECIFIED.,.F.,
  .F.,(2,2),(0.,1.893400776149E-03),.PIECEWISE_BEZIER_KNOTS.);
#1852 = CARTESIAN_POINT('',(12.377273223936,4.948940042074,
    12.203993230268));
#1853 = CARTESIAN_POINT('',(13.758361157885,6.244147599889,
    12.203993230268));
#1854 = PCURVE('',#1822,#1855);
#1855 = DEFINITIONAL_REPRESENTATION('',(#1856),#1859);
#1856 = B_SPLINE_CURVE_WITH_KNOTS('',1,(#1857,#1858),.UNSPECIFIED.,.F.,
  .F.,(2,2),(0.,1.893400776149E-03),.PIECEWISE_BEZIER_KNOTS.);
#1857 = CARTESIAN_POINT('',(0.,-2.236901112349E-03));
#1858 = CARTESIAN_POINT('',(1.893400776149E-03,-2.236901112349E-03));
#1859 = ( GEOMETRIC_REPRESENTATION_CONTEXT(2) 
PARAMETRIC_REPRESENTATION_CONTEXT() REPRESENTATION_CONTEXT('2D SPACE',''
  ) );
#1860 = PCURVE('',#1861,#1866);
#1861 = B_SPLINE_SURFACE_WITH_KNOTS('',1,1,(
    (#1862,#1863)
    ,(#1864,#1865
    )),.UNSPECIFIED.,.F.,.F.,.F.,(2,2),(2,2),(-1.242775344402E-03,
    1.488951431662E-03),(-2.99933038317E-03,3.24481721672E-03),
  .PIECEWISE_BEZIER_KNOTS.);
#1862 = CARTESIAN_POINT('',(15.109,0.,12.203993230268));
#1863 = CARTESIAN_POINT('',(15.109,6.244147599889,12.203993230268));
#1864 = CARTESIAN_POINT('',(12.377273223936,8.881784197001E-16,
    12.203993230268));
#1865 = CARTESIAN_POINT('',(12.377273223936,6.244147599889,
    12.203993230268));
#1866 = DEFINITIONAL_REPRESENTATION('',(#1867),#1870);
#1867 = B_SPLINE_CURVE_WITH_KNOTS('',1,(#1868,#1869),.UNSPECIFIED.,.F.,
  .F.,(2,2),(0.,1.893400776149E-03),.PIECEWISE_BEZIER_KNOTS.);
#1868 = CARTESIAN_POINT('',(1.488951431662E-03,1.949609658904E-03));
#1869 = CARTESIAN_POINT('',(1.078634977129E-04,3.24481721672E-03));
#1870 = ( GEOMETRIC_REPRESENTATION_CONTEXT(2) 
PARAMETRIC_REPRESENTATION_CONTEXT() REPRESENTATION_CONTEXT('2D SPACE',''
  ) );
#1871 = ORIENTED_EDGE('',*,*,#1872,.F.);
#1872 = EDGE_CURVE('',#1873,#1848,#1875,.T.);
#1873 = VERTEX_POINT('',#1874);
#1874 = CARTESIAN_POINT('',(13.758361157885,6.244147599889,
    9.967092117918));
#1875 = SURFACE_CURVE('',#1876,(#1879,#1885),.PCURVE_S1.);
#1876 = B_SPLINE_CURVE_WITH_KNOTS('',1,(#1877,#1878),.UNSPECIFIED.,.F.,
  .F.,(2,2),(0.,2.236901112349E-03),.PIECEWISE_BEZIER_KNOTS.);
#1877 = CARTESIAN_POINT('',(13.758361157885,6.244147599889,
    9.967092117918));
#1878 = CARTESIAN_POINT('',(13.758361157885,6.244147599889,
    12.203993230268));
#1879 = PCURVE('',#1822,#1880);
#1880 = DEFINITIONAL_REPRESENTATION('',(#1881),#1884);
#1881 = B_SPLINE_CURVE_WITH_KNOTS('',1,(#1882,#1883),.UNSPECIFIED.,.F.,
  .F.,(2,2),(0.,2.236901112349E-03),.PIECEWISE_BEZIER_KNOTS.);
#1882 = CARTESIAN_POINT('',(1.893400776149E-03,0.));
#1883 = CARTESIAN_POINT('',(1.893400776149E-03,-2.236901112349E-03));
#1884 = ( GEOMETRIC_REPRESENTATION_CONTEXT(2) 
PARAMETRIC_REPRESENTATION_CONTEXT() REPRESENTATION_CONTEXT('2D SPACE',''
  ) );
#1885 = PCURVE('',#1886,#1893);
#1886 = ( BOUNDED_SURFACE() B_SPLINE_SURFACE(2,1,(
    (#1887,#1888)
    ,(#1889,#1890)
    ,(#1891,#1892
)),.UNSPECIFIED.,.F.,.F.,.F.) B_SPLINE_SURFACE_WITH_KNOTS((3,3),(2,2),(
    5.857139434353,6.28318530718),(-2.236901112349E-03,0.),
.PIECEWISE_BEZIER_KNOTS.) GEOMETRIC_REPRESENTATION_ITEM() 
RATIONAL_B_SPLINE_SURFACE((
    (1.,1.)
    ,(0.977396285971,0.977396285971)
,(1.,1.))) REPRESENTATION_ITEM('') SURFACE() );
#1887 = CARTESIAN_POINT('',(13.758361157885,6.244147599889,
    12.203993230268));
#1888 = CARTESIAN_POINT('',(13.758361157885,6.244147599889,
    9.967092117918));
#1889 = CARTESIAN_POINT('',(15.109,3.268148604604,12.203993230268));
#1890 = CARTESIAN_POINT('',(15.109,3.268148604604,9.967092117918));
#1891 = CARTESIAN_POINT('',(15.109,2.6645352591E-15,12.203993230268));
#1892 = CARTESIAN_POINT('',(15.109,2.6645352591E-15,9.967092117918));
#1893 = DEFINITIONAL_REPRESENTATION('',(#1894),#1898);
#1894 = B_SPLINE_CURVE_WITH_KNOTS('',2,(#1895,#1896,#1897),
  .UNSPECIFIED.,.F.,.F.,(3,3),(0.,2.236901112349E-03),
  .PIECEWISE_BEZIER_KNOTS.);
#1895 = CARTESIAN_POINT('',(5.857139434353,0.));
#1896 = CARTESIAN_POINT('',(5.857139434353,-1.118450556175E-03));
#1897 = CARTESIAN_POINT('',(5.857139434353,-2.236901112349E-03));
#1898 = ( GEOMETRIC_REPRESENTATION_CONTEXT(2) 
PARAMETRIC_REPRESENTATION_CONTEXT() REPRESENTATION_CONTEXT('2D SPACE',''
  ) );
#1899 = ORIENTED_EDGE('',*,*,#1900,.F.);
#1900 = EDGE_CURVE('',#1813,#1873,#1901,.T.);
#1901 = SURFACE_CURVE('',#1902,(#1905,#1911),.PCURVE_S1.);
#1902 = B_SPLINE_CURVE_WITH_KNOTS('',1,(#1903,#1904),.UNSPECIFIED.,.F.,
  .F.,(2,2),(0.,1.893400776149E-03),.PIECEWISE_BEZIER_KNOTS.);
#1903 = CARTESIAN_POINT('',(12.377273223936,4.948940042074,
    9.967092117918));
#1904 = CARTESIAN_POINT('',(13.758361157885,6.244147599889,
    9.967092117918));
#1905 = PCURVE('',#1822,#1906);
#1906 = DEFINITIONAL_REPRESENTATION('',(#1907),#1910);
#1907 = B_SPLINE_CURVE_WITH_KNOTS('',1,(#1908,#1909),.UNSPECIFIED.,.F.,
  .F.,(2,2),(0.,1.893400776149E-03),.PIECEWISE_BEZIER_KNOTS.);
#1908 = CARTESIAN_POINT('',(0.,0.));
#1909 = CARTESIAN_POINT('',(1.893400776149E-03,0.));
#1910 = ( GEOMETRIC_REPRESENTATION_CONTEXT(2) 
PARAMETRIC_REPRESENTATION_CONTEXT() REPRESENTATION_CONTEXT('2D SPACE',''
  ) );
#1911 = PCURVE('',#1912,#1917);
#1912 = B_SPLINE_SURFACE_WITH_KNOTS('',1,1,(
    (#1913,#1914)
    ,(#1915,#1916
    )),.UNSPECIFIED.,.F.,.F.,.F.,(2,2),(2,2),(-1.242775344402E-03,
    1.488951431662E-03),(-2.99933038317E-03,3.24481721672E-03),
  .PIECEWISE_BEZIER_KNOTS.);
#1913 = CARTESIAN_POINT('',(15.109,0.,9.967092117918));
#1914 = CARTESIAN_POINT('',(15.109,6.244147599889,9.967092117918));
#1915 = CARTESIAN_POINT('',(12.377273223936,8.881784197001E-16,
    9.967092117918));
#1916 = CARTESIAN_POINT('',(12.377273223936,6.244147599889,
    9.967092117918));
#1917 = DEFINITIONAL_REPRESENTATION('',(#1918),#1921);
#1918 = B_SPLINE_CURVE_WITH_KNOTS('',1,(#1919,#1920),.UNSPECIFIED.,.F.,
  .F.,(2,2),(0.,1.893400776149E-03),.PIECEWISE_BEZIER_KNOTS.);
#1919 = CARTESIAN_POINT('',(1.488951431662E-03,1.949609658904E-03));
#1920 = CARTESIAN_POINT('',(1.078634977129E-04,3.24481721672E-03));
#1921 = ( GEOMETRIC_REPRESENTATION_CONTEXT(2) 
PARAMETRIC_REPRESENTATION_CONTEXT() REPRESENTATION_CONTEXT('2D SPACE',''
  ) );
#1922 = ADVANCED_FACE('',(#1923),#1886,.T.);
#1923 = FACE_BOUND('',#1924,.T.);
#1924 = EDGE_LOOP('',(#1925,#1926,#1949,#1975));
#1925 = ORIENTED_EDGE('',*,*,#1872,.T.);
#1926 = ORIENTED_EDGE('',*,*,#1927,.T.);
#1927 = EDGE_CURVE('',#1848,#1928,#1930,.T.);
#1928 = VERTEX_POINT('',#1929);
#1929 = CARTESIAN_POINT('',(15.109,8.881784197001E-16,12.203993230268));
#1930 = SURFACE_CURVE('',#1931,(#1935,#1942),.PCURVE_S1.);
#1931 = ( BOUNDED_CURVE() B_SPLINE_CURVE(2,(#1932,#1933,#1934),
.UNSPECIFIED.,.F.,.F.) B_SPLINE_CURVE_WITH_KNOTS((3,3),(5.857139434353,
6.28318530718),.PIECEWISE_BEZIER_KNOTS.) CURVE() 
GEOMETRIC_REPRESENTATION_ITEM() RATIONAL_B_SPLINE_CURVE((1.,
0.977396285971,1.)) REPRESENTATION_ITEM('') );
#1932 = CARTESIAN_POINT('',(13.758361157885,6.244147599889,
    12.203993230268));
#1933 = CARTESIAN_POINT('',(15.109,3.268148604604,12.203993230268));
#1934 = CARTESIAN_POINT('',(15.109,2.6645352591E-15,12.203993230268));
#1935 = PCURVE('',#1886,#1936);
#1936 = DEFINITIONAL_REPRESENTATION('',(#1937),#1941);
#1937 = B_SPLINE_CURVE_WITH_KNOTS('',2,(#1938,#1939,#1940),
  .UNSPECIFIED.,.F.,.F.,(3,3),(5.857139434353,6.28318530718),
  .PIECEWISE_BEZIER_KNOTS.);
#1938 = CARTESIAN_POINT('',(5.857139434353,-2.236901112349E-03));
#1939 = CARTESIAN_POINT('',(6.070162370766,-2.236901112349E-03));
#1940 = CARTESIAN_POINT('',(6.28318530718,-2.236901112349E-03));
#1941 = ( GEOMETRIC_REPRESENTATION_CONTEXT(2) 
PARAMETRIC_REPRESENTATION_CONTEXT() REPRESENTATION_CONTEXT('2D SPACE',''
  ) );
#1942 = PCURVE('',#1861,#1943);
#1943 = DEFINITIONAL_REPRESENTATION('',(#1944),#1948);
#1944 = ( BOUNDED_CURVE() B_SPLINE_CURVE(2,(#1945,#1946,#1947),
.UNSPECIFIED.,.F.,.F.) B_SPLINE_CURVE_WITH_KNOTS((3,3),(5.857139434353,
6.28318530718),.PIECEWISE_BEZIER_KNOTS.) CURVE() 
GEOMETRIC_REPRESENTATION_ITEM() RATIONAL_B_SPLINE_CURVE((1.,
0.977396285971,1.)) REPRESENTATION_ITEM('') );
#1945 = CARTESIAN_POINT('',(1.078634977129E-04,3.24481721672E-03));
#1946 = CARTESIAN_POINT('',(-1.242775344402E-03,2.688182214338E-04));
#1947 = CARTESIAN_POINT('',(-1.242775344402E-03,-2.99933038317E-03));
#1948 = ( GEOMETRIC_REPRESENTATION_CONTEXT(2) 
PARAMETRIC_REPRESENTATION_CONTEXT() REPRESENTATION_CONTEXT('2D SPACE',''
  ) );
#1949 = ORIENTED_EDGE('',*,*,#1950,.F.);
#1950 = EDGE_CURVE('',#1951,#1928,#1953,.T.);
#1951 = VERTEX_POINT('',#1952);
#1952 = CARTESIAN_POINT('',(15.109,8.881784197001E-16,9.967092117918));
#1953 = SURFACE_CURVE('',#1954,(#1957,#1964),.PCURVE_S1.);
#1954 = B_SPLINE_CURVE_WITH_KNOTS('',1,(#1955,#1956),.UNSPECIFIED.,.F.,
  .F.,(2,2),(0.,2.236901112349E-03),.PIECEWISE_BEZIER_KNOTS.);
#1955 = CARTESIAN_POINT('',(15.109,0.,9.967092117918));
#1956 = CARTESIAN_POINT('',(15.109,0.,12.203993230268));
#1957 = PCURVE('',#1886,#1958);
#1958 = DEFINITIONAL_REPRESENTATION('',(#1959),#1963);
#1959 = B_SPLINE_CURVE_WITH_KNOTS('',2,(#1960,#1961,#1962),
  .UNSPECIFIED.,.F.,.F.,(3,3),(0.,2.236901112349E-03),
  .PIECEWISE_BEZIER_KNOTS.);
#1960 = CARTESIAN_POINT('',(6.28318530718,0.));
#1961 = CARTESIAN_POINT('',(6.28318530718,-1.118450556175E-03));
#1962 = CARTESIAN_POINT('',(6.28318530718,-2.236901112349E-03));
#1963 = ( GEOMETRIC_REPRESENTATION_CONTEXT(2) 
PARAMETRIC_REPRESENTATION_CONTEXT() REPRESENTATION_CONTEXT('2D SPACE',''
  ) );
#1964 = PCURVE('',#1965,#1970);
#1965 = B_SPLINE_SURFACE_WITH_KNOTS('',1,1,(
    (#1966,#1967)
    ,(#1968,#1969
    )),.UNSPECIFIED.,.F.,.F.,.F.,(2,2),(2,2),(0.,1.893400776149E-03),(
    -2.236901112349E-03,0.),.PIECEWISE_BEZIER_KNOTS.);
#1966 = CARTESIAN_POINT('',(15.109,0.,12.203993230268));
#1967 = CARTESIAN_POINT('',(15.109,0.,9.967092117918));
#1968 = CARTESIAN_POINT('',(13.31609684628,0.608658180346,
    12.203993230268));
#1969 = CARTESIAN_POINT('',(13.31609684628,0.608658180346,9.967092117918
    ));
#1970 = DEFINITIONAL_REPRESENTATION('',(#1971),#1974);
#1971 = B_SPLINE_CURVE_WITH_KNOTS('',1,(#1972,#1973),.UNSPECIFIED.,.F.,
  .F.,(2,2),(0.,2.236901112349E-03),.PIECEWISE_BEZIER_KNOTS.);
#1972 = CARTESIAN_POINT('',(0.,0.));
#1973 = CARTESIAN_POINT('',(0.,-2.236901112349E-03));
#1974 = ( GEOMETRIC_REPRESENTATION_CONTEXT(2) 
PARAMETRIC_REPRESENTATION_CONTEXT() REPRESENTATION_CONTEXT('2D SPACE',''
  ) );
#1975 = ORIENTED_EDGE('',*,*,#1976,.F.);
#1976 = EDGE_CURVE('',#1873,#1951,#1977,.T.);
#1977 = SURFACE_CURVE('',#1978,(#1982,#1989),.PCURVE_S1.);
#1978 = ( BOUNDED_CURVE() B_SPLINE_CURVE(2,(#1979,#1980,#1981),
.UNSPECIFIED.,.F.,.F.) B_SPLINE_CURVE_WITH_KNOTS((3,3),(5.857139434353,
6.28318530718),.PIECEWISE_BEZIER_KNOTS.) CURVE() 
GEOMETRIC_REPRESENTATION_ITEM() RATIONAL_B_SPLINE_CURVE((1.,
0.977396285971,1.)) REPRESENTATION_ITEM('') );
#1979 = CARTESIAN_POINT('',(13.758361157885,6.244147599889,
    9.967092117918));
#1980 = CARTESIAN_POINT('',(15.109,3.268148604604,9.967092117918));
#1981 = CARTESIAN_POINT('',(15.109,2.6645352591E-15,9.967092117918));
#1982 = PCURVE('',#1886,#1983);
#1983 = DEFINITIONAL_REPRESENTATION('',(#1984),#1988);
#1984 = B_SPLINE_CURVE_WITH_KNOTS('',2,(#1985,#1986,#1987),
  .UNSPECIFIED.,.F.,.F.,(3,3),(5.857139434353,6.28318530718),
  .PIECEWISE_BEZIER_KNOTS.);
#1985 = CARTESIAN_POINT('',(5.857139434353,0.));
#1986 = CARTESIAN_POINT('',(6.070162370766,0.));
#1987 = CARTESIAN_POINT('',(6.28318530718,0.));
#1988 = ( GEOMETRIC_REPRESENTATION_CONTEXT(2) 
PARAMETRIC_REPRESENTATION_CONTEXT() REPRESENTATION_CONTEXT('2D SPACE',''
  ) );
#1989 = PCURVE('',#1912,#1990);
#1990 = DEFINITIONAL_REPRESENTATION('',(#1991),#1995);
#1991 = ( BOUNDED_CURVE() B_SPLINE_CURVE(2,(#1992,#1993,#1994),
.UNSPECIFIED.,.F.,.F.) B_SPLINE_CURVE_WITH_KNOTS((3,3),(5.857139434353,
6.28318530718),.PIECEWISE_BEZIER_KNOTS.) CURVE() 
GEOMETRIC_REPRESENTATION_ITEM() RATIONAL_B_SPLINE_CURVE((1.,
0.977396285971,1.)) REPRESENTATION_ITEM('') );
#1992 = CARTESIAN_POINT('',(1.078634977129E-04,3.24481721672E-03));
#1993 = CARTESIAN_POINT('',(-1.242775344402E-03,2.688182214338E-04));
#1994 = CARTESIAN_POINT('',(-1.242775344402E-03,-2.99933038317E-03));
#1995 = ( GEOMETRIC_REPRESENTATION_CONTEXT(2) 
PARAMETRIC_REPRESENTATION_CONTEXT() REPRESENTATION_CONTEXT('2D SPACE',''
  ) );
#1996 = ADVANCED_FACE('',(#1997),#1965,.T.);
#1997 = FACE_BOUND('',#1998,.T.);
#1998 = EDGE_LOOP('',(#1999,#2000,#2020,#2041));
#1999 = ORIENTED_EDGE('',*,*,#1950,.T.);
#2000 = ORIENTED_EDGE('',*,*,#2001,.T.);
#2001 = EDGE_CURVE('',#1928,#2002,#2004,.T.);
#2002 = VERTEX_POINT('',#2003);
#2003 = CARTESIAN_POINT('',(13.31609684628,0.608658180346,
    12.203993230268));
#2004 = SURFACE_CURVE('',#2005,(#2008,#2014),.PCURVE_S1.);
#2005 = B_SPLINE_CURVE_WITH_KNOTS('',1,(#2006,#2007),.UNSPECIFIED.,.F.,
  .F.,(2,2),(0.,1.893400776149E-03),.PIECEWISE_BEZIER_KNOTS.);
#2006 = CARTESIAN_POINT('',(15.109,0.,12.203993230268));
#2007 = CARTESIAN_POINT('',(13.31609684628,0.608658180346,
    12.203993230268));
#2008 = PCURVE('',#1965,#2009);
#2009 = DEFINITIONAL_REPRESENTATION('',(#2010),#2013);
#2010 = B_SPLINE_CURVE_WITH_KNOTS('',1,(#2011,#2012),.UNSPECIFIED.,.F.,
  .F.,(2,2),(0.,1.893400776149E-03),.PIECEWISE_BEZIER_KNOTS.);
#2011 = CARTESIAN_POINT('',(0.,-2.236901112349E-03));
#2012 = CARTESIAN_POINT('',(1.893400776149E-03,-2.236901112349E-03));
#2013 = ( GEOMETRIC_REPRESENTATION_CONTEXT(2) 
PARAMETRIC_REPRESENTATION_CONTEXT() REPRESENTATION_CONTEXT('2D SPACE',''
  ) );
#2014 = PCURVE('',#1861,#2015);
#2015 = DEFINITIONAL_REPRESENTATION('',(#2016),#2019);
#2016 = B_SPLINE_CURVE_WITH_KNOTS('',1,(#2017,#2018),.UNSPECIFIED.,.F.,
  .F.,(2,2),(0.,1.893400776149E-03),.PIECEWISE_BEZIER_KNOTS.);
#2017 = CARTESIAN_POINT('',(-1.242775344402E-03,-2.99933038317E-03));
#2018 = CARTESIAN_POINT('',(5.501278093181E-04,-2.390672202824E-03));
#2019 = ( GEOMETRIC_REPRESENTATION_CONTEXT(2) 
PARAMETRIC_REPRESENTATION_CONTEXT() REPRESENTATION_CONTEXT('2D SPACE',''
  ) );
#2020 = ORIENTED_EDGE('',*,*,#2021,.F.);
#2021 = EDGE_CURVE('',#2022,#2002,#2024,.T.);
#2022 = VERTEX_POINT('',#2023);
#2023 = CARTESIAN_POINT('',(13.31609684628,0.608658180346,9.967092117918
    ));
#2024 = SURFACE_CURVE('',#2025,(#2028,#2034),.PCURVE_S1.);
#2025 = B_SPLINE_CURVE_WITH_KNOTS('',1,(#2026,#2027),.UNSPECIFIED.,.F.,
  .F.,(2,2),(0.,2.236901112349E-03),.PIECEWISE_BEZIER_KNOTS.);
#2026 = CARTESIAN_POINT('',(13.31609684628,0.608658180346,9.967092117918
    ));
#2027 = CARTESIAN_POINT('',(13.31609684628,0.608658180346,
    12.203993230268));
#2028 = PCURVE('',#1965,#2029);
#2029 = DEFINITIONAL_REPRESENTATION('',(#2030),#2033);
#2030 = B_SPLINE_CURVE_WITH_KNOTS('',1,(#2031,#2032),.UNSPECIFIED.,.F.,
  .F.,(2,2),(0.,2.236901112349E-03),.PIECEWISE_BEZIER_KNOTS.);
#2031 = CARTESIAN_POINT('',(1.893400776149E-03,0.));
#2032 = CARTESIAN_POINT('',(1.893400776149E-03,-2.236901112349E-03));
#2033 = ( GEOMETRIC_REPRESENTATION_CONTEXT(2) 
PARAMETRIC_REPRESENTATION_CONTEXT() REPRESENTATION_CONTEXT('2D SPACE',''
  ) );
#2034 = PCURVE('',#1833,#2035);
#2035 = DEFINITIONAL_REPRESENTATION('',(#2036),#2040);
#2036 = B_SPLINE_CURVE_WITH_KNOTS('',2,(#2037,#2038,#2039),
  .UNSPECIFIED.,.F.,.F.,(3,3),(0.,2.236901112349E-03),
  .PIECEWISE_BEZIER_KNOTS.);
#2037 = CARTESIAN_POINT('',(3.187269313626,0.));
#2038 = CARTESIAN_POINT('',(3.187269313626,-1.118450556175E-03));
#2039 = CARTESIAN_POINT('',(3.187269313626,-2.236901112349E-03));
#2040 = ( GEOMETRIC_REPRESENTATION_CONTEXT(2) 
PARAMETRIC_REPRESENTATION_CONTEXT() REPRESENTATION_CONTEXT('2D SPACE',''
  ) );
#2041 = ORIENTED_EDGE('',*,*,#2042,.F.);
#2042 = EDGE_CURVE('',#1951,#2022,#2043,.T.);
#2043 = SURFACE_CURVE('',#2044,(#2047,#2053),.PCURVE_S1.);
#2044 = B_SPLINE_CURVE_WITH_KNOTS('',1,(#2045,#2046),.UNSPECIFIED.,.F.,
  .F.,(2,2),(0.,1.893400776149E-03),.PIECEWISE_BEZIER_KNOTS.);
#2045 = CARTESIAN_POINT('',(15.109,0.,9.967092117918));
#2046 = CARTESIAN_POINT('',(13.31609684628,0.608658180346,9.967092117918
    ));
#2047 = PCURVE('',#1965,#2048);
#2048 = DEFINITIONAL_REPRESENTATION('',(#2049),#2052);
#2049 = B_SPLINE_CURVE_WITH_KNOTS('',1,(#2050,#2051),.UNSPECIFIED.,.F.,
  .F.,(2,2),(0.,1.893400776149E-03),.PIECEWISE_BEZIER_KNOTS.);
#2050 = CARTESIAN_POINT('',(0.,0.));
#2051 = CARTESIAN_POINT('',(1.893400776149E-03,0.));
#2052 = ( GEOMETRIC_REPRESENTATION_CONTEXT(2) 
PARAMETRIC_REPRESENTATION_CONTEXT() REPRESENTATION_CONTEXT('2D SPACE',''
  ) );
#2053 = PCURVE('',#1912,#2054);
#2054 = DEFINITIONAL_REPRESENTATION('',(#2055),#2058);
#2055 = B_SPLINE_CURVE_WITH_KNOTS('',1,(#2056,#2057),.UNSPECIFIED.,.F.,
  .F.,(2,2),(0.,1.893400776149E-03),.PIECEWISE_BEZIER_KNOTS.);
#2056 = CARTESIAN_POINT('',(-1.242775344402E-03,-2.99933038317E-03));
#2057 = CARTESIAN_POINT('',(5.501278093181E-04,-2.390672202824E-03));
#2058 = ( GEOMETRIC_REPRESENTATION_CONTEXT(2) 
PARAMETRIC_REPRESENTATION_CONTEXT() REPRESENTATION_CONTEXT('2D SPACE',''
  ) );
#2059 = ADVANCED_FACE('',(#2060),#1833,.T.);
#2060 = FACE_BOUND('',#2061,.T.);
#2061 = EDGE_LOOP('',(#2062,#2063,#2084,#2085));
#2062 = ORIENTED_EDGE('',*,*,#2021,.T.);
#2063 = ORIENTED_EDGE('',*,*,#2064,.T.);
#2064 = EDGE_CURVE('',#2002,#1815,#2065,.T.);
#2065 = SURFACE_CURVE('',#2066,(#2070,#2077),.PCURVE_S1.);
#2066 = ( BOUNDED_CURVE() B_SPLINE_CURVE(2,(#2067,#2068,#2069),
.UNSPECIFIED.,.F.,.F.) B_SPLINE_CURVE_WITH_KNOTS((3,3),(3.187269313626,
3.52196186638),.PIECEWISE_BEZIER_KNOTS.) CURVE() 
GEOMETRIC_REPRESENTATION_ITEM() RATIONAL_B_SPLINE_CURVE((1.,
0.986030259214,1.)) REPRESENTATION_ITEM('') );
#2067 = CARTESIAN_POINT('',(13.31609684628,0.608658180346,
    12.203993230268));
#2068 = CARTESIAN_POINT('',(13.213278568532,2.858095037129,
    12.203993230268));
#2069 = CARTESIAN_POINT('',(12.377273223936,4.948940042074,
    12.203993230268));
#2070 = PCURVE('',#1833,#2071);
#2071 = DEFINITIONAL_REPRESENTATION('',(#2072),#2076);
#2072 = B_SPLINE_CURVE_WITH_KNOTS('',2,(#2073,#2074,#2075),
  .UNSPECIFIED.,.F.,.F.,(3,3),(3.187269313626,3.52196186638),
  .PIECEWISE_BEZIER_KNOTS.);
#2073 = CARTESIAN_POINT('',(3.187269313626,-2.236901112349E-03));
#2074 = CARTESIAN_POINT('',(3.354615590003,-2.236901112349E-03));
#2075 = CARTESIAN_POINT('',(3.52196186638,-2.236901112349E-03));
#2076 = ( GEOMETRIC_REPRESENTATION_CONTEXT(2) 
PARAMETRIC_REPRESENTATION_CONTEXT() REPRESENTATION_CONTEXT('2D SPACE',''
  ) );
#2077 = PCURVE('',#1861,#2078);
#2078 = DEFINITIONAL_REPRESENTATION('',(#2079),#2083);
#2079 = ( BOUNDED_CURVE() B_SPLINE_CURVE(2,(#2080,#2081,#2082),
.UNSPECIFIED.,.F.,.F.) B_SPLINE_CURVE_WITH_KNOTS((3,3),(3.187269313626,
3.52196186638),.PIECEWISE_BEZIER_KNOTS.) CURVE() 
GEOMETRIC_REPRESENTATION_ITEM() RATIONAL_B_SPLINE_CURVE((1.,
0.986030259214,1.)) REPRESENTATION_ITEM('') );
#2080 = CARTESIAN_POINT('',(5.501278093181E-04,-2.390672202824E-03));
#2081 = CARTESIAN_POINT('',(6.529460870656E-04,-1.412353460404E-04));
#2082 = CARTESIAN_POINT('',(1.488951431662E-03,1.949609658904E-03));
#2083 = ( GEOMETRIC_REPRESENTATION_CONTEXT(2) 
PARAMETRIC_REPRESENTATION_CONTEXT() REPRESENTATION_CONTEXT('2D SPACE',''
  ) );
#2084 = ORIENTED_EDGE('',*,*,#1812,.F.);
#2085 = ORIENTED_EDGE('',*,*,#2086,.F.);
#2086 = EDGE_CURVE('',#2022,#1813,#2087,.T.);
#2087 = SURFACE_CURVE('',#2088,(#2092,#2099),.PCURVE_S1.);
#2088 = ( BOUNDED_CURVE() B_SPLINE_CURVE(2,(#2089,#2090,#2091),
.UNSPECIFIED.,.F.,.F.) B_SPLINE_CURVE_WITH_KNOTS((3,3),(3.187269313626,
3.52196186638),.PIECEWISE_BEZIER_KNOTS.) CURVE() 
GEOMETRIC_REPRESENTATION_ITEM() RATIONAL_B_SPLINE_CURVE((1.,
0.986030259214,1.)) REPRESENTATION_ITEM('') );
#2089 = CARTESIAN_POINT('',(13.31609684628,0.608658180346,9.967092117918
    ));
#2090 = CARTESIAN_POINT('',(13.213278568532,2.858095037129,
    9.967092117918));
#2091 = CARTESIAN_POINT('',(12.377273223936,4.948940042074,
    9.967092117918));
#2092 = PCURVE('',#1833,#2093);
#2093 = DEFINITIONAL_REPRESENTATION('',(#2094),#2098);
#2094 = B_SPLINE_CURVE_WITH_KNOTS('',2,(#2095,#2096,#2097),
  .UNSPECIFIED.,.F.,.F.,(3,3),(3.187269313626,3.52196186638),
  .PIECEWISE_BEZIER_KNOTS.);
#2095 = CARTESIAN_POINT('',(3.187269313626,0.));
#2096 = CARTESIAN_POINT('',(3.354615590003,0.));
#2097 = CARTESIAN_POINT('',(3.52196186638,0.));
#2098 = ( GEOMETRIC_REPRESENTATION_CONTEXT(2) 
PARAMETRIC_REPRESENTATION_CONTEXT() REPRESENTATION_CONTEXT('2D SPACE',''
  ) );
#2099 = PCURVE('',#1912,#2100);
#2100 = DEFINITIONAL_REPRESENTATION('',(#2101),#2105);
#2101 = ( BOUNDED_CURVE() B_SPLINE_CURVE(2,(#2102,#2103,#2104),
.UNSPECIFIED.,.F.,.F.) B_SPLINE_CURVE_WITH_KNOTS((3,3),(3.187269313626,
3.52196186638),.PIECEWISE_BEZIER_KNOTS.) CURVE() 
GEOMETRIC_REPRESENTATION_ITEM() RATIONAL_B_SPLINE_CURVE((1.,
0.986030259214,1.)) REPRESENTATION_ITEM('') );
#2102 = CARTESIAN_POINT('',(5.501278093181E-04,-2.390672202824E-03));
#2103 = CARTESIAN_POINT('',(6.529460870656E-04,-1.412353460404E-04));
#2104 = CARTESIAN_POINT('',(1.488951431662E-03,1.949609658904E-03));
#2105 = ( GEOMETRIC_REPRESENTATION_CONTEXT(2) 
PARAMETRIC_REPRESENTATION_CONTEXT() REPRESENTATION_CONTEXT('2D SPACE',''
  ) );
#2106 = ADVANCED_FACE('',(#2107),#1912,.T.);
#2107 = FACE_BOUND('',#2108,.T.);
#2108 = EDGE_LOOP('',(#2109,#2110,#2111,#2112));
#2109 = ORIENTED_EDGE('',*,*,#1900,.T.);
#2110 = ORIENTED_EDGE('',*,*,#1976,.T.);
#2111 = ORIENTED_EDGE('',*,*,#2042,.T.);
#2112 = ORIENTED_EDGE('',*,*,#2086,.T.);
#2113 = ADVANCED_FACE('',(#2114),#1861,.F.);
#2114 = FACE_BOUND('',#2115,.F.);
#2115 = EDGE_LOOP('',(#2116,#2117,#2118,#2119));
#2116 = ORIENTED_EDGE('',*,*,#1847,.T.);
#2117 = ORIENTED_EDGE('',*,*,#1927,.T.);
#2118 = ORIENTED_EDGE('',*,*,#2001,.T.);
#2119 = ORIENTED_EDGE('',*,*,#2064,.T.);
#2120 = ( GEOMETRIC_REPRESENTATION_CONTEXT(3) 
GLOBAL_UNCERTAINTY_ASSIGNED_CONTEXT((#2124)) 
GLOBAL_UNIT_ASSIGNED_CONTEXT((#2121,#2122,#2123)) REPRESENTATION_CONTEXT
('Context #1','3D Context with UNIT and UNCERTAINTY') );
#2121 = ( LENGTH_UNIT() NAMED_UNIT(*) SI_UNIT(.MILLI.,.METRE.) );
#2122 = ( NAMED_UNIT(*) PLANE_ANGLE_UNIT() SI_UNIT($,.RADIAN.) );
#2123 = ( NAMED_UNIT(*) SI_UNIT($,.STERADIAN.) SOLID_ANGLE_UNIT() );
#2124 = UNCERTAINTY_MEASURE_WITH_UNIT(LENGTH_MEASURE(1.E-04),#2121,
  'distance_accuracy_value','confusion accuracy');
#2125 = CONTEXT_DEPENDENT_SHAPE_REPRESENTATION(#2126,#2128);
#2126 = ( REPRESENTATION_RELATIONSHIP('','',#1805,#10) 
REPRESENTATION_RELATIONSHIP_WITH_TRANSFORMATION(#2127) 
SHAPE_REPRESENTATION_RELATIONSHIP() );
#2127 = ITEM_DEFINED_TRANSFORMATION('','',#11,#35);
#2128 = PRODUCT_DEFINITION_SHAPE('Placement','Placement of an item',
  #2129);
#2129 = NEXT_ASSEMBLY_USAGE_OCCURRENCE('48','','',#5,#1800,$);
#2130 = PRODUCT_RELATED_PRODUCT_CATEGORY('part',$,(#1802));
#2131 = SHAPE_DEFINITION_REPRESENTATION(#2132,#2138);
#2132 = PRODUCT_DEFINITION_SHAPE('','',#2133);
#2133 = PRODUCT_DEFINITION('design','',#2134,#2137);
#2134 = PRODUCT_DEFINITION_FORMATION('','',#2135);
#2135 = PRODUCT('Open CASCADE STEP translator 7.7 2.7',
  'Open CASCADE STEP translator 7.7 2.7','',(#2136));
#2136 = PRODUCT_CONTEXT('',#2,'mechanical');
#2137 = PRODUCT_DEFINITION_CONTEXT('part definition',#2,'design');
#2138 = ADVANCED_BREP_SHAPE_REPRESENTATION('',(#11,#2139),#2453);
#2139 = MANIFOLD_SOLID_BREP('',#2140);
#2140 = CLOSED_SHELL('',(#2141,#2255,#2329,#2392,#2439,#2446));
#2141 = ADVANCED_FACE('',(#2142),#2155,.T.);
#2142 = FACE_BOUND('',#2143,.T.);
#2143 = EDGE_LOOP('',(#2144,#2179,#2204,#2232));
#2144 = ORIENTED_EDGE('',*,*,#2145,.T.);
#2145 = EDGE_CURVE('',#2146,#2148,#2150,.T.);
#2146 = VERTEX_POINT('',#2147);
#2147 = CARTESIAN_POINT('',(12.377273223936,4.948940042074,
    9.967092117918));
#2148 = VERTEX_POINT('',#2149);
#2149 = CARTESIAN_POINT('',(12.377273223936,4.948940042074,
    12.203993230268));
#2150 = SURFACE_CURVE('',#2151,(#2154,#2165),.PCURVE_S1.);
#2151 = B_SPLINE_CURVE_WITH_KNOTS('',1,(#2152,#2153),.UNSPECIFIED.,.F.,
  .F.,(2,2),(0.,2.236901112349E-03),.PIECEWISE_BEZIER_KNOTS.);
#2152 = CARTESIAN_POINT('',(12.377273223936,4.948940042074,
    9.967092117918));
#2153 = CARTESIAN_POINT('',(12.377273223936,4.948940042074,
    12.203993230268));
#2154 = PCURVE('',#2155,#2160);
#2155 = B_SPLINE_SURFACE_WITH_KNOTS('',1,1,(
    (#2156,#2157)
    ,(#2158,#2159
    )),.UNSPECIFIED.,.F.,.F.,.F.,(2,2),(2,2),(0.,1.893400776149E-03),(
    -2.236901112349E-03,0.),.PIECEWISE_BEZIER_KNOTS.);
#2156 = CARTESIAN_POINT('',(12.377273223936,4.948940042074,
    12.203993230268));
#2157 = CARTESIAN_POINT('',(12.377273223936,4.948940042074,
    9.967092117918));
#2158 = CARTESIAN_POINT('',(13.758361157885,6.244147599889,
    12.203993230268));
#2159 = CARTESIAN_POINT('',(13.758361157885,6.244147599889,
    9.967092117918));
#2160 = DEFINITIONAL_REPRESENTATION('',(#2161),#2164);
#2161 = B_SPLINE_CURVE_WITH_KNOTS('',1,(#2162,#2163),.UNSPECIFIED.,.F.,
  .F.,(2,2),(0.,2.236901112349E-03),.PIECEWISE_BEZIER_KNOTS.);
#2162 = CARTESIAN_POINT('',(0.,0.));
#2163 = CARTESIAN_POINT('',(0.,-2.236901112349E-03));
#2164 = ( GEOMETRIC_REPRESENTATION_CONTEXT(2) 
PARAMETRIC_REPRESENTATION_CONTEXT() REPRESENTATION_CONTEXT('2D SPACE',''
  ) );
#2165 = PCURVE('',#2166,#2173);
#2166 = ( BOUNDED_SURFACE() B_SPLINE_SURFACE(2,1,(
    (#2167,#2168)
    ,(#2169,#2170)
    ,(#2171,#2172
)),.UNSPECIFIED.,.F.,.F.,.F.) B_SPLINE_SURFACE_WITH_KNOTS((3,3),(2,2),(
    3.187269313626,3.52196186638),(-2.236901112349E-03,0.),
.PIECEWISE_BEZIER_KNOTS.) GEOMETRIC_REPRESENTATION_ITEM() 
RATIONAL_B_SPLINE_SURFACE((
    (1.,1.)
    ,(0.986030259214,0.986030259214)
,(1.,1.))) REPRESENTATION_ITEM('') SURFACE() );
#2167 = CARTESIAN_POINT('',(13.31609684628,0.608658180346,
    12.203993230268));
#2168 = CARTESIAN_POINT('',(13.31609684628,0.608658180346,9.967092117918
    ));
#2169 = CARTESIAN_POINT('',(13.213278568532,2.858095037129,
    12.203993230268));
#2170 = CARTESIAN_POINT('',(13.213278568532,2.858095037129,
    9.967092117918));
#2171 = CARTESIAN_POINT('',(12.377273223936,4.948940042074,
    12.203993230268));
#2172 = CARTESIAN_POINT('',(12.377273223936,4.948940042074,
    9.967092117918));
#2173 = DEFINITIONAL_REPRESENTATION('',(#2174),#2178);
#2174 = B_SPLINE_CURVE_WITH_KNOTS('',2,(#2175,#2176,#2177),
  .UNSPECIFIED.,.F.,.F.,(3,3),(0.,2.236901112349E-03),
  .PIECEWISE_BEZIER_KNOTS.);
#2175 = CARTESIAN_POINT('',(3.52196186638,0.));
#2176 = CARTESIAN_POINT('',(3.52196186638,-1.118450556175E-03));
#2177 = CARTESIAN_POINT('',(3.52196186638,-2.236901112349E-03));
#2178 = ( GEOMETRIC_REPRESENTATION_CONTEXT(2) 
PARAMETRIC_REPRESENTATION_CONTEXT() REPRESENTATION_CONTEXT('2D SPACE',''
  ) );
#2179 = ORIENTED_EDGE('',*,*,#2180,.T.);
#2180 = EDGE_CURVE('',#2148,#2181,#2183,.T.);
#2181 = VERTEX_POINT('',#2182);
#2182 = CARTESIAN_POINT('',(13.758361157885,6.244147599889,
    12.203993230268));
#2183 = SURFACE_CURVE('',#2184,(#2187,#2193),.PCURVE_S1.);
#2184 = B_SPLINE_CURVE_WITH_KNOTS('',1,(#2185,#2186),.UNSPECIFIED.,.F.,
  .F.,(2,2),(0.,1.893400776149E-03),.PIECEWISE_BEZIER_KNOTS.);
#2185 = CARTESIAN_POINT('',(12.377273223936,4.948940042074,
    12.203993230268));
#2186 = CARTESIAN_POINT('',(13.758361157885,6.244147599889,
    12.203993230268));
#2187 = PCURVE('',#2155,#2188);
#2188 = DEFINITIONAL_REPRESENTATION('',(#2189),#2192);
#2189 = B_SPLINE_CURVE_WITH_KNOTS('',1,(#2190,#2191),.UNSPECIFIED.,.F.,
  .F.,(2,2),(0.,1.893400776149E-03),.PIECEWISE_BEZIER_KNOTS.);
#2190 = CARTESIAN_POINT('',(0.,-2.236901112349E-03));
#2191 = CARTESIAN_POINT('',(1.893400776149E-03,-2.236901112349E-03));
#2192 = ( GEOMETRIC_REPRESENTATION_CONTEXT(2) 
PARAMETRIC_REPRESENTATION_CONTEXT() REPRESENTATION_CONTEXT('2D SPACE',''
  ) );
#2193 = PCURVE('',#2194,#2199);
#2194 = B_SPLINE_SURFACE_WITH_KNOTS('',1,1,(
    (#2195,#2196)
    ,(#2197,#2198
    )),.UNSPECIFIED.,.F.,.F.,.F.,(2,2),(2,2),(-1.242775344402E-03,
    1.488951431662E-03),(-2.99933038317E-03,3.24481721672E-03),
  .PIECEWISE_BEZIER_KNOTS.);
#2195 = CARTESIAN_POINT('',(15.109,0.,12.203993230268));
#2196 = CARTESIAN_POINT('',(15.109,6.244147599889,12.203993230268));
#2197 = CARTESIAN_POINT('',(12.377273223936,0.,12.203993230268));
#2198 = CARTESIAN_POINT('',(12.377273223936,6.244147599889,
    12.203993230268));
#2199 = DEFINITIONAL_REPRESENTATION('',(#2200),#2203);
#2200 = B_SPLINE_CURVE_WITH_KNOTS('',1,(#2201,#2202),.UNSPECIFIED.,.F.,
  .F.,(2,2),(0.,1.893400776149E-03),.PIECEWISE_BEZIER_KNOTS.);
#2201 = CARTESIAN_POINT('',(1.488951431662E-03,1.949609658904E-03));
#2202 = CARTESIAN_POINT('',(1.078634977129E-04,3.24481721672E-03));
#2203 = ( GEOMETRIC_REPRESENTATION_CONTEXT(2) 
PARAMETRIC_REPRESENTATION_CONTEXT() REPRESENTATION_CONTEXT('2D SPACE',''
  ) );
#2204 = ORIENTED_EDGE('',*,*,#2205,.F.);
#2205 = EDGE_CURVE('',#2206,#2181,#2208,.T.);
#2206 = VERTEX_POINT('',#2207);
#2207 = CARTESIAN_POINT('',(13.758361157885,6.244147599889,
    9.967092117918));
#2208 = SURFACE_CURVE('',#2209,(#2212,#2218),.PCURVE_S1.);
#2209 = B_SPLINE_CURVE_WITH_KNOTS('',1,(#2210,#2211),.UNSPECIFIED.,.F.,
  .F.,(2,2),(0.,2.236901112349E-03),.PIECEWISE_BEZIER_KNOTS.);
#2210 = CARTESIAN_POINT('',(13.758361157885,6.244147599889,
    9.967092117918));
#2211 = CARTESIAN_POINT('',(13.758361157885,6.244147599889,
    12.203993230268));
#2212 = PCURVE('',#2155,#2213);
#2213 = DEFINITIONAL_REPRESENTATION('',(#2214),#2217);
#2214 = B_SPLINE_CURVE_WITH_KNOTS('',1,(#2215,#2216),.UNSPECIFIED.,.F.,
  .F.,(2,2),(0.,2.236901112349E-03),.PIECEWISE_BEZIER_KNOTS.);
#2215 = CARTESIAN_POINT('',(1.893400776149E-03,0.));
#2216 = CARTESIAN_POINT('',(1.893400776149E-03,-2.236901112349E-03));
#2217 = ( GEOMETRIC_REPRESENTATION_CONTEXT(2) 
PARAMETRIC_REPRESENTATION_CONTEXT() REPRESENTATION_CONTEXT('2D SPACE',''
  ) );
#2218 = PCURVE('',#2219,#2226);
#2219 = ( BOUNDED_SURFACE() B_SPLINE_SURFACE(2,1,(
    (#2220,#2221)
    ,(#2222,#2223)
    ,(#2224,#2225
)),.UNSPECIFIED.,.F.,.F.,.F.) B_SPLINE_SURFACE_WITH_KNOTS((3,3),(2,2),(
    5.857139434353,6.28318530718),(-2.236901112349E-03,0.),
.PIECEWISE_BEZIER_KNOTS.) GEOMETRIC_REPRESENTATION_ITEM() 
RATIONAL_B_SPLINE_SURFACE((
    (1.,1.)
    ,(0.977396285971,0.977396285971)
,(1.,1.))) REPRESENTATION_ITEM('') SURFACE() );
#2220 = CARTESIAN_POINT('',(13.758361157885,6.244147599889,
    12.203993230268));
#2221 = CARTESIAN_POINT('',(13.758361157885,6.244147599889,
    9.967092117918));
#2222 = CARTESIAN_POINT('',(15.109,3.268148604604,12.203993230268));
#2223 = CARTESIAN_POINT('',(15.109,3.268148604604,9.967092117918));
#2224 = CARTESIAN_POINT('',(15.109,3.552713678801E-15,12.203993230268));
#2225 = CARTESIAN_POINT('',(15.109,3.552713678801E-15,9.967092117918));
#2226 = DEFINITIONAL_REPRESENTATION('',(#2227),#2231);
#2227 = B_SPLINE_CURVE_WITH_KNOTS('',2,(#2228,#2229,#2230),
  .UNSPECIFIED.,.F.,.F.,(3,3),(0.,2.236901112349E-03),
  .PIECEWISE_BEZIER_KNOTS.);
#2228 = CARTESIAN_POINT('',(5.857139434353,0.));
#2229 = CARTESIAN_POINT('',(5.857139434353,-1.118450556175E-03));
#2230 = CARTESIAN_POINT('',(5.857139434353,-2.236901112349E-03));
#2231 = ( GEOMETRIC_REPRESENTATION_CONTEXT(2) 
PARAMETRIC_REPRESENTATION_CONTEXT() REPRESENTATION_CONTEXT('2D SPACE',''
  ) );
#2232 = ORIENTED_EDGE('',*,*,#2233,.F.);
#2233 = EDGE_CURVE('',#2146,#2206,#2234,.T.);
#2234 = SURFACE_CURVE('',#2235,(#2238,#2244),.PCURVE_S1.);
#2235 = B_SPLINE_CURVE_WITH_KNOTS('',1,(#2236,#2237),.UNSPECIFIED.,.F.,
  .F.,(2,2),(0.,1.893400776149E-03),.PIECEWISE_BEZIER_KNOTS.);
#2236 = CARTESIAN_POINT('',(12.377273223936,4.948940042074,
    9.967092117918));
#2237 = CARTESIAN_POINT('',(13.758361157885,6.244147599889,
    9.967092117918));
#2238 = PCURVE('',#2155,#2239);
#2239 = DEFINITIONAL_REPRESENTATION('',(#2240),#2243);
#2240 = B_SPLINE_CURVE_WITH_KNOTS('',1,(#2241,#2242),.UNSPECIFIED.,.F.,
  .F.,(2,2),(0.,1.893400776149E-03),.PIECEWISE_BEZIER_KNOTS.);
#2241 = CARTESIAN_POINT('',(0.,0.));
#2242 = CARTESIAN_POINT('',(1.893400776149E-03,0.));
#2243 = ( GEOMETRIC_REPRESENTATION_CONTEXT(2) 
PARAMETRIC_REPRESENTATION_CONTEXT() REPRESENTATION_CONTEXT('2D SPACE',''
  ) );
#2244 = PCURVE('',#2245,#2250);
#2245 = B_SPLINE_SURFACE_WITH_KNOTS('',1,1,(
    (#2246,#2247)
    ,(#2248,#2249
    )),.UNSPECIFIED.,.F.,.F.,.F.,(2,2),(2,2),(-1.242775344402E-03,
    1.488951431662E-03),(-2.99933038317E-03,3.24481721672E-03),
  .PIECEWISE_BEZIER_KNOTS.);
#2246 = CARTESIAN_POINT('',(15.109,0.,9.967092117918));
#2247 = CARTESIAN_POINT('',(15.109,6.244147599889,9.967092117918));
#2248 = CARTESIAN_POINT('',(12.377273223936,0.,9.967092117918));
#2249 = CARTESIAN_POINT('',(12.377273223936,6.244147599889,
    9.967092117918));
#2250 = DEFINITIONAL_REPRESENTATION('',(#2251),#2254);
#2251 = B_SPLINE_CURVE_WITH_KNOTS('',1,(#2252,#2253),.UNSPECIFIED.,.F.,
  .F.,(2,2),(0.,1.893400776149E-03),.PIECEWISE_BEZIER_KNOTS.);
#2252 = CARTESIAN_POINT('',(1.488951431662E-03,1.949609658904E-03));
#2253 = CARTESIAN_POINT('',(1.078634977129E-04,3.24481721672E-03));
#2254 = ( GEOMETRIC_REPRESENTATION_CONTEXT(2) 
PARAMETRIC_REPRESENTATION_CONTEXT() REPRESENTATION_CONTEXT('2D SPACE',''
  ) );
#2255 = ADVANCED_FACE('',(#2256),#2219,.T.);
#2256 = FACE_BOUND('',#2257,.T.);
#2257 = EDGE_LOOP('',(#2258,#2259,#2282,#2308));
#2258 = ORIENTED_EDGE('',*,*,#2205,.T.);
#2259 = ORIENTED_EDGE('',*,*,#2260,.T.);
#2260 = EDGE_CURVE('',#2181,#2261,#2263,.T.);
#2261 = VERTEX_POINT('',#2262);
#2262 = CARTESIAN_POINT('',(15.109,1.7763568394E-15,12.203993230268));
#2263 = SURFACE_CURVE('',#2264,(#2268,#2275),.PCURVE_S1.);
#2264 = ( BOUNDED_CURVE() B_SPLINE_CURVE(2,(#2265,#2266,#2267),
.UNSPECIFIED.,.F.,.F.) B_SPLINE_CURVE_WITH_KNOTS((3,3),(5.857139434353,
6.28318530718),.PIECEWISE_BEZIER_KNOTS.) CURVE() 
GEOMETRIC_REPRESENTATION_ITEM() RATIONAL_B_SPLINE_CURVE((1.,
0.977396285971,1.)) REPRESENTATION_ITEM('') );
#2265 = CARTESIAN_POINT('',(13.758361157885,6.244147599889,
    12.203993230268));
#2266 = CARTESIAN_POINT('',(15.109,3.268148604604,12.203993230268));
#2267 = CARTESIAN_POINT('',(15.109,3.552713678801E-15,12.203993230268));
#2268 = PCURVE('',#2219,#2269);
#2269 = DEFINITIONAL_REPRESENTATION('',(#2270),#2274);
#2270 = B_SPLINE_CURVE_WITH_KNOTS('',2,(#2271,#2272,#2273),
  .UNSPECIFIED.,.F.,.F.,(3,3),(5.857139434353,6.28318530718),
  .PIECEWISE_BEZIER_KNOTS.);
#2271 = CARTESIAN_POINT('',(5.857139434353,-2.236901112349E-03));
#2272 = CARTESIAN_POINT('',(6.070162370766,-2.236901112349E-03));
#2273 = CARTESIAN_POINT('',(6.28318530718,-2.236901112349E-03));
#2274 = ( GEOMETRIC_REPRESENTATION_CONTEXT(2) 
PARAMETRIC_REPRESENTATION_CONTEXT() REPRESENTATION_CONTEXT('2D SPACE',''
  ) );
#2275 = PCURVE('',#2194,#2276);
#2276 = DEFINITIONAL_REPRESENTATION('',(#2277),#2281);
#2277 = ( BOUNDED_CURVE() B_SPLINE_CURVE(2,(#2278,#2279,#2280),
.UNSPECIFIED.,.F.,.F.) B_SPLINE_CURVE_WITH_KNOTS((3,3),(5.857139434353,
6.28318530718),.PIECEWISE_BEZIER_KNOTS.) CURVE() 
GEOMETRIC_REPRESENTATION_ITEM() RATIONAL_B_SPLINE_CURVE((1.,
0.977396285971,1.)) REPRESENTATION_ITEM('') );
#2278 = CARTESIAN_POINT('',(1.078634977129E-04,3.24481721672E-03));
#2279 = CARTESIAN_POINT('',(-1.242775344402E-03,2.688182214338E-04));
#2280 = CARTESIAN_POINT('',(-1.242775344402E-03,-2.99933038317E-03));
#2281 = ( GEOMETRIC_REPRESENTATION_CONTEXT(2) 
PARAMETRIC_REPRESENTATION_CONTEXT() REPRESENTATION_CONTEXT('2D SPACE',''
  ) );
#2282 = ORIENTED_EDGE('',*,*,#2283,.F.);
#2283 = EDGE_CURVE('',#2284,#2261,#2286,.T.);
#2284 = VERTEX_POINT('',#2285);
#2285 = CARTESIAN_POINT('',(15.109,1.7763568394E-15,9.967092117918));
#2286 = SURFACE_CURVE('',#2287,(#2290,#2297),.PCURVE_S1.);
#2287 = B_SPLINE_CURVE_WITH_KNOTS('',1,(#2288,#2289),.UNSPECIFIED.,.F.,
  .F.,(2,2),(0.,2.236901112349E-03),.PIECEWISE_BEZIER_KNOTS.);
#2288 = CARTESIAN_POINT('',(15.109,0.,9.967092117918));
#2289 = CARTESIAN_POINT('',(15.109,0.,12.203993230268));
#2290 = PCURVE('',#2219,#2291);
#2291 = DEFINITIONAL_REPRESENTATION('',(#2292),#2296);
#2292 = B_SPLINE_CURVE_WITH_KNOTS('',2,(#2293,#2294,#2295),
  .UNSPECIFIED.,.F.,.F.,(3,3),(0.,2.236901112349E-03),
  .PIECEWISE_BEZIER_KNOTS.);
#2293 = CARTESIAN_POINT('',(6.28318530718,0.));
#2294 = CARTESIAN_POINT('',(6.28318530718,-1.118450556175E-03));
#2295 = CARTESIAN_POINT('',(6.28318530718,-2.236901112349E-03));
#2296 = ( GEOMETRIC_REPRESENTATION_CONTEXT(2) 
PARAMETRIC_REPRESENTATION_CONTEXT() REPRESENTATION_CONTEXT('2D SPACE',''
  ) );
#2297 = PCURVE('',#2298,#2303);
#2298 = B_SPLINE_SURFACE_WITH_KNOTS('',1,1,(
    (#2299,#2300)
    ,(#2301,#2302
    )),.UNSPECIFIED.,.F.,.F.,.F.,(2,2),(2,2),(0.,1.893400776149E-03),(
    -2.236901112349E-03,0.),.PIECEWISE_BEZIER_KNOTS.);
#2299 = CARTESIAN_POINT('',(15.109,0.,12.203993230268));
#2300 = CARTESIAN_POINT('',(15.109,0.,9.967092117918));
#2301 = CARTESIAN_POINT('',(13.31609684628,0.608658180346,
    12.203993230268));
#2302 = CARTESIAN_POINT('',(13.31609684628,0.608658180346,9.967092117918
    ));
#2303 = DEFINITIONAL_REPRESENTATION('',(#2304),#2307);
#2304 = B_SPLINE_CURVE_WITH_KNOTS('',1,(#2305,#2306),.UNSPECIFIED.,.F.,
  .F.,(2,2),(0.,2.236901112349E-03),.PIECEWISE_BEZIER_KNOTS.);
#2305 = CARTESIAN_POINT('',(0.,0.));
#2306 = CARTESIAN_POINT('',(0.,-2.236901112349E-03));
#2307 = ( GEOMETRIC_REPRESENTATION_CONTEXT(2) 
PARAMETRIC_REPRESENTATION_CONTEXT() REPRESENTATION_CONTEXT('2D SPACE',''
  ) );
#2308 = ORIENTED_EDGE('',*,*,#2309,.F.);
#2309 = EDGE_CURVE('',#2206,#2284,#2310,.T.);
#2310 = SURFACE_CURVE('',#2311,(#2315,#2322),.PCURVE_S1.);
#2311 = ( BOUNDED_CURVE() B_SPLINE_CURVE(2,(#2312,#2313,#2314),
.UNSPECIFIED.,.F.,.F.) B_SPLINE_CURVE_WITH_KNOTS((3,3),(5.857139434353,
6.28318530718),.PIECEWISE_BEZIER_KNOTS.) CURVE() 
GEOMETRIC_REPRESENTATION_ITEM() RATIONAL_B_SPLINE_CURVE((1.,
0.977396285971,1.)) REPRESENTATION_ITEM('') );
#2312 = CARTESIAN_POINT('',(13.758361157885,6.244147599889,
    9.967092117918));
#2313 = CARTESIAN_POINT('',(15.109,3.268148604604,9.967092117918));
#2314 = CARTESIAN_POINT('',(15.109,3.552713678801E-15,9.967092117918));
#2315 = PCURVE('',#2219,#2316);
#2316 = DEFINITIONAL_REPRESENTATION('',(#2317),#2321);
#2317 = B_SPLINE_CURVE_WITH_KNOTS('',2,(#2318,#2319,#2320),
  .UNSPECIFIED.,.F.,.F.,(3,3),(5.857139434353,6.28318530718),
  .PIECEWISE_BEZIER_KNOTS.);
#2318 = CARTESIAN_POINT('',(5.857139434353,0.));
#2319 = CARTESIAN_POINT('',(6.070162370766,0.));
#2320 = CARTESIAN_POINT('',(6.28318530718,0.));
#2321 = ( GEOMETRIC_REPRESENTATION_CONTEXT(2) 
PARAMETRIC_REPRESENTATION_CONTEXT() REPRESENTATION_CONTEXT('2D SPACE',''
  ) );
#2322 = PCURVE('',#2245,#2323);
#2323 = DEFINITIONAL_REPRESENTATION('',(#2324),#2328);
#2324 = ( BOUNDED_CURVE() B_SPLINE_CURVE(2,(#2325,#2326,#2327),
.UNSPECIFIED.,.F.,.F.) B_SPLINE_CURVE_WITH_KNOTS((3,3),(5.857139434353,
6.28318530718),.PIECEWISE_BEZIER_KNOTS.) CURVE() 
GEOMETRIC_REPRESENTATION_ITEM() RATIONAL_B_SPLINE_CURVE((1.,
0.977396285971,1.)) REPRESENTATION_ITEM('') );
#2325 = CARTESIAN_POINT('',(1.078634977129E-04,3.24481721672E-03));
#2326 = CARTESIAN_POINT('',(-1.242775344402E-03,2.688182214338E-04));
#2327 = CARTESIAN_POINT('',(-1.242775344402E-03,-2.99933038317E-03));
#2328 = ( GEOMETRIC_REPRESENTATION_CONTEXT(2) 
PARAMETRIC_REPRESENTATION_CONTEXT() REPRESENTATION_CONTEXT('2D SPACE',''
  ) );
#2329 = ADVANCED_FACE('',(#2330),#2298,.T.);
#2330 = FACE_BOUND('',#2331,.T.);
#2331 = EDGE_LOOP('',(#2332,#2333,#2353,#2374));
#2332 = ORIENTED_EDGE('',*,*,#2283,.T.);
#2333 = ORIENTED_EDGE('',*,*,#2334,.T.);
#2334 = EDGE_CURVE('',#2261,#2335,#2337,.T.);
#2335 = VERTEX_POINT('',#2336);
#2336 = CARTESIAN_POINT('',(13.31609684628,0.608658180346,
    12.203993230268));
#2337 = SURFACE_CURVE('',#2338,(#2341,#2347),.PCURVE_S1.);
#2338 = B_SPLINE_CURVE_WITH_KNOTS('',1,(#2339,#2340),.UNSPECIFIED.,.F.,
  .F.,(2,2),(0.,1.893400776149E-03),.PIECEWISE_BEZIER_KNOTS.);
#2339 = CARTESIAN_POINT('',(15.109,0.,12.203993230268));
#2340 = CARTESIAN_POINT('',(13.31609684628,0.608658180346,
    12.203993230268));
#2341 = PCURVE('',#2298,#2342);
#2342 = DEFINITIONAL_REPRESENTATION('',(#2343),#2346);
#2343 = B_SPLINE_CURVE_WITH_KNOTS('',1,(#2344,#2345),.UNSPECIFIED.,.F.,
  .F.,(2,2),(0.,1.893400776149E-03),.PIECEWISE_BEZIER_KNOTS.);
#2344 = CARTESIAN_POINT('',(0.,-2.236901112349E-03));
#2345 = CARTESIAN_POINT('',(1.893400776149E-03,-2.236901112349E-03));
#2346 = ( GEOMETRIC_REPRESENTATION_CONTEXT(2) 
PARAMETRIC_REPRESENTATION_CONTEXT() REPRESENTATION_CONTEXT('2D SPACE',''
  ) );
#2347 = PCURVE('',#2194,#2348);
#2348 = DEFINITIONAL_REPRESENTATION('',(#2349),#2352);
#2349 = B_SPLINE_CURVE_WITH_KNOTS('',1,(#2350,#2351),.UNSPECIFIED.,.F.,
  .F.,(2,2),(0.,1.893400776149E-03),.PIECEWISE_BEZIER_KNOTS.);
#2350 = CARTESIAN_POINT('',(-1.242775344402E-03,-2.99933038317E-03));
#2351 = CARTESIAN_POINT('',(5.501278093181E-04,-2.390672202824E-03));
#2352 = ( GEOMETRIC_REPRESENTATION_CONTEXT(2) 
PARAMETRIC_REPRESENTATION_CONTEXT() REPRESENTATION_CONTEXT('2D SPACE',''
  ) );
#2353 = ORIENTED_EDGE('',*,*,#2354,.F.);
#2354 = EDGE_CURVE('',#2355,#2335,#2357,.T.);
#2355 = VERTEX_POINT('',#2356);
#2356 = CARTESIAN_POINT('',(13.31609684628,0.608658180346,9.967092117918
    ));
#2357 = SURFACE_CURVE('',#2358,(#2361,#2367),.PCURVE_S1.);
#2358 = B_SPLINE_CURVE_WITH_KNOTS('',1,(#2359,#2360),.UNSPECIFIED.,.F.,
  .F.,(2,2),(0.,2.236901112349E-03),.PIECEWISE_BEZIER_KNOTS.);
#2359 = CARTESIAN_POINT('',(13.31609684628,0.608658180346,9.967092117918
    ));
#2360 = CARTESIAN_POINT('',(13.31609684628,0.608658180346,
    12.203993230268));
#2361 = PCURVE('',#2298,#2362);
#2362 = DEFINITIONAL_REPRESENTATION('',(#2363),#2366);
#2363 = B_SPLINE_CURVE_WITH_KNOTS('',1,(#2364,#2365),.UNSPECIFIED.,.F.,
  .F.,(2,2),(0.,2.236901112349E-03),.PIECEWISE_BEZIER_KNOTS.);
#2364 = CARTESIAN_POINT('',(1.893400776149E-03,0.));
#2365 = CARTESIAN_POINT('',(1.893400776149E-03,-2.236901112349E-03));
#2366 = ( GEOMETRIC_REPRESENTATION_CONTEXT(2) 
PARAMETRIC_REPRESENTATION_CONTEXT() REPRESENTATION_CONTEXT('2D SPACE',''
  ) );
#2367 = PCURVE('',#2166,#2368);
#2368 = DEFINITIONAL_REPRESENTATION('',(#2369),#2373);
#2369 = B_SPLINE_CURVE_WITH_KNOTS('',2,(#2370,#2371,#2372),
  .UNSPECIFIED.,.F.,.F.,(3,3),(0.,2.236901112349E-03),
  .PIECEWISE_BEZIER_KNOTS.);
#2370 = CARTESIAN_POINT('',(3.187269313626,0.));
#2371 = CARTESIAN_POINT('',(3.187269313626,-1.118450556175E-03));
#2372 = CARTESIAN_POINT('',(3.187269313626,-2.236901112349E-03));
#2373 = ( GEOMETRIC_REPRESENTATION_CONTEXT(2) 
PARAMETRIC_REPRESENTATION_CONTEXT() REPRESENTATION_CONTEXT('2D SPACE',''
  ) );
#2374 = ORIENTED_EDGE('',*,*,#2375,.F.);
#2375 = EDGE_CURVE('',#2284,#2355,#2376,.T.);
#2376 = SURFACE_CURVE('',#2377,(#2380,#2386),.PCURVE_S1.);
#2377 = B_SPLINE_CURVE_WITH_KNOTS('',1,(#2378,#2379),.UNSPECIFIED.,.F.,
  .F.,(2,2),(0.,1.893400776149E-03),.PIECEWISE_BEZIER_KNOTS.);
#2378 = CARTESIAN_POINT('',(15.109,0.,9.967092117918));
#2379 = CARTESIAN_POINT('',(13.31609684628,0.608658180346,9.967092117918
    ));
#2380 = PCURVE('',#2298,#2381);
#2381 = DEFINITIONAL_REPRESENTATION('',(#2382),#2385);
#2382 = B_SPLINE_CURVE_WITH_KNOTS('',1,(#2383,#2384),.UNSPECIFIED.,.F.,
  .F.,(2,2),(0.,1.893400776149E-03),.PIECEWISE_BEZIER_KNOTS.);
#2383 = CARTESIAN_POINT('',(0.,0.));
#2384 = CARTESIAN_POINT('',(1.893400776149E-03,0.));
#2385 = ( GEOMETRIC_REPRESENTATION_CONTEXT(2) 
PARAMETRIC_REPRESENTATION_CONTEXT() REPRESENTATION_CONTEXT('2D SPACE',''
  ) );
#2386 = PCURVE('',#2245,#2387);
#2387 = DEFINITIONAL_REPRESENTATION('',(#2388),#2391);
#2388 = B_SPLINE_CURVE_WITH_KNOTS('',1,(#2389,#2390),.UNSPECIFIED.,.F.,
  .F.,(2,2),(0.,1.893400776149E-03),.PIECEWISE_BEZIER_KNOTS.);
#2389 = CARTESIAN_POINT('',(-1.242775344402E-03,-2.99933038317E-03));
#2390 = CARTESIAN_POINT('',(5.501278093181E-04,-2.390672202824E-03));
#2391 = ( GEOMETRIC_REPRESENTATION_CONTEXT(2) 
PARAMETRIC_REPRESENTATION_CONTEXT() REPRESENTATION_CONTEXT('2D SPACE',''
  ) );
#2392 = ADVANCED_FACE('',(#2393),#2166,.T.);
#2393 = FACE_BOUND('',#2394,.T.);
#2394 = EDGE_LOOP('',(#2395,#2396,#2417,#2418));
#2395 = ORIENTED_EDGE('',*,*,#2354,.T.);
#2396 = ORIENTED_EDGE('',*,*,#2397,.T.);
#2397 = EDGE_CURVE('',#2335,#2148,#2398,.T.);
#2398 = SURFACE_CURVE('',#2399,(#2403,#2410),.PCURVE_S1.);
#2399 = ( BOUNDED_CURVE() B_SPLINE_CURVE(2,(#2400,#2401,#2402),
.UNSPECIFIED.,.F.,.F.) B_SPLINE_CURVE_WITH_KNOTS((3,3),(3.187269313626,
3.52196186638),.PIECEWISE_BEZIER_KNOTS.) CURVE() 
GEOMETRIC_REPRESENTATION_ITEM() RATIONAL_B_SPLINE_CURVE((1.,
0.986030259214,1.)) REPRESENTATION_ITEM('') );
#2400 = CARTESIAN_POINT('',(13.31609684628,0.608658180346,
    12.203993230268));
#2401 = CARTESIAN_POINT('',(13.213278568532,2.858095037129,
    12.203993230268));
#2402 = CARTESIAN_POINT('',(12.377273223936,4.948940042074,
    12.203993230268));
#2403 = PCURVE('',#2166,#2404);
#2404 = DEFINITIONAL_REPRESENTATION('',(#2405),#2409);
#2405 = B_SPLINE_CURVE_WITH_KNOTS('',2,(#2406,#2407,#2408),
  .UNSPECIFIED.,.F.,.F.,(3,3),(3.187269313626,3.52196186638),
  .PIECEWISE_BEZIER_KNOTS.);
#2406 = CARTESIAN_POINT('',(3.187269313626,-2.236901112349E-03));
#2407 = CARTESIAN_POINT('',(3.354615590003,-2.236901112349E-03));
#2408 = CARTESIAN_POINT('',(3.52196186638,-2.236901112349E-03));
#2409 = ( GEOMETRIC_REPRESENTATION_CONTEXT(2) 
PARAMETRIC_REPRESENTATION_CONTEXT() REPRESENTATION_CONTEXT('2D SPACE',''
  ) );
#2410 = PCURVE('',#2194,#2411);
#2411 = DEFINITIONAL_REPRESENTATION('',(#2412),#2416);
#2412 = ( BOUNDED_CURVE() B_SPLINE_CURVE(2,(#2413,#2414,#2415),
.UNSPECIFIED.,.F.,.F.) B_SPLINE_CURVE_WITH_KNOTS((3,3),(3.187269313626,
3.52196186638),.PIECEWISE_BEZIER_KNOTS.) CURVE() 
GEOMETRIC_REPRESENTATION_ITEM() RATIONAL_B_SPLINE_CURVE((1.,
0.986030259214,1.)) REPRESENTATION_ITEM('') );
#2413 = CARTESIAN_POINT('',(5.501278093181E-04,-2.390672202824E-03));
#2414 = CARTESIAN_POINT('',(6.529460870656E-04,-1.412353460404E-04));
#2415 = CARTESIAN_POINT('',(1.488951431662E-03,1.949609658904E-03));
#2416 = ( GEOMETRIC_REPRESENTATION_CONTEXT(2) 
PARAMETRIC_REPRESENTATION_CONTEXT() REPRESENTATION_CONTEXT('2D SPACE',''
  ) );
#2417 = ORIENTED_EDGE('',*,*,#2145,.F.);
#2418 = ORIENTED_EDGE('',*,*,#2419,.F.);
#2419 = EDGE_CURVE('',#2355,#2146,#2420,.T.);
#2420 = SURFACE_CURVE('',#2421,(#2425,#2432),.PCURVE_S1.);
#2421 = ( BOUNDED_CURVE() B_SPLINE_CURVE(2,(#2422,#2423,#2424),
.UNSPECIFIED.,.F.,.F.) B_SPLINE_CURVE_WITH_KNOTS((3,3),(3.187269313626,
3.52196186638),.PIECEWISE_BEZIER_KNOTS.) CURVE() 
GEOMETRIC_REPRESENTATION_ITEM() RATIONAL_B_SPLINE_CURVE((1.,
0.986030259214,1.)) REPRESENTATION_ITEM('') );
#2422 = CARTESIAN_POINT('',(13.31609684628,0.608658180346,9.967092117918
    ));
#2423 = CARTESIAN_POINT('',(13.213278568532,2.858095037129,
    9.967092117918));
#2424 = CARTESIAN_POINT('',(12.377273223936,4.948940042074,
    9.967092117918));
#2425 = PCURVE('',#2166,#2426);
#2426 = DEFINITIONAL_REPRESENTATION('',(#2427),#2431);
#2427 = B_SPLINE_CURVE_WITH_KNOTS('',2,(#2428,#2429,#2430),
  .UNSPECIFIED.,.F.,.F.,(3,3),(3.187269313626,3.52196186638),
  .PIECEWISE_BEZIER_KNOTS.);
#2428 = CARTESIAN_POINT('',(3.187269313626,0.));
#2429 = CARTESIAN_POINT('',(3.354615590003,0.));
#2430 = CARTESIAN_POINT('',(3.52196186638,0.));
#2431 = ( GEOMETRIC_REPRESENTATION_CONTEXT(2) 
PARAMETRIC_REPRESENTATION_CONTEXT() REPRESENTATION_CONTEXT('2D SPACE',''
  ) );
#2432 = PCURVE('',#2245,#2433);
#2433 = DEFINITIONAL_REPRESENTATION('',(#2434),#2438);
#2434 = ( BOUNDED_CURVE() B_SPLINE_CURVE(2,(#2435,#2436,#2437),
.UNSPECIFIED.,.F.,.F.) B_SPLINE_CURVE_WITH_KNOTS((3,3),(3.187269313626,
3.52196186638),.PIECEWISE_BEZIER_KNOTS.) CURVE() 
GEOMETRIC_REPRESENTATION_ITEM() RATIONAL_B_SPLINE_CURVE((1.,
0.986030259214,1.)) REPRESENTATION_ITEM('') );
#2435 = CARTESIAN_POINT('',(5.501278093181E-04,-2.390672202824E-03));
#2436 = CARTESIAN_POINT('',(6.529460870656E-04,-1.412353460404E-04));
#2437 = CARTESIAN_POINT('',(1.488951431662E-03,1.949609658904E-03));
#2438 = ( GEOMETRIC_REPRESENTATION_CONTEXT(2) 
PARAMETRIC_REPRESENTATION_CONTEXT() REPRESENTATION_CONTEXT('2D SPACE',''
  ) );
#2439 = ADVANCED_FACE('',(#2440),#2245,.T.);
#2440 = FACE_BOUND('',#2441,.T.);
#2441 = EDGE_LOOP('',(#2442,#2443,#2444,#2445));
#2442 = ORIENTED_EDGE('',*,*,#2233,.T.);
#2443 = ORIENTED_EDGE('',*,*,#2309,.T.);
#2444 = ORIENTED_EDGE('',*,*,#2375,.T.);
#2445 = ORIENTED_EDGE('',*,*,#2419,.T.);
#2446 = ADVANCED_FACE('',(#2447),#2194,.F.);
#2447 = FACE_BOUND('',#2448,.F.);
#2448 = EDGE_LOOP('',(#2449,#2450,#2451,#2452));
#2449 = ORIENTED_EDGE('',*,*,#2180,.T.);
#2450 = ORIENTED_EDGE('',*,*,#2260,.T.);
#2451 = ORIENTED_EDGE('',*,*,#2334,.T.);
#2452 = ORIENTED_EDGE('',*,*,#2397,.T.);
#2453 = ( GEOMETRIC_REPRESENTATION_CONTEXT(3) 
GLOBAL_UNCERTAINTY_ASSIGNED_CONTEXT((#2457)) 
GLOBAL_UNIT_ASSIGNED_CONTEXT((#2454,#2455,#2456)) REPRESENTATION_CONTEXT
('Context #1','3D Context with UNIT and UNCERTAINTY') );
#2454 = ( LENGTH_UNIT() NAMED_UNIT(*) SI_UNIT(.MILLI.,.METRE.) );
#2455 = ( NAMED_UNIT(*) PLANE_ANGLE_UNIT() SI_UNIT($,.RADIAN.) );
#2456 = ( NAMED_UNIT(*) SI_UNIT($,.STERADIAN.) SOLID_ANGLE_UNIT() );
#2457 = UNCERTAINTY_MEASURE_WITH_UNIT(LENGTH_MEASURE(1.E-04),#2454,
  'distance_accuracy_value','confusion accuracy');
#2458 = CONTEXT_DEPENDENT_SHAPE_REPRESENTATION(#2459,#2461);
#2459 = ( REPRESENTATION_RELATIONSHIP('','',#2138,#10) 
REPRESENTATION_RELATIONSHIP_WITH_TRANSFORMATION(#2460) 
SHAPE_REPRESENTATION_RELATIONSHIP() );
#2460 = ITEM_DEFINED_TRANSFORMATION('','',#11,#39);
#2461 = PRODUCT_DEFINITION_SHAPE('Placement','Placement of an item',
  #2462);
#2462 = NEXT_ASSEMBLY_USAGE_OCCURRENCE('49','','',#5,#2133,$);
#2463 = PRODUCT_RELATED_PRODUCT_CATEGORY('part',$,(#2135));
#2464 = SHAPE_DEFINITION_REPRESENTATION(#2465,#2471);
#2465 = PRODUCT_DEFINITION_SHAPE('','',#2466);
#2466 = PRODUCT_DEFINITION('design','',#2467,#2470);
#2467 = PRODUCT_DEFINITION_FORMATION('','',#2468);
#2468 = PRODUCT('Open CASCADE STEP translator 7.7 2.8',
  'Open CASCADE STEP translator 7.7 2.8','',(#2469));
#2469 = PRODUCT_CONTEXT('',#2,'mechanical');
#2470 = PRODUCT_DEFINITION_CONTEXT('part definition',#2,'design');
#2471 = ADVANCED_BREP_SHAPE_REPRESENTATION('',(#11,#2472),#2786);
#2472 = MANIFOLD_SOLID_BREP('',#2473);
#2473 = CLOSED_SHELL('',(#2474,#2588,#2662,#2725,#2772,#2779));
#2474 = ADVANCED_FACE('',(#2475),#2488,.T.);
#2475 = FACE_BOUND('',#2476,.T.);
#2476 = EDGE_LOOP('',(#2477,#2512,#2537,#2565));
#2477 = ORIENTED_EDGE('',*,*,#2478,.T.);
#2478 = EDGE_CURVE('',#2479,#2481,#2483,.T.);
#2479 = VERTEX_POINT('',#2480);
#2480 = CARTESIAN_POINT('',(-12.37727322393,-4.948940042074,
    9.967092117918));
#2481 = VERTEX_POINT('',#2482);
#2482 = CARTESIAN_POINT('',(-12.37727322393,-4.948940042074,
    12.203993230268));
#2483 = SURFACE_CURVE('',#2484,(#2487,#2498),.PCURVE_S1.);
#2484 = B_SPLINE_CURVE_WITH_KNOTS('',1,(#2485,#2486),.UNSPECIFIED.,.F.,
  .F.,(2,2),(0.,2.236901112349E-03),.PIECEWISE_BEZIER_KNOTS.);
#2485 = CARTESIAN_POINT('',(-12.37727322393,-4.948940042074,
    9.967092117918));
#2486 = CARTESIAN_POINT('',(-12.37727322393,-4.948940042074,
    12.203993230268));
#2487 = PCURVE('',#2488,#2493);
#2488 = B_SPLINE_SURFACE_WITH_KNOTS('',1,1,(
    (#2489,#2490)
    ,(#2491,#2492
    )),.UNSPECIFIED.,.F.,.F.,.F.,(2,2),(2,2),(0.,1.893400776149E-03),(
    -2.236901112349E-03,0.),.PIECEWISE_BEZIER_KNOTS.);
#2489 = CARTESIAN_POINT('',(-12.37727322393,-4.948940042074,
    12.203993230268));
#2490 = CARTESIAN_POINT('',(-12.37727322393,-4.948940042074,
    9.967092117918));
#2491 = CARTESIAN_POINT('',(-13.75836115788,-6.244147599889,
    12.203993230268));
#2492 = CARTESIAN_POINT('',(-13.75836115788,-6.244147599889,
    9.967092117918));
#2493 = DEFINITIONAL_REPRESENTATION('',(#2494),#2497);
#2494 = B_SPLINE_CURVE_WITH_KNOTS('',1,(#2495,#2496),.UNSPECIFIED.,.F.,
  .F.,(2,2),(0.,2.236901112349E-03),.PIECEWISE_BEZIER_KNOTS.);
#2495 = CARTESIAN_POINT('',(0.,0.));
#2496 = CARTESIAN_POINT('',(0.,-2.236901112349E-03));
#2497 = ( GEOMETRIC_REPRESENTATION_CONTEXT(2) 
PARAMETRIC_REPRESENTATION_CONTEXT() REPRESENTATION_CONTEXT('2D SPACE',''
  ) );
#2498 = PCURVE('',#2499,#2506);
#2499 = ( BOUNDED_SURFACE() B_SPLINE_SURFACE(2,1,(
    (#2500,#2501)
    ,(#2502,#2503)
    ,(#2504,#2505
)),.UNSPECIFIED.,.F.,.F.,.F.) B_SPLINE_SURFACE_WITH_KNOTS((3,3),(2,2),(
    3.187269313626,3.52196186638),(-2.236901112349E-03,0.),
.PIECEWISE_BEZIER_KNOTS.) GEOMETRIC_REPRESENTATION_ITEM() 
RATIONAL_B_SPLINE_SURFACE((
    (1.,1.)
    ,(0.986030259214,0.986030259214)
,(1.,1.))) REPRESENTATION_ITEM('') SURFACE() );
#2500 = CARTESIAN_POINT('',(-13.31609684628,-0.608658180346,
    12.203993230268));
#2501 = CARTESIAN_POINT('',(-13.31609684628,-0.608658180346,
    9.967092117918));
#2502 = CARTESIAN_POINT('',(-13.21327856853,-2.858095037129,
    12.203993230268));
#2503 = CARTESIAN_POINT('',(-13.21327856853,-2.858095037129,
    9.967092117918));
#2504 = CARTESIAN_POINT('',(-12.37727322393,-4.948940042074,
    12.203993230268));
#2505 = CARTESIAN_POINT('',(-12.37727322393,-4.948940042074,
    9.967092117918));
#2506 = DEFINITIONAL_REPRESENTATION('',(#2507),#2511);
#2507 = B_SPLINE_CURVE_WITH_KNOTS('',2,(#2508,#2509,#2510),
  .UNSPECIFIED.,.F.,.F.,(3,3),(0.,2.236901112349E-03),
  .PIECEWISE_BEZIER_KNOTS.);
#2508 = CARTESIAN_POINT('',(3.52196186638,0.));
#2509 = CARTESIAN_POINT('',(3.52196186638,-1.118450556175E-03));
#2510 = CARTESIAN_POINT('',(3.52196186638,-2.236901112349E-03));
#2511 = ( GEOMETRIC_REPRESENTATION_CONTEXT(2) 
PARAMETRIC_REPRESENTATION_CONTEXT() REPRESENTATION_CONTEXT('2D SPACE',''
  ) );
#2512 = ORIENTED_EDGE('',*,*,#2513,.T.);
#2513 = EDGE_CURVE('',#2481,#2514,#2516,.T.);
#2514 = VERTEX_POINT('',#2515);
#2515 = CARTESIAN_POINT('',(-13.75836115788,-6.244147599889,
    12.203993230268));
#2516 = SURFACE_CURVE('',#2517,(#2520,#2526),.PCURVE_S1.);
#2517 = B_SPLINE_CURVE_WITH_KNOTS('',1,(#2518,#2519),.UNSPECIFIED.,.F.,
  .F.,(2,2),(0.,1.893400776149E-03),.PIECEWISE_BEZIER_KNOTS.);
#2518 = CARTESIAN_POINT('',(-12.37727322393,-4.948940042074,
    12.203993230268));
#2519 = CARTESIAN_POINT('',(-13.75836115788,-6.244147599889,
    12.203993230268));
#2520 = PCURVE('',#2488,#2521);
#2521 = DEFINITIONAL_REPRESENTATION('',(#2522),#2525);
#2522 = B_SPLINE_CURVE_WITH_KNOTS('',1,(#2523,#2524),.UNSPECIFIED.,.F.,
  .F.,(2,2),(0.,1.893400776149E-03),.PIECEWISE_BEZIER_KNOTS.);
#2523 = CARTESIAN_POINT('',(0.,-2.236901112349E-03));
#2524 = CARTESIAN_POINT('',(1.893400776149E-03,-2.236901112349E-03));
#2525 = ( GEOMETRIC_REPRESENTATION_CONTEXT(2) 
PARAMETRIC_REPRESENTATION_CONTEXT() REPRESENTATION_CONTEXT('2D SPACE',''
  ) );
#2526 = PCURVE('',#2527,#2532);
#2527 = B_SPLINE_SURFACE_WITH_KNOTS('',1,1,(
    (#2528,#2529)
    ,(#2530,#2531
    )),.UNSPECIFIED.,.F.,.F.,.F.,(2,2),(2,2),(-1.242775344402E-03,
    1.488951431662E-03),(-2.99933038317E-03,3.24481721672E-03),
  .PIECEWISE_BEZIER_KNOTS.);
#2528 = CARTESIAN_POINT('',(-15.109,-2.864375403533E-17,12.203993230268)
  );
#2529 = CARTESIAN_POINT('',(-15.109,-6.244147599889,12.203993230268));
#2530 = CARTESIAN_POINT('',(-12.37727322393,-1.802850522239E-16,
    12.203993230268));
#2531 = CARTESIAN_POINT('',(-12.37727322393,-6.244147599889,
    12.203993230268));
#2532 = DEFINITIONAL_REPRESENTATION('',(#2533),#2536);
#2533 = B_SPLINE_CURVE_WITH_KNOTS('',1,(#2534,#2535),.UNSPECIFIED.,.F.,
  .F.,(2,2),(0.,1.893400776149E-03),.PIECEWISE_BEZIER_KNOTS.);
#2534 = CARTESIAN_POINT('',(1.488951431662E-03,1.949609658904E-03));
#2535 = CARTESIAN_POINT('',(1.078634977129E-04,3.24481721672E-03));
#2536 = ( GEOMETRIC_REPRESENTATION_CONTEXT(2) 
PARAMETRIC_REPRESENTATION_CONTEXT() REPRESENTATION_CONTEXT('2D SPACE',''
  ) );
#2537 = ORIENTED_EDGE('',*,*,#2538,.F.);
#2538 = EDGE_CURVE('',#2539,#2514,#2541,.T.);
#2539 = VERTEX_POINT('',#2540);
#2540 = CARTESIAN_POINT('',(-13.75836115788,-6.244147599889,
    9.967092117918));
#2541 = SURFACE_CURVE('',#2542,(#2545,#2551),.PCURVE_S1.);
#2542 = B_SPLINE_CURVE_WITH_KNOTS('',1,(#2543,#2544),.UNSPECIFIED.,.F.,
  .F.,(2,2),(0.,2.236901112349E-03),.PIECEWISE_BEZIER_KNOTS.);
#2543 = CARTESIAN_POINT('',(-13.75836115788,-6.244147599889,
    9.967092117918));
#2544 = CARTESIAN_POINT('',(-13.75836115788,-6.244147599889,
    12.203993230268));
#2545 = PCURVE('',#2488,#2546);
#2546 = DEFINITIONAL_REPRESENTATION('',(#2547),#2550);
#2547 = B_SPLINE_CURVE_WITH_KNOTS('',1,(#2548,#2549),.UNSPECIFIED.,.F.,
  .F.,(2,2),(0.,2.236901112349E-03),.PIECEWISE_BEZIER_KNOTS.);
#2548 = CARTESIAN_POINT('',(1.893400776149E-03,0.));
#2549 = CARTESIAN_POINT('',(1.893400776149E-03,-2.236901112349E-03));
#2550 = ( GEOMETRIC_REPRESENTATION_CONTEXT(2) 
PARAMETRIC_REPRESENTATION_CONTEXT() REPRESENTATION_CONTEXT('2D SPACE',''
  ) );
#2551 = PCURVE('',#2552,#2559);
#2552 = ( BOUNDED_SURFACE() B_SPLINE_SURFACE(2,1,(
    (#2553,#2554)
    ,(#2555,#2556)
    ,(#2557,#2558
)),.UNSPECIFIED.,.F.,.F.,.F.) B_SPLINE_SURFACE_WITH_KNOTS((3,3),(2,2),(
    5.857139434353,6.28318530718),(-2.236901112349E-03,0.),
.PIECEWISE_BEZIER_KNOTS.) GEOMETRIC_REPRESENTATION_ITEM() 
RATIONAL_B_SPLINE_SURFACE((
    (1.,1.)
    ,(0.977396285971,0.977396285971)
,(1.,1.))) REPRESENTATION_ITEM('') SURFACE() );
#2553 = CARTESIAN_POINT('',(-13.75836115788,-6.244147599889,
    12.203993230268));
#2554 = CARTESIAN_POINT('',(-13.75836115788,-6.244147599889,
    9.967092117918));
#2555 = CARTESIAN_POINT('',(-15.109,-3.268148604604,12.203993230268));
#2556 = CARTESIAN_POINT('',(-15.109,-3.268148604604,9.967092117918));
#2557 = CARTESIAN_POINT('',(-15.109,-2.86191971371E-15,12.203993230268)
  );
#2558 = CARTESIAN_POINT('',(-15.109,-2.86191971371E-15,9.967092117918));
#2559 = DEFINITIONAL_REPRESENTATION('',(#2560),#2564);
#2560 = B_SPLINE_CURVE_WITH_KNOTS('',2,(#2561,#2562,#2563),
  .UNSPECIFIED.,.F.,.F.,(3,3),(0.,2.236901112349E-03),
  .PIECEWISE_BEZIER_KNOTS.);
#2561 = CARTESIAN_POINT('',(5.857139434353,0.));
#2562 = CARTESIAN_POINT('',(5.857139434353,-1.118450556175E-03));
#2563 = CARTESIAN_POINT('',(5.857139434353,-2.236901112349E-03));
#2564 = ( GEOMETRIC_REPRESENTATION_CONTEXT(2) 
PARAMETRIC_REPRESENTATION_CONTEXT() REPRESENTATION_CONTEXT('2D SPACE',''
  ) );
#2565 = ORIENTED_EDGE('',*,*,#2566,.F.);
#2566 = EDGE_CURVE('',#2479,#2539,#2567,.T.);
#2567 = SURFACE_CURVE('',#2568,(#2571,#2577),.PCURVE_S1.);
#2568 = B_SPLINE_CURVE_WITH_KNOTS('',1,(#2569,#2570),.UNSPECIFIED.,.F.,
  .F.,(2,2),(0.,1.893400776149E-03),.PIECEWISE_BEZIER_KNOTS.);
#2569 = CARTESIAN_POINT('',(-12.37727322393,-4.948940042074,
    9.967092117918));
#2570 = CARTESIAN_POINT('',(-13.75836115788,-6.244147599889,
    9.967092117918));
#2571 = PCURVE('',#2488,#2572);
#2572 = DEFINITIONAL_REPRESENTATION('',(#2573),#2576);
#2573 = B_SPLINE_CURVE_WITH_KNOTS('',1,(#2574,#2575),.UNSPECIFIED.,.F.,
  .F.,(2,2),(0.,1.893400776149E-03),.PIECEWISE_BEZIER_KNOTS.);
#2574 = CARTESIAN_POINT('',(0.,0.));
#2575 = CARTESIAN_POINT('',(1.893400776149E-03,0.));
#2576 = ( GEOMETRIC_REPRESENTATION_CONTEXT(2) 
PARAMETRIC_REPRESENTATION_CONTEXT() REPRESENTATION_CONTEXT('2D SPACE',''
  ) );
#2577 = PCURVE('',#2578,#2583);
#2578 = B_SPLINE_SURFACE_WITH_KNOTS('',1,1,(
    (#2579,#2580)
    ,(#2581,#2582
    )),.UNSPECIFIED.,.F.,.F.,.F.,(2,2),(2,2),(-1.242775344402E-03,
    1.488951431662E-03),(-2.99933038317E-03,3.24481721672E-03),
  .PIECEWISE_BEZIER_KNOTS.);
#2579 = CARTESIAN_POINT('',(-15.109,-2.864375403533E-17,9.967092117918)
  );
#2580 = CARTESIAN_POINT('',(-15.109,-6.244147599889,9.967092117918));
#2581 = CARTESIAN_POINT('',(-12.37727322393,-1.802850522239E-16,
    9.967092117918));
#2582 = CARTESIAN_POINT('',(-12.37727322393,-6.244147599889,
    9.967092117918));
#2583 = DEFINITIONAL_REPRESENTATION('',(#2584),#2587);
#2584 = B_SPLINE_CURVE_WITH_KNOTS('',1,(#2585,#2586),.UNSPECIFIED.,.F.,
  .F.,(2,2),(0.,1.893400776149E-03),.PIECEWISE_BEZIER_KNOTS.);
#2585 = CARTESIAN_POINT('',(1.488951431662E-03,1.949609658904E-03));
#2586 = CARTESIAN_POINT('',(1.078634977129E-04,3.24481721672E-03));
#2587 = ( GEOMETRIC_REPRESENTATION_CONTEXT(2) 
PARAMETRIC_REPRESENTATION_CONTEXT() REPRESENTATION_CONTEXT('2D SPACE',''
  ) );
#2588 = ADVANCED_FACE('',(#2589),#2552,.T.);
#2589 = FACE_BOUND('',#2590,.T.);
#2590 = EDGE_LOOP('',(#2591,#2592,#2615,#2641));
#2591 = ORIENTED_EDGE('',*,*,#2538,.T.);
#2592 = ORIENTED_EDGE('',*,*,#2593,.T.);
#2593 = EDGE_CURVE('',#2514,#2594,#2596,.T.);
#2594 = VERTEX_POINT('',#2595);
#2595 = CARTESIAN_POINT('',(-15.109,-5.782411586589E-16,12.203993230268)
  );
#2596 = SURFACE_CURVE('',#2597,(#2601,#2608),.PCURVE_S1.);
#2597 = ( BOUNDED_CURVE() B_SPLINE_CURVE(2,(#2598,#2599,#2600),
.UNSPECIFIED.,.F.,.F.) B_SPLINE_CURVE_WITH_KNOTS((3,3),(5.857139434353,
6.28318530718),.PIECEWISE_BEZIER_KNOTS.) CURVE() 
GEOMETRIC_REPRESENTATION_ITEM() RATIONAL_B_SPLINE_CURVE((1.,
0.977396285971,1.)) REPRESENTATION_ITEM('') );
#2598 = CARTESIAN_POINT('',(-13.75836115788,-6.244147599889,
    12.203993230268));
#2599 = CARTESIAN_POINT('',(-15.109,-3.268148604604,12.203993230268));
#2600 = CARTESIAN_POINT('',(-15.109,-2.86191971371E-15,12.203993230268)
  );
#2601 = PCURVE('',#2552,#2602);
#2602 = DEFINITIONAL_REPRESENTATION('',(#2603),#2607);
#2603 = B_SPLINE_CURVE_WITH_KNOTS('',2,(#2604,#2605,#2606),
  .UNSPECIFIED.,.F.,.F.,(3,3),(5.857139434353,6.28318530718),
  .PIECEWISE_BEZIER_KNOTS.);
#2604 = CARTESIAN_POINT('',(5.857139434353,-2.236901112349E-03));
#2605 = CARTESIAN_POINT('',(6.070162370766,-2.236901112349E-03));
#2606 = CARTESIAN_POINT('',(6.28318530718,-2.236901112349E-03));
#2607 = ( GEOMETRIC_REPRESENTATION_CONTEXT(2) 
PARAMETRIC_REPRESENTATION_CONTEXT() REPRESENTATION_CONTEXT('2D SPACE',''
  ) );
#2608 = PCURVE('',#2527,#2609);
#2609 = DEFINITIONAL_REPRESENTATION('',(#2610),#2614);
#2610 = ( BOUNDED_CURVE() B_SPLINE_CURVE(2,(#2611,#2612,#2613),
.UNSPECIFIED.,.F.,.F.) B_SPLINE_CURVE_WITH_KNOTS((3,3),(5.857139434353,
6.28318530718),.PIECEWISE_BEZIER_KNOTS.) CURVE() 
GEOMETRIC_REPRESENTATION_ITEM() RATIONAL_B_SPLINE_CURVE((1.,
0.977396285971,1.)) REPRESENTATION_ITEM('') );
#2611 = CARTESIAN_POINT('',(1.078634977129E-04,3.24481721672E-03));
#2612 = CARTESIAN_POINT('',(-1.242775344402E-03,2.688182214338E-04));
#2613 = CARTESIAN_POINT('',(-1.242775344402E-03,-2.99933038317E-03));
#2614 = ( GEOMETRIC_REPRESENTATION_CONTEXT(2) 
PARAMETRIC_REPRESENTATION_CONTEXT() REPRESENTATION_CONTEXT('2D SPACE',''
  ) );
#2615 = ORIENTED_EDGE('',*,*,#2616,.F.);
#2616 = EDGE_CURVE('',#2617,#2594,#2619,.T.);
#2617 = VERTEX_POINT('',#2618);
#2618 = CARTESIAN_POINT('',(-15.109,-8.673617379884E-16,9.967092117918)
  );
#2619 = SURFACE_CURVE('',#2620,(#2623,#2630),.PCURVE_S1.);
#2620 = B_SPLINE_CURVE_WITH_KNOTS('',1,(#2621,#2622),.UNSPECIFIED.,.F.,
  .F.,(2,2),(0.,2.236901112349E-03),.PIECEWISE_BEZIER_KNOTS.);
#2621 = CARTESIAN_POINT('',(-15.109,2.249089232136E-17,9.967092117918));
#2622 = CARTESIAN_POINT('',(-15.109,2.249089232136E-17,12.203993230268)
  );
#2623 = PCURVE('',#2552,#2624);
#2624 = DEFINITIONAL_REPRESENTATION('',(#2625),#2629);
#2625 = B_SPLINE_CURVE_WITH_KNOTS('',2,(#2626,#2627,#2628),
  .UNSPECIFIED.,.F.,.F.,(3,3),(0.,2.236901112349E-03),
  .PIECEWISE_BEZIER_KNOTS.);
#2626 = CARTESIAN_POINT('',(6.28318530718,0.));
#2627 = CARTESIAN_POINT('',(6.28318530718,-1.118450556175E-03));
#2628 = CARTESIAN_POINT('',(6.28318530718,-2.236901112349E-03));
#2629 = ( GEOMETRIC_REPRESENTATION_CONTEXT(2) 
PARAMETRIC_REPRESENTATION_CONTEXT() REPRESENTATION_CONTEXT('2D SPACE',''
  ) );
#2630 = PCURVE('',#2631,#2636);
#2631 = B_SPLINE_SURFACE_WITH_KNOTS('',1,1,(
    (#2632,#2633)
    ,(#2634,#2635
    )),.UNSPECIFIED.,.F.,.F.,.F.,(2,2),(2,2),(0.,1.893400776149E-03),(
    -2.236901112349E-03,0.),.PIECEWISE_BEZIER_KNOTS.);
#2632 = CARTESIAN_POINT('',(-15.109,2.249089232136E-17,12.203993230268)
  );
#2633 = CARTESIAN_POINT('',(-15.109,2.249089232136E-17,9.967092117918));
#2634 = CARTESIAN_POINT('',(-13.31609684628,-0.608658180346,
    12.203993230268));
#2635 = CARTESIAN_POINT('',(-13.31609684628,-0.608658180346,
    9.967092117918));
#2636 = DEFINITIONAL_REPRESENTATION('',(#2637),#2640);
#2637 = B_SPLINE_CURVE_WITH_KNOTS('',1,(#2638,#2639),.UNSPECIFIED.,.F.,
  .F.,(2,2),(0.,2.236901112349E-03),.PIECEWISE_BEZIER_KNOTS.);
#2638 = CARTESIAN_POINT('',(0.,0.));
#2639 = CARTESIAN_POINT('',(0.,-2.236901112349E-03));
#2640 = ( GEOMETRIC_REPRESENTATION_CONTEXT(2) 
PARAMETRIC_REPRESENTATION_CONTEXT() REPRESENTATION_CONTEXT('2D SPACE',''
  ) );
#2641 = ORIENTED_EDGE('',*,*,#2642,.F.);
#2642 = EDGE_CURVE('',#2539,#2617,#2643,.T.);
#2643 = SURFACE_CURVE('',#2644,(#2648,#2655),.PCURVE_S1.);
#2644 = ( BOUNDED_CURVE() B_SPLINE_CURVE(2,(#2645,#2646,#2647),
.UNSPECIFIED.,.F.,.F.) B_SPLINE_CURVE_WITH_KNOTS((3,3),(5.857139434353,
6.28318530718),.PIECEWISE_BEZIER_KNOTS.) CURVE() 
GEOMETRIC_REPRESENTATION_ITEM() RATIONAL_B_SPLINE_CURVE((1.,
0.977396285971,1.)) REPRESENTATION_ITEM('') );
#2645 = CARTESIAN_POINT('',(-13.75836115788,-6.244147599889,
    9.967092117918));
#2646 = CARTESIAN_POINT('',(-15.109,-3.268148604604,9.967092117918));
#2647 = CARTESIAN_POINT('',(-15.109,-2.86191971371E-15,9.967092117918));
#2648 = PCURVE('',#2552,#2649);
#2649 = DEFINITIONAL_REPRESENTATION('',(#2650),#2654);
#2650 = B_SPLINE_CURVE_WITH_KNOTS('',2,(#2651,#2652,#2653),
  .UNSPECIFIED.,.F.,.F.,(3,3),(5.857139434353,6.28318530718),
  .PIECEWISE_BEZIER_KNOTS.);
#2651 = CARTESIAN_POINT('',(5.857139434353,0.));
#2652 = CARTESIAN_POINT('',(6.070162370766,0.));
#2653 = CARTESIAN_POINT('',(6.28318530718,0.));
#2654 = ( GEOMETRIC_REPRESENTATION_CONTEXT(2) 
PARAMETRIC_REPRESENTATION_CONTEXT() REPRESENTATION_CONTEXT('2D SPACE',''
  ) );
#2655 = PCURVE('',#2578,#2656);
#2656 = DEFINITIONAL_REPRESENTATION('',(#2657),#2661);
#2657 = ( BOUNDED_CURVE() B_SPLINE_CURVE(2,(#2658,#2659,#2660),
.UNSPECIFIED.,.F.,.F.) B_SPLINE_CURVE_WITH_KNOTS((3,3),(5.857139434353,
6.28318530718),.PIECEWISE_BEZIER_KNOTS.) CURVE() 
GEOMETRIC_REPRESENTATION_ITEM() RATIONAL_B_SPLINE_CURVE((1.,
0.977396285971,1.)) REPRESENTATION_ITEM('') );
#2658 = CARTESIAN_POINT('',(1.078634977129E-04,3.24481721672E-03));
#2659 = CARTESIAN_POINT('',(-1.242775344402E-03,2.688182214338E-04));
#2660 = CARTESIAN_POINT('',(-1.242775344402E-03,-2.99933038317E-03));
#2661 = ( GEOMETRIC_REPRESENTATION_CONTEXT(2) 
PARAMETRIC_REPRESENTATION_CONTEXT() REPRESENTATION_CONTEXT('2D SPACE',''
  ) );
#2662 = ADVANCED_FACE('',(#2663),#2631,.T.);
#2663 = FACE_BOUND('',#2664,.T.);
#2664 = EDGE_LOOP('',(#2665,#2666,#2686,#2707));
#2665 = ORIENTED_EDGE('',*,*,#2616,.T.);
#2666 = ORIENTED_EDGE('',*,*,#2667,.T.);
#2667 = EDGE_CURVE('',#2594,#2668,#2670,.T.);
#2668 = VERTEX_POINT('',#2669);
#2669 = CARTESIAN_POINT('',(-13.31609684628,-0.608658180346,
    12.203993230268));
#2670 = SURFACE_CURVE('',#2671,(#2674,#2680),.PCURVE_S1.);
#2671 = B_SPLINE_CURVE_WITH_KNOTS('',1,(#2672,#2673),.UNSPECIFIED.,.F.,
  .F.,(2,2),(0.,1.893400776149E-03),.PIECEWISE_BEZIER_KNOTS.);
#2672 = CARTESIAN_POINT('',(-15.109,2.249089232136E-17,12.203993230268)
  );
#2673 = CARTESIAN_POINT('',(-13.31609684628,-0.608658180346,
    12.203993230268));
#2674 = PCURVE('',#2631,#2675);
#2675 = DEFINITIONAL_REPRESENTATION('',(#2676),#2679);
#2676 = B_SPLINE_CURVE_WITH_KNOTS('',1,(#2677,#2678),.UNSPECIFIED.,.F.,
  .F.,(2,2),(0.,1.893400776149E-03),.PIECEWISE_BEZIER_KNOTS.);
#2677 = CARTESIAN_POINT('',(0.,-2.236901112349E-03));
#2678 = CARTESIAN_POINT('',(1.893400776149E-03,-2.236901112349E-03));
#2679 = ( GEOMETRIC_REPRESENTATION_CONTEXT(2) 
PARAMETRIC_REPRESENTATION_CONTEXT() REPRESENTATION_CONTEXT('2D SPACE',''
  ) );
#2680 = PCURVE('',#2527,#2681);
#2681 = DEFINITIONAL_REPRESENTATION('',(#2682),#2685);
#2682 = B_SPLINE_CURVE_WITH_KNOTS('',1,(#2683,#2684),.UNSPECIFIED.,.F.,
  .F.,(2,2),(0.,1.893400776149E-03),.PIECEWISE_BEZIER_KNOTS.);
#2683 = CARTESIAN_POINT('',(-1.242775344402E-03,-2.99933038317E-03));
#2684 = CARTESIAN_POINT('',(5.501278093181E-04,-2.390672202824E-03));
#2685 = ( GEOMETRIC_REPRESENTATION_CONTEXT(2) 
PARAMETRIC_REPRESENTATION_CONTEXT() REPRESENTATION_CONTEXT('2D SPACE',''
  ) );
#2686 = ORIENTED_EDGE('',*,*,#2687,.F.);
#2687 = EDGE_CURVE('',#2688,#2668,#2690,.T.);
#2688 = VERTEX_POINT('',#2689);
#2689 = CARTESIAN_POINT('',(-13.31609684628,-0.608658180346,
    9.967092117918));
#2690 = SURFACE_CURVE('',#2691,(#2694,#2700),.PCURVE_S1.);
#2691 = B_SPLINE_CURVE_WITH_KNOTS('',1,(#2692,#2693),.UNSPECIFIED.,.F.,
  .F.,(2,2),(0.,2.236901112349E-03),.PIECEWISE_BEZIER_KNOTS.);
#2692 = CARTESIAN_POINT('',(-13.31609684628,-0.608658180346,
    9.967092117918));
#2693 = CARTESIAN_POINT('',(-13.31609684628,-0.608658180346,
    12.203993230268));
#2694 = PCURVE('',#2631,#2695);
#2695 = DEFINITIONAL_REPRESENTATION('',(#2696),#2699);
#2696 = B_SPLINE_CURVE_WITH_KNOTS('',1,(#2697,#2698),.UNSPECIFIED.,.F.,
  .F.,(2,2),(0.,2.236901112349E-03),.PIECEWISE_BEZIER_KNOTS.);
#2697 = CARTESIAN_POINT('',(1.893400776149E-03,0.));
#2698 = CARTESIAN_POINT('',(1.893400776149E-03,-2.236901112349E-03));
#2699 = ( GEOMETRIC_REPRESENTATION_CONTEXT(2) 
PARAMETRIC_REPRESENTATION_CONTEXT() REPRESENTATION_CONTEXT('2D SPACE',''
  ) );
#2700 = PCURVE('',#2499,#2701);
#2701 = DEFINITIONAL_REPRESENTATION('',(#2702),#2706);
#2702 = B_SPLINE_CURVE_WITH_KNOTS('',2,(#2703,#2704,#2705),
  .UNSPECIFIED.,.F.,.F.,(3,3),(0.,2.236901112349E-03),
  .PIECEWISE_BEZIER_KNOTS.);
#2703 = CARTESIAN_POINT('',(3.187269313626,0.));
#2704 = CARTESIAN_POINT('',(3.187269313626,-1.118450556175E-03));
#2705 = CARTESIAN_POINT('',(3.187269313626,-2.236901112349E-03));
#2706 = ( GEOMETRIC_REPRESENTATION_CONTEXT(2) 
PARAMETRIC_REPRESENTATION_CONTEXT() REPRESENTATION_CONTEXT('2D SPACE',''
  ) );
#2707 = ORIENTED_EDGE('',*,*,#2708,.F.);
#2708 = EDGE_CURVE('',#2617,#2688,#2709,.T.);
#2709 = SURFACE_CURVE('',#2710,(#2713,#2719),.PCURVE_S1.);
#2710 = B_SPLINE_CURVE_WITH_KNOTS('',1,(#2711,#2712),.UNSPECIFIED.,.F.,
  .F.,(2,2),(0.,1.893400776149E-03),.PIECEWISE_BEZIER_KNOTS.);
#2711 = CARTESIAN_POINT('',(-15.109,2.249089232136E-17,9.967092117918));
#2712 = CARTESIAN_POINT('',(-13.31609684628,-0.608658180346,
    9.967092117918));
#2713 = PCURVE('',#2631,#2714);
#2714 = DEFINITIONAL_REPRESENTATION('',(#2715),#2718);
#2715 = B_SPLINE_CURVE_WITH_KNOTS('',1,(#2716,#2717),.UNSPECIFIED.,.F.,
  .F.,(2,2),(0.,1.893400776149E-03),.PIECEWISE_BEZIER_KNOTS.);
#2716 = CARTESIAN_POINT('',(0.,0.));
#2717 = CARTESIAN_POINT('',(1.893400776149E-03,0.));
#2718 = ( GEOMETRIC_REPRESENTATION_CONTEXT(2) 
PARAMETRIC_REPRESENTATION_CONTEXT() REPRESENTATION_CONTEXT('2D SPACE',''
  ) );
#2719 = PCURVE('',#2578,#2720);
#2720 = DEFINITIONAL_REPRESENTATION('',(#2721),#2724);
#2721 = B_SPLINE_CURVE_WITH_KNOTS('',1,(#2722,#2723),.UNSPECIFIED.,.F.,
  .F.,(2,2),(0.,1.893400776149E-03),.PIECEWISE_BEZIER_KNOTS.);
#2722 = CARTESIAN_POINT('',(-1.242775344402E-03,-2.99933038317E-03));
#2723 = CARTESIAN_POINT('',(5.501278093181E-04,-2.390672202824E-03));
#2724 = ( GEOMETRIC_REPRESENTATION_CONTEXT(2) 
PARAMETRIC_REPRESENTATION_CONTEXT() REPRESENTATION_CONTEXT('2D SPACE',''
  ) );
#2725 = ADVANCED_FACE('',(#2726),#2499,.T.);
#2726 = FACE_BOUND('',#2727,.T.);
#2727 = EDGE_LOOP('',(#2728,#2729,#2750,#2751));
#2728 = ORIENTED_EDGE('',*,*,#2687,.T.);
#2729 = ORIENTED_EDGE('',*,*,#2730,.T.);
#2730 = EDGE_CURVE('',#2668,#2481,#2731,.T.);
#2731 = SURFACE_CURVE('',#2732,(#2736,#2743),.PCURVE_S1.);
#2732 = ( BOUNDED_CURVE() B_SPLINE_CURVE(2,(#2733,#2734,#2735),
.UNSPECIFIED.,.F.,.F.) B_SPLINE_CURVE_WITH_KNOTS((3,3),(3.187269313626,
3.52196186638),.PIECEWISE_BEZIER_KNOTS.) CURVE() 
GEOMETRIC_REPRESENTATION_ITEM() RATIONAL_B_SPLINE_CURVE((1.,
0.986030259214,1.)) REPRESENTATION_ITEM('') );
#2733 = CARTESIAN_POINT('',(-13.31609684628,-0.608658180346,
    12.203993230268));
#2734 = CARTESIAN_POINT('',(-13.21327856853,-2.858095037129,
    12.203993230268));
#2735 = CARTESIAN_POINT('',(-12.37727322393,-4.948940042074,
    12.203993230268));
#2736 = PCURVE('',#2499,#2737);
#2737 = DEFINITIONAL_REPRESENTATION('',(#2738),#2742);
#2738 = B_SPLINE_CURVE_WITH_KNOTS('',2,(#2739,#2740,#2741),
  .UNSPECIFIED.,.F.,.F.,(3,3),(3.187269313626,3.52196186638),
  .PIECEWISE_BEZIER_KNOTS.);
#2739 = CARTESIAN_POINT('',(3.187269313626,-2.236901112349E-03));
#2740 = CARTESIAN_POINT('',(3.354615590003,-2.236901112349E-03));
#2741 = CARTESIAN_POINT('',(3.52196186638,-2.236901112349E-03));
#2742 = ( GEOMETRIC_REPRESENTATION_CONTEXT(2) 
PARAMETRIC_REPRESENTATION_CONTEXT() REPRESENTATION_CONTEXT('2D SPACE',''
  ) );
#2743 = PCURVE('',#2527,#2744);
#2744 = DEFINITIONAL_REPRESENTATION('',(#2745),#2749);
#2745 = ( BOUNDED_CURVE() B_SPLINE_CURVE(2,(#2746,#2747,#2748),
.UNSPECIFIED.,.F.,.F.) B_SPLINE_CURVE_WITH_KNOTS((3,3),(3.187269313626,
3.52196186638),.PIECEWISE_BEZIER_KNOTS.) CURVE() 
GEOMETRIC_REPRESENTATION_ITEM() RATIONAL_B_SPLINE_CURVE((1.,
0.986030259214,1.)) REPRESENTATION_ITEM('') );
#2746 = CARTESIAN_POINT('',(5.501278093181E-04,-2.390672202824E-03));
#2747 = CARTESIAN_POINT('',(6.529460870656E-04,-1.412353460404E-04));
#2748 = CARTESIAN_POINT('',(1.488951431662E-03,1.949609658904E-03));
#2749 = ( GEOMETRIC_REPRESENTATION_CONTEXT(2) 
PARAMETRIC_REPRESENTATION_CONTEXT() REPRESENTATION_CONTEXT('2D SPACE',''
  ) );
#2750 = ORIENTED_EDGE('',*,*,#2478,.F.);
#2751 = ORIENTED_EDGE('',*,*,#2752,.F.);
#2752 = EDGE_CURVE('',#2688,#2479,#2753,.T.);
#2753 = SURFACE_CURVE('',#2754,(#2758,#2765),.PCURVE_S1.);
#2754 = ( BOUNDED_CURVE() B_SPLINE_CURVE(2,(#2755,#2756,#2757),
.UNSPECIFIED.,.F.,.F.) B_SPLINE_CURVE_WITH_KNOTS((3,3),(3.187269313626,
3.52196186638),.PIECEWISE_BEZIER_KNOTS.) CURVE() 
GEOMETRIC_REPRESENTATION_ITEM() RATIONAL_B_SPLINE_CURVE((1.,
0.986030259214,1.)) REPRESENTATION_ITEM('') );
#2755 = CARTESIAN_POINT('',(-13.31609684628,-0.608658180346,
    9.967092117918));
#2756 = CARTESIAN_POINT('',(-13.21327856853,-2.858095037129,
    9.967092117918));
#2757 = CARTESIAN_POINT('',(-12.37727322393,-4.948940042074,
    9.967092117918));
#2758 = PCURVE('',#2499,#2759);
#2759 = DEFINITIONAL_REPRESENTATION('',(#2760),#2764);
#2760 = B_SPLINE_CURVE_WITH_KNOTS('',2,(#2761,#2762,#2763),
  .UNSPECIFIED.,.F.,.F.,(3,3),(3.187269313626,3.52196186638),
  .PIECEWISE_BEZIER_KNOTS.);
#2761 = CARTESIAN_POINT('',(3.187269313626,0.));
#2762 = CARTESIAN_POINT('',(3.354615590003,0.));
#2763 = CARTESIAN_POINT('',(3.52196186638,0.));
#2764 = ( GEOMETRIC_REPRESENTATION_CONTEXT(2) 
PARAMETRIC_REPRESENTATION_CONTEXT() REPRESENTATION_CONTEXT('2D SPACE',''
  ) );
#2765 = PCURVE('',#2578,#2766);
#2766 = DEFINITIONAL_REPRESENTATION('',(#2767),#2771);
#2767 = ( BOUNDED_CURVE() B_SPLINE_CURVE(2,(#2768,#2769,#2770),
.UNSPECIFIED.,.F.,.F.) B_SPLINE_CURVE_WITH_KNOTS((3,3),(3.187269313626,
3.52196186638),.PIECEWISE_BEZIER_KNOTS.) CURVE() 
GEOMETRIC_REPRESENTATION_ITEM() RATIONAL_B_SPLINE_CURVE((1.,
0.986030259214,1.)) REPRESENTATION_ITEM('') );
#2768 = CARTESIAN_POINT('',(5.501278093181E-04,-2.390672202824E-03));
#2769 = CARTESIAN_POINT('',(6.529460870656E-04,-1.412353460404E-04));
#2770 = CARTESIAN_POINT('',(1.488951431662E-03,1.949609658904E-03));
#2771 = ( GEOMETRIC_REPRESENTATION_CONTEXT(2) 
PARAMETRIC_REPRESENTATION_CONTEXT() REPRESENTATION_CONTEXT('2D SPACE',''
  ) );
#2772 = ADVANCED_FACE('',(#2773),#2578,.T.);
#2773 = FACE_BOUND('',#2774,.T.);
#2774 = EDGE_LOOP('',(#2775,#2776,#2777,#2778));
#2775 = ORIENTED_EDGE('',*,*,#2566,.T.);
#2776 = ORIENTED_EDGE('',*,*,#2642,.T.);
#2777 = ORIENTED_EDGE('',*,*,#2708,.T.);
#2778 = ORIENTED_EDGE('',*,*,#2752,.T.);
#2779 = ADVANCED_FACE('',(#2780),#2527,.F.);
#2780 = FACE_BOUND('',#2781,.F.);
#2781 = EDGE_LOOP('',(#2782,#2783,#2784,#2785));
#2782 = ORIENTED_EDGE('',*,*,#2513,.T.);
#2783 = ORIENTED_EDGE('',*,*,#2593,.T.);
#2784 = ORIENTED_EDGE('',*,*,#2667,.T.);
#2785 = ORIENTED_EDGE('',*,*,#2730,.T.);
#2786 = ( GEOMETRIC_REPRESENTATION_CONTEXT(3) 
GLOBAL_UNCERTAINTY_ASSIGNED_CONTEXT((#2790)) 
GLOBAL_UNIT_ASSIGNED_CONTEXT((#2787,#2788,#2789)) REPRESENTATION_CONTEXT
('Context #1','3D Context with UNIT and UNCERTAINTY') );
#2787 = ( LENGTH_UNIT() NAMED_UNIT(*) SI_UNIT(.MILLI.,.METRE.) );
#2788 = ( NAMED_UNIT(*) PLANE_ANGLE_UNIT() SI_UNIT($,.RADIAN.) );
#2789 = ( NAMED_UNIT(*) SI_UNIT($,.STERADIAN.) SOLID_ANGLE_UNIT() );
#2790 = UNCERTAINTY_MEASURE_WITH_UNIT(LENGTH_MEASURE(1.E-04),#2787,
  'distance_accuracy_value','confusion accuracy');
#2791 = CONTEXT_DEPENDENT_SHAPE_REPRESENTATION(#2792,#2794);
#2792 = ( REPRESENTATION_RELATIONSHIP('','',#2471,#10) 
REPRESENTATION_RELATIONSHIP_WITH_TRANSFORMATION(#2793) 
SHAPE_REPRESENTATION_RELATIONSHIP() );
#2793 = ITEM_DEFINED_TRANSFORMATION('','',#11,#43);
#2794 = PRODUCT_DEFINITION_SHAPE('Placement','Placement of an item',
  #2795);
#2795 = NEXT_ASSEMBLY_USAGE_OCCURRENCE('50','','',#5,#2466,$);
#2796 = PRODUCT_RELATED_PRODUCT_CATEGORY('part',$,(#2468));
#2797 = SHAPE_DEFINITION_REPRESENTATION(#2798,#2804);
#2798 = PRODUCT_DEFINITION_SHAPE('','',#2799);
#2799 = PRODUCT_DEFINITION('design','',#2800,#2803);
#2800 = PRODUCT_DEFINITION_FORMATION('','',#2801);
#2801 = PRODUCT('Open CASCADE STEP translator 7.7 2.9',
  'Open CASCADE STEP translator 7.7 2.9','',(#2802));
#2802 = PRODUCT_CONTEXT('',#2,'mechanical');
#2803 = PRODUCT_DEFINITION_CONTEXT('part definition',#2,'design');
#2804 = ADVANCED_BREP_SHAPE_REPRESENTATION('',(#11,#2805),#3119);
#2805 = MANIFOLD_SOLID_BREP('',#2806);
#2806 = CLOSED_SHELL('',(#2807,#2921,#2995,#3058,#3105,#3112));
#2807 = ADVANCED_FACE('',(#2808),#2821,.T.);
#2808 = FACE_BOUND('',#2809,.T.);
#2809 = EDGE_LOOP('',(#2810,#2845,#2870,#2898));
#2810 = ORIENTED_EDGE('',*,*,#2811,.T.);
#2811 = EDGE_CURVE('',#2812,#2814,#2816,.T.);
#2812 = VERTEX_POINT('',#2813);
#2813 = CARTESIAN_POINT('',(12.377273223936,4.948940042074,
    9.967092117918));
#2814 = VERTEX_POINT('',#2815);
#2815 = CARTESIAN_POINT('',(12.377273223936,4.948940042074,
    12.203993230268));
#2816 = SURFACE_CURVE('',#2817,(#2820,#2831),.PCURVE_S1.);
#2817 = B_SPLINE_CURVE_WITH_KNOTS('',1,(#2818,#2819),.UNSPECIFIED.,.F.,
  .F.,(2,2),(0.,2.236901112349E-03),.PIECEWISE_BEZIER_KNOTS.);
#2818 = CARTESIAN_POINT('',(12.377273223936,4.948940042074,
    9.967092117918));
#2819 = CARTESIAN_POINT('',(12.377273223936,4.948940042074,
    12.203993230268));
#2820 = PCURVE('',#2821,#2826);
#2821 = B_SPLINE_SURFACE_WITH_KNOTS('',1,1,(
    (#2822,#2823)
    ,(#2824,#2825
    )),.UNSPECIFIED.,.F.,.F.,.F.,(2,2),(2,2),(0.,1.893400776149E-03),(
    -2.236901112349E-03,0.),.PIECEWISE_BEZIER_KNOTS.);
#2822 = CARTESIAN_POINT('',(12.377273223936,4.948940042074,
    12.203993230268));
#2823 = CARTESIAN_POINT('',(12.377273223936,4.948940042074,
    9.967092117918));
#2824 = CARTESIAN_POINT('',(13.758361157885,6.244147599889,
    12.203993230268));
#2825 = CARTESIAN_POINT('',(13.758361157885,6.244147599889,
    9.967092117918));
#2826 = DEFINITIONAL_REPRESENTATION('',(#2827),#2830);
#2827 = B_SPLINE_CURVE_WITH_KNOTS('',1,(#2828,#2829),.UNSPECIFIED.,.F.,
  .F.,(2,2),(0.,2.236901112349E-03),.PIECEWISE_BEZIER_KNOTS.);
#2828 = CARTESIAN_POINT('',(0.,0.));
#2829 = CARTESIAN_POINT('',(0.,-2.236901112349E-03));
#2830 = ( GEOMETRIC_REPRESENTATION_CONTEXT(2) 
PARAMETRIC_REPRESENTATION_CONTEXT() REPRESENTATION_CONTEXT('2D SPACE',''
  ) );
#2831 = PCURVE('',#2832,#2839);
#2832 = ( BOUNDED_SURFACE() B_SPLINE_SURFACE(2,1,(
    (#2833,#2834)
    ,(#2835,#2836)
    ,(#2837,#2838
)),.UNSPECIFIED.,.F.,.F.,.F.) B_SPLINE_SURFACE_WITH_KNOTS((3,3),(2,2),(
    3.187269313626,3.52196186638),(-2.236901112349E-03,0.),
.PIECEWISE_BEZIER_KNOTS.) GEOMETRIC_REPRESENTATION_ITEM() 
RATIONAL_B_SPLINE_SURFACE((
    (1.,1.)
    ,(0.986030259214,0.986030259214)
,(1.,1.))) REPRESENTATION_ITEM('') SURFACE() );
#2833 = CARTESIAN_POINT('',(13.31609684628,0.608658180346,
    12.203993230268));
#2834 = CARTESIAN_POINT('',(13.31609684628,0.608658180346,9.967092117918
    ));
#2835 = CARTESIAN_POINT('',(13.213278568532,2.858095037129,
    12.203993230268));
#2836 = CARTESIAN_POINT('',(13.213278568532,2.858095037129,
    9.967092117918));
#2837 = CARTESIAN_POINT('',(12.377273223936,4.948940042074,
    12.203993230268));
#2838 = CARTESIAN_POINT('',(12.377273223936,4.948940042074,
    9.967092117918));
#2839 = DEFINITIONAL_REPRESENTATION('',(#2840),#2844);
#2840 = B_SPLINE_CURVE_WITH_KNOTS('',2,(#2841,#2842,#2843),
  .UNSPECIFIED.,.F.,.F.,(3,3),(0.,2.236901112349E-03),
  .PIECEWISE_BEZIER_KNOTS.);
#2841 = CARTESIAN_POINT('',(3.52196186638,0.));
#2842 = CARTESIAN_POINT('',(3.52196186638,-1.118450556175E-03));
#2843 = CARTESIAN_POINT('',(3.52196186638,-2.236901112349E-03));
#2844 = ( GEOMETRIC_REPRESENTATION_CONTEXT(2) 
PARAMETRIC_REPRESENTATION_CONTEXT() REPRESENTATION_CONTEXT('2D SPACE',''
  ) );
#2845 = ORIENTED_EDGE('',*,*,#2846,.T.);
#2846 = EDGE_CURVE('',#2814,#2847,#2849,.T.);
#2847 = VERTEX_POINT('',#2848);
#2848 = CARTESIAN_POINT('',(13.758361157885,6.244147599889,
    12.203993230268));
#2849 = SURFACE_CURVE('',#2850,(#2853,#2859),.PCURVE_S1.);
#2850 = B_SPLINE_CURVE_WITH_KNOTS('',1,(#2851,#2852),.UNSPECIFIED.,.F.,
  .F.,(2,2),(0.,1.893400776149E-03),.PIECEWISE_BEZIER_KNOTS.);
#2851 = CARTESIAN_POINT('',(12.377273223936,4.948940042074,
    12.203993230268));
#2852 = CARTESIAN_POINT('',(13.758361157885,6.244147599889,
    12.203993230268));
#2853 = PCURVE('',#2821,#2854);
#2854 = DEFINITIONAL_REPRESENTATION('',(#2855),#2858);
#2855 = B_SPLINE_CURVE_WITH_KNOTS('',1,(#2856,#2857),.UNSPECIFIED.,.F.,
  .F.,(2,2),(0.,1.893400776149E-03),.PIECEWISE_BEZIER_KNOTS.);
#2856 = CARTESIAN_POINT('',(0.,-2.236901112349E-03));
#2857 = CARTESIAN_POINT('',(1.893400776149E-03,-2.236901112349E-03));
#2858 = ( GEOMETRIC_REPRESENTATION_CONTEXT(2) 
PARAMETRIC_REPRESENTATION_CONTEXT() REPRESENTATION_CONTEXT('2D SPACE',''
  ) );
#2859 = PCURVE('',#2860,#2865);
#2860 = B_SPLINE_SURFACE_WITH_KNOTS('',1,1,(
    (#2861,#2862)
    ,(#2863,#2864
    )),.UNSPECIFIED.,.F.,.F.,.F.,(2,2),(2,2),(-1.242775344402E-03,
    1.488951431662E-03),(-2.99933038317E-03,3.24481721672E-03),
  .PIECEWISE_BEZIER_KNOTS.);
#2861 = CARTESIAN_POINT('',(15.109,1.7763568394E-15,12.203993230268));
#2862 = CARTESIAN_POINT('',(15.109,6.244147599889,12.203993230268));
#2863 = CARTESIAN_POINT('',(12.377273223936,8.881784197001E-16,
    12.203993230268));
#2864 = CARTESIAN_POINT('',(12.377273223936,6.244147599889,
    12.203993230268));
#2865 = DEFINITIONAL_REPRESENTATION('',(#2866),#2869);
#2866 = B_SPLINE_CURVE_WITH_KNOTS('',1,(#2867,#2868),.UNSPECIFIED.,.F.,
  .F.,(2,2),(0.,1.893400776149E-03),.PIECEWISE_BEZIER_KNOTS.);
#2867 = CARTESIAN_POINT('',(1.488951431662E-03,1.949609658904E-03));
#2868 = CARTESIAN_POINT('',(1.078634977129E-04,3.24481721672E-03));
#2869 = ( GEOMETRIC_REPRESENTATION_CONTEXT(2) 
PARAMETRIC_REPRESENTATION_CONTEXT() REPRESENTATION_CONTEXT('2D SPACE',''
  ) );
#2870 = ORIENTED_EDGE('',*,*,#2871,.F.);
#2871 = EDGE_CURVE('',#2872,#2847,#2874,.T.);
#2872 = VERTEX_POINT('',#2873);
#2873 = CARTESIAN_POINT('',(13.758361157885,6.244147599889,
    9.967092117918));
#2874 = SURFACE_CURVE('',#2875,(#2878,#2884),.PCURVE_S1.);
#2875 = B_SPLINE_CURVE_WITH_KNOTS('',1,(#2876,#2877),.UNSPECIFIED.,.F.,
  .F.,(2,2),(0.,2.236901112349E-03),.PIECEWISE_BEZIER_KNOTS.);
#2876 = CARTESIAN_POINT('',(13.758361157885,6.244147599889,
    9.967092117918));
#2877 = CARTESIAN_POINT('',(13.758361157885,6.244147599889,
    12.203993230268));
#2878 = PCURVE('',#2821,#2879);
#2879 = DEFINITIONAL_REPRESENTATION('',(#2880),#2883);
#2880 = B_SPLINE_CURVE_WITH_KNOTS('',1,(#2881,#2882),.UNSPECIFIED.,.F.,
  .F.,(2,2),(0.,2.236901112349E-03),.PIECEWISE_BEZIER_KNOTS.);
#2881 = CARTESIAN_POINT('',(1.893400776149E-03,0.));
#2882 = CARTESIAN_POINT('',(1.893400776149E-03,-2.236901112349E-03));
#2883 = ( GEOMETRIC_REPRESENTATION_CONTEXT(2) 
PARAMETRIC_REPRESENTATION_CONTEXT() REPRESENTATION_CONTEXT('2D SPACE',''
  ) );
#2884 = PCURVE('',#2885,#2892);
#2885 = ( BOUNDED_SURFACE() B_SPLINE_SURFACE(2,1,(
    (#2886,#2887)
    ,(#2888,#2889)
    ,(#2890,#2891
)),.UNSPECIFIED.,.F.,.F.,.F.) B_SPLINE_SURFACE_WITH_KNOTS((3,3),(2,2),(
    5.857139434353,6.28318530718),(-2.236901112349E-03,0.),
.PIECEWISE_BEZIER_KNOTS.) GEOMETRIC_REPRESENTATION_ITEM() 
RATIONAL_B_SPLINE_SURFACE((
    (1.,1.)
    ,(0.977396285971,0.977396285971)
,(1.,1.))) REPRESENTATION_ITEM('') SURFACE() );
#2886 = CARTESIAN_POINT('',(13.758361157885,6.244147599889,
    12.203993230268));
#2887 = CARTESIAN_POINT('',(13.758361157885,6.244147599889,
    9.967092117918));
#2888 = CARTESIAN_POINT('',(15.109,3.268148604604,12.203993230268));
#2889 = CARTESIAN_POINT('',(15.109,3.268148604604,9.967092117918));
#2890 = CARTESIAN_POINT('',(15.109,3.552713678801E-15,12.203993230268));
#2891 = CARTESIAN_POINT('',(15.109,3.552713678801E-15,9.967092117918));
#2892 = DEFINITIONAL_REPRESENTATION('',(#2893),#2897);
#2893 = B_SPLINE_CURVE_WITH_KNOTS('',2,(#2894,#2895,#2896),
  .UNSPECIFIED.,.F.,.F.,(3,3),(0.,2.236901112349E-03),
  .PIECEWISE_BEZIER_KNOTS.);
#2894 = CARTESIAN_POINT('',(5.857139434353,0.));
#2895 = CARTESIAN_POINT('',(5.857139434353,-1.118450556175E-03));
#2896 = CARTESIAN_POINT('',(5.857139434353,-2.236901112349E-03));
#2897 = ( GEOMETRIC_REPRESENTATION_CONTEXT(2) 
PARAMETRIC_REPRESENTATION_CONTEXT() REPRESENTATION_CONTEXT('2D SPACE',''
  ) );
#2898 = ORIENTED_EDGE('',*,*,#2899,.F.);
#2899 = EDGE_CURVE('',#2812,#2872,#2900,.T.);
#2900 = SURFACE_CURVE('',#2901,(#2904,#2910),.PCURVE_S1.);
#2901 = B_SPLINE_CURVE_WITH_KNOTS('',1,(#2902,#2903),.UNSPECIFIED.,.F.,
  .F.,(2,2),(0.,1.893400776149E-03),.PIECEWISE_BEZIER_KNOTS.);
#2902 = CARTESIAN_POINT('',(12.377273223936,4.948940042074,
    9.967092117918));
#2903 = CARTESIAN_POINT('',(13.758361157885,6.244147599889,
    9.967092117918));
#2904 = PCURVE('',#2821,#2905);
#2905 = DEFINITIONAL_REPRESENTATION('',(#2906),#2909);
#2906 = B_SPLINE_CURVE_WITH_KNOTS('',1,(#2907,#2908),.UNSPECIFIED.,.F.,
  .F.,(2,2),(0.,1.893400776149E-03),.PIECEWISE_BEZIER_KNOTS.);
#2907 = CARTESIAN_POINT('',(0.,0.));
#2908 = CARTESIAN_POINT('',(1.893400776149E-03,0.));
#2909 = ( GEOMETRIC_REPRESENTATION_CONTEXT(2) 
PARAMETRIC_REPRESENTATION_CONTEXT() REPRESENTATION_CONTEXT('2D SPACE',''
  ) );
#2910 = PCURVE('',#2911,#2916);
#2911 = B_SPLINE_SURFACE_WITH_KNOTS('',1,1,(
    (#2912,#2913)
    ,(#2914,#2915
    )),.UNSPECIFIED.,.F.,.F.,.F.,(2,2),(2,2),(-1.242775344402E-03,
    1.488951431662E-03),(-2.99933038317E-03,3.24481721672E-03),
  .PIECEWISE_BEZIER_KNOTS.);
#2912 = CARTESIAN_POINT('',(15.109,1.7763568394E-15,9.967092117918));
#2913 = CARTESIAN_POINT('',(15.109,6.244147599889,9.967092117918));
#2914 = CARTESIAN_POINT('',(12.377273223936,8.881784197001E-16,
    9.967092117918));
#2915 = CARTESIAN_POINT('',(12.377273223936,6.244147599889,
    9.967092117918));
#2916 = DEFINITIONAL_REPRESENTATION('',(#2917),#2920);
#2917 = B_SPLINE_CURVE_WITH_KNOTS('',1,(#2918,#2919),.UNSPECIFIED.,.F.,
  .F.,(2,2),(0.,1.893400776149E-03),.PIECEWISE_BEZIER_KNOTS.);
#2918 = CARTESIAN_POINT('',(1.488951431662E-03,1.949609658904E-03));
#2919 = CARTESIAN_POINT('',(1.078634977129E-04,3.24481721672E-03));
#2920 = ( GEOMETRIC_REPRESENTATION_CONTEXT(2) 
PARAMETRIC_REPRESENTATION_CONTEXT() REPRESENTATION_CONTEXT('2D SPACE',''
  ) );
#2921 = ADVANCED_FACE('',(#2922),#2885,.T.);
#2922 = FACE_BOUND('',#2923,.T.);
#2923 = EDGE_LOOP('',(#2924,#2925,#2948,#2974));
#2924 = ORIENTED_EDGE('',*,*,#2871,.T.);
#2925 = ORIENTED_EDGE('',*,*,#2926,.T.);
#2926 = EDGE_CURVE('',#2847,#2927,#2929,.T.);
#2927 = VERTEX_POINT('',#2928);
#2928 = CARTESIAN_POINT('',(15.109,8.881784197001E-16,12.203993230268));
#2929 = SURFACE_CURVE('',#2930,(#2934,#2941),.PCURVE_S1.);
#2930 = ( BOUNDED_CURVE() B_SPLINE_CURVE(2,(#2931,#2932,#2933),
.UNSPECIFIED.,.F.,.F.) B_SPLINE_CURVE_WITH_KNOTS((3,3),(5.857139434353,
6.28318530718),.PIECEWISE_BEZIER_KNOTS.) CURVE() 
GEOMETRIC_REPRESENTATION_ITEM() RATIONAL_B_SPLINE_CURVE((1.,
0.977396285971,1.)) REPRESENTATION_ITEM('') );
#2931 = CARTESIAN_POINT('',(13.758361157885,6.244147599889,
    12.203993230268));
#2932 = CARTESIAN_POINT('',(15.109,3.268148604604,12.203993230268));
#2933 = CARTESIAN_POINT('',(15.109,3.552713678801E-15,12.203993230268));
#2934 = PCURVE('',#2885,#2935);
#2935 = DEFINITIONAL_REPRESENTATION('',(#2936),#2940);
#2936 = B_SPLINE_CURVE_WITH_KNOTS('',2,(#2937,#2938,#2939),
  .UNSPECIFIED.,.F.,.F.,(3,3),(5.857139434353,6.28318530718),
  .PIECEWISE_BEZIER_KNOTS.);
#2937 = CARTESIAN_POINT('',(5.857139434353,-2.236901112349E-03));
#2938 = CARTESIAN_POINT('',(6.070162370766,-2.236901112349E-03));
#2939 = CARTESIAN_POINT('',(6.28318530718,-2.236901112349E-03));
#2940 = ( GEOMETRIC_REPRESENTATION_CONTEXT(2) 
PARAMETRIC_REPRESENTATION_CONTEXT() REPRESENTATION_CONTEXT('2D SPACE',''
  ) );
#2941 = PCURVE('',#2860,#2942);
#2942 = DEFINITIONAL_REPRESENTATION('',(#2943),#2947);
#2943 = ( BOUNDED_CURVE() B_SPLINE_CURVE(2,(#2944,#2945,#2946),
.UNSPECIFIED.,.F.,.F.) B_SPLINE_CURVE_WITH_KNOTS((3,3),(5.857139434353,
6.28318530718),.PIECEWISE_BEZIER_KNOTS.) CURVE() 
GEOMETRIC_REPRESENTATION_ITEM() RATIONAL_B_SPLINE_CURVE((1.,
0.977396285971,1.)) REPRESENTATION_ITEM('') );
#2944 = CARTESIAN_POINT('',(1.078634977129E-04,3.24481721672E-03));
#2945 = CARTESIAN_POINT('',(-1.242775344402E-03,2.688182214338E-04));
#2946 = CARTESIAN_POINT('',(-1.242775344402E-03,-2.99933038317E-03));
#2947 = ( GEOMETRIC_REPRESENTATION_CONTEXT(2) 
PARAMETRIC_REPRESENTATION_CONTEXT() REPRESENTATION_CONTEXT('2D SPACE',''
  ) );
#2948 = ORIENTED_EDGE('',*,*,#2949,.F.);
#2949 = EDGE_CURVE('',#2950,#2927,#2952,.T.);
#2950 = VERTEX_POINT('',#2951);
#2951 = CARTESIAN_POINT('',(15.109,8.881784197001E-16,9.967092117918));
#2952 = SURFACE_CURVE('',#2953,(#2956,#2963),.PCURVE_S1.);
#2953 = B_SPLINE_CURVE_WITH_KNOTS('',1,(#2954,#2955),.UNSPECIFIED.,.F.,
  .F.,(2,2),(0.,2.236901112349E-03),.PIECEWISE_BEZIER_KNOTS.);
#2954 = CARTESIAN_POINT('',(15.109,1.7763568394E-15,9.967092117918));
#2955 = CARTESIAN_POINT('',(15.109,1.7763568394E-15,12.203993230268));
#2956 = PCURVE('',#2885,#2957);
#2957 = DEFINITIONAL_REPRESENTATION('',(#2958),#2962);
#2958 = B_SPLINE_CURVE_WITH_KNOTS('',2,(#2959,#2960,#2961),
  .UNSPECIFIED.,.F.,.F.,(3,3),(0.,2.236901112349E-03),
  .PIECEWISE_BEZIER_KNOTS.);
#2959 = CARTESIAN_POINT('',(6.28318530718,0.));
#2960 = CARTESIAN_POINT('',(6.28318530718,-1.118450556175E-03));
#2961 = CARTESIAN_POINT('',(6.28318530718,-2.236901112349E-03));
#2962 = ( GEOMETRIC_REPRESENTATION_CONTEXT(2) 
PARAMETRIC_REPRESENTATION_CONTEXT() REPRESENTATION_CONTEXT('2D SPACE',''
  ) );
#2963 = PCURVE('',#2964,#2969);
#2964 = B_SPLINE_SURFACE_WITH_KNOTS('',1,1,(
    (#2965,#2966)
    ,(#2967,#2968
    )),.UNSPECIFIED.,.F.,.F.,.F.,(2,2),(2,2),(0.,1.893400776149E-03),(
    -2.236901112349E-03,0.),.PIECEWISE_BEZIER_KNOTS.);
#2965 = CARTESIAN_POINT('',(15.109,1.7763568394E-15,12.203993230268));
#2966 = CARTESIAN_POINT('',(15.109,1.7763568394E-15,9.967092117918));
#2967 = CARTESIAN_POINT('',(13.31609684628,0.608658180346,
    12.203993230268));
#2968 = CARTESIAN_POINT('',(13.31609684628,0.608658180346,9.967092117918
    ));
#2969 = DEFINITIONAL_REPRESENTATION('',(#2970),#2973);
#2970 = B_SPLINE_CURVE_WITH_KNOTS('',1,(#2971,#2972),.UNSPECIFIED.,.F.,
  .F.,(2,2),(0.,2.236901112349E-03),.PIECEWISE_BEZIER_KNOTS.);
#2971 = CARTESIAN_POINT('',(0.,0.));
#2972 = CARTESIAN_POINT('',(0.,-2.236901112349E-03));
#2973 = ( GEOMETRIC_REPRESENTATION_CONTEXT(2) 
PARAMETRIC_REPRESENTATION_CONTEXT() REPRESENTATION_CONTEXT('2D SPACE',''
  ) );
#2974 = ORIENTED_EDGE('',*,*,#2975,.F.);
#2975 = EDGE_CURVE('',#2872,#2950,#2976,.T.);
#2976 = SURFACE_CURVE('',#2977,(#2981,#2988),.PCURVE_S1.);
#2977 = ( BOUNDED_CURVE() B_SPLINE_CURVE(2,(#2978,#2979,#2980),
.UNSPECIFIED.,.F.,.F.) B_SPLINE_CURVE_WITH_KNOTS((3,3),(5.857139434353,
6.28318530718),.PIECEWISE_BEZIER_KNOTS.) CURVE() 
GEOMETRIC_REPRESENTATION_ITEM() RATIONAL_B_SPLINE_CURVE((1.,
0.977396285971,1.)) REPRESENTATION_ITEM('') );
#2978 = CARTESIAN_POINT('',(13.758361157885,6.244147599889,
    9.967092117918));
#2979 = CARTESIAN_POINT('',(15.109,3.268148604604,9.967092117918));
#2980 = CARTESIAN_POINT('',(15.109,3.552713678801E-15,9.967092117918));
#2981 = PCURVE('',#2885,#2982);
#2982 = DEFINITIONAL_REPRESENTATION('',(#2983),#2987);
#2983 = B_SPLINE_CURVE_WITH_KNOTS('',2,(#2984,#2985,#2986),
  .UNSPECIFIED.,.F.,.F.,(3,3),(5.857139434353,6.28318530718),
  .PIECEWISE_BEZIER_KNOTS.);
#2984 = CARTESIAN_POINT('',(5.857139434353,0.));
#2985 = CARTESIAN_POINT('',(6.070162370766,0.));
#2986 = CARTESIAN_POINT('',(6.28318530718,0.));
#2987 = ( GEOMETRIC_REPRESENTATION_CONTEXT(2) 
PARAMETRIC_REPRESENTATION_CONTEXT() REPRESENTATION_CONTEXT('2D SPACE',''
  ) );
#2988 = PCURVE('',#2911,#2989);
#2989 = DEFINITIONAL_REPRESENTATION('',(#2990),#2994);
#2990 = ( BOUNDED_CURVE() B_SPLINE_CURVE(2,(#2991,#2992,#2993),
.UNSPECIFIED.,.F.,.F.) B_SPLINE_CURVE_WITH_KNOTS((3,3),(5.857139434353,
6.28318530718),.PIECEWISE_BEZIER_KNOTS.) CURVE() 
GEOMETRIC_REPRESENTATION_ITEM() RATIONAL_B_SPLINE_CURVE((1.,
0.977396285971,1.)) REPRESENTATION_ITEM('') );
#2991 = CARTESIAN_POINT('',(1.078634977129E-04,3.24481721672E-03));
#2992 = CARTESIAN_POINT('',(-1.242775344402E-03,2.688182214338E-04));
#2993 = CARTESIAN_POINT('',(-1.242775344402E-03,-2.99933038317E-03));
#2994 = ( GEOMETRIC_REPRESENTATION_CONTEXT(2) 
PARAMETRIC_REPRESENTATION_CONTEXT() REPRESENTATION_CONTEXT('2D SPACE',''
  ) );
#2995 = ADVANCED_FACE('',(#2996),#2964,.T.);
#2996 = FACE_BOUND('',#2997,.T.);
#2997 = EDGE_LOOP('',(#2998,#2999,#3019,#3040));
#2998 = ORIENTED_EDGE('',*,*,#2949,.T.);
#2999 = ORIENTED_EDGE('',*,*,#3000,.T.);
#3000 = EDGE_CURVE('',#2927,#3001,#3003,.T.);
#3001 = VERTEX_POINT('',#3002);
#3002 = CARTESIAN_POINT('',(13.31609684628,0.608658180346,
    12.203993230268));
#3003 = SURFACE_CURVE('',#3004,(#3007,#3013),.PCURVE_S1.);
#3004 = B_SPLINE_CURVE_WITH_KNOTS('',1,(#3005,#3006),.UNSPECIFIED.,.F.,
  .F.,(2,2),(0.,1.893400776149E-03),.PIECEWISE_BEZIER_KNOTS.);
#3005 = CARTESIAN_POINT('',(15.109,1.7763568394E-15,12.203993230268));
#3006 = CARTESIAN_POINT('',(13.31609684628,0.608658180346,
    12.203993230268));
#3007 = PCURVE('',#2964,#3008);
#3008 = DEFINITIONAL_REPRESENTATION('',(#3009),#3012);
#3009 = B_SPLINE_CURVE_WITH_KNOTS('',1,(#3010,#3011),.UNSPECIFIED.,.F.,
  .F.,(2,2),(0.,1.893400776149E-03),.PIECEWISE_BEZIER_KNOTS.);
#3010 = CARTESIAN_POINT('',(0.,-2.236901112349E-03));
#3011 = CARTESIAN_POINT('',(1.893400776149E-03,-2.236901112349E-03));
#3012 = ( GEOMETRIC_REPRESENTATION_CONTEXT(2) 
PARAMETRIC_REPRESENTATION_CONTEXT() REPRESENTATION_CONTEXT('2D SPACE',''
  ) );
#3013 = PCURVE('',#2860,#3014);
#3014 = DEFINITIONAL_REPRESENTATION('',(#3015),#3018);
#3015 = B_SPLINE_CURVE_WITH_KNOTS('',1,(#3016,#3017),.UNSPECIFIED.,.F.,
  .F.,(2,2),(0.,1.893400776149E-03),.PIECEWISE_BEZIER_KNOTS.);
#3016 = CARTESIAN_POINT('',(-1.242775344402E-03,-2.99933038317E-03));
#3017 = CARTESIAN_POINT('',(5.501278093181E-04,-2.390672202824E-03));
#3018 = ( GEOMETRIC_REPRESENTATION_CONTEXT(2) 
PARAMETRIC_REPRESENTATION_CONTEXT() REPRESENTATION_CONTEXT('2D SPACE',''
  ) );
#3019 = ORIENTED_EDGE('',*,*,#3020,.F.);
#3020 = EDGE_CURVE('',#3021,#3001,#3023,.T.);
#3021 = VERTEX_POINT('',#3022);
#3022 = CARTESIAN_POINT('',(13.31609684628,0.608658180346,9.967092117918
    ));
#3023 = SURFACE_CURVE('',#3024,(#3027,#3033),.PCURVE_S1.);
#3024 = B_SPLINE_CURVE_WITH_KNOTS('',1,(#3025,#3026),.UNSPECIFIED.,.F.,
  .F.,(2,2),(0.,2.236901112349E-03),.PIECEWISE_BEZIER_KNOTS.);
#3025 = CARTESIAN_POINT('',(13.31609684628,0.608658180346,9.967092117918
    ));
#3026 = CARTESIAN_POINT('',(13.31609684628,0.608658180346,
    12.203993230268));
#3027 = PCURVE('',#2964,#3028);
#3028 = DEFINITIONAL_REPRESENTATION('',(#3029),#3032);
#3029 = B_SPLINE_CURVE_WITH_KNOTS('',1,(#3030,#3031),.UNSPECIFIED.,.F.,
  .F.,(2,2),(0.,2.236901112349E-03),.PIECEWISE_BEZIER_KNOTS.);
#3030 = CARTESIAN_POINT('',(1.893400776149E-03,0.));
#3031 = CARTESIAN_POINT('',(1.893400776149E-03,-2.236901112349E-03));
#3032 = ( GEOMETRIC_REPRESENTATION_CONTEXT(2) 
PARAMETRIC_REPRESENTATION_CONTEXT() REPRESENTATION_CONTEXT('2D SPACE',''
  ) );
#3033 = PCURVE('',#2832,#3034);
#3034 = DEFINITIONAL_REPRESENTATION('',(#3035),#3039);
#3035 = B_SPLINE_CURVE_WITH_KNOTS('',2,(#3036,#3037,#3038),
  .UNSPECIFIED.,.F.,.F.,(3,3),(0.,2.236901112349E-03),
  .PIECEWISE_BEZIER_KNOTS.);
#3036 = CARTESIAN_POINT('',(3.187269313626,0.));
#3037 = CARTESIAN_POINT('',(3.187269313626,-1.118450556175E-03));
#3038 = CARTESIAN_POINT('',(3.187269313626,-2.236901112349E-03));
#3039 = ( GEOMETRIC_REPRESENTATION_CONTEXT(2) 
PARAMETRIC_REPRESENTATION_CONTEXT() REPRESENTATION_CONTEXT('2D SPACE',''
  ) );
#3040 = ORIENTED_EDGE('',*,*,#3041,.F.);
#3041 = EDGE_CURVE('',#2950,#3021,#3042,.T.);
#3042 = SURFACE_CURVE('',#3043,(#3046,#3052),.PCURVE_S1.);
#3043 = B_SPLINE_CURVE_WITH_KNOTS('',1,(#3044,#3045),.UNSPECIFIED.,.F.,
  .F.,(2,2),(0.,1.893400776149E-03),.PIECEWISE_BEZIER_KNOTS.);
#3044 = CARTESIAN_POINT('',(15.109,1.7763568394E-15,9.967092117918));
#3045 = CARTESIAN_POINT('',(13.31609684628,0.608658180346,9.967092117918
    ));
#3046 = PCURVE('',#2964,#3047);
#3047 = DEFINITIONAL_REPRESENTATION('',(#3048),#3051);
#3048 = B_SPLINE_CURVE_WITH_KNOTS('',1,(#3049,#3050),.UNSPECIFIED.,.F.,
  .F.,(2,2),(0.,1.893400776149E-03),.PIECEWISE_BEZIER_KNOTS.);
#3049 = CARTESIAN_POINT('',(0.,0.));
#3050 = CARTESIAN_POINT('',(1.893400776149E-03,0.));
#3051 = ( GEOMETRIC_REPRESENTATION_CONTEXT(2) 
PARAMETRIC_REPRESENTATION_CONTEXT() REPRESENTATION_CONTEXT('2D SPACE',''
  ) );
#3052 = PCURVE('',#2911,#3053);
#3053 = DEFINITIONAL_REPRESENTATION('',(#3054),#3057);
#3054 = B_SPLINE_CURVE_WITH_KNOTS('',1,(#3055,#3056),.UNSPECIFIED.,.F.,
  .F.,(2,2),(0.,1.893400776149E-03),.PIECEWISE_BEZIER_KNOTS.);
#3055 = CARTESIAN_POINT('',(-1.242775344402E-03,-2.99933038317E-03));
#3056 = CARTESIAN_POINT('',(5.501278093181E-04,-2.390672202824E-03));
#3057 = ( GEOMETRIC_REPRESENTATION_CONTEXT(2) 
PARAMETRIC_REPRESENTATION_CONTEXT() REPRESENTATION_CONTEXT('2D SPACE',''
  ) );
#3058 = ADVANCED_FACE('',(#3059),#2832,.T.);
#3059 = FACE_BOUND('',#3060,.T.);
#3060 = EDGE_LOOP('',(#3061,#3062,#3083,#3084));
#3061 = ORIENTED_EDGE('',*,*,#3020,.T.);
#3062 = ORIENTED_EDGE('',*,*,#3063,.T.);
#3063 = EDGE_CURVE('',#3001,#2814,#3064,.T.);
#3064 = SURFACE_CURVE('',#3065,(#3069,#3076),.PCURVE_S1.);
#3065 = ( BOUNDED_CURVE() B_SPLINE_CURVE(2,(#3066,#3067,#3068),
.UNSPECIFIED.,.F.,.F.) B_SPLINE_CURVE_WITH_KNOTS((3,3),(3.187269313626,
3.52196186638),.PIECEWISE_BEZIER_KNOTS.) CURVE() 
GEOMETRIC_REPRESENTATION_ITEM() RATIONAL_B_SPLINE_CURVE((1.,
0.986030259214,1.)) REPRESENTATION_ITEM('') );
#3066 = CARTESIAN_POINT('',(13.31609684628,0.608658180346,
    12.203993230268));
#3067 = CARTESIAN_POINT('',(13.213278568532,2.858095037129,
    12.203993230268));
#3068 = CARTESIAN_POINT('',(12.377273223936,4.948940042074,
    12.203993230268));
#3069 = PCURVE('',#2832,#3070);
#3070 = DEFINITIONAL_REPRESENTATION('',(#3071),#3075);
#3071 = B_SPLINE_CURVE_WITH_KNOTS('',2,(#3072,#3073,#3074),
  .UNSPECIFIED.,.F.,.F.,(3,3),(3.187269313626,3.52196186638),
  .PIECEWISE_BEZIER_KNOTS.);
#3072 = CARTESIAN_POINT('',(3.187269313626,-2.236901112349E-03));
#3073 = CARTESIAN_POINT('',(3.354615590003,-2.236901112349E-03));
#3074 = CARTESIAN_POINT('',(3.52196186638,-2.236901112349E-03));
#3075 = ( GEOMETRIC_REPRESENTATION_CONTEXT(2) 
PARAMETRIC_REPRESENTATION_CONTEXT() REPRESENTATION_CONTEXT('2D SPACE',''
  ) );
#3076 = PCURVE('',#2860,#3077);
#3077 = DEFINITIONAL_REPRESENTATION('',(#3078),#3082);
#3078 = ( BOUNDED_CURVE() B_SPLINE_CURVE(2,(#3079,#3080,#3081),
.UNSPECIFIED.,.F.,.F.) B_SPLINE_CURVE_WITH_KNOTS((3,3),(3.187269313626,
3.52196186638),.PIECEWISE_BEZIER_KNOTS.) CURVE() 
GEOMETRIC_REPRESENTATION_ITEM() RATIONAL_B_SPLINE_CURVE((1.,
0.986030259214,1.)) REPRESENTATION_ITEM('') );
#3079 = CARTESIAN_POINT('',(5.501278093181E-04,-2.390672202824E-03));
#3080 = CARTESIAN_POINT('',(6.529460870656E-04,-1.412353460404E-04));
#3081 = CARTESIAN_POINT('',(1.488951431662E-03,1.949609658904E-03));
#3082 = ( GEOMETRIC_REPRESENTATION_CONTEXT(2) 
PARAMETRIC_REPRESENTATION_CONTEXT() REPRESENTATION_CONTEXT('2D SPACE',''
  ) );
#3083 = ORIENTED_EDGE('',*,*,#2811,.F.);
#3084 = ORIENTED_EDGE('',*,*,#3085,.F.);
#3085 = EDGE_CURVE('',#3021,#2812,#3086,.T.);
#3086 = SURFACE_CURVE('',#3087,(#3091,#3098),.PCURVE_S1.);
#3087 = ( BOUNDED_CURVE() B_SPLINE_CURVE(2,(#3088,#3089,#3090),
.UNSPECIFIED.,.F.,.F.) B_SPLINE_CURVE_WITH_KNOTS((3,3),(3.187269313626,
3.52196186638),.PIECEWISE_BEZIER_KNOTS.) CURVE() 
GEOMETRIC_REPRESENTATION_ITEM() RATIONAL_B_SPLINE_CURVE((1.,
0.986030259214,1.)) REPRESENTATION_ITEM('') );
#3088 = CARTESIAN_POINT('',(13.31609684628,0.608658180346,9.967092117918
    ));
#3089 = CARTESIAN_POINT('',(13.213278568532,2.858095037129,
    9.967092117918));
#3090 = CARTESIAN_POINT('',(12.377273223936,4.948940042074,
    9.967092117918));
#3091 = PCURVE('',#2832,#3092);
#3092 = DEFINITIONAL_REPRESENTATION('',(#3093),#3097);
#3093 = B_SPLINE_CURVE_WITH_KNOTS('',2,(#3094,#3095,#3096),
  .UNSPECIFIED.,.F.,.F.,(3,3),(3.187269313626,3.52196186638),
  .PIECEWISE_BEZIER_KNOTS.);
#3094 = CARTESIAN_POINT('',(3.187269313626,0.));
#3095 = CARTESIAN_POINT('',(3.354615590003,0.));
#3096 = CARTESIAN_POINT('',(3.52196186638,0.));
#3097 = ( GEOMETRIC_REPRESENTATION_CONTEXT(2) 
PARAMETRIC_REPRESENTATION_CONTEXT() REPRESENTATION_CONTEXT('2D SPACE',''
  ) );
#3098 = PCURVE('',#2911,#3099);
#3099 = DEFINITIONAL_REPRESENTATION('',(#3100),#3104);
#3100 = ( BOUNDED_CURVE() B_SPLINE_CURVE(2,(#3101,#3102,#3103),
.UNSPECIFIED.,.F.,.F.) B_SPLINE_CURVE_WITH_KNOTS((3,3),(3.187269313626,
3.52196186638),.PIECEWISE_BEZIER_KNOTS.) CURVE() 
GEOMETRIC_REPRESENTATION_ITEM() RATIONAL_B_SPLINE_CURVE((1.,
0.986030259214,1.)) REPRESENTATION_ITEM('') );
#3101 = CARTESIAN_POINT('',(5.501278093181E-04,-2.390672202824E-03));
#3102 = CARTESIAN_POINT('',(6.529460870656E-04,-1.412353460404E-04));
#3103 = CARTESIAN_POINT('',(1.488951431662E-03,1.949609658904E-03));
#3104 = ( GEOMETRIC_REPRESENTATION_CONTEXT(2) 
PARAMETRIC_REPRESENTATION_CONTEXT() REPRESENTATION_CONTEXT('2D SPACE',''
  ) );
#3105 = ADVANCED_FACE('',(#3106),#2911,.T.);
#3106 = FACE_BOUND('',#3107,.T.);
#3107 = EDGE_LOOP('',(#3108,#3109,#3110,#3111));
#3108 = ORIENTED_EDGE('',*,*,#2899,.T.);
#3109 = ORIENTED_EDGE('',*,*,#2975,.T.);
#3110 = ORIENTED_EDGE('',*,*,#3041,.T.);
#3111 = ORIENTED_EDGE('',*,*,#3085,.T.);
#3112 = ADVANCED_FACE('',(#3113),#2860,.F.);
#3113 = FACE_BOUND('',#3114,.F.);
#3114 = EDGE_LOOP('',(#3115,#3116,#3117,#3118));
#3115 = ORIENTED_EDGE('',*,*,#2846,.T.);
#3116 = ORIENTED_EDGE('',*,*,#2926,.T.);
#3117 = ORIENTED_EDGE('',*,*,#3000,.T.);
#3118 = ORIENTED_EDGE('',*,*,#3063,.T.);
#3119 = ( GEOMETRIC_REPRESENTATION_CONTEXT(3) 
GLOBAL_UNCERTAINTY_ASSIGNED_CONTEXT((#3123)) 
GLOBAL_UNIT_ASSIGNED_CONTEXT((#3120,#3121,#3122)) REPRESENTATION_CONTEXT
('Context #1','3D Context with UNIT and UNCERTAINTY') );
#3120 = ( LENGTH_UNIT() NAMED_UNIT(*) SI_UNIT(.MILLI.,.METRE.) );
#3121 = ( NAMED_UNIT(*) PLANE_ANGLE_UNIT() SI_UNIT($,.RADIAN.) );
#3122 = ( NAMED_UNIT(*) SI_UNIT($,.STERADIAN.) SOLID_ANGLE_UNIT() );
#3123 = UNCERTAINTY_MEASURE_WITH_UNIT(LENGTH_MEASURE(1.E-04),#3120,
  'distance_accuracy_value','confusion accuracy');
#3124 = CONTEXT_DEPENDENT_SHAPE_REPRESENTATION(#3125,#3127);
#3125 = ( REPRESENTATION_RELATIONSHIP('','',#2804,#10) 
REPRESENTATION_RELATIONSHIP_WITH_TRANSFORMATION(#3126) 
SHAPE_REPRESENTATION_RELATIONSHIP() );
#3126 = ITEM_DEFINED_TRANSFORMATION('','',#11,#47);
#3127 = PRODUCT_DEFINITION_SHAPE('Placement','Placement of an item',
  #3128);
#3128 = NEXT_ASSEMBLY_USAGE_OCCURRENCE('51','','',#5,#2799,$);
#3129 = PRODUCT_RELATED_PRODUCT_CATEGORY('part',$,(#2801));
#3130 = SHAPE_DEFINITION_REPRESENTATION(#3131,#3137);
#3131 = PRODUCT_DEFINITION_SHAPE('','',#3132);
#3132 = PRODUCT_DEFINITION('design','',#3133,#3136);
#3133 = PRODUCT_DEFINITION_FORMATION('','',#3134);
#3134 = PRODUCT('Open CASCADE STEP translator 7.7 2.10',
  'Open CASCADE STEP translator 7.7 2.10','',(#3135));
#3135 = PRODUCT_CONTEXT('',#2,'mechanical');
#3136 = PRODUCT_DEFINITION_CONTEXT('part definition',#2,'design');
#3137 = ADVANCED_BREP_SHAPE_REPRESENTATION('',(#11,#3138),#3452);
#3138 = MANIFOLD_SOLID_BREP('',#3139);
#3139 = CLOSED_SHELL('',(#3140,#3254,#3328,#3391,#3438,#3445));
#3140 = ADVANCED_FACE('',(#3141),#3154,.T.);
#3141 = FACE_BOUND('',#3142,.T.);
#3142 = EDGE_LOOP('',(#3143,#3178,#3203,#3231));
#3143 = ORIENTED_EDGE('',*,*,#3144,.T.);
#3144 = EDGE_CURVE('',#3145,#3147,#3149,.T.);
#3145 = VERTEX_POINT('',#3146);
#3146 = CARTESIAN_POINT('',(12.377273223936,4.948940042074,
    9.967092117918));
#3147 = VERTEX_POINT('',#3148);
#3148 = CARTESIAN_POINT('',(12.377273223936,4.948940042074,
    12.203993230268));
#3149 = SURFACE_CURVE('',#3150,(#3153,#3164),.PCURVE_S1.);
#3150 = B_SPLINE_CURVE_WITH_KNOTS('',1,(#3151,#3152),.UNSPECIFIED.,.F.,
  .F.,(2,2),(0.,2.236901112349E-03),.PIECEWISE_BEZIER_KNOTS.);
#3151 = CARTESIAN_POINT('',(12.377273223936,4.948940042074,
    9.967092117918));
#3152 = CARTESIAN_POINT('',(12.377273223936,4.948940042074,
    12.203993230268));
#3153 = PCURVE('',#3154,#3159);
#3154 = B_SPLINE_SURFACE_WITH_KNOTS('',1,1,(
    (#3155,#3156)
    ,(#3157,#3158
    )),.UNSPECIFIED.,.F.,.F.,.F.,(2,2),(2,2),(0.,1.893400776149E-03),(
    -2.236901112349E-03,0.),.PIECEWISE_BEZIER_KNOTS.);
#3155 = CARTESIAN_POINT('',(12.377273223936,4.948940042074,
    12.203993230268));
#3156 = CARTESIAN_POINT('',(12.377273223936,4.948940042074,
    9.967092117918));
#3157 = CARTESIAN_POINT('',(13.758361157885,6.244147599889,
    12.203993230268));
#3158 = CARTESIAN_POINT('',(13.758361157885,6.244147599889,
    9.967092117918));
#3159 = DEFINITIONAL_REPRESENTATION('',(#3160),#3163);
#3160 = B_SPLINE_CURVE_WITH_KNOTS('',1,(#3161,#3162),.UNSPECIFIED.,.F.,
  .F.,(2,2),(0.,2.236901112349E-03),.PIECEWISE_BEZIER_KNOTS.);
#3161 = CARTESIAN_POINT('',(0.,0.));
#3162 = CARTESIAN_POINT('',(0.,-2.236901112349E-03));
#3163 = ( GEOMETRIC_REPRESENTATION_CONTEXT(2) 
PARAMETRIC_REPRESENTATION_CONTEXT() REPRESENTATION_CONTEXT('2D SPACE',''
  ) );
#3164 = PCURVE('',#3165,#3172);
#3165 = ( BOUNDED_SURFACE() B_SPLINE_SURFACE(2,1,(
    (#3166,#3167)
    ,(#3168,#3169)
    ,(#3170,#3171
)),.UNSPECIFIED.,.F.,.F.,.F.) B_SPLINE_SURFACE_WITH_KNOTS((3,3),(2,2),(
    3.187269313626,3.52196186638),(-2.236901112349E-03,0.),
.PIECEWISE_BEZIER_KNOTS.) GEOMETRIC_REPRESENTATION_ITEM() 
RATIONAL_B_SPLINE_SURFACE((
    (1.,1.)
    ,(0.986030259214,0.986030259214)
,(1.,1.))) REPRESENTATION_ITEM('') SURFACE() );
#3166 = CARTESIAN_POINT('',(13.31609684628,0.608658180346,
    12.203993230268));
#3167 = CARTESIAN_POINT('',(13.31609684628,0.608658180346,9.967092117918
    ));
#3168 = CARTESIAN_POINT('',(13.213278568532,2.858095037129,
    12.203993230268));
#3169 = CARTESIAN_POINT('',(13.213278568532,2.858095037129,
    9.967092117918));
#3170 = CARTESIAN_POINT('',(12.377273223936,4.948940042074,
    12.203993230268));
#3171 = CARTESIAN_POINT('',(12.377273223936,4.948940042074,
    9.967092117918));
#3172 = DEFINITIONAL_REPRESENTATION('',(#3173),#3177);
#3173 = B_SPLINE_CURVE_WITH_KNOTS('',2,(#3174,#3175,#3176),
  .UNSPECIFIED.,.F.,.F.,(3,3),(0.,2.236901112349E-03),
  .PIECEWISE_BEZIER_KNOTS.);
#3174 = CARTESIAN_POINT('',(3.52196186638,0.));
#3175 = CARTESIAN_POINT('',(3.52196186638,-1.118450556175E-03));
#3176 = CARTESIAN_POINT('',(3.52196186638,-2.236901112349E-03));
#3177 = ( GEOMETRIC_REPRESENTATION_CONTEXT(2) 
PARAMETRIC_REPRESENTATION_CONTEXT() REPRESENTATION_CONTEXT('2D SPACE',''
  ) );
#3178 = ORIENTED_EDGE('',*,*,#3179,.T.);
#3179 = EDGE_CURVE('',#3147,#3180,#3182,.T.);
#3180 = VERTEX_POINT('',#3181);
#3181 = CARTESIAN_POINT('',(13.758361157885,6.244147599889,
    12.203993230268));
#3182 = SURFACE_CURVE('',#3183,(#3186,#3192),.PCURVE_S1.);
#3183 = B_SPLINE_CURVE_WITH_KNOTS('',1,(#3184,#3185),.UNSPECIFIED.,.F.,
  .F.,(2,2),(0.,1.893400776149E-03),.PIECEWISE_BEZIER_KNOTS.);
#3184 = CARTESIAN_POINT('',(12.377273223936,4.948940042074,
    12.203993230268));
#3185 = CARTESIAN_POINT('',(13.758361157885,6.244147599889,
    12.203993230268));
#3186 = PCURVE('',#3154,#3187);
#3187 = DEFINITIONAL_REPRESENTATION('',(#3188),#3191);
#3188 = B_SPLINE_CURVE_WITH_KNOTS('',1,(#3189,#3190),.UNSPECIFIED.,.F.,
  .F.,(2,2),(0.,1.893400776149E-03),.PIECEWISE_BEZIER_KNOTS.);
#3189 = CARTESIAN_POINT('',(0.,-2.236901112349E-03));
#3190 = CARTESIAN_POINT('',(1.893400776149E-03,-2.236901112349E-03));
#3191 = ( GEOMETRIC_REPRESENTATION_CONTEXT(2) 
PARAMETRIC_REPRESENTATION_CONTEXT() REPRESENTATION_CONTEXT('2D SPACE',''
  ) );
#3192 = PCURVE('',#3193,#3198);
#3193 = B_SPLINE_SURFACE_WITH_KNOTS('',1,1,(
    (#3194,#3195)
    ,(#3196,#3197
    )),.UNSPECIFIED.,.F.,.F.,.F.,(2,2),(2,2),(-1.242775344402E-03,
    1.488951431662E-03),(-2.99933038317E-03,3.24481721672E-03),
  .PIECEWISE_BEZIER_KNOTS.);
#3194 = CARTESIAN_POINT('',(15.109,0.,12.203993230268));
#3195 = CARTESIAN_POINT('',(15.109,6.244147599889,12.203993230268));
#3196 = CARTESIAN_POINT('',(12.377273223936,0.,12.203993230268));
#3197 = CARTESIAN_POINT('',(12.377273223936,6.244147599889,
    12.203993230268));
#3198 = DEFINITIONAL_REPRESENTATION('',(#3199),#3202);
#3199 = B_SPLINE_CURVE_WITH_KNOTS('',1,(#3200,#3201),.UNSPECIFIED.,.F.,
  .F.,(2,2),(0.,1.893400776149E-03),.PIECEWISE_BEZIER_KNOTS.);
#3200 = CARTESIAN_POINT('',(1.488951431662E-03,1.949609658904E-03));
#3201 = CARTESIAN_POINT('',(1.078634977129E-04,3.24481721672E-03));
#3202 = ( GEOMETRIC_REPRESENTATION_CONTEXT(2) 
PARAMETRIC_REPRESENTATION_CONTEXT() REPRESENTATION_CONTEXT('2D SPACE',''
  ) );
#3203 = ORIENTED_EDGE('',*,*,#3204,.F.);
#3204 = EDGE_CURVE('',#3205,#3180,#3207,.T.);
#3205 = VERTEX_POINT('',#3206);
#3206 = CARTESIAN_POINT('',(13.758361157885,6.244147599889,
    9.967092117918));
#3207 = SURFACE_CURVE('',#3208,(#3211,#3217),.PCURVE_S1.);
#3208 = B_SPLINE_CURVE_WITH_KNOTS('',1,(#3209,#3210),.UNSPECIFIED.,.F.,
  .F.,(2,2),(0.,2.236901112349E-03),.PIECEWISE_BEZIER_KNOTS.);
#3209 = CARTESIAN_POINT('',(13.758361157885,6.244147599889,
    9.967092117918));
#3210 = CARTESIAN_POINT('',(13.758361157885,6.244147599889,
    12.203993230268));
#3211 = PCURVE('',#3154,#3212);
#3212 = DEFINITIONAL_REPRESENTATION('',(#3213),#3216);
#3213 = B_SPLINE_CURVE_WITH_KNOTS('',1,(#3214,#3215),.UNSPECIFIED.,.F.,
  .F.,(2,2),(0.,2.236901112349E-03),.PIECEWISE_BEZIER_KNOTS.);
#3214 = CARTESIAN_POINT('',(1.893400776149E-03,0.));
#3215 = CARTESIAN_POINT('',(1.893400776149E-03,-2.236901112349E-03));
#3216 = ( GEOMETRIC_REPRESENTATION_CONTEXT(2) 
PARAMETRIC_REPRESENTATION_CONTEXT() REPRESENTATION_CONTEXT('2D SPACE',''
  ) );
#3217 = PCURVE('',#3218,#3225);
#3218 = ( BOUNDED_SURFACE() B_SPLINE_SURFACE(2,1,(
    (#3219,#3220)
    ,(#3221,#3222)
    ,(#3223,#3224
)),.UNSPECIFIED.,.F.,.F.,.F.) B_SPLINE_SURFACE_WITH_KNOTS((3,3),(2,2),(
    5.857139434353,6.28318530718),(-2.236901112349E-03,0.),
.PIECEWISE_BEZIER_KNOTS.) GEOMETRIC_REPRESENTATION_ITEM() 
RATIONAL_B_SPLINE_SURFACE((
    (1.,1.)
    ,(0.977396285971,0.977396285971)
,(1.,1.))) REPRESENTATION_ITEM('') SURFACE() );
#3219 = CARTESIAN_POINT('',(13.758361157885,6.244147599889,
    12.203993230268));
#3220 = CARTESIAN_POINT('',(13.758361157885,6.244147599889,
    9.967092117918));
#3221 = CARTESIAN_POINT('',(15.109,3.268148604604,12.203993230268));
#3222 = CARTESIAN_POINT('',(15.109,3.268148604604,9.967092117918));
#3223 = CARTESIAN_POINT('',(15.109,4.440892098501E-15,12.203993230268));
#3224 = CARTESIAN_POINT('',(15.109,4.440892098501E-15,9.967092117918));
#3225 = DEFINITIONAL_REPRESENTATION('',(#3226),#3230);
#3226 = B_SPLINE_CURVE_WITH_KNOTS('',2,(#3227,#3228,#3229),
  .UNSPECIFIED.,.F.,.F.,(3,3),(0.,2.236901112349E-03),
  .PIECEWISE_BEZIER_KNOTS.);
#3227 = CARTESIAN_POINT('',(5.857139434353,0.));
#3228 = CARTESIAN_POINT('',(5.857139434353,-1.118450556175E-03));
#3229 = CARTESIAN_POINT('',(5.857139434353,-2.236901112349E-03));
#3230 = ( GEOMETRIC_REPRESENTATION_CONTEXT(2) 
PARAMETRIC_REPRESENTATION_CONTEXT() REPRESENTATION_CONTEXT('2D SPACE',''
  ) );
#3231 = ORIENTED_EDGE('',*,*,#3232,.F.);
#3232 = EDGE_CURVE('',#3145,#3205,#3233,.T.);
#3233 = SURFACE_CURVE('',#3234,(#3237,#3243),.PCURVE_S1.);
#3234 = B_SPLINE_CURVE_WITH_KNOTS('',1,(#3235,#3236),.UNSPECIFIED.,.F.,
  .F.,(2,2),(0.,1.893400776149E-03),.PIECEWISE_BEZIER_KNOTS.);
#3235 = CARTESIAN_POINT('',(12.377273223936,4.948940042074,
    9.967092117918));
#3236 = CARTESIAN_POINT('',(13.758361157885,6.244147599889,
    9.967092117918));
#3237 = PCURVE('',#3154,#3238);
#3238 = DEFINITIONAL_REPRESENTATION('',(#3239),#3242);
#3239 = B_SPLINE_CURVE_WITH_KNOTS('',1,(#3240,#3241),.UNSPECIFIED.,.F.,
  .F.,(2,2),(0.,1.893400776149E-03),.PIECEWISE_BEZIER_KNOTS.);
#3240 = CARTESIAN_POINT('',(0.,0.));
#3241 = CARTESIAN_POINT('',(1.893400776149E-03,0.));
#3242 = ( GEOMETRIC_REPRESENTATION_CONTEXT(2) 
PARAMETRIC_REPRESENTATION_CONTEXT() REPRESENTATION_CONTEXT('2D SPACE',''
  ) );
#3243 = PCURVE('',#3244,#3249);
#3244 = B_SPLINE_SURFACE_WITH_KNOTS('',1,1,(
    (#3245,#3246)
    ,(#3247,#3248
    )),.UNSPECIFIED.,.F.,.F.,.F.,(2,2),(2,2),(-1.242775344402E-03,
    1.488951431662E-03),(-2.99933038317E-03,3.24481721672E-03),
  .PIECEWISE_BEZIER_KNOTS.);
#3245 = CARTESIAN_POINT('',(15.109,0.,9.967092117918));
#3246 = CARTESIAN_POINT('',(15.109,6.244147599889,9.967092117918));
#3247 = CARTESIAN_POINT('',(12.377273223936,0.,9.967092117918));
#3248 = CARTESIAN_POINT('',(12.377273223936,6.244147599889,
    9.967092117918));
#3249 = DEFINITIONAL_REPRESENTATION('',(#3250),#3253);
#3250 = B_SPLINE_CURVE_WITH_KNOTS('',1,(#3251,#3252),.UNSPECIFIED.,.F.,
  .F.,(2,2),(0.,1.893400776149E-03),.PIECEWISE_BEZIER_KNOTS.);
#3251 = CARTESIAN_POINT('',(1.488951431662E-03,1.949609658904E-03));
#3252 = CARTESIAN_POINT('',(1.078634977129E-04,3.24481721672E-03));
#3253 = ( GEOMETRIC_REPRESENTATION_CONTEXT(2) 
PARAMETRIC_REPRESENTATION_CONTEXT() REPRESENTATION_CONTEXT('2D SPACE',''
  ) );
#3254 = ADVANCED_FACE('',(#3255),#3218,.T.);
#3255 = FACE_BOUND('',#3256,.T.);
#3256 = EDGE_LOOP('',(#3257,#3258,#3281,#3307));
#3257 = ORIENTED_EDGE('',*,*,#3204,.T.);
#3258 = ORIENTED_EDGE('',*,*,#3259,.T.);
#3259 = EDGE_CURVE('',#3180,#3260,#3262,.T.);
#3260 = VERTEX_POINT('',#3261);
#3261 = CARTESIAN_POINT('',(15.109,3.552713678801E-15,12.203993230268));
#3262 = SURFACE_CURVE('',#3263,(#3267,#3274),.PCURVE_S1.);
#3263 = ( BOUNDED_CURVE() B_SPLINE_CURVE(2,(#3264,#3265,#3266),
.UNSPECIFIED.,.F.,.F.) B_SPLINE_CURVE_WITH_KNOTS((3,3),(5.857139434353,
6.28318530718),.PIECEWISE_BEZIER_KNOTS.) CURVE() 
GEOMETRIC_REPRESENTATION_ITEM() RATIONAL_B_SPLINE_CURVE((1.,
0.977396285971,1.)) REPRESENTATION_ITEM('') );
#3264 = CARTESIAN_POINT('',(13.758361157885,6.244147599889,
    12.203993230268));
#3265 = CARTESIAN_POINT('',(15.109,3.268148604604,12.203993230268));
#3266 = CARTESIAN_POINT('',(15.109,4.440892098501E-15,12.203993230268));
#3267 = PCURVE('',#3218,#3268);
#3268 = DEFINITIONAL_REPRESENTATION('',(#3269),#3273);
#3269 = B_SPLINE_CURVE_WITH_KNOTS('',2,(#3270,#3271,#3272),
  .UNSPECIFIED.,.F.,.F.,(3,3),(5.857139434353,6.28318530718),
  .PIECEWISE_BEZIER_KNOTS.);
#3270 = CARTESIAN_POINT('',(5.857139434353,-2.236901112349E-03));
#3271 = CARTESIAN_POINT('',(6.070162370766,-2.236901112349E-03));
#3272 = CARTESIAN_POINT('',(6.28318530718,-2.236901112349E-03));
#3273 = ( GEOMETRIC_REPRESENTATION_CONTEXT(2) 
PARAMETRIC_REPRESENTATION_CONTEXT() REPRESENTATION_CONTEXT('2D SPACE',''
  ) );
#3274 = PCURVE('',#3193,#3275);
#3275 = DEFINITIONAL_REPRESENTATION('',(#3276),#3280);
#3276 = ( BOUNDED_CURVE() B_SPLINE_CURVE(2,(#3277,#3278,#3279),
.UNSPECIFIED.,.F.,.F.) B_SPLINE_CURVE_WITH_KNOTS((3,3),(5.857139434353,
6.28318530718),.PIECEWISE_BEZIER_KNOTS.) CURVE() 
GEOMETRIC_REPRESENTATION_ITEM() RATIONAL_B_SPLINE_CURVE((1.,
0.977396285971,1.)) REPRESENTATION_ITEM('') );
#3277 = CARTESIAN_POINT('',(1.078634977129E-04,3.24481721672E-03));
#3278 = CARTESIAN_POINT('',(-1.242775344402E-03,2.688182214338E-04));
#3279 = CARTESIAN_POINT('',(-1.242775344402E-03,-2.99933038317E-03));
#3280 = ( GEOMETRIC_REPRESENTATION_CONTEXT(2) 
PARAMETRIC_REPRESENTATION_CONTEXT() REPRESENTATION_CONTEXT('2D SPACE',''
  ) );
#3281 = ORIENTED_EDGE('',*,*,#3282,.F.);
#3282 = EDGE_CURVE('',#3283,#3260,#3285,.T.);
#3283 = VERTEX_POINT('',#3284);
#3284 = CARTESIAN_POINT('',(15.109,3.552713678801E-15,9.967092117918));
#3285 = SURFACE_CURVE('',#3286,(#3289,#3296),.PCURVE_S1.);
#3286 = B_SPLINE_CURVE_WITH_KNOTS('',1,(#3287,#3288),.UNSPECIFIED.,.F.,
  .F.,(2,2),(0.,2.236901112349E-03),.PIECEWISE_BEZIER_KNOTS.);
#3287 = CARTESIAN_POINT('',(15.109,0.,9.967092117918));
#3288 = CARTESIAN_POINT('',(15.109,0.,12.203993230268));
#3289 = PCURVE('',#3218,#3290);
#3290 = DEFINITIONAL_REPRESENTATION('',(#3291),#3295);
#3291 = B_SPLINE_CURVE_WITH_KNOTS('',2,(#3292,#3293,#3294),
  .UNSPECIFIED.,.F.,.F.,(3,3),(0.,2.236901112349E-03),
  .PIECEWISE_BEZIER_KNOTS.);
#3292 = CARTESIAN_POINT('',(6.28318530718,0.));
#3293 = CARTESIAN_POINT('',(6.28318530718,-1.118450556175E-03));
#3294 = CARTESIAN_POINT('',(6.28318530718,-2.236901112349E-03));
#3295 = ( GEOMETRIC_REPRESENTATION_CONTEXT(2) 
PARAMETRIC_REPRESENTATION_CONTEXT() REPRESENTATION_CONTEXT('2D SPACE',''
  ) );
#3296 = PCURVE('',#3297,#3302);
#3297 = B_SPLINE_SURFACE_WITH_KNOTS('',1,1,(
    (#3298,#3299)
    ,(#3300,#3301
    )),.UNSPECIFIED.,.F.,.F.,.F.,(2,2),(2,2),(0.,1.893400776149E-03),(
    -2.236901112349E-03,0.),.PIECEWISE_BEZIER_KNOTS.);
#3298 = CARTESIAN_POINT('',(15.109,0.,12.203993230268));
#3299 = CARTESIAN_POINT('',(15.109,0.,9.967092117918));
#3300 = CARTESIAN_POINT('',(13.31609684628,0.608658180346,
    12.203993230268));
#3301 = CARTESIAN_POINT('',(13.31609684628,0.608658180346,9.967092117918
    ));
#3302 = DEFINITIONAL_REPRESENTATION('',(#3303),#3306);
#3303 = B_SPLINE_CURVE_WITH_KNOTS('',1,(#3304,#3305),.UNSPECIFIED.,.F.,
  .F.,(2,2),(0.,2.236901112349E-03),.PIECEWISE_BEZIER_KNOTS.);
#3304 = CARTESIAN_POINT('',(0.,0.));
#3305 = CARTESIAN_POINT('',(0.,-2.236901112349E-03));
#3306 = ( GEOMETRIC_REPRESENTATION_CONTEXT(2) 
PARAMETRIC_REPRESENTATION_CONTEXT() REPRESENTATION_CONTEXT('2D SPACE',''
  ) );
#3307 = ORIENTED_EDGE('',*,*,#3308,.F.);
#3308 = EDGE_CURVE('',#3205,#3283,#3309,.T.);
#3309 = SURFACE_CURVE('',#3310,(#3314,#3321),.PCURVE_S1.);
#3310 = ( BOUNDED_CURVE() B_SPLINE_CURVE(2,(#3311,#3312,#3313),
.UNSPECIFIED.,.F.,.F.) B_SPLINE_CURVE_WITH_KNOTS((3,3),(5.857139434353,
6.28318530718),.PIECEWISE_BEZIER_KNOTS.) CURVE() 
GEOMETRIC_REPRESENTATION_ITEM() RATIONAL_B_SPLINE_CURVE((1.,
0.977396285971,1.)) REPRESENTATION_ITEM('') );
#3311 = CARTESIAN_POINT('',(13.758361157885,6.244147599889,
    9.967092117918));
#3312 = CARTESIAN_POINT('',(15.109,3.268148604604,9.967092117918));
#3313 = CARTESIAN_POINT('',(15.109,4.440892098501E-15,9.967092117918));
#3314 = PCURVE('',#3218,#3315);
#3315 = DEFINITIONAL_REPRESENTATION('',(#3316),#3320);
#3316 = B_SPLINE_CURVE_WITH_KNOTS('',2,(#3317,#3318,#3319),
  .UNSPECIFIED.,.F.,.F.,(3,3),(5.857139434353,6.28318530718),
  .PIECEWISE_BEZIER_KNOTS.);
#3317 = CARTESIAN_POINT('',(5.857139434353,0.));
#3318 = CARTESIAN_POINT('',(6.070162370766,0.));
#3319 = CARTESIAN_POINT('',(6.28318530718,0.));
#3320 = ( GEOMETRIC_REPRESENTATION_CONTEXT(2) 
PARAMETRIC_REPRESENTATION_CONTEXT() REPRESENTATION_CONTEXT('2D SPACE',''
  ) );
#3321 = PCURVE('',#3244,#3322);
#3322 = DEFINITIONAL_REPRESENTATION('',(#3323),#3327);
#3323 = ( BOUNDED_CURVE() B_SPLINE_CURVE(2,(#3324,#3325,#3326),
.UNSPECIFIED.,.F.,.F.) B_SPLINE_CURVE_WITH_KNOTS((3,3),(5.857139434353,
6.28318530718),.PIECEWISE_BEZIER_KNOTS.) CURVE() 
GEOMETRIC_REPRESENTATION_ITEM() RATIONAL_B_SPLINE_CURVE((1.,
0.977396285971,1.)) REPRESENTATION_ITEM('') );
#3324 = CARTESIAN_POINT('',(1.078634977129E-04,3.24481721672E-03));
#3325 = CARTESIAN_POINT('',(-1.242775344402E-03,2.688182214338E-04));
#3326 = CARTESIAN_POINT('',(-1.242775344402E-03,-2.99933038317E-03));
#3327 = ( GEOMETRIC_REPRESENTATION_CONTEXT(2) 
PARAMETRIC_REPRESENTATION_CONTEXT() REPRESENTATION_CONTEXT('2D SPACE',''
  ) );
#3328 = ADVANCED_FACE('',(#3329),#3297,.T.);
#3329 = FACE_BOUND('',#3330,.T.);
#3330 = EDGE_LOOP('',(#3331,#3332,#3352,#3373));
#3331 = ORIENTED_EDGE('',*,*,#3282,.T.);
#3332 = ORIENTED_EDGE('',*,*,#3333,.T.);
#3333 = EDGE_CURVE('',#3260,#3334,#3336,.T.);
#3334 = VERTEX_POINT('',#3335);
#3335 = CARTESIAN_POINT('',(13.31609684628,0.608658180346,
    12.203993230268));
#3336 = SURFACE_CURVE('',#3337,(#3340,#3346),.PCURVE_S1.);
#3337 = B_SPLINE_CURVE_WITH_KNOTS('',1,(#3338,#3339),.UNSPECIFIED.,.F.,
  .F.,(2,2),(0.,1.893400776149E-03),.PIECEWISE_BEZIER_KNOTS.);
#3338 = CARTESIAN_POINT('',(15.109,0.,12.203993230268));
#3339 = CARTESIAN_POINT('',(13.31609684628,0.608658180346,
    12.203993230268));
#3340 = PCURVE('',#3297,#3341);
#3341 = DEFINITIONAL_REPRESENTATION('',(#3342),#3345);
#3342 = B_SPLINE_CURVE_WITH_KNOTS('',1,(#3343,#3344),.UNSPECIFIED.,.F.,
  .F.,(2,2),(0.,1.893400776149E-03),.PIECEWISE_BEZIER_KNOTS.);
#3343 = CARTESIAN_POINT('',(0.,-2.236901112349E-03));
#3344 = CARTESIAN_POINT('',(1.893400776149E-03,-2.236901112349E-03));
#3345 = ( GEOMETRIC_REPRESENTATION_CONTEXT(2) 
PARAMETRIC_REPRESENTATION_CONTEXT() REPRESENTATION_CONTEXT('2D SPACE',''
  ) );
#3346 = PCURVE('',#3193,#3347);
#3347 = DEFINITIONAL_REPRESENTATION('',(#3348),#3351);
#3348 = B_SPLINE_CURVE_WITH_KNOTS('',1,(#3349,#3350),.UNSPECIFIED.,.F.,
  .F.,(2,2),(0.,1.893400776149E-03),.PIECEWISE_BEZIER_KNOTS.);
#3349 = CARTESIAN_POINT('',(-1.242775344402E-03,-2.99933038317E-03));
#3350 = CARTESIAN_POINT('',(5.501278093181E-04,-2.390672202824E-03));
#3351 = ( GEOMETRIC_REPRESENTATION_CONTEXT(2) 
PARAMETRIC_REPRESENTATION_CONTEXT() REPRESENTATION_CONTEXT('2D SPACE',''
  ) );
#3352 = ORIENTED_EDGE('',*,*,#3353,.F.);
#3353 = EDGE_CURVE('',#3354,#3334,#3356,.T.);
#3354 = VERTEX_POINT('',#3355);
#3355 = CARTESIAN_POINT('',(13.31609684628,0.608658180346,9.967092117918
    ));
#3356 = SURFACE_CURVE('',#3357,(#3360,#3366),.PCURVE_S1.);
#3357 = B_SPLINE_CURVE_WITH_KNOTS('',1,(#3358,#3359),.UNSPECIFIED.,.F.,
  .F.,(2,2),(0.,2.236901112349E-03),.PIECEWISE_BEZIER_KNOTS.);
#3358 = CARTESIAN_POINT('',(13.31609684628,0.608658180346,9.967092117918
    ));
#3359 = CARTESIAN_POINT('',(13.31609684628,0.608658180346,
    12.203993230268));
#3360 = PCURVE('',#3297,#3361);
#3361 = DEFINITIONAL_REPRESENTATION('',(#3362),#3365);
#3362 = B_SPLINE_CURVE_WITH_KNOTS('',1,(#3363,#3364),.UNSPECIFIED.,.F.,
  .F.,(2,2),(0.,2.236901112349E-03),.PIECEWISE_BEZIER_KNOTS.);
#3363 = CARTESIAN_POINT('',(1.893400776149E-03,0.));
#3364 = CARTESIAN_POINT('',(1.893400776149E-03,-2.236901112349E-03));
#3365 = ( GEOMETRIC_REPRESENTATION_CONTEXT(2) 
PARAMETRIC_REPRESENTATION_CONTEXT() REPRESENTATION_CONTEXT('2D SPACE',''
  ) );
#3366 = PCURVE('',#3165,#3367);
#3367 = DEFINITIONAL_REPRESENTATION('',(#3368),#3372);
#3368 = B_SPLINE_CURVE_WITH_KNOTS('',2,(#3369,#3370,#3371),
  .UNSPECIFIED.,.F.,.F.,(3,3),(0.,2.236901112349E-03),
  .PIECEWISE_BEZIER_KNOTS.);
#3369 = CARTESIAN_POINT('',(3.187269313626,0.));
#3370 = CARTESIAN_POINT('',(3.187269313626,-1.118450556175E-03));
#3371 = CARTESIAN_POINT('',(3.187269313626,-2.236901112349E-03));
#3372 = ( GEOMETRIC_REPRESENTATION_CONTEXT(2) 
PARAMETRIC_REPRESENTATION_CONTEXT() REPRESENTATION_CONTEXT('2D SPACE',''
  ) );
#3373 = ORIENTED_EDGE('',*,*,#3374,.F.);
#3374 = EDGE_CURVE('',#3283,#3354,#3375,.T.);
#3375 = SURFACE_CURVE('',#3376,(#3379,#3385),.PCURVE_S1.);
#3376 = B_SPLINE_CURVE_WITH_KNOTS('',1,(#3377,#3378),.UNSPECIFIED.,.F.,
  .F.,(2,2),(0.,1.893400776149E-03),.PIECEWISE_BEZIER_KNOTS.);
#3377 = CARTESIAN_POINT('',(15.109,0.,9.967092117918));
#3378 = CARTESIAN_POINT('',(13.31609684628,0.608658180346,9.967092117918
    ));
#3379 = PCURVE('',#3297,#3380);
#3380 = DEFINITIONAL_REPRESENTATION('',(#3381),#3384);
#3381 = B_SPLINE_CURVE_WITH_KNOTS('',1,(#3382,#3383),.UNSPECIFIED.,.F.,
  .F.,(2,2),(0.,1.893400776149E-03),.PIECEWISE_BEZIER_KNOTS.);
#3382 = CARTESIAN_POINT('',(0.,0.));
#3383 = CARTESIAN_POINT('',(1.893400776149E-03,0.));
#3384 = ( GEOMETRIC_REPRESENTATION_CONTEXT(2) 
PARAMETRIC_REPRESENTATION_CONTEXT() REPRESENTATION_CONTEXT('2D SPACE',''
  ) );
#3385 = PCURVE('',#3244,#3386);
#3386 = DEFINITIONAL_REPRESENTATION('',(#3387),#3390);
#3387 = B_SPLINE_CURVE_WITH_KNOTS('',1,(#3388,#3389),.UNSPECIFIED.,.F.,
  .F.,(2,2),(0.,1.893400776149E-03),.PIECEWISE_BEZIER_KNOTS.);
#3388 = CARTESIAN_POINT('',(-1.242775344402E-03,-2.99933038317E-03));
#3389 = CARTESIAN_POINT('',(5.501278093181E-04,-2.390672202824E-03));
#3390 = ( GEOMETRIC_REPRESENTATION_CONTEXT(2) 
PARAMETRIC_REPRESENTATION_CONTEXT() REPRESENTATION_CONTEXT('2D SPACE',''
  ) );
#3391 = ADVANCED_FACE('',(#3392),#3165,.T.);
#3392 = FACE_BOUND('',#3393,.T.);
#3393 = EDGE_LOOP('',(#3394,#3395,#3416,#3417));
#3394 = ORIENTED_EDGE('',*,*,#3353,.T.);
#3395 = ORIENTED_EDGE('',*,*,#3396,.T.);
#3396 = EDGE_CURVE('',#3334,#3147,#3397,.T.);
#3397 = SURFACE_CURVE('',#3398,(#3402,#3409),.PCURVE_S1.);
#3398 = ( BOUNDED_CURVE() B_SPLINE_CURVE(2,(#3399,#3400,#3401),
.UNSPECIFIED.,.F.,.F.) B_SPLINE_CURVE_WITH_KNOTS((3,3),(3.187269313626,
3.52196186638),.PIECEWISE_BEZIER_KNOTS.) CURVE() 
GEOMETRIC_REPRESENTATION_ITEM() RATIONAL_B_SPLINE_CURVE((1.,
0.986030259214,1.)) REPRESENTATION_ITEM('') );
#3399 = CARTESIAN_POINT('',(13.31609684628,0.608658180346,
    12.203993230268));
#3400 = CARTESIAN_POINT('',(13.213278568532,2.858095037129,
    12.203993230268));
#3401 = CARTESIAN_POINT('',(12.377273223936,4.948940042074,
    12.203993230268));
#3402 = PCURVE('',#3165,#3403);
#3403 = DEFINITIONAL_REPRESENTATION('',(#3404),#3408);
#3404 = B_SPLINE_CURVE_WITH_KNOTS('',2,(#3405,#3406,#3407),
  .UNSPECIFIED.,.F.,.F.,(3,3),(3.187269313626,3.52196186638),
  .PIECEWISE_BEZIER_KNOTS.);
#3405 = CARTESIAN_POINT('',(3.187269313626,-2.236901112349E-03));
#3406 = CARTESIAN_POINT('',(3.354615590003,-2.236901112349E-03));
#3407 = CARTESIAN_POINT('',(3.52196186638,-2.236901112349E-03));
#3408 = ( GEOMETRIC_REPRESENTATION_CONTEXT(2) 
PARAMETRIC_REPRESENTATION_CONTEXT() REPRESENTATION_CONTEXT('2D SPACE',''
  ) );
#3409 = PCURVE('',#3193,#3410);
#3410 = DEFINITIONAL_REPRESENTATION('',(#3411),#3415);
#3411 = ( BOUNDED_CURVE() B_SPLINE_CURVE(2,(#3412,#3413,#3414),
.UNSPECIFIED.,.F.,.F.) B_SPLINE_CURVE_WITH_KNOTS((3,3),(3.187269313626,
3.52196186638),.PIECEWISE_BEZIER_KNOTS.) CURVE() 
GEOMETRIC_REPRESENTATION_ITEM() RATIONAL_B_SPLINE_CURVE((1.,
0.986030259214,1.)) REPRESENTATION_ITEM('') );
#3412 = CARTESIAN_POINT('',(5.501278093181E-04,-2.390672202824E-03));
#3413 = CARTESIAN_POINT('',(6.529460870656E-04,-1.412353460404E-04));
#3414 = CARTESIAN_POINT('',(1.488951431662E-03,1.949609658904E-03));
#3415 = ( GEOMETRIC_REPRESENTATION_CONTEXT(2) 
PARAMETRIC_REPRESENTATION_CONTEXT() REPRESENTATION_CONTEXT('2D SPACE',''
  ) );
#3416 = ORIENTED_EDGE('',*,*,#3144,.F.);
#3417 = ORIENTED_EDGE('',*,*,#3418,.F.);
#3418 = EDGE_CURVE('',#3354,#3145,#3419,.T.);
#3419 = SURFACE_CURVE('',#3420,(#3424,#3431),.PCURVE_S1.);
#3420 = ( BOUNDED_CURVE() B_SPLINE_CURVE(2,(#3421,#3422,#3423),
.UNSPECIFIED.,.F.,.F.) B_SPLINE_CURVE_WITH_KNOTS((3,3),(3.187269313626,
3.52196186638),.PIECEWISE_BEZIER_KNOTS.) CURVE() 
GEOMETRIC_REPRESENTATION_ITEM() RATIONAL_B_SPLINE_CURVE((1.,
0.986030259214,1.)) REPRESENTATION_ITEM('') );
#3421 = CARTESIAN_POINT('',(13.31609684628,0.608658180346,9.967092117918
    ));
#3422 = CARTESIAN_POINT('',(13.213278568532,2.858095037129,
    9.967092117918));
#3423 = CARTESIAN_POINT('',(12.377273223936,4.948940042074,
    9.967092117918));
#3424 = PCURVE('',#3165,#3425);
#3425 = DEFINITIONAL_REPRESENTATION('',(#3426),#3430);
#3426 = B_SPLINE_CURVE_WITH_KNOTS('',2,(#3427,#3428,#3429),
  .UNSPECIFIED.,.F.,.F.,(3,3),(3.187269313626,3.52196186638),
  .PIECEWISE_BEZIER_KNOTS.);
#3427 = CARTESIAN_POINT('',(3.187269313626,0.));
#3428 = CARTESIAN_POINT('',(3.354615590003,0.));
#3429 = CARTESIAN_POINT('',(3.52196186638,0.));
#3430 = ( GEOMETRIC_REPRESENTATION_CONTEXT(2) 
PARAMETRIC_REPRESENTATION_CONTEXT() REPRESENTATION_CONTEXT('2D SPACE',''
  ) );
#3431 = PCURVE('',#3244,#3432);
#3432 = DEFINITIONAL_REPRESENTATION('',(#3433),#3437);
#3433 = ( BOUNDED_CURVE() B_SPLINE_CURVE(2,(#3434,#3435,#3436),
.UNSPECIFIED.,.F.,.F.) B_SPLINE_CURVE_WITH_KNOTS((3,3),(3.187269313626,
3.52196186638),.PIECEWISE_BEZIER_KNOTS.) CURVE() 
GEOMETRIC_REPRESENTATION_ITEM() RATIONAL_B_SPLINE_CURVE((1.,
0.986030259214,1.)) REPRESENTATION_ITEM('') );
#3434 = CARTESIAN_POINT('',(5.501278093181E-04,-2.390672202824E-03));
#3435 = CARTESIAN_POINT('',(6.529460870656E-04,-1.412353460404E-04));
#3436 = CARTESIAN_POINT('',(1.488951431662E-03,1.949609658904E-03));
#3437 = ( GEOMETRIC_REPRESENTATION_CONTEXT(2) 
PARAMETRIC_REPRESENTATION_CONTEXT() REPRESENTATION_CONTEXT('2D SPACE',''
  ) );
#3438 = ADVANCED_FACE('',(#3439),#3244,.T.);
#3439 = FACE_BOUND('',#3440,.T.);
#3440 = EDGE_LOOP('',(#3441,#3442,#3443,#3444));
#3441 = ORIENTED_EDGE('',*,*,#3232,.T.);
#3442 = ORIENTED_EDGE('',*,*,#3308,.T.);
#3443 = ORIENTED_EDGE('',*,*,#3374,.T.);
#3444 = ORIENTED_EDGE('',*,*,#3418,.T.);
#3445 = ADVANCED_FACE('',(#3446),#3193,.F.);
#3446 = FACE_BOUND('',#3447,.F.);
#3447 = EDGE_LOOP('',(#3448,#3449,#3450,#3451));
#3448 = ORIENTED_EDGE('',*,*,#3179,.T.);
#3449 = ORIENTED_EDGE('',*,*,#3259,.T.);
#3450 = ORIENTED_EDGE('',*,*,#3333,.T.);
#3451 = ORIENTED_EDGE('',*,*,#3396,.T.);
#3452 = ( GEOMETRIC_REPRESENTATION_CONTEXT(3) 
GLOBAL_UNCERTAINTY_ASSIGNED_CONTEXT((#3456)) 
GLOBAL_UNIT_ASSIGNED_CONTEXT((#3453,#3454,#3455)) REPRESENTATION_CONTEXT
('Context #1','3D Context with UNIT and UNCERTAINTY') );
#3453 = ( LENGTH_UNIT() NAMED_UNIT(*) SI_UNIT(.MILLI.,.METRE.) );
#3454 = ( NAMED_UNIT(*) PLANE_ANGLE_UNIT() SI_UNIT($,.RADIAN.) );
#3455 = ( NAMED_UNIT(*) SI_UNIT($,.STERADIAN.) SOLID_ANGLE_UNIT() );
#3456 = UNCERTAINTY_MEASURE_WITH_UNIT(LENGTH_MEASURE(1.E-04),#3453,
  'distance_accuracy_value','confusion accuracy');
#3457 = CONTEXT_DEPENDENT_SHAPE_REPRESENTATION(#3458,#3460);
#3458 = ( REPRESENTATION_RELATIONSHIP('','',#3137,#10) 
REPRESENTATION_RELATIONSHIP_WITH_TRANSFORMATION(#3459) 
SHAPE_REPRESENTATION_RELATIONSHIP() );
#3459 = ITEM_DEFINED_TRANSFORMATION('','',#11,#51);
#3460 = PRODUCT_DEFINITION_SHAPE('Placement','Placement of an item',
  #3461);
#3461 = NEXT_ASSEMBLY_USAGE_OCCURRENCE('52','','',#5,#3132,$);
#3462 = PRODUCT_RELATED_PRODUCT_CATEGORY('part',$,(#3134));
#3463 = SHAPE_DEFINITION_REPRESENTATION(#3464,#3470);
#3464 = PRODUCT_DEFINITION_SHAPE('','',#3465);
#3465 = PRODUCT_DEFINITION('design','',#3466,#3469);
#3466 = PRODUCT_DEFINITION_FORMATION('','',#3467);
#3467 = PRODUCT('Open CASCADE STEP translator 7.7 2.11',
  'Open CASCADE STEP translator 7.7 2.11','',(#3468));
#3468 = PRODUCT_CONTEXT('',#2,'mechanical');
#3469 = PRODUCT_DEFINITION_CONTEXT('part definition',#2,'design');
#3470 = ADVANCED_BREP_SHAPE_REPRESENTATION('',(#11,#3471),#3833);
#3471 = MANIFOLD_SOLID_BREP('',#3472);
#3472 = CLOSED_SHELL('',(#3473,#3587,#3684,#3747,#3817,#3824));
#3473 = ADVANCED_FACE('',(#3474),#3487,.T.);
#3474 = FACE_BOUND('',#3475,.T.);
#3475 = EDGE_LOOP('',(#3476,#3511,#3536,#3564));
#3476 = ORIENTED_EDGE('',*,*,#3477,.T.);
#3477 = EDGE_CURVE('',#3478,#3480,#3482,.T.);
#3478 = VERTEX_POINT('',#3479);
#3479 = CARTESIAN_POINT('',(2.070657385109,-13.16819190297,
    9.967092117918));
#3480 = VERTEX_POINT('',#3481);
#3481 = CARTESIAN_POINT('',(2.070657385109,-13.16819190297,
    12.203993230268));
#3482 = SURFACE_CURVE('',#3483,(#3486,#3497),.PCURVE_S1.);
#3483 = B_SPLINE_CURVE_WITH_KNOTS('',1,(#3484,#3485),.UNSPECIFIED.,.F.,
  .F.,(2,2),(0.,2.236901112349E-03),.PIECEWISE_BEZIER_KNOTS.);
#3484 = CARTESIAN_POINT('',(2.070657385109,-13.16819190297,
    9.967092117918));
#3485 = CARTESIAN_POINT('',(2.070657385109,-13.16819190297,
    12.203993230268));
#3486 = PCURVE('',#3487,#3492);
#3487 = B_SPLINE_SURFACE_WITH_KNOTS('',1,1,(
    (#3488,#3489)
    ,(#3490,#3491
    )),.UNSPECIFIED.,.F.,.F.,.F.,(2,2),(2,2),(0.,1.893400776149E-03),(
    -2.236901112349E-03,0.),.PIECEWISE_BEZIER_KNOTS.);
#3488 = CARTESIAN_POINT('',(2.070657385109,-13.16819190297,
    12.203993230268));
#3489 = CARTESIAN_POINT('',(2.070657385109,-13.16819190297,
    9.967092117918));
#3490 = CARTESIAN_POINT('',(3.026070408355,-14.80286387438,
    12.203993230268));
#3491 = CARTESIAN_POINT('',(3.026070408355,-14.80286387438,
    9.967092117918));
#3492 = DEFINITIONAL_REPRESENTATION('',(#3493),#3496);
#3493 = B_SPLINE_CURVE_WITH_KNOTS('',1,(#3494,#3495),.UNSPECIFIED.,.F.,
  .F.,(2,2),(0.,2.236901112349E-03),.PIECEWISE_BEZIER_KNOTS.);
#3494 = CARTESIAN_POINT('',(0.,0.));
#3495 = CARTESIAN_POINT('',(0.,-2.236901112349E-03));
#3496 = ( GEOMETRIC_REPRESENTATION_CONTEXT(2) 
PARAMETRIC_REPRESENTATION_CONTEXT() REPRESENTATION_CONTEXT('2D SPACE',''
  ) );
#3497 = PCURVE('',#3498,#3505);
#3498 = ( BOUNDED_SURFACE() B_SPLINE_SURFACE(2,1,(
    (#3499,#3500)
    ,(#3501,#3502)
    ,(#3503,#3504
)),.UNSPECIFIED.,.F.,.F.,.F.) B_SPLINE_SURFACE_WITH_KNOTS((3,3),(2,2),(
    3.187269313626,3.52196186638),(-2.236901112349E-03,0.),
.PIECEWISE_BEZIER_KNOTS.) GEOMETRIC_REPRESENTATION_ITEM() 
RATIONAL_B_SPLINE_SURFACE((
    (1.,1.)
    ,(0.986030259214,0.986030259214)
,(1.,1.))) REPRESENTATION_ITEM('') SURFACE() );
#3499 = CARTESIAN_POINT('',(-2.36971245789,-13.1176736835,
    12.203993230268));
#3500 = CARTESIAN_POINT('',(-2.36971245789,-13.1176736835,9.967092117918
    ));
#3501 = CARTESIAN_POINT('',(-0.153794460329,-13.51798006489,
    12.203993230268));
#3502 = CARTESIAN_POINT('',(-0.153794460329,-13.51798006489,
    9.967092117918));
#3503 = CARTESIAN_POINT('',(2.070657385109,-13.16819190297,
    12.203993230268));
#3504 = CARTESIAN_POINT('',(2.070657385109,-13.16819190297,
    9.967092117918));
#3505 = DEFINITIONAL_REPRESENTATION('',(#3506),#3510);
#3506 = B_SPLINE_CURVE_WITH_KNOTS('',2,(#3507,#3508,#3509),
  .UNSPECIFIED.,.F.,.F.,(3,3),(0.,2.236901112349E-03),
  .PIECEWISE_BEZIER_KNOTS.);
#3507 = CARTESIAN_POINT('',(3.52196186638,0.));
#3508 = CARTESIAN_POINT('',(3.52196186638,-1.118450556175E-03));
#3509 = CARTESIAN_POINT('',(3.52196186638,-2.236901112349E-03));
#3510 = ( GEOMETRIC_REPRESENTATION_CONTEXT(2) 
PARAMETRIC_REPRESENTATION_CONTEXT() REPRESENTATION_CONTEXT('2D SPACE',''
  ) );
#3511 = ORIENTED_EDGE('',*,*,#3512,.T.);
#3512 = EDGE_CURVE('',#3480,#3513,#3515,.T.);
#3513 = VERTEX_POINT('',#3514);
#3514 = CARTESIAN_POINT('',(3.026070408355,-14.80286387438,
    12.203993230268));
#3515 = SURFACE_CURVE('',#3516,(#3519,#3525),.PCURVE_S1.);
#3516 = B_SPLINE_CURVE_WITH_KNOTS('',1,(#3517,#3518),.UNSPECIFIED.,.F.,
  .F.,(2,2),(0.,1.893400776149E-03),.PIECEWISE_BEZIER_KNOTS.);
#3517 = CARTESIAN_POINT('',(2.070657385109,-13.16819190297,
    12.203993230268));
#3518 = CARTESIAN_POINT('',(3.026070408355,-14.80286387438,
    12.203993230268));
#3519 = PCURVE('',#3487,#3520);
#3520 = DEFINITIONAL_REPRESENTATION('',(#3521),#3524);
#3521 = B_SPLINE_CURVE_WITH_KNOTS('',1,(#3522,#3523),.UNSPECIFIED.,.F.,
  .F.,(2,2),(0.,1.893400776149E-03),.PIECEWISE_BEZIER_KNOTS.);
#3522 = CARTESIAN_POINT('',(0.,-2.236901112349E-03));
#3523 = CARTESIAN_POINT('',(1.893400776149E-03,-2.236901112349E-03));
#3524 = ( GEOMETRIC_REPRESENTATION_CONTEXT(2) 
PARAMETRIC_REPRESENTATION_CONTEXT() REPRESENTATION_CONTEXT('2D SPACE',''
  ) );
#3525 = PCURVE('',#3526,#3531);
#3526 = B_SPLINE_SURFACE_WITH_KNOTS('',1,1,(
    (#3527,#3528)
    ,(#3529,#3530
    )),.UNSPECIFIED.,.F.,.F.,.F.,(2,2),(2,2),(-1.242775344402E-03,
    1.488951431662E-03),(-2.99933038317E-03,3.24481721672E-03),
  .PIECEWISE_BEZIER_KNOTS.);
#3527 = CARTESIAN_POINT('',(-3.362068791146,-14.73018582515,
    12.203993230268));
#3528 = CARTESIAN_POINT('',(2.725524991769,-16.11963938084,
    12.203993230268));
#3529 = CARTESIAN_POINT('',(-2.754202397623,-12.06694914271,
    12.203993230268));
#3530 = CARTESIAN_POINT('',(3.333391385293,-13.4564026984,
    12.203993230268));
#3531 = DEFINITIONAL_REPRESENTATION('',(#3532),#3535);
#3532 = B_SPLINE_CURVE_WITH_KNOTS('',1,(#3533,#3534),.UNSPECIFIED.,.F.,
  .F.,(2,2),(0.,1.893400776149E-03),.PIECEWISE_BEZIER_KNOTS.);
#3533 = CARTESIAN_POINT('',(1.488951431662E-03,1.949609658904E-03));
#3534 = CARTESIAN_POINT('',(1.078634977129E-04,3.24481721672E-03));
#3535 = ( GEOMETRIC_REPRESENTATION_CONTEXT(2) 
PARAMETRIC_REPRESENTATION_CONTEXT() REPRESENTATION_CONTEXT('2D SPACE',''
  ) );
#3536 = ORIENTED_EDGE('',*,*,#3537,.F.);
#3537 = EDGE_CURVE('',#3538,#3513,#3540,.T.);
#3538 = VERTEX_POINT('',#3539);
#3539 = CARTESIAN_POINT('',(3.026070408355,-14.80286387438,
    9.967092117918));
#3540 = SURFACE_CURVE('',#3541,(#3544,#3550),.PCURVE_S1.);
#3541 = B_SPLINE_CURVE_WITH_KNOTS('',1,(#3542,#3543),.UNSPECIFIED.,.F.,
  .F.,(2,2),(0.,2.236901112349E-03),.PIECEWISE_BEZIER_KNOTS.);
#3542 = CARTESIAN_POINT('',(3.026070408355,-14.80286387438,
    9.967092117918));
#3543 = CARTESIAN_POINT('',(3.026070408355,-14.80286387438,
    12.203993230268));
#3544 = PCURVE('',#3487,#3545);
#3545 = DEFINITIONAL_REPRESENTATION('',(#3546),#3549);
#3546 = B_SPLINE_CURVE_WITH_KNOTS('',1,(#3547,#3548),.UNSPECIFIED.,.F.,
  .F.,(2,2),(0.,2.236901112349E-03),.PIECEWISE_BEZIER_KNOTS.);
#3547 = CARTESIAN_POINT('',(1.893400776149E-03,0.));
#3548 = CARTESIAN_POINT('',(1.893400776149E-03,-2.236901112349E-03));
#3549 = ( GEOMETRIC_REPRESENTATION_CONTEXT(2) 
PARAMETRIC_REPRESENTATION_CONTEXT() REPRESENTATION_CONTEXT('2D SPACE',''
  ) );
#3550 = PCURVE('',#3551,#3558);
#3551 = ( BOUNDED_SURFACE() B_SPLINE_SURFACE(2,1,(
    (#3552,#3553)
    ,(#3554,#3555)
    ,(#3556,#3557
)),.UNSPECIFIED.,.F.,.F.,.F.) B_SPLINE_SURFACE_WITH_KNOTS((3,3),(2,2),(
    5.857139434353,6.28318530718),(-2.236901112349E-03,0.),
.PIECEWISE_BEZIER_KNOTS.) GEOMETRIC_REPRESENTATION_ITEM() 
RATIONAL_B_SPLINE_SURFACE((
    (1.,1.)
    ,(0.977396285971,0.977396285971)
,(1.,1.))) REPRESENTATION_ITEM('') SURFACE() );
#3552 = CARTESIAN_POINT('',(3.026070408355,-14.80286387438,
    12.203993230268));
#3553 = CARTESIAN_POINT('',(3.026070408355,-14.80286387438,
    9.967092117918));
#3554 = CARTESIAN_POINT('',(-0.17585949536,-15.45741730496,
    12.203993230268));
#3555 = CARTESIAN_POINT('',(-0.17585949536,-15.45741730496,
    9.967092117918));
#3556 = CARTESIAN_POINT('',(-3.362068791146,-14.73018582515,
    12.203993230268));
#3557 = CARTESIAN_POINT('',(-3.362068791146,-14.73018582515,
    9.967092117918));
#3558 = DEFINITIONAL_REPRESENTATION('',(#3559),#3563);
#3559 = B_SPLINE_CURVE_WITH_KNOTS('',2,(#3560,#3561,#3562),
  .UNSPECIFIED.,.F.,.F.,(3,3),(0.,2.236901112349E-03),
  .PIECEWISE_BEZIER_KNOTS.);
#3560 = CARTESIAN_POINT('',(5.857139434353,0.));
#3561 = CARTESIAN_POINT('',(5.857139434353,-1.118450556175E-03));
#3562 = CARTESIAN_POINT('',(5.857139434353,-2.236901112349E-03));
#3563 = ( GEOMETRIC_REPRESENTATION_CONTEXT(2) 
PARAMETRIC_REPRESENTATION_CONTEXT() REPRESENTATION_CONTEXT('2D SPACE',''
  ) );
#3564 = ORIENTED_EDGE('',*,*,#3565,.F.);
#3565 = EDGE_CURVE('',#3478,#3538,#3566,.T.);
#3566 = SURFACE_CURVE('',#3567,(#3570,#3576),.PCURVE_S1.);
#3567 = B_SPLINE_CURVE_WITH_KNOTS('',1,(#3568,#3569),.UNSPECIFIED.,.F.,
  .F.,(2,2),(0.,1.893400776149E-03),.PIECEWISE_BEZIER_KNOTS.);
#3568 = CARTESIAN_POINT('',(2.070657385109,-13.16819190297,
    9.967092117918));
#3569 = CARTESIAN_POINT('',(3.026070408355,-14.80286387438,
    9.967092117918));
#3570 = PCURVE('',#3487,#3571);
#3571 = DEFINITIONAL_REPRESENTATION('',(#3572),#3575);
#3572 = B_SPLINE_CURVE_WITH_KNOTS('',1,(#3573,#3574),.UNSPECIFIED.,.F.,
  .F.,(2,2),(0.,1.893400776149E-03),.PIECEWISE_BEZIER_KNOTS.);
#3573 = CARTESIAN_POINT('',(0.,0.));
#3574 = CARTESIAN_POINT('',(1.893400776149E-03,0.));
#3575 = ( GEOMETRIC_REPRESENTATION_CONTEXT(2) 
PARAMETRIC_REPRESENTATION_CONTEXT() REPRESENTATION_CONTEXT('2D SPACE',''
  ) );
#3576 = PCURVE('',#3577,#3582);
#3577 = B_SPLINE_SURFACE_WITH_KNOTS('',1,1,(
    (#3578,#3579)
    ,(#3580,#3581
    )),.UNSPECIFIED.,.F.,.F.,.F.,(2,2),(2,2),(-1.242775344402E-03,
    1.488951431662E-03),(-2.99933038317E-03,3.24481721672E-03),
  .PIECEWISE_BEZIER_KNOTS.);
#3578 = CARTESIAN_POINT('',(-3.362068791146,-14.73018582515,
    9.967092117918));
#3579 = CARTESIAN_POINT('',(2.725524991769,-16.11963938084,
    9.967092117918));
#3580 = CARTESIAN_POINT('',(-2.754202397623,-12.06694914271,
    9.967092117918));
#3581 = CARTESIAN_POINT('',(3.333391385293,-13.4564026984,9.967092117918
    ));
#3582 = DEFINITIONAL_REPRESENTATION('',(#3583),#3586);
#3583 = B_SPLINE_CURVE_WITH_KNOTS('',1,(#3584,#3585),.UNSPECIFIED.,.F.,
  .F.,(2,2),(0.,1.893400776149E-03),.PIECEWISE_BEZIER_KNOTS.);
#3584 = CARTESIAN_POINT('',(1.488951431662E-03,1.949609658904E-03));
#3585 = CARTESIAN_POINT('',(1.078634977129E-04,3.24481721672E-03));
#3586 = ( GEOMETRIC_REPRESENTATION_CONTEXT(2) 
PARAMETRIC_REPRESENTATION_CONTEXT() REPRESENTATION_CONTEXT('2D SPACE',''
  ) );
#3587 = ADVANCED_FACE('',(#3588),#3551,.T.);
#3588 = FACE_BOUND('',#3589,.T.);
#3589 = EDGE_LOOP('',(#3590,#3591,#3614,#3637,#3663));
#3590 = ORIENTED_EDGE('',*,*,#3537,.T.);
#3591 = ORIENTED_EDGE('',*,*,#3592,.T.);
#3592 = EDGE_CURVE('',#3513,#3593,#3595,.T.);
#3593 = VERTEX_POINT('',#3594);
#3594 = CARTESIAN_POINT('',(0.,-15.109,12.203993230268));
#3595 = SURFACE_CURVE('',#3596,(#3600,#3607),.PCURVE_S1.);
#3596 = ( BOUNDED_CURVE() B_SPLINE_CURVE(2,(#3597,#3598,#3599),
.UNSPECIFIED.,.F.,.F.) B_SPLINE_CURVE_WITH_KNOTS((3,3),(5.857139434353,
6.058785831923),.PIECEWISE_BEZIER_KNOTS.) CURVE() 
GEOMETRIC_REPRESENTATION_ITEM() RATIONAL_B_SPLINE_CURVE((1.,
0.994921645405,1.)) REPRESENTATION_ITEM('') );
#3597 = CARTESIAN_POINT('',(3.026070408355,-14.80286387438,
    12.203993230268));
#3598 = CARTESIAN_POINT('',(1.528520522553,-15.109,12.203993230268));
#3599 = CARTESIAN_POINT('',(-1.127570259385E-14,-15.109,12.203993230268)
  );
#3600 = PCURVE('',#3551,#3601);
#3601 = DEFINITIONAL_REPRESENTATION('',(#3602),#3606);
#3602 = B_SPLINE_CURVE_WITH_KNOTS('',2,(#3603,#3604,#3605),
  .UNSPECIFIED.,.F.,.F.,(3,3),(5.857139434353,6.058785831923),
  .PIECEWISE_BEZIER_KNOTS.);
#3603 = CARTESIAN_POINT('',(5.857139434353,-2.236901112349E-03));
#3604 = CARTESIAN_POINT('',(5.958555577457,-2.236901112349E-03));
#3605 = CARTESIAN_POINT('',(6.05882876337,-2.236901112349E-03));
#3606 = ( GEOMETRIC_REPRESENTATION_CONTEXT(2) 
PARAMETRIC_REPRESENTATION_CONTEXT() REPRESENTATION_CONTEXT('2D SPACE',''
  ) );
#3607 = PCURVE('',#3526,#3608);
#3608 = DEFINITIONAL_REPRESENTATION('',(#3609),#3613);
#3609 = ( BOUNDED_CURVE() B_SPLINE_CURVE(2,(#3610,#3611,#3612),
.UNSPECIFIED.,.F.,.F.) B_SPLINE_CURVE_WITH_KNOTS((3,3),(5.857139434353,
6.058785831923),.PIECEWISE_BEZIER_KNOTS.) CURVE() 
GEOMETRIC_REPRESENTATION_ITEM() RATIONAL_B_SPLINE_CURVE((1.,
0.994921645405,1.)) REPRESENTATION_ITEM('') );
#3610 = CARTESIAN_POINT('',(1.078634977129E-04,3.24481721672E-03));
#3611 = CARTESIAN_POINT('',(-5.238333553074E-04,1.852935729756E-03));
#3612 = CARTESIAN_POINT('',(-8.639611695574E-04,3.627384079762E-04));
#3613 = ( GEOMETRIC_REPRESENTATION_CONTEXT(2) 
PARAMETRIC_REPRESENTATION_CONTEXT() REPRESENTATION_CONTEXT('2D SPACE',''
  ) );
#3614 = ORIENTED_EDGE('',*,*,#3615,.T.);
#3615 = EDGE_CURVE('',#3593,#3616,#3618,.T.);
#3616 = VERTEX_POINT('',#3617);
#3617 = CARTESIAN_POINT('',(-3.362068791146,-14.73018582515,
    12.203993230268));
#3618 = SURFACE_CURVE('',#3619,(#3623,#3630),.PCURVE_S1.);
#3619 = ( BOUNDED_CURVE() B_SPLINE_CURVE(2,(#3620,#3621,#3622),
.UNSPECIFIED.,.F.,.F.) B_SPLINE_CURVE_WITH_KNOTS((3,3),(6.058785831923,
6.28318530718),.PIECEWISE_BEZIER_KNOTS.) CURVE() 
GEOMETRIC_REPRESENTATION_ITEM() RATIONAL_B_SPLINE_CURVE((1.,
0.993712209893,1.)) REPRESENTATION_ITEM('') );
#3620 = CARTESIAN_POINT('',(-1.127570259385E-14,-15.109,12.203993230268)
  );
#3621 = CARTESIAN_POINT('',(-1.702375448951,-15.109,12.203993230268));
#3622 = CARTESIAN_POINT('',(-3.362068791146,-14.73018582515,
    12.203993230268));
#3623 = PCURVE('',#3551,#3624);
#3624 = DEFINITIONAL_REPRESENTATION('',(#3625),#3629);
#3625 = B_SPLINE_CURVE_WITH_KNOTS('',2,(#3626,#3627,#3628),
  .UNSPECIFIED.,.F.,.F.,(3,3),(6.058785831923,6.28318530718),
  .PIECEWISE_BEZIER_KNOTS.);
#3626 = CARTESIAN_POINT('',(6.05882876337,-2.236901112349E-03));
#3627 = CARTESIAN_POINT('',(6.170371330039,-2.236901112349E-03));
#3628 = CARTESIAN_POINT('',(6.28318530718,-2.236901112349E-03));
#3629 = ( GEOMETRIC_REPRESENTATION_CONTEXT(2) 
PARAMETRIC_REPRESENTATION_CONTEXT() REPRESENTATION_CONTEXT('2D SPACE',''
  ) );
#3630 = PCURVE('',#3526,#3631);
#3631 = DEFINITIONAL_REPRESENTATION('',(#3632),#3636);
#3632 = ( BOUNDED_CURVE() B_SPLINE_CURVE(2,(#3633,#3634,#3635),
.UNSPECIFIED.,.F.,.F.) B_SPLINE_CURVE_WITH_KNOTS((3,3),(6.058785831923,
6.28318530718),.PIECEWISE_BEZIER_KNOTS.) CURVE() 
GEOMETRIC_REPRESENTATION_ITEM() RATIONAL_B_SPLINE_CURVE((1.,
0.993712209893,1.)) REPRESENTATION_ITEM('') );
#3633 = CARTESIAN_POINT('',(-8.639611695574E-04,3.627384079762E-04));
#3634 = CARTESIAN_POINT('',(-1.242775344402E-03,-1.296954934219E-03));
#3635 = CARTESIAN_POINT('',(-1.242775344402E-03,-2.99933038317E-03));
#3636 = ( GEOMETRIC_REPRESENTATION_CONTEXT(2) 
PARAMETRIC_REPRESENTATION_CONTEXT() REPRESENTATION_CONTEXT('2D SPACE',''
  ) );
#3637 = ORIENTED_EDGE('',*,*,#3638,.F.);
#3638 = EDGE_CURVE('',#3639,#3616,#3641,.T.);
#3639 = VERTEX_POINT('',#3640);
#3640 = CARTESIAN_POINT('',(-3.362068791146,-14.73018582515,
    9.967092117918));
#3641 = SURFACE_CURVE('',#3642,(#3645,#3652),.PCURVE_S1.);
#3642 = B_SPLINE_CURVE_WITH_KNOTS('',1,(#3643,#3644),.UNSPECIFIED.,.F.,
  .F.,(2,2),(0.,2.236901112349E-03),.PIECEWISE_BEZIER_KNOTS.);
#3643 = CARTESIAN_POINT('',(-3.362068791146,-14.73018582515,
    9.967092117918));
#3644 = CARTESIAN_POINT('',(-3.362068791146,-14.73018582515,
    12.203993230268));
#3645 = PCURVE('',#3551,#3646);
#3646 = DEFINITIONAL_REPRESENTATION('',(#3647),#3651);
#3647 = B_SPLINE_CURVE_WITH_KNOTS('',2,(#3648,#3649,#3650),
  .UNSPECIFIED.,.F.,.F.,(3,3),(0.,2.236901112349E-03),
  .PIECEWISE_BEZIER_KNOTS.);
#3648 = CARTESIAN_POINT('',(6.28318530718,0.));
#3649 = CARTESIAN_POINT('',(6.28318530718,-1.118450556175E-03));
#3650 = CARTESIAN_POINT('',(6.28318530718,-2.236901112349E-03));
#3651 = ( GEOMETRIC_REPRESENTATION_CONTEXT(2) 
PARAMETRIC_REPRESENTATION_CONTEXT() REPRESENTATION_CONTEXT('2D SPACE',''
  ) );
#3652 = PCURVE('',#3653,#3658);
#3653 = B_SPLINE_SURFACE_WITH_KNOTS('',1,1,(
    (#3654,#3655)
    ,(#3656,#3657
    )),.UNSPECIFIED.,.F.,.F.,.F.,(2,2),(2,2),(0.,1.893400776149E-03),(
    -2.236901112349E-03,0.),.PIECEWISE_BEZIER_KNOTS.);
#3654 = CARTESIAN_POINT('',(-3.362068791146,-14.73018582515,
    12.203993230268));
#3655 = CARTESIAN_POINT('',(-3.362068791146,-14.73018582515,
    9.967092117918));
#3656 = CARTESIAN_POINT('',(-2.36971245789,-13.1176736835,
    12.203993230268));
#3657 = CARTESIAN_POINT('',(-2.36971245789,-13.1176736835,9.967092117918
    ));
#3658 = DEFINITIONAL_REPRESENTATION('',(#3659),#3662);
#3659 = B_SPLINE_CURVE_WITH_KNOTS('',1,(#3660,#3661),.UNSPECIFIED.,.F.,
  .F.,(2,2),(0.,2.236901112349E-03),.PIECEWISE_BEZIER_KNOTS.);
#3660 = CARTESIAN_POINT('',(0.,0.));
#3661 = CARTESIAN_POINT('',(0.,-2.236901112349E-03));
#3662 = ( GEOMETRIC_REPRESENTATION_CONTEXT(2) 
PARAMETRIC_REPRESENTATION_CONTEXT() REPRESENTATION_CONTEXT('2D SPACE',''
  ) );
#3663 = ORIENTED_EDGE('',*,*,#3664,.F.);
#3664 = EDGE_CURVE('',#3538,#3639,#3665,.T.);
#3665 = SURFACE_CURVE('',#3666,(#3670,#3677),.PCURVE_S1.);
#3666 = ( BOUNDED_CURVE() B_SPLINE_CURVE(2,(#3667,#3668,#3669),
.UNSPECIFIED.,.F.,.F.) B_SPLINE_CURVE_WITH_KNOTS((3,3),(5.857139434353,
6.28318530718),.PIECEWISE_BEZIER_KNOTS.) CURVE() 
GEOMETRIC_REPRESENTATION_ITEM() RATIONAL_B_SPLINE_CURVE((1.,
0.977396285971,1.)) REPRESENTATION_ITEM('') );
#3667 = CARTESIAN_POINT('',(3.026070408355,-14.80286387438,
    9.967092117918));
#3668 = CARTESIAN_POINT('',(-0.17585949536,-15.45741730496,
    9.967092117918));
#3669 = CARTESIAN_POINT('',(-3.362068791146,-14.73018582515,
    9.967092117918));
#3670 = PCURVE('',#3551,#3671);
#3671 = DEFINITIONAL_REPRESENTATION('',(#3672),#3676);
#3672 = B_SPLINE_CURVE_WITH_KNOTS('',2,(#3673,#3674,#3675),
  .UNSPECIFIED.,.F.,.F.,(3,3),(5.857139434353,6.28318530718),
  .PIECEWISE_BEZIER_KNOTS.);
#3673 = CARTESIAN_POINT('',(5.857139434353,0.));
#3674 = CARTESIAN_POINT('',(6.070162370766,0.));
#3675 = CARTESIAN_POINT('',(6.28318530718,0.));
#3676 = ( GEOMETRIC_REPRESENTATION_CONTEXT(2) 
PARAMETRIC_REPRESENTATION_CONTEXT() REPRESENTATION_CONTEXT('2D SPACE',''
  ) );
#3677 = PCURVE('',#3577,#3678);
#3678 = DEFINITIONAL_REPRESENTATION('',(#3679),#3683);
#3679 = ( BOUNDED_CURVE() B_SPLINE_CURVE(2,(#3680,#3681,#3682),
.UNSPECIFIED.,.F.,.F.) B_SPLINE_CURVE_WITH_KNOTS((3,3),(5.857139434353,
6.28318530718),.PIECEWISE_BEZIER_KNOTS.) CURVE() 
GEOMETRIC_REPRESENTATION_ITEM() RATIONAL_B_SPLINE_CURVE((1.,
0.977396285971,1.)) REPRESENTATION_ITEM('') );
#3680 = CARTESIAN_POINT('',(1.078634977129E-04,3.24481721672E-03));
#3681 = CARTESIAN_POINT('',(-1.242775344402E-03,2.688182214338E-04));
#3682 = CARTESIAN_POINT('',(-1.242775344402E-03,-2.99933038317E-03));
#3683 = ( GEOMETRIC_REPRESENTATION_CONTEXT(2) 
PARAMETRIC_REPRESENTATION_CONTEXT() REPRESENTATION_CONTEXT('2D SPACE',''
  ) );
#3684 = ADVANCED_FACE('',(#3685),#3653,.T.);
#3685 = FACE_BOUND('',#3686,.T.);
#3686 = EDGE_LOOP('',(#3687,#3688,#3708,#3729));
#3687 = ORIENTED_EDGE('',*,*,#3638,.T.);
#3688 = ORIENTED_EDGE('',*,*,#3689,.T.);
#3689 = EDGE_CURVE('',#3616,#3690,#3692,.T.);
#3690 = VERTEX_POINT('',#3691);
#3691 = CARTESIAN_POINT('',(-2.36971245789,-13.1176736835,
    12.203993230268));
#3692 = SURFACE_CURVE('',#3693,(#3696,#3702),.PCURVE_S1.);
#3693 = B_SPLINE_CURVE_WITH_KNOTS('',1,(#3694,#3695),.UNSPECIFIED.,.F.,
  .F.,(2,2),(0.,1.893400776149E-03),.PIECEWISE_BEZIER_KNOTS.);
#3694 = CARTESIAN_POINT('',(-3.362068791146,-14.73018582515,
    12.203993230268));
#3695 = CARTESIAN_POINT('',(-2.36971245789,-13.1176736835,
    12.203993230268));
#3696 = PCURVE('',#3653,#3697);
#3697 = DEFINITIONAL_REPRESENTATION('',(#3698),#3701);
#3698 = B_SPLINE_CURVE_WITH_KNOTS('',1,(#3699,#3700),.UNSPECIFIED.,.F.,
  .F.,(2,2),(0.,1.893400776149E-03),.PIECEWISE_BEZIER_KNOTS.);
#3699 = CARTESIAN_POINT('',(0.,-2.236901112349E-03));
#3700 = CARTESIAN_POINT('',(1.893400776149E-03,-2.236901112349E-03));
#3701 = ( GEOMETRIC_REPRESENTATION_CONTEXT(2) 
PARAMETRIC_REPRESENTATION_CONTEXT() REPRESENTATION_CONTEXT('2D SPACE',''
  ) );
#3702 = PCURVE('',#3526,#3703);
#3703 = DEFINITIONAL_REPRESENTATION('',(#3704),#3707);
#3704 = B_SPLINE_CURVE_WITH_KNOTS('',1,(#3705,#3706),.UNSPECIFIED.,.F.,
  .F.,(2,2),(0.,1.893400776149E-03),.PIECEWISE_BEZIER_KNOTS.);
#3705 = CARTESIAN_POINT('',(-1.242775344402E-03,-2.99933038317E-03));
#3706 = CARTESIAN_POINT('',(5.501278093181E-04,-2.390672202824E-03));
#3707 = ( GEOMETRIC_REPRESENTATION_CONTEXT(2) 
PARAMETRIC_REPRESENTATION_CONTEXT() REPRESENTATION_CONTEXT('2D SPACE',''
  ) );
#3708 = ORIENTED_EDGE('',*,*,#3709,.F.);
#3709 = EDGE_CURVE('',#3710,#3690,#3712,.T.);
#3710 = VERTEX_POINT('',#3711);
#3711 = CARTESIAN_POINT('',(-2.36971245789,-13.1176736835,9.967092117918
    ));
#3712 = SURFACE_CURVE('',#3713,(#3716,#3722),.PCURVE_S1.);
#3713 = B_SPLINE_CURVE_WITH_KNOTS('',1,(#3714,#3715),.UNSPECIFIED.,.F.,
  .F.,(2,2),(0.,2.236901112349E-03),.PIECEWISE_BEZIER_KNOTS.);
#3714 = CARTESIAN_POINT('',(-2.36971245789,-13.1176736835,9.967092117918
    ));
#3715 = CARTESIAN_POINT('',(-2.36971245789,-13.1176736835,
    12.203993230268));
#3716 = PCURVE('',#3653,#3717);
#3717 = DEFINITIONAL_REPRESENTATION('',(#3718),#3721);
#3718 = B_SPLINE_CURVE_WITH_KNOTS('',1,(#3719,#3720),.UNSPECIFIED.,.F.,
  .F.,(2,2),(0.,2.236901112349E-03),.PIECEWISE_BEZIER_KNOTS.);
#3719 = CARTESIAN_POINT('',(1.893400776149E-03,0.));
#3720 = CARTESIAN_POINT('',(1.893400776149E-03,-2.236901112349E-03));
#3721 = ( GEOMETRIC_REPRESENTATION_CONTEXT(2) 
PARAMETRIC_REPRESENTATION_CONTEXT() REPRESENTATION_CONTEXT('2D SPACE',''
  ) );
#3722 = PCURVE('',#3498,#3723);
#3723 = DEFINITIONAL_REPRESENTATION('',(#3724),#3728);
#3724 = B_SPLINE_CURVE_WITH_KNOTS('',2,(#3725,#3726,#3727),
  .UNSPECIFIED.,.F.,.F.,(3,3),(0.,2.236901112349E-03),
  .PIECEWISE_BEZIER_KNOTS.);
#3725 = CARTESIAN_POINT('',(3.187269313626,0.));
#3726 = CARTESIAN_POINT('',(3.187269313626,-1.118450556175E-03));
#3727 = CARTESIAN_POINT('',(3.187269313626,-2.236901112349E-03));
#3728 = ( GEOMETRIC_REPRESENTATION_CONTEXT(2) 
PARAMETRIC_REPRESENTATION_CONTEXT() REPRESENTATION_CONTEXT('2D SPACE',''
  ) );
#3729 = ORIENTED_EDGE('',*,*,#3730,.F.);
#3730 = EDGE_CURVE('',#3639,#3710,#3731,.T.);
#3731 = SURFACE_CURVE('',#3732,(#3735,#3741),.PCURVE_S1.);
#3732 = B_SPLINE_CURVE_WITH_KNOTS('',1,(#3733,#3734),.UNSPECIFIED.,.F.,
  .F.,(2,2),(0.,1.893400776149E-03),.PIECEWISE_BEZIER_KNOTS.);
#3733 = CARTESIAN_POINT('',(-3.362068791146,-14.73018582515,
    9.967092117918));
#3734 = CARTESIAN_POINT('',(-2.36971245789,-13.1176736835,9.967092117918
    ));
#3735 = PCURVE('',#3653,#3736);
#3736 = DEFINITIONAL_REPRESENTATION('',(#3737),#3740);
#3737 = B_SPLINE_CURVE_WITH_KNOTS('',1,(#3738,#3739),.UNSPECIFIED.,.F.,
  .F.,(2,2),(0.,1.893400776149E-03),.PIECEWISE_BEZIER_KNOTS.);
#3738 = CARTESIAN_POINT('',(0.,0.));
#3739 = CARTESIAN_POINT('',(1.893400776149E-03,0.));
#3740 = ( GEOMETRIC_REPRESENTATION_CONTEXT(2) 
PARAMETRIC_REPRESENTATION_CONTEXT() REPRESENTATION_CONTEXT('2D SPACE',''
  ) );
#3741 = PCURVE('',#3577,#3742);
#3742 = DEFINITIONAL_REPRESENTATION('',(#3743),#3746);
#3743 = B_SPLINE_CURVE_WITH_KNOTS('',1,(#3744,#3745),.UNSPECIFIED.,.F.,
  .F.,(2,2),(0.,1.893400776149E-03),.PIECEWISE_BEZIER_KNOTS.);
#3744 = CARTESIAN_POINT('',(-1.242775344402E-03,-2.99933038317E-03));
#3745 = CARTESIAN_POINT('',(5.501278093181E-04,-2.390672202824E-03));
#3746 = ( GEOMETRIC_REPRESENTATION_CONTEXT(2) 
PARAMETRIC_REPRESENTATION_CONTEXT() REPRESENTATION_CONTEXT('2D SPACE',''
  ) );
#3747 = ADVANCED_FACE('',(#3748),#3498,.T.);
#3748 = FACE_BOUND('',#3749,.T.);
#3749 = EDGE_LOOP('',(#3750,#3751,#3774,#3795,#3796));
#3750 = ORIENTED_EDGE('',*,*,#3709,.T.);
#3751 = ORIENTED_EDGE('',*,*,#3752,.T.);
#3752 = EDGE_CURVE('',#3690,#3753,#3755,.T.);
#3753 = VERTEX_POINT('',#3754);
#3754 = CARTESIAN_POINT('',(0.,-13.33,12.203993230268));
#3755 = SURFACE_CURVE('',#3756,(#3760,#3767),.PCURVE_S1.);
#3756 = ( BOUNDED_CURVE() B_SPLINE_CURVE(2,(#3757,#3758,#3759),
.UNSPECIFIED.,.F.,.F.) B_SPLINE_CURVE_WITH_KNOTS((3,3),(3.187269313626,
3.365992128846),.PIECEWISE_BEZIER_KNOTS.) CURVE() 
GEOMETRIC_REPRESENTATION_ITEM() RATIONAL_B_SPLINE_CURVE((1.,
0.996009925691,1.)) REPRESENTATION_ITEM('') );
#3757 = CARTESIAN_POINT('',(-2.36971245789,-13.1176736835,
    12.203993230268));
#3758 = CARTESIAN_POINT('',(-1.19436845152,-13.33,12.203993230268));
#3759 = CARTESIAN_POINT('',(8.23993651089E-15,-13.33,12.203993230268));
#3760 = PCURVE('',#3498,#3761);
#3761 = DEFINITIONAL_REPRESENTATION('',(#3762),#3766);
#3762 = B_SPLINE_CURVE_WITH_KNOTS('',2,(#3763,#3764,#3765),
  .UNSPECIFIED.,.F.,.F.,(3,3),(3.187269313626,3.365992128846),
  .PIECEWISE_BEZIER_KNOTS.);
#3763 = CARTESIAN_POINT('',(3.187269313626,-2.236901112349E-03));
#3764 = CARTESIAN_POINT('',(3.276929193363,-2.236901112349E-03));
#3765 = CARTESIAN_POINT('',(3.365965689077,-2.236901112349E-03));
#3766 = ( GEOMETRIC_REPRESENTATION_CONTEXT(2) 
PARAMETRIC_REPRESENTATION_CONTEXT() REPRESENTATION_CONTEXT('2D SPACE',''
  ) );
#3767 = PCURVE('',#3526,#3768);
#3768 = DEFINITIONAL_REPRESENTATION('',(#3769),#3773);
#3769 = ( BOUNDED_CURVE() B_SPLINE_CURVE(2,(#3770,#3771,#3772),
.UNSPECIFIED.,.F.,.F.) B_SPLINE_CURVE_WITH_KNOTS((3,3),(3.187269313626,
3.365992128846),.PIECEWISE_BEZIER_KNOTS.) CURVE() 
GEOMETRIC_REPRESENTATION_ITEM() RATIONAL_B_SPLINE_CURVE((1.,
0.996009925691,1.)) REPRESENTATION_ITEM('') );
#3770 = CARTESIAN_POINT('',(5.501278093181E-04,-2.390672202824E-03));
#3771 = CARTESIAN_POINT('',(6.046636028939E-04,-1.197549474348E-03));
#3772 = CARTESIAN_POINT('',(8.704355862141E-04,-3.312633353207E-05));
#3773 = ( GEOMETRIC_REPRESENTATION_CONTEXT(2) 
PARAMETRIC_REPRESENTATION_CONTEXT() REPRESENTATION_CONTEXT('2D SPACE',''
  ) );
#3774 = ORIENTED_EDGE('',*,*,#3775,.T.);
#3775 = EDGE_CURVE('',#3753,#3480,#3776,.T.);
#3776 = SURFACE_CURVE('',#3777,(#3781,#3788),.PCURVE_S1.);
#3777 = ( BOUNDED_CURVE() B_SPLINE_CURVE(2,(#3778,#3779,#3780),
.UNSPECIFIED.,.F.,.F.) B_SPLINE_CURVE_WITH_KNOTS((3,3),(3.365992128846,
3.52196186638),.PIECEWISE_BEZIER_KNOTS.) CURVE() 
GEOMETRIC_REPRESENTATION_ITEM() RATIONAL_B_SPLINE_CURVE((1.,
0.996960720907,1.)) REPRESENTATION_ITEM('') );
#3778 = CARTESIAN_POINT('',(8.23993651089E-15,-13.33,12.203993230268));
#3779 = CARTESIAN_POINT('',(1.041650805631,-13.33,12.203993230268));
#3780 = CARTESIAN_POINT('',(2.070657385109,-13.16819190297,
    12.203993230268));
#3781 = PCURVE('',#3498,#3782);
#3782 = DEFINITIONAL_REPRESENTATION('',(#3783),#3787);
#3783 = B_SPLINE_CURVE_WITH_KNOTS('',2,(#3784,#3785,#3786),
  .UNSPECIFIED.,.F.,.F.,(3,3),(3.365992128846,3.52196186638),
  .PIECEWISE_BEZIER_KNOTS.);
#3784 = CARTESIAN_POINT('',(3.365965689077,-2.236901112349E-03));
#3785 = CARTESIAN_POINT('',(3.443691680646,-2.236901112349E-03));
#3786 = CARTESIAN_POINT('',(3.52196186638,-2.236901112349E-03));
#3787 = ( GEOMETRIC_REPRESENTATION_CONTEXT(2) 
PARAMETRIC_REPRESENTATION_CONTEXT() REPRESENTATION_CONTEXT('2D SPACE',''
  ) );
#3788 = PCURVE('',#3526,#3789);
#3789 = DEFINITIONAL_REPRESENTATION('',(#3790),#3794);
#3790 = ( BOUNDED_CURVE() B_SPLINE_CURVE(2,(#3791,#3792,#3793),
.UNSPECIFIED.,.F.,.F.) B_SPLINE_CURVE_WITH_KNOTS((3,3),(3.365992128846,
3.52196186638),.PIECEWISE_BEZIER_KNOTS.) CURVE() 
GEOMETRIC_REPRESENTATION_ITEM() RATIONAL_B_SPLINE_CURVE((1.,
0.996960720907,1.)) REPRESENTATION_ITEM('') );
#3791 = CARTESIAN_POINT('',(8.704355862141E-04,-3.312633353207E-05));
#3792 = CARTESIAN_POINT('',(1.10222469634E-03,9.824081116247E-04));
#3793 = CARTESIAN_POINT('',(1.488951431662E-03,1.949609658904E-03));
#3794 = ( GEOMETRIC_REPRESENTATION_CONTEXT(2) 
PARAMETRIC_REPRESENTATION_CONTEXT() REPRESENTATION_CONTEXT('2D SPACE',''
  ) );
#3795 = ORIENTED_EDGE('',*,*,#3477,.F.);
#3796 = ORIENTED_EDGE('',*,*,#3797,.F.);
#3797 = EDGE_CURVE('',#3710,#3478,#3798,.T.);
#3798 = SURFACE_CURVE('',#3799,(#3803,#3810),.PCURVE_S1.);
#3799 = ( BOUNDED_CURVE() B_SPLINE_CURVE(2,(#3800,#3801,#3802),
.UNSPECIFIED.,.F.,.F.) B_SPLINE_CURVE_WITH_KNOTS((3,3),(3.187269313626,
3.52196186638),.PIECEWISE_BEZIER_KNOTS.) CURVE() 
GEOMETRIC_REPRESENTATION_ITEM() RATIONAL_B_SPLINE_CURVE((1.,
0.986030259214,1.)) REPRESENTATION_ITEM('') );
#3800 = CARTESIAN_POINT('',(-2.36971245789,-13.1176736835,9.967092117918
    ));
#3801 = CARTESIAN_POINT('',(-0.153794460329,-13.51798006489,
    9.967092117918));
#3802 = CARTESIAN_POINT('',(2.070657385109,-13.16819190297,
    9.967092117918));
#3803 = PCURVE('',#3498,#3804);
#3804 = DEFINITIONAL_REPRESENTATION('',(#3805),#3809);
#3805 = B_SPLINE_CURVE_WITH_KNOTS('',2,(#3806,#3807,#3808),
  .UNSPECIFIED.,.F.,.F.,(3,3),(3.187269313626,3.52196186638),
  .PIECEWISE_BEZIER_KNOTS.);
#3806 = CARTESIAN_POINT('',(3.187269313626,0.));
#3807 = CARTESIAN_POINT('',(3.354615590003,0.));
#3808 = CARTESIAN_POINT('',(3.52196186638,0.));
#3809 = ( GEOMETRIC_REPRESENTATION_CONTEXT(2) 
PARAMETRIC_REPRESENTATION_CONTEXT() REPRESENTATION_CONTEXT('2D SPACE',''
  ) );
#3810 = PCURVE('',#3577,#3811);
#3811 = DEFINITIONAL_REPRESENTATION('',(#3812),#3816);
#3812 = ( BOUNDED_CURVE() B_SPLINE_CURVE(2,(#3813,#3814,#3815),
.UNSPECIFIED.,.F.,.F.) B_SPLINE_CURVE_WITH_KNOTS((3,3),(3.187269313626,
3.52196186638),.PIECEWISE_BEZIER_KNOTS.) CURVE() 
GEOMETRIC_REPRESENTATION_ITEM() RATIONAL_B_SPLINE_CURVE((1.,
0.986030259214,1.)) REPRESENTATION_ITEM('') );
#3813 = CARTESIAN_POINT('',(5.501278093181E-04,-2.390672202824E-03));
#3814 = CARTESIAN_POINT('',(6.529460870656E-04,-1.412353460404E-04));
#3815 = CARTESIAN_POINT('',(1.488951431662E-03,1.949609658904E-03));
#3816 = ( GEOMETRIC_REPRESENTATION_CONTEXT(2) 
PARAMETRIC_REPRESENTATION_CONTEXT() REPRESENTATION_CONTEXT('2D SPACE',''
  ) );
#3817 = ADVANCED_FACE('',(#3818),#3577,.T.);
#3818 = FACE_BOUND('',#3819,.T.);
#3819 = EDGE_LOOP('',(#3820,#3821,#3822,#3823));
#3820 = ORIENTED_EDGE('',*,*,#3565,.T.);
#3821 = ORIENTED_EDGE('',*,*,#3664,.T.);
#3822 = ORIENTED_EDGE('',*,*,#3730,.T.);
#3823 = ORIENTED_EDGE('',*,*,#3797,.T.);
#3824 = ADVANCED_FACE('',(#3825),#3526,.F.);
#3825 = FACE_BOUND('',#3826,.F.);
#3826 = EDGE_LOOP('',(#3827,#3828,#3829,#3830,#3831,#3832));
#3827 = ORIENTED_EDGE('',*,*,#3512,.T.);
#3828 = ORIENTED_EDGE('',*,*,#3592,.T.);
#3829 = ORIENTED_EDGE('',*,*,#3615,.T.);
#3830 = ORIENTED_EDGE('',*,*,#3689,.T.);
#3831 = ORIENTED_EDGE('',*,*,#3752,.T.);
#3832 = ORIENTED_EDGE('',*,*,#3775,.T.);
#3833 = ( GEOMETRIC_REPRESENTATION_CONTEXT(3) 
GLOBAL_UNCERTAINTY_ASSIGNED_CONTEXT((#3837)) 
GLOBAL_UNIT_ASSIGNED_CONTEXT((#3834,#3835,#3836)) REPRESENTATION_CONTEXT
('Context #1','3D Context with UNIT and UNCERTAINTY') );
#3834 = ( LENGTH_UNIT() NAMED_UNIT(*) SI_UNIT(.MILLI.,.METRE.) );
#3835 = ( NAMED_UNIT(*) PLANE_ANGLE_UNIT() SI_UNIT($,.RADIAN.) );
#3836 = ( NAMED_UNIT(*) SI_UNIT($,.STERADIAN.) SOLID_ANGLE_UNIT() );
#3837 = UNCERTAINTY_MEASURE_WITH_UNIT(LENGTH_MEASURE(1.E-04),#3834,
  'distance_accuracy_value','confusion accuracy');
#3838 = CONTEXT_DEPENDENT_SHAPE_REPRESENTATION(#3839,#3841);
#3839 = ( REPRESENTATION_RELATIONSHIP('','',#3470,#10) 
REPRESENTATION_RELATIONSHIP_WITH_TRANSFORMATION(#3840) 
SHAPE_REPRESENTATION_RELATIONSHIP() );
#3840 = ITEM_DEFINED_TRANSFORMATION('','',#11,#55);
#3841 = PRODUCT_DEFINITION_SHAPE('Placement','Placement of an item',
  #3842);
#3842 = NEXT_ASSEMBLY_USAGE_OCCURRENCE('53','','',#5,#3465,$);
#3843 = PRODUCT_RELATED_PRODUCT_CATEGORY('part',$,(#3467));
#3844 = SHAPE_DEFINITION_REPRESENTATION(#3845,#3851);
#3845 = PRODUCT_DEFINITION_SHAPE('','',#3846);
#3846 = PRODUCT_DEFINITION('design','',#3847,#3850);
#3847 = PRODUCT_DEFINITION_FORMATION('','',#3848);
#3848 = PRODUCT('Open CASCADE STEP translator 7.7 2.12',
  'Open CASCADE STEP translator 7.7 2.12','',(#3849));
#3849 = PRODUCT_CONTEXT('',#2,'mechanical');
#3850 = PRODUCT_DEFINITION_CONTEXT('part definition',#2,'design');
#3851 = ADVANCED_BREP_SHAPE_REPRESENTATION('',(#11,#3852),#4166);
#3852 = MANIFOLD_SOLID_BREP('',#3853);
#3853 = CLOSED_SHELL('',(#3854,#3968,#4042,#4105,#4152,#4159));
#3854 = ADVANCED_FACE('',(#3855),#3868,.T.);
#3855 = FACE_BOUND('',#3856,.T.);
#3856 = EDGE_LOOP('',(#3857,#3892,#3917,#3945));
#3857 = ORIENTED_EDGE('',*,*,#3858,.T.);
#3858 = EDGE_CURVE('',#3859,#3861,#3863,.T.);
#3859 = VERTEX_POINT('',#3860);
#3860 = CARTESIAN_POINT('',(12.377273223936,4.948940042074,
    9.967092117918));
#3861 = VERTEX_POINT('',#3862);
#3862 = CARTESIAN_POINT('',(12.377273223936,4.948940042074,
    12.203993230268));
#3863 = SURFACE_CURVE('',#3864,(#3867,#3878),.PCURVE_S1.);
#3864 = B_SPLINE_CURVE_WITH_KNOTS('',1,(#3865,#3866),.UNSPECIFIED.,.F.,
  .F.,(2,2),(0.,2.236901112349E-03),.PIECEWISE_BEZIER_KNOTS.);
#3865 = CARTESIAN_POINT('',(12.377273223936,4.948940042074,
    9.967092117918));
#3866 = CARTESIAN_POINT('',(12.377273223936,4.948940042074,
    12.203993230268));
#3867 = PCURVE('',#3868,#3873);
#3868 = B_SPLINE_SURFACE_WITH_KNOTS('',1,1,(
    (#3869,#3870)
    ,(#3871,#3872
    )),.UNSPECIFIED.,.F.,.F.,.F.,(2,2),(2,2),(0.,1.893400776149E-03),(
    -2.236901112349E-03,0.),.PIECEWISE_BEZIER_KNOTS.);
#3869 = CARTESIAN_POINT('',(12.377273223936,4.948940042074,
    12.203993230268));
#3870 = CARTESIAN_POINT('',(12.377273223936,4.948940042074,
    9.967092117918));
#3871 = CARTESIAN_POINT('',(13.758361157885,6.244147599889,
    12.203993230268));
#3872 = CARTESIAN_POINT('',(13.758361157885,6.244147599889,
    9.967092117918));
#3873 = DEFINITIONAL_REPRESENTATION('',(#3874),#3877);
#3874 = B_SPLINE_CURVE_WITH_KNOTS('',1,(#3875,#3876),.UNSPECIFIED.,.F.,
  .F.,(2,2),(0.,2.236901112349E-03),.PIECEWISE_BEZIER_KNOTS.);
#3875 = CARTESIAN_POINT('',(0.,0.));
#3876 = CARTESIAN_POINT('',(0.,-2.236901112349E-03));
#3877 = ( GEOMETRIC_REPRESENTATION_CONTEXT(2) 
PARAMETRIC_REPRESENTATION_CONTEXT() REPRESENTATION_CONTEXT('2D SPACE',''
  ) );
#3878 = PCURVE('',#3879,#3886);
#3879 = ( BOUNDED_SURFACE() B_SPLINE_SURFACE(2,1,(
    (#3880,#3881)
    ,(#3882,#3883)
    ,(#3884,#3885
)),.UNSPECIFIED.,.F.,.F.,.F.) B_SPLINE_SURFACE_WITH_KNOTS((3,3),(2,2),(
    3.187269313626,3.52196186638),(-2.236901112349E-03,0.),
.PIECEWISE_BEZIER_KNOTS.) GEOMETRIC_REPRESENTATION_ITEM() 
RATIONAL_B_SPLINE_SURFACE((
    (1.,1.)
    ,(0.986030259214,0.986030259214)
,(1.,1.))) REPRESENTATION_ITEM('') SURFACE() );
#3880 = CARTESIAN_POINT('',(13.31609684628,0.608658180346,
    12.203993230268));
#3881 = CARTESIAN_POINT('',(13.31609684628,0.608658180346,9.967092117918
    ));
#3882 = CARTESIAN_POINT('',(13.213278568532,2.858095037129,
    12.203993230268));
#3883 = CARTESIAN_POINT('',(13.213278568532,2.858095037129,
    9.967092117918));
#3884 = CARTESIAN_POINT('',(12.377273223936,4.948940042074,
    12.203993230268));
#3885 = CARTESIAN_POINT('',(12.377273223936,4.948940042074,
    9.967092117918));
#3886 = DEFINITIONAL_REPRESENTATION('',(#3887),#3891);
#3887 = B_SPLINE_CURVE_WITH_KNOTS('',2,(#3888,#3889,#3890),
  .UNSPECIFIED.,.F.,.F.,(3,3),(0.,2.236901112349E-03),
  .PIECEWISE_BEZIER_KNOTS.);
#3888 = CARTESIAN_POINT('',(3.52196186638,0.));
#3889 = CARTESIAN_POINT('',(3.52196186638,-1.118450556175E-03));
#3890 = CARTESIAN_POINT('',(3.52196186638,-2.236901112349E-03));
#3891 = ( GEOMETRIC_REPRESENTATION_CONTEXT(2) 
PARAMETRIC_REPRESENTATION_CONTEXT() REPRESENTATION_CONTEXT('2D SPACE',''
  ) );
#3892 = ORIENTED_EDGE('',*,*,#3893,.T.);
#3893 = EDGE_CURVE('',#3861,#3894,#3896,.T.);
#3894 = VERTEX_POINT('',#3895);
#3895 = CARTESIAN_POINT('',(13.758361157885,6.244147599889,
    12.203993230268));
#3896 = SURFACE_CURVE('',#3897,(#3900,#3906),.PCURVE_S1.);
#3897 = B_SPLINE_CURVE_WITH_KNOTS('',1,(#3898,#3899),.UNSPECIFIED.,.F.,
  .F.,(2,2),(0.,1.893400776149E-03),.PIECEWISE_BEZIER_KNOTS.);
#3898 = CARTESIAN_POINT('',(12.377273223936,4.948940042074,
    12.203993230268));
#3899 = CARTESIAN_POINT('',(13.758361157885,6.244147599889,
    12.203993230268));
#3900 = PCURVE('',#3868,#3901);
#3901 = DEFINITIONAL_REPRESENTATION('',(#3902),#3905);
#3902 = B_SPLINE_CURVE_WITH_KNOTS('',1,(#3903,#3904),.UNSPECIFIED.,.F.,
  .F.,(2,2),(0.,1.893400776149E-03),.PIECEWISE_BEZIER_KNOTS.);
#3903 = CARTESIAN_POINT('',(0.,-2.236901112349E-03));
#3904 = CARTESIAN_POINT('',(1.893400776149E-03,-2.236901112349E-03));
#3905 = ( GEOMETRIC_REPRESENTATION_CONTEXT(2) 
PARAMETRIC_REPRESENTATION_CONTEXT() REPRESENTATION_CONTEXT('2D SPACE',''
  ) );
#3906 = PCURVE('',#3907,#3912);
#3907 = B_SPLINE_SURFACE_WITH_KNOTS('',1,1,(
    (#3908,#3909)
    ,(#3910,#3911
    )),.UNSPECIFIED.,.F.,.F.,.F.,(2,2),(2,2),(-1.242775344402E-03,
    1.488951431662E-03),(-2.99933038317E-03,3.24481721672E-03),
  .PIECEWISE_BEZIER_KNOTS.);
#3908 = CARTESIAN_POINT('',(15.109,8.881784197001E-16,12.203993230268));
#3909 = CARTESIAN_POINT('',(15.109,6.244147599889,12.203993230268));
#3910 = CARTESIAN_POINT('',(12.377273223936,4.440892098501E-16,
    12.203993230268));
#3911 = CARTESIAN_POINT('',(12.377273223936,6.244147599889,
    12.203993230268));
#3912 = DEFINITIONAL_REPRESENTATION('',(#3913),#3916);
#3913 = B_SPLINE_CURVE_WITH_KNOTS('',1,(#3914,#3915),.UNSPECIFIED.,.F.,
  .F.,(2,2),(0.,1.893400776149E-03),.PIECEWISE_BEZIER_KNOTS.);
#3914 = CARTESIAN_POINT('',(1.488951431662E-03,1.949609658904E-03));
#3915 = CARTESIAN_POINT('',(1.078634977129E-04,3.24481721672E-03));
#3916 = ( GEOMETRIC_REPRESENTATION_CONTEXT(2) 
PARAMETRIC_REPRESENTATION_CONTEXT() REPRESENTATION_CONTEXT('2D SPACE',''
  ) );
#3917 = ORIENTED_EDGE('',*,*,#3918,.F.);
#3918 = EDGE_CURVE('',#3919,#3894,#3921,.T.);
#3919 = VERTEX_POINT('',#3920);
#3920 = CARTESIAN_POINT('',(13.758361157885,6.244147599889,
    9.967092117918));
#3921 = SURFACE_CURVE('',#3922,(#3925,#3931),.PCURVE_S1.);
#3922 = B_SPLINE_CURVE_WITH_KNOTS('',1,(#3923,#3924),.UNSPECIFIED.,.F.,
  .F.,(2,2),(0.,2.236901112349E-03),.PIECEWISE_BEZIER_KNOTS.);
#3923 = CARTESIAN_POINT('',(13.758361157885,6.244147599889,
    9.967092117918));
#3924 = CARTESIAN_POINT('',(13.758361157885,6.244147599889,
    12.203993230268));
#3925 = PCURVE('',#3868,#3926);
#3926 = DEFINITIONAL_REPRESENTATION('',(#3927),#3930);
#3927 = B_SPLINE_CURVE_WITH_KNOTS('',1,(#3928,#3929),.UNSPECIFIED.,.F.,
  .F.,(2,2),(0.,2.236901112349E-03),.PIECEWISE_BEZIER_KNOTS.);
#3928 = CARTESIAN_POINT('',(1.893400776149E-03,0.));
#3929 = CARTESIAN_POINT('',(1.893400776149E-03,-2.236901112349E-03));
#3930 = ( GEOMETRIC_REPRESENTATION_CONTEXT(2) 
PARAMETRIC_REPRESENTATION_CONTEXT() REPRESENTATION_CONTEXT('2D SPACE',''
  ) );
#3931 = PCURVE('',#3932,#3939);
#3932 = ( BOUNDED_SURFACE() B_SPLINE_SURFACE(2,1,(
    (#3933,#3934)
    ,(#3935,#3936)
    ,(#3937,#3938
)),.UNSPECIFIED.,.F.,.F.,.F.) B_SPLINE_SURFACE_WITH_KNOTS((3,3),(2,2),(
    5.857139434353,6.28318530718),(-2.236901112349E-03,0.),
.PIECEWISE_BEZIER_KNOTS.) GEOMETRIC_REPRESENTATION_ITEM() 
RATIONAL_B_SPLINE_SURFACE((
    (1.,1.)
    ,(0.977396285971,0.977396285971)
,(1.,1.))) REPRESENTATION_ITEM('') SURFACE() );
#3933 = CARTESIAN_POINT('',(13.758361157885,6.244147599889,
    12.203993230268));
#3934 = CARTESIAN_POINT('',(13.758361157885,6.244147599889,
    9.967092117918));
#3935 = CARTESIAN_POINT('',(15.109,3.268148604604,12.203993230268));
#3936 = CARTESIAN_POINT('',(15.109,3.268148604604,9.967092117918));
#3937 = CARTESIAN_POINT('',(15.109,3.552713678801E-15,12.203993230268));
#3938 = CARTESIAN_POINT('',(15.109,3.552713678801E-15,9.967092117918));
#3939 = DEFINITIONAL_REPRESENTATION('',(#3940),#3944);
#3940 = B_SPLINE_CURVE_WITH_KNOTS('',2,(#3941,#3942,#3943),
  .UNSPECIFIED.,.F.,.F.,(3,3),(0.,2.236901112349E-03),
  .PIECEWISE_BEZIER_KNOTS.);
#3941 = CARTESIAN_POINT('',(5.857139434353,0.));
#3942 = CARTESIAN_POINT('',(5.857139434353,-1.118450556175E-03));
#3943 = CARTESIAN_POINT('',(5.857139434353,-2.236901112349E-03));
#3944 = ( GEOMETRIC_REPRESENTATION_CONTEXT(2) 
PARAMETRIC_REPRESENTATION_CONTEXT() REPRESENTATION_CONTEXT('2D SPACE',''
  ) );
#3945 = ORIENTED_EDGE('',*,*,#3946,.F.);
#3946 = EDGE_CURVE('',#3859,#3919,#3947,.T.);
#3947 = SURFACE_CURVE('',#3948,(#3951,#3957),.PCURVE_S1.);
#3948 = B_SPLINE_CURVE_WITH_KNOTS('',1,(#3949,#3950),.UNSPECIFIED.,.F.,
  .F.,(2,2),(0.,1.893400776149E-03),.PIECEWISE_BEZIER_KNOTS.);
#3949 = CARTESIAN_POINT('',(12.377273223936,4.948940042074,
    9.967092117918));
#3950 = CARTESIAN_POINT('',(13.758361157885,6.244147599889,
    9.967092117918));
#3951 = PCURVE('',#3868,#3952);
#3952 = DEFINITIONAL_REPRESENTATION('',(#3953),#3956);
#3953 = B_SPLINE_CURVE_WITH_KNOTS('',1,(#3954,#3955),.UNSPECIFIED.,.F.,
  .F.,(2,2),(0.,1.893400776149E-03),.PIECEWISE_BEZIER_KNOTS.);
#3954 = CARTESIAN_POINT('',(0.,0.));
#3955 = CARTESIAN_POINT('',(1.893400776149E-03,0.));
#3956 = ( GEOMETRIC_REPRESENTATION_CONTEXT(2) 
PARAMETRIC_REPRESENTATION_CONTEXT() REPRESENTATION_CONTEXT('2D SPACE',''
  ) );
#3957 = PCURVE('',#3958,#3963);
#3958 = B_SPLINE_SURFACE_WITH_KNOTS('',1,1,(
    (#3959,#3960)
    ,(#3961,#3962
    )),.UNSPECIFIED.,.F.,.F.,.F.,(2,2),(2,2),(-1.242775344402E-03,
    1.488951431662E-03),(-2.99933038317E-03,3.24481721672E-03),
  .PIECEWISE_BEZIER_KNOTS.);
#3959 = CARTESIAN_POINT('',(15.109,8.881784197001E-16,9.967092117918));
#3960 = CARTESIAN_POINT('',(15.109,6.244147599889,9.967092117918));
#3961 = CARTESIAN_POINT('',(12.377273223936,4.440892098501E-16,
    9.967092117918));
#3962 = CARTESIAN_POINT('',(12.377273223936,6.244147599889,
    9.967092117918));
#3963 = DEFINITIONAL_REPRESENTATION('',(#3964),#3967);
#3964 = B_SPLINE_CURVE_WITH_KNOTS('',1,(#3965,#3966),.UNSPECIFIED.,.F.,
  .F.,(2,2),(0.,1.893400776149E-03),.PIECEWISE_BEZIER_KNOTS.);
#3965 = CARTESIAN_POINT('',(1.488951431662E-03,1.949609658904E-03));
#3966 = CARTESIAN_POINT('',(1.078634977129E-04,3.24481721672E-03));
#3967 = ( GEOMETRIC_REPRESENTATION_CONTEXT(2) 
PARAMETRIC_REPRESENTATION_CONTEXT() REPRESENTATION_CONTEXT('2D SPACE',''
  ) );
#3968 = ADVANCED_FACE('',(#3969),#3932,.T.);
#3969 = FACE_BOUND('',#3970,.T.);
#3970 = EDGE_LOOP('',(#3971,#3972,#3995,#4021));
#3971 = ORIENTED_EDGE('',*,*,#3918,.T.);
#3972 = ORIENTED_EDGE('',*,*,#3973,.T.);
#3973 = EDGE_CURVE('',#3894,#3974,#3976,.T.);
#3974 = VERTEX_POINT('',#3975);
#3975 = CARTESIAN_POINT('',(15.109,2.6645352591E-15,12.203993230268));
#3976 = SURFACE_CURVE('',#3977,(#3981,#3988),.PCURVE_S1.);
#3977 = ( BOUNDED_CURVE() B_SPLINE_CURVE(2,(#3978,#3979,#3980),
.UNSPECIFIED.,.F.,.F.) B_SPLINE_CURVE_WITH_KNOTS((3,3),(5.857139434353,
6.28318530718),.PIECEWISE_BEZIER_KNOTS.) CURVE() 
GEOMETRIC_REPRESENTATION_ITEM() RATIONAL_B_SPLINE_CURVE((1.,
0.977396285971,1.)) REPRESENTATION_ITEM('') );
#3978 = CARTESIAN_POINT('',(13.758361157885,6.244147599889,
    12.203993230268));
#3979 = CARTESIAN_POINT('',(15.109,3.268148604604,12.203993230268));
#3980 = CARTESIAN_POINT('',(15.109,3.552713678801E-15,12.203993230268));
#3981 = PCURVE('',#3932,#3982);
#3982 = DEFINITIONAL_REPRESENTATION('',(#3983),#3987);
#3983 = B_SPLINE_CURVE_WITH_KNOTS('',2,(#3984,#3985,#3986),
  .UNSPECIFIED.,.F.,.F.,(3,3),(5.857139434353,6.28318530718),
  .PIECEWISE_BEZIER_KNOTS.);
#3984 = CARTESIAN_POINT('',(5.857139434353,-2.236901112349E-03));
#3985 = CARTESIAN_POINT('',(6.070162370766,-2.236901112349E-03));
#3986 = CARTESIAN_POINT('',(6.28318530718,-2.236901112349E-03));
#3987 = ( GEOMETRIC_REPRESENTATION_CONTEXT(2) 
PARAMETRIC_REPRESENTATION_CONTEXT() REPRESENTATION_CONTEXT('2D SPACE',''
  ) );
#3988 = PCURVE('',#3907,#3989);
#3989 = DEFINITIONAL_REPRESENTATION('',(#3990),#3994);
#3990 = ( BOUNDED_CURVE() B_SPLINE_CURVE(2,(#3991,#3992,#3993),
.UNSPECIFIED.,.F.,.F.) B_SPLINE_CURVE_WITH_KNOTS((3,3),(5.857139434353,
6.28318530718),.PIECEWISE_BEZIER_KNOTS.) CURVE() 
GEOMETRIC_REPRESENTATION_ITEM() RATIONAL_B_SPLINE_CURVE((1.,
0.977396285971,1.)) REPRESENTATION_ITEM('') );
#3991 = CARTESIAN_POINT('',(1.078634977129E-04,3.24481721672E-03));
#3992 = CARTESIAN_POINT('',(-1.242775344402E-03,2.688182214338E-04));
#3993 = CARTESIAN_POINT('',(-1.242775344402E-03,-2.99933038317E-03));
#3994 = ( GEOMETRIC_REPRESENTATION_CONTEXT(2) 
PARAMETRIC_REPRESENTATION_CONTEXT() REPRESENTATION_CONTEXT('2D SPACE',''
  ) );
#3995 = ORIENTED_EDGE('',*,*,#3996,.F.);
#3996 = EDGE_CURVE('',#3997,#3974,#3999,.T.);
#3997 = VERTEX_POINT('',#3998);
#3998 = CARTESIAN_POINT('',(15.109,2.6645352591E-15,9.967092117918));
#3999 = SURFACE_CURVE('',#4000,(#4003,#4010),.PCURVE_S1.);
#4000 = B_SPLINE_CURVE_WITH_KNOTS('',1,(#4001,#4002),.UNSPECIFIED.,.F.,
  .F.,(2,2),(0.,2.236901112349E-03),.PIECEWISE_BEZIER_KNOTS.);
#4001 = CARTESIAN_POINT('',(15.109,8.881784197001E-16,9.967092117918));
#4002 = CARTESIAN_POINT('',(15.109,8.881784197001E-16,12.203993230268));
#4003 = PCURVE('',#3932,#4004);
#4004 = DEFINITIONAL_REPRESENTATION('',(#4005),#4009);
#4005 = B_SPLINE_CURVE_WITH_KNOTS('',2,(#4006,#4007,#4008),
  .UNSPECIFIED.,.F.,.F.,(3,3),(0.,2.236901112349E-03),
  .PIECEWISE_BEZIER_KNOTS.);
#4006 = CARTESIAN_POINT('',(6.28318530718,0.));
#4007 = CARTESIAN_POINT('',(6.28318530718,-1.118450556175E-03));
#4008 = CARTESIAN_POINT('',(6.28318530718,-2.236901112349E-03));
#4009 = ( GEOMETRIC_REPRESENTATION_CONTEXT(2) 
PARAMETRIC_REPRESENTATION_CONTEXT() REPRESENTATION_CONTEXT('2D SPACE',''
  ) );
#4010 = PCURVE('',#4011,#4016);
#4011 = B_SPLINE_SURFACE_WITH_KNOTS('',1,1,(
    (#4012,#4013)
    ,(#4014,#4015
    )),.UNSPECIFIED.,.F.,.F.,.F.,(2,2),(2,2),(0.,1.893400776149E-03),(
    -2.236901112349E-03,0.),.PIECEWISE_BEZIER_KNOTS.);
#4012 = CARTESIAN_POINT('',(15.109,8.881784197001E-16,12.203993230268));
#4013 = CARTESIAN_POINT('',(15.109,8.881784197001E-16,9.967092117918));
#4014 = CARTESIAN_POINT('',(13.31609684628,0.608658180346,
    12.203993230268));
#4015 = CARTESIAN_POINT('',(13.31609684628,0.608658180346,9.967092117918
    ));
#4016 = DEFINITIONAL_REPRESENTATION('',(#4017),#4020);
#4017 = B_SPLINE_CURVE_WITH_KNOTS('',1,(#4018,#4019),.UNSPECIFIED.,.F.,
  .F.,(2,2),(0.,2.236901112349E-03),.PIECEWISE_BEZIER_KNOTS.);
#4018 = CARTESIAN_POINT('',(0.,0.));
#4019 = CARTESIAN_POINT('',(0.,-2.236901112349E-03));
#4020 = ( GEOMETRIC_REPRESENTATION_CONTEXT(2) 
PARAMETRIC_REPRESENTATION_CONTEXT() REPRESENTATION_CONTEXT('2D SPACE',''
  ) );
#4021 = ORIENTED_EDGE('',*,*,#4022,.F.);
#4022 = EDGE_CURVE('',#3919,#3997,#4023,.T.);
#4023 = SURFACE_CURVE('',#4024,(#4028,#4035),.PCURVE_S1.);
#4024 = ( BOUNDED_CURVE() B_SPLINE_CURVE(2,(#4025,#4026,#4027),
.UNSPECIFIED.,.F.,.F.) B_SPLINE_CURVE_WITH_KNOTS((3,3),(5.857139434353,
6.28318530718),.PIECEWISE_BEZIER_KNOTS.) CURVE() 
GEOMETRIC_REPRESENTATION_ITEM() RATIONAL_B_SPLINE_CURVE((1.,
0.977396285971,1.)) REPRESENTATION_ITEM('') );
#4025 = CARTESIAN_POINT('',(13.758361157885,6.244147599889,
    9.967092117918));
#4026 = CARTESIAN_POINT('',(15.109,3.268148604604,9.967092117918));
#4027 = CARTESIAN_POINT('',(15.109,3.552713678801E-15,9.967092117918));
#4028 = PCURVE('',#3932,#4029);
#4029 = DEFINITIONAL_REPRESENTATION('',(#4030),#4034);
#4030 = B_SPLINE_CURVE_WITH_KNOTS('',2,(#4031,#4032,#4033),
  .UNSPECIFIED.,.F.,.F.,(3,3),(5.857139434353,6.28318530718),
  .PIECEWISE_BEZIER_KNOTS.);
#4031 = CARTESIAN_POINT('',(5.857139434353,0.));
#4032 = CARTESIAN_POINT('',(6.070162370766,0.));
#4033 = CARTESIAN_POINT('',(6.28318530718,0.));
#4034 = ( GEOMETRIC_REPRESENTATION_CONTEXT(2) 
PARAMETRIC_REPRESENTATION_CONTEXT() REPRESENTATION_CONTEXT('2D SPACE',''
  ) );
#4035 = PCURVE('',#3958,#4036);
#4036 = DEFINITIONAL_REPRESENTATION('',(#4037),#4041);
#4037 = ( BOUNDED_CURVE() B_SPLINE_CURVE(2,(#4038,#4039,#4040),
.UNSPECIFIED.,.F.,.F.) B_SPLINE_CURVE_WITH_KNOTS((3,3),(5.857139434353,
6.28318530718),.PIECEWISE_BEZIER_KNOTS.) CURVE() 
GEOMETRIC_REPRESENTATION_ITEM() RATIONAL_B_SPLINE_CURVE((1.,
0.977396285971,1.)) REPRESENTATION_ITEM('') );
#4038 = CARTESIAN_POINT('',(1.078634977129E-04,3.24481721672E-03));
#4039 = CARTESIAN_POINT('',(-1.242775344402E-03,2.688182214338E-04));
#4040 = CARTESIAN_POINT('',(-1.242775344402E-03,-2.99933038317E-03));
#4041 = ( GEOMETRIC_REPRESENTATION_CONTEXT(2) 
PARAMETRIC_REPRESENTATION_CONTEXT() REPRESENTATION_CONTEXT('2D SPACE',''
  ) );
#4042 = ADVANCED_FACE('',(#4043),#4011,.T.);
#4043 = FACE_BOUND('',#4044,.T.);
#4044 = EDGE_LOOP('',(#4045,#4046,#4066,#4087));
#4045 = ORIENTED_EDGE('',*,*,#3996,.T.);
#4046 = ORIENTED_EDGE('',*,*,#4047,.T.);
#4047 = EDGE_CURVE('',#3974,#4048,#4050,.T.);
#4048 = VERTEX_POINT('',#4049);
#4049 = CARTESIAN_POINT('',(13.31609684628,0.608658180346,
    12.203993230268));
#4050 = SURFACE_CURVE('',#4051,(#4054,#4060),.PCURVE_S1.);
#4051 = B_SPLINE_CURVE_WITH_KNOTS('',1,(#4052,#4053),.UNSPECIFIED.,.F.,
  .F.,(2,2),(0.,1.893400776149E-03),.PIECEWISE_BEZIER_KNOTS.);
#4052 = CARTESIAN_POINT('',(15.109,8.881784197001E-16,12.203993230268));
#4053 = CARTESIAN_POINT('',(13.31609684628,0.608658180346,
    12.203993230268));
#4054 = PCURVE('',#4011,#4055);
#4055 = DEFINITIONAL_REPRESENTATION('',(#4056),#4059);
#4056 = B_SPLINE_CURVE_WITH_KNOTS('',1,(#4057,#4058),.UNSPECIFIED.,.F.,
  .F.,(2,2),(0.,1.893400776149E-03),.PIECEWISE_BEZIER_KNOTS.);
#4057 = CARTESIAN_POINT('',(0.,-2.236901112349E-03));
#4058 = CARTESIAN_POINT('',(1.893400776149E-03,-2.236901112349E-03));
#4059 = ( GEOMETRIC_REPRESENTATION_CONTEXT(2) 
PARAMETRIC_REPRESENTATION_CONTEXT() REPRESENTATION_CONTEXT('2D SPACE',''
  ) );
#4060 = PCURVE('',#3907,#4061);
#4061 = DEFINITIONAL_REPRESENTATION('',(#4062),#4065);
#4062 = B_SPLINE_CURVE_WITH_KNOTS('',1,(#4063,#4064),.UNSPECIFIED.,.F.,
  .F.,(2,2),(0.,1.893400776149E-03),.PIECEWISE_BEZIER_KNOTS.);
#4063 = CARTESIAN_POINT('',(-1.242775344402E-03,-2.99933038317E-03));
#4064 = CARTESIAN_POINT('',(5.501278093181E-04,-2.390672202824E-03));
#4065 = ( GEOMETRIC_REPRESENTATION_CONTEXT(2) 
PARAMETRIC_REPRESENTATION_CONTEXT() REPRESENTATION_CONTEXT('2D SPACE',''
  ) );
#4066 = ORIENTED_EDGE('',*,*,#4067,.F.);
#4067 = EDGE_CURVE('',#4068,#4048,#4070,.T.);
#4068 = VERTEX_POINT('',#4069);
#4069 = CARTESIAN_POINT('',(13.31609684628,0.608658180346,9.967092117918
    ));
#4070 = SURFACE_CURVE('',#4071,(#4074,#4080),.PCURVE_S1.);
#4071 = B_SPLINE_CURVE_WITH_KNOTS('',1,(#4072,#4073),.UNSPECIFIED.,.F.,
  .F.,(2,2),(0.,2.236901112349E-03),.PIECEWISE_BEZIER_KNOTS.);
#4072 = CARTESIAN_POINT('',(13.31609684628,0.608658180346,9.967092117918
    ));
#4073 = CARTESIAN_POINT('',(13.31609684628,0.608658180346,
    12.203993230268));
#4074 = PCURVE('',#4011,#4075);
#4075 = DEFINITIONAL_REPRESENTATION('',(#4076),#4079);
#4076 = B_SPLINE_CURVE_WITH_KNOTS('',1,(#4077,#4078),.UNSPECIFIED.,.F.,
  .F.,(2,2),(0.,2.236901112349E-03),.PIECEWISE_BEZIER_KNOTS.);
#4077 = CARTESIAN_POINT('',(1.893400776149E-03,0.));
#4078 = CARTESIAN_POINT('',(1.893400776149E-03,-2.236901112349E-03));
#4079 = ( GEOMETRIC_REPRESENTATION_CONTEXT(2) 
PARAMETRIC_REPRESENTATION_CONTEXT() REPRESENTATION_CONTEXT('2D SPACE',''
  ) );
#4080 = PCURVE('',#3879,#4081);
#4081 = DEFINITIONAL_REPRESENTATION('',(#4082),#4086);
#4082 = B_SPLINE_CURVE_WITH_KNOTS('',2,(#4083,#4084,#4085),
  .UNSPECIFIED.,.F.,.F.,(3,3),(0.,2.236901112349E-03),
  .PIECEWISE_BEZIER_KNOTS.);
#4083 = CARTESIAN_POINT('',(3.187269313626,0.));
#4084 = CARTESIAN_POINT('',(3.187269313626,-1.118450556175E-03));
#4085 = CARTESIAN_POINT('',(3.187269313626,-2.236901112349E-03));
#4086 = ( GEOMETRIC_REPRESENTATION_CONTEXT(2) 
PARAMETRIC_REPRESENTATION_CONTEXT() REPRESENTATION_CONTEXT('2D SPACE',''
  ) );
#4087 = ORIENTED_EDGE('',*,*,#4088,.F.);
#4088 = EDGE_CURVE('',#3997,#4068,#4089,.T.);
#4089 = SURFACE_CURVE('',#4090,(#4093,#4099),.PCURVE_S1.);
#4090 = B_SPLINE_CURVE_WITH_KNOTS('',1,(#4091,#4092),.UNSPECIFIED.,.F.,
  .F.,(2,2),(0.,1.893400776149E-03),.PIECEWISE_BEZIER_KNOTS.);
#4091 = CARTESIAN_POINT('',(15.109,8.881784197001E-16,9.967092117918));
#4092 = CARTESIAN_POINT('',(13.31609684628,0.608658180346,9.967092117918
    ));
#4093 = PCURVE('',#4011,#4094);
#4094 = DEFINITIONAL_REPRESENTATION('',(#4095),#4098);
#4095 = B_SPLINE_CURVE_WITH_KNOTS('',1,(#4096,#4097),.UNSPECIFIED.,.F.,
  .F.,(2,2),(0.,1.893400776149E-03),.PIECEWISE_BEZIER_KNOTS.);
#4096 = CARTESIAN_POINT('',(0.,0.));
#4097 = CARTESIAN_POINT('',(1.893400776149E-03,0.));
#4098 = ( GEOMETRIC_REPRESENTATION_CONTEXT(2) 
PARAMETRIC_REPRESENTATION_CONTEXT() REPRESENTATION_CONTEXT('2D SPACE',''
  ) );
#4099 = PCURVE('',#3958,#4100);
#4100 = DEFINITIONAL_REPRESENTATION('',(#4101),#4104);
#4101 = B_SPLINE_CURVE_WITH_KNOTS('',1,(#4102,#4103),.UNSPECIFIED.,.F.,
  .F.,(2,2),(0.,1.893400776149E-03),.PIECEWISE_BEZIER_KNOTS.);
#4102 = CARTESIAN_POINT('',(-1.242775344402E-03,-2.99933038317E-03));
#4103 = CARTESIAN_POINT('',(5.501278093181E-04,-2.390672202824E-03));
#4104 = ( GEOMETRIC_REPRESENTATION_CONTEXT(2) 
PARAMETRIC_REPRESENTATION_CONTEXT() REPRESENTATION_CONTEXT('2D SPACE',''
  ) );
#4105 = ADVANCED_FACE('',(#4106),#3879,.T.);
#4106 = FACE_BOUND('',#4107,.T.);
#4107 = EDGE_LOOP('',(#4108,#4109,#4130,#4131));
#4108 = ORIENTED_EDGE('',*,*,#4067,.T.);
#4109 = ORIENTED_EDGE('',*,*,#4110,.T.);
#4110 = EDGE_CURVE('',#4048,#3861,#4111,.T.);
#4111 = SURFACE_CURVE('',#4112,(#4116,#4123),.PCURVE_S1.);
#4112 = ( BOUNDED_CURVE() B_SPLINE_CURVE(2,(#4113,#4114,#4115),
.UNSPECIFIED.,.F.,.F.) B_SPLINE_CURVE_WITH_KNOTS((3,3),(3.187269313626,
3.52196186638),.PIECEWISE_BEZIER_KNOTS.) CURVE() 
GEOMETRIC_REPRESENTATION_ITEM() RATIONAL_B_SPLINE_CURVE((1.,
0.986030259214,1.)) REPRESENTATION_ITEM('') );
#4113 = CARTESIAN_POINT('',(13.31609684628,0.608658180346,
    12.203993230268));
#4114 = CARTESIAN_POINT('',(13.213278568532,2.858095037129,
    12.203993230268));
#4115 = CARTESIAN_POINT('',(12.377273223936,4.948940042074,
    12.203993230268));
#4116 = PCURVE('',#3879,#4117);
#4117 = DEFINITIONAL_REPRESENTATION('',(#4118),#4122);
#4118 = B_SPLINE_CURVE_WITH_KNOTS('',2,(#4119,#4120,#4121),
  .UNSPECIFIED.,.F.,.F.,(3,3),(3.187269313626,3.52196186638),
  .PIECEWISE_BEZIER_KNOTS.);
#4119 = CARTESIAN_POINT('',(3.187269313626,-2.236901112349E-03));
#4120 = CARTESIAN_POINT('',(3.354615590003,-2.236901112349E-03));
#4121 = CARTESIAN_POINT('',(3.52196186638,-2.236901112349E-03));
#4122 = ( GEOMETRIC_REPRESENTATION_CONTEXT(2) 
PARAMETRIC_REPRESENTATION_CONTEXT() REPRESENTATION_CONTEXT('2D SPACE',''
  ) );
#4123 = PCURVE('',#3907,#4124);
#4124 = DEFINITIONAL_REPRESENTATION('',(#4125),#4129);
#4125 = ( BOUNDED_CURVE() B_SPLINE_CURVE(2,(#4126,#4127,#4128),
.UNSPECIFIED.,.F.,.F.) B_SPLINE_CURVE_WITH_KNOTS((3,3),(3.187269313626,
3.52196186638),.PIECEWISE_BEZIER_KNOTS.) CURVE() 
GEOMETRIC_REPRESENTATION_ITEM() RATIONAL_B_SPLINE_CURVE((1.,
0.986030259214,1.)) REPRESENTATION_ITEM('') );
#4126 = CARTESIAN_POINT('',(5.501278093181E-04,-2.390672202824E-03));
#4127 = CARTESIAN_POINT('',(6.529460870656E-04,-1.412353460404E-04));
#4128 = CARTESIAN_POINT('',(1.488951431662E-03,1.949609658904E-03));
#4129 = ( GEOMETRIC_REPRESENTATION_CONTEXT(2) 
PARAMETRIC_REPRESENTATION_CONTEXT() REPRESENTATION_CONTEXT('2D SPACE',''
  ) );
#4130 = ORIENTED_EDGE('',*,*,#3858,.F.);
#4131 = ORIENTED_EDGE('',*,*,#4132,.F.);
#4132 = EDGE_CURVE('',#4068,#3859,#4133,.T.);
#4133 = SURFACE_CURVE('',#4134,(#4138,#4145),.PCURVE_S1.);
#4134 = ( BOUNDED_CURVE() B_SPLINE_CURVE(2,(#4135,#4136,#4137),
.UNSPECIFIED.,.F.,.F.) B_SPLINE_CURVE_WITH_KNOTS((3,3),(3.187269313626,
3.52196186638),.PIECEWISE_BEZIER_KNOTS.) CURVE() 
GEOMETRIC_REPRESENTATION_ITEM() RATIONAL_B_SPLINE_CURVE((1.,
0.986030259214,1.)) REPRESENTATION_ITEM('') );
#4135 = CARTESIAN_POINT('',(13.31609684628,0.608658180346,9.967092117918
    ));
#4136 = CARTESIAN_POINT('',(13.213278568532,2.858095037129,
    9.967092117918));
#4137 = CARTESIAN_POINT('',(12.377273223936,4.948940042074,
    9.967092117918));
#4138 = PCURVE('',#3879,#4139);
#4139 = DEFINITIONAL_REPRESENTATION('',(#4140),#4144);
#4140 = B_SPLINE_CURVE_WITH_KNOTS('',2,(#4141,#4142,#4143),
  .UNSPECIFIED.,.F.,.F.,(3,3),(3.187269313626,3.52196186638),
  .PIECEWISE_BEZIER_KNOTS.);
#4141 = CARTESIAN_POINT('',(3.187269313626,0.));
#4142 = CARTESIAN_POINT('',(3.354615590003,0.));
#4143 = CARTESIAN_POINT('',(3.52196186638,0.));
#4144 = ( GEOMETRIC_REPRESENTATION_CONTEXT(2) 
PARAMETRIC_REPRESENTATION_CONTEXT() REPRESENTATION_CONTEXT('2D SPACE',''
  ) );
#4145 = PCURVE('',#3958,#4146);
#4146 = DEFINITIONAL_REPRESENTATION('',(#4147),#4151);
#4147 = ( BOUNDED_CURVE() B_SPLINE_CURVE(2,(#4148,#4149,#4150),
.UNSPECIFIED.,.F.,.F.) B_SPLINE_CURVE_WITH_KNOTS((3,3),(3.187269313626,
3.52196186638),.PIECEWISE_BEZIER_KNOTS.) CURVE() 
GEOMETRIC_REPRESENTATION_ITEM() RATIONAL_B_SPLINE_CURVE((1.,
0.986030259214,1.)) REPRESENTATION_ITEM('') );
#4148 = CARTESIAN_POINT('',(5.501278093181E-04,-2.390672202824E-03));
#4149 = CARTESIAN_POINT('',(6.529460870656E-04,-1.412353460404E-04));
#4150 = CARTESIAN_POINT('',(1.488951431662E-03,1.949609658904E-03));
#4151 = ( GEOMETRIC_REPRESENTATION_CONTEXT(2) 
PARAMETRIC_REPRESENTATION_CONTEXT() REPRESENTATION_CONTEXT('2D SPACE',''
  ) );
#4152 = ADVANCED_FACE('',(#4153),#3958,.T.);
#4153 = FACE_BOUND('',#4154,.T.);
#4154 = EDGE_LOOP('',(#4155,#4156,#4157,#4158));
#4155 = ORIENTED_EDGE('',*,*,#3946,.T.);
#4156 = ORIENTED_EDGE('',*,*,#4022,.T.);
#4157 = ORIENTED_EDGE('',*,*,#4088,.T.);
#4158 = ORIENTED_EDGE('',*,*,#4132,.T.);
#4159 = ADVANCED_FACE('',(#4160),#3907,.F.);
#4160 = FACE_BOUND('',#4161,.F.);
#4161 = EDGE_LOOP('',(#4162,#4163,#4164,#4165));
#4162 = ORIENTED_EDGE('',*,*,#3893,.T.);
#4163 = ORIENTED_EDGE('',*,*,#3973,.T.);
#4164 = ORIENTED_EDGE('',*,*,#4047,.T.);
#4165 = ORIENTED_EDGE('',*,*,#4110,.T.);
#4166 = ( GEOMETRIC_REPRESENTATION_CONTEXT(3) 
GLOBAL_UNCERTAINTY_ASSIGNED_CONTEXT((#4170)) 
GLOBAL_UNIT_ASSIGNED_CONTEXT((#4167,#4168,#4169)) REPRESENTATION_CONTEXT
('Context #1','3D Context with UNIT and UNCERTAINTY') );
#4167 = ( LENGTH_UNIT() NAMED_UNIT(*) SI_UNIT(.MILLI.,.METRE.) );
#4168 = ( NAMED_UNIT(*) PLANE_ANGLE_UNIT() SI_UNIT($,.RADIAN.) );
#4169 = ( NAMED_UNIT(*) SI_UNIT($,.STERADIAN.) SOLID_ANGLE_UNIT() );
#4170 = UNCERTAINTY_MEASURE_WITH_UNIT(LENGTH_MEASURE(1.E-04),#4167,
  'distance_accuracy_value','confusion accuracy');
#4171 = CONTEXT_DEPENDENT_SHAPE_REPRESENTATION(#4172,#4174);
#4172 = ( REPRESENTATION_RELATIONSHIP('','',#3851,#10) 
REPRESENTATION_RELATIONSHIP_WITH_TRANSFORMATION(#4173) 
SHAPE_REPRESENTATION_RELATIONSHIP() );
#4173 = ITEM_DEFINED_TRANSFORMATION('','',#11,#59);
#4174 = PRODUCT_DEFINITION_SHAPE('Placement','Placement of an item',
  #4175);
#4175 = NEXT_ASSEMBLY_USAGE_OCCURRENCE('54','','',#5,#3846,$);
#4176 = PRODUCT_RELATED_PRODUCT_CATEGORY('part',$,(#3848));
#4177 = SHAPE_DEFINITION_REPRESENTATION(#4178,#4184);
#4178 = PRODUCT_DEFINITION_SHAPE('','',#4179);
#4179 = PRODUCT_DEFINITION('design','',#4180,#4183);
#4180 = PRODUCT_DEFINITION_FORMATION('','',#4181);
#4181 = PRODUCT('Open CASCADE STEP translator 7.7 2.13',
  'Open CASCADE STEP translator 7.7 2.13','',(#4182));
#4182 = PRODUCT_CONTEXT('',#2,'mechanical');
#4183 = PRODUCT_DEFINITION_CONTEXT('part definition',#2,'design');
#4184 = ADVANCED_BREP_SHAPE_REPRESENTATION('',(#11,#4185),#4499);
#4185 = MANIFOLD_SOLID_BREP('',#4186);
#4186 = CLOSED_SHELL('',(#4187,#4301,#4375,#4438,#4485,#4492));
#4187 = ADVANCED_FACE('',(#4188),#4201,.T.);
#4188 = FACE_BOUND('',#4189,.T.);
#4189 = EDGE_LOOP('',(#4190,#4225,#4250,#4278));
#4190 = ORIENTED_EDGE('',*,*,#4191,.T.);
#4191 = EDGE_CURVE('',#4192,#4194,#4196,.T.);
#4192 = VERTEX_POINT('',#4193);
#4193 = CARTESIAN_POINT('',(12.377273223936,4.948940042074,
    9.967092117918));
#4194 = VERTEX_POINT('',#4195);
#4195 = CARTESIAN_POINT('',(12.377273223936,4.948940042074,
    12.203993230268));
#4196 = SURFACE_CURVE('',#4197,(#4200,#4211),.PCURVE_S1.);
#4197 = B_SPLINE_CURVE_WITH_KNOTS('',1,(#4198,#4199),.UNSPECIFIED.,.F.,
  .F.,(2,2),(0.,2.236901112349E-03),.PIECEWISE_BEZIER_KNOTS.);
#4198 = CARTESIAN_POINT('',(12.377273223936,4.948940042074,
    9.967092117918));
#4199 = CARTESIAN_POINT('',(12.377273223936,4.948940042074,
    12.203993230268));
#4200 = PCURVE('',#4201,#4206);
#4201 = B_SPLINE_SURFACE_WITH_KNOTS('',1,1,(
    (#4202,#4203)
    ,(#4204,#4205
    )),.UNSPECIFIED.,.F.,.F.,.F.,(2,2),(2,2),(0.,1.893400776149E-03),(
    -2.236901112349E-03,0.),.PIECEWISE_BEZIER_KNOTS.);
#4202 = CARTESIAN_POINT('',(12.377273223936,4.948940042074,
    12.203993230268));
#4203 = CARTESIAN_POINT('',(12.377273223936,4.948940042074,
    9.967092117918));
#4204 = CARTESIAN_POINT('',(13.758361157885,6.244147599889,
    12.203993230268));
#4205 = CARTESIAN_POINT('',(13.758361157885,6.244147599889,
    9.967092117918));
#4206 = DEFINITIONAL_REPRESENTATION('',(#4207),#4210);
#4207 = B_SPLINE_CURVE_WITH_KNOTS('',1,(#4208,#4209),.UNSPECIFIED.,.F.,
  .F.,(2,2),(0.,2.236901112349E-03),.PIECEWISE_BEZIER_KNOTS.);
#4208 = CARTESIAN_POINT('',(0.,0.));
#4209 = CARTESIAN_POINT('',(0.,-2.236901112349E-03));
#4210 = ( GEOMETRIC_REPRESENTATION_CONTEXT(2) 
PARAMETRIC_REPRESENTATION_CONTEXT() REPRESENTATION_CONTEXT('2D SPACE',''
  ) );
#4211 = PCURVE('',#4212,#4219);
#4212 = ( BOUNDED_SURFACE() B_SPLINE_SURFACE(2,1,(
    (#4213,#4214)
    ,(#4215,#4216)
    ,(#4217,#4218
)),.UNSPECIFIED.,.F.,.F.,.F.) B_SPLINE_SURFACE_WITH_KNOTS((3,3),(2,2),(
    3.187269313626,3.52196186638),(-2.236901112349E-03,0.),
.PIECEWISE_BEZIER_KNOTS.) GEOMETRIC_REPRESENTATION_ITEM() 
RATIONAL_B_SPLINE_SURFACE((
    (1.,1.)
    ,(0.986030259214,0.986030259214)
,(1.,1.))) REPRESENTATION_ITEM('') SURFACE() );
#4213 = CARTESIAN_POINT('',(13.31609684628,0.608658180346,
    12.203993230268));
#4214 = CARTESIAN_POINT('',(13.31609684628,0.608658180346,9.967092117918
    ));
#4215 = CARTESIAN_POINT('',(13.213278568532,2.858095037129,
    12.203993230268));
#4216 = CARTESIAN_POINT('',(13.213278568532,2.858095037129,
    9.967092117918));
#4217 = CARTESIAN_POINT('',(12.377273223936,4.948940042074,
    12.203993230268));
#4218 = CARTESIAN_POINT('',(12.377273223936,4.948940042074,
    9.967092117918));
#4219 = DEFINITIONAL_REPRESENTATION('',(#4220),#4224);
#4220 = B_SPLINE_CURVE_WITH_KNOTS('',2,(#4221,#4222,#4223),
  .UNSPECIFIED.,.F.,.F.,(3,3),(0.,2.236901112349E-03),
  .PIECEWISE_BEZIER_KNOTS.);
#4221 = CARTESIAN_POINT('',(3.52196186638,0.));
#4222 = CARTESIAN_POINT('',(3.52196186638,-1.118450556175E-03));
#4223 = CARTESIAN_POINT('',(3.52196186638,-2.236901112349E-03));
#4224 = ( GEOMETRIC_REPRESENTATION_CONTEXT(2) 
PARAMETRIC_REPRESENTATION_CONTEXT() REPRESENTATION_CONTEXT('2D SPACE',''
  ) );
#4225 = ORIENTED_EDGE('',*,*,#4226,.T.);
#4226 = EDGE_CURVE('',#4194,#4227,#4229,.T.);
#4227 = VERTEX_POINT('',#4228);
#4228 = CARTESIAN_POINT('',(13.758361157885,6.244147599889,
    12.203993230268));
#4229 = SURFACE_CURVE('',#4230,(#4233,#4239),.PCURVE_S1.);
#4230 = B_SPLINE_CURVE_WITH_KNOTS('',1,(#4231,#4232),.UNSPECIFIED.,.F.,
  .F.,(2,2),(0.,1.893400776149E-03),.PIECEWISE_BEZIER_KNOTS.);
#4231 = CARTESIAN_POINT('',(12.377273223936,4.948940042074,
    12.203993230268));
#4232 = CARTESIAN_POINT('',(13.758361157885,6.244147599889,
    12.203993230268));
#4233 = PCURVE('',#4201,#4234);
#4234 = DEFINITIONAL_REPRESENTATION('',(#4235),#4238);
#4235 = B_SPLINE_CURVE_WITH_KNOTS('',1,(#4236,#4237),.UNSPECIFIED.,.F.,
  .F.,(2,2),(0.,1.893400776149E-03),.PIECEWISE_BEZIER_KNOTS.);
#4236 = CARTESIAN_POINT('',(0.,-2.236901112349E-03));
#4237 = CARTESIAN_POINT('',(1.893400776149E-03,-2.236901112349E-03));
#4238 = ( GEOMETRIC_REPRESENTATION_CONTEXT(2) 
PARAMETRIC_REPRESENTATION_CONTEXT() REPRESENTATION_CONTEXT('2D SPACE',''
  ) );
#4239 = PCURVE('',#4240,#4245);
#4240 = B_SPLINE_SURFACE_WITH_KNOTS('',1,1,(
    (#4241,#4242)
    ,(#4243,#4244
    )),.UNSPECIFIED.,.F.,.F.,.F.,(2,2),(2,2),(-1.242775344402E-03,
    1.488951431662E-03),(-2.99933038317E-03,3.24481721672E-03),
  .PIECEWISE_BEZIER_KNOTS.);
#4241 = CARTESIAN_POINT('',(15.109,8.881784197001E-16,12.203993230268));
#4242 = CARTESIAN_POINT('',(15.109,6.244147599889,12.203993230268));
#4243 = CARTESIAN_POINT('',(12.377273223936,0.,12.203993230268));
#4244 = CARTESIAN_POINT('',(12.377273223936,6.244147599889,
    12.203993230268));
#4245 = DEFINITIONAL_REPRESENTATION('',(#4246),#4249);
#4246 = B_SPLINE_CURVE_WITH_KNOTS('',1,(#4247,#4248),.UNSPECIFIED.,.F.,
  .F.,(2,2),(0.,1.893400776149E-03),.PIECEWISE_BEZIER_KNOTS.);
#4247 = CARTESIAN_POINT('',(1.488951431662E-03,1.949609658904E-03));
#4248 = CARTESIAN_POINT('',(1.078634977129E-04,3.24481721672E-03));
#4249 = ( GEOMETRIC_REPRESENTATION_CONTEXT(2) 
PARAMETRIC_REPRESENTATION_CONTEXT() REPRESENTATION_CONTEXT('2D SPACE',''
  ) );
#4250 = ORIENTED_EDGE('',*,*,#4251,.F.);
#4251 = EDGE_CURVE('',#4252,#4227,#4254,.T.);
#4252 = VERTEX_POINT('',#4253);
#4253 = CARTESIAN_POINT('',(13.758361157885,6.244147599889,
    9.967092117918));
#4254 = SURFACE_CURVE('',#4255,(#4258,#4264),.PCURVE_S1.);
#4255 = B_SPLINE_CURVE_WITH_KNOTS('',1,(#4256,#4257),.UNSPECIFIED.,.F.,
  .F.,(2,2),(0.,2.236901112349E-03),.PIECEWISE_BEZIER_KNOTS.);
#4256 = CARTESIAN_POINT('',(13.758361157885,6.244147599889,
    9.967092117918));
#4257 = CARTESIAN_POINT('',(13.758361157885,6.244147599889,
    12.203993230268));
#4258 = PCURVE('',#4201,#4259);
#4259 = DEFINITIONAL_REPRESENTATION('',(#4260),#4263);
#4260 = B_SPLINE_CURVE_WITH_KNOTS('',1,(#4261,#4262),.UNSPECIFIED.,.F.,
  .F.,(2,2),(0.,2.236901112349E-03),.PIECEWISE_BEZIER_KNOTS.);
#4261 = CARTESIAN_POINT('',(1.893400776149E-03,0.));
#4262 = CARTESIAN_POINT('',(1.893400776149E-03,-2.236901112349E-03));
#4263 = ( GEOMETRIC_REPRESENTATION_CONTEXT(2) 
PARAMETRIC_REPRESENTATION_CONTEXT() REPRESENTATION_CONTEXT('2D SPACE',''
  ) );
#4264 = PCURVE('',#4265,#4272);
#4265 = ( BOUNDED_SURFACE() B_SPLINE_SURFACE(2,1,(
    (#4266,#4267)
    ,(#4268,#4269)
    ,(#4270,#4271
)),.UNSPECIFIED.,.F.,.F.,.F.) B_SPLINE_SURFACE_WITH_KNOTS((3,3),(2,2),(
    5.857139434353,6.28318530718),(-2.236901112349E-03,0.),
.PIECEWISE_BEZIER_KNOTS.) GEOMETRIC_REPRESENTATION_ITEM() 
RATIONAL_B_SPLINE_SURFACE((
    (1.,1.)
    ,(0.977396285971,0.977396285971)
,(1.,1.))) REPRESENTATION_ITEM('') SURFACE() );
#4266 = CARTESIAN_POINT('',(13.758361157885,6.244147599889,
    12.203993230268));
#4267 = CARTESIAN_POINT('',(13.758361157885,6.244147599889,
    9.967092117918));
#4268 = CARTESIAN_POINT('',(15.109,3.268148604604,12.203993230268));
#4269 = CARTESIAN_POINT('',(15.109,3.268148604604,9.967092117918));
#4270 = CARTESIAN_POINT('',(15.109,3.552713678801E-15,12.203993230268));
#4271 = CARTESIAN_POINT('',(15.109,3.552713678801E-15,9.967092117918));
#4272 = DEFINITIONAL_REPRESENTATION('',(#4273),#4277);
#4273 = B_SPLINE_CURVE_WITH_KNOTS('',2,(#4274,#4275,#4276),
  .UNSPECIFIED.,.F.,.F.,(3,3),(0.,2.236901112349E-03),
  .PIECEWISE_BEZIER_KNOTS.);
#4274 = CARTESIAN_POINT('',(5.857139434353,0.));
#4275 = CARTESIAN_POINT('',(5.857139434353,-1.118450556175E-03));
#4276 = CARTESIAN_POINT('',(5.857139434353,-2.236901112349E-03));
#4277 = ( GEOMETRIC_REPRESENTATION_CONTEXT(2) 
PARAMETRIC_REPRESENTATION_CONTEXT() REPRESENTATION_CONTEXT('2D SPACE',''
  ) );
#4278 = ORIENTED_EDGE('',*,*,#4279,.F.);
#4279 = EDGE_CURVE('',#4192,#4252,#4280,.T.);
#4280 = SURFACE_CURVE('',#4281,(#4284,#4290),.PCURVE_S1.);
#4281 = B_SPLINE_CURVE_WITH_KNOTS('',1,(#4282,#4283),.UNSPECIFIED.,.F.,
  .F.,(2,2),(0.,1.893400776149E-03),.PIECEWISE_BEZIER_KNOTS.);
#4282 = CARTESIAN_POINT('',(12.377273223936,4.948940042074,
    9.967092117918));
#4283 = CARTESIAN_POINT('',(13.758361157885,6.244147599889,
    9.967092117918));
#4284 = PCURVE('',#4201,#4285);
#4285 = DEFINITIONAL_REPRESENTATION('',(#4286),#4289);
#4286 = B_SPLINE_CURVE_WITH_KNOTS('',1,(#4287,#4288),.UNSPECIFIED.,.F.,
  .F.,(2,2),(0.,1.893400776149E-03),.PIECEWISE_BEZIER_KNOTS.);
#4287 = CARTESIAN_POINT('',(0.,0.));
#4288 = CARTESIAN_POINT('',(1.893400776149E-03,0.));
#4289 = ( GEOMETRIC_REPRESENTATION_CONTEXT(2) 
PARAMETRIC_REPRESENTATION_CONTEXT() REPRESENTATION_CONTEXT('2D SPACE',''
  ) );
#4290 = PCURVE('',#4291,#4296);
#4291 = B_SPLINE_SURFACE_WITH_KNOTS('',1,1,(
    (#4292,#4293)
    ,(#4294,#4295
    )),.UNSPECIFIED.,.F.,.F.,.F.,(2,2),(2,2),(-1.242775344402E-03,
    1.488951431662E-03),(-2.99933038317E-03,3.24481721672E-03),
  .PIECEWISE_BEZIER_KNOTS.);
#4292 = CARTESIAN_POINT('',(15.109,8.881784197001E-16,9.967092117918));
#4293 = CARTESIAN_POINT('',(15.109,6.244147599889,9.967092117918));
#4294 = CARTESIAN_POINT('',(12.377273223936,0.,9.967092117918));
#4295 = CARTESIAN_POINT('',(12.377273223936,6.244147599889,
    9.967092117918));
#4296 = DEFINITIONAL_REPRESENTATION('',(#4297),#4300);
#4297 = B_SPLINE_CURVE_WITH_KNOTS('',1,(#4298,#4299),.UNSPECIFIED.,.F.,
  .F.,(2,2),(0.,1.893400776149E-03),.PIECEWISE_BEZIER_KNOTS.);
#4298 = CARTESIAN_POINT('',(1.488951431662E-03,1.949609658904E-03));
#4299 = CARTESIAN_POINT('',(1.078634977129E-04,3.24481721672E-03));
#4300 = ( GEOMETRIC_REPRESENTATION_CONTEXT(2) 
PARAMETRIC_REPRESENTATION_CONTEXT() REPRESENTATION_CONTEXT('2D SPACE',''
  ) );
#4301 = ADVANCED_FACE('',(#4302),#4265,.T.);
#4302 = FACE_BOUND('',#4303,.T.);
#4303 = EDGE_LOOP('',(#4304,#4305,#4328,#4354));
#4304 = ORIENTED_EDGE('',*,*,#4251,.T.);
#4305 = ORIENTED_EDGE('',*,*,#4306,.T.);
#4306 = EDGE_CURVE('',#4227,#4307,#4309,.T.);
#4307 = VERTEX_POINT('',#4308);
#4308 = CARTESIAN_POINT('',(15.109,2.6645352591E-15,12.203993230268));
#4309 = SURFACE_CURVE('',#4310,(#4314,#4321),.PCURVE_S1.);
#4310 = ( BOUNDED_CURVE() B_SPLINE_CURVE(2,(#4311,#4312,#4313),
.UNSPECIFIED.,.F.,.F.) B_SPLINE_CURVE_WITH_KNOTS((3,3),(5.857139434353,
6.28318530718),.PIECEWISE_BEZIER_KNOTS.) CURVE() 
GEOMETRIC_REPRESENTATION_ITEM() RATIONAL_B_SPLINE_CURVE((1.,
0.977396285971,1.)) REPRESENTATION_ITEM('') );
#4311 = CARTESIAN_POINT('',(13.758361157885,6.244147599889,
    12.203993230268));
#4312 = CARTESIAN_POINT('',(15.109,3.268148604604,12.203993230268));
#4313 = CARTESIAN_POINT('',(15.109,3.552713678801E-15,12.203993230268));
#4314 = PCURVE('',#4265,#4315);
#4315 = DEFINITIONAL_REPRESENTATION('',(#4316),#4320);
#4316 = B_SPLINE_CURVE_WITH_KNOTS('',2,(#4317,#4318,#4319),
  .UNSPECIFIED.,.F.,.F.,(3,3),(5.857139434353,6.28318530718),
  .PIECEWISE_BEZIER_KNOTS.);
#4317 = CARTESIAN_POINT('',(5.857139434353,-2.236901112349E-03));
#4318 = CARTESIAN_POINT('',(6.070162370766,-2.236901112349E-03));
#4319 = CARTESIAN_POINT('',(6.28318530718,-2.236901112349E-03));
#4320 = ( GEOMETRIC_REPRESENTATION_CONTEXT(2) 
PARAMETRIC_REPRESENTATION_CONTEXT() REPRESENTATION_CONTEXT('2D SPACE',''
  ) );
#4321 = PCURVE('',#4240,#4322);
#4322 = DEFINITIONAL_REPRESENTATION('',(#4323),#4327);
#4323 = ( BOUNDED_CURVE() B_SPLINE_CURVE(2,(#4324,#4325,#4326),
.UNSPECIFIED.,.F.,.F.) B_SPLINE_CURVE_WITH_KNOTS((3,3),(5.857139434353,
6.28318530718),.PIECEWISE_BEZIER_KNOTS.) CURVE() 
GEOMETRIC_REPRESENTATION_ITEM() RATIONAL_B_SPLINE_CURVE((1.,
0.977396285971,1.)) REPRESENTATION_ITEM('') );
#4324 = CARTESIAN_POINT('',(1.078634977129E-04,3.24481721672E-03));
#4325 = CARTESIAN_POINT('',(-1.242775344402E-03,2.688182214338E-04));
#4326 = CARTESIAN_POINT('',(-1.242775344402E-03,-2.99933038317E-03));
#4327 = ( GEOMETRIC_REPRESENTATION_CONTEXT(2) 
PARAMETRIC_REPRESENTATION_CONTEXT() REPRESENTATION_CONTEXT('2D SPACE',''
  ) );
#4328 = ORIENTED_EDGE('',*,*,#4329,.F.);
#4329 = EDGE_CURVE('',#4330,#4307,#4332,.T.);
#4330 = VERTEX_POINT('',#4331);
#4331 = CARTESIAN_POINT('',(15.109,2.6645352591E-15,9.967092117918));
#4332 = SURFACE_CURVE('',#4333,(#4336,#4343),.PCURVE_S1.);
#4333 = B_SPLINE_CURVE_WITH_KNOTS('',1,(#4334,#4335),.UNSPECIFIED.,.F.,
  .F.,(2,2),(0.,2.236901112349E-03),.PIECEWISE_BEZIER_KNOTS.);
#4334 = CARTESIAN_POINT('',(15.109,8.881784197001E-16,9.967092117918));
#4335 = CARTESIAN_POINT('',(15.109,8.881784197001E-16,12.203993230268));
#4336 = PCURVE('',#4265,#4337);
#4337 = DEFINITIONAL_REPRESENTATION('',(#4338),#4342);
#4338 = B_SPLINE_CURVE_WITH_KNOTS('',2,(#4339,#4340,#4341),
  .UNSPECIFIED.,.F.,.F.,(3,3),(0.,2.236901112349E-03),
  .PIECEWISE_BEZIER_KNOTS.);
#4339 = CARTESIAN_POINT('',(6.28318530718,0.));
#4340 = CARTESIAN_POINT('',(6.28318530718,-1.118450556175E-03));
#4341 = CARTESIAN_POINT('',(6.28318530718,-2.236901112349E-03));
#4342 = ( GEOMETRIC_REPRESENTATION_CONTEXT(2) 
PARAMETRIC_REPRESENTATION_CONTEXT() REPRESENTATION_CONTEXT('2D SPACE',''
  ) );
#4343 = PCURVE('',#4344,#4349);
#4344 = B_SPLINE_SURFACE_WITH_KNOTS('',1,1,(
    (#4345,#4346)
    ,(#4347,#4348
    )),.UNSPECIFIED.,.F.,.F.,.F.,(2,2),(2,2),(0.,1.893400776149E-03),(
    -2.236901112349E-03,0.),.PIECEWISE_BEZIER_KNOTS.);
#4345 = CARTESIAN_POINT('',(15.109,8.881784197001E-16,12.203993230268));
#4346 = CARTESIAN_POINT('',(15.109,8.881784197001E-16,9.967092117918));
#4347 = CARTESIAN_POINT('',(13.31609684628,0.608658180346,
    12.203993230268));
#4348 = CARTESIAN_POINT('',(13.31609684628,0.608658180346,9.967092117918
    ));
#4349 = DEFINITIONAL_REPRESENTATION('',(#4350),#4353);
#4350 = B_SPLINE_CURVE_WITH_KNOTS('',1,(#4351,#4352),.UNSPECIFIED.,.F.,
  .F.,(2,2),(0.,2.236901112349E-03),.PIECEWISE_BEZIER_KNOTS.);
#4351 = CARTESIAN_POINT('',(0.,0.));
#4352 = CARTESIAN_POINT('',(0.,-2.236901112349E-03));
#4353 = ( GEOMETRIC_REPRESENTATION_CONTEXT(2) 
PARAMETRIC_REPRESENTATION_CONTEXT() REPRESENTATION_CONTEXT('2D SPACE',''
  ) );
#4354 = ORIENTED_EDGE('',*,*,#4355,.F.);
#4355 = EDGE_CURVE('',#4252,#4330,#4356,.T.);
#4356 = SURFACE_CURVE('',#4357,(#4361,#4368),.PCURVE_S1.);
#4357 = ( BOUNDED_CURVE() B_SPLINE_CURVE(2,(#4358,#4359,#4360),
.UNSPECIFIED.,.F.,.F.) B_SPLINE_CURVE_WITH_KNOTS((3,3),(5.857139434353,
6.28318530718),.PIECEWISE_BEZIER_KNOTS.) CURVE() 
GEOMETRIC_REPRESENTATION_ITEM() RATIONAL_B_SPLINE_CURVE((1.,
0.977396285971,1.)) REPRESENTATION_ITEM('') );
#4358 = CARTESIAN_POINT('',(13.758361157885,6.244147599889,
    9.967092117918));
#4359 = CARTESIAN_POINT('',(15.109,3.268148604604,9.967092117918));
#4360 = CARTESIAN_POINT('',(15.109,3.552713678801E-15,9.967092117918));
#4361 = PCURVE('',#4265,#4362);
#4362 = DEFINITIONAL_REPRESENTATION('',(#4363),#4367);
#4363 = B_SPLINE_CURVE_WITH_KNOTS('',2,(#4364,#4365,#4366),
  .UNSPECIFIED.,.F.,.F.,(3,3),(5.857139434353,6.28318530718),
  .PIECEWISE_BEZIER_KNOTS.);
#4364 = CARTESIAN_POINT('',(5.857139434353,0.));
#4365 = CARTESIAN_POINT('',(6.070162370766,0.));
#4366 = CARTESIAN_POINT('',(6.28318530718,0.));
#4367 = ( GEOMETRIC_REPRESENTATION_CONTEXT(2) 
PARAMETRIC_REPRESENTATION_CONTEXT() REPRESENTATION_CONTEXT('2D SPACE',''
  ) );
#4368 = PCURVE('',#4291,#4369);
#4369 = DEFINITIONAL_REPRESENTATION('',(#4370),#4374);
#4370 = ( BOUNDED_CURVE() B_SPLINE_CURVE(2,(#4371,#4372,#4373),
.UNSPECIFIED.,.F.,.F.) B_SPLINE_CURVE_WITH_KNOTS((3,3),(5.857139434353,
6.28318530718),.PIECEWISE_BEZIER_KNOTS.) CURVE() 
GEOMETRIC_REPRESENTATION_ITEM() RATIONAL_B_SPLINE_CURVE((1.,
0.977396285971,1.)) REPRESENTATION_ITEM('') );
#4371 = CARTESIAN_POINT('',(1.078634977129E-04,3.24481721672E-03));
#4372 = CARTESIAN_POINT('',(-1.242775344402E-03,2.688182214338E-04));
#4373 = CARTESIAN_POINT('',(-1.242775344402E-03,-2.99933038317E-03));
#4374 = ( GEOMETRIC_REPRESENTATION_CONTEXT(2) 
PARAMETRIC_REPRESENTATION_CONTEXT() REPRESENTATION_CONTEXT('2D SPACE',''
  ) );
#4375 = ADVANCED_FACE('',(#4376),#4344,.T.);
#4376 = FACE_BOUND('',#4377,.T.);
#4377 = EDGE_LOOP('',(#4378,#4379,#4399,#4420));
#4378 = ORIENTED_EDGE('',*,*,#4329,.T.);
#4379 = ORIENTED_EDGE('',*,*,#4380,.T.);
#4380 = EDGE_CURVE('',#4307,#4381,#4383,.T.);
#4381 = VERTEX_POINT('',#4382);
#4382 = CARTESIAN_POINT('',(13.31609684628,0.608658180346,
    12.203993230268));
#4383 = SURFACE_CURVE('',#4384,(#4387,#4393),.PCURVE_S1.);
#4384 = B_SPLINE_CURVE_WITH_KNOTS('',1,(#4385,#4386),.UNSPECIFIED.,.F.,
  .F.,(2,2),(0.,1.893400776149E-03),.PIECEWISE_BEZIER_KNOTS.);
#4385 = CARTESIAN_POINT('',(15.109,8.881784197001E-16,12.203993230268));
#4386 = CARTESIAN_POINT('',(13.31609684628,0.608658180346,
    12.203993230268));
#4387 = PCURVE('',#4344,#4388);
#4388 = DEFINITIONAL_REPRESENTATION('',(#4389),#4392);
#4389 = B_SPLINE_CURVE_WITH_KNOTS('',1,(#4390,#4391),.UNSPECIFIED.,.F.,
  .F.,(2,2),(0.,1.893400776149E-03),.PIECEWISE_BEZIER_KNOTS.);
#4390 = CARTESIAN_POINT('',(0.,-2.236901112349E-03));
#4391 = CARTESIAN_POINT('',(1.893400776149E-03,-2.236901112349E-03));
#4392 = ( GEOMETRIC_REPRESENTATION_CONTEXT(2) 
PARAMETRIC_REPRESENTATION_CONTEXT() REPRESENTATION_CONTEXT('2D SPACE',''
  ) );
#4393 = PCURVE('',#4240,#4394);
#4394 = DEFINITIONAL_REPRESENTATION('',(#4395),#4398);
#4395 = B_SPLINE_CURVE_WITH_KNOTS('',1,(#4396,#4397),.UNSPECIFIED.,.F.,
  .F.,(2,2),(0.,1.893400776149E-03),.PIECEWISE_BEZIER_KNOTS.);
#4396 = CARTESIAN_POINT('',(-1.242775344402E-03,-2.99933038317E-03));
#4397 = CARTESIAN_POINT('',(5.501278093181E-04,-2.390672202824E-03));
#4398 = ( GEOMETRIC_REPRESENTATION_CONTEXT(2) 
PARAMETRIC_REPRESENTATION_CONTEXT() REPRESENTATION_CONTEXT('2D SPACE',''
  ) );
#4399 = ORIENTED_EDGE('',*,*,#4400,.F.);
#4400 = EDGE_CURVE('',#4401,#4381,#4403,.T.);
#4401 = VERTEX_POINT('',#4402);
#4402 = CARTESIAN_POINT('',(13.31609684628,0.608658180346,9.967092117918
    ));
#4403 = SURFACE_CURVE('',#4404,(#4407,#4413),.PCURVE_S1.);
#4404 = B_SPLINE_CURVE_WITH_KNOTS('',1,(#4405,#4406),.UNSPECIFIED.,.F.,
  .F.,(2,2),(0.,2.236901112349E-03),.PIECEWISE_BEZIER_KNOTS.);
#4405 = CARTESIAN_POINT('',(13.31609684628,0.608658180346,9.967092117918
    ));
#4406 = CARTESIAN_POINT('',(13.31609684628,0.608658180346,
    12.203993230268));
#4407 = PCURVE('',#4344,#4408);
#4408 = DEFINITIONAL_REPRESENTATION('',(#4409),#4412);
#4409 = B_SPLINE_CURVE_WITH_KNOTS('',1,(#4410,#4411),.UNSPECIFIED.,.F.,
  .F.,(2,2),(0.,2.236901112349E-03),.PIECEWISE_BEZIER_KNOTS.);
#4410 = CARTESIAN_POINT('',(1.893400776149E-03,0.));
#4411 = CARTESIAN_POINT('',(1.893400776149E-03,-2.236901112349E-03));
#4412 = ( GEOMETRIC_REPRESENTATION_CONTEXT(2) 
PARAMETRIC_REPRESENTATION_CONTEXT() REPRESENTATION_CONTEXT('2D SPACE',''
  ) );
#4413 = PCURVE('',#4212,#4414);
#4414 = DEFINITIONAL_REPRESENTATION('',(#4415),#4419);
#4415 = B_SPLINE_CURVE_WITH_KNOTS('',2,(#4416,#4417,#4418),
  .UNSPECIFIED.,.F.,.F.,(3,3),(0.,2.236901112349E-03),
  .PIECEWISE_BEZIER_KNOTS.);
#4416 = CARTESIAN_POINT('',(3.187269313626,0.));
#4417 = CARTESIAN_POINT('',(3.187269313626,-1.118450556175E-03));
#4418 = CARTESIAN_POINT('',(3.187269313626,-2.236901112349E-03));
#4419 = ( GEOMETRIC_REPRESENTATION_CONTEXT(2) 
PARAMETRIC_REPRESENTATION_CONTEXT() REPRESENTATION_CONTEXT('2D SPACE',''
  ) );
#4420 = ORIENTED_EDGE('',*,*,#4421,.F.);
#4421 = EDGE_CURVE('',#4330,#4401,#4422,.T.);
#4422 = SURFACE_CURVE('',#4423,(#4426,#4432),.PCURVE_S1.);
#4423 = B_SPLINE_CURVE_WITH_KNOTS('',1,(#4424,#4425),.UNSPECIFIED.,.F.,
  .F.,(2,2),(0.,1.893400776149E-03),.PIECEWISE_BEZIER_KNOTS.);
#4424 = CARTESIAN_POINT('',(15.109,8.881784197001E-16,9.967092117918));
#4425 = CARTESIAN_POINT('',(13.31609684628,0.608658180346,9.967092117918
    ));
#4426 = PCURVE('',#4344,#4427);
#4427 = DEFINITIONAL_REPRESENTATION('',(#4428),#4431);
#4428 = B_SPLINE_CURVE_WITH_KNOTS('',1,(#4429,#4430),.UNSPECIFIED.,.F.,
  .F.,(2,2),(0.,1.893400776149E-03),.PIECEWISE_BEZIER_KNOTS.);
#4429 = CARTESIAN_POINT('',(0.,0.));
#4430 = CARTESIAN_POINT('',(1.893400776149E-03,0.));
#4431 = ( GEOMETRIC_REPRESENTATION_CONTEXT(2) 
PARAMETRIC_REPRESENTATION_CONTEXT() REPRESENTATION_CONTEXT('2D SPACE',''
  ) );
#4432 = PCURVE('',#4291,#4433);
#4433 = DEFINITIONAL_REPRESENTATION('',(#4434),#4437);
#4434 = B_SPLINE_CURVE_WITH_KNOTS('',1,(#4435,#4436),.UNSPECIFIED.,.F.,
  .F.,(2,2),(0.,1.893400776149E-03),.PIECEWISE_BEZIER_KNOTS.);
#4435 = CARTESIAN_POINT('',(-1.242775344402E-03,-2.99933038317E-03));
#4436 = CARTESIAN_POINT('',(5.501278093181E-04,-2.390672202824E-03));
#4437 = ( GEOMETRIC_REPRESENTATION_CONTEXT(2) 
PARAMETRIC_REPRESENTATION_CONTEXT() REPRESENTATION_CONTEXT('2D SPACE',''
  ) );
#4438 = ADVANCED_FACE('',(#4439),#4212,.T.);
#4439 = FACE_BOUND('',#4440,.T.);
#4440 = EDGE_LOOP('',(#4441,#4442,#4463,#4464));
#4441 = ORIENTED_EDGE('',*,*,#4400,.T.);
#4442 = ORIENTED_EDGE('',*,*,#4443,.T.);
#4443 = EDGE_CURVE('',#4381,#4194,#4444,.T.);
#4444 = SURFACE_CURVE('',#4445,(#4449,#4456),.PCURVE_S1.);
#4445 = ( BOUNDED_CURVE() B_SPLINE_CURVE(2,(#4446,#4447,#4448),
.UNSPECIFIED.,.F.,.F.) B_SPLINE_CURVE_WITH_KNOTS((3,3),(3.187269313626,
3.52196186638),.PIECEWISE_BEZIER_KNOTS.) CURVE() 
GEOMETRIC_REPRESENTATION_ITEM() RATIONAL_B_SPLINE_CURVE((1.,
0.986030259214,1.)) REPRESENTATION_ITEM('') );
#4446 = CARTESIAN_POINT('',(13.31609684628,0.608658180346,
    12.203993230268));
#4447 = CARTESIAN_POINT('',(13.213278568532,2.858095037129,
    12.203993230268));
#4448 = CARTESIAN_POINT('',(12.377273223936,4.948940042074,
    12.203993230268));
#4449 = PCURVE('',#4212,#4450);
#4450 = DEFINITIONAL_REPRESENTATION('',(#4451),#4455);
#4451 = B_SPLINE_CURVE_WITH_KNOTS('',2,(#4452,#4453,#4454),
  .UNSPECIFIED.,.F.,.F.,(3,3),(3.187269313626,3.52196186638),
  .PIECEWISE_BEZIER_KNOTS.);
#4452 = CARTESIAN_POINT('',(3.187269313626,-2.236901112349E-03));
#4453 = CARTESIAN_POINT('',(3.354615590003,-2.236901112349E-03));
#4454 = CARTESIAN_POINT('',(3.52196186638,-2.236901112349E-03));
#4455 = ( GEOMETRIC_REPRESENTATION_CONTEXT(2) 
PARAMETRIC_REPRESENTATION_CONTEXT() REPRESENTATION_CONTEXT('2D SPACE',''
  ) );
#4456 = PCURVE('',#4240,#4457);
#4457 = DEFINITIONAL_REPRESENTATION('',(#4458),#4462);
#4458 = ( BOUNDED_CURVE() B_SPLINE_CURVE(2,(#4459,#4460,#4461),
.UNSPECIFIED.,.F.,.F.) B_SPLINE_CURVE_WITH_KNOTS((3,3),(3.187269313626,
3.52196186638),.PIECEWISE_BEZIER_KNOTS.) CURVE() 
GEOMETRIC_REPRESENTATION_ITEM() RATIONAL_B_SPLINE_CURVE((1.,
0.986030259214,1.)) REPRESENTATION_ITEM('') );
#4459 = CARTESIAN_POINT('',(5.501278093181E-04,-2.390672202824E-03));
#4460 = CARTESIAN_POINT('',(6.529460870656E-04,-1.412353460404E-04));
#4461 = CARTESIAN_POINT('',(1.488951431662E-03,1.949609658904E-03));
#4462 = ( GEOMETRIC_REPRESENTATION_CONTEXT(2) 
PARAMETRIC_REPRESENTATION_CONTEXT() REPRESENTATION_CONTEXT('2D SPACE',''
  ) );
#4463 = ORIENTED_EDGE('',*,*,#4191,.F.);
#4464 = ORIENTED_EDGE('',*,*,#4465,.F.);
#4465 = EDGE_CURVE('',#4401,#4192,#4466,.T.);
#4466 = SURFACE_CURVE('',#4467,(#4471,#4478),.PCURVE_S1.);
#4467 = ( BOUNDED_CURVE() B_SPLINE_CURVE(2,(#4468,#4469,#4470),
.UNSPECIFIED.,.F.,.F.) B_SPLINE_CURVE_WITH_KNOTS((3,3),(3.187269313626,
3.52196186638),.PIECEWISE_BEZIER_KNOTS.) CURVE() 
GEOMETRIC_REPRESENTATION_ITEM() RATIONAL_B_SPLINE_CURVE((1.,
0.986030259214,1.)) REPRESENTATION_ITEM('') );
#4468 = CARTESIAN_POINT('',(13.31609684628,0.608658180346,9.967092117918
    ));
#4469 = CARTESIAN_POINT('',(13.213278568532,2.858095037129,
    9.967092117918));
#4470 = CARTESIAN_POINT('',(12.377273223936,4.948940042074,
    9.967092117918));
#4471 = PCURVE('',#4212,#4472);
#4472 = DEFINITIONAL_REPRESENTATION('',(#4473),#4477);
#4473 = B_SPLINE_CURVE_WITH_KNOTS('',2,(#4474,#4475,#4476),
  .UNSPECIFIED.,.F.,.F.,(3,3),(3.187269313626,3.52196186638),
  .PIECEWISE_BEZIER_KNOTS.);
#4474 = CARTESIAN_POINT('',(3.187269313626,0.));
#4475 = CARTESIAN_POINT('',(3.354615590003,0.));
#4476 = CARTESIAN_POINT('',(3.52196186638,0.));
#4477 = ( GEOMETRIC_REPRESENTATION_CONTEXT(2) 
PARAMETRIC_REPRESENTATION_CONTEXT() REPRESENTATION_CONTEXT('2D SPACE',''
  ) );
#4478 = PCURVE('',#4291,#4479);
#4479 = DEFINITIONAL_REPRESENTATION('',(#4480),#4484);
#4480 = ( BOUNDED_CURVE() B_SPLINE_CURVE(2,(#4481,#4482,#4483),
.UNSPECIFIED.,.F.,.F.) B_SPLINE_CURVE_WITH_KNOTS((3,3),(3.187269313626,
3.52196186638),.PIECEWISE_BEZIER_KNOTS.) CURVE() 
GEOMETRIC_REPRESENTATION_ITEM() RATIONAL_B_SPLINE_CURVE((1.,
0.986030259214,1.)) REPRESENTATION_ITEM('') );
#4481 = CARTESIAN_POINT('',(5.501278093181E-04,-2.390672202824E-03));
#4482 = CARTESIAN_POINT('',(6.529460870656E-04,-1.412353460404E-04));
#4483 = CARTESIAN_POINT('',(1.488951431662E-03,1.949609658904E-03));
#4484 = ( GEOMETRIC_REPRESENTATION_CONTEXT(2) 
PARAMETRIC_REPRESENTATION_CONTEXT() REPRESENTATION_CONTEXT('2D SPACE',''
  ) );
#4485 = ADVANCED_FACE('',(#4486),#4291,.T.);
#4486 = FACE_BOUND('',#4487,.T.);
#4487 = EDGE_LOOP('',(#4488,#4489,#4490,#4491));
#4488 = ORIENTED_EDGE('',*,*,#4279,.T.);
#4489 = ORIENTED_EDGE('',*,*,#4355,.T.);
#4490 = ORIENTED_EDGE('',*,*,#4421,.T.);
#4491 = ORIENTED_EDGE('',*,*,#4465,.T.);
#4492 = ADVANCED_FACE('',(#4493),#4240,.F.);
#4493 = FACE_BOUND('',#4494,.F.);
#4494 = EDGE_LOOP('',(#4495,#4496,#4497,#4498));
#4495 = ORIENTED_EDGE('',*,*,#4226,.T.);
#4496 = ORIENTED_EDGE('',*,*,#4306,.T.);
#4497 = ORIENTED_EDGE('',*,*,#4380,.T.);
#4498 = ORIENTED_EDGE('',*,*,#4443,.T.);
#4499 = ( GEOMETRIC_REPRESENTATION_CONTEXT(3) 
GLOBAL_UNCERTAINTY_ASSIGNED_CONTEXT((#4503)) 
GLOBAL_UNIT_ASSIGNED_CONTEXT((#4500,#4501,#4502)) REPRESENTATION_CONTEXT
('Context #1','3D Context with UNIT and UNCERTAINTY') );
#4500 = ( LENGTH_UNIT() NAMED_UNIT(*) SI_UNIT(.MILLI.,.METRE.) );
#4501 = ( NAMED_UNIT(*) PLANE_ANGLE_UNIT() SI_UNIT($,.RADIAN.) );
#4502 = ( NAMED_UNIT(*) SI_UNIT($,.STERADIAN.) SOLID_ANGLE_UNIT() );
#4503 = UNCERTAINTY_MEASURE_WITH_UNIT(LENGTH_MEASURE(1.E-04),#4500,
  'distance_accuracy_value','confusion accuracy');
#4504 = CONTEXT_DEPENDENT_SHAPE_REPRESENTATION(#4505,#4507);
#4505 = ( REPRESENTATION_RELATIONSHIP('','',#4184,#10) 
REPRESENTATION_RELATIONSHIP_WITH_TRANSFORMATION(#4506) 
SHAPE_REPRESENTATION_RELATIONSHIP() );
#4506 = ITEM_DEFINED_TRANSFORMATION('','',#11,#63);
#4507 = PRODUCT_DEFINITION_SHAPE('Placement','Placement of an item',
  #4508);
#4508 = NEXT_ASSEMBLY_USAGE_OCCURRENCE('55','','',#5,#4179,$);
#4509 = PRODUCT_RELATED_PRODUCT_CATEGORY('part',$,(#4181));
#4510 = SHAPE_DEFINITION_REPRESENTATION(#4511,#4517);
#4511 = PRODUCT_DEFINITION_SHAPE('','',#4512);
#4512 = PRODUCT_DEFINITION('design','',#4513,#4516);
#4513 = PRODUCT_DEFINITION_FORMATION('','',#4514);
#4514 = PRODUCT('Open CASCADE STEP translator 7.7 2.14',
  'Open CASCADE STEP translator 7.7 2.14','',(#4515));
#4515 = PRODUCT_CONTEXT('',#2,'mechanical');
#4516 = PRODUCT_DEFINITION_CONTEXT('part definition',#2,'design');
#4517 = ADVANCED_BREP_SHAPE_REPRESENTATION('',(#11,#4518),#4832);
#4518 = MANIFOLD_SOLID_BREP('',#4519);
#4519 = CLOSED_SHELL('',(#4520,#4634,#4708,#4771,#4818,#4825));
#4520 = ADVANCED_FACE('',(#4521),#4534,.T.);
#4521 = FACE_BOUND('',#4522,.T.);
#4522 = EDGE_LOOP('',(#4523,#4558,#4583,#4611));
#4523 = ORIENTED_EDGE('',*,*,#4524,.T.);
#4524 = EDGE_CURVE('',#4525,#4527,#4529,.T.);
#4525 = VERTEX_POINT('',#4526);
#4526 = CARTESIAN_POINT('',(12.377273223936,4.948940042074,
    9.967092117918));
#4527 = VERTEX_POINT('',#4528);
#4528 = CARTESIAN_POINT('',(12.377273223936,4.948940042074,
    12.203993230268));
#4529 = SURFACE_CURVE('',#4530,(#4533,#4544),.PCURVE_S1.);
#4530 = B_SPLINE_CURVE_WITH_KNOTS('',1,(#4531,#4532),.UNSPECIFIED.,.F.,
  .F.,(2,2),(0.,2.236901112349E-03),.PIECEWISE_BEZIER_KNOTS.);
#4531 = CARTESIAN_POINT('',(12.377273223936,4.948940042074,
    9.967092117918));
#4532 = CARTESIAN_POINT('',(12.377273223936,4.948940042074,
    12.203993230268));
#4533 = PCURVE('',#4534,#4539);
#4534 = B_SPLINE_SURFACE_WITH_KNOTS('',1,1,(
    (#4535,#4536)
    ,(#4537,#4538
    )),.UNSPECIFIED.,.F.,.F.,.F.,(2,2),(2,2),(0.,1.893400776149E-03),(
    -2.236901112349E-03,0.),.PIECEWISE_BEZIER_KNOTS.);
#4535 = CARTESIAN_POINT('',(12.377273223936,4.948940042074,
    12.203993230268));
#4536 = CARTESIAN_POINT('',(12.377273223936,4.948940042074,
    9.967092117918));
#4537 = CARTESIAN_POINT('',(13.758361157885,6.244147599889,
    12.203993230268));
#4538 = CARTESIAN_POINT('',(13.758361157885,6.244147599889,
    9.967092117918));
#4539 = DEFINITIONAL_REPRESENTATION('',(#4540),#4543);
#4540 = B_SPLINE_CURVE_WITH_KNOTS('',1,(#4541,#4542),.UNSPECIFIED.,.F.,
  .F.,(2,2),(0.,2.236901112349E-03),.PIECEWISE_BEZIER_KNOTS.);
#4541 = CARTESIAN_POINT('',(0.,0.));
#4542 = CARTESIAN_POINT('',(0.,-2.236901112349E-03));
#4543 = ( GEOMETRIC_REPRESENTATION_CONTEXT(2) 
PARAMETRIC_REPRESENTATION_CONTEXT() REPRESENTATION_CONTEXT('2D SPACE',''
  ) );
#4544 = PCURVE('',#4545,#4552);
#4545 = ( BOUNDED_SURFACE() B_SPLINE_SURFACE(2,1,(
    (#4546,#4547)
    ,(#4548,#4549)
    ,(#4550,#4551
)),.UNSPECIFIED.,.F.,.F.,.F.) B_SPLINE_SURFACE_WITH_KNOTS((3,3),(2,2),(
    3.187269313626,3.52196186638),(-2.236901112349E-03,0.),
.PIECEWISE_BEZIER_KNOTS.) GEOMETRIC_REPRESENTATION_ITEM() 
RATIONAL_B_SPLINE_SURFACE((
    (1.,1.)
    ,(0.986030259214,0.986030259214)
,(1.,1.))) REPRESENTATION_ITEM('') SURFACE() );
#4546 = CARTESIAN_POINT('',(13.31609684628,0.608658180346,
    12.203993230268));
#4547 = CARTESIAN_POINT('',(13.31609684628,0.608658180346,9.967092117918
    ));
#4548 = CARTESIAN_POINT('',(13.213278568532,2.858095037129,
    12.203993230268));
#4549 = CARTESIAN_POINT('',(13.213278568532,2.858095037129,
    9.967092117918));
#4550 = CARTESIAN_POINT('',(12.377273223936,4.948940042074,
    12.203993230268));
#4551 = CARTESIAN_POINT('',(12.377273223936,4.948940042074,
    9.967092117918));
#4552 = DEFINITIONAL_REPRESENTATION('',(#4553),#4557);
#4553 = B_SPLINE_CURVE_WITH_KNOTS('',2,(#4554,#4555,#4556),
  .UNSPECIFIED.,.F.,.F.,(3,3),(0.,2.236901112349E-03),
  .PIECEWISE_BEZIER_KNOTS.);
#4554 = CARTESIAN_POINT('',(3.52196186638,0.));
#4555 = CARTESIAN_POINT('',(3.52196186638,-1.118450556175E-03));
#4556 = CARTESIAN_POINT('',(3.52196186638,-2.236901112349E-03));
#4557 = ( GEOMETRIC_REPRESENTATION_CONTEXT(2) 
PARAMETRIC_REPRESENTATION_CONTEXT() REPRESENTATION_CONTEXT('2D SPACE',''
  ) );
#4558 = ORIENTED_EDGE('',*,*,#4559,.T.);
#4559 = EDGE_CURVE('',#4527,#4560,#4562,.T.);
#4560 = VERTEX_POINT('',#4561);
#4561 = CARTESIAN_POINT('',(13.758361157885,6.244147599889,
    12.203993230268));
#4562 = SURFACE_CURVE('',#4563,(#4566,#4572),.PCURVE_S1.);
#4563 = B_SPLINE_CURVE_WITH_KNOTS('',1,(#4564,#4565),.UNSPECIFIED.,.F.,
  .F.,(2,2),(0.,1.893400776149E-03),.PIECEWISE_BEZIER_KNOTS.);
#4564 = CARTESIAN_POINT('',(12.377273223936,4.948940042074,
    12.203993230268));
#4565 = CARTESIAN_POINT('',(13.758361157885,6.244147599889,
    12.203993230268));
#4566 = PCURVE('',#4534,#4567);
#4567 = DEFINITIONAL_REPRESENTATION('',(#4568),#4571);
#4568 = B_SPLINE_CURVE_WITH_KNOTS('',1,(#4569,#4570),.UNSPECIFIED.,.F.,
  .F.,(2,2),(0.,1.893400776149E-03),.PIECEWISE_BEZIER_KNOTS.);
#4569 = CARTESIAN_POINT('',(0.,-2.236901112349E-03));
#4570 = CARTESIAN_POINT('',(1.893400776149E-03,-2.236901112349E-03));
#4571 = ( GEOMETRIC_REPRESENTATION_CONTEXT(2) 
PARAMETRIC_REPRESENTATION_CONTEXT() REPRESENTATION_CONTEXT('2D SPACE',''
  ) );
#4572 = PCURVE('',#4573,#4578);
#4573 = B_SPLINE_SURFACE_WITH_KNOTS('',1,1,(
    (#4574,#4575)
    ,(#4576,#4577
    )),.UNSPECIFIED.,.F.,.F.,.F.,(2,2),(2,2),(-1.242775344402E-03,
    1.488951431662E-03),(-2.99933038317E-03,3.24481721672E-03),
  .PIECEWISE_BEZIER_KNOTS.);
#4574 = CARTESIAN_POINT('',(15.109,8.881784197001E-16,12.203993230268));
#4575 = CARTESIAN_POINT('',(15.109,6.244147599889,12.203993230268));
#4576 = CARTESIAN_POINT('',(12.377273223936,0.,12.203993230268));
#4577 = CARTESIAN_POINT('',(12.377273223936,6.244147599889,
    12.203993230268));
#4578 = DEFINITIONAL_REPRESENTATION('',(#4579),#4582);
#4579 = B_SPLINE_CURVE_WITH_KNOTS('',1,(#4580,#4581),.UNSPECIFIED.,.F.,
  .F.,(2,2),(0.,1.893400776149E-03),.PIECEWISE_BEZIER_KNOTS.);
#4580 = CARTESIAN_POINT('',(1.488951431662E-03,1.949609658904E-03));
#4581 = CARTESIAN_POINT('',(1.078634977129E-04,3.24481721672E-03));
#4582 = ( GEOMETRIC_REPRESENTATION_CONTEXT(2) 
PARAMETRIC_REPRESENTATION_CONTEXT() REPRESENTATION_CONTEXT('2D SPACE',''
  ) );
#4583 = ORIENTED_EDGE('',*,*,#4584,.F.);
#4584 = EDGE_CURVE('',#4585,#4560,#4587,.T.);
#4585 = VERTEX_POINT('',#4586);
#4586 = CARTESIAN_POINT('',(13.758361157885,6.244147599889,
    9.967092117918));
#4587 = SURFACE_CURVE('',#4588,(#4591,#4597),.PCURVE_S1.);
#4588 = B_SPLINE_CURVE_WITH_KNOTS('',1,(#4589,#4590),.UNSPECIFIED.,.F.,
  .F.,(2,2),(0.,2.236901112349E-03),.PIECEWISE_BEZIER_KNOTS.);
#4589 = CARTESIAN_POINT('',(13.758361157885,6.244147599889,
    9.967092117918));
#4590 = CARTESIAN_POINT('',(13.758361157885,6.244147599889,
    12.203993230268));
#4591 = PCURVE('',#4534,#4592);
#4592 = DEFINITIONAL_REPRESENTATION('',(#4593),#4596);
#4593 = B_SPLINE_CURVE_WITH_KNOTS('',1,(#4594,#4595),.UNSPECIFIED.,.F.,
  .F.,(2,2),(0.,2.236901112349E-03),.PIECEWISE_BEZIER_KNOTS.);
#4594 = CARTESIAN_POINT('',(1.893400776149E-03,0.));
#4595 = CARTESIAN_POINT('',(1.893400776149E-03,-2.236901112349E-03));
#4596 = ( GEOMETRIC_REPRESENTATION_CONTEXT(2) 
PARAMETRIC_REPRESENTATION_CONTEXT() REPRESENTATION_CONTEXT('2D SPACE',''
  ) );
#4597 = PCURVE('',#4598,#4605);
#4598 = ( BOUNDED_SURFACE() B_SPLINE_SURFACE(2,1,(
    (#4599,#4600)
    ,(#4601,#4602)
    ,(#4603,#4604
)),.UNSPECIFIED.,.F.,.F.,.F.) B_SPLINE_SURFACE_WITH_KNOTS((3,3),(2,2),(
    5.857139434353,6.28318530718),(-2.236901112349E-03,0.),
.PIECEWISE_BEZIER_KNOTS.) GEOMETRIC_REPRESENTATION_ITEM() 
RATIONAL_B_SPLINE_SURFACE((
    (1.,1.)
    ,(0.977396285971,0.977396285971)
,(1.,1.))) REPRESENTATION_ITEM('') SURFACE() );
#4599 = CARTESIAN_POINT('',(13.758361157885,6.244147599889,
    12.203993230268));
#4600 = CARTESIAN_POINT('',(13.758361157885,6.244147599889,
    9.967092117918));
#4601 = CARTESIAN_POINT('',(15.109,3.268148604604,12.203993230268));
#4602 = CARTESIAN_POINT('',(15.109,3.268148604604,9.967092117918));
#4603 = CARTESIAN_POINT('',(15.109,4.440892098501E-15,12.203993230268));
#4604 = CARTESIAN_POINT('',(15.109,4.440892098501E-15,9.967092117918));
#4605 = DEFINITIONAL_REPRESENTATION('',(#4606),#4610);
#4606 = B_SPLINE_CURVE_WITH_KNOTS('',2,(#4607,#4608,#4609),
  .UNSPECIFIED.,.F.,.F.,(3,3),(0.,2.236901112349E-03),
  .PIECEWISE_BEZIER_KNOTS.);
#4607 = CARTESIAN_POINT('',(5.857139434353,0.));
#4608 = CARTESIAN_POINT('',(5.857139434353,-1.118450556175E-03));
#4609 = CARTESIAN_POINT('',(5.857139434353,-2.236901112349E-03));
#4610 = ( GEOMETRIC_REPRESENTATION_CONTEXT(2) 
PARAMETRIC_REPRESENTATION_CONTEXT() REPRESENTATION_CONTEXT('2D SPACE',''
  ) );
#4611 = ORIENTED_EDGE('',*,*,#4612,.F.);
#4612 = EDGE_CURVE('',#4525,#4585,#4613,.T.);
#4613 = SURFACE_CURVE('',#4614,(#4617,#4623),.PCURVE_S1.);
#4614 = B_SPLINE_CURVE_WITH_KNOTS('',1,(#4615,#4616),.UNSPECIFIED.,.F.,
  .F.,(2,2),(0.,1.893400776149E-03),.PIECEWISE_BEZIER_KNOTS.);
#4615 = CARTESIAN_POINT('',(12.377273223936,4.948940042074,
    9.967092117918));
#4616 = CARTESIAN_POINT('',(13.758361157885,6.244147599889,
    9.967092117918));
#4617 = PCURVE('',#4534,#4618);
#4618 = DEFINITIONAL_REPRESENTATION('',(#4619),#4622);
#4619 = B_SPLINE_CURVE_WITH_KNOTS('',1,(#4620,#4621),.UNSPECIFIED.,.F.,
  .F.,(2,2),(0.,1.893400776149E-03),.PIECEWISE_BEZIER_KNOTS.);
#4620 = CARTESIAN_POINT('',(0.,0.));
#4621 = CARTESIAN_POINT('',(1.893400776149E-03,0.));
#4622 = ( GEOMETRIC_REPRESENTATION_CONTEXT(2) 
PARAMETRIC_REPRESENTATION_CONTEXT() REPRESENTATION_CONTEXT('2D SPACE',''
  ) );
#4623 = PCURVE('',#4624,#4629);
#4624 = B_SPLINE_SURFACE_WITH_KNOTS('',1,1,(
    (#4625,#4626)
    ,(#4627,#4628
    )),.UNSPECIFIED.,.F.,.F.,.F.,(2,2),(2,2),(-1.242775344402E-03,
    1.488951431662E-03),(-2.99933038317E-03,3.24481721672E-03),
  .PIECEWISE_BEZIER_KNOTS.);
#4625 = CARTESIAN_POINT('',(15.109,8.881784197001E-16,9.967092117918));
#4626 = CARTESIAN_POINT('',(15.109,6.244147599889,9.967092117918));
#4627 = CARTESIAN_POINT('',(12.377273223936,0.,9.967092117918));
#4628 = CARTESIAN_POINT('',(12.377273223936,6.244147599889,
    9.967092117918));
#4629 = DEFINITIONAL_REPRESENTATION('',(#4630),#4633);
#4630 = B_SPLINE_CURVE_WITH_KNOTS('',1,(#4631,#4632),.UNSPECIFIED.,.F.,
  .F.,(2,2),(0.,1.893400776149E-03),.PIECEWISE_BEZIER_KNOTS.);
#4631 = CARTESIAN_POINT('',(1.488951431662E-03,1.949609658904E-03));
#4632 = CARTESIAN_POINT('',(1.078634977129E-04,3.24481721672E-03));
#4633 = ( GEOMETRIC_REPRESENTATION_CONTEXT(2) 
PARAMETRIC_REPRESENTATION_CONTEXT() REPRESENTATION_CONTEXT('2D SPACE',''
  ) );
#4634 = ADVANCED_FACE('',(#4635),#4598,.T.);
#4635 = FACE_BOUND('',#4636,.T.);
#4636 = EDGE_LOOP('',(#4637,#4638,#4661,#4687));
#4637 = ORIENTED_EDGE('',*,*,#4584,.T.);
#4638 = ORIENTED_EDGE('',*,*,#4639,.T.);
#4639 = EDGE_CURVE('',#4560,#4640,#4642,.T.);
#4640 = VERTEX_POINT('',#4641);
#4641 = CARTESIAN_POINT('',(15.109,2.6645352591E-15,12.203993230268));
#4642 = SURFACE_CURVE('',#4643,(#4647,#4654),.PCURVE_S1.);
#4643 = ( BOUNDED_CURVE() B_SPLINE_CURVE(2,(#4644,#4645,#4646),
.UNSPECIFIED.,.F.,.F.) B_SPLINE_CURVE_WITH_KNOTS((3,3),(5.857139434353,
6.28318530718),.PIECEWISE_BEZIER_KNOTS.) CURVE() 
GEOMETRIC_REPRESENTATION_ITEM() RATIONAL_B_SPLINE_CURVE((1.,
0.977396285971,1.)) REPRESENTATION_ITEM('') );
#4644 = CARTESIAN_POINT('',(13.758361157885,6.244147599889,
    12.203993230268));
#4645 = CARTESIAN_POINT('',(15.109,3.268148604604,12.203993230268));
#4646 = CARTESIAN_POINT('',(15.109,4.440892098501E-15,12.203993230268));
#4647 = PCURVE('',#4598,#4648);
#4648 = DEFINITIONAL_REPRESENTATION('',(#4649),#4653);
#4649 = B_SPLINE_CURVE_WITH_KNOTS('',2,(#4650,#4651,#4652),
  .UNSPECIFIED.,.F.,.F.,(3,3),(5.857139434353,6.28318530718),
  .PIECEWISE_BEZIER_KNOTS.);
#4650 = CARTESIAN_POINT('',(5.857139434353,-2.236901112349E-03));
#4651 = CARTESIAN_POINT('',(6.070162370766,-2.236901112349E-03));
#4652 = CARTESIAN_POINT('',(6.28318530718,-2.236901112349E-03));
#4653 = ( GEOMETRIC_REPRESENTATION_CONTEXT(2) 
PARAMETRIC_REPRESENTATION_CONTEXT() REPRESENTATION_CONTEXT('2D SPACE',''
  ) );
#4654 = PCURVE('',#4573,#4655);
#4655 = DEFINITIONAL_REPRESENTATION('',(#4656),#4660);
#4656 = ( BOUNDED_CURVE() B_SPLINE_CURVE(2,(#4657,#4658,#4659),
.UNSPECIFIED.,.F.,.F.) B_SPLINE_CURVE_WITH_KNOTS((3,3),(5.857139434353,
6.28318530718),.PIECEWISE_BEZIER_KNOTS.) CURVE() 
GEOMETRIC_REPRESENTATION_ITEM() RATIONAL_B_SPLINE_CURVE((1.,
0.977396285971,1.)) REPRESENTATION_ITEM('') );
#4657 = CARTESIAN_POINT('',(1.078634977129E-04,3.24481721672E-03));
#4658 = CARTESIAN_POINT('',(-1.242775344402E-03,2.688182214338E-04));
#4659 = CARTESIAN_POINT('',(-1.242775344402E-03,-2.99933038317E-03));
#4660 = ( GEOMETRIC_REPRESENTATION_CONTEXT(2) 
PARAMETRIC_REPRESENTATION_CONTEXT() REPRESENTATION_CONTEXT('2D SPACE',''
  ) );
#4661 = ORIENTED_EDGE('',*,*,#4662,.F.);
#4662 = EDGE_CURVE('',#4663,#4640,#4665,.T.);
#4663 = VERTEX_POINT('',#4664);
#4664 = CARTESIAN_POINT('',(15.109,2.6645352591E-15,9.967092117918));
#4665 = SURFACE_CURVE('',#4666,(#4669,#4676),.PCURVE_S1.);
#4666 = B_SPLINE_CURVE_WITH_KNOTS('',1,(#4667,#4668),.UNSPECIFIED.,.F.,
  .F.,(2,2),(0.,2.236901112349E-03),.PIECEWISE_BEZIER_KNOTS.);
#4667 = CARTESIAN_POINT('',(15.109,8.881784197001E-16,9.967092117918));
#4668 = CARTESIAN_POINT('',(15.109,8.881784197001E-16,12.203993230268));
#4669 = PCURVE('',#4598,#4670);
#4670 = DEFINITIONAL_REPRESENTATION('',(#4671),#4675);
#4671 = B_SPLINE_CURVE_WITH_KNOTS('',2,(#4672,#4673,#4674),
  .UNSPECIFIED.,.F.,.F.,(3,3),(0.,2.236901112349E-03),
  .PIECEWISE_BEZIER_KNOTS.);
#4672 = CARTESIAN_POINT('',(6.28318530718,0.));
#4673 = CARTESIAN_POINT('',(6.28318530718,-1.118450556175E-03));
#4674 = CARTESIAN_POINT('',(6.28318530718,-2.236901112349E-03));
#4675 = ( GEOMETRIC_REPRESENTATION_CONTEXT(2) 
PARAMETRIC_REPRESENTATION_CONTEXT() REPRESENTATION_CONTEXT('2D SPACE',''
  ) );
#4676 = PCURVE('',#4677,#4682);
#4677 = B_SPLINE_SURFACE_WITH_KNOTS('',1,1,(
    (#4678,#4679)
    ,(#4680,#4681
    )),.UNSPECIFIED.,.F.,.F.,.F.,(2,2),(2,2),(0.,1.893400776149E-03),(
    -2.236901112349E-03,0.),.PIECEWISE_BEZIER_KNOTS.);
#4678 = CARTESIAN_POINT('',(15.109,8.881784197001E-16,12.203993230268));
#4679 = CARTESIAN_POINT('',(15.109,8.881784197001E-16,9.967092117918));
#4680 = CARTESIAN_POINT('',(13.31609684628,0.608658180346,
    12.203993230268));
#4681 = CARTESIAN_POINT('',(13.31609684628,0.608658180346,9.967092117918
    ));
#4682 = DEFINITIONAL_REPRESENTATION('',(#4683),#4686);
#4683 = B_SPLINE_CURVE_WITH_KNOTS('',1,(#4684,#4685),.UNSPECIFIED.,.F.,
  .F.,(2,2),(0.,2.236901112349E-03),.PIECEWISE_BEZIER_KNOTS.);
#4684 = CARTESIAN_POINT('',(0.,0.));
#4685 = CARTESIAN_POINT('',(0.,-2.236901112349E-03));
#4686 = ( GEOMETRIC_REPRESENTATION_CONTEXT(2) 
PARAMETRIC_REPRESENTATION_CONTEXT() REPRESENTATION_CONTEXT('2D SPACE',''
  ) );
#4687 = ORIENTED_EDGE('',*,*,#4688,.F.);
#4688 = EDGE_CURVE('',#4585,#4663,#4689,.T.);
#4689 = SURFACE_CURVE('',#4690,(#4694,#4701),.PCURVE_S1.);
#4690 = ( BOUNDED_CURVE() B_SPLINE_CURVE(2,(#4691,#4692,#4693),
.UNSPECIFIED.,.F.,.F.) B_SPLINE_CURVE_WITH_KNOTS((3,3),(5.857139434353,
6.28318530718),.PIECEWISE_BEZIER_KNOTS.) CURVE() 
GEOMETRIC_REPRESENTATION_ITEM() RATIONAL_B_SPLINE_CURVE((1.,
0.977396285971,1.)) REPRESENTATION_ITEM('') );
#4691 = CARTESIAN_POINT('',(13.758361157885,6.244147599889,
    9.967092117918));
#4692 = CARTESIAN_POINT('',(15.109,3.268148604604,9.967092117918));
#4693 = CARTESIAN_POINT('',(15.109,4.440892098501E-15,9.967092117918));
#4694 = PCURVE('',#4598,#4695);
#4695 = DEFINITIONAL_REPRESENTATION('',(#4696),#4700);
#4696 = B_SPLINE_CURVE_WITH_KNOTS('',2,(#4697,#4698,#4699),
  .UNSPECIFIED.,.F.,.F.,(3,3),(5.857139434353,6.28318530718),
  .PIECEWISE_BEZIER_KNOTS.);
#4697 = CARTESIAN_POINT('',(5.857139434353,0.));
#4698 = CARTESIAN_POINT('',(6.070162370766,0.));
#4699 = CARTESIAN_POINT('',(6.28318530718,0.));
#4700 = ( GEOMETRIC_REPRESENTATION_CONTEXT(2) 
PARAMETRIC_REPRESENTATION_CONTEXT() REPRESENTATION_CONTEXT('2D SPACE',''
  ) );
#4701 = PCURVE('',#4624,#4702);
#4702 = DEFINITIONAL_REPRESENTATION('',(#4703),#4707);
#4703 = ( BOUNDED_CURVE() B_SPLINE_CURVE(2,(#4704,#4705,#4706),
.UNSPECIFIED.,.F.,.F.) B_SPLINE_CURVE_WITH_KNOTS((3,3),(5.857139434353,
6.28318530718),.PIECEWISE_BEZIER_KNOTS.) CURVE() 
GEOMETRIC_REPRESENTATION_ITEM() RATIONAL_B_SPLINE_CURVE((1.,
0.977396285971,1.)) REPRESENTATION_ITEM('') );
#4704 = CARTESIAN_POINT('',(1.078634977129E-04,3.24481721672E-03));
#4705 = CARTESIAN_POINT('',(-1.242775344402E-03,2.688182214338E-04));
#4706 = CARTESIAN_POINT('',(-1.242775344402E-03,-2.99933038317E-03));
#4707 = ( GEOMETRIC_REPRESENTATION_CONTEXT(2) 
PARAMETRIC_REPRESENTATION_CONTEXT() REPRESENTATION_CONTEXT('2D SPACE',''
  ) );
#4708 = ADVANCED_FACE('',(#4709),#4677,.T.);
#4709 = FACE_BOUND('',#4710,.T.);
#4710 = EDGE_LOOP('',(#4711,#4712,#4732,#4753));
#4711 = ORIENTED_EDGE('',*,*,#4662,.T.);
#4712 = ORIENTED_EDGE('',*,*,#4713,.T.);
#4713 = EDGE_CURVE('',#4640,#4714,#4716,.T.);
#4714 = VERTEX_POINT('',#4715);
#4715 = CARTESIAN_POINT('',(13.31609684628,0.608658180346,
    12.203993230268));
#4716 = SURFACE_CURVE('',#4717,(#4720,#4726),.PCURVE_S1.);
#4717 = B_SPLINE_CURVE_WITH_KNOTS('',1,(#4718,#4719),.UNSPECIFIED.,.F.,
  .F.,(2,2),(0.,1.893400776149E-03),.PIECEWISE_BEZIER_KNOTS.);
#4718 = CARTESIAN_POINT('',(15.109,8.881784197001E-16,12.203993230268));
#4719 = CARTESIAN_POINT('',(13.31609684628,0.608658180346,
    12.203993230268));
#4720 = PCURVE('',#4677,#4721);
#4721 = DEFINITIONAL_REPRESENTATION('',(#4722),#4725);
#4722 = B_SPLINE_CURVE_WITH_KNOTS('',1,(#4723,#4724),.UNSPECIFIED.,.F.,
  .F.,(2,2),(0.,1.893400776149E-03),.PIECEWISE_BEZIER_KNOTS.);
#4723 = CARTESIAN_POINT('',(0.,-2.236901112349E-03));
#4724 = CARTESIAN_POINT('',(1.893400776149E-03,-2.236901112349E-03));
#4725 = ( GEOMETRIC_REPRESENTATION_CONTEXT(2) 
PARAMETRIC_REPRESENTATION_CONTEXT() REPRESENTATION_CONTEXT('2D SPACE',''
  ) );
#4726 = PCURVE('',#4573,#4727);
#4727 = DEFINITIONAL_REPRESENTATION('',(#4728),#4731);
#4728 = B_SPLINE_CURVE_WITH_KNOTS('',1,(#4729,#4730),.UNSPECIFIED.,.F.,
  .F.,(2,2),(0.,1.893400776149E-03),.PIECEWISE_BEZIER_KNOTS.);
#4729 = CARTESIAN_POINT('',(-1.242775344402E-03,-2.99933038317E-03));
#4730 = CARTESIAN_POINT('',(5.501278093181E-04,-2.390672202824E-03));
#4731 = ( GEOMETRIC_REPRESENTATION_CONTEXT(2) 
PARAMETRIC_REPRESENTATION_CONTEXT() REPRESENTATION_CONTEXT('2D SPACE',''
  ) );
#4732 = ORIENTED_EDGE('',*,*,#4733,.F.);
#4733 = EDGE_CURVE('',#4734,#4714,#4736,.T.);
#4734 = VERTEX_POINT('',#4735);
#4735 = CARTESIAN_POINT('',(13.31609684628,0.608658180346,9.967092117918
    ));
#4736 = SURFACE_CURVE('',#4737,(#4740,#4746),.PCURVE_S1.);
#4737 = B_SPLINE_CURVE_WITH_KNOTS('',1,(#4738,#4739),.UNSPECIFIED.,.F.,
  .F.,(2,2),(0.,2.236901112349E-03),.PIECEWISE_BEZIER_KNOTS.);
#4738 = CARTESIAN_POINT('',(13.31609684628,0.608658180346,9.967092117918
    ));
#4739 = CARTESIAN_POINT('',(13.31609684628,0.608658180346,
    12.203993230268));
#4740 = PCURVE('',#4677,#4741);
#4741 = DEFINITIONAL_REPRESENTATION('',(#4742),#4745);
#4742 = B_SPLINE_CURVE_WITH_KNOTS('',1,(#4743,#4744),.UNSPECIFIED.,.F.,
  .F.,(2,2),(0.,2.236901112349E-03),.PIECEWISE_BEZIER_KNOTS.);
#4743 = CARTESIAN_POINT('',(1.893400776149E-03,0.));
#4744 = CARTESIAN_POINT('',(1.893400776149E-03,-2.236901112349E-03));
#4745 = ( GEOMETRIC_REPRESENTATION_CONTEXT(2) 
PARAMETRIC_REPRESENTATION_CONTEXT() REPRESENTATION_CONTEXT('2D SPACE',''
  ) );
#4746 = PCURVE('',#4545,#4747);
#4747 = DEFINITIONAL_REPRESENTATION('',(#4748),#4752);
#4748 = B_SPLINE_CURVE_WITH_KNOTS('',2,(#4749,#4750,#4751),
  .UNSPECIFIED.,.F.,.F.,(3,3),(0.,2.236901112349E-03),
  .PIECEWISE_BEZIER_KNOTS.);
#4749 = CARTESIAN_POINT('',(3.187269313626,0.));
#4750 = CARTESIAN_POINT('',(3.187269313626,-1.118450556175E-03));
#4751 = CARTESIAN_POINT('',(3.187269313626,-2.236901112349E-03));
#4752 = ( GEOMETRIC_REPRESENTATION_CONTEXT(2) 
PARAMETRIC_REPRESENTATION_CONTEXT() REPRESENTATION_CONTEXT('2D SPACE',''
  ) );
#4753 = ORIENTED_EDGE('',*,*,#4754,.F.);
#4754 = EDGE_CURVE('',#4663,#4734,#4755,.T.);
#4755 = SURFACE_CURVE('',#4756,(#4759,#4765),.PCURVE_S1.);
#4756 = B_SPLINE_CURVE_WITH_KNOTS('',1,(#4757,#4758),.UNSPECIFIED.,.F.,
  .F.,(2,2),(0.,1.893400776149E-03),.PIECEWISE_BEZIER_KNOTS.);
#4757 = CARTESIAN_POINT('',(15.109,8.881784197001E-16,9.967092117918));
#4758 = CARTESIAN_POINT('',(13.31609684628,0.608658180346,9.967092117918
    ));
#4759 = PCURVE('',#4677,#4760);
#4760 = DEFINITIONAL_REPRESENTATION('',(#4761),#4764);
#4761 = B_SPLINE_CURVE_WITH_KNOTS('',1,(#4762,#4763),.UNSPECIFIED.,.F.,
  .F.,(2,2),(0.,1.893400776149E-03),.PIECEWISE_BEZIER_KNOTS.);
#4762 = CARTESIAN_POINT('',(0.,0.));
#4763 = CARTESIAN_POINT('',(1.893400776149E-03,0.));
#4764 = ( GEOMETRIC_REPRESENTATION_CONTEXT(2) 
PARAMETRIC_REPRESENTATION_CONTEXT() REPRESENTATION_CONTEXT('2D SPACE',''
  ) );
#4765 = PCURVE('',#4624,#4766);
#4766 = DEFINITIONAL_REPRESENTATION('',(#4767),#4770);
#4767 = B_SPLINE_CURVE_WITH_KNOTS('',1,(#4768,#4769),.UNSPECIFIED.,.F.,
  .F.,(2,2),(0.,1.893400776149E-03),.PIECEWISE_BEZIER_KNOTS.);
#4768 = CARTESIAN_POINT('',(-1.242775344402E-03,-2.99933038317E-03));
#4769 = CARTESIAN_POINT('',(5.501278093181E-04,-2.390672202824E-03));
#4770 = ( GEOMETRIC_REPRESENTATION_CONTEXT(2) 
PARAMETRIC_REPRESENTATION_CONTEXT() REPRESENTATION_CONTEXT('2D SPACE',''
  ) );
#4771 = ADVANCED_FACE('',(#4772),#4545,.T.);
#4772 = FACE_BOUND('',#4773,.T.);
#4773 = EDGE_LOOP('',(#4774,#4775,#4796,#4797));
#4774 = ORIENTED_EDGE('',*,*,#4733,.T.);
#4775 = ORIENTED_EDGE('',*,*,#4776,.T.);
#4776 = EDGE_CURVE('',#4714,#4527,#4777,.T.);
#4777 = SURFACE_CURVE('',#4778,(#4782,#4789),.PCURVE_S1.);
#4778 = ( BOUNDED_CURVE() B_SPLINE_CURVE(2,(#4779,#4780,#4781),
.UNSPECIFIED.,.F.,.F.) B_SPLINE_CURVE_WITH_KNOTS((3,3),(3.187269313626,
3.52196186638),.PIECEWISE_BEZIER_KNOTS.) CURVE() 
GEOMETRIC_REPRESENTATION_ITEM() RATIONAL_B_SPLINE_CURVE((1.,
0.986030259214,1.)) REPRESENTATION_ITEM('') );
#4779 = CARTESIAN_POINT('',(13.31609684628,0.608658180346,
    12.203993230268));
#4780 = CARTESIAN_POINT('',(13.213278568532,2.858095037129,
    12.203993230268));
#4781 = CARTESIAN_POINT('',(12.377273223936,4.948940042074,
    12.203993230268));
#4782 = PCURVE('',#4545,#4783);
#4783 = DEFINITIONAL_REPRESENTATION('',(#4784),#4788);
#4784 = B_SPLINE_CURVE_WITH_KNOTS('',2,(#4785,#4786,#4787),
  .UNSPECIFIED.,.F.,.F.,(3,3),(3.187269313626,3.52196186638),
  .PIECEWISE_BEZIER_KNOTS.);
#4785 = CARTESIAN_POINT('',(3.187269313626,-2.236901112349E-03));
#4786 = CARTESIAN_POINT('',(3.354615590003,-2.236901112349E-03));
#4787 = CARTESIAN_POINT('',(3.52196186638,-2.236901112349E-03));
#4788 = ( GEOMETRIC_REPRESENTATION_CONTEXT(2) 
PARAMETRIC_REPRESENTATION_CONTEXT() REPRESENTATION_CONTEXT('2D SPACE',''
  ) );
#4789 = PCURVE('',#4573,#4790);
#4790 = DEFINITIONAL_REPRESENTATION('',(#4791),#4795);
#4791 = ( BOUNDED_CURVE() B_SPLINE_CURVE(2,(#4792,#4793,#4794),
.UNSPECIFIED.,.F.,.F.) B_SPLINE_CURVE_WITH_KNOTS((3,3),(3.187269313626,
3.52196186638),.PIECEWISE_BEZIER_KNOTS.) CURVE() 
GEOMETRIC_REPRESENTATION_ITEM() RATIONAL_B_SPLINE_CURVE((1.,
0.986030259214,1.)) REPRESENTATION_ITEM('') );
#4792 = CARTESIAN_POINT('',(5.501278093181E-04,-2.390672202824E-03));
#4793 = CARTESIAN_POINT('',(6.529460870656E-04,-1.412353460404E-04));
#4794 = CARTESIAN_POINT('',(1.488951431662E-03,1.949609658904E-03));
#4795 = ( GEOMETRIC_REPRESENTATION_CONTEXT(2) 
PARAMETRIC_REPRESENTATION_CONTEXT() REPRESENTATION_CONTEXT('2D SPACE',''
  ) );
#4796 = ORIENTED_EDGE('',*,*,#4524,.F.);
#4797 = ORIENTED_EDGE('',*,*,#4798,.F.);
#4798 = EDGE_CURVE('',#4734,#4525,#4799,.T.);
#4799 = SURFACE_CURVE('',#4800,(#4804,#4811),.PCURVE_S1.);
#4800 = ( BOUNDED_CURVE() B_SPLINE_CURVE(2,(#4801,#4802,#4803),
.UNSPECIFIED.,.F.,.F.) B_SPLINE_CURVE_WITH_KNOTS((3,3),(3.187269313626,
3.52196186638),.PIECEWISE_BEZIER_KNOTS.) CURVE() 
GEOMETRIC_REPRESENTATION_ITEM() RATIONAL_B_SPLINE_CURVE((1.,
0.986030259214,1.)) REPRESENTATION_ITEM('') );
#4801 = CARTESIAN_POINT('',(13.31609684628,0.608658180346,9.967092117918
    ));
#4802 = CARTESIAN_POINT('',(13.213278568532,2.858095037129,
    9.967092117918));
#4803 = CARTESIAN_POINT('',(12.377273223936,4.948940042074,
    9.967092117918));
#4804 = PCURVE('',#4545,#4805);
#4805 = DEFINITIONAL_REPRESENTATION('',(#4806),#4810);
#4806 = B_SPLINE_CURVE_WITH_KNOTS('',2,(#4807,#4808,#4809),
  .UNSPECIFIED.,.F.,.F.,(3,3),(3.187269313626,3.52196186638),
  .PIECEWISE_BEZIER_KNOTS.);
#4807 = CARTESIAN_POINT('',(3.187269313626,0.));
#4808 = CARTESIAN_POINT('',(3.354615590003,0.));
#4809 = CARTESIAN_POINT('',(3.52196186638,0.));
#4810 = ( GEOMETRIC_REPRESENTATION_CONTEXT(2) 
PARAMETRIC_REPRESENTATION_CONTEXT() REPRESENTATION_CONTEXT('2D SPACE',''
  ) );
#4811 = PCURVE('',#4624,#4812);
#4812 = DEFINITIONAL_REPRESENTATION('',(#4813),#4817);
#4813 = ( BOUNDED_CURVE() B_SPLINE_CURVE(2,(#4814,#4815,#4816),
.UNSPECIFIED.,.F.,.F.) B_SPLINE_CURVE_WITH_KNOTS((3,3),(3.187269313626,
3.52196186638),.PIECEWISE_BEZIER_KNOTS.) CURVE() 
GEOMETRIC_REPRESENTATION_ITEM() RATIONAL_B_SPLINE_CURVE((1.,
0.986030259214,1.)) REPRESENTATION_ITEM('') );
#4814 = CARTESIAN_POINT('',(5.501278093181E-04,-2.390672202824E-03));
#4815 = CARTESIAN_POINT('',(6.529460870656E-04,-1.412353460404E-04));
#4816 = CARTESIAN_POINT('',(1.488951431662E-03,1.949609658904E-03));
#4817 = ( GEOMETRIC_REPRESENTATION_CONTEXT(2) 
PARAMETRIC_REPRESENTATION_CONTEXT() REPRESENTATION_CONTEXT('2D SPACE',''
  ) );
#4818 = ADVANCED_FACE('',(#4819),#4624,.T.);
#4819 = FACE_BOUND('',#4820,.T.);
#4820 = EDGE_LOOP('',(#4821,#4822,#4823,#4824));
#4821 = ORIENTED_EDGE('',*,*,#4612,.T.);
#4822 = ORIENTED_EDGE('',*,*,#4688,.T.);
#4823 = ORIENTED_EDGE('',*,*,#4754,.T.);
#4824 = ORIENTED_EDGE('',*,*,#4798,.T.);
#4825 = ADVANCED_FACE('',(#4826),#4573,.F.);
#4826 = FACE_BOUND('',#4827,.F.);
#4827 = EDGE_LOOP('',(#4828,#4829,#4830,#4831));
#4828 = ORIENTED_EDGE('',*,*,#4559,.T.);
#4829 = ORIENTED_EDGE('',*,*,#4639,.T.);
#4830 = ORIENTED_EDGE('',*,*,#4713,.T.);
#4831 = ORIENTED_EDGE('',*,*,#4776,.T.);
#4832 = ( GEOMETRIC_REPRESENTATION_CONTEXT(3) 
GLOBAL_UNCERTAINTY_ASSIGNED_CONTEXT((#4836)) 
GLOBAL_UNIT_ASSIGNED_CONTEXT((#4833,#4834,#4835)) REPRESENTATION_CONTEXT
('Context #1','3D Context with UNIT and UNCERTAINTY') );
#4833 = ( LENGTH_UNIT() NAMED_UNIT(*) SI_UNIT(.MILLI.,.METRE.) );
#4834 = ( NAMED_UNIT(*) PLANE_ANGLE_UNIT() SI_UNIT($,.RADIAN.) );
#4835 = ( NAMED_UNIT(*) SI_UNIT($,.STERADIAN.) SOLID_ANGLE_UNIT() );
#4836 = UNCERTAINTY_MEASURE_WITH_UNIT(LENGTH_MEASURE(1.E-04),#4833,
  'distance_accuracy_value','confusion accuracy');
#4837 = CONTEXT_DEPENDENT_SHAPE_REPRESENTATION(#4838,#4840);
#4838 = ( REPRESENTATION_RELATIONSHIP('','',#4517,#10) 
REPRESENTATION_RELATIONSHIP_WITH_TRANSFORMATION(#4839) 
SHAPE_REPRESENTATION_RELATIONSHIP() );
#4839 = ITEM_DEFINED_TRANSFORMATION('','',#11,#67);
#4840 = PRODUCT_DEFINITION_SHAPE('Placement','Placement of an item',
  #4841);
#4841 = NEXT_ASSEMBLY_USAGE_OCCURRENCE('56','','',#5,#4512,$);
#4842 = PRODUCT_RELATED_PRODUCT_CATEGORY('part',$,(#4514));
#4843 = SHAPE_DEFINITION_REPRESENTATION(#4844,#4850);
#4844 = PRODUCT_DEFINITION_SHAPE('','',#4845);
#4845 = PRODUCT_DEFINITION('design','',#4846,#4849);
#4846 = PRODUCT_DEFINITION_FORMATION('','',#4847);
#4847 = PRODUCT('Open CASCADE STEP translator 7.7 2.15',
  'Open CASCADE STEP translator 7.7 2.15','',(#4848));
#4848 = PRODUCT_CONTEXT('',#2,'mechanical');
#4849 = PRODUCT_DEFINITION_CONTEXT('part definition',#2,'design');
#4850 = ADVANCED_BREP_SHAPE_REPRESENTATION('',(#11,#4851),#7571);
#4851 = MANIFOLD_SOLID_BREP('',#4852);
#4852 = CLOSED_SHELL('',(#4853,#5148,#5429,#5698,#5916,#6194,#6435,#6669
    ,#6880,#6921,#6945,#6970,#6994,#7018,#7042,#7066,#7090,#7114,#7138,
    #7162,#7188,#7212,#7236,#7260,#7286,#7310,#7334,#7358,#7382,#7406,
    #7430,#7454,#7478,#7502,#7527,#7551,#7558));
#4853 = ADVANCED_FACE('',(#4854),#4867,.F.);
#4854 = FACE_BOUND('',#4855,.F.);
#4855 = EDGE_LOOP('',(#4856,#4894,#4922,#4951,#4980,#5008,#5037,#5065,
    #5093,#5121));
#4856 = ORIENTED_EDGE('',*,*,#4857,.T.);
#4857 = EDGE_CURVE('',#4858,#4860,#4862,.T.);
#4858 = VERTEX_POINT('',#4859);
#4859 = CARTESIAN_POINT('',(15.109,5.441513944211E-16,12.203993230268));
#4860 = VERTEX_POINT('',#4861);
#4861 = CARTESIAN_POINT('',(15.109,0.,16.992646372253));
#4862 = SURFACE_CURVE('',#4863,(#4866,#4880),.PCURVE_S1.);
#4863 = B_SPLINE_CURVE_WITH_KNOTS('',1,(#4864,#4865),.UNSPECIFIED.,.F.,
  .F.,(2,2),(0.,4.788653141985E-03),.PIECEWISE_BEZIER_KNOTS.);
#4864 = CARTESIAN_POINT('',(15.109,0.,12.203993230268));
#4865 = CARTESIAN_POINT('',(15.109,0.,16.992646372253));
#4866 = PCURVE('',#4867,#4874);
#4867 = ( BOUNDED_SURFACE() B_SPLINE_SURFACE(2,1,(
    (#4868,#4869)
    ,(#4870,#4871)
    ,(#4872,#4873
)),.UNSPECIFIED.,.F.,.F.,.F.) B_SPLINE_SURFACE_WITH_KNOTS((3,3),(2,2),(
    3.14159265359,4.712388980385),(-4.788653141985E-03,0.),
.PIECEWISE_BEZIER_KNOTS.) GEOMETRIC_REPRESENTATION_ITEM() 
RATIONAL_B_SPLINE_SURFACE((
    (1.,1.)
    ,(0.707106781187,0.707106781187)
,(1.,1.))) REPRESENTATION_ITEM('') SURFACE() );
#4868 = CARTESIAN_POINT('',(15.109,-1.850318848832E-15,16.992646372253)
  );
#4869 = CARTESIAN_POINT('',(15.109,-1.850318848832E-15,12.203993230268)
  );
#4870 = CARTESIAN_POINT('',(15.109,15.109,16.992646372253));
#4871 = CARTESIAN_POINT('',(15.109,15.109,12.203993230268));
#4872 = CARTESIAN_POINT('',(2.775478273248E-15,15.109,16.992646372253));
#4873 = CARTESIAN_POINT('',(2.775478273248E-15,15.109,12.203993230268));
#4874 = DEFINITIONAL_REPRESENTATION('',(#4875),#4879);
#4875 = B_SPLINE_CURVE_WITH_KNOTS('',2,(#4876,#4877,#4878),
  .UNSPECIFIED.,.F.,.F.,(3,3),(0.,4.788653141985E-03),
  .PIECEWISE_BEZIER_KNOTS.);
#4876 = CARTESIAN_POINT('',(3.14159265359,0.));
#4877 = CARTESIAN_POINT('',(3.14159265359,-2.394326570993E-03));
#4878 = CARTESIAN_POINT('',(3.14159265359,-4.788653141985E-03));
#4879 = ( GEOMETRIC_REPRESENTATION_CONTEXT(2) 
PARAMETRIC_REPRESENTATION_CONTEXT() REPRESENTATION_CONTEXT('2D SPACE',''
  ) );
#4880 = PCURVE('',#4881,#4888);
#4881 = ( BOUNDED_SURFACE() B_SPLINE_SURFACE(2,1,(
    (#4882,#4883)
    ,(#4884,#4885)
    ,(#4886,#4887
)),.UNSPECIFIED.,.F.,.F.,.F.) B_SPLINE_SURFACE_WITH_KNOTS((3,3),(2,2),(
    1.570796326795,3.14159265359),(-4.788653141985E-03,0.),
.PIECEWISE_BEZIER_KNOTS.) GEOMETRIC_REPRESENTATION_ITEM() 
RATIONAL_B_SPLINE_SURFACE((
    (1.,1.)
    ,(0.707106781187,0.707106781187)
,(1.,1.))) REPRESENTATION_ITEM('') SURFACE() );
#4882 = CARTESIAN_POINT('',(-1.434464716767E-14,-15.109,16.992646372253)
  );
#4883 = CARTESIAN_POINT('',(-1.434464716767E-14,-15.109,12.203993230268)
  );
#4884 = CARTESIAN_POINT('',(15.109,-15.109,16.992646372253));
#4885 = CARTESIAN_POINT('',(15.109,-15.109,12.203993230268));
#4886 = CARTESIAN_POINT('',(15.109,-1.850318848832E-15,16.992646372253)
  );
#4887 = CARTESIAN_POINT('',(15.109,-1.850318848832E-15,12.203993230268)
  );
#4888 = DEFINITIONAL_REPRESENTATION('',(#4889),#4893);
#4889 = B_SPLINE_CURVE_WITH_KNOTS('',2,(#4890,#4891,#4892),
  .UNSPECIFIED.,.F.,.F.,(3,3),(0.,4.788653141985E-03),
  .PIECEWISE_BEZIER_KNOTS.);
#4890 = CARTESIAN_POINT('',(3.14159265359,0.));
#4891 = CARTESIAN_POINT('',(3.14159265359,-2.394326570993E-03));
#4892 = CARTESIAN_POINT('',(3.14159265359,-4.788653141985E-03));
#4893 = ( GEOMETRIC_REPRESENTATION_CONTEXT(2) 
PARAMETRIC_REPRESENTATION_CONTEXT() REPRESENTATION_CONTEXT('2D SPACE',''
  ) );
#4894 = ORIENTED_EDGE('',*,*,#4895,.T.);
#4895 = EDGE_CURVE('',#4860,#4896,#4898,.T.);
#4896 = VERTEX_POINT('',#4897);
#4897 = CARTESIAN_POINT('',(0.,15.109,16.992646372253));
#4898 = SURFACE_CURVE('',#4899,(#4903,#4910),.PCURVE_S1.);
#4899 = ( BOUNDED_CURVE() B_SPLINE_CURVE(2,(#4900,#4901,#4902),
.UNSPECIFIED.,.F.,.F.) B_SPLINE_CURVE_WITH_KNOTS((3,3),(3.14159265359,
4.712388980385),.PIECEWISE_BEZIER_KNOTS.) CURVE() 
GEOMETRIC_REPRESENTATION_ITEM() RATIONAL_B_SPLINE_CURVE((1.,
0.707106781187,1.)) REPRESENTATION_ITEM('') );
#4900 = CARTESIAN_POINT('',(15.109,-1.850318848832E-15,16.992646372253)
  );
#4901 = CARTESIAN_POINT('',(15.109,15.109,16.992646372253));
#4902 = CARTESIAN_POINT('',(2.775478273248E-15,15.109,16.992646372253));
#4903 = PCURVE('',#4867,#4904);
#4904 = DEFINITIONAL_REPRESENTATION('',(#4905),#4909);
#4905 = B_SPLINE_CURVE_WITH_KNOTS('',2,(#4906,#4907,#4908),
  .UNSPECIFIED.,.F.,.F.,(3,3),(3.14159265359,4.712388980385),
  .PIECEWISE_BEZIER_KNOTS.);
#4906 = CARTESIAN_POINT('',(3.14159265359,-4.788653141985E-03));
#4907 = CARTESIAN_POINT('',(3.926990816987,-4.788653141985E-03));
#4908 = CARTESIAN_POINT('',(4.712388980385,-4.788653141985E-03));
#4909 = ( GEOMETRIC_REPRESENTATION_CONTEXT(2) 
PARAMETRIC_REPRESENTATION_CONTEXT() REPRESENTATION_CONTEXT('2D SPACE',''
  ) );
#4910 = PCURVE('',#4911,#4916);
#4911 = B_SPLINE_SURFACE_WITH_KNOTS('',1,1,(
    (#4912,#4913)
    ,(#4914,#4915
    )),.UNSPECIFIED.,.F.,.F.,.F.,(2,2),(2,2),(-1.5109E-02,1.5109E-02),(
    -1.5109E-02,1.5109E-02),.PIECEWISE_BEZIER_KNOTS.);
#4912 = CARTESIAN_POINT('',(-15.109,-15.109,16.992646372253));
#4913 = CARTESIAN_POINT('',(-15.109,15.109,16.992646372253));
#4914 = CARTESIAN_POINT('',(15.109,-15.109,16.992646372253));
#4915 = CARTESIAN_POINT('',(15.109,15.109,16.992646372253));
#4916 = DEFINITIONAL_REPRESENTATION('',(#4917),#4921);
#4917 = ( BOUNDED_CURVE() B_SPLINE_CURVE(2,(#4918,#4919,#4920),
.UNSPECIFIED.,.F.,.F.) B_SPLINE_CURVE_WITH_KNOTS((3,3),(3.14159265359,
4.712388980385),.PIECEWISE_BEZIER_KNOTS.) CURVE() 
GEOMETRIC_REPRESENTATION_ITEM() RATIONAL_B_SPLINE_CURVE((1.,
0.707106781187,1.)) REPRESENTATION_ITEM('') );
#4918 = CARTESIAN_POINT('',(1.5109E-02,-1.051205772416E-18));
#4919 = CARTESIAN_POINT('',(1.5109E-02,1.5109E-02));
#4920 = CARTESIAN_POINT('',(2.631074981705E-18,1.5109E-02));
#4921 = ( GEOMETRIC_REPRESENTATION_CONTEXT(2) 
PARAMETRIC_REPRESENTATION_CONTEXT() REPRESENTATION_CONTEXT('2D SPACE',''
  ) );
#4922 = ORIENTED_EDGE('',*,*,#4923,.F.);
#4923 = EDGE_CURVE('',#4924,#4896,#4926,.T.);
#4924 = VERTEX_POINT('',#4925);
#4925 = CARTESIAN_POINT('',(0.,15.109,12.203993230268));
#4926 = SURFACE_CURVE('',#4927,(#4930,#4937),.PCURVE_S1.);
#4927 = B_SPLINE_CURVE_WITH_KNOTS('',1,(#4928,#4929),.UNSPECIFIED.,.F.,
  .F.,(2,2),(0.,4.788653141985E-03),.PIECEWISE_BEZIER_KNOTS.);
#4928 = CARTESIAN_POINT('',(0.,15.109,12.203993230268));
#4929 = CARTESIAN_POINT('',(0.,15.109,16.992646372253));
#4930 = PCURVE('',#4867,#4931);
#4931 = DEFINITIONAL_REPRESENTATION('',(#4932),#4936);
#4932 = B_SPLINE_CURVE_WITH_KNOTS('',2,(#4933,#4934,#4935),
  .UNSPECIFIED.,.F.,.F.,(3,3),(0.,4.788653141985E-03),
  .PIECEWISE_BEZIER_KNOTS.);
#4933 = CARTESIAN_POINT('',(4.712388980385,0.));
#4934 = CARTESIAN_POINT('',(4.712388980385,-2.394326570993E-03));
#4935 = CARTESIAN_POINT('',(4.712388980385,-4.788653141985E-03));
#4936 = ( GEOMETRIC_REPRESENTATION_CONTEXT(2) 
PARAMETRIC_REPRESENTATION_CONTEXT() REPRESENTATION_CONTEXT('2D SPACE',''
  ) );
#4937 = PCURVE('',#4938,#4945);
#4938 = ( BOUNDED_SURFACE() B_SPLINE_SURFACE(2,1,(
    (#4939,#4940)
    ,(#4941,#4942)
    ,(#4943,#4944
)),.UNSPECIFIED.,.F.,.F.,.F.) B_SPLINE_SURFACE_WITH_KNOTS((3,3),(2,2),(
    4.712388980385,6.28318530718),(-4.788653141985E-03,0.),
.PIECEWISE_BEZIER_KNOTS.) GEOMETRIC_REPRESENTATION_ITEM() 
RATIONAL_B_SPLINE_SURFACE((
    (1.,1.)
    ,(0.707106781187,0.707106781187)
,(1.,1.))) REPRESENTATION_ITEM('') SURFACE() );
#4939 = CARTESIAN_POINT('',(1.61949660165E-14,15.109,16.992646372253));
#4940 = CARTESIAN_POINT('',(1.61949660165E-14,15.109,12.203993230268));
#4941 = CARTESIAN_POINT('',(-15.109,15.109,16.992646372253));
#4942 = CARTESIAN_POINT('',(-15.109,15.109,12.203993230268));
#4943 = CARTESIAN_POINT('',(-15.109,3.700637697663E-15,16.992646372253)
  );
#4944 = CARTESIAN_POINT('',(-15.109,3.700637697663E-15,12.203993230268)
  );
#4945 = DEFINITIONAL_REPRESENTATION('',(#4946),#4950);
#4946 = B_SPLINE_CURVE_WITH_KNOTS('',2,(#4947,#4948,#4949),
  .UNSPECIFIED.,.F.,.F.,(3,3),(0.,4.788653141985E-03),
  .PIECEWISE_BEZIER_KNOTS.);
#4947 = CARTESIAN_POINT('',(4.712388980385,0.));
#4948 = CARTESIAN_POINT('',(4.712388980385,-2.394326570993E-03));
#4949 = CARTESIAN_POINT('',(4.712388980385,-4.788653141985E-03));
#4950 = ( GEOMETRIC_REPRESENTATION_CONTEXT(2) 
PARAMETRIC_REPRESENTATION_CONTEXT() REPRESENTATION_CONTEXT('2D SPACE',''
  ) );
#4951 = ORIENTED_EDGE('',*,*,#4952,.T.);
#4952 = EDGE_CURVE('',#4924,#4953,#4955,.T.);
#4953 = VERTEX_POINT('',#4954);
#4954 = CARTESIAN_POINT('',(3.362068791146,14.730185825155,
    12.203993230268));
#4955 = SURFACE_CURVE('',#4956,(#4960,#4968),.PCURVE_S1.);
#4956 = ( BOUNDED_CURVE() B_SPLINE_CURVE(2,(#4957,#4958,#4959),
.UNSPECIFIED.,.F.,.F.) B_SPLINE_CURVE_WITH_KNOTS((3,3),(6.058785831923,
6.28318530718),.PIECEWISE_BEZIER_KNOTS.) CURVE() 
GEOMETRIC_REPRESENTATION_ITEM() RATIONAL_B_SPLINE_CURVE((1.,
0.993712209893,1.)) REPRESENTATION_ITEM('') );
#4957 = CARTESIAN_POINT('',(9.540979117872E-15,15.109,12.203993230268));
#4958 = CARTESIAN_POINT('',(1.702375448951,15.109,12.203993230268));
#4959 = CARTESIAN_POINT('',(3.362068791146,14.730185825155,
    12.203993230268));
#4960 = PCURVE('',#4867,#4961);
#4961 = DEFINITIONAL_REPRESENTATION('',(#4962),#4967);
#4962 = B_SPLINE_CURVE_WITH_KNOTS('',3,(#4963,#4964,#4965,#4966),
  .UNSPECIFIED.,.F.,.F.,(4,4),(6.058785831923,6.28318530718),
  .PIECEWISE_BEZIER_KNOTS.);
#4963 = CARTESIAN_POINT('',(4.712388980385,0.));
#4964 = CARTESIAN_POINT('',(4.629482468216,4.371138598182E-18));
#4965 = CARTESIAN_POINT('',(4.549893706274,-4.484686437299E-19));
#4966 = CARTESIAN_POINT('',(4.473253261055,5.664877980108E-23));
#4967 = ( GEOMETRIC_REPRESENTATION_CONTEXT(2) 
PARAMETRIC_REPRESENTATION_CONTEXT() REPRESENTATION_CONTEXT('2D SPACE',''
  ) );
#4968 = PCURVE('',#4969,#4974);
#4969 = B_SPLINE_SURFACE_WITH_KNOTS('',1,1,(
    (#4970,#4971)
    ,(#4972,#4973
    )),.UNSPECIFIED.,.F.,.F.,.F.,(2,2),(2,2),(-1.242775344402E-03,
    1.488951431662E-03),(-2.99933038317E-03,3.24481721672E-03),
  .PIECEWISE_BEZIER_KNOTS.);
#4970 = CARTESIAN_POINT('',(3.362068791146,14.730185825155,
    12.203993230268));
#4971 = CARTESIAN_POINT('',(-2.725524991769,16.119639380844,
    12.203993230268));
#4972 = CARTESIAN_POINT('',(2.754202397623,12.066949142716,
    12.203993230268));
#4973 = CARTESIAN_POINT('',(-3.333391385293,13.456402698404,
    12.203993230268));
#4974 = DEFINITIONAL_REPRESENTATION('',(#4975),#4979);
#4975 = ( BOUNDED_CURVE() B_SPLINE_CURVE(2,(#4976,#4977,#4978),
.UNSPECIFIED.,.F.,.F.) B_SPLINE_CURVE_WITH_KNOTS((3,3),(6.058785831923,
6.28318530718),.PIECEWISE_BEZIER_KNOTS.) CURVE() 
GEOMETRIC_REPRESENTATION_ITEM() RATIONAL_B_SPLINE_CURVE((1.,
0.993712209893,1.)) REPRESENTATION_ITEM('') );
#4976 = CARTESIAN_POINT('',(-8.639611695574E-04,3.627384079762E-04));
#4977 = CARTESIAN_POINT('',(-1.242775344402E-03,-1.296954934219E-03));
#4978 = CARTESIAN_POINT('',(-1.242775344402E-03,-2.99933038317E-03));
#4979 = ( GEOMETRIC_REPRESENTATION_CONTEXT(2) 
PARAMETRIC_REPRESENTATION_CONTEXT() REPRESENTATION_CONTEXT('2D SPACE',''
  ) );
#4980 = ORIENTED_EDGE('',*,*,#4981,.F.);
#4981 = EDGE_CURVE('',#4982,#4953,#4984,.T.);
#4982 = VERTEX_POINT('',#4983);
#4983 = CARTESIAN_POINT('',(3.69632669746,14.649882250231,
    12.203993230268));
#4984 = SURFACE_CURVE('',#4985,(#4989,#4996),.PCURVE_S1.);
#4985 = ( BOUNDED_CURVE() B_SPLINE_CURVE(2,(#4986,#4987,#4988),
.UNSPECIFIED.,.F.,.F.) B_SPLINE_CURVE_WITH_KNOTS((3,3),(4.465236427442,
4.487989505128),.PIECEWISE_BEZIER_KNOTS.) CURVE() 
GEOMETRIC_REPRESENTATION_ITEM() RATIONAL_B_SPLINE_CURVE((1.,
0.99993528788,1.)) REPRESENTATION_ITEM('') );
#4986 = CARTESIAN_POINT('',(3.69632669746,14.649882250231,
    12.203993230268));
#4987 = CARTESIAN_POINT('',(3.52965455238,14.691935468753,
    12.203993230268));
#4988 = CARTESIAN_POINT('',(3.362068791146,14.730185825155,
    12.203993230268));
#4989 = PCURVE('',#4867,#4990);
#4990 = DEFINITIONAL_REPRESENTATION('',(#4991),#4995);
#4991 = B_SPLINE_CURVE_WITH_KNOTS('',2,(#4992,#4993,#4994),
  .UNSPECIFIED.,.F.,.F.,(3,3),(4.465236427442,4.487989505128),
  .PIECEWISE_BEZIER_KNOTS.);
#4992 = CARTESIAN_POINT('',(4.449966919211,1.734723478336E-18));
#4993 = CARTESIAN_POINT('',(4.461572743608,2.497105362244E-18));
#4994 = CARTESIAN_POINT('',(4.473253261055,5.664877980166E-23));
#4995 = ( GEOMETRIC_REPRESENTATION_CONTEXT(2) 
PARAMETRIC_REPRESENTATION_CONTEXT() REPRESENTATION_CONTEXT('2D SPACE',''
  ) );
#4996 = PCURVE('',#4997,#5002);
#4997 = B_SPLINE_SURFACE_WITH_KNOTS('',1,1,(
    (#4998,#4999)
    ,(#5000,#5001
    )),.UNSPECIFIED.,.F.,.F.,.F.,(2,2),(2,2),(2.36971245789E-03,
    3.847866500203E-03),(1.276255551982E-02,1.473018582516E-02),
  .PIECEWISE_BEZIER_KNOTS.);
#4998 = CARTESIAN_POINT('',(2.36971245789,12.762555519825,
    12.203993230268));
#4999 = CARTESIAN_POINT('',(2.36971245789,14.730185825155,
    12.203993230268));
#5000 = CARTESIAN_POINT('',(3.847866500203,12.762555519825,
    12.203993230268));
#5001 = CARTESIAN_POINT('',(3.847866500203,14.730185825155,
    12.203993230268));
#5002 = DEFINITIONAL_REPRESENTATION('',(#5003),#5007);
#5003 = ( BOUNDED_CURVE() B_SPLINE_CURVE(2,(#5004,#5005,#5006),
.UNSPECIFIED.,.F.,.F.) B_SPLINE_CURVE_WITH_KNOTS((3,3),(4.465236427442,
4.487989505128),.PIECEWISE_BEZIER_KNOTS.) CURVE() 
GEOMETRIC_REPRESENTATION_ITEM() RATIONAL_B_SPLINE_CURVE((1.,
0.99993528788,1.)) REPRESENTATION_ITEM('') );
#5004 = CARTESIAN_POINT('',(3.69632669746E-03,1.464988225023E-02));
#5005 = CARTESIAN_POINT('',(3.52965455238E-03,1.469193546875E-02));
#5006 = CARTESIAN_POINT('',(3.362068791146E-03,1.473018582516E-02));
#5007 = ( GEOMETRIC_REPRESENTATION_CONTEXT(2) 
PARAMETRIC_REPRESENTATION_CONTEXT() REPRESENTATION_CONTEXT('2D SPACE',''
  ) );
#5008 = ORIENTED_EDGE('',*,*,#5009,.T.);
#5009 = EDGE_CURVE('',#4982,#5010,#5012,.T.);
#5010 = VERTEX_POINT('',#5011);
#5011 = CARTESIAN_POINT('',(9.420307416284,11.812691868609,
    12.203993230268));
#5012 = SURFACE_CURVE('',#5013,(#5017,#5025),.PCURVE_S1.);
#5013 = ( BOUNDED_CURVE() B_SPLINE_CURVE(2,(#5014,#5015,#5016),
.UNSPECIFIED.,.F.,.F.) B_SPLINE_CURVE_WITH_KNOTS((3,3),(5.857139434353,
6.28318530718),.PIECEWISE_BEZIER_KNOTS.) CURVE() 
GEOMETRIC_REPRESENTATION_ITEM() RATIONAL_B_SPLINE_CURVE((1.,
0.977396285971,1.)) REPRESENTATION_ITEM('') );
#5014 = CARTESIAN_POINT('',(3.69632669746,14.649882250231,
    12.203993230268));
#5015 = CARTESIAN_POINT('',(6.865165947821,13.850349194539,
    12.203993230268));
#5016 = CARTESIAN_POINT('',(9.420307416284,11.812691868609,
    12.203993230268));
#5017 = PCURVE('',#4867,#5018);
#5018 = DEFINITIONAL_REPRESENTATION('',(#5019),#5024);
#5019 = B_SPLINE_CURVE_WITH_KNOTS('',3,(#5020,#5021,#5022,#5023),
  .UNSPECIFIED.,.F.,.F.,(4,4),(5.857139434353,6.28318530718),
  .PIECEWISE_BEZIER_KNOTS.);
#5020 = CARTESIAN_POINT('',(4.449966919211,1.734723478336E-18));
#5021 = CARTESIAN_POINT('',(4.306180052445,-1.045904836563E-18));
#5022 = CARTESIAN_POINT('',(4.167520150305,4.067926895914E-18));
#5023 = CARTESIAN_POINT('',(4.03347457025,-9.212184555913E-22));
#5024 = ( GEOMETRIC_REPRESENTATION_CONTEXT(2) 
PARAMETRIC_REPRESENTATION_CONTEXT() REPRESENTATION_CONTEXT('2D SPACE',''
  ) );
#5025 = PCURVE('',#5026,#5031);
#5026 = B_SPLINE_SURFACE_WITH_KNOTS('',1,1,(
    (#5027,#5028)
    ,(#5029,#5030
    )),.UNSPECIFIED.,.F.,.F.,.F.,(2,2),(2,2),(-1.242775344402E-03,
    1.488951431662E-03),(-2.99933038317E-03,3.24481721672E-03),
  .PIECEWISE_BEZIER_KNOTS.);
#5027 = CARTESIAN_POINT('',(9.420307416284,11.812691868609,
    12.203993230268));
#5028 = CARTESIAN_POINT('',(4.538436241513,15.705854218441,
    12.203993230268));
#5029 = CARTESIAN_POINT('',(7.717103629943,9.676941873582,
    12.203993230268));
#5030 = CARTESIAN_POINT('',(2.835232455172,13.570104223413,
    12.203993230268));
#5031 = DEFINITIONAL_REPRESENTATION('',(#5032),#5036);
#5032 = ( BOUNDED_CURVE() B_SPLINE_CURVE(2,(#5033,#5034,#5035),
.UNSPECIFIED.,.F.,.F.) B_SPLINE_CURVE_WITH_KNOTS((3,3),(5.857139434353,
6.28318530718),.PIECEWISE_BEZIER_KNOTS.) CURVE() 
GEOMETRIC_REPRESENTATION_ITEM() RATIONAL_B_SPLINE_CURVE((1.,
0.977396285971,1.)) REPRESENTATION_ITEM('') );
#5033 = CARTESIAN_POINT('',(1.078634977129E-04,3.24481721672E-03));
#5034 = CARTESIAN_POINT('',(-1.242775344402E-03,2.688182214338E-04));
#5035 = CARTESIAN_POINT('',(-1.242775344402E-03,-2.99933038317E-03));
#5036 = ( GEOMETRIC_REPRESENTATION_CONTEXT(2) 
PARAMETRIC_REPRESENTATION_CONTEXT() REPRESENTATION_CONTEXT('2D SPACE',''
  ) );
#5037 = ORIENTED_EDGE('',*,*,#5038,.F.);
#5038 = EDGE_CURVE('',#5039,#5010,#5041,.T.);
#5039 = VERTEX_POINT('',#5040);
#5040 = CARTESIAN_POINT('',(9.68662096837,11.595311777401,
    12.203993230268));
#5041 = SURFACE_CURVE('',#5042,(#5046,#5053),.PCURVE_S1.);
#5042 = ( BOUNDED_CURVE() B_SPLINE_CURVE(2,(#5043,#5044,#5045),
.UNSPECIFIED.,.F.,.F.) B_SPLINE_CURVE_WITH_KNOTS((3,3),(4.016437476929,
4.039190554615),.PIECEWISE_BEZIER_KNOTS.) CURVE() 
GEOMETRIC_REPRESENTATION_ITEM() RATIONAL_B_SPLINE_CURVE((1.,
0.99993528788,1.)) REPRESENTATION_ITEM('') );
#5043 = CARTESIAN_POINT('',(9.68662096837,11.595311777401,
    12.203993230268));
#5044 = CARTESIAN_POINT('',(9.554700762201,11.705516751597,
    12.203993230268));
#5045 = CARTESIAN_POINT('',(9.420307416284,11.812691868609,
    12.203993230268));
#5046 = PCURVE('',#4867,#5047);
#5047 = DEFINITIONAL_REPRESENTATION('',(#5048),#5052);
#5048 = B_SPLINE_CURVE_WITH_KNOTS('',2,(#5049,#5050,#5051),
  .UNSPECIFIED.,.F.,.F.,(3,3),(4.016437476929,4.039190554615),
  .PIECEWISE_BEZIER_KNOTS.);
#5049 = CARTESIAN_POINT('',(4.011848152211,1.734353313833E-18));
#5050 = CARTESIAN_POINT('',(4.022655154427,6.063561120821E-18));
#5051 = CARTESIAN_POINT('',(4.03347457025,-9.212184555913E-22));
#5052 = ( GEOMETRIC_REPRESENTATION_CONTEXT(2) 
PARAMETRIC_REPRESENTATION_CONTEXT() REPRESENTATION_CONTEXT('2D SPACE',''
  ) );
#5053 = PCURVE('',#5054,#5059);
#5054 = B_SPLINE_SURFACE_WITH_KNOTS('',1,1,(
    (#5055,#5056)
    ,(#5057,#5058
    )),.UNSPECIFIED.,.F.,.F.,.F.,(2,2),(2,2),(7.826582456762E-03,
    9.68662096837E-03),(9.829138493505E-03,1.181269186861E-02),
  .PIECEWISE_BEZIER_KNOTS.);
#5055 = CARTESIAN_POINT('',(7.826582456762,9.829138493505,
    12.203993230268));
#5056 = CARTESIAN_POINT('',(7.826582456762,11.812691868609,
    12.203993230268));
#5057 = CARTESIAN_POINT('',(9.68662096837,9.829138493505,12.203993230268
    ));
#5058 = CARTESIAN_POINT('',(9.68662096837,11.812691868609,
    12.203993230268));
#5059 = DEFINITIONAL_REPRESENTATION('',(#5060),#5064);
#5060 = ( BOUNDED_CURVE() B_SPLINE_CURVE(2,(#5061,#5062,#5063),
.UNSPECIFIED.,.F.,.F.) B_SPLINE_CURVE_WITH_KNOTS((3,3),(4.016437476929,
4.039190554615),.PIECEWISE_BEZIER_KNOTS.) CURVE() 
GEOMETRIC_REPRESENTATION_ITEM() RATIONAL_B_SPLINE_CURVE((1.,
0.99993528788,1.)) REPRESENTATION_ITEM('') );
#5061 = CARTESIAN_POINT('',(9.68662096837E-03,1.15953117774E-02));
#5062 = CARTESIAN_POINT('',(9.554700762201E-03,1.17055167516E-02));
#5063 = CARTESIAN_POINT('',(9.420307416284E-03,1.181269186861E-02));
#5064 = ( GEOMETRIC_REPRESENTATION_CONTEXT(2) 
PARAMETRIC_REPRESENTATION_CONTEXT() REPRESENTATION_CONTEXT('2D SPACE',''
  ) );
#5065 = ORIENTED_EDGE('',*,*,#5066,.T.);
#5066 = EDGE_CURVE('',#5039,#5067,#5069,.T.);
#5067 = VERTEX_POINT('',#5068);
#5068 = CARTESIAN_POINT('',(13.612738625138,6.555549414327,
    12.203993230268));
#5069 = SURFACE_CURVE('',#5070,(#5074,#5081),.PCURVE_S1.);
#5070 = ( BOUNDED_CURVE() B_SPLINE_CURVE(2,(#5071,#5072,#5073),
.UNSPECIFIED.,.F.,.F.) B_SPLINE_CURVE_WITH_KNOTS((3,3),(5.857139434353,
6.28318530718),.PIECEWISE_BEZIER_KNOTS.) CURVE() 
GEOMETRIC_REPRESENTATION_ITEM() RATIONAL_B_SPLINE_CURVE((1.,
0.977396285971,1.)) REPRESENTATION_ITEM('') );
#5071 = CARTESIAN_POINT('',(9.68662096837,11.595311777401,
    12.203993230268));
#5072 = CARTESIAN_POINT('',(12.19474208858,9.500049562754,
    12.203993230268));
#5073 = CARTESIAN_POINT('',(13.612738625138,6.555549414327,
    12.203993230268));
#5074 = PCURVE('',#4867,#5075);
#5075 = DEFINITIONAL_REPRESENTATION('',(#5076),#5080);
#5076 = B_SPLINE_CURVE_WITH_KNOTS('',2,(#5077,#5078,#5079),
  .UNSPECIFIED.,.F.,.F.,(3,3),(5.857139434353,6.28318530718),
  .PIECEWISE_BEZIER_KNOTS.);
#5077 = CARTESIAN_POINT('',(4.011848152211,1.734353313833E-18));
#5078 = CARTESIAN_POINT('',(3.811029994521,2.031472341065E-18));
#5079 = CARTESIAN_POINT('',(3.604827258505,1.725670177726E-18));
#5080 = ( GEOMETRIC_REPRESENTATION_CONTEXT(2) 
PARAMETRIC_REPRESENTATION_CONTEXT() REPRESENTATION_CONTEXT('2D SPACE',''
  ) );
#5081 = PCURVE('',#5082,#5087);
#5082 = B_SPLINE_SURFACE_WITH_KNOTS('',1,1,(
    (#5083,#5084)
    ,(#5085,#5086
    )),.UNSPECIFIED.,.F.,.F.,.F.,(2,2),(2,2),(-1.242775344402E-03,
    1.488951431662E-03),(-2.99933038317E-03,3.24481721672E-03),
  .PIECEWISE_BEZIER_KNOTS.);
#5083 = CARTESIAN_POINT('',(13.612738625138,6.555549414327,
    12.203993230268));
#5084 = CARTESIAN_POINT('',(10.903504516896,12.181332008415,
    12.203993230268));
#5085 = CARTESIAN_POINT('',(11.151537844288,5.370297586481,
    12.203993230268));
#5086 = CARTESIAN_POINT('',(8.442303736046,10.996080180569,
    12.203993230268));
#5087 = DEFINITIONAL_REPRESENTATION('',(#5088),#5092);
#5088 = ( BOUNDED_CURVE() B_SPLINE_CURVE(2,(#5089,#5090,#5091),
.UNSPECIFIED.,.F.,.F.) B_SPLINE_CURVE_WITH_KNOTS((3,3),(5.857139434353,
6.28318530718),.PIECEWISE_BEZIER_KNOTS.) CURVE() 
GEOMETRIC_REPRESENTATION_ITEM() RATIONAL_B_SPLINE_CURVE((1.,
0.977396285971,1.)) REPRESENTATION_ITEM('') );
#5089 = CARTESIAN_POINT('',(1.078634977129E-04,3.24481721672E-03));
#5090 = CARTESIAN_POINT('',(-1.242775344402E-03,2.688182214338E-04));
#5091 = CARTESIAN_POINT('',(-1.242775344402E-03,-2.99933038317E-03));
#5092 = ( GEOMETRIC_REPRESENTATION_CONTEXT(2) 
PARAMETRIC_REPRESENTATION_CONTEXT() REPRESENTATION_CONTEXT('2D SPACE',''
  ) );
#5093 = ORIENTED_EDGE('',*,*,#5094,.F.);
#5094 = EDGE_CURVE('',#5095,#5067,#5097,.T.);
#5095 = VERTEX_POINT('',#5096);
#5096 = CARTESIAN_POINT('',(13.758361157885,6.244147599889,
    12.203993230268));
#5097 = SURFACE_CURVE('',#5098,(#5102,#5109),.PCURVE_S1.);
#5098 = ( BOUNDED_CURVE() B_SPLINE_CURVE(2,(#5099,#5100,#5101),
.UNSPECIFIED.,.F.,.F.) B_SPLINE_CURVE_WITH_KNOTS((3,3),(3.567638526416,
3.590391604103),.PIECEWISE_BEZIER_KNOTS.) CURVE() 
GEOMETRIC_REPRESENTATION_ITEM() RATIONAL_B_SPLINE_CURVE((1.,
0.99993528788,1.)) REPRESENTATION_ITEM('') );
#5099 = CARTESIAN_POINT('',(13.758361157885,6.244147599889,
    12.203993230268));
#5100 = CARTESIAN_POINT('',(13.687321305353,6.400676883046,
    12.203993230268));
#5101 = CARTESIAN_POINT('',(13.612738625138,6.555549414327,
    12.203993230268));
#5102 = PCURVE('',#4867,#5103);
#5103 = DEFINITIONAL_REPRESENTATION('',(#5104),#5108);
#5104 = B_SPLINE_CURVE_WITH_KNOTS('',2,(#5105,#5106,#5107),
  .UNSPECIFIED.,.F.,.F.,(3,3),(3.567638526416,3.590391604103),
  .PIECEWISE_BEZIER_KNOTS.);
#5105 = CARTESIAN_POINT('',(3.582589317354,1.720615647794E-18));
#5106 = CARTESIAN_POINT('',(3.593730521643,5.511307838652E-18));
#5107 = CARTESIAN_POINT('',(3.604827258505,-9.035139538465E-21));
#5108 = ( GEOMETRIC_REPRESENTATION_CONTEXT(2) 
PARAMETRIC_REPRESENTATION_CONTEXT() REPRESENTATION_CONTEXT('2D SPACE',''
  ) );
#5109 = PCURVE('',#5110,#5115);
#5110 = B_SPLINE_SURFACE_WITH_KNOTS('',1,1,(
    (#5111,#5112)
    ,(#5113,#5114
    )),.UNSPECIFIED.,.F.,.F.,.F.,(2,2),(2,2),(1.173330181334E-02,
    1.375836115788E-02),(4.948940042074E-03,6.555549414327E-03),
  .PIECEWISE_BEZIER_KNOTS.);
#5111 = CARTESIAN_POINT('',(11.733301813339,4.948940042074,
    12.203993230268));
#5112 = CARTESIAN_POINT('',(11.733301813339,6.555549414327,
    12.203993230268));
#5113 = CARTESIAN_POINT('',(13.758361157885,4.948940042074,
    12.203993230268));
#5114 = CARTESIAN_POINT('',(13.758361157885,6.555549414327,
    12.203993230268));
#5115 = DEFINITIONAL_REPRESENTATION('',(#5116),#5120);
#5116 = ( BOUNDED_CURVE() B_SPLINE_CURVE(2,(#5117,#5118,#5119),
.UNSPECIFIED.,.F.,.F.) B_SPLINE_CURVE_WITH_KNOTS((3,3),(3.567638526416,
3.590391604103),.PIECEWISE_BEZIER_KNOTS.) CURVE() 
GEOMETRIC_REPRESENTATION_ITEM() RATIONAL_B_SPLINE_CURVE((1.,
0.99993528788,1.)) REPRESENTATION_ITEM('') );
#5117 = CARTESIAN_POINT('',(1.375836115788E-02,6.244147599889E-03));
#5118 = CARTESIAN_POINT('',(1.368732130535E-02,6.400676883046E-03));
#5119 = CARTESIAN_POINT('',(1.361273862514E-02,6.555549414327E-03));
#5120 = ( GEOMETRIC_REPRESENTATION_CONTEXT(2) 
PARAMETRIC_REPRESENTATION_CONTEXT() REPRESENTATION_CONTEXT('2D SPACE',''
  ) );
#5121 = ORIENTED_EDGE('',*,*,#5122,.T.);
#5122 = EDGE_CURVE('',#5095,#4858,#5123,.T.);
#5123 = SURFACE_CURVE('',#5124,(#5128,#5136),.PCURVE_S1.);
#5124 = ( BOUNDED_CURVE() B_SPLINE_CURVE(2,(#5125,#5126,#5127),
.UNSPECIFIED.,.F.,.F.) B_SPLINE_CURVE_WITH_KNOTS((3,3),(5.857139434353,
6.28318530718),.PIECEWISE_BEZIER_KNOTS.) CURVE() 
GEOMETRIC_REPRESENTATION_ITEM() RATIONAL_B_SPLINE_CURVE((1.,
0.977396285971,1.)) REPRESENTATION_ITEM('') );
#5125 = CARTESIAN_POINT('',(13.758361157885,6.244147599889,
    12.203993230268));
#5126 = CARTESIAN_POINT('',(15.109,3.268148604604,12.203993230268));
#5127 = CARTESIAN_POINT('',(15.109,3.700637697663E-15,12.203993230268));
#5128 = PCURVE('',#4867,#5129);
#5129 = DEFINITIONAL_REPRESENTATION('',(#5130),#5135);
#5130 = B_SPLINE_CURVE_WITH_KNOTS('',3,(#5131,#5132,#5133,#5134),
  .UNSPECIFIED.,.F.,.F.,(4,4),(5.857139434353,6.28318530718),
  .PIECEWISE_BEZIER_KNOTS.);
#5131 = CARTESIAN_POINT('',(3.582589317354,-1.404596239692E-20));
#5132 = CARTESIAN_POINT('',(3.444550685546,7.686578754467E-18));
#5133 = CARTESIAN_POINT('',(3.298134062646,1.440771541389E-19));
#5134 = CARTESIAN_POINT('',(3.14159265359,0.));
#5135 = ( GEOMETRIC_REPRESENTATION_CONTEXT(2) 
PARAMETRIC_REPRESENTATION_CONTEXT() REPRESENTATION_CONTEXT('2D SPACE',''
  ) );
#5136 = PCURVE('',#5137,#5142);
#5137 = B_SPLINE_SURFACE_WITH_KNOTS('',1,1,(
    (#5138,#5139)
    ,(#5140,#5141
    )),.UNSPECIFIED.,.F.,.F.,.F.,(2,2),(2,2),(-1.242775344402E-03,
    1.488951431662E-03),(-2.99933038317E-03,3.24481721672E-03),
  .PIECEWISE_BEZIER_KNOTS.);
#5138 = CARTESIAN_POINT('',(15.109,8.673617379884E-16,12.203993230268));
#5139 = CARTESIAN_POINT('',(15.109,6.244147599889,12.203993230268));
#5140 = CARTESIAN_POINT('',(12.377273223936,8.673617379884E-16,
    12.203993230268));
#5141 = CARTESIAN_POINT('',(12.377273223936,6.244147599889,
    12.203993230268));
#5142 = DEFINITIONAL_REPRESENTATION('',(#5143),#5147);
#5143 = ( BOUNDED_CURVE() B_SPLINE_CURVE(2,(#5144,#5145,#5146),
.UNSPECIFIED.,.F.,.F.) B_SPLINE_CURVE_WITH_KNOTS((3,3),(5.857139434353,
6.28318530718),.PIECEWISE_BEZIER_KNOTS.) CURVE() 
GEOMETRIC_REPRESENTATION_ITEM() RATIONAL_B_SPLINE_CURVE((1.,
0.977396285971,1.)) REPRESENTATION_ITEM('') );
#5144 = CARTESIAN_POINT('',(1.078634977129E-04,3.24481721672E-03));
#5145 = CARTESIAN_POINT('',(-1.242775344402E-03,2.688182214338E-04));
#5146 = CARTESIAN_POINT('',(-1.242775344402E-03,-2.99933038317E-03));
#5147 = ( GEOMETRIC_REPRESENTATION_CONTEXT(2) 
PARAMETRIC_REPRESENTATION_CONTEXT() REPRESENTATION_CONTEXT('2D SPACE',''
  ) );
#5148 = ADVANCED_FACE('',(#5149),#4881,.F.);
#5149 = FACE_BOUND('',#5150,.F.);
#5150 = EDGE_LOOP('',(#5151,#5182,#5203,#5204,#5232,#5261,#5289,#5317,
    #5345,#5374,#5402));
#5151 = ORIENTED_EDGE('',*,*,#5152,.T.);
#5152 = EDGE_CURVE('',#5153,#5155,#5157,.T.);
#5153 = VERTEX_POINT('',#5154);
#5154 = CARTESIAN_POINT('',(0.,-15.109,12.203993230268));
#5155 = VERTEX_POINT('',#5156);
#5156 = CARTESIAN_POINT('',(0.,-15.109,16.992646372253));
#5157 = SURFACE_CURVE('',#5158,(#5161,#5168),.PCURVE_S1.);
#5158 = B_SPLINE_CURVE_WITH_KNOTS('',1,(#5159,#5160),.UNSPECIFIED.,.F.,
  .F.,(2,2),(0.,4.788653141985E-03),.PIECEWISE_BEZIER_KNOTS.);
#5159 = CARTESIAN_POINT('',(0.,-15.109,12.203993230268));
#5160 = CARTESIAN_POINT('',(0.,-15.109,16.992646372253));
#5161 = PCURVE('',#4881,#5162);
#5162 = DEFINITIONAL_REPRESENTATION('',(#5163),#5167);
#5163 = B_SPLINE_CURVE_WITH_KNOTS('',2,(#5164,#5165,#5166),
  .UNSPECIFIED.,.F.,.F.,(3,3),(0.,4.788653141985E-03),
  .PIECEWISE_BEZIER_KNOTS.);
#5164 = CARTESIAN_POINT('',(1.570796326795,0.));
#5165 = CARTESIAN_POINT('',(1.570796326795,-2.394326570993E-03));
#5166 = CARTESIAN_POINT('',(1.570796326795,-4.788653141985E-03));
#5167 = ( GEOMETRIC_REPRESENTATION_CONTEXT(2) 
PARAMETRIC_REPRESENTATION_CONTEXT() REPRESENTATION_CONTEXT('2D SPACE',''
  ) );
#5168 = PCURVE('',#5169,#5176);
#5169 = ( BOUNDED_SURFACE() B_SPLINE_SURFACE(2,1,(
    (#5170,#5171)
    ,(#5172,#5173)
    ,(#5174,#5175
)),.UNSPECIFIED.,.F.,.F.,.F.) B_SPLINE_SURFACE_WITH_KNOTS((3,3),(2,2),(
    0.,1.570796326795),(-4.788653141985E-03,0.),
.PIECEWISE_BEZIER_KNOTS.) GEOMETRIC_REPRESENTATION_ITEM() 
RATIONAL_B_SPLINE_SURFACE((
    (1.,1.)
    ,(0.707106781187,0.707106781187)
,(1.,1.))) REPRESENTATION_ITEM('') SURFACE() );
#5170 = CARTESIAN_POINT('',(-15.109,0.,16.992646372253));
#5171 = CARTESIAN_POINT('',(-15.109,0.,12.203993230268));
#5172 = CARTESIAN_POINT('',(-15.109,-15.109,16.992646372253));
#5173 = CARTESIAN_POINT('',(-15.109,-15.109,12.203993230268));
#5174 = CARTESIAN_POINT('',(-9.251594244159E-16,-15.109,16.992646372253)
  );
#5175 = CARTESIAN_POINT('',(-9.251594244159E-16,-15.109,12.203993230268)
  );
#5176 = DEFINITIONAL_REPRESENTATION('',(#5177),#5181);
#5177 = B_SPLINE_CURVE_WITH_KNOTS('',2,(#5178,#5179,#5180),
  .UNSPECIFIED.,.F.,.F.,(3,3),(0.,4.788653141985E-03),
  .PIECEWISE_BEZIER_KNOTS.);
#5178 = CARTESIAN_POINT('',(1.570796326795,0.));
#5179 = CARTESIAN_POINT('',(1.570796326795,-2.394326570993E-03));
#5180 = CARTESIAN_POINT('',(1.570796326795,-4.788653141985E-03));
#5181 = ( GEOMETRIC_REPRESENTATION_CONTEXT(2) 
PARAMETRIC_REPRESENTATION_CONTEXT() REPRESENTATION_CONTEXT('2D SPACE',''
  ) );
#5182 = ORIENTED_EDGE('',*,*,#5183,.T.);
#5183 = EDGE_CURVE('',#5155,#4860,#5184,.T.);
#5184 = SURFACE_CURVE('',#5185,(#5189,#5196),.PCURVE_S1.);
#5185 = ( BOUNDED_CURVE() B_SPLINE_CURVE(2,(#5186,#5187,#5188),
.UNSPECIFIED.,.F.,.F.) B_SPLINE_CURVE_WITH_KNOTS((3,3),(1.570796326795,
3.14159265359),.PIECEWISE_BEZIER_KNOTS.) CURVE() 
GEOMETRIC_REPRESENTATION_ITEM() RATIONAL_B_SPLINE_CURVE((1.,
0.707106781187,1.)) REPRESENTATION_ITEM('') );
#5186 = CARTESIAN_POINT('',(-9.251594244159E-16,-15.109,16.992646372253)
  );
#5187 = CARTESIAN_POINT('',(15.109,-15.109,16.992646372253));
#5188 = CARTESIAN_POINT('',(15.109,-1.850318848832E-15,16.992646372253)
  );
#5189 = PCURVE('',#4881,#5190);
#5190 = DEFINITIONAL_REPRESENTATION('',(#5191),#5195);
#5191 = B_SPLINE_CURVE_WITH_KNOTS('',2,(#5192,#5193,#5194),
  .UNSPECIFIED.,.F.,.F.,(3,3),(1.570796326795,3.14159265359),
  .PIECEWISE_BEZIER_KNOTS.);
#5192 = CARTESIAN_POINT('',(1.570796326795,-4.788653141985E-03));
#5193 = CARTESIAN_POINT('',(2.356194490192,-4.788653141985E-03));
#5194 = CARTESIAN_POINT('',(3.14159265359,-4.788653141985E-03));
#5195 = ( GEOMETRIC_REPRESENTATION_CONTEXT(2) 
PARAMETRIC_REPRESENTATION_CONTEXT() REPRESENTATION_CONTEXT('2D SPACE',''
  ) );
#5196 = PCURVE('',#4911,#5197);
#5197 = DEFINITIONAL_REPRESENTATION('',(#5198),#5202);
#5198 = ( BOUNDED_CURVE() B_SPLINE_CURVE(2,(#5199,#5200,#5201),
.UNSPECIFIED.,.F.,.F.) B_SPLINE_CURVE_WITH_KNOTS((3,3),(1.570796326795,
3.14159265359),.PIECEWISE_BEZIER_KNOTS.) CURVE() 
GEOMETRIC_REPRESENTATION_ITEM() RATIONAL_B_SPLINE_CURVE((1.,
0.707106781187,1.)) REPRESENTATION_ITEM('') );
#5199 = CARTESIAN_POINT('',(-1.069562715959E-18,-1.5109E-02));
#5200 = CARTESIAN_POINT('',(1.5109E-02,-1.5109E-02));
#5201 = CARTESIAN_POINT('',(1.5109E-02,-1.051205772416E-18));
#5202 = ( GEOMETRIC_REPRESENTATION_CONTEXT(2) 
PARAMETRIC_REPRESENTATION_CONTEXT() REPRESENTATION_CONTEXT('2D SPACE',''
  ) );
#5203 = ORIENTED_EDGE('',*,*,#4857,.F.);
#5204 = ORIENTED_EDGE('',*,*,#5205,.F.);
#5205 = EDGE_CURVE('',#5206,#4858,#5208,.T.);
#5206 = VERTEX_POINT('',#5207);
#5207 = CARTESIAN_POINT('',(15.105089184854,-0.343746589225,
    12.203993230268));
#5208 = SURFACE_CURVE('',#5209,(#5213,#5220),.PCURVE_S1.);
#5209 = ( BOUNDED_CURVE() B_SPLINE_CURVE(2,(#5210,#5211,#5212),
.UNSPECIFIED.,.F.,.F.) B_SPLINE_CURVE_WITH_KNOTS((3,3),(3.118839575903,
3.14159265359),.PIECEWISE_BEZIER_KNOTS.) CURVE() 
GEOMETRIC_REPRESENTATION_ITEM() RATIONAL_B_SPLINE_CURVE((1.,
0.99993528788,1.)) REPRESENTATION_ITEM('') );
#5210 = CARTESIAN_POINT('',(15.105089184854,-0.343746589225,
    12.203993230268));
#5211 = CARTESIAN_POINT('',(15.109,-0.171895541342,12.203993230268));
#5212 = CARTESIAN_POINT('',(15.109,-1.850318848832E-15,12.203993230268)
  );
#5213 = PCURVE('',#4881,#5214);
#5214 = DEFINITIONAL_REPRESENTATION('',(#5215),#5219);
#5215 = B_SPLINE_CURVE_WITH_KNOTS('',2,(#5216,#5217,#5218),
  .UNSPECIFIED.,.F.,.F.,(3,3),(3.118839575903,3.14159265359),
  .PIECEWISE_BEZIER_KNOTS.);
#5216 = CARTESIAN_POINT('',(3.116437790865,1.738733907732E-18));
#5217 = CARTESIAN_POINT('',(3.12895690404,4.385879582357E-18));
#5218 = CARTESIAN_POINT('',(3.14159265359,0.));
#5219 = ( GEOMETRIC_REPRESENTATION_CONTEXT(2) 
PARAMETRIC_REPRESENTATION_CONTEXT() REPRESENTATION_CONTEXT('2D SPACE',''
  ) );
#5220 = PCURVE('',#5221,#5226);
#5221 = B_SPLINE_SURFACE_WITH_KNOTS('',1,1,(
    (#5222,#5223)
    ,(#5224,#5225
    )),.UNSPECIFIED.,.F.,.F.,.F.,(2,2),(2,2),(1.329880245441E-02,
    1.5109E-02),(-9.114566794568E-04,6.086581803459E-04),
  .PIECEWISE_BEZIER_KNOTS.);
#5222 = CARTESIAN_POINT('',(13.298802454412,-0.911456679457,
    12.203993230268));
#5223 = CARTESIAN_POINT('',(13.298802454412,0.608658180346,
    12.203993230268));
#5224 = CARTESIAN_POINT('',(15.109,-0.911456679457,12.203993230268));
#5225 = CARTESIAN_POINT('',(15.109,0.608658180346,12.203993230268));
#5226 = DEFINITIONAL_REPRESENTATION('',(#5227),#5231);
#5227 = ( BOUNDED_CURVE() B_SPLINE_CURVE(2,(#5228,#5229,#5230),
.UNSPECIFIED.,.F.,.F.) B_SPLINE_CURVE_WITH_KNOTS((3,3),(3.118839575903,
3.14159265359),.PIECEWISE_BEZIER_KNOTS.) CURVE() 
GEOMETRIC_REPRESENTATION_ITEM() RATIONAL_B_SPLINE_CURVE((1.,
0.99993528788,1.)) REPRESENTATION_ITEM('') );
#5228 = CARTESIAN_POINT('',(1.510508918485E-02,-3.437465892249E-04));
#5229 = CARTESIAN_POINT('',(1.5109E-02,-1.718955413424E-04));
#5230 = CARTESIAN_POINT('',(1.5109E-02,-1.051205772416E-18));
#5231 = ( GEOMETRIC_REPRESENTATION_CONTEXT(2) 
PARAMETRIC_REPRESENTATION_CONTEXT() REPRESENTATION_CONTEXT('2D SPACE',''
  ) );
#5232 = ORIENTED_EDGE('',*,*,#5233,.T.);
#5233 = EDGE_CURVE('',#5206,#5234,#5236,.T.);
#5234 = VERTEX_POINT('',#5235);
#5235 = CARTESIAN_POINT('',(13.612738625138,-6.555549414327,
    12.203993230268));
#5236 = SURFACE_CURVE('',#5237,(#5241,#5249),.PCURVE_S1.);
#5237 = ( BOUNDED_CURVE() B_SPLINE_CURVE(2,(#5238,#5239,#5240),
.UNSPECIFIED.,.F.,.F.) B_SPLINE_CURVE_WITH_KNOTS((3,3),(5.857139434353,
6.28318530718),.PIECEWISE_BEZIER_KNOTS.) CURVE() 
GEOMETRIC_REPRESENTATION_ITEM() RATIONAL_B_SPLINE_CURVE((1.,
0.977396285971,1.)) REPRESENTATION_ITEM('') );
#5238 = CARTESIAN_POINT('',(15.105089184854,-0.343746589225,
    12.203993230268));
#5239 = CARTESIAN_POINT('',(15.030735161695,-3.611049265901,
    12.203993230268));
#5240 = CARTESIAN_POINT('',(13.612738625138,-6.555549414327,
    12.203993230268));
#5241 = PCURVE('',#4881,#5242);
#5242 = DEFINITIONAL_REPRESENTATION('',(#5243),#5248);
#5243 = B_SPLINE_CURVE_WITH_KNOTS('',3,(#5244,#5245,#5246,#5247),
  .UNSPECIFIED.,.F.,.F.,(4,4),(5.857139434353,6.28318530718),
  .PIECEWISE_BEZIER_KNOTS.);
#5244 = CARTESIAN_POINT('',(3.116437790865,1.738733907732E-18));
#5245 = CARTESIAN_POINT('',(2.961340455701,-3.058509464445E-18));
#5246 = CARTESIAN_POINT('',(2.815844847936,5.57806368351E-18));
#5247 = CARTESIAN_POINT('',(2.678358048674,1.357994723994E-20));
#5248 = ( GEOMETRIC_REPRESENTATION_CONTEXT(2) 
PARAMETRIC_REPRESENTATION_CONTEXT() REPRESENTATION_CONTEXT('2D SPACE',''
  ) );
#5249 = PCURVE('',#5250,#5255);
#5250 = B_SPLINE_SURFACE_WITH_KNOTS('',1,1,(
    (#5251,#5252)
    ,(#5253,#5254
    )),.UNSPECIFIED.,.F.,.F.,.F.,(2,2),(2,2),(-1.242775344402E-03,
    1.488951431662E-03),(-2.99933038317E-03,3.24481721672E-03),
  .PIECEWISE_BEZIER_KNOTS.);
#5251 = CARTESIAN_POINT('',(13.612738625138,-6.555549414327,
    12.203993230268));
#5252 = CARTESIAN_POINT('',(16.32197273338,-0.929766820239,
    12.203993230268));
#5253 = CARTESIAN_POINT('',(11.151537844288,-5.370297586481,
    12.203993230268));
#5254 = CARTESIAN_POINT('',(13.86077195253,0.255485007607,
    12.203993230268));
#5255 = DEFINITIONAL_REPRESENTATION('',(#5256),#5260);
#5256 = ( BOUNDED_CURVE() B_SPLINE_CURVE(2,(#5257,#5258,#5259),
.UNSPECIFIED.,.F.,.F.) B_SPLINE_CURVE_WITH_KNOTS((3,3),(5.857139434353,
6.28318530718),.PIECEWISE_BEZIER_KNOTS.) CURVE() 
GEOMETRIC_REPRESENTATION_ITEM() RATIONAL_B_SPLINE_CURVE((1.,
0.977396285971,1.)) REPRESENTATION_ITEM('') );
#5257 = CARTESIAN_POINT('',(1.078634977129E-04,3.24481721672E-03));
#5258 = CARTESIAN_POINT('',(-1.242775344402E-03,2.688182214338E-04));
#5259 = CARTESIAN_POINT('',(-1.242775344402E-03,-2.99933038317E-03));
#5260 = ( GEOMETRIC_REPRESENTATION_CONTEXT(2) 
PARAMETRIC_REPRESENTATION_CONTEXT() REPRESENTATION_CONTEXT('2D SPACE',''
  ) );
#5261 = ORIENTED_EDGE('',*,*,#5262,.F.);
#5262 = EDGE_CURVE('',#5263,#5234,#5265,.T.);
#5263 = VERTEX_POINT('',#5264);
#5264 = CARTESIAN_POINT('',(13.460069047001,-6.863557550568,
    12.203993230268));
#5265 = SURFACE_CURVE('',#5266,(#5270,#5277),.PCURVE_S1.);
#5266 = ( BOUNDED_CURVE() B_SPLINE_CURVE(2,(#5267,#5268,#5269),
.UNSPECIFIED.,.F.,.F.) B_SPLINE_CURVE_WITH_KNOTS((3,3),(2.670040625391,
2.692793703077),.PIECEWISE_BEZIER_KNOTS.) CURVE() 
GEOMETRIC_REPRESENTATION_ITEM() RATIONAL_B_SPLINE_CURVE((1.,
0.99993528788,1.)) REPRESENTATION_ITEM('') );
#5267 = CARTESIAN_POINT('',(13.460069047001,-6.863557550568,
    12.203993230268));
#5268 = CARTESIAN_POINT('',(13.538155944922,-6.710421945608,
    12.203993230268));
#5269 = CARTESIAN_POINT('',(13.612738625138,-6.555549414327,
    12.203993230268));
#5270 = PCURVE('',#4881,#5271);
#5271 = DEFINITIONAL_REPRESENTATION('',(#5272),#5276);
#5272 = B_SPLINE_CURVE_WITH_KNOTS('',2,(#5273,#5274,#5275),
  .UNSPECIFIED.,.F.,.F.,(3,3),(2.670040625391,2.692793703077),
  .PIECEWISE_BEZIER_KNOTS.);
#5273 = CARTESIAN_POINT('',(2.656205915096,1.747805944346E-18));
#5274 = CARTESIAN_POINT('',(2.667261308908,4.493476310898E-18));
#5275 = CARTESIAN_POINT('',(2.678358048674,1.748303422943E-18));
#5276 = ( GEOMETRIC_REPRESENTATION_CONTEXT(2) 
PARAMETRIC_REPRESENTATION_CONTEXT() REPRESENTATION_CONTEXT('2D SPACE',''
  ) );
#5277 = PCURVE('',#5278,#5283);
#5278 = B_SPLINE_SURFACE_WITH_KNOTS('',1,1,(
    (#5279,#5280)
    ,(#5281,#5282
    )),.UNSPECIFIED.,.F.,.F.,.F.,(2,2),(2,2),(1.158634075968E-02,
    1.361273862514E-02),(-6.863557550568E-03,-5.22925581843E-03),
  .PIECEWISE_BEZIER_KNOTS.);
#5279 = CARTESIAN_POINT('',(11.586340759683,-6.863557550568,
    12.203993230268));
#5280 = CARTESIAN_POINT('',(11.586340759683,-5.22925581843,
    12.203993230268));
#5281 = CARTESIAN_POINT('',(13.612738625138,-6.863557550568,
    12.203993230268));
#5282 = CARTESIAN_POINT('',(13.612738625138,-5.22925581843,
    12.203993230268));
#5283 = DEFINITIONAL_REPRESENTATION('',(#5284),#5288);
#5284 = ( BOUNDED_CURVE() B_SPLINE_CURVE(2,(#5285,#5286,#5287),
.UNSPECIFIED.,.F.,.F.) B_SPLINE_CURVE_WITH_KNOTS((3,3),(2.670040625391,
2.692793703077),.PIECEWISE_BEZIER_KNOTS.) CURVE() 
GEOMETRIC_REPRESENTATION_ITEM() RATIONAL_B_SPLINE_CURVE((1.,
0.99993528788,1.)) REPRESENTATION_ITEM('') );
#5285 = CARTESIAN_POINT('',(1.3460069047E-02,-6.863557550568E-03));
#5286 = CARTESIAN_POINT('',(1.353815594492E-02,-6.710421945608E-03));
#5287 = CARTESIAN_POINT('',(1.361273862514E-02,-6.555549414327E-03));
#5288 = ( GEOMETRIC_REPRESENTATION_CONTEXT(2) 
PARAMETRIC_REPRESENTATION_CONTEXT() REPRESENTATION_CONTEXT('2D SPACE',''
  ) );
#5289 = ORIENTED_EDGE('',*,*,#5290,.T.);
#5290 = EDGE_CURVE('',#5263,#5291,#5293,.T.);
#5291 = VERTEX_POINT('',#5292);
#5292 = CARTESIAN_POINT('',(9.420307416284,-11.8126918686,
    12.203993230268));
#5293 = SURFACE_CURVE('',#5294,(#5298,#5305),.PCURVE_S1.);
#5294 = ( BOUNDED_CURVE() B_SPLINE_CURVE(2,(#5295,#5296,#5297),
.UNSPECIFIED.,.F.,.F.) B_SPLINE_CURVE_WITH_KNOTS((3,3),(5.857139434353,
6.28318530718),.PIECEWISE_BEZIER_KNOTS.) CURVE() 
GEOMETRIC_REPRESENTATION_ITEM() RATIONAL_B_SPLINE_CURVE((1.,
0.977396285971,1.)) REPRESENTATION_ITEM('') );
#5295 = CARTESIAN_POINT('',(13.460069047001,-6.863557550568,
    12.203993230268));
#5296 = CARTESIAN_POINT('',(11.975448884747,-9.77503454268,
    12.203993230268));
#5297 = CARTESIAN_POINT('',(9.420307416284,-11.8126918686,
    12.203993230268));
#5298 = PCURVE('',#4881,#5299);
#5299 = DEFINITIONAL_REPRESENTATION('',(#5300),#5304);
#5300 = B_SPLINE_CURVE_WITH_KNOTS('',2,(#5301,#5302,#5303),
  .UNSPECIFIED.,.F.,.F.,(3,3),(5.857139434353,6.28318530718),
  .PIECEWISE_BEZIER_KNOTS.);
#5301 = CARTESIAN_POINT('',(2.656205915096,1.747805944536E-18));
#5302 = CARTESIAN_POINT('',(2.450765523722,7.697889434508E-19));
#5303 = CARTESIAN_POINT('',(2.249710736929,1.842686924298E-21));
#5304 = ( GEOMETRIC_REPRESENTATION_CONTEXT(2) 
PARAMETRIC_REPRESENTATION_CONTEXT() REPRESENTATION_CONTEXT('2D SPACE',''
  ) );
#5305 = PCURVE('',#5306,#5311);
#5306 = B_SPLINE_SURFACE_WITH_KNOTS('',1,1,(
    (#5307,#5308)
    ,(#5309,#5310
    )),.UNSPECIFIED.,.F.,.F.,.F.,(2,2),(2,2),(-1.242775344402E-03,
    1.488951431662E-03),(-2.99933038317E-03,3.24481721672E-03),
  .PIECEWISE_BEZIER_KNOTS.);
#5307 = CARTESIAN_POINT('',(9.420307416284,-11.8126918686,
    12.203993230268));
#5308 = CARTESIAN_POINT('',(14.302178591054,-7.919529518778,
    12.203993230268));
#5309 = CARTESIAN_POINT('',(7.717103629943,-9.676941873582,
    12.203993230268));
#5310 = CARTESIAN_POINT('',(12.598974804714,-5.78377952375,
    12.203993230268));
#5311 = DEFINITIONAL_REPRESENTATION('',(#5312),#5316);
#5312 = ( BOUNDED_CURVE() B_SPLINE_CURVE(2,(#5313,#5314,#5315),
.UNSPECIFIED.,.F.,.F.) B_SPLINE_CURVE_WITH_KNOTS((3,3),(5.857139434353,
6.28318530718),.PIECEWISE_BEZIER_KNOTS.) CURVE() 
GEOMETRIC_REPRESENTATION_ITEM() RATIONAL_B_SPLINE_CURVE((1.,
0.977396285971,1.)) REPRESENTATION_ITEM('') );
#5313 = CARTESIAN_POINT('',(1.078634977129E-04,3.24481721672E-03));
#5314 = CARTESIAN_POINT('',(-1.242775344402E-03,2.688182214338E-04));
#5315 = CARTESIAN_POINT('',(-1.242775344402E-03,-2.99933038317E-03));
#5316 = ( GEOMETRIC_REPRESENTATION_CONTEXT(2) 
PARAMETRIC_REPRESENTATION_CONTEXT() REPRESENTATION_CONTEXT('2D SPACE',''
  ) );
#5317 = ORIENTED_EDGE('',*,*,#5318,.F.);
#5318 = EDGE_CURVE('',#5319,#5291,#5321,.T.);
#5319 = VERTEX_POINT('',#5320);
#5320 = CARTESIAN_POINT('',(9.149117157476,-12.02395676301,
    12.203993230268));
#5321 = SURFACE_CURVE('',#5322,(#5326,#5333),.PCURVE_S1.);
#5322 = ( BOUNDED_CURVE() B_SPLINE_CURVE(2,(#5323,#5324,#5325),
.UNSPECIFIED.,.F.,.F.) B_SPLINE_CURVE_WITH_KNOTS((3,3),(2.221241674878,
2.243994752564),.PIECEWISE_BEZIER_KNOTS.) CURVE() 
GEOMETRIC_REPRESENTATION_ITEM() RATIONAL_B_SPLINE_CURVE((1.,
0.99993528788,1.)) REPRESENTATION_ITEM('') );
#5323 = CARTESIAN_POINT('',(9.149117157476,-12.02395676301,
    12.203993230268));
#5324 = CARTESIAN_POINT('',(9.285914070366,-11.91986698562,
    12.203993230268));
#5325 = CARTESIAN_POINT('',(9.420307416284,-11.8126918686,
    12.203993230268));
#5326 = PCURVE('',#4881,#5327);
#5327 = DEFINITIONAL_REPRESENTATION('',(#5328),#5332);
#5328 = B_SPLINE_CURVE_WITH_KNOTS('',2,(#5329,#5330,#5331),
  .UNSPECIFIED.,.F.,.F.,(3,3),(2.221241674878,2.243994752564),
  .PIECEWISE_BEZIER_KNOTS.);
#5329 = CARTESIAN_POINT('',(2.228056666107,1.73801422065E-18));
#5330 = CARTESIAN_POINT('',(2.238891322004,4.944111842541E-18));
#5331 = CARTESIAN_POINT('',(2.249710736929,1.842686924298E-21));
#5332 = ( GEOMETRIC_REPRESENTATION_CONTEXT(2) 
PARAMETRIC_REPRESENTATION_CONTEXT() REPRESENTATION_CONTEXT('2D SPACE',''
  ) );
#5333 = PCURVE('',#5334,#5339);
#5334 = B_SPLINE_SURFACE_WITH_KNOTS('',1,1,(
    (#5335,#5336)
    ,(#5337,#5338
    )),.UNSPECIFIED.,.F.,.F.,.F.,(2,2),(2,2),(7.579062180355E-03,
    9.420307416284E-03),(-1.202395676301E-02,-1.003145156975E-02),
  .PIECEWISE_BEZIER_KNOTS.);
#5335 = CARTESIAN_POINT('',(7.579062180355,-12.02395676301,
    12.203993230268));
#5336 = CARTESIAN_POINT('',(7.579062180355,-10.03145156975,
    12.203993230268));
#5337 = CARTESIAN_POINT('',(9.420307416284,-12.02395676301,
    12.203993230268));
#5338 = CARTESIAN_POINT('',(9.420307416284,-10.03145156975,
    12.203993230268));
#5339 = DEFINITIONAL_REPRESENTATION('',(#5340),#5344);
#5340 = ( BOUNDED_CURVE() B_SPLINE_CURVE(2,(#5341,#5342,#5343),
.UNSPECIFIED.,.F.,.F.) B_SPLINE_CURVE_WITH_KNOTS((3,3),(2.221241674878,
2.243994752564),.PIECEWISE_BEZIER_KNOTS.) CURVE() 
GEOMETRIC_REPRESENTATION_ITEM() RATIONAL_B_SPLINE_CURVE((1.,
0.99993528788,1.)) REPRESENTATION_ITEM('') );
#5341 = CARTESIAN_POINT('',(9.149117157476E-03,-1.202395676301E-02));
#5342 = CARTESIAN_POINT('',(9.285914070366E-03,-1.191986698562E-02));
#5343 = CARTESIAN_POINT('',(9.420307416284E-03,-1.181269186861E-02));
#5344 = ( GEOMETRIC_REPRESENTATION_CONTEXT(2) 
PARAMETRIC_REPRESENTATION_CONTEXT() REPRESENTATION_CONTEXT('2D SPACE',''
  ) );
#5345 = ORIENTED_EDGE('',*,*,#5346,.T.);
#5346 = EDGE_CURVE('',#5319,#5347,#5349,.T.);
#5347 = VERTEX_POINT('',#5348);
#5348 = CARTESIAN_POINT('',(3.362068791146,-14.73018582515,
    12.203993230268));
#5349 = SURFACE_CURVE('',#5350,(#5354,#5362),.PCURVE_S1.);
#5350 = ( BOUNDED_CURVE() B_SPLINE_CURVE(2,(#5351,#5352,#5353),
.UNSPECIFIED.,.F.,.F.) B_SPLINE_CURVE_WITH_KNOTS((3,3),(5.857139434353,
6.28318530718),.PIECEWISE_BEZIER_KNOTS.) CURVE() 
GEOMETRIC_REPRESENTATION_ITEM() RATIONAL_B_SPLINE_CURVE((1.,
0.977396285971,1.)) REPRESENTATION_ITEM('') );
#5351 = CARTESIAN_POINT('',(9.149117157476,-12.02395676301,
    12.203993230268));
#5352 = CARTESIAN_POINT('',(6.548278086932,-14.00295434535,
    12.203993230268));
#5353 = CARTESIAN_POINT('',(3.362068791146,-14.73018582515,
    12.203993230268));
#5354 = PCURVE('',#4881,#5355);
#5355 = DEFINITIONAL_REPRESENTATION('',(#5356),#5361);
#5356 = B_SPLINE_CURVE_WITH_KNOTS('',3,(#5357,#5358,#5359,#5360),
  .UNSPECIFIED.,.F.,.F.,(4,4),(5.857139434353,6.28318530718),
  .PIECEWISE_BEZIER_KNOTS.);
#5357 = CARTESIAN_POINT('',(2.228056666107,1.73801422065E-18));
#5358 = CARTESIAN_POINT('',(2.09382198093,-3.265788314167E-18));
#5359 = CARTESIAN_POINT('',(1.954644014224,4.64772586782E-18));
#5360 = CARTESIAN_POINT('',(1.809932046125,2.629673856523E-20));
#5361 = ( GEOMETRIC_REPRESENTATION_CONTEXT(2) 
PARAMETRIC_REPRESENTATION_CONTEXT() REPRESENTATION_CONTEXT('2D SPACE',''
  ) );
#5362 = PCURVE('',#5363,#5368);
#5363 = B_SPLINE_SURFACE_WITH_KNOTS('',1,1,(
    (#5364,#5365)
    ,(#5366,#5367
    )),.UNSPECIFIED.,.F.,.F.,.F.,(2,2),(2,2),(-1.242775344402E-03,
    1.488951431662E-03),(-2.99933038317E-03,3.24481721672E-03),
  .PIECEWISE_BEZIER_KNOTS.);
#5364 = CARTESIAN_POINT('',(3.362068791146,-14.73018582515,
    12.203993230268));
#5365 = CARTESIAN_POINT('',(9.449662574061,-13.34073226946,
    12.203993230268));
#5366 = CARTESIAN_POINT('',(2.754202397623,-12.06694914271,
    12.203993230268));
#5367 = CARTESIAN_POINT('',(8.841796180538,-10.67749558702,
    12.203993230268));
#5368 = DEFINITIONAL_REPRESENTATION('',(#5369),#5373);
#5369 = ( BOUNDED_CURVE() B_SPLINE_CURVE(2,(#5370,#5371,#5372),
.UNSPECIFIED.,.F.,.F.) B_SPLINE_CURVE_WITH_KNOTS((3,3),(5.857139434353,
6.28318530718),.PIECEWISE_BEZIER_KNOTS.) CURVE() 
GEOMETRIC_REPRESENTATION_ITEM() RATIONAL_B_SPLINE_CURVE((1.,
0.977396285971,1.)) REPRESENTATION_ITEM('') );
#5370 = CARTESIAN_POINT('',(1.078634977129E-04,3.24481721672E-03));
#5371 = CARTESIAN_POINT('',(-1.242775344402E-03,2.688182214338E-04));
#5372 = CARTESIAN_POINT('',(-1.242775344402E-03,-2.99933038317E-03));
#5373 = ( GEOMETRIC_REPRESENTATION_CONTEXT(2) 
PARAMETRIC_REPRESENTATION_CONTEXT() REPRESENTATION_CONTEXT('2D SPACE',''
  ) );
#5374 = ORIENTED_EDGE('',*,*,#5375,.F.);
#5375 = EDGE_CURVE('',#5376,#5347,#5378,.T.);
#5376 = VERTEX_POINT('',#5377);
#5377 = CARTESIAN_POINT('',(3.026070408355,-14.80286387438,
    12.203993230268));
#5378 = SURFACE_CURVE('',#5379,(#5383,#5390),.PCURVE_S1.);
#5379 = ( BOUNDED_CURVE() B_SPLINE_CURVE(2,(#5380,#5381,#5382),
.UNSPECIFIED.,.F.,.F.) B_SPLINE_CURVE_WITH_KNOTS((3,3),(1.772442724365,
1.795195802051),.PIECEWISE_BEZIER_KNOTS.) CURVE() 
GEOMETRIC_REPRESENTATION_ITEM() RATIONAL_B_SPLINE_CURVE((1.,
0.99993528788,1.)) REPRESENTATION_ITEM('') );
#5380 = CARTESIAN_POINT('',(3.026070408355,-14.80286387438,
    12.203993230268));
#5381 = CARTESIAN_POINT('',(3.194483029912,-14.76843618155,
    12.203993230268));
#5382 = CARTESIAN_POINT('',(3.362068791146,-14.73018582515,
    12.203993230268));
#5383 = PCURVE('',#4881,#5384);
#5384 = DEFINITIONAL_REPRESENTATION('',(#5385),#5389);
#5385 = B_SPLINE_CURVE_WITH_KNOTS('',2,(#5386,#5387,#5388),
  .UNSPECIFIED.,.F.,.F.,(3,3),(1.772442724365,1.795195802051),
  .PIECEWISE_BEZIER_KNOTS.);
#5386 = CARTESIAN_POINT('',(1.786492552609,3.485998081258E-18));
#5387 = CARTESIAN_POINT('',(1.79825153429,-3.106912439623E-18));
#5388 = CARTESIAN_POINT('',(1.809932046125,3.495743688258E-18));
#5389 = ( GEOMETRIC_REPRESENTATION_CONTEXT(2) 
PARAMETRIC_REPRESENTATION_CONTEXT() REPRESENTATION_CONTEXT('2D SPACE',''
  ) );
#5390 = PCURVE('',#5391,#5396);
#5391 = B_SPLINE_SURFACE_WITH_KNOTS('',1,1,(
    (#5392,#5393)
    ,(#5394,#5395
    )),.UNSPECIFIED.,.F.,.F.,.F.,(2,2),(2,2),(2.070657385109E-03,
    3.556508155884E-03),(-1.480286387439E-02,-1.284679531E-02),
  .PIECEWISE_BEZIER_KNOTS.);
#5392 = CARTESIAN_POINT('',(2.070657385109,-14.80286387438,
    12.203993230268));
#5393 = CARTESIAN_POINT('',(2.070657385109,-12.84679531,12.203993230268)
  );
#5394 = CARTESIAN_POINT('',(3.556508155884,-14.80286387438,
    12.203993230268));
#5395 = CARTESIAN_POINT('',(3.556508155884,-12.84679531,12.203993230268)
  );
#5396 = DEFINITIONAL_REPRESENTATION('',(#5397),#5401);
#5397 = ( BOUNDED_CURVE() B_SPLINE_CURVE(2,(#5398,#5399,#5400),
.UNSPECIFIED.,.F.,.F.) B_SPLINE_CURVE_WITH_KNOTS((3,3),(1.772442724365,
1.795195802051),.PIECEWISE_BEZIER_KNOTS.) CURVE() 
GEOMETRIC_REPRESENTATION_ITEM() RATIONAL_B_SPLINE_CURVE((1.,
0.99993528788,1.)) REPRESENTATION_ITEM('') );
#5398 = CARTESIAN_POINT('',(3.026070408355E-03,-1.480286387439E-02));
#5399 = CARTESIAN_POINT('',(3.194483029912E-03,-1.476843618156E-02));
#5400 = CARTESIAN_POINT('',(3.362068791146E-03,-1.473018582516E-02));
#5401 = ( GEOMETRIC_REPRESENTATION_CONTEXT(2) 
PARAMETRIC_REPRESENTATION_CONTEXT() REPRESENTATION_CONTEXT('2D SPACE',''
  ) );
#5402 = ORIENTED_EDGE('',*,*,#5403,.T.);
#5403 = EDGE_CURVE('',#5376,#5153,#5404,.T.);
#5404 = SURFACE_CURVE('',#5405,(#5409,#5417),.PCURVE_S1.);
#5405 = ( BOUNDED_CURVE() B_SPLINE_CURVE(2,(#5406,#5407,#5408),
.UNSPECIFIED.,.F.,.F.) B_SPLINE_CURVE_WITH_KNOTS((3,3),(5.857139434353,
6.058785831923),.PIECEWISE_BEZIER_KNOTS.) CURVE() 
GEOMETRIC_REPRESENTATION_ITEM() RATIONAL_B_SPLINE_CURVE((1.,
0.994921645405,1.)) REPRESENTATION_ITEM('') );
#5406 = CARTESIAN_POINT('',(3.026070408355,-14.80286387438,
    12.203993230268));
#5407 = CARTESIAN_POINT('',(1.528520522553,-15.109,12.203993230268));
#5408 = CARTESIAN_POINT('',(-1.127570259385E-14,-15.109,12.203993230268)
  );
#5409 = PCURVE('',#4881,#5410);
#5410 = DEFINITIONAL_REPRESENTATION('',(#5411),#5416);
#5411 = B_SPLINE_CURVE_WITH_KNOTS('',3,(#5412,#5413,#5414,#5415),
  .UNSPECIFIED.,.F.,.F.,(4,4),(5.857139434353,6.058785831923),
  .PIECEWISE_BEZIER_KNOTS.);
#5412 = CARTESIAN_POINT('',(1.786492552609,3.486050909E-18));
#5413 = CARTESIAN_POINT('',(1.717132608994,-3.225752546503E-18));
#5414 = CARTESIAN_POINT('',(1.64532682795,6.177774337455E-18));
#5415 = CARTESIAN_POINT('',(1.570796326795,0.));
#5416 = ( GEOMETRIC_REPRESENTATION_CONTEXT(2) 
PARAMETRIC_REPRESENTATION_CONTEXT() REPRESENTATION_CONTEXT('2D SPACE',''
  ) );
#5417 = PCURVE('',#5418,#5423);
#5418 = B_SPLINE_SURFACE_WITH_KNOTS('',1,1,(
    (#5419,#5420)
    ,(#5421,#5422
    )),.UNSPECIFIED.,.F.,.F.,.F.,(2,2),(2,2),(-1.242775344402E-03,
    1.488951431662E-03),(-2.99933038317E-03,3.24481721672E-03),
  .PIECEWISE_BEZIER_KNOTS.);
#5419 = CARTESIAN_POINT('',(-3.362068791146,-14.73018582515,
    12.203993230268));
#5420 = CARTESIAN_POINT('',(2.725524991769,-16.11963938084,
    12.203993230268));
#5421 = CARTESIAN_POINT('',(-2.754202397623,-12.06694914271,
    12.203993230268));
#5422 = CARTESIAN_POINT('',(3.333391385293,-13.4564026984,
    12.203993230268));
#5423 = DEFINITIONAL_REPRESENTATION('',(#5424),#5428);
#5424 = ( BOUNDED_CURVE() B_SPLINE_CURVE(2,(#5425,#5426,#5427),
.UNSPECIFIED.,.F.,.F.) B_SPLINE_CURVE_WITH_KNOTS((3,3),(5.857139434353,
6.058785831923),.PIECEWISE_BEZIER_KNOTS.) CURVE() 
GEOMETRIC_REPRESENTATION_ITEM() RATIONAL_B_SPLINE_CURVE((1.,
0.994921645405,1.)) REPRESENTATION_ITEM('') );
#5425 = CARTESIAN_POINT('',(1.078634977129E-04,3.24481721672E-03));
#5426 = CARTESIAN_POINT('',(-5.238333553074E-04,1.852935729756E-03));
#5427 = CARTESIAN_POINT('',(-8.639611695574E-04,3.627384079762E-04));
#5428 = ( GEOMETRIC_REPRESENTATION_CONTEXT(2) 
PARAMETRIC_REPRESENTATION_CONTEXT() REPRESENTATION_CONTEXT('2D SPACE',''
  ) );
#5429 = ADVANCED_FACE('',(#5430),#4938,.F.);
#5430 = FACE_BOUND('',#5431,.F.);
#5431 = EDGE_LOOP('',(#5432,#5433,#5456,#5478,#5506,#5535,#5563,#5591,
    #5619,#5648,#5676));
#5432 = ORIENTED_EDGE('',*,*,#4923,.T.);
#5433 = ORIENTED_EDGE('',*,*,#5434,.T.);
#5434 = EDGE_CURVE('',#4896,#5435,#5437,.T.);
#5435 = VERTEX_POINT('',#5436);
#5436 = CARTESIAN_POINT('',(-15.109,0.,16.992646372253));
#5437 = SURFACE_CURVE('',#5438,(#5442,#5449),.PCURVE_S1.);
#5438 = ( BOUNDED_CURVE() B_SPLINE_CURVE(2,(#5439,#5440,#5441),
.UNSPECIFIED.,.F.,.F.) B_SPLINE_CURVE_WITH_KNOTS((3,3),(4.712388980385,
6.28318530718),.PIECEWISE_BEZIER_KNOTS.) CURVE() 
GEOMETRIC_REPRESENTATION_ITEM() RATIONAL_B_SPLINE_CURVE((1.,
0.707106781187,1.)) REPRESENTATION_ITEM('') );
#5439 = CARTESIAN_POINT('',(2.775478273248E-15,15.109,16.992646372253));
#5440 = CARTESIAN_POINT('',(-15.109,15.109,16.992646372253));
#5441 = CARTESIAN_POINT('',(-15.109,3.700637697663E-15,16.992646372253)
  );
#5442 = PCURVE('',#4938,#5443);
#5443 = DEFINITIONAL_REPRESENTATION('',(#5444),#5448);
#5444 = B_SPLINE_CURVE_WITH_KNOTS('',2,(#5445,#5446,#5447),
  .UNSPECIFIED.,.F.,.F.,(3,3),(4.712388980385,6.28318530718),
  .PIECEWISE_BEZIER_KNOTS.);
#5445 = CARTESIAN_POINT('',(4.712388980385,-4.788653141985E-03));
#5446 = CARTESIAN_POINT('',(5.497787143782,-4.788653141985E-03));
#5447 = CARTESIAN_POINT('',(6.28318530718,-4.788653141985E-03));
#5448 = ( GEOMETRIC_REPRESENTATION_CONTEXT(2) 
PARAMETRIC_REPRESENTATION_CONTEXT() REPRESENTATION_CONTEXT('2D SPACE',''
  ) );
#5449 = PCURVE('',#4911,#5450);
#5450 = DEFINITIONAL_REPRESENTATION('',(#5451),#5455);
#5451 = ( BOUNDED_CURVE() B_SPLINE_CURVE(2,(#5452,#5453,#5454),
.UNSPECIFIED.,.F.,.F.) B_SPLINE_CURVE_WITH_KNOTS((3,3),(4.712388980385,
6.28318530718),.PIECEWISE_BEZIER_KNOTS.) CURVE() 
GEOMETRIC_REPRESENTATION_ITEM() RATIONAL_B_SPLINE_CURVE((1.,
0.707106781187,1.)) REPRESENTATION_ITEM('') );
#5452 = CARTESIAN_POINT('',(2.631074981705E-18,1.5109E-02));
#5453 = CARTESIAN_POINT('',(-1.5109E-02,1.5109E-02));
#5454 = CARTESIAN_POINT('',(-1.5109E-02,4.499750774079E-18));
#5455 = ( GEOMETRIC_REPRESENTATION_CONTEXT(2) 
PARAMETRIC_REPRESENTATION_CONTEXT() REPRESENTATION_CONTEXT('2D SPACE',''
  ) );
#5456 = ORIENTED_EDGE('',*,*,#5457,.F.);
#5457 = EDGE_CURVE('',#5458,#5435,#5460,.T.);
#5458 = VERTEX_POINT('',#5459);
#5459 = CARTESIAN_POINT('',(-15.109,-5.782411586589E-16,12.203993230268)
  );
#5460 = SURFACE_CURVE('',#5461,(#5464,#5471),.PCURVE_S1.);
#5461 = B_SPLINE_CURVE_WITH_KNOTS('',1,(#5462,#5463),.UNSPECIFIED.,.F.,
  .F.,(2,2),(0.,4.788653141985E-03),.PIECEWISE_BEZIER_KNOTS.);
#5462 = CARTESIAN_POINT('',(-15.109,0.,12.203993230268));
#5463 = CARTESIAN_POINT('',(-15.109,0.,16.992646372253));
#5464 = PCURVE('',#4938,#5465);
#5465 = DEFINITIONAL_REPRESENTATION('',(#5466),#5470);
#5466 = B_SPLINE_CURVE_WITH_KNOTS('',2,(#5467,#5468,#5469),
  .UNSPECIFIED.,.F.,.F.,(3,3),(0.,4.788653141985E-03),
  .PIECEWISE_BEZIER_KNOTS.);
#5467 = CARTESIAN_POINT('',(6.28318530718,0.));
#5468 = CARTESIAN_POINT('',(6.28318530718,-2.394326570993E-03));
#5469 = CARTESIAN_POINT('',(6.28318530718,-4.788653141985E-03));
#5470 = ( GEOMETRIC_REPRESENTATION_CONTEXT(2) 
PARAMETRIC_REPRESENTATION_CONTEXT() REPRESENTATION_CONTEXT('2D SPACE',''
  ) );
#5471 = PCURVE('',#5169,#5472);
#5472 = DEFINITIONAL_REPRESENTATION('',(#5473),#5477);
#5473 = B_SPLINE_CURVE_WITH_KNOTS('',2,(#5474,#5475,#5476),
  .UNSPECIFIED.,.F.,.F.,(3,3),(0.,4.788653141985E-03),
  .PIECEWISE_BEZIER_KNOTS.);
#5474 = CARTESIAN_POINT('',(0.,0.));
#5475 = CARTESIAN_POINT('',(0.,-2.394326570993E-03));
#5476 = CARTESIAN_POINT('',(0.,-4.788653141985E-03));
#5477 = ( GEOMETRIC_REPRESENTATION_CONTEXT(2) 
PARAMETRIC_REPRESENTATION_CONTEXT() REPRESENTATION_CONTEXT('2D SPACE',''
  ) );
#5478 = ORIENTED_EDGE('',*,*,#5479,.F.);
#5479 = EDGE_CURVE('',#5480,#5458,#5482,.T.);
#5480 = VERTEX_POINT('',#5481);
#5481 = CARTESIAN_POINT('',(-15.10508918485,0.343746589225,
    12.203993230268));
#5482 = SURFACE_CURVE('',#5483,(#5487,#5494),.PCURVE_S1.);
#5483 = ( BOUNDED_CURVE() B_SPLINE_CURVE(2,(#5484,#5485,#5486),
.UNSPECIFIED.,.F.,.F.) B_SPLINE_CURVE_WITH_KNOTS((3,3),(6.260432229493,
6.28318530718),.PIECEWISE_BEZIER_KNOTS.) CURVE() 
GEOMETRIC_REPRESENTATION_ITEM() RATIONAL_B_SPLINE_CURVE((1.,
0.99993528788,1.)) REPRESENTATION_ITEM('') );
#5484 = CARTESIAN_POINT('',(-15.10508918485,0.343746589225,
    12.203993230268));
#5485 = CARTESIAN_POINT('',(-15.109,0.171895541342,12.203993230268));
#5486 = CARTESIAN_POINT('',(-15.109,3.700637697663E-15,12.203993230268)
  );
#5487 = PCURVE('',#4938,#5488);
#5488 = DEFINITIONAL_REPRESENTATION('',(#5489),#5493);
#5489 = B_SPLINE_CURVE_WITH_KNOTS('',2,(#5490,#5491,#5492),
  .UNSPECIFIED.,.F.,.F.,(3,3),(6.260432229493,6.28318530718),
  .PIECEWISE_BEZIER_KNOTS.);
#5490 = CARTESIAN_POINT('',(6.258030444455,1.738733907732E-18));
#5491 = CARTESIAN_POINT('',(6.270549557629,5.097942661513E-19));
#5492 = CARTESIAN_POINT('',(6.28318530718,0.));
#5493 = ( GEOMETRIC_REPRESENTATION_CONTEXT(2) 
PARAMETRIC_REPRESENTATION_CONTEXT() REPRESENTATION_CONTEXT('2D SPACE',''
  ) );
#5494 = PCURVE('',#5495,#5500);
#5495 = B_SPLINE_SURFACE_WITH_KNOTS('',1,1,(
    (#5496,#5497)
    ,(#5498,#5499)),.UNSPECIFIED.,.F.,.F.,.F.,(2,2),(2,2),(-1.5109E-02,
    -1.329880245441E-02),(-6.086581803459E-04,9.114566794568E-04),
  .PIECEWISE_BEZIER_KNOTS.);
#5496 = CARTESIAN_POINT('',(-15.109,-0.608658180346,12.203993230268));
#5497 = CARTESIAN_POINT('',(-15.109,0.911456679457,12.203993230268));
#5498 = CARTESIAN_POINT('',(-13.29880245441,-0.608658180346,
    12.203993230268));
#5499 = CARTESIAN_POINT('',(-13.29880245441,0.911456679457,
    12.203993230268));
#5500 = DEFINITIONAL_REPRESENTATION('',(#5501),#5505);
#5501 = ( BOUNDED_CURVE() B_SPLINE_CURVE(2,(#5502,#5503,#5504),
.UNSPECIFIED.,.F.,.F.) B_SPLINE_CURVE_WITH_KNOTS((3,3),(6.260432229493,
6.28318530718),.PIECEWISE_BEZIER_KNOTS.) CURVE() 
GEOMETRIC_REPRESENTATION_ITEM() RATIONAL_B_SPLINE_CURVE((1.,
0.99993528788,1.)) REPRESENTATION_ITEM('') );
#5502 = CARTESIAN_POINT('',(-1.510508918485E-02,3.437465892249E-04));
#5503 = CARTESIAN_POINT('',(-1.5109E-02,1.718955413424E-04));
#5504 = CARTESIAN_POINT('',(-1.5109E-02,4.499750774079E-18));
#5505 = ( GEOMETRIC_REPRESENTATION_CONTEXT(2) 
PARAMETRIC_REPRESENTATION_CONTEXT() REPRESENTATION_CONTEXT('2D SPACE',''
  ) );
#5506 = ORIENTED_EDGE('',*,*,#5507,.T.);
#5507 = EDGE_CURVE('',#5480,#5508,#5510,.T.);
#5508 = VERTEX_POINT('',#5509);
#5509 = CARTESIAN_POINT('',(-13.61273862513,6.555549414327,
    12.203993230268));
#5510 = SURFACE_CURVE('',#5511,(#5515,#5523),.PCURVE_S1.);
#5511 = ( BOUNDED_CURVE() B_SPLINE_CURVE(2,(#5512,#5513,#5514),
.UNSPECIFIED.,.F.,.F.) B_SPLINE_CURVE_WITH_KNOTS((3,3),(5.857139434353,
6.28318530718),.PIECEWISE_BEZIER_KNOTS.) CURVE() 
GEOMETRIC_REPRESENTATION_ITEM() RATIONAL_B_SPLINE_CURVE((1.,
0.977396285971,1.)) REPRESENTATION_ITEM('') );
#5512 = CARTESIAN_POINT('',(-15.10508918485,0.343746589225,
    12.203993230268));
#5513 = CARTESIAN_POINT('',(-15.03073516169,3.611049265901,
    12.203993230268));
#5514 = CARTESIAN_POINT('',(-13.61273862513,6.555549414327,
    12.203993230268));
#5515 = PCURVE('',#4938,#5516);
#5516 = DEFINITIONAL_REPRESENTATION('',(#5517),#5522);
#5517 = B_SPLINE_CURVE_WITH_KNOTS('',3,(#5518,#5519,#5520,#5521),
  .UNSPECIFIED.,.F.,.F.,(4,4),(5.857139434353,6.28318530718),
  .PIECEWISE_BEZIER_KNOTS.);
#5518 = CARTESIAN_POINT('',(6.258030444455,1.738733907732E-18));
#5519 = CARTESIAN_POINT('',(6.102933109291,3.351796196028E-18));
#5520 = CARTESIAN_POINT('',(5.957437501525,-1.843924251896E-19));
#5521 = CARTESIAN_POINT('',(5.819950702264,1.757374879633E-18));
#5522 = ( GEOMETRIC_REPRESENTATION_CONTEXT(2) 
PARAMETRIC_REPRESENTATION_CONTEXT() REPRESENTATION_CONTEXT('2D SPACE',''
  ) );
#5523 = PCURVE('',#5524,#5529);
#5524 = B_SPLINE_SURFACE_WITH_KNOTS('',1,1,(
    (#5525,#5526)
    ,(#5527,#5528
    )),.UNSPECIFIED.,.F.,.F.,.F.,(2,2),(2,2),(-1.242775344402E-03,
    1.488951431662E-03),(-2.99933038317E-03,3.24481721672E-03),
  .PIECEWISE_BEZIER_KNOTS.);
#5525 = CARTESIAN_POINT('',(-13.61273862513,6.555549414327,
    12.203993230268));
#5526 = CARTESIAN_POINT('',(-16.32197273338,0.929766820239,
    12.203993230268));
#5527 = CARTESIAN_POINT('',(-11.15153784428,5.370297586481,
    12.203993230268));
#5528 = CARTESIAN_POINT('',(-13.86077195253,-0.255485007607,
    12.203993230268));
#5529 = DEFINITIONAL_REPRESENTATION('',(#5530),#5534);
#5530 = ( BOUNDED_CURVE() B_SPLINE_CURVE(2,(#5531,#5532,#5533),
.UNSPECIFIED.,.F.,.F.) B_SPLINE_CURVE_WITH_KNOTS((3,3),(5.857139434353,
6.28318530718),.PIECEWISE_BEZIER_KNOTS.) CURVE() 
GEOMETRIC_REPRESENTATION_ITEM() RATIONAL_B_SPLINE_CURVE((1.,
0.977396285971,1.)) REPRESENTATION_ITEM('') );
#5531 = CARTESIAN_POINT('',(1.078634977129E-04,3.24481721672E-03));
#5532 = CARTESIAN_POINT('',(-1.242775344402E-03,2.688182214338E-04));
#5533 = CARTESIAN_POINT('',(-1.242775344402E-03,-2.99933038317E-03));
#5534 = ( GEOMETRIC_REPRESENTATION_CONTEXT(2) 
PARAMETRIC_REPRESENTATION_CONTEXT() REPRESENTATION_CONTEXT('2D SPACE',''
  ) );
#5535 = ORIENTED_EDGE('',*,*,#5536,.F.);
#5536 = EDGE_CURVE('',#5537,#5508,#5539,.T.);
#5537 = VERTEX_POINT('',#5538);
#5538 = CARTESIAN_POINT('',(-13.460069047,6.863557550568,12.203993230268
    ));
#5539 = SURFACE_CURVE('',#5540,(#5544,#5551),.PCURVE_S1.);
#5540 = ( BOUNDED_CURVE() B_SPLINE_CURVE(2,(#5541,#5542,#5543),
.UNSPECIFIED.,.F.,.F.) B_SPLINE_CURVE_WITH_KNOTS((3,3),(5.81163327898,
5.834386356667),.PIECEWISE_BEZIER_KNOTS.) CURVE() 
GEOMETRIC_REPRESENTATION_ITEM() RATIONAL_B_SPLINE_CURVE((1.,
0.99993528788,1.)) REPRESENTATION_ITEM('') );
#5541 = CARTESIAN_POINT('',(-13.460069047,6.863557550568,12.203993230268
    ));
#5542 = CARTESIAN_POINT('',(-13.53815594492,6.710421945608,
    12.203993230268));
#5543 = CARTESIAN_POINT('',(-13.61273862513,6.555549414327,
    12.203993230268));
#5544 = PCURVE('',#4938,#5545);
#5545 = DEFINITIONAL_REPRESENTATION('',(#5546),#5550);
#5546 = B_SPLINE_CURVE_WITH_KNOTS('',2,(#5547,#5548,#5549),
  .UNSPECIFIED.,.F.,.F.,(3,3),(5.81163327898,5.834386356667),
  .PIECEWISE_BEZIER_KNOTS.);
#5547 = CARTESIAN_POINT('',(5.797798568685,3.486885019244E-18));
#5548 = CARTESIAN_POINT('',(5.808853962497,2.810923571395E-18));
#5549 = CARTESIAN_POINT('',(5.819950702264,1.757411196785E-18));
#5550 = ( GEOMETRIC_REPRESENTATION_CONTEXT(2) 
PARAMETRIC_REPRESENTATION_CONTEXT() REPRESENTATION_CONTEXT('2D SPACE',''
  ) );
#5551 = PCURVE('',#5552,#5557);
#5552 = B_SPLINE_SURFACE_WITH_KNOTS('',1,1,(
    (#5553,#5554)
    ,(#5555,#5556
    )),.UNSPECIFIED.,.F.,.F.,.F.,(2,2),(2,2),(-1.361273862514E-02,
    -1.158634075968E-02),(5.22925581843E-03,6.863557550568E-03),
  .PIECEWISE_BEZIER_KNOTS.);
#5553 = CARTESIAN_POINT('',(-13.61273862513,5.22925581843,
    12.203993230268));
#5554 = CARTESIAN_POINT('',(-13.61273862513,6.863557550568,
    12.203993230268));
#5555 = CARTESIAN_POINT('',(-11.58634075968,5.22925581843,
    12.203993230268));
#5556 = CARTESIAN_POINT('',(-11.58634075968,6.863557550568,
    12.203993230268));
#5557 = DEFINITIONAL_REPRESENTATION('',(#5558),#5562);
#5558 = ( BOUNDED_CURVE() B_SPLINE_CURVE(2,(#5559,#5560,#5561),
.UNSPECIFIED.,.F.,.F.) B_SPLINE_CURVE_WITH_KNOTS((3,3),(5.81163327898,
5.834386356667),.PIECEWISE_BEZIER_KNOTS.) CURVE() 
GEOMETRIC_REPRESENTATION_ITEM() RATIONAL_B_SPLINE_CURVE((1.,
0.99993528788,1.)) REPRESENTATION_ITEM('') );
#5559 = CARTESIAN_POINT('',(-1.3460069047E-02,6.863557550568E-03));
#5560 = CARTESIAN_POINT('',(-1.353815594492E-02,6.710421945608E-03));
#5561 = CARTESIAN_POINT('',(-1.361273862514E-02,6.555549414327E-03));
#5562 = ( GEOMETRIC_REPRESENTATION_CONTEXT(2) 
PARAMETRIC_REPRESENTATION_CONTEXT() REPRESENTATION_CONTEXT('2D SPACE',''
  ) );
#5563 = ORIENTED_EDGE('',*,*,#5564,.T.);
#5564 = EDGE_CURVE('',#5537,#5565,#5567,.T.);
#5565 = VERTEX_POINT('',#5566);
#5566 = CARTESIAN_POINT('',(-9.420307416284,11.812691868609,
    12.203993230268));
#5567 = SURFACE_CURVE('',#5568,(#5572,#5579),.PCURVE_S1.);
#5568 = ( BOUNDED_CURVE() B_SPLINE_CURVE(2,(#5569,#5570,#5571),
.UNSPECIFIED.,.F.,.F.) B_SPLINE_CURVE_WITH_KNOTS((3,3),(5.857139434353,
6.28318530718),.PIECEWISE_BEZIER_KNOTS.) CURVE() 
GEOMETRIC_REPRESENTATION_ITEM() RATIONAL_B_SPLINE_CURVE((1.,
0.977396285971,1.)) REPRESENTATION_ITEM('') );
#5569 = CARTESIAN_POINT('',(-13.460069047,6.863557550568,12.203993230268
    ));
#5570 = CARTESIAN_POINT('',(-11.97544888474,9.77503454268,
    12.203993230268));
#5571 = CARTESIAN_POINT('',(-9.420307416284,11.812691868609,
    12.203993230268));
#5572 = PCURVE('',#4938,#5573);
#5573 = DEFINITIONAL_REPRESENTATION('',(#5574),#5578);
#5574 = B_SPLINE_CURVE_WITH_KNOTS('',2,(#5575,#5576,#5577),
  .UNSPECIFIED.,.F.,.F.,(3,3),(5.857139434353,6.28318530718),
  .PIECEWISE_BEZIER_KNOTS.);
#5575 = CARTESIAN_POINT('',(5.797798568685,3.486885019244E-18));
#5576 = CARTESIAN_POINT('',(5.592358177312,-9.225562188777E-19));
#5577 = CARTESIAN_POINT('',(5.391303390519,1.73656691294E-18));
#5578 = ( GEOMETRIC_REPRESENTATION_CONTEXT(2) 
PARAMETRIC_REPRESENTATION_CONTEXT() REPRESENTATION_CONTEXT('2D SPACE',''
  ) );
#5579 = PCURVE('',#5580,#5585);
#5580 = B_SPLINE_SURFACE_WITH_KNOTS('',1,1,(
    (#5581,#5582)
    ,(#5583,#5584
    )),.UNSPECIFIED.,.F.,.F.,.F.,(2,2),(2,2),(-1.242775344402E-03,
    1.488951431662E-03),(-2.99933038317E-03,3.24481721672E-03),
  .PIECEWISE_BEZIER_KNOTS.);
#5581 = CARTESIAN_POINT('',(-9.420307416284,11.812691868609,
    12.203993230268));
#5582 = CARTESIAN_POINT('',(-14.30217859105,7.919529518778,
    12.203993230268));
#5583 = CARTESIAN_POINT('',(-7.717103629943,9.676941873582,
    12.203993230268));
#5584 = CARTESIAN_POINT('',(-12.59897480471,5.78377952375,
    12.203993230268));
#5585 = DEFINITIONAL_REPRESENTATION('',(#5586),#5590);
#5586 = ( BOUNDED_CURVE() B_SPLINE_CURVE(2,(#5587,#5588,#5589),
.UNSPECIFIED.,.F.,.F.) B_SPLINE_CURVE_WITH_KNOTS((3,3),(5.857139434353,
6.28318530718),.PIECEWISE_BEZIER_KNOTS.) CURVE() 
GEOMETRIC_REPRESENTATION_ITEM() RATIONAL_B_SPLINE_CURVE((1.,
0.977396285971,1.)) REPRESENTATION_ITEM('') );
#5587 = CARTESIAN_POINT('',(1.078634977129E-04,3.24481721672E-03));
#5588 = CARTESIAN_POINT('',(-1.242775344402E-03,2.688182214338E-04));
#5589 = CARTESIAN_POINT('',(-1.242775344402E-03,-2.99933038317E-03));
#5590 = ( GEOMETRIC_REPRESENTATION_CONTEXT(2) 
PARAMETRIC_REPRESENTATION_CONTEXT() REPRESENTATION_CONTEXT('2D SPACE',''
  ) );
#5591 = ORIENTED_EDGE('',*,*,#5592,.F.);
#5592 = EDGE_CURVE('',#5593,#5565,#5595,.T.);
#5593 = VERTEX_POINT('',#5594);
#5594 = CARTESIAN_POINT('',(-9.149117157476,12.023956763012,
    12.203993230268));
#5595 = SURFACE_CURVE('',#5596,(#5600,#5607),.PCURVE_S1.);
#5596 = ( BOUNDED_CURVE() B_SPLINE_CURVE(2,(#5597,#5598,#5599),
.UNSPECIFIED.,.F.,.F.) B_SPLINE_CURVE_WITH_KNOTS((3,3),(5.362834328468,
5.385587406154),.PIECEWISE_BEZIER_KNOTS.) CURVE() 
GEOMETRIC_REPRESENTATION_ITEM() RATIONAL_B_SPLINE_CURVE((1.,
0.99993528788,1.)) REPRESENTATION_ITEM('') );
#5597 = CARTESIAN_POINT('',(-9.149117157476,12.023956763012,
    12.203993230268));
#5598 = CARTESIAN_POINT('',(-9.285914070366,11.919866985621,
    12.203993230268));
#5599 = CARTESIAN_POINT('',(-9.420307416284,11.812691868609,
    12.203993230268));
#5600 = PCURVE('',#4938,#5601);
#5601 = DEFINITIONAL_REPRESENTATION('',(#5602),#5606);
#5602 = B_SPLINE_CURVE_WITH_KNOTS('',2,(#5603,#5604,#5605),
  .UNSPECIFIED.,.F.,.F.,(3,3),(5.362834328468,5.385587406154),
  .PIECEWISE_BEZIER_KNOTS.);
#5603 = CARTESIAN_POINT('',(5.369649319697,1.736917589911E-18));
#5604 = CARTESIAN_POINT('',(5.380483975594,7.02440173295E-18));
#5605 = CARTESIAN_POINT('',(5.391303390519,1.843436963646E-21));
#5606 = ( GEOMETRIC_REPRESENTATION_CONTEXT(2) 
PARAMETRIC_REPRESENTATION_CONTEXT() REPRESENTATION_CONTEXT('2D SPACE',''
  ) );
#5607 = PCURVE('',#5608,#5613);
#5608 = B_SPLINE_SURFACE_WITH_KNOTS('',1,1,(
    (#5609,#5610)
    ,(#5611,#5612
    )),.UNSPECIFIED.,.F.,.F.,.F.,(2,2),(2,2),(-9.420307416284E-03,
    -7.579062180355E-03),(1.003145156975E-02,1.202395676301E-02),
  .PIECEWISE_BEZIER_KNOTS.);
#5609 = CARTESIAN_POINT('',(-9.420307416284,10.031451569751,
    12.203993230268));
#5610 = CARTESIAN_POINT('',(-9.420307416284,12.023956763012,
    12.203993230268));
#5611 = CARTESIAN_POINT('',(-7.579062180355,10.031451569751,
    12.203993230268));
#5612 = CARTESIAN_POINT('',(-7.579062180355,12.023956763012,
    12.203993230268));
#5613 = DEFINITIONAL_REPRESENTATION('',(#5614),#5618);
#5614 = ( BOUNDED_CURVE() B_SPLINE_CURVE(2,(#5615,#5616,#5617),
.UNSPECIFIED.,.F.,.F.) B_SPLINE_CURVE_WITH_KNOTS((3,3),(5.362834328468,
5.385587406154),.PIECEWISE_BEZIER_KNOTS.) CURVE() 
GEOMETRIC_REPRESENTATION_ITEM() RATIONAL_B_SPLINE_CURVE((1.,
0.99993528788,1.)) REPRESENTATION_ITEM('') );
#5615 = CARTESIAN_POINT('',(-9.149117157476E-03,1.202395676301E-02));
#5616 = CARTESIAN_POINT('',(-9.285914070366E-03,1.191986698562E-02));
#5617 = CARTESIAN_POINT('',(-9.420307416284E-03,1.181269186861E-02));
#5618 = ( GEOMETRIC_REPRESENTATION_CONTEXT(2) 
PARAMETRIC_REPRESENTATION_CONTEXT() REPRESENTATION_CONTEXT('2D SPACE',''
  ) );
#5619 = ORIENTED_EDGE('',*,*,#5620,.T.);
#5620 = EDGE_CURVE('',#5593,#5621,#5623,.T.);
#5621 = VERTEX_POINT('',#5622);
#5622 = CARTESIAN_POINT('',(-3.362068791146,14.730185825155,
    12.203993230268));
#5623 = SURFACE_CURVE('',#5624,(#5628,#5636),.PCURVE_S1.);
#5624 = ( BOUNDED_CURVE() B_SPLINE_CURVE(2,(#5625,#5626,#5627),
.UNSPECIFIED.,.F.,.F.) B_SPLINE_CURVE_WITH_KNOTS((3,3),(5.857139434353,
6.28318530718),.PIECEWISE_BEZIER_KNOTS.) CURVE() 
GEOMETRIC_REPRESENTATION_ITEM() RATIONAL_B_SPLINE_CURVE((1.,
0.977396285971,1.)) REPRESENTATION_ITEM('') );
#5625 = CARTESIAN_POINT('',(-9.149117157476,12.023956763012,
    12.203993230268));
#5626 = CARTESIAN_POINT('',(-6.548278086932,14.002954345351,
    12.203993230268));
#5627 = CARTESIAN_POINT('',(-3.362068791146,14.730185825155,
    12.203993230268));
#5628 = PCURVE('',#4938,#5629);
#5629 = DEFINITIONAL_REPRESENTATION('',(#5630),#5635);
#5630 = B_SPLINE_CURVE_WITH_KNOTS('',3,(#5631,#5632,#5633,#5634),
  .UNSPECIFIED.,.F.,.F.,(4,4),(5.857139434353,6.28318530718),
  .PIECEWISE_BEZIER_KNOTS.);
#5631 = CARTESIAN_POINT('',(5.369649319697,5.206364541864E-18));
#5632 = CARTESIAN_POINT('',(5.23541463452,-1.01190162381E-17));
#5633 = CARTESIAN_POINT('',(5.096236667814,8.146978862127E-18));
#5634 = CARTESIAN_POINT('',(4.951524699714,3.478155879682E-18));
#5635 = ( GEOMETRIC_REPRESENTATION_CONTEXT(2) 
PARAMETRIC_REPRESENTATION_CONTEXT() REPRESENTATION_CONTEXT('2D SPACE',''
  ) );
#5636 = PCURVE('',#5637,#5642);
#5637 = B_SPLINE_SURFACE_WITH_KNOTS('',1,1,(
    (#5638,#5639)
    ,(#5640,#5641
    )),.UNSPECIFIED.,.F.,.F.,.F.,(2,2),(2,2),(-1.242775344402E-03,
    1.488951431662E-03),(-2.99933038317E-03,3.24481721672E-03),
  .PIECEWISE_BEZIER_KNOTS.);
#5638 = CARTESIAN_POINT('',(-3.362068791146,14.730185825155,
    12.203993230268));
#5639 = CARTESIAN_POINT('',(-9.449662574061,13.340732269467,
    12.203993230268));
#5640 = CARTESIAN_POINT('',(-2.754202397623,12.066949142716,
    12.203993230268));
#5641 = CARTESIAN_POINT('',(-8.841796180538,10.677495587027,
    12.203993230268));
#5642 = DEFINITIONAL_REPRESENTATION('',(#5643),#5647);
#5643 = ( BOUNDED_CURVE() B_SPLINE_CURVE(2,(#5644,#5645,#5646),
.UNSPECIFIED.,.F.,.F.) B_SPLINE_CURVE_WITH_KNOTS((3,3),(5.857139434353,
6.28318530718),.PIECEWISE_BEZIER_KNOTS.) CURVE() 
GEOMETRIC_REPRESENTATION_ITEM() RATIONAL_B_SPLINE_CURVE((1.,
0.977396285971,1.)) REPRESENTATION_ITEM('') );
#5644 = CARTESIAN_POINT('',(1.078634977129E-04,3.24481721672E-03));
#5645 = CARTESIAN_POINT('',(-1.242775344402E-03,2.688182214338E-04));
#5646 = CARTESIAN_POINT('',(-1.242775344402E-03,-2.99933038317E-03));
#5647 = ( GEOMETRIC_REPRESENTATION_CONTEXT(2) 
PARAMETRIC_REPRESENTATION_CONTEXT() REPRESENTATION_CONTEXT('2D SPACE',''
  ) );
#5648 = ORIENTED_EDGE('',*,*,#5649,.F.);
#5649 = EDGE_CURVE('',#5650,#5621,#5652,.T.);
#5650 = VERTEX_POINT('',#5651);
#5651 = CARTESIAN_POINT('',(-3.026070408355,14.802863874389,
    12.203993230268));
#5652 = SURFACE_CURVE('',#5653,(#5657,#5664),.PCURVE_S1.);
#5653 = ( BOUNDED_CURVE() B_SPLINE_CURVE(2,(#5654,#5655,#5656),
.UNSPECIFIED.,.F.,.F.) B_SPLINE_CURVE_WITH_KNOTS((3,3),(4.914035377955,
4.936788455641),.PIECEWISE_BEZIER_KNOTS.) CURVE() 
GEOMETRIC_REPRESENTATION_ITEM() RATIONAL_B_SPLINE_CURVE((1.,
0.99993528788,1.)) REPRESENTATION_ITEM('') );
#5654 = CARTESIAN_POINT('',(-3.026070408355,14.802863874389,
    12.203993230268));
#5655 = CARTESIAN_POINT('',(-3.194483029912,14.768436181558,
    12.203993230268));
#5656 = CARTESIAN_POINT('',(-3.362068791146,14.730185825155,
    12.203993230268));
#5657 = PCURVE('',#4938,#5658);
#5658 = DEFINITIONAL_REPRESENTATION('',(#5659),#5663);
#5659 = B_SPLINE_CURVE_WITH_KNOTS('',2,(#5660,#5661,#5662),
  .UNSPECIFIED.,.F.,.F.,(3,3),(4.914035377955,4.936788455641),
  .PIECEWISE_BEZIER_KNOTS.);
#5660 = CARTESIAN_POINT('',(4.928085206199,3.494352888548E-18));
#5661 = CARTESIAN_POINT('',(4.93984418788,-2.268128817767E-18));
#5662 = CARTESIAN_POINT('',(4.951524699714,3.478155881942E-18));
#5663 = ( GEOMETRIC_REPRESENTATION_CONTEXT(2) 
PARAMETRIC_REPRESENTATION_CONTEXT() REPRESENTATION_CONTEXT('2D SPACE',''
  ) );
#5664 = PCURVE('',#5665,#5670);
#5665 = B_SPLINE_SURFACE_WITH_KNOTS('',1,1,(
    (#5666,#5667)
    ,(#5668,#5669
    )),.UNSPECIFIED.,.F.,.F.,.F.,(2,2),(2,2),(-3.556508155884E-03,
    -2.070657385109E-03),(1.284679531E-02,1.480286387439E-02),
  .PIECEWISE_BEZIER_KNOTS.);
#5666 = CARTESIAN_POINT('',(-3.556508155884,12.846795310004,
    12.203993230268));
#5667 = CARTESIAN_POINT('',(-3.556508155884,14.802863874389,
    12.203993230268));
#5668 = CARTESIAN_POINT('',(-2.070657385109,12.846795310004,
    12.203993230268));
#5669 = CARTESIAN_POINT('',(-2.070657385109,14.802863874389,
    12.203993230268));
#5670 = DEFINITIONAL_REPRESENTATION('',(#5671),#5675);
#5671 = ( BOUNDED_CURVE() B_SPLINE_CURVE(2,(#5672,#5673,#5674),
.UNSPECIFIED.,.F.,.F.) B_SPLINE_CURVE_WITH_KNOTS((3,3),(4.914035377955,
4.936788455641),.PIECEWISE_BEZIER_KNOTS.) CURVE() 
GEOMETRIC_REPRESENTATION_ITEM() RATIONAL_B_SPLINE_CURVE((1.,
0.99993528788,1.)) REPRESENTATION_ITEM('') );
#5672 = CARTESIAN_POINT('',(-3.026070408355E-03,1.480286387439E-02));
#5673 = CARTESIAN_POINT('',(-3.194483029912E-03,1.476843618156E-02));
#5674 = CARTESIAN_POINT('',(-3.362068791146E-03,1.473018582516E-02));
#5675 = ( GEOMETRIC_REPRESENTATION_CONTEXT(2) 
PARAMETRIC_REPRESENTATION_CONTEXT() REPRESENTATION_CONTEXT('2D SPACE',''
  ) );
#5676 = ORIENTED_EDGE('',*,*,#5677,.T.);
#5677 = EDGE_CURVE('',#5650,#4924,#5678,.T.);
#5678 = SURFACE_CURVE('',#5679,(#5683,#5691),.PCURVE_S1.);
#5679 = ( BOUNDED_CURVE() B_SPLINE_CURVE(2,(#5680,#5681,#5682),
.UNSPECIFIED.,.F.,.F.) B_SPLINE_CURVE_WITH_KNOTS((3,3),(5.857139434353,
6.058785831923),.PIECEWISE_BEZIER_KNOTS.) CURVE() 
GEOMETRIC_REPRESENTATION_ITEM() RATIONAL_B_SPLINE_CURVE((1.,
0.994921645405,1.)) REPRESENTATION_ITEM('') );
#5680 = CARTESIAN_POINT('',(-3.026070408355,14.802863874389,
    12.203993230268));
#5681 = CARTESIAN_POINT('',(-1.528520522553,15.109,12.203993230268));
#5682 = CARTESIAN_POINT('',(9.540979117872E-15,15.109,12.203993230268));
#5683 = PCURVE('',#4938,#5684);
#5684 = DEFINITIONAL_REPRESENTATION('',(#5685),#5690);
#5685 = B_SPLINE_CURVE_WITH_KNOTS('',3,(#5686,#5687,#5688,#5689),
  .UNSPECIFIED.,.F.,.F.,(4,4),(5.857139434353,6.058785831923),
  .PIECEWISE_BEZIER_KNOTS.);
#5686 = CARTESIAN_POINT('',(4.928085206199,3.494405716291E-18));
#5687 = CARTESIAN_POINT('',(4.858725262584,-3.713605692204E-18));
#5688 = CARTESIAN_POINT('',(4.78691948154,6.489066217312E-18));
#5689 = CARTESIAN_POINT('',(4.712388980385,0.));
#5690 = ( GEOMETRIC_REPRESENTATION_CONTEXT(2) 
PARAMETRIC_REPRESENTATION_CONTEXT() REPRESENTATION_CONTEXT('2D SPACE',''
  ) );
#5691 = PCURVE('',#4969,#5692);
#5692 = DEFINITIONAL_REPRESENTATION('',(#5693),#5697);
#5693 = ( BOUNDED_CURVE() B_SPLINE_CURVE(2,(#5694,#5695,#5696),
.UNSPECIFIED.,.F.,.F.) B_SPLINE_CURVE_WITH_KNOTS((3,3),(5.857139434353,
6.058785831923),.PIECEWISE_BEZIER_KNOTS.) CURVE() 
GEOMETRIC_REPRESENTATION_ITEM() RATIONAL_B_SPLINE_CURVE((1.,
0.994921645405,1.)) REPRESENTATION_ITEM('') );
#5694 = CARTESIAN_POINT('',(1.078634977129E-04,3.24481721672E-03));
#5695 = CARTESIAN_POINT('',(-5.238333553074E-04,1.852935729756E-03));
#5696 = CARTESIAN_POINT('',(-8.639611695574E-04,3.627384079762E-04));
#5697 = ( GEOMETRIC_REPRESENTATION_CONTEXT(2) 
PARAMETRIC_REPRESENTATION_CONTEXT() REPRESENTATION_CONTEXT('2D SPACE',''
  ) );
#5698 = ADVANCED_FACE('',(#5699),#5169,.F.);
#5699 = FACE_BOUND('',#5700,.F.);
#5700 = EDGE_LOOP('',(#5701,#5702,#5723,#5724,#5748,#5776,#5805,#5833,
    #5861,#5889));
#5701 = ORIENTED_EDGE('',*,*,#5457,.T.);
#5702 = ORIENTED_EDGE('',*,*,#5703,.T.);
#5703 = EDGE_CURVE('',#5435,#5155,#5704,.T.);
#5704 = SURFACE_CURVE('',#5705,(#5709,#5716),.PCURVE_S1.);
#5705 = ( BOUNDED_CURVE() B_SPLINE_CURVE(2,(#5706,#5707,#5708),
.UNSPECIFIED.,.F.,.F.) B_SPLINE_CURVE_WITH_KNOTS((3,3),(0.,
1.570796326795),.PIECEWISE_BEZIER_KNOTS.) CURVE() 
GEOMETRIC_REPRESENTATION_ITEM() RATIONAL_B_SPLINE_CURVE((1.,
0.707106781187,1.)) REPRESENTATION_ITEM('') );
#5706 = CARTESIAN_POINT('',(-15.109,0.,16.992646372253));
#5707 = CARTESIAN_POINT('',(-15.109,-15.109,16.992646372253));
#5708 = CARTESIAN_POINT('',(-9.251594244159E-16,-15.109,16.992646372253)
  );
#5709 = PCURVE('',#5169,#5710);
#5710 = DEFINITIONAL_REPRESENTATION('',(#5711),#5715);
#5711 = B_SPLINE_CURVE_WITH_KNOTS('',2,(#5712,#5713,#5714),
  .UNSPECIFIED.,.F.,.F.,(3,3),(0.,1.570796326795),
  .PIECEWISE_BEZIER_KNOTS.);
#5712 = CARTESIAN_POINT('',(0.,-4.788653141985E-03));
#5713 = CARTESIAN_POINT('',(0.785398163397,-4.788653141985E-03));
#5714 = CARTESIAN_POINT('',(1.570796326795,-4.788653141985E-03));
#5715 = ( GEOMETRIC_REPRESENTATION_CONTEXT(2) 
PARAMETRIC_REPRESENTATION_CONTEXT() REPRESENTATION_CONTEXT('2D SPACE',''
  ) );
#5716 = PCURVE('',#4911,#5717);
#5717 = DEFINITIONAL_REPRESENTATION('',(#5718),#5722);
#5718 = ( BOUNDED_CURVE() B_SPLINE_CURVE(2,(#5719,#5720,#5721),
.UNSPECIFIED.,.F.,.F.) B_SPLINE_CURVE_WITH_KNOTS((3,3),(0.,
1.570796326795),.PIECEWISE_BEZIER_KNOTS.) CURVE() 
GEOMETRIC_REPRESENTATION_ITEM() RATIONAL_B_SPLINE_CURVE((1.,
0.707106781187,1.)) REPRESENTATION_ITEM('') );
#5719 = CARTESIAN_POINT('',(-1.5109E-02,7.991130764159E-19));
#5720 = CARTESIAN_POINT('',(-1.5109E-02,-1.5109E-02));
#5721 = CARTESIAN_POINT('',(-1.069562715959E-18,-1.5109E-02));
#5722 = ( GEOMETRIC_REPRESENTATION_CONTEXT(2) 
PARAMETRIC_REPRESENTATION_CONTEXT() REPRESENTATION_CONTEXT('2D SPACE',''
  ) );
#5723 = ORIENTED_EDGE('',*,*,#5152,.F.);
#5724 = ORIENTED_EDGE('',*,*,#5725,.T.);
#5725 = EDGE_CURVE('',#5153,#5726,#5728,.T.);
#5726 = VERTEX_POINT('',#5727);
#5727 = CARTESIAN_POINT('',(-3.362068791146,-14.73018582515,
    12.203993230268));
#5728 = SURFACE_CURVE('',#5729,(#5733,#5741),.PCURVE_S1.);
#5729 = ( BOUNDED_CURVE() B_SPLINE_CURVE(2,(#5730,#5731,#5732),
.UNSPECIFIED.,.F.,.F.) B_SPLINE_CURVE_WITH_KNOTS((3,3),(6.058785831923,
6.28318530718),.PIECEWISE_BEZIER_KNOTS.) CURVE() 
GEOMETRIC_REPRESENTATION_ITEM() RATIONAL_B_SPLINE_CURVE((1.,
0.993712209893,1.)) REPRESENTATION_ITEM('') );
#5730 = CARTESIAN_POINT('',(-1.127570259385E-14,-15.109,12.203993230268)
  );
#5731 = CARTESIAN_POINT('',(-1.702375448951,-15.109,12.203993230268));
#5732 = CARTESIAN_POINT('',(-3.362068791146,-14.73018582515,
    12.203993230268));
#5733 = PCURVE('',#5169,#5734);
#5734 = DEFINITIONAL_REPRESENTATION('',(#5735),#5740);
#5735 = B_SPLINE_CURVE_WITH_KNOTS('',3,(#5736,#5737,#5738,#5739),
  .UNSPECIFIED.,.F.,.F.,(4,4),(6.058785831923,6.28318530718),
  .PIECEWISE_BEZIER_KNOTS.);
#5736 = CARTESIAN_POINT('',(1.570796326795,0.));
#5737 = CARTESIAN_POINT('',(1.487889814626,4.208290528748E-18));
#5738 = CARTESIAN_POINT('',(1.408301052684,-1.242261423349E-19));
#5739 = CARTESIAN_POINT('',(1.331660607465,2.260452805334E-27));
#5740 = ( GEOMETRIC_REPRESENTATION_CONTEXT(2) 
PARAMETRIC_REPRESENTATION_CONTEXT() REPRESENTATION_CONTEXT('2D SPACE',''
  ) );
#5741 = PCURVE('',#5418,#5742);
#5742 = DEFINITIONAL_REPRESENTATION('',(#5743),#5747);
#5743 = ( BOUNDED_CURVE() B_SPLINE_CURVE(2,(#5744,#5745,#5746),
.UNSPECIFIED.,.F.,.F.) B_SPLINE_CURVE_WITH_KNOTS((3,3),(6.058785831923,
6.28318530718),.PIECEWISE_BEZIER_KNOTS.) CURVE() 
GEOMETRIC_REPRESENTATION_ITEM() RATIONAL_B_SPLINE_CURVE((1.,
0.993712209893,1.)) REPRESENTATION_ITEM('') );
#5744 = CARTESIAN_POINT('',(-8.639611695574E-04,3.627384079762E-04));
#5745 = CARTESIAN_POINT('',(-1.242775344402E-03,-1.296954934219E-03));
#5746 = CARTESIAN_POINT('',(-1.242775344402E-03,-2.99933038317E-03));
#5747 = ( GEOMETRIC_REPRESENTATION_CONTEXT(2) 
PARAMETRIC_REPRESENTATION_CONTEXT() REPRESENTATION_CONTEXT('2D SPACE',''
  ) );
#5748 = ORIENTED_EDGE('',*,*,#5749,.F.);
#5749 = EDGE_CURVE('',#5750,#5726,#5752,.T.);
#5750 = VERTEX_POINT('',#5751);
#5751 = CARTESIAN_POINT('',(-3.69632669746,-14.64988225023,
    12.203993230268));
#5752 = SURFACE_CURVE('',#5753,(#5757,#5764),.PCURVE_S1.);
#5753 = ( BOUNDED_CURVE() B_SPLINE_CURVE(2,(#5754,#5755,#5756),
.UNSPECIFIED.,.F.,.F.) B_SPLINE_CURVE_WITH_KNOTS((3,3),(1.323643773852,
1.346396851538),.PIECEWISE_BEZIER_KNOTS.) CURVE() 
GEOMETRIC_REPRESENTATION_ITEM() RATIONAL_B_SPLINE_CURVE((1.,
0.99993528788,1.)) REPRESENTATION_ITEM('') );
#5754 = CARTESIAN_POINT('',(-3.69632669746,-14.64988225023,
    12.203993230268));
#5755 = CARTESIAN_POINT('',(-3.52965455238,-14.69193546875,
    12.203993230268));
#5756 = CARTESIAN_POINT('',(-3.362068791146,-14.73018582515,
    12.203993230268));
#5757 = PCURVE('',#5169,#5758);
#5758 = DEFINITIONAL_REPRESENTATION('',(#5759),#5763);
#5759 = B_SPLINE_CURVE_WITH_KNOTS('',2,(#5760,#5761,#5762),
  .UNSPECIFIED.,.F.,.F.,(3,3),(1.323643773852,1.346396851538),
  .PIECEWISE_BEZIER_KNOTS.);
#5760 = CARTESIAN_POINT('',(1.308374265622,1.734782622571E-18));
#5761 = CARTESIAN_POINT('',(1.319980090018,1.002839147533E-17));
#5762 = CARTESIAN_POINT('',(1.331660607465,-5.664425889528E-23));
#5763 = ( GEOMETRIC_REPRESENTATION_CONTEXT(2) 
PARAMETRIC_REPRESENTATION_CONTEXT() REPRESENTATION_CONTEXT('2D SPACE',''
  ) );
#5764 = PCURVE('',#5765,#5770);
#5765 = B_SPLINE_SURFACE_WITH_KNOTS('',1,1,(
    (#5766,#5767)
    ,(#5768,#5769
    )),.UNSPECIFIED.,.F.,.F.,.F.,(2,2),(2,2),(-3.847866500203E-03,
    -2.36971245789E-03),(-1.473018582516E-02,-1.276255551982E-02),
  .PIECEWISE_BEZIER_KNOTS.);
#5766 = CARTESIAN_POINT('',(-3.847866500203,-14.73018582515,
    12.203993230268));
#5767 = CARTESIAN_POINT('',(-3.847866500203,-12.76255551982,
    12.203993230268));
#5768 = CARTESIAN_POINT('',(-2.36971245789,-14.73018582515,
    12.203993230268));
#5769 = CARTESIAN_POINT('',(-2.36971245789,-12.76255551982,
    12.203993230268));
#5770 = DEFINITIONAL_REPRESENTATION('',(#5771),#5775);
#5771 = ( BOUNDED_CURVE() B_SPLINE_CURVE(2,(#5772,#5773,#5774),
.UNSPECIFIED.,.F.,.F.) B_SPLINE_CURVE_WITH_KNOTS((3,3),(1.323643773852,
1.346396851538),.PIECEWISE_BEZIER_KNOTS.) CURVE() 
GEOMETRIC_REPRESENTATION_ITEM() RATIONAL_B_SPLINE_CURVE((1.,
0.99993528788,1.)) REPRESENTATION_ITEM('') );
#5772 = CARTESIAN_POINT('',(-3.69632669746E-03,-1.464988225023E-02));
#5773 = CARTESIAN_POINT('',(-3.52965455238E-03,-1.469193546875E-02));
#5774 = CARTESIAN_POINT('',(-3.362068791146E-03,-1.473018582516E-02));
#5775 = ( GEOMETRIC_REPRESENTATION_CONTEXT(2) 
PARAMETRIC_REPRESENTATION_CONTEXT() REPRESENTATION_CONTEXT('2D SPACE',''
  ) );
#5776 = ORIENTED_EDGE('',*,*,#5777,.T.);
#5777 = EDGE_CURVE('',#5750,#5778,#5780,.T.);
#5778 = VERTEX_POINT('',#5779);
#5779 = CARTESIAN_POINT('',(-9.420307416284,-11.8126918686,
    12.203993230268));
#5780 = SURFACE_CURVE('',#5781,(#5785,#5793),.PCURVE_S1.);
#5781 = ( BOUNDED_CURVE() B_SPLINE_CURVE(2,(#5782,#5783,#5784),
.UNSPECIFIED.,.F.,.F.) B_SPLINE_CURVE_WITH_KNOTS((3,3),(5.857139434353,
6.28318530718),.PIECEWISE_BEZIER_KNOTS.) CURVE() 
GEOMETRIC_REPRESENTATION_ITEM() RATIONAL_B_SPLINE_CURVE((1.,
0.977396285971,1.)) REPRESENTATION_ITEM('') );
#5782 = CARTESIAN_POINT('',(-3.69632669746,-14.64988225023,
    12.203993230268));
#5783 = CARTESIAN_POINT('',(-6.865165947821,-13.85034919453,
    12.203993230268));
#5784 = CARTESIAN_POINT('',(-9.420307416284,-11.8126918686,
    12.203993230268));
#5785 = PCURVE('',#5169,#5786);
#5786 = DEFINITIONAL_REPRESENTATION('',(#5787),#5792);
#5787 = B_SPLINE_CURVE_WITH_KNOTS('',3,(#5788,#5789,#5790,#5791),
  .UNSPECIFIED.,.F.,.F.,(4,4),(5.857139434353,6.28318530718),
  .PIECEWISE_BEZIER_KNOTS.);
#5788 = CARTESIAN_POINT('',(1.308374265622,1.734723473617E-18));
#5789 = CARTESIAN_POINT('',(1.164587398855,7.479945616418E-18));
#5790 = CARTESIAN_POINT('',(1.025927496715,-7.476857025557E-18));
#5791 = CARTESIAN_POINT('',(0.89188191666,5.203248209422E-18));
#5792 = ( GEOMETRIC_REPRESENTATION_CONTEXT(2) 
PARAMETRIC_REPRESENTATION_CONTEXT() REPRESENTATION_CONTEXT('2D SPACE',''
  ) );
#5793 = PCURVE('',#5794,#5799);
#5794 = B_SPLINE_SURFACE_WITH_KNOTS('',1,1,(
    (#5795,#5796)
    ,(#5797,#5798
    )),.UNSPECIFIED.,.F.,.F.,.F.,(2,2),(2,2),(-1.242775344402E-03,
    1.488951431662E-03),(-2.99933038317E-03,3.24481721672E-03),
  .PIECEWISE_BEZIER_KNOTS.);
#5795 = CARTESIAN_POINT('',(-9.420307416284,-11.8126918686,
    12.203993230268));
#5796 = CARTESIAN_POINT('',(-4.538436241513,-15.70585421844,
    12.203993230268));
#5797 = CARTESIAN_POINT('',(-7.717103629943,-9.676941873582,
    12.203993230268));
#5798 = CARTESIAN_POINT('',(-2.835232455172,-13.57010422341,
    12.203993230268));
#5799 = DEFINITIONAL_REPRESENTATION('',(#5800),#5804);
#5800 = ( BOUNDED_CURVE() B_SPLINE_CURVE(2,(#5801,#5802,#5803),
.UNSPECIFIED.,.F.,.F.) B_SPLINE_CURVE_WITH_KNOTS((3,3),(5.857139434353,
6.28318530718),.PIECEWISE_BEZIER_KNOTS.) CURVE() 
GEOMETRIC_REPRESENTATION_ITEM() RATIONAL_B_SPLINE_CURVE((1.,
0.977396285971,1.)) REPRESENTATION_ITEM('') );
#5801 = CARTESIAN_POINT('',(1.078634977129E-04,3.24481721672E-03));
#5802 = CARTESIAN_POINT('',(-1.242775344402E-03,2.688182214338E-04));
#5803 = CARTESIAN_POINT('',(-1.242775344402E-03,-2.99933038317E-03));
#5804 = ( GEOMETRIC_REPRESENTATION_CONTEXT(2) 
PARAMETRIC_REPRESENTATION_CONTEXT() REPRESENTATION_CONTEXT('2D SPACE',''
  ) );
#5805 = ORIENTED_EDGE('',*,*,#5806,.F.);
#5806 = EDGE_CURVE('',#5807,#5778,#5809,.T.);
#5807 = VERTEX_POINT('',#5808);
#5808 = CARTESIAN_POINT('',(-9.68662096837,-11.5953117774,
    12.203993230268));
#5809 = SURFACE_CURVE('',#5810,(#5814,#5821),.PCURVE_S1.);
#5810 = ( BOUNDED_CURVE() B_SPLINE_CURVE(2,(#5811,#5812,#5813),
.UNSPECIFIED.,.F.,.F.) B_SPLINE_CURVE_WITH_KNOTS((3,3),(0.874844823339,
0.897597901026),.PIECEWISE_BEZIER_KNOTS.) CURVE() 
GEOMETRIC_REPRESENTATION_ITEM() RATIONAL_B_SPLINE_CURVE((1.,
0.99993528788,1.)) REPRESENTATION_ITEM('') );
#5811 = CARTESIAN_POINT('',(-9.68662096837,-11.5953117774,
    12.203993230268));
#5812 = CARTESIAN_POINT('',(-9.554700762201,-11.70551675159,
    12.203993230268));
#5813 = CARTESIAN_POINT('',(-9.420307416284,-11.8126918686,
    12.203993230268));
#5814 = PCURVE('',#5169,#5815);
#5815 = DEFINITIONAL_REPRESENTATION('',(#5816),#5820);
#5816 = B_SPLINE_CURVE_WITH_KNOTS('',2,(#5817,#5818,#5819),
  .UNSPECIFIED.,.F.,.F.,(3,3),(0.874844823339,0.897597901026),
  .PIECEWISE_BEZIER_KNOTS.);
#5817 = CARTESIAN_POINT('',(0.870255498621,1.734353185044E-18));
#5818 = CARTESIAN_POINT('',(0.881062500837,-4.035105866788E-19));
#5819 = CARTESIAN_POINT('',(0.89188191666,5.203248209422E-18));
#5820 = ( GEOMETRIC_REPRESENTATION_CONTEXT(2) 
PARAMETRIC_REPRESENTATION_CONTEXT() REPRESENTATION_CONTEXT('2D SPACE',''
  ) );
#5821 = PCURVE('',#5822,#5827);
#5822 = B_SPLINE_SURFACE_WITH_KNOTS('',1,1,(
    (#5823,#5824)
    ,(#5825,#5826
    )),.UNSPECIFIED.,.F.,.F.,.F.,(2,2),(2,2),(-9.68662096837E-03,
    -7.826582456762E-03),(-1.181269186861E-02,-9.829138493505E-03),
  .PIECEWISE_BEZIER_KNOTS.);
#5823 = CARTESIAN_POINT('',(-9.68662096837,-11.8126918686,
    12.203993230268));
#5824 = CARTESIAN_POINT('',(-9.68662096837,-9.829138493505,
    12.203993230268));
#5825 = CARTESIAN_POINT('',(-7.826582456762,-11.8126918686,
    12.203993230268));
#5826 = CARTESIAN_POINT('',(-7.826582456762,-9.829138493505,
    12.203993230268));
#5827 = DEFINITIONAL_REPRESENTATION('',(#5828),#5832);
#5828 = ( BOUNDED_CURVE() B_SPLINE_CURVE(2,(#5829,#5830,#5831),
.UNSPECIFIED.,.F.,.F.) B_SPLINE_CURVE_WITH_KNOTS((3,3),(0.874844823339,
0.897597901026),.PIECEWISE_BEZIER_KNOTS.) CURVE() 
GEOMETRIC_REPRESENTATION_ITEM() RATIONAL_B_SPLINE_CURVE((1.,
0.99993528788,1.)) REPRESENTATION_ITEM('') );
#5829 = CARTESIAN_POINT('',(-9.68662096837E-03,-1.15953117774E-02));
#5830 = CARTESIAN_POINT('',(-9.554700762201E-03,-1.17055167516E-02));
#5831 = CARTESIAN_POINT('',(-9.420307416284E-03,-1.181269186861E-02));
#5832 = ( GEOMETRIC_REPRESENTATION_CONTEXT(2) 
PARAMETRIC_REPRESENTATION_CONTEXT() REPRESENTATION_CONTEXT('2D SPACE',''
  ) );
#5833 = ORIENTED_EDGE('',*,*,#5834,.T.);
#5834 = EDGE_CURVE('',#5807,#5835,#5837,.T.);
#5835 = VERTEX_POINT('',#5836);
#5836 = CARTESIAN_POINT('',(-13.61273862513,-6.555549414327,
    12.203993230268));
#5837 = SURFACE_CURVE('',#5838,(#5842,#5849),.PCURVE_S1.);
#5838 = ( BOUNDED_CURVE() B_SPLINE_CURVE(2,(#5839,#5840,#5841),
.UNSPECIFIED.,.F.,.F.) B_SPLINE_CURVE_WITH_KNOTS((3,3),(5.857139434353,
6.28318530718),.PIECEWISE_BEZIER_KNOTS.) CURVE() 
GEOMETRIC_REPRESENTATION_ITEM() RATIONAL_B_SPLINE_CURVE((1.,
0.977396285971,1.)) REPRESENTATION_ITEM('') );
#5839 = CARTESIAN_POINT('',(-9.68662096837,-11.5953117774,
    12.203993230268));
#5840 = CARTESIAN_POINT('',(-12.19474208858,-9.500049562754,
    12.203993230268));
#5841 = CARTESIAN_POINT('',(-13.61273862513,-6.555549414327,
    12.203993230268));
#5842 = PCURVE('',#5169,#5843);
#5843 = DEFINITIONAL_REPRESENTATION('',(#5844),#5848);
#5844 = B_SPLINE_CURVE_WITH_KNOTS('',2,(#5845,#5846,#5847),
  .UNSPECIFIED.,.F.,.F.,(3,3),(5.857139434353,6.28318530718),
  .PIECEWISE_BEZIER_KNOTS.);
#5845 = CARTESIAN_POINT('',(0.870255498621,1.734353185044E-18));
#5846 = CARTESIAN_POINT('',(0.669437340931,4.489427562451E-18));
#5847 = CARTESIAN_POINT('',(0.463234604915,1.725652019287E-18));
#5848 = ( GEOMETRIC_REPRESENTATION_CONTEXT(2) 
PARAMETRIC_REPRESENTATION_CONTEXT() REPRESENTATION_CONTEXT('2D SPACE',''
  ) );
#5849 = PCURVE('',#5850,#5855);
#5850 = B_SPLINE_SURFACE_WITH_KNOTS('',1,1,(
    (#5851,#5852)
    ,(#5853,#5854
    )),.UNSPECIFIED.,.F.,.F.,.F.,(2,2),(2,2),(-1.242775344402E-03,
    1.488951431662E-03),(-2.99933038317E-03,3.24481721672E-03),
  .PIECEWISE_BEZIER_KNOTS.);
#5851 = CARTESIAN_POINT('',(-13.61273862513,-6.555549414327,
    12.203993230268));
#5852 = CARTESIAN_POINT('',(-10.90350451689,-12.18133200841,
    12.203993230268));
#5853 = CARTESIAN_POINT('',(-11.15153784428,-5.370297586481,
    12.203993230268));
#5854 = CARTESIAN_POINT('',(-8.442303736046,-10.99608018056,
    12.203993230268));
#5855 = DEFINITIONAL_REPRESENTATION('',(#5856),#5860);
#5856 = ( BOUNDED_CURVE() B_SPLINE_CURVE(2,(#5857,#5858,#5859),
.UNSPECIFIED.,.F.,.F.) B_SPLINE_CURVE_WITH_KNOTS((3,3),(5.857139434353,
6.28318530718),.PIECEWISE_BEZIER_KNOTS.) CURVE() 
GEOMETRIC_REPRESENTATION_ITEM() RATIONAL_B_SPLINE_CURVE((1.,
0.977396285971,1.)) REPRESENTATION_ITEM('') );
#5857 = CARTESIAN_POINT('',(1.078634977129E-04,3.24481721672E-03));
#5858 = CARTESIAN_POINT('',(-1.242775344402E-03,2.688182214338E-04));
#5859 = CARTESIAN_POINT('',(-1.242775344402E-03,-2.99933038317E-03));
#5860 = ( GEOMETRIC_REPRESENTATION_CONTEXT(2) 
PARAMETRIC_REPRESENTATION_CONTEXT() REPRESENTATION_CONTEXT('2D SPACE',''
  ) );
#5861 = ORIENTED_EDGE('',*,*,#5862,.F.);
#5862 = EDGE_CURVE('',#5863,#5835,#5865,.T.);
#5863 = VERTEX_POINT('',#5864);
#5864 = CARTESIAN_POINT('',(-13.75836115788,-6.244147599889,
    12.203993230268));
#5865 = SURFACE_CURVE('',#5866,(#5870,#5877),.PCURVE_S1.);
#5866 = ( BOUNDED_CURVE() B_SPLINE_CURVE(2,(#5867,#5868,#5869),
.UNSPECIFIED.,.F.,.F.) B_SPLINE_CURVE_WITH_KNOTS((3,3),(0.426045872826,
0.448798950513),.PIECEWISE_BEZIER_KNOTS.) CURVE() 
GEOMETRIC_REPRESENTATION_ITEM() RATIONAL_B_SPLINE_CURVE((1.,
0.99993528788,1.)) REPRESENTATION_ITEM('') );
#5867 = CARTESIAN_POINT('',(-13.75836115788,-6.244147599889,
    12.203993230268));
#5868 = CARTESIAN_POINT('',(-13.68732130535,-6.400676883046,
    12.203993230268));
#5869 = CARTESIAN_POINT('',(-13.61273862513,-6.555549414327,
    12.203993230268));
#5870 = PCURVE('',#5169,#5871);
#5871 = DEFINITIONAL_REPRESENTATION('',(#5872),#5876);
#5872 = B_SPLINE_CURVE_WITH_KNOTS('',2,(#5873,#5874,#5875),
  .UNSPECIFIED.,.F.,.F.,(3,3),(0.426045872826,0.448798950513),
  .PIECEWISE_BEZIER_KNOTS.);
#5873 = CARTESIAN_POINT('',(0.440996663765,-4.64761766849E-21));
#5874 = CARTESIAN_POINT('',(0.452137868053,5.502150116739E-18));
#5875 = CARTESIAN_POINT('',(0.463234604915,1.725670177726E-18));
#5876 = ( GEOMETRIC_REPRESENTATION_CONTEXT(2) 
PARAMETRIC_REPRESENTATION_CONTEXT() REPRESENTATION_CONTEXT('2D SPACE',''
  ) );
#5877 = PCURVE('',#5878,#5883);
#5878 = B_SPLINE_SURFACE_WITH_KNOTS('',1,1,(
    (#5879,#5880)
    ,(#5881,#5882
    )),.UNSPECIFIED.,.F.,.F.,.F.,(2,2),(2,2),(-1.375836115788E-02,
    -1.173330181334E-02),(-6.555549414327E-03,-4.948940042074E-03),
  .PIECEWISE_BEZIER_KNOTS.);
#5879 = CARTESIAN_POINT('',(-13.75836115788,-6.555549414327,
    12.203993230268));
#5880 = CARTESIAN_POINT('',(-13.75836115788,-4.948940042074,
    12.203993230268));
#5881 = CARTESIAN_POINT('',(-11.73330181333,-6.555549414327,
    12.203993230268));
#5882 = CARTESIAN_POINT('',(-11.73330181333,-4.948940042074,
    12.203993230268));
#5883 = DEFINITIONAL_REPRESENTATION('',(#5884),#5888);
#5884 = ( BOUNDED_CURVE() B_SPLINE_CURVE(2,(#5885,#5886,#5887),
.UNSPECIFIED.,.F.,.F.) B_SPLINE_CURVE_WITH_KNOTS((3,3),(0.426045872826,
0.448798950513),.PIECEWISE_BEZIER_KNOTS.) CURVE() 
GEOMETRIC_REPRESENTATION_ITEM() RATIONAL_B_SPLINE_CURVE((1.,
0.99993528788,1.)) REPRESENTATION_ITEM('') );
#5885 = CARTESIAN_POINT('',(-1.375836115788E-02,-6.244147599889E-03));
#5886 = CARTESIAN_POINT('',(-1.368732130535E-02,-6.400676883046E-03));
#5887 = CARTESIAN_POINT('',(-1.361273862514E-02,-6.555549414327E-03));
#5888 = ( GEOMETRIC_REPRESENTATION_CONTEXT(2) 
PARAMETRIC_REPRESENTATION_CONTEXT() REPRESENTATION_CONTEXT('2D SPACE',''
  ) );
#5889 = ORIENTED_EDGE('',*,*,#5890,.T.);
#5890 = EDGE_CURVE('',#5863,#5458,#5891,.T.);
#5891 = SURFACE_CURVE('',#5892,(#5896,#5904),.PCURVE_S1.);
#5892 = ( BOUNDED_CURVE() B_SPLINE_CURVE(2,(#5893,#5894,#5895),
.UNSPECIFIED.,.F.,.F.) B_SPLINE_CURVE_WITH_KNOTS((3,3),(5.857139434353,
6.28318530718),.PIECEWISE_BEZIER_KNOTS.) CURVE() 
GEOMETRIC_REPRESENTATION_ITEM() RATIONAL_B_SPLINE_CURVE((1.,
0.977396285971,1.)) REPRESENTATION_ITEM('') );
#5893 = CARTESIAN_POINT('',(-13.75836115788,-6.244147599889,
    12.203993230268));
#5894 = CARTESIAN_POINT('',(-15.109,-3.268148604604,12.203993230268));
#5895 = CARTESIAN_POINT('',(-15.109,-2.86191971371E-15,12.203993230268)
  );
#5896 = PCURVE('',#5169,#5897);
#5897 = DEFINITIONAL_REPRESENTATION('',(#5898),#5903);
#5898 = B_SPLINE_CURVE_WITH_KNOTS('',3,(#5899,#5900,#5901,#5902),
  .UNSPECIFIED.,.F.,.F.,(4,4),(5.857139434353,6.28318530718),
  .PIECEWISE_BEZIER_KNOTS.);
#5899 = CARTESIAN_POINT('',(0.440996663765,-1.402534059417E-20));
#5900 = CARTESIAN_POINT('',(0.302958031957,3.935227168692E-18));
#5901 = CARTESIAN_POINT('',(0.156541409057,-3.545886534696E-19));
#5902 = CARTESIAN_POINT('',(0.,0.));
#5903 = ( GEOMETRIC_REPRESENTATION_CONTEXT(2) 
PARAMETRIC_REPRESENTATION_CONTEXT() REPRESENTATION_CONTEXT('2D SPACE',''
  ) );
#5904 = PCURVE('',#5905,#5910);
#5905 = B_SPLINE_SURFACE_WITH_KNOTS('',1,1,(
    (#5906,#5907)
    ,(#5908,#5909
    )),.UNSPECIFIED.,.F.,.F.,.F.,(2,2),(2,2),(-1.242775344402E-03,
    1.488951431662E-03),(-2.99933038317E-03,3.24481721672E-03),
  .PIECEWISE_BEZIER_KNOTS.);
#5906 = CARTESIAN_POINT('',(-15.109,-2.864375403533E-17,12.203993230268)
  );
#5907 = CARTESIAN_POINT('',(-15.109,-6.244147599889,12.203993230268));
#5908 = CARTESIAN_POINT('',(-12.37727322393,-1.802850522239E-16,
    12.203993230268));
#5909 = CARTESIAN_POINT('',(-12.37727322393,-6.244147599889,
    12.203993230268));
#5910 = DEFINITIONAL_REPRESENTATION('',(#5911),#5915);
#5911 = ( BOUNDED_CURVE() B_SPLINE_CURVE(2,(#5912,#5913,#5914),
.UNSPECIFIED.,.F.,.F.) B_SPLINE_CURVE_WITH_KNOTS((3,3),(5.857139434353,
6.28318530718),.PIECEWISE_BEZIER_KNOTS.) CURVE() 
GEOMETRIC_REPRESENTATION_ITEM() RATIONAL_B_SPLINE_CURVE((1.,
0.977396285971,1.)) REPRESENTATION_ITEM('') );
#5912 = CARTESIAN_POINT('',(1.078634977129E-04,3.24481721672E-03));
#5913 = CARTESIAN_POINT('',(-1.242775344402E-03,2.688182214338E-04));
#5914 = CARTESIAN_POINT('',(-1.242775344402E-03,-2.99933038317E-03));
#5915 = ( GEOMETRIC_REPRESENTATION_CONTEXT(2) 
PARAMETRIC_REPRESENTATION_CONTEXT() REPRESENTATION_CONTEXT('2D SPACE',''
  ) );
#5916 = ADVANCED_FACE('',(#5917),#5930,.T.);
#5917 = FACE_BOUND('',#5918,.T.);
#5918 = EDGE_LOOP('',(#5919,#5957,#5980,#6009,#6033,#6056,#6080,#6103,
    #6126,#6149,#6173));
#5919 = ORIENTED_EDGE('',*,*,#5920,.T.);
#5920 = EDGE_CURVE('',#5921,#5923,#5925,.T.);
#5921 = VERTEX_POINT('',#5922);
#5922 = CARTESIAN_POINT('',(13.33,0.,12.203993230268));
#5923 = VERTEX_POINT('',#5924);
#5924 = CARTESIAN_POINT('',(13.33,0.,16.992646372253));
#5925 = SURFACE_CURVE('',#5926,(#5929,#5943),.PCURVE_S1.);
#5926 = B_SPLINE_CURVE_WITH_KNOTS('',1,(#5927,#5928),.UNSPECIFIED.,.F.,
  .F.,(2,2),(0.,4.788653141985E-03),.PIECEWISE_BEZIER_KNOTS.);
#5927 = CARTESIAN_POINT('',(13.33,0.,12.203993230268));
#5928 = CARTESIAN_POINT('',(13.33,0.,16.992646372253));
#5929 = PCURVE('',#5930,#5937);
#5930 = ( BOUNDED_SURFACE() B_SPLINE_SURFACE(2,1,(
    (#5931,#5932)
    ,(#5933,#5934)
    ,(#5935,#5936
)),.UNSPECIFIED.,.F.,.F.,.F.) B_SPLINE_SURFACE_WITH_KNOTS((3,3),(2,2),(
    3.14159265359,4.712388980385),(-4.788653141985E-03,0.),
.PIECEWISE_BEZIER_KNOTS.) GEOMETRIC_REPRESENTATION_ITEM() 
RATIONAL_B_SPLINE_SURFACE((
    (1.,1.)
    ,(0.707106781187,0.707106781187)
,(1.,1.))) REPRESENTATION_ITEM('') SURFACE() );
#5931 = CARTESIAN_POINT('',(13.33,-1.632454183263E-15,16.992646372253));
#5932 = CARTESIAN_POINT('',(13.33,-1.632454183263E-15,12.203993230268));
#5933 = CARTESIAN_POINT('',(13.33,13.33,16.992646372253));
#5934 = CARTESIAN_POINT('',(13.33,13.33,12.203993230268));
#5935 = CARTESIAN_POINT('',(-9.390737059708E-15,13.33,16.992646372253));
#5936 = CARTESIAN_POINT('',(-9.390737059708E-15,13.33,12.203993230268));
#5937 = DEFINITIONAL_REPRESENTATION('',(#5938),#5942);
#5938 = B_SPLINE_CURVE_WITH_KNOTS('',2,(#5939,#5940,#5941),
  .UNSPECIFIED.,.F.,.F.,(3,3),(0.,4.788653141985E-03),
  .PIECEWISE_BEZIER_KNOTS.);
#5939 = CARTESIAN_POINT('',(3.14159265359,0.));
#5940 = CARTESIAN_POINT('',(3.14159265359,-2.394326570993E-03));
#5941 = CARTESIAN_POINT('',(3.14159265359,-4.788653141985E-03));
#5942 = ( GEOMETRIC_REPRESENTATION_CONTEXT(2) 
PARAMETRIC_REPRESENTATION_CONTEXT() REPRESENTATION_CONTEXT('2D SPACE',''
  ) );
#5943 = PCURVE('',#5944,#5951);
#5944 = ( BOUNDED_SURFACE() B_SPLINE_SURFACE(2,1,(
    (#5945,#5946)
    ,(#5947,#5948)
    ,(#5949,#5950
)),.UNSPECIFIED.,.F.,.F.,.F.) B_SPLINE_SURFACE_WITH_KNOTS((3,3),(2,2),(
    1.570796326795,3.14159265359),(-4.788653141985E-03,0.),
.PIECEWISE_BEZIER_KNOTS.) GEOMETRIC_REPRESENTATION_ITEM() 
RATIONAL_B_SPLINE_SURFACE((
    (1.,1.)
    ,(0.707106781187,0.707106781187)
,(1.,1.))) REPRESENTATION_ITEM('') SURFACE() );
#5945 = CARTESIAN_POINT('',(-8.162270916317E-16,-13.33,16.992646372253)
  );
#5946 = CARTESIAN_POINT('',(-8.162270916317E-16,-13.33,12.203993230268)
  );
#5947 = CARTESIAN_POINT('',(13.33,-13.33,16.992646372253));
#5948 = CARTESIAN_POINT('',(13.33,-13.33,12.203993230268));
#5949 = CARTESIAN_POINT('',(13.33,-1.632454183263E-15,16.992646372253));
#5950 = CARTESIAN_POINT('',(13.33,-1.632454183263E-15,12.203993230268));
#5951 = DEFINITIONAL_REPRESENTATION('',(#5952),#5956);
#5952 = B_SPLINE_CURVE_WITH_KNOTS('',2,(#5953,#5954,#5955),
  .UNSPECIFIED.,.F.,.F.,(3,3),(0.,4.788653141985E-03),
  .PIECEWISE_BEZIER_KNOTS.);
#5953 = CARTESIAN_POINT('',(3.14159265359,0.));
#5954 = CARTESIAN_POINT('',(3.14159265359,-2.394326570993E-03));
#5955 = CARTESIAN_POINT('',(3.14159265359,-4.788653141985E-03));
#5956 = ( GEOMETRIC_REPRESENTATION_CONTEXT(2) 
PARAMETRIC_REPRESENTATION_CONTEXT() REPRESENTATION_CONTEXT('2D SPACE',''
  ) );
#5957 = ORIENTED_EDGE('',*,*,#5958,.T.);
#5958 = EDGE_CURVE('',#5923,#5959,#5961,.T.);
#5959 = VERTEX_POINT('',#5960);
#5960 = CARTESIAN_POINT('',(0.,13.33,16.992646372253));
#5961 = SURFACE_CURVE('',#5962,(#5966,#5973),.PCURVE_S1.);
#5962 = ( BOUNDED_CURVE() B_SPLINE_CURVE(2,(#5963,#5964,#5965),
.UNSPECIFIED.,.F.,.F.) B_SPLINE_CURVE_WITH_KNOTS((3,3),(3.14159265359,
4.712388980385),.PIECEWISE_BEZIER_KNOTS.) CURVE() 
GEOMETRIC_REPRESENTATION_ITEM() RATIONAL_B_SPLINE_CURVE((1.,
0.707106781187,1.)) REPRESENTATION_ITEM('') );
#5963 = CARTESIAN_POINT('',(13.33,-1.632454183263E-15,16.992646372253));
#5964 = CARTESIAN_POINT('',(13.33,13.33,16.992646372253));
#5965 = CARTESIAN_POINT('',(2.448681274895E-15,13.33,16.992646372253));
#5966 = PCURVE('',#5930,#5967);
#5967 = DEFINITIONAL_REPRESENTATION('',(#5968),#5972);
#5968 = B_SPLINE_CURVE_WITH_KNOTS('',2,(#5969,#5970,#5971),
  .UNSPECIFIED.,.F.,.F.,(3,3),(3.14159265359,4.712388980385),
  .PIECEWISE_BEZIER_KNOTS.);
#5969 = CARTESIAN_POINT('',(3.14159265359,-4.788653141985E-03));
#5970 = CARTESIAN_POINT('',(3.926990816987,-4.788653141985E-03));
#5971 = CARTESIAN_POINT('',(4.712388980385,-4.788653141985E-03));
#5972 = ( GEOMETRIC_REPRESENTATION_CONTEXT(2) 
PARAMETRIC_REPRESENTATION_CONTEXT() REPRESENTATION_CONTEXT('2D SPACE',''
  ) );
#5973 = PCURVE('',#4911,#5974);
#5974 = DEFINITIONAL_REPRESENTATION('',(#5975),#5979);
#5975 = ( BOUNDED_CURVE() B_SPLINE_CURVE(2,(#5976,#5977,#5978),
.UNSPECIFIED.,.F.,.F.) B_SPLINE_CURVE_WITH_KNOTS((3,3),(3.14159265359,
4.712388980385),.PIECEWISE_BEZIER_KNOTS.) CURVE() 
GEOMETRIC_REPRESENTATION_ITEM() RATIONAL_B_SPLINE_CURVE((1.,
0.707106781187,1.)) REPRESENTATION_ITEM('') );
#5976 = CARTESIAN_POINT('',(1.333E-02,-8.333411068476E-19));
#5977 = CARTESIAN_POINT('',(1.333E-02,1.333E-02));
#5978 = CARTESIAN_POINT('',(2.304277983352E-18,1.333E-02));
#5979 = ( GEOMETRIC_REPRESENTATION_CONTEXT(2) 
PARAMETRIC_REPRESENTATION_CONTEXT() REPRESENTATION_CONTEXT('2D SPACE',''
  ) );
#5980 = ORIENTED_EDGE('',*,*,#5981,.F.);
#5981 = EDGE_CURVE('',#5982,#5959,#5984,.T.);
#5982 = VERTEX_POINT('',#5983);
#5983 = CARTESIAN_POINT('',(0.,13.33,12.203993230268));
#5984 = SURFACE_CURVE('',#5985,(#5988,#5995),.PCURVE_S1.);
#5985 = B_SPLINE_CURVE_WITH_KNOTS('',1,(#5986,#5987),.UNSPECIFIED.,.F.,
  .F.,(2,2),(0.,4.788653141985E-03),.PIECEWISE_BEZIER_KNOTS.);
#5986 = CARTESIAN_POINT('',(0.,13.33,12.203993230268));
#5987 = CARTESIAN_POINT('',(0.,13.33,16.992646372253));
#5988 = PCURVE('',#5930,#5989);
#5989 = DEFINITIONAL_REPRESENTATION('',(#5990),#5994);
#5990 = B_SPLINE_CURVE_WITH_KNOTS('',2,(#5991,#5992,#5993),
  .UNSPECIFIED.,.F.,.F.,(3,3),(0.,4.788653141985E-03),
  .PIECEWISE_BEZIER_KNOTS.);
#5991 = CARTESIAN_POINT('',(4.712388980385,0.));
#5992 = CARTESIAN_POINT('',(4.712388980385,-2.394326570993E-03));
#5993 = CARTESIAN_POINT('',(4.712388980385,-4.788653141985E-03));
#5994 = ( GEOMETRIC_REPRESENTATION_CONTEXT(2) 
PARAMETRIC_REPRESENTATION_CONTEXT() REPRESENTATION_CONTEXT('2D SPACE',''
  ) );
#5995 = PCURVE('',#5996,#6003);
#5996 = ( BOUNDED_SURFACE() B_SPLINE_SURFACE(2,1,(
    (#5997,#5998)
    ,(#5999,#6000)
    ,(#6001,#6002
)),.UNSPECIFIED.,.F.,.F.,.F.) B_SPLINE_SURFACE_WITH_KNOTS((3,3),(2,2),(
    4.712388980385,6.28318530718),(-4.788653141985E-03,0.),
.PIECEWISE_BEZIER_KNOTS.) GEOMETRIC_REPRESENTATION_ITEM() 
RATIONAL_B_SPLINE_SURFACE((
    (1.,1.)
    ,(0.707106781187,0.707106781187)
,(1.,1.))) REPRESENTATION_ITEM('') SURFACE() );
#5997 = CARTESIAN_POINT('',(2.448681274895E-15,13.33,16.992646372253));
#5998 = CARTESIAN_POINT('',(2.448681274895E-15,13.33,12.203993230268));
#5999 = CARTESIAN_POINT('',(-13.33,13.33,16.992646372253));
#6000 = CARTESIAN_POINT('',(-13.33,13.33,12.203993230268));
#6001 = CARTESIAN_POINT('',(-13.33,3.264908366527E-15,16.992646372253));
#6002 = CARTESIAN_POINT('',(-13.33,3.264908366527E-15,12.203993230268));
#6003 = DEFINITIONAL_REPRESENTATION('',(#6004),#6008);
#6004 = B_SPLINE_CURVE_WITH_KNOTS('',2,(#6005,#6006,#6007),
  .UNSPECIFIED.,.F.,.F.,(3,3),(0.,4.788653141985E-03),
  .PIECEWISE_BEZIER_KNOTS.);
#6005 = CARTESIAN_POINT('',(4.712388980385,0.));
#6006 = CARTESIAN_POINT('',(4.712388980385,-2.394326570993E-03));
#6007 = CARTESIAN_POINT('',(4.712388980385,-4.788653141985E-03));
#6008 = ( GEOMETRIC_REPRESENTATION_CONTEXT(2) 
PARAMETRIC_REPRESENTATION_CONTEXT() REPRESENTATION_CONTEXT('2D SPACE',''
  ) );
#6009 = ORIENTED_EDGE('',*,*,#6010,.F.);
#6010 = EDGE_CURVE('',#6011,#5982,#6013,.T.);
#6011 = VERTEX_POINT('',#6012);
#6012 = CARTESIAN_POINT('',(2.36971245789,13.117673683505,
    12.203993230268));
#6013 = SURFACE_CURVE('',#6014,(#6018,#6026),.PCURVE_S1.);
#6014 = ( BOUNDED_CURVE() B_SPLINE_CURVE(2,(#6015,#6016,#6017),
.UNSPECIFIED.,.F.,.F.) B_SPLINE_CURVE_WITH_KNOTS((3,3),(3.187269313626,
3.365992128846),.PIECEWISE_BEZIER_KNOTS.) CURVE() 
GEOMETRIC_REPRESENTATION_ITEM() RATIONAL_B_SPLINE_CURVE((1.,
0.996009925691,1.)) REPRESENTATION_ITEM('') );
#6015 = CARTESIAN_POINT('',(2.36971245789,13.117673683505,
    12.203993230268));
#6016 = CARTESIAN_POINT('',(1.19436845152,13.33,12.203993230268));
#6017 = CARTESIAN_POINT('',(-9.974659986867E-15,13.33,12.203993230268));
#6018 = PCURVE('',#5930,#6019);
#6019 = DEFINITIONAL_REPRESENTATION('',(#6020),#6025);
#6020 = B_SPLINE_CURVE_WITH_KNOTS('',3,(#6021,#6022,#6023,#6024),
  .UNSPECIFIED.,.F.,.F.,(4,4),(3.187269313626,3.365992128846),
  .PIECEWISE_BEZIER_KNOTS.);
#6021 = CARTESIAN_POINT('',(4.520470524566,1.750210613325E-18));
#6022 = CARTESIAN_POINT('',(4.582401595512,-2.708170135624E-18));
#6023 = CARTESIAN_POINT('',(4.646307082444,3.909519775834E-18));
#6024 = CARTESIAN_POINT('',(4.712388980385,0.));
#6025 = ( GEOMETRIC_REPRESENTATION_CONTEXT(2) 
PARAMETRIC_REPRESENTATION_CONTEXT() REPRESENTATION_CONTEXT('2D SPACE',''
  ) );
#6026 = PCURVE('',#4969,#6027);
#6027 = DEFINITIONAL_REPRESENTATION('',(#6028),#6032);
#6028 = ( BOUNDED_CURVE() B_SPLINE_CURVE(2,(#6029,#6030,#6031),
.UNSPECIFIED.,.F.,.F.) B_SPLINE_CURVE_WITH_KNOTS((3,3),(3.187269313626,
3.365992128846),.PIECEWISE_BEZIER_KNOTS.) CURVE() 
GEOMETRIC_REPRESENTATION_ITEM() RATIONAL_B_SPLINE_CURVE((1.,
0.996009925691,1.)) REPRESENTATION_ITEM('') );
#6029 = CARTESIAN_POINT('',(5.501278093181E-04,-2.390672202824E-03));
#6030 = CARTESIAN_POINT('',(6.046636028939E-04,-1.197549474348E-03));
#6031 = CARTESIAN_POINT('',(8.704355862141E-04,-3.312633353207E-05));
#6032 = ( GEOMETRIC_REPRESENTATION_CONTEXT(2) 
PARAMETRIC_REPRESENTATION_CONTEXT() REPRESENTATION_CONTEXT('2D SPACE',''
  ) );
#6033 = ORIENTED_EDGE('',*,*,#6034,.F.);
#6034 = EDGE_CURVE('',#6035,#6011,#6037,.T.);
#6035 = VERTEX_POINT('',#6036);
#6036 = CARTESIAN_POINT('',(3.847866500203,12.762555519825,
    12.203993230268));
#6037 = SURFACE_CURVE('',#6038,(#6042,#6049),.PCURVE_S1.);
#6038 = ( BOUNDED_CURVE() B_SPLINE_CURVE(2,(#6039,#6040,#6041),
.UNSPECIFIED.,.F.,.F.) B_SPLINE_CURVE_WITH_KNOTS((3,3),(4.419559767406,
4.533666165164),.PIECEWISE_BEZIER_KNOTS.) CURVE() 
GEOMETRIC_REPRESENTATION_ITEM() RATIONAL_B_SPLINE_CURVE((1.,
0.998372907679,1.)) REPRESENTATION_ITEM('') );
#6039 = CARTESIAN_POINT('',(3.847866500203,12.762555519825,
    12.203993230268));
#6040 = CARTESIAN_POINT('',(3.118930798604,12.982327121416,
    12.203993230268));
#6041 = CARTESIAN_POINT('',(2.36971245789,13.117673683505,
    12.203993230268));
#6042 = PCURVE('',#5930,#6043);
#6043 = DEFINITIONAL_REPRESENTATION('',(#6044),#6048);
#6044 = B_SPLINE_CURVE_WITH_KNOTS('',2,(#6045,#6046,#6047),
  .UNSPECIFIED.,.F.,.F.,(3,3),(4.419559767406,4.533666165164),
  .PIECEWISE_BEZIER_KNOTS.);
#6045 = CARTESIAN_POINT('',(4.403652125458,3.478906312381E-18));
#6046 = CARTESIAN_POINT('',(4.461121496991,-2.942215931627E-18));
#6047 = CARTESIAN_POINT('',(4.520470524566,1.750210613325E-18));
#6048 = ( GEOMETRIC_REPRESENTATION_CONTEXT(2) 
PARAMETRIC_REPRESENTATION_CONTEXT() REPRESENTATION_CONTEXT('2D SPACE',''
  ) );
#6049 = PCURVE('',#4997,#6050);
#6050 = DEFINITIONAL_REPRESENTATION('',(#6051),#6055);
#6051 = ( BOUNDED_CURVE() B_SPLINE_CURVE(2,(#6052,#6053,#6054),
.UNSPECIFIED.,.F.,.F.) B_SPLINE_CURVE_WITH_KNOTS((3,3),(4.419559767406,
4.533666165164),.PIECEWISE_BEZIER_KNOTS.) CURVE() 
GEOMETRIC_REPRESENTATION_ITEM() RATIONAL_B_SPLINE_CURVE((1.,
0.998372907679,1.)) REPRESENTATION_ITEM('') );
#6052 = CARTESIAN_POINT('',(3.847866500203E-03,1.276255551982E-02));
#6053 = CARTESIAN_POINT('',(3.118930798604E-03,1.298232712142E-02));
#6054 = CARTESIAN_POINT('',(2.36971245789E-03,1.311767368351E-02));
#6055 = ( GEOMETRIC_REPRESENTATION_CONTEXT(2) 
PARAMETRIC_REPRESENTATION_CONTEXT() REPRESENTATION_CONTEXT('2D SPACE',''
  ) );
#6056 = ORIENTED_EDGE('',*,*,#6057,.F.);
#6057 = EDGE_CURVE('',#6058,#6035,#6060,.T.);
#6058 = VERTEX_POINT('',#6059);
#6059 = CARTESIAN_POINT('',(7.826582456762,10.790435906278,
    12.203993230268));
#6060 = SURFACE_CURVE('',#6061,(#6065,#6073),.PCURVE_S1.);
#6061 = ( BOUNDED_CURVE() B_SPLINE_CURVE(2,(#6062,#6063,#6064),
.UNSPECIFIED.,.F.,.F.) B_SPLINE_CURVE_WITH_KNOTS((3,3),(3.187269313626,
3.52196186638),.PIECEWISE_BEZIER_KNOTS.) CURVE() 
GEOMETRIC_REPRESENTATION_ITEM() RATIONAL_B_SPLINE_CURVE((1.,
0.986030259214,1.)) REPRESENTATION_ITEM('') );
#6062 = CARTESIAN_POINT('',(7.826582456762,10.790435906278,
    12.203993230268));
#6063 = CARTESIAN_POINT('',(6.003795756685,12.112550279892,
    12.203993230268));
#6064 = CARTESIAN_POINT('',(3.847866500203,12.762555519825,
    12.203993230268));
#6065 = PCURVE('',#5930,#6066);
#6066 = DEFINITIONAL_REPRESENTATION('',(#6067),#6072);
#6067 = B_SPLINE_CURVE_WITH_KNOTS('',3,(#6068,#6069,#6070,#6071),
  .UNSPECIFIED.,.F.,.F.,(4,4),(3.187269313626,3.52196186638),
  .PIECEWISE_BEZIER_KNOTS.);
#6068 = CARTESIAN_POINT('',(4.076978693837,1.738524545152E-18));
#6069 = CARTESIAN_POINT('',(4.182914383338,5.595959902001E-18));
#6070 = CARTESIAN_POINT('',(4.291723057427,-7.793932699743E-18));
#6071 = CARTESIAN_POINT('',(4.403652125458,3.478906312381E-18));
#6072 = ( GEOMETRIC_REPRESENTATION_CONTEXT(2) 
PARAMETRIC_REPRESENTATION_CONTEXT() REPRESENTATION_CONTEXT('2D SPACE',''
  ) );
#6073 = PCURVE('',#5026,#6074);
#6074 = DEFINITIONAL_REPRESENTATION('',(#6075),#6079);
#6075 = ( BOUNDED_CURVE() B_SPLINE_CURVE(2,(#6076,#6077,#6078),
.UNSPECIFIED.,.F.,.F.) B_SPLINE_CURVE_WITH_KNOTS((3,3),(3.187269313626,
3.52196186638),.PIECEWISE_BEZIER_KNOTS.) CURVE() 
GEOMETRIC_REPRESENTATION_ITEM() RATIONAL_B_SPLINE_CURVE((1.,
0.986030259214,1.)) REPRESENTATION_ITEM('') );
#6076 = CARTESIAN_POINT('',(5.501278093181E-04,-2.390672202824E-03));
#6077 = CARTESIAN_POINT('',(6.529460870656E-04,-1.412353460404E-04));
#6078 = CARTESIAN_POINT('',(1.488951431662E-03,1.949609658904E-03));
#6079 = ( GEOMETRIC_REPRESENTATION_CONTEXT(2) 
PARAMETRIC_REPRESENTATION_CONTEXT() REPRESENTATION_CONTEXT('2D SPACE',''
  ) );
#6080 = ORIENTED_EDGE('',*,*,#6081,.F.);
#6081 = EDGE_CURVE('',#6082,#6058,#6084,.T.);
#6082 = VERTEX_POINT('',#6083);
#6083 = CARTESIAN_POINT('',(9.004273234165,9.829138493505,
    12.203993230268));
#6084 = SURFACE_CURVE('',#6085,(#6089,#6096),.PCURVE_S1.);
#6085 = ( BOUNDED_CURVE() B_SPLINE_CURVE(2,(#6086,#6087,#6088),
.UNSPECIFIED.,.F.,.F.) B_SPLINE_CURVE_WITH_KNOTS((3,3),(3.970760816893,
4.084867214651),.PIECEWISE_BEZIER_KNOTS.) CURVE() 
GEOMETRIC_REPRESENTATION_ITEM() RATIONAL_B_SPLINE_CURVE((1.,
0.998372907679,1.)) REPRESENTATION_ITEM('') );
#6086 = CARTESIAN_POINT('',(9.004273234165,9.829138493505,
    12.203993230268));
#6087 = CARTESIAN_POINT('',(8.442880184571,10.343419212374,
    12.203993230268));
#6088 = CARTESIAN_POINT('',(7.826582456762,10.790435906278,
    12.203993230268));
#6089 = PCURVE('',#5930,#6090);
#6090 = DEFINITIONAL_REPRESENTATION('',(#6091),#6095);
#6091 = B_SPLINE_CURVE_WITH_KNOTS('',2,(#6092,#6093,#6094),
  .UNSPECIFIED.,.F.,.F.,(3,3),(3.970760816893,4.084867214651),
  .PIECEWISE_BEZIER_KNOTS.);
#6092 = CARTESIAN_POINT('',(3.96849400522,3.664308733243E-22));
#6093 = CARTESIAN_POINT('',(4.022580166067,3.421029559238E-18));
#6094 = CARTESIAN_POINT('',(4.076978693837,1.738524545152E-18));
#6095 = ( GEOMETRIC_REPRESENTATION_CONTEXT(2) 
PARAMETRIC_REPRESENTATION_CONTEXT() REPRESENTATION_CONTEXT('2D SPACE',''
  ) );
#6096 = PCURVE('',#5054,#6097);
#6097 = DEFINITIONAL_REPRESENTATION('',(#6098),#6102);
#6098 = ( BOUNDED_CURVE() B_SPLINE_CURVE(2,(#6099,#6100,#6101),
.UNSPECIFIED.,.F.,.F.) B_SPLINE_CURVE_WITH_KNOTS((3,3),(3.970760816893,
4.084867214651),.PIECEWISE_BEZIER_KNOTS.) CURVE() 
GEOMETRIC_REPRESENTATION_ITEM() RATIONAL_B_SPLINE_CURVE((1.,
0.998372907679,1.)) REPRESENTATION_ITEM('') );
#6099 = CARTESIAN_POINT('',(9.004273234165E-03,9.829138493505E-03));
#6100 = CARTESIAN_POINT('',(8.442880184571E-03,1.034341921237E-02));
#6101 = CARTESIAN_POINT('',(7.826582456762E-03,1.079043590628E-02));
#6102 = ( GEOMETRIC_REPRESENTATION_CONTEXT(2) 
PARAMETRIC_REPRESENTATION_CONTEXT() REPRESENTATION_CONTEXT('2D SPACE',''
  ) );
#6103 = ORIENTED_EDGE('',*,*,#6104,.F.);
#6104 = EDGE_CURVE('',#6105,#6082,#6107,.T.);
#6105 = VERTEX_POINT('',#6106);
#6106 = CARTESIAN_POINT('',(11.733301813339,6.326019961801,
    12.203993230268));
#6107 = SURFACE_CURVE('',#6108,(#6112,#6119),.PCURVE_S1.);
#6108 = ( BOUNDED_CURVE() B_SPLINE_CURVE(2,(#6109,#6110,#6111),
.UNSPECIFIED.,.F.,.F.) B_SPLINE_CURVE_WITH_KNOTS((3,3),(3.187269313626,
3.52196186638),.PIECEWISE_BEZIER_KNOTS.) CURVE() 
GEOMETRIC_REPRESENTATION_ITEM() RATIONAL_B_SPLINE_CURVE((1.,
0.986030259214,1.)) REPRESENTATION_ITEM('') );
#6109 = CARTESIAN_POINT('',(11.733301813339,6.326019961801,
    12.203993230268));
#6110 = CARTESIAN_POINT('',(10.664671671707,8.308081361277,
    12.203993230268));
#6111 = CARTESIAN_POINT('',(9.004273234165,9.829138493505,
    12.203993230268));
#6112 = PCURVE('',#5930,#6113);
#6113 = DEFINITIONAL_REPRESENTATION('',(#6114),#6118);
#6114 = B_SPLINE_CURVE_WITH_KNOTS('',2,(#6115,#6116,#6117),
  .UNSPECIFIED.,.F.,.F.,(3,3),(3.187269313626,3.52196186638),
  .PIECEWISE_BEZIER_KNOTS.);
#6115 = CARTESIAN_POINT('',(3.649217035805,1.743033969927E-18));
#6116 = CARTESIAN_POINT('',(3.810512165221,3.124599270742E-18));
#6117 = CARTESIAN_POINT('',(3.96849400522,3.664308733243E-22));
#6118 = ( GEOMETRIC_REPRESENTATION_CONTEXT(2) 
PARAMETRIC_REPRESENTATION_CONTEXT() REPRESENTATION_CONTEXT('2D SPACE',''
  ) );
#6119 = PCURVE('',#5082,#6120);
#6120 = DEFINITIONAL_REPRESENTATION('',(#6121),#6125);
#6121 = ( BOUNDED_CURVE() B_SPLINE_CURVE(2,(#6122,#6123,#6124),
.UNSPECIFIED.,.F.,.F.) B_SPLINE_CURVE_WITH_KNOTS((3,3),(3.187269313626,
3.52196186638),.PIECEWISE_BEZIER_KNOTS.) CURVE() 
GEOMETRIC_REPRESENTATION_ITEM() RATIONAL_B_SPLINE_CURVE((1.,
0.986030259214,1.)) REPRESENTATION_ITEM('') );
#6122 = CARTESIAN_POINT('',(5.501278093181E-04,-2.390672202824E-03));
#6123 = CARTESIAN_POINT('',(6.529460870656E-04,-1.412353460404E-04));
#6124 = CARTESIAN_POINT('',(1.488951431662E-03,1.949609658904E-03));
#6125 = ( GEOMETRIC_REPRESENTATION_CONTEXT(2) 
PARAMETRIC_REPRESENTATION_CONTEXT() REPRESENTATION_CONTEXT('2D SPACE',''
  ) );
#6126 = ORIENTED_EDGE('',*,*,#6127,.F.);
#6127 = EDGE_CURVE('',#6128,#6105,#6130,.T.);
#6128 = VERTEX_POINT('',#6129);
#6129 = CARTESIAN_POINT('',(12.377273223936,4.948940042074,
    12.203993230268));
#6130 = SURFACE_CURVE('',#6131,(#6135,#6142),.PCURVE_S1.);
#6131 = ( BOUNDED_CURVE() B_SPLINE_CURVE(2,(#6132,#6133,#6134),
.UNSPECIFIED.,.F.,.F.) B_SPLINE_CURVE_WITH_KNOTS((3,3),(3.52196186638,
3.636068264138),.PIECEWISE_BEZIER_KNOTS.) CURVE() 
GEOMETRIC_REPRESENTATION_ITEM() RATIONAL_B_SPLINE_CURVE((1.,
0.998372907679,1.)) REPRESENTATION_ITEM('') );
#6132 = CARTESIAN_POINT('',(12.377273223936,4.948940042074,
    12.203993230268));
#6133 = CARTESIAN_POINT('',(12.094613604854,5.655870274609,
    12.203993230268));
#6134 = CARTESIAN_POINT('',(11.733301813339,6.326019961801,
    12.203993230268));
#6135 = PCURVE('',#5930,#6136);
#6136 = DEFINITIONAL_REPRESENTATION('',(#6137),#6141);
#6137 = B_SPLINE_CURVE_WITH_KNOTS('',2,(#6138,#6139,#6140),
  .UNSPECIFIED.,.F.,.F.,(3,3),(3.52196186638,3.636068264138),
  .PIECEWISE_BEZIER_KNOTS.);
#6138 = CARTESIAN_POINT('',(3.537662288848,1.749318895531E-18));
#6139 = CARTESIAN_POINT('',(3.593999149962,5.077285629694E-18));
#6140 = CARTESIAN_POINT('',(3.649217035805,1.743033969927E-18));
#6141 = ( GEOMETRIC_REPRESENTATION_CONTEXT(2) 
PARAMETRIC_REPRESENTATION_CONTEXT() REPRESENTATION_CONTEXT('2D SPACE',''
  ) );
#6142 = PCURVE('',#5110,#6143);
#6143 = DEFINITIONAL_REPRESENTATION('',(#6144),#6148);
#6144 = ( BOUNDED_CURVE() B_SPLINE_CURVE(2,(#6145,#6146,#6147),
.UNSPECIFIED.,.F.,.F.) B_SPLINE_CURVE_WITH_KNOTS((3,3),(3.52196186638,
3.636068264138),.PIECEWISE_BEZIER_KNOTS.) CURVE() 
GEOMETRIC_REPRESENTATION_ITEM() RATIONAL_B_SPLINE_CURVE((1.,
0.998372907679,1.)) REPRESENTATION_ITEM('') );
#6145 = CARTESIAN_POINT('',(1.237727322394E-02,4.948940042074E-03));
#6146 = CARTESIAN_POINT('',(1.209461360485E-02,5.655870274609E-03));
#6147 = CARTESIAN_POINT('',(1.173330181334E-02,6.326019961801E-03));
#6148 = ( GEOMETRIC_REPRESENTATION_CONTEXT(2) 
PARAMETRIC_REPRESENTATION_CONTEXT() REPRESENTATION_CONTEXT('2D SPACE',''
  ) );
#6149 = ORIENTED_EDGE('',*,*,#6150,.F.);
#6150 = EDGE_CURVE('',#6151,#6128,#6153,.T.);
#6151 = VERTEX_POINT('',#6152);
#6152 = CARTESIAN_POINT('',(13.31609684628,0.608658180346,
    12.203993230268));
#6153 = SURFACE_CURVE('',#6154,(#6158,#6166),.PCURVE_S1.);
#6154 = ( BOUNDED_CURVE() B_SPLINE_CURVE(2,(#6155,#6156,#6157),
.UNSPECIFIED.,.F.,.F.) B_SPLINE_CURVE_WITH_KNOTS((3,3),(3.187269313626,
3.52196186638),.PIECEWISE_BEZIER_KNOTS.) CURVE() 
GEOMETRIC_REPRESENTATION_ITEM() RATIONAL_B_SPLINE_CURVE((1.,
0.986030259214,1.)) REPRESENTATION_ITEM('') );
#6155 = CARTESIAN_POINT('',(13.31609684628,0.608658180346,
    12.203993230268));
#6156 = CARTESIAN_POINT('',(13.213278568532,2.858095037129,
    12.203993230268));
#6157 = CARTESIAN_POINT('',(12.377273223936,4.948940042074,
    12.203993230268));
#6158 = PCURVE('',#5930,#6159);
#6159 = DEFINITIONAL_REPRESENTATION('',(#6160),#6165);
#6160 = B_SPLINE_CURVE_WITH_KNOTS('',3,(#6161,#6162,#6163,#6164),
  .UNSPECIFIED.,.F.,.F.,(4,4),(3.187269313626,3.52196186638),
  .PIECEWISE_BEZIER_KNOTS.);
#6161 = CARTESIAN_POINT('',(3.191859881632,3.477172880705E-18));
#6162 = CARTESIAN_POINT('',(3.312957995409,-5.714904402438E-18));
#6163 = CARTESIAN_POINT('',(3.427944559171,7.749064339225E-18));
#6164 = CARTESIAN_POINT('',(3.537662288848,1.749318895531E-18));
#6165 = ( GEOMETRIC_REPRESENTATION_CONTEXT(2) 
PARAMETRIC_REPRESENTATION_CONTEXT() REPRESENTATION_CONTEXT('2D SPACE',''
  ) );
#6166 = PCURVE('',#5137,#6167);
#6167 = DEFINITIONAL_REPRESENTATION('',(#6168),#6172);
#6168 = ( BOUNDED_CURVE() B_SPLINE_CURVE(2,(#6169,#6170,#6171),
.UNSPECIFIED.,.F.,.F.) B_SPLINE_CURVE_WITH_KNOTS((3,3),(3.187269313626,
3.52196186638),.PIECEWISE_BEZIER_KNOTS.) CURVE() 
GEOMETRIC_REPRESENTATION_ITEM() RATIONAL_B_SPLINE_CURVE((1.,
0.986030259214,1.)) REPRESENTATION_ITEM('') );
#6169 = CARTESIAN_POINT('',(5.501278093181E-04,-2.390672202824E-03));
#6170 = CARTESIAN_POINT('',(6.529460870656E-04,-1.412353460404E-04));
#6171 = CARTESIAN_POINT('',(1.488951431662E-03,1.949609658904E-03));
#6172 = ( GEOMETRIC_REPRESENTATION_CONTEXT(2) 
PARAMETRIC_REPRESENTATION_CONTEXT() REPRESENTATION_CONTEXT('2D SPACE',''
  ) );
#6173 = ORIENTED_EDGE('',*,*,#6174,.F.);
#6174 = EDGE_CURVE('',#5921,#6151,#6175,.T.);
#6175 = SURFACE_CURVE('',#6176,(#6180,#6187),.PCURVE_S1.);
#6176 = ( BOUNDED_CURVE() B_SPLINE_CURVE(2,(#6177,#6178,#6179),
.UNSPECIFIED.,.F.,.F.) B_SPLINE_CURVE_WITH_KNOTS((3,3),(3.14159265359,
3.187269313626),.PIECEWISE_BEZIER_KNOTS.) CURVE() 
GEOMETRIC_REPRESENTATION_ITEM() RATIONAL_B_SPLINE_CURVE((1.,
0.999739216676,1.)) REPRESENTATION_ITEM('') );
#6177 = CARTESIAN_POINT('',(13.33,-1.632454183263E-15,12.203993230268));
#6178 = CARTESIAN_POINT('',(13.33,0.304487880188,12.203993230268));
#6179 = CARTESIAN_POINT('',(13.31609684628,0.608658180346,
    12.203993230268));
#6180 = PCURVE('',#5930,#6181);
#6181 = DEFINITIONAL_REPRESENTATION('',(#6182),#6186);
#6182 = B_SPLINE_CURVE_WITH_KNOTS('',2,(#6183,#6184,#6185),
  .UNSPECIFIED.,.F.,.F.,(3,3),(3.14159265359,3.187269313626),
  .PIECEWISE_BEZIER_KNOTS.);
#6183 = CARTESIAN_POINT('',(3.14159265359,0.));
#6184 = CARTESIAN_POINT('',(3.166956397681,-1.013062051966E-18));
#6185 = CARTESIAN_POINT('',(3.191859881632,3.477172880705E-18));
#6186 = ( GEOMETRIC_REPRESENTATION_CONTEXT(2) 
PARAMETRIC_REPRESENTATION_CONTEXT() REPRESENTATION_CONTEXT('2D SPACE',''
  ) );
#6187 = PCURVE('',#5221,#6188);
#6188 = DEFINITIONAL_REPRESENTATION('',(#6189),#6193);
#6189 = ( BOUNDED_CURVE() B_SPLINE_CURVE(2,(#6190,#6191,#6192),
.UNSPECIFIED.,.F.,.F.) B_SPLINE_CURVE_WITH_KNOTS((3,3),(3.14159265359,
3.187269313626),.PIECEWISE_BEZIER_KNOTS.) CURVE() 
GEOMETRIC_REPRESENTATION_ITEM() RATIONAL_B_SPLINE_CURVE((1.,
0.999739216676,1.)) REPRESENTATION_ITEM('') );
#6190 = CARTESIAN_POINT('',(1.333E-02,-8.333411068476E-19));
#6191 = CARTESIAN_POINT('',(1.333E-02,3.044878801881E-04));
#6192 = CARTESIAN_POINT('',(1.331609684628E-02,6.086581803459E-04));
#6193 = ( GEOMETRIC_REPRESENTATION_CONTEXT(2) 
PARAMETRIC_REPRESENTATION_CONTEXT() REPRESENTATION_CONTEXT('2D SPACE',''
  ) );
#6194 = ADVANCED_FACE('',(#6195),#5996,.T.);
#6195 = FACE_BOUND('',#6196,.T.);
#6196 = EDGE_LOOP('',(#6197,#6198,#6221,#6250,#6273,#6297,#6320,#6343,
    #6366,#6390,#6413));
#6197 = ORIENTED_EDGE('',*,*,#5981,.T.);
#6198 = ORIENTED_EDGE('',*,*,#6199,.T.);
#6199 = EDGE_CURVE('',#5959,#6200,#6202,.T.);
#6200 = VERTEX_POINT('',#6201);
#6201 = CARTESIAN_POINT('',(-13.33,0.,16.992646372253));
#6202 = SURFACE_CURVE('',#6203,(#6207,#6214),.PCURVE_S1.);
#6203 = ( BOUNDED_CURVE() B_SPLINE_CURVE(2,(#6204,#6205,#6206),
.UNSPECIFIED.,.F.,.F.) B_SPLINE_CURVE_WITH_KNOTS((3,3),(4.712388980385,
6.28318530718),.PIECEWISE_BEZIER_KNOTS.) CURVE() 
GEOMETRIC_REPRESENTATION_ITEM() RATIONAL_B_SPLINE_CURVE((1.,
0.707106781187,1.)) REPRESENTATION_ITEM('') );
#6204 = CARTESIAN_POINT('',(2.448681274895E-15,13.33,16.992646372253));
#6205 = CARTESIAN_POINT('',(-13.33,13.33,16.992646372253));
#6206 = CARTESIAN_POINT('',(-13.33,3.264908366527E-15,16.992646372253));
#6207 = PCURVE('',#5996,#6208);
#6208 = DEFINITIONAL_REPRESENTATION('',(#6209),#6213);
#6209 = B_SPLINE_CURVE_WITH_KNOTS('',2,(#6210,#6211,#6212),
  .UNSPECIFIED.,.F.,.F.,(3,3),(4.712388980385,6.28318530718),
  .PIECEWISE_BEZIER_KNOTS.);
#6210 = CARTESIAN_POINT('',(4.712388980385,-4.788653141985E-03));
#6211 = CARTESIAN_POINT('',(5.497787143782,-4.788653141985E-03));
#6212 = CARTESIAN_POINT('',(6.28318530718,-4.788653141985E-03));
#6213 = ( GEOMETRIC_REPRESENTATION_CONTEXT(2) 
PARAMETRIC_REPRESENTATION_CONTEXT() REPRESENTATION_CONTEXT('2D SPACE',''
  ) );
#6214 = PCURVE('',#4911,#6215);
#6215 = DEFINITIONAL_REPRESENTATION('',(#6216),#6220);
#6216 = ( BOUNDED_CURVE() B_SPLINE_CURVE(2,(#6217,#6218,#6219),
.UNSPECIFIED.,.F.,.F.) B_SPLINE_CURVE_WITH_KNOTS((3,3),(4.712388980385,
6.28318530718),.PIECEWISE_BEZIER_KNOTS.) CURVE() 
GEOMETRIC_REPRESENTATION_ITEM() RATIONAL_B_SPLINE_CURVE((1.,
0.707106781187,1.)) REPRESENTATION_ITEM('') );
#6217 = CARTESIAN_POINT('',(2.304277983352E-18,1.333E-02));
#6218 = CARTESIAN_POINT('',(-1.333E-02,1.333E-02));
#6219 = CARTESIAN_POINT('',(-1.333E-02,4.064021442943E-18));
#6220 = ( GEOMETRIC_REPRESENTATION_CONTEXT(2) 
PARAMETRIC_REPRESENTATION_CONTEXT() REPRESENTATION_CONTEXT('2D SPACE',''
  ) );
#6221 = ORIENTED_EDGE('',*,*,#6222,.F.);
#6222 = EDGE_CURVE('',#6223,#6200,#6225,.T.);
#6223 = VERTEX_POINT('',#6224);
#6224 = CARTESIAN_POINT('',(-13.33,0.,12.203993230268));
#6225 = SURFACE_CURVE('',#6226,(#6229,#6236),.PCURVE_S1.);
#6226 = B_SPLINE_CURVE_WITH_KNOTS('',1,(#6227,#6228),.UNSPECIFIED.,.F.,
  .F.,(2,2),(0.,4.788653141985E-03),.PIECEWISE_BEZIER_KNOTS.);
#6227 = CARTESIAN_POINT('',(-13.33,0.,12.203993230268));
#6228 = CARTESIAN_POINT('',(-13.33,0.,16.992646372253));
#6229 = PCURVE('',#5996,#6230);
#6230 = DEFINITIONAL_REPRESENTATION('',(#6231),#6235);
#6231 = B_SPLINE_CURVE_WITH_KNOTS('',2,(#6232,#6233,#6234),
  .UNSPECIFIED.,.F.,.F.,(3,3),(0.,4.788653141985E-03),
  .PIECEWISE_BEZIER_KNOTS.);
#6232 = CARTESIAN_POINT('',(6.28318530718,0.));
#6233 = CARTESIAN_POINT('',(6.28318530718,-2.394326570993E-03));
#6234 = CARTESIAN_POINT('',(6.28318530718,-4.788653141985E-03));
#6235 = ( GEOMETRIC_REPRESENTATION_CONTEXT(2) 
PARAMETRIC_REPRESENTATION_CONTEXT() REPRESENTATION_CONTEXT('2D SPACE',''
  ) );
#6236 = PCURVE('',#6237,#6244);
#6237 = ( BOUNDED_SURFACE() B_SPLINE_SURFACE(2,1,(
    (#6238,#6239)
    ,(#6240,#6241)
    ,(#6242,#6243
)),.UNSPECIFIED.,.F.,.F.,.F.) B_SPLINE_SURFACE_WITH_KNOTS((3,3),(2,2),(
    0.,1.570796326795),(-4.788653141985E-03,0.),
.PIECEWISE_BEZIER_KNOTS.) GEOMETRIC_REPRESENTATION_ITEM() 
RATIONAL_B_SPLINE_SURFACE((
    (1.,1.)
    ,(0.707106781187,0.707106781187)
,(1.,1.))) REPRESENTATION_ITEM('') SURFACE() );
#6238 = CARTESIAN_POINT('',(-13.33,0.,16.992646372253));
#6239 = CARTESIAN_POINT('',(-13.33,0.,12.203993230268));
#6240 = CARTESIAN_POINT('',(-13.33,-13.33,16.992646372253));
#6241 = CARTESIAN_POINT('',(-13.33,-13.33,12.203993230268));
#6242 = CARTESIAN_POINT('',(1.102319124297E-14,-13.33,16.992646372253));
#6243 = CARTESIAN_POINT('',(1.102319124297E-14,-13.33,12.203993230268));
#6244 = DEFINITIONAL_REPRESENTATION('',(#6245),#6249);
#6245 = B_SPLINE_CURVE_WITH_KNOTS('',2,(#6246,#6247,#6248),
  .UNSPECIFIED.,.F.,.F.,(3,3),(0.,4.788653141985E-03),
  .PIECEWISE_BEZIER_KNOTS.);
#6246 = CARTESIAN_POINT('',(0.,0.));
#6247 = CARTESIAN_POINT('',(0.,-2.394326570993E-03));
#6248 = CARTESIAN_POINT('',(0.,-4.788653141985E-03));
#6249 = ( GEOMETRIC_REPRESENTATION_CONTEXT(2) 
PARAMETRIC_REPRESENTATION_CONTEXT() REPRESENTATION_CONTEXT('2D SPACE',''
  ) );
#6250 = ORIENTED_EDGE('',*,*,#6251,.F.);
#6251 = EDGE_CURVE('',#6252,#6223,#6254,.T.);
#6252 = VERTEX_POINT('',#6253);
#6253 = CARTESIAN_POINT('',(-13.29880245441,0.911456679457,
    12.203993230268));
#6254 = SURFACE_CURVE('',#6255,(#6259,#6266),.PCURVE_S1.);
#6255 = ( BOUNDED_CURVE() B_SPLINE_CURVE(2,(#6256,#6257,#6258),
.UNSPECIFIED.,.F.,.F.) B_SPLINE_CURVE_WITH_KNOTS((3,3),(6.214755569457,
6.28318530718),.PIECEWISE_BEZIER_KNOTS.) CURVE() 
GEOMETRIC_REPRESENTATION_ITEM() RATIONAL_B_SPLINE_CURVE((1.,
0.999414728474,1.)) REPRESENTATION_ITEM('') );
#6256 = CARTESIAN_POINT('',(-13.29880245441,0.911456679457,
    12.203993230268));
#6257 = CARTESIAN_POINT('',(-13.33,0.456262258055,12.203993230268));
#6258 = CARTESIAN_POINT('',(-13.33,3.264908366527E-15,12.203993230268));
#6259 = PCURVE('',#5996,#6260);
#6260 = DEFINITIONAL_REPRESENTATION('',(#6261),#6265);
#6261 = B_SPLINE_CURVE_WITH_KNOTS('',2,(#6262,#6263,#6264),
  .UNSPECIFIED.,.F.,.F.,(3,3),(6.214755569457,6.28318530718),
  .PIECEWISE_BEZIER_KNOTS.);
#6262 = CARTESIAN_POINT('',(6.208212258182,2.55817693019E-23));
#6263 = CARTESIAN_POINT('',(6.245192988185,3.792561988735E-18));
#6264 = CARTESIAN_POINT('',(6.28318530718,0.));
#6265 = ( GEOMETRIC_REPRESENTATION_CONTEXT(2) 
PARAMETRIC_REPRESENTATION_CONTEXT() REPRESENTATION_CONTEXT('2D SPACE',''
  ) );
#6266 = PCURVE('',#5495,#6267);
#6267 = DEFINITIONAL_REPRESENTATION('',(#6268),#6272);
#6268 = ( BOUNDED_CURVE() B_SPLINE_CURVE(2,(#6269,#6270,#6271),
.UNSPECIFIED.,.F.,.F.) B_SPLINE_CURVE_WITH_KNOTS((3,3),(6.214755569457,
6.28318530718),.PIECEWISE_BEZIER_KNOTS.) CURVE() 
GEOMETRIC_REPRESENTATION_ITEM() RATIONAL_B_SPLINE_CURVE((1.,
0.999414728474,1.)) REPRESENTATION_ITEM('') );
#6269 = CARTESIAN_POINT('',(-1.329880245441E-02,9.114566794568E-04));
#6270 = CARTESIAN_POINT('',(-1.333E-02,4.562622580553E-04));
#6271 = CARTESIAN_POINT('',(-1.333E-02,4.064021442943E-18));
#6272 = ( GEOMETRIC_REPRESENTATION_CONTEXT(2) 
PARAMETRIC_REPRESENTATION_CONTEXT() REPRESENTATION_CONTEXT('2D SPACE',''
  ) );
#6273 = ORIENTED_EDGE('',*,*,#6274,.F.);
#6274 = EDGE_CURVE('',#6275,#6252,#6277,.T.);
#6275 = VERTEX_POINT('',#6276);
#6276 = CARTESIAN_POINT('',(-12.2614755876,5.22925581843,12.203993230268
    ));
#6277 = SURFACE_CURVE('',#6278,(#6282,#6290),.PCURVE_S1.);
#6278 = ( BOUNDED_CURVE() B_SPLINE_CURVE(2,(#6279,#6280,#6281),
.UNSPECIFIED.,.F.,.F.) B_SPLINE_CURVE_WITH_KNOTS((3,3),(3.187269313626,
3.52196186638),.PIECEWISE_BEZIER_KNOTS.) CURVE() 
GEOMETRIC_REPRESENTATION_ITEM() RATIONAL_B_SPLINE_CURVE((1.,
0.986030259214,1.)) REPRESENTATION_ITEM('') );
#6279 = CARTESIAN_POINT('',(-12.2614755876,5.22925581843,12.203993230268
    ));
#6280 = CARTESIAN_POINT('',(-13.14483359463,3.157972061357,
    12.203993230268));
#6281 = CARTESIAN_POINT('',(-13.29880245441,0.911456679457,
    12.203993230268));
#6282 = PCURVE('',#5996,#6283);
#6283 = DEFINITIONAL_REPRESENTATION('',(#6284),#6289);
#6284 = B_SPLINE_CURVE_WITH_KNOTS('',3,(#6285,#6286,#6287,#6288),
  .UNSPECIFIED.,.F.,.F.,(4,4),(3.187269313626,3.52196186638),
  .PIECEWISE_BEZIER_KNOTS.);
#6285 = CARTESIAN_POINT('',(5.864686381086,-4.802374401273E-21));
#6286 = CARTESIAN_POINT('',(5.973907092162,7.424901930134E-18));
#6287 = CARTESIAN_POINT('',(6.08815954626,-1.644626901505E-18));
#6288 = CARTESIAN_POINT('',(6.208212258182,2.558176930247E-23));
#6289 = ( GEOMETRIC_REPRESENTATION_CONTEXT(2) 
PARAMETRIC_REPRESENTATION_CONTEXT() REPRESENTATION_CONTEXT('2D SPACE',''
  ) );
#6290 = PCURVE('',#5524,#6291);
#6291 = DEFINITIONAL_REPRESENTATION('',(#6292),#6296);
#6292 = ( BOUNDED_CURVE() B_SPLINE_CURVE(2,(#6293,#6294,#6295),
.UNSPECIFIED.,.F.,.F.) B_SPLINE_CURVE_WITH_KNOTS((3,3),(3.187269313626,
3.52196186638),.PIECEWISE_BEZIER_KNOTS.) CURVE() 
GEOMETRIC_REPRESENTATION_ITEM() RATIONAL_B_SPLINE_CURVE((1.,
0.986030259214,1.)) REPRESENTATION_ITEM('') );
#6293 = CARTESIAN_POINT('',(5.501278093181E-04,-2.390672202824E-03));
#6294 = CARTESIAN_POINT('',(6.529460870656E-04,-1.412353460404E-04));
#6295 = CARTESIAN_POINT('',(1.488951431662E-03,1.949609658904E-03));
#6296 = ( GEOMETRIC_REPRESENTATION_CONTEXT(2) 
PARAMETRIC_REPRESENTATION_CONTEXT() REPRESENTATION_CONTEXT('2D SPACE',''
  ) );
#6297 = ORIENTED_EDGE('',*,*,#6298,.F.);
#6298 = EDGE_CURVE('',#6299,#6275,#6301,.T.);
#6299 = VERTEX_POINT('',#6300);
#6300 = CARTESIAN_POINT('',(-11.58634075968,6.591328227338,
    12.203993230268));
#6301 = SURFACE_CURVE('',#6302,(#6306,#6313),.PCURVE_S1.);
#6302 = ( BOUNDED_CURVE() B_SPLINE_CURVE(2,(#6303,#6304,#6305),
.UNSPECIFIED.,.F.,.F.) B_SPLINE_CURVE_WITH_KNOTS((3,3),(5.765956618945,
5.880063016703),.PIECEWISE_BEZIER_KNOTS.) CURVE() 
GEOMETRIC_REPRESENTATION_ITEM() RATIONAL_B_SPLINE_CURVE((1.,
0.998372907679,1.)) REPRESENTATION_ITEM('') );
#6303 = CARTESIAN_POINT('',(-11.58634075968,6.591328227338,
    12.203993230268));
#6304 = CARTESIAN_POINT('',(-11.96280568149,5.929572247706,
    12.203993230268));
#6305 = CARTESIAN_POINT('',(-12.2614755876,5.22925581843,12.203993230268
    ));
#6306 = PCURVE('',#5996,#6307);
#6307 = DEFINITIONAL_REPRESENTATION('',(#6308),#6312);
#6308 = B_SPLINE_CURVE_WITH_KNOTS('',2,(#6309,#6310,#6311),
  .UNSPECIFIED.,.F.,.F.,(3,3),(5.765956618945,5.880063016703),
  .PIECEWISE_BEZIER_KNOTS.);
#6309 = CARTESIAN_POINT('',(5.753562426142,1.734734373845E-18));
#6310 = CARTESIAN_POINT('',(5.808604192158,3.675304878755E-18));
#6311 = CARTESIAN_POINT('',(5.864686381086,-4.802374401273E-21));
#6312 = ( GEOMETRIC_REPRESENTATION_CONTEXT(2) 
PARAMETRIC_REPRESENTATION_CONTEXT() REPRESENTATION_CONTEXT('2D SPACE',''
  ) );
#6313 = PCURVE('',#5552,#6314);
#6314 = DEFINITIONAL_REPRESENTATION('',(#6315),#6319);
#6315 = ( BOUNDED_CURVE() B_SPLINE_CURVE(2,(#6316,#6317,#6318),
.UNSPECIFIED.,.F.,.F.) B_SPLINE_CURVE_WITH_KNOTS((3,3),(5.765956618945,
5.880063016703),.PIECEWISE_BEZIER_KNOTS.) CURVE() 
GEOMETRIC_REPRESENTATION_ITEM() RATIONAL_B_SPLINE_CURVE((1.,
0.998372907679,1.)) REPRESENTATION_ITEM('') );
#6316 = CARTESIAN_POINT('',(-1.158634075968E-02,6.591328227338E-03));
#6317 = CARTESIAN_POINT('',(-1.196280568149E-02,5.929572247706E-03));
#6318 = CARTESIAN_POINT('',(-1.22614755876E-02,5.22925581843E-03));
#6319 = ( GEOMETRIC_REPRESENTATION_CONTEXT(2) 
PARAMETRIC_REPRESENTATION_CONTEXT() REPRESENTATION_CONTEXT('2D SPACE',''
  ) );
#6320 = ORIENTED_EDGE('',*,*,#6321,.F.);
#6321 = EDGE_CURVE('',#6322,#6299,#6324,.T.);
#6322 = VERTEX_POINT('',#6323);
#6323 = CARTESIAN_POINT('',(-8.778318711675,10.031451569751,
    12.203993230268));
#6324 = SURFACE_CURVE('',#6325,(#6329,#6336),.PCURVE_S1.);
#6325 = ( BOUNDED_CURVE() B_SPLINE_CURVE(2,(#6326,#6327,#6328),
.UNSPECIFIED.,.F.,.F.) B_SPLINE_CURVE_WITH_KNOTS((3,3),(3.187269313626,
3.52196186638),.PIECEWISE_BEZIER_KNOTS.) CURVE() 
GEOMETRIC_REPRESENTATION_ITEM() RATIONAL_B_SPLINE_CURVE((1.,
0.986030259214,1.)) REPRESENTATION_ITEM('') );
#6326 = CARTESIAN_POINT('',(-8.778318711675,10.031451569751,
    12.203993230268));
#6327 = CARTESIAN_POINT('',(-10.47289311651,8.548564063105,
    12.203993230268));
#6328 = CARTESIAN_POINT('',(-11.58634075968,6.591328227338,
    12.203993230268));
#6329 = PCURVE('',#5996,#6330);
#6330 = DEFINITIONAL_REPRESENTATION('',(#6331),#6335);
#6331 = B_SPLINE_CURVE_WITH_KNOTS('',2,(#6332,#6333,#6334),
  .UNSPECIFIED.,.F.,.F.,(3,3),(3.187269313626,3.52196186638),
  .PIECEWISE_BEZIER_KNOTS.);
#6332 = CARTESIAN_POINT('',(5.434696043255,1.73472352964E-18));
#6333 = CARTESIAN_POINT('',(5.592779929879,2.292706460668E-18));
#6334 = CARTESIAN_POINT('',(5.753562426142,1.734734373845E-18));
#6335 = ( GEOMETRIC_REPRESENTATION_CONTEXT(2) 
PARAMETRIC_REPRESENTATION_CONTEXT() REPRESENTATION_CONTEXT('2D SPACE',''
  ) );
#6336 = PCURVE('',#5580,#6337);
#6337 = DEFINITIONAL_REPRESENTATION('',(#6338),#6342);
#6338 = ( BOUNDED_CURVE() B_SPLINE_CURVE(2,(#6339,#6340,#6341),
.UNSPECIFIED.,.F.,.F.) B_SPLINE_CURVE_WITH_KNOTS((3,3),(3.187269313626,
3.52196186638),.PIECEWISE_BEZIER_KNOTS.) CURVE() 
GEOMETRIC_REPRESENTATION_ITEM() RATIONAL_B_SPLINE_CURVE((1.,
0.986030259214,1.)) REPRESENTATION_ITEM('') );
#6339 = CARTESIAN_POINT('',(5.501278093181E-04,-2.390672202824E-03));
#6340 = CARTESIAN_POINT('',(6.529460870656E-04,-1.412353460404E-04));
#6341 = CARTESIAN_POINT('',(1.488951431662E-03,1.949609658904E-03));
#6342 = ( GEOMETRIC_REPRESENTATION_CONTEXT(2) 
PARAMETRIC_REPRESENTATION_CONTEXT() REPRESENTATION_CONTEXT('2D SPACE',''
  ) );
#6343 = ORIENTED_EDGE('',*,*,#6344,.F.);
#6344 = EDGE_CURVE('',#6345,#6322,#6347,.T.);
#6345 = VERTEX_POINT('',#6346);
#6346 = CARTESIAN_POINT('',(-7.579062180355,10.96570638246,
    12.203993230268));
#6347 = SURFACE_CURVE('',#6348,(#6352,#6359),.PCURVE_S1.);
#6348 = ( BOUNDED_CURVE() B_SPLINE_CURVE(2,(#6349,#6350,#6351),
.UNSPECIFIED.,.F.,.F.) B_SPLINE_CURVE_WITH_KNOTS((3,3),(5.317157668432,
5.43126406619),.PIECEWISE_BEZIER_KNOTS.) CURVE() 
GEOMETRIC_REPRESENTATION_ITEM() RATIONAL_B_SPLINE_CURVE((1.,
0.998372907679,1.)) REPRESENTATION_ITEM('') );
#6349 = CARTESIAN_POINT('',(-7.579062180355,10.96570638246,
    12.203993230268));
#6350 = CARTESIAN_POINT('',(-8.205370513589,10.532826854585,
    12.203993230268));
#6351 = CARTESIAN_POINT('',(-8.778318711675,10.031451569751,
    12.203993230268));
#6352 = PCURVE('',#5996,#6353);
#6353 = DEFINITIONAL_REPRESENTATION('',(#6354),#6358);
#6354 = B_SPLINE_CURVE_WITH_KNOTS('',2,(#6355,#6356,#6357),
  .UNSPECIFIED.,.F.,.F.,(3,3),(5.317157668432,5.43126406619),
  .PIECEWISE_BEZIER_KNOTS.);
#6355 = CARTESIAN_POINT('',(5.326072531008,1.731865817025E-18));
#6356 = CARTESIAN_POINT('',(5.380576043687,1.067566036824E-18));
#6357 = CARTESIAN_POINT('',(5.434696043255,1.73472352964E-18));
#6358 = ( GEOMETRIC_REPRESENTATION_CONTEXT(2) 
PARAMETRIC_REPRESENTATION_CONTEXT() REPRESENTATION_CONTEXT('2D SPACE',''
  ) );
#6359 = PCURVE('',#5608,#6360);
#6360 = DEFINITIONAL_REPRESENTATION('',(#6361),#6365);
#6361 = ( BOUNDED_CURVE() B_SPLINE_CURVE(2,(#6362,#6363,#6364),
.UNSPECIFIED.,.F.,.F.) B_SPLINE_CURVE_WITH_KNOTS((3,3),(5.317157668432,
5.43126406619),.PIECEWISE_BEZIER_KNOTS.) CURVE() 
GEOMETRIC_REPRESENTATION_ITEM() RATIONAL_B_SPLINE_CURVE((1.,
0.998372907679,1.)) REPRESENTATION_ITEM('') );
#6362 = CARTESIAN_POINT('',(-7.579062180355E-03,1.096570638246E-02));
#6363 = CARTESIAN_POINT('',(-8.205370513589E-03,1.053282685458E-02));
#6364 = CARTESIAN_POINT('',(-8.778318711675E-03,1.003145156975E-02));
#6365 = ( GEOMETRIC_REPRESENTATION_CONTEXT(2) 
PARAMETRIC_REPRESENTATION_CONTEXT() REPRESENTATION_CONTEXT('2D SPACE',''
  ) );
#6366 = ORIENTED_EDGE('',*,*,#6367,.F.);
#6367 = EDGE_CURVE('',#6368,#6345,#6370,.T.);
#6368 = VERTEX_POINT('',#6369);
#6369 = CARTESIAN_POINT('',(-3.556508155884,12.846795310004,
    12.203993230268));
#6370 = SURFACE_CURVE('',#6371,(#6375,#6383),.PCURVE_S1.);
#6371 = ( BOUNDED_CURVE() B_SPLINE_CURVE(2,(#6372,#6373,#6374),
.UNSPECIFIED.,.F.,.F.) B_SPLINE_CURVE_WITH_KNOTS((3,3),(3.187269313626,
3.52196186638),.PIECEWISE_BEZIER_KNOTS.) CURVE() 
GEOMETRIC_REPRESENTATION_ITEM() RATIONAL_B_SPLINE_CURVE((1.,
0.986030259214,1.)) REPRESENTATION_ITEM('') );
#6372 = CARTESIAN_POINT('',(-3.556508155884,12.846795310004,
    12.203993230268));
#6373 = CARTESIAN_POINT('',(-5.72666771506,12.246008110898,
    12.203993230268));
#6374 = CARTESIAN_POINT('',(-7.579062180355,10.96570638246,
    12.203993230268));
#6375 = PCURVE('',#5996,#6376);
#6376 = DEFINITIONAL_REPRESENTATION('',(#6377),#6382);
#6377 = B_SPLINE_CURVE_WITH_KNOTS('',3,(#6378,#6379,#6380,#6381),
  .UNSPECIFIED.,.F.,.F.,(4,4),(3.187269313626,3.52196186638),
  .PIECEWISE_BEZIER_KNOTS.);
#6378 = CARTESIAN_POINT('',(4.998124575735,9.493698507944E-21));
#6379 = CARTESIAN_POINT('',(5.110711109883,8.632980609045E-18));
#6380 = CARTESIAN_POINT('',(5.219932067105,-3.963798612981E-18));
#6381 = CARTESIAN_POINT('',(5.326072531008,1.731865817025E-18));
#6382 = ( GEOMETRIC_REPRESENTATION_CONTEXT(2) 
PARAMETRIC_REPRESENTATION_CONTEXT() REPRESENTATION_CONTEXT('2D SPACE',''
  ) );
#6383 = PCURVE('',#5637,#6384);
#6384 = DEFINITIONAL_REPRESENTATION('',(#6385),#6389);
#6385 = ( BOUNDED_CURVE() B_SPLINE_CURVE(2,(#6386,#6387,#6388),
.UNSPECIFIED.,.F.,.F.) B_SPLINE_CURVE_WITH_KNOTS((3,3),(3.187269313626,
3.52196186638),.PIECEWISE_BEZIER_KNOTS.) CURVE() 
GEOMETRIC_REPRESENTATION_ITEM() RATIONAL_B_SPLINE_CURVE((1.,
0.986030259214,1.)) REPRESENTATION_ITEM('') );
#6386 = CARTESIAN_POINT('',(5.501278093181E-04,-2.390672202824E-03));
#6387 = CARTESIAN_POINT('',(6.529460870656E-04,-1.412353460404E-04));
#6388 = CARTESIAN_POINT('',(1.488951431662E-03,1.949609658904E-03));
#6389 = ( GEOMETRIC_REPRESENTATION_CONTEXT(2) 
PARAMETRIC_REPRESENTATION_CONTEXT() REPRESENTATION_CONTEXT('2D SPACE',''
  ) );
#6390 = ORIENTED_EDGE('',*,*,#6391,.F.);
#6391 = EDGE_CURVE('',#6392,#6368,#6394,.T.);
#6392 = VERTEX_POINT('',#6393);
#6393 = CARTESIAN_POINT('',(-2.070657385109,13.168191902972,
    12.203993230268));
#6394 = SURFACE_CURVE('',#6395,(#6399,#6406),.PCURVE_S1.);
#6395 = ( BOUNDED_CURVE() B_SPLINE_CURVE(2,(#6396,#6397,#6398),
.UNSPECIFIED.,.F.,.F.) B_SPLINE_CURVE_WITH_KNOTS((3,3),(4.868358717919,
4.982465115677),.PIECEWISE_BEZIER_KNOTS.) CURVE() 
GEOMETRIC_REPRESENTATION_ITEM() RATIONAL_B_SPLINE_CURVE((1.,
0.998372907679,1.)) REPRESENTATION_ITEM('') );
#6396 = CARTESIAN_POINT('',(-2.070657385109,13.168191902972,
    12.203993230268));
#6397 = CARTESIAN_POINT('',(-2.822761083203,13.049925926268,
    12.203993230268));
#6398 = CARTESIAN_POINT('',(-3.556508155884,12.846795310004,
    12.203993230268));
#6399 = PCURVE('',#5996,#6400);
#6400 = DEFINITIONAL_REPRESENTATION('',(#6401),#6405);
#6401 = B_SPLINE_CURVE_WITH_KNOTS('',2,(#6402,#6403,#6404),
  .UNSPECIFIED.,.F.,.F.,(3,3),(4.868358717919,4.982465115677),
  .PIECEWISE_BEZIER_KNOTS.);
#6402 = CARTESIAN_POINT('',(4.880537222314,1.727585610212E-18));
#6403 = CARTESIAN_POINT('',(4.940318255245,4.346266693671E-18));
#6404 = CARTESIAN_POINT('',(4.998124575735,9.493698507944E-21));
#6405 = ( GEOMETRIC_REPRESENTATION_CONTEXT(2) 
PARAMETRIC_REPRESENTATION_CONTEXT() REPRESENTATION_CONTEXT('2D SPACE',''
  ) );
#6406 = PCURVE('',#5665,#6407);
#6407 = DEFINITIONAL_REPRESENTATION('',(#6408),#6412);
#6408 = ( BOUNDED_CURVE() B_SPLINE_CURVE(2,(#6409,#6410,#6411),
.UNSPECIFIED.,.F.,.F.) B_SPLINE_CURVE_WITH_KNOTS((3,3),(4.868358717919,
4.982465115677),.PIECEWISE_BEZIER_KNOTS.) CURVE() 
GEOMETRIC_REPRESENTATION_ITEM() RATIONAL_B_SPLINE_CURVE((1.,
0.998372907679,1.)) REPRESENTATION_ITEM('') );
#6409 = CARTESIAN_POINT('',(-2.070657385109E-03,1.316819190297E-02));
#6410 = CARTESIAN_POINT('',(-2.822761083203E-03,1.304992592627E-02));
#6411 = CARTESIAN_POINT('',(-3.556508155884E-03,1.284679531E-02));
#6412 = ( GEOMETRIC_REPRESENTATION_CONTEXT(2) 
PARAMETRIC_REPRESENTATION_CONTEXT() REPRESENTATION_CONTEXT('2D SPACE',''
  ) );
#6413 = ORIENTED_EDGE('',*,*,#6414,.F.);
#6414 = EDGE_CURVE('',#5982,#6392,#6415,.T.);
#6415 = SURFACE_CURVE('',#6416,(#6420,#6428),.PCURVE_S1.);
#6416 = ( BOUNDED_CURVE() B_SPLINE_CURVE(2,(#6417,#6418,#6419),
.UNSPECIFIED.,.F.,.F.) B_SPLINE_CURVE_WITH_KNOTS((3,3),(3.365992128846,
3.52196186638),.PIECEWISE_BEZIER_KNOTS.) CURVE() 
GEOMETRIC_REPRESENTATION_ITEM() RATIONAL_B_SPLINE_CURVE((1.,
0.996960720907,1.)) REPRESENTATION_ITEM('') );
#6417 = CARTESIAN_POINT('',(-9.974659986867E-15,13.33,12.203993230268));
#6418 = CARTESIAN_POINT('',(-1.041650805631,13.33,12.203993230268));
#6419 = CARTESIAN_POINT('',(-2.070657385109,13.168191902972,
    12.203993230268));
#6420 = PCURVE('',#5996,#6421);
#6421 = DEFINITIONAL_REPRESENTATION('',(#6422),#6427);
#6422 = B_SPLINE_CURVE_WITH_KNOTS('',3,(#6423,#6424,#6425,#6426),
  .UNSPECIFIED.,.F.,.F.,(4,4),(3.365992128846,3.52196186638),
  .PIECEWISE_BEZIER_KNOTS.);
#6423 = CARTESIAN_POINT('',(4.712388980385,0.));
#6424 = CARTESIAN_POINT('',(4.77007646468,4.827498528979E-18));
#6425 = CARTESIAN_POINT('',(4.826079354836,1.253137865745E-18));
#6426 = CARTESIAN_POINT('',(4.880537222314,1.727585610212E-18));
#6427 = ( GEOMETRIC_REPRESENTATION_CONTEXT(2) 
PARAMETRIC_REPRESENTATION_CONTEXT() REPRESENTATION_CONTEXT('2D SPACE',''
  ) );
#6428 = PCURVE('',#4969,#6429);
#6429 = DEFINITIONAL_REPRESENTATION('',(#6430),#6434);
#6430 = ( BOUNDED_CURVE() B_SPLINE_CURVE(2,(#6431,#6432,#6433),
.UNSPECIFIED.,.F.,.F.) B_SPLINE_CURVE_WITH_KNOTS((3,3),(3.365992128846,
3.52196186638),.PIECEWISE_BEZIER_KNOTS.) CURVE() 
GEOMETRIC_REPRESENTATION_ITEM() RATIONAL_B_SPLINE_CURVE((1.,
0.996960720907,1.)) REPRESENTATION_ITEM('') );
#6431 = CARTESIAN_POINT('',(8.704355862141E-04,-3.312633353207E-05));
#6432 = CARTESIAN_POINT('',(1.10222469634E-03,9.824081116247E-04));
#6433 = CARTESIAN_POINT('',(1.488951431662E-03,1.949609658904E-03));
#6434 = ( GEOMETRIC_REPRESENTATION_CONTEXT(2) 
PARAMETRIC_REPRESENTATION_CONTEXT() REPRESENTATION_CONTEXT('2D SPACE',''
  ) );
#6435 = ADVANCED_FACE('',(#6436),#6237,.T.);
#6436 = FACE_BOUND('',#6437,.T.);
#6437 = EDGE_LOOP('',(#6438,#6439,#6462,#6484,#6508,#6531,#6555,#6578,
    #6601,#6624,#6648));
#6438 = ORIENTED_EDGE('',*,*,#6222,.T.);
#6439 = ORIENTED_EDGE('',*,*,#6440,.T.);
#6440 = EDGE_CURVE('',#6200,#6441,#6443,.T.);
#6441 = VERTEX_POINT('',#6442);
#6442 = CARTESIAN_POINT('',(0.,-13.33,16.992646372253));
#6443 = SURFACE_CURVE('',#6444,(#6448,#6455),.PCURVE_S1.);
#6444 = ( BOUNDED_CURVE() B_SPLINE_CURVE(2,(#6445,#6446,#6447),
.UNSPECIFIED.,.F.,.F.) B_SPLINE_CURVE_WITH_KNOTS((3,3),(0.,
1.570796326795),.PIECEWISE_BEZIER_KNOTS.) CURVE() 
GEOMETRIC_REPRESENTATION_ITEM() RATIONAL_B_SPLINE_CURVE((1.,
0.707106781187,1.)) REPRESENTATION_ITEM('') );
#6445 = CARTESIAN_POINT('',(-13.33,0.,16.992646372253));
#6446 = CARTESIAN_POINT('',(-13.33,-13.33,16.992646372253));
#6447 = CARTESIAN_POINT('',(-8.162270916317E-16,-13.33,16.992646372253)
  );
#6448 = PCURVE('',#6237,#6449);
#6449 = DEFINITIONAL_REPRESENTATION('',(#6450),#6454);
#6450 = B_SPLINE_CURVE_WITH_KNOTS('',2,(#6451,#6452,#6453),
  .UNSPECIFIED.,.F.,.F.,(3,3),(0.,1.570796326795),
  .PIECEWISE_BEZIER_KNOTS.);
#6451 = CARTESIAN_POINT('',(0.,-4.788653141985E-03));
#6452 = CARTESIAN_POINT('',(0.785398163397,-4.788653141985E-03));
#6453 = CARTESIAN_POINT('',(1.570796326795,-4.788653141985E-03));
#6454 = ( GEOMETRIC_REPRESENTATION_CONTEXT(2) 
PARAMETRIC_REPRESENTATION_CONTEXT() REPRESENTATION_CONTEXT('2D SPACE',''
  ) );
#6455 = PCURVE('',#4911,#6456);
#6456 = DEFINITIONAL_REPRESENTATION('',(#6457),#6461);
#6457 = ( BOUNDED_CURVE() B_SPLINE_CURVE(2,(#6458,#6459,#6460),
.UNSPECIFIED.,.F.,.F.) B_SPLINE_CURVE_WITH_KNOTS((3,3),(0.,
1.570796326795),.PIECEWISE_BEZIER_KNOTS.) CURVE() 
GEOMETRIC_REPRESENTATION_ITEM() RATIONAL_B_SPLINE_CURVE((1.,
0.707106781187,1.)) REPRESENTATION_ITEM('') );
#6458 = CARTESIAN_POINT('',(-1.333E-02,7.991130764159E-19));
#6459 = CARTESIAN_POINT('',(-1.333E-02,-1.333E-02));
#6460 = CARTESIAN_POINT('',(-9.606303831746E-19,-1.333E-02));
#6461 = ( GEOMETRIC_REPRESENTATION_CONTEXT(2) 
PARAMETRIC_REPRESENTATION_CONTEXT() REPRESENTATION_CONTEXT('2D SPACE',''
  ) );
#6462 = ORIENTED_EDGE('',*,*,#6463,.F.);
#6463 = EDGE_CURVE('',#6464,#6441,#6466,.T.);
#6464 = VERTEX_POINT('',#6465);
#6465 = CARTESIAN_POINT('',(0.,-13.33,12.203993230268));
#6466 = SURFACE_CURVE('',#6467,(#6470,#6477),.PCURVE_S1.);
#6467 = B_SPLINE_CURVE_WITH_KNOTS('',1,(#6468,#6469),.UNSPECIFIED.,.F.,
  .F.,(2,2),(0.,4.788653141985E-03),.PIECEWISE_BEZIER_KNOTS.);
#6468 = CARTESIAN_POINT('',(0.,-13.33,12.203993230268));
#6469 = CARTESIAN_POINT('',(0.,-13.33,16.992646372253));
#6470 = PCURVE('',#6237,#6471);
#6471 = DEFINITIONAL_REPRESENTATION('',(#6472),#6476);
#6472 = B_SPLINE_CURVE_WITH_KNOTS('',2,(#6473,#6474,#6475),
  .UNSPECIFIED.,.F.,.F.,(3,3),(0.,4.788653141985E-03),
  .PIECEWISE_BEZIER_KNOTS.);
#6473 = CARTESIAN_POINT('',(1.570796326795,0.));
#6474 = CARTESIAN_POINT('',(1.570796326795,-2.394326570993E-03));
#6475 = CARTESIAN_POINT('',(1.570796326795,-4.788653141985E-03));
#6476 = ( GEOMETRIC_REPRESENTATION_CONTEXT(2) 
PARAMETRIC_REPRESENTATION_CONTEXT() REPRESENTATION_CONTEXT('2D SPACE',''
  ) );
#6477 = PCURVE('',#5944,#6478);
#6478 = DEFINITIONAL_REPRESENTATION('',(#6479),#6483);
#6479 = B_SPLINE_CURVE_WITH_KNOTS('',2,(#6480,#6481,#6482),
  .UNSPECIFIED.,.F.,.F.,(3,3),(0.,4.788653141985E-03),
  .PIECEWISE_BEZIER_KNOTS.);
#6480 = CARTESIAN_POINT('',(1.570796326795,0.));
#6481 = CARTESIAN_POINT('',(1.570796326795,-2.394326570993E-03));
#6482 = CARTESIAN_POINT('',(1.570796326795,-4.788653141985E-03));
#6483 = ( GEOMETRIC_REPRESENTATION_CONTEXT(2) 
PARAMETRIC_REPRESENTATION_CONTEXT() REPRESENTATION_CONTEXT('2D SPACE',''
  ) );
#6484 = ORIENTED_EDGE('',*,*,#6485,.F.);
#6485 = EDGE_CURVE('',#6486,#6464,#6488,.T.);
#6486 = VERTEX_POINT('',#6487);
#6487 = CARTESIAN_POINT('',(-2.36971245789,-13.1176736835,
    12.203993230268));
#6488 = SURFACE_CURVE('',#6489,(#6493,#6501),.PCURVE_S1.);
#6489 = ( BOUNDED_CURVE() B_SPLINE_CURVE(2,(#6490,#6491,#6492),
.UNSPECIFIED.,.F.,.F.) B_SPLINE_CURVE_WITH_KNOTS((3,3),(3.187269313626,
3.365992128846),.PIECEWISE_BEZIER_KNOTS.) CURVE() 
GEOMETRIC_REPRESENTATION_ITEM() RATIONAL_B_SPLINE_CURVE((1.,
0.996009925691,1.)) REPRESENTATION_ITEM('') );
#6490 = CARTESIAN_POINT('',(-2.36971245789,-13.1176736835,
    12.203993230268));
#6491 = CARTESIAN_POINT('',(-1.19436845152,-13.33,12.203993230268));
#6492 = CARTESIAN_POINT('',(8.23993651089E-15,-13.33,12.203993230268));
#6493 = PCURVE('',#6237,#6494);
#6494 = DEFINITIONAL_REPRESENTATION('',(#6495),#6500);
#6495 = B_SPLINE_CURVE_WITH_KNOTS('',3,(#6496,#6497,#6498,#6499),
  .UNSPECIFIED.,.F.,.F.,(4,4),(3.187269313626,3.365992128846),
  .PIECEWISE_BEZIER_KNOTS.);
#6496 = CARTESIAN_POINT('',(1.378877870976,1.750162899512E-18));
#6497 = CARTESIAN_POINT('',(1.440808941922,-5.231805159471E-18));
#6498 = CARTESIAN_POINT('',(1.504714428854,6.947236548594E-18));
#6499 = CARTESIAN_POINT('',(1.570796326795,0.));
#6500 = ( GEOMETRIC_REPRESENTATION_CONTEXT(2) 
PARAMETRIC_REPRESENTATION_CONTEXT() REPRESENTATION_CONTEXT('2D SPACE',''
  ) );
#6501 = PCURVE('',#5418,#6502);
#6502 = DEFINITIONAL_REPRESENTATION('',(#6503),#6507);
#6503 = ( BOUNDED_CURVE() B_SPLINE_CURVE(2,(#6504,#6505,#6506),
.UNSPECIFIED.,.F.,.F.) B_SPLINE_CURVE_WITH_KNOTS((3,3),(3.187269313626,
3.365992128846),.PIECEWISE_BEZIER_KNOTS.) CURVE() 
GEOMETRIC_REPRESENTATION_ITEM() RATIONAL_B_SPLINE_CURVE((1.,
0.996009925691,1.)) REPRESENTATION_ITEM('') );
#6504 = CARTESIAN_POINT('',(5.501278093181E-04,-2.390672202824E-03));
#6505 = CARTESIAN_POINT('',(6.046636028939E-04,-1.197549474348E-03));
#6506 = CARTESIAN_POINT('',(8.704355862141E-04,-3.312633353207E-05));
#6507 = ( GEOMETRIC_REPRESENTATION_CONTEXT(2) 
PARAMETRIC_REPRESENTATION_CONTEXT() REPRESENTATION_CONTEXT('2D SPACE',''
  ) );
#6508 = ORIENTED_EDGE('',*,*,#6509,.F.);
#6509 = EDGE_CURVE('',#6510,#6486,#6512,.T.);
#6510 = VERTEX_POINT('',#6511);
#6511 = CARTESIAN_POINT('',(-3.847866500203,-12.76255551982,
    12.203993230268));
#6512 = SURFACE_CURVE('',#6513,(#6517,#6524),.PCURVE_S1.);
#6513 = ( BOUNDED_CURVE() B_SPLINE_CURVE(2,(#6514,#6515,#6516),
.UNSPECIFIED.,.F.,.F.) B_SPLINE_CURVE_WITH_KNOTS((3,3),(1.277967113816,
1.392073511574),.PIECEWISE_BEZIER_KNOTS.) CURVE() 
GEOMETRIC_REPRESENTATION_ITEM() RATIONAL_B_SPLINE_CURVE((1.,
0.998372907679,1.)) REPRESENTATION_ITEM('') );
#6514 = CARTESIAN_POINT('',(-3.847866500203,-12.76255551982,
    12.203993230268));
#6515 = CARTESIAN_POINT('',(-3.118930798604,-12.98232712141,
    12.203993230268));
#6516 = CARTESIAN_POINT('',(-2.36971245789,-13.1176736835,
    12.203993230268));
#6517 = PCURVE('',#6237,#6518);
#6518 = DEFINITIONAL_REPRESENTATION('',(#6519),#6523);
#6519 = B_SPLINE_CURVE_WITH_KNOTS('',2,(#6520,#6521,#6522),
  .UNSPECIFIED.,.F.,.F.,(3,3),(1.277967113816,1.392073511574),
  .PIECEWISE_BEZIER_KNOTS.);
#6520 = CARTESIAN_POINT('',(1.262059471868,9.519618639766E-21));
#6521 = CARTESIAN_POINT('',(1.319528843401,1.658593916933E-18));
#6522 = CARTESIAN_POINT('',(1.378877870976,1.750210611583E-18));
#6523 = ( GEOMETRIC_REPRESENTATION_CONTEXT(2) 
PARAMETRIC_REPRESENTATION_CONTEXT() REPRESENTATION_CONTEXT('2D SPACE',''
  ) );
#6524 = PCURVE('',#5765,#6525);
#6525 = DEFINITIONAL_REPRESENTATION('',(#6526),#6530);
#6526 = ( BOUNDED_CURVE() B_SPLINE_CURVE(2,(#6527,#6528,#6529),
.UNSPECIFIED.,.F.,.F.) B_SPLINE_CURVE_WITH_KNOTS((3,3),(1.277967113816,
1.392073511574),.PIECEWISE_BEZIER_KNOTS.) CURVE() 
GEOMETRIC_REPRESENTATION_ITEM() RATIONAL_B_SPLINE_CURVE((1.,
0.998372907679,1.)) REPRESENTATION_ITEM('') );
#6527 = CARTESIAN_POINT('',(-3.847866500203E-03,-1.276255551982E-02));
#6528 = CARTESIAN_POINT('',(-3.118930798604E-03,-1.298232712142E-02));
#6529 = CARTESIAN_POINT('',(-2.36971245789E-03,-1.311767368351E-02));
#6530 = ( GEOMETRIC_REPRESENTATION_CONTEXT(2) 
PARAMETRIC_REPRESENTATION_CONTEXT() REPRESENTATION_CONTEXT('2D SPACE',''
  ) );
#6531 = ORIENTED_EDGE('',*,*,#6532,.F.);
#6532 = EDGE_CURVE('',#6533,#6510,#6535,.T.);
#6533 = VERTEX_POINT('',#6534);
#6534 = CARTESIAN_POINT('',(-7.826582456762,-10.79043590627,
    12.203993230268));
#6535 = SURFACE_CURVE('',#6536,(#6540,#6548),.PCURVE_S1.);
#6536 = ( BOUNDED_CURVE() B_SPLINE_CURVE(2,(#6537,#6538,#6539),
.UNSPECIFIED.,.F.,.F.) B_SPLINE_CURVE_WITH_KNOTS((3,3),(3.187269313626,
3.52196186638),.PIECEWISE_BEZIER_KNOTS.) CURVE() 
GEOMETRIC_REPRESENTATION_ITEM() RATIONAL_B_SPLINE_CURVE((1.,
0.986030259214,1.)) REPRESENTATION_ITEM('') );
#6537 = CARTESIAN_POINT('',(-7.826582456762,-10.79043590627,
    12.203993230268));
#6538 = CARTESIAN_POINT('',(-6.003795756685,-12.11255027989,
    12.203993230268));
#6539 = CARTESIAN_POINT('',(-3.847866500203,-12.76255551982,
    12.203993230268));
#6540 = PCURVE('',#6237,#6541);
#6541 = DEFINITIONAL_REPRESENTATION('',(#6542),#6547);
#6542 = B_SPLINE_CURVE_WITH_KNOTS('',3,(#6543,#6544,#6545,#6546),
  .UNSPECIFIED.,.F.,.F.,(4,4),(3.187269313626,3.52196186638),
  .PIECEWISE_BEZIER_KNOTS.);
#6543 = CARTESIAN_POINT('',(0.935386040247,1.738524545151E-18));
#6544 = CARTESIAN_POINT('',(1.041321729748,4.763309620727E-18));
#6545 = CARTESIAN_POINT('',(1.150130403837,-6.611196945732E-18));
#6546 = CARTESIAN_POINT('',(1.262059471868,3.479087080323E-18));
#6547 = ( GEOMETRIC_REPRESENTATION_CONTEXT(2) 
PARAMETRIC_REPRESENTATION_CONTEXT() REPRESENTATION_CONTEXT('2D SPACE',''
  ) );
#6548 = PCURVE('',#5794,#6549);
#6549 = DEFINITIONAL_REPRESENTATION('',(#6550),#6554);
#6550 = ( BOUNDED_CURVE() B_SPLINE_CURVE(2,(#6551,#6552,#6553),
.UNSPECIFIED.,.F.,.F.) B_SPLINE_CURVE_WITH_KNOTS((3,3),(3.187269313626,
3.52196186638),.PIECEWISE_BEZIER_KNOTS.) CURVE() 
GEOMETRIC_REPRESENTATION_ITEM() RATIONAL_B_SPLINE_CURVE((1.,
0.986030259214,1.)) REPRESENTATION_ITEM('') );
#6551 = CARTESIAN_POINT('',(5.501278093181E-04,-2.390672202824E-03));
#6552 = CARTESIAN_POINT('',(6.529460870656E-04,-1.412353460404E-04));
#6553 = CARTESIAN_POINT('',(1.488951431662E-03,1.949609658904E-03));
#6554 = ( GEOMETRIC_REPRESENTATION_CONTEXT(2) 
PARAMETRIC_REPRESENTATION_CONTEXT() REPRESENTATION_CONTEXT('2D SPACE',''
  ) );
#6555 = ORIENTED_EDGE('',*,*,#6556,.F.);
#6556 = EDGE_CURVE('',#6557,#6533,#6559,.T.);
#6557 = VERTEX_POINT('',#6558);
#6558 = CARTESIAN_POINT('',(-9.004273234165,-9.829138493505,
    12.203993230268));
#6559 = SURFACE_CURVE('',#6560,(#6564,#6571),.PCURVE_S1.);
#6560 = ( BOUNDED_CURVE() B_SPLINE_CURVE(2,(#6561,#6562,#6563),
.UNSPECIFIED.,.F.,.F.) B_SPLINE_CURVE_WITH_KNOTS((3,3),(0.829168163303,
0.943274561061),.PIECEWISE_BEZIER_KNOTS.) CURVE() 
GEOMETRIC_REPRESENTATION_ITEM() RATIONAL_B_SPLINE_CURVE((1.,
0.998372907679,1.)) REPRESENTATION_ITEM('') );
#6561 = CARTESIAN_POINT('',(-9.004273234165,-9.829138493505,
    12.203993230268));
#6562 = CARTESIAN_POINT('',(-8.442880184571,-10.34341921237,
    12.203993230268));
#6563 = CARTESIAN_POINT('',(-7.826582456762,-10.79043590627,
    12.203993230268));
#6564 = PCURVE('',#6237,#6565);
#6565 = DEFINITIONAL_REPRESENTATION('',(#6566),#6570);
#6566 = B_SPLINE_CURVE_WITH_KNOTS('',2,(#6567,#6568,#6569),
  .UNSPECIFIED.,.F.,.F.,(3,3),(0.829168163303,0.943274561061),
  .PIECEWISE_BEZIER_KNOTS.);
#6567 = CARTESIAN_POINT('',(0.82690135163,3.664231615557E-22));
#6568 = CARTESIAN_POINT('',(0.880987512477,1.896827884528E-18));
#6569 = CARTESIAN_POINT('',(0.935386040247,1.738524545151E-18));
#6570 = ( GEOMETRIC_REPRESENTATION_CONTEXT(2) 
PARAMETRIC_REPRESENTATION_CONTEXT() REPRESENTATION_CONTEXT('2D SPACE',''
  ) );
#6571 = PCURVE('',#5822,#6572);
#6572 = DEFINITIONAL_REPRESENTATION('',(#6573),#6577);
#6573 = ( BOUNDED_CURVE() B_SPLINE_CURVE(2,(#6574,#6575,#6576),
.UNSPECIFIED.,.F.,.F.) B_SPLINE_CURVE_WITH_KNOTS((3,3),(0.829168163303,
0.943274561061),.PIECEWISE_BEZIER_KNOTS.) CURVE() 
GEOMETRIC_REPRESENTATION_ITEM() RATIONAL_B_SPLINE_CURVE((1.,
0.998372907679,1.)) REPRESENTATION_ITEM('') );
#6574 = CARTESIAN_POINT('',(-9.004273234165E-03,-9.829138493505E-03));
#6575 = CARTESIAN_POINT('',(-8.442880184571E-03,-1.034341921237E-02));
#6576 = CARTESIAN_POINT('',(-7.826582456762E-03,-1.079043590628E-02));
#6577 = ( GEOMETRIC_REPRESENTATION_CONTEXT(2) 
PARAMETRIC_REPRESENTATION_CONTEXT() REPRESENTATION_CONTEXT('2D SPACE',''
  ) );
#6578 = ORIENTED_EDGE('',*,*,#6579,.F.);
#6579 = EDGE_CURVE('',#6580,#6557,#6582,.T.);
#6580 = VERTEX_POINT('',#6581);
#6581 = CARTESIAN_POINT('',(-11.73330181333,-6.326019961801,
    12.203993230268));
#6582 = SURFACE_CURVE('',#6583,(#6587,#6594),.PCURVE_S1.);
#6583 = ( BOUNDED_CURVE() B_SPLINE_CURVE(2,(#6584,#6585,#6586),
.UNSPECIFIED.,.F.,.F.) B_SPLINE_CURVE_WITH_KNOTS((3,3),(3.187269313626,
3.52196186638),.PIECEWISE_BEZIER_KNOTS.) CURVE() 
GEOMETRIC_REPRESENTATION_ITEM() RATIONAL_B_SPLINE_CURVE((1.,
0.986030259214,1.)) REPRESENTATION_ITEM('') );
#6584 = CARTESIAN_POINT('',(-11.73330181333,-6.326019961801,
    12.203993230268));
#6585 = CARTESIAN_POINT('',(-10.6646716717,-8.308081361277,
    12.203993230268));
#6586 = CARTESIAN_POINT('',(-9.004273234165,-9.829138493505,
    12.203993230268));
#6587 = PCURVE('',#6237,#6588);
#6588 = DEFINITIONAL_REPRESENTATION('',(#6589),#6593);
#6589 = B_SPLINE_CURVE_WITH_KNOTS('',2,(#6590,#6591,#6592),
  .UNSPECIFIED.,.F.,.F.,(3,3),(3.187269313626,3.52196186638),
  .PIECEWISE_BEZIER_KNOTS.);
#6590 = CARTESIAN_POINT('',(0.507624382215,1.743033969927E-18));
#6591 = CARTESIAN_POINT('',(0.668919511631,2.56441713268E-18));
#6592 = CARTESIAN_POINT('',(0.82690135163,3.664308733243E-22));
#6593 = ( GEOMETRIC_REPRESENTATION_CONTEXT(2) 
PARAMETRIC_REPRESENTATION_CONTEXT() REPRESENTATION_CONTEXT('2D SPACE',''
  ) );
#6594 = PCURVE('',#5850,#6595);
#6595 = DEFINITIONAL_REPRESENTATION('',(#6596),#6600);
#6596 = ( BOUNDED_CURVE() B_SPLINE_CURVE(2,(#6597,#6598,#6599),
.UNSPECIFIED.,.F.,.F.) B_SPLINE_CURVE_WITH_KNOTS((3,3),(3.187269313626,
3.52196186638),.PIECEWISE_BEZIER_KNOTS.) CURVE() 
GEOMETRIC_REPRESENTATION_ITEM() RATIONAL_B_SPLINE_CURVE((1.,
0.986030259214,1.)) REPRESENTATION_ITEM('') );
#6597 = CARTESIAN_POINT('',(5.501278093181E-04,-2.390672202824E-03));
#6598 = CARTESIAN_POINT('',(6.529460870656E-04,-1.412353460404E-04));
#6599 = CARTESIAN_POINT('',(1.488951431662E-03,1.949609658904E-03));
#6600 = ( GEOMETRIC_REPRESENTATION_CONTEXT(2) 
PARAMETRIC_REPRESENTATION_CONTEXT() REPRESENTATION_CONTEXT('2D SPACE',''
  ) );
#6601 = ORIENTED_EDGE('',*,*,#6602,.F.);
#6602 = EDGE_CURVE('',#6603,#6580,#6605,.T.);
#6603 = VERTEX_POINT('',#6604);
#6604 = CARTESIAN_POINT('',(-12.37727322393,-4.948940042074,
    12.203993230268));
#6605 = SURFACE_CURVE('',#6606,(#6610,#6617),.PCURVE_S1.);
#6606 = ( BOUNDED_CURVE() B_SPLINE_CURVE(2,(#6607,#6608,#6609),
.UNSPECIFIED.,.F.,.F.) B_SPLINE_CURVE_WITH_KNOTS((3,3),(0.380369212791,
0.494475610549),.PIECEWISE_BEZIER_KNOTS.) CURVE() 
GEOMETRIC_REPRESENTATION_ITEM() RATIONAL_B_SPLINE_CURVE((1.,
0.998372907679,1.)) REPRESENTATION_ITEM('') );
#6607 = CARTESIAN_POINT('',(-12.37727322393,-4.948940042074,
    12.203993230268));
#6608 = CARTESIAN_POINT('',(-12.09461360485,-5.655870274609,
    12.203993230268));
#6609 = CARTESIAN_POINT('',(-11.73330181333,-6.326019961801,
    12.203993230268));
#6610 = PCURVE('',#6237,#6611);
#6611 = DEFINITIONAL_REPRESENTATION('',(#6612),#6616);
#6612 = B_SPLINE_CURVE_WITH_KNOTS('',2,(#6613,#6614,#6615),
  .UNSPECIFIED.,.F.,.F.,(3,3),(0.380369212791,0.494475610549),
  .PIECEWISE_BEZIER_KNOTS.);
#6613 = CARTESIAN_POINT('',(0.396069635258,2.428376087955E-20));
#6614 = CARTESIAN_POINT('',(0.452406496372,3.438184767043E-18));
#6615 = CARTESIAN_POINT('',(0.507624382215,1.743033970052E-18));
#6616 = ( GEOMETRIC_REPRESENTATION_CONTEXT(2) 
PARAMETRIC_REPRESENTATION_CONTEXT() REPRESENTATION_CONTEXT('2D SPACE',''
  ) );
#6617 = PCURVE('',#5878,#6618);
#6618 = DEFINITIONAL_REPRESENTATION('',(#6619),#6623);
#6619 = ( BOUNDED_CURVE() B_SPLINE_CURVE(2,(#6620,#6621,#6622),
.UNSPECIFIED.,.F.,.F.) B_SPLINE_CURVE_WITH_KNOTS((3,3),(0.380369212791,
0.494475610549),.PIECEWISE_BEZIER_KNOTS.) CURVE() 
GEOMETRIC_REPRESENTATION_ITEM() RATIONAL_B_SPLINE_CURVE((1.,
0.998372907679,1.)) REPRESENTATION_ITEM('') );
#6620 = CARTESIAN_POINT('',(-1.237727322394E-02,-4.948940042074E-03));
#6621 = CARTESIAN_POINT('',(-1.209461360485E-02,-5.655870274609E-03));
#6622 = CARTESIAN_POINT('',(-1.173330181334E-02,-6.326019961801E-03));
#6623 = ( GEOMETRIC_REPRESENTATION_CONTEXT(2) 
PARAMETRIC_REPRESENTATION_CONTEXT() REPRESENTATION_CONTEXT('2D SPACE',''
  ) );
#6624 = ORIENTED_EDGE('',*,*,#6625,.F.);
#6625 = EDGE_CURVE('',#6626,#6603,#6628,.T.);
#6626 = VERTEX_POINT('',#6627);
#6627 = CARTESIAN_POINT('',(-13.31609684628,-0.608658180346,
    12.203993230268));
#6628 = SURFACE_CURVE('',#6629,(#6633,#6641),.PCURVE_S1.);
#6629 = ( BOUNDED_CURVE() B_SPLINE_CURVE(2,(#6630,#6631,#6632),
.UNSPECIFIED.,.F.,.F.) B_SPLINE_CURVE_WITH_KNOTS((3,3),(3.187269313626,
3.52196186638),.PIECEWISE_BEZIER_KNOTS.) CURVE() 
GEOMETRIC_REPRESENTATION_ITEM() RATIONAL_B_SPLINE_CURVE((1.,
0.986030259214,1.)) REPRESENTATION_ITEM('') );
#6630 = CARTESIAN_POINT('',(-13.31609684628,-0.608658180346,
    12.203993230268));
#6631 = CARTESIAN_POINT('',(-13.21327856853,-2.858095037129,
    12.203993230268));
#6632 = CARTESIAN_POINT('',(-12.37727322393,-4.948940042074,
    12.203993230268));
#6633 = PCURVE('',#6237,#6634);
#6634 = DEFINITIONAL_REPRESENTATION('',(#6635),#6640);
#6635 = B_SPLINE_CURVE_WITH_KNOTS('',3,(#6636,#6637,#6638,#6639),
  .UNSPECIFIED.,.F.,.F.,(4,4),(3.187269313626,3.52196186638),
  .PIECEWISE_BEZIER_KNOTS.);
#6636 = CARTESIAN_POINT('',(5.026722804196E-02,1.742455780802E-18));
#6637 = CARTESIAN_POINT('',(0.17136534182,-1.309399503023E-18));
#6638 = CARTESIAN_POINT('',(0.286351905581,1.22111412552E-18));
#6639 = CARTESIAN_POINT('',(0.396069635258,3.483992041258E-18));
#6640 = ( GEOMETRIC_REPRESENTATION_CONTEXT(2) 
PARAMETRIC_REPRESENTATION_CONTEXT() REPRESENTATION_CONTEXT('2D SPACE',''
  ) );
#6641 = PCURVE('',#5905,#6642);
#6642 = DEFINITIONAL_REPRESENTATION('',(#6643),#6647);
#6643 = ( BOUNDED_CURVE() B_SPLINE_CURVE(2,(#6644,#6645,#6646),
.UNSPECIFIED.,.F.,.F.) B_SPLINE_CURVE_WITH_KNOTS((3,3),(3.187269313626,
3.52196186638),.PIECEWISE_BEZIER_KNOTS.) CURVE() 
GEOMETRIC_REPRESENTATION_ITEM() RATIONAL_B_SPLINE_CURVE((1.,
0.986030259214,1.)) REPRESENTATION_ITEM('') );
#6644 = CARTESIAN_POINT('',(5.501278093181E-04,-2.390672202824E-03));
#6645 = CARTESIAN_POINT('',(6.529460870656E-04,-1.412353460404E-04));
#6646 = CARTESIAN_POINT('',(1.488951431662E-03,1.949609658904E-03));
#6647 = ( GEOMETRIC_REPRESENTATION_CONTEXT(2) 
PARAMETRIC_REPRESENTATION_CONTEXT() REPRESENTATION_CONTEXT('2D SPACE',''
  ) );
#6648 = ORIENTED_EDGE('',*,*,#6649,.F.);
#6649 = EDGE_CURVE('',#6223,#6626,#6650,.T.);
#6650 = SURFACE_CURVE('',#6651,(#6655,#6662),.PCURVE_S1.);
#6651 = ( BOUNDED_CURVE() B_SPLINE_CURVE(2,(#6652,#6653,#6654),
.UNSPECIFIED.,.F.,.F.) B_SPLINE_CURVE_WITH_KNOTS((3,3),(0.,
4.56766600358E-02),.PIECEWISE_BEZIER_KNOTS.) CURVE() 
GEOMETRIC_REPRESENTATION_ITEM() RATIONAL_B_SPLINE_CURVE((1.,
0.999739216676,1.)) REPRESENTATION_ITEM('') );
#6652 = CARTESIAN_POINT('',(-13.33,0.,12.203993230268));
#6653 = CARTESIAN_POINT('',(-13.33,-0.304487880188,12.203993230268));
#6654 = CARTESIAN_POINT('',(-13.31609684628,-0.608658180346,
    12.203993230268));
#6655 = PCURVE('',#6237,#6656);
#6656 = DEFINITIONAL_REPRESENTATION('',(#6657),#6661);
#6657 = B_SPLINE_CURVE_WITH_KNOTS('',2,(#6658,#6659,#6660),
  .UNSPECIFIED.,.F.,.F.,(3,3),(0.,4.56766600358E-02),
  .PIECEWISE_BEZIER_KNOTS.);
#6658 = CARTESIAN_POINT('',(0.,0.));
#6659 = CARTESIAN_POINT('',(2.536374409164E-02,1.341661507957E-18));
#6660 = CARTESIAN_POINT('',(5.026722804196E-02,1.742449404805E-18));
#6661 = ( GEOMETRIC_REPRESENTATION_CONTEXT(2) 
PARAMETRIC_REPRESENTATION_CONTEXT() REPRESENTATION_CONTEXT('2D SPACE',''
  ) );
#6662 = PCURVE('',#5495,#6663);
#6663 = DEFINITIONAL_REPRESENTATION('',(#6664),#6668);
#6664 = ( BOUNDED_CURVE() B_SPLINE_CURVE(2,(#6665,#6666,#6667),
.UNSPECIFIED.,.F.,.F.) B_SPLINE_CURVE_WITH_KNOTS((3,3),(0.,
4.56766600358E-02),.PIECEWISE_BEZIER_KNOTS.) CURVE() 
GEOMETRIC_REPRESENTATION_ITEM() RATIONAL_B_SPLINE_CURVE((1.,
0.999739216676,1.)) REPRESENTATION_ITEM('') );
#6665 = CARTESIAN_POINT('',(-1.333E-02,7.991130764159E-19));
#6666 = CARTESIAN_POINT('',(-1.333E-02,-3.044878801881E-04));
#6667 = CARTESIAN_POINT('',(-1.331609684628E-02,-6.086581803459E-04));
#6668 = ( GEOMETRIC_REPRESENTATION_CONTEXT(2) 
PARAMETRIC_REPRESENTATION_CONTEXT() REPRESENTATION_CONTEXT('2D SPACE',''
  ) );
#6669 = ADVANCED_FACE('',(#6670),#5944,.T.);
#6670 = FACE_BOUND('',#6671,.T.);
#6671 = EDGE_LOOP('',(#6672,#6673,#6694,#6695,#6718,#6742,#6765,#6788,
    #6811,#6835,#6858));
#6672 = ORIENTED_EDGE('',*,*,#6463,.T.);
#6673 = ORIENTED_EDGE('',*,*,#6674,.T.);
#6674 = EDGE_CURVE('',#6441,#5923,#6675,.T.);
#6675 = SURFACE_CURVE('',#6676,(#6680,#6687),.PCURVE_S1.);
#6676 = ( BOUNDED_CURVE() B_SPLINE_CURVE(2,(#6677,#6678,#6679),
.UNSPECIFIED.,.F.,.F.) B_SPLINE_CURVE_WITH_KNOTS((3,3),(1.570796326795,
3.14159265359),.PIECEWISE_BEZIER_KNOTS.) CURVE() 
GEOMETRIC_REPRESENTATION_ITEM() RATIONAL_B_SPLINE_CURVE((1.,
0.707106781187,1.)) REPRESENTATION_ITEM('') );
#6677 = CARTESIAN_POINT('',(-8.162270916317E-16,-13.33,16.992646372253)
  );
#6678 = CARTESIAN_POINT('',(13.33,-13.33,16.992646372253));
#6679 = CARTESIAN_POINT('',(13.33,-1.632454183263E-15,16.992646372253));
#6680 = PCURVE('',#5944,#6681);
#6681 = DEFINITIONAL_REPRESENTATION('',(#6682),#6686);
#6682 = B_SPLINE_CURVE_WITH_KNOTS('',2,(#6683,#6684,#6685),
  .UNSPECIFIED.,.F.,.F.,(3,3),(1.570796326795,3.14159265359),
  .PIECEWISE_BEZIER_KNOTS.);
#6683 = CARTESIAN_POINT('',(1.570796326795,-4.788653141985E-03));
#6684 = CARTESIAN_POINT('',(2.356194490192,-4.788653141985E-03));
#6685 = CARTESIAN_POINT('',(3.14159265359,-4.788653141985E-03));
#6686 = ( GEOMETRIC_REPRESENTATION_CONTEXT(2) 
PARAMETRIC_REPRESENTATION_CONTEXT() REPRESENTATION_CONTEXT('2D SPACE',''
  ) );
#6687 = PCURVE('',#4911,#6688);
#6688 = DEFINITIONAL_REPRESENTATION('',(#6689),#6693);
#6689 = ( BOUNDED_CURVE() B_SPLINE_CURVE(2,(#6690,#6691,#6692),
.UNSPECIFIED.,.F.,.F.) B_SPLINE_CURVE_WITH_KNOTS((3,3),(1.570796326795,
3.14159265359),.PIECEWISE_BEZIER_KNOTS.) CURVE() 
GEOMETRIC_REPRESENTATION_ITEM() RATIONAL_B_SPLINE_CURVE((1.,
0.707106781187,1.)) REPRESENTATION_ITEM('') );
#6690 = CARTESIAN_POINT('',(-9.606303831746E-19,-1.333E-02));
#6691 = CARTESIAN_POINT('',(1.333E-02,-1.333E-02));
#6692 = CARTESIAN_POINT('',(1.333E-02,-8.333411068476E-19));
#6693 = ( GEOMETRIC_REPRESENTATION_CONTEXT(2) 
PARAMETRIC_REPRESENTATION_CONTEXT() REPRESENTATION_CONTEXT('2D SPACE',''
  ) );
#6694 = ORIENTED_EDGE('',*,*,#5920,.F.);
#6695 = ORIENTED_EDGE('',*,*,#6696,.F.);
#6696 = EDGE_CURVE('',#6697,#5921,#6699,.T.);
#6697 = VERTEX_POINT('',#6698);
#6698 = CARTESIAN_POINT('',(13.298802454412,-0.911456679457,
    12.203993230268));
#6699 = SURFACE_CURVE('',#6700,(#6704,#6711),.PCURVE_S1.);
#6700 = ( BOUNDED_CURVE() B_SPLINE_CURVE(2,(#6701,#6702,#6703),
.UNSPECIFIED.,.F.,.F.) B_SPLINE_CURVE_WITH_KNOTS((3,3),(3.073162915868,
3.14159265359),.PIECEWISE_BEZIER_KNOTS.) CURVE() 
GEOMETRIC_REPRESENTATION_ITEM() RATIONAL_B_SPLINE_CURVE((1.,
0.999414728474,1.)) REPRESENTATION_ITEM('') );
#6701 = CARTESIAN_POINT('',(13.298802454412,-0.911456679457,
    12.203993230268));
#6702 = CARTESIAN_POINT('',(13.33,-0.456262258055,12.203993230268));
#6703 = CARTESIAN_POINT('',(13.33,-1.632454183263E-15,12.203993230268));
#6704 = PCURVE('',#5944,#6705);
#6705 = DEFINITIONAL_REPRESENTATION('',(#6706),#6710);
#6706 = B_SPLINE_CURVE_WITH_KNOTS('',2,(#6707,#6708,#6709),
  .UNSPECIFIED.,.F.,.F.,(3,3),(3.073162915868,3.14159265359),
  .PIECEWISE_BEZIER_KNOTS.);
#6707 = CARTESIAN_POINT('',(3.066619604592,1.734749057596E-18));
#6708 = CARTESIAN_POINT('',(3.103600334595,2.669061319987E-18));
#6709 = CARTESIAN_POINT('',(3.14159265359,0.));
#6710 = ( GEOMETRIC_REPRESENTATION_CONTEXT(2) 
PARAMETRIC_REPRESENTATION_CONTEXT() REPRESENTATION_CONTEXT('2D SPACE',''
  ) );
#6711 = PCURVE('',#5221,#6712);
#6712 = DEFINITIONAL_REPRESENTATION('',(#6713),#6717);
#6713 = ( BOUNDED_CURVE() B_SPLINE_CURVE(2,(#6714,#6715,#6716),
.UNSPECIFIED.,.F.,.F.) B_SPLINE_CURVE_WITH_KNOTS((3,3),(3.073162915868,
3.14159265359),.PIECEWISE_BEZIER_KNOTS.) CURVE() 
GEOMETRIC_REPRESENTATION_ITEM() RATIONAL_B_SPLINE_CURVE((1.,
0.999414728474,1.)) REPRESENTATION_ITEM('') );
#6714 = CARTESIAN_POINT('',(1.329880245441E-02,-9.114566794568E-04));
#6715 = CARTESIAN_POINT('',(1.333E-02,-4.562622580553E-04));
#6716 = CARTESIAN_POINT('',(1.333E-02,-8.333411068476E-19));
#6717 = ( GEOMETRIC_REPRESENTATION_CONTEXT(2) 
PARAMETRIC_REPRESENTATION_CONTEXT() REPRESENTATION_CONTEXT('2D SPACE',''
  ) );
#6718 = ORIENTED_EDGE('',*,*,#6719,.F.);
#6719 = EDGE_CURVE('',#6720,#6697,#6722,.T.);
#6720 = VERTEX_POINT('',#6721);
#6721 = CARTESIAN_POINT('',(12.261475587604,-5.22925581843,
    12.203993230268));
#6722 = SURFACE_CURVE('',#6723,(#6727,#6735),.PCURVE_S1.);
#6723 = ( BOUNDED_CURVE() B_SPLINE_CURVE(2,(#6724,#6725,#6726),
.UNSPECIFIED.,.F.,.F.) B_SPLINE_CURVE_WITH_KNOTS((3,3),(3.187269313626,
3.52196186638),.PIECEWISE_BEZIER_KNOTS.) CURVE() 
GEOMETRIC_REPRESENTATION_ITEM() RATIONAL_B_SPLINE_CURVE((1.,
0.986030259214,1.)) REPRESENTATION_ITEM('') );
#6724 = CARTESIAN_POINT('',(12.261475587604,-5.22925581843,
    12.203993230268));
#6725 = CARTESIAN_POINT('',(13.144833594633,-3.157972061357,
    12.203993230268));
#6726 = CARTESIAN_POINT('',(13.298802454412,-0.911456679457,
    12.203993230268));
#6727 = PCURVE('',#5944,#6728);
#6728 = DEFINITIONAL_REPRESENTATION('',(#6729),#6734);
#6729 = B_SPLINE_CURVE_WITH_KNOTS('',3,(#6730,#6731,#6732,#6733),
  .UNSPECIFIED.,.F.,.F.,(4,4),(3.187269313626,3.52196186638),
  .PIECEWISE_BEZIER_KNOTS.);
#6730 = CARTESIAN_POINT('',(2.723093727497,-4.802374401274E-21));
#6731 = CARTESIAN_POINT('',(2.832314438572,5.049201045182E-18));
#6732 = CARTESIAN_POINT('',(2.94656689267,-7.746126976476E-19));
#6733 = CARTESIAN_POINT('',(3.066619604592,1.734749057596E-18));
#6734 = ( GEOMETRIC_REPRESENTATION_CONTEXT(2) 
PARAMETRIC_REPRESENTATION_CONTEXT() REPRESENTATION_CONTEXT('2D SPACE',''
  ) );
#6735 = PCURVE('',#5250,#6736);
#6736 = DEFINITIONAL_REPRESENTATION('',(#6737),#6741);
#6737 = ( BOUNDED_CURVE() B_SPLINE_CURVE(2,(#6738,#6739,#6740),
.UNSPECIFIED.,.F.,.F.) B_SPLINE_CURVE_WITH_KNOTS((3,3),(3.187269313626,
3.52196186638),.PIECEWISE_BEZIER_KNOTS.) CURVE() 
GEOMETRIC_REPRESENTATION_ITEM() RATIONAL_B_SPLINE_CURVE((1.,
0.986030259214,1.)) REPRESENTATION_ITEM('') );
#6738 = CARTESIAN_POINT('',(5.501278093181E-04,-2.390672202824E-03));
#6739 = CARTESIAN_POINT('',(6.529460870656E-04,-1.412353460404E-04));
#6740 = CARTESIAN_POINT('',(1.488951431662E-03,1.949609658904E-03));
#6741 = ( GEOMETRIC_REPRESENTATION_CONTEXT(2) 
PARAMETRIC_REPRESENTATION_CONTEXT() REPRESENTATION_CONTEXT('2D SPACE',''
  ) );
#6742 = ORIENTED_EDGE('',*,*,#6743,.F.);
#6743 = EDGE_CURVE('',#6744,#6720,#6746,.T.);
#6744 = VERTEX_POINT('',#6745);
#6745 = CARTESIAN_POINT('',(11.586340759683,-6.591328227338,
    12.203993230268));
#6746 = SURFACE_CURVE('',#6747,(#6751,#6758),.PCURVE_S1.);
#6747 = ( BOUNDED_CURVE() B_SPLINE_CURVE(2,(#6748,#6749,#6750),
.UNSPECIFIED.,.F.,.F.) B_SPLINE_CURVE_WITH_KNOTS((3,3),(2.624363965355,
2.738470363113),.PIECEWISE_BEZIER_KNOTS.) CURVE() 
GEOMETRIC_REPRESENTATION_ITEM() RATIONAL_B_SPLINE_CURVE((1.,
0.998372907679,1.)) REPRESENTATION_ITEM('') );
#6748 = CARTESIAN_POINT('',(11.586340759683,-6.591328227338,
    12.203993230268));
#6749 = CARTESIAN_POINT('',(11.962805681493,-5.929572247706,
    12.203993230268));
#6750 = CARTESIAN_POINT('',(12.261475587604,-5.22925581843,
    12.203993230268));
#6751 = PCURVE('',#5944,#6752);
#6752 = DEFINITIONAL_REPRESENTATION('',(#6753),#6757);
#6753 = B_SPLINE_CURVE_WITH_KNOTS('',2,(#6754,#6755,#6756),
  .UNSPECIFIED.,.F.,.F.,(3,3),(2.624363965355,2.738470363113),
  .PIECEWISE_BEZIER_KNOTS.);
#6754 = CARTESIAN_POINT('',(2.611969772553,3.469457849665E-18));
#6755 = CARTESIAN_POINT('',(2.667011538568,-2.431787574294E-19));
#6756 = CARTESIAN_POINT('',(2.723093727497,1.729921101075E-18));
#6757 = ( GEOMETRIC_REPRESENTATION_CONTEXT(2) 
PARAMETRIC_REPRESENTATION_CONTEXT() REPRESENTATION_CONTEXT('2D SPACE',''
  ) );
#6758 = PCURVE('',#5278,#6759);
#6759 = DEFINITIONAL_REPRESENTATION('',(#6760),#6764);
#6760 = ( BOUNDED_CURVE() B_SPLINE_CURVE(2,(#6761,#6762,#6763),
.UNSPECIFIED.,.F.,.F.) B_SPLINE_CURVE_WITH_KNOTS((3,3),(2.624363965355,
2.738470363113),.PIECEWISE_BEZIER_KNOTS.) CURVE() 
GEOMETRIC_REPRESENTATION_ITEM() RATIONAL_B_SPLINE_CURVE((1.,
0.998372907679,1.)) REPRESENTATION_ITEM('') );
#6761 = CARTESIAN_POINT('',(1.158634075968E-02,-6.591328227338E-03));
#6762 = CARTESIAN_POINT('',(1.196280568149E-02,-5.929572247706E-03));
#6763 = CARTESIAN_POINT('',(1.22614755876E-02,-5.22925581843E-03));
#6764 = ( GEOMETRIC_REPRESENTATION_CONTEXT(2) 
PARAMETRIC_REPRESENTATION_CONTEXT() REPRESENTATION_CONTEXT('2D SPACE',''
  ) );
#6765 = ORIENTED_EDGE('',*,*,#6766,.F.);
#6766 = EDGE_CURVE('',#6767,#6744,#6769,.T.);
#6767 = VERTEX_POINT('',#6768);
#6768 = CARTESIAN_POINT('',(8.778318711675,-10.03145156975,
    12.203993230268));
#6769 = SURFACE_CURVE('',#6770,(#6774,#6781),.PCURVE_S1.);
#6770 = ( BOUNDED_CURVE() B_SPLINE_CURVE(2,(#6771,#6772,#6773),
.UNSPECIFIED.,.F.,.F.) B_SPLINE_CURVE_WITH_KNOTS((3,3),(3.187269313626,
3.52196186638),.PIECEWISE_BEZIER_KNOTS.) CURVE() 
GEOMETRIC_REPRESENTATION_ITEM() RATIONAL_B_SPLINE_CURVE((1.,
0.986030259214,1.)) REPRESENTATION_ITEM('') );
#6771 = CARTESIAN_POINT('',(8.778318711675,-10.03145156975,
    12.203993230268));
#6772 = CARTESIAN_POINT('',(10.472893116512,-8.548564063105,
    12.203993230268));
#6773 = CARTESIAN_POINT('',(11.586340759683,-6.591328227338,
    12.203993230268));
#6774 = PCURVE('',#5944,#6775);
#6775 = DEFINITIONAL_REPRESENTATION('',(#6776),#6780);
#6776 = B_SPLINE_CURVE_WITH_KNOTS('',2,(#6777,#6778,#6779),
  .UNSPECIFIED.,.F.,.F.,(3,3),(3.187269313626,3.52196186638),
  .PIECEWISE_BEZIER_KNOTS.);
#6777 = CARTESIAN_POINT('',(2.293103389665,1.73472352964E-18));
#6778 = CARTESIAN_POINT('',(2.45118727629,6.082715050778E-19));
#6779 = CARTESIAN_POINT('',(2.611969772553,3.469457849665E-18));
#6780 = ( GEOMETRIC_REPRESENTATION_CONTEXT(2) 
PARAMETRIC_REPRESENTATION_CONTEXT() REPRESENTATION_CONTEXT('2D SPACE',''
  ) );
#6781 = PCURVE('',#5306,#6782);
#6782 = DEFINITIONAL_REPRESENTATION('',(#6783),#6787);
#6783 = ( BOUNDED_CURVE() B_SPLINE_CURVE(2,(#6784,#6785,#6786),
.UNSPECIFIED.,.F.,.F.) B_SPLINE_CURVE_WITH_KNOTS((3,3),(3.187269313626,
3.52196186638),.PIECEWISE_BEZIER_KNOTS.) CURVE() 
GEOMETRIC_REPRESENTATION_ITEM() RATIONAL_B_SPLINE_CURVE((1.,
0.986030259214,1.)) REPRESENTATION_ITEM('') );
#6784 = CARTESIAN_POINT('',(5.501278093181E-04,-2.390672202824E-03));
#6785 = CARTESIAN_POINT('',(6.529460870656E-04,-1.412353460404E-04));
#6786 = CARTESIAN_POINT('',(1.488951431662E-03,1.949609658904E-03));
#6787 = ( GEOMETRIC_REPRESENTATION_CONTEXT(2) 
PARAMETRIC_REPRESENTATION_CONTEXT() REPRESENTATION_CONTEXT('2D SPACE',''
  ) );
#6788 = ORIENTED_EDGE('',*,*,#6789,.F.);
#6789 = EDGE_CURVE('',#6790,#6767,#6792,.T.);
#6790 = VERTEX_POINT('',#6791);
#6791 = CARTESIAN_POINT('',(7.579062180355,-10.96570638246,
    12.203993230268));
#6792 = SURFACE_CURVE('',#6793,(#6797,#6804),.PCURVE_S1.);
#6793 = ( BOUNDED_CURVE() B_SPLINE_CURVE(2,(#6794,#6795,#6796),
.UNSPECIFIED.,.F.,.F.) B_SPLINE_CURVE_WITH_KNOTS((3,3),(2.175565014842,
2.2896714126),.PIECEWISE_BEZIER_KNOTS.) CURVE() 
GEOMETRIC_REPRESENTATION_ITEM() RATIONAL_B_SPLINE_CURVE((1.,
0.998372907679,1.)) REPRESENTATION_ITEM('') );
#6794 = CARTESIAN_POINT('',(7.579062180355,-10.96570638246,
    12.203993230268));
#6795 = CARTESIAN_POINT('',(8.205370513589,-10.53282685458,
    12.203993230268));
#6796 = CARTESIAN_POINT('',(8.778318711675,-10.03145156975,
    12.203993230268));
#6797 = PCURVE('',#5944,#6798);
#6798 = DEFINITIONAL_REPRESENTATION('',(#6799),#6803);
#6799 = B_SPLINE_CURVE_WITH_KNOTS('',2,(#6800,#6801,#6802),
  .UNSPECIFIED.,.F.,.F.,(3,3),(2.175565014842,2.2896714126),
  .PIECEWISE_BEZIER_KNOTS.);
#6800 = CARTESIAN_POINT('',(2.184479877418,1.731865817025E-18));
#6801 = CARTESIAN_POINT('',(2.238983390097,2.966700765582E-18));
#6802 = CARTESIAN_POINT('',(2.293103389665,1.73472352964E-18));
#6803 = ( GEOMETRIC_REPRESENTATION_CONTEXT(2) 
PARAMETRIC_REPRESENTATION_CONTEXT() REPRESENTATION_CONTEXT('2D SPACE',''
  ) );
#6804 = PCURVE('',#5334,#6805);
#6805 = DEFINITIONAL_REPRESENTATION('',(#6806),#6810);
#6806 = ( BOUNDED_CURVE() B_SPLINE_CURVE(2,(#6807,#6808,#6809),
.UNSPECIFIED.,.F.,.F.) B_SPLINE_CURVE_WITH_KNOTS((3,3),(2.175565014842,
2.2896714126),.PIECEWISE_BEZIER_KNOTS.) CURVE() 
GEOMETRIC_REPRESENTATION_ITEM() RATIONAL_B_SPLINE_CURVE((1.,
0.998372907679,1.)) REPRESENTATION_ITEM('') );
#6807 = CARTESIAN_POINT('',(7.579062180355E-03,-1.096570638246E-02));
#6808 = CARTESIAN_POINT('',(8.205370513589E-03,-1.053282685458E-02));
#6809 = CARTESIAN_POINT('',(8.778318711675E-03,-1.003145156975E-02));
#6810 = ( GEOMETRIC_REPRESENTATION_CONTEXT(2) 
PARAMETRIC_REPRESENTATION_CONTEXT() REPRESENTATION_CONTEXT('2D SPACE',''
  ) );
#6811 = ORIENTED_EDGE('',*,*,#6812,.F.);
#6812 = EDGE_CURVE('',#6813,#6790,#6815,.T.);
#6813 = VERTEX_POINT('',#6814);
#6814 = CARTESIAN_POINT('',(3.556508155884,-12.84679531,12.203993230268)
  );
#6815 = SURFACE_CURVE('',#6816,(#6820,#6828),.PCURVE_S1.);
#6816 = ( BOUNDED_CURVE() B_SPLINE_CURVE(2,(#6817,#6818,#6819),
.UNSPECIFIED.,.F.,.F.) B_SPLINE_CURVE_WITH_KNOTS((3,3),(3.187269313626,
3.52196186638),.PIECEWISE_BEZIER_KNOTS.) CURVE() 
GEOMETRIC_REPRESENTATION_ITEM() RATIONAL_B_SPLINE_CURVE((1.,
0.986030259214,1.)) REPRESENTATION_ITEM('') );
#6817 = CARTESIAN_POINT('',(3.556508155884,-12.84679531,12.203993230268)
  );
#6818 = CARTESIAN_POINT('',(5.72666771506,-12.24600811089,
    12.203993230268));
#6819 = CARTESIAN_POINT('',(7.579062180355,-10.96570638246,
    12.203993230268));
#6820 = PCURVE('',#5944,#6821);
#6821 = DEFINITIONAL_REPRESENTATION('',(#6822),#6827);
#6822 = B_SPLINE_CURVE_WITH_KNOTS('',3,(#6823,#6824,#6825,#6826),
  .UNSPECIFIED.,.F.,.F.,(4,4),(3.187269313626,3.52196186638),
  .PIECEWISE_BEZIER_KNOTS.);
#6823 = CARTESIAN_POINT('',(1.856531922145,1.744277511937E-18));
#6824 = CARTESIAN_POINT('',(1.969118456294,1.089086090118E-17));
#6825 = CARTESIAN_POINT('',(2.078339413516,-6.480409334408E-18));
#6826 = CARTESIAN_POINT('',(2.184479877418,1.731861941132E-18));
#6827 = ( GEOMETRIC_REPRESENTATION_CONTEXT(2) 
PARAMETRIC_REPRESENTATION_CONTEXT() REPRESENTATION_CONTEXT('2D SPACE',''
  ) );
#6828 = PCURVE('',#5363,#6829);
#6829 = DEFINITIONAL_REPRESENTATION('',(#6830),#6834);
#6830 = ( BOUNDED_CURVE() B_SPLINE_CURVE(2,(#6831,#6832,#6833),
.UNSPECIFIED.,.F.,.F.) B_SPLINE_CURVE_WITH_KNOTS((3,3),(3.187269313626,
3.52196186638),.PIECEWISE_BEZIER_KNOTS.) CURVE() 
GEOMETRIC_REPRESENTATION_ITEM() RATIONAL_B_SPLINE_CURVE((1.,
0.986030259214,1.)) REPRESENTATION_ITEM('') );
#6831 = CARTESIAN_POINT('',(5.501278093181E-04,-2.390672202824E-03));
#6832 = CARTESIAN_POINT('',(6.529460870656E-04,-1.412353460404E-04));
#6833 = CARTESIAN_POINT('',(1.488951431662E-03,1.949609658904E-03));
#6834 = ( GEOMETRIC_REPRESENTATION_CONTEXT(2) 
PARAMETRIC_REPRESENTATION_CONTEXT() REPRESENTATION_CONTEXT('2D SPACE',''
  ) );
#6835 = ORIENTED_EDGE('',*,*,#6836,.F.);
#6836 = EDGE_CURVE('',#6837,#6813,#6839,.T.);
#6837 = VERTEX_POINT('',#6838);
#6838 = CARTESIAN_POINT('',(2.070657385109,-13.16819190297,
    12.203993230268));
#6839 = SURFACE_CURVE('',#6840,(#6844,#6851),.PCURVE_S1.);
#6840 = ( BOUNDED_CURVE() B_SPLINE_CURVE(2,(#6841,#6842,#6843),
.UNSPECIFIED.,.F.,.F.) B_SPLINE_CURVE_WITH_KNOTS((3,3),(1.726766064329,
1.840872462087),.PIECEWISE_BEZIER_KNOTS.) CURVE() 
GEOMETRIC_REPRESENTATION_ITEM() RATIONAL_B_SPLINE_CURVE((1.,
0.998372907679,1.)) REPRESENTATION_ITEM('') );
#6841 = CARTESIAN_POINT('',(2.070657385109,-13.16819190297,
    12.203993230268));
#6842 = CARTESIAN_POINT('',(2.822761083203,-13.04992592626,
    12.203993230268));
#6843 = CARTESIAN_POINT('',(3.556508155884,-12.84679531,12.203993230268)
  );
#6844 = PCURVE('',#5944,#6845);
#6845 = DEFINITIONAL_REPRESENTATION('',(#6846),#6850);
#6846 = B_SPLINE_CURVE_WITH_KNOTS('',2,(#6847,#6848,#6849),
  .UNSPECIFIED.,.F.,.F.,(3,3),(1.726766064329,1.840872462087),
  .PIECEWISE_BEZIER_KNOTS.);
#6847 = CARTESIAN_POINT('',(1.738944568724,4.11721374614E-27));
#6848 = CARTESIAN_POINT('',(1.798725601656,4.902650242697E-18));
#6849 = CARTESIAN_POINT('',(1.856531922145,1.744277514283E-18));
#6850 = ( GEOMETRIC_REPRESENTATION_CONTEXT(2) 
PARAMETRIC_REPRESENTATION_CONTEXT() REPRESENTATION_CONTEXT('2D SPACE',''
  ) );
#6851 = PCURVE('',#5391,#6852);
#6852 = DEFINITIONAL_REPRESENTATION('',(#6853),#6857);
#6853 = ( BOUNDED_CURVE() B_SPLINE_CURVE(2,(#6854,#6855,#6856),
.UNSPECIFIED.,.F.,.F.) B_SPLINE_CURVE_WITH_KNOTS((3,3),(1.726766064329,
1.840872462087),.PIECEWISE_BEZIER_KNOTS.) CURVE() 
GEOMETRIC_REPRESENTATION_ITEM() RATIONAL_B_SPLINE_CURVE((1.,
0.998372907679,1.)) REPRESENTATION_ITEM('') );
#6854 = CARTESIAN_POINT('',(2.070657385109E-03,-1.316819190297E-02));
#6855 = CARTESIAN_POINT('',(2.822761083203E-03,-1.304992592627E-02));
#6856 = CARTESIAN_POINT('',(3.556508155884E-03,-1.284679531E-02));
#6857 = ( GEOMETRIC_REPRESENTATION_CONTEXT(2) 
PARAMETRIC_REPRESENTATION_CONTEXT() REPRESENTATION_CONTEXT('2D SPACE',''
  ) );
#6858 = ORIENTED_EDGE('',*,*,#6859,.F.);
#6859 = EDGE_CURVE('',#6464,#6837,#6860,.T.);
#6860 = SURFACE_CURVE('',#6861,(#6865,#6873),.PCURVE_S1.);
#6861 = ( BOUNDED_CURVE() B_SPLINE_CURVE(2,(#6862,#6863,#6864),
.UNSPECIFIED.,.F.,.F.) B_SPLINE_CURVE_WITH_KNOTS((3,3),(3.365992128846,
3.52196186638),.PIECEWISE_BEZIER_KNOTS.) CURVE() 
GEOMETRIC_REPRESENTATION_ITEM() RATIONAL_B_SPLINE_CURVE((1.,
0.996960720907,1.)) REPRESENTATION_ITEM('') );
#6862 = CARTESIAN_POINT('',(8.23993651089E-15,-13.33,12.203993230268));
#6863 = CARTESIAN_POINT('',(1.041650805631,-13.33,12.203993230268));
#6864 = CARTESIAN_POINT('',(2.070657385109,-13.16819190297,
    12.203993230268));
#6865 = PCURVE('',#5944,#6866);
#6866 = DEFINITIONAL_REPRESENTATION('',(#6867),#6872);
#6867 = B_SPLINE_CURVE_WITH_KNOTS('',3,(#6868,#6869,#6870,#6871),
  .UNSPECIFIED.,.F.,.F.,(4,4),(3.365992128846,3.52196186638),
  .PIECEWISE_BEZIER_KNOTS.);
#6868 = CARTESIAN_POINT('',(1.570796326795,0.));
#6869 = CARTESIAN_POINT('',(1.628483811091,5.167372244557E-18));
#6870 = CARTESIAN_POINT('',(1.684486701246,5.497892048407E-19));
#6871 = CARTESIAN_POINT('',(1.738944568724,1.727627130096E-18));
#6872 = ( GEOMETRIC_REPRESENTATION_CONTEXT(2) 
PARAMETRIC_REPRESENTATION_CONTEXT() REPRESENTATION_CONTEXT('2D SPACE',''
  ) );
#6873 = PCURVE('',#5418,#6874);
#6874 = DEFINITIONAL_REPRESENTATION('',(#6875),#6879);
#6875 = ( BOUNDED_CURVE() B_SPLINE_CURVE(2,(#6876,#6877,#6878),
.UNSPECIFIED.,.F.,.F.) B_SPLINE_CURVE_WITH_KNOTS((3,3),(3.365992128846,
3.52196186638),.PIECEWISE_BEZIER_KNOTS.) CURVE() 
GEOMETRIC_REPRESENTATION_ITEM() RATIONAL_B_SPLINE_CURVE((1.,
0.996960720907,1.)) REPRESENTATION_ITEM('') );
#6876 = CARTESIAN_POINT('',(8.704355862141E-04,-3.312633353207E-05));
#6877 = CARTESIAN_POINT('',(1.10222469634E-03,9.824081116247E-04));
#6878 = CARTESIAN_POINT('',(1.488951431662E-03,1.949609658904E-03));
#6879 = ( GEOMETRIC_REPRESENTATION_CONTEXT(2) 
PARAMETRIC_REPRESENTATION_CONTEXT() REPRESENTATION_CONTEXT('2D SPACE',''
  ) );
#6880 = ADVANCED_FACE('',(#6881),#5110,.F.);
#6881 = FACE_BOUND('',#6882,.F.);
#6882 = EDGE_LOOP('',(#6883,#6901,#6902,#6920));
#6883 = ORIENTED_EDGE('',*,*,#6884,.T.);
#6884 = EDGE_CURVE('',#6128,#5095,#6885,.T.);
#6885 = SURFACE_CURVE('',#6886,(#6889,#6895),.PCURVE_S1.);
#6886 = B_SPLINE_CURVE_WITH_KNOTS('',1,(#6887,#6888),.UNSPECIFIED.,.F.,
  .F.,(2,2),(0.,1.893400776149E-03),.PIECEWISE_BEZIER_KNOTS.);
#6887 = CARTESIAN_POINT('',(12.377273223936,4.948940042074,
    12.203993230268));
#6888 = CARTESIAN_POINT('',(13.758361157885,6.244147599889,
    12.203993230268));
#6889 = PCURVE('',#5110,#6890);
#6890 = DEFINITIONAL_REPRESENTATION('',(#6891),#6894);
#6891 = B_SPLINE_CURVE_WITH_KNOTS('',1,(#6892,#6893),.UNSPECIFIED.,.F.,
  .F.,(2,2),(0.,1.893400776149E-03),.PIECEWISE_BEZIER_KNOTS.);
#6892 = CARTESIAN_POINT('',(1.237727322394E-02,4.948940042074E-03));
#6893 = CARTESIAN_POINT('',(1.375836115788E-02,6.244147599889E-03));
#6894 = ( GEOMETRIC_REPRESENTATION_CONTEXT(2) 
PARAMETRIC_REPRESENTATION_CONTEXT() REPRESENTATION_CONTEXT('2D SPACE',''
  ) );
#6895 = PCURVE('',#5137,#6896);
#6896 = DEFINITIONAL_REPRESENTATION('',(#6897),#6900);
#6897 = B_SPLINE_CURVE_WITH_KNOTS('',1,(#6898,#6899),.UNSPECIFIED.,.F.,
  .F.,(2,2),(0.,1.893400776149E-03),.PIECEWISE_BEZIER_KNOTS.);
#6898 = CARTESIAN_POINT('',(1.488951431662E-03,1.949609658904E-03));
#6899 = CARTESIAN_POINT('',(1.078634977129E-04,3.24481721672E-03));
#6900 = ( GEOMETRIC_REPRESENTATION_CONTEXT(2) 
PARAMETRIC_REPRESENTATION_CONTEXT() REPRESENTATION_CONTEXT('2D SPACE',''
  ) );
#6901 = ORIENTED_EDGE('',*,*,#5094,.T.);
#6902 = ORIENTED_EDGE('',*,*,#6903,.T.);
#6903 = EDGE_CURVE('',#5067,#6105,#6904,.T.);
#6904 = SURFACE_CURVE('',#6905,(#6908,#6914),.PCURVE_S1.);
#6905 = B_SPLINE_CURVE_WITH_KNOTS('',1,(#6906,#6907),.UNSPECIFIED.,.F.,
  .F.,(2,2),(0.,1.893400776149E-03),.PIECEWISE_BEZIER_KNOTS.);
#6906 = CARTESIAN_POINT('',(13.612738625138,6.555549414327,
    12.203993230268));
#6907 = CARTESIAN_POINT('',(11.733301813339,6.326019961801,
    12.203993230268));
#6908 = PCURVE('',#5110,#6909);
#6909 = DEFINITIONAL_REPRESENTATION('',(#6910),#6913);
#6910 = B_SPLINE_CURVE_WITH_KNOTS('',1,(#6911,#6912),.UNSPECIFIED.,.F.,
  .F.,(2,2),(0.,1.893400776149E-03),.PIECEWISE_BEZIER_KNOTS.);
#6911 = CARTESIAN_POINT('',(1.361273862514E-02,6.555549414327E-03));
#6912 = CARTESIAN_POINT('',(1.173330181334E-02,6.326019961801E-03));
#6913 = ( GEOMETRIC_REPRESENTATION_CONTEXT(2) 
PARAMETRIC_REPRESENTATION_CONTEXT() REPRESENTATION_CONTEXT('2D SPACE',''
  ) );
#6914 = PCURVE('',#5082,#6915);
#6915 = DEFINITIONAL_REPRESENTATION('',(#6916),#6919);
#6916 = B_SPLINE_CURVE_WITH_KNOTS('',1,(#6917,#6918),.UNSPECIFIED.,.F.,
  .F.,(2,2),(0.,1.893400776149E-03),.PIECEWISE_BEZIER_KNOTS.);
#6917 = CARTESIAN_POINT('',(-1.242775344402E-03,-2.99933038317E-03));
#6918 = CARTESIAN_POINT('',(5.501278093181E-04,-2.390672202824E-03));
#6919 = ( GEOMETRIC_REPRESENTATION_CONTEXT(2) 
PARAMETRIC_REPRESENTATION_CONTEXT() REPRESENTATION_CONTEXT('2D SPACE',''
  ) );
#6920 = ORIENTED_EDGE('',*,*,#6127,.F.);
#6921 = ADVANCED_FACE('',(#6922),#5137,.T.);
#6922 = FACE_BOUND('',#6923,.T.);
#6923 = EDGE_LOOP('',(#6924,#6925,#6926,#6944));
#6924 = ORIENTED_EDGE('',*,*,#6884,.T.);
#6925 = ORIENTED_EDGE('',*,*,#5122,.T.);
#6926 = ORIENTED_EDGE('',*,*,#6927,.T.);
#6927 = EDGE_CURVE('',#4858,#6151,#6928,.T.);
#6928 = SURFACE_CURVE('',#6929,(#6932,#6938),.PCURVE_S1.);
#6929 = B_SPLINE_CURVE_WITH_KNOTS('',1,(#6930,#6931),.UNSPECIFIED.,.F.,
  .F.,(2,2),(0.,1.893400776149E-03),.PIECEWISE_BEZIER_KNOTS.);
#6930 = CARTESIAN_POINT('',(15.109,8.162270916317E-16,12.203993230268));
#6931 = CARTESIAN_POINT('',(13.31609684628,0.608658180346,
    12.203993230268));
#6932 = PCURVE('',#5137,#6933);
#6933 = DEFINITIONAL_REPRESENTATION('',(#6934),#6937);
#6934 = B_SPLINE_CURVE_WITH_KNOTS('',1,(#6935,#6936),.UNSPECIFIED.,.F.,
  .F.,(2,2),(0.,1.893400776149E-03),.PIECEWISE_BEZIER_KNOTS.);
#6935 = CARTESIAN_POINT('',(-1.242775344402E-03,-2.99933038317E-03));
#6936 = CARTESIAN_POINT('',(5.501278093181E-04,-2.390672202824E-03));
#6937 = ( GEOMETRIC_REPRESENTATION_CONTEXT(2) 
PARAMETRIC_REPRESENTATION_CONTEXT() REPRESENTATION_CONTEXT('2D SPACE',''
  ) );
#6938 = PCURVE('',#5221,#6939);
#6939 = DEFINITIONAL_REPRESENTATION('',(#6940),#6943);
#6940 = B_SPLINE_CURVE_WITH_KNOTS('',1,(#6941,#6942),.UNSPECIFIED.,.F.,
  .F.,(2,2),(0.,1.893400776149E-03),.PIECEWISE_BEZIER_KNOTS.);
#6941 = CARTESIAN_POINT('',(1.5109E-02,1.615340168048E-18));
#6942 = CARTESIAN_POINT('',(1.331609684628E-02,6.086581803459E-04));
#6943 = ( GEOMETRIC_REPRESENTATION_CONTEXT(2) 
PARAMETRIC_REPRESENTATION_CONTEXT() REPRESENTATION_CONTEXT('2D SPACE',''
  ) );
#6944 = ORIENTED_EDGE('',*,*,#6150,.T.);
#6945 = ADVANCED_FACE('',(#6946),#5221,.F.);
#6946 = FACE_BOUND('',#6947,.F.);
#6947 = EDGE_LOOP('',(#6948,#6949,#6950,#6951,#6952));
#6948 = ORIENTED_EDGE('',*,*,#5205,.T.);
#6949 = ORIENTED_EDGE('',*,*,#6927,.T.);
#6950 = ORIENTED_EDGE('',*,*,#6174,.F.);
#6951 = ORIENTED_EDGE('',*,*,#6696,.F.);
#6952 = ORIENTED_EDGE('',*,*,#6953,.T.);
#6953 = EDGE_CURVE('',#6697,#5206,#6954,.T.);
#6954 = SURFACE_CURVE('',#6955,(#6958,#6964),.PCURVE_S1.);
#6955 = B_SPLINE_CURVE_WITH_KNOTS('',1,(#6956,#6957),.UNSPECIFIED.,.F.,
  .F.,(2,2),(0.,1.893400776149E-03),.PIECEWISE_BEZIER_KNOTS.);
#6956 = CARTESIAN_POINT('',(13.298802454412,-0.911456679457,
    12.203993230268));
#6957 = CARTESIAN_POINT('',(15.105089184854,-0.343746589225,
    12.203993230268));
#6958 = PCURVE('',#5221,#6959);
#6959 = DEFINITIONAL_REPRESENTATION('',(#6960),#6963);
#6960 = B_SPLINE_CURVE_WITH_KNOTS('',1,(#6961,#6962),.UNSPECIFIED.,.F.,
  .F.,(2,2),(0.,1.893400776149E-03),.PIECEWISE_BEZIER_KNOTS.);
#6961 = CARTESIAN_POINT('',(1.329880245441E-02,-9.114566794568E-04));
#6962 = CARTESIAN_POINT('',(1.510508918485E-02,-3.437465892249E-04));
#6963 = ( GEOMETRIC_REPRESENTATION_CONTEXT(2) 
PARAMETRIC_REPRESENTATION_CONTEXT() REPRESENTATION_CONTEXT('2D SPACE',''
  ) );
#6964 = PCURVE('',#5250,#6965);
#6965 = DEFINITIONAL_REPRESENTATION('',(#6966),#6969);
#6966 = B_SPLINE_CURVE_WITH_KNOTS('',1,(#6967,#6968),.UNSPECIFIED.,.F.,
  .F.,(2,2),(0.,1.893400776149E-03),.PIECEWISE_BEZIER_KNOTS.);
#6967 = CARTESIAN_POINT('',(1.488951431662E-03,1.949609658904E-03));
#6968 = CARTESIAN_POINT('',(1.078634977129E-04,3.24481721672E-03));
#6969 = ( GEOMETRIC_REPRESENTATION_CONTEXT(2) 
PARAMETRIC_REPRESENTATION_CONTEXT() REPRESENTATION_CONTEXT('2D SPACE',''
  ) );
#6970 = ADVANCED_FACE('',(#6971),#5082,.T.);
#6971 = FACE_BOUND('',#6972,.T.);
#6972 = EDGE_LOOP('',(#6973,#6991,#6992,#6993));
#6973 = ORIENTED_EDGE('',*,*,#6974,.T.);
#6974 = EDGE_CURVE('',#6082,#5039,#6975,.T.);
#6975 = SURFACE_CURVE('',#6976,(#6979,#6985),.PCURVE_S1.);
#6976 = B_SPLINE_CURVE_WITH_KNOTS('',1,(#6977,#6978),.UNSPECIFIED.,.F.,
  .F.,(2,2),(0.,1.893400776149E-03),.PIECEWISE_BEZIER_KNOTS.);
#6977 = CARTESIAN_POINT('',(9.004273234165,9.829138493505,
    12.203993230268));
#6978 = CARTESIAN_POINT('',(9.68662096837,11.595311777401,
    12.203993230268));
#6979 = PCURVE('',#5082,#6980);
#6980 = DEFINITIONAL_REPRESENTATION('',(#6981),#6984);
#6981 = B_SPLINE_CURVE_WITH_KNOTS('',1,(#6982,#6983),.UNSPECIFIED.,.F.,
  .F.,(2,2),(0.,1.893400776149E-03),.PIECEWISE_BEZIER_KNOTS.);
#6982 = CARTESIAN_POINT('',(1.488951431662E-03,1.949609658904E-03));
#6983 = CARTESIAN_POINT('',(1.078634977129E-04,3.24481721672E-03));
#6984 = ( GEOMETRIC_REPRESENTATION_CONTEXT(2) 
PARAMETRIC_REPRESENTATION_CONTEXT() REPRESENTATION_CONTEXT('2D SPACE',''
  ) );
#6985 = PCURVE('',#5054,#6986);
#6986 = DEFINITIONAL_REPRESENTATION('',(#6987),#6990);
#6987 = B_SPLINE_CURVE_WITH_KNOTS('',1,(#6988,#6989),.UNSPECIFIED.,.F.,
  .F.,(2,2),(0.,1.893400776149E-03),.PIECEWISE_BEZIER_KNOTS.);
#6988 = CARTESIAN_POINT('',(9.004273234165E-03,9.829138493505E-03));
#6989 = CARTESIAN_POINT('',(9.68662096837E-03,1.15953117774E-02));
#6990 = ( GEOMETRIC_REPRESENTATION_CONTEXT(2) 
PARAMETRIC_REPRESENTATION_CONTEXT() REPRESENTATION_CONTEXT('2D SPACE',''
  ) );
#6991 = ORIENTED_EDGE('',*,*,#5066,.T.);
#6992 = ORIENTED_EDGE('',*,*,#6903,.T.);
#6993 = ORIENTED_EDGE('',*,*,#6104,.T.);
#6994 = ADVANCED_FACE('',(#6995),#5250,.T.);
#6995 = FACE_BOUND('',#6996,.T.);
#6996 = EDGE_LOOP('',(#6997,#6998,#6999,#7017));
#6997 = ORIENTED_EDGE('',*,*,#6953,.T.);
#6998 = ORIENTED_EDGE('',*,*,#5233,.T.);
#6999 = ORIENTED_EDGE('',*,*,#7000,.T.);
#7000 = EDGE_CURVE('',#5234,#6720,#7001,.T.);
#7001 = SURFACE_CURVE('',#7002,(#7005,#7011),.PCURVE_S1.);
#7002 = B_SPLINE_CURVE_WITH_KNOTS('',1,(#7003,#7004),.UNSPECIFIED.,.F.,
  .F.,(2,2),(0.,1.893400776149E-03),.PIECEWISE_BEZIER_KNOTS.);
#7003 = CARTESIAN_POINT('',(13.612738625138,-6.555549414327,
    12.203993230268));
#7004 = CARTESIAN_POINT('',(12.261475587604,-5.22925581843,
    12.203993230268));
#7005 = PCURVE('',#5250,#7006);
#7006 = DEFINITIONAL_REPRESENTATION('',(#7007),#7010);
#7007 = B_SPLINE_CURVE_WITH_KNOTS('',1,(#7008,#7009),.UNSPECIFIED.,.F.,
  .F.,(2,2),(0.,1.893400776149E-03),.PIECEWISE_BEZIER_KNOTS.);
#7008 = CARTESIAN_POINT('',(-1.242775344402E-03,-2.99933038317E-03));
#7009 = CARTESIAN_POINT('',(5.501278093181E-04,-2.390672202824E-03));
#7010 = ( GEOMETRIC_REPRESENTATION_CONTEXT(2) 
PARAMETRIC_REPRESENTATION_CONTEXT() REPRESENTATION_CONTEXT('2D SPACE',''
  ) );
#7011 = PCURVE('',#5278,#7012);
#7012 = DEFINITIONAL_REPRESENTATION('',(#7013),#7016);
#7013 = B_SPLINE_CURVE_WITH_KNOTS('',1,(#7014,#7015),.UNSPECIFIED.,.F.,
  .F.,(2,2),(0.,1.893400776149E-03),.PIECEWISE_BEZIER_KNOTS.);
#7014 = CARTESIAN_POINT('',(1.361273862514E-02,-6.555549414327E-03));
#7015 = CARTESIAN_POINT('',(1.22614755876E-02,-5.22925581843E-03));
#7016 = ( GEOMETRIC_REPRESENTATION_CONTEXT(2) 
PARAMETRIC_REPRESENTATION_CONTEXT() REPRESENTATION_CONTEXT('2D SPACE',''
  ) );
#7017 = ORIENTED_EDGE('',*,*,#6719,.T.);
#7018 = ADVANCED_FACE('',(#7019),#5054,.F.);
#7019 = FACE_BOUND('',#7020,.F.);
#7020 = EDGE_LOOP('',(#7021,#7022,#7023,#7041));
#7021 = ORIENTED_EDGE('',*,*,#6974,.T.);
#7022 = ORIENTED_EDGE('',*,*,#5038,.T.);
#7023 = ORIENTED_EDGE('',*,*,#7024,.T.);
#7024 = EDGE_CURVE('',#5010,#6058,#7025,.T.);
#7025 = SURFACE_CURVE('',#7026,(#7029,#7035),.PCURVE_S1.);
#7026 = B_SPLINE_CURVE_WITH_KNOTS('',1,(#7027,#7028),.UNSPECIFIED.,.F.,
  .F.,(2,2),(0.,1.893400776149E-03),.PIECEWISE_BEZIER_KNOTS.);
#7027 = CARTESIAN_POINT('',(9.420307416284,11.812691868609,
    12.203993230268));
#7028 = CARTESIAN_POINT('',(7.826582456762,10.790435906278,
    12.203993230268));
#7029 = PCURVE('',#5054,#7030);
#7030 = DEFINITIONAL_REPRESENTATION('',(#7031),#7034);
#7031 = B_SPLINE_CURVE_WITH_KNOTS('',1,(#7032,#7033),.UNSPECIFIED.,.F.,
  .F.,(2,2),(0.,1.893400776149E-03),.PIECEWISE_BEZIER_KNOTS.);
#7032 = CARTESIAN_POINT('',(9.420307416284E-03,1.181269186861E-02));
#7033 = CARTESIAN_POINT('',(7.826582456762E-03,1.079043590628E-02));
#7034 = ( GEOMETRIC_REPRESENTATION_CONTEXT(2) 
PARAMETRIC_REPRESENTATION_CONTEXT() REPRESENTATION_CONTEXT('2D SPACE',''
  ) );
#7035 = PCURVE('',#5026,#7036);
#7036 = DEFINITIONAL_REPRESENTATION('',(#7037),#7040);
#7037 = B_SPLINE_CURVE_WITH_KNOTS('',1,(#7038,#7039),.UNSPECIFIED.,.F.,
  .F.,(2,2),(0.,1.893400776149E-03),.PIECEWISE_BEZIER_KNOTS.);
#7038 = CARTESIAN_POINT('',(-1.242775344402E-03,-2.99933038317E-03));
#7039 = CARTESIAN_POINT('',(5.501278093181E-04,-2.390672202824E-03));
#7040 = ( GEOMETRIC_REPRESENTATION_CONTEXT(2) 
PARAMETRIC_REPRESENTATION_CONTEXT() REPRESENTATION_CONTEXT('2D SPACE',''
  ) );
#7041 = ORIENTED_EDGE('',*,*,#6081,.F.);
#7042 = ADVANCED_FACE('',(#7043),#5278,.F.);
#7043 = FACE_BOUND('',#7044,.F.);
#7044 = EDGE_LOOP('',(#7045,#7046,#7047,#7048));
#7045 = ORIENTED_EDGE('',*,*,#5262,.T.);
#7046 = ORIENTED_EDGE('',*,*,#7000,.T.);
#7047 = ORIENTED_EDGE('',*,*,#6743,.F.);
#7048 = ORIENTED_EDGE('',*,*,#7049,.T.);
#7049 = EDGE_CURVE('',#6744,#5263,#7050,.T.);
#7050 = SURFACE_CURVE('',#7051,(#7054,#7060),.PCURVE_S1.);
#7051 = B_SPLINE_CURVE_WITH_KNOTS('',1,(#7052,#7053),.UNSPECIFIED.,.F.,
  .F.,(2,2),(0.,1.893400776149E-03),.PIECEWISE_BEZIER_KNOTS.);
#7052 = CARTESIAN_POINT('',(11.586340759683,-6.591328227338,
    12.203993230268));
#7053 = CARTESIAN_POINT('',(13.460069047001,-6.863557550568,
    12.203993230268));
#7054 = PCURVE('',#5278,#7055);
#7055 = DEFINITIONAL_REPRESENTATION('',(#7056),#7059);
#7056 = B_SPLINE_CURVE_WITH_KNOTS('',1,(#7057,#7058),.UNSPECIFIED.,.F.,
  .F.,(2,2),(0.,1.893400776149E-03),.PIECEWISE_BEZIER_KNOTS.);
#7057 = CARTESIAN_POINT('',(1.158634075968E-02,-6.591328227338E-03));
#7058 = CARTESIAN_POINT('',(1.3460069047E-02,-6.863557550568E-03));
#7059 = ( GEOMETRIC_REPRESENTATION_CONTEXT(2) 
PARAMETRIC_REPRESENTATION_CONTEXT() REPRESENTATION_CONTEXT('2D SPACE',''
  ) );
#7060 = PCURVE('',#5306,#7061);
#7061 = DEFINITIONAL_REPRESENTATION('',(#7062),#7065);
#7062 = B_SPLINE_CURVE_WITH_KNOTS('',1,(#7063,#7064),.UNSPECIFIED.,.F.,
  .F.,(2,2),(0.,1.893400776149E-03),.PIECEWISE_BEZIER_KNOTS.);
#7063 = CARTESIAN_POINT('',(1.488951431662E-03,1.949609658904E-03));
#7064 = CARTESIAN_POINT('',(1.078634977129E-04,3.24481721672E-03));
#7065 = ( GEOMETRIC_REPRESENTATION_CONTEXT(2) 
PARAMETRIC_REPRESENTATION_CONTEXT() REPRESENTATION_CONTEXT('2D SPACE',''
  ) );
#7066 = ADVANCED_FACE('',(#7067),#5026,.T.);
#7067 = FACE_BOUND('',#7068,.T.);
#7068 = EDGE_LOOP('',(#7069,#7087,#7088,#7089));
#7069 = ORIENTED_EDGE('',*,*,#7070,.T.);
#7070 = EDGE_CURVE('',#6035,#4982,#7071,.T.);
#7071 = SURFACE_CURVE('',#7072,(#7075,#7081),.PCURVE_S1.);
#7072 = B_SPLINE_CURVE_WITH_KNOTS('',1,(#7073,#7074),.UNSPECIFIED.,.F.,
  .F.,(2,2),(0.,1.893400776149E-03),.PIECEWISE_BEZIER_KNOTS.);
#7073 = CARTESIAN_POINT('',(3.847866500203,12.762555519825,
    12.203993230268));
#7074 = CARTESIAN_POINT('',(3.69632669746,14.649882250231,
    12.203993230268));
#7075 = PCURVE('',#5026,#7076);
#7076 = DEFINITIONAL_REPRESENTATION('',(#7077),#7080);
#7077 = B_SPLINE_CURVE_WITH_KNOTS('',1,(#7078,#7079),.UNSPECIFIED.,.F.,
  .F.,(2,2),(0.,1.893400776149E-03),.PIECEWISE_BEZIER_KNOTS.);
#7078 = CARTESIAN_POINT('',(1.488951431662E-03,1.949609658904E-03));
#7079 = CARTESIAN_POINT('',(1.078634977129E-04,3.24481721672E-03));
#7080 = ( GEOMETRIC_REPRESENTATION_CONTEXT(2) 
PARAMETRIC_REPRESENTATION_CONTEXT() REPRESENTATION_CONTEXT('2D SPACE',''
  ) );
#7081 = PCURVE('',#4997,#7082);
#7082 = DEFINITIONAL_REPRESENTATION('',(#7083),#7086);
#7083 = B_SPLINE_CURVE_WITH_KNOTS('',1,(#7084,#7085),.UNSPECIFIED.,.F.,
  .F.,(2,2),(0.,1.893400776149E-03),.PIECEWISE_BEZIER_KNOTS.);
#7084 = CARTESIAN_POINT('',(3.847866500203E-03,1.276255551982E-02));
#7085 = CARTESIAN_POINT('',(3.69632669746E-03,1.464988225023E-02));
#7086 = ( GEOMETRIC_REPRESENTATION_CONTEXT(2) 
PARAMETRIC_REPRESENTATION_CONTEXT() REPRESENTATION_CONTEXT('2D SPACE',''
  ) );
#7087 = ORIENTED_EDGE('',*,*,#5009,.T.);
#7088 = ORIENTED_EDGE('',*,*,#7024,.T.);
#7089 = ORIENTED_EDGE('',*,*,#6057,.T.);
#7090 = ADVANCED_FACE('',(#7091),#5306,.T.);
#7091 = FACE_BOUND('',#7092,.T.);
#7092 = EDGE_LOOP('',(#7093,#7094,#7095,#7113));
#7093 = ORIENTED_EDGE('',*,*,#7049,.T.);
#7094 = ORIENTED_EDGE('',*,*,#5290,.T.);
#7095 = ORIENTED_EDGE('',*,*,#7096,.T.);
#7096 = EDGE_CURVE('',#5291,#6767,#7097,.T.);
#7097 = SURFACE_CURVE('',#7098,(#7101,#7107),.PCURVE_S1.);
#7098 = B_SPLINE_CURVE_WITH_KNOTS('',1,(#7099,#7100),.UNSPECIFIED.,.F.,
  .F.,(2,2),(0.,1.893400776149E-03),.PIECEWISE_BEZIER_KNOTS.);
#7099 = CARTESIAN_POINT('',(9.420307416284,-11.8126918686,
    12.203993230268));
#7100 = CARTESIAN_POINT('',(8.778318711675,-10.03145156975,
    12.203993230268));
#7101 = PCURVE('',#5306,#7102);
#7102 = DEFINITIONAL_REPRESENTATION('',(#7103),#7106);
#7103 = B_SPLINE_CURVE_WITH_KNOTS('',1,(#7104,#7105),.UNSPECIFIED.,.F.,
  .F.,(2,2),(0.,1.893400776149E-03),.PIECEWISE_BEZIER_KNOTS.);
#7104 = CARTESIAN_POINT('',(-1.242775344402E-03,-2.99933038317E-03));
#7105 = CARTESIAN_POINT('',(5.501278093181E-04,-2.390672202824E-03));
#7106 = ( GEOMETRIC_REPRESENTATION_CONTEXT(2) 
PARAMETRIC_REPRESENTATION_CONTEXT() REPRESENTATION_CONTEXT('2D SPACE',''
  ) );
#7107 = PCURVE('',#5334,#7108);
#7108 = DEFINITIONAL_REPRESENTATION('',(#7109),#7112);
#7109 = B_SPLINE_CURVE_WITH_KNOTS('',1,(#7110,#7111),.UNSPECIFIED.,.F.,
  .F.,(2,2),(0.,1.893400776149E-03),.PIECEWISE_BEZIER_KNOTS.);
#7110 = CARTESIAN_POINT('',(9.420307416284E-03,-1.181269186861E-02));
#7111 = CARTESIAN_POINT('',(8.778318711675E-03,-1.003145156975E-02));
#7112 = ( GEOMETRIC_REPRESENTATION_CONTEXT(2) 
PARAMETRIC_REPRESENTATION_CONTEXT() REPRESENTATION_CONTEXT('2D SPACE',''
  ) );
#7113 = ORIENTED_EDGE('',*,*,#6766,.T.);
#7114 = ADVANCED_FACE('',(#7115),#4997,.F.);
#7115 = FACE_BOUND('',#7116,.F.);
#7116 = EDGE_LOOP('',(#7117,#7118,#7119,#7137));
#7117 = ORIENTED_EDGE('',*,*,#7070,.T.);
#7118 = ORIENTED_EDGE('',*,*,#4981,.T.);
#7119 = ORIENTED_EDGE('',*,*,#7120,.T.);
#7120 = EDGE_CURVE('',#4953,#6011,#7121,.T.);
#7121 = SURFACE_CURVE('',#7122,(#7125,#7131),.PCURVE_S1.);
#7122 = B_SPLINE_CURVE_WITH_KNOTS('',1,(#7123,#7124),.UNSPECIFIED.,.F.,
  .F.,(2,2),(0.,1.893400776149E-03),.PIECEWISE_BEZIER_KNOTS.);
#7123 = CARTESIAN_POINT('',(3.362068791146,14.730185825155,
    12.203993230268));
#7124 = CARTESIAN_POINT('',(2.36971245789,13.117673683505,
    12.203993230268));
#7125 = PCURVE('',#4997,#7126);
#7126 = DEFINITIONAL_REPRESENTATION('',(#7127),#7130);
#7127 = B_SPLINE_CURVE_WITH_KNOTS('',1,(#7128,#7129),.UNSPECIFIED.,.F.,
  .F.,(2,2),(0.,1.893400776149E-03),.PIECEWISE_BEZIER_KNOTS.);
#7128 = CARTESIAN_POINT('',(3.362068791146E-03,1.473018582516E-02));
#7129 = CARTESIAN_POINT('',(2.36971245789E-03,1.311767368351E-02));
#7130 = ( GEOMETRIC_REPRESENTATION_CONTEXT(2) 
PARAMETRIC_REPRESENTATION_CONTEXT() REPRESENTATION_CONTEXT('2D SPACE',''
  ) );
#7131 = PCURVE('',#4969,#7132);
#7132 = DEFINITIONAL_REPRESENTATION('',(#7133),#7136);
#7133 = B_SPLINE_CURVE_WITH_KNOTS('',1,(#7134,#7135),.UNSPECIFIED.,.F.,
  .F.,(2,2),(0.,1.893400776149E-03),.PIECEWISE_BEZIER_KNOTS.);
#7134 = CARTESIAN_POINT('',(-1.242775344402E-03,-2.99933038317E-03));
#7135 = CARTESIAN_POINT('',(5.501278093181E-04,-2.390672202824E-03));
#7136 = ( GEOMETRIC_REPRESENTATION_CONTEXT(2) 
PARAMETRIC_REPRESENTATION_CONTEXT() REPRESENTATION_CONTEXT('2D SPACE',''
  ) );
#7137 = ORIENTED_EDGE('',*,*,#6034,.F.);
#7138 = ADVANCED_FACE('',(#7139),#5334,.F.);
#7139 = FACE_BOUND('',#7140,.F.);
#7140 = EDGE_LOOP('',(#7141,#7142,#7143,#7144));
#7141 = ORIENTED_EDGE('',*,*,#5318,.T.);
#7142 = ORIENTED_EDGE('',*,*,#7096,.T.);
#7143 = ORIENTED_EDGE('',*,*,#6789,.F.);
#7144 = ORIENTED_EDGE('',*,*,#7145,.T.);
#7145 = EDGE_CURVE('',#6790,#5319,#7146,.T.);
#7146 = SURFACE_CURVE('',#7147,(#7150,#7156),.PCURVE_S1.);
#7147 = B_SPLINE_CURVE_WITH_KNOTS('',1,(#7148,#7149),.UNSPECIFIED.,.F.,
  .F.,(2,2),(0.,1.893400776149E-03),.PIECEWISE_BEZIER_KNOTS.);
#7148 = CARTESIAN_POINT('',(7.579062180355,-10.96570638246,
    12.203993230268));
#7149 = CARTESIAN_POINT('',(9.149117157476,-12.02395676301,
    12.203993230268));
#7150 = PCURVE('',#5334,#7151);
#7151 = DEFINITIONAL_REPRESENTATION('',(#7152),#7155);
#7152 = B_SPLINE_CURVE_WITH_KNOTS('',1,(#7153,#7154),.UNSPECIFIED.,.F.,
  .F.,(2,2),(0.,1.893400776149E-03),.PIECEWISE_BEZIER_KNOTS.);
#7153 = CARTESIAN_POINT('',(7.579062180355E-03,-1.096570638246E-02));
#7154 = CARTESIAN_POINT('',(9.149117157476E-03,-1.202395676301E-02));
#7155 = ( GEOMETRIC_REPRESENTATION_CONTEXT(2) 
PARAMETRIC_REPRESENTATION_CONTEXT() REPRESENTATION_CONTEXT('2D SPACE',''
  ) );
#7156 = PCURVE('',#5363,#7157);
#7157 = DEFINITIONAL_REPRESENTATION('',(#7158),#7161);
#7158 = B_SPLINE_CURVE_WITH_KNOTS('',1,(#7159,#7160),.UNSPECIFIED.,.F.,
  .F.,(2,2),(0.,1.893400776149E-03),.PIECEWISE_BEZIER_KNOTS.);
#7159 = CARTESIAN_POINT('',(1.488951431662E-03,1.949609658904E-03));
#7160 = CARTESIAN_POINT('',(1.078634977129E-04,3.24481721672E-03));
#7161 = ( GEOMETRIC_REPRESENTATION_CONTEXT(2) 
PARAMETRIC_REPRESENTATION_CONTEXT() REPRESENTATION_CONTEXT('2D SPACE',''
  ) );
#7162 = ADVANCED_FACE('',(#7163),#4969,.T.);
#7163 = FACE_BOUND('',#7164,.T.);
#7164 = EDGE_LOOP('',(#7165,#7183,#7184,#7185,#7186,#7187));
#7165 = ORIENTED_EDGE('',*,*,#7166,.T.);
#7166 = EDGE_CURVE('',#6392,#5650,#7167,.T.);
#7167 = SURFACE_CURVE('',#7168,(#7171,#7177),.PCURVE_S1.);
#7168 = B_SPLINE_CURVE_WITH_KNOTS('',1,(#7169,#7170),.UNSPECIFIED.,.F.,
  .F.,(2,2),(0.,1.893400776149E-03),.PIECEWISE_BEZIER_KNOTS.);
#7169 = CARTESIAN_POINT('',(-2.070657385109,13.168191902972,
    12.203993230268));
#7170 = CARTESIAN_POINT('',(-3.026070408355,14.802863874389,
    12.203993230268));
#7171 = PCURVE('',#4969,#7172);
#7172 = DEFINITIONAL_REPRESENTATION('',(#7173),#7176);
#7173 = B_SPLINE_CURVE_WITH_KNOTS('',1,(#7174,#7175),.UNSPECIFIED.,.F.,
  .F.,(2,2),(0.,1.893400776149E-03),.PIECEWISE_BEZIER_KNOTS.);
#7174 = CARTESIAN_POINT('',(1.488951431662E-03,1.949609658904E-03));
#7175 = CARTESIAN_POINT('',(1.078634977129E-04,3.24481721672E-03));
#7176 = ( GEOMETRIC_REPRESENTATION_CONTEXT(2) 
PARAMETRIC_REPRESENTATION_CONTEXT() REPRESENTATION_CONTEXT('2D SPACE',''
  ) );
#7177 = PCURVE('',#5665,#7178);
#7178 = DEFINITIONAL_REPRESENTATION('',(#7179),#7182);
#7179 = B_SPLINE_CURVE_WITH_KNOTS('',1,(#7180,#7181),.UNSPECIFIED.,.F.,
  .F.,(2,2),(0.,1.893400776149E-03),.PIECEWISE_BEZIER_KNOTS.);
#7180 = CARTESIAN_POINT('',(-2.070657385109E-03,1.316819190297E-02));
#7181 = CARTESIAN_POINT('',(-3.026070408355E-03,1.480286387439E-02));
#7182 = ( GEOMETRIC_REPRESENTATION_CONTEXT(2) 
PARAMETRIC_REPRESENTATION_CONTEXT() REPRESENTATION_CONTEXT('2D SPACE',''
  ) );
#7183 = ORIENTED_EDGE('',*,*,#5677,.T.);
#7184 = ORIENTED_EDGE('',*,*,#4952,.T.);
#7185 = ORIENTED_EDGE('',*,*,#7120,.T.);
#7186 = ORIENTED_EDGE('',*,*,#6010,.T.);
#7187 = ORIENTED_EDGE('',*,*,#6414,.T.);
#7188 = ADVANCED_FACE('',(#7189),#5363,.T.);
#7189 = FACE_BOUND('',#7190,.T.);
#7190 = EDGE_LOOP('',(#7191,#7192,#7193,#7211));
#7191 = ORIENTED_EDGE('',*,*,#7145,.T.);
#7192 = ORIENTED_EDGE('',*,*,#5346,.T.);
#7193 = ORIENTED_EDGE('',*,*,#7194,.T.);
#7194 = EDGE_CURVE('',#5347,#6813,#7195,.T.);
#7195 = SURFACE_CURVE('',#7196,(#7199,#7205),.PCURVE_S1.);
#7196 = B_SPLINE_CURVE_WITH_KNOTS('',1,(#7197,#7198),.UNSPECIFIED.,.F.,
  .F.,(2,2),(0.,1.893400776149E-03),.PIECEWISE_BEZIER_KNOTS.);
#7197 = CARTESIAN_POINT('',(3.362068791146,-14.73018582515,
    12.203993230268));
#7198 = CARTESIAN_POINT('',(3.556508155884,-12.84679531,12.203993230268)
  );
#7199 = PCURVE('',#5363,#7200);
#7200 = DEFINITIONAL_REPRESENTATION('',(#7201),#7204);
#7201 = B_SPLINE_CURVE_WITH_KNOTS('',1,(#7202,#7203),.UNSPECIFIED.,.F.,
  .F.,(2,2),(0.,1.893400776149E-03),.PIECEWISE_BEZIER_KNOTS.);
#7202 = CARTESIAN_POINT('',(-1.242775344402E-03,-2.99933038317E-03));
#7203 = CARTESIAN_POINT('',(5.501278093181E-04,-2.390672202824E-03));
#7204 = ( GEOMETRIC_REPRESENTATION_CONTEXT(2) 
PARAMETRIC_REPRESENTATION_CONTEXT() REPRESENTATION_CONTEXT('2D SPACE',''
  ) );
#7205 = PCURVE('',#5391,#7206);
#7206 = DEFINITIONAL_REPRESENTATION('',(#7207),#7210);
#7207 = B_SPLINE_CURVE_WITH_KNOTS('',1,(#7208,#7209),.UNSPECIFIED.,.F.,
  .F.,(2,2),(0.,1.893400776149E-03),.PIECEWISE_BEZIER_KNOTS.);
#7208 = CARTESIAN_POINT('',(3.362068791146E-03,-1.473018582516E-02));
#7209 = CARTESIAN_POINT('',(3.556508155884E-03,-1.284679531E-02));
#7210 = ( GEOMETRIC_REPRESENTATION_CONTEXT(2) 
PARAMETRIC_REPRESENTATION_CONTEXT() REPRESENTATION_CONTEXT('2D SPACE',''
  ) );
#7211 = ORIENTED_EDGE('',*,*,#6812,.T.);
#7212 = ADVANCED_FACE('',(#7213),#5391,.F.);
#7213 = FACE_BOUND('',#7214,.F.);
#7214 = EDGE_LOOP('',(#7215,#7216,#7217,#7218));
#7215 = ORIENTED_EDGE('',*,*,#5375,.T.);
#7216 = ORIENTED_EDGE('',*,*,#7194,.T.);
#7217 = ORIENTED_EDGE('',*,*,#6836,.F.);
#7218 = ORIENTED_EDGE('',*,*,#7219,.T.);
#7219 = EDGE_CURVE('',#6837,#5376,#7220,.T.);
#7220 = SURFACE_CURVE('',#7221,(#7224,#7230),.PCURVE_S1.);
#7221 = B_SPLINE_CURVE_WITH_KNOTS('',1,(#7222,#7223),.UNSPECIFIED.,.F.,
  .F.,(2,2),(0.,1.893400776149E-03),.PIECEWISE_BEZIER_KNOTS.);
#7222 = CARTESIAN_POINT('',(2.070657385109,-13.16819190297,
    12.203993230268));
#7223 = CARTESIAN_POINT('',(3.026070408355,-14.80286387438,
    12.203993230268));
#7224 = PCURVE('',#5391,#7225);
#7225 = DEFINITIONAL_REPRESENTATION('',(#7226),#7229);
#7226 = B_SPLINE_CURVE_WITH_KNOTS('',1,(#7227,#7228),.UNSPECIFIED.,.F.,
  .F.,(2,2),(0.,1.893400776149E-03),.PIECEWISE_BEZIER_KNOTS.);
#7227 = CARTESIAN_POINT('',(2.070657385109E-03,-1.316819190297E-02));
#7228 = CARTESIAN_POINT('',(3.026070408355E-03,-1.480286387439E-02));
#7229 = ( GEOMETRIC_REPRESENTATION_CONTEXT(2) 
PARAMETRIC_REPRESENTATION_CONTEXT() REPRESENTATION_CONTEXT('2D SPACE',''
  ) );
#7230 = PCURVE('',#5418,#7231);
#7231 = DEFINITIONAL_REPRESENTATION('',(#7232),#7235);
#7232 = B_SPLINE_CURVE_WITH_KNOTS('',1,(#7233,#7234),.UNSPECIFIED.,.F.,
  .F.,(2,2),(0.,1.893400776149E-03),.PIECEWISE_BEZIER_KNOTS.);
#7233 = CARTESIAN_POINT('',(1.488951431662E-03,1.949609658904E-03));
#7234 = CARTESIAN_POINT('',(1.078634977129E-04,3.24481721672E-03));
#7235 = ( GEOMETRIC_REPRESENTATION_CONTEXT(2) 
PARAMETRIC_REPRESENTATION_CONTEXT() REPRESENTATION_CONTEXT('2D SPACE',''
  ) );
#7236 = ADVANCED_FACE('',(#7237),#5665,.F.);
#7237 = FACE_BOUND('',#7238,.F.);
#7238 = EDGE_LOOP('',(#7239,#7240,#7241,#7259));
#7239 = ORIENTED_EDGE('',*,*,#7166,.T.);
#7240 = ORIENTED_EDGE('',*,*,#5649,.T.);
#7241 = ORIENTED_EDGE('',*,*,#7242,.T.);
#7242 = EDGE_CURVE('',#5621,#6368,#7243,.T.);
#7243 = SURFACE_CURVE('',#7244,(#7247,#7253),.PCURVE_S1.);
#7244 = B_SPLINE_CURVE_WITH_KNOTS('',1,(#7245,#7246),.UNSPECIFIED.,.F.,
  .F.,(2,2),(0.,1.893400776149E-03),.PIECEWISE_BEZIER_KNOTS.);
#7245 = CARTESIAN_POINT('',(-3.362068791146,14.730185825155,
    12.203993230268));
#7246 = CARTESIAN_POINT('',(-3.556508155884,12.846795310004,
    12.203993230268));
#7247 = PCURVE('',#5665,#7248);
#7248 = DEFINITIONAL_REPRESENTATION('',(#7249),#7252);
#7249 = B_SPLINE_CURVE_WITH_KNOTS('',1,(#7250,#7251),.UNSPECIFIED.,.F.,
  .F.,(2,2),(0.,1.893400776149E-03),.PIECEWISE_BEZIER_KNOTS.);
#7250 = CARTESIAN_POINT('',(-3.362068791146E-03,1.473018582516E-02));
#7251 = CARTESIAN_POINT('',(-3.556508155884E-03,1.284679531E-02));
#7252 = ( GEOMETRIC_REPRESENTATION_CONTEXT(2) 
PARAMETRIC_REPRESENTATION_CONTEXT() REPRESENTATION_CONTEXT('2D SPACE',''
  ) );
#7253 = PCURVE('',#5637,#7254);
#7254 = DEFINITIONAL_REPRESENTATION('',(#7255),#7258);
#7255 = B_SPLINE_CURVE_WITH_KNOTS('',1,(#7256,#7257),.UNSPECIFIED.,.F.,
  .F.,(2,2),(0.,1.893400776149E-03),.PIECEWISE_BEZIER_KNOTS.);
#7256 = CARTESIAN_POINT('',(-1.242775344402E-03,-2.99933038317E-03));
#7257 = CARTESIAN_POINT('',(5.501278093181E-04,-2.390672202824E-03));
#7258 = ( GEOMETRIC_REPRESENTATION_CONTEXT(2) 
PARAMETRIC_REPRESENTATION_CONTEXT() REPRESENTATION_CONTEXT('2D SPACE',''
  ) );
#7259 = ORIENTED_EDGE('',*,*,#6391,.F.);
#7260 = ADVANCED_FACE('',(#7261),#5418,.T.);
#7261 = FACE_BOUND('',#7262,.T.);
#7262 = EDGE_LOOP('',(#7263,#7264,#7265,#7266,#7284,#7285));
#7263 = ORIENTED_EDGE('',*,*,#7219,.T.);
#7264 = ORIENTED_EDGE('',*,*,#5403,.T.);
#7265 = ORIENTED_EDGE('',*,*,#5725,.T.);
#7266 = ORIENTED_EDGE('',*,*,#7267,.T.);
#7267 = EDGE_CURVE('',#5726,#6486,#7268,.T.);
#7268 = SURFACE_CURVE('',#7269,(#7272,#7278),.PCURVE_S1.);
#7269 = B_SPLINE_CURVE_WITH_KNOTS('',1,(#7270,#7271),.UNSPECIFIED.,.F.,
  .F.,(2,2),(0.,1.893400776149E-03),.PIECEWISE_BEZIER_KNOTS.);
#7270 = CARTESIAN_POINT('',(-3.362068791146,-14.73018582515,
    12.203993230268));
#7271 = CARTESIAN_POINT('',(-2.36971245789,-13.1176736835,
    12.203993230268));
#7272 = PCURVE('',#5418,#7273);
#7273 = DEFINITIONAL_REPRESENTATION('',(#7274),#7277);
#7274 = B_SPLINE_CURVE_WITH_KNOTS('',1,(#7275,#7276),.UNSPECIFIED.,.F.,
  .F.,(2,2),(0.,1.893400776149E-03),.PIECEWISE_BEZIER_KNOTS.);
#7275 = CARTESIAN_POINT('',(-1.242775344402E-03,-2.99933038317E-03));
#7276 = CARTESIAN_POINT('',(5.501278093181E-04,-2.390672202824E-03));
#7277 = ( GEOMETRIC_REPRESENTATION_CONTEXT(2) 
PARAMETRIC_REPRESENTATION_CONTEXT() REPRESENTATION_CONTEXT('2D SPACE',''
  ) );
#7278 = PCURVE('',#5765,#7279);
#7279 = DEFINITIONAL_REPRESENTATION('',(#7280),#7283);
#7280 = B_SPLINE_CURVE_WITH_KNOTS('',1,(#7281,#7282),.UNSPECIFIED.,.F.,
  .F.,(2,2),(0.,1.893400776149E-03),.PIECEWISE_BEZIER_KNOTS.);
#7281 = CARTESIAN_POINT('',(-3.362068791146E-03,-1.473018582516E-02));
#7282 = CARTESIAN_POINT('',(-2.36971245789E-03,-1.311767368351E-02));
#7283 = ( GEOMETRIC_REPRESENTATION_CONTEXT(2) 
PARAMETRIC_REPRESENTATION_CONTEXT() REPRESENTATION_CONTEXT('2D SPACE',''
  ) );
#7284 = ORIENTED_EDGE('',*,*,#6485,.T.);
#7285 = ORIENTED_EDGE('',*,*,#6859,.T.);
#7286 = ADVANCED_FACE('',(#7287),#5637,.T.);
#7287 = FACE_BOUND('',#7288,.T.);
#7288 = EDGE_LOOP('',(#7289,#7307,#7308,#7309));
#7289 = ORIENTED_EDGE('',*,*,#7290,.T.);
#7290 = EDGE_CURVE('',#6345,#5593,#7291,.T.);
#7291 = SURFACE_CURVE('',#7292,(#7295,#7301),.PCURVE_S1.);
#7292 = B_SPLINE_CURVE_WITH_KNOTS('',1,(#7293,#7294),.UNSPECIFIED.,.F.,
  .F.,(2,2),(0.,1.893400776149E-03),.PIECEWISE_BEZIER_KNOTS.);
#7293 = CARTESIAN_POINT('',(-7.579062180355,10.96570638246,
    12.203993230268));
#7294 = CARTESIAN_POINT('',(-9.149117157476,12.023956763012,
    12.203993230268));
#7295 = PCURVE('',#5637,#7296);
#7296 = DEFINITIONAL_REPRESENTATION('',(#7297),#7300);
#7297 = B_SPLINE_CURVE_WITH_KNOTS('',1,(#7298,#7299),.UNSPECIFIED.,.F.,
  .F.,(2,2),(0.,1.893400776149E-03),.PIECEWISE_BEZIER_KNOTS.);
#7298 = CARTESIAN_POINT('',(1.488951431662E-03,1.949609658904E-03));
#7299 = CARTESIAN_POINT('',(1.078634977129E-04,3.24481721672E-03));
#7300 = ( GEOMETRIC_REPRESENTATION_CONTEXT(2) 
PARAMETRIC_REPRESENTATION_CONTEXT() REPRESENTATION_CONTEXT('2D SPACE',''
  ) );
#7301 = PCURVE('',#5608,#7302);
#7302 = DEFINITIONAL_REPRESENTATION('',(#7303),#7306);
#7303 = B_SPLINE_CURVE_WITH_KNOTS('',1,(#7304,#7305),.UNSPECIFIED.,.F.,
  .F.,(2,2),(0.,1.893400776149E-03),.PIECEWISE_BEZIER_KNOTS.);
#7304 = CARTESIAN_POINT('',(-7.579062180355E-03,1.096570638246E-02));
#7305 = CARTESIAN_POINT('',(-9.149117157476E-03,1.202395676301E-02));
#7306 = ( GEOMETRIC_REPRESENTATION_CONTEXT(2) 
PARAMETRIC_REPRESENTATION_CONTEXT() REPRESENTATION_CONTEXT('2D SPACE',''
  ) );
#7307 = ORIENTED_EDGE('',*,*,#5620,.T.);
#7308 = ORIENTED_EDGE('',*,*,#7242,.T.);
#7309 = ORIENTED_EDGE('',*,*,#6367,.T.);
#7310 = ADVANCED_FACE('',(#7311),#5608,.F.);
#7311 = FACE_BOUND('',#7312,.F.);
#7312 = EDGE_LOOP('',(#7313,#7314,#7315,#7333));
#7313 = ORIENTED_EDGE('',*,*,#7290,.T.);
#7314 = ORIENTED_EDGE('',*,*,#5592,.T.);
#7315 = ORIENTED_EDGE('',*,*,#7316,.T.);
#7316 = EDGE_CURVE('',#5565,#6322,#7317,.T.);
#7317 = SURFACE_CURVE('',#7318,(#7321,#7327),.PCURVE_S1.);
#7318 = B_SPLINE_CURVE_WITH_KNOTS('',1,(#7319,#7320),.UNSPECIFIED.,.F.,
  .F.,(2,2),(0.,1.893400776149E-03),.PIECEWISE_BEZIER_KNOTS.);
#7319 = CARTESIAN_POINT('',(-9.420307416284,11.812691868609,
    12.203993230268));
#7320 = CARTESIAN_POINT('',(-8.778318711675,10.031451569751,
    12.203993230268));
#7321 = PCURVE('',#5608,#7322);
#7322 = DEFINITIONAL_REPRESENTATION('',(#7323),#7326);
#7323 = B_SPLINE_CURVE_WITH_KNOTS('',1,(#7324,#7325),.UNSPECIFIED.,.F.,
  .F.,(2,2),(0.,1.893400776149E-03),.PIECEWISE_BEZIER_KNOTS.);
#7324 = CARTESIAN_POINT('',(-9.420307416284E-03,1.181269186861E-02));
#7325 = CARTESIAN_POINT('',(-8.778318711675E-03,1.003145156975E-02));
#7326 = ( GEOMETRIC_REPRESENTATION_CONTEXT(2) 
PARAMETRIC_REPRESENTATION_CONTEXT() REPRESENTATION_CONTEXT('2D SPACE',''
  ) );
#7327 = PCURVE('',#5580,#7328);
#7328 = DEFINITIONAL_REPRESENTATION('',(#7329),#7332);
#7329 = B_SPLINE_CURVE_WITH_KNOTS('',1,(#7330,#7331),.UNSPECIFIED.,.F.,
  .F.,(2,2),(0.,1.893400776149E-03),.PIECEWISE_BEZIER_KNOTS.);
#7330 = CARTESIAN_POINT('',(-1.242775344402E-03,-2.99933038317E-03));
#7331 = CARTESIAN_POINT('',(5.501278093181E-04,-2.390672202824E-03));
#7332 = ( GEOMETRIC_REPRESENTATION_CONTEXT(2) 
PARAMETRIC_REPRESENTATION_CONTEXT() REPRESENTATION_CONTEXT('2D SPACE',''
  ) );
#7333 = ORIENTED_EDGE('',*,*,#6344,.F.);
#7334 = ADVANCED_FACE('',(#7335),#5765,.F.);
#7335 = FACE_BOUND('',#7336,.F.);
#7336 = EDGE_LOOP('',(#7337,#7338,#7339,#7340));
#7337 = ORIENTED_EDGE('',*,*,#5749,.T.);
#7338 = ORIENTED_EDGE('',*,*,#7267,.T.);
#7339 = ORIENTED_EDGE('',*,*,#6509,.F.);
#7340 = ORIENTED_EDGE('',*,*,#7341,.T.);
#7341 = EDGE_CURVE('',#6510,#5750,#7342,.T.);
#7342 = SURFACE_CURVE('',#7343,(#7346,#7352),.PCURVE_S1.);
#7343 = B_SPLINE_CURVE_WITH_KNOTS('',1,(#7344,#7345),.UNSPECIFIED.,.F.,
  .F.,(2,2),(0.,1.893400776149E-03),.PIECEWISE_BEZIER_KNOTS.);
#7344 = CARTESIAN_POINT('',(-3.847866500203,-12.76255551982,
    12.203993230268));
#7345 = CARTESIAN_POINT('',(-3.69632669746,-14.64988225023,
    12.203993230268));
#7346 = PCURVE('',#5765,#7347);
#7347 = DEFINITIONAL_REPRESENTATION('',(#7348),#7351);
#7348 = B_SPLINE_CURVE_WITH_KNOTS('',1,(#7349,#7350),.UNSPECIFIED.,.F.,
  .F.,(2,2),(0.,1.893400776149E-03),.PIECEWISE_BEZIER_KNOTS.);
#7349 = CARTESIAN_POINT('',(-3.847866500203E-03,-1.276255551982E-02));
#7350 = CARTESIAN_POINT('',(-3.69632669746E-03,-1.464988225023E-02));
#7351 = ( GEOMETRIC_REPRESENTATION_CONTEXT(2) 
PARAMETRIC_REPRESENTATION_CONTEXT() REPRESENTATION_CONTEXT('2D SPACE',''
  ) );
#7352 = PCURVE('',#5794,#7353);
#7353 = DEFINITIONAL_REPRESENTATION('',(#7354),#7357);
#7354 = B_SPLINE_CURVE_WITH_KNOTS('',1,(#7355,#7356),.UNSPECIFIED.,.F.,
  .F.,(2,2),(0.,1.893400776149E-03),.PIECEWISE_BEZIER_KNOTS.);
#7355 = CARTESIAN_POINT('',(1.488951431662E-03,1.949609658904E-03));
#7356 = CARTESIAN_POINT('',(1.078634977129E-04,3.24481721672E-03));
#7357 = ( GEOMETRIC_REPRESENTATION_CONTEXT(2) 
PARAMETRIC_REPRESENTATION_CONTEXT() REPRESENTATION_CONTEXT('2D SPACE',''
  ) );
#7358 = ADVANCED_FACE('',(#7359),#5580,.T.);
#7359 = FACE_BOUND('',#7360,.T.);
#7360 = EDGE_LOOP('',(#7361,#7379,#7380,#7381));
#7361 = ORIENTED_EDGE('',*,*,#7362,.T.);
#7362 = EDGE_CURVE('',#6299,#5537,#7363,.T.);
#7363 = SURFACE_CURVE('',#7364,(#7367,#7373),.PCURVE_S1.);
#7364 = B_SPLINE_CURVE_WITH_KNOTS('',1,(#7365,#7366),.UNSPECIFIED.,.F.,
  .F.,(2,2),(0.,1.893400776149E-03),.PIECEWISE_BEZIER_KNOTS.);
#7365 = CARTESIAN_POINT('',(-11.58634075968,6.591328227338,
    12.203993230268));
#7366 = CARTESIAN_POINT('',(-13.460069047,6.863557550568,12.203993230268
    ));
#7367 = PCURVE('',#5580,#7368);
#7368 = DEFINITIONAL_REPRESENTATION('',(#7369),#7372);
#7369 = B_SPLINE_CURVE_WITH_KNOTS('',1,(#7370,#7371),.UNSPECIFIED.,.F.,
  .F.,(2,2),(0.,1.893400776149E-03),.PIECEWISE_BEZIER_KNOTS.);
#7370 = CARTESIAN_POINT('',(1.488951431662E-03,1.949609658904E-03));
#7371 = CARTESIAN_POINT('',(1.078634977129E-04,3.24481721672E-03));
#7372 = ( GEOMETRIC_REPRESENTATION_CONTEXT(2) 
PARAMETRIC_REPRESENTATION_CONTEXT() REPRESENTATION_CONTEXT('2D SPACE',''
  ) );
#7373 = PCURVE('',#5552,#7374);
#7374 = DEFINITIONAL_REPRESENTATION('',(#7375),#7378);
#7375 = B_SPLINE_CURVE_WITH_KNOTS('',1,(#7376,#7377),.UNSPECIFIED.,.F.,
  .F.,(2,2),(0.,1.893400776149E-03),.PIECEWISE_BEZIER_KNOTS.);
#7376 = CARTESIAN_POINT('',(-1.158634075968E-02,6.591328227338E-03));
#7377 = CARTESIAN_POINT('',(-1.3460069047E-02,6.863557550568E-03));
#7378 = ( GEOMETRIC_REPRESENTATION_CONTEXT(2) 
PARAMETRIC_REPRESENTATION_CONTEXT() REPRESENTATION_CONTEXT('2D SPACE',''
  ) );
#7379 = ORIENTED_EDGE('',*,*,#5564,.T.);
#7380 = ORIENTED_EDGE('',*,*,#7316,.T.);
#7381 = ORIENTED_EDGE('',*,*,#6321,.T.);
#7382 = ADVANCED_FACE('',(#7383),#5794,.T.);
#7383 = FACE_BOUND('',#7384,.T.);
#7384 = EDGE_LOOP('',(#7385,#7386,#7387,#7405));
#7385 = ORIENTED_EDGE('',*,*,#7341,.T.);
#7386 = ORIENTED_EDGE('',*,*,#5777,.T.);
#7387 = ORIENTED_EDGE('',*,*,#7388,.T.);
#7388 = EDGE_CURVE('',#5778,#6533,#7389,.T.);
#7389 = SURFACE_CURVE('',#7390,(#7393,#7399),.PCURVE_S1.);
#7390 = B_SPLINE_CURVE_WITH_KNOTS('',1,(#7391,#7392),.UNSPECIFIED.,.F.,
  .F.,(2,2),(0.,1.893400776149E-03),.PIECEWISE_BEZIER_KNOTS.);
#7391 = CARTESIAN_POINT('',(-9.420307416284,-11.8126918686,
    12.203993230268));
#7392 = CARTESIAN_POINT('',(-7.826582456762,-10.79043590627,
    12.203993230268));
#7393 = PCURVE('',#5794,#7394);
#7394 = DEFINITIONAL_REPRESENTATION('',(#7395),#7398);
#7395 = B_SPLINE_CURVE_WITH_KNOTS('',1,(#7396,#7397),.UNSPECIFIED.,.F.,
  .F.,(2,2),(0.,1.893400776149E-03),.PIECEWISE_BEZIER_KNOTS.);
#7396 = CARTESIAN_POINT('',(-1.242775344402E-03,-2.99933038317E-03));
#7397 = CARTESIAN_POINT('',(5.501278093181E-04,-2.390672202824E-03));
#7398 = ( GEOMETRIC_REPRESENTATION_CONTEXT(2) 
PARAMETRIC_REPRESENTATION_CONTEXT() REPRESENTATION_CONTEXT('2D SPACE',''
  ) );
#7399 = PCURVE('',#5822,#7400);
#7400 = DEFINITIONAL_REPRESENTATION('',(#7401),#7404);
#7401 = B_SPLINE_CURVE_WITH_KNOTS('',1,(#7402,#7403),.UNSPECIFIED.,.F.,
  .F.,(2,2),(0.,1.893400776149E-03),.PIECEWISE_BEZIER_KNOTS.);
#7402 = CARTESIAN_POINT('',(-9.420307416284E-03,-1.181269186861E-02));
#7403 = CARTESIAN_POINT('',(-7.826582456762E-03,-1.079043590628E-02));
#7404 = ( GEOMETRIC_REPRESENTATION_CONTEXT(2) 
PARAMETRIC_REPRESENTATION_CONTEXT() REPRESENTATION_CONTEXT('2D SPACE',''
  ) );
#7405 = ORIENTED_EDGE('',*,*,#6532,.T.);
#7406 = ADVANCED_FACE('',(#7407),#5552,.F.);
#7407 = FACE_BOUND('',#7408,.F.);
#7408 = EDGE_LOOP('',(#7409,#7410,#7411,#7429));
#7409 = ORIENTED_EDGE('',*,*,#7362,.T.);
#7410 = ORIENTED_EDGE('',*,*,#5536,.T.);
#7411 = ORIENTED_EDGE('',*,*,#7412,.T.);
#7412 = EDGE_CURVE('',#5508,#6275,#7413,.T.);
#7413 = SURFACE_CURVE('',#7414,(#7417,#7423),.PCURVE_S1.);
#7414 = B_SPLINE_CURVE_WITH_KNOTS('',1,(#7415,#7416),.UNSPECIFIED.,.F.,
  .F.,(2,2),(0.,1.893400776149E-03),.PIECEWISE_BEZIER_KNOTS.);
#7415 = CARTESIAN_POINT('',(-13.61273862513,6.555549414327,
    12.203993230268));
#7416 = CARTESIAN_POINT('',(-12.2614755876,5.22925581843,12.203993230268
    ));
#7417 = PCURVE('',#5552,#7418);
#7418 = DEFINITIONAL_REPRESENTATION('',(#7419),#7422);
#7419 = B_SPLINE_CURVE_WITH_KNOTS('',1,(#7420,#7421),.UNSPECIFIED.,.F.,
  .F.,(2,2),(0.,1.893400776149E-03),.PIECEWISE_BEZIER_KNOTS.);
#7420 = CARTESIAN_POINT('',(-1.361273862514E-02,6.555549414327E-03));
#7421 = CARTESIAN_POINT('',(-1.22614755876E-02,5.22925581843E-03));
#7422 = ( GEOMETRIC_REPRESENTATION_CONTEXT(2) 
PARAMETRIC_REPRESENTATION_CONTEXT() REPRESENTATION_CONTEXT('2D SPACE',''
  ) );
#7423 = PCURVE('',#5524,#7424);
#7424 = DEFINITIONAL_REPRESENTATION('',(#7425),#7428);
#7425 = B_SPLINE_CURVE_WITH_KNOTS('',1,(#7426,#7427),.UNSPECIFIED.,.F.,
  .F.,(2,2),(0.,1.893400776149E-03),.PIECEWISE_BEZIER_KNOTS.);
#7426 = CARTESIAN_POINT('',(-1.242775344402E-03,-2.99933038317E-03));
#7427 = CARTESIAN_POINT('',(5.501278093181E-04,-2.390672202824E-03));
#7428 = ( GEOMETRIC_REPRESENTATION_CONTEXT(2) 
PARAMETRIC_REPRESENTATION_CONTEXT() REPRESENTATION_CONTEXT('2D SPACE',''
  ) );
#7429 = ORIENTED_EDGE('',*,*,#6298,.F.);
#7430 = ADVANCED_FACE('',(#7431),#5822,.F.);
#7431 = FACE_BOUND('',#7432,.F.);
#7432 = EDGE_LOOP('',(#7433,#7434,#7435,#7436));
#7433 = ORIENTED_EDGE('',*,*,#5806,.T.);
#7434 = ORIENTED_EDGE('',*,*,#7388,.T.);
#7435 = ORIENTED_EDGE('',*,*,#6556,.F.);
#7436 = ORIENTED_EDGE('',*,*,#7437,.T.);
#7437 = EDGE_CURVE('',#6557,#5807,#7438,.T.);
#7438 = SURFACE_CURVE('',#7439,(#7442,#7448),.PCURVE_S1.);
#7439 = B_SPLINE_CURVE_WITH_KNOTS('',1,(#7440,#7441),.UNSPECIFIED.,.F.,
  .F.,(2,2),(0.,1.893400776149E-03),.PIECEWISE_BEZIER_KNOTS.);
#7440 = CARTESIAN_POINT('',(-9.004273234165,-9.829138493505,
    12.203993230268));
#7441 = CARTESIAN_POINT('',(-9.68662096837,-11.5953117774,
    12.203993230268));
#7442 = PCURVE('',#5822,#7443);
#7443 = DEFINITIONAL_REPRESENTATION('',(#7444),#7447);
#7444 = B_SPLINE_CURVE_WITH_KNOTS('',1,(#7445,#7446),.UNSPECIFIED.,.F.,
  .F.,(2,2),(0.,1.893400776149E-03),.PIECEWISE_BEZIER_KNOTS.);
#7445 = CARTESIAN_POINT('',(-9.004273234165E-03,-9.829138493505E-03));
#7446 = CARTESIAN_POINT('',(-9.68662096837E-03,-1.15953117774E-02));
#7447 = ( GEOMETRIC_REPRESENTATION_CONTEXT(2) 
PARAMETRIC_REPRESENTATION_CONTEXT() REPRESENTATION_CONTEXT('2D SPACE',''
  ) );
#7448 = PCURVE('',#5850,#7449);
#7449 = DEFINITIONAL_REPRESENTATION('',(#7450),#7453);
#7450 = B_SPLINE_CURVE_WITH_KNOTS('',1,(#7451,#7452),.UNSPECIFIED.,.F.,
  .F.,(2,2),(0.,1.893400776149E-03),.PIECEWISE_BEZIER_KNOTS.);
#7451 = CARTESIAN_POINT('',(1.488951431662E-03,1.949609658904E-03));
#7452 = CARTESIAN_POINT('',(1.078634977129E-04,3.24481721672E-03));
#7453 = ( GEOMETRIC_REPRESENTATION_CONTEXT(2) 
PARAMETRIC_REPRESENTATION_CONTEXT() REPRESENTATION_CONTEXT('2D SPACE',''
  ) );
#7454 = ADVANCED_FACE('',(#7455),#5524,.T.);
#7455 = FACE_BOUND('',#7456,.T.);
#7456 = EDGE_LOOP('',(#7457,#7475,#7476,#7477));
#7457 = ORIENTED_EDGE('',*,*,#7458,.T.);
#7458 = EDGE_CURVE('',#6252,#5480,#7459,.T.);
#7459 = SURFACE_CURVE('',#7460,(#7463,#7469),.PCURVE_S1.);
#7460 = B_SPLINE_CURVE_WITH_KNOTS('',1,(#7461,#7462),.UNSPECIFIED.,.F.,
  .F.,(2,2),(0.,1.893400776149E-03),.PIECEWISE_BEZIER_KNOTS.);
#7461 = CARTESIAN_POINT('',(-13.29880245441,0.911456679457,
    12.203993230268));
#7462 = CARTESIAN_POINT('',(-15.10508918485,0.343746589225,
    12.203993230268));
#7463 = PCURVE('',#5524,#7464);
#7464 = DEFINITIONAL_REPRESENTATION('',(#7465),#7468);
#7465 = B_SPLINE_CURVE_WITH_KNOTS('',1,(#7466,#7467),.UNSPECIFIED.,.F.,
  .F.,(2,2),(0.,1.893400776149E-03),.PIECEWISE_BEZIER_KNOTS.);
#7466 = CARTESIAN_POINT('',(1.488951431662E-03,1.949609658904E-03));
#7467 = CARTESIAN_POINT('',(1.078634977129E-04,3.24481721672E-03));
#7468 = ( GEOMETRIC_REPRESENTATION_CONTEXT(2) 
PARAMETRIC_REPRESENTATION_CONTEXT() REPRESENTATION_CONTEXT('2D SPACE',''
  ) );
#7469 = PCURVE('',#5495,#7470);
#7470 = DEFINITIONAL_REPRESENTATION('',(#7471),#7474);
#7471 = B_SPLINE_CURVE_WITH_KNOTS('',1,(#7472,#7473),.UNSPECIFIED.,.F.,
  .F.,(2,2),(0.,1.893400776149E-03),.PIECEWISE_BEZIER_KNOTS.);
#7472 = CARTESIAN_POINT('',(-1.329880245441E-02,9.114566794568E-04));
#7473 = CARTESIAN_POINT('',(-1.510508918485E-02,3.437465892249E-04));
#7474 = ( GEOMETRIC_REPRESENTATION_CONTEXT(2) 
PARAMETRIC_REPRESENTATION_CONTEXT() REPRESENTATION_CONTEXT('2D SPACE',''
  ) );
#7475 = ORIENTED_EDGE('',*,*,#5507,.T.);
#7476 = ORIENTED_EDGE('',*,*,#7412,.T.);
#7477 = ORIENTED_EDGE('',*,*,#6274,.T.);
#7478 = ADVANCED_FACE('',(#7479),#5850,.T.);
#7479 = FACE_BOUND('',#7480,.T.);
#7480 = EDGE_LOOP('',(#7481,#7482,#7483,#7501));
#7481 = ORIENTED_EDGE('',*,*,#7437,.T.);
#7482 = ORIENTED_EDGE('',*,*,#5834,.T.);
#7483 = ORIENTED_EDGE('',*,*,#7484,.T.);
#7484 = EDGE_CURVE('',#5835,#6580,#7485,.T.);
#7485 = SURFACE_CURVE('',#7486,(#7489,#7495),.PCURVE_S1.);
#7486 = B_SPLINE_CURVE_WITH_KNOTS('',1,(#7487,#7488),.UNSPECIFIED.,.F.,
  .F.,(2,2),(0.,1.893400776149E-03),.PIECEWISE_BEZIER_KNOTS.);
#7487 = CARTESIAN_POINT('',(-13.61273862513,-6.555549414327,
    12.203993230268));
#7488 = CARTESIAN_POINT('',(-11.73330181333,-6.326019961801,
    12.203993230268));
#7489 = PCURVE('',#5850,#7490);
#7490 = DEFINITIONAL_REPRESENTATION('',(#7491),#7494);
#7491 = B_SPLINE_CURVE_WITH_KNOTS('',1,(#7492,#7493),.UNSPECIFIED.,.F.,
  .F.,(2,2),(0.,1.893400776149E-03),.PIECEWISE_BEZIER_KNOTS.);
#7492 = CARTESIAN_POINT('',(-1.242775344402E-03,-2.99933038317E-03));
#7493 = CARTESIAN_POINT('',(5.501278093181E-04,-2.390672202824E-03));
#7494 = ( GEOMETRIC_REPRESENTATION_CONTEXT(2) 
PARAMETRIC_REPRESENTATION_CONTEXT() REPRESENTATION_CONTEXT('2D SPACE',''
  ) );
#7495 = PCURVE('',#5878,#7496);
#7496 = DEFINITIONAL_REPRESENTATION('',(#7497),#7500);
#7497 = B_SPLINE_CURVE_WITH_KNOTS('',1,(#7498,#7499),.UNSPECIFIED.,.F.,
  .F.,(2,2),(0.,1.893400776149E-03),.PIECEWISE_BEZIER_KNOTS.);
#7498 = CARTESIAN_POINT('',(-1.361273862514E-02,-6.555549414327E-03));
#7499 = CARTESIAN_POINT('',(-1.173330181334E-02,-6.326019961801E-03));
#7500 = ( GEOMETRIC_REPRESENTATION_CONTEXT(2) 
PARAMETRIC_REPRESENTATION_CONTEXT() REPRESENTATION_CONTEXT('2D SPACE',''
  ) );
#7501 = ORIENTED_EDGE('',*,*,#6579,.T.);
#7502 = ADVANCED_FACE('',(#7503),#5495,.F.);
#7503 = FACE_BOUND('',#7504,.F.);
#7504 = EDGE_LOOP('',(#7505,#7506,#7507,#7525,#7526));
#7505 = ORIENTED_EDGE('',*,*,#7458,.T.);
#7506 = ORIENTED_EDGE('',*,*,#5479,.T.);
#7507 = ORIENTED_EDGE('',*,*,#7508,.T.);
#7508 = EDGE_CURVE('',#5458,#6626,#7509,.T.);
#7509 = SURFACE_CURVE('',#7510,(#7513,#7519),.PCURVE_S1.);
#7510 = B_SPLINE_CURVE_WITH_KNOTS('',1,(#7511,#7512),.UNSPECIFIED.,.F.,
  .F.,(2,2),(0.,1.893400776149E-03),.PIECEWISE_BEZIER_KNOTS.);
#7511 = CARTESIAN_POINT('',(-15.109,2.249089232136E-17,12.203993230268)
  );
#7512 = CARTESIAN_POINT('',(-13.31609684628,-0.608658180346,
    12.203993230268));
#7513 = PCURVE('',#5495,#7514);
#7514 = DEFINITIONAL_REPRESENTATION('',(#7515),#7518);
#7515 = B_SPLINE_CURVE_WITH_KNOTS('',1,(#7516,#7517),.UNSPECIFIED.,.F.,
  .F.,(2,2),(0.,1.893400776149E-03),.PIECEWISE_BEZIER_KNOTS.);
#7516 = CARTESIAN_POINT('',(-1.5109E-02,8.216039687372E-19));
#7517 = CARTESIAN_POINT('',(-1.331609684628E-02,-6.086581803459E-04));
#7518 = ( GEOMETRIC_REPRESENTATION_CONTEXT(2) 
PARAMETRIC_REPRESENTATION_CONTEXT() REPRESENTATION_CONTEXT('2D SPACE',''
  ) );
#7519 = PCURVE('',#5905,#7520);
#7520 = DEFINITIONAL_REPRESENTATION('',(#7521),#7524);
#7521 = B_SPLINE_CURVE_WITH_KNOTS('',1,(#7522,#7523),.UNSPECIFIED.,.F.,
  .F.,(2,2),(0.,1.893400776149E-03),.PIECEWISE_BEZIER_KNOTS.);
#7522 = CARTESIAN_POINT('',(-1.242775344402E-03,-2.99933038317E-03));
#7523 = CARTESIAN_POINT('',(5.501278093181E-04,-2.390672202824E-03));
#7524 = ( GEOMETRIC_REPRESENTATION_CONTEXT(2) 
PARAMETRIC_REPRESENTATION_CONTEXT() REPRESENTATION_CONTEXT('2D SPACE',''
  ) );
#7525 = ORIENTED_EDGE('',*,*,#6649,.F.);
#7526 = ORIENTED_EDGE('',*,*,#6251,.F.);
#7527 = ADVANCED_FACE('',(#7528),#5878,.F.);
#7528 = FACE_BOUND('',#7529,.F.);
#7529 = EDGE_LOOP('',(#7530,#7531,#7532,#7533));
#7530 = ORIENTED_EDGE('',*,*,#5862,.T.);
#7531 = ORIENTED_EDGE('',*,*,#7484,.T.);
#7532 = ORIENTED_EDGE('',*,*,#6602,.F.);
#7533 = ORIENTED_EDGE('',*,*,#7534,.T.);
#7534 = EDGE_CURVE('',#6603,#5863,#7535,.T.);
#7535 = SURFACE_CURVE('',#7536,(#7539,#7545),.PCURVE_S1.);
#7536 = B_SPLINE_CURVE_WITH_KNOTS('',1,(#7537,#7538),.UNSPECIFIED.,.F.,
  .F.,(2,2),(0.,1.893400776149E-03),.PIECEWISE_BEZIER_KNOTS.);
#7537 = CARTESIAN_POINT('',(-12.37727322393,-4.948940042074,
    12.203993230268));
#7538 = CARTESIAN_POINT('',(-13.75836115788,-6.244147599889,
    12.203993230268));
#7539 = PCURVE('',#5878,#7540);
#7540 = DEFINITIONAL_REPRESENTATION('',(#7541),#7544);
#7541 = B_SPLINE_CURVE_WITH_KNOTS('',1,(#7542,#7543),.UNSPECIFIED.,.F.,
  .F.,(2,2),(0.,1.893400776149E-03),.PIECEWISE_BEZIER_KNOTS.);
#7542 = CARTESIAN_POINT('',(-1.237727322394E-02,-4.948940042074E-03));
#7543 = CARTESIAN_POINT('',(-1.375836115788E-02,-6.244147599889E-03));
#7544 = ( GEOMETRIC_REPRESENTATION_CONTEXT(2) 
PARAMETRIC_REPRESENTATION_CONTEXT() REPRESENTATION_CONTEXT('2D SPACE',''
  ) );
#7545 = PCURVE('',#5905,#7546);
#7546 = DEFINITIONAL_REPRESENTATION('',(#7547),#7550);
#7547 = B_SPLINE_CURVE_WITH_KNOTS('',1,(#7548,#7549),.UNSPECIFIED.,.F.,
  .F.,(2,2),(0.,1.893400776149E-03),.PIECEWISE_BEZIER_KNOTS.);
#7548 = CARTESIAN_POINT('',(1.488951431662E-03,1.949609658904E-03));
#7549 = CARTESIAN_POINT('',(1.078634977129E-04,3.24481721672E-03));
#7550 = ( GEOMETRIC_REPRESENTATION_CONTEXT(2) 
PARAMETRIC_REPRESENTATION_CONTEXT() REPRESENTATION_CONTEXT('2D SPACE',''
  ) );
#7551 = ADVANCED_FACE('',(#7552),#5905,.T.);
#7552 = FACE_BOUND('',#7553,.T.);
#7553 = EDGE_LOOP('',(#7554,#7555,#7556,#7557));
#7554 = ORIENTED_EDGE('',*,*,#7534,.T.);
#7555 = ORIENTED_EDGE('',*,*,#5890,.T.);
#7556 = ORIENTED_EDGE('',*,*,#7508,.T.);
#7557 = ORIENTED_EDGE('',*,*,#6625,.T.);
#7558 = ADVANCED_FACE('',(#7559,#7565),#4911,.T.);
#7559 = FACE_BOUND('',#7560,.T.);
#7560 = EDGE_LOOP('',(#7561,#7562,#7563,#7564));
#7561 = ORIENTED_EDGE('',*,*,#4895,.T.);
#7562 = ORIENTED_EDGE('',*,*,#5434,.T.);
#7563 = ORIENTED_EDGE('',*,*,#5703,.T.);
#7564 = ORIENTED_EDGE('',*,*,#5183,.T.);
#7565 = FACE_BOUND('',#7566,.T.);
#7566 = EDGE_LOOP('',(#7567,#7568,#7569,#7570));
#7567 = ORIENTED_EDGE('',*,*,#5958,.F.);
#7568 = ORIENTED_EDGE('',*,*,#6674,.F.);
#7569 = ORIENTED_EDGE('',*,*,#6440,.F.);
#7570 = ORIENTED_EDGE('',*,*,#6199,.F.);
#7571 = ( GEOMETRIC_REPRESENTATION_CONTEXT(3) 
GLOBAL_UNCERTAINTY_ASSIGNED_CONTEXT((#7575)) 
GLOBAL_UNIT_ASSIGNED_CONTEXT((#7572,#7573,#7574)) REPRESENTATION_CONTEXT
('Context #1','3D Context with UNIT and UNCERTAINTY') );
#7572 = ( LENGTH_UNIT() NAMED_UNIT(*) SI_UNIT(.MILLI.,.METRE.) );
#7573 = ( NAMED_UNIT(*) PLANE_ANGLE_UNIT() SI_UNIT($,.RADIAN.) );
#7574 = ( NAMED_UNIT(*) SI_UNIT($,.STERADIAN.) SOLID_ANGLE_UNIT() );
#7575 = UNCERTAINTY_MEASURE_WITH_UNIT(LENGTH_MEASURE(1.E-04),#7572,
  'distance_accuracy_value','confusion accuracy');
#7576 = CONTEXT_DEPENDENT_SHAPE_REPRESENTATION(#7577,#7579);
#7577 = ( REPRESENTATION_RELATIONSHIP('','',#4850,#10) 
REPRESENTATION_RELATIONSHIP_WITH_TRANSFORMATION(#7578) 
SHAPE_REPRESENTATION_RELATIONSHIP() );
#7578 = ITEM_DEFINED_TRANSFORMATION('','',#11,#71);
#7579 = PRODUCT_DEFINITION_SHAPE('Placement','Placement of an item',
  #7580);
#7580 = NEXT_ASSEMBLY_USAGE_OCCURRENCE('57','','',#5,#4845,$);
#7581 = PRODUCT_RELATED_PRODUCT_CATEGORY('part',$,(#4847));
#7582 = SHAPE_DEFINITION_REPRESENTATION(#7583,#7589);
#7583 = PRODUCT_DEFINITION_SHAPE('','',#7584);
#7584 = PRODUCT_DEFINITION('design','',#7585,#7588);
#7585 = PRODUCT_DEFINITION_FORMATION('','',#7586);
#7586 = PRODUCT('Open CASCADE STEP translator 7.7 2.16',
  'Open CASCADE STEP translator 7.7 2.16','',(#7587));
#7587 = PRODUCT_CONTEXT('',#2,'mechanical');
#7588 = PRODUCT_DEFINITION_CONTEXT('part definition',#2,'design');
#7589 = GEOMETRICALLY_BOUNDED_WIREFRAME_SHAPE_REPRESENTATION('',(#11,
    #7590),#7596);
#7590 = GEOMETRIC_CURVE_SET('',(#7591,#7592,#7593,#7594,#7595));
#7591 = CARTESIAN_POINT('',(0.,0.,9.717092117918E-03));
#7592 = CARTESIAN_POINT('',(0.,0.,9.842092117918E-03));
#7593 = CARTESIAN_POINT('',(0.,0.,9.967092117918E-03));
#7594 = CARTESIAN_POINT('',(0.,0.,1.220399323027E-02));
#7595 = CARTESIAN_POINT('',(0.,0.,9.967092117918E-03));
#7596 = ( GEOMETRIC_REPRESENTATION_CONTEXT(3) 
GLOBAL_UNCERTAINTY_ASSIGNED_CONTEXT((#7600)) 
GLOBAL_UNIT_ASSIGNED_CONTEXT((#7597,#7598,#7599)) REPRESENTATION_CONTEXT
('Context #1','3D Context with UNIT and UNCERTAINTY') );
#7597 = ( LENGTH_UNIT() NAMED_UNIT(*) SI_UNIT(.MILLI.,.METRE.) );
#7598 = ( NAMED_UNIT(*) PLANE_ANGLE_UNIT() SI_UNIT($,.RADIAN.) );
#7599 = ( NAMED_UNIT(*) SI_UNIT($,.STERADIAN.) SOLID_ANGLE_UNIT() );
#7600 = UNCERTAINTY_MEASURE_WITH_UNIT(LENGTH_MEASURE(1.E-07),#7597,
  'distance_accuracy_value','confusion accuracy');
#7601 = CONTEXT_DEPENDENT_SHAPE_REPRESENTATION(#7602,#7604);
#7602 = ( REPRESENTATION_RELATIONSHIP('','',#7589,#10) 
REPRESENTATION_RELATIONSHIP_WITH_TRANSFORMATION(#7603) 
SHAPE_REPRESENTATION_RELATIONSHIP() );
#7603 = ITEM_DEFINED_TRANSFORMATION('','',#11,#75);
#7604 = PRODUCT_DEFINITION_SHAPE('Placement','Placement of an item',
  #7605);
#7605 = NEXT_ASSEMBLY_USAGE_OCCURRENCE('58','','',#5,#7584,$);
#7606 = PRODUCT_RELATED_PRODUCT_CATEGORY('part',$,(#7586));
ENDSEC;
END-ISO-10303-21;
