ISO-10303-21;
HEADER;
FILE_NAME('Open CASCADE Shape Model','2026-04-16T09:10:48',('Author'),(
    'Open CASCADE'),'Open CASCADE STEP processor 7.8','Open CASCADE 7.8'
  ,'Unknown');
FILE_DESCRIPTION(('Open CASCADE Model'),'2;1');
FILE_SCHEMA(('AUTOMOTIVE_DESIGN { 1 0 10303 214 1 1 1 1 }'));
ENDSEC;
DATA;
#1 = APPLICATION_PROTOCOL_DEFINITION('international standard',
  'automotive_design',2000,#2);
#2 = APPLICATION_CONTEXT(
  'core data for automotive mechanical design processes');
#3 = SHAPE_DEFINITION_REPRESENTATION(#4,#10);
#4 = PRODUCT_DEFINITION_SHAPE('','',#5);
#5 = PRODUCT_DEFINITION('design','',#6,#9);
#6 = PRODUCT_DEFINITION_FORMATION('','',#7);
#7 = PRODUCT('Open CASCADE STEP translator 7.8 200',
  'Open CASCADE STEP translator 7.8 200','',(#8));
#8 = PRODUCT_CONTEXT('',#2,'mechanical');
#9 = PRODUCT_DEFINITION_CONTEXT('part definition',#2,'design');
#10 = SHAPE_REPRESENTATION('',(#11,#15,#19,#23,#27,#31,#35,#39,#43,#47,
    #51,#55,#59,#63,#67,#71,#75,#79,#83,#87,#91,#95,#99),#103);
#11 = AXIS2_PLACEMENT_3D('',#12,#13,#14);
#12 = CARTESIAN_POINT('',(0.,0.,0.));
#13 = DIRECTION('',(0.,0.,1.));
#14 = DIRECTION('',(1.,0.,-0.));
#15 = AXIS2_PLACEMENT_3D('',#16,#17,#18);
#16 = CARTESIAN_POINT('',(0.,0.,0.));
#17 = DIRECTION('',(0.,0.,1.));
#18 = DIRECTION('',(1.,0.,-0.));
#19 = AXIS2_PLACEMENT_3D('',#20,#21,#22);
#20 = CARTESIAN_POINT('',(0.,0.,0.));
#21 = DIRECTION('',(0.,0.,1.));
#22 = DIRECTION('',(1.,0.,-0.));
#23 = AXIS2_PLACEMENT_3D('',#24,#25,#26);
#24 = CARTESIAN_POINT('',(0.,0.,0.));
#25 = DIRECTION('',(0.,0.,1.));
#26 = DIRECTION('',(1.,0.,-0.));
#27 = AXIS2_PLACEMENT_3D('',#28,#29,#30);
#28 = CARTESIAN_POINT('',(0.,0.,0.));
#29 = DIRECTION('',(0.,0.,1.));
#30 = DIRECTION('',(1.,0.,-0.));
#31 = AXIS2_PLACEMENT_3D('',#32,#33,#34);
#32 = CARTESIAN_POINT('',(0.,0.,0.));
#33 = DIRECTION('',(0.,0.,1.));
#34 = DIRECTION('',(1.,0.,-0.));
#35 = AXIS2_PLACEMENT_3D('',#36,#37,#38);
#36 = CARTESIAN_POINT('',(0.,0.,0.));
#37 = DIRECTION('',(0.,0.,1.));
#38 = DIRECTION('',(1.,0.,-0.));
#39 = AXIS2_PLACEMENT_3D('',#40,#41,#42);
#40 = CARTESIAN_POINT('',(0.,0.,0.));
#41 = DIRECTION('',(0.,0.,1.));
#42 = DIRECTION('',(1.,0.,-0.));
#43 = AXIS2_PLACEMENT_3D('',#44,#45,#46);
#44 = CARTESIAN_POINT('',(0.,0.,0.));
#45 = DIRECTION('',(0.,0.,1.));
#46 = DIRECTION('',(1.,0.,-0.));
#47 = AXIS2_PLACEMENT_3D('',#48,#49,#50);
#48 = CARTESIAN_POINT('',(0.,0.,0.));
#49 = DIRECTION('',(0.,0.,1.));
#50 = DIRECTION('',(1.,0.,-0.));
#51 = AXIS2_PLACEMENT_3D('',#52,#53,#54);
#52 = CARTESIAN_POINT('',(0.,0.,0.));
#53 = DIRECTION('',(0.,0.,1.));
#54 = DIRECTION('',(1.,0.,-0.));
#55 = AXIS2_PLACEMENT_3D('',#56,#57,#58);
#56 = CARTESIAN_POINT('',(0.,0.,0.));
#57 = DIRECTION('',(0.,0.,1.));
#58 = DIRECTION('',(1.,0.,-0.));
#59 = AXIS2_PLACEMENT_3D('',#60,#61,#62);
#60 = CARTESIAN_POINT('',(0.,0.,0.));
#61 = DIRECTION('',(0.,0.,1.));
#62 = DIRECTION('',(1.,0.,-0.));
#63 = AXIS2_PLACEMENT_3D('',#64,#65,#66);
#64 = CARTESIAN_POINT('',(0.,0.,0.));
#65 = DIRECTION('',(0.,0.,1.));
#66 = DIRECTION('',(1.,0.,-0.));
#67 = AXIS2_PLACEMENT_3D('',#68,#69,#70);
#68 = CARTESIAN_POINT('',(0.,0.,0.));
#69 = DIRECTION('',(0.,0.,1.));
#70 = DIRECTION('',(1.,0.,-0.));
#71 = AXIS2_PLACEMENT_3D('',#72,#73,#74);
#72 = CARTESIAN_POINT('',(0.,0.,0.));
#73 = DIRECTION('',(0.,0.,1.));
#74 = DIRECTION('',(1.,0.,-0.));
#75 = AXIS2_PLACEMENT_3D('',#76,#77,#78);
#76 = CARTESIAN_POINT('',(0.,0.,0.));
#77 = DIRECTION('',(0.,0.,1.));
#78 = DIRECTION('',(1.,0.,-0.));
#79 = AXIS2_PLACEMENT_3D('',#80,#81,#82);
#80 = CARTESIAN_POINT('',(0.,0.,0.));
#81 = DIRECTION('',(0.,0.,1.));
#82 = DIRECTION('',(1.,0.,-0.));
#83 = AXIS2_PLACEMENT_3D('',#84,#85,#86);
#84 = CARTESIAN_POINT('',(0.,0.,0.));
#85 = DIRECTION('',(0.,0.,1.));
#86 = DIRECTION('',(1.,0.,-0.));
#87 = AXIS2_PLACEMENT_3D('',#88,#89,#90);
#88 = CARTESIAN_POINT('',(0.,0.,0.));
#89 = DIRECTION('',(0.,0.,1.));
#90 = DIRECTION('',(1.,0.,-0.));
#91 = AXIS2_PLACEMENT_3D('',#92,#93,#94);
#92 = CARTESIAN_POINT('',(0.,0.,0.));
#93 = DIRECTION('',(0.,0.,1.));
#94 = DIRECTION('',(1.,0.,-0.));
#95 = AXIS2_PLACEMENT_3D('',#96,#97,#98);
#96 = CARTESIAN_POINT('',(0.,0.,0.));
#97 = DIRECTION('',(0.,0.,1.));
#98 = DIRECTION('',(1.,0.,-0.));
#99 = AXIS2_PLACEMENT_3D('',#100,#101,#102);
#100 = CARTESIAN_POINT('',(0.,0.,0.));
#101 = DIRECTION('',(0.,0.,1.));
#102 = DIRECTION('',(1.,0.,-0.));
#103 = ( GEOMETRIC_REPRESENTATION_CONTEXT(3) 
GLOBAL_UNCERTAINTY_ASSIGNED_CONTEXT((#107)) GLOBAL_UNIT_ASSIGNED_CONTEXT
((#104,#105,#106)) REPRESENTATION_CONTEXT('Context #1',
  '3D Context with UNIT and UNCERTAINTY') );
#104 = ( LENGTH_UNIT() NAMED_UNIT(*) SI_UNIT(.MILLI.,.METRE.) );
#105 = ( NAMED_UNIT(*) PLANE_ANGLE_UNIT() SI_UNIT($,.RADIAN.) );
#106 = ( NAMED_UNIT(*) SI_UNIT($,.STERADIAN.) SOLID_ANGLE_UNIT() );
#107 = UNCERTAINTY_MEASURE_WITH_UNIT(LENGTH_MEASURE(1.E-04),#104,
  'distance_accuracy_value','confusion accuracy');
#108 = PRODUCT_RELATED_PRODUCT_CATEGORY('part',$,(#7));
#109 = SHAPE_DEFINITION_REPRESENTATION(#110,#116);
#110 = PRODUCT_DEFINITION_SHAPE('','',#111);
#111 = PRODUCT_DEFINITION('design','',#112,#115);
#112 = PRODUCT_DEFINITION_FORMATION('','',#113);
#113 = PRODUCT('Open CASCADE STEP translator 7.8 200.1',
  'Open CASCADE STEP translator 7.8 200.1','',(#114));
#114 = PRODUCT_CONTEXT('',#2,'mechanical');
#115 = PRODUCT_DEFINITION_CONTEXT('part definition',#2,'design');
#116 = ADVANCED_BREP_SHAPE_REPRESENTATION('',(#11,#117),#431);
#117 = MANIFOLD_SOLID_BREP('',#118);
#118 = CLOSED_SHELL('',(#119,#233,#307,#370,#417,#424));
#119 = ADVANCED_FACE('',(#120),#133,.T.);
#120 = FACE_BOUND('',#121,.T.);
#121 = EDGE_LOOP('',(#122,#157,#182,#210));
#122 = ORIENTED_EDGE('',*,*,#123,.T.);
#123 = EDGE_CURVE('',#124,#126,#128,.T.);
#124 = VERTEX_POINT('',#125);
#125 = CARTESIAN_POINT('',(22.224920921995,6.935734568961,
    14.430289072599));
#126 = VERTEX_POINT('',#127);
#127 = CARTESIAN_POINT('',(22.224920921995,6.935734568961,
    19.200817483812));
#128 = SURFACE_CURVE('',#129,(#132,#143),.PCURVE_S1.);
#129 = B_SPLINE_CURVE_WITH_KNOTS('',1,(#130,#131),.UNSPECIFIED.,.F.,.F.,
  (2,2),(0.,4.770528411213E-03),.PIECEWISE_BEZIER_KNOTS.);
#130 = CARTESIAN_POINT('',(22.224920921995,6.935734568961,
    14.430289072599));
#131 = CARTESIAN_POINT('',(22.224920921995,6.935734568961,
    19.200817483812));
#132 = PCURVE('',#133,#138);
#133 = B_SPLINE_SURFACE_WITH_KNOTS('',1,1,(
    (#134,#135)
    ,(#136,#137
    )),.UNSPECIFIED.,.F.,.F.,.F.,(2,2),(2,2),(0.,1.595314381586E-02),(
    -4.770528411213E-03,0.),.PIECEWISE_BEZIER_KNOTS.);
#134 = CARTESIAN_POINT('',(22.224920921995,6.935734568961,
    19.200817483812));
#135 = CARTESIAN_POINT('',(22.224920921995,6.935734568961,
    14.430289072599));
#136 = CARTESIAN_POINT('',(37.427312135012,11.772065721376,
    19.200817483812));
#137 = CARTESIAN_POINT('',(37.427312135012,11.772065721376,
    14.430289072599));
#138 = DEFINITIONAL_REPRESENTATION('',(#139),#142);
#139 = B_SPLINE_CURVE_WITH_KNOTS('',1,(#140,#141),.UNSPECIFIED.,.F.,.F.,
  (2,2),(0.,4.770528411213E-03),.PIECEWISE_BEZIER_KNOTS.);
#140 = CARTESIAN_POINT('',(0.,0.));
#141 = CARTESIAN_POINT('',(0.,-4.770528411213E-03));
#142 = ( GEOMETRIC_REPRESENTATION_CONTEXT(2) 
PARAMETRIC_REPRESENTATION_CONTEXT() REPRESENTATION_CONTEXT('2D SPACE',''
  ) );
#143 = PCURVE('',#144,#151);
#144 = ( BOUNDED_SURFACE() B_SPLINE_SURFACE(2,1,(
    (#145,#146)
    ,(#147,#148)
,(#149,#150
    )),.UNSPECIFIED.,.F.,.F.,.F.) B_SPLINE_SURFACE_WITH_KNOTS((3,3),(2,2
    ),(3.143833920953,3.444085873625),(-4.770528411213E-03,0.),
.PIECEWISE_BEZIER_KNOTS.) GEOMETRIC_REPRESENTATION_ITEM() 
RATIONAL_B_SPLINE_SURFACE((
    (1.,1.)
    ,(0.988752244422,0.988752244422)
,(1.,1.))) REPRESENTATION_ITEM('') SURFACE() );
#145 = CARTESIAN_POINT('',(23.281941524029,5.218114306117E-02,
    19.200817483812));
#146 = CARTESIAN_POINT('',(23.281941524029,5.218114306117E-02,
    14.430289072599));
#147 = CARTESIAN_POINT('',(23.274048391724,3.573902477496,
    19.200817483812));
#148 = CARTESIAN_POINT('',(23.274048391724,3.573902477496,
    14.430289072599));
#149 = CARTESIAN_POINT('',(22.224920921995,6.935734568961,
    19.200817483812));
#150 = CARTESIAN_POINT('',(22.224920921995,6.935734568961,
    14.430289072599));
#151 = DEFINITIONAL_REPRESENTATION('',(#152),#156);
#152 = B_SPLINE_CURVE_WITH_KNOTS('',2,(#153,#154,#155),.UNSPECIFIED.,.F.
  ,.F.,(3,3),(0.,4.770528411213E-03),.PIECEWISE_BEZIER_KNOTS.);
#153 = CARTESIAN_POINT('',(3.444085873625,0.));
#154 = CARTESIAN_POINT('',(3.444085873625,-2.385264205606E-03));
#155 = CARTESIAN_POINT('',(3.444085873625,-4.770528411213E-03));
#156 = ( GEOMETRIC_REPRESENTATION_CONTEXT(2) 
PARAMETRIC_REPRESENTATION_CONTEXT() REPRESENTATION_CONTEXT('2D SPACE',''
  ) );
#157 = ORIENTED_EDGE('',*,*,#158,.T.);
#158 = EDGE_CURVE('',#126,#159,#161,.T.);
#159 = VERTEX_POINT('',#160);
#160 = CARTESIAN_POINT('',(37.427312135012,11.772065721376,
    19.200817483812));
#161 = SURFACE_CURVE('',#162,(#165,#171),.PCURVE_S1.);
#162 = B_SPLINE_CURVE_WITH_KNOTS('',1,(#163,#164),.UNSPECIFIED.,.F.,.F.,
  (2,2),(0.,1.595314381586E-02),.PIECEWISE_BEZIER_KNOTS.);
#163 = CARTESIAN_POINT('',(22.224920921995,6.935734568961,
    19.200817483812));
#164 = CARTESIAN_POINT('',(37.427312135012,11.772065721376,
    19.200817483812));
#165 = PCURVE('',#133,#166);
#166 = DEFINITIONAL_REPRESENTATION('',(#167),#170);
#167 = B_SPLINE_CURVE_WITH_KNOTS('',1,(#168,#169),.UNSPECIFIED.,.F.,.F.,
  (2,2),(0.,1.595314381586E-02),.PIECEWISE_BEZIER_KNOTS.);
#168 = CARTESIAN_POINT('',(0.,-4.770528411213E-03));
#169 = CARTESIAN_POINT('',(1.595314381586E-02,-4.770528411213E-03));
#170 = ( GEOMETRIC_REPRESENTATION_CONTEXT(2) 
PARAMETRIC_REPRESENTATION_CONTEXT() REPRESENTATION_CONTEXT('2D SPACE',''
  ) );
#171 = PCURVE('',#172,#177);
#172 = B_SPLINE_SURFACE_WITH_KNOTS('',1,1,(
    (#173,#174)
    ,(#175,#176
    )),.UNSPECIFIED.,.F.,.F.,.F.,(2,2),(2,2),(2.222492092199E-02,
    3.9235E-02),(-3.714965623783E-18,1.177206572138E-02),
  .PIECEWISE_BEZIER_KNOTS.);
#173 = CARTESIAN_POINT('',(22.224920921995,-4.804901716455E-15,
    19.200817483812));
#174 = CARTESIAN_POINT('',(22.224920921995,11.772065721376,
    19.200817483812));
#175 = CARTESIAN_POINT('',(39.235,-4.804901716455E-15,19.200817483812));
#176 = CARTESIAN_POINT('',(39.235,11.772065721376,19.200817483812));
#177 = DEFINITIONAL_REPRESENTATION('',(#178),#181);
#178 = B_SPLINE_CURVE_WITH_KNOTS('',1,(#179,#180),.UNSPECIFIED.,.F.,.F.,
  (2,2),(0.,1.595314381586E-02),.PIECEWISE_BEZIER_KNOTS.);
#179 = CARTESIAN_POINT('',(2.222492092199E-02,6.935734568961E-03));
#180 = CARTESIAN_POINT('',(3.742731213501E-02,1.177206572138E-02));
#181 = ( GEOMETRIC_REPRESENTATION_CONTEXT(2) 
PARAMETRIC_REPRESENTATION_CONTEXT() REPRESENTATION_CONTEXT('2D SPACE',''
  ) );
#182 = ORIENTED_EDGE('',*,*,#183,.F.);
#183 = EDGE_CURVE('',#184,#159,#186,.T.);
#184 = VERTEX_POINT('',#185);
#185 = CARTESIAN_POINT('',(37.427312135012,11.772065721376,
    14.430289072599));
#186 = SURFACE_CURVE('',#187,(#190,#196),.PCURVE_S1.);
#187 = B_SPLINE_CURVE_WITH_KNOTS('',1,(#188,#189),.UNSPECIFIED.,.F.,.F.,
  (2,2),(0.,4.770528411213E-03),.PIECEWISE_BEZIER_KNOTS.);
#188 = CARTESIAN_POINT('',(37.427312135012,11.772065721376,
    14.430289072599));
#189 = CARTESIAN_POINT('',(37.427312135012,11.772065721376,
    19.200817483812));
#190 = PCURVE('',#133,#191);
#191 = DEFINITIONAL_REPRESENTATION('',(#192),#195);
#192 = B_SPLINE_CURVE_WITH_KNOTS('',1,(#193,#194),.UNSPECIFIED.,.F.,.F.,
  (2,2),(0.,4.770528411213E-03),.PIECEWISE_BEZIER_KNOTS.);
#193 = CARTESIAN_POINT('',(1.595314381586E-02,0.));
#194 = CARTESIAN_POINT('',(1.595314381586E-02,-4.770528411213E-03));
#195 = ( GEOMETRIC_REPRESENTATION_CONTEXT(2) 
PARAMETRIC_REPRESENTATION_CONTEXT() REPRESENTATION_CONTEXT('2D SPACE',''
  ) );
#196 = PCURVE('',#197,#204);
#197 = ( BOUNDED_SURFACE() B_SPLINE_SURFACE(2,1,(
    (#198,#199)
    ,(#200,#201)
,(#202,#203
    )),.UNSPECIFIED.,.F.,.F.,.F.) B_SPLINE_SURFACE_WITH_KNOTS((3,3),(2,2
    ),(5.978450819781,6.28318530718),(-4.770528411213E-03,0.),
.PIECEWISE_BEZIER_KNOTS.) GEOMETRIC_REPRESENTATION_ITEM() 
RATIONAL_B_SPLINE_SURFACE((
    (1.,1.)
    ,(0.988414551331,0.988414551331)
,(1.,1.))) REPRESENTATION_ITEM('') SURFACE() );
#198 = CARTESIAN_POINT('',(37.427312135012,11.772065721377,
    19.200817483812));
#199 = CARTESIAN_POINT('',(37.427312135012,11.772065721377,
    14.430289072599));
#200 = CARTESIAN_POINT('',(39.235,6.024824789589,19.200817483812));
#201 = CARTESIAN_POINT('',(39.235,6.024824789589,14.430289072599));
#202 = CARTESIAN_POINT('',(39.235,9.609803432909E-15,19.200817483812));
#203 = CARTESIAN_POINT('',(39.235,9.609803432909E-15,14.430289072599));
#204 = DEFINITIONAL_REPRESENTATION('',(#205),#209);
#205 = B_SPLINE_CURVE_WITH_KNOTS('',2,(#206,#207,#208),.UNSPECIFIED.,.F.
  ,.F.,(3,3),(0.,4.770528411213E-03),.PIECEWISE_BEZIER_KNOTS.);
#206 = CARTESIAN_POINT('',(5.978450819781,0.));
#207 = CARTESIAN_POINT('',(5.978450819781,-2.385264205606E-03));
#208 = CARTESIAN_POINT('',(5.978450819781,-4.770528411213E-03));
#209 = ( GEOMETRIC_REPRESENTATION_CONTEXT(2) 
PARAMETRIC_REPRESENTATION_CONTEXT() REPRESENTATION_CONTEXT('2D SPACE',''
  ) );
#210 = ORIENTED_EDGE('',*,*,#211,.F.);
#211 = EDGE_CURVE('',#124,#184,#212,.T.);
#212 = SURFACE_CURVE('',#213,(#216,#222),.PCURVE_S1.);
#213 = B_SPLINE_CURVE_WITH_KNOTS('',1,(#214,#215),.UNSPECIFIED.,.F.,.F.,
  (2,2),(0.,1.595314381586E-02),.PIECEWISE_BEZIER_KNOTS.);
#214 = CARTESIAN_POINT('',(22.224920921995,6.935734568961,
    14.430289072599));
#215 = CARTESIAN_POINT('',(37.427312135012,11.772065721376,
    14.430289072599));
#216 = PCURVE('',#133,#217);
#217 = DEFINITIONAL_REPRESENTATION('',(#218),#221);
#218 = B_SPLINE_CURVE_WITH_KNOTS('',1,(#219,#220),.UNSPECIFIED.,.F.,.F.,
  (2,2),(0.,1.595314381586E-02),.PIECEWISE_BEZIER_KNOTS.);
#219 = CARTESIAN_POINT('',(0.,0.));
#220 = CARTESIAN_POINT('',(1.595314381586E-02,0.));
#221 = ( GEOMETRIC_REPRESENTATION_CONTEXT(2) 
PARAMETRIC_REPRESENTATION_CONTEXT() REPRESENTATION_CONTEXT('2D SPACE',''
  ) );
#222 = PCURVE('',#223,#228);
#223 = B_SPLINE_SURFACE_WITH_KNOTS('',1,1,(
    (#224,#225)
    ,(#226,#227
    )),.UNSPECIFIED.,.F.,.F.,.F.,(2,2),(2,2),(-7.848702062546E-03,
    9.161377015459E-03),(-4.819598467363E-03,6.952467254013E-03),
  .PIECEWISE_BEZIER_KNOTS.);
#224 = CARTESIAN_POINT('',(39.235,1.734723475977E-15,14.430289072599));
#225 = CARTESIAN_POINT('',(39.235,11.772065721376,14.430289072599));
#226 = CARTESIAN_POINT('',(22.224920921995,1.734723475977E-15,
    14.430289072599));
#227 = CARTESIAN_POINT('',(22.224920921995,11.772065721376,
    14.430289072599));
#228 = DEFINITIONAL_REPRESENTATION('',(#229),#232);
#229 = B_SPLINE_CURVE_WITH_KNOTS('',1,(#230,#231),.UNSPECIFIED.,.F.,.F.,
  (2,2),(0.,1.595314381586E-02),.PIECEWISE_BEZIER_KNOTS.);
#230 = CARTESIAN_POINT('',(9.161377015459E-03,2.116136101598E-03));
#231 = CARTESIAN_POINT('',(-6.041014197558E-03,6.952467254013E-03));
#232 = ( GEOMETRIC_REPRESENTATION_CONTEXT(2) 
PARAMETRIC_REPRESENTATION_CONTEXT() REPRESENTATION_CONTEXT('2D SPACE',''
  ) );
#233 = ADVANCED_FACE('',(#234),#197,.T.);
#234 = FACE_BOUND('',#235,.T.);
#235 = EDGE_LOOP('',(#236,#237,#260,#286));
#236 = ORIENTED_EDGE('',*,*,#183,.T.);
#237 = ORIENTED_EDGE('',*,*,#238,.F.);
#238 = EDGE_CURVE('',#239,#159,#241,.T.);
#239 = VERTEX_POINT('',#240);
#240 = CARTESIAN_POINT('',(39.235,4.752037796291E-16,19.200817483812));
#241 = SURFACE_CURVE('',#242,(#246,#253),.PCURVE_S1.);
#242 = ( BOUNDED_CURVE() B_SPLINE_CURVE(2,(#243,#244,#245),
.UNSPECIFIED.,.F.,.F.) B_SPLINE_CURVE_WITH_KNOTS((3,3),(3.14159265359,
3.446327140988),.PIECEWISE_BEZIER_KNOTS.) CURVE() 
GEOMETRIC_REPRESENTATION_ITEM() RATIONAL_B_SPLINE_CURVE((1.,
0.988414551331,1.)) REPRESENTATION_ITEM('') );
#243 = CARTESIAN_POINT('',(39.235,-4.804901716455E-15,19.200817483812));
#244 = CARTESIAN_POINT('',(39.235,6.024824789589,19.200817483812));
#245 = CARTESIAN_POINT('',(37.427312135012,11.772065721376,
    19.200817483812));
#246 = PCURVE('',#197,#247);
#247 = DEFINITIONAL_REPRESENTATION('',(#248),#252);
#248 = B_SPLINE_CURVE_WITH_KNOTS('',2,(#249,#250,#251),.UNSPECIFIED.,.F.
  ,.F.,(3,3),(3.14159265359,3.446327140988),.PIECEWISE_BEZIER_KNOTS.);
#249 = CARTESIAN_POINT('',(6.28318530718,-4.770528411213E-03));
#250 = CARTESIAN_POINT('',(6.13081806348,-4.770528411213E-03));
#251 = CARTESIAN_POINT('',(5.978450819781,-4.770528411213E-03));
#252 = ( GEOMETRIC_REPRESENTATION_CONTEXT(2) 
PARAMETRIC_REPRESENTATION_CONTEXT() REPRESENTATION_CONTEXT('2D SPACE',''
  ) );
#253 = PCURVE('',#172,#254);
#254 = DEFINITIONAL_REPRESENTATION('',(#255),#259);
#255 = ( BOUNDED_CURVE() B_SPLINE_CURVE(2,(#256,#257,#258),
.UNSPECIFIED.,.F.,.F.) B_SPLINE_CURVE_WITH_KNOTS((3,3),(3.14159265359,
3.446327140988),.PIECEWISE_BEZIER_KNOTS.) CURVE() 
GEOMETRIC_REPRESENTATION_ITEM() RATIONAL_B_SPLINE_CURVE((1.,
0.988414551331,1.)) REPRESENTATION_ITEM('') );
#256 = CARTESIAN_POINT('',(3.9235E-02,-3.714965623783E-18));
#257 = CARTESIAN_POINT('',(3.9235E-02,6.024824789589E-03));
#258 = CARTESIAN_POINT('',(3.742731213501E-02,1.177206572138E-02));
#259 = ( GEOMETRIC_REPRESENTATION_CONTEXT(2) 
PARAMETRIC_REPRESENTATION_CONTEXT() REPRESENTATION_CONTEXT('2D SPACE',''
  ) );
#260 = ORIENTED_EDGE('',*,*,#261,.F.);
#261 = EDGE_CURVE('',#262,#239,#264,.T.);
#262 = VERTEX_POINT('',#263);
#263 = CARTESIAN_POINT('',(39.235,1.425611338887E-15,14.430289072599));
#264 = SURFACE_CURVE('',#265,(#268,#275),.PCURVE_S1.);
#265 = B_SPLINE_CURVE_WITH_KNOTS('',1,(#266,#267),.UNSPECIFIED.,.F.,.F.,
  (2,2),(0.,4.770528411213E-03),.PIECEWISE_BEZIER_KNOTS.);
#266 = CARTESIAN_POINT('',(39.235,1.425611338887E-15,14.430289072599));
#267 = CARTESIAN_POINT('',(39.235,1.425611338887E-15,19.200817483812));
#268 = PCURVE('',#197,#269);
#269 = DEFINITIONAL_REPRESENTATION('',(#270),#274);
#270 = B_SPLINE_CURVE_WITH_KNOTS('',2,(#271,#272,#273),.UNSPECIFIED.,.F.
  ,.F.,(3,3),(0.,4.770528411213E-03),.PIECEWISE_BEZIER_KNOTS.);
#271 = CARTESIAN_POINT('',(6.28318530718,0.));
#272 = CARTESIAN_POINT('',(6.28318530718,-2.385264205606E-03));
#273 = CARTESIAN_POINT('',(6.28318530718,-4.770528411213E-03));
#274 = ( GEOMETRIC_REPRESENTATION_CONTEXT(2) 
PARAMETRIC_REPRESENTATION_CONTEXT() REPRESENTATION_CONTEXT('2D SPACE',''
  ) );
#275 = PCURVE('',#276,#281);
#276 = B_SPLINE_SURFACE_WITH_KNOTS('',1,1,(
    (#277,#278)
    ,(#279,#280
    )),.UNSPECIFIED.,.F.,.F.,.F.,(2,2),(2,2),(0.,1.595314381586E-02),(
    -4.770528411213E-03,0.),.PIECEWISE_BEZIER_KNOTS.);
#277 = CARTESIAN_POINT('',(39.235,1.425611338887E-15,19.200817483812));
#278 = CARTESIAN_POINT('',(39.235,1.425611338887E-15,14.430289072599));
#279 = CARTESIAN_POINT('',(23.281941524029,5.218114306116E-02,
    19.200817483812));
#280 = CARTESIAN_POINT('',(23.281941524029,5.218114306116E-02,
    14.430289072599));
#281 = DEFINITIONAL_REPRESENTATION('',(#282),#285);
#282 = B_SPLINE_CURVE_WITH_KNOTS('',1,(#283,#284),.UNSPECIFIED.,.F.,.F.,
  (2,2),(0.,4.770528411213E-03),.PIECEWISE_BEZIER_KNOTS.);
#283 = CARTESIAN_POINT('',(0.,0.));
#284 = CARTESIAN_POINT('',(0.,-4.770528411213E-03));
#285 = ( GEOMETRIC_REPRESENTATION_CONTEXT(2) 
PARAMETRIC_REPRESENTATION_CONTEXT() REPRESENTATION_CONTEXT('2D SPACE',''
  ) );
#286 = ORIENTED_EDGE('',*,*,#287,.F.);
#287 = EDGE_CURVE('',#184,#262,#288,.T.);
#288 = SURFACE_CURVE('',#289,(#293,#300),.PCURVE_S1.);
#289 = ( BOUNDED_CURVE() B_SPLINE_CURVE(2,(#290,#291,#292),
.UNSPECIFIED.,.F.,.F.) B_SPLINE_CURVE_WITH_KNOTS((3,3),(5.978450819781,
6.28318530718),.PIECEWISE_BEZIER_KNOTS.) CURVE() 
GEOMETRIC_REPRESENTATION_ITEM() RATIONAL_B_SPLINE_CURVE((1.,
0.988414551331,1.)) REPRESENTATION_ITEM('') );
#290 = CARTESIAN_POINT('',(37.427312135012,11.772065721376,
    14.430289072599));
#291 = CARTESIAN_POINT('',(39.235,6.024824789589,14.430289072599));
#292 = CARTESIAN_POINT('',(39.235,9.609803432909E-15,14.430289072599));
#293 = PCURVE('',#197,#294);
#294 = DEFINITIONAL_REPRESENTATION('',(#295),#299);
#295 = B_SPLINE_CURVE_WITH_KNOTS('',2,(#296,#297,#298),.UNSPECIFIED.,.F.
  ,.F.,(3,3),(5.978450819781,6.28318530718),.PIECEWISE_BEZIER_KNOTS.);
#296 = CARTESIAN_POINT('',(5.978450819781,0.));
#297 = CARTESIAN_POINT('',(6.13081806348,0.));
#298 = CARTESIAN_POINT('',(6.28318530718,0.));
#299 = ( GEOMETRIC_REPRESENTATION_CONTEXT(2) 
PARAMETRIC_REPRESENTATION_CONTEXT() REPRESENTATION_CONTEXT('2D SPACE',''
  ) );
#300 = PCURVE('',#223,#301);
#301 = DEFINITIONAL_REPRESENTATION('',(#302),#306);
#302 = ( BOUNDED_CURVE() B_SPLINE_CURVE(2,(#303,#304,#305),
.UNSPECIFIED.,.F.,.F.) B_SPLINE_CURVE_WITH_KNOTS((3,3),(5.978450819781,
6.28318530718),.PIECEWISE_BEZIER_KNOTS.) CURVE() 
GEOMETRIC_REPRESENTATION_ITEM() RATIONAL_B_SPLINE_CURVE((1.,
0.988414551331,1.)) REPRESENTATION_ITEM('') );
#303 = CARTESIAN_POINT('',(-6.041014197558E-03,6.952467254013E-03));
#304 = CARTESIAN_POINT('',(-7.848702062546E-03,1.205226322226E-03));
#305 = CARTESIAN_POINT('',(-7.848702062546E-03,-4.819598467363E-03));
#306 = ( GEOMETRIC_REPRESENTATION_CONTEXT(2) 
PARAMETRIC_REPRESENTATION_CONTEXT() REPRESENTATION_CONTEXT('2D SPACE',''
  ) );
#307 = ADVANCED_FACE('',(#308),#276,.T.);
#308 = FACE_BOUND('',#309,.T.);
#309 = EDGE_LOOP('',(#310,#311,#331,#352));
#310 = ORIENTED_EDGE('',*,*,#261,.T.);
#311 = ORIENTED_EDGE('',*,*,#312,.T.);
#312 = EDGE_CURVE('',#239,#313,#315,.T.);
#313 = VERTEX_POINT('',#314);
#314 = CARTESIAN_POINT('',(23.281941524029,5.218114306116E-02,
    19.200817483812));
#315 = SURFACE_CURVE('',#316,(#319,#325),.PCURVE_S1.);
#316 = B_SPLINE_CURVE_WITH_KNOTS('',1,(#317,#318),.UNSPECIFIED.,.F.,.F.,
  (2,2),(0.,1.595314381586E-02),.PIECEWISE_BEZIER_KNOTS.);
#317 = CARTESIAN_POINT('',(39.235,1.425611338887E-15,19.200817483812));
#318 = CARTESIAN_POINT('',(23.281941524029,5.218114306116E-02,
    19.200817483812));
#319 = PCURVE('',#276,#320);
#320 = DEFINITIONAL_REPRESENTATION('',(#321),#324);
#321 = B_SPLINE_CURVE_WITH_KNOTS('',1,(#322,#323),.UNSPECIFIED.,.F.,.F.,
  (2,2),(0.,1.595314381586E-02),.PIECEWISE_BEZIER_KNOTS.);
#322 = CARTESIAN_POINT('',(0.,-4.770528411213E-03));
#323 = CARTESIAN_POINT('',(1.595314381586E-02,-4.770528411213E-03));
#324 = ( GEOMETRIC_REPRESENTATION_CONTEXT(2) 
PARAMETRIC_REPRESENTATION_CONTEXT() REPRESENTATION_CONTEXT('2D SPACE',''
  ) );
#325 = PCURVE('',#172,#326);
#326 = DEFINITIONAL_REPRESENTATION('',(#327),#330);
#327 = B_SPLINE_CURVE_WITH_KNOTS('',1,(#328,#329),.UNSPECIFIED.,.F.,.F.,
  (2,2),(0.,1.595314381586E-02),.PIECEWISE_BEZIER_KNOTS.);
#328 = CARTESIAN_POINT('',(3.9235E-02,2.515547431559E-18));
#329 = CARTESIAN_POINT('',(2.328194152403E-02,5.218114306117E-05));
#330 = ( GEOMETRIC_REPRESENTATION_CONTEXT(2) 
PARAMETRIC_REPRESENTATION_CONTEXT() REPRESENTATION_CONTEXT('2D SPACE',''
  ) );
#331 = ORIENTED_EDGE('',*,*,#332,.F.);
#332 = EDGE_CURVE('',#333,#313,#335,.T.);
#333 = VERTEX_POINT('',#334);
#334 = CARTESIAN_POINT('',(23.281941524029,5.218114306116E-02,
    14.430289072599));
#335 = SURFACE_CURVE('',#336,(#339,#345),.PCURVE_S1.);
#336 = B_SPLINE_CURVE_WITH_KNOTS('',1,(#337,#338),.UNSPECIFIED.,.F.,.F.,
  (2,2),(0.,4.770528411213E-03),.PIECEWISE_BEZIER_KNOTS.);
#337 = CARTESIAN_POINT('',(23.281941524029,5.218114306116E-02,
    14.430289072599));
#338 = CARTESIAN_POINT('',(23.281941524029,5.218114306116E-02,
    19.200817483812));
#339 = PCURVE('',#276,#340);
#340 = DEFINITIONAL_REPRESENTATION('',(#341),#344);
#341 = B_SPLINE_CURVE_WITH_KNOTS('',1,(#342,#343),.UNSPECIFIED.,.F.,.F.,
  (2,2),(0.,4.770528411213E-03),.PIECEWISE_BEZIER_KNOTS.);
#342 = CARTESIAN_POINT('',(1.595314381586E-02,0.));
#343 = CARTESIAN_POINT('',(1.595314381586E-02,-4.770528411213E-03));
#344 = ( GEOMETRIC_REPRESENTATION_CONTEXT(2) 
PARAMETRIC_REPRESENTATION_CONTEXT() REPRESENTATION_CONTEXT('2D SPACE',''
  ) );
#345 = PCURVE('',#144,#346);
#346 = DEFINITIONAL_REPRESENTATION('',(#347),#351);
#347 = B_SPLINE_CURVE_WITH_KNOTS('',2,(#348,#349,#350),.UNSPECIFIED.,.F.
  ,.F.,(3,3),(0.,4.770528411213E-03),.PIECEWISE_BEZIER_KNOTS.);
#348 = CARTESIAN_POINT('',(3.143833920953,0.));
#349 = CARTESIAN_POINT('',(3.143833920953,-2.385264205606E-03));
#350 = CARTESIAN_POINT('',(3.143833920953,-4.770528411213E-03));
#351 = ( GEOMETRIC_REPRESENTATION_CONTEXT(2) 
PARAMETRIC_REPRESENTATION_CONTEXT() REPRESENTATION_CONTEXT('2D SPACE',''
  ) );
#352 = ORIENTED_EDGE('',*,*,#353,.F.);
#353 = EDGE_CURVE('',#262,#333,#354,.T.);
#354 = SURFACE_CURVE('',#355,(#358,#364),.PCURVE_S1.);
#355 = B_SPLINE_CURVE_WITH_KNOTS('',1,(#356,#357),.UNSPECIFIED.,.F.,.F.,
  (2,2),(0.,1.595314381586E-02),.PIECEWISE_BEZIER_KNOTS.);
#356 = CARTESIAN_POINT('',(39.235,1.425611338887E-15,14.430289072599));
#357 = CARTESIAN_POINT('',(23.281941524029,5.218114306116E-02,
    14.430289072599));
#358 = PCURVE('',#276,#359);
#359 = DEFINITIONAL_REPRESENTATION('',(#360),#363);
#360 = B_SPLINE_CURVE_WITH_KNOTS('',1,(#361,#362),.UNSPECIFIED.,.F.,.F.,
  (2,2),(0.,1.595314381586E-02),.PIECEWISE_BEZIER_KNOTS.);
#361 = CARTESIAN_POINT('',(0.,0.));
#362 = CARTESIAN_POINT('',(1.595314381586E-02,0.));
#363 = ( GEOMETRIC_REPRESENTATION_CONTEXT(2) 
PARAMETRIC_REPRESENTATION_CONTEXT() REPRESENTATION_CONTEXT('2D SPACE',''
  ) );
#364 = PCURVE('',#223,#365);
#365 = DEFINITIONAL_REPRESENTATION('',(#366),#369);
#366 = B_SPLINE_CURVE_WITH_KNOTS('',1,(#367,#368),.UNSPECIFIED.,.F.,.F.,
  (2,2),(0.,1.595314381586E-02),.PIECEWISE_BEZIER_KNOTS.);
#367 = CARTESIAN_POINT('',(-7.848702062546E-03,-4.819598467363E-03));
#368 = CARTESIAN_POINT('',(8.104356413425E-03,-4.767417324302E-03));
#369 = ( GEOMETRIC_REPRESENTATION_CONTEXT(2) 
PARAMETRIC_REPRESENTATION_CONTEXT() REPRESENTATION_CONTEXT('2D SPACE',''
  ) );
#370 = ADVANCED_FACE('',(#371),#144,.T.);
#371 = FACE_BOUND('',#372,.T.);
#372 = EDGE_LOOP('',(#373,#374,#395,#396));
#373 = ORIENTED_EDGE('',*,*,#332,.T.);
#374 = ORIENTED_EDGE('',*,*,#375,.T.);
#375 = EDGE_CURVE('',#313,#126,#376,.T.);
#376 = SURFACE_CURVE('',#377,(#381,#388),.PCURVE_S1.);
#377 = ( BOUNDED_CURVE() B_SPLINE_CURVE(2,(#378,#379,#380),
.UNSPECIFIED.,.F.,.F.) B_SPLINE_CURVE_WITH_KNOTS((3,3),(3.143833920953,
3.444085873625),.PIECEWISE_BEZIER_KNOTS.) CURVE() 
GEOMETRIC_REPRESENTATION_ITEM() RATIONAL_B_SPLINE_CURVE((1.,
0.988752244422,1.)) REPRESENTATION_ITEM('') );
#378 = CARTESIAN_POINT('',(23.281941524029,5.218114306117E-02,
    19.200817483812));
#379 = CARTESIAN_POINT('',(23.274048391724,3.573902477496,
    19.200817483812));
#380 = CARTESIAN_POINT('',(22.224920921995,6.935734568961,
    19.200817483812));
#381 = PCURVE('',#144,#382);
#382 = DEFINITIONAL_REPRESENTATION('',(#383),#387);
#383 = B_SPLINE_CURVE_WITH_KNOTS('',2,(#384,#385,#386),.UNSPECIFIED.,.F.
  ,.F.,(3,3),(3.143833920953,3.444085873625),.PIECEWISE_BEZIER_KNOTS.);
#384 = CARTESIAN_POINT('',(3.143833920953,-4.770528411213E-03));
#385 = CARTESIAN_POINT('',(3.293959897289,-4.770528411213E-03));
#386 = CARTESIAN_POINT('',(3.444085873625,-4.770528411213E-03));
#387 = ( GEOMETRIC_REPRESENTATION_CONTEXT(2) 
PARAMETRIC_REPRESENTATION_CONTEXT() REPRESENTATION_CONTEXT('2D SPACE',''
  ) );
#388 = PCURVE('',#172,#389);
#389 = DEFINITIONAL_REPRESENTATION('',(#390),#394);
#390 = ( BOUNDED_CURVE() B_SPLINE_CURVE(2,(#391,#392,#393),
.UNSPECIFIED.,.F.,.F.) B_SPLINE_CURVE_WITH_KNOTS((3,3),(3.143833920953,
3.444085873625),.PIECEWISE_BEZIER_KNOTS.) CURVE() 
GEOMETRIC_REPRESENTATION_ITEM() RATIONAL_B_SPLINE_CURVE((1.,
0.988752244422,1.)) REPRESENTATION_ITEM('') );
#391 = CARTESIAN_POINT('',(2.328194152403E-02,5.218114306117E-05));
#392 = CARTESIAN_POINT('',(2.327404839172E-02,3.573902477496E-03));
#393 = CARTESIAN_POINT('',(2.222492092199E-02,6.935734568961E-03));
#394 = ( GEOMETRIC_REPRESENTATION_CONTEXT(2) 
PARAMETRIC_REPRESENTATION_CONTEXT() REPRESENTATION_CONTEXT('2D SPACE',''
  ) );
#395 = ORIENTED_EDGE('',*,*,#123,.F.);
#396 = ORIENTED_EDGE('',*,*,#397,.F.);
#397 = EDGE_CURVE('',#333,#124,#398,.T.);
#398 = SURFACE_CURVE('',#399,(#403,#410),.PCURVE_S1.);
#399 = ( BOUNDED_CURVE() B_SPLINE_CURVE(2,(#400,#401,#402),
.UNSPECIFIED.,.F.,.F.) B_SPLINE_CURVE_WITH_KNOTS((3,3),(3.143833920953,
3.444085873625),.PIECEWISE_BEZIER_KNOTS.) CURVE() 
GEOMETRIC_REPRESENTATION_ITEM() RATIONAL_B_SPLINE_CURVE((1.,
0.988752244422,1.)) REPRESENTATION_ITEM('') );
#400 = CARTESIAN_POINT('',(23.281941524029,5.218114306117E-02,
    14.430289072599));
#401 = CARTESIAN_POINT('',(23.274048391724,3.573902477496,
    14.430289072599));
#402 = CARTESIAN_POINT('',(22.224920921995,6.935734568961,
    14.430289072599));
#403 = PCURVE('',#144,#404);
#404 = DEFINITIONAL_REPRESENTATION('',(#405),#409);
#405 = B_SPLINE_CURVE_WITH_KNOTS('',2,(#406,#407,#408),.UNSPECIFIED.,.F.
  ,.F.,(3,3),(3.143833920953,3.444085873625),.PIECEWISE_BEZIER_KNOTS.);
#406 = CARTESIAN_POINT('',(3.143833920953,0.));
#407 = CARTESIAN_POINT('',(3.293959897289,0.));
#408 = CARTESIAN_POINT('',(3.444085873625,0.));
#409 = ( GEOMETRIC_REPRESENTATION_CONTEXT(2) 
PARAMETRIC_REPRESENTATION_CONTEXT() REPRESENTATION_CONTEXT('2D SPACE',''
  ) );
#410 = PCURVE('',#223,#411);
#411 = DEFINITIONAL_REPRESENTATION('',(#412),#416);
#412 = ( BOUNDED_CURVE() B_SPLINE_CURVE(2,(#413,#414,#415),
.UNSPECIFIED.,.F.,.F.) B_SPLINE_CURVE_WITH_KNOTS((3,3),(3.143833920953,
3.444085873625),.PIECEWISE_BEZIER_KNOTS.) CURVE() 
GEOMETRIC_REPRESENTATION_ITEM() RATIONAL_B_SPLINE_CURVE((1.,
0.988752244422,1.)) REPRESENTATION_ITEM('') );
#413 = CARTESIAN_POINT('',(8.104356413425E-03,-4.767417324302E-03));
#414 = CARTESIAN_POINT('',(8.11224954573E-03,-1.245695989867E-03));
#415 = CARTESIAN_POINT('',(9.161377015459E-03,2.116136101598E-03));
#416 = ( GEOMETRIC_REPRESENTATION_CONTEXT(2) 
PARAMETRIC_REPRESENTATION_CONTEXT() REPRESENTATION_CONTEXT('2D SPACE',''
  ) );
#417 = ADVANCED_FACE('',(#418),#223,.T.);
#418 = FACE_BOUND('',#419,.T.);
#419 = EDGE_LOOP('',(#420,#421,#422,#423));
#420 = ORIENTED_EDGE('',*,*,#211,.T.);
#421 = ORIENTED_EDGE('',*,*,#287,.T.);
#422 = ORIENTED_EDGE('',*,*,#353,.T.);
#423 = ORIENTED_EDGE('',*,*,#397,.T.);
#424 = ADVANCED_FACE('',(#425),#172,.T.);
#425 = FACE_BOUND('',#426,.T.);
#426 = EDGE_LOOP('',(#427,#428,#429,#430));
#427 = ORIENTED_EDGE('',*,*,#312,.F.);
#428 = ORIENTED_EDGE('',*,*,#238,.T.);
#429 = ORIENTED_EDGE('',*,*,#158,.F.);
#430 = ORIENTED_EDGE('',*,*,#375,.F.);
#431 = ( GEOMETRIC_REPRESENTATION_CONTEXT(3) 
GLOBAL_UNCERTAINTY_ASSIGNED_CONTEXT((#435)) GLOBAL_UNIT_ASSIGNED_CONTEXT
((#432,#433,#434)) REPRESENTATION_CONTEXT('Context #1',
  '3D Context with UNIT and UNCERTAINTY') );
#432 = ( LENGTH_UNIT() NAMED_UNIT(*) SI_UNIT(.MILLI.,.METRE.) );
#433 = ( NAMED_UNIT(*) PLANE_ANGLE_UNIT() SI_UNIT($,.RADIAN.) );
#434 = ( NAMED_UNIT(*) SI_UNIT($,.STERADIAN.) SOLID_ANGLE_UNIT() );
#435 = UNCERTAINTY_MEASURE_WITH_UNIT(LENGTH_MEASURE(1.E-04),#432,
  'distance_accuracy_value','confusion accuracy');
#436 = CONTEXT_DEPENDENT_SHAPE_REPRESENTATION(#437,#439);
#437 = ( REPRESENTATION_RELATIONSHIP('','',#116,#10) 
REPRESENTATION_RELATIONSHIP_WITH_TRANSFORMATION(#438) 
SHAPE_REPRESENTATION_RELATIONSHIP() );
#438 = ITEM_DEFINED_TRANSFORMATION('','',#11,#15);
#439 = PRODUCT_DEFINITION_SHAPE('Placement','Placement of an item',#440
  );
#440 = NEXT_ASSEMBLY_USAGE_OCCURRENCE('7779','','',#5,#111,$);
#441 = PRODUCT_RELATED_PRODUCT_CATEGORY('part',$,(#113));
#442 = SHAPE_DEFINITION_REPRESENTATION(#443,#449);
#443 = PRODUCT_DEFINITION_SHAPE('','',#444);
#444 = PRODUCT_DEFINITION('design','',#445,#448);
#445 = PRODUCT_DEFINITION_FORMATION('','',#446);
#446 = PRODUCT('Open CASCADE STEP translator 7.8 200.2',
  'Open CASCADE STEP translator 7.8 200.2','',(#447));
#447 = PRODUCT_CONTEXT('',#2,'mechanical');
#448 = PRODUCT_DEFINITION_CONTEXT('part definition',#2,'design');
#449 = ADVANCED_BREP_SHAPE_REPRESENTATION('',(#11,#450),#764);
#450 = MANIFOLD_SOLID_BREP('',#451);
#451 = CLOSED_SHELL('',(#452,#566,#640,#703,#750,#757));
#452 = ADVANCED_FACE('',(#453),#466,.T.);
#453 = FACE_BOUND('',#454,.T.);
#454 = EDGE_LOOP('',(#455,#490,#515,#543));
#455 = ORIENTED_EDGE('',*,*,#456,.T.);
#456 = EDGE_CURVE('',#457,#459,#461,.T.);
#457 = VERTEX_POINT('',#458);
#458 = CARTESIAN_POINT('',(18.993896016725,13.46415382064,
    14.430289072599));
#459 = VERTEX_POINT('',#460);
#460 = CARTESIAN_POINT('',(18.993896016725,13.46415382064,
    19.200817483812));
#461 = SURFACE_CURVE('',#462,(#465,#476),.PCURVE_S1.);
#462 = B_SPLINE_CURVE_WITH_KNOTS('',1,(#463,#464),.UNSPECIFIED.,.F.,.F.,
  (2,2),(0.,4.770528411213E-03),.PIECEWISE_BEZIER_KNOTS.);
#463 = CARTESIAN_POINT('',(18.993896016725,13.46415382064,
    14.430289072599));
#464 = CARTESIAN_POINT('',(18.993896016725,13.46415382064,
    19.200817483812));
#465 = PCURVE('',#466,#471);
#466 = B_SPLINE_SURFACE_WITH_KNOTS('',1,1,(
    (#467,#468)
    ,(#469,#470
    )),.UNSPECIFIED.,.F.,.F.,.F.,(2,2),(2,2),(0.,1.595314381586E-02),(
    -4.770528411213E-03,0.),.PIECEWISE_BEZIER_KNOTS.);
#467 = CARTESIAN_POINT('',(18.993896016725,13.46415382064,
    19.200817483812));
#468 = CARTESIAN_POINT('',(18.993896016725,13.46415382064,
    14.430289072599));
#469 = CARTESIAN_POINT('',(31.957720726611,22.761575318064,
    19.200817483812));
#470 = CARTESIAN_POINT('',(31.957720726611,22.761575318064,
    14.430289072599));
#471 = DEFINITIONAL_REPRESENTATION('',(#472),#475);
#472 = B_SPLINE_CURVE_WITH_KNOTS('',1,(#473,#474),.UNSPECIFIED.,.F.,.F.,
  (2,2),(0.,4.770528411213E-03),.PIECEWISE_BEZIER_KNOTS.);
#473 = CARTESIAN_POINT('',(0.,0.));
#474 = CARTESIAN_POINT('',(0.,-4.770528411213E-03));
#475 = ( GEOMETRIC_REPRESENTATION_CONTEXT(2) 
PARAMETRIC_REPRESENTATION_CONTEXT() REPRESENTATION_CONTEXT('2D SPACE',''
  ) );
#476 = PCURVE('',#477,#484);
#477 = ( BOUNDED_SURFACE() B_SPLINE_SURFACE(2,1,(
    (#478,#479)
    ,(#480,#481)
,(#482,#483
    )),.UNSPECIFIED.,.F.,.F.,.F.) B_SPLINE_SURFACE_WITH_KNOTS((3,3),(2,2
    ),(3.143833920953,3.444085873625),(-4.770528411213E-03,0.),
.PIECEWISE_BEZIER_KNOTS.) GEOMETRIC_REPRESENTATION_ITEM() 
RATIONAL_B_SPLINE_SURFACE((
    (1.,1.)
    ,(0.988752244422,0.988752244422)
,(1.,1.))) REPRESENTATION_ITEM('') SURFACE() );
#478 = CARTESIAN_POINT('',(22.126317338439,7.244142809105,
    19.200817483812));
#479 = CARTESIAN_POINT('',(22.126317338439,7.244142809105,
    14.430289072599));
#480 = CARTESIAN_POINT('',(21.030538781733,10.591059720773,
    19.200817483812));
#481 = CARTESIAN_POINT('',(21.030538781733,10.591059720773,
    14.430289072599));
#482 = CARTESIAN_POINT('',(18.993896016725,13.46415382064,
    19.200817483812));
#483 = CARTESIAN_POINT('',(18.993896016725,13.46415382064,
    14.430289072599));
#484 = DEFINITIONAL_REPRESENTATION('',(#485),#489);
#485 = B_SPLINE_CURVE_WITH_KNOTS('',2,(#486,#487,#488),.UNSPECIFIED.,.F.
  ,.F.,(3,3),(0.,4.770528411213E-03),.PIECEWISE_BEZIER_KNOTS.);
#486 = CARTESIAN_POINT('',(3.444085873625,0.));
#487 = CARTESIAN_POINT('',(3.444085873625,-2.385264205606E-03));
#488 = CARTESIAN_POINT('',(3.444085873625,-4.770528411213E-03));
#489 = ( GEOMETRIC_REPRESENTATION_CONTEXT(2) 
PARAMETRIC_REPRESENTATION_CONTEXT() REPRESENTATION_CONTEXT('2D SPACE',''
  ) );
#490 = ORIENTED_EDGE('',*,*,#491,.T.);
#491 = EDGE_CURVE('',#459,#492,#494,.T.);
#492 = VERTEX_POINT('',#493);
#493 = CARTESIAN_POINT('',(31.957720726611,22.761575318064,
    19.200817483812));
#494 = SURFACE_CURVE('',#495,(#498,#504),.PCURVE_S1.);
#495 = B_SPLINE_CURVE_WITH_KNOTS('',1,(#496,#497),.UNSPECIFIED.,.F.,.F.,
  (2,2),(0.,1.595314381586E-02),.PIECEWISE_BEZIER_KNOTS.);
#496 = CARTESIAN_POINT('',(18.993896016725,13.46415382064,
    19.200817483812));
#497 = CARTESIAN_POINT('',(31.957720726611,22.761575318064,
    19.200817483812));
#498 = PCURVE('',#466,#499);
#499 = DEFINITIONAL_REPRESENTATION('',(#500),#503);
#500 = B_SPLINE_CURVE_WITH_KNOTS('',1,(#501,#502),.UNSPECIFIED.,.F.,.F.,
  (2,2),(0.,1.595314381586E-02),.PIECEWISE_BEZIER_KNOTS.);
#501 = CARTESIAN_POINT('',(0.,-4.770528411213E-03));
#502 = CARTESIAN_POINT('',(1.595314381586E-02,-4.770528411213E-03));
#503 = ( GEOMETRIC_REPRESENTATION_CONTEXT(2) 
PARAMETRIC_REPRESENTATION_CONTEXT() REPRESENTATION_CONTEXT('2D SPACE',''
  ) );
#504 = PCURVE('',#505,#510);
#505 = B_SPLINE_SURFACE_WITH_KNOTS('',1,1,(
    (#506,#507)
    ,(#508,#509
    )),.UNSPECIFIED.,.F.,.F.,.F.,(2,2),(2,2),(-7.848702062546E-03,
    9.161377015459E-03),(-4.819598467363E-03,6.952467254013E-03),
  .PIECEWISE_BEZIER_KNOTS.);
#506 = CARTESIAN_POINT('',(37.31470241684,12.124281774301,
    19.200817483812));
#507 = CARTESIAN_POINT('',(33.676934050036,23.320181588871,
    19.200817483812));
#508 = CARTESIAN_POINT('',(21.137155867007,6.867878263536,
    19.200817483812));
#509 = CARTESIAN_POINT('',(17.499387500203,18.063778078106,
    19.200817483812));
#510 = DEFINITIONAL_REPRESENTATION('',(#511),#514);
#511 = B_SPLINE_CURVE_WITH_KNOTS('',1,(#512,#513),.UNSPECIFIED.,.F.,.F.,
  (2,2),(0.,1.595314381586E-02),.PIECEWISE_BEZIER_KNOTS.);
#512 = CARTESIAN_POINT('',(9.161377015459E-03,2.116136101598E-03));
#513 = CARTESIAN_POINT('',(-6.041014197558E-03,6.952467254013E-03));
#514 = ( GEOMETRIC_REPRESENTATION_CONTEXT(2) 
PARAMETRIC_REPRESENTATION_CONTEXT() REPRESENTATION_CONTEXT('2D SPACE',''
  ) );
#515 = ORIENTED_EDGE('',*,*,#516,.F.);
#516 = EDGE_CURVE('',#517,#492,#519,.T.);
#517 = VERTEX_POINT('',#518);
#518 = CARTESIAN_POINT('',(31.957720726611,22.761575318064,
    14.430289072599));
#519 = SURFACE_CURVE('',#520,(#523,#529),.PCURVE_S1.);
#520 = B_SPLINE_CURVE_WITH_KNOTS('',1,(#521,#522),.UNSPECIFIED.,.F.,.F.,
  (2,2),(0.,4.770528411213E-03),.PIECEWISE_BEZIER_KNOTS.);
#521 = CARTESIAN_POINT('',(31.957720726611,22.761575318064,
    14.430289072599));
#522 = CARTESIAN_POINT('',(31.957720726611,22.761575318064,
    19.200817483812));
#523 = PCURVE('',#466,#524);
#524 = DEFINITIONAL_REPRESENTATION('',(#525),#528);
#525 = B_SPLINE_CURVE_WITH_KNOTS('',1,(#526,#527),.UNSPECIFIED.,.F.,.F.,
  (2,2),(0.,4.770528411213E-03),.PIECEWISE_BEZIER_KNOTS.);
#526 = CARTESIAN_POINT('',(1.595314381586E-02,0.));
#527 = CARTESIAN_POINT('',(1.595314381586E-02,-4.770528411213E-03));
#528 = ( GEOMETRIC_REPRESENTATION_CONTEXT(2) 
PARAMETRIC_REPRESENTATION_CONTEXT() REPRESENTATION_CONTEXT('2D SPACE',''
  ) );
#529 = PCURVE('',#530,#537);
#530 = ( BOUNDED_SURFACE() B_SPLINE_SURFACE(2,1,(
    (#531,#532)
    ,(#533,#534)
,(#535,#536
    )),.UNSPECIFIED.,.F.,.F.,.F.) B_SPLINE_SURFACE_WITH_KNOTS((3,3),(2,2
    ),(5.978450819781,6.28318530718),(-4.770528411213E-03,0.),
.PIECEWISE_BEZIER_KNOTS.) GEOMETRIC_REPRESENTATION_ITEM() 
RATIONAL_B_SPLINE_SURFACE((
    (1.,1.)
    ,(0.988414551331,0.988414551331)
,(1.,1.))) REPRESENTATION_ITEM('') SURFACE() );
#531 = CARTESIAN_POINT('',(31.957720726611,22.761575318064,
    19.200817483812));
#532 = CARTESIAN_POINT('',(31.957720726611,22.761575318064,
    14.430289072599));
#533 = CARTESIAN_POINT('',(35.452929168726,17.854230649976,
    19.200817483812));
#534 = CARTESIAN_POINT('',(35.452929168726,17.854230649976,
    14.430289072599));
#535 = CARTESIAN_POINT('',(37.31470241684,12.124281774301,
    19.200817483812));
#536 = CARTESIAN_POINT('',(37.31470241684,12.124281774301,
    14.430289072599));
#537 = DEFINITIONAL_REPRESENTATION('',(#538),#542);
#538 = B_SPLINE_CURVE_WITH_KNOTS('',2,(#539,#540,#541),.UNSPECIFIED.,.F.
  ,.F.,(3,3),(0.,4.770528411213E-03),.PIECEWISE_BEZIER_KNOTS.);
#539 = CARTESIAN_POINT('',(5.978450819781,0.));
#540 = CARTESIAN_POINT('',(5.978450819781,-2.385264205606E-03));
#541 = CARTESIAN_POINT('',(5.978450819781,-4.770528411213E-03));
#542 = ( GEOMETRIC_REPRESENTATION_CONTEXT(2) 
PARAMETRIC_REPRESENTATION_CONTEXT() REPRESENTATION_CONTEXT('2D SPACE',''
  ) );
#543 = ORIENTED_EDGE('',*,*,#544,.F.);
#544 = EDGE_CURVE('',#457,#517,#545,.T.);
#545 = SURFACE_CURVE('',#546,(#549,#555),.PCURVE_S1.);
#546 = B_SPLINE_CURVE_WITH_KNOTS('',1,(#547,#548),.UNSPECIFIED.,.F.,.F.,
  (2,2),(0.,1.595314381586E-02),.PIECEWISE_BEZIER_KNOTS.);
#547 = CARTESIAN_POINT('',(18.993896016725,13.46415382064,
    14.430289072599));
#548 = CARTESIAN_POINT('',(31.957720726611,22.761575318064,
    14.430289072599));
#549 = PCURVE('',#466,#550);
#550 = DEFINITIONAL_REPRESENTATION('',(#551),#554);
#551 = B_SPLINE_CURVE_WITH_KNOTS('',1,(#552,#553),.UNSPECIFIED.,.F.,.F.,
  (2,2),(0.,1.595314381586E-02),.PIECEWISE_BEZIER_KNOTS.);
#552 = CARTESIAN_POINT('',(0.,0.));
#553 = CARTESIAN_POINT('',(1.595314381586E-02,0.));
#554 = ( GEOMETRIC_REPRESENTATION_CONTEXT(2) 
PARAMETRIC_REPRESENTATION_CONTEXT() REPRESENTATION_CONTEXT('2D SPACE',''
  ) );
#555 = PCURVE('',#556,#561);
#556 = B_SPLINE_SURFACE_WITH_KNOTS('',1,1,(
    (#557,#558)
    ,(#559,#560
    )),.UNSPECIFIED.,.F.,.F.,.F.,(2,2),(2,2),(-7.848702062546E-03,
    9.161377015459E-03),(-4.819598467363E-03,6.952467254013E-03),
  .PIECEWISE_BEZIER_KNOTS.);
#557 = CARTESIAN_POINT('',(37.31470241684,12.124281774301,
    14.430289072599));
#558 = CARTESIAN_POINT('',(33.676934050036,23.320181588871,
    14.430289072599));
#559 = CARTESIAN_POINT('',(21.137155867007,6.867878263536,
    14.430289072599));
#560 = CARTESIAN_POINT('',(17.499387500203,18.063778078106,
    14.430289072599));
#561 = DEFINITIONAL_REPRESENTATION('',(#562),#565);
#562 = B_SPLINE_CURVE_WITH_KNOTS('',1,(#563,#564),.UNSPECIFIED.,.F.,.F.,
  (2,2),(0.,1.595314381586E-02),.PIECEWISE_BEZIER_KNOTS.);
#563 = CARTESIAN_POINT('',(9.161377015459E-03,2.116136101598E-03));
#564 = CARTESIAN_POINT('',(-6.041014197558E-03,6.952467254013E-03));
#565 = ( GEOMETRIC_REPRESENTATION_CONTEXT(2) 
PARAMETRIC_REPRESENTATION_CONTEXT() REPRESENTATION_CONTEXT('2D SPACE',''
  ) );
#566 = ADVANCED_FACE('',(#567),#530,.T.);
#567 = FACE_BOUND('',#568,.T.);
#568 = EDGE_LOOP('',(#569,#570,#593,#619));
#569 = ORIENTED_EDGE('',*,*,#516,.T.);
#570 = ORIENTED_EDGE('',*,*,#571,.T.);
#571 = EDGE_CURVE('',#492,#572,#574,.T.);
#572 = VERTEX_POINT('',#573);
#573 = CARTESIAN_POINT('',(37.31470241684,12.124281774301,
    19.200817483812));
#574 = SURFACE_CURVE('',#575,(#579,#586),.PCURVE_S1.);
#575 = ( BOUNDED_CURVE() B_SPLINE_CURVE(2,(#576,#577,#578),
.UNSPECIFIED.,.F.,.F.) B_SPLINE_CURVE_WITH_KNOTS((3,3),(5.978450819781,
6.28318530718),.PIECEWISE_BEZIER_KNOTS.) CURVE() 
GEOMETRIC_REPRESENTATION_ITEM() RATIONAL_B_SPLINE_CURVE((1.,
0.988414551331,1.)) REPRESENTATION_ITEM('') );
#576 = CARTESIAN_POINT('',(31.957720726611,22.761575318064,
    19.200817483812));
#577 = CARTESIAN_POINT('',(35.452929168726,17.854230649976,
    19.200817483812));
#578 = CARTESIAN_POINT('',(37.31470241684,12.124281774301,
    19.200817483812));
#579 = PCURVE('',#530,#580);
#580 = DEFINITIONAL_REPRESENTATION('',(#581),#585);
#581 = B_SPLINE_CURVE_WITH_KNOTS('',2,(#582,#583,#584),.UNSPECIFIED.,.F.
  ,.F.,(3,3),(5.978450819781,6.28318530718),.PIECEWISE_BEZIER_KNOTS.);
#582 = CARTESIAN_POINT('',(5.978450819781,-4.770528411213E-03));
#583 = CARTESIAN_POINT('',(6.13081806348,-4.770528411213E-03));
#584 = CARTESIAN_POINT('',(6.28318530718,-4.770528411213E-03));
#585 = ( GEOMETRIC_REPRESENTATION_CONTEXT(2) 
PARAMETRIC_REPRESENTATION_CONTEXT() REPRESENTATION_CONTEXT('2D SPACE',''
  ) );
#586 = PCURVE('',#505,#587);
#587 = DEFINITIONAL_REPRESENTATION('',(#588),#592);
#588 = ( BOUNDED_CURVE() B_SPLINE_CURVE(2,(#589,#590,#591),
.UNSPECIFIED.,.F.,.F.) B_SPLINE_CURVE_WITH_KNOTS((3,3),(5.978450819781,
6.28318530718),.PIECEWISE_BEZIER_KNOTS.) CURVE() 
GEOMETRIC_REPRESENTATION_ITEM() RATIONAL_B_SPLINE_CURVE((1.,
0.988414551331,1.)) REPRESENTATION_ITEM('') );
#589 = CARTESIAN_POINT('',(-6.041014197558E-03,6.952467254013E-03));
#590 = CARTESIAN_POINT('',(-7.848702062546E-03,1.205226322226E-03));
#591 = CARTESIAN_POINT('',(-7.848702062546E-03,-4.819598467363E-03));
#592 = ( GEOMETRIC_REPRESENTATION_CONTEXT(2) 
PARAMETRIC_REPRESENTATION_CONTEXT() REPRESENTATION_CONTEXT('2D SPACE',''
  ) );
#593 = ORIENTED_EDGE('',*,*,#594,.F.);
#594 = EDGE_CURVE('',#595,#572,#597,.T.);
#595 = VERTEX_POINT('',#596);
#596 = CARTESIAN_POINT('',(37.31470241684,12.124281774301,
    14.430289072599));
#597 = SURFACE_CURVE('',#598,(#601,#608),.PCURVE_S1.);
#598 = B_SPLINE_CURVE_WITH_KNOTS('',1,(#599,#600),.UNSPECIFIED.,.F.,.F.,
  (2,2),(0.,4.770528411213E-03),.PIECEWISE_BEZIER_KNOTS.);
#599 = CARTESIAN_POINT('',(37.31470241684,12.124281774301,
    14.430289072599));
#600 = CARTESIAN_POINT('',(37.31470241684,12.124281774301,
    19.200817483812));
#601 = PCURVE('',#530,#602);
#602 = DEFINITIONAL_REPRESENTATION('',(#603),#607);
#603 = B_SPLINE_CURVE_WITH_KNOTS('',2,(#604,#605,#606),.UNSPECIFIED.,.F.
  ,.F.,(3,3),(0.,4.770528411213E-03),.PIECEWISE_BEZIER_KNOTS.);
#604 = CARTESIAN_POINT('',(6.28318530718,0.));
#605 = CARTESIAN_POINT('',(6.28318530718,-2.385264205606E-03));
#606 = CARTESIAN_POINT('',(6.28318530718,-4.770528411213E-03));
#607 = ( GEOMETRIC_REPRESENTATION_CONTEXT(2) 
PARAMETRIC_REPRESENTATION_CONTEXT() REPRESENTATION_CONTEXT('2D SPACE',''
  ) );
#608 = PCURVE('',#609,#614);
#609 = B_SPLINE_SURFACE_WITH_KNOTS('',1,1,(
    (#610,#611)
    ,(#612,#613
    )),.UNSPECIFIED.,.F.,.F.,.F.,(2,2),(2,2),(0.,1.595314381586E-02),(
    -4.770528411213E-03,0.),.PIECEWISE_BEZIER_KNOTS.);
#610 = CARTESIAN_POINT('',(37.31470241684,12.124281774301,
    19.200817483812));
#611 = CARTESIAN_POINT('',(37.31470241684,12.124281774301,
    14.430289072599));
#612 = CARTESIAN_POINT('',(22.126317338439,7.244142809105,
    19.200817483812));
#613 = CARTESIAN_POINT('',(22.126317338439,7.244142809105,
    14.430289072599));
#614 = DEFINITIONAL_REPRESENTATION('',(#615),#618);
#615 = B_SPLINE_CURVE_WITH_KNOTS('',1,(#616,#617),.UNSPECIFIED.,.F.,.F.,
  (2,2),(0.,4.770528411213E-03),.PIECEWISE_BEZIER_KNOTS.);
#616 = CARTESIAN_POINT('',(0.,0.));
#617 = CARTESIAN_POINT('',(0.,-4.770528411213E-03));
#618 = ( GEOMETRIC_REPRESENTATION_CONTEXT(2) 
PARAMETRIC_REPRESENTATION_CONTEXT() REPRESENTATION_CONTEXT('2D SPACE',''
  ) );
#619 = ORIENTED_EDGE('',*,*,#620,.F.);
#620 = EDGE_CURVE('',#517,#595,#621,.T.);
#621 = SURFACE_CURVE('',#622,(#626,#633),.PCURVE_S1.);
#622 = ( BOUNDED_CURVE() B_SPLINE_CURVE(2,(#623,#624,#625),
.UNSPECIFIED.,.F.,.F.) B_SPLINE_CURVE_WITH_KNOTS((3,3),(5.978450819781,
6.28318530718),.PIECEWISE_BEZIER_KNOTS.) CURVE() 
GEOMETRIC_REPRESENTATION_ITEM() RATIONAL_B_SPLINE_CURVE((1.,
0.988414551331,1.)) REPRESENTATION_ITEM('') );
#623 = CARTESIAN_POINT('',(31.957720726611,22.761575318064,
    14.430289072599));
#624 = CARTESIAN_POINT('',(35.452929168726,17.854230649976,
    14.430289072599));
#625 = CARTESIAN_POINT('',(37.31470241684,12.124281774301,
    14.430289072599));
#626 = PCURVE('',#530,#627);
#627 = DEFINITIONAL_REPRESENTATION('',(#628),#632);
#628 = B_SPLINE_CURVE_WITH_KNOTS('',2,(#629,#630,#631),.UNSPECIFIED.,.F.
  ,.F.,(3,3),(5.978450819781,6.28318530718),.PIECEWISE_BEZIER_KNOTS.);
#629 = CARTESIAN_POINT('',(5.978450819781,0.));
#630 = CARTESIAN_POINT('',(6.13081806348,0.));
#631 = CARTESIAN_POINT('',(6.28318530718,0.));
#632 = ( GEOMETRIC_REPRESENTATION_CONTEXT(2) 
PARAMETRIC_REPRESENTATION_CONTEXT() REPRESENTATION_CONTEXT('2D SPACE',''
  ) );
#633 = PCURVE('',#556,#634);
#634 = DEFINITIONAL_REPRESENTATION('',(#635),#639);
#635 = ( BOUNDED_CURVE() B_SPLINE_CURVE(2,(#636,#637,#638),
.UNSPECIFIED.,.F.,.F.) B_SPLINE_CURVE_WITH_KNOTS((3,3),(5.978450819781,
6.28318530718),.PIECEWISE_BEZIER_KNOTS.) CURVE() 
GEOMETRIC_REPRESENTATION_ITEM() RATIONAL_B_SPLINE_CURVE((1.,
0.988414551331,1.)) REPRESENTATION_ITEM('') );
#636 = CARTESIAN_POINT('',(-6.041014197558E-03,6.952467254013E-03));
#637 = CARTESIAN_POINT('',(-7.848702062546E-03,1.205226322226E-03));
#638 = CARTESIAN_POINT('',(-7.848702062546E-03,-4.819598467363E-03));
#639 = ( GEOMETRIC_REPRESENTATION_CONTEXT(2) 
PARAMETRIC_REPRESENTATION_CONTEXT() REPRESENTATION_CONTEXT('2D SPACE',''
  ) );
#640 = ADVANCED_FACE('',(#641),#609,.T.);
#641 = FACE_BOUND('',#642,.T.);
#642 = EDGE_LOOP('',(#643,#644,#664,#685));
#643 = ORIENTED_EDGE('',*,*,#594,.T.);
#644 = ORIENTED_EDGE('',*,*,#645,.T.);
#645 = EDGE_CURVE('',#572,#646,#648,.T.);
#646 = VERTEX_POINT('',#647);
#647 = CARTESIAN_POINT('',(22.126317338439,7.244142809105,
    19.200817483812));
#648 = SURFACE_CURVE('',#649,(#652,#658),.PCURVE_S1.);
#649 = B_SPLINE_CURVE_WITH_KNOTS('',1,(#650,#651),.UNSPECIFIED.,.F.,.F.,
  (2,2),(0.,1.595314381586E-02),.PIECEWISE_BEZIER_KNOTS.);
#650 = CARTESIAN_POINT('',(37.31470241684,12.124281774301,
    19.200817483812));
#651 = CARTESIAN_POINT('',(22.126317338439,7.244142809105,
    19.200817483812));
#652 = PCURVE('',#609,#653);
#653 = DEFINITIONAL_REPRESENTATION('',(#654),#657);
#654 = B_SPLINE_CURVE_WITH_KNOTS('',1,(#655,#656),.UNSPECIFIED.,.F.,.F.,
  (2,2),(0.,1.595314381586E-02),.PIECEWISE_BEZIER_KNOTS.);
#655 = CARTESIAN_POINT('',(0.,-4.770528411213E-03));
#656 = CARTESIAN_POINT('',(1.595314381586E-02,-4.770528411213E-03));
#657 = ( GEOMETRIC_REPRESENTATION_CONTEXT(2) 
PARAMETRIC_REPRESENTATION_CONTEXT() REPRESENTATION_CONTEXT('2D SPACE',''
  ) );
#658 = PCURVE('',#505,#659);
#659 = DEFINITIONAL_REPRESENTATION('',(#660),#663);
#660 = B_SPLINE_CURVE_WITH_KNOTS('',1,(#661,#662),.UNSPECIFIED.,.F.,.F.,
  (2,2),(0.,1.595314381586E-02),.PIECEWISE_BEZIER_KNOTS.);
#661 = CARTESIAN_POINT('',(-7.848702062546E-03,-4.819598467363E-03));
#662 = CARTESIAN_POINT('',(8.104356413425E-03,-4.767417324302E-03));
#663 = ( GEOMETRIC_REPRESENTATION_CONTEXT(2) 
PARAMETRIC_REPRESENTATION_CONTEXT() REPRESENTATION_CONTEXT('2D SPACE',''
  ) );
#664 = ORIENTED_EDGE('',*,*,#665,.F.);
#665 = EDGE_CURVE('',#666,#646,#668,.T.);
#666 = VERTEX_POINT('',#667);
#667 = CARTESIAN_POINT('',(22.126317338439,7.244142809105,
    14.430289072599));
#668 = SURFACE_CURVE('',#669,(#672,#678),.PCURVE_S1.);
#669 = B_SPLINE_CURVE_WITH_KNOTS('',1,(#670,#671),.UNSPECIFIED.,.F.,.F.,
  (2,2),(0.,4.770528411213E-03),.PIECEWISE_BEZIER_KNOTS.);
#670 = CARTESIAN_POINT('',(22.126317338439,7.244142809105,
    14.430289072599));
#671 = CARTESIAN_POINT('',(22.126317338439,7.244142809105,
    19.200817483812));
#672 = PCURVE('',#609,#673);
#673 = DEFINITIONAL_REPRESENTATION('',(#674),#677);
#674 = B_SPLINE_CURVE_WITH_KNOTS('',1,(#675,#676),.UNSPECIFIED.,.F.,.F.,
  (2,2),(0.,4.770528411213E-03),.PIECEWISE_BEZIER_KNOTS.);
#675 = CARTESIAN_POINT('',(1.595314381586E-02,0.));
#676 = CARTESIAN_POINT('',(1.595314381586E-02,-4.770528411213E-03));
#677 = ( GEOMETRIC_REPRESENTATION_CONTEXT(2) 
PARAMETRIC_REPRESENTATION_CONTEXT() REPRESENTATION_CONTEXT('2D SPACE',''
  ) );
#678 = PCURVE('',#477,#679);
#679 = DEFINITIONAL_REPRESENTATION('',(#680),#684);
#680 = B_SPLINE_CURVE_WITH_KNOTS('',2,(#681,#682,#683),.UNSPECIFIED.,.F.
  ,.F.,(3,3),(0.,4.770528411213E-03),.PIECEWISE_BEZIER_KNOTS.);
#681 = CARTESIAN_POINT('',(3.143833920953,0.));
#682 = CARTESIAN_POINT('',(3.143833920953,-2.385264205606E-03));
#683 = CARTESIAN_POINT('',(3.143833920953,-4.770528411213E-03));
#684 = ( GEOMETRIC_REPRESENTATION_CONTEXT(2) 
PARAMETRIC_REPRESENTATION_CONTEXT() REPRESENTATION_CONTEXT('2D SPACE',''
  ) );
#685 = ORIENTED_EDGE('',*,*,#686,.F.);
#686 = EDGE_CURVE('',#595,#666,#687,.T.);
#687 = SURFACE_CURVE('',#688,(#691,#697),.PCURVE_S1.);
#688 = B_SPLINE_CURVE_WITH_KNOTS('',1,(#689,#690),.UNSPECIFIED.,.F.,.F.,
  (2,2),(0.,1.595314381586E-02),.PIECEWISE_BEZIER_KNOTS.);
#689 = CARTESIAN_POINT('',(37.31470241684,12.124281774301,
    14.430289072599));
#690 = CARTESIAN_POINT('',(22.126317338439,7.244142809105,
    14.430289072599));
#691 = PCURVE('',#609,#692);
#692 = DEFINITIONAL_REPRESENTATION('',(#693),#696);
#693 = B_SPLINE_CURVE_WITH_KNOTS('',1,(#694,#695),.UNSPECIFIED.,.F.,.F.,
  (2,2),(0.,1.595314381586E-02),.PIECEWISE_BEZIER_KNOTS.);
#694 = CARTESIAN_POINT('',(0.,0.));
#695 = CARTESIAN_POINT('',(1.595314381586E-02,0.));
#696 = ( GEOMETRIC_REPRESENTATION_CONTEXT(2) 
PARAMETRIC_REPRESENTATION_CONTEXT() REPRESENTATION_CONTEXT('2D SPACE',''
  ) );
#697 = PCURVE('',#556,#698);
#698 = DEFINITIONAL_REPRESENTATION('',(#699),#702);
#699 = B_SPLINE_CURVE_WITH_KNOTS('',1,(#700,#701),.UNSPECIFIED.,.F.,.F.,
  (2,2),(0.,1.595314381586E-02),.PIECEWISE_BEZIER_KNOTS.);
#700 = CARTESIAN_POINT('',(-7.848702062546E-03,-4.819598467363E-03));
#701 = CARTESIAN_POINT('',(8.104356413425E-03,-4.767417324302E-03));
#702 = ( GEOMETRIC_REPRESENTATION_CONTEXT(2) 
PARAMETRIC_REPRESENTATION_CONTEXT() REPRESENTATION_CONTEXT('2D SPACE',''
  ) );
#703 = ADVANCED_FACE('',(#704),#477,.T.);
#704 = FACE_BOUND('',#705,.T.);
#705 = EDGE_LOOP('',(#706,#707,#728,#729));
#706 = ORIENTED_EDGE('',*,*,#665,.T.);
#707 = ORIENTED_EDGE('',*,*,#708,.T.);
#708 = EDGE_CURVE('',#646,#459,#709,.T.);
#709 = SURFACE_CURVE('',#710,(#714,#721),.PCURVE_S1.);
#710 = ( BOUNDED_CURVE() B_SPLINE_CURVE(2,(#711,#712,#713),
.UNSPECIFIED.,.F.,.F.) B_SPLINE_CURVE_WITH_KNOTS((3,3),(3.143833920953,
3.444085873625),.PIECEWISE_BEZIER_KNOTS.) CURVE() 
GEOMETRIC_REPRESENTATION_ITEM() RATIONAL_B_SPLINE_CURVE((1.,
0.988752244422,1.)) REPRESENTATION_ITEM('') );
#711 = CARTESIAN_POINT('',(22.126317338439,7.244142809105,
    19.200817483812));
#712 = CARTESIAN_POINT('',(21.030538781733,10.591059720773,
    19.200817483812));
#713 = CARTESIAN_POINT('',(18.993896016725,13.46415382064,
    19.200817483812));
#714 = PCURVE('',#477,#715);
#715 = DEFINITIONAL_REPRESENTATION('',(#716),#720);
#716 = B_SPLINE_CURVE_WITH_KNOTS('',2,(#717,#718,#719),.UNSPECIFIED.,.F.
  ,.F.,(3,3),(3.143833920953,3.444085873625),.PIECEWISE_BEZIER_KNOTS.);
#717 = CARTESIAN_POINT('',(3.143833920953,-4.770528411213E-03));
#718 = CARTESIAN_POINT('',(3.293959897289,-4.770528411213E-03));
#719 = CARTESIAN_POINT('',(3.444085873625,-4.770528411213E-03));
#720 = ( GEOMETRIC_REPRESENTATION_CONTEXT(2) 
PARAMETRIC_REPRESENTATION_CONTEXT() REPRESENTATION_CONTEXT('2D SPACE',''
  ) );
#721 = PCURVE('',#505,#722);
#722 = DEFINITIONAL_REPRESENTATION('',(#723),#727);
#723 = ( BOUNDED_CURVE() B_SPLINE_CURVE(2,(#724,#725,#726),
.UNSPECIFIED.,.F.,.F.) B_SPLINE_CURVE_WITH_KNOTS((3,3),(3.143833920953,
3.444085873625),.PIECEWISE_BEZIER_KNOTS.) CURVE() 
GEOMETRIC_REPRESENTATION_ITEM() RATIONAL_B_SPLINE_CURVE((1.,
0.988752244422,1.)) REPRESENTATION_ITEM('') );
#724 = CARTESIAN_POINT('',(8.104356413425E-03,-4.767417324302E-03));
#725 = CARTESIAN_POINT('',(8.11224954573E-03,-1.245695989867E-03));
#726 = CARTESIAN_POINT('',(9.161377015459E-03,2.116136101598E-03));
#727 = ( GEOMETRIC_REPRESENTATION_CONTEXT(2) 
PARAMETRIC_REPRESENTATION_CONTEXT() REPRESENTATION_CONTEXT('2D SPACE',''
  ) );
#728 = ORIENTED_EDGE('',*,*,#456,.F.);
#729 = ORIENTED_EDGE('',*,*,#730,.F.);
#730 = EDGE_CURVE('',#666,#457,#731,.T.);
#731 = SURFACE_CURVE('',#732,(#736,#743),.PCURVE_S1.);
#732 = ( BOUNDED_CURVE() B_SPLINE_CURVE(2,(#733,#734,#735),
.UNSPECIFIED.,.F.,.F.) B_SPLINE_CURVE_WITH_KNOTS((3,3),(3.143833920953,
3.444085873625),.PIECEWISE_BEZIER_KNOTS.) CURVE() 
GEOMETRIC_REPRESENTATION_ITEM() RATIONAL_B_SPLINE_CURVE((1.,
0.988752244422,1.)) REPRESENTATION_ITEM('') );
#733 = CARTESIAN_POINT('',(22.126317338439,7.244142809105,
    14.430289072599));
#734 = CARTESIAN_POINT('',(21.030538781733,10.591059720773,
    14.430289072599));
#735 = CARTESIAN_POINT('',(18.993896016725,13.46415382064,
    14.430289072599));
#736 = PCURVE('',#477,#737);
#737 = DEFINITIONAL_REPRESENTATION('',(#738),#742);
#738 = B_SPLINE_CURVE_WITH_KNOTS('',2,(#739,#740,#741),.UNSPECIFIED.,.F.
  ,.F.,(3,3),(3.143833920953,3.444085873625),.PIECEWISE_BEZIER_KNOTS.);
#739 = CARTESIAN_POINT('',(3.143833920953,0.));
#740 = CARTESIAN_POINT('',(3.293959897289,0.));
#741 = CARTESIAN_POINT('',(3.444085873625,0.));
#742 = ( GEOMETRIC_REPRESENTATION_CONTEXT(2) 
PARAMETRIC_REPRESENTATION_CONTEXT() REPRESENTATION_CONTEXT('2D SPACE',''
  ) );
#743 = PCURVE('',#556,#744);
#744 = DEFINITIONAL_REPRESENTATION('',(#745),#749);
#745 = ( BOUNDED_CURVE() B_SPLINE_CURVE(2,(#746,#747,#748),
.UNSPECIFIED.,.F.,.F.) B_SPLINE_CURVE_WITH_KNOTS((3,3),(3.143833920953,
3.444085873625),.PIECEWISE_BEZIER_KNOTS.) CURVE() 
GEOMETRIC_REPRESENTATION_ITEM() RATIONAL_B_SPLINE_CURVE((1.,
0.988752244422,1.)) REPRESENTATION_ITEM('') );
#746 = CARTESIAN_POINT('',(8.104356413425E-03,-4.767417324302E-03));
#747 = CARTESIAN_POINT('',(8.11224954573E-03,-1.245695989867E-03));
#748 = CARTESIAN_POINT('',(9.161377015459E-03,2.116136101598E-03));
#749 = ( GEOMETRIC_REPRESENTATION_CONTEXT(2) 
PARAMETRIC_REPRESENTATION_CONTEXT() REPRESENTATION_CONTEXT('2D SPACE',''
  ) );
#750 = ADVANCED_FACE('',(#751),#556,.T.);
#751 = FACE_BOUND('',#752,.T.);
#752 = EDGE_LOOP('',(#753,#754,#755,#756));
#753 = ORIENTED_EDGE('',*,*,#544,.T.);
#754 = ORIENTED_EDGE('',*,*,#620,.T.);
#755 = ORIENTED_EDGE('',*,*,#686,.T.);
#756 = ORIENTED_EDGE('',*,*,#730,.T.);
#757 = ADVANCED_FACE('',(#758),#505,.F.);
#758 = FACE_BOUND('',#759,.F.);
#759 = EDGE_LOOP('',(#760,#761,#762,#763));
#760 = ORIENTED_EDGE('',*,*,#491,.T.);
#761 = ORIENTED_EDGE('',*,*,#571,.T.);
#762 = ORIENTED_EDGE('',*,*,#645,.T.);
#763 = ORIENTED_EDGE('',*,*,#708,.T.);
#764 = ( GEOMETRIC_REPRESENTATION_CONTEXT(3) 
GLOBAL_UNCERTAINTY_ASSIGNED_CONTEXT((#768)) GLOBAL_UNIT_ASSIGNED_CONTEXT
((#765,#766,#767)) REPRESENTATION_CONTEXT('Context #1',
  '3D Context with UNIT and UNCERTAINTY') );
#765 = ( LENGTH_UNIT() NAMED_UNIT(*) SI_UNIT(.MILLI.,.METRE.) );
#766 = ( NAMED_UNIT(*) PLANE_ANGLE_UNIT() SI_UNIT($,.RADIAN.) );
#767 = ( NAMED_UNIT(*) SI_UNIT($,.STERADIAN.) SOLID_ANGLE_UNIT() );
#768 = UNCERTAINTY_MEASURE_WITH_UNIT(LENGTH_MEASURE(1.E-04),#765,
  'distance_accuracy_value','confusion accuracy');
#769 = CONTEXT_DEPENDENT_SHAPE_REPRESENTATION(#770,#772);
#770 = ( REPRESENTATION_RELATIONSHIP('','',#449,#10) 
REPRESENTATION_RELATIONSHIP_WITH_TRANSFORMATION(#771) 
SHAPE_REPRESENTATION_RELATIONSHIP() );
#771 = ITEM_DEFINED_TRANSFORMATION('','',#11,#19);
#772 = PRODUCT_DEFINITION_SHAPE('Placement','Placement of an item',#773
  );
#773 = NEXT_ASSEMBLY_USAGE_OCCURRENCE('7780','','',#5,#444,$);
#774 = PRODUCT_RELATED_PRODUCT_CATEGORY('part',$,(#446));
#775 = SHAPE_DEFINITION_REPRESENTATION(#776,#782);
#776 = PRODUCT_DEFINITION_SHAPE('','',#777);
#777 = PRODUCT_DEFINITION('design','',#778,#781);
#778 = PRODUCT_DEFINITION_FORMATION('','',#779);
#779 = PRODUCT('Open CASCADE STEP translator 7.8 200.3',
  'Open CASCADE STEP translator 7.8 200.3','',(#780));
#780 = PRODUCT_CONTEXT('',#2,'mechanical');
#781 = PRODUCT_DEFINITION_CONTEXT('part definition',#2,'design');
#782 = ADVANCED_BREP_SHAPE_REPRESENTATION('',(#11,#783),#1097);
#783 = MANIFOLD_SOLID_BREP('',#784);
#784 = CLOSED_SHELL('',(#785,#899,#973,#1036,#1083,#1090));
#785 = ADVANCED_FACE('',(#786),#799,.T.);
#786 = FACE_BOUND('',#787,.T.);
#787 = EDGE_LOOP('',(#788,#823,#848,#876));
#788 = ORIENTED_EDGE('',*,*,#789,.T.);
#789 = EDGE_CURVE('',#790,#792,#794,.T.);
#790 = VERTEX_POINT('',#791);
#791 = CARTESIAN_POINT('',(13.903616231082,18.674607886078,
    14.430289072599));
#792 = VERTEX_POINT('',#793);
#793 = CARTESIAN_POINT('',(13.903616231082,18.674607886078,
    19.200817483812));
#794 = SURFACE_CURVE('',#795,(#798,#809),.PCURVE_S1.);
#795 = B_SPLINE_CURVE_WITH_KNOTS('',1,(#796,#797),.UNSPECIFIED.,.F.,.F.,
  (2,2),(0.,4.770528411213E-03),.PIECEWISE_BEZIER_KNOTS.);
#796 = CARTESIAN_POINT('',(13.903616231082,18.674607886078,
    14.430289072599));
#797 = CARTESIAN_POINT('',(13.903616231082,18.674607886078,
    19.200817483812));
#798 = PCURVE('',#799,#804);
#799 = B_SPLINE_SURFACE_WITH_KNOTS('',1,1,(
    (#800,#801)
    ,(#802,#803
    )),.UNSPECIFIED.,.F.,.F.,.F.,(2,2),(2,2),(0.,1.595314381586E-02),(
    -4.770528411213E-03,0.),.PIECEWISE_BEZIER_KNOTS.);
#800 = CARTESIAN_POINT('',(13.903616231082,18.674607886078,
    19.200817483812));
#801 = CARTESIAN_POINT('',(13.903616231082,18.674607886078,
    14.430289072599));
#802 = CARTESIAN_POINT('',(23.359884950957,31.523023333399,
    19.200817483812));
#803 = CARTESIAN_POINT('',(23.359884950957,31.523023333399,
    14.430289072599));
#804 = DEFINITIONAL_REPRESENTATION('',(#805),#808);
#805 = B_SPLINE_CURVE_WITH_KNOTS('',1,(#806,#807),.UNSPECIFIED.,.F.,.F.,
  (2,2),(0.,4.770528411213E-03),.PIECEWISE_BEZIER_KNOTS.);
#806 = CARTESIAN_POINT('',(0.,0.));
#807 = CARTESIAN_POINT('',(0.,-4.770528411213E-03));
#808 = ( GEOMETRIC_REPRESENTATION_CONTEXT(2) 
PARAMETRIC_REPRESENTATION_CONTEXT() REPRESENTATION_CONTEXT('2D SPACE',''
  ) );
#809 = PCURVE('',#810,#817);
#810 = ( BOUNDED_SURFACE() B_SPLINE_SURFACE(2,1,(
    (#811,#812)
    ,(#813,#814)
,(#815,#816
    )),.UNSPECIFIED.,.F.,.F.,.F.) B_SPLINE_SURFACE_WITH_KNOTS((3,3),(2,2
    ),(3.143833920953,3.444085873625),(-4.770528411213E-03,0.),
.PIECEWISE_BEZIER_KNOTS.) GEOMETRIC_REPRESENTATION_ITEM() 
RATIONAL_B_SPLINE_SURFACE((
    (1.,1.)
    ,(0.988752244422,0.988752244422)
,(1.,1.))) REPRESENTATION_ITEM('') SURFACE() );
#811 = CARTESIAN_POINT('',(18.804815048644,13.726997304082,
    19.200817483812));
#812 = CARTESIAN_POINT('',(18.804815048644,13.726997304082,
    14.430289072599));
#813 = CARTESIAN_POINT('',(16.728413507406,16.571490246329,
    19.200817483812));
#814 = CARTESIAN_POINT('',(16.728413507406,16.571490246329,
    14.430289072599));
#815 = CARTESIAN_POINT('',(13.903616231082,18.674607886078,
    19.200817483812));
#816 = CARTESIAN_POINT('',(13.903616231082,18.674607886078,
    14.430289072599));
#817 = DEFINITIONAL_REPRESENTATION('',(#818),#822);
#818 = B_SPLINE_CURVE_WITH_KNOTS('',2,(#819,#820,#821),.UNSPECIFIED.,.F.
  ,.F.,(3,3),(0.,4.770528411213E-03),.PIECEWISE_BEZIER_KNOTS.);
#819 = CARTESIAN_POINT('',(3.444085873625,0.));
#820 = CARTESIAN_POINT('',(3.444085873625,-2.385264205606E-03));
#821 = CARTESIAN_POINT('',(3.444085873625,-4.770528411213E-03));
#822 = ( GEOMETRIC_REPRESENTATION_CONTEXT(2) 
PARAMETRIC_REPRESENTATION_CONTEXT() REPRESENTATION_CONTEXT('2D SPACE',''
  ) );
#823 = ORIENTED_EDGE('',*,*,#824,.T.);
#824 = EDGE_CURVE('',#792,#825,#827,.T.);
#825 = VERTEX_POINT('',#826);
#826 = CARTESIAN_POINT('',(23.359884950957,31.523023333399,
    19.200817483812));
#827 = SURFACE_CURVE('',#828,(#831,#837),.PCURVE_S1.);
#828 = B_SPLINE_CURVE_WITH_KNOTS('',1,(#829,#830),.UNSPECIFIED.,.F.,.F.,
  (2,2),(0.,1.595314381586E-02),.PIECEWISE_BEZIER_KNOTS.);
#829 = CARTESIAN_POINT('',(13.903616231082,18.674607886078,
    19.200817483812));
#830 = CARTESIAN_POINT('',(23.359884950957,31.523023333399,
    19.200817483812));
#831 = PCURVE('',#799,#832);
#832 = DEFINITIONAL_REPRESENTATION('',(#833),#836);
#833 = B_SPLINE_CURVE_WITH_KNOTS('',1,(#834,#835),.UNSPECIFIED.,.F.,.F.,
  (2,2),(0.,1.595314381586E-02),.PIECEWISE_BEZIER_KNOTS.);
#834 = CARTESIAN_POINT('',(0.,-4.770528411213E-03));
#835 = CARTESIAN_POINT('',(1.595314381586E-02,-4.770528411213E-03));
#836 = ( GEOMETRIC_REPRESENTATION_CONTEXT(2) 
PARAMETRIC_REPRESENTATION_CONTEXT() REPRESENTATION_CONTEXT('2D SPACE',''
  ) );
#837 = PCURVE('',#838,#843);
#838 = B_SPLINE_SURFACE_WITH_KNOTS('',1,1,(
    (#839,#840)
    ,(#841,#842
    )),.UNSPECIFIED.,.F.,.F.,.F.,(2,2),(2,2),(-7.848702062546E-03,
    9.161377015459E-03),(-4.819598467363E-03,6.952467254013E-03),
  .PIECEWISE_BEZIER_KNOTS.);
#839 = CARTESIAN_POINT('',(31.741781774301,23.061754373695,
    19.200817483812));
#840 = CARTESIAN_POINT('',(24.822335154258,32.585555601188,
    19.200817483812));
#841 = CARTESIAN_POINT('',(17.980338724533,13.063480751315,
    19.200817483812));
#842 = CARTESIAN_POINT('',(11.06089210449,22.587281978807,
    19.200817483812));
#843 = DEFINITIONAL_REPRESENTATION('',(#844),#847);
#844 = B_SPLINE_CURVE_WITH_KNOTS('',1,(#845,#846),.UNSPECIFIED.,.F.,.F.,
  (2,2),(0.,1.595314381586E-02),.PIECEWISE_BEZIER_KNOTS.);
#845 = CARTESIAN_POINT('',(9.161377015459E-03,2.116136101598E-03));
#846 = CARTESIAN_POINT('',(-6.041014197558E-03,6.952467254013E-03));
#847 = ( GEOMETRIC_REPRESENTATION_CONTEXT(2) 
PARAMETRIC_REPRESENTATION_CONTEXT() REPRESENTATION_CONTEXT('2D SPACE',''
  ) );
#848 = ORIENTED_EDGE('',*,*,#849,.F.);
#849 = EDGE_CURVE('',#850,#825,#852,.T.);
#850 = VERTEX_POINT('',#851);
#851 = CARTESIAN_POINT('',(23.359884950957,31.523023333399,
    14.430289072599));
#852 = SURFACE_CURVE('',#853,(#856,#862),.PCURVE_S1.);
#853 = B_SPLINE_CURVE_WITH_KNOTS('',1,(#854,#855),.UNSPECIFIED.,.F.,.F.,
  (2,2),(0.,4.770528411213E-03),.PIECEWISE_BEZIER_KNOTS.);
#854 = CARTESIAN_POINT('',(23.359884950957,31.523023333399,
    14.430289072599));
#855 = CARTESIAN_POINT('',(23.359884950957,31.523023333399,
    19.200817483812));
#856 = PCURVE('',#799,#857);
#857 = DEFINITIONAL_REPRESENTATION('',(#858),#861);
#858 = B_SPLINE_CURVE_WITH_KNOTS('',1,(#859,#860),.UNSPECIFIED.,.F.,.F.,
  (2,2),(0.,4.770528411213E-03),.PIECEWISE_BEZIER_KNOTS.);
#859 = CARTESIAN_POINT('',(1.595314381586E-02,0.));
#860 = CARTESIAN_POINT('',(1.595314381586E-02,-4.770528411213E-03));
#861 = ( GEOMETRIC_REPRESENTATION_CONTEXT(2) 
PARAMETRIC_REPRESENTATION_CONTEXT() REPRESENTATION_CONTEXT('2D SPACE',''
  ) );
#862 = PCURVE('',#863,#870);
#863 = ( BOUNDED_SURFACE() B_SPLINE_SURFACE(2,1,(
    (#864,#865)
    ,(#866,#867)
,(#868,#869
    )),.UNSPECIFIED.,.F.,.F.,.F.) B_SPLINE_SURFACE_WITH_KNOTS((3,3),(2,2
    ),(5.978450819781,6.28318530718),(-4.770528411213E-03,0.),
.PIECEWISE_BEZIER_KNOTS.) GEOMETRIC_REPRESENTATION_ITEM() 
RATIONAL_B_SPLINE_SURFACE((
    (1.,1.)
    ,(0.988414551331,0.988414551331)
,(1.,1.))) REPRESENTATION_ITEM('') SURFACE() );
#864 = CARTESIAN_POINT('',(23.359884950957,31.523023333399,
    19.200817483812));
#865 = CARTESIAN_POINT('',(23.359884950957,31.523023333399,
    14.430289072599));
#866 = CARTESIAN_POINT('',(28.200478615335,27.935940016604,
    19.200817483812));
#867 = CARTESIAN_POINT('',(28.200478615335,27.935940016604,
    14.430289072599));
#868 = CARTESIAN_POINT('',(31.741781774301,23.061754373695,
    19.200817483812));
#869 = CARTESIAN_POINT('',(31.741781774301,23.061754373695,
    14.430289072599));
#870 = DEFINITIONAL_REPRESENTATION('',(#871),#875);
#871 = B_SPLINE_CURVE_WITH_KNOTS('',2,(#872,#873,#874),.UNSPECIFIED.,.F.
  ,.F.,(3,3),(0.,4.770528411213E-03),.PIECEWISE_BEZIER_KNOTS.);
#872 = CARTESIAN_POINT('',(5.978450819781,0.));
#873 = CARTESIAN_POINT('',(5.978450819781,-2.385264205606E-03));
#874 = CARTESIAN_POINT('',(5.978450819781,-4.770528411213E-03));
#875 = ( GEOMETRIC_REPRESENTATION_CONTEXT(2) 
PARAMETRIC_REPRESENTATION_CONTEXT() REPRESENTATION_CONTEXT('2D SPACE',''
  ) );
#876 = ORIENTED_EDGE('',*,*,#877,.F.);
#877 = EDGE_CURVE('',#790,#850,#878,.T.);
#878 = SURFACE_CURVE('',#879,(#882,#888),.PCURVE_S1.);
#879 = B_SPLINE_CURVE_WITH_KNOTS('',1,(#880,#881),.UNSPECIFIED.,.F.,.F.,
  (2,2),(0.,1.595314381586E-02),.PIECEWISE_BEZIER_KNOTS.);
#880 = CARTESIAN_POINT('',(13.903616231082,18.674607886078,
    14.430289072599));
#881 = CARTESIAN_POINT('',(23.359884950957,31.523023333399,
    14.430289072599));
#882 = PCURVE('',#799,#883);
#883 = DEFINITIONAL_REPRESENTATION('',(#884),#887);
#884 = B_SPLINE_CURVE_WITH_KNOTS('',1,(#885,#886),.UNSPECIFIED.,.F.,.F.,
  (2,2),(0.,1.595314381586E-02),.PIECEWISE_BEZIER_KNOTS.);
#885 = CARTESIAN_POINT('',(0.,0.));
#886 = CARTESIAN_POINT('',(1.595314381586E-02,0.));
#887 = ( GEOMETRIC_REPRESENTATION_CONTEXT(2) 
PARAMETRIC_REPRESENTATION_CONTEXT() REPRESENTATION_CONTEXT('2D SPACE',''
  ) );
#888 = PCURVE('',#889,#894);
#889 = B_SPLINE_SURFACE_WITH_KNOTS('',1,1,(
    (#890,#891)
    ,(#892,#893
    )),.UNSPECIFIED.,.F.,.F.,.F.,(2,2),(2,2),(-7.848702062546E-03,
    9.161377015459E-03),(-4.819598467363E-03,6.952467254013E-03),
  .PIECEWISE_BEZIER_KNOTS.);
#890 = CARTESIAN_POINT('',(31.741781774301,23.061754373695,
    14.430289072599));
#891 = CARTESIAN_POINT('',(24.822335154258,32.585555601188,
    14.430289072599));
#892 = CARTESIAN_POINT('',(17.980338724533,13.063480751315,
    14.430289072599));
#893 = CARTESIAN_POINT('',(11.06089210449,22.587281978807,
    14.430289072599));
#894 = DEFINITIONAL_REPRESENTATION('',(#895),#898);
#895 = B_SPLINE_CURVE_WITH_KNOTS('',1,(#896,#897),.UNSPECIFIED.,.F.,.F.,
  (2,2),(0.,1.595314381586E-02),.PIECEWISE_BEZIER_KNOTS.);
#896 = CARTESIAN_POINT('',(9.161377015459E-03,2.116136101598E-03));
#897 = CARTESIAN_POINT('',(-6.041014197558E-03,6.952467254013E-03));
#898 = ( GEOMETRIC_REPRESENTATION_CONTEXT(2) 
PARAMETRIC_REPRESENTATION_CONTEXT() REPRESENTATION_CONTEXT('2D SPACE',''
  ) );
#899 = ADVANCED_FACE('',(#900),#863,.T.);
#900 = FACE_BOUND('',#901,.T.);
#901 = EDGE_LOOP('',(#902,#903,#926,#952));
#902 = ORIENTED_EDGE('',*,*,#849,.T.);
#903 = ORIENTED_EDGE('',*,*,#904,.T.);
#904 = EDGE_CURVE('',#825,#905,#907,.T.);
#905 = VERTEX_POINT('',#906);
#906 = CARTESIAN_POINT('',(31.741781774301,23.061754373695,
    19.200817483812));
#907 = SURFACE_CURVE('',#908,(#912,#919),.PCURVE_S1.);
#908 = ( BOUNDED_CURVE() B_SPLINE_CURVE(2,(#909,#910,#911),
.UNSPECIFIED.,.F.,.F.) B_SPLINE_CURVE_WITH_KNOTS((3,3),(5.978450819781,
6.28318530718),.PIECEWISE_BEZIER_KNOTS.) CURVE() 
GEOMETRIC_REPRESENTATION_ITEM() RATIONAL_B_SPLINE_CURVE((1.,
0.988414551331,1.)) REPRESENTATION_ITEM('') );
#909 = CARTESIAN_POINT('',(23.359884950957,31.523023333399,
    19.200817483812));
#910 = CARTESIAN_POINT('',(28.200478615335,27.935940016604,
    19.200817483812));
#911 = CARTESIAN_POINT('',(31.741781774301,23.061754373695,
    19.200817483812));
#912 = PCURVE('',#863,#913);
#913 = DEFINITIONAL_REPRESENTATION('',(#914),#918);
#914 = B_SPLINE_CURVE_WITH_KNOTS('',2,(#915,#916,#917),.UNSPECIFIED.,.F.
  ,.F.,(3,3),(5.978450819781,6.28318530718),.PIECEWISE_BEZIER_KNOTS.);
#915 = CARTESIAN_POINT('',(5.978450819781,-4.770528411213E-03));
#916 = CARTESIAN_POINT('',(6.13081806348,-4.770528411213E-03));
#917 = CARTESIAN_POINT('',(6.28318530718,-4.770528411213E-03));
#918 = ( GEOMETRIC_REPRESENTATION_CONTEXT(2) 
PARAMETRIC_REPRESENTATION_CONTEXT() REPRESENTATION_CONTEXT('2D SPACE',''
  ) );
#919 = PCURVE('',#838,#920);
#920 = DEFINITIONAL_REPRESENTATION('',(#921),#925);
#921 = ( BOUNDED_CURVE() B_SPLINE_CURVE(2,(#922,#923,#924),
.UNSPECIFIED.,.F.,.F.) B_SPLINE_CURVE_WITH_KNOTS((3,3),(5.978450819781,
6.28318530718),.PIECEWISE_BEZIER_KNOTS.) CURVE() 
GEOMETRIC_REPRESENTATION_ITEM() RATIONAL_B_SPLINE_CURVE((1.,
0.988414551331,1.)) REPRESENTATION_ITEM('') );
#922 = CARTESIAN_POINT('',(-6.041014197558E-03,6.952467254013E-03));
#923 = CARTESIAN_POINT('',(-7.848702062546E-03,1.205226322226E-03));
#924 = CARTESIAN_POINT('',(-7.848702062546E-03,-4.819598467363E-03));
#925 = ( GEOMETRIC_REPRESENTATION_CONTEXT(2) 
PARAMETRIC_REPRESENTATION_CONTEXT() REPRESENTATION_CONTEXT('2D SPACE',''
  ) );
#926 = ORIENTED_EDGE('',*,*,#927,.F.);
#927 = EDGE_CURVE('',#928,#905,#930,.T.);
#928 = VERTEX_POINT('',#929);
#929 = CARTESIAN_POINT('',(31.741781774301,23.061754373695,
    14.430289072599));
#930 = SURFACE_CURVE('',#931,(#934,#941),.PCURVE_S1.);
#931 = B_SPLINE_CURVE_WITH_KNOTS('',1,(#932,#933),.UNSPECIFIED.,.F.,.F.,
  (2,2),(0.,4.770528411213E-03),.PIECEWISE_BEZIER_KNOTS.);
#932 = CARTESIAN_POINT('',(31.741781774301,23.061754373695,
    14.430289072599));
#933 = CARTESIAN_POINT('',(31.741781774301,23.061754373695,
    19.200817483812));
#934 = PCURVE('',#863,#935);
#935 = DEFINITIONAL_REPRESENTATION('',(#936),#940);
#936 = B_SPLINE_CURVE_WITH_KNOTS('',2,(#937,#938,#939),.UNSPECIFIED.,.F.
  ,.F.,(3,3),(0.,4.770528411213E-03),.PIECEWISE_BEZIER_KNOTS.);
#937 = CARTESIAN_POINT('',(6.28318530718,0.));
#938 = CARTESIAN_POINT('',(6.28318530718,-2.385264205606E-03));
#939 = CARTESIAN_POINT('',(6.28318530718,-4.770528411213E-03));
#940 = ( GEOMETRIC_REPRESENTATION_CONTEXT(2) 
PARAMETRIC_REPRESENTATION_CONTEXT() REPRESENTATION_CONTEXT('2D SPACE',''
  ) );
#941 = PCURVE('',#942,#947);
#942 = B_SPLINE_SURFACE_WITH_KNOTS('',1,1,(
    (#943,#944)
    ,(#945,#946
    )),.UNSPECIFIED.,.F.,.F.,.F.,(2,2),(2,2),(0.,1.595314381586E-02),(
    -4.770528411213E-03,0.),.PIECEWISE_BEZIER_KNOTS.);
#943 = CARTESIAN_POINT('',(31.741781774301,23.061754373695,
    19.200817483812));
#944 = CARTESIAN_POINT('',(31.741781774301,23.061754373695,
    14.430289072599));
#945 = CARTESIAN_POINT('',(18.804815048644,13.726997304082,
    19.200817483812));
#946 = CARTESIAN_POINT('',(18.804815048644,13.726997304082,
    14.430289072599));
#947 = DEFINITIONAL_REPRESENTATION('',(#948),#951);
#948 = B_SPLINE_CURVE_WITH_KNOTS('',1,(#949,#950),.UNSPECIFIED.,.F.,.F.,
  (2,2),(0.,4.770528411213E-03),.PIECEWISE_BEZIER_KNOTS.);
#949 = CARTESIAN_POINT('',(0.,0.));
#950 = CARTESIAN_POINT('',(0.,-4.770528411213E-03));
#951 = ( GEOMETRIC_REPRESENTATION_CONTEXT(2) 
PARAMETRIC_REPRESENTATION_CONTEXT() REPRESENTATION_CONTEXT('2D SPACE',''
  ) );
#952 = ORIENTED_EDGE('',*,*,#953,.F.);
#953 = EDGE_CURVE('',#850,#928,#954,.T.);
#954 = SURFACE_CURVE('',#955,(#959,#966),.PCURVE_S1.);
#955 = ( BOUNDED_CURVE() B_SPLINE_CURVE(2,(#956,#957,#958),
.UNSPECIFIED.,.F.,.F.) B_SPLINE_CURVE_WITH_KNOTS((3,3),(5.978450819781,
6.28318530718),.PIECEWISE_BEZIER_KNOTS.) CURVE() 
GEOMETRIC_REPRESENTATION_ITEM() RATIONAL_B_SPLINE_CURVE((1.,
0.988414551331,1.)) REPRESENTATION_ITEM('') );
#956 = CARTESIAN_POINT('',(23.359884950957,31.523023333399,
    14.430289072599));
#957 = CARTESIAN_POINT('',(28.200478615335,27.935940016604,
    14.430289072599));
#958 = CARTESIAN_POINT('',(31.741781774301,23.061754373695,
    14.430289072599));
#959 = PCURVE('',#863,#960);
#960 = DEFINITIONAL_REPRESENTATION('',(#961),#965);
#961 = B_SPLINE_CURVE_WITH_KNOTS('',2,(#962,#963,#964),.UNSPECIFIED.,.F.
  ,.F.,(3,3),(5.978450819781,6.28318530718),.PIECEWISE_BEZIER_KNOTS.);
#962 = CARTESIAN_POINT('',(5.978450819781,0.));
#963 = CARTESIAN_POINT('',(6.13081806348,0.));
#964 = CARTESIAN_POINT('',(6.28318530718,0.));
#965 = ( GEOMETRIC_REPRESENTATION_CONTEXT(2) 
PARAMETRIC_REPRESENTATION_CONTEXT() REPRESENTATION_CONTEXT('2D SPACE',''
  ) );
#966 = PCURVE('',#889,#967);
#967 = DEFINITIONAL_REPRESENTATION('',(#968),#972);
#968 = ( BOUNDED_CURVE() B_SPLINE_CURVE(2,(#969,#970,#971),
.UNSPECIFIED.,.F.,.F.) B_SPLINE_CURVE_WITH_KNOTS((3,3),(5.978450819781,
6.28318530718),.PIECEWISE_BEZIER_KNOTS.) CURVE() 
GEOMETRIC_REPRESENTATION_ITEM() RATIONAL_B_SPLINE_CURVE((1.,
0.988414551331,1.)) REPRESENTATION_ITEM('') );
#969 = CARTESIAN_POINT('',(-6.041014197558E-03,6.952467254013E-03));
#970 = CARTESIAN_POINT('',(-7.848702062546E-03,1.205226322226E-03));
#971 = CARTESIAN_POINT('',(-7.848702062546E-03,-4.819598467363E-03));
#972 = ( GEOMETRIC_REPRESENTATION_CONTEXT(2) 
PARAMETRIC_REPRESENTATION_CONTEXT() REPRESENTATION_CONTEXT('2D SPACE',''
  ) );
#973 = ADVANCED_FACE('',(#974),#942,.T.);
#974 = FACE_BOUND('',#975,.T.);
#975 = EDGE_LOOP('',(#976,#977,#997,#1018));
#976 = ORIENTED_EDGE('',*,*,#927,.T.);
#977 = ORIENTED_EDGE('',*,*,#978,.T.);
#978 = EDGE_CURVE('',#905,#979,#981,.T.);
#979 = VERTEX_POINT('',#980);
#980 = CARTESIAN_POINT('',(18.804815048644,13.726997304082,
    19.200817483812));
#981 = SURFACE_CURVE('',#982,(#985,#991),.PCURVE_S1.);
#982 = B_SPLINE_CURVE_WITH_KNOTS('',1,(#983,#984),.UNSPECIFIED.,.F.,.F.,
  (2,2),(0.,1.595314381586E-02),.PIECEWISE_BEZIER_KNOTS.);
#983 = CARTESIAN_POINT('',(31.741781774301,23.061754373695,
    19.200817483812));
#984 = CARTESIAN_POINT('',(18.804815048644,13.726997304082,
    19.200817483812));
#985 = PCURVE('',#942,#986);
#986 = DEFINITIONAL_REPRESENTATION('',(#987),#990);
#987 = B_SPLINE_CURVE_WITH_KNOTS('',1,(#988,#989),.UNSPECIFIED.,.F.,.F.,
  (2,2),(0.,1.595314381586E-02),.PIECEWISE_BEZIER_KNOTS.);
#988 = CARTESIAN_POINT('',(0.,-4.770528411213E-03));
#989 = CARTESIAN_POINT('',(1.595314381586E-02,-4.770528411213E-03));
#990 = ( GEOMETRIC_REPRESENTATION_CONTEXT(2) 
PARAMETRIC_REPRESENTATION_CONTEXT() REPRESENTATION_CONTEXT('2D SPACE',''
  ) );
#991 = PCURVE('',#838,#992);
#992 = DEFINITIONAL_REPRESENTATION('',(#993),#996);
#993 = B_SPLINE_CURVE_WITH_KNOTS('',1,(#994,#995),.UNSPECIFIED.,.F.,.F.,
  (2,2),(0.,1.595314381586E-02),.PIECEWISE_BEZIER_KNOTS.);
#994 = CARTESIAN_POINT('',(-7.848702062546E-03,-4.819598467363E-03));
#995 = CARTESIAN_POINT('',(8.104356413425E-03,-4.767417324302E-03));
#996 = ( GEOMETRIC_REPRESENTATION_CONTEXT(2) 
PARAMETRIC_REPRESENTATION_CONTEXT() REPRESENTATION_CONTEXT('2D SPACE',''
  ) );
#997 = ORIENTED_EDGE('',*,*,#998,.F.);
#998 = EDGE_CURVE('',#999,#979,#1001,.T.);
#999 = VERTEX_POINT('',#1000);
#1000 = CARTESIAN_POINT('',(18.804815048644,13.726997304082,
    14.430289072599));
#1001 = SURFACE_CURVE('',#1002,(#1005,#1011),.PCURVE_S1.);
#1002 = B_SPLINE_CURVE_WITH_KNOTS('',1,(#1003,#1004),.UNSPECIFIED.,.F.,
  .F.,(2,2),(0.,4.770528411213E-03),.PIECEWISE_BEZIER_KNOTS.);
#1003 = CARTESIAN_POINT('',(18.804815048644,13.726997304082,
    14.430289072599));
#1004 = CARTESIAN_POINT('',(18.804815048644,13.726997304082,
    19.200817483812));
#1005 = PCURVE('',#942,#1006);
#1006 = DEFINITIONAL_REPRESENTATION('',(#1007),#1010);
#1007 = B_SPLINE_CURVE_WITH_KNOTS('',1,(#1008,#1009),.UNSPECIFIED.,.F.,
  .F.,(2,2),(0.,4.770528411213E-03),.PIECEWISE_BEZIER_KNOTS.);
#1008 = CARTESIAN_POINT('',(1.595314381586E-02,0.));
#1009 = CARTESIAN_POINT('',(1.595314381586E-02,-4.770528411213E-03));
#1010 = ( GEOMETRIC_REPRESENTATION_CONTEXT(2) 
PARAMETRIC_REPRESENTATION_CONTEXT() REPRESENTATION_CONTEXT('2D SPACE',''
  ) );
#1011 = PCURVE('',#810,#1012);
#1012 = DEFINITIONAL_REPRESENTATION('',(#1013),#1017);
#1013 = B_SPLINE_CURVE_WITH_KNOTS('',2,(#1014,#1015,#1016),
  .UNSPECIFIED.,.F.,.F.,(3,3),(0.,4.770528411213E-03),
  .PIECEWISE_BEZIER_KNOTS.);
#1014 = CARTESIAN_POINT('',(3.143833920953,0.));
#1015 = CARTESIAN_POINT('',(3.143833920953,-2.385264205606E-03));
#1016 = CARTESIAN_POINT('',(3.143833920953,-4.770528411213E-03));
#1017 = ( GEOMETRIC_REPRESENTATION_CONTEXT(2) 
PARAMETRIC_REPRESENTATION_CONTEXT() REPRESENTATION_CONTEXT('2D SPACE',''
  ) );
#1018 = ORIENTED_EDGE('',*,*,#1019,.F.);
#1019 = EDGE_CURVE('',#928,#999,#1020,.T.);
#1020 = SURFACE_CURVE('',#1021,(#1024,#1030),.PCURVE_S1.);
#1021 = B_SPLINE_CURVE_WITH_KNOTS('',1,(#1022,#1023),.UNSPECIFIED.,.F.,
  .F.,(2,2),(0.,1.595314381586E-02),.PIECEWISE_BEZIER_KNOTS.);
#1022 = CARTESIAN_POINT('',(31.741781774301,23.061754373695,
    14.430289072599));
#1023 = CARTESIAN_POINT('',(18.804815048644,13.726997304082,
    14.430289072599));
#1024 = PCURVE('',#942,#1025);
#1025 = DEFINITIONAL_REPRESENTATION('',(#1026),#1029);
#1026 = B_SPLINE_CURVE_WITH_KNOTS('',1,(#1027,#1028),.UNSPECIFIED.,.F.,
  .F.,(2,2),(0.,1.595314381586E-02),.PIECEWISE_BEZIER_KNOTS.);
#1027 = CARTESIAN_POINT('',(0.,0.));
#1028 = CARTESIAN_POINT('',(1.595314381586E-02,0.));
#1029 = ( GEOMETRIC_REPRESENTATION_CONTEXT(2) 
PARAMETRIC_REPRESENTATION_CONTEXT() REPRESENTATION_CONTEXT('2D SPACE',''
  ) );
#1030 = PCURVE('',#889,#1031);
#1031 = DEFINITIONAL_REPRESENTATION('',(#1032),#1035);
#1032 = B_SPLINE_CURVE_WITH_KNOTS('',1,(#1033,#1034),.UNSPECIFIED.,.F.,
  .F.,(2,2),(0.,1.595314381586E-02),.PIECEWISE_BEZIER_KNOTS.);
#1033 = CARTESIAN_POINT('',(-7.848702062546E-03,-4.819598467363E-03));
#1034 = CARTESIAN_POINT('',(8.104356413425E-03,-4.767417324302E-03));
#1035 = ( GEOMETRIC_REPRESENTATION_CONTEXT(2) 
PARAMETRIC_REPRESENTATION_CONTEXT() REPRESENTATION_CONTEXT('2D SPACE',''
  ) );
#1036 = ADVANCED_FACE('',(#1037),#810,.T.);
#1037 = FACE_BOUND('',#1038,.T.);
#1038 = EDGE_LOOP('',(#1039,#1040,#1061,#1062));
#1039 = ORIENTED_EDGE('',*,*,#998,.T.);
#1040 = ORIENTED_EDGE('',*,*,#1041,.T.);
#1041 = EDGE_CURVE('',#979,#792,#1042,.T.);
#1042 = SURFACE_CURVE('',#1043,(#1047,#1054),.PCURVE_S1.);
#1043 = ( BOUNDED_CURVE() B_SPLINE_CURVE(2,(#1044,#1045,#1046),
.UNSPECIFIED.,.F.,.F.) B_SPLINE_CURVE_WITH_KNOTS((3,3),(3.143833920953,
3.444085873625),.PIECEWISE_BEZIER_KNOTS.) CURVE() 
GEOMETRIC_REPRESENTATION_ITEM() RATIONAL_B_SPLINE_CURVE((1.,
0.988752244422,1.)) REPRESENTATION_ITEM('') );
#1044 = CARTESIAN_POINT('',(18.804815048644,13.726997304082,
    19.200817483812));
#1045 = CARTESIAN_POINT('',(16.728413507406,16.571490246329,
    19.200817483812));
#1046 = CARTESIAN_POINT('',(13.903616231082,18.674607886078,
    19.200817483812));
#1047 = PCURVE('',#810,#1048);
#1048 = DEFINITIONAL_REPRESENTATION('',(#1049),#1053);
#1049 = B_SPLINE_CURVE_WITH_KNOTS('',2,(#1050,#1051,#1052),
  .UNSPECIFIED.,.F.,.F.,(3,3),(3.143833920953,3.444085873625),
  .PIECEWISE_BEZIER_KNOTS.);
#1050 = CARTESIAN_POINT('',(3.143833920953,-4.770528411213E-03));
#1051 = CARTESIAN_POINT('',(3.293959897289,-4.770528411213E-03));
#1052 = CARTESIAN_POINT('',(3.444085873625,-4.770528411213E-03));
#1053 = ( GEOMETRIC_REPRESENTATION_CONTEXT(2) 
PARAMETRIC_REPRESENTATION_CONTEXT() REPRESENTATION_CONTEXT('2D SPACE',''
  ) );
#1054 = PCURVE('',#838,#1055);
#1055 = DEFINITIONAL_REPRESENTATION('',(#1056),#1060);
#1056 = ( BOUNDED_CURVE() B_SPLINE_CURVE(2,(#1057,#1058,#1059),
.UNSPECIFIED.,.F.,.F.) B_SPLINE_CURVE_WITH_KNOTS((3,3),(3.143833920953,
3.444085873625),.PIECEWISE_BEZIER_KNOTS.) CURVE() 
GEOMETRIC_REPRESENTATION_ITEM() RATIONAL_B_SPLINE_CURVE((1.,
0.988752244422,1.)) REPRESENTATION_ITEM('') );
#1057 = CARTESIAN_POINT('',(8.104356413425E-03,-4.767417324302E-03));
#1058 = CARTESIAN_POINT('',(8.11224954573E-03,-1.245695989867E-03));
#1059 = CARTESIAN_POINT('',(9.161377015459E-03,2.116136101598E-03));
#1060 = ( GEOMETRIC_REPRESENTATION_CONTEXT(2) 
PARAMETRIC_REPRESENTATION_CONTEXT() REPRESENTATION_CONTEXT('2D SPACE',''
  ) );
#1061 = ORIENTED_EDGE('',*,*,#789,.F.);
#1062 = ORIENTED_EDGE('',*,*,#1063,.F.);
#1063 = EDGE_CURVE('',#999,#790,#1064,.T.);
#1064 = SURFACE_CURVE('',#1065,(#1069,#1076),.PCURVE_S1.);
#1065 = ( BOUNDED_CURVE() B_SPLINE_CURVE(2,(#1066,#1067,#1068),
.UNSPECIFIED.,.F.,.F.) B_SPLINE_CURVE_WITH_KNOTS((3,3),(3.143833920953,
3.444085873625),.PIECEWISE_BEZIER_KNOTS.) CURVE() 
GEOMETRIC_REPRESENTATION_ITEM() RATIONAL_B_SPLINE_CURVE((1.,
0.988752244422,1.)) REPRESENTATION_ITEM('') );
#1066 = CARTESIAN_POINT('',(18.804815048644,13.726997304082,
    14.430289072599));
#1067 = CARTESIAN_POINT('',(16.728413507406,16.571490246329,
    14.430289072599));
#1068 = CARTESIAN_POINT('',(13.903616231082,18.674607886078,
    14.430289072599));
#1069 = PCURVE('',#810,#1070);
#1070 = DEFINITIONAL_REPRESENTATION('',(#1071),#1075);
#1071 = B_SPLINE_CURVE_WITH_KNOTS('',2,(#1072,#1073,#1074),
  .UNSPECIFIED.,.F.,.F.,(3,3),(3.143833920953,3.444085873625),
  .PIECEWISE_BEZIER_KNOTS.);
#1072 = CARTESIAN_POINT('',(3.143833920953,0.));
#1073 = CARTESIAN_POINT('',(3.293959897289,0.));
#1074 = CARTESIAN_POINT('',(3.444085873625,0.));
#1075 = ( GEOMETRIC_REPRESENTATION_CONTEXT(2) 
PARAMETRIC_REPRESENTATION_CONTEXT() REPRESENTATION_CONTEXT('2D SPACE',''
  ) );
#1076 = PCURVE('',#889,#1077);
#1077 = DEFINITIONAL_REPRESENTATION('',(#1078),#1082);
#1078 = ( BOUNDED_CURVE() B_SPLINE_CURVE(2,(#1079,#1080,#1081),
.UNSPECIFIED.,.F.,.F.) B_SPLINE_CURVE_WITH_KNOTS((3,3),(3.143833920953,
3.444085873625),.PIECEWISE_BEZIER_KNOTS.) CURVE() 
GEOMETRIC_REPRESENTATION_ITEM() RATIONAL_B_SPLINE_CURVE((1.,
0.988752244422,1.)) REPRESENTATION_ITEM('') );
#1079 = CARTESIAN_POINT('',(8.104356413425E-03,-4.767417324302E-03));
#1080 = CARTESIAN_POINT('',(8.11224954573E-03,-1.245695989867E-03));
#1081 = CARTESIAN_POINT('',(9.161377015459E-03,2.116136101598E-03));
#1082 = ( GEOMETRIC_REPRESENTATION_CONTEXT(2) 
PARAMETRIC_REPRESENTATION_CONTEXT() REPRESENTATION_CONTEXT('2D SPACE',''
  ) );
#1083 = ADVANCED_FACE('',(#1084),#889,.T.);
#1084 = FACE_BOUND('',#1085,.T.);
#1085 = EDGE_LOOP('',(#1086,#1087,#1088,#1089));
#1086 = ORIENTED_EDGE('',*,*,#877,.T.);
#1087 = ORIENTED_EDGE('',*,*,#953,.T.);
#1088 = ORIENTED_EDGE('',*,*,#1019,.T.);
#1089 = ORIENTED_EDGE('',*,*,#1063,.T.);
#1090 = ADVANCED_FACE('',(#1091),#838,.F.);
#1091 = FACE_BOUND('',#1092,.F.);
#1092 = EDGE_LOOP('',(#1093,#1094,#1095,#1096));
#1093 = ORIENTED_EDGE('',*,*,#824,.T.);
#1094 = ORIENTED_EDGE('',*,*,#904,.T.);
#1095 = ORIENTED_EDGE('',*,*,#978,.T.);
#1096 = ORIENTED_EDGE('',*,*,#1041,.T.);
#1097 = ( GEOMETRIC_REPRESENTATION_CONTEXT(3) 
GLOBAL_UNCERTAINTY_ASSIGNED_CONTEXT((#1101)) 
GLOBAL_UNIT_ASSIGNED_CONTEXT((#1098,#1099,#1100)) REPRESENTATION_CONTEXT
('Context #1','3D Context with UNIT and UNCERTAINTY') );
#1098 = ( LENGTH_UNIT() NAMED_UNIT(*) SI_UNIT(.MILLI.,.METRE.) );
#1099 = ( NAMED_UNIT(*) PLANE_ANGLE_UNIT() SI_UNIT($,.RADIAN.) );
#1100 = ( NAMED_UNIT(*) SI_UNIT($,.STERADIAN.) SOLID_ANGLE_UNIT() );
#1101 = UNCERTAINTY_MEASURE_WITH_UNIT(LENGTH_MEASURE(1.E-04),#1098,
  'distance_accuracy_value','confusion accuracy');
#1102 = CONTEXT_DEPENDENT_SHAPE_REPRESENTATION(#1103,#1105);
#1103 = ( REPRESENTATION_RELATIONSHIP('','',#782,#10) 
REPRESENTATION_RELATIONSHIP_WITH_TRANSFORMATION(#1104) 
SHAPE_REPRESENTATION_RELATIONSHIP() );
#1104 = ITEM_DEFINED_TRANSFORMATION('','',#11,#23);
#1105 = PRODUCT_DEFINITION_SHAPE('Placement','Placement of an item',
  #1106);
#1106 = NEXT_ASSEMBLY_USAGE_OCCURRENCE('7781','','',#5,#777,$);
#1107 = PRODUCT_RELATED_PRODUCT_CATEGORY('part',$,(#779));
#1108 = SHAPE_DEFINITION_REPRESENTATION(#1109,#1115);
#1109 = PRODUCT_DEFINITION_SHAPE('','',#1110);
#1110 = PRODUCT_DEFINITION('design','',#1111,#1114);
#1111 = PRODUCT_DEFINITION_FORMATION('','',#1112);
#1112 = PRODUCT('Open CASCADE STEP translator 7.8 200.4',
  'Open CASCADE STEP translator 7.8 200.4','',(#1113));
#1113 = PRODUCT_CONTEXT('',#2,'mechanical');
#1114 = PRODUCT_DEFINITION_CONTEXT('part definition',#2,'design');
#1115 = ADVANCED_BREP_SHAPE_REPRESENTATION('',(#11,#1116),#1430);
#1116 = MANIFOLD_SOLID_BREP('',#1117);
#1117 = CLOSED_SHELL('',(#1118,#1232,#1306,#1369,#1416,#1423));
#1118 = ADVANCED_FACE('',(#1119),#1132,.T.);
#1119 = FACE_BOUND('',#1120,.T.);
#1120 = EDGE_LOOP('',(#1121,#1156,#1181,#1209));
#1121 = ORIENTED_EDGE('',*,*,#1122,.T.);
#1122 = EDGE_CURVE('',#1123,#1125,#1127,.T.);
#1123 = VERTEX_POINT('',#1124);
#1124 = CARTESIAN_POINT('',(7.452353616551,22.057061217984,
    14.430289072599));
#1125 = VERTEX_POINT('',#1126);
#1126 = CARTESIAN_POINT('',(7.452353616551,22.057061217984,
    19.200817483812));
#1127 = SURFACE_CURVE('',#1128,(#1131,#1142),.PCURVE_S1.);
#1128 = B_SPLINE_CURVE_WITH_KNOTS('',1,(#1129,#1130),.UNSPECIFIED.,.F.,
  .F.,(2,2),(0.,4.770528411213E-03),.PIECEWISE_BEZIER_KNOTS.);
#1129 = CARTESIAN_POINT('',(7.452353616551,22.057061217984,
    14.430289072599));
#1130 = CARTESIAN_POINT('',(7.452353616551,22.057061217984,
    19.200817483812));
#1131 = PCURVE('',#1132,#1137);
#1132 = B_SPLINE_SURFACE_WITH_KNOTS('',1,1,(
    (#1133,#1134)
    ,(#1135,#1136
    )),.UNSPECIFIED.,.F.,.F.,.F.,(2,2),(2,2),(0.,1.595314381586E-02),(
    -4.770528411213E-03,0.),.PIECEWISE_BEZIER_KNOTS.);
#1133 = CARTESIAN_POINT('',(7.452353616551,22.057061217984,
    19.200817483812));
#1134 = CARTESIAN_POINT('',(7.452353616551,22.057061217984,
    14.430289072599));
#1135 = CARTESIAN_POINT('',(12.475420878415,37.198778191043,
    19.200817483812));
#1136 = CARTESIAN_POINT('',(12.475420878415,37.198778191043,
    14.430289072599));
#1137 = DEFINITIONAL_REPRESENTATION('',(#1138),#1141);
#1138 = B_SPLINE_CURVE_WITH_KNOTS('',1,(#1139,#1140),.UNSPECIFIED.,.F.,
  .F.,(2,2),(0.,4.770528411213E-03),.PIECEWISE_BEZIER_KNOTS.);
#1139 = CARTESIAN_POINT('',(0.,0.));
#1140 = CARTESIAN_POINT('',(0.,-4.770528411213E-03));
#1141 = ( GEOMETRIC_REPRESENTATION_CONTEXT(2) 
PARAMETRIC_REPRESENTATION_CONTEXT() REPRESENTATION_CONTEXT('2D SPACE',''
  ) );
#1142 = PCURVE('',#1143,#1150);
#1143 = ( BOUNDED_SURFACE() B_SPLINE_SURFACE(2,1,(
    (#1144,#1145)
    ,(#1146,#1147)
    ,(#1148,#1149
)),.UNSPECIFIED.,.F.,.F.,.F.) B_SPLINE_SURFACE_WITH_KNOTS((3,3),(2,2),(
    3.143833920953,3.444085873625),(-4.770528411213E-03,0.),
.PIECEWISE_BEZIER_KNOTS.) GEOMETRIC_REPRESENTATION_ITEM() 
RATIONAL_B_SPLINE_SURFACE((
    (1.,1.)
    ,(0.988752244422,0.988752244422)
,(1.,1.))) REPRESENTATION_ITEM('') SURFACE() );
#1144 = CARTESIAN_POINT('',(13.642566441038,18.866157661322,
    19.200817483812));
#1145 = CARTESIAN_POINT('',(13.642566441038,18.866157661322,
    14.430289072599));
#1146 = CARTESIAN_POINT('',(10.788794565264,20.929787846213,
    19.200817483812));
#1147 = CARTESIAN_POINT('',(10.788794565264,20.929787846213,
    14.430289072599));
#1148 = CARTESIAN_POINT('',(7.452353616551,22.057061217984,
    19.200817483812));
#1149 = CARTESIAN_POINT('',(7.452353616551,22.057061217984,
    14.430289072599));
#1150 = DEFINITIONAL_REPRESENTATION('',(#1151),#1155);
#1151 = B_SPLINE_CURVE_WITH_KNOTS('',2,(#1152,#1153,#1154),
  .UNSPECIFIED.,.F.,.F.,(3,3),(0.,4.770528411213E-03),
  .PIECEWISE_BEZIER_KNOTS.);
#1152 = CARTESIAN_POINT('',(3.444085873625,0.));
#1153 = CARTESIAN_POINT('',(3.444085873625,-2.385264205606E-03));
#1154 = CARTESIAN_POINT('',(3.444085873625,-4.770528411213E-03));
#1155 = ( GEOMETRIC_REPRESENTATION_CONTEXT(2) 
PARAMETRIC_REPRESENTATION_CONTEXT() REPRESENTATION_CONTEXT('2D SPACE',''
  ) );
#1156 = ORIENTED_EDGE('',*,*,#1157,.T.);
#1157 = EDGE_CURVE('',#1125,#1158,#1160,.T.);
#1158 = VERTEX_POINT('',#1159);
#1159 = CARTESIAN_POINT('',(12.475420878415,37.198778191043,
    19.200817483812));
#1160 = SURFACE_CURVE('',#1161,(#1164,#1170),.PCURVE_S1.);
#1161 = B_SPLINE_CURVE_WITH_KNOTS('',1,(#1162,#1163),.UNSPECIFIED.,.F.,
  .F.,(2,2),(0.,1.595314381586E-02),.PIECEWISE_BEZIER_KNOTS.);
#1162 = CARTESIAN_POINT('',(7.452353616551,22.057061217984,
    19.200817483812));
#1163 = CARTESIAN_POINT('',(12.475420878415,37.198778191043,
    19.200817483812));
#1164 = PCURVE('',#1132,#1165);
#1165 = DEFINITIONAL_REPRESENTATION('',(#1166),#1169);
#1166 = B_SPLINE_CURVE_WITH_KNOTS('',1,(#1167,#1168),.UNSPECIFIED.,.F.,
  .F.,(2,2),(0.,1.595314381586E-02),.PIECEWISE_BEZIER_KNOTS.);
#1167 = CARTESIAN_POINT('',(0.,-4.770528411213E-03));
#1168 = CARTESIAN_POINT('',(1.595314381586E-02,-4.770528411213E-03));
#1169 = ( GEOMETRIC_REPRESENTATION_CONTEXT(2) 
PARAMETRIC_REPRESENTATION_CONTEXT() REPRESENTATION_CONTEXT('2D SPACE',''
  ) );
#1170 = PCURVE('',#1171,#1176);
#1171 = B_SPLINE_SURFACE_WITH_KNOTS('',1,1,(
    (#1172,#1173)
    ,(#1174,#1175
    )),.UNSPECIFIED.,.F.,.F.,.F.,(2,2),(2,2),(-7.848702062546E-03,
    9.161377015459E-03),(-4.819598467363E-03,6.952467254013E-03),
  .PIECEWISE_BEZIER_KNOTS.);
#1172 = CARTESIAN_POINT('',(23.061754373695,31.741781774301,
    19.200817483812));
#1173 = CARTESIAN_POINT('',(13.537953146203,38.661228394344,
    19.200817483812));
#1174 = CARTESIAN_POINT('',(13.063480751315,17.980338724533,
    19.200817483812));
#1175 = CARTESIAN_POINT('',(3.539679523823,24.899785344576,
    19.200817483812));
#1176 = DEFINITIONAL_REPRESENTATION('',(#1177),#1180);
#1177 = B_SPLINE_CURVE_WITH_KNOTS('',1,(#1178,#1179),.UNSPECIFIED.,.F.,
  .F.,(2,2),(0.,1.595314381586E-02),.PIECEWISE_BEZIER_KNOTS.);
#1178 = CARTESIAN_POINT('',(9.161377015459E-03,2.116136101598E-03));
#1179 = CARTESIAN_POINT('',(-6.041014197558E-03,6.952467254013E-03));
#1180 = ( GEOMETRIC_REPRESENTATION_CONTEXT(2) 
PARAMETRIC_REPRESENTATION_CONTEXT() REPRESENTATION_CONTEXT('2D SPACE',''
  ) );
#1181 = ORIENTED_EDGE('',*,*,#1182,.F.);
#1182 = EDGE_CURVE('',#1183,#1158,#1185,.T.);
#1183 = VERTEX_POINT('',#1184);
#1184 = CARTESIAN_POINT('',(12.475420878415,37.198778191043,
    14.430289072599));
#1185 = SURFACE_CURVE('',#1186,(#1189,#1195),.PCURVE_S1.);
#1186 = B_SPLINE_CURVE_WITH_KNOTS('',1,(#1187,#1188),.UNSPECIFIED.,.F.,
  .F.,(2,2),(0.,4.770528411213E-03),.PIECEWISE_BEZIER_KNOTS.);
#1187 = CARTESIAN_POINT('',(12.475420878415,37.198778191043,
    14.430289072599));
#1188 = CARTESIAN_POINT('',(12.475420878415,37.198778191043,
    19.200817483812));
#1189 = PCURVE('',#1132,#1190);
#1190 = DEFINITIONAL_REPRESENTATION('',(#1191),#1194);
#1191 = B_SPLINE_CURVE_WITH_KNOTS('',1,(#1192,#1193),.UNSPECIFIED.,.F.,
  .F.,(2,2),(0.,4.770528411213E-03),.PIECEWISE_BEZIER_KNOTS.);
#1192 = CARTESIAN_POINT('',(1.595314381586E-02,0.));
#1193 = CARTESIAN_POINT('',(1.595314381586E-02,-4.770528411213E-03));
#1194 = ( GEOMETRIC_REPRESENTATION_CONTEXT(2) 
PARAMETRIC_REPRESENTATION_CONTEXT() REPRESENTATION_CONTEXT('2D SPACE',''
  ) );
#1195 = PCURVE('',#1196,#1203);
#1196 = ( BOUNDED_SURFACE() B_SPLINE_SURFACE(2,1,(
    (#1197,#1198)
    ,(#1199,#1200)
    ,(#1201,#1202
)),.UNSPECIFIED.,.F.,.F.,.F.) B_SPLINE_SURFACE_WITH_KNOTS((3,3),(2,2),(
    5.978450819781,6.28318530718),(-4.770528411213E-03,0.),
.PIECEWISE_BEZIER_KNOTS.) GEOMETRIC_REPRESENTATION_ITEM() 
RATIONAL_B_SPLINE_SURFACE((
    (1.,1.)
    ,(0.988414551331,0.988414551331)
,(1.,1.))) REPRESENTATION_ITEM('') SURFACE() );
#1197 = CARTESIAN_POINT('',(12.475420878415,37.198778191043,
    19.200817483812));
#1198 = CARTESIAN_POINT('',(12.475420878415,37.198778191043,
    14.430289072599));
#1199 = CARTESIAN_POINT('',(18.187568730786,35.283084933267,
    19.200817483812));
#1200 = CARTESIAN_POINT('',(18.187568730786,35.283084933267,
    14.430289072599));
#1201 = CARTESIAN_POINT('',(23.061754373695,31.741781774301,
    19.200817483812));
#1202 = CARTESIAN_POINT('',(23.061754373695,31.741781774301,
    14.430289072599));
#1203 = DEFINITIONAL_REPRESENTATION('',(#1204),#1208);
#1204 = B_SPLINE_CURVE_WITH_KNOTS('',2,(#1205,#1206,#1207),
  .UNSPECIFIED.,.F.,.F.,(3,3),(0.,4.770528411213E-03),
  .PIECEWISE_BEZIER_KNOTS.);
#1205 = CARTESIAN_POINT('',(5.978450819781,0.));
#1206 = CARTESIAN_POINT('',(5.978450819781,-2.385264205606E-03));
#1207 = CARTESIAN_POINT('',(5.978450819781,-4.770528411213E-03));
#1208 = ( GEOMETRIC_REPRESENTATION_CONTEXT(2) 
PARAMETRIC_REPRESENTATION_CONTEXT() REPRESENTATION_CONTEXT('2D SPACE',''
  ) );
#1209 = ORIENTED_EDGE('',*,*,#1210,.F.);
#1210 = EDGE_CURVE('',#1123,#1183,#1211,.T.);
#1211 = SURFACE_CURVE('',#1212,(#1215,#1221),.PCURVE_S1.);
#1212 = B_SPLINE_CURVE_WITH_KNOTS('',1,(#1213,#1214),.UNSPECIFIED.,.F.,
  .F.,(2,2),(0.,1.595314381586E-02),.PIECEWISE_BEZIER_KNOTS.);
#1213 = CARTESIAN_POINT('',(7.452353616551,22.057061217984,
    14.430289072599));
#1214 = CARTESIAN_POINT('',(12.475420878415,37.198778191043,
    14.430289072599));
#1215 = PCURVE('',#1132,#1216);
#1216 = DEFINITIONAL_REPRESENTATION('',(#1217),#1220);
#1217 = B_SPLINE_CURVE_WITH_KNOTS('',1,(#1218,#1219),.UNSPECIFIED.,.F.,
  .F.,(2,2),(0.,1.595314381586E-02),.PIECEWISE_BEZIER_KNOTS.);
#1218 = CARTESIAN_POINT('',(0.,0.));
#1219 = CARTESIAN_POINT('',(1.595314381586E-02,0.));
#1220 = ( GEOMETRIC_REPRESENTATION_CONTEXT(2) 
PARAMETRIC_REPRESENTATION_CONTEXT() REPRESENTATION_CONTEXT('2D SPACE',''
  ) );
#1221 = PCURVE('',#1222,#1227);
#1222 = B_SPLINE_SURFACE_WITH_KNOTS('',1,1,(
    (#1223,#1224)
    ,(#1225,#1226
    )),.UNSPECIFIED.,.F.,.F.,.F.,(2,2),(2,2),(-7.848702062546E-03,
    9.161377015459E-03),(-4.819598467363E-03,6.952467254013E-03),
  .PIECEWISE_BEZIER_KNOTS.);
#1223 = CARTESIAN_POINT('',(23.061754373695,31.741781774301,
    14.430289072599));
#1224 = CARTESIAN_POINT('',(13.537953146203,38.661228394344,
    14.430289072599));
#1225 = CARTESIAN_POINT('',(13.063480751315,17.980338724533,
    14.430289072599));
#1226 = CARTESIAN_POINT('',(3.539679523823,24.899785344576,
    14.430289072599));
#1227 = DEFINITIONAL_REPRESENTATION('',(#1228),#1231);
#1228 = B_SPLINE_CURVE_WITH_KNOTS('',1,(#1229,#1230),.UNSPECIFIED.,.F.,
  .F.,(2,2),(0.,1.595314381586E-02),.PIECEWISE_BEZIER_KNOTS.);
#1229 = CARTESIAN_POINT('',(9.161377015459E-03,2.116136101598E-03));
#1230 = CARTESIAN_POINT('',(-6.041014197558E-03,6.952467254013E-03));
#1231 = ( GEOMETRIC_REPRESENTATION_CONTEXT(2) 
PARAMETRIC_REPRESENTATION_CONTEXT() REPRESENTATION_CONTEXT('2D SPACE',''
  ) );
#1232 = ADVANCED_FACE('',(#1233),#1196,.T.);
#1233 = FACE_BOUND('',#1234,.T.);
#1234 = EDGE_LOOP('',(#1235,#1236,#1259,#1285));
#1235 = ORIENTED_EDGE('',*,*,#1182,.T.);
#1236 = ORIENTED_EDGE('',*,*,#1237,.T.);
#1237 = EDGE_CURVE('',#1158,#1238,#1240,.T.);
#1238 = VERTEX_POINT('',#1239);
#1239 = CARTESIAN_POINT('',(23.061754373695,31.741781774301,
    19.200817483812));
#1240 = SURFACE_CURVE('',#1241,(#1245,#1252),.PCURVE_S1.);
#1241 = ( BOUNDED_CURVE() B_SPLINE_CURVE(2,(#1242,#1243,#1244),
.UNSPECIFIED.,.F.,.F.) B_SPLINE_CURVE_WITH_KNOTS((3,3),(5.978450819781,
6.28318530718),.PIECEWISE_BEZIER_KNOTS.) CURVE() 
GEOMETRIC_REPRESENTATION_ITEM() RATIONAL_B_SPLINE_CURVE((1.,
0.988414551331,1.)) REPRESENTATION_ITEM('') );
#1242 = CARTESIAN_POINT('',(12.475420878415,37.198778191043,
    19.200817483812));
#1243 = CARTESIAN_POINT('',(18.187568730786,35.283084933267,
    19.200817483812));
#1244 = CARTESIAN_POINT('',(23.061754373695,31.741781774301,
    19.200817483812));
#1245 = PCURVE('',#1196,#1246);
#1246 = DEFINITIONAL_REPRESENTATION('',(#1247),#1251);
#1247 = B_SPLINE_CURVE_WITH_KNOTS('',2,(#1248,#1249,#1250),
  .UNSPECIFIED.,.F.,.F.,(3,3),(5.978450819781,6.28318530718),
  .PIECEWISE_BEZIER_KNOTS.);
#1248 = CARTESIAN_POINT('',(5.978450819781,-4.770528411213E-03));
#1249 = CARTESIAN_POINT('',(6.13081806348,-4.770528411213E-03));
#1250 = CARTESIAN_POINT('',(6.28318530718,-4.770528411213E-03));
#1251 = ( GEOMETRIC_REPRESENTATION_CONTEXT(2) 
PARAMETRIC_REPRESENTATION_CONTEXT() REPRESENTATION_CONTEXT('2D SPACE',''
  ) );
#1252 = PCURVE('',#1171,#1253);
#1253 = DEFINITIONAL_REPRESENTATION('',(#1254),#1258);
#1254 = ( BOUNDED_CURVE() B_SPLINE_CURVE(2,(#1255,#1256,#1257),
.UNSPECIFIED.,.F.,.F.) B_SPLINE_CURVE_WITH_KNOTS((3,3),(5.978450819781,
6.28318530718),.PIECEWISE_BEZIER_KNOTS.) CURVE() 
GEOMETRIC_REPRESENTATION_ITEM() RATIONAL_B_SPLINE_CURVE((1.,
0.988414551331,1.)) REPRESENTATION_ITEM('') );
#1255 = CARTESIAN_POINT('',(-6.041014197558E-03,6.952467254013E-03));
#1256 = CARTESIAN_POINT('',(-7.848702062546E-03,1.205226322226E-03));
#1257 = CARTESIAN_POINT('',(-7.848702062546E-03,-4.819598467363E-03));
#1258 = ( GEOMETRIC_REPRESENTATION_CONTEXT(2) 
PARAMETRIC_REPRESENTATION_CONTEXT() REPRESENTATION_CONTEXT('2D SPACE',''
  ) );
#1259 = ORIENTED_EDGE('',*,*,#1260,.F.);
#1260 = EDGE_CURVE('',#1261,#1238,#1263,.T.);
#1261 = VERTEX_POINT('',#1262);
#1262 = CARTESIAN_POINT('',(23.061754373695,31.741781774301,
    14.430289072599));
#1263 = SURFACE_CURVE('',#1264,(#1267,#1274),.PCURVE_S1.);
#1264 = B_SPLINE_CURVE_WITH_KNOTS('',1,(#1265,#1266),.UNSPECIFIED.,.F.,
  .F.,(2,2),(0.,4.770528411213E-03),.PIECEWISE_BEZIER_KNOTS.);
#1265 = CARTESIAN_POINT('',(23.061754373695,31.741781774301,
    14.430289072599));
#1266 = CARTESIAN_POINT('',(23.061754373695,31.741781774301,
    19.200817483812));
#1267 = PCURVE('',#1196,#1268);
#1268 = DEFINITIONAL_REPRESENTATION('',(#1269),#1273);
#1269 = B_SPLINE_CURVE_WITH_KNOTS('',2,(#1270,#1271,#1272),
  .UNSPECIFIED.,.F.,.F.,(3,3),(0.,4.770528411213E-03),
  .PIECEWISE_BEZIER_KNOTS.);
#1270 = CARTESIAN_POINT('',(6.28318530718,0.));
#1271 = CARTESIAN_POINT('',(6.28318530718,-2.385264205606E-03));
#1272 = CARTESIAN_POINT('',(6.28318530718,-4.770528411213E-03));
#1273 = ( GEOMETRIC_REPRESENTATION_CONTEXT(2) 
PARAMETRIC_REPRESENTATION_CONTEXT() REPRESENTATION_CONTEXT('2D SPACE',''
  ) );
#1274 = PCURVE('',#1275,#1280);
#1275 = B_SPLINE_SURFACE_WITH_KNOTS('',1,1,(
    (#1276,#1277)
    ,(#1278,#1279
    )),.UNSPECIFIED.,.F.,.F.,.F.,(2,2),(2,2),(0.,1.595314381586E-02),(
    -4.770528411213E-03,0.),.PIECEWISE_BEZIER_KNOTS.);
#1276 = CARTESIAN_POINT('',(23.061754373695,31.741781774301,
    19.200817483812));
#1277 = CARTESIAN_POINT('',(23.061754373695,31.741781774301,
    14.430289072599));
#1278 = CARTESIAN_POINT('',(13.642566441038,18.866157661322,
    19.200817483812));
#1279 = CARTESIAN_POINT('',(13.642566441038,18.866157661322,
    14.430289072599));
#1280 = DEFINITIONAL_REPRESENTATION('',(#1281),#1284);
#1281 = B_SPLINE_CURVE_WITH_KNOTS('',1,(#1282,#1283),.UNSPECIFIED.,.F.,
  .F.,(2,2),(0.,4.770528411213E-03),.PIECEWISE_BEZIER_KNOTS.);
#1282 = CARTESIAN_POINT('',(0.,0.));
#1283 = CARTESIAN_POINT('',(0.,-4.770528411213E-03));
#1284 = ( GEOMETRIC_REPRESENTATION_CONTEXT(2) 
PARAMETRIC_REPRESENTATION_CONTEXT() REPRESENTATION_CONTEXT('2D SPACE',''
  ) );
#1285 = ORIENTED_EDGE('',*,*,#1286,.F.);
#1286 = EDGE_CURVE('',#1183,#1261,#1287,.T.);
#1287 = SURFACE_CURVE('',#1288,(#1292,#1299),.PCURVE_S1.);
#1288 = ( BOUNDED_CURVE() B_SPLINE_CURVE(2,(#1289,#1290,#1291),
.UNSPECIFIED.,.F.,.F.) B_SPLINE_CURVE_WITH_KNOTS((3,3),(5.978450819781,
6.28318530718),.PIECEWISE_BEZIER_KNOTS.) CURVE() 
GEOMETRIC_REPRESENTATION_ITEM() RATIONAL_B_SPLINE_CURVE((1.,
0.988414551331,1.)) REPRESENTATION_ITEM('') );
#1289 = CARTESIAN_POINT('',(12.475420878415,37.198778191043,
    14.430289072599));
#1290 = CARTESIAN_POINT('',(18.187568730786,35.283084933267,
    14.430289072599));
#1291 = CARTESIAN_POINT('',(23.061754373695,31.741781774301,
    14.430289072599));
#1292 = PCURVE('',#1196,#1293);
#1293 = DEFINITIONAL_REPRESENTATION('',(#1294),#1298);
#1294 = B_SPLINE_CURVE_WITH_KNOTS('',2,(#1295,#1296,#1297),
  .UNSPECIFIED.,.F.,.F.,(3,3),(5.978450819781,6.28318530718),
  .PIECEWISE_BEZIER_KNOTS.);
#1295 = CARTESIAN_POINT('',(5.978450819781,0.));
#1296 = CARTESIAN_POINT('',(6.13081806348,0.));
#1297 = CARTESIAN_POINT('',(6.28318530718,0.));
#1298 = ( GEOMETRIC_REPRESENTATION_CONTEXT(2) 
PARAMETRIC_REPRESENTATION_CONTEXT() REPRESENTATION_CONTEXT('2D SPACE',''
  ) );
#1299 = PCURVE('',#1222,#1300);
#1300 = DEFINITIONAL_REPRESENTATION('',(#1301),#1305);
#1301 = ( BOUNDED_CURVE() B_SPLINE_CURVE(2,(#1302,#1303,#1304),
.UNSPECIFIED.,.F.,.F.) B_SPLINE_CURVE_WITH_KNOTS((3,3),(5.978450819781,
6.28318530718),.PIECEWISE_BEZIER_KNOTS.) CURVE() 
GEOMETRIC_REPRESENTATION_ITEM() RATIONAL_B_SPLINE_CURVE((1.,
0.988414551331,1.)) REPRESENTATION_ITEM('') );
#1302 = CARTESIAN_POINT('',(-6.041014197558E-03,6.952467254013E-03));
#1303 = CARTESIAN_POINT('',(-7.848702062546E-03,1.205226322226E-03));
#1304 = CARTESIAN_POINT('',(-7.848702062546E-03,-4.819598467363E-03));
#1305 = ( GEOMETRIC_REPRESENTATION_CONTEXT(2) 
PARAMETRIC_REPRESENTATION_CONTEXT() REPRESENTATION_CONTEXT('2D SPACE',''
  ) );
#1306 = ADVANCED_FACE('',(#1307),#1275,.T.);
#1307 = FACE_BOUND('',#1308,.T.);
#1308 = EDGE_LOOP('',(#1309,#1310,#1330,#1351));
#1309 = ORIENTED_EDGE('',*,*,#1260,.T.);
#1310 = ORIENTED_EDGE('',*,*,#1311,.T.);
#1311 = EDGE_CURVE('',#1238,#1312,#1314,.T.);
#1312 = VERTEX_POINT('',#1313);
#1313 = CARTESIAN_POINT('',(13.642566441038,18.866157661322,
    19.200817483812));
#1314 = SURFACE_CURVE('',#1315,(#1318,#1324),.PCURVE_S1.);
#1315 = B_SPLINE_CURVE_WITH_KNOTS('',1,(#1316,#1317),.UNSPECIFIED.,.F.,
  .F.,(2,2),(0.,1.595314381586E-02),.PIECEWISE_BEZIER_KNOTS.);
#1316 = CARTESIAN_POINT('',(23.061754373695,31.741781774301,
    19.200817483812));
#1317 = CARTESIAN_POINT('',(13.642566441038,18.866157661322,
    19.200817483812));
#1318 = PCURVE('',#1275,#1319);
#1319 = DEFINITIONAL_REPRESENTATION('',(#1320),#1323);
#1320 = B_SPLINE_CURVE_WITH_KNOTS('',1,(#1321,#1322),.UNSPECIFIED.,.F.,
  .F.,(2,2),(0.,1.595314381586E-02),.PIECEWISE_BEZIER_KNOTS.);
#1321 = CARTESIAN_POINT('',(0.,-4.770528411213E-03));
#1322 = CARTESIAN_POINT('',(1.595314381586E-02,-4.770528411213E-03));
#1323 = ( GEOMETRIC_REPRESENTATION_CONTEXT(2) 
PARAMETRIC_REPRESENTATION_CONTEXT() REPRESENTATION_CONTEXT('2D SPACE',''
  ) );
#1324 = PCURVE('',#1171,#1325);
#1325 = DEFINITIONAL_REPRESENTATION('',(#1326),#1329);
#1326 = B_SPLINE_CURVE_WITH_KNOTS('',1,(#1327,#1328),.UNSPECIFIED.,.F.,
  .F.,(2,2),(0.,1.595314381586E-02),.PIECEWISE_BEZIER_KNOTS.);
#1327 = CARTESIAN_POINT('',(-7.848702062546E-03,-4.819598467363E-03));
#1328 = CARTESIAN_POINT('',(8.104356413425E-03,-4.767417324302E-03));
#1329 = ( GEOMETRIC_REPRESENTATION_CONTEXT(2) 
PARAMETRIC_REPRESENTATION_CONTEXT() REPRESENTATION_CONTEXT('2D SPACE',''
  ) );
#1330 = ORIENTED_EDGE('',*,*,#1331,.F.);
#1331 = EDGE_CURVE('',#1332,#1312,#1334,.T.);
#1332 = VERTEX_POINT('',#1333);
#1333 = CARTESIAN_POINT('',(13.642566441038,18.866157661322,
    14.430289072599));
#1334 = SURFACE_CURVE('',#1335,(#1338,#1344),.PCURVE_S1.);
#1335 = B_SPLINE_CURVE_WITH_KNOTS('',1,(#1336,#1337),.UNSPECIFIED.,.F.,
  .F.,(2,2),(0.,4.770528411213E-03),.PIECEWISE_BEZIER_KNOTS.);
#1336 = CARTESIAN_POINT('',(13.642566441038,18.866157661322,
    14.430289072599));
#1337 = CARTESIAN_POINT('',(13.642566441038,18.866157661322,
    19.200817483812));
#1338 = PCURVE('',#1275,#1339);
#1339 = DEFINITIONAL_REPRESENTATION('',(#1340),#1343);
#1340 = B_SPLINE_CURVE_WITH_KNOTS('',1,(#1341,#1342),.UNSPECIFIED.,.F.,
  .F.,(2,2),(0.,4.770528411213E-03),.PIECEWISE_BEZIER_KNOTS.);
#1341 = CARTESIAN_POINT('',(1.595314381586E-02,0.));
#1342 = CARTESIAN_POINT('',(1.595314381586E-02,-4.770528411213E-03));
#1343 = ( GEOMETRIC_REPRESENTATION_CONTEXT(2) 
PARAMETRIC_REPRESENTATION_CONTEXT() REPRESENTATION_CONTEXT('2D SPACE',''
  ) );
#1344 = PCURVE('',#1143,#1345);
#1345 = DEFINITIONAL_REPRESENTATION('',(#1346),#1350);
#1346 = B_SPLINE_CURVE_WITH_KNOTS('',2,(#1347,#1348,#1349),
  .UNSPECIFIED.,.F.,.F.,(3,3),(0.,4.770528411213E-03),
  .PIECEWISE_BEZIER_KNOTS.);
#1347 = CARTESIAN_POINT('',(3.143833920953,0.));
#1348 = CARTESIAN_POINT('',(3.143833920953,-2.385264205606E-03));
#1349 = CARTESIAN_POINT('',(3.143833920953,-4.770528411213E-03));
#1350 = ( GEOMETRIC_REPRESENTATION_CONTEXT(2) 
PARAMETRIC_REPRESENTATION_CONTEXT() REPRESENTATION_CONTEXT('2D SPACE',''
  ) );
#1351 = ORIENTED_EDGE('',*,*,#1352,.F.);
#1352 = EDGE_CURVE('',#1261,#1332,#1353,.T.);
#1353 = SURFACE_CURVE('',#1354,(#1357,#1363),.PCURVE_S1.);
#1354 = B_SPLINE_CURVE_WITH_KNOTS('',1,(#1355,#1356),.UNSPECIFIED.,.F.,
  .F.,(2,2),(0.,1.595314381586E-02),.PIECEWISE_BEZIER_KNOTS.);
#1355 = CARTESIAN_POINT('',(23.061754373695,31.741781774301,
    14.430289072599));
#1356 = CARTESIAN_POINT('',(13.642566441038,18.866157661322,
    14.430289072599));
#1357 = PCURVE('',#1275,#1358);
#1358 = DEFINITIONAL_REPRESENTATION('',(#1359),#1362);
#1359 = B_SPLINE_CURVE_WITH_KNOTS('',1,(#1360,#1361),.UNSPECIFIED.,.F.,
  .F.,(2,2),(0.,1.595314381586E-02),.PIECEWISE_BEZIER_KNOTS.);
#1360 = CARTESIAN_POINT('',(0.,0.));
#1361 = CARTESIAN_POINT('',(1.595314381586E-02,0.));
#1362 = ( GEOMETRIC_REPRESENTATION_CONTEXT(2) 
PARAMETRIC_REPRESENTATION_CONTEXT() REPRESENTATION_CONTEXT('2D SPACE',''
  ) );
#1363 = PCURVE('',#1222,#1364);
#1364 = DEFINITIONAL_REPRESENTATION('',(#1365),#1368);
#1365 = B_SPLINE_CURVE_WITH_KNOTS('',1,(#1366,#1367),.UNSPECIFIED.,.F.,
  .F.,(2,2),(0.,1.595314381586E-02),.PIECEWISE_BEZIER_KNOTS.);
#1366 = CARTESIAN_POINT('',(-7.848702062546E-03,-4.819598467363E-03));
#1367 = CARTESIAN_POINT('',(8.104356413425E-03,-4.767417324302E-03));
#1368 = ( GEOMETRIC_REPRESENTATION_CONTEXT(2) 
PARAMETRIC_REPRESENTATION_CONTEXT() REPRESENTATION_CONTEXT('2D SPACE',''
  ) );
#1369 = ADVANCED_FACE('',(#1370),#1143,.T.);
#1370 = FACE_BOUND('',#1371,.T.);
#1371 = EDGE_LOOP('',(#1372,#1373,#1394,#1395));
#1372 = ORIENTED_EDGE('',*,*,#1331,.T.);
#1373 = ORIENTED_EDGE('',*,*,#1374,.T.);
#1374 = EDGE_CURVE('',#1312,#1125,#1375,.T.);
#1375 = SURFACE_CURVE('',#1376,(#1380,#1387),.PCURVE_S1.);
#1376 = ( BOUNDED_CURVE() B_SPLINE_CURVE(2,(#1377,#1378,#1379),
.UNSPECIFIED.,.F.,.F.) B_SPLINE_CURVE_WITH_KNOTS((3,3),(3.143833920953,
3.444085873625),.PIECEWISE_BEZIER_KNOTS.) CURVE() 
GEOMETRIC_REPRESENTATION_ITEM() RATIONAL_B_SPLINE_CURVE((1.,
0.988752244422,1.)) REPRESENTATION_ITEM('') );
#1377 = CARTESIAN_POINT('',(13.642566441038,18.866157661322,
    19.200817483812));
#1378 = CARTESIAN_POINT('',(10.788794565264,20.929787846213,
    19.200817483812));
#1379 = CARTESIAN_POINT('',(7.452353616551,22.057061217984,
    19.200817483812));
#1380 = PCURVE('',#1143,#1381);
#1381 = DEFINITIONAL_REPRESENTATION('',(#1382),#1386);
#1382 = B_SPLINE_CURVE_WITH_KNOTS('',2,(#1383,#1384,#1385),
  .UNSPECIFIED.,.F.,.F.,(3,3),(3.143833920953,3.444085873625),
  .PIECEWISE_BEZIER_KNOTS.);
#1383 = CARTESIAN_POINT('',(3.143833920953,-4.770528411213E-03));
#1384 = CARTESIAN_POINT('',(3.293959897289,-4.770528411213E-03));
#1385 = CARTESIAN_POINT('',(3.444085873625,-4.770528411213E-03));
#1386 = ( GEOMETRIC_REPRESENTATION_CONTEXT(2) 
PARAMETRIC_REPRESENTATION_CONTEXT() REPRESENTATION_CONTEXT('2D SPACE',''
  ) );
#1387 = PCURVE('',#1171,#1388);
#1388 = DEFINITIONAL_REPRESENTATION('',(#1389),#1393);
#1389 = ( BOUNDED_CURVE() B_SPLINE_CURVE(2,(#1390,#1391,#1392),
.UNSPECIFIED.,.F.,.F.) B_SPLINE_CURVE_WITH_KNOTS((3,3),(3.143833920953,
3.444085873625),.PIECEWISE_BEZIER_KNOTS.) CURVE() 
GEOMETRIC_REPRESENTATION_ITEM() RATIONAL_B_SPLINE_CURVE((1.,
0.988752244422,1.)) REPRESENTATION_ITEM('') );
#1390 = CARTESIAN_POINT('',(8.104356413425E-03,-4.767417324302E-03));
#1391 = CARTESIAN_POINT('',(8.11224954573E-03,-1.245695989867E-03));
#1392 = CARTESIAN_POINT('',(9.161377015459E-03,2.116136101598E-03));
#1393 = ( GEOMETRIC_REPRESENTATION_CONTEXT(2) 
PARAMETRIC_REPRESENTATION_CONTEXT() REPRESENTATION_CONTEXT('2D SPACE',''
  ) );
#1394 = ORIENTED_EDGE('',*,*,#1122,.F.);
#1395 = ORIENTED_EDGE('',*,*,#1396,.F.);
#1396 = EDGE_CURVE('',#1332,#1123,#1397,.T.);
#1397 = SURFACE_CURVE('',#1398,(#1402,#1409),.PCURVE_S1.);
#1398 = ( BOUNDED_CURVE() B_SPLINE_CURVE(2,(#1399,#1400,#1401),
.UNSPECIFIED.,.F.,.F.) B_SPLINE_CURVE_WITH_KNOTS((3,3),(3.143833920953,
3.444085873625),.PIECEWISE_BEZIER_KNOTS.) CURVE() 
GEOMETRIC_REPRESENTATION_ITEM() RATIONAL_B_SPLINE_CURVE((1.,
0.988752244422,1.)) REPRESENTATION_ITEM('') );
#1399 = CARTESIAN_POINT('',(13.642566441038,18.866157661322,
    14.430289072599));
#1400 = CARTESIAN_POINT('',(10.788794565264,20.929787846213,
    14.430289072599));
#1401 = CARTESIAN_POINT('',(7.452353616551,22.057061217984,
    14.430289072599));
#1402 = PCURVE('',#1143,#1403);
#1403 = DEFINITIONAL_REPRESENTATION('',(#1404),#1408);
#1404 = B_SPLINE_CURVE_WITH_KNOTS('',2,(#1405,#1406,#1407),
  .UNSPECIFIED.,.F.,.F.,(3,3),(3.143833920953,3.444085873625),
  .PIECEWISE_BEZIER_KNOTS.);
#1405 = CARTESIAN_POINT('',(3.143833920953,0.));
#1406 = CARTESIAN_POINT('',(3.293959897289,0.));
#1407 = CARTESIAN_POINT('',(3.444085873625,0.));
#1408 = ( GEOMETRIC_REPRESENTATION_CONTEXT(2) 
PARAMETRIC_REPRESENTATION_CONTEXT() REPRESENTATION_CONTEXT('2D SPACE',''
  ) );
#1409 = PCURVE('',#1222,#1410);
#1410 = DEFINITIONAL_REPRESENTATION('',(#1411),#1415);
#1411 = ( BOUNDED_CURVE() B_SPLINE_CURVE(2,(#1412,#1413,#1414),
.UNSPECIFIED.,.F.,.F.) B_SPLINE_CURVE_WITH_KNOTS((3,3),(3.143833920953,
3.444085873625),.PIECEWISE_BEZIER_KNOTS.) CURVE() 
GEOMETRIC_REPRESENTATION_ITEM() RATIONAL_B_SPLINE_CURVE((1.,
0.988752244422,1.)) REPRESENTATION_ITEM('') );
#1412 = CARTESIAN_POINT('',(8.104356413425E-03,-4.767417324302E-03));
#1413 = CARTESIAN_POINT('',(8.11224954573E-03,-1.245695989867E-03));
#1414 = CARTESIAN_POINT('',(9.161377015459E-03,2.116136101598E-03));
#1415 = ( GEOMETRIC_REPRESENTATION_CONTEXT(2) 
PARAMETRIC_REPRESENTATION_CONTEXT() REPRESENTATION_CONTEXT('2D SPACE',''
  ) );
#1416 = ADVANCED_FACE('',(#1417),#1222,.T.);
#1417 = FACE_BOUND('',#1418,.T.);
#1418 = EDGE_LOOP('',(#1419,#1420,#1421,#1422));
#1419 = ORIENTED_EDGE('',*,*,#1210,.T.);
#1420 = ORIENTED_EDGE('',*,*,#1286,.T.);
#1421 = ORIENTED_EDGE('',*,*,#1352,.T.);
#1422 = ORIENTED_EDGE('',*,*,#1396,.T.);
#1423 = ADVANCED_FACE('',(#1424),#1171,.F.);
#1424 = FACE_BOUND('',#1425,.F.);
#1425 = EDGE_LOOP('',(#1426,#1427,#1428,#1429));
#1426 = ORIENTED_EDGE('',*,*,#1157,.T.);
#1427 = ORIENTED_EDGE('',*,*,#1237,.T.);
#1428 = ORIENTED_EDGE('',*,*,#1311,.T.);
#1429 = ORIENTED_EDGE('',*,*,#1374,.T.);
#1430 = ( GEOMETRIC_REPRESENTATION_CONTEXT(3) 
GLOBAL_UNCERTAINTY_ASSIGNED_CONTEXT((#1434)) 
GLOBAL_UNIT_ASSIGNED_CONTEXT((#1431,#1432,#1433)) REPRESENTATION_CONTEXT
('Context #1','3D Context with UNIT and UNCERTAINTY') );
#1431 = ( LENGTH_UNIT() NAMED_UNIT(*) SI_UNIT(.MILLI.,.METRE.) );
#1432 = ( NAMED_UNIT(*) PLANE_ANGLE_UNIT() SI_UNIT($,.RADIAN.) );
#1433 = ( NAMED_UNIT(*) SI_UNIT($,.STERADIAN.) SOLID_ANGLE_UNIT() );
#1434 = UNCERTAINTY_MEASURE_WITH_UNIT(LENGTH_MEASURE(1.E-04),#1431,
  'distance_accuracy_value','confusion accuracy');
#1435 = CONTEXT_DEPENDENT_SHAPE_REPRESENTATION(#1436,#1438);
#1436 = ( REPRESENTATION_RELATIONSHIP('','',#1115,#10) 
REPRESENTATION_RELATIONSHIP_WITH_TRANSFORMATION(#1437) 
SHAPE_REPRESENTATION_RELATIONSHIP() );
#1437 = ITEM_DEFINED_TRANSFORMATION('','',#11,#27);
#1438 = PRODUCT_DEFINITION_SHAPE('Placement','Placement of an item',
  #1439);
#1439 = NEXT_ASSEMBLY_USAGE_OCCURRENCE('7782','','',#5,#1110,$);
#1440 = PRODUCT_RELATED_PRODUCT_CATEGORY('part',$,(#1112));
#1441 = SHAPE_DEFINITION_REPRESENTATION(#1442,#1448);
#1442 = PRODUCT_DEFINITION_SHAPE('','',#1443);
#1443 = PRODUCT_DEFINITION('design','',#1444,#1447);
#1444 = PRODUCT_DEFINITION_FORMATION('','',#1445);
#1445 = PRODUCT('Open CASCADE STEP translator 7.8 200.5',
  'Open CASCADE STEP translator 7.8 200.5','',(#1446));
#1446 = PRODUCT_CONTEXT('',#2,'mechanical');
#1447 = PRODUCT_DEFINITION_CONTEXT('part definition',#2,'design');
#1448 = ADVANCED_BREP_SHAPE_REPRESENTATION('',(#11,#1449),#1763);
#1449 = MANIFOLD_SOLID_BREP('',#1450);
#1450 = CLOSED_SHELL('',(#1451,#1565,#1639,#1702,#1749,#1756));
#1451 = ADVANCED_FACE('',(#1452),#1465,.T.);
#1452 = FACE_BOUND('',#1453,.T.);
#1453 = EDGE_LOOP('',(#1454,#1489,#1514,#1542));
#1454 = ORIENTED_EDGE('',*,*,#1455,.T.);
#1455 = EDGE_CURVE('',#1456,#1458,#1460,.T.);
#1456 = VERTEX_POINT('',#1457);
#1457 = CARTESIAN_POINT('',(0.271602706431,23.28041571729,
    14.430289072599));
#1458 = VERTEX_POINT('',#1459);
#1459 = CARTESIAN_POINT('',(0.271602706431,23.28041571729,
    19.200817483812));
#1460 = SURFACE_CURVE('',#1461,(#1464,#1475),.PCURVE_S1.);
#1461 = B_SPLINE_CURVE_WITH_KNOTS('',1,(#1462,#1463),.UNSPECIFIED.,.F.,
  .F.,(2,2),(0.,4.770528411213E-03),.PIECEWISE_BEZIER_KNOTS.);
#1462 = CARTESIAN_POINT('',(0.271602706431,23.28041571729,
    14.430289072599));
#1463 = CARTESIAN_POINT('',(0.271602706431,23.28041571729,
    19.200817483812));
#1464 = PCURVE('',#1465,#1470);
#1465 = B_SPLINE_SURFACE_WITH_KNOTS('',1,1,(
    (#1466,#1467)
    ,(#1468,#1469
    )),.UNSPECIFIED.,.F.,.F.,.F.,(2,2),(2,2),(0.,1.595314381586E-02),(
    -4.770528411213E-03,0.),.PIECEWISE_BEZIER_KNOTS.);
#1466 = CARTESIAN_POINT('',(0.271602706431,23.28041571729,
    19.200817483812));
#1467 = CARTESIAN_POINT('',(0.271602706431,23.28041571729,
    14.430289072599));
#1468 = CARTESIAN_POINT('',(0.369775688924,39.23325746022,
    19.200817483812));
#1469 = CARTESIAN_POINT('',(0.369775688924,39.23325746022,
    14.430289072599));
#1470 = DEFINITIONAL_REPRESENTATION('',(#1471),#1474);
#1471 = B_SPLINE_CURVE_WITH_KNOTS('',1,(#1472,#1473),.UNSPECIFIED.,.F.,
  .F.,(2,2),(0.,4.770528411213E-03),.PIECEWISE_BEZIER_KNOTS.);
#1472 = CARTESIAN_POINT('',(0.,0.));
#1473 = CARTESIAN_POINT('',(0.,-4.770528411213E-03));
#1474 = ( GEOMETRIC_REPRESENTATION_CONTEXT(2) 
PARAMETRIC_REPRESENTATION_CONTEXT() REPRESENTATION_CONTEXT('2D SPACE',''
  ) );
#1475 = PCURVE('',#1476,#1483);
#1476 = ( BOUNDED_SURFACE() B_SPLINE_SURFACE(2,1,(
    (#1477,#1478)
    ,(#1479,#1480)
    ,(#1481,#1482
)),.UNSPECIFIED.,.F.,.F.,.F.) B_SPLINE_SURFACE_WITH_KNOTS((3,3),(2,2),(
    3.143833920953,3.444085873625),(-4.770528411213E-03,0.),
.PIECEWISE_BEZIER_KNOTS.) GEOMETRIC_REPRESENTATION_ITEM() 
RATIONAL_B_SPLINE_SURFACE((
    (1.,1.)
    ,(0.988752244422,0.988752244422)
,(1.,1.))) REPRESENTATION_ITEM('') SURFACE() );
#1477 = CARTESIAN_POINT('',(7.144888376833,22.158567058422,
    19.200817483812));
#1478 = CARTESIAN_POINT('',(7.144888376833,22.158567058422,
    14.430289072599));
#1479 = CARTESIAN_POINT('',(3.793093241122,23.239331985303,
    19.200817483812));
#1480 = CARTESIAN_POINT('',(3.793093241122,23.239331985303,
    14.430289072599));
#1481 = CARTESIAN_POINT('',(0.271602706431,23.28041571729,
    19.200817483812));
#1482 = CARTESIAN_POINT('',(0.271602706431,23.28041571729,
    14.430289072599));
#1483 = DEFINITIONAL_REPRESENTATION('',(#1484),#1488);
#1484 = B_SPLINE_CURVE_WITH_KNOTS('',2,(#1485,#1486,#1487),
  .UNSPECIFIED.,.F.,.F.,(3,3),(0.,4.770528411213E-03),
  .PIECEWISE_BEZIER_KNOTS.);
#1485 = CARTESIAN_POINT('',(3.444085873625,0.));
#1486 = CARTESIAN_POINT('',(3.444085873625,-2.385264205606E-03));
#1487 = CARTESIAN_POINT('',(3.444085873625,-4.770528411213E-03));
#1488 = ( GEOMETRIC_REPRESENTATION_CONTEXT(2) 
PARAMETRIC_REPRESENTATION_CONTEXT() REPRESENTATION_CONTEXT('2D SPACE',''
  ) );
#1489 = ORIENTED_EDGE('',*,*,#1490,.T.);
#1490 = EDGE_CURVE('',#1458,#1491,#1493,.T.);
#1491 = VERTEX_POINT('',#1492);
#1492 = CARTESIAN_POINT('',(0.369775688924,39.23325746022,
    19.200817483812));
#1493 = SURFACE_CURVE('',#1494,(#1497,#1503),.PCURVE_S1.);
#1494 = B_SPLINE_CURVE_WITH_KNOTS('',1,(#1495,#1496),.UNSPECIFIED.,.F.,
  .F.,(2,2),(0.,1.595314381586E-02),.PIECEWISE_BEZIER_KNOTS.);
#1495 = CARTESIAN_POINT('',(0.271602706431,23.28041571729,
    19.200817483812));
#1496 = CARTESIAN_POINT('',(0.369775688924,39.23325746022,
    19.200817483812));
#1497 = PCURVE('',#1465,#1498);
#1498 = DEFINITIONAL_REPRESENTATION('',(#1499),#1502);
#1499 = B_SPLINE_CURVE_WITH_KNOTS('',1,(#1500,#1501),.UNSPECIFIED.,.F.,
  .F.,(2,2),(0.,1.595314381586E-02),.PIECEWISE_BEZIER_KNOTS.);
#1500 = CARTESIAN_POINT('',(0.,-4.770528411213E-03));
#1501 = CARTESIAN_POINT('',(1.595314381586E-02,-4.770528411213E-03));
#1502 = ( GEOMETRIC_REPRESENTATION_CONTEXT(2) 
PARAMETRIC_REPRESENTATION_CONTEXT() REPRESENTATION_CONTEXT('2D SPACE',''
  ) );
#1503 = PCURVE('',#1504,#1509);
#1504 = B_SPLINE_SURFACE_WITH_KNOTS('',1,1,(
    (#1505,#1506)
    ,(#1507,#1508
    )),.UNSPECIFIED.,.F.,.F.,.F.,(2,2),(2,2),(-7.848702062546E-03,
    9.161377015459E-03),(-4.819598467363E-03,6.952467254013E-03),
  .PIECEWISE_BEZIER_KNOTS.);
#1505 = CARTESIAN_POINT('',(12.124281774301,37.31470241684,
    19.200817483812));
#1506 = CARTESIAN_POINT('',(0.928381959731,40.952470783644,
    19.200817483812));
#1507 = CARTESIAN_POINT('',(6.867878263536,21.137155867007,
    19.200817483812));
#1508 = CARTESIAN_POINT('',(-4.328021551034,24.774924233812,
    19.200817483812));
#1509 = DEFINITIONAL_REPRESENTATION('',(#1510),#1513);
#1510 = B_SPLINE_CURVE_WITH_KNOTS('',1,(#1511,#1512),.UNSPECIFIED.,.F.,
  .F.,(2,2),(0.,1.595314381586E-02),.PIECEWISE_BEZIER_KNOTS.);
#1511 = CARTESIAN_POINT('',(9.161377015459E-03,2.116136101598E-03));
#1512 = CARTESIAN_POINT('',(-6.041014197558E-03,6.952467254013E-03));
#1513 = ( GEOMETRIC_REPRESENTATION_CONTEXT(2) 
PARAMETRIC_REPRESENTATION_CONTEXT() REPRESENTATION_CONTEXT('2D SPACE',''
  ) );
#1514 = ORIENTED_EDGE('',*,*,#1515,.F.);
#1515 = EDGE_CURVE('',#1516,#1491,#1518,.T.);
#1516 = VERTEX_POINT('',#1517);
#1517 = CARTESIAN_POINT('',(0.369775688924,39.23325746022,
    14.430289072599));
#1518 = SURFACE_CURVE('',#1519,(#1522,#1528),.PCURVE_S1.);
#1519 = B_SPLINE_CURVE_WITH_KNOTS('',1,(#1520,#1521),.UNSPECIFIED.,.F.,
  .F.,(2,2),(0.,4.770528411213E-03),.PIECEWISE_BEZIER_KNOTS.);
#1520 = CARTESIAN_POINT('',(0.369775688924,39.23325746022,
    14.430289072599));
#1521 = CARTESIAN_POINT('',(0.369775688924,39.23325746022,
    19.200817483812));
#1522 = PCURVE('',#1465,#1523);
#1523 = DEFINITIONAL_REPRESENTATION('',(#1524),#1527);
#1524 = B_SPLINE_CURVE_WITH_KNOTS('',1,(#1525,#1526),.UNSPECIFIED.,.F.,
  .F.,(2,2),(0.,4.770528411213E-03),.PIECEWISE_BEZIER_KNOTS.);
#1525 = CARTESIAN_POINT('',(1.595314381586E-02,0.));
#1526 = CARTESIAN_POINT('',(1.595314381586E-02,-4.770528411213E-03));
#1527 = ( GEOMETRIC_REPRESENTATION_CONTEXT(2) 
PARAMETRIC_REPRESENTATION_CONTEXT() REPRESENTATION_CONTEXT('2D SPACE',''
  ) );
#1528 = PCURVE('',#1529,#1536);
#1529 = ( BOUNDED_SURFACE() B_SPLINE_SURFACE(2,1,(
    (#1530,#1531)
    ,(#1532,#1533)
    ,(#1534,#1535
)),.UNSPECIFIED.,.F.,.F.,.F.) B_SPLINE_SURFACE_WITH_KNOTS((3,3),(2,2),(
    5.978450819781,6.28318530718),(-4.770528411213E-03,0.),
.PIECEWISE_BEZIER_KNOTS.) GEOMETRIC_REPRESENTATION_ITEM() 
RATIONAL_B_SPLINE_SURFACE((
    (1.,1.)
    ,(0.988414551331,0.988414551331)
,(1.,1.))) REPRESENTATION_ITEM('') SURFACE() );
#1530 = CARTESIAN_POINT('',(0.369775688924,39.23325746022,
    19.200817483812));
#1531 = CARTESIAN_POINT('',(0.369775688924,39.23325746022,
    14.430289072599));
#1532 = CARTESIAN_POINT('',(6.394332898626,39.176475664955,
    19.200817483812));
#1533 = CARTESIAN_POINT('',(6.394332898626,39.176475664955,
    14.430289072599));
#1534 = CARTESIAN_POINT('',(12.124281774301,37.31470241684,
    19.200817483812));
#1535 = CARTESIAN_POINT('',(12.124281774301,37.31470241684,
    14.430289072599));
#1536 = DEFINITIONAL_REPRESENTATION('',(#1537),#1541);
#1537 = B_SPLINE_CURVE_WITH_KNOTS('',2,(#1538,#1539,#1540),
  .UNSPECIFIED.,.F.,.F.,(3,3),(0.,4.770528411213E-03),
  .PIECEWISE_BEZIER_KNOTS.);
#1538 = CARTESIAN_POINT('',(5.978450819781,0.));
#1539 = CARTESIAN_POINT('',(5.978450819781,-2.385264205606E-03));
#1540 = CARTESIAN_POINT('',(5.978450819781,-4.770528411213E-03));
#1541 = ( GEOMETRIC_REPRESENTATION_CONTEXT(2) 
PARAMETRIC_REPRESENTATION_CONTEXT() REPRESENTATION_CONTEXT('2D SPACE',''
  ) );
#1542 = ORIENTED_EDGE('',*,*,#1543,.F.);
#1543 = EDGE_CURVE('',#1456,#1516,#1544,.T.);
#1544 = SURFACE_CURVE('',#1545,(#1548,#1554),.PCURVE_S1.);
#1545 = B_SPLINE_CURVE_WITH_KNOTS('',1,(#1546,#1547),.UNSPECIFIED.,.F.,
  .F.,(2,2),(0.,1.595314381586E-02),.PIECEWISE_BEZIER_KNOTS.);
#1546 = CARTESIAN_POINT('',(0.271602706431,23.28041571729,
    14.430289072599));
#1547 = CARTESIAN_POINT('',(0.369775688924,39.23325746022,
    14.430289072599));
#1548 = PCURVE('',#1465,#1549);
#1549 = DEFINITIONAL_REPRESENTATION('',(#1550),#1553);
#1550 = B_SPLINE_CURVE_WITH_KNOTS('',1,(#1551,#1552),.UNSPECIFIED.,.F.,
  .F.,(2,2),(0.,1.595314381586E-02),.PIECEWISE_BEZIER_KNOTS.);
#1551 = CARTESIAN_POINT('',(0.,0.));
#1552 = CARTESIAN_POINT('',(1.595314381586E-02,0.));
#1553 = ( GEOMETRIC_REPRESENTATION_CONTEXT(2) 
PARAMETRIC_REPRESENTATION_CONTEXT() REPRESENTATION_CONTEXT('2D SPACE',''
  ) );
#1554 = PCURVE('',#1555,#1560);
#1555 = B_SPLINE_SURFACE_WITH_KNOTS('',1,1,(
    (#1556,#1557)
    ,(#1558,#1559
    )),.UNSPECIFIED.,.F.,.F.,.F.,(2,2),(2,2),(-7.848702062546E-03,
    9.161377015459E-03),(-4.819598467363E-03,6.952467254013E-03),
  .PIECEWISE_BEZIER_KNOTS.);
#1556 = CARTESIAN_POINT('',(12.124281774301,37.31470241684,
    14.430289072599));
#1557 = CARTESIAN_POINT('',(0.928381959731,40.952470783644,
    14.430289072599));
#1558 = CARTESIAN_POINT('',(6.867878263536,21.137155867007,
    14.430289072599));
#1559 = CARTESIAN_POINT('',(-4.328021551034,24.774924233812,
    14.430289072599));
#1560 = DEFINITIONAL_REPRESENTATION('',(#1561),#1564);
#1561 = B_SPLINE_CURVE_WITH_KNOTS('',1,(#1562,#1563),.UNSPECIFIED.,.F.,
  .F.,(2,2),(0.,1.595314381586E-02),.PIECEWISE_BEZIER_KNOTS.);
#1562 = CARTESIAN_POINT('',(9.161377015459E-03,2.116136101598E-03));
#1563 = CARTESIAN_POINT('',(-6.041014197558E-03,6.952467254013E-03));
#1564 = ( GEOMETRIC_REPRESENTATION_CONTEXT(2) 
PARAMETRIC_REPRESENTATION_CONTEXT() REPRESENTATION_CONTEXT('2D SPACE',''
  ) );
#1565 = ADVANCED_FACE('',(#1566),#1529,.T.);
#1566 = FACE_BOUND('',#1567,.T.);
#1567 = EDGE_LOOP('',(#1568,#1569,#1592,#1618));
#1568 = ORIENTED_EDGE('',*,*,#1515,.T.);
#1569 = ORIENTED_EDGE('',*,*,#1570,.T.);
#1570 = EDGE_CURVE('',#1491,#1571,#1573,.T.);
#1571 = VERTEX_POINT('',#1572);
#1572 = CARTESIAN_POINT('',(12.124281774301,37.31470241684,
    19.200817483812));
#1573 = SURFACE_CURVE('',#1574,(#1578,#1585),.PCURVE_S1.);
#1574 = ( BOUNDED_CURVE() B_SPLINE_CURVE(2,(#1575,#1576,#1577),
.UNSPECIFIED.,.F.,.F.) B_SPLINE_CURVE_WITH_KNOTS((3,3),(5.978450819781,
6.28318530718),.PIECEWISE_BEZIER_KNOTS.) CURVE() 
GEOMETRIC_REPRESENTATION_ITEM() RATIONAL_B_SPLINE_CURVE((1.,
0.988414551331,1.)) REPRESENTATION_ITEM('') );
#1575 = CARTESIAN_POINT('',(0.369775688924,39.23325746022,
    19.200817483812));
#1576 = CARTESIAN_POINT('',(6.394332898626,39.176475664955,
    19.200817483812));
#1577 = CARTESIAN_POINT('',(12.124281774301,37.31470241684,
    19.200817483812));
#1578 = PCURVE('',#1529,#1579);
#1579 = DEFINITIONAL_REPRESENTATION('',(#1580),#1584);
#1580 = B_SPLINE_CURVE_WITH_KNOTS('',2,(#1581,#1582,#1583),
  .UNSPECIFIED.,.F.,.F.,(3,3),(5.978450819781,6.28318530718),
  .PIECEWISE_BEZIER_KNOTS.);
#1581 = CARTESIAN_POINT('',(5.978450819781,-4.770528411213E-03));
#1582 = CARTESIAN_POINT('',(6.13081806348,-4.770528411213E-03));
#1583 = CARTESIAN_POINT('',(6.28318530718,-4.770528411213E-03));
#1584 = ( GEOMETRIC_REPRESENTATION_CONTEXT(2) 
PARAMETRIC_REPRESENTATION_CONTEXT() REPRESENTATION_CONTEXT('2D SPACE',''
  ) );
#1585 = PCURVE('',#1504,#1586);
#1586 = DEFINITIONAL_REPRESENTATION('',(#1587),#1591);
#1587 = ( BOUNDED_CURVE() B_SPLINE_CURVE(2,(#1588,#1589,#1590),
.UNSPECIFIED.,.F.,.F.) B_SPLINE_CURVE_WITH_KNOTS((3,3),(5.978450819781,
6.28318530718),.PIECEWISE_BEZIER_KNOTS.) CURVE() 
GEOMETRIC_REPRESENTATION_ITEM() RATIONAL_B_SPLINE_CURVE((1.,
0.988414551331,1.)) REPRESENTATION_ITEM('') );
#1588 = CARTESIAN_POINT('',(-6.041014197558E-03,6.952467254013E-03));
#1589 = CARTESIAN_POINT('',(-7.848702062546E-03,1.205226322226E-03));
#1590 = CARTESIAN_POINT('',(-7.848702062546E-03,-4.819598467363E-03));
#1591 = ( GEOMETRIC_REPRESENTATION_CONTEXT(2) 
PARAMETRIC_REPRESENTATION_CONTEXT() REPRESENTATION_CONTEXT('2D SPACE',''
  ) );
#1592 = ORIENTED_EDGE('',*,*,#1593,.F.);
#1593 = EDGE_CURVE('',#1594,#1571,#1596,.T.);
#1594 = VERTEX_POINT('',#1595);
#1595 = CARTESIAN_POINT('',(12.124281774301,37.31470241684,
    14.430289072599));
#1596 = SURFACE_CURVE('',#1597,(#1600,#1607),.PCURVE_S1.);
#1597 = B_SPLINE_CURVE_WITH_KNOTS('',1,(#1598,#1599),.UNSPECIFIED.,.F.,
  .F.,(2,2),(0.,4.770528411213E-03),.PIECEWISE_BEZIER_KNOTS.);
#1598 = CARTESIAN_POINT('',(12.124281774301,37.31470241684,
    14.430289072599));
#1599 = CARTESIAN_POINT('',(12.124281774301,37.31470241684,
    19.200817483812));
#1600 = PCURVE('',#1529,#1601);
#1601 = DEFINITIONAL_REPRESENTATION('',(#1602),#1606);
#1602 = B_SPLINE_CURVE_WITH_KNOTS('',2,(#1603,#1604,#1605),
  .UNSPECIFIED.,.F.,.F.,(3,3),(0.,4.770528411213E-03),
  .PIECEWISE_BEZIER_KNOTS.);
#1603 = CARTESIAN_POINT('',(6.28318530718,0.));
#1604 = CARTESIAN_POINT('',(6.28318530718,-2.385264205606E-03));
#1605 = CARTESIAN_POINT('',(6.28318530718,-4.770528411213E-03));
#1606 = ( GEOMETRIC_REPRESENTATION_CONTEXT(2) 
PARAMETRIC_REPRESENTATION_CONTEXT() REPRESENTATION_CONTEXT('2D SPACE',''
  ) );
#1607 = PCURVE('',#1608,#1613);
#1608 = B_SPLINE_SURFACE_WITH_KNOTS('',1,1,(
    (#1609,#1610)
    ,(#1611,#1612
    )),.UNSPECIFIED.,.F.,.F.,.F.,(2,2),(2,2),(0.,1.595314381586E-02),(
    -4.770528411213E-03,0.),.PIECEWISE_BEZIER_KNOTS.);
#1609 = CARTESIAN_POINT('',(12.124281774301,37.31470241684,
    19.200817483812));
#1610 = CARTESIAN_POINT('',(12.124281774301,37.31470241684,
    14.430289072599));
#1611 = CARTESIAN_POINT('',(7.144888376833,22.158567058422,
    19.200817483812));
#1612 = CARTESIAN_POINT('',(7.144888376833,22.158567058422,
    14.430289072599));
#1613 = DEFINITIONAL_REPRESENTATION('',(#1614),#1617);
#1614 = B_SPLINE_CURVE_WITH_KNOTS('',1,(#1615,#1616),.UNSPECIFIED.,.F.,
  .F.,(2,2),(0.,4.770528411213E-03),.PIECEWISE_BEZIER_KNOTS.);
#1615 = CARTESIAN_POINT('',(0.,0.));
#1616 = CARTESIAN_POINT('',(0.,-4.770528411213E-03));
#1617 = ( GEOMETRIC_REPRESENTATION_CONTEXT(2) 
PARAMETRIC_REPRESENTATION_CONTEXT() REPRESENTATION_CONTEXT('2D SPACE',''
  ) );
#1618 = ORIENTED_EDGE('',*,*,#1619,.F.);
#1619 = EDGE_CURVE('',#1516,#1594,#1620,.T.);
#1620 = SURFACE_CURVE('',#1621,(#1625,#1632),.PCURVE_S1.);
#1621 = ( BOUNDED_CURVE() B_SPLINE_CURVE(2,(#1622,#1623,#1624),
.UNSPECIFIED.,.F.,.F.) B_SPLINE_CURVE_WITH_KNOTS((3,3),(5.978450819781,
6.28318530718),.PIECEWISE_BEZIER_KNOTS.) CURVE() 
GEOMETRIC_REPRESENTATION_ITEM() RATIONAL_B_SPLINE_CURVE((1.,
0.988414551331,1.)) REPRESENTATION_ITEM('') );
#1622 = CARTESIAN_POINT('',(0.369775688924,39.23325746022,
    14.430289072599));
#1623 = CARTESIAN_POINT('',(6.394332898626,39.176475664955,
    14.430289072599));
#1624 = CARTESIAN_POINT('',(12.124281774301,37.31470241684,
    14.430289072599));
#1625 = PCURVE('',#1529,#1626);
#1626 = DEFINITIONAL_REPRESENTATION('',(#1627),#1631);
#1627 = B_SPLINE_CURVE_WITH_KNOTS('',2,(#1628,#1629,#1630),
  .UNSPECIFIED.,.F.,.F.,(3,3),(5.978450819781,6.28318530718),
  .PIECEWISE_BEZIER_KNOTS.);
#1628 = CARTESIAN_POINT('',(5.978450819781,0.));
#1629 = CARTESIAN_POINT('',(6.13081806348,0.));
#1630 = CARTESIAN_POINT('',(6.28318530718,0.));
#1631 = ( GEOMETRIC_REPRESENTATION_CONTEXT(2) 
PARAMETRIC_REPRESENTATION_CONTEXT() REPRESENTATION_CONTEXT('2D SPACE',''
  ) );
#1632 = PCURVE('',#1555,#1633);
#1633 = DEFINITIONAL_REPRESENTATION('',(#1634),#1638);
#1634 = ( BOUNDED_CURVE() B_SPLINE_CURVE(2,(#1635,#1636,#1637),
.UNSPECIFIED.,.F.,.F.) B_SPLINE_CURVE_WITH_KNOTS((3,3),(5.978450819781,
6.28318530718),.PIECEWISE_BEZIER_KNOTS.) CURVE() 
GEOMETRIC_REPRESENTATION_ITEM() RATIONAL_B_SPLINE_CURVE((1.,
0.988414551331,1.)) REPRESENTATION_ITEM('') );
#1635 = CARTESIAN_POINT('',(-6.041014197558E-03,6.952467254013E-03));
#1636 = CARTESIAN_POINT('',(-7.848702062546E-03,1.205226322226E-03));
#1637 = CARTESIAN_POINT('',(-7.848702062546E-03,-4.819598467363E-03));
#1638 = ( GEOMETRIC_REPRESENTATION_CONTEXT(2) 
PARAMETRIC_REPRESENTATION_CONTEXT() REPRESENTATION_CONTEXT('2D SPACE',''
  ) );
#1639 = ADVANCED_FACE('',(#1640),#1608,.T.);
#1640 = FACE_BOUND('',#1641,.T.);
#1641 = EDGE_LOOP('',(#1642,#1643,#1663,#1684));
#1642 = ORIENTED_EDGE('',*,*,#1593,.T.);
#1643 = ORIENTED_EDGE('',*,*,#1644,.T.);
#1644 = EDGE_CURVE('',#1571,#1645,#1647,.T.);
#1645 = VERTEX_POINT('',#1646);
#1646 = CARTESIAN_POINT('',(7.144888376833,22.158567058422,
    19.200817483812));
#1647 = SURFACE_CURVE('',#1648,(#1651,#1657),.PCURVE_S1.);
#1648 = B_SPLINE_CURVE_WITH_KNOTS('',1,(#1649,#1650),.UNSPECIFIED.,.F.,
  .F.,(2,2),(0.,1.595314381586E-02),.PIECEWISE_BEZIER_KNOTS.);
#1649 = CARTESIAN_POINT('',(12.124281774301,37.31470241684,
    19.200817483812));
#1650 = CARTESIAN_POINT('',(7.144888376833,22.158567058422,
    19.200817483812));
#1651 = PCURVE('',#1608,#1652);
#1652 = DEFINITIONAL_REPRESENTATION('',(#1653),#1656);
#1653 = B_SPLINE_CURVE_WITH_KNOTS('',1,(#1654,#1655),.UNSPECIFIED.,.F.,
  .F.,(2,2),(0.,1.595314381586E-02),.PIECEWISE_BEZIER_KNOTS.);
#1654 = CARTESIAN_POINT('',(0.,-4.770528411213E-03));
#1655 = CARTESIAN_POINT('',(1.595314381586E-02,-4.770528411213E-03));
#1656 = ( GEOMETRIC_REPRESENTATION_CONTEXT(2) 
PARAMETRIC_REPRESENTATION_CONTEXT() REPRESENTATION_CONTEXT('2D SPACE',''
  ) );
#1657 = PCURVE('',#1504,#1658);
#1658 = DEFINITIONAL_REPRESENTATION('',(#1659),#1662);
#1659 = B_SPLINE_CURVE_WITH_KNOTS('',1,(#1660,#1661),.UNSPECIFIED.,.F.,
  .F.,(2,2),(0.,1.595314381586E-02),.PIECEWISE_BEZIER_KNOTS.);
#1660 = CARTESIAN_POINT('',(-7.848702062546E-03,-4.819598467363E-03));
#1661 = CARTESIAN_POINT('',(8.104356413425E-03,-4.767417324302E-03));
#1662 = ( GEOMETRIC_REPRESENTATION_CONTEXT(2) 
PARAMETRIC_REPRESENTATION_CONTEXT() REPRESENTATION_CONTEXT('2D SPACE',''
  ) );
#1663 = ORIENTED_EDGE('',*,*,#1664,.F.);
#1664 = EDGE_CURVE('',#1665,#1645,#1667,.T.);
#1665 = VERTEX_POINT('',#1666);
#1666 = CARTESIAN_POINT('',(7.144888376833,22.158567058422,
    14.430289072599));
#1667 = SURFACE_CURVE('',#1668,(#1671,#1677),.PCURVE_S1.);
#1668 = B_SPLINE_CURVE_WITH_KNOTS('',1,(#1669,#1670),.UNSPECIFIED.,.F.,
  .F.,(2,2),(0.,4.770528411213E-03),.PIECEWISE_BEZIER_KNOTS.);
#1669 = CARTESIAN_POINT('',(7.144888376833,22.158567058422,
    14.430289072599));
#1670 = CARTESIAN_POINT('',(7.144888376833,22.158567058422,
    19.200817483812));
#1671 = PCURVE('',#1608,#1672);
#1672 = DEFINITIONAL_REPRESENTATION('',(#1673),#1676);
#1673 = B_SPLINE_CURVE_WITH_KNOTS('',1,(#1674,#1675),.UNSPECIFIED.,.F.,
  .F.,(2,2),(0.,4.770528411213E-03),.PIECEWISE_BEZIER_KNOTS.);
#1674 = CARTESIAN_POINT('',(1.595314381586E-02,0.));
#1675 = CARTESIAN_POINT('',(1.595314381586E-02,-4.770528411213E-03));
#1676 = ( GEOMETRIC_REPRESENTATION_CONTEXT(2) 
PARAMETRIC_REPRESENTATION_CONTEXT() REPRESENTATION_CONTEXT('2D SPACE',''
  ) );
#1677 = PCURVE('',#1476,#1678);
#1678 = DEFINITIONAL_REPRESENTATION('',(#1679),#1683);
#1679 = B_SPLINE_CURVE_WITH_KNOTS('',2,(#1680,#1681,#1682),
  .UNSPECIFIED.,.F.,.F.,(3,3),(0.,4.770528411213E-03),
  .PIECEWISE_BEZIER_KNOTS.);
#1680 = CARTESIAN_POINT('',(3.143833920953,0.));
#1681 = CARTESIAN_POINT('',(3.143833920953,-2.385264205606E-03));
#1682 = CARTESIAN_POINT('',(3.143833920953,-4.770528411213E-03));
#1683 = ( GEOMETRIC_REPRESENTATION_CONTEXT(2) 
PARAMETRIC_REPRESENTATION_CONTEXT() REPRESENTATION_CONTEXT('2D SPACE',''
  ) );
#1684 = ORIENTED_EDGE('',*,*,#1685,.F.);
#1685 = EDGE_CURVE('',#1594,#1665,#1686,.T.);
#1686 = SURFACE_CURVE('',#1687,(#1690,#1696),.PCURVE_S1.);
#1687 = B_SPLINE_CURVE_WITH_KNOTS('',1,(#1688,#1689),.UNSPECIFIED.,.F.,
  .F.,(2,2),(0.,1.595314381586E-02),.PIECEWISE_BEZIER_KNOTS.);
#1688 = CARTESIAN_POINT('',(12.124281774301,37.31470241684,
    14.430289072599));
#1689 = CARTESIAN_POINT('',(7.144888376833,22.158567058422,
    14.430289072599));
#1690 = PCURVE('',#1608,#1691);
#1691 = DEFINITIONAL_REPRESENTATION('',(#1692),#1695);
#1692 = B_SPLINE_CURVE_WITH_KNOTS('',1,(#1693,#1694),.UNSPECIFIED.,.F.,
  .F.,(2,2),(0.,1.595314381586E-02),.PIECEWISE_BEZIER_KNOTS.);
#1693 = CARTESIAN_POINT('',(0.,0.));
#1694 = CARTESIAN_POINT('',(1.595314381586E-02,0.));
#1695 = ( GEOMETRIC_REPRESENTATION_CONTEXT(2) 
PARAMETRIC_REPRESENTATION_CONTEXT() REPRESENTATION_CONTEXT('2D SPACE',''
  ) );
#1696 = PCURVE('',#1555,#1697);
#1697 = DEFINITIONAL_REPRESENTATION('',(#1698),#1701);
#1698 = B_SPLINE_CURVE_WITH_KNOTS('',1,(#1699,#1700),.UNSPECIFIED.,.F.,
  .F.,(2,2),(0.,1.595314381586E-02),.PIECEWISE_BEZIER_KNOTS.);
#1699 = CARTESIAN_POINT('',(-7.848702062546E-03,-4.819598467363E-03));
#1700 = CARTESIAN_POINT('',(8.104356413425E-03,-4.767417324302E-03));
#1701 = ( GEOMETRIC_REPRESENTATION_CONTEXT(2) 
PARAMETRIC_REPRESENTATION_CONTEXT() REPRESENTATION_CONTEXT('2D SPACE',''
  ) );
#1702 = ADVANCED_FACE('',(#1703),#1476,.T.);
#1703 = FACE_BOUND('',#1704,.T.);
#1704 = EDGE_LOOP('',(#1705,#1706,#1727,#1728));
#1705 = ORIENTED_EDGE('',*,*,#1664,.T.);
#1706 = ORIENTED_EDGE('',*,*,#1707,.T.);
#1707 = EDGE_CURVE('',#1645,#1458,#1708,.T.);
#1708 = SURFACE_CURVE('',#1709,(#1713,#1720),.PCURVE_S1.);
#1709 = ( BOUNDED_CURVE() B_SPLINE_CURVE(2,(#1710,#1711,#1712),
.UNSPECIFIED.,.F.,.F.) B_SPLINE_CURVE_WITH_KNOTS((3,3),(3.143833920953,
3.444085873625),.PIECEWISE_BEZIER_KNOTS.) CURVE() 
GEOMETRIC_REPRESENTATION_ITEM() RATIONAL_B_SPLINE_CURVE((1.,
0.988752244422,1.)) REPRESENTATION_ITEM('') );
#1710 = CARTESIAN_POINT('',(7.144888376833,22.158567058422,
    19.200817483812));
#1711 = CARTESIAN_POINT('',(3.793093241122,23.239331985303,
    19.200817483812));
#1712 = CARTESIAN_POINT('',(0.271602706431,23.28041571729,
    19.200817483812));
#1713 = PCURVE('',#1476,#1714);
#1714 = DEFINITIONAL_REPRESENTATION('',(#1715),#1719);
#1715 = B_SPLINE_CURVE_WITH_KNOTS('',2,(#1716,#1717,#1718),
  .UNSPECIFIED.,.F.,.F.,(3,3),(3.143833920953,3.444085873625),
  .PIECEWISE_BEZIER_KNOTS.);
#1716 = CARTESIAN_POINT('',(3.143833920953,-4.770528411213E-03));
#1717 = CARTESIAN_POINT('',(3.293959897289,-4.770528411213E-03));
#1718 = CARTESIAN_POINT('',(3.444085873625,-4.770528411213E-03));
#1719 = ( GEOMETRIC_REPRESENTATION_CONTEXT(2) 
PARAMETRIC_REPRESENTATION_CONTEXT() REPRESENTATION_CONTEXT('2D SPACE',''
  ) );
#1720 = PCURVE('',#1504,#1721);
#1721 = DEFINITIONAL_REPRESENTATION('',(#1722),#1726);
#1722 = ( BOUNDED_CURVE() B_SPLINE_CURVE(2,(#1723,#1724,#1725),
.UNSPECIFIED.,.F.,.F.) B_SPLINE_CURVE_WITH_KNOTS((3,3),(3.143833920953,
3.444085873625),.PIECEWISE_BEZIER_KNOTS.) CURVE() 
GEOMETRIC_REPRESENTATION_ITEM() RATIONAL_B_SPLINE_CURVE((1.,
0.988752244422,1.)) REPRESENTATION_ITEM('') );
#1723 = CARTESIAN_POINT('',(8.104356413425E-03,-4.767417324302E-03));
#1724 = CARTESIAN_POINT('',(8.11224954573E-03,-1.245695989867E-03));
#1725 = CARTESIAN_POINT('',(9.161377015459E-03,2.116136101598E-03));
#1726 = ( GEOMETRIC_REPRESENTATION_CONTEXT(2) 
PARAMETRIC_REPRESENTATION_CONTEXT() REPRESENTATION_CONTEXT('2D SPACE',''
  ) );
#1727 = ORIENTED_EDGE('',*,*,#1455,.F.);
#1728 = ORIENTED_EDGE('',*,*,#1729,.F.);
#1729 = EDGE_CURVE('',#1665,#1456,#1730,.T.);
#1730 = SURFACE_CURVE('',#1731,(#1735,#1742),.PCURVE_S1.);
#1731 = ( BOUNDED_CURVE() B_SPLINE_CURVE(2,(#1732,#1733,#1734),
.UNSPECIFIED.,.F.,.F.) B_SPLINE_CURVE_WITH_KNOTS((3,3),(3.143833920953,
3.444085873625),.PIECEWISE_BEZIER_KNOTS.) CURVE() 
GEOMETRIC_REPRESENTATION_ITEM() RATIONAL_B_SPLINE_CURVE((1.,
0.988752244422,1.)) REPRESENTATION_ITEM('') );
#1732 = CARTESIAN_POINT('',(7.144888376833,22.158567058422,
    14.430289072599));
#1733 = CARTESIAN_POINT('',(3.793093241122,23.239331985303,
    14.430289072599));
#1734 = CARTESIAN_POINT('',(0.271602706431,23.28041571729,
    14.430289072599));
#1735 = PCURVE('',#1476,#1736);
#1736 = DEFINITIONAL_REPRESENTATION('',(#1737),#1741);
#1737 = B_SPLINE_CURVE_WITH_KNOTS('',2,(#1738,#1739,#1740),
  .UNSPECIFIED.,.F.,.F.,(3,3),(3.143833920953,3.444085873625),
  .PIECEWISE_BEZIER_KNOTS.);
#1738 = CARTESIAN_POINT('',(3.143833920953,0.));
#1739 = CARTESIAN_POINT('',(3.293959897289,0.));
#1740 = CARTESIAN_POINT('',(3.444085873625,0.));
#1741 = ( GEOMETRIC_REPRESENTATION_CONTEXT(2) 
PARAMETRIC_REPRESENTATION_CONTEXT() REPRESENTATION_CONTEXT('2D SPACE',''
  ) );
#1742 = PCURVE('',#1555,#1743);
#1743 = DEFINITIONAL_REPRESENTATION('',(#1744),#1748);
#1744 = ( BOUNDED_CURVE() B_SPLINE_CURVE(2,(#1745,#1746,#1747),
.UNSPECIFIED.,.F.,.F.) B_SPLINE_CURVE_WITH_KNOTS((3,3),(3.143833920953,
3.444085873625),.PIECEWISE_BEZIER_KNOTS.) CURVE() 
GEOMETRIC_REPRESENTATION_ITEM() RATIONAL_B_SPLINE_CURVE((1.,
0.988752244422,1.)) REPRESENTATION_ITEM('') );
#1745 = CARTESIAN_POINT('',(8.104356413425E-03,-4.767417324302E-03));
#1746 = CARTESIAN_POINT('',(8.11224954573E-03,-1.245695989867E-03));
#1747 = CARTESIAN_POINT('',(9.161377015459E-03,2.116136101598E-03));
#1748 = ( GEOMETRIC_REPRESENTATION_CONTEXT(2) 
PARAMETRIC_REPRESENTATION_CONTEXT() REPRESENTATION_CONTEXT('2D SPACE',''
  ) );
#1749 = ADVANCED_FACE('',(#1750),#1555,.T.);
#1750 = FACE_BOUND('',#1751,.T.);
#1751 = EDGE_LOOP('',(#1752,#1753,#1754,#1755));
#1752 = ORIENTED_EDGE('',*,*,#1543,.T.);
#1753 = ORIENTED_EDGE('',*,*,#1619,.T.);
#1754 = ORIENTED_EDGE('',*,*,#1685,.T.);
#1755 = ORIENTED_EDGE('',*,*,#1729,.T.);
#1756 = ADVANCED_FACE('',(#1757),#1504,.F.);
#1757 = FACE_BOUND('',#1758,.F.);
#1758 = EDGE_LOOP('',(#1759,#1760,#1761,#1762));
#1759 = ORIENTED_EDGE('',*,*,#1490,.T.);
#1760 = ORIENTED_EDGE('',*,*,#1570,.T.);
#1761 = ORIENTED_EDGE('',*,*,#1644,.T.);
#1762 = ORIENTED_EDGE('',*,*,#1707,.T.);
#1763 = ( GEOMETRIC_REPRESENTATION_CONTEXT(3) 
GLOBAL_UNCERTAINTY_ASSIGNED_CONTEXT((#1767)) 
GLOBAL_UNIT_ASSIGNED_CONTEXT((#1764,#1765,#1766)) REPRESENTATION_CONTEXT
('Context #1','3D Context with UNIT and UNCERTAINTY') );
#1764 = ( LENGTH_UNIT() NAMED_UNIT(*) SI_UNIT(.MILLI.,.METRE.) );
#1765 = ( NAMED_UNIT(*) PLANE_ANGLE_UNIT() SI_UNIT($,.RADIAN.) );
#1766 = ( NAMED_UNIT(*) SI_UNIT($,.STERADIAN.) SOLID_ANGLE_UNIT() );
#1767 = UNCERTAINTY_MEASURE_WITH_UNIT(LENGTH_MEASURE(1.E-04),#1764,
  'distance_accuracy_value','confusion accuracy');
#1768 = CONTEXT_DEPENDENT_SHAPE_REPRESENTATION(#1769,#1771);
#1769 = ( REPRESENTATION_RELATIONSHIP('','',#1448,#10) 
REPRESENTATION_RELATIONSHIP_WITH_TRANSFORMATION(#1770) 
SHAPE_REPRESENTATION_RELATIONSHIP() );
#1770 = ITEM_DEFINED_TRANSFORMATION('','',#11,#31);
#1771 = PRODUCT_DEFINITION_SHAPE('Placement','Placement of an item',
  #1772);
#1772 = NEXT_ASSEMBLY_USAGE_OCCURRENCE('7783','','',#5,#1443,$);
#1773 = PRODUCT_RELATED_PRODUCT_CATEGORY('part',$,(#1445));
#1774 = SHAPE_DEFINITION_REPRESENTATION(#1775,#1781);
#1775 = PRODUCT_DEFINITION_SHAPE('','',#1776);
#1776 = PRODUCT_DEFINITION('design','',#1777,#1780);
#1777 = PRODUCT_DEFINITION_FORMATION('','',#1778);
#1778 = PRODUCT('Open CASCADE STEP translator 7.8 200.6',
  'Open CASCADE STEP translator 7.8 200.6','',(#1779));
#1779 = PRODUCT_CONTEXT('',#2,'mechanical');
#1780 = PRODUCT_DEFINITION_CONTEXT('part definition',#2,'design');
#1781 = ADVANCED_BREP_SHAPE_REPRESENTATION('',(#11,#1782),#2096);
#1782 = MANIFOLD_SOLID_BREP('',#1783);
#1783 = CLOSED_SHELL('',(#1784,#1898,#1972,#2035,#2082,#2089));
#1784 = ADVANCED_FACE('',(#1785),#1798,.T.);
#1785 = FACE_BOUND('',#1786,.T.);
#1786 = EDGE_LOOP('',(#1787,#1822,#1847,#1875));
#1787 = ORIENTED_EDGE('',*,*,#1788,.T.);
#1788 = EDGE_CURVE('',#1789,#1791,#1793,.T.);
#1789 = VERTEX_POINT('',#1790);
#1790 = CARTESIAN_POINT('',(-6.935734568961,22.224920921995,
    14.430289072599));
#1791 = VERTEX_POINT('',#1792);
#1792 = CARTESIAN_POINT('',(-6.935734568961,22.224920921995,
    19.200817483812));
#1793 = SURFACE_CURVE('',#1794,(#1797,#1808),.PCURVE_S1.);
#1794 = B_SPLINE_CURVE_WITH_KNOTS('',1,(#1795,#1796),.UNSPECIFIED.,.F.,
  .F.,(2,2),(0.,4.770528411213E-03),.PIECEWISE_BEZIER_KNOTS.);
#1795 = CARTESIAN_POINT('',(-6.935734568961,22.224920921995,
    14.430289072599));
#1796 = CARTESIAN_POINT('',(-6.935734568961,22.224920921995,
    19.200817483812));
#1797 = PCURVE('',#1798,#1803);
#1798 = B_SPLINE_SURFACE_WITH_KNOTS('',1,1,(
    (#1799,#1800)
    ,(#1801,#1802
    )),.UNSPECIFIED.,.F.,.F.,.F.,(2,2),(2,2),(0.,1.595314381586E-02),(
    -4.770528411213E-03,0.),.PIECEWISE_BEZIER_KNOTS.);
#1799 = CARTESIAN_POINT('',(-6.935734568961,22.224920921995,
    19.200817483812));
#1800 = CARTESIAN_POINT('',(-6.935734568961,22.224920921995,
    14.430289072599));
#1801 = CARTESIAN_POINT('',(-11.77206572137,37.427312135012,
    19.200817483812));
#1802 = CARTESIAN_POINT('',(-11.77206572137,37.427312135012,
    14.430289072599));
#1803 = DEFINITIONAL_REPRESENTATION('',(#1804),#1807);
#1804 = B_SPLINE_CURVE_WITH_KNOTS('',1,(#1805,#1806),.UNSPECIFIED.,.F.,
  .F.,(2,2),(0.,4.770528411213E-03),.PIECEWISE_BEZIER_KNOTS.);
#1805 = CARTESIAN_POINT('',(0.,0.));
#1806 = CARTESIAN_POINT('',(0.,-4.770528411213E-03));
#1807 = ( GEOMETRIC_REPRESENTATION_CONTEXT(2) 
PARAMETRIC_REPRESENTATION_CONTEXT() REPRESENTATION_CONTEXT('2D SPACE',''
  ) );
#1808 = PCURVE('',#1809,#1816);
#1809 = ( BOUNDED_SURFACE() B_SPLINE_SURFACE(2,1,(
    (#1810,#1811)
    ,(#1812,#1813)
    ,(#1814,#1815
)),.UNSPECIFIED.,.F.,.F.,.F.) B_SPLINE_SURFACE_WITH_KNOTS((3,3),(2,2),(
    3.143833920953,3.444085873625),(-4.770528411213E-03,0.),
.PIECEWISE_BEZIER_KNOTS.) GEOMETRIC_REPRESENTATION_ITEM() 
RATIONAL_B_SPLINE_SURFACE((
    (1.,1.)
    ,(0.988752244422,0.988752244422)
,(1.,1.))) REPRESENTATION_ITEM('') SURFACE() );
#1810 = CARTESIAN_POINT('',(-5.218114306117E-02,23.281941524029,
    19.200817483812));
#1811 = CARTESIAN_POINT('',(-5.218114306117E-02,23.281941524029,
    14.430289072599));
#1812 = CARTESIAN_POINT('',(-3.573902477496,23.274048391724,
    19.200817483812));
#1813 = CARTESIAN_POINT('',(-3.573902477496,23.274048391724,
    14.430289072599));
#1814 = CARTESIAN_POINT('',(-6.935734568961,22.224920921995,
    19.200817483812));
#1815 = CARTESIAN_POINT('',(-6.935734568961,22.224920921995,
    14.430289072599));
#1816 = DEFINITIONAL_REPRESENTATION('',(#1817),#1821);
#1817 = B_SPLINE_CURVE_WITH_KNOTS('',2,(#1818,#1819,#1820),
  .UNSPECIFIED.,.F.,.F.,(3,3),(0.,4.770528411213E-03),
  .PIECEWISE_BEZIER_KNOTS.);
#1818 = CARTESIAN_POINT('',(3.444085873625,0.));
#1819 = CARTESIAN_POINT('',(3.444085873625,-2.385264205606E-03));
#1820 = CARTESIAN_POINT('',(3.444085873625,-4.770528411213E-03));
#1821 = ( GEOMETRIC_REPRESENTATION_CONTEXT(2) 
PARAMETRIC_REPRESENTATION_CONTEXT() REPRESENTATION_CONTEXT('2D SPACE',''
  ) );
#1822 = ORIENTED_EDGE('',*,*,#1823,.T.);
#1823 = EDGE_CURVE('',#1791,#1824,#1826,.T.);
#1824 = VERTEX_POINT('',#1825);
#1825 = CARTESIAN_POINT('',(-11.77206572137,37.427312135012,
    19.200817483812));
#1826 = SURFACE_CURVE('',#1827,(#1830,#1836),.PCURVE_S1.);
#1827 = B_SPLINE_CURVE_WITH_KNOTS('',1,(#1828,#1829),.UNSPECIFIED.,.F.,
  .F.,(2,2),(0.,1.595314381586E-02),.PIECEWISE_BEZIER_KNOTS.);
#1828 = CARTESIAN_POINT('',(-6.935734568961,22.224920921995,
    19.200817483812));
#1829 = CARTESIAN_POINT('',(-11.77206572137,37.427312135012,
    19.200817483812));
#1830 = PCURVE('',#1798,#1831);
#1831 = DEFINITIONAL_REPRESENTATION('',(#1832),#1835);
#1832 = B_SPLINE_CURVE_WITH_KNOTS('',1,(#1833,#1834),.UNSPECIFIED.,.F.,
  .F.,(2,2),(0.,1.595314381586E-02),.PIECEWISE_BEZIER_KNOTS.);
#1833 = CARTESIAN_POINT('',(0.,-4.770528411213E-03));
#1834 = CARTESIAN_POINT('',(1.595314381586E-02,-4.770528411213E-03));
#1835 = ( GEOMETRIC_REPRESENTATION_CONTEXT(2) 
PARAMETRIC_REPRESENTATION_CONTEXT() REPRESENTATION_CONTEXT('2D SPACE',''
  ) );
#1836 = PCURVE('',#1837,#1842);
#1837 = B_SPLINE_SURFACE_WITH_KNOTS('',1,1,(
    (#1838,#1839)
    ,(#1840,#1841
    )),.UNSPECIFIED.,.F.,.F.,.F.,(2,2),(2,2),(-1.177206572138E-02,
    7.429785538303E-18),(2.222492092199E-02,3.9235E-02),
  .PIECEWISE_BEZIER_KNOTS.);
#1838 = CARTESIAN_POINT('',(-11.77206572137,22.224920921995,
    19.200817483812));
#1839 = CARTESIAN_POINT('',(-11.77206572137,39.235,19.200817483812));
#1840 = CARTESIAN_POINT('',(7.207352574682E-15,22.224920921995,
    19.200817483812));
#1841 = CARTESIAN_POINT('',(7.207352574682E-15,39.235,19.200817483812));
#1842 = DEFINITIONAL_REPRESENTATION('',(#1843),#1846);
#1843 = B_SPLINE_CURVE_WITH_KNOTS('',1,(#1844,#1845),.UNSPECIFIED.,.F.,
  .F.,(2,2),(0.,1.595314381586E-02),.PIECEWISE_BEZIER_KNOTS.);
#1844 = CARTESIAN_POINT('',(-6.935734568961E-03,2.222492092199E-02));
#1845 = CARTESIAN_POINT('',(-1.177206572138E-02,3.742731213501E-02));
#1846 = ( GEOMETRIC_REPRESENTATION_CONTEXT(2) 
PARAMETRIC_REPRESENTATION_CONTEXT() REPRESENTATION_CONTEXT('2D SPACE',''
  ) );
#1847 = ORIENTED_EDGE('',*,*,#1848,.F.);
#1848 = EDGE_CURVE('',#1849,#1824,#1851,.T.);
#1849 = VERTEX_POINT('',#1850);
#1850 = CARTESIAN_POINT('',(-11.77206572137,37.427312135012,
    14.430289072599));
#1851 = SURFACE_CURVE('',#1852,(#1855,#1861),.PCURVE_S1.);
#1852 = B_SPLINE_CURVE_WITH_KNOTS('',1,(#1853,#1854),.UNSPECIFIED.,.F.,
  .F.,(2,2),(0.,4.770528411213E-03),.PIECEWISE_BEZIER_KNOTS.);
#1853 = CARTESIAN_POINT('',(-11.77206572137,37.427312135012,
    14.430289072599));
#1854 = CARTESIAN_POINT('',(-11.77206572137,37.427312135012,
    19.200817483812));
#1855 = PCURVE('',#1798,#1856);
#1856 = DEFINITIONAL_REPRESENTATION('',(#1857),#1860);
#1857 = B_SPLINE_CURVE_WITH_KNOTS('',1,(#1858,#1859),.UNSPECIFIED.,.F.,
  .F.,(2,2),(0.,4.770528411213E-03),.PIECEWISE_BEZIER_KNOTS.);
#1858 = CARTESIAN_POINT('',(1.595314381586E-02,0.));
#1859 = CARTESIAN_POINT('',(1.595314381586E-02,-4.770528411213E-03));
#1860 = ( GEOMETRIC_REPRESENTATION_CONTEXT(2) 
PARAMETRIC_REPRESENTATION_CONTEXT() REPRESENTATION_CONTEXT('2D SPACE',''
  ) );
#1861 = PCURVE('',#1862,#1869);
#1862 = ( BOUNDED_SURFACE() B_SPLINE_SURFACE(2,1,(
    (#1863,#1864)
    ,(#1865,#1866)
    ,(#1867,#1868
)),.UNSPECIFIED.,.F.,.F.,.F.) B_SPLINE_SURFACE_WITH_KNOTS((3,3),(2,2),(
    5.978450819781,6.28318530718),(-4.770528411213E-03,0.),
.PIECEWISE_BEZIER_KNOTS.) GEOMETRIC_REPRESENTATION_ITEM() 
RATIONAL_B_SPLINE_SURFACE((
    (1.,1.)
    ,(0.988414551331,0.988414551331)
,(1.,1.))) REPRESENTATION_ITEM('') SURFACE() );
#1863 = CARTESIAN_POINT('',(-11.77206572137,37.427312135012,
    19.200817483812));
#1864 = CARTESIAN_POINT('',(-11.77206572137,37.427312135012,
    14.430289072599));
#1865 = CARTESIAN_POINT('',(-6.024824789589,39.235,19.200817483812));
#1866 = CARTESIAN_POINT('',(-6.024824789589,39.235,14.430289072599));
#1867 = CARTESIAN_POINT('',(-9.609803432909E-15,39.235,19.200817483812)
  );
#1868 = CARTESIAN_POINT('',(-9.609803432909E-15,39.235,14.430289072599)
  );
#1869 = DEFINITIONAL_REPRESENTATION('',(#1870),#1874);
#1870 = B_SPLINE_CURVE_WITH_KNOTS('',2,(#1871,#1872,#1873),
  .UNSPECIFIED.,.F.,.F.,(3,3),(0.,4.770528411213E-03),
  .PIECEWISE_BEZIER_KNOTS.);
#1871 = CARTESIAN_POINT('',(5.978450819781,0.));
#1872 = CARTESIAN_POINT('',(5.978450819781,-2.385264205606E-03));
#1873 = CARTESIAN_POINT('',(5.978450819781,-4.770528411213E-03));
#1874 = ( GEOMETRIC_REPRESENTATION_CONTEXT(2) 
PARAMETRIC_REPRESENTATION_CONTEXT() REPRESENTATION_CONTEXT('2D SPACE',''
  ) );
#1875 = ORIENTED_EDGE('',*,*,#1876,.F.);
#1876 = EDGE_CURVE('',#1789,#1849,#1877,.T.);
#1877 = SURFACE_CURVE('',#1878,(#1881,#1887),.PCURVE_S1.);
#1878 = B_SPLINE_CURVE_WITH_KNOTS('',1,(#1879,#1880),.UNSPECIFIED.,.F.,
  .F.,(2,2),(0.,1.595314381586E-02),.PIECEWISE_BEZIER_KNOTS.);
#1879 = CARTESIAN_POINT('',(-6.935734568961,22.224920921995,
    14.430289072599));
#1880 = CARTESIAN_POINT('',(-11.77206572137,37.427312135012,
    14.430289072599));
#1881 = PCURVE('',#1798,#1882);
#1882 = DEFINITIONAL_REPRESENTATION('',(#1883),#1886);
#1883 = B_SPLINE_CURVE_WITH_KNOTS('',1,(#1884,#1885),.UNSPECIFIED.,.F.,
  .F.,(2,2),(0.,1.595314381586E-02),.PIECEWISE_BEZIER_KNOTS.);
#1884 = CARTESIAN_POINT('',(0.,0.));
#1885 = CARTESIAN_POINT('',(1.595314381586E-02,0.));
#1886 = ( GEOMETRIC_REPRESENTATION_CONTEXT(2) 
PARAMETRIC_REPRESENTATION_CONTEXT() REPRESENTATION_CONTEXT('2D SPACE',''
  ) );
#1887 = PCURVE('',#1888,#1893);
#1888 = B_SPLINE_SURFACE_WITH_KNOTS('',1,1,(
    (#1889,#1890)
    ,(#1891,#1892
    )),.UNSPECIFIED.,.F.,.F.,.F.,(2,2),(2,2),(-7.848702062546E-03,
    9.161377015459E-03),(-4.819598467363E-03,6.952467254013E-03),
  .PIECEWISE_BEZIER_KNOTS.);
#1889 = CARTESIAN_POINT('',(-5.20417042793E-15,39.235,14.430289072599));
#1890 = CARTESIAN_POINT('',(-11.77206572137,39.235,14.430289072599));
#1891 = CARTESIAN_POINT('',(-5.20417042793E-15,22.224920921995,
    14.430289072599));
#1892 = CARTESIAN_POINT('',(-11.77206572137,22.224920921995,
    14.430289072599));
#1893 = DEFINITIONAL_REPRESENTATION('',(#1894),#1897);
#1894 = B_SPLINE_CURVE_WITH_KNOTS('',1,(#1895,#1896),.UNSPECIFIED.,.F.,
  .F.,(2,2),(0.,1.595314381586E-02),.PIECEWISE_BEZIER_KNOTS.);
#1895 = CARTESIAN_POINT('',(9.161377015459E-03,2.116136101598E-03));
#1896 = CARTESIAN_POINT('',(-6.041014197558E-03,6.952467254013E-03));
#1897 = ( GEOMETRIC_REPRESENTATION_CONTEXT(2) 
PARAMETRIC_REPRESENTATION_CONTEXT() REPRESENTATION_CONTEXT('2D SPACE',''
  ) );
#1898 = ADVANCED_FACE('',(#1899),#1862,.T.);
#1899 = FACE_BOUND('',#1900,.T.);
#1900 = EDGE_LOOP('',(#1901,#1902,#1925,#1951));
#1901 = ORIENTED_EDGE('',*,*,#1848,.T.);
#1902 = ORIENTED_EDGE('',*,*,#1903,.F.);
#1903 = EDGE_CURVE('',#1904,#1824,#1906,.T.);
#1904 = VERTEX_POINT('',#1905);
#1905 = CARTESIAN_POINT('',(-1.734723475977E-15,39.235,19.200817483812)
  );
#1906 = SURFACE_CURVE('',#1907,(#1911,#1918),.PCURVE_S1.);
#1907 = ( BOUNDED_CURVE() B_SPLINE_CURVE(2,(#1908,#1909,#1910),
.UNSPECIFIED.,.F.,.F.) B_SPLINE_CURVE_WITH_KNOTS((3,3),(4.712388980385,
5.017123467783),.PIECEWISE_BEZIER_KNOTS.) CURVE() 
GEOMETRIC_REPRESENTATION_ITEM() RATIONAL_B_SPLINE_CURVE((1.,
0.988414551331,1.)) REPRESENTATION_ITEM('') );
#1908 = CARTESIAN_POINT('',(7.207352574682E-15,39.235,19.200817483812));
#1909 = CARTESIAN_POINT('',(-6.024824789589,39.235,19.200817483812));
#1910 = CARTESIAN_POINT('',(-11.77206572137,37.427312135012,
    19.200817483812));
#1911 = PCURVE('',#1862,#1912);
#1912 = DEFINITIONAL_REPRESENTATION('',(#1913),#1917);
#1913 = B_SPLINE_CURVE_WITH_KNOTS('',2,(#1914,#1915,#1916),
  .UNSPECIFIED.,.F.,.F.,(3,3),(4.712388980385,5.017123467783),
  .PIECEWISE_BEZIER_KNOTS.);
#1914 = CARTESIAN_POINT('',(6.28318530718,-4.770528411213E-03));
#1915 = CARTESIAN_POINT('',(6.13081806348,-4.770528411213E-03));
#1916 = CARTESIAN_POINT('',(5.978450819781,-4.770528411213E-03));
#1917 = ( GEOMETRIC_REPRESENTATION_CONTEXT(2) 
PARAMETRIC_REPRESENTATION_CONTEXT() REPRESENTATION_CONTEXT('2D SPACE',''
  ) );
#1918 = PCURVE('',#1837,#1919);
#1919 = DEFINITIONAL_REPRESENTATION('',(#1920),#1924);
#1920 = ( BOUNDED_CURVE() B_SPLINE_CURVE(2,(#1921,#1922,#1923),
.UNSPECIFIED.,.F.,.F.) B_SPLINE_CURVE_WITH_KNOTS((3,3),(4.712388980385,
5.017123467783),.PIECEWISE_BEZIER_KNOTS.) CURVE() 
GEOMETRIC_REPRESENTATION_ITEM() RATIONAL_B_SPLINE_CURVE((1.,
0.988414551331,1.)) REPRESENTATION_ITEM('') );
#1921 = CARTESIAN_POINT('',(7.429785538303E-18,3.9235E-02));
#1922 = CARTESIAN_POINT('',(-6.024824789589E-03,3.9235E-02));
#1923 = CARTESIAN_POINT('',(-1.177206572138E-02,3.742731213501E-02));
#1924 = ( GEOMETRIC_REPRESENTATION_CONTEXT(2) 
PARAMETRIC_REPRESENTATION_CONTEXT() REPRESENTATION_CONTEXT('2D SPACE',''
  ) );
#1925 = ORIENTED_EDGE('',*,*,#1926,.F.);
#1926 = EDGE_CURVE('',#1927,#1904,#1929,.T.);
#1927 = VERTEX_POINT('',#1928);
#1928 = CARTESIAN_POINT('',(-5.20417042793E-15,39.235,14.430289072599));
#1929 = SURFACE_CURVE('',#1930,(#1933,#1940),.PCURVE_S1.);
#1930 = B_SPLINE_CURVE_WITH_KNOTS('',1,(#1931,#1932),.UNSPECIFIED.,.F.,
  .F.,(2,2),(0.,4.770528411213E-03),.PIECEWISE_BEZIER_KNOTS.);
#1931 = CARTESIAN_POINT('',(-5.20417042793E-15,39.235,14.430289072599));
#1932 = CARTESIAN_POINT('',(-5.20417042793E-15,39.235,19.200817483812));
#1933 = PCURVE('',#1862,#1934);
#1934 = DEFINITIONAL_REPRESENTATION('',(#1935),#1939);
#1935 = B_SPLINE_CURVE_WITH_KNOTS('',2,(#1936,#1937,#1938),
  .UNSPECIFIED.,.F.,.F.,(3,3),(0.,4.770528411213E-03),
  .PIECEWISE_BEZIER_KNOTS.);
#1936 = CARTESIAN_POINT('',(6.28318530718,0.));
#1937 = CARTESIAN_POINT('',(6.28318530718,-2.385264205606E-03));
#1938 = CARTESIAN_POINT('',(6.28318530718,-4.770528411213E-03));
#1939 = ( GEOMETRIC_REPRESENTATION_CONTEXT(2) 
PARAMETRIC_REPRESENTATION_CONTEXT() REPRESENTATION_CONTEXT('2D SPACE',''
  ) );
#1940 = PCURVE('',#1941,#1946);
#1941 = B_SPLINE_SURFACE_WITH_KNOTS('',1,1,(
    (#1942,#1943)
    ,(#1944,#1945
    )),.UNSPECIFIED.,.F.,.F.,.F.,(2,2),(2,2),(0.,1.595314381586E-02),(
    -4.770528411213E-03,0.),.PIECEWISE_BEZIER_KNOTS.);
#1942 = CARTESIAN_POINT('',(-5.20417042793E-15,39.235,19.200817483812));
#1943 = CARTESIAN_POINT('',(-5.20417042793E-15,39.235,14.430289072599));
#1944 = CARTESIAN_POINT('',(-5.218114306117E-02,23.281941524029,
    19.200817483812));
#1945 = CARTESIAN_POINT('',(-5.218114306117E-02,23.281941524029,
    14.430289072599));
#1946 = DEFINITIONAL_REPRESENTATION('',(#1947),#1950);
#1947 = B_SPLINE_CURVE_WITH_KNOTS('',1,(#1948,#1949),.UNSPECIFIED.,.F.,
  .F.,(2,2),(0.,4.770528411213E-03),.PIECEWISE_BEZIER_KNOTS.);
#1948 = CARTESIAN_POINT('',(0.,0.));
#1949 = CARTESIAN_POINT('',(0.,-4.770528411213E-03));
#1950 = ( GEOMETRIC_REPRESENTATION_CONTEXT(2) 
PARAMETRIC_REPRESENTATION_CONTEXT() REPRESENTATION_CONTEXT('2D SPACE',''
  ) );
#1951 = ORIENTED_EDGE('',*,*,#1952,.F.);
#1952 = EDGE_CURVE('',#1849,#1927,#1953,.T.);
#1953 = SURFACE_CURVE('',#1954,(#1958,#1965),.PCURVE_S1.);
#1954 = ( BOUNDED_CURVE() B_SPLINE_CURVE(2,(#1955,#1956,#1957),
.UNSPECIFIED.,.F.,.F.) B_SPLINE_CURVE_WITH_KNOTS((3,3),(5.978450819781,
6.28318530718),.PIECEWISE_BEZIER_KNOTS.) CURVE() 
GEOMETRIC_REPRESENTATION_ITEM() RATIONAL_B_SPLINE_CURVE((1.,
0.988414551331,1.)) REPRESENTATION_ITEM('') );
#1955 = CARTESIAN_POINT('',(-11.77206572137,37.427312135012,
    14.430289072599));
#1956 = CARTESIAN_POINT('',(-6.024824789589,39.235,14.430289072599));
#1957 = CARTESIAN_POINT('',(-9.609803432909E-15,39.235,14.430289072599)
  );
#1958 = PCURVE('',#1862,#1959);
#1959 = DEFINITIONAL_REPRESENTATION('',(#1960),#1964);
#1960 = B_SPLINE_CURVE_WITH_KNOTS('',2,(#1961,#1962,#1963),
  .UNSPECIFIED.,.F.,.F.,(3,3),(5.978450819781,6.28318530718),
  .PIECEWISE_BEZIER_KNOTS.);
#1961 = CARTESIAN_POINT('',(5.978450819781,0.));
#1962 = CARTESIAN_POINT('',(6.13081806348,0.));
#1963 = CARTESIAN_POINT('',(6.28318530718,0.));
#1964 = ( GEOMETRIC_REPRESENTATION_CONTEXT(2) 
PARAMETRIC_REPRESENTATION_CONTEXT() REPRESENTATION_CONTEXT('2D SPACE',''
  ) );
#1965 = PCURVE('',#1888,#1966);
#1966 = DEFINITIONAL_REPRESENTATION('',(#1967),#1971);
#1967 = ( BOUNDED_CURVE() B_SPLINE_CURVE(2,(#1968,#1969,#1970),
.UNSPECIFIED.,.F.,.F.) B_SPLINE_CURVE_WITH_KNOTS((3,3),(5.978450819781,
6.28318530718),.PIECEWISE_BEZIER_KNOTS.) CURVE() 
GEOMETRIC_REPRESENTATION_ITEM() RATIONAL_B_SPLINE_CURVE((1.,
0.988414551331,1.)) REPRESENTATION_ITEM('') );
#1968 = CARTESIAN_POINT('',(-6.041014197558E-03,6.952467254013E-03));
#1969 = CARTESIAN_POINT('',(-7.848702062546E-03,1.205226322226E-03));
#1970 = CARTESIAN_POINT('',(-7.848702062546E-03,-4.819598467363E-03));
#1971 = ( GEOMETRIC_REPRESENTATION_CONTEXT(2) 
PARAMETRIC_REPRESENTATION_CONTEXT() REPRESENTATION_CONTEXT('2D SPACE',''
  ) );
#1972 = ADVANCED_FACE('',(#1973),#1941,.T.);
#1973 = FACE_BOUND('',#1974,.T.);
#1974 = EDGE_LOOP('',(#1975,#1976,#1996,#2017));
#1975 = ORIENTED_EDGE('',*,*,#1926,.T.);
#1976 = ORIENTED_EDGE('',*,*,#1977,.T.);
#1977 = EDGE_CURVE('',#1904,#1978,#1980,.T.);
#1978 = VERTEX_POINT('',#1979);
#1979 = CARTESIAN_POINT('',(-5.218114306116E-02,23.281941524029,
    19.200817483812));
#1980 = SURFACE_CURVE('',#1981,(#1984,#1990),.PCURVE_S1.);
#1981 = B_SPLINE_CURVE_WITH_KNOTS('',1,(#1982,#1983),.UNSPECIFIED.,.F.,
  .F.,(2,2),(0.,1.595314381586E-02),.PIECEWISE_BEZIER_KNOTS.);
#1982 = CARTESIAN_POINT('',(-5.20417042793E-15,39.235,19.200817483812));
#1983 = CARTESIAN_POINT('',(-5.218114306117E-02,23.281941524029,
    19.200817483812));
#1984 = PCURVE('',#1941,#1985);
#1985 = DEFINITIONAL_REPRESENTATION('',(#1986),#1989);
#1986 = B_SPLINE_CURVE_WITH_KNOTS('',1,(#1987,#1988),.UNSPECIFIED.,.F.,
  .F.,(2,2),(0.,1.595314381586E-02),.PIECEWISE_BEZIER_KNOTS.);
#1987 = CARTESIAN_POINT('',(0.,-4.770528411213E-03));
#1988 = CARTESIAN_POINT('',(1.595314381586E-02,-4.770528411213E-03));
#1989 = ( GEOMETRIC_REPRESENTATION_CONTEXT(2) 
PARAMETRIC_REPRESENTATION_CONTEXT() REPRESENTATION_CONTEXT('2D SPACE',''
  ) );
#1990 = PCURVE('',#1837,#1991);
#1991 = DEFINITIONAL_REPRESENTATION('',(#1992),#1995);
#1992 = B_SPLINE_CURVE_WITH_KNOTS('',1,(#1993,#1994),.UNSPECIFIED.,.F.,
  .F.,(2,2),(0.,1.595314381586E-02),.PIECEWISE_BEZIER_KNOTS.);
#1993 = CARTESIAN_POINT('',(-4.981737464309E-18,3.9235E-02));
#1994 = CARTESIAN_POINT('',(-5.218114306117E-05,2.328194152403E-02));
#1995 = ( GEOMETRIC_REPRESENTATION_CONTEXT(2) 
PARAMETRIC_REPRESENTATION_CONTEXT() REPRESENTATION_CONTEXT('2D SPACE',''
  ) );
#1996 = ORIENTED_EDGE('',*,*,#1997,.F.);
#1997 = EDGE_CURVE('',#1998,#1978,#2000,.T.);
#1998 = VERTEX_POINT('',#1999);
#1999 = CARTESIAN_POINT('',(-5.218114306116E-02,23.281941524029,
    14.430289072599));
#2000 = SURFACE_CURVE('',#2001,(#2004,#2010),.PCURVE_S1.);
#2001 = B_SPLINE_CURVE_WITH_KNOTS('',1,(#2002,#2003),.UNSPECIFIED.,.F.,
  .F.,(2,2),(0.,4.770528411213E-03),.PIECEWISE_BEZIER_KNOTS.);
#2002 = CARTESIAN_POINT('',(-5.218114306116E-02,23.281941524029,
    14.430289072599));
#2003 = CARTESIAN_POINT('',(-5.218114306116E-02,23.281941524029,
    19.200817483812));
#2004 = PCURVE('',#1941,#2005);
#2005 = DEFINITIONAL_REPRESENTATION('',(#2006),#2009);
#2006 = B_SPLINE_CURVE_WITH_KNOTS('',1,(#2007,#2008),.UNSPECIFIED.,.F.,
  .F.,(2,2),(0.,4.770528411213E-03),.PIECEWISE_BEZIER_KNOTS.);
#2007 = CARTESIAN_POINT('',(1.595314381586E-02,0.));
#2008 = CARTESIAN_POINT('',(1.595314381586E-02,-4.770528411213E-03));
#2009 = ( GEOMETRIC_REPRESENTATION_CONTEXT(2) 
PARAMETRIC_REPRESENTATION_CONTEXT() REPRESENTATION_CONTEXT('2D SPACE',''
  ) );
#2010 = PCURVE('',#1809,#2011);
#2011 = DEFINITIONAL_REPRESENTATION('',(#2012),#2016);
#2012 = B_SPLINE_CURVE_WITH_KNOTS('',2,(#2013,#2014,#2015),
  .UNSPECIFIED.,.F.,.F.,(3,3),(0.,4.770528411213E-03),
  .PIECEWISE_BEZIER_KNOTS.);
#2013 = CARTESIAN_POINT('',(3.143833920953,0.));
#2014 = CARTESIAN_POINT('',(3.143833920953,-2.385264205606E-03));
#2015 = CARTESIAN_POINT('',(3.143833920953,-4.770528411213E-03));
#2016 = ( GEOMETRIC_REPRESENTATION_CONTEXT(2) 
PARAMETRIC_REPRESENTATION_CONTEXT() REPRESENTATION_CONTEXT('2D SPACE',''
  ) );
#2017 = ORIENTED_EDGE('',*,*,#2018,.F.);
#2018 = EDGE_CURVE('',#1927,#1998,#2019,.T.);
#2019 = SURFACE_CURVE('',#2020,(#2023,#2029),.PCURVE_S1.);
#2020 = B_SPLINE_CURVE_WITH_KNOTS('',1,(#2021,#2022),.UNSPECIFIED.,.F.,
  .F.,(2,2),(0.,1.595314381586E-02),.PIECEWISE_BEZIER_KNOTS.);
#2021 = CARTESIAN_POINT('',(-5.20417042793E-15,39.235,14.430289072599));
#2022 = CARTESIAN_POINT('',(-5.218114306117E-02,23.281941524029,
    14.430289072599));
#2023 = PCURVE('',#1941,#2024);
#2024 = DEFINITIONAL_REPRESENTATION('',(#2025),#2028);
#2025 = B_SPLINE_CURVE_WITH_KNOTS('',1,(#2026,#2027),.UNSPECIFIED.,.F.,
  .F.,(2,2),(0.,1.595314381586E-02),.PIECEWISE_BEZIER_KNOTS.);
#2026 = CARTESIAN_POINT('',(0.,0.));
#2027 = CARTESIAN_POINT('',(1.595314381586E-02,0.));
#2028 = ( GEOMETRIC_REPRESENTATION_CONTEXT(2) 
PARAMETRIC_REPRESENTATION_CONTEXT() REPRESENTATION_CONTEXT('2D SPACE',''
  ) );
#2029 = PCURVE('',#1888,#2030);
#2030 = DEFINITIONAL_REPRESENTATION('',(#2031),#2034);
#2031 = B_SPLINE_CURVE_WITH_KNOTS('',1,(#2032,#2033),.UNSPECIFIED.,.F.,
  .F.,(2,2),(0.,1.595314381586E-02),.PIECEWISE_BEZIER_KNOTS.);
#2032 = CARTESIAN_POINT('',(-7.848702062546E-03,-4.819598467363E-03));
#2033 = CARTESIAN_POINT('',(8.104356413425E-03,-4.767417324302E-03));
#2034 = ( GEOMETRIC_REPRESENTATION_CONTEXT(2) 
PARAMETRIC_REPRESENTATION_CONTEXT() REPRESENTATION_CONTEXT('2D SPACE',''
  ) );
#2035 = ADVANCED_FACE('',(#2036),#1809,.T.);
#2036 = FACE_BOUND('',#2037,.T.);
#2037 = EDGE_LOOP('',(#2038,#2039,#2060,#2061));
#2038 = ORIENTED_EDGE('',*,*,#1997,.T.);
#2039 = ORIENTED_EDGE('',*,*,#2040,.T.);
#2040 = EDGE_CURVE('',#1978,#1791,#2041,.T.);
#2041 = SURFACE_CURVE('',#2042,(#2046,#2053),.PCURVE_S1.);
#2042 = ( BOUNDED_CURVE() B_SPLINE_CURVE(2,(#2043,#2044,#2045),
.UNSPECIFIED.,.F.,.F.) B_SPLINE_CURVE_WITH_KNOTS((3,3),(3.143833920953,
3.444085873625),.PIECEWISE_BEZIER_KNOTS.) CURVE() 
GEOMETRIC_REPRESENTATION_ITEM() RATIONAL_B_SPLINE_CURVE((1.,
0.988752244422,1.)) REPRESENTATION_ITEM('') );
#2043 = CARTESIAN_POINT('',(-5.218114306117E-02,23.281941524029,
    19.200817483812));
#2044 = CARTESIAN_POINT('',(-3.573902477496,23.274048391724,
    19.200817483812));
#2045 = CARTESIAN_POINT('',(-6.935734568961,22.224920921995,
    19.200817483812));
#2046 = PCURVE('',#1809,#2047);
#2047 = DEFINITIONAL_REPRESENTATION('',(#2048),#2052);
#2048 = B_SPLINE_CURVE_WITH_KNOTS('',2,(#2049,#2050,#2051),
  .UNSPECIFIED.,.F.,.F.,(3,3),(3.143833920953,3.444085873625),
  .PIECEWISE_BEZIER_KNOTS.);
#2049 = CARTESIAN_POINT('',(3.143833920953,-4.770528411213E-03));
#2050 = CARTESIAN_POINT('',(3.293959897289,-4.770528411213E-03));
#2051 = CARTESIAN_POINT('',(3.444085873625,-4.770528411213E-03));
#2052 = ( GEOMETRIC_REPRESENTATION_CONTEXT(2) 
PARAMETRIC_REPRESENTATION_CONTEXT() REPRESENTATION_CONTEXT('2D SPACE',''
  ) );
#2053 = PCURVE('',#1837,#2054);
#2054 = DEFINITIONAL_REPRESENTATION('',(#2055),#2059);
#2055 = ( BOUNDED_CURVE() B_SPLINE_CURVE(2,(#2056,#2057,#2058),
.UNSPECIFIED.,.F.,.F.) B_SPLINE_CURVE_WITH_KNOTS((3,3),(3.143833920953,
3.444085873625),.PIECEWISE_BEZIER_KNOTS.) CURVE() 
GEOMETRIC_REPRESENTATION_ITEM() RATIONAL_B_SPLINE_CURVE((1.,
0.988752244422,1.)) REPRESENTATION_ITEM('') );
#2056 = CARTESIAN_POINT('',(-5.218114306117E-05,2.328194152403E-02));
#2057 = CARTESIAN_POINT('',(-3.573902477496E-03,2.327404839172E-02));
#2058 = CARTESIAN_POINT('',(-6.935734568961E-03,2.222492092199E-02));
#2059 = ( GEOMETRIC_REPRESENTATION_CONTEXT(2) 
PARAMETRIC_REPRESENTATION_CONTEXT() REPRESENTATION_CONTEXT('2D SPACE',''
  ) );
#2060 = ORIENTED_EDGE('',*,*,#1788,.F.);
#2061 = ORIENTED_EDGE('',*,*,#2062,.F.);
#2062 = EDGE_CURVE('',#1998,#1789,#2063,.T.);
#2063 = SURFACE_CURVE('',#2064,(#2068,#2075),.PCURVE_S1.);
#2064 = ( BOUNDED_CURVE() B_SPLINE_CURVE(2,(#2065,#2066,#2067),
.UNSPECIFIED.,.F.,.F.) B_SPLINE_CURVE_WITH_KNOTS((3,3),(3.143833920953,
3.444085873625),.PIECEWISE_BEZIER_KNOTS.) CURVE() 
GEOMETRIC_REPRESENTATION_ITEM() RATIONAL_B_SPLINE_CURVE((1.,
0.988752244422,1.)) REPRESENTATION_ITEM('') );
#2065 = CARTESIAN_POINT('',(-5.218114306117E-02,23.281941524029,
    14.430289072599));
#2066 = CARTESIAN_POINT('',(-3.573902477496,23.274048391724,
    14.430289072599));
#2067 = CARTESIAN_POINT('',(-6.935734568961,22.224920921995,
    14.430289072599));
#2068 = PCURVE('',#1809,#2069);
#2069 = DEFINITIONAL_REPRESENTATION('',(#2070),#2074);
#2070 = B_SPLINE_CURVE_WITH_KNOTS('',2,(#2071,#2072,#2073),
  .UNSPECIFIED.,.F.,.F.,(3,3),(3.143833920953,3.444085873625),
  .PIECEWISE_BEZIER_KNOTS.);
#2071 = CARTESIAN_POINT('',(3.143833920953,0.));
#2072 = CARTESIAN_POINT('',(3.293959897289,0.));
#2073 = CARTESIAN_POINT('',(3.444085873625,0.));
#2074 = ( GEOMETRIC_REPRESENTATION_CONTEXT(2) 
PARAMETRIC_REPRESENTATION_CONTEXT() REPRESENTATION_CONTEXT('2D SPACE',''
  ) );
#2075 = PCURVE('',#1888,#2076);
#2076 = DEFINITIONAL_REPRESENTATION('',(#2077),#2081);
#2077 = ( BOUNDED_CURVE() B_SPLINE_CURVE(2,(#2078,#2079,#2080),
.UNSPECIFIED.,.F.,.F.) B_SPLINE_CURVE_WITH_KNOTS((3,3),(3.143833920953,
3.444085873625),.PIECEWISE_BEZIER_KNOTS.) CURVE() 
GEOMETRIC_REPRESENTATION_ITEM() RATIONAL_B_SPLINE_CURVE((1.,
0.988752244422,1.)) REPRESENTATION_ITEM('') );
#2078 = CARTESIAN_POINT('',(8.104356413425E-03,-4.767417324302E-03));
#2079 = CARTESIAN_POINT('',(8.11224954573E-03,-1.245695989867E-03));
#2080 = CARTESIAN_POINT('',(9.161377015459E-03,2.116136101598E-03));
#2081 = ( GEOMETRIC_REPRESENTATION_CONTEXT(2) 
PARAMETRIC_REPRESENTATION_CONTEXT() REPRESENTATION_CONTEXT('2D SPACE',''
  ) );
#2082 = ADVANCED_FACE('',(#2083),#1888,.T.);
#2083 = FACE_BOUND('',#2084,.T.);
#2084 = EDGE_LOOP('',(#2085,#2086,#2087,#2088));
#2085 = ORIENTED_EDGE('',*,*,#1876,.T.);
#2086 = ORIENTED_EDGE('',*,*,#1952,.T.);
#2087 = ORIENTED_EDGE('',*,*,#2018,.T.);
#2088 = ORIENTED_EDGE('',*,*,#2062,.T.);
#2089 = ADVANCED_FACE('',(#2090),#1837,.T.);
#2090 = FACE_BOUND('',#2091,.T.);
#2091 = EDGE_LOOP('',(#2092,#2093,#2094,#2095));
#2092 = ORIENTED_EDGE('',*,*,#1977,.F.);
#2093 = ORIENTED_EDGE('',*,*,#1903,.T.);
#2094 = ORIENTED_EDGE('',*,*,#1823,.F.);
#2095 = ORIENTED_EDGE('',*,*,#2040,.F.);
#2096 = ( GEOMETRIC_REPRESENTATION_CONTEXT(3) 
GLOBAL_UNCERTAINTY_ASSIGNED_CONTEXT((#2100)) 
GLOBAL_UNIT_ASSIGNED_CONTEXT((#2097,#2098,#2099)) REPRESENTATION_CONTEXT
('Context #1','3D Context with UNIT and UNCERTAINTY') );
#2097 = ( LENGTH_UNIT() NAMED_UNIT(*) SI_UNIT(.MILLI.,.METRE.) );
#2098 = ( NAMED_UNIT(*) PLANE_ANGLE_UNIT() SI_UNIT($,.RADIAN.) );
#2099 = ( NAMED_UNIT(*) SI_UNIT($,.STERADIAN.) SOLID_ANGLE_UNIT() );
#2100 = UNCERTAINTY_MEASURE_WITH_UNIT(LENGTH_MEASURE(1.E-04),#2097,
  'distance_accuracy_value','confusion accuracy');
#2101 = CONTEXT_DEPENDENT_SHAPE_REPRESENTATION(#2102,#2104);
#2102 = ( REPRESENTATION_RELATIONSHIP('','',#1781,#10) 
REPRESENTATION_RELATIONSHIP_WITH_TRANSFORMATION(#2103) 
SHAPE_REPRESENTATION_RELATIONSHIP() );
#2103 = ITEM_DEFINED_TRANSFORMATION('','',#11,#35);
#2104 = PRODUCT_DEFINITION_SHAPE('Placement','Placement of an item',
  #2105);
#2105 = NEXT_ASSEMBLY_USAGE_OCCURRENCE('7784','','',#5,#1776,$);
#2106 = PRODUCT_RELATED_PRODUCT_CATEGORY('part',$,(#1778));
#2107 = SHAPE_DEFINITION_REPRESENTATION(#2108,#2114);
#2108 = PRODUCT_DEFINITION_SHAPE('','',#2109);
#2109 = PRODUCT_DEFINITION('design','',#2110,#2113);
#2110 = PRODUCT_DEFINITION_FORMATION('','',#2111);
#2111 = PRODUCT('Open CASCADE STEP translator 7.8 200.7',
  'Open CASCADE STEP translator 7.8 200.7','',(#2112));
#2112 = PRODUCT_CONTEXT('',#2,'mechanical');
#2113 = PRODUCT_DEFINITION_CONTEXT('part definition',#2,'design');
#2114 = ADVANCED_BREP_SHAPE_REPRESENTATION('',(#11,#2115),#2429);
#2115 = MANIFOLD_SOLID_BREP('',#2116);
#2116 = CLOSED_SHELL('',(#2117,#2231,#2305,#2368,#2415,#2422));
#2117 = ADVANCED_FACE('',(#2118),#2131,.T.);
#2118 = FACE_BOUND('',#2119,.T.);
#2119 = EDGE_LOOP('',(#2120,#2155,#2180,#2208));
#2120 = ORIENTED_EDGE('',*,*,#2121,.T.);
#2121 = EDGE_CURVE('',#2122,#2124,#2126,.T.);
#2122 = VERTEX_POINT('',#2123);
#2123 = CARTESIAN_POINT('',(-13.46415382064,18.993896016725,
    14.430289072599));
#2124 = VERTEX_POINT('',#2125);
#2125 = CARTESIAN_POINT('',(-13.46415382064,18.993896016725,
    19.200817483812));
#2126 = SURFACE_CURVE('',#2127,(#2130,#2141),.PCURVE_S1.);
#2127 = B_SPLINE_CURVE_WITH_KNOTS('',1,(#2128,#2129),.UNSPECIFIED.,.F.,
  .F.,(2,2),(0.,4.770528411213E-03),.PIECEWISE_BEZIER_KNOTS.);
#2128 = CARTESIAN_POINT('',(-13.46415382064,18.993896016725,
    14.430289072599));
#2129 = CARTESIAN_POINT('',(-13.46415382064,18.993896016725,
    19.200817483812));
#2130 = PCURVE('',#2131,#2136);
#2131 = B_SPLINE_SURFACE_WITH_KNOTS('',1,1,(
    (#2132,#2133)
    ,(#2134,#2135
    )),.UNSPECIFIED.,.F.,.F.,.F.,(2,2),(2,2),(0.,1.595314381586E-02),(
    -4.770528411213E-03,0.),.PIECEWISE_BEZIER_KNOTS.);
#2132 = CARTESIAN_POINT('',(-13.46415382064,18.993896016725,
    19.200817483812));
#2133 = CARTESIAN_POINT('',(-13.46415382064,18.993896016725,
    14.430289072599));
#2134 = CARTESIAN_POINT('',(-22.76157531806,31.957720726611,
    19.200817483812));
#2135 = CARTESIAN_POINT('',(-22.76157531806,31.957720726611,
    14.430289072599));
#2136 = DEFINITIONAL_REPRESENTATION('',(#2137),#2140);
#2137 = B_SPLINE_CURVE_WITH_KNOTS('',1,(#2138,#2139),.UNSPECIFIED.,.F.,
  .F.,(2,2),(0.,4.770528411213E-03),.PIECEWISE_BEZIER_KNOTS.);
#2138 = CARTESIAN_POINT('',(0.,0.));
#2139 = CARTESIAN_POINT('',(0.,-4.770528411213E-03));
#2140 = ( GEOMETRIC_REPRESENTATION_CONTEXT(2) 
PARAMETRIC_REPRESENTATION_CONTEXT() REPRESENTATION_CONTEXT('2D SPACE',''
  ) );
#2141 = PCURVE('',#2142,#2149);
#2142 = ( BOUNDED_SURFACE() B_SPLINE_SURFACE(2,1,(
    (#2143,#2144)
    ,(#2145,#2146)
    ,(#2147,#2148
)),.UNSPECIFIED.,.F.,.F.,.F.) B_SPLINE_SURFACE_WITH_KNOTS((3,3),(2,2),(
    3.143833920953,3.444085873625),(-4.770528411213E-03,0.),
.PIECEWISE_BEZIER_KNOTS.) GEOMETRIC_REPRESENTATION_ITEM() 
RATIONAL_B_SPLINE_SURFACE((
    (1.,1.)
    ,(0.988752244422,0.988752244422)
,(1.,1.))) REPRESENTATION_ITEM('') SURFACE() );
#2143 = CARTESIAN_POINT('',(-7.244142809105,22.126317338439,
    19.200817483812));
#2144 = CARTESIAN_POINT('',(-7.244142809105,22.126317338439,
    14.430289072599));
#2145 = CARTESIAN_POINT('',(-10.59105972077,21.030538781733,
    19.200817483812));
#2146 = CARTESIAN_POINT('',(-10.59105972077,21.030538781733,
    14.430289072599));
#2147 = CARTESIAN_POINT('',(-13.46415382064,18.993896016725,
    19.200817483812));
#2148 = CARTESIAN_POINT('',(-13.46415382064,18.993896016725,
    14.430289072599));
#2149 = DEFINITIONAL_REPRESENTATION('',(#2150),#2154);
#2150 = B_SPLINE_CURVE_WITH_KNOTS('',2,(#2151,#2152,#2153),
  .UNSPECIFIED.,.F.,.F.,(3,3),(0.,4.770528411213E-03),
  .PIECEWISE_BEZIER_KNOTS.);
#2151 = CARTESIAN_POINT('',(3.444085873625,0.));
#2152 = CARTESIAN_POINT('',(3.444085873625,-2.385264205606E-03));
#2153 = CARTESIAN_POINT('',(3.444085873625,-4.770528411213E-03));
#2154 = ( GEOMETRIC_REPRESENTATION_CONTEXT(2) 
PARAMETRIC_REPRESENTATION_CONTEXT() REPRESENTATION_CONTEXT('2D SPACE',''
  ) );
#2155 = ORIENTED_EDGE('',*,*,#2156,.T.);
#2156 = EDGE_CURVE('',#2124,#2157,#2159,.T.);
#2157 = VERTEX_POINT('',#2158);
#2158 = CARTESIAN_POINT('',(-22.76157531806,31.957720726611,
    19.200817483812));
#2159 = SURFACE_CURVE('',#2160,(#2163,#2169),.PCURVE_S1.);
#2160 = B_SPLINE_CURVE_WITH_KNOTS('',1,(#2161,#2162),.UNSPECIFIED.,.F.,
  .F.,(2,2),(0.,1.595314381586E-02),.PIECEWISE_BEZIER_KNOTS.);
#2161 = CARTESIAN_POINT('',(-13.46415382064,18.993896016725,
    19.200817483812));
#2162 = CARTESIAN_POINT('',(-22.76157531806,31.957720726611,
    19.200817483812));
#2163 = PCURVE('',#2131,#2164);
#2164 = DEFINITIONAL_REPRESENTATION('',(#2165),#2168);
#2165 = B_SPLINE_CURVE_WITH_KNOTS('',1,(#2166,#2167),.UNSPECIFIED.,.F.,
  .F.,(2,2),(0.,1.595314381586E-02),.PIECEWISE_BEZIER_KNOTS.);
#2166 = CARTESIAN_POINT('',(0.,-4.770528411213E-03));
#2167 = CARTESIAN_POINT('',(1.595314381586E-02,-4.770528411213E-03));
#2168 = ( GEOMETRIC_REPRESENTATION_CONTEXT(2) 
PARAMETRIC_REPRESENTATION_CONTEXT() REPRESENTATION_CONTEXT('2D SPACE',''
  ) );
#2169 = PCURVE('',#2170,#2175);
#2170 = B_SPLINE_SURFACE_WITH_KNOTS('',1,1,(
    (#2171,#2172)
    ,(#2173,#2174
    )),.UNSPECIFIED.,.F.,.F.,.F.,(2,2),(2,2),(-7.848702062546E-03,
    9.161377015459E-03),(-4.819598467363E-03,6.952467254013E-03),
  .PIECEWISE_BEZIER_KNOTS.);
#2171 = CARTESIAN_POINT('',(-12.1242817743,37.31470241684,
    19.200817483812));
#2172 = CARTESIAN_POINT('',(-23.32018158887,33.676934050036,
    19.200817483812));
#2173 = CARTESIAN_POINT('',(-6.867878263536,21.137155867007,
    19.200817483812));
#2174 = CARTESIAN_POINT('',(-18.0637780781,17.499387500203,
    19.200817483812));
#2175 = DEFINITIONAL_REPRESENTATION('',(#2176),#2179);
#2176 = B_SPLINE_CURVE_WITH_KNOTS('',1,(#2177,#2178),.UNSPECIFIED.,.F.,
  .F.,(2,2),(0.,1.595314381586E-02),.PIECEWISE_BEZIER_KNOTS.);
#2177 = CARTESIAN_POINT('',(9.161377015459E-03,2.116136101598E-03));
#2178 = CARTESIAN_POINT('',(-6.041014197558E-03,6.952467254013E-03));
#2179 = ( GEOMETRIC_REPRESENTATION_CONTEXT(2) 
PARAMETRIC_REPRESENTATION_CONTEXT() REPRESENTATION_CONTEXT('2D SPACE',''
  ) );
#2180 = ORIENTED_EDGE('',*,*,#2181,.F.);
#2181 = EDGE_CURVE('',#2182,#2157,#2184,.T.);
#2182 = VERTEX_POINT('',#2183);
#2183 = CARTESIAN_POINT('',(-22.76157531806,31.957720726611,
    14.430289072599));
#2184 = SURFACE_CURVE('',#2185,(#2188,#2194),.PCURVE_S1.);
#2185 = B_SPLINE_CURVE_WITH_KNOTS('',1,(#2186,#2187),.UNSPECIFIED.,.F.,
  .F.,(2,2),(0.,4.770528411213E-03),.PIECEWISE_BEZIER_KNOTS.);
#2186 = CARTESIAN_POINT('',(-22.76157531806,31.957720726611,
    14.430289072599));
#2187 = CARTESIAN_POINT('',(-22.76157531806,31.957720726611,
    19.200817483812));
#2188 = PCURVE('',#2131,#2189);
#2189 = DEFINITIONAL_REPRESENTATION('',(#2190),#2193);
#2190 = B_SPLINE_CURVE_WITH_KNOTS('',1,(#2191,#2192),.UNSPECIFIED.,.F.,
  .F.,(2,2),(0.,4.770528411213E-03),.PIECEWISE_BEZIER_KNOTS.);
#2191 = CARTESIAN_POINT('',(1.595314381586E-02,0.));
#2192 = CARTESIAN_POINT('',(1.595314381586E-02,-4.770528411213E-03));
#2193 = ( GEOMETRIC_REPRESENTATION_CONTEXT(2) 
PARAMETRIC_REPRESENTATION_CONTEXT() REPRESENTATION_CONTEXT('2D SPACE',''
  ) );
#2194 = PCURVE('',#2195,#2202);
#2195 = ( BOUNDED_SURFACE() B_SPLINE_SURFACE(2,1,(
    (#2196,#2197)
    ,(#2198,#2199)
    ,(#2200,#2201
)),.UNSPECIFIED.,.F.,.F.,.F.) B_SPLINE_SURFACE_WITH_KNOTS((3,3),(2,2),(
    5.978450819781,6.28318530718),(-4.770528411213E-03,0.),
.PIECEWISE_BEZIER_KNOTS.) GEOMETRIC_REPRESENTATION_ITEM() 
RATIONAL_B_SPLINE_SURFACE((
    (1.,1.)
    ,(0.988414551331,0.988414551331)
,(1.,1.))) REPRESENTATION_ITEM('') SURFACE() );
#2196 = CARTESIAN_POINT('',(-22.76157531806,31.957720726611,
    19.200817483812));
#2197 = CARTESIAN_POINT('',(-22.76157531806,31.957720726611,
    14.430289072599));
#2198 = CARTESIAN_POINT('',(-17.85423064997,35.452929168726,
    19.200817483812));
#2199 = CARTESIAN_POINT('',(-17.85423064997,35.452929168726,
    14.430289072599));
#2200 = CARTESIAN_POINT('',(-12.1242817743,37.31470241684,
    19.200817483812));
#2201 = CARTESIAN_POINT('',(-12.1242817743,37.31470241684,
    14.430289072599));
#2202 = DEFINITIONAL_REPRESENTATION('',(#2203),#2207);
#2203 = B_SPLINE_CURVE_WITH_KNOTS('',2,(#2204,#2205,#2206),
  .UNSPECIFIED.,.F.,.F.,(3,3),(0.,4.770528411213E-03),
  .PIECEWISE_BEZIER_KNOTS.);
#2204 = CARTESIAN_POINT('',(5.978450819781,0.));
#2205 = CARTESIAN_POINT('',(5.978450819781,-2.385264205606E-03));
#2206 = CARTESIAN_POINT('',(5.978450819781,-4.770528411213E-03));
#2207 = ( GEOMETRIC_REPRESENTATION_CONTEXT(2) 
PARAMETRIC_REPRESENTATION_CONTEXT() REPRESENTATION_CONTEXT('2D SPACE',''
  ) );
#2208 = ORIENTED_EDGE('',*,*,#2209,.F.);
#2209 = EDGE_CURVE('',#2122,#2182,#2210,.T.);
#2210 = SURFACE_CURVE('',#2211,(#2214,#2220),.PCURVE_S1.);
#2211 = B_SPLINE_CURVE_WITH_KNOTS('',1,(#2212,#2213),.UNSPECIFIED.,.F.,
  .F.,(2,2),(0.,1.595314381586E-02),.PIECEWISE_BEZIER_KNOTS.);
#2212 = CARTESIAN_POINT('',(-13.46415382064,18.993896016725,
    14.430289072599));
#2213 = CARTESIAN_POINT('',(-22.76157531806,31.957720726611,
    14.430289072599));
#2214 = PCURVE('',#2131,#2215);
#2215 = DEFINITIONAL_REPRESENTATION('',(#2216),#2219);
#2216 = B_SPLINE_CURVE_WITH_KNOTS('',1,(#2217,#2218),.UNSPECIFIED.,.F.,
  .F.,(2,2),(0.,1.595314381586E-02),.PIECEWISE_BEZIER_KNOTS.);
#2217 = CARTESIAN_POINT('',(0.,0.));
#2218 = CARTESIAN_POINT('',(1.595314381586E-02,0.));
#2219 = ( GEOMETRIC_REPRESENTATION_CONTEXT(2) 
PARAMETRIC_REPRESENTATION_CONTEXT() REPRESENTATION_CONTEXT('2D SPACE',''
  ) );
#2220 = PCURVE('',#2221,#2226);
#2221 = B_SPLINE_SURFACE_WITH_KNOTS('',1,1,(
    (#2222,#2223)
    ,(#2224,#2225
    )),.UNSPECIFIED.,.F.,.F.,.F.,(2,2),(2,2),(-7.848702062546E-03,
    9.161377015459E-03),(-4.819598467363E-03,6.952467254013E-03),
  .PIECEWISE_BEZIER_KNOTS.);
#2222 = CARTESIAN_POINT('',(-12.1242817743,37.31470241684,
    14.430289072599));
#2223 = CARTESIAN_POINT('',(-23.32018158887,33.676934050036,
    14.430289072599));
#2224 = CARTESIAN_POINT('',(-6.867878263536,21.137155867007,
    14.430289072599));
#2225 = CARTESIAN_POINT('',(-18.0637780781,17.499387500203,
    14.430289072599));
#2226 = DEFINITIONAL_REPRESENTATION('',(#2227),#2230);
#2227 = B_SPLINE_CURVE_WITH_KNOTS('',1,(#2228,#2229),.UNSPECIFIED.,.F.,
  .F.,(2,2),(0.,1.595314381586E-02),.PIECEWISE_BEZIER_KNOTS.);
#2228 = CARTESIAN_POINT('',(9.161377015459E-03,2.116136101598E-03));
#2229 = CARTESIAN_POINT('',(-6.041014197558E-03,6.952467254013E-03));
#2230 = ( GEOMETRIC_REPRESENTATION_CONTEXT(2) 
PARAMETRIC_REPRESENTATION_CONTEXT() REPRESENTATION_CONTEXT('2D SPACE',''
  ) );
#2231 = ADVANCED_FACE('',(#2232),#2195,.T.);
#2232 = FACE_BOUND('',#2233,.T.);
#2233 = EDGE_LOOP('',(#2234,#2235,#2258,#2284));
#2234 = ORIENTED_EDGE('',*,*,#2181,.T.);
#2235 = ORIENTED_EDGE('',*,*,#2236,.T.);
#2236 = EDGE_CURVE('',#2157,#2237,#2239,.T.);
#2237 = VERTEX_POINT('',#2238);
#2238 = CARTESIAN_POINT('',(-12.1242817743,37.31470241684,
    19.200817483812));
#2239 = SURFACE_CURVE('',#2240,(#2244,#2251),.PCURVE_S1.);
#2240 = ( BOUNDED_CURVE() B_SPLINE_CURVE(2,(#2241,#2242,#2243),
.UNSPECIFIED.,.F.,.F.) B_SPLINE_CURVE_WITH_KNOTS((3,3),(5.978450819781,
6.28318530718),.PIECEWISE_BEZIER_KNOTS.) CURVE() 
GEOMETRIC_REPRESENTATION_ITEM() RATIONAL_B_SPLINE_CURVE((1.,
0.988414551331,1.)) REPRESENTATION_ITEM('') );
#2241 = CARTESIAN_POINT('',(-22.76157531806,31.957720726611,
    19.200817483812));
#2242 = CARTESIAN_POINT('',(-17.85423064997,35.452929168726,
    19.200817483812));
#2243 = CARTESIAN_POINT('',(-12.1242817743,37.31470241684,
    19.200817483812));
#2244 = PCURVE('',#2195,#2245);
#2245 = DEFINITIONAL_REPRESENTATION('',(#2246),#2250);
#2246 = B_SPLINE_CURVE_WITH_KNOTS('',2,(#2247,#2248,#2249),
  .UNSPECIFIED.,.F.,.F.,(3,3),(5.978450819781,6.28318530718),
  .PIECEWISE_BEZIER_KNOTS.);
#2247 = CARTESIAN_POINT('',(5.978450819781,-4.770528411213E-03));
#2248 = CARTESIAN_POINT('',(6.13081806348,-4.770528411213E-03));
#2249 = CARTESIAN_POINT('',(6.28318530718,-4.770528411213E-03));
#2250 = ( GEOMETRIC_REPRESENTATION_CONTEXT(2) 
PARAMETRIC_REPRESENTATION_CONTEXT() REPRESENTATION_CONTEXT('2D SPACE',''
  ) );
#2251 = PCURVE('',#2170,#2252);
#2252 = DEFINITIONAL_REPRESENTATION('',(#2253),#2257);
#2253 = ( BOUNDED_CURVE() B_SPLINE_CURVE(2,(#2254,#2255,#2256),
.UNSPECIFIED.,.F.,.F.) B_SPLINE_CURVE_WITH_KNOTS((3,3),(5.978450819781,
6.28318530718),.PIECEWISE_BEZIER_KNOTS.) CURVE() 
GEOMETRIC_REPRESENTATION_ITEM() RATIONAL_B_SPLINE_CURVE((1.,
0.988414551331,1.)) REPRESENTATION_ITEM('') );
#2254 = CARTESIAN_POINT('',(-6.041014197558E-03,6.952467254013E-03));
#2255 = CARTESIAN_POINT('',(-7.848702062546E-03,1.205226322226E-03));
#2256 = CARTESIAN_POINT('',(-7.848702062546E-03,-4.819598467363E-03));
#2257 = ( GEOMETRIC_REPRESENTATION_CONTEXT(2) 
PARAMETRIC_REPRESENTATION_CONTEXT() REPRESENTATION_CONTEXT('2D SPACE',''
  ) );
#2258 = ORIENTED_EDGE('',*,*,#2259,.F.);
#2259 = EDGE_CURVE('',#2260,#2237,#2262,.T.);
#2260 = VERTEX_POINT('',#2261);
#2261 = CARTESIAN_POINT('',(-12.1242817743,37.31470241684,
    14.430289072599));
#2262 = SURFACE_CURVE('',#2263,(#2266,#2273),.PCURVE_S1.);
#2263 = B_SPLINE_CURVE_WITH_KNOTS('',1,(#2264,#2265),.UNSPECIFIED.,.F.,
  .F.,(2,2),(0.,4.770528411213E-03),.PIECEWISE_BEZIER_KNOTS.);
#2264 = CARTESIAN_POINT('',(-12.1242817743,37.31470241684,
    14.430289072599));
#2265 = CARTESIAN_POINT('',(-12.1242817743,37.31470241684,
    19.200817483812));
#2266 = PCURVE('',#2195,#2267);
#2267 = DEFINITIONAL_REPRESENTATION('',(#2268),#2272);
#2268 = B_SPLINE_CURVE_WITH_KNOTS('',2,(#2269,#2270,#2271),
  .UNSPECIFIED.,.F.,.F.,(3,3),(0.,4.770528411213E-03),
  .PIECEWISE_BEZIER_KNOTS.);
#2269 = CARTESIAN_POINT('',(6.28318530718,0.));
#2270 = CARTESIAN_POINT('',(6.28318530718,-2.385264205606E-03));
#2271 = CARTESIAN_POINT('',(6.28318530718,-4.770528411213E-03));
#2272 = ( GEOMETRIC_REPRESENTATION_CONTEXT(2) 
PARAMETRIC_REPRESENTATION_CONTEXT() REPRESENTATION_CONTEXT('2D SPACE',''
  ) );
#2273 = PCURVE('',#2274,#2279);
#2274 = B_SPLINE_SURFACE_WITH_KNOTS('',1,1,(
    (#2275,#2276)
    ,(#2277,#2278
    )),.UNSPECIFIED.,.F.,.F.,.F.,(2,2),(2,2),(0.,1.595314381586E-02),(
    -4.770528411213E-03,0.),.PIECEWISE_BEZIER_KNOTS.);
#2275 = CARTESIAN_POINT('',(-12.1242817743,37.31470241684,
    19.200817483812));
#2276 = CARTESIAN_POINT('',(-12.1242817743,37.31470241684,
    14.430289072599));
#2277 = CARTESIAN_POINT('',(-7.244142809105,22.126317338439,
    19.200817483812));
#2278 = CARTESIAN_POINT('',(-7.244142809105,22.126317338439,
    14.430289072599));
#2279 = DEFINITIONAL_REPRESENTATION('',(#2280),#2283);
#2280 = B_SPLINE_CURVE_WITH_KNOTS('',1,(#2281,#2282),.UNSPECIFIED.,.F.,
  .F.,(2,2),(0.,4.770528411213E-03),.PIECEWISE_BEZIER_KNOTS.);
#2281 = CARTESIAN_POINT('',(0.,0.));
#2282 = CARTESIAN_POINT('',(0.,-4.770528411213E-03));
#2283 = ( GEOMETRIC_REPRESENTATION_CONTEXT(2) 
PARAMETRIC_REPRESENTATION_CONTEXT() REPRESENTATION_CONTEXT('2D SPACE',''
  ) );
#2284 = ORIENTED_EDGE('',*,*,#2285,.F.);
#2285 = EDGE_CURVE('',#2182,#2260,#2286,.T.);
#2286 = SURFACE_CURVE('',#2287,(#2291,#2298),.PCURVE_S1.);
#2287 = ( BOUNDED_CURVE() B_SPLINE_CURVE(2,(#2288,#2289,#2290),
.UNSPECIFIED.,.F.,.F.) B_SPLINE_CURVE_WITH_KNOTS((3,3),(5.978450819781,
6.28318530718),.PIECEWISE_BEZIER_KNOTS.) CURVE() 
GEOMETRIC_REPRESENTATION_ITEM() RATIONAL_B_SPLINE_CURVE((1.,
0.988414551331,1.)) REPRESENTATION_ITEM('') );
#2288 = CARTESIAN_POINT('',(-22.76157531806,31.957720726611,
    14.430289072599));
#2289 = CARTESIAN_POINT('',(-17.85423064997,35.452929168726,
    14.430289072599));
#2290 = CARTESIAN_POINT('',(-12.1242817743,37.31470241684,
    14.430289072599));
#2291 = PCURVE('',#2195,#2292);
#2292 = DEFINITIONAL_REPRESENTATION('',(#2293),#2297);
#2293 = B_SPLINE_CURVE_WITH_KNOTS('',2,(#2294,#2295,#2296),
  .UNSPECIFIED.,.F.,.F.,(3,3),(5.978450819781,6.28318530718),
  .PIECEWISE_BEZIER_KNOTS.);
#2294 = CARTESIAN_POINT('',(5.978450819781,0.));
#2295 = CARTESIAN_POINT('',(6.13081806348,0.));
#2296 = CARTESIAN_POINT('',(6.28318530718,0.));
#2297 = ( GEOMETRIC_REPRESENTATION_CONTEXT(2) 
PARAMETRIC_REPRESENTATION_CONTEXT() REPRESENTATION_CONTEXT('2D SPACE',''
  ) );
#2298 = PCURVE('',#2221,#2299);
#2299 = DEFINITIONAL_REPRESENTATION('',(#2300),#2304);
#2300 = ( BOUNDED_CURVE() B_SPLINE_CURVE(2,(#2301,#2302,#2303),
.UNSPECIFIED.,.F.,.F.) B_SPLINE_CURVE_WITH_KNOTS((3,3),(5.978450819781,
6.28318530718),.PIECEWISE_BEZIER_KNOTS.) CURVE() 
GEOMETRIC_REPRESENTATION_ITEM() RATIONAL_B_SPLINE_CURVE((1.,
0.988414551331,1.)) REPRESENTATION_ITEM('') );
#2301 = CARTESIAN_POINT('',(-6.041014197558E-03,6.952467254013E-03));
#2302 = CARTESIAN_POINT('',(-7.848702062546E-03,1.205226322226E-03));
#2303 = CARTESIAN_POINT('',(-7.848702062546E-03,-4.819598467363E-03));
#2304 = ( GEOMETRIC_REPRESENTATION_CONTEXT(2) 
PARAMETRIC_REPRESENTATION_CONTEXT() REPRESENTATION_CONTEXT('2D SPACE',''
  ) );
#2305 = ADVANCED_FACE('',(#2306),#2274,.T.);
#2306 = FACE_BOUND('',#2307,.T.);
#2307 = EDGE_LOOP('',(#2308,#2309,#2329,#2350));
#2308 = ORIENTED_EDGE('',*,*,#2259,.T.);
#2309 = ORIENTED_EDGE('',*,*,#2310,.T.);
#2310 = EDGE_CURVE('',#2237,#2311,#2313,.T.);
#2311 = VERTEX_POINT('',#2312);
#2312 = CARTESIAN_POINT('',(-7.244142809105,22.126317338439,
    19.200817483812));
#2313 = SURFACE_CURVE('',#2314,(#2317,#2323),.PCURVE_S1.);
#2314 = B_SPLINE_CURVE_WITH_KNOTS('',1,(#2315,#2316),.UNSPECIFIED.,.F.,
  .F.,(2,2),(0.,1.595314381586E-02),.PIECEWISE_BEZIER_KNOTS.);
#2315 = CARTESIAN_POINT('',(-12.1242817743,37.31470241684,
    19.200817483812));
#2316 = CARTESIAN_POINT('',(-7.244142809105,22.126317338439,
    19.200817483812));
#2317 = PCURVE('',#2274,#2318);
#2318 = DEFINITIONAL_REPRESENTATION('',(#2319),#2322);
#2319 = B_SPLINE_CURVE_WITH_KNOTS('',1,(#2320,#2321),.UNSPECIFIED.,.F.,
  .F.,(2,2),(0.,1.595314381586E-02),.PIECEWISE_BEZIER_KNOTS.);
#2320 = CARTESIAN_POINT('',(0.,-4.770528411213E-03));
#2321 = CARTESIAN_POINT('',(1.595314381586E-02,-4.770528411213E-03));
#2322 = ( GEOMETRIC_REPRESENTATION_CONTEXT(2) 
PARAMETRIC_REPRESENTATION_CONTEXT() REPRESENTATION_CONTEXT('2D SPACE',''
  ) );
#2323 = PCURVE('',#2170,#2324);
#2324 = DEFINITIONAL_REPRESENTATION('',(#2325),#2328);
#2325 = B_SPLINE_CURVE_WITH_KNOTS('',1,(#2326,#2327),.UNSPECIFIED.,.F.,
  .F.,(2,2),(0.,1.595314381586E-02),.PIECEWISE_BEZIER_KNOTS.);
#2326 = CARTESIAN_POINT('',(-7.848702062546E-03,-4.819598467363E-03));
#2327 = CARTESIAN_POINT('',(8.104356413425E-03,-4.767417324302E-03));
#2328 = ( GEOMETRIC_REPRESENTATION_CONTEXT(2) 
PARAMETRIC_REPRESENTATION_CONTEXT() REPRESENTATION_CONTEXT('2D SPACE',''
  ) );
#2329 = ORIENTED_EDGE('',*,*,#2330,.F.);
#2330 = EDGE_CURVE('',#2331,#2311,#2333,.T.);
#2331 = VERTEX_POINT('',#2332);
#2332 = CARTESIAN_POINT('',(-7.244142809105,22.126317338439,
    14.430289072599));
#2333 = SURFACE_CURVE('',#2334,(#2337,#2343),.PCURVE_S1.);
#2334 = B_SPLINE_CURVE_WITH_KNOTS('',1,(#2335,#2336),.UNSPECIFIED.,.F.,
  .F.,(2,2),(0.,4.770528411213E-03),.PIECEWISE_BEZIER_KNOTS.);
#2335 = CARTESIAN_POINT('',(-7.244142809105,22.126317338439,
    14.430289072599));
#2336 = CARTESIAN_POINT('',(-7.244142809105,22.126317338439,
    19.200817483812));
#2337 = PCURVE('',#2274,#2338);
#2338 = DEFINITIONAL_REPRESENTATION('',(#2339),#2342);
#2339 = B_SPLINE_CURVE_WITH_KNOTS('',1,(#2340,#2341),.UNSPECIFIED.,.F.,
  .F.,(2,2),(0.,4.770528411213E-03),.PIECEWISE_BEZIER_KNOTS.);
#2340 = CARTESIAN_POINT('',(1.595314381586E-02,0.));
#2341 = CARTESIAN_POINT('',(1.595314381586E-02,-4.770528411213E-03));
#2342 = ( GEOMETRIC_REPRESENTATION_CONTEXT(2) 
PARAMETRIC_REPRESENTATION_CONTEXT() REPRESENTATION_CONTEXT('2D SPACE',''
  ) );
#2343 = PCURVE('',#2142,#2344);
#2344 = DEFINITIONAL_REPRESENTATION('',(#2345),#2349);
#2345 = B_SPLINE_CURVE_WITH_KNOTS('',2,(#2346,#2347,#2348),
  .UNSPECIFIED.,.F.,.F.,(3,3),(0.,4.770528411213E-03),
  .PIECEWISE_BEZIER_KNOTS.);
#2346 = CARTESIAN_POINT('',(3.143833920953,0.));
#2347 = CARTESIAN_POINT('',(3.143833920953,-2.385264205606E-03));
#2348 = CARTESIAN_POINT('',(3.143833920953,-4.770528411213E-03));
#2349 = ( GEOMETRIC_REPRESENTATION_CONTEXT(2) 
PARAMETRIC_REPRESENTATION_CONTEXT() REPRESENTATION_CONTEXT('2D SPACE',''
  ) );
#2350 = ORIENTED_EDGE('',*,*,#2351,.F.);
#2351 = EDGE_CURVE('',#2260,#2331,#2352,.T.);
#2352 = SURFACE_CURVE('',#2353,(#2356,#2362),.PCURVE_S1.);
#2353 = B_SPLINE_CURVE_WITH_KNOTS('',1,(#2354,#2355),.UNSPECIFIED.,.F.,
  .F.,(2,2),(0.,1.595314381586E-02),.PIECEWISE_BEZIER_KNOTS.);
#2354 = CARTESIAN_POINT('',(-12.1242817743,37.31470241684,
    14.430289072599));
#2355 = CARTESIAN_POINT('',(-7.244142809105,22.126317338439,
    14.430289072599));
#2356 = PCURVE('',#2274,#2357);
#2357 = DEFINITIONAL_REPRESENTATION('',(#2358),#2361);
#2358 = B_SPLINE_CURVE_WITH_KNOTS('',1,(#2359,#2360),.UNSPECIFIED.,.F.,
  .F.,(2,2),(0.,1.595314381586E-02),.PIECEWISE_BEZIER_KNOTS.);
#2359 = CARTESIAN_POINT('',(0.,0.));
#2360 = CARTESIAN_POINT('',(1.595314381586E-02,0.));
#2361 = ( GEOMETRIC_REPRESENTATION_CONTEXT(2) 
PARAMETRIC_REPRESENTATION_CONTEXT() REPRESENTATION_CONTEXT('2D SPACE',''
  ) );
#2362 = PCURVE('',#2221,#2363);
#2363 = DEFINITIONAL_REPRESENTATION('',(#2364),#2367);
#2364 = B_SPLINE_CURVE_WITH_KNOTS('',1,(#2365,#2366),.UNSPECIFIED.,.F.,
  .F.,(2,2),(0.,1.595314381586E-02),.PIECEWISE_BEZIER_KNOTS.);
#2365 = CARTESIAN_POINT('',(-7.848702062546E-03,-4.819598467363E-03));
#2366 = CARTESIAN_POINT('',(8.104356413425E-03,-4.767417324302E-03));
#2367 = ( GEOMETRIC_REPRESENTATION_CONTEXT(2) 
PARAMETRIC_REPRESENTATION_CONTEXT() REPRESENTATION_CONTEXT('2D SPACE',''
  ) );
#2368 = ADVANCED_FACE('',(#2369),#2142,.T.);
#2369 = FACE_BOUND('',#2370,.T.);
#2370 = EDGE_LOOP('',(#2371,#2372,#2393,#2394));
#2371 = ORIENTED_EDGE('',*,*,#2330,.T.);
#2372 = ORIENTED_EDGE('',*,*,#2373,.T.);
#2373 = EDGE_CURVE('',#2311,#2124,#2374,.T.);
#2374 = SURFACE_CURVE('',#2375,(#2379,#2386),.PCURVE_S1.);
#2375 = ( BOUNDED_CURVE() B_SPLINE_CURVE(2,(#2376,#2377,#2378),
.UNSPECIFIED.,.F.,.F.) B_SPLINE_CURVE_WITH_KNOTS((3,3),(3.143833920953,
3.444085873625),.PIECEWISE_BEZIER_KNOTS.) CURVE() 
GEOMETRIC_REPRESENTATION_ITEM() RATIONAL_B_SPLINE_CURVE((1.,
0.988752244422,1.)) REPRESENTATION_ITEM('') );
#2376 = CARTESIAN_POINT('',(-7.244142809105,22.126317338439,
    19.200817483812));
#2377 = CARTESIAN_POINT('',(-10.59105972077,21.030538781733,
    19.200817483812));
#2378 = CARTESIAN_POINT('',(-13.46415382064,18.993896016725,
    19.200817483812));
#2379 = PCURVE('',#2142,#2380);
#2380 = DEFINITIONAL_REPRESENTATION('',(#2381),#2385);
#2381 = B_SPLINE_CURVE_WITH_KNOTS('',2,(#2382,#2383,#2384),
  .UNSPECIFIED.,.F.,.F.,(3,3),(3.143833920953,3.444085873625),
  .PIECEWISE_BEZIER_KNOTS.);
#2382 = CARTESIAN_POINT('',(3.143833920953,-4.770528411213E-03));
#2383 = CARTESIAN_POINT('',(3.293959897289,-4.770528411213E-03));
#2384 = CARTESIAN_POINT('',(3.444085873625,-4.770528411213E-03));
#2385 = ( GEOMETRIC_REPRESENTATION_CONTEXT(2) 
PARAMETRIC_REPRESENTATION_CONTEXT() REPRESENTATION_CONTEXT('2D SPACE',''
  ) );
#2386 = PCURVE('',#2170,#2387);
#2387 = DEFINITIONAL_REPRESENTATION('',(#2388),#2392);
#2388 = ( BOUNDED_CURVE() B_SPLINE_CURVE(2,(#2389,#2390,#2391),
.UNSPECIFIED.,.F.,.F.) B_SPLINE_CURVE_WITH_KNOTS((3,3),(3.143833920953,
3.444085873625),.PIECEWISE_BEZIER_KNOTS.) CURVE() 
GEOMETRIC_REPRESENTATION_ITEM() RATIONAL_B_SPLINE_CURVE((1.,
0.988752244422,1.)) REPRESENTATION_ITEM('') );
#2389 = CARTESIAN_POINT('',(8.104356413425E-03,-4.767417324302E-03));
#2390 = CARTESIAN_POINT('',(8.11224954573E-03,-1.245695989867E-03));
#2391 = CARTESIAN_POINT('',(9.161377015459E-03,2.116136101598E-03));
#2392 = ( GEOMETRIC_REPRESENTATION_CONTEXT(2) 
PARAMETRIC_REPRESENTATION_CONTEXT() REPRESENTATION_CONTEXT('2D SPACE',''
  ) );
#2393 = ORIENTED_EDGE('',*,*,#2121,.F.);
#2394 = ORIENTED_EDGE('',*,*,#2395,.F.);
#2395 = EDGE_CURVE('',#2331,#2122,#2396,.T.);
#2396 = SURFACE_CURVE('',#2397,(#2401,#2408),.PCURVE_S1.);
#2397 = ( BOUNDED_CURVE() B_SPLINE_CURVE(2,(#2398,#2399,#2400),
.UNSPECIFIED.,.F.,.F.) B_SPLINE_CURVE_WITH_KNOTS((3,3),(3.143833920953,
3.444085873625),.PIECEWISE_BEZIER_KNOTS.) CURVE() 
GEOMETRIC_REPRESENTATION_ITEM() RATIONAL_B_SPLINE_CURVE((1.,
0.988752244422,1.)) REPRESENTATION_ITEM('') );
#2398 = CARTESIAN_POINT('',(-7.244142809105,22.126317338439,
    14.430289072599));
#2399 = CARTESIAN_POINT('',(-10.59105972077,21.030538781733,
    14.430289072599));
#2400 = CARTESIAN_POINT('',(-13.46415382064,18.993896016725,
    14.430289072599));
#2401 = PCURVE('',#2142,#2402);
#2402 = DEFINITIONAL_REPRESENTATION('',(#2403),#2407);
#2403 = B_SPLINE_CURVE_WITH_KNOTS('',2,(#2404,#2405,#2406),
  .UNSPECIFIED.,.F.,.F.,(3,3),(3.143833920953,3.444085873625),
  .PIECEWISE_BEZIER_KNOTS.);
#2404 = CARTESIAN_POINT('',(3.143833920953,0.));
#2405 = CARTESIAN_POINT('',(3.293959897289,0.));
#2406 = CARTESIAN_POINT('',(3.444085873625,0.));
#2407 = ( GEOMETRIC_REPRESENTATION_CONTEXT(2) 
PARAMETRIC_REPRESENTATION_CONTEXT() REPRESENTATION_CONTEXT('2D SPACE',''
  ) );
#2408 = PCURVE('',#2221,#2409);
#2409 = DEFINITIONAL_REPRESENTATION('',(#2410),#2414);
#2410 = ( BOUNDED_CURVE() B_SPLINE_CURVE(2,(#2411,#2412,#2413),
.UNSPECIFIED.,.F.,.F.) B_SPLINE_CURVE_WITH_KNOTS((3,3),(3.143833920953,
3.444085873625),.PIECEWISE_BEZIER_KNOTS.) CURVE() 
GEOMETRIC_REPRESENTATION_ITEM() RATIONAL_B_SPLINE_CURVE((1.,
0.988752244422,1.)) REPRESENTATION_ITEM('') );
#2411 = CARTESIAN_POINT('',(8.104356413425E-03,-4.767417324302E-03));
#2412 = CARTESIAN_POINT('',(8.11224954573E-03,-1.245695989867E-03));
#2413 = CARTESIAN_POINT('',(9.161377015459E-03,2.116136101598E-03));
#2414 = ( GEOMETRIC_REPRESENTATION_CONTEXT(2) 
PARAMETRIC_REPRESENTATION_CONTEXT() REPRESENTATION_CONTEXT('2D SPACE',''
  ) );
#2415 = ADVANCED_FACE('',(#2416),#2221,.T.);
#2416 = FACE_BOUND('',#2417,.T.);
#2417 = EDGE_LOOP('',(#2418,#2419,#2420,#2421));
#2418 = ORIENTED_EDGE('',*,*,#2209,.T.);
#2419 = ORIENTED_EDGE('',*,*,#2285,.T.);
#2420 = ORIENTED_EDGE('',*,*,#2351,.T.);
#2421 = ORIENTED_EDGE('',*,*,#2395,.T.);
#2422 = ADVANCED_FACE('',(#2423),#2170,.F.);
#2423 = FACE_BOUND('',#2424,.F.);
#2424 = EDGE_LOOP('',(#2425,#2426,#2427,#2428));
#2425 = ORIENTED_EDGE('',*,*,#2156,.T.);
#2426 = ORIENTED_EDGE('',*,*,#2236,.T.);
#2427 = ORIENTED_EDGE('',*,*,#2310,.T.);
#2428 = ORIENTED_EDGE('',*,*,#2373,.T.);
#2429 = ( GEOMETRIC_REPRESENTATION_CONTEXT(3) 
GLOBAL_UNCERTAINTY_ASSIGNED_CONTEXT((#2433)) 
GLOBAL_UNIT_ASSIGNED_CONTEXT((#2430,#2431,#2432)) REPRESENTATION_CONTEXT
('Context #1','3D Context with UNIT and UNCERTAINTY') );
#2430 = ( LENGTH_UNIT() NAMED_UNIT(*) SI_UNIT(.MILLI.,.METRE.) );
#2431 = ( NAMED_UNIT(*) PLANE_ANGLE_UNIT() SI_UNIT($,.RADIAN.) );
#2432 = ( NAMED_UNIT(*) SI_UNIT($,.STERADIAN.) SOLID_ANGLE_UNIT() );
#2433 = UNCERTAINTY_MEASURE_WITH_UNIT(LENGTH_MEASURE(1.E-04),#2430,
  'distance_accuracy_value','confusion accuracy');
#2434 = CONTEXT_DEPENDENT_SHAPE_REPRESENTATION(#2435,#2437);
#2435 = ( REPRESENTATION_RELATIONSHIP('','',#2114,#10) 
REPRESENTATION_RELATIONSHIP_WITH_TRANSFORMATION(#2436) 
SHAPE_REPRESENTATION_RELATIONSHIP() );
#2436 = ITEM_DEFINED_TRANSFORMATION('','',#11,#39);
#2437 = PRODUCT_DEFINITION_SHAPE('Placement','Placement of an item',
  #2438);
#2438 = NEXT_ASSEMBLY_USAGE_OCCURRENCE('7785','','',#5,#2109,$);
#2439 = PRODUCT_RELATED_PRODUCT_CATEGORY('part',$,(#2111));
#2440 = SHAPE_DEFINITION_REPRESENTATION(#2441,#2447);
#2441 = PRODUCT_DEFINITION_SHAPE('','',#2442);
#2442 = PRODUCT_DEFINITION('design','',#2443,#2446);
#2443 = PRODUCT_DEFINITION_FORMATION('','',#2444);
#2444 = PRODUCT('Open CASCADE STEP translator 7.8 200.8',
  'Open CASCADE STEP translator 7.8 200.8','',(#2445));
#2445 = PRODUCT_CONTEXT('',#2,'mechanical');
#2446 = PRODUCT_DEFINITION_CONTEXT('part definition',#2,'design');
#2447 = ADVANCED_BREP_SHAPE_REPRESENTATION('',(#11,#2448),#2762);
#2448 = MANIFOLD_SOLID_BREP('',#2449);
#2449 = CLOSED_SHELL('',(#2450,#2564,#2638,#2701,#2748,#2755));
#2450 = ADVANCED_FACE('',(#2451),#2464,.T.);
#2451 = FACE_BOUND('',#2452,.T.);
#2452 = EDGE_LOOP('',(#2453,#2488,#2513,#2541));
#2453 = ORIENTED_EDGE('',*,*,#2454,.T.);
#2454 = EDGE_CURVE('',#2455,#2457,#2459,.T.);
#2455 = VERTEX_POINT('',#2456);
#2456 = CARTESIAN_POINT('',(-18.67460788607,13.903616231082,
    14.430289072599));
#2457 = VERTEX_POINT('',#2458);
#2458 = CARTESIAN_POINT('',(-18.67460788607,13.903616231082,
    19.200817483812));
#2459 = SURFACE_CURVE('',#2460,(#2463,#2474),.PCURVE_S1.);
#2460 = B_SPLINE_CURVE_WITH_KNOTS('',1,(#2461,#2462),.UNSPECIFIED.,.F.,
  .F.,(2,2),(0.,4.770528411213E-03),.PIECEWISE_BEZIER_KNOTS.);
#2461 = CARTESIAN_POINT('',(-18.67460788607,13.903616231082,
    14.430289072599));
#2462 = CARTESIAN_POINT('',(-18.67460788607,13.903616231082,
    19.200817483812));
#2463 = PCURVE('',#2464,#2469);
#2464 = B_SPLINE_SURFACE_WITH_KNOTS('',1,1,(
    (#2465,#2466)
    ,(#2467,#2468
    )),.UNSPECIFIED.,.F.,.F.,.F.,(2,2),(2,2),(0.,1.595314381586E-02),(
    -4.770528411213E-03,0.),.PIECEWISE_BEZIER_KNOTS.);
#2465 = CARTESIAN_POINT('',(-18.67460788607,13.903616231082,
    19.200817483812));
#2466 = CARTESIAN_POINT('',(-18.67460788607,13.903616231082,
    14.430289072599));
#2467 = CARTESIAN_POINT('',(-31.52302333339,23.359884950957,
    19.200817483812));
#2468 = CARTESIAN_POINT('',(-31.52302333339,23.359884950957,
    14.430289072599));
#2469 = DEFINITIONAL_REPRESENTATION('',(#2470),#2473);
#2470 = B_SPLINE_CURVE_WITH_KNOTS('',1,(#2471,#2472),.UNSPECIFIED.,.F.,
  .F.,(2,2),(0.,4.770528411213E-03),.PIECEWISE_BEZIER_KNOTS.);
#2471 = CARTESIAN_POINT('',(0.,0.));
#2472 = CARTESIAN_POINT('',(0.,-4.770528411213E-03));
#2473 = ( GEOMETRIC_REPRESENTATION_CONTEXT(2) 
PARAMETRIC_REPRESENTATION_CONTEXT() REPRESENTATION_CONTEXT('2D SPACE',''
  ) );
#2474 = PCURVE('',#2475,#2482);
#2475 = ( BOUNDED_SURFACE() B_SPLINE_SURFACE(2,1,(
    (#2476,#2477)
    ,(#2478,#2479)
    ,(#2480,#2481
)),.UNSPECIFIED.,.F.,.F.,.F.) B_SPLINE_SURFACE_WITH_KNOTS((3,3),(2,2),(
    3.143833920953,3.444085873625),(-4.770528411213E-03,0.),
.PIECEWISE_BEZIER_KNOTS.) GEOMETRIC_REPRESENTATION_ITEM() 
RATIONAL_B_SPLINE_SURFACE((
    (1.,1.)
    ,(0.988752244422,0.988752244422)
,(1.,1.))) REPRESENTATION_ITEM('') SURFACE() );
#2476 = CARTESIAN_POINT('',(-13.72699730408,18.804815048644,
    19.200817483812));
#2477 = CARTESIAN_POINT('',(-13.72699730408,18.804815048644,
    14.430289072599));
#2478 = CARTESIAN_POINT('',(-16.57149024632,16.728413507406,
    19.200817483812));
#2479 = CARTESIAN_POINT('',(-16.57149024632,16.728413507406,
    14.430289072599));
#2480 = CARTESIAN_POINT('',(-18.67460788607,13.903616231082,
    19.200817483812));
#2481 = CARTESIAN_POINT('',(-18.67460788607,13.903616231082,
    14.430289072599));
#2482 = DEFINITIONAL_REPRESENTATION('',(#2483),#2487);
#2483 = B_SPLINE_CURVE_WITH_KNOTS('',2,(#2484,#2485,#2486),
  .UNSPECIFIED.,.F.,.F.,(3,3),(0.,4.770528411213E-03),
  .PIECEWISE_BEZIER_KNOTS.);
#2484 = CARTESIAN_POINT('',(3.444085873625,0.));
#2485 = CARTESIAN_POINT('',(3.444085873625,-2.385264205606E-03));
#2486 = CARTESIAN_POINT('',(3.444085873625,-4.770528411213E-03));
#2487 = ( GEOMETRIC_REPRESENTATION_CONTEXT(2) 
PARAMETRIC_REPRESENTATION_CONTEXT() REPRESENTATION_CONTEXT('2D SPACE',''
  ) );
#2488 = ORIENTED_EDGE('',*,*,#2489,.T.);
#2489 = EDGE_CURVE('',#2457,#2490,#2492,.T.);
#2490 = VERTEX_POINT('',#2491);
#2491 = CARTESIAN_POINT('',(-31.52302333339,23.359884950957,
    19.200817483812));
#2492 = SURFACE_CURVE('',#2493,(#2496,#2502),.PCURVE_S1.);
#2493 = B_SPLINE_CURVE_WITH_KNOTS('',1,(#2494,#2495),.UNSPECIFIED.,.F.,
  .F.,(2,2),(0.,1.595314381586E-02),.PIECEWISE_BEZIER_KNOTS.);
#2494 = CARTESIAN_POINT('',(-18.67460788607,13.903616231082,
    19.200817483812));
#2495 = CARTESIAN_POINT('',(-31.52302333339,23.359884950957,
    19.200817483812));
#2496 = PCURVE('',#2464,#2497);
#2497 = DEFINITIONAL_REPRESENTATION('',(#2498),#2501);
#2498 = B_SPLINE_CURVE_WITH_KNOTS('',1,(#2499,#2500),.UNSPECIFIED.,.F.,
  .F.,(2,2),(0.,1.595314381586E-02),.PIECEWISE_BEZIER_KNOTS.);
#2499 = CARTESIAN_POINT('',(0.,-4.770528411213E-03));
#2500 = CARTESIAN_POINT('',(1.595314381586E-02,-4.770528411213E-03));
#2501 = ( GEOMETRIC_REPRESENTATION_CONTEXT(2) 
PARAMETRIC_REPRESENTATION_CONTEXT() REPRESENTATION_CONTEXT('2D SPACE',''
  ) );
#2502 = PCURVE('',#2503,#2508);
#2503 = B_SPLINE_SURFACE_WITH_KNOTS('',1,1,(
    (#2504,#2505)
    ,(#2506,#2507
    )),.UNSPECIFIED.,.F.,.F.,.F.,(2,2),(2,2),(-7.848702062546E-03,
    9.161377015459E-03),(-4.819598467363E-03,6.952467254013E-03),
  .PIECEWISE_BEZIER_KNOTS.);
#2504 = CARTESIAN_POINT('',(-23.06175437369,31.741781774301,
    19.200817483812));
#2505 = CARTESIAN_POINT('',(-32.58555560118,24.822335154258,
    19.200817483812));
#2506 = CARTESIAN_POINT('',(-13.06348075131,17.980338724533,
    19.200817483812));
#2507 = CARTESIAN_POINT('',(-22.5872819788,11.06089210449,
    19.200817483812));
#2508 = DEFINITIONAL_REPRESENTATION('',(#2509),#2512);
#2509 = B_SPLINE_CURVE_WITH_KNOTS('',1,(#2510,#2511),.UNSPECIFIED.,.F.,
  .F.,(2,2),(0.,1.595314381586E-02),.PIECEWISE_BEZIER_KNOTS.);
#2510 = CARTESIAN_POINT('',(9.161377015459E-03,2.116136101598E-03));
#2511 = CARTESIAN_POINT('',(-6.041014197558E-03,6.952467254013E-03));
#2512 = ( GEOMETRIC_REPRESENTATION_CONTEXT(2) 
PARAMETRIC_REPRESENTATION_CONTEXT() REPRESENTATION_CONTEXT('2D SPACE',''
  ) );
#2513 = ORIENTED_EDGE('',*,*,#2514,.F.);
#2514 = EDGE_CURVE('',#2515,#2490,#2517,.T.);
#2515 = VERTEX_POINT('',#2516);
#2516 = CARTESIAN_POINT('',(-31.52302333339,23.359884950957,
    14.430289072599));
#2517 = SURFACE_CURVE('',#2518,(#2521,#2527),.PCURVE_S1.);
#2518 = B_SPLINE_CURVE_WITH_KNOTS('',1,(#2519,#2520),.UNSPECIFIED.,.F.,
  .F.,(2,2),(0.,4.770528411213E-03),.PIECEWISE_BEZIER_KNOTS.);
#2519 = CARTESIAN_POINT('',(-31.52302333339,23.359884950957,
    14.430289072599));
#2520 = CARTESIAN_POINT('',(-31.52302333339,23.359884950957,
    19.200817483812));
#2521 = PCURVE('',#2464,#2522);
#2522 = DEFINITIONAL_REPRESENTATION('',(#2523),#2526);
#2523 = B_SPLINE_CURVE_WITH_KNOTS('',1,(#2524,#2525),.UNSPECIFIED.,.F.,
  .F.,(2,2),(0.,4.770528411213E-03),.PIECEWISE_BEZIER_KNOTS.);
#2524 = CARTESIAN_POINT('',(1.595314381586E-02,0.));
#2525 = CARTESIAN_POINT('',(1.595314381586E-02,-4.770528411213E-03));
#2526 = ( GEOMETRIC_REPRESENTATION_CONTEXT(2) 
PARAMETRIC_REPRESENTATION_CONTEXT() REPRESENTATION_CONTEXT('2D SPACE',''
  ) );
#2527 = PCURVE('',#2528,#2535);
#2528 = ( BOUNDED_SURFACE() B_SPLINE_SURFACE(2,1,(
    (#2529,#2530)
    ,(#2531,#2532)
    ,(#2533,#2534
)),.UNSPECIFIED.,.F.,.F.,.F.) B_SPLINE_SURFACE_WITH_KNOTS((3,3),(2,2),(
    5.978450819781,6.28318530718),(-4.770528411213E-03,0.),
.PIECEWISE_BEZIER_KNOTS.) GEOMETRIC_REPRESENTATION_ITEM() 
RATIONAL_B_SPLINE_SURFACE((
    (1.,1.)
    ,(0.988414551331,0.988414551331)
,(1.,1.))) REPRESENTATION_ITEM('') SURFACE() );
#2529 = CARTESIAN_POINT('',(-31.52302333339,23.359884950957,
    19.200817483812));
#2530 = CARTESIAN_POINT('',(-31.52302333339,23.359884950957,
    14.430289072599));
#2531 = CARTESIAN_POINT('',(-27.9359400166,28.200478615335,
    19.200817483812));
#2532 = CARTESIAN_POINT('',(-27.9359400166,28.200478615335,
    14.430289072599));
#2533 = CARTESIAN_POINT('',(-23.06175437369,31.741781774301,
    19.200817483812));
#2534 = CARTESIAN_POINT('',(-23.06175437369,31.741781774301,
    14.430289072599));
#2535 = DEFINITIONAL_REPRESENTATION('',(#2536),#2540);
#2536 = B_SPLINE_CURVE_WITH_KNOTS('',2,(#2537,#2538,#2539),
  .UNSPECIFIED.,.F.,.F.,(3,3),(0.,4.770528411213E-03),
  .PIECEWISE_BEZIER_KNOTS.);
#2537 = CARTESIAN_POINT('',(5.978450819781,0.));
#2538 = CARTESIAN_POINT('',(5.978450819781,-2.385264205606E-03));
#2539 = CARTESIAN_POINT('',(5.978450819781,-4.770528411213E-03));
#2540 = ( GEOMETRIC_REPRESENTATION_CONTEXT(2) 
PARAMETRIC_REPRESENTATION_CONTEXT() REPRESENTATION_CONTEXT('2D SPACE',''
  ) );
#2541 = ORIENTED_EDGE('',*,*,#2542,.F.);
#2542 = EDGE_CURVE('',#2455,#2515,#2543,.T.);
#2543 = SURFACE_CURVE('',#2544,(#2547,#2553),.PCURVE_S1.);
#2544 = B_SPLINE_CURVE_WITH_KNOTS('',1,(#2545,#2546),.UNSPECIFIED.,.F.,
  .F.,(2,2),(0.,1.595314381586E-02),.PIECEWISE_BEZIER_KNOTS.);
#2545 = CARTESIAN_POINT('',(-18.67460788607,13.903616231082,
    14.430289072599));
#2546 = CARTESIAN_POINT('',(-31.52302333339,23.359884950957,
    14.430289072599));
#2547 = PCURVE('',#2464,#2548);
#2548 = DEFINITIONAL_REPRESENTATION('',(#2549),#2552);
#2549 = B_SPLINE_CURVE_WITH_KNOTS('',1,(#2550,#2551),.UNSPECIFIED.,.F.,
  .F.,(2,2),(0.,1.595314381586E-02),.PIECEWISE_BEZIER_KNOTS.);
#2550 = CARTESIAN_POINT('',(0.,0.));
#2551 = CARTESIAN_POINT('',(1.595314381586E-02,0.));
#2552 = ( GEOMETRIC_REPRESENTATION_CONTEXT(2) 
PARAMETRIC_REPRESENTATION_CONTEXT() REPRESENTATION_CONTEXT('2D SPACE',''
  ) );
#2553 = PCURVE('',#2554,#2559);
#2554 = B_SPLINE_SURFACE_WITH_KNOTS('',1,1,(
    (#2555,#2556)
    ,(#2557,#2558
    )),.UNSPECIFIED.,.F.,.F.,.F.,(2,2),(2,2),(-7.848702062546E-03,
    9.161377015459E-03),(-4.819598467363E-03,6.952467254013E-03),
  .PIECEWISE_BEZIER_KNOTS.);
#2555 = CARTESIAN_POINT('',(-23.06175437369,31.741781774301,
    14.430289072599));
#2556 = CARTESIAN_POINT('',(-32.58555560118,24.822335154258,
    14.430289072599));
#2557 = CARTESIAN_POINT('',(-13.06348075131,17.980338724533,
    14.430289072599));
#2558 = CARTESIAN_POINT('',(-22.5872819788,11.06089210449,
    14.430289072599));
#2559 = DEFINITIONAL_REPRESENTATION('',(#2560),#2563);
#2560 = B_SPLINE_CURVE_WITH_KNOTS('',1,(#2561,#2562),.UNSPECIFIED.,.F.,
  .F.,(2,2),(0.,1.595314381586E-02),.PIECEWISE_BEZIER_KNOTS.);
#2561 = CARTESIAN_POINT('',(9.161377015459E-03,2.116136101598E-03));
#2562 = CARTESIAN_POINT('',(-6.041014197558E-03,6.952467254013E-03));
#2563 = ( GEOMETRIC_REPRESENTATION_CONTEXT(2) 
PARAMETRIC_REPRESENTATION_CONTEXT() REPRESENTATION_CONTEXT('2D SPACE',''
  ) );
#2564 = ADVANCED_FACE('',(#2565),#2528,.T.);
#2565 = FACE_BOUND('',#2566,.T.);
#2566 = EDGE_LOOP('',(#2567,#2568,#2591,#2617));
#2567 = ORIENTED_EDGE('',*,*,#2514,.T.);
#2568 = ORIENTED_EDGE('',*,*,#2569,.T.);
#2569 = EDGE_CURVE('',#2490,#2570,#2572,.T.);
#2570 = VERTEX_POINT('',#2571);
#2571 = CARTESIAN_POINT('',(-23.06175437369,31.741781774301,
    19.200817483812));
#2572 = SURFACE_CURVE('',#2573,(#2577,#2584),.PCURVE_S1.);
#2573 = ( BOUNDED_CURVE() B_SPLINE_CURVE(2,(#2574,#2575,#2576),
.UNSPECIFIED.,.F.,.F.) B_SPLINE_CURVE_WITH_KNOTS((3,3),(5.978450819781,
6.28318530718),.PIECEWISE_BEZIER_KNOTS.) CURVE() 
GEOMETRIC_REPRESENTATION_ITEM() RATIONAL_B_SPLINE_CURVE((1.,
0.988414551331,1.)) REPRESENTATION_ITEM('') );
#2574 = CARTESIAN_POINT('',(-31.52302333339,23.359884950957,
    19.200817483812));
#2575 = CARTESIAN_POINT('',(-27.9359400166,28.200478615335,
    19.200817483812));
#2576 = CARTESIAN_POINT('',(-23.06175437369,31.741781774301,
    19.200817483812));
#2577 = PCURVE('',#2528,#2578);
#2578 = DEFINITIONAL_REPRESENTATION('',(#2579),#2583);
#2579 = B_SPLINE_CURVE_WITH_KNOTS('',2,(#2580,#2581,#2582),
  .UNSPECIFIED.,.F.,.F.,(3,3),(5.978450819781,6.28318530718),
  .PIECEWISE_BEZIER_KNOTS.);
#2580 = CARTESIAN_POINT('',(5.978450819781,-4.770528411213E-03));
#2581 = CARTESIAN_POINT('',(6.13081806348,-4.770528411213E-03));
#2582 = CARTESIAN_POINT('',(6.28318530718,-4.770528411213E-03));
#2583 = ( GEOMETRIC_REPRESENTATION_CONTEXT(2) 
PARAMETRIC_REPRESENTATION_CONTEXT() REPRESENTATION_CONTEXT('2D SPACE',''
  ) );
#2584 = PCURVE('',#2503,#2585);
#2585 = DEFINITIONAL_REPRESENTATION('',(#2586),#2590);
#2586 = ( BOUNDED_CURVE() B_SPLINE_CURVE(2,(#2587,#2588,#2589),
.UNSPECIFIED.,.F.,.F.) B_SPLINE_CURVE_WITH_KNOTS((3,3),(5.978450819781,
6.28318530718),.PIECEWISE_BEZIER_KNOTS.) CURVE() 
GEOMETRIC_REPRESENTATION_ITEM() RATIONAL_B_SPLINE_CURVE((1.,
0.988414551331,1.)) REPRESENTATION_ITEM('') );
#2587 = CARTESIAN_POINT('',(-6.041014197558E-03,6.952467254013E-03));
#2588 = CARTESIAN_POINT('',(-7.848702062546E-03,1.205226322226E-03));
#2589 = CARTESIAN_POINT('',(-7.848702062546E-03,-4.819598467363E-03));
#2590 = ( GEOMETRIC_REPRESENTATION_CONTEXT(2) 
PARAMETRIC_REPRESENTATION_CONTEXT() REPRESENTATION_CONTEXT('2D SPACE',''
  ) );
#2591 = ORIENTED_EDGE('',*,*,#2592,.F.);
#2592 = EDGE_CURVE('',#2593,#2570,#2595,.T.);
#2593 = VERTEX_POINT('',#2594);
#2594 = CARTESIAN_POINT('',(-23.06175437369,31.741781774301,
    14.430289072599));
#2595 = SURFACE_CURVE('',#2596,(#2599,#2606),.PCURVE_S1.);
#2596 = B_SPLINE_CURVE_WITH_KNOTS('',1,(#2597,#2598),.UNSPECIFIED.,.F.,
  .F.,(2,2),(0.,4.770528411213E-03),.PIECEWISE_BEZIER_KNOTS.);
#2597 = CARTESIAN_POINT('',(-23.06175437369,31.741781774301,
    14.430289072599));
#2598 = CARTESIAN_POINT('',(-23.06175437369,31.741781774301,
    19.200817483812));
#2599 = PCURVE('',#2528,#2600);
#2600 = DEFINITIONAL_REPRESENTATION('',(#2601),#2605);
#2601 = B_SPLINE_CURVE_WITH_KNOTS('',2,(#2602,#2603,#2604),
  .UNSPECIFIED.,.F.,.F.,(3,3),(0.,4.770528411213E-03),
  .PIECEWISE_BEZIER_KNOTS.);
#2602 = CARTESIAN_POINT('',(6.28318530718,0.));
#2603 = CARTESIAN_POINT('',(6.28318530718,-2.385264205606E-03));
#2604 = CARTESIAN_POINT('',(6.28318530718,-4.770528411213E-03));
#2605 = ( GEOMETRIC_REPRESENTATION_CONTEXT(2) 
PARAMETRIC_REPRESENTATION_CONTEXT() REPRESENTATION_CONTEXT('2D SPACE',''
  ) );
#2606 = PCURVE('',#2607,#2612);
#2607 = B_SPLINE_SURFACE_WITH_KNOTS('',1,1,(
    (#2608,#2609)
    ,(#2610,#2611
    )),.UNSPECIFIED.,.F.,.F.,.F.,(2,2),(2,2),(0.,1.595314381586E-02),(
    -4.770528411213E-03,0.),.PIECEWISE_BEZIER_KNOTS.);
#2608 = CARTESIAN_POINT('',(-23.06175437369,31.741781774301,
    19.200817483812));
#2609 = CARTESIAN_POINT('',(-23.06175437369,31.741781774301,
    14.430289072599));
#2610 = CARTESIAN_POINT('',(-13.72699730408,18.804815048644,
    19.200817483812));
#2611 = CARTESIAN_POINT('',(-13.72699730408,18.804815048644,
    14.430289072599));
#2612 = DEFINITIONAL_REPRESENTATION('',(#2613),#2616);
#2613 = B_SPLINE_CURVE_WITH_KNOTS('',1,(#2614,#2615),.UNSPECIFIED.,.F.,
  .F.,(2,2),(0.,4.770528411213E-03),.PIECEWISE_BEZIER_KNOTS.);
#2614 = CARTESIAN_POINT('',(0.,0.));
#2615 = CARTESIAN_POINT('',(0.,-4.770528411213E-03));
#2616 = ( GEOMETRIC_REPRESENTATION_CONTEXT(2) 
PARAMETRIC_REPRESENTATION_CONTEXT() REPRESENTATION_CONTEXT('2D SPACE',''
  ) );
#2617 = ORIENTED_EDGE('',*,*,#2618,.F.);
#2618 = EDGE_CURVE('',#2515,#2593,#2619,.T.);
#2619 = SURFACE_CURVE('',#2620,(#2624,#2631),.PCURVE_S1.);
#2620 = ( BOUNDED_CURVE() B_SPLINE_CURVE(2,(#2621,#2622,#2623),
.UNSPECIFIED.,.F.,.F.) B_SPLINE_CURVE_WITH_KNOTS((3,3),(5.978450819781,
6.28318530718),.PIECEWISE_BEZIER_KNOTS.) CURVE() 
GEOMETRIC_REPRESENTATION_ITEM() RATIONAL_B_SPLINE_CURVE((1.,
0.988414551331,1.)) REPRESENTATION_ITEM('') );
#2621 = CARTESIAN_POINT('',(-31.52302333339,23.359884950957,
    14.430289072599));
#2622 = CARTESIAN_POINT('',(-27.9359400166,28.200478615335,
    14.430289072599));
#2623 = CARTESIAN_POINT('',(-23.06175437369,31.741781774301,
    14.430289072599));
#2624 = PCURVE('',#2528,#2625);
#2625 = DEFINITIONAL_REPRESENTATION('',(#2626),#2630);
#2626 = B_SPLINE_CURVE_WITH_KNOTS('',2,(#2627,#2628,#2629),
  .UNSPECIFIED.,.F.,.F.,(3,3),(5.978450819781,6.28318530718),
  .PIECEWISE_BEZIER_KNOTS.);
#2627 = CARTESIAN_POINT('',(5.978450819781,0.));
#2628 = CARTESIAN_POINT('',(6.13081806348,0.));
#2629 = CARTESIAN_POINT('',(6.28318530718,0.));
#2630 = ( GEOMETRIC_REPRESENTATION_CONTEXT(2) 
PARAMETRIC_REPRESENTATION_CONTEXT() REPRESENTATION_CONTEXT('2D SPACE',''
  ) );
#2631 = PCURVE('',#2554,#2632);
#2632 = DEFINITIONAL_REPRESENTATION('',(#2633),#2637);
#2633 = ( BOUNDED_CURVE() B_SPLINE_CURVE(2,(#2634,#2635,#2636),
.UNSPECIFIED.,.F.,.F.) B_SPLINE_CURVE_WITH_KNOTS((3,3),(5.978450819781,
6.28318530718),.PIECEWISE_BEZIER_KNOTS.) CURVE() 
GEOMETRIC_REPRESENTATION_ITEM() RATIONAL_B_SPLINE_CURVE((1.,
0.988414551331,1.)) REPRESENTATION_ITEM('') );
#2634 = CARTESIAN_POINT('',(-6.041014197558E-03,6.952467254013E-03));
#2635 = CARTESIAN_POINT('',(-7.848702062546E-03,1.205226322226E-03));
#2636 = CARTESIAN_POINT('',(-7.848702062546E-03,-4.819598467363E-03));
#2637 = ( GEOMETRIC_REPRESENTATION_CONTEXT(2) 
PARAMETRIC_REPRESENTATION_CONTEXT() REPRESENTATION_CONTEXT('2D SPACE',''
  ) );
#2638 = ADVANCED_FACE('',(#2639),#2607,.T.);
#2639 = FACE_BOUND('',#2640,.T.);
#2640 = EDGE_LOOP('',(#2641,#2642,#2662,#2683));
#2641 = ORIENTED_EDGE('',*,*,#2592,.T.);
#2642 = ORIENTED_EDGE('',*,*,#2643,.T.);
#2643 = EDGE_CURVE('',#2570,#2644,#2646,.T.);
#2644 = VERTEX_POINT('',#2645);
#2645 = CARTESIAN_POINT('',(-13.72699730408,18.804815048644,
    19.200817483812));
#2646 = SURFACE_CURVE('',#2647,(#2650,#2656),.PCURVE_S1.);
#2647 = B_SPLINE_CURVE_WITH_KNOTS('',1,(#2648,#2649),.UNSPECIFIED.,.F.,
  .F.,(2,2),(0.,1.595314381586E-02),.PIECEWISE_BEZIER_KNOTS.);
#2648 = CARTESIAN_POINT('',(-23.06175437369,31.741781774301,
    19.200817483812));
#2649 = CARTESIAN_POINT('',(-13.72699730408,18.804815048644,
    19.200817483812));
#2650 = PCURVE('',#2607,#2651);
#2651 = DEFINITIONAL_REPRESENTATION('',(#2652),#2655);
#2652 = B_SPLINE_CURVE_WITH_KNOTS('',1,(#2653,#2654),.UNSPECIFIED.,.F.,
  .F.,(2,2),(0.,1.595314381586E-02),.PIECEWISE_BEZIER_KNOTS.);
#2653 = CARTESIAN_POINT('',(0.,-4.770528411213E-03));
#2654 = CARTESIAN_POINT('',(1.595314381586E-02,-4.770528411213E-03));
#2655 = ( GEOMETRIC_REPRESENTATION_CONTEXT(2) 
PARAMETRIC_REPRESENTATION_CONTEXT() REPRESENTATION_CONTEXT('2D SPACE',''
  ) );
#2656 = PCURVE('',#2503,#2657);
#2657 = DEFINITIONAL_REPRESENTATION('',(#2658),#2661);
#2658 = B_SPLINE_CURVE_WITH_KNOTS('',1,(#2659,#2660),.UNSPECIFIED.,.F.,
  .F.,(2,2),(0.,1.595314381586E-02),.PIECEWISE_BEZIER_KNOTS.);
#2659 = CARTESIAN_POINT('',(-7.848702062546E-03,-4.819598467363E-03));
#2660 = CARTESIAN_POINT('',(8.104356413425E-03,-4.767417324302E-03));
#2661 = ( GEOMETRIC_REPRESENTATION_CONTEXT(2) 
PARAMETRIC_REPRESENTATION_CONTEXT() REPRESENTATION_CONTEXT('2D SPACE',''
  ) );
#2662 = ORIENTED_EDGE('',*,*,#2663,.F.);
#2663 = EDGE_CURVE('',#2664,#2644,#2666,.T.);
#2664 = VERTEX_POINT('',#2665);
#2665 = CARTESIAN_POINT('',(-13.72699730408,18.804815048644,
    14.430289072599));
#2666 = SURFACE_CURVE('',#2667,(#2670,#2676),.PCURVE_S1.);
#2667 = B_SPLINE_CURVE_WITH_KNOTS('',1,(#2668,#2669),.UNSPECIFIED.,.F.,
  .F.,(2,2),(0.,4.770528411213E-03),.PIECEWISE_BEZIER_KNOTS.);
#2668 = CARTESIAN_POINT('',(-13.72699730408,18.804815048644,
    14.430289072599));
#2669 = CARTESIAN_POINT('',(-13.72699730408,18.804815048644,
    19.200817483812));
#2670 = PCURVE('',#2607,#2671);
#2671 = DEFINITIONAL_REPRESENTATION('',(#2672),#2675);
#2672 = B_SPLINE_CURVE_WITH_KNOTS('',1,(#2673,#2674),.UNSPECIFIED.,.F.,
  .F.,(2,2),(0.,4.770528411213E-03),.PIECEWISE_BEZIER_KNOTS.);
#2673 = CARTESIAN_POINT('',(1.595314381586E-02,0.));
#2674 = CARTESIAN_POINT('',(1.595314381586E-02,-4.770528411213E-03));
#2675 = ( GEOMETRIC_REPRESENTATION_CONTEXT(2) 
PARAMETRIC_REPRESENTATION_CONTEXT() REPRESENTATION_CONTEXT('2D SPACE',''
  ) );
#2676 = PCURVE('',#2475,#2677);
#2677 = DEFINITIONAL_REPRESENTATION('',(#2678),#2682);
#2678 = B_SPLINE_CURVE_WITH_KNOTS('',2,(#2679,#2680,#2681),
  .UNSPECIFIED.,.F.,.F.,(3,3),(0.,4.770528411213E-03),
  .PIECEWISE_BEZIER_KNOTS.);
#2679 = CARTESIAN_POINT('',(3.143833920953,0.));
#2680 = CARTESIAN_POINT('',(3.143833920953,-2.385264205606E-03));
#2681 = CARTESIAN_POINT('',(3.143833920953,-4.770528411213E-03));
#2682 = ( GEOMETRIC_REPRESENTATION_CONTEXT(2) 
PARAMETRIC_REPRESENTATION_CONTEXT() REPRESENTATION_CONTEXT('2D SPACE',''
  ) );
#2683 = ORIENTED_EDGE('',*,*,#2684,.F.);
#2684 = EDGE_CURVE('',#2593,#2664,#2685,.T.);
#2685 = SURFACE_CURVE('',#2686,(#2689,#2695),.PCURVE_S1.);
#2686 = B_SPLINE_CURVE_WITH_KNOTS('',1,(#2687,#2688),.UNSPECIFIED.,.F.,
  .F.,(2,2),(0.,1.595314381586E-02),.PIECEWISE_BEZIER_KNOTS.);
#2687 = CARTESIAN_POINT('',(-23.06175437369,31.741781774301,
    14.430289072599));
#2688 = CARTESIAN_POINT('',(-13.72699730408,18.804815048644,
    14.430289072599));
#2689 = PCURVE('',#2607,#2690);
#2690 = DEFINITIONAL_REPRESENTATION('',(#2691),#2694);
#2691 = B_SPLINE_CURVE_WITH_KNOTS('',1,(#2692,#2693),.UNSPECIFIED.,.F.,
  .F.,(2,2),(0.,1.595314381586E-02),.PIECEWISE_BEZIER_KNOTS.);
#2692 = CARTESIAN_POINT('',(0.,0.));
#2693 = CARTESIAN_POINT('',(1.595314381586E-02,0.));
#2694 = ( GEOMETRIC_REPRESENTATION_CONTEXT(2) 
PARAMETRIC_REPRESENTATION_CONTEXT() REPRESENTATION_CONTEXT('2D SPACE',''
  ) );
#2695 = PCURVE('',#2554,#2696);
#2696 = DEFINITIONAL_REPRESENTATION('',(#2697),#2700);
#2697 = B_SPLINE_CURVE_WITH_KNOTS('',1,(#2698,#2699),.UNSPECIFIED.,.F.,
  .F.,(2,2),(0.,1.595314381586E-02),.PIECEWISE_BEZIER_KNOTS.);
#2698 = CARTESIAN_POINT('',(-7.848702062546E-03,-4.819598467363E-03));
#2699 = CARTESIAN_POINT('',(8.104356413425E-03,-4.767417324302E-03));
#2700 = ( GEOMETRIC_REPRESENTATION_CONTEXT(2) 
PARAMETRIC_REPRESENTATION_CONTEXT() REPRESENTATION_CONTEXT('2D SPACE',''
  ) );
#2701 = ADVANCED_FACE('',(#2702),#2475,.T.);
#2702 = FACE_BOUND('',#2703,.T.);
#2703 = EDGE_LOOP('',(#2704,#2705,#2726,#2727));
#2704 = ORIENTED_EDGE('',*,*,#2663,.T.);
#2705 = ORIENTED_EDGE('',*,*,#2706,.T.);
#2706 = EDGE_CURVE('',#2644,#2457,#2707,.T.);
#2707 = SURFACE_CURVE('',#2708,(#2712,#2719),.PCURVE_S1.);
#2708 = ( BOUNDED_CURVE() B_SPLINE_CURVE(2,(#2709,#2710,#2711),
.UNSPECIFIED.,.F.,.F.) B_SPLINE_CURVE_WITH_KNOTS((3,3),(3.143833920953,
3.444085873625),.PIECEWISE_BEZIER_KNOTS.) CURVE() 
GEOMETRIC_REPRESENTATION_ITEM() RATIONAL_B_SPLINE_CURVE((1.,
0.988752244422,1.)) REPRESENTATION_ITEM('') );
#2709 = CARTESIAN_POINT('',(-13.72699730408,18.804815048644,
    19.200817483812));
#2710 = CARTESIAN_POINT('',(-16.57149024632,16.728413507406,
    19.200817483812));
#2711 = CARTESIAN_POINT('',(-18.67460788607,13.903616231082,
    19.200817483812));
#2712 = PCURVE('',#2475,#2713);
#2713 = DEFINITIONAL_REPRESENTATION('',(#2714),#2718);
#2714 = B_SPLINE_CURVE_WITH_KNOTS('',2,(#2715,#2716,#2717),
  .UNSPECIFIED.,.F.,.F.,(3,3),(3.143833920953,3.444085873625),
  .PIECEWISE_BEZIER_KNOTS.);
#2715 = CARTESIAN_POINT('',(3.143833920953,-4.770528411213E-03));
#2716 = CARTESIAN_POINT('',(3.293959897289,-4.770528411213E-03));
#2717 = CARTESIAN_POINT('',(3.444085873625,-4.770528411213E-03));
#2718 = ( GEOMETRIC_REPRESENTATION_CONTEXT(2) 
PARAMETRIC_REPRESENTATION_CONTEXT() REPRESENTATION_CONTEXT('2D SPACE',''
  ) );
#2719 = PCURVE('',#2503,#2720);
#2720 = DEFINITIONAL_REPRESENTATION('',(#2721),#2725);
#2721 = ( BOUNDED_CURVE() B_SPLINE_CURVE(2,(#2722,#2723,#2724),
.UNSPECIFIED.,.F.,.F.) B_SPLINE_CURVE_WITH_KNOTS((3,3),(3.143833920953,
3.444085873625),.PIECEWISE_BEZIER_KNOTS.) CURVE() 
GEOMETRIC_REPRESENTATION_ITEM() RATIONAL_B_SPLINE_CURVE((1.,
0.988752244422,1.)) REPRESENTATION_ITEM('') );
#2722 = CARTESIAN_POINT('',(8.104356413425E-03,-4.767417324302E-03));
#2723 = CARTESIAN_POINT('',(8.11224954573E-03,-1.245695989867E-03));
#2724 = CARTESIAN_POINT('',(9.161377015459E-03,2.116136101598E-03));
#2725 = ( GEOMETRIC_REPRESENTATION_CONTEXT(2) 
PARAMETRIC_REPRESENTATION_CONTEXT() REPRESENTATION_CONTEXT('2D SPACE',''
  ) );
#2726 = ORIENTED_EDGE('',*,*,#2454,.F.);
#2727 = ORIENTED_EDGE('',*,*,#2728,.F.);
#2728 = EDGE_CURVE('',#2664,#2455,#2729,.T.);
#2729 = SURFACE_CURVE('',#2730,(#2734,#2741),.PCURVE_S1.);
#2730 = ( BOUNDED_CURVE() B_SPLINE_CURVE(2,(#2731,#2732,#2733),
.UNSPECIFIED.,.F.,.F.) B_SPLINE_CURVE_WITH_KNOTS((3,3),(3.143833920953,
3.444085873625),.PIECEWISE_BEZIER_KNOTS.) CURVE() 
GEOMETRIC_REPRESENTATION_ITEM() RATIONAL_B_SPLINE_CURVE((1.,
0.988752244422,1.)) REPRESENTATION_ITEM('') );
#2731 = CARTESIAN_POINT('',(-13.72699730408,18.804815048644,
    14.430289072599));
#2732 = CARTESIAN_POINT('',(-16.57149024632,16.728413507406,
    14.430289072599));
#2733 = CARTESIAN_POINT('',(-18.67460788607,13.903616231082,
    14.430289072599));
#2734 = PCURVE('',#2475,#2735);
#2735 = DEFINITIONAL_REPRESENTATION('',(#2736),#2740);
#2736 = B_SPLINE_CURVE_WITH_KNOTS('',2,(#2737,#2738,#2739),
  .UNSPECIFIED.,.F.,.F.,(3,3),(3.143833920953,3.444085873625),
  .PIECEWISE_BEZIER_KNOTS.);
#2737 = CARTESIAN_POINT('',(3.143833920953,0.));
#2738 = CARTESIAN_POINT('',(3.293959897289,0.));
#2739 = CARTESIAN_POINT('',(3.444085873625,0.));
#2740 = ( GEOMETRIC_REPRESENTATION_CONTEXT(2) 
PARAMETRIC_REPRESENTATION_CONTEXT() REPRESENTATION_CONTEXT('2D SPACE',''
  ) );
#2741 = PCURVE('',#2554,#2742);
#2742 = DEFINITIONAL_REPRESENTATION('',(#2743),#2747);
#2743 = ( BOUNDED_CURVE() B_SPLINE_CURVE(2,(#2744,#2745,#2746),
.UNSPECIFIED.,.F.,.F.) B_SPLINE_CURVE_WITH_KNOTS((3,3),(3.143833920953,
3.444085873625),.PIECEWISE_BEZIER_KNOTS.) CURVE() 
GEOMETRIC_REPRESENTATION_ITEM() RATIONAL_B_SPLINE_CURVE((1.,
0.988752244422,1.)) REPRESENTATION_ITEM('') );
#2744 = CARTESIAN_POINT('',(8.104356413425E-03,-4.767417324302E-03));
#2745 = CARTESIAN_POINT('',(8.11224954573E-03,-1.245695989867E-03));
#2746 = CARTESIAN_POINT('',(9.161377015459E-03,2.116136101598E-03));
#2747 = ( GEOMETRIC_REPRESENTATION_CONTEXT(2) 
PARAMETRIC_REPRESENTATION_CONTEXT() REPRESENTATION_CONTEXT('2D SPACE',''
  ) );
#2748 = ADVANCED_FACE('',(#2749),#2554,.T.);
#2749 = FACE_BOUND('',#2750,.T.);
#2750 = EDGE_LOOP('',(#2751,#2752,#2753,#2754));
#2751 = ORIENTED_EDGE('',*,*,#2542,.T.);
#2752 = ORIENTED_EDGE('',*,*,#2618,.T.);
#2753 = ORIENTED_EDGE('',*,*,#2684,.T.);
#2754 = ORIENTED_EDGE('',*,*,#2728,.T.);
#2755 = ADVANCED_FACE('',(#2756),#2503,.F.);
#2756 = FACE_BOUND('',#2757,.F.);
#2757 = EDGE_LOOP('',(#2758,#2759,#2760,#2761));
#2758 = ORIENTED_EDGE('',*,*,#2489,.T.);
#2759 = ORIENTED_EDGE('',*,*,#2569,.T.);
#2760 = ORIENTED_EDGE('',*,*,#2643,.T.);
#2761 = ORIENTED_EDGE('',*,*,#2706,.T.);
#2762 = ( GEOMETRIC_REPRESENTATION_CONTEXT(3) 
GLOBAL_UNCERTAINTY_ASSIGNED_CONTEXT((#2766)) 
GLOBAL_UNIT_ASSIGNED_CONTEXT((#2763,#2764,#2765)) REPRESENTATION_CONTEXT
('Context #1','3D Context with UNIT and UNCERTAINTY') );
#2763 = ( LENGTH_UNIT() NAMED_UNIT(*) SI_UNIT(.MILLI.,.METRE.) );
#2764 = ( NAMED_UNIT(*) PLANE_ANGLE_UNIT() SI_UNIT($,.RADIAN.) );
#2765 = ( NAMED_UNIT(*) SI_UNIT($,.STERADIAN.) SOLID_ANGLE_UNIT() );
#2766 = UNCERTAINTY_MEASURE_WITH_UNIT(LENGTH_MEASURE(1.E-04),#2763,
  'distance_accuracy_value','confusion accuracy');
#2767 = CONTEXT_DEPENDENT_SHAPE_REPRESENTATION(#2768,#2770);
#2768 = ( REPRESENTATION_RELATIONSHIP('','',#2447,#10) 
REPRESENTATION_RELATIONSHIP_WITH_TRANSFORMATION(#2769) 
SHAPE_REPRESENTATION_RELATIONSHIP() );
#2769 = ITEM_DEFINED_TRANSFORMATION('','',#11,#43);
#2770 = PRODUCT_DEFINITION_SHAPE('Placement','Placement of an item',
  #2771);
#2771 = NEXT_ASSEMBLY_USAGE_OCCURRENCE('7786','','',#5,#2442,$);
#2772 = PRODUCT_RELATED_PRODUCT_CATEGORY('part',$,(#2444));
#2773 = SHAPE_DEFINITION_REPRESENTATION(#2774,#2780);
#2774 = PRODUCT_DEFINITION_SHAPE('','',#2775);
#2775 = PRODUCT_DEFINITION('design','',#2776,#2779);
#2776 = PRODUCT_DEFINITION_FORMATION('','',#2777);
#2777 = PRODUCT('Open CASCADE STEP translator 7.8 200.9',
  'Open CASCADE STEP translator 7.8 200.9','',(#2778));
#2778 = PRODUCT_CONTEXT('',#2,'mechanical');
#2779 = PRODUCT_DEFINITION_CONTEXT('part definition',#2,'design');
#2780 = ADVANCED_BREP_SHAPE_REPRESENTATION('',(#11,#2781),#3095);
#2781 = MANIFOLD_SOLID_BREP('',#2782);
#2782 = CLOSED_SHELL('',(#2783,#2897,#2971,#3034,#3081,#3088));
#2783 = ADVANCED_FACE('',(#2784),#2797,.T.);
#2784 = FACE_BOUND('',#2785,.T.);
#2785 = EDGE_LOOP('',(#2786,#2821,#2846,#2874));
#2786 = ORIENTED_EDGE('',*,*,#2787,.T.);
#2787 = EDGE_CURVE('',#2788,#2790,#2792,.T.);
#2788 = VERTEX_POINT('',#2789);
#2789 = CARTESIAN_POINT('',(-22.05706121798,7.452353616551,
    14.430289072599));
#2790 = VERTEX_POINT('',#2791);
#2791 = CARTESIAN_POINT('',(-22.05706121798,7.452353616551,
    19.200817483812));
#2792 = SURFACE_CURVE('',#2793,(#2796,#2807),.PCURVE_S1.);
#2793 = B_SPLINE_CURVE_WITH_KNOTS('',1,(#2794,#2795),.UNSPECIFIED.,.F.,
  .F.,(2,2),(0.,4.770528411213E-03),.PIECEWISE_BEZIER_KNOTS.);
#2794 = CARTESIAN_POINT('',(-22.05706121798,7.452353616551,
    14.430289072599));
#2795 = CARTESIAN_POINT('',(-22.05706121798,7.452353616551,
    19.200817483812));
#2796 = PCURVE('',#2797,#2802);
#2797 = B_SPLINE_SURFACE_WITH_KNOTS('',1,1,(
    (#2798,#2799)
    ,(#2800,#2801
    )),.UNSPECIFIED.,.F.,.F.,.F.,(2,2),(2,2),(0.,1.595314381586E-02),(
    -4.770528411213E-03,0.),.PIECEWISE_BEZIER_KNOTS.);
#2798 = CARTESIAN_POINT('',(-22.05706121798,7.452353616551,
    19.200817483812));
#2799 = CARTESIAN_POINT('',(-22.05706121798,7.452353616551,
    14.430289072599));
#2800 = CARTESIAN_POINT('',(-37.19877819104,12.475420878415,
    19.200817483812));
#2801 = CARTESIAN_POINT('',(-37.19877819104,12.475420878415,
    14.430289072599));
#2802 = DEFINITIONAL_REPRESENTATION('',(#2803),#2806);
#2803 = B_SPLINE_CURVE_WITH_KNOTS('',1,(#2804,#2805),.UNSPECIFIED.,.F.,
  .F.,(2,2),(0.,4.770528411213E-03),.PIECEWISE_BEZIER_KNOTS.);
#2804 = CARTESIAN_POINT('',(0.,0.));
#2805 = CARTESIAN_POINT('',(0.,-4.770528411213E-03));
#2806 = ( GEOMETRIC_REPRESENTATION_CONTEXT(2) 
PARAMETRIC_REPRESENTATION_CONTEXT() REPRESENTATION_CONTEXT('2D SPACE',''
  ) );
#2807 = PCURVE('',#2808,#2815);
#2808 = ( BOUNDED_SURFACE() B_SPLINE_SURFACE(2,1,(
    (#2809,#2810)
    ,(#2811,#2812)
    ,(#2813,#2814
)),.UNSPECIFIED.,.F.,.F.,.F.) B_SPLINE_SURFACE_WITH_KNOTS((3,3),(2,2),(
    3.143833920953,3.444085873625),(-4.770528411213E-03,0.),
.PIECEWISE_BEZIER_KNOTS.) GEOMETRIC_REPRESENTATION_ITEM() 
RATIONAL_B_SPLINE_SURFACE((
    (1.,1.)
    ,(0.988752244422,0.988752244422)
,(1.,1.))) REPRESENTATION_ITEM('') SURFACE() );
#2809 = CARTESIAN_POINT('',(-18.86615766132,13.642566441038,
    19.200817483812));
#2810 = CARTESIAN_POINT('',(-18.86615766132,13.642566441038,
    14.430289072599));
#2811 = CARTESIAN_POINT('',(-20.92978784621,10.788794565264,
    19.200817483812));
#2812 = CARTESIAN_POINT('',(-20.92978784621,10.788794565264,
    14.430289072599));
#2813 = CARTESIAN_POINT('',(-22.05706121798,7.452353616551,
    19.200817483812));
#2814 = CARTESIAN_POINT('',(-22.05706121798,7.452353616551,
    14.430289072599));
#2815 = DEFINITIONAL_REPRESENTATION('',(#2816),#2820);
#2816 = B_SPLINE_CURVE_WITH_KNOTS('',2,(#2817,#2818,#2819),
  .UNSPECIFIED.,.F.,.F.,(3,3),(0.,4.770528411213E-03),
  .PIECEWISE_BEZIER_KNOTS.);
#2817 = CARTESIAN_POINT('',(3.444085873625,0.));
#2818 = CARTESIAN_POINT('',(3.444085873625,-2.385264205606E-03));
#2819 = CARTESIAN_POINT('',(3.444085873625,-4.770528411213E-03));
#2820 = ( GEOMETRIC_REPRESENTATION_CONTEXT(2) 
PARAMETRIC_REPRESENTATION_CONTEXT() REPRESENTATION_CONTEXT('2D SPACE',''
  ) );
#2821 = ORIENTED_EDGE('',*,*,#2822,.T.);
#2822 = EDGE_CURVE('',#2790,#2823,#2825,.T.);
#2823 = VERTEX_POINT('',#2824);
#2824 = CARTESIAN_POINT('',(-37.19877819104,12.475420878415,
    19.200817483812));
#2825 = SURFACE_CURVE('',#2826,(#2829,#2835),.PCURVE_S1.);
#2826 = B_SPLINE_CURVE_WITH_KNOTS('',1,(#2827,#2828),.UNSPECIFIED.,.F.,
  .F.,(2,2),(0.,1.595314381586E-02),.PIECEWISE_BEZIER_KNOTS.);
#2827 = CARTESIAN_POINT('',(-22.05706121798,7.452353616551,
    19.200817483812));
#2828 = CARTESIAN_POINT('',(-37.19877819104,12.475420878415,
    19.200817483812));
#2829 = PCURVE('',#2797,#2830);
#2830 = DEFINITIONAL_REPRESENTATION('',(#2831),#2834);
#2831 = B_SPLINE_CURVE_WITH_KNOTS('',1,(#2832,#2833),.UNSPECIFIED.,.F.,
  .F.,(2,2),(0.,1.595314381586E-02),.PIECEWISE_BEZIER_KNOTS.);
#2832 = CARTESIAN_POINT('',(0.,-4.770528411213E-03));
#2833 = CARTESIAN_POINT('',(1.595314381586E-02,-4.770528411213E-03));
#2834 = ( GEOMETRIC_REPRESENTATION_CONTEXT(2) 
PARAMETRIC_REPRESENTATION_CONTEXT() REPRESENTATION_CONTEXT('2D SPACE',''
  ) );
#2835 = PCURVE('',#2836,#2841);
#2836 = B_SPLINE_SURFACE_WITH_KNOTS('',1,1,(
    (#2837,#2838)
    ,(#2839,#2840
    )),.UNSPECIFIED.,.F.,.F.,.F.,(2,2),(2,2),(-7.848702062546E-03,
    9.161377015459E-03),(-4.819598467363E-03,6.952467254013E-03),
  .PIECEWISE_BEZIER_KNOTS.);
#2837 = CARTESIAN_POINT('',(-31.7417817743,23.061754373695,
    19.200817483812));
#2838 = CARTESIAN_POINT('',(-38.66122839434,13.537953146203,
    19.200817483812));
#2839 = CARTESIAN_POINT('',(-17.98033872453,13.063480751315,
    19.200817483812));
#2840 = CARTESIAN_POINT('',(-24.89978534457,3.539679523823,
    19.200817483812));
#2841 = DEFINITIONAL_REPRESENTATION('',(#2842),#2845);
#2842 = B_SPLINE_CURVE_WITH_KNOTS('',1,(#2843,#2844),.UNSPECIFIED.,.F.,
  .F.,(2,2),(0.,1.595314381586E-02),.PIECEWISE_BEZIER_KNOTS.);
#2843 = CARTESIAN_POINT('',(9.161377015459E-03,2.116136101598E-03));
#2844 = CARTESIAN_POINT('',(-6.041014197558E-03,6.952467254013E-03));
#2845 = ( GEOMETRIC_REPRESENTATION_CONTEXT(2) 
PARAMETRIC_REPRESENTATION_CONTEXT() REPRESENTATION_CONTEXT('2D SPACE',''
  ) );
#2846 = ORIENTED_EDGE('',*,*,#2847,.F.);
#2847 = EDGE_CURVE('',#2848,#2823,#2850,.T.);
#2848 = VERTEX_POINT('',#2849);
#2849 = CARTESIAN_POINT('',(-37.19877819104,12.475420878415,
    14.430289072599));
#2850 = SURFACE_CURVE('',#2851,(#2854,#2860),.PCURVE_S1.);
#2851 = B_SPLINE_CURVE_WITH_KNOTS('',1,(#2852,#2853),.UNSPECIFIED.,.F.,
  .F.,(2,2),(0.,4.770528411213E-03),.PIECEWISE_BEZIER_KNOTS.);
#2852 = CARTESIAN_POINT('',(-37.19877819104,12.475420878415,
    14.430289072599));
#2853 = CARTESIAN_POINT('',(-37.19877819104,12.475420878415,
    19.200817483812));
#2854 = PCURVE('',#2797,#2855);
#2855 = DEFINITIONAL_REPRESENTATION('',(#2856),#2859);
#2856 = B_SPLINE_CURVE_WITH_KNOTS('',1,(#2857,#2858),.UNSPECIFIED.,.F.,
  .F.,(2,2),(0.,4.770528411213E-03),.PIECEWISE_BEZIER_KNOTS.);
#2857 = CARTESIAN_POINT('',(1.595314381586E-02,0.));
#2858 = CARTESIAN_POINT('',(1.595314381586E-02,-4.770528411213E-03));
#2859 = ( GEOMETRIC_REPRESENTATION_CONTEXT(2) 
PARAMETRIC_REPRESENTATION_CONTEXT() REPRESENTATION_CONTEXT('2D SPACE',''
  ) );
#2860 = PCURVE('',#2861,#2868);
#2861 = ( BOUNDED_SURFACE() B_SPLINE_SURFACE(2,1,(
    (#2862,#2863)
    ,(#2864,#2865)
    ,(#2866,#2867
)),.UNSPECIFIED.,.F.,.F.,.F.) B_SPLINE_SURFACE_WITH_KNOTS((3,3),(2,2),(
    5.978450819781,6.28318530718),(-4.770528411213E-03,0.),
.PIECEWISE_BEZIER_KNOTS.) GEOMETRIC_REPRESENTATION_ITEM() 
RATIONAL_B_SPLINE_SURFACE((
    (1.,1.)
    ,(0.988414551331,0.988414551331)
,(1.,1.))) REPRESENTATION_ITEM('') SURFACE() );
#2862 = CARTESIAN_POINT('',(-37.19877819104,12.475420878415,
    19.200817483812));
#2863 = CARTESIAN_POINT('',(-37.19877819104,12.475420878415,
    14.430289072599));
#2864 = CARTESIAN_POINT('',(-35.28308493326,18.187568730786,
    19.200817483812));
#2865 = CARTESIAN_POINT('',(-35.28308493326,18.187568730786,
    14.430289072599));
#2866 = CARTESIAN_POINT('',(-31.7417817743,23.061754373695,
    19.200817483812));
#2867 = CARTESIAN_POINT('',(-31.7417817743,23.061754373695,
    14.430289072599));
#2868 = DEFINITIONAL_REPRESENTATION('',(#2869),#2873);
#2869 = B_SPLINE_CURVE_WITH_KNOTS('',2,(#2870,#2871,#2872),
  .UNSPECIFIED.,.F.,.F.,(3,3),(0.,4.770528411213E-03),
  .PIECEWISE_BEZIER_KNOTS.);
#2870 = CARTESIAN_POINT('',(5.978450819781,0.));
#2871 = CARTESIAN_POINT('',(5.978450819781,-2.385264205606E-03));
#2872 = CARTESIAN_POINT('',(5.978450819781,-4.770528411213E-03));
#2873 = ( GEOMETRIC_REPRESENTATION_CONTEXT(2) 
PARAMETRIC_REPRESENTATION_CONTEXT() REPRESENTATION_CONTEXT('2D SPACE',''
  ) );
#2874 = ORIENTED_EDGE('',*,*,#2875,.F.);
#2875 = EDGE_CURVE('',#2788,#2848,#2876,.T.);
#2876 = SURFACE_CURVE('',#2877,(#2880,#2886),.PCURVE_S1.);
#2877 = B_SPLINE_CURVE_WITH_KNOTS('',1,(#2878,#2879),.UNSPECIFIED.,.F.,
  .F.,(2,2),(0.,1.595314381586E-02),.PIECEWISE_BEZIER_KNOTS.);
#2878 = CARTESIAN_POINT('',(-22.05706121798,7.452353616551,
    14.430289072599));
#2879 = CARTESIAN_POINT('',(-37.19877819104,12.475420878415,
    14.430289072599));
#2880 = PCURVE('',#2797,#2881);
#2881 = DEFINITIONAL_REPRESENTATION('',(#2882),#2885);
#2882 = B_SPLINE_CURVE_WITH_KNOTS('',1,(#2883,#2884),.UNSPECIFIED.,.F.,
  .F.,(2,2),(0.,1.595314381586E-02),.PIECEWISE_BEZIER_KNOTS.);
#2883 = CARTESIAN_POINT('',(0.,0.));
#2884 = CARTESIAN_POINT('',(1.595314381586E-02,0.));
#2885 = ( GEOMETRIC_REPRESENTATION_CONTEXT(2) 
PARAMETRIC_REPRESENTATION_CONTEXT() REPRESENTATION_CONTEXT('2D SPACE',''
  ) );
#2886 = PCURVE('',#2887,#2892);
#2887 = B_SPLINE_SURFACE_WITH_KNOTS('',1,1,(
    (#2888,#2889)
    ,(#2890,#2891
    )),.UNSPECIFIED.,.F.,.F.,.F.,(2,2),(2,2),(-7.848702062546E-03,
    9.161377015459E-03),(-4.819598467363E-03,6.952467254013E-03),
  .PIECEWISE_BEZIER_KNOTS.);
#2888 = CARTESIAN_POINT('',(-31.7417817743,23.061754373695,
    14.430289072599));
#2889 = CARTESIAN_POINT('',(-38.66122839434,13.537953146203,
    14.430289072599));
#2890 = CARTESIAN_POINT('',(-17.98033872453,13.063480751315,
    14.430289072599));
#2891 = CARTESIAN_POINT('',(-24.89978534457,3.539679523823,
    14.430289072599));
#2892 = DEFINITIONAL_REPRESENTATION('',(#2893),#2896);
#2893 = B_SPLINE_CURVE_WITH_KNOTS('',1,(#2894,#2895),.UNSPECIFIED.,.F.,
  .F.,(2,2),(0.,1.595314381586E-02),.PIECEWISE_BEZIER_KNOTS.);
#2894 = CARTESIAN_POINT('',(9.161377015459E-03,2.116136101598E-03));
#2895 = CARTESIAN_POINT('',(-6.041014197558E-03,6.952467254013E-03));
#2896 = ( GEOMETRIC_REPRESENTATION_CONTEXT(2) 
PARAMETRIC_REPRESENTATION_CONTEXT() REPRESENTATION_CONTEXT('2D SPACE',''
  ) );
#2897 = ADVANCED_FACE('',(#2898),#2861,.T.);
#2898 = FACE_BOUND('',#2899,.T.);
#2899 = EDGE_LOOP('',(#2900,#2901,#2924,#2950));
#2900 = ORIENTED_EDGE('',*,*,#2847,.T.);
#2901 = ORIENTED_EDGE('',*,*,#2902,.T.);
#2902 = EDGE_CURVE('',#2823,#2903,#2905,.T.);
#2903 = VERTEX_POINT('',#2904);
#2904 = CARTESIAN_POINT('',(-31.7417817743,23.061754373695,
    19.200817483812));
#2905 = SURFACE_CURVE('',#2906,(#2910,#2917),.PCURVE_S1.);
#2906 = ( BOUNDED_CURVE() B_SPLINE_CURVE(2,(#2907,#2908,#2909),
.UNSPECIFIED.,.F.,.F.) B_SPLINE_CURVE_WITH_KNOTS((3,3),(5.978450819781,
6.28318530718),.PIECEWISE_BEZIER_KNOTS.) CURVE() 
GEOMETRIC_REPRESENTATION_ITEM() RATIONAL_B_SPLINE_CURVE((1.,
0.988414551331,1.)) REPRESENTATION_ITEM('') );
#2907 = CARTESIAN_POINT('',(-37.19877819104,12.475420878415,
    19.200817483812));
#2908 = CARTESIAN_POINT('',(-35.28308493326,18.187568730786,
    19.200817483812));
#2909 = CARTESIAN_POINT('',(-31.7417817743,23.061754373695,
    19.200817483812));
#2910 = PCURVE('',#2861,#2911);
#2911 = DEFINITIONAL_REPRESENTATION('',(#2912),#2916);
#2912 = B_SPLINE_CURVE_WITH_KNOTS('',2,(#2913,#2914,#2915),
  .UNSPECIFIED.,.F.,.F.,(3,3),(5.978450819781,6.28318530718),
  .PIECEWISE_BEZIER_KNOTS.);
#2913 = CARTESIAN_POINT('',(5.978450819781,-4.770528411213E-03));
#2914 = CARTESIAN_POINT('',(6.13081806348,-4.770528411213E-03));
#2915 = CARTESIAN_POINT('',(6.28318530718,-4.770528411213E-03));
#2916 = ( GEOMETRIC_REPRESENTATION_CONTEXT(2) 
PARAMETRIC_REPRESENTATION_CONTEXT() REPRESENTATION_CONTEXT('2D SPACE',''
  ) );
#2917 = PCURVE('',#2836,#2918);
#2918 = DEFINITIONAL_REPRESENTATION('',(#2919),#2923);
#2919 = ( BOUNDED_CURVE() B_SPLINE_CURVE(2,(#2920,#2921,#2922),
.UNSPECIFIED.,.F.,.F.) B_SPLINE_CURVE_WITH_KNOTS((3,3),(5.978450819781,
6.28318530718),.PIECEWISE_BEZIER_KNOTS.) CURVE() 
GEOMETRIC_REPRESENTATION_ITEM() RATIONAL_B_SPLINE_CURVE((1.,
0.988414551331,1.)) REPRESENTATION_ITEM('') );
#2920 = CARTESIAN_POINT('',(-6.041014197558E-03,6.952467254013E-03));
#2921 = CARTESIAN_POINT('',(-7.848702062546E-03,1.205226322226E-03));
#2922 = CARTESIAN_POINT('',(-7.848702062546E-03,-4.819598467363E-03));
#2923 = ( GEOMETRIC_REPRESENTATION_CONTEXT(2) 
PARAMETRIC_REPRESENTATION_CONTEXT() REPRESENTATION_CONTEXT('2D SPACE',''
  ) );
#2924 = ORIENTED_EDGE('',*,*,#2925,.F.);
#2925 = EDGE_CURVE('',#2926,#2903,#2928,.T.);
#2926 = VERTEX_POINT('',#2927);
#2927 = CARTESIAN_POINT('',(-31.7417817743,23.061754373695,
    14.430289072599));
#2928 = SURFACE_CURVE('',#2929,(#2932,#2939),.PCURVE_S1.);
#2929 = B_SPLINE_CURVE_WITH_KNOTS('',1,(#2930,#2931),.UNSPECIFIED.,.F.,
  .F.,(2,2),(0.,4.770528411213E-03),.PIECEWISE_BEZIER_KNOTS.);
#2930 = CARTESIAN_POINT('',(-31.7417817743,23.061754373695,
    14.430289072599));
#2931 = CARTESIAN_POINT('',(-31.7417817743,23.061754373695,
    19.200817483812));
#2932 = PCURVE('',#2861,#2933);
#2933 = DEFINITIONAL_REPRESENTATION('',(#2934),#2938);
#2934 = B_SPLINE_CURVE_WITH_KNOTS('',2,(#2935,#2936,#2937),
  .UNSPECIFIED.,.F.,.F.,(3,3),(0.,4.770528411213E-03),
  .PIECEWISE_BEZIER_KNOTS.);
#2935 = CARTESIAN_POINT('',(6.28318530718,0.));
#2936 = CARTESIAN_POINT('',(6.28318530718,-2.385264205606E-03));
#2937 = CARTESIAN_POINT('',(6.28318530718,-4.770528411213E-03));
#2938 = ( GEOMETRIC_REPRESENTATION_CONTEXT(2) 
PARAMETRIC_REPRESENTATION_CONTEXT() REPRESENTATION_CONTEXT('2D SPACE',''
  ) );
#2939 = PCURVE('',#2940,#2945);
#2940 = B_SPLINE_SURFACE_WITH_KNOTS('',1,1,(
    (#2941,#2942)
    ,(#2943,#2944
    )),.UNSPECIFIED.,.F.,.F.,.F.,(2,2),(2,2),(0.,1.595314381586E-02),(
    -4.770528411213E-03,0.),.PIECEWISE_BEZIER_KNOTS.);
#2941 = CARTESIAN_POINT('',(-31.7417817743,23.061754373695,
    19.200817483812));
#2942 = CARTESIAN_POINT('',(-31.7417817743,23.061754373695,
    14.430289072599));
#2943 = CARTESIAN_POINT('',(-18.86615766132,13.642566441038,
    19.200817483812));
#2944 = CARTESIAN_POINT('',(-18.86615766132,13.642566441038,
    14.430289072599));
#2945 = DEFINITIONAL_REPRESENTATION('',(#2946),#2949);
#2946 = B_SPLINE_CURVE_WITH_KNOTS('',1,(#2947,#2948),.UNSPECIFIED.,.F.,
  .F.,(2,2),(0.,4.770528411213E-03),.PIECEWISE_BEZIER_KNOTS.);
#2947 = CARTESIAN_POINT('',(0.,0.));
#2948 = CARTESIAN_POINT('',(0.,-4.770528411213E-03));
#2949 = ( GEOMETRIC_REPRESENTATION_CONTEXT(2) 
PARAMETRIC_REPRESENTATION_CONTEXT() REPRESENTATION_CONTEXT('2D SPACE',''
  ) );
#2950 = ORIENTED_EDGE('',*,*,#2951,.F.);
#2951 = EDGE_CURVE('',#2848,#2926,#2952,.T.);
#2952 = SURFACE_CURVE('',#2953,(#2957,#2964),.PCURVE_S1.);
#2953 = ( BOUNDED_CURVE() B_SPLINE_CURVE(2,(#2954,#2955,#2956),
.UNSPECIFIED.,.F.,.F.) B_SPLINE_CURVE_WITH_KNOTS((3,3),(5.978450819781,
6.28318530718),.PIECEWISE_BEZIER_KNOTS.) CURVE() 
GEOMETRIC_REPRESENTATION_ITEM() RATIONAL_B_SPLINE_CURVE((1.,
0.988414551331,1.)) REPRESENTATION_ITEM('') );
#2954 = CARTESIAN_POINT('',(-37.19877819104,12.475420878415,
    14.430289072599));
#2955 = CARTESIAN_POINT('',(-35.28308493326,18.187568730786,
    14.430289072599));
#2956 = CARTESIAN_POINT('',(-31.7417817743,23.061754373695,
    14.430289072599));
#2957 = PCURVE('',#2861,#2958);
#2958 = DEFINITIONAL_REPRESENTATION('',(#2959),#2963);
#2959 = B_SPLINE_CURVE_WITH_KNOTS('',2,(#2960,#2961,#2962),
  .UNSPECIFIED.,.F.,.F.,(3,3),(5.978450819781,6.28318530718),
  .PIECEWISE_BEZIER_KNOTS.);
#2960 = CARTESIAN_POINT('',(5.978450819781,0.));
#2961 = CARTESIAN_POINT('',(6.13081806348,0.));
#2962 = CARTESIAN_POINT('',(6.28318530718,0.));
#2963 = ( GEOMETRIC_REPRESENTATION_CONTEXT(2) 
PARAMETRIC_REPRESENTATION_CONTEXT() REPRESENTATION_CONTEXT('2D SPACE',''
  ) );
#2964 = PCURVE('',#2887,#2965);
#2965 = DEFINITIONAL_REPRESENTATION('',(#2966),#2970);
#2966 = ( BOUNDED_CURVE() B_SPLINE_CURVE(2,(#2967,#2968,#2969),
.UNSPECIFIED.,.F.,.F.) B_SPLINE_CURVE_WITH_KNOTS((3,3),(5.978450819781,
6.28318530718),.PIECEWISE_BEZIER_KNOTS.) CURVE() 
GEOMETRIC_REPRESENTATION_ITEM() RATIONAL_B_SPLINE_CURVE((1.,
0.988414551331,1.)) REPRESENTATION_ITEM('') );
#2967 = CARTESIAN_POINT('',(-6.041014197558E-03,6.952467254013E-03));
#2968 = CARTESIAN_POINT('',(-7.848702062546E-03,1.205226322226E-03));
#2969 = CARTESIAN_POINT('',(-7.848702062546E-03,-4.819598467363E-03));
#2970 = ( GEOMETRIC_REPRESENTATION_CONTEXT(2) 
PARAMETRIC_REPRESENTATION_CONTEXT() REPRESENTATION_CONTEXT('2D SPACE',''
  ) );
#2971 = ADVANCED_FACE('',(#2972),#2940,.T.);
#2972 = FACE_BOUND('',#2973,.T.);
#2973 = EDGE_LOOP('',(#2974,#2975,#2995,#3016));
#2974 = ORIENTED_EDGE('',*,*,#2925,.T.);
#2975 = ORIENTED_EDGE('',*,*,#2976,.T.);
#2976 = EDGE_CURVE('',#2903,#2977,#2979,.T.);
#2977 = VERTEX_POINT('',#2978);
#2978 = CARTESIAN_POINT('',(-18.86615766132,13.642566441038,
    19.200817483812));
#2979 = SURFACE_CURVE('',#2980,(#2983,#2989),.PCURVE_S1.);
#2980 = B_SPLINE_CURVE_WITH_KNOTS('',1,(#2981,#2982),.UNSPECIFIED.,.F.,
  .F.,(2,2),(0.,1.595314381586E-02),.PIECEWISE_BEZIER_KNOTS.);
#2981 = CARTESIAN_POINT('',(-31.7417817743,23.061754373695,
    19.200817483812));
#2982 = CARTESIAN_POINT('',(-18.86615766132,13.642566441038,
    19.200817483812));
#2983 = PCURVE('',#2940,#2984);
#2984 = DEFINITIONAL_REPRESENTATION('',(#2985),#2988);
#2985 = B_SPLINE_CURVE_WITH_KNOTS('',1,(#2986,#2987),.UNSPECIFIED.,.F.,
  .F.,(2,2),(0.,1.595314381586E-02),.PIECEWISE_BEZIER_KNOTS.);
#2986 = CARTESIAN_POINT('',(0.,-4.770528411213E-03));
#2987 = CARTESIAN_POINT('',(1.595314381586E-02,-4.770528411213E-03));
#2988 = ( GEOMETRIC_REPRESENTATION_CONTEXT(2) 
PARAMETRIC_REPRESENTATION_CONTEXT() REPRESENTATION_CONTEXT('2D SPACE',''
  ) );
#2989 = PCURVE('',#2836,#2990);
#2990 = DEFINITIONAL_REPRESENTATION('',(#2991),#2994);
#2991 = B_SPLINE_CURVE_WITH_KNOTS('',1,(#2992,#2993),.UNSPECIFIED.,.F.,
  .F.,(2,2),(0.,1.595314381586E-02),.PIECEWISE_BEZIER_KNOTS.);
#2992 = CARTESIAN_POINT('',(-7.848702062546E-03,-4.819598467363E-03));
#2993 = CARTESIAN_POINT('',(8.104356413425E-03,-4.767417324302E-03));
#2994 = ( GEOMETRIC_REPRESENTATION_CONTEXT(2) 
PARAMETRIC_REPRESENTATION_CONTEXT() REPRESENTATION_CONTEXT('2D SPACE',''
  ) );
#2995 = ORIENTED_EDGE('',*,*,#2996,.F.);
#2996 = EDGE_CURVE('',#2997,#2977,#2999,.T.);
#2997 = VERTEX_POINT('',#2998);
#2998 = CARTESIAN_POINT('',(-18.86615766132,13.642566441038,
    14.430289072599));
#2999 = SURFACE_CURVE('',#3000,(#3003,#3009),.PCURVE_S1.);
#3000 = B_SPLINE_CURVE_WITH_KNOTS('',1,(#3001,#3002),.UNSPECIFIED.,.F.,
  .F.,(2,2),(0.,4.770528411213E-03),.PIECEWISE_BEZIER_KNOTS.);
#3001 = CARTESIAN_POINT('',(-18.86615766132,13.642566441038,
    14.430289072599));
#3002 = CARTESIAN_POINT('',(-18.86615766132,13.642566441038,
    19.200817483812));
#3003 = PCURVE('',#2940,#3004);
#3004 = DEFINITIONAL_REPRESENTATION('',(#3005),#3008);
#3005 = B_SPLINE_CURVE_WITH_KNOTS('',1,(#3006,#3007),.UNSPECIFIED.,.F.,
  .F.,(2,2),(0.,4.770528411213E-03),.PIECEWISE_BEZIER_KNOTS.);
#3006 = CARTESIAN_POINT('',(1.595314381586E-02,0.));
#3007 = CARTESIAN_POINT('',(1.595314381586E-02,-4.770528411213E-03));
#3008 = ( GEOMETRIC_REPRESENTATION_CONTEXT(2) 
PARAMETRIC_REPRESENTATION_CONTEXT() REPRESENTATION_CONTEXT('2D SPACE',''
  ) );
#3009 = PCURVE('',#2808,#3010);
#3010 = DEFINITIONAL_REPRESENTATION('',(#3011),#3015);
#3011 = B_SPLINE_CURVE_WITH_KNOTS('',2,(#3012,#3013,#3014),
  .UNSPECIFIED.,.F.,.F.,(3,3),(0.,4.770528411213E-03),
  .PIECEWISE_BEZIER_KNOTS.);
#3012 = CARTESIAN_POINT('',(3.143833920953,0.));
#3013 = CARTESIAN_POINT('',(3.143833920953,-2.385264205606E-03));
#3014 = CARTESIAN_POINT('',(3.143833920953,-4.770528411213E-03));
#3015 = ( GEOMETRIC_REPRESENTATION_CONTEXT(2) 
PARAMETRIC_REPRESENTATION_CONTEXT() REPRESENTATION_CONTEXT('2D SPACE',''
  ) );
#3016 = ORIENTED_EDGE('',*,*,#3017,.F.);
#3017 = EDGE_CURVE('',#2926,#2997,#3018,.T.);
#3018 = SURFACE_CURVE('',#3019,(#3022,#3028),.PCURVE_S1.);
#3019 = B_SPLINE_CURVE_WITH_KNOTS('',1,(#3020,#3021),.UNSPECIFIED.,.F.,
  .F.,(2,2),(0.,1.595314381586E-02),.PIECEWISE_BEZIER_KNOTS.);
#3020 = CARTESIAN_POINT('',(-31.7417817743,23.061754373695,
    14.430289072599));
#3021 = CARTESIAN_POINT('',(-18.86615766132,13.642566441038,
    14.430289072599));
#3022 = PCURVE('',#2940,#3023);
#3023 = DEFINITIONAL_REPRESENTATION('',(#3024),#3027);
#3024 = B_SPLINE_CURVE_WITH_KNOTS('',1,(#3025,#3026),.UNSPECIFIED.,.F.,
  .F.,(2,2),(0.,1.595314381586E-02),.PIECEWISE_BEZIER_KNOTS.);
#3025 = CARTESIAN_POINT('',(0.,0.));
#3026 = CARTESIAN_POINT('',(1.595314381586E-02,0.));
#3027 = ( GEOMETRIC_REPRESENTATION_CONTEXT(2) 
PARAMETRIC_REPRESENTATION_CONTEXT() REPRESENTATION_CONTEXT('2D SPACE',''
  ) );
#3028 = PCURVE('',#2887,#3029);
#3029 = DEFINITIONAL_REPRESENTATION('',(#3030),#3033);
#3030 = B_SPLINE_CURVE_WITH_KNOTS('',1,(#3031,#3032),.UNSPECIFIED.,.F.,
  .F.,(2,2),(0.,1.595314381586E-02),.PIECEWISE_BEZIER_KNOTS.);
#3031 = CARTESIAN_POINT('',(-7.848702062546E-03,-4.819598467363E-03));
#3032 = CARTESIAN_POINT('',(8.104356413425E-03,-4.767417324302E-03));
#3033 = ( GEOMETRIC_REPRESENTATION_CONTEXT(2) 
PARAMETRIC_REPRESENTATION_CONTEXT() REPRESENTATION_CONTEXT('2D SPACE',''
  ) );
#3034 = ADVANCED_FACE('',(#3035),#2808,.T.);
#3035 = FACE_BOUND('',#3036,.T.);
#3036 = EDGE_LOOP('',(#3037,#3038,#3059,#3060));
#3037 = ORIENTED_EDGE('',*,*,#2996,.T.);
#3038 = ORIENTED_EDGE('',*,*,#3039,.T.);
#3039 = EDGE_CURVE('',#2977,#2790,#3040,.T.);
#3040 = SURFACE_CURVE('',#3041,(#3045,#3052),.PCURVE_S1.);
#3041 = ( BOUNDED_CURVE() B_SPLINE_CURVE(2,(#3042,#3043,#3044),
.UNSPECIFIED.,.F.,.F.) B_SPLINE_CURVE_WITH_KNOTS((3,3),(3.143833920953,
3.444085873625),.PIECEWISE_BEZIER_KNOTS.) CURVE() 
GEOMETRIC_REPRESENTATION_ITEM() RATIONAL_B_SPLINE_CURVE((1.,
0.988752244422,1.)) REPRESENTATION_ITEM('') );
#3042 = CARTESIAN_POINT('',(-18.86615766132,13.642566441038,
    19.200817483812));
#3043 = CARTESIAN_POINT('',(-20.92978784621,10.788794565264,
    19.200817483812));
#3044 = CARTESIAN_POINT('',(-22.05706121798,7.452353616551,
    19.200817483812));
#3045 = PCURVE('',#2808,#3046);
#3046 = DEFINITIONAL_REPRESENTATION('',(#3047),#3051);
#3047 = B_SPLINE_CURVE_WITH_KNOTS('',2,(#3048,#3049,#3050),
  .UNSPECIFIED.,.F.,.F.,(3,3),(3.143833920953,3.444085873625),
  .PIECEWISE_BEZIER_KNOTS.);
#3048 = CARTESIAN_POINT('',(3.143833920953,-4.770528411213E-03));
#3049 = CARTESIAN_POINT('',(3.293959897289,-4.770528411213E-03));
#3050 = CARTESIAN_POINT('',(3.444085873625,-4.770528411213E-03));
#3051 = ( GEOMETRIC_REPRESENTATION_CONTEXT(2) 
PARAMETRIC_REPRESENTATION_CONTEXT() REPRESENTATION_CONTEXT('2D SPACE',''
  ) );
#3052 = PCURVE('',#2836,#3053);
#3053 = DEFINITIONAL_REPRESENTATION('',(#3054),#3058);
#3054 = ( BOUNDED_CURVE() B_SPLINE_CURVE(2,(#3055,#3056,#3057),
.UNSPECIFIED.,.F.,.F.) B_SPLINE_CURVE_WITH_KNOTS((3,3),(3.143833920953,
3.444085873625),.PIECEWISE_BEZIER_KNOTS.) CURVE() 
GEOMETRIC_REPRESENTATION_ITEM() RATIONAL_B_SPLINE_CURVE((1.,
0.988752244422,1.)) REPRESENTATION_ITEM('') );
#3055 = CARTESIAN_POINT('',(8.104356413425E-03,-4.767417324302E-03));
#3056 = CARTESIAN_POINT('',(8.11224954573E-03,-1.245695989867E-03));
#3057 = CARTESIAN_POINT('',(9.161377015459E-03,2.116136101598E-03));
#3058 = ( GEOMETRIC_REPRESENTATION_CONTEXT(2) 
PARAMETRIC_REPRESENTATION_CONTEXT() REPRESENTATION_CONTEXT('2D SPACE',''
  ) );
#3059 = ORIENTED_EDGE('',*,*,#2787,.F.);
#3060 = ORIENTED_EDGE('',*,*,#3061,.F.);
#3061 = EDGE_CURVE('',#2997,#2788,#3062,.T.);
#3062 = SURFACE_CURVE('',#3063,(#3067,#3074),.PCURVE_S1.);
#3063 = ( BOUNDED_CURVE() B_SPLINE_CURVE(2,(#3064,#3065,#3066),
.UNSPECIFIED.,.F.,.F.) B_SPLINE_CURVE_WITH_KNOTS((3,3),(3.143833920953,
3.444085873625),.PIECEWISE_BEZIER_KNOTS.) CURVE() 
GEOMETRIC_REPRESENTATION_ITEM() RATIONAL_B_SPLINE_CURVE((1.,
0.988752244422,1.)) REPRESENTATION_ITEM('') );
#3064 = CARTESIAN_POINT('',(-18.86615766132,13.642566441038,
    14.430289072599));
#3065 = CARTESIAN_POINT('',(-20.92978784621,10.788794565264,
    14.430289072599));
#3066 = CARTESIAN_POINT('',(-22.05706121798,7.452353616551,
    14.430289072599));
#3067 = PCURVE('',#2808,#3068);
#3068 = DEFINITIONAL_REPRESENTATION('',(#3069),#3073);
#3069 = B_SPLINE_CURVE_WITH_KNOTS('',2,(#3070,#3071,#3072),
  .UNSPECIFIED.,.F.,.F.,(3,3),(3.143833920953,3.444085873625),
  .PIECEWISE_BEZIER_KNOTS.);
#3070 = CARTESIAN_POINT('',(3.143833920953,0.));
#3071 = CARTESIAN_POINT('',(3.293959897289,0.));
#3072 = CARTESIAN_POINT('',(3.444085873625,0.));
#3073 = ( GEOMETRIC_REPRESENTATION_CONTEXT(2) 
PARAMETRIC_REPRESENTATION_CONTEXT() REPRESENTATION_CONTEXT('2D SPACE',''
  ) );
#3074 = PCURVE('',#2887,#3075);
#3075 = DEFINITIONAL_REPRESENTATION('',(#3076),#3080);
#3076 = ( BOUNDED_CURVE() B_SPLINE_CURVE(2,(#3077,#3078,#3079),
.UNSPECIFIED.,.F.,.F.) B_SPLINE_CURVE_WITH_KNOTS((3,3),(3.143833920953,
3.444085873625),.PIECEWISE_BEZIER_KNOTS.) CURVE() 
GEOMETRIC_REPRESENTATION_ITEM() RATIONAL_B_SPLINE_CURVE((1.,
0.988752244422,1.)) REPRESENTATION_ITEM('') );
#3077 = CARTESIAN_POINT('',(8.104356413425E-03,-4.767417324302E-03));
#3078 = CARTESIAN_POINT('',(8.11224954573E-03,-1.245695989867E-03));
#3079 = CARTESIAN_POINT('',(9.161377015459E-03,2.116136101598E-03));
#3080 = ( GEOMETRIC_REPRESENTATION_CONTEXT(2) 
PARAMETRIC_REPRESENTATION_CONTEXT() REPRESENTATION_CONTEXT('2D SPACE',''
  ) );
#3081 = ADVANCED_FACE('',(#3082),#2887,.T.);
#3082 = FACE_BOUND('',#3083,.T.);
#3083 = EDGE_LOOP('',(#3084,#3085,#3086,#3087));
#3084 = ORIENTED_EDGE('',*,*,#2875,.T.);
#3085 = ORIENTED_EDGE('',*,*,#2951,.T.);
#3086 = ORIENTED_EDGE('',*,*,#3017,.T.);
#3087 = ORIENTED_EDGE('',*,*,#3061,.T.);
#3088 = ADVANCED_FACE('',(#3089),#2836,.F.);
#3089 = FACE_BOUND('',#3090,.F.);
#3090 = EDGE_LOOP('',(#3091,#3092,#3093,#3094));
#3091 = ORIENTED_EDGE('',*,*,#2822,.T.);
#3092 = ORIENTED_EDGE('',*,*,#2902,.T.);
#3093 = ORIENTED_EDGE('',*,*,#2976,.T.);
#3094 = ORIENTED_EDGE('',*,*,#3039,.T.);
#3095 = ( GEOMETRIC_REPRESENTATION_CONTEXT(3) 
GLOBAL_UNCERTAINTY_ASSIGNED_CONTEXT((#3099)) 
GLOBAL_UNIT_ASSIGNED_CONTEXT((#3096,#3097,#3098)) REPRESENTATION_CONTEXT
('Context #1','3D Context with UNIT and UNCERTAINTY') );
#3096 = ( LENGTH_UNIT() NAMED_UNIT(*) SI_UNIT(.MILLI.,.METRE.) );
#3097 = ( NAMED_UNIT(*) PLANE_ANGLE_UNIT() SI_UNIT($,.RADIAN.) );
#3098 = ( NAMED_UNIT(*) SI_UNIT($,.STERADIAN.) SOLID_ANGLE_UNIT() );
#3099 = UNCERTAINTY_MEASURE_WITH_UNIT(LENGTH_MEASURE(1.E-04),#3096,
  'distance_accuracy_value','confusion accuracy');
#3100 = CONTEXT_DEPENDENT_SHAPE_REPRESENTATION(#3101,#3103);
#3101 = ( REPRESENTATION_RELATIONSHIP('','',#2780,#10) 
REPRESENTATION_RELATIONSHIP_WITH_TRANSFORMATION(#3102) 
SHAPE_REPRESENTATION_RELATIONSHIP() );
#3102 = ITEM_DEFINED_TRANSFORMATION('','',#11,#47);
#3103 = PRODUCT_DEFINITION_SHAPE('Placement','Placement of an item',
  #3104);
#3104 = NEXT_ASSEMBLY_USAGE_OCCURRENCE('7787','','',#5,#2775,$);
#3105 = PRODUCT_RELATED_PRODUCT_CATEGORY('part',$,(#2777));
#3106 = SHAPE_DEFINITION_REPRESENTATION(#3107,#3113);
#3107 = PRODUCT_DEFINITION_SHAPE('','',#3108);
#3108 = PRODUCT_DEFINITION('design','',#3109,#3112);
#3109 = PRODUCT_DEFINITION_FORMATION('','',#3110);
#3110 = PRODUCT('Open CASCADE STEP translator 7.8 200.10',
  'Open CASCADE STEP translator 7.8 200.10','',(#3111));
#3111 = PRODUCT_CONTEXT('',#2,'mechanical');
#3112 = PRODUCT_DEFINITION_CONTEXT('part definition',#2,'design');
#3113 = ADVANCED_BREP_SHAPE_REPRESENTATION('',(#11,#3114),#3428);
#3114 = MANIFOLD_SOLID_BREP('',#3115);
#3115 = CLOSED_SHELL('',(#3116,#3230,#3304,#3367,#3414,#3421));
#3116 = ADVANCED_FACE('',(#3117),#3130,.T.);
#3117 = FACE_BOUND('',#3118,.T.);
#3118 = EDGE_LOOP('',(#3119,#3154,#3179,#3207));
#3119 = ORIENTED_EDGE('',*,*,#3120,.T.);
#3120 = EDGE_CURVE('',#3121,#3123,#3125,.T.);
#3121 = VERTEX_POINT('',#3122);
#3122 = CARTESIAN_POINT('',(-23.28041571729,0.271602706431,
    14.430289072599));
#3123 = VERTEX_POINT('',#3124);
#3124 = CARTESIAN_POINT('',(-23.28041571729,0.271602706431,
    19.200817483812));
#3125 = SURFACE_CURVE('',#3126,(#3129,#3140),.PCURVE_S1.);
#3126 = B_SPLINE_CURVE_WITH_KNOTS('',1,(#3127,#3128),.UNSPECIFIED.,.F.,
  .F.,(2,2),(0.,4.770528411213E-03),.PIECEWISE_BEZIER_KNOTS.);
#3127 = CARTESIAN_POINT('',(-23.28041571729,0.271602706431,
    14.430289072599));
#3128 = CARTESIAN_POINT('',(-23.28041571729,0.271602706431,
    19.200817483812));
#3129 = PCURVE('',#3130,#3135);
#3130 = B_SPLINE_SURFACE_WITH_KNOTS('',1,1,(
    (#3131,#3132)
    ,(#3133,#3134
    )),.UNSPECIFIED.,.F.,.F.,.F.,(2,2),(2,2),(0.,1.595314381586E-02),(
    -4.770528411213E-03,0.),.PIECEWISE_BEZIER_KNOTS.);
#3131 = CARTESIAN_POINT('',(-23.28041571729,0.271602706431,
    19.200817483812));
#3132 = CARTESIAN_POINT('',(-23.28041571729,0.271602706431,
    14.430289072599));
#3133 = CARTESIAN_POINT('',(-39.23325746022,0.369775688924,
    19.200817483812));
#3134 = CARTESIAN_POINT('',(-39.23325746022,0.369775688924,
    14.430289072599));
#3135 = DEFINITIONAL_REPRESENTATION('',(#3136),#3139);
#3136 = B_SPLINE_CURVE_WITH_KNOTS('',1,(#3137,#3138),.UNSPECIFIED.,.F.,
  .F.,(2,2),(0.,4.770528411213E-03),.PIECEWISE_BEZIER_KNOTS.);
#3137 = CARTESIAN_POINT('',(0.,0.));
#3138 = CARTESIAN_POINT('',(0.,-4.770528411213E-03));
#3139 = ( GEOMETRIC_REPRESENTATION_CONTEXT(2) 
PARAMETRIC_REPRESENTATION_CONTEXT() REPRESENTATION_CONTEXT('2D SPACE',''
  ) );
#3140 = PCURVE('',#3141,#3148);
#3141 = ( BOUNDED_SURFACE() B_SPLINE_SURFACE(2,1,(
    (#3142,#3143)
    ,(#3144,#3145)
    ,(#3146,#3147
)),.UNSPECIFIED.,.F.,.F.,.F.) B_SPLINE_SURFACE_WITH_KNOTS((3,3),(2,2),(
    3.143833920953,3.444085873625),(-4.770528411213E-03,0.),
.PIECEWISE_BEZIER_KNOTS.) GEOMETRIC_REPRESENTATION_ITEM() 
RATIONAL_B_SPLINE_SURFACE((
    (1.,1.)
    ,(0.988752244422,0.988752244422)
,(1.,1.))) REPRESENTATION_ITEM('') SURFACE() );
#3142 = CARTESIAN_POINT('',(-22.15856705842,7.144888376833,
    19.200817483812));
#3143 = CARTESIAN_POINT('',(-22.15856705842,7.144888376833,
    14.430289072599));
#3144 = CARTESIAN_POINT('',(-23.2393319853,3.793093241122,
    19.200817483812));
#3145 = CARTESIAN_POINT('',(-23.2393319853,3.793093241122,
    14.430289072599));
#3146 = CARTESIAN_POINT('',(-23.28041571729,0.271602706431,
    19.200817483812));
#3147 = CARTESIAN_POINT('',(-23.28041571729,0.271602706431,
    14.430289072599));
#3148 = DEFINITIONAL_REPRESENTATION('',(#3149),#3153);
#3149 = B_SPLINE_CURVE_WITH_KNOTS('',2,(#3150,#3151,#3152),
  .UNSPECIFIED.,.F.,.F.,(3,3),(0.,4.770528411213E-03),
  .PIECEWISE_BEZIER_KNOTS.);
#3150 = CARTESIAN_POINT('',(3.444085873625,0.));
#3151 = CARTESIAN_POINT('',(3.444085873625,-2.385264205606E-03));
#3152 = CARTESIAN_POINT('',(3.444085873625,-4.770528411213E-03));
#3153 = ( GEOMETRIC_REPRESENTATION_CONTEXT(2) 
PARAMETRIC_REPRESENTATION_CONTEXT() REPRESENTATION_CONTEXT('2D SPACE',''
  ) );
#3154 = ORIENTED_EDGE('',*,*,#3155,.T.);
#3155 = EDGE_CURVE('',#3123,#3156,#3158,.T.);
#3156 = VERTEX_POINT('',#3157);
#3157 = CARTESIAN_POINT('',(-39.23325746022,0.369775688924,
    19.200817483812));
#3158 = SURFACE_CURVE('',#3159,(#3162,#3168),.PCURVE_S1.);
#3159 = B_SPLINE_CURVE_WITH_KNOTS('',1,(#3160,#3161),.UNSPECIFIED.,.F.,
  .F.,(2,2),(0.,1.595314381586E-02),.PIECEWISE_BEZIER_KNOTS.);
#3160 = CARTESIAN_POINT('',(-23.28041571729,0.271602706431,
    19.200817483812));
#3161 = CARTESIAN_POINT('',(-39.23325746022,0.369775688924,
    19.200817483812));
#3162 = PCURVE('',#3130,#3163);
#3163 = DEFINITIONAL_REPRESENTATION('',(#3164),#3167);
#3164 = B_SPLINE_CURVE_WITH_KNOTS('',1,(#3165,#3166),.UNSPECIFIED.,.F.,
  .F.,(2,2),(0.,1.595314381586E-02),.PIECEWISE_BEZIER_KNOTS.);
#3165 = CARTESIAN_POINT('',(0.,-4.770528411213E-03));
#3166 = CARTESIAN_POINT('',(1.595314381586E-02,-4.770528411213E-03));
#3167 = ( GEOMETRIC_REPRESENTATION_CONTEXT(2) 
PARAMETRIC_REPRESENTATION_CONTEXT() REPRESENTATION_CONTEXT('2D SPACE',''
  ) );
#3168 = PCURVE('',#3169,#3174);
#3169 = B_SPLINE_SURFACE_WITH_KNOTS('',1,1,(
    (#3170,#3171)
    ,(#3172,#3173
    )),.UNSPECIFIED.,.F.,.F.,.F.,(2,2),(2,2),(-7.848702062546E-03,
    9.161377015459E-03),(-4.819598467363E-03,6.952467254013E-03),
  .PIECEWISE_BEZIER_KNOTS.);
#3170 = CARTESIAN_POINT('',(-37.31470241684,12.124281774301,
    19.200817483812));
#3171 = CARTESIAN_POINT('',(-40.95247078364,0.928381959731,
    19.200817483812));
#3172 = CARTESIAN_POINT('',(-21.137155867,6.867878263536,19.200817483812
    ));
#3173 = CARTESIAN_POINT('',(-24.77492423381,-4.328021551034,
    19.200817483812));
#3174 = DEFINITIONAL_REPRESENTATION('',(#3175),#3178);
#3175 = B_SPLINE_CURVE_WITH_KNOTS('',1,(#3176,#3177),.UNSPECIFIED.,.F.,
  .F.,(2,2),(0.,1.595314381586E-02),.PIECEWISE_BEZIER_KNOTS.);
#3176 = CARTESIAN_POINT('',(9.161377015459E-03,2.116136101598E-03));
#3177 = CARTESIAN_POINT('',(-6.041014197558E-03,6.952467254013E-03));
#3178 = ( GEOMETRIC_REPRESENTATION_CONTEXT(2) 
PARAMETRIC_REPRESENTATION_CONTEXT() REPRESENTATION_CONTEXT('2D SPACE',''
  ) );
#3179 = ORIENTED_EDGE('',*,*,#3180,.F.);
#3180 = EDGE_CURVE('',#3181,#3156,#3183,.T.);
#3181 = VERTEX_POINT('',#3182);
#3182 = CARTESIAN_POINT('',(-39.23325746022,0.369775688924,
    14.430289072599));
#3183 = SURFACE_CURVE('',#3184,(#3187,#3193),.PCURVE_S1.);
#3184 = B_SPLINE_CURVE_WITH_KNOTS('',1,(#3185,#3186),.UNSPECIFIED.,.F.,
  .F.,(2,2),(0.,4.770528411213E-03),.PIECEWISE_BEZIER_KNOTS.);
#3185 = CARTESIAN_POINT('',(-39.23325746022,0.369775688924,
    14.430289072599));
#3186 = CARTESIAN_POINT('',(-39.23325746022,0.369775688924,
    19.200817483812));
#3187 = PCURVE('',#3130,#3188);
#3188 = DEFINITIONAL_REPRESENTATION('',(#3189),#3192);
#3189 = B_SPLINE_CURVE_WITH_KNOTS('',1,(#3190,#3191),.UNSPECIFIED.,.F.,
  .F.,(2,2),(0.,4.770528411213E-03),.PIECEWISE_BEZIER_KNOTS.);
#3190 = CARTESIAN_POINT('',(1.595314381586E-02,0.));
#3191 = CARTESIAN_POINT('',(1.595314381586E-02,-4.770528411213E-03));
#3192 = ( GEOMETRIC_REPRESENTATION_CONTEXT(2) 
PARAMETRIC_REPRESENTATION_CONTEXT() REPRESENTATION_CONTEXT('2D SPACE',''
  ) );
#3193 = PCURVE('',#3194,#3201);
#3194 = ( BOUNDED_SURFACE() B_SPLINE_SURFACE(2,1,(
    (#3195,#3196)
    ,(#3197,#3198)
    ,(#3199,#3200
)),.UNSPECIFIED.,.F.,.F.,.F.) B_SPLINE_SURFACE_WITH_KNOTS((3,3),(2,2),(
    5.978450819781,6.28318530718),(-4.770528411213E-03,0.),
.PIECEWISE_BEZIER_KNOTS.) GEOMETRIC_REPRESENTATION_ITEM() 
RATIONAL_B_SPLINE_SURFACE((
    (1.,1.)
    ,(0.988414551331,0.988414551331)
,(1.,1.))) REPRESENTATION_ITEM('') SURFACE() );
#3195 = CARTESIAN_POINT('',(-39.23325746022,0.369775688924,
    19.200817483812));
#3196 = CARTESIAN_POINT('',(-39.23325746022,0.369775688924,
    14.430289072599));
#3197 = CARTESIAN_POINT('',(-39.17647566495,6.394332898626,
    19.200817483812));
#3198 = CARTESIAN_POINT('',(-39.17647566495,6.394332898626,
    14.430289072599));
#3199 = CARTESIAN_POINT('',(-37.31470241684,12.124281774301,
    19.200817483812));
#3200 = CARTESIAN_POINT('',(-37.31470241684,12.124281774301,
    14.430289072599));
#3201 = DEFINITIONAL_REPRESENTATION('',(#3202),#3206);
#3202 = B_SPLINE_CURVE_WITH_KNOTS('',2,(#3203,#3204,#3205),
  .UNSPECIFIED.,.F.,.F.,(3,3),(0.,4.770528411213E-03),
  .PIECEWISE_BEZIER_KNOTS.);
#3203 = CARTESIAN_POINT('',(5.978450819781,0.));
#3204 = CARTESIAN_POINT('',(5.978450819781,-2.385264205606E-03));
#3205 = CARTESIAN_POINT('',(5.978450819781,-4.770528411213E-03));
#3206 = ( GEOMETRIC_REPRESENTATION_CONTEXT(2) 
PARAMETRIC_REPRESENTATION_CONTEXT() REPRESENTATION_CONTEXT('2D SPACE',''
  ) );
#3207 = ORIENTED_EDGE('',*,*,#3208,.F.);
#3208 = EDGE_CURVE('',#3121,#3181,#3209,.T.);
#3209 = SURFACE_CURVE('',#3210,(#3213,#3219),.PCURVE_S1.);
#3210 = B_SPLINE_CURVE_WITH_KNOTS('',1,(#3211,#3212),.UNSPECIFIED.,.F.,
  .F.,(2,2),(0.,1.595314381586E-02),.PIECEWISE_BEZIER_KNOTS.);
#3211 = CARTESIAN_POINT('',(-23.28041571729,0.271602706431,
    14.430289072599));
#3212 = CARTESIAN_POINT('',(-39.23325746022,0.369775688924,
    14.430289072599));
#3213 = PCURVE('',#3130,#3214);
#3214 = DEFINITIONAL_REPRESENTATION('',(#3215),#3218);
#3215 = B_SPLINE_CURVE_WITH_KNOTS('',1,(#3216,#3217),.UNSPECIFIED.,.F.,
  .F.,(2,2),(0.,1.595314381586E-02),.PIECEWISE_BEZIER_KNOTS.);
#3216 = CARTESIAN_POINT('',(0.,0.));
#3217 = CARTESIAN_POINT('',(1.595314381586E-02,0.));
#3218 = ( GEOMETRIC_REPRESENTATION_CONTEXT(2) 
PARAMETRIC_REPRESENTATION_CONTEXT() REPRESENTATION_CONTEXT('2D SPACE',''
  ) );
#3219 = PCURVE('',#3220,#3225);
#3220 = B_SPLINE_SURFACE_WITH_KNOTS('',1,1,(
    (#3221,#3222)
    ,(#3223,#3224
    )),.UNSPECIFIED.,.F.,.F.,.F.,(2,2),(2,2),(-7.848702062546E-03,
    9.161377015459E-03),(-4.819598467363E-03,6.952467254013E-03),
  .PIECEWISE_BEZIER_KNOTS.);
#3221 = CARTESIAN_POINT('',(-37.31470241684,12.124281774301,
    14.430289072599));
#3222 = CARTESIAN_POINT('',(-40.95247078364,0.928381959731,
    14.430289072599));
#3223 = CARTESIAN_POINT('',(-21.137155867,6.867878263536,14.430289072599
    ));
#3224 = CARTESIAN_POINT('',(-24.77492423381,-4.328021551034,
    14.430289072599));
#3225 = DEFINITIONAL_REPRESENTATION('',(#3226),#3229);
#3226 = B_SPLINE_CURVE_WITH_KNOTS('',1,(#3227,#3228),.UNSPECIFIED.,.F.,
  .F.,(2,2),(0.,1.595314381586E-02),.PIECEWISE_BEZIER_KNOTS.);
#3227 = CARTESIAN_POINT('',(9.161377015459E-03,2.116136101598E-03));
#3228 = CARTESIAN_POINT('',(-6.041014197558E-03,6.952467254013E-03));
#3229 = ( GEOMETRIC_REPRESENTATION_CONTEXT(2) 
PARAMETRIC_REPRESENTATION_CONTEXT() REPRESENTATION_CONTEXT('2D SPACE',''
  ) );
#3230 = ADVANCED_FACE('',(#3231),#3194,.T.);
#3231 = FACE_BOUND('',#3232,.T.);
#3232 = EDGE_LOOP('',(#3233,#3234,#3257,#3283));
#3233 = ORIENTED_EDGE('',*,*,#3180,.T.);
#3234 = ORIENTED_EDGE('',*,*,#3235,.T.);
#3235 = EDGE_CURVE('',#3156,#3236,#3238,.T.);
#3236 = VERTEX_POINT('',#3237);
#3237 = CARTESIAN_POINT('',(-37.31470241684,12.124281774301,
    19.200817483812));
#3238 = SURFACE_CURVE('',#3239,(#3243,#3250),.PCURVE_S1.);
#3239 = ( BOUNDED_CURVE() B_SPLINE_CURVE(2,(#3240,#3241,#3242),
.UNSPECIFIED.,.F.,.F.) B_SPLINE_CURVE_WITH_KNOTS((3,3),(5.978450819781,
6.28318530718),.PIECEWISE_BEZIER_KNOTS.) CURVE() 
GEOMETRIC_REPRESENTATION_ITEM() RATIONAL_B_SPLINE_CURVE((1.,
0.988414551331,1.)) REPRESENTATION_ITEM('') );
#3240 = CARTESIAN_POINT('',(-39.23325746022,0.369775688924,
    19.200817483812));
#3241 = CARTESIAN_POINT('',(-39.17647566495,6.394332898626,
    19.200817483812));
#3242 = CARTESIAN_POINT('',(-37.31470241684,12.124281774301,
    19.200817483812));
#3243 = PCURVE('',#3194,#3244);
#3244 = DEFINITIONAL_REPRESENTATION('',(#3245),#3249);
#3245 = B_SPLINE_CURVE_WITH_KNOTS('',2,(#3246,#3247,#3248),
  .UNSPECIFIED.,.F.,.F.,(3,3),(5.978450819781,6.28318530718),
  .PIECEWISE_BEZIER_KNOTS.);
#3246 = CARTESIAN_POINT('',(5.978450819781,-4.770528411213E-03));
#3247 = CARTESIAN_POINT('',(6.13081806348,-4.770528411213E-03));
#3248 = CARTESIAN_POINT('',(6.28318530718,-4.770528411213E-03));
#3249 = ( GEOMETRIC_REPRESENTATION_CONTEXT(2) 
PARAMETRIC_REPRESENTATION_CONTEXT() REPRESENTATION_CONTEXT('2D SPACE',''
  ) );
#3250 = PCURVE('',#3169,#3251);
#3251 = DEFINITIONAL_REPRESENTATION('',(#3252),#3256);
#3252 = ( BOUNDED_CURVE() B_SPLINE_CURVE(2,(#3253,#3254,#3255),
.UNSPECIFIED.,.F.,.F.) B_SPLINE_CURVE_WITH_KNOTS((3,3),(5.978450819781,
6.28318530718),.PIECEWISE_BEZIER_KNOTS.) CURVE() 
GEOMETRIC_REPRESENTATION_ITEM() RATIONAL_B_SPLINE_CURVE((1.,
0.988414551331,1.)) REPRESENTATION_ITEM('') );
#3253 = CARTESIAN_POINT('',(-6.041014197558E-03,6.952467254013E-03));
#3254 = CARTESIAN_POINT('',(-7.848702062546E-03,1.205226322226E-03));
#3255 = CARTESIAN_POINT('',(-7.848702062546E-03,-4.819598467363E-03));
#3256 = ( GEOMETRIC_REPRESENTATION_CONTEXT(2) 
PARAMETRIC_REPRESENTATION_CONTEXT() REPRESENTATION_CONTEXT('2D SPACE',''
  ) );
#3257 = ORIENTED_EDGE('',*,*,#3258,.F.);
#3258 = EDGE_CURVE('',#3259,#3236,#3261,.T.);
#3259 = VERTEX_POINT('',#3260);
#3260 = CARTESIAN_POINT('',(-37.31470241684,12.124281774301,
    14.430289072599));
#3261 = SURFACE_CURVE('',#3262,(#3265,#3272),.PCURVE_S1.);
#3262 = B_SPLINE_CURVE_WITH_KNOTS('',1,(#3263,#3264),.UNSPECIFIED.,.F.,
  .F.,(2,2),(0.,4.770528411213E-03),.PIECEWISE_BEZIER_KNOTS.);
#3263 = CARTESIAN_POINT('',(-37.31470241684,12.124281774301,
    14.430289072599));
#3264 = CARTESIAN_POINT('',(-37.31470241684,12.124281774301,
    19.200817483812));
#3265 = PCURVE('',#3194,#3266);
#3266 = DEFINITIONAL_REPRESENTATION('',(#3267),#3271);
#3267 = B_SPLINE_CURVE_WITH_KNOTS('',2,(#3268,#3269,#3270),
  .UNSPECIFIED.,.F.,.F.,(3,3),(0.,4.770528411213E-03),
  .PIECEWISE_BEZIER_KNOTS.);
#3268 = CARTESIAN_POINT('',(6.28318530718,0.));
#3269 = CARTESIAN_POINT('',(6.28318530718,-2.385264205606E-03));
#3270 = CARTESIAN_POINT('',(6.28318530718,-4.770528411213E-03));
#3271 = ( GEOMETRIC_REPRESENTATION_CONTEXT(2) 
PARAMETRIC_REPRESENTATION_CONTEXT() REPRESENTATION_CONTEXT('2D SPACE',''
  ) );
#3272 = PCURVE('',#3273,#3278);
#3273 = B_SPLINE_SURFACE_WITH_KNOTS('',1,1,(
    (#3274,#3275)
    ,(#3276,#3277
    )),.UNSPECIFIED.,.F.,.F.,.F.,(2,2),(2,2),(0.,1.595314381586E-02),(
    -4.770528411213E-03,0.),.PIECEWISE_BEZIER_KNOTS.);
#3274 = CARTESIAN_POINT('',(-37.31470241684,12.124281774301,
    19.200817483812));
#3275 = CARTESIAN_POINT('',(-37.31470241684,12.124281774301,
    14.430289072599));
#3276 = CARTESIAN_POINT('',(-22.15856705842,7.144888376833,
    19.200817483812));
#3277 = CARTESIAN_POINT('',(-22.15856705842,7.144888376833,
    14.430289072599));
#3278 = DEFINITIONAL_REPRESENTATION('',(#3279),#3282);
#3279 = B_SPLINE_CURVE_WITH_KNOTS('',1,(#3280,#3281),.UNSPECIFIED.,.F.,
  .F.,(2,2),(0.,4.770528411213E-03),.PIECEWISE_BEZIER_KNOTS.);
#3280 = CARTESIAN_POINT('',(0.,0.));
#3281 = CARTESIAN_POINT('',(0.,-4.770528411213E-03));
#3282 = ( GEOMETRIC_REPRESENTATION_CONTEXT(2) 
PARAMETRIC_REPRESENTATION_CONTEXT() REPRESENTATION_CONTEXT('2D SPACE',''
  ) );
#3283 = ORIENTED_EDGE('',*,*,#3284,.F.);
#3284 = EDGE_CURVE('',#3181,#3259,#3285,.T.);
#3285 = SURFACE_CURVE('',#3286,(#3290,#3297),.PCURVE_S1.);
#3286 = ( BOUNDED_CURVE() B_SPLINE_CURVE(2,(#3287,#3288,#3289),
.UNSPECIFIED.,.F.,.F.) B_SPLINE_CURVE_WITH_KNOTS((3,3),(5.978450819781,
6.28318530718),.PIECEWISE_BEZIER_KNOTS.) CURVE() 
GEOMETRIC_REPRESENTATION_ITEM() RATIONAL_B_SPLINE_CURVE((1.,
0.988414551331,1.)) REPRESENTATION_ITEM('') );
#3287 = CARTESIAN_POINT('',(-39.23325746022,0.369775688924,
    14.430289072599));
#3288 = CARTESIAN_POINT('',(-39.17647566495,6.394332898626,
    14.430289072599));
#3289 = CARTESIAN_POINT('',(-37.31470241684,12.124281774301,
    14.430289072599));
#3290 = PCURVE('',#3194,#3291);
#3291 = DEFINITIONAL_REPRESENTATION('',(#3292),#3296);
#3292 = B_SPLINE_CURVE_WITH_KNOTS('',2,(#3293,#3294,#3295),
  .UNSPECIFIED.,.F.,.F.,(3,3),(5.978450819781,6.28318530718),
  .PIECEWISE_BEZIER_KNOTS.);
#3293 = CARTESIAN_POINT('',(5.978450819781,0.));
#3294 = CARTESIAN_POINT('',(6.13081806348,0.));
#3295 = CARTESIAN_POINT('',(6.28318530718,0.));
#3296 = ( GEOMETRIC_REPRESENTATION_CONTEXT(2) 
PARAMETRIC_REPRESENTATION_CONTEXT() REPRESENTATION_CONTEXT('2D SPACE',''
  ) );
#3297 = PCURVE('',#3220,#3298);
#3298 = DEFINITIONAL_REPRESENTATION('',(#3299),#3303);
#3299 = ( BOUNDED_CURVE() B_SPLINE_CURVE(2,(#3300,#3301,#3302),
.UNSPECIFIED.,.F.,.F.) B_SPLINE_CURVE_WITH_KNOTS((3,3),(5.978450819781,
6.28318530718),.PIECEWISE_BEZIER_KNOTS.) CURVE() 
GEOMETRIC_REPRESENTATION_ITEM() RATIONAL_B_SPLINE_CURVE((1.,
0.988414551331,1.)) REPRESENTATION_ITEM('') );
#3300 = CARTESIAN_POINT('',(-6.041014197558E-03,6.952467254013E-03));
#3301 = CARTESIAN_POINT('',(-7.848702062546E-03,1.205226322226E-03));
#3302 = CARTESIAN_POINT('',(-7.848702062546E-03,-4.819598467363E-03));
#3303 = ( GEOMETRIC_REPRESENTATION_CONTEXT(2) 
PARAMETRIC_REPRESENTATION_CONTEXT() REPRESENTATION_CONTEXT('2D SPACE',''
  ) );
#3304 = ADVANCED_FACE('',(#3305),#3273,.T.);
#3305 = FACE_BOUND('',#3306,.T.);
#3306 = EDGE_LOOP('',(#3307,#3308,#3328,#3349));
#3307 = ORIENTED_EDGE('',*,*,#3258,.T.);
#3308 = ORIENTED_EDGE('',*,*,#3309,.T.);
#3309 = EDGE_CURVE('',#3236,#3310,#3312,.T.);
#3310 = VERTEX_POINT('',#3311);
#3311 = CARTESIAN_POINT('',(-22.15856705842,7.144888376833,
    19.200817483812));
#3312 = SURFACE_CURVE('',#3313,(#3316,#3322),.PCURVE_S1.);
#3313 = B_SPLINE_CURVE_WITH_KNOTS('',1,(#3314,#3315),.UNSPECIFIED.,.F.,
  .F.,(2,2),(0.,1.595314381586E-02),.PIECEWISE_BEZIER_KNOTS.);
#3314 = CARTESIAN_POINT('',(-37.31470241684,12.124281774301,
    19.200817483812));
#3315 = CARTESIAN_POINT('',(-22.15856705842,7.144888376833,
    19.200817483812));
#3316 = PCURVE('',#3273,#3317);
#3317 = DEFINITIONAL_REPRESENTATION('',(#3318),#3321);
#3318 = B_SPLINE_CURVE_WITH_KNOTS('',1,(#3319,#3320),.UNSPECIFIED.,.F.,
  .F.,(2,2),(0.,1.595314381586E-02),.PIECEWISE_BEZIER_KNOTS.);
#3319 = CARTESIAN_POINT('',(0.,-4.770528411213E-03));
#3320 = CARTESIAN_POINT('',(1.595314381586E-02,-4.770528411213E-03));
#3321 = ( GEOMETRIC_REPRESENTATION_CONTEXT(2) 
PARAMETRIC_REPRESENTATION_CONTEXT() REPRESENTATION_CONTEXT('2D SPACE',''
  ) );
#3322 = PCURVE('',#3169,#3323);
#3323 = DEFINITIONAL_REPRESENTATION('',(#3324),#3327);
#3324 = B_SPLINE_CURVE_WITH_KNOTS('',1,(#3325,#3326),.UNSPECIFIED.,.F.,
  .F.,(2,2),(0.,1.595314381586E-02),.PIECEWISE_BEZIER_KNOTS.);
#3325 = CARTESIAN_POINT('',(-7.848702062546E-03,-4.819598467363E-03));
#3326 = CARTESIAN_POINT('',(8.104356413425E-03,-4.767417324302E-03));
#3327 = ( GEOMETRIC_REPRESENTATION_CONTEXT(2) 
PARAMETRIC_REPRESENTATION_CONTEXT() REPRESENTATION_CONTEXT('2D SPACE',''
  ) );
#3328 = ORIENTED_EDGE('',*,*,#3329,.F.);
#3329 = EDGE_CURVE('',#3330,#3310,#3332,.T.);
#3330 = VERTEX_POINT('',#3331);
#3331 = CARTESIAN_POINT('',(-22.15856705842,7.144888376833,
    14.430289072599));
#3332 = SURFACE_CURVE('',#3333,(#3336,#3342),.PCURVE_S1.);
#3333 = B_SPLINE_CURVE_WITH_KNOTS('',1,(#3334,#3335),.UNSPECIFIED.,.F.,
  .F.,(2,2),(0.,4.770528411213E-03),.PIECEWISE_BEZIER_KNOTS.);
#3334 = CARTESIAN_POINT('',(-22.15856705842,7.144888376833,
    14.430289072599));
#3335 = CARTESIAN_POINT('',(-22.15856705842,7.144888376833,
    19.200817483812));
#3336 = PCURVE('',#3273,#3337);
#3337 = DEFINITIONAL_REPRESENTATION('',(#3338),#3341);
#3338 = B_SPLINE_CURVE_WITH_KNOTS('',1,(#3339,#3340),.UNSPECIFIED.,.F.,
  .F.,(2,2),(0.,4.770528411213E-03),.PIECEWISE_BEZIER_KNOTS.);
#3339 = CARTESIAN_POINT('',(1.595314381586E-02,0.));
#3340 = CARTESIAN_POINT('',(1.595314381586E-02,-4.770528411213E-03));
#3341 = ( GEOMETRIC_REPRESENTATION_CONTEXT(2) 
PARAMETRIC_REPRESENTATION_CONTEXT() REPRESENTATION_CONTEXT('2D SPACE',''
  ) );
#3342 = PCURVE('',#3141,#3343);
#3343 = DEFINITIONAL_REPRESENTATION('',(#3344),#3348);
#3344 = B_SPLINE_CURVE_WITH_KNOTS('',2,(#3345,#3346,#3347),
  .UNSPECIFIED.,.F.,.F.,(3,3),(0.,4.770528411213E-03),
  .PIECEWISE_BEZIER_KNOTS.);
#3345 = CARTESIAN_POINT('',(3.143833920953,0.));
#3346 = CARTESIAN_POINT('',(3.143833920953,-2.385264205606E-03));
#3347 = CARTESIAN_POINT('',(3.143833920953,-4.770528411213E-03));
#3348 = ( GEOMETRIC_REPRESENTATION_CONTEXT(2) 
PARAMETRIC_REPRESENTATION_CONTEXT() REPRESENTATION_CONTEXT('2D SPACE',''
  ) );
#3349 = ORIENTED_EDGE('',*,*,#3350,.F.);
#3350 = EDGE_CURVE('',#3259,#3330,#3351,.T.);
#3351 = SURFACE_CURVE('',#3352,(#3355,#3361),.PCURVE_S1.);
#3352 = B_SPLINE_CURVE_WITH_KNOTS('',1,(#3353,#3354),.UNSPECIFIED.,.F.,
  .F.,(2,2),(0.,1.595314381586E-02),.PIECEWISE_BEZIER_KNOTS.);
#3353 = CARTESIAN_POINT('',(-37.31470241684,12.124281774301,
    14.430289072599));
#3354 = CARTESIAN_POINT('',(-22.15856705842,7.144888376833,
    14.430289072599));
#3355 = PCURVE('',#3273,#3356);
#3356 = DEFINITIONAL_REPRESENTATION('',(#3357),#3360);
#3357 = B_SPLINE_CURVE_WITH_KNOTS('',1,(#3358,#3359),.UNSPECIFIED.,.F.,
  .F.,(2,2),(0.,1.595314381586E-02),.PIECEWISE_BEZIER_KNOTS.);
#3358 = CARTESIAN_POINT('',(0.,0.));
#3359 = CARTESIAN_POINT('',(1.595314381586E-02,0.));
#3360 = ( GEOMETRIC_REPRESENTATION_CONTEXT(2) 
PARAMETRIC_REPRESENTATION_CONTEXT() REPRESENTATION_CONTEXT('2D SPACE',''
  ) );
#3361 = PCURVE('',#3220,#3362);
#3362 = DEFINITIONAL_REPRESENTATION('',(#3363),#3366);
#3363 = B_SPLINE_CURVE_WITH_KNOTS('',1,(#3364,#3365),.UNSPECIFIED.,.F.,
  .F.,(2,2),(0.,1.595314381586E-02),.PIECEWISE_BEZIER_KNOTS.);
#3364 = CARTESIAN_POINT('',(-7.848702062546E-03,-4.819598467363E-03));
#3365 = CARTESIAN_POINT('',(8.104356413425E-03,-4.767417324302E-03));
#3366 = ( GEOMETRIC_REPRESENTATION_CONTEXT(2) 
PARAMETRIC_REPRESENTATION_CONTEXT() REPRESENTATION_CONTEXT('2D SPACE',''
  ) );
#3367 = ADVANCED_FACE('',(#3368),#3141,.T.);
#3368 = FACE_BOUND('',#3369,.T.);
#3369 = EDGE_LOOP('',(#3370,#3371,#3392,#3393));
#3370 = ORIENTED_EDGE('',*,*,#3329,.T.);
#3371 = ORIENTED_EDGE('',*,*,#3372,.T.);
#3372 = EDGE_CURVE('',#3310,#3123,#3373,.T.);
#3373 = SURFACE_CURVE('',#3374,(#3378,#3385),.PCURVE_S1.);
#3374 = ( BOUNDED_CURVE() B_SPLINE_CURVE(2,(#3375,#3376,#3377),
.UNSPECIFIED.,.F.,.F.) B_SPLINE_CURVE_WITH_KNOTS((3,3),(3.143833920953,
3.444085873625),.PIECEWISE_BEZIER_KNOTS.) CURVE() 
GEOMETRIC_REPRESENTATION_ITEM() RATIONAL_B_SPLINE_CURVE((1.,
0.988752244422,1.)) REPRESENTATION_ITEM('') );
#3375 = CARTESIAN_POINT('',(-22.15856705842,7.144888376833,
    19.200817483812));
#3376 = CARTESIAN_POINT('',(-23.2393319853,3.793093241122,
    19.200817483812));
#3377 = CARTESIAN_POINT('',(-23.28041571729,0.271602706431,
    19.200817483812));
#3378 = PCURVE('',#3141,#3379);
#3379 = DEFINITIONAL_REPRESENTATION('',(#3380),#3384);
#3380 = B_SPLINE_CURVE_WITH_KNOTS('',2,(#3381,#3382,#3383),
  .UNSPECIFIED.,.F.,.F.,(3,3),(3.143833920953,3.444085873625),
  .PIECEWISE_BEZIER_KNOTS.);
#3381 = CARTESIAN_POINT('',(3.143833920953,-4.770528411213E-03));
#3382 = CARTESIAN_POINT('',(3.293959897289,-4.770528411213E-03));
#3383 = CARTESIAN_POINT('',(3.444085873625,-4.770528411213E-03));
#3384 = ( GEOMETRIC_REPRESENTATION_CONTEXT(2) 
PARAMETRIC_REPRESENTATION_CONTEXT() REPRESENTATION_CONTEXT('2D SPACE',''
  ) );
#3385 = PCURVE('',#3169,#3386);
#3386 = DEFINITIONAL_REPRESENTATION('',(#3387),#3391);
#3387 = ( BOUNDED_CURVE() B_SPLINE_CURVE(2,(#3388,#3389,#3390),
.UNSPECIFIED.,.F.,.F.) B_SPLINE_CURVE_WITH_KNOTS((3,3),(3.143833920953,
3.444085873625),.PIECEWISE_BEZIER_KNOTS.) CURVE() 
GEOMETRIC_REPRESENTATION_ITEM() RATIONAL_B_SPLINE_CURVE((1.,
0.988752244422,1.)) REPRESENTATION_ITEM('') );
#3388 = CARTESIAN_POINT('',(8.104356413425E-03,-4.767417324302E-03));
#3389 = CARTESIAN_POINT('',(8.11224954573E-03,-1.245695989867E-03));
#3390 = CARTESIAN_POINT('',(9.161377015459E-03,2.116136101598E-03));
#3391 = ( GEOMETRIC_REPRESENTATION_CONTEXT(2) 
PARAMETRIC_REPRESENTATION_CONTEXT() REPRESENTATION_CONTEXT('2D SPACE',''
  ) );
#3392 = ORIENTED_EDGE('',*,*,#3120,.F.);
#3393 = ORIENTED_EDGE('',*,*,#3394,.F.);
#3394 = EDGE_CURVE('',#3330,#3121,#3395,.T.);
#3395 = SURFACE_CURVE('',#3396,(#3400,#3407),.PCURVE_S1.);
#3396 = ( BOUNDED_CURVE() B_SPLINE_CURVE(2,(#3397,#3398,#3399),
.UNSPECIFIED.,.F.,.F.) B_SPLINE_CURVE_WITH_KNOTS((3,3),(3.143833920953,
3.444085873625),.PIECEWISE_BEZIER_KNOTS.) CURVE() 
GEOMETRIC_REPRESENTATION_ITEM() RATIONAL_B_SPLINE_CURVE((1.,
0.988752244422,1.)) REPRESENTATION_ITEM('') );
#3397 = CARTESIAN_POINT('',(-22.15856705842,7.144888376833,
    14.430289072599));
#3398 = CARTESIAN_POINT('',(-23.2393319853,3.793093241122,
    14.430289072599));
#3399 = CARTESIAN_POINT('',(-23.28041571729,0.271602706431,
    14.430289072599));
#3400 = PCURVE('',#3141,#3401);
#3401 = DEFINITIONAL_REPRESENTATION('',(#3402),#3406);
#3402 = B_SPLINE_CURVE_WITH_KNOTS('',2,(#3403,#3404,#3405),
  .UNSPECIFIED.,.F.,.F.,(3,3),(3.143833920953,3.444085873625),
  .PIECEWISE_BEZIER_KNOTS.);
#3403 = CARTESIAN_POINT('',(3.143833920953,0.));
#3404 = CARTESIAN_POINT('',(3.293959897289,0.));
#3405 = CARTESIAN_POINT('',(3.444085873625,0.));
#3406 = ( GEOMETRIC_REPRESENTATION_CONTEXT(2) 
PARAMETRIC_REPRESENTATION_CONTEXT() REPRESENTATION_CONTEXT('2D SPACE',''
  ) );
#3407 = PCURVE('',#3220,#3408);
#3408 = DEFINITIONAL_REPRESENTATION('',(#3409),#3413);
#3409 = ( BOUNDED_CURVE() B_SPLINE_CURVE(2,(#3410,#3411,#3412),
.UNSPECIFIED.,.F.,.F.) B_SPLINE_CURVE_WITH_KNOTS((3,3),(3.143833920953,
3.444085873625),.PIECEWISE_BEZIER_KNOTS.) CURVE() 
GEOMETRIC_REPRESENTATION_ITEM() RATIONAL_B_SPLINE_CURVE((1.,
0.988752244422,1.)) REPRESENTATION_ITEM('') );
#3410 = CARTESIAN_POINT('',(8.104356413425E-03,-4.767417324302E-03));
#3411 = CARTESIAN_POINT('',(8.11224954573E-03,-1.245695989867E-03));
#3412 = CARTESIAN_POINT('',(9.161377015459E-03,2.116136101598E-03));
#3413 = ( GEOMETRIC_REPRESENTATION_CONTEXT(2) 
PARAMETRIC_REPRESENTATION_CONTEXT() REPRESENTATION_CONTEXT('2D SPACE',''
  ) );
#3414 = ADVANCED_FACE('',(#3415),#3220,.T.);
#3415 = FACE_BOUND('',#3416,.T.);
#3416 = EDGE_LOOP('',(#3417,#3418,#3419,#3420));
#3417 = ORIENTED_EDGE('',*,*,#3208,.T.);
#3418 = ORIENTED_EDGE('',*,*,#3284,.T.);
#3419 = ORIENTED_EDGE('',*,*,#3350,.T.);
#3420 = ORIENTED_EDGE('',*,*,#3394,.T.);
#3421 = ADVANCED_FACE('',(#3422),#3169,.F.);
#3422 = FACE_BOUND('',#3423,.F.);
#3423 = EDGE_LOOP('',(#3424,#3425,#3426,#3427));
#3424 = ORIENTED_EDGE('',*,*,#3155,.T.);
#3425 = ORIENTED_EDGE('',*,*,#3235,.T.);
#3426 = ORIENTED_EDGE('',*,*,#3309,.T.);
#3427 = ORIENTED_EDGE('',*,*,#3372,.T.);
#3428 = ( GEOMETRIC_REPRESENTATION_CONTEXT(3) 
GLOBAL_UNCERTAINTY_ASSIGNED_CONTEXT((#3432)) 
GLOBAL_UNIT_ASSIGNED_CONTEXT((#3429,#3430,#3431)) REPRESENTATION_CONTEXT
('Context #1','3D Context with UNIT and UNCERTAINTY') );
#3429 = ( LENGTH_UNIT() NAMED_UNIT(*) SI_UNIT(.MILLI.,.METRE.) );
#3430 = ( NAMED_UNIT(*) PLANE_ANGLE_UNIT() SI_UNIT($,.RADIAN.) );
#3431 = ( NAMED_UNIT(*) SI_UNIT($,.STERADIAN.) SOLID_ANGLE_UNIT() );
#3432 = UNCERTAINTY_MEASURE_WITH_UNIT(LENGTH_MEASURE(1.E-04),#3429,
  'distance_accuracy_value','confusion accuracy');
#3433 = CONTEXT_DEPENDENT_SHAPE_REPRESENTATION(#3434,#3436);
#3434 = ( REPRESENTATION_RELATIONSHIP('','',#3113,#10) 
REPRESENTATION_RELATIONSHIP_WITH_TRANSFORMATION(#3435) 
SHAPE_REPRESENTATION_RELATIONSHIP() );
#3435 = ITEM_DEFINED_TRANSFORMATION('','',#11,#51);
#3436 = PRODUCT_DEFINITION_SHAPE('Placement','Placement of an item',
  #3437);
#3437 = NEXT_ASSEMBLY_USAGE_OCCURRENCE('7788','','',#5,#3108,$);
#3438 = PRODUCT_RELATED_PRODUCT_CATEGORY('part',$,(#3110));
#3439 = SHAPE_DEFINITION_REPRESENTATION(#3440,#3446);
#3440 = PRODUCT_DEFINITION_SHAPE('','',#3441);
#3441 = PRODUCT_DEFINITION('design','',#3442,#3445);
#3442 = PRODUCT_DEFINITION_FORMATION('','',#3443);
#3443 = PRODUCT('Open CASCADE STEP translator 7.8 200.11',
  'Open CASCADE STEP translator 7.8 200.11','',(#3444));
#3444 = PRODUCT_CONTEXT('',#2,'mechanical');
#3445 = PRODUCT_DEFINITION_CONTEXT('part definition',#2,'design');
#3446 = ADVANCED_BREP_SHAPE_REPRESENTATION('',(#11,#3447),#3761);
#3447 = MANIFOLD_SOLID_BREP('',#3448);
#3448 = CLOSED_SHELL('',(#3449,#3563,#3637,#3700,#3747,#3754));
#3449 = ADVANCED_FACE('',(#3450),#3463,.T.);
#3450 = FACE_BOUND('',#3451,.T.);
#3451 = EDGE_LOOP('',(#3452,#3487,#3512,#3540));
#3452 = ORIENTED_EDGE('',*,*,#3453,.T.);
#3453 = EDGE_CURVE('',#3454,#3456,#3458,.T.);
#3454 = VERTEX_POINT('',#3455);
#3455 = CARTESIAN_POINT('',(-22.22492092199,-6.935734568961,
    14.430289072599));
#3456 = VERTEX_POINT('',#3457);
#3457 = CARTESIAN_POINT('',(-22.22492092199,-6.935734568961,
    19.200817483812));
#3458 = SURFACE_CURVE('',#3459,(#3462,#3473),.PCURVE_S1.);
#3459 = B_SPLINE_CURVE_WITH_KNOTS('',1,(#3460,#3461),.UNSPECIFIED.,.F.,
  .F.,(2,2),(0.,4.770528411213E-03),.PIECEWISE_BEZIER_KNOTS.);
#3460 = CARTESIAN_POINT('',(-22.22492092199,-6.935734568961,
    14.430289072599));
#3461 = CARTESIAN_POINT('',(-22.22492092199,-6.935734568961,
    19.200817483812));
#3462 = PCURVE('',#3463,#3468);
#3463 = B_SPLINE_SURFACE_WITH_KNOTS('',1,1,(
    (#3464,#3465)
    ,(#3466,#3467
    )),.UNSPECIFIED.,.F.,.F.,.F.,(2,2),(2,2),(0.,1.595314381586E-02),(
    -4.770528411213E-03,0.),.PIECEWISE_BEZIER_KNOTS.);
#3464 = CARTESIAN_POINT('',(-22.22492092199,-6.935734568961,
    19.200817483812));
#3465 = CARTESIAN_POINT('',(-22.22492092199,-6.935734568961,
    14.430289072599));
#3466 = CARTESIAN_POINT('',(-37.42731213501,-11.77206572137,
    19.200817483812));
#3467 = CARTESIAN_POINT('',(-37.42731213501,-11.77206572137,
    14.430289072599));
#3468 = DEFINITIONAL_REPRESENTATION('',(#3469),#3472);
#3469 = B_SPLINE_CURVE_WITH_KNOTS('',1,(#3470,#3471),.UNSPECIFIED.,.F.,
  .F.,(2,2),(0.,4.770528411213E-03),.PIECEWISE_BEZIER_KNOTS.);
#3470 = CARTESIAN_POINT('',(0.,0.));
#3471 = CARTESIAN_POINT('',(0.,-4.770528411213E-03));
#3472 = ( GEOMETRIC_REPRESENTATION_CONTEXT(2) 
PARAMETRIC_REPRESENTATION_CONTEXT() REPRESENTATION_CONTEXT('2D SPACE',''
  ) );
#3473 = PCURVE('',#3474,#3481);
#3474 = ( BOUNDED_SURFACE() B_SPLINE_SURFACE(2,1,(
    (#3475,#3476)
    ,(#3477,#3478)
    ,(#3479,#3480
)),.UNSPECIFIED.,.F.,.F.,.F.) B_SPLINE_SURFACE_WITH_KNOTS((3,3),(2,2),(
    3.143833920953,3.444085873625),(-4.770528411213E-03,0.),
.PIECEWISE_BEZIER_KNOTS.) GEOMETRIC_REPRESENTATION_ITEM() 
RATIONAL_B_SPLINE_SURFACE((
    (1.,1.)
    ,(0.988752244422,0.988752244422)
,(1.,1.))) REPRESENTATION_ITEM('') SURFACE() );
#3475 = CARTESIAN_POINT('',(-23.28194152402,-5.218114306117E-02,
    19.200817483812));
#3476 = CARTESIAN_POINT('',(-23.28194152402,-5.218114306117E-02,
    14.430289072599));
#3477 = CARTESIAN_POINT('',(-23.27404839172,-3.573902477496,
    19.200817483812));
#3478 = CARTESIAN_POINT('',(-23.27404839172,-3.573902477496,
    14.430289072599));
#3479 = CARTESIAN_POINT('',(-22.22492092199,-6.935734568961,
    19.200817483812));
#3480 = CARTESIAN_POINT('',(-22.22492092199,-6.935734568961,
    14.430289072599));
#3481 = DEFINITIONAL_REPRESENTATION('',(#3482),#3486);
#3482 = B_SPLINE_CURVE_WITH_KNOTS('',2,(#3483,#3484,#3485),
  .UNSPECIFIED.,.F.,.F.,(3,3),(0.,4.770528411213E-03),
  .PIECEWISE_BEZIER_KNOTS.);
#3483 = CARTESIAN_POINT('',(3.444085873625,0.));
#3484 = CARTESIAN_POINT('',(3.444085873625,-2.385264205606E-03));
#3485 = CARTESIAN_POINT('',(3.444085873625,-4.770528411213E-03));
#3486 = ( GEOMETRIC_REPRESENTATION_CONTEXT(2) 
PARAMETRIC_REPRESENTATION_CONTEXT() REPRESENTATION_CONTEXT('2D SPACE',''
  ) );
#3487 = ORIENTED_EDGE('',*,*,#3488,.T.);
#3488 = EDGE_CURVE('',#3456,#3489,#3491,.T.);
#3489 = VERTEX_POINT('',#3490);
#3490 = CARTESIAN_POINT('',(-37.42731213501,-11.77206572137,
    19.200817483812));
#3491 = SURFACE_CURVE('',#3492,(#3495,#3501),.PCURVE_S1.);
#3492 = B_SPLINE_CURVE_WITH_KNOTS('',1,(#3493,#3494),.UNSPECIFIED.,.F.,
  .F.,(2,2),(0.,1.595314381586E-02),.PIECEWISE_BEZIER_KNOTS.);
#3493 = CARTESIAN_POINT('',(-22.22492092199,-6.935734568961,
    19.200817483812));
#3494 = CARTESIAN_POINT('',(-37.42731213501,-11.77206572137,
    19.200817483812));
#3495 = PCURVE('',#3463,#3496);
#3496 = DEFINITIONAL_REPRESENTATION('',(#3497),#3500);
#3497 = B_SPLINE_CURVE_WITH_KNOTS('',1,(#3498,#3499),.UNSPECIFIED.,.F.,
  .F.,(2,2),(0.,1.595314381586E-02),.PIECEWISE_BEZIER_KNOTS.);
#3498 = CARTESIAN_POINT('',(0.,-4.770528411213E-03));
#3499 = CARTESIAN_POINT('',(1.595314381586E-02,-4.770528411213E-03));
#3500 = ( GEOMETRIC_REPRESENTATION_CONTEXT(2) 
PARAMETRIC_REPRESENTATION_CONTEXT() REPRESENTATION_CONTEXT('2D SPACE',''
  ) );
#3501 = PCURVE('',#3502,#3507);
#3502 = B_SPLINE_SURFACE_WITH_KNOTS('',1,1,(
    (#3503,#3504)
    ,(#3505,#3506
    )),.UNSPECIFIED.,.F.,.F.,.F.,(2,2),(2,2),(-7.848702062546E-03,
    9.161377015459E-03),(-4.819598467363E-03,6.952467254013E-03),
  .PIECEWISE_BEZIER_KNOTS.);
#3503 = CARTESIAN_POINT('',(-39.235,0.,19.200817483812));
#3504 = CARTESIAN_POINT('',(-39.235,-11.77206572137,19.200817483812));
#3505 = CARTESIAN_POINT('',(-22.22492092199,0.,19.200817483812));
#3506 = CARTESIAN_POINT('',(-22.22492092199,-11.77206572137,
    19.200817483812));
#3507 = DEFINITIONAL_REPRESENTATION('',(#3508),#3511);
#3508 = B_SPLINE_CURVE_WITH_KNOTS('',1,(#3509,#3510),.UNSPECIFIED.,.F.,
  .F.,(2,2),(0.,1.595314381586E-02),.PIECEWISE_BEZIER_KNOTS.);
#3509 = CARTESIAN_POINT('',(9.161377015459E-03,2.116136101598E-03));
#3510 = CARTESIAN_POINT('',(-6.041014197558E-03,6.952467254013E-03));
#3511 = ( GEOMETRIC_REPRESENTATION_CONTEXT(2) 
PARAMETRIC_REPRESENTATION_CONTEXT() REPRESENTATION_CONTEXT('2D SPACE',''
  ) );
#3512 = ORIENTED_EDGE('',*,*,#3513,.F.);
#3513 = EDGE_CURVE('',#3514,#3489,#3516,.T.);
#3514 = VERTEX_POINT('',#3515);
#3515 = CARTESIAN_POINT('',(-37.42731213501,-11.77206572137,
    14.430289072599));
#3516 = SURFACE_CURVE('',#3517,(#3520,#3526),.PCURVE_S1.);
#3517 = B_SPLINE_CURVE_WITH_KNOTS('',1,(#3518,#3519),.UNSPECIFIED.,.F.,
  .F.,(2,2),(0.,4.770528411213E-03),.PIECEWISE_BEZIER_KNOTS.);
#3518 = CARTESIAN_POINT('',(-37.42731213501,-11.77206572137,
    14.430289072599));
#3519 = CARTESIAN_POINT('',(-37.42731213501,-11.77206572137,
    19.200817483812));
#3520 = PCURVE('',#3463,#3521);
#3521 = DEFINITIONAL_REPRESENTATION('',(#3522),#3525);
#3522 = B_SPLINE_CURVE_WITH_KNOTS('',1,(#3523,#3524),.UNSPECIFIED.,.F.,
  .F.,(2,2),(0.,4.770528411213E-03),.PIECEWISE_BEZIER_KNOTS.);
#3523 = CARTESIAN_POINT('',(1.595314381586E-02,0.));
#3524 = CARTESIAN_POINT('',(1.595314381586E-02,-4.770528411213E-03));
#3525 = ( GEOMETRIC_REPRESENTATION_CONTEXT(2) 
PARAMETRIC_REPRESENTATION_CONTEXT() REPRESENTATION_CONTEXT('2D SPACE',''
  ) );
#3526 = PCURVE('',#3527,#3534);
#3527 = ( BOUNDED_SURFACE() B_SPLINE_SURFACE(2,1,(
    (#3528,#3529)
    ,(#3530,#3531)
    ,(#3532,#3533
)),.UNSPECIFIED.,.F.,.F.,.F.) B_SPLINE_SURFACE_WITH_KNOTS((3,3),(2,2),(
    5.978450819781,6.28318530718),(-4.770528411213E-03,0.),
.PIECEWISE_BEZIER_KNOTS.) GEOMETRIC_REPRESENTATION_ITEM() 
RATIONAL_B_SPLINE_SURFACE((
    (1.,1.)
    ,(0.988414551331,0.988414551331)
,(1.,1.))) REPRESENTATION_ITEM('') SURFACE() );
#3528 = CARTESIAN_POINT('',(-37.42731213501,-11.77206572137,
    19.200817483812));
#3529 = CARTESIAN_POINT('',(-37.42731213501,-11.77206572137,
    14.430289072599));
#3530 = CARTESIAN_POINT('',(-39.235,-6.024824789589,19.200817483812));
#3531 = CARTESIAN_POINT('',(-39.235,-6.024824789589,14.430289072599));
#3532 = CARTESIAN_POINT('',(-39.235,-9.609803432909E-15,19.200817483812)
  );
#3533 = CARTESIAN_POINT('',(-39.235,-9.609803432909E-15,14.430289072599)
  );
#3534 = DEFINITIONAL_REPRESENTATION('',(#3535),#3539);
#3535 = B_SPLINE_CURVE_WITH_KNOTS('',2,(#3536,#3537,#3538),
  .UNSPECIFIED.,.F.,.F.,(3,3),(0.,4.770528411213E-03),
  .PIECEWISE_BEZIER_KNOTS.);
#3536 = CARTESIAN_POINT('',(5.978450819781,0.));
#3537 = CARTESIAN_POINT('',(5.978450819781,-2.385264205606E-03));
#3538 = CARTESIAN_POINT('',(5.978450819781,-4.770528411213E-03));
#3539 = ( GEOMETRIC_REPRESENTATION_CONTEXT(2) 
PARAMETRIC_REPRESENTATION_CONTEXT() REPRESENTATION_CONTEXT('2D SPACE',''
  ) );
#3540 = ORIENTED_EDGE('',*,*,#3541,.F.);
#3541 = EDGE_CURVE('',#3454,#3514,#3542,.T.);
#3542 = SURFACE_CURVE('',#3543,(#3546,#3552),.PCURVE_S1.);
#3543 = B_SPLINE_CURVE_WITH_KNOTS('',1,(#3544,#3545),.UNSPECIFIED.,.F.,
  .F.,(2,2),(0.,1.595314381586E-02),.PIECEWISE_BEZIER_KNOTS.);
#3544 = CARTESIAN_POINT('',(-22.22492092199,-6.935734568961,
    14.430289072599));
#3545 = CARTESIAN_POINT('',(-37.42731213501,-11.77206572137,
    14.430289072599));
#3546 = PCURVE('',#3463,#3547);
#3547 = DEFINITIONAL_REPRESENTATION('',(#3548),#3551);
#3548 = B_SPLINE_CURVE_WITH_KNOTS('',1,(#3549,#3550),.UNSPECIFIED.,.F.,
  .F.,(2,2),(0.,1.595314381586E-02),.PIECEWISE_BEZIER_KNOTS.);
#3549 = CARTESIAN_POINT('',(0.,0.));
#3550 = CARTESIAN_POINT('',(1.595314381586E-02,0.));
#3551 = ( GEOMETRIC_REPRESENTATION_CONTEXT(2) 
PARAMETRIC_REPRESENTATION_CONTEXT() REPRESENTATION_CONTEXT('2D SPACE',''
  ) );
#3552 = PCURVE('',#3553,#3558);
#3553 = B_SPLINE_SURFACE_WITH_KNOTS('',1,1,(
    (#3554,#3555)
    ,(#3556,#3557
    )),.UNSPECIFIED.,.F.,.F.,.F.,(2,2),(2,2),(-7.848702062546E-03,
    9.161377015459E-03),(-4.819598467363E-03,6.952467254013E-03),
  .PIECEWISE_BEZIER_KNOTS.);
#3554 = CARTESIAN_POINT('',(-39.235,0.,14.430289072599));
#3555 = CARTESIAN_POINT('',(-39.235,-11.77206572137,14.430289072599));
#3556 = CARTESIAN_POINT('',(-22.22492092199,0.,14.430289072599));
#3557 = CARTESIAN_POINT('',(-22.22492092199,-11.77206572137,
    14.430289072599));
#3558 = DEFINITIONAL_REPRESENTATION('',(#3559),#3562);
#3559 = B_SPLINE_CURVE_WITH_KNOTS('',1,(#3560,#3561),.UNSPECIFIED.,.F.,
  .F.,(2,2),(0.,1.595314381586E-02),.PIECEWISE_BEZIER_KNOTS.);
#3560 = CARTESIAN_POINT('',(9.161377015459E-03,2.116136101598E-03));
#3561 = CARTESIAN_POINT('',(-6.041014197558E-03,6.952467254013E-03));
#3562 = ( GEOMETRIC_REPRESENTATION_CONTEXT(2) 
PARAMETRIC_REPRESENTATION_CONTEXT() REPRESENTATION_CONTEXT('2D SPACE',''
  ) );
#3563 = ADVANCED_FACE('',(#3564),#3527,.T.);
#3564 = FACE_BOUND('',#3565,.T.);
#3565 = EDGE_LOOP('',(#3566,#3567,#3590,#3616));
#3566 = ORIENTED_EDGE('',*,*,#3513,.T.);
#3567 = ORIENTED_EDGE('',*,*,#3568,.T.);
#3568 = EDGE_CURVE('',#3489,#3569,#3571,.T.);
#3569 = VERTEX_POINT('',#3570);
#3570 = CARTESIAN_POINT('',(-39.235,0.,19.200817483812));
#3571 = SURFACE_CURVE('',#3572,(#3576,#3583),.PCURVE_S1.);
#3572 = ( BOUNDED_CURVE() B_SPLINE_CURVE(2,(#3573,#3574,#3575),
.UNSPECIFIED.,.F.,.F.) B_SPLINE_CURVE_WITH_KNOTS((3,3),(5.978450819781,
6.28318530718),.PIECEWISE_BEZIER_KNOTS.) CURVE() 
GEOMETRIC_REPRESENTATION_ITEM() RATIONAL_B_SPLINE_CURVE((1.,
0.988414551331,1.)) REPRESENTATION_ITEM('') );
#3573 = CARTESIAN_POINT('',(-37.42731213501,-11.77206572137,
    19.200817483812));
#3574 = CARTESIAN_POINT('',(-39.235,-6.024824789589,19.200817483812));
#3575 = CARTESIAN_POINT('',(-39.235,-9.609803432909E-15,19.200817483812)
  );
#3576 = PCURVE('',#3527,#3577);
#3577 = DEFINITIONAL_REPRESENTATION('',(#3578),#3582);
#3578 = B_SPLINE_CURVE_WITH_KNOTS('',2,(#3579,#3580,#3581),
  .UNSPECIFIED.,.F.,.F.,(3,3),(5.978450819781,6.28318530718),
  .PIECEWISE_BEZIER_KNOTS.);
#3579 = CARTESIAN_POINT('',(5.978450819781,-4.770528411213E-03));
#3580 = CARTESIAN_POINT('',(6.13081806348,-4.770528411213E-03));
#3581 = CARTESIAN_POINT('',(6.28318530718,-4.770528411213E-03));
#3582 = ( GEOMETRIC_REPRESENTATION_CONTEXT(2) 
PARAMETRIC_REPRESENTATION_CONTEXT() REPRESENTATION_CONTEXT('2D SPACE',''
  ) );
#3583 = PCURVE('',#3502,#3584);
#3584 = DEFINITIONAL_REPRESENTATION('',(#3585),#3589);
#3585 = ( BOUNDED_CURVE() B_SPLINE_CURVE(2,(#3586,#3587,#3588),
.UNSPECIFIED.,.F.,.F.) B_SPLINE_CURVE_WITH_KNOTS((3,3),(5.978450819781,
6.28318530718),.PIECEWISE_BEZIER_KNOTS.) CURVE() 
GEOMETRIC_REPRESENTATION_ITEM() RATIONAL_B_SPLINE_CURVE((1.,
0.988414551331,1.)) REPRESENTATION_ITEM('') );
#3586 = CARTESIAN_POINT('',(-6.041014197558E-03,6.952467254013E-03));
#3587 = CARTESIAN_POINT('',(-7.848702062546E-03,1.205226322226E-03));
#3588 = CARTESIAN_POINT('',(-7.848702062546E-03,-4.819598467363E-03));
#3589 = ( GEOMETRIC_REPRESENTATION_CONTEXT(2) 
PARAMETRIC_REPRESENTATION_CONTEXT() REPRESENTATION_CONTEXT('2D SPACE',''
  ) );
#3590 = ORIENTED_EDGE('',*,*,#3591,.F.);
#3591 = EDGE_CURVE('',#3592,#3569,#3594,.T.);
#3592 = VERTEX_POINT('',#3593);
#3593 = CARTESIAN_POINT('',(-39.235,0.,14.430289072599));
#3594 = SURFACE_CURVE('',#3595,(#3598,#3605),.PCURVE_S1.);
#3595 = B_SPLINE_CURVE_WITH_KNOTS('',1,(#3596,#3597),.UNSPECIFIED.,.F.,
  .F.,(2,2),(0.,4.770528411213E-03),.PIECEWISE_BEZIER_KNOTS.);
#3596 = CARTESIAN_POINT('',(-39.235,0.,14.430289072599));
#3597 = CARTESIAN_POINT('',(-39.235,0.,19.200817483812));
#3598 = PCURVE('',#3527,#3599);
#3599 = DEFINITIONAL_REPRESENTATION('',(#3600),#3604);
#3600 = B_SPLINE_CURVE_WITH_KNOTS('',2,(#3601,#3602,#3603),
  .UNSPECIFIED.,.F.,.F.,(3,3),(0.,4.770528411213E-03),
  .PIECEWISE_BEZIER_KNOTS.);
#3601 = CARTESIAN_POINT('',(6.28318530718,0.));
#3602 = CARTESIAN_POINT('',(6.28318530718,-2.385264205606E-03));
#3603 = CARTESIAN_POINT('',(6.28318530718,-4.770528411213E-03));
#3604 = ( GEOMETRIC_REPRESENTATION_CONTEXT(2) 
PARAMETRIC_REPRESENTATION_CONTEXT() REPRESENTATION_CONTEXT('2D SPACE',''
  ) );
#3605 = PCURVE('',#3606,#3611);
#3606 = B_SPLINE_SURFACE_WITH_KNOTS('',1,1,(
    (#3607,#3608)
    ,(#3609,#3610
    )),.UNSPECIFIED.,.F.,.F.,.F.,(2,2),(2,2),(0.,1.595314381586E-02),(
    -4.770528411213E-03,0.),.PIECEWISE_BEZIER_KNOTS.);
#3607 = CARTESIAN_POINT('',(-39.235,0.,19.200817483812));
#3608 = CARTESIAN_POINT('',(-39.235,0.,14.430289072599));
#3609 = CARTESIAN_POINT('',(-23.28194152402,-5.218114306117E-02,
    19.200817483812));
#3610 = CARTESIAN_POINT('',(-23.28194152402,-5.218114306117E-02,
    14.430289072599));
#3611 = DEFINITIONAL_REPRESENTATION('',(#3612),#3615);
#3612 = B_SPLINE_CURVE_WITH_KNOTS('',1,(#3613,#3614),.UNSPECIFIED.,.F.,
  .F.,(2,2),(0.,4.770528411213E-03),.PIECEWISE_BEZIER_KNOTS.);
#3613 = CARTESIAN_POINT('',(0.,0.));
#3614 = CARTESIAN_POINT('',(0.,-4.770528411213E-03));
#3615 = ( GEOMETRIC_REPRESENTATION_CONTEXT(2) 
PARAMETRIC_REPRESENTATION_CONTEXT() REPRESENTATION_CONTEXT('2D SPACE',''
  ) );
#3616 = ORIENTED_EDGE('',*,*,#3617,.F.);
#3617 = EDGE_CURVE('',#3514,#3592,#3618,.T.);
#3618 = SURFACE_CURVE('',#3619,(#3623,#3630),.PCURVE_S1.);
#3619 = ( BOUNDED_CURVE() B_SPLINE_CURVE(2,(#3620,#3621,#3622),
.UNSPECIFIED.,.F.,.F.) B_SPLINE_CURVE_WITH_KNOTS((3,3),(5.978450819781,
6.28318530718),.PIECEWISE_BEZIER_KNOTS.) CURVE() 
GEOMETRIC_REPRESENTATION_ITEM() RATIONAL_B_SPLINE_CURVE((1.,
0.988414551331,1.)) REPRESENTATION_ITEM('') );
#3620 = CARTESIAN_POINT('',(-37.42731213501,-11.77206572137,
    14.430289072599));
#3621 = CARTESIAN_POINT('',(-39.235,-6.024824789589,14.430289072599));
#3622 = CARTESIAN_POINT('',(-39.235,-9.609803432909E-15,14.430289072599)
  );
#3623 = PCURVE('',#3527,#3624);
#3624 = DEFINITIONAL_REPRESENTATION('',(#3625),#3629);
#3625 = B_SPLINE_CURVE_WITH_KNOTS('',2,(#3626,#3627,#3628),
  .UNSPECIFIED.,.F.,.F.,(3,3),(5.978450819781,6.28318530718),
  .PIECEWISE_BEZIER_KNOTS.);
#3626 = CARTESIAN_POINT('',(5.978450819781,0.));
#3627 = CARTESIAN_POINT('',(6.13081806348,0.));
#3628 = CARTESIAN_POINT('',(6.28318530718,0.));
#3629 = ( GEOMETRIC_REPRESENTATION_CONTEXT(2) 
PARAMETRIC_REPRESENTATION_CONTEXT() REPRESENTATION_CONTEXT('2D SPACE',''
  ) );
#3630 = PCURVE('',#3553,#3631);
#3631 = DEFINITIONAL_REPRESENTATION('',(#3632),#3636);
#3632 = ( BOUNDED_CURVE() B_SPLINE_CURVE(2,(#3633,#3634,#3635),
.UNSPECIFIED.,.F.,.F.) B_SPLINE_CURVE_WITH_KNOTS((3,3),(5.978450819781,
6.28318530718),.PIECEWISE_BEZIER_KNOTS.) CURVE() 
GEOMETRIC_REPRESENTATION_ITEM() RATIONAL_B_SPLINE_CURVE((1.,
0.988414551331,1.)) REPRESENTATION_ITEM('') );
#3633 = CARTESIAN_POINT('',(-6.041014197558E-03,6.952467254013E-03));
#3634 = CARTESIAN_POINT('',(-7.848702062546E-03,1.205226322226E-03));
#3635 = CARTESIAN_POINT('',(-7.848702062546E-03,-4.819598467363E-03));
#3636 = ( GEOMETRIC_REPRESENTATION_CONTEXT(2) 
PARAMETRIC_REPRESENTATION_CONTEXT() REPRESENTATION_CONTEXT('2D SPACE',''
  ) );
#3637 = ADVANCED_FACE('',(#3638),#3606,.T.);
#3638 = FACE_BOUND('',#3639,.T.);
#3639 = EDGE_LOOP('',(#3640,#3641,#3661,#3682));
#3640 = ORIENTED_EDGE('',*,*,#3591,.T.);
#3641 = ORIENTED_EDGE('',*,*,#3642,.T.);
#3642 = EDGE_CURVE('',#3569,#3643,#3645,.T.);
#3643 = VERTEX_POINT('',#3644);
#3644 = CARTESIAN_POINT('',(-23.28194152402,-5.218114306116E-02,
    19.200817483812));
#3645 = SURFACE_CURVE('',#3646,(#3649,#3655),.PCURVE_S1.);
#3646 = B_SPLINE_CURVE_WITH_KNOTS('',1,(#3647,#3648),.UNSPECIFIED.,.F.,
  .F.,(2,2),(0.,1.595314381586E-02),.PIECEWISE_BEZIER_KNOTS.);
#3647 = CARTESIAN_POINT('',(-39.235,0.,19.200817483812));
#3648 = CARTESIAN_POINT('',(-23.28194152402,-5.218114306117E-02,
    19.200817483812));
#3649 = PCURVE('',#3606,#3650);
#3650 = DEFINITIONAL_REPRESENTATION('',(#3651),#3654);
#3651 = B_SPLINE_CURVE_WITH_KNOTS('',1,(#3652,#3653),.UNSPECIFIED.,.F.,
  .F.,(2,2),(0.,1.595314381586E-02),.PIECEWISE_BEZIER_KNOTS.);
#3652 = CARTESIAN_POINT('',(0.,-4.770528411213E-03));
#3653 = CARTESIAN_POINT('',(1.595314381586E-02,-4.770528411213E-03));
#3654 = ( GEOMETRIC_REPRESENTATION_CONTEXT(2) 
PARAMETRIC_REPRESENTATION_CONTEXT() REPRESENTATION_CONTEXT('2D SPACE',''
  ) );
#3655 = PCURVE('',#3502,#3656);
#3656 = DEFINITIONAL_REPRESENTATION('',(#3657),#3660);
#3657 = B_SPLINE_CURVE_WITH_KNOTS('',1,(#3658,#3659),.UNSPECIFIED.,.F.,
  .F.,(2,2),(0.,1.595314381586E-02),.PIECEWISE_BEZIER_KNOTS.);
#3658 = CARTESIAN_POINT('',(-7.848702062546E-03,-4.819598467363E-03));
#3659 = CARTESIAN_POINT('',(8.104356413425E-03,-4.767417324302E-03));
#3660 = ( GEOMETRIC_REPRESENTATION_CONTEXT(2) 
PARAMETRIC_REPRESENTATION_CONTEXT() REPRESENTATION_CONTEXT('2D SPACE',''
  ) );
#3661 = ORIENTED_EDGE('',*,*,#3662,.F.);
#3662 = EDGE_CURVE('',#3663,#3643,#3665,.T.);
#3663 = VERTEX_POINT('',#3664);
#3664 = CARTESIAN_POINT('',(-23.28194152402,-5.218114306116E-02,
    14.430289072599));
#3665 = SURFACE_CURVE('',#3666,(#3669,#3675),.PCURVE_S1.);
#3666 = B_SPLINE_CURVE_WITH_KNOTS('',1,(#3667,#3668),.UNSPECIFIED.,.F.,
  .F.,(2,2),(0.,4.770528411213E-03),.PIECEWISE_BEZIER_KNOTS.);
#3667 = CARTESIAN_POINT('',(-23.28194152402,-5.218114306116E-02,
    14.430289072599));
#3668 = CARTESIAN_POINT('',(-23.28194152402,-5.218114306116E-02,
    19.200817483812));
#3669 = PCURVE('',#3606,#3670);
#3670 = DEFINITIONAL_REPRESENTATION('',(#3671),#3674);
#3671 = B_SPLINE_CURVE_WITH_KNOTS('',1,(#3672,#3673),.UNSPECIFIED.,.F.,
  .F.,(2,2),(0.,4.770528411213E-03),.PIECEWISE_BEZIER_KNOTS.);
#3672 = CARTESIAN_POINT('',(1.595314381586E-02,0.));
#3673 = CARTESIAN_POINT('',(1.595314381586E-02,-4.770528411213E-03));
#3674 = ( GEOMETRIC_REPRESENTATION_CONTEXT(2) 
PARAMETRIC_REPRESENTATION_CONTEXT() REPRESENTATION_CONTEXT('2D SPACE',''
  ) );
#3675 = PCURVE('',#3474,#3676);
#3676 = DEFINITIONAL_REPRESENTATION('',(#3677),#3681);
#3677 = B_SPLINE_CURVE_WITH_KNOTS('',2,(#3678,#3679,#3680),
  .UNSPECIFIED.,.F.,.F.,(3,3),(0.,4.770528411213E-03),
  .PIECEWISE_BEZIER_KNOTS.);
#3678 = CARTESIAN_POINT('',(3.143833920953,0.));
#3679 = CARTESIAN_POINT('',(3.143833920953,-2.385264205606E-03));
#3680 = CARTESIAN_POINT('',(3.143833920953,-4.770528411213E-03));
#3681 = ( GEOMETRIC_REPRESENTATION_CONTEXT(2) 
PARAMETRIC_REPRESENTATION_CONTEXT() REPRESENTATION_CONTEXT('2D SPACE',''
  ) );
#3682 = ORIENTED_EDGE('',*,*,#3683,.F.);
#3683 = EDGE_CURVE('',#3592,#3663,#3684,.T.);
#3684 = SURFACE_CURVE('',#3685,(#3688,#3694),.PCURVE_S1.);
#3685 = B_SPLINE_CURVE_WITH_KNOTS('',1,(#3686,#3687),.UNSPECIFIED.,.F.,
  .F.,(2,2),(0.,1.595314381586E-02),.PIECEWISE_BEZIER_KNOTS.);
#3686 = CARTESIAN_POINT('',(-39.235,0.,14.430289072599));
#3687 = CARTESIAN_POINT('',(-23.28194152402,-5.218114306117E-02,
    14.430289072599));
#3688 = PCURVE('',#3606,#3689);
#3689 = DEFINITIONAL_REPRESENTATION('',(#3690),#3693);
#3690 = B_SPLINE_CURVE_WITH_KNOTS('',1,(#3691,#3692),.UNSPECIFIED.,.F.,
  .F.,(2,2),(0.,1.595314381586E-02),.PIECEWISE_BEZIER_KNOTS.);
#3691 = CARTESIAN_POINT('',(0.,0.));
#3692 = CARTESIAN_POINT('',(1.595314381586E-02,0.));
#3693 = ( GEOMETRIC_REPRESENTATION_CONTEXT(2) 
PARAMETRIC_REPRESENTATION_CONTEXT() REPRESENTATION_CONTEXT('2D SPACE',''
  ) );
#3694 = PCURVE('',#3553,#3695);
#3695 = DEFINITIONAL_REPRESENTATION('',(#3696),#3699);
#3696 = B_SPLINE_CURVE_WITH_KNOTS('',1,(#3697,#3698),.UNSPECIFIED.,.F.,
  .F.,(2,2),(0.,1.595314381586E-02),.PIECEWISE_BEZIER_KNOTS.);
#3697 = CARTESIAN_POINT('',(-7.848702062546E-03,-4.819598467363E-03));
#3698 = CARTESIAN_POINT('',(8.104356413425E-03,-4.767417324302E-03));
#3699 = ( GEOMETRIC_REPRESENTATION_CONTEXT(2) 
PARAMETRIC_REPRESENTATION_CONTEXT() REPRESENTATION_CONTEXT('2D SPACE',''
  ) );
#3700 = ADVANCED_FACE('',(#3701),#3474,.T.);
#3701 = FACE_BOUND('',#3702,.T.);
#3702 = EDGE_LOOP('',(#3703,#3704,#3725,#3726));
#3703 = ORIENTED_EDGE('',*,*,#3662,.T.);
#3704 = ORIENTED_EDGE('',*,*,#3705,.T.);
#3705 = EDGE_CURVE('',#3643,#3456,#3706,.T.);
#3706 = SURFACE_CURVE('',#3707,(#3711,#3718),.PCURVE_S1.);
#3707 = ( BOUNDED_CURVE() B_SPLINE_CURVE(2,(#3708,#3709,#3710),
.UNSPECIFIED.,.F.,.F.) B_SPLINE_CURVE_WITH_KNOTS((3,3),(3.143833920953,
3.444085873625),.PIECEWISE_BEZIER_KNOTS.) CURVE() 
GEOMETRIC_REPRESENTATION_ITEM() RATIONAL_B_SPLINE_CURVE((1.,
0.988752244422,1.)) REPRESENTATION_ITEM('') );
#3708 = CARTESIAN_POINT('',(-23.28194152402,-5.218114306117E-02,
    19.200817483812));
#3709 = CARTESIAN_POINT('',(-23.27404839172,-3.573902477496,
    19.200817483812));
#3710 = CARTESIAN_POINT('',(-22.22492092199,-6.935734568961,
    19.200817483812));
#3711 = PCURVE('',#3474,#3712);
#3712 = DEFINITIONAL_REPRESENTATION('',(#3713),#3717);
#3713 = B_SPLINE_CURVE_WITH_KNOTS('',2,(#3714,#3715,#3716),
  .UNSPECIFIED.,.F.,.F.,(3,3),(3.143833920953,3.444085873625),
  .PIECEWISE_BEZIER_KNOTS.);
#3714 = CARTESIAN_POINT('',(3.143833920953,-4.770528411213E-03));
#3715 = CARTESIAN_POINT('',(3.293959897289,-4.770528411213E-03));
#3716 = CARTESIAN_POINT('',(3.444085873625,-4.770528411213E-03));
#3717 = ( GEOMETRIC_REPRESENTATION_CONTEXT(2) 
PARAMETRIC_REPRESENTATION_CONTEXT() REPRESENTATION_CONTEXT('2D SPACE',''
  ) );
#3718 = PCURVE('',#3502,#3719);
#3719 = DEFINITIONAL_REPRESENTATION('',(#3720),#3724);
#3720 = ( BOUNDED_CURVE() B_SPLINE_CURVE(2,(#3721,#3722,#3723),
.UNSPECIFIED.,.F.,.F.) B_SPLINE_CURVE_WITH_KNOTS((3,3),(3.143833920953,
3.444085873625),.PIECEWISE_BEZIER_KNOTS.) CURVE() 
GEOMETRIC_REPRESENTATION_ITEM() RATIONAL_B_SPLINE_CURVE((1.,
0.988752244422,1.)) REPRESENTATION_ITEM('') );
#3721 = CARTESIAN_POINT('',(8.104356413425E-03,-4.767417324302E-03));
#3722 = CARTESIAN_POINT('',(8.11224954573E-03,-1.245695989867E-03));
#3723 = CARTESIAN_POINT('',(9.161377015459E-03,2.116136101598E-03));
#3724 = ( GEOMETRIC_REPRESENTATION_CONTEXT(2) 
PARAMETRIC_REPRESENTATION_CONTEXT() REPRESENTATION_CONTEXT('2D SPACE',''
  ) );
#3725 = ORIENTED_EDGE('',*,*,#3453,.F.);
#3726 = ORIENTED_EDGE('',*,*,#3727,.F.);
#3727 = EDGE_CURVE('',#3663,#3454,#3728,.T.);
#3728 = SURFACE_CURVE('',#3729,(#3733,#3740),.PCURVE_S1.);
#3729 = ( BOUNDED_CURVE() B_SPLINE_CURVE(2,(#3730,#3731,#3732),
.UNSPECIFIED.,.F.,.F.) B_SPLINE_CURVE_WITH_KNOTS((3,3),(3.143833920953,
3.444085873625),.PIECEWISE_BEZIER_KNOTS.) CURVE() 
GEOMETRIC_REPRESENTATION_ITEM() RATIONAL_B_SPLINE_CURVE((1.,
0.988752244422,1.)) REPRESENTATION_ITEM('') );
#3730 = CARTESIAN_POINT('',(-23.28194152402,-5.218114306117E-02,
    14.430289072599));
#3731 = CARTESIAN_POINT('',(-23.27404839172,-3.573902477496,
    14.430289072599));
#3732 = CARTESIAN_POINT('',(-22.22492092199,-6.935734568961,
    14.430289072599));
#3733 = PCURVE('',#3474,#3734);
#3734 = DEFINITIONAL_REPRESENTATION('',(#3735),#3739);
#3735 = B_SPLINE_CURVE_WITH_KNOTS('',2,(#3736,#3737,#3738),
  .UNSPECIFIED.,.F.,.F.,(3,3),(3.143833920953,3.444085873625),
  .PIECEWISE_BEZIER_KNOTS.);
#3736 = CARTESIAN_POINT('',(3.143833920953,0.));
#3737 = CARTESIAN_POINT('',(3.293959897289,0.));
#3738 = CARTESIAN_POINT('',(3.444085873625,0.));
#3739 = ( GEOMETRIC_REPRESENTATION_CONTEXT(2) 
PARAMETRIC_REPRESENTATION_CONTEXT() REPRESENTATION_CONTEXT('2D SPACE',''
  ) );
#3740 = PCURVE('',#3553,#3741);
#3741 = DEFINITIONAL_REPRESENTATION('',(#3742),#3746);
#3742 = ( BOUNDED_CURVE() B_SPLINE_CURVE(2,(#3743,#3744,#3745),
.UNSPECIFIED.,.F.,.F.) B_SPLINE_CURVE_WITH_KNOTS((3,3),(3.143833920953,
3.444085873625),.PIECEWISE_BEZIER_KNOTS.) CURVE() 
GEOMETRIC_REPRESENTATION_ITEM() RATIONAL_B_SPLINE_CURVE((1.,
0.988752244422,1.)) REPRESENTATION_ITEM('') );
#3743 = CARTESIAN_POINT('',(8.104356413425E-03,-4.767417324302E-03));
#3744 = CARTESIAN_POINT('',(8.11224954573E-03,-1.245695989867E-03));
#3745 = CARTESIAN_POINT('',(9.161377015459E-03,2.116136101598E-03));
#3746 = ( GEOMETRIC_REPRESENTATION_CONTEXT(2) 
PARAMETRIC_REPRESENTATION_CONTEXT() REPRESENTATION_CONTEXT('2D SPACE',''
  ) );
#3747 = ADVANCED_FACE('',(#3748),#3553,.T.);
#3748 = FACE_BOUND('',#3749,.T.);
#3749 = EDGE_LOOP('',(#3750,#3751,#3752,#3753));
#3750 = ORIENTED_EDGE('',*,*,#3541,.T.);
#3751 = ORIENTED_EDGE('',*,*,#3617,.T.);
#3752 = ORIENTED_EDGE('',*,*,#3683,.T.);
#3753 = ORIENTED_EDGE('',*,*,#3727,.T.);
#3754 = ADVANCED_FACE('',(#3755),#3502,.F.);
#3755 = FACE_BOUND('',#3756,.F.);
#3756 = EDGE_LOOP('',(#3757,#3758,#3759,#3760));
#3757 = ORIENTED_EDGE('',*,*,#3488,.T.);
#3758 = ORIENTED_EDGE('',*,*,#3568,.T.);
#3759 = ORIENTED_EDGE('',*,*,#3642,.T.);
#3760 = ORIENTED_EDGE('',*,*,#3705,.T.);
#3761 = ( GEOMETRIC_REPRESENTATION_CONTEXT(3) 
GLOBAL_UNCERTAINTY_ASSIGNED_CONTEXT((#3765)) 
GLOBAL_UNIT_ASSIGNED_CONTEXT((#3762,#3763,#3764)) REPRESENTATION_CONTEXT
('Context #1','3D Context with UNIT and UNCERTAINTY') );
#3762 = ( LENGTH_UNIT() NAMED_UNIT(*) SI_UNIT(.MILLI.,.METRE.) );
#3763 = ( NAMED_UNIT(*) PLANE_ANGLE_UNIT() SI_UNIT($,.RADIAN.) );
#3764 = ( NAMED_UNIT(*) SI_UNIT($,.STERADIAN.) SOLID_ANGLE_UNIT() );
#3765 = UNCERTAINTY_MEASURE_WITH_UNIT(LENGTH_MEASURE(1.E-04),#3762,
  'distance_accuracy_value','confusion accuracy');
#3766 = CONTEXT_DEPENDENT_SHAPE_REPRESENTATION(#3767,#3769);
#3767 = ( REPRESENTATION_RELATIONSHIP('','',#3446,#10) 
REPRESENTATION_RELATIONSHIP_WITH_TRANSFORMATION(#3768) 
SHAPE_REPRESENTATION_RELATIONSHIP() );
#3768 = ITEM_DEFINED_TRANSFORMATION('','',#11,#55);
#3769 = PRODUCT_DEFINITION_SHAPE('Placement','Placement of an item',
  #3770);
#3770 = NEXT_ASSEMBLY_USAGE_OCCURRENCE('7789','','',#5,#3441,$);
#3771 = PRODUCT_RELATED_PRODUCT_CATEGORY('part',$,(#3443));
#3772 = SHAPE_DEFINITION_REPRESENTATION(#3773,#3779);
#3773 = PRODUCT_DEFINITION_SHAPE('','',#3774);
#3774 = PRODUCT_DEFINITION('design','',#3775,#3778);
#3775 = PRODUCT_DEFINITION_FORMATION('','',#3776);
#3776 = PRODUCT('Open CASCADE STEP translator 7.8 200.12',
  'Open CASCADE STEP translator 7.8 200.12','',(#3777));
#3777 = PRODUCT_CONTEXT('',#2,'mechanical');
#3778 = PRODUCT_DEFINITION_CONTEXT('part definition',#2,'design');
#3779 = ADVANCED_BREP_SHAPE_REPRESENTATION('',(#11,#3780),#4094);
#3780 = MANIFOLD_SOLID_BREP('',#3781);
#3781 = CLOSED_SHELL('',(#3782,#3896,#3970,#4033,#4080,#4087));
#3782 = ADVANCED_FACE('',(#3783),#3796,.T.);
#3783 = FACE_BOUND('',#3784,.T.);
#3784 = EDGE_LOOP('',(#3785,#3820,#3845,#3873));
#3785 = ORIENTED_EDGE('',*,*,#3786,.T.);
#3786 = EDGE_CURVE('',#3787,#3789,#3791,.T.);
#3787 = VERTEX_POINT('',#3788);
#3788 = CARTESIAN_POINT('',(-18.99389601672,-13.46415382064,
    14.430289072599));
#3789 = VERTEX_POINT('',#3790);
#3790 = CARTESIAN_POINT('',(-18.99389601672,-13.46415382064,
    19.200817483812));
#3791 = SURFACE_CURVE('',#3792,(#3795,#3806),.PCURVE_S1.);
#3792 = B_SPLINE_CURVE_WITH_KNOTS('',1,(#3793,#3794),.UNSPECIFIED.,.F.,
  .F.,(2,2),(0.,4.770528411213E-03),.PIECEWISE_BEZIER_KNOTS.);
#3793 = CARTESIAN_POINT('',(-18.99389601672,-13.46415382064,
    14.430289072599));
#3794 = CARTESIAN_POINT('',(-18.99389601672,-13.46415382064,
    19.200817483812));
#3795 = PCURVE('',#3796,#3801);
#3796 = B_SPLINE_SURFACE_WITH_KNOTS('',1,1,(
    (#3797,#3798)
    ,(#3799,#3800
    )),.UNSPECIFIED.,.F.,.F.,.F.,(2,2),(2,2),(0.,1.595314381586E-02),(
    -4.770528411213E-03,0.),.PIECEWISE_BEZIER_KNOTS.);
#3797 = CARTESIAN_POINT('',(-18.99389601672,-13.46415382064,
    19.200817483812));
#3798 = CARTESIAN_POINT('',(-18.99389601672,-13.46415382064,
    14.430289072599));
#3799 = CARTESIAN_POINT('',(-31.95772072661,-22.76157531806,
    19.200817483812));
#3800 = CARTESIAN_POINT('',(-31.95772072661,-22.76157531806,
    14.430289072599));
#3801 = DEFINITIONAL_REPRESENTATION('',(#3802),#3805);
#3802 = B_SPLINE_CURVE_WITH_KNOTS('',1,(#3803,#3804),.UNSPECIFIED.,.F.,
  .F.,(2,2),(0.,4.770528411213E-03),.PIECEWISE_BEZIER_KNOTS.);
#3803 = CARTESIAN_POINT('',(0.,0.));
#3804 = CARTESIAN_POINT('',(0.,-4.770528411213E-03));
#3805 = ( GEOMETRIC_REPRESENTATION_CONTEXT(2) 
PARAMETRIC_REPRESENTATION_CONTEXT() REPRESENTATION_CONTEXT('2D SPACE',''
  ) );
#3806 = PCURVE('',#3807,#3814);
#3807 = ( BOUNDED_SURFACE() B_SPLINE_SURFACE(2,1,(
    (#3808,#3809)
    ,(#3810,#3811)
    ,(#3812,#3813
)),.UNSPECIFIED.,.F.,.F.,.F.) B_SPLINE_SURFACE_WITH_KNOTS((3,3),(2,2),(
    3.143833920953,3.444085873625),(-4.770528411213E-03,0.),
.PIECEWISE_BEZIER_KNOTS.) GEOMETRIC_REPRESENTATION_ITEM() 
RATIONAL_B_SPLINE_SURFACE((
    (1.,1.)
    ,(0.988752244422,0.988752244422)
,(1.,1.))) REPRESENTATION_ITEM('') SURFACE() );
#3808 = CARTESIAN_POINT('',(-22.12631733843,-7.244142809105,
    19.200817483812));
#3809 = CARTESIAN_POINT('',(-22.12631733843,-7.244142809105,
    14.430289072599));
#3810 = CARTESIAN_POINT('',(-21.03053878173,-10.59105972077,
    19.200817483812));
#3811 = CARTESIAN_POINT('',(-21.03053878173,-10.59105972077,
    14.430289072599));
#3812 = CARTESIAN_POINT('',(-18.99389601672,-13.46415382064,
    19.200817483812));
#3813 = CARTESIAN_POINT('',(-18.99389601672,-13.46415382064,
    14.430289072599));
#3814 = DEFINITIONAL_REPRESENTATION('',(#3815),#3819);
#3815 = B_SPLINE_CURVE_WITH_KNOTS('',2,(#3816,#3817,#3818),
  .UNSPECIFIED.,.F.,.F.,(3,3),(0.,4.770528411213E-03),
  .PIECEWISE_BEZIER_KNOTS.);
#3816 = CARTESIAN_POINT('',(3.444085873625,0.));
#3817 = CARTESIAN_POINT('',(3.444085873625,-2.385264205606E-03));
#3818 = CARTESIAN_POINT('',(3.444085873625,-4.770528411213E-03));
#3819 = ( GEOMETRIC_REPRESENTATION_CONTEXT(2) 
PARAMETRIC_REPRESENTATION_CONTEXT() REPRESENTATION_CONTEXT('2D SPACE',''
  ) );
#3820 = ORIENTED_EDGE('',*,*,#3821,.T.);
#3821 = EDGE_CURVE('',#3789,#3822,#3824,.T.);
#3822 = VERTEX_POINT('',#3823);
#3823 = CARTESIAN_POINT('',(-31.95772072661,-22.76157531806,
    19.200817483812));
#3824 = SURFACE_CURVE('',#3825,(#3828,#3834),.PCURVE_S1.);
#3825 = B_SPLINE_CURVE_WITH_KNOTS('',1,(#3826,#3827),.UNSPECIFIED.,.F.,
  .F.,(2,2),(0.,1.595314381586E-02),.PIECEWISE_BEZIER_KNOTS.);
#3826 = CARTESIAN_POINT('',(-18.99389601672,-13.46415382064,
    19.200817483812));
#3827 = CARTESIAN_POINT('',(-31.95772072661,-22.76157531806,
    19.200817483812));
#3828 = PCURVE('',#3796,#3829);
#3829 = DEFINITIONAL_REPRESENTATION('',(#3830),#3833);
#3830 = B_SPLINE_CURVE_WITH_KNOTS('',1,(#3831,#3832),.UNSPECIFIED.,.F.,
  .F.,(2,2),(0.,1.595314381586E-02),.PIECEWISE_BEZIER_KNOTS.);
#3831 = CARTESIAN_POINT('',(0.,-4.770528411213E-03));
#3832 = CARTESIAN_POINT('',(1.595314381586E-02,-4.770528411213E-03));
#3833 = ( GEOMETRIC_REPRESENTATION_CONTEXT(2) 
PARAMETRIC_REPRESENTATION_CONTEXT() REPRESENTATION_CONTEXT('2D SPACE',''
  ) );
#3834 = PCURVE('',#3835,#3840);
#3835 = B_SPLINE_SURFACE_WITH_KNOTS('',1,1,(
    (#3836,#3837)
    ,(#3838,#3839
    )),.UNSPECIFIED.,.F.,.F.,.F.,(2,2),(2,2),(-7.848702062546E-03,
    9.161377015459E-03),(-4.819598467363E-03,6.952467254013E-03),
  .PIECEWISE_BEZIER_KNOTS.);
#3836 = CARTESIAN_POINT('',(-37.31470241684,-12.1242817743,
    19.200817483812));
#3837 = CARTESIAN_POINT('',(-33.67693405003,-23.32018158887,
    19.200817483812));
#3838 = CARTESIAN_POINT('',(-21.137155867,-6.867878263536,
    19.200817483812));
#3839 = CARTESIAN_POINT('',(-17.4993875002,-18.0637780781,
    19.200817483812));
#3840 = DEFINITIONAL_REPRESENTATION('',(#3841),#3844);
#3841 = B_SPLINE_CURVE_WITH_KNOTS('',1,(#3842,#3843),.UNSPECIFIED.,.F.,
  .F.,(2,2),(0.,1.595314381586E-02),.PIECEWISE_BEZIER_KNOTS.);
#3842 = CARTESIAN_POINT('',(9.161377015459E-03,2.116136101598E-03));
#3843 = CARTESIAN_POINT('',(-6.041014197558E-03,6.952467254013E-03));
#3844 = ( GEOMETRIC_REPRESENTATION_CONTEXT(2) 
PARAMETRIC_REPRESENTATION_CONTEXT() REPRESENTATION_CONTEXT('2D SPACE',''
  ) );
#3845 = ORIENTED_EDGE('',*,*,#3846,.F.);
#3846 = EDGE_CURVE('',#3847,#3822,#3849,.T.);
#3847 = VERTEX_POINT('',#3848);
#3848 = CARTESIAN_POINT('',(-31.95772072661,-22.76157531806,
    14.430289072599));
#3849 = SURFACE_CURVE('',#3850,(#3853,#3859),.PCURVE_S1.);
#3850 = B_SPLINE_CURVE_WITH_KNOTS('',1,(#3851,#3852),.UNSPECIFIED.,.F.,
  .F.,(2,2),(0.,4.770528411213E-03),.PIECEWISE_BEZIER_KNOTS.);
#3851 = CARTESIAN_POINT('',(-31.95772072661,-22.76157531806,
    14.430289072599));
#3852 = CARTESIAN_POINT('',(-31.95772072661,-22.76157531806,
    19.200817483812));
#3853 = PCURVE('',#3796,#3854);
#3854 = DEFINITIONAL_REPRESENTATION('',(#3855),#3858);
#3855 = B_SPLINE_CURVE_WITH_KNOTS('',1,(#3856,#3857),.UNSPECIFIED.,.F.,
  .F.,(2,2),(0.,4.770528411213E-03),.PIECEWISE_BEZIER_KNOTS.);
#3856 = CARTESIAN_POINT('',(1.595314381586E-02,0.));
#3857 = CARTESIAN_POINT('',(1.595314381586E-02,-4.770528411213E-03));
#3858 = ( GEOMETRIC_REPRESENTATION_CONTEXT(2) 
PARAMETRIC_REPRESENTATION_CONTEXT() REPRESENTATION_CONTEXT('2D SPACE',''
  ) );
#3859 = PCURVE('',#3860,#3867);
#3860 = ( BOUNDED_SURFACE() B_SPLINE_SURFACE(2,1,(
    (#3861,#3862)
    ,(#3863,#3864)
    ,(#3865,#3866
)),.UNSPECIFIED.,.F.,.F.,.F.) B_SPLINE_SURFACE_WITH_KNOTS((3,3),(2,2),(
    5.978450819781,6.28318530718),(-4.770528411213E-03,0.),
.PIECEWISE_BEZIER_KNOTS.) GEOMETRIC_REPRESENTATION_ITEM() 
RATIONAL_B_SPLINE_SURFACE((
    (1.,1.)
    ,(0.988414551331,0.988414551331)
,(1.,1.))) REPRESENTATION_ITEM('') SURFACE() );
#3861 = CARTESIAN_POINT('',(-31.95772072661,-22.76157531806,
    19.200817483812));
#3862 = CARTESIAN_POINT('',(-31.95772072661,-22.76157531806,
    14.430289072599));
#3863 = CARTESIAN_POINT('',(-35.45292916872,-17.85423064997,
    19.200817483812));
#3864 = CARTESIAN_POINT('',(-35.45292916872,-17.85423064997,
    14.430289072599));
#3865 = CARTESIAN_POINT('',(-37.31470241684,-12.1242817743,
    19.200817483812));
#3866 = CARTESIAN_POINT('',(-37.31470241684,-12.1242817743,
    14.430289072599));
#3867 = DEFINITIONAL_REPRESENTATION('',(#3868),#3872);
#3868 = B_SPLINE_CURVE_WITH_KNOTS('',2,(#3869,#3870,#3871),
  .UNSPECIFIED.,.F.,.F.,(3,3),(0.,4.770528411213E-03),
  .PIECEWISE_BEZIER_KNOTS.);
#3869 = CARTESIAN_POINT('',(5.978450819781,0.));
#3870 = CARTESIAN_POINT('',(5.978450819781,-2.385264205606E-03));
#3871 = CARTESIAN_POINT('',(5.978450819781,-4.770528411213E-03));
#3872 = ( GEOMETRIC_REPRESENTATION_CONTEXT(2) 
PARAMETRIC_REPRESENTATION_CONTEXT() REPRESENTATION_CONTEXT('2D SPACE',''
  ) );
#3873 = ORIENTED_EDGE('',*,*,#3874,.F.);
#3874 = EDGE_CURVE('',#3787,#3847,#3875,.T.);
#3875 = SURFACE_CURVE('',#3876,(#3879,#3885),.PCURVE_S1.);
#3876 = B_SPLINE_CURVE_WITH_KNOTS('',1,(#3877,#3878),.UNSPECIFIED.,.F.,
  .F.,(2,2),(0.,1.595314381586E-02),.PIECEWISE_BEZIER_KNOTS.);
#3877 = CARTESIAN_POINT('',(-18.99389601672,-13.46415382064,
    14.430289072599));
#3878 = CARTESIAN_POINT('',(-31.95772072661,-22.76157531806,
    14.430289072599));
#3879 = PCURVE('',#3796,#3880);
#3880 = DEFINITIONAL_REPRESENTATION('',(#3881),#3884);
#3881 = B_SPLINE_CURVE_WITH_KNOTS('',1,(#3882,#3883),.UNSPECIFIED.,.F.,
  .F.,(2,2),(0.,1.595314381586E-02),.PIECEWISE_BEZIER_KNOTS.);
#3882 = CARTESIAN_POINT('',(0.,0.));
#3883 = CARTESIAN_POINT('',(1.595314381586E-02,0.));
#3884 = ( GEOMETRIC_REPRESENTATION_CONTEXT(2) 
PARAMETRIC_REPRESENTATION_CONTEXT() REPRESENTATION_CONTEXT('2D SPACE',''
  ) );
#3885 = PCURVE('',#3886,#3891);
#3886 = B_SPLINE_SURFACE_WITH_KNOTS('',1,1,(
    (#3887,#3888)
    ,(#3889,#3890
    )),.UNSPECIFIED.,.F.,.F.,.F.,(2,2),(2,2),(-7.848702062546E-03,
    9.161377015459E-03),(-4.819598467363E-03,6.952467254013E-03),
  .PIECEWISE_BEZIER_KNOTS.);
#3887 = CARTESIAN_POINT('',(-37.31470241684,-12.1242817743,
    14.430289072599));
#3888 = CARTESIAN_POINT('',(-33.67693405003,-23.32018158887,
    14.430289072599));
#3889 = CARTESIAN_POINT('',(-21.137155867,-6.867878263536,
    14.430289072599));
#3890 = CARTESIAN_POINT('',(-17.4993875002,-18.0637780781,
    14.430289072599));
#3891 = DEFINITIONAL_REPRESENTATION('',(#3892),#3895);
#3892 = B_SPLINE_CURVE_WITH_KNOTS('',1,(#3893,#3894),.UNSPECIFIED.,.F.,
  .F.,(2,2),(0.,1.595314381586E-02),.PIECEWISE_BEZIER_KNOTS.);
#3893 = CARTESIAN_POINT('',(9.161377015459E-03,2.116136101598E-03));
#3894 = CARTESIAN_POINT('',(-6.041014197558E-03,6.952467254013E-03));
#3895 = ( GEOMETRIC_REPRESENTATION_CONTEXT(2) 
PARAMETRIC_REPRESENTATION_CONTEXT() REPRESENTATION_CONTEXT('2D SPACE',''
  ) );
#3896 = ADVANCED_FACE('',(#3897),#3860,.T.);
#3897 = FACE_BOUND('',#3898,.T.);
#3898 = EDGE_LOOP('',(#3899,#3900,#3923,#3949));
#3899 = ORIENTED_EDGE('',*,*,#3846,.T.);
#3900 = ORIENTED_EDGE('',*,*,#3901,.T.);
#3901 = EDGE_CURVE('',#3822,#3902,#3904,.T.);
#3902 = VERTEX_POINT('',#3903);
#3903 = CARTESIAN_POINT('',(-37.31470241684,-12.1242817743,
    19.200817483812));
#3904 = SURFACE_CURVE('',#3905,(#3909,#3916),.PCURVE_S1.);
#3905 = ( BOUNDED_CURVE() B_SPLINE_CURVE(2,(#3906,#3907,#3908),
.UNSPECIFIED.,.F.,.F.) B_SPLINE_CURVE_WITH_KNOTS((3,3),(5.978450819781,
6.28318530718),.PIECEWISE_BEZIER_KNOTS.) CURVE() 
GEOMETRIC_REPRESENTATION_ITEM() RATIONAL_B_SPLINE_CURVE((1.,
0.988414551331,1.)) REPRESENTATION_ITEM('') );
#3906 = CARTESIAN_POINT('',(-31.95772072661,-22.76157531806,
    19.200817483812));
#3907 = CARTESIAN_POINT('',(-35.45292916872,-17.85423064997,
    19.200817483812));
#3908 = CARTESIAN_POINT('',(-37.31470241684,-12.1242817743,
    19.200817483812));
#3909 = PCURVE('',#3860,#3910);
#3910 = DEFINITIONAL_REPRESENTATION('',(#3911),#3915);
#3911 = B_SPLINE_CURVE_WITH_KNOTS('',2,(#3912,#3913,#3914),
  .UNSPECIFIED.,.F.,.F.,(3,3),(5.978450819781,6.28318530718),
  .PIECEWISE_BEZIER_KNOTS.);
#3912 = CARTESIAN_POINT('',(5.978450819781,-4.770528411213E-03));
#3913 = CARTESIAN_POINT('',(6.13081806348,-4.770528411213E-03));
#3914 = CARTESIAN_POINT('',(6.28318530718,-4.770528411213E-03));
#3915 = ( GEOMETRIC_REPRESENTATION_CONTEXT(2) 
PARAMETRIC_REPRESENTATION_CONTEXT() REPRESENTATION_CONTEXT('2D SPACE',''
  ) );
#3916 = PCURVE('',#3835,#3917);
#3917 = DEFINITIONAL_REPRESENTATION('',(#3918),#3922);
#3918 = ( BOUNDED_CURVE() B_SPLINE_CURVE(2,(#3919,#3920,#3921),
.UNSPECIFIED.,.F.,.F.) B_SPLINE_CURVE_WITH_KNOTS((3,3),(5.978450819781,
6.28318530718),.PIECEWISE_BEZIER_KNOTS.) CURVE() 
GEOMETRIC_REPRESENTATION_ITEM() RATIONAL_B_SPLINE_CURVE((1.,
0.988414551331,1.)) REPRESENTATION_ITEM('') );
#3919 = CARTESIAN_POINT('',(-6.041014197558E-03,6.952467254013E-03));
#3920 = CARTESIAN_POINT('',(-7.848702062546E-03,1.205226322226E-03));
#3921 = CARTESIAN_POINT('',(-7.848702062546E-03,-4.819598467363E-03));
#3922 = ( GEOMETRIC_REPRESENTATION_CONTEXT(2) 
PARAMETRIC_REPRESENTATION_CONTEXT() REPRESENTATION_CONTEXT('2D SPACE',''
  ) );
#3923 = ORIENTED_EDGE('',*,*,#3924,.F.);
#3924 = EDGE_CURVE('',#3925,#3902,#3927,.T.);
#3925 = VERTEX_POINT('',#3926);
#3926 = CARTESIAN_POINT('',(-37.31470241684,-12.1242817743,
    14.430289072599));
#3927 = SURFACE_CURVE('',#3928,(#3931,#3938),.PCURVE_S1.);
#3928 = B_SPLINE_CURVE_WITH_KNOTS('',1,(#3929,#3930),.UNSPECIFIED.,.F.,
  .F.,(2,2),(0.,4.770528411213E-03),.PIECEWISE_BEZIER_KNOTS.);
#3929 = CARTESIAN_POINT('',(-37.31470241684,-12.1242817743,
    14.430289072599));
#3930 = CARTESIAN_POINT('',(-37.31470241684,-12.1242817743,
    19.200817483812));
#3931 = PCURVE('',#3860,#3932);
#3932 = DEFINITIONAL_REPRESENTATION('',(#3933),#3937);
#3933 = B_SPLINE_CURVE_WITH_KNOTS('',2,(#3934,#3935,#3936),
  .UNSPECIFIED.,.F.,.F.,(3,3),(0.,4.770528411213E-03),
  .PIECEWISE_BEZIER_KNOTS.);
#3934 = CARTESIAN_POINT('',(6.28318530718,0.));
#3935 = CARTESIAN_POINT('',(6.28318530718,-2.385264205606E-03));
#3936 = CARTESIAN_POINT('',(6.28318530718,-4.770528411213E-03));
#3937 = ( GEOMETRIC_REPRESENTATION_CONTEXT(2) 
PARAMETRIC_REPRESENTATION_CONTEXT() REPRESENTATION_CONTEXT('2D SPACE',''
  ) );
#3938 = PCURVE('',#3939,#3944);
#3939 = B_SPLINE_SURFACE_WITH_KNOTS('',1,1,(
    (#3940,#3941)
    ,(#3942,#3943
    )),.UNSPECIFIED.,.F.,.F.,.F.,(2,2),(2,2),(0.,1.595314381586E-02),(
    -4.770528411213E-03,0.),.PIECEWISE_BEZIER_KNOTS.);
#3940 = CARTESIAN_POINT('',(-37.31470241684,-12.1242817743,
    19.200817483812));
#3941 = CARTESIAN_POINT('',(-37.31470241684,-12.1242817743,
    14.430289072599));
#3942 = CARTESIAN_POINT('',(-22.12631733843,-7.244142809105,
    19.200817483812));
#3943 = CARTESIAN_POINT('',(-22.12631733843,-7.244142809105,
    14.430289072599));
#3944 = DEFINITIONAL_REPRESENTATION('',(#3945),#3948);
#3945 = B_SPLINE_CURVE_WITH_KNOTS('',1,(#3946,#3947),.UNSPECIFIED.,.F.,
  .F.,(2,2),(0.,4.770528411213E-03),.PIECEWISE_BEZIER_KNOTS.);
#3946 = CARTESIAN_POINT('',(0.,0.));
#3947 = CARTESIAN_POINT('',(0.,-4.770528411213E-03));
#3948 = ( GEOMETRIC_REPRESENTATION_CONTEXT(2) 
PARAMETRIC_REPRESENTATION_CONTEXT() REPRESENTATION_CONTEXT('2D SPACE',''
  ) );
#3949 = ORIENTED_EDGE('',*,*,#3950,.F.);
#3950 = EDGE_CURVE('',#3847,#3925,#3951,.T.);
#3951 = SURFACE_CURVE('',#3952,(#3956,#3963),.PCURVE_S1.);
#3952 = ( BOUNDED_CURVE() B_SPLINE_CURVE(2,(#3953,#3954,#3955),
.UNSPECIFIED.,.F.,.F.) B_SPLINE_CURVE_WITH_KNOTS((3,3),(5.978450819781,
6.28318530718),.PIECEWISE_BEZIER_KNOTS.) CURVE() 
GEOMETRIC_REPRESENTATION_ITEM() RATIONAL_B_SPLINE_CURVE((1.,
0.988414551331,1.)) REPRESENTATION_ITEM('') );
#3953 = CARTESIAN_POINT('',(-31.95772072661,-22.76157531806,
    14.430289072599));
#3954 = CARTESIAN_POINT('',(-35.45292916872,-17.85423064997,
    14.430289072599));
#3955 = CARTESIAN_POINT('',(-37.31470241684,-12.1242817743,
    14.430289072599));
#3956 = PCURVE('',#3860,#3957);
#3957 = DEFINITIONAL_REPRESENTATION('',(#3958),#3962);
#3958 = B_SPLINE_CURVE_WITH_KNOTS('',2,(#3959,#3960,#3961),
  .UNSPECIFIED.,.F.,.F.,(3,3),(5.978450819781,6.28318530718),
  .PIECEWISE_BEZIER_KNOTS.);
#3959 = CARTESIAN_POINT('',(5.978450819781,0.));
#3960 = CARTESIAN_POINT('',(6.13081806348,0.));
#3961 = CARTESIAN_POINT('',(6.28318530718,0.));
#3962 = ( GEOMETRIC_REPRESENTATION_CONTEXT(2) 
PARAMETRIC_REPRESENTATION_CONTEXT() REPRESENTATION_CONTEXT('2D SPACE',''
  ) );
#3963 = PCURVE('',#3886,#3964);
#3964 = DEFINITIONAL_REPRESENTATION('',(#3965),#3969);
#3965 = ( BOUNDED_CURVE() B_SPLINE_CURVE(2,(#3966,#3967,#3968),
.UNSPECIFIED.,.F.,.F.) B_SPLINE_CURVE_WITH_KNOTS((3,3),(5.978450819781,
6.28318530718),.PIECEWISE_BEZIER_KNOTS.) CURVE() 
GEOMETRIC_REPRESENTATION_ITEM() RATIONAL_B_SPLINE_CURVE((1.,
0.988414551331,1.)) REPRESENTATION_ITEM('') );
#3966 = CARTESIAN_POINT('',(-6.041014197558E-03,6.952467254013E-03));
#3967 = CARTESIAN_POINT('',(-7.848702062546E-03,1.205226322226E-03));
#3968 = CARTESIAN_POINT('',(-7.848702062546E-03,-4.819598467363E-03));
#3969 = ( GEOMETRIC_REPRESENTATION_CONTEXT(2) 
PARAMETRIC_REPRESENTATION_CONTEXT() REPRESENTATION_CONTEXT('2D SPACE',''
  ) );
#3970 = ADVANCED_FACE('',(#3971),#3939,.T.);
#3971 = FACE_BOUND('',#3972,.T.);
#3972 = EDGE_LOOP('',(#3973,#3974,#3994,#4015));
#3973 = ORIENTED_EDGE('',*,*,#3924,.T.);
#3974 = ORIENTED_EDGE('',*,*,#3975,.T.);
#3975 = EDGE_CURVE('',#3902,#3976,#3978,.T.);
#3976 = VERTEX_POINT('',#3977);
#3977 = CARTESIAN_POINT('',(-22.12631733843,-7.244142809105,
    19.200817483812));
#3978 = SURFACE_CURVE('',#3979,(#3982,#3988),.PCURVE_S1.);
#3979 = B_SPLINE_CURVE_WITH_KNOTS('',1,(#3980,#3981),.UNSPECIFIED.,.F.,
  .F.,(2,2),(0.,1.595314381586E-02),.PIECEWISE_BEZIER_KNOTS.);
#3980 = CARTESIAN_POINT('',(-37.31470241684,-12.1242817743,
    19.200817483812));
#3981 = CARTESIAN_POINT('',(-22.12631733843,-7.244142809105,
    19.200817483812));
#3982 = PCURVE('',#3939,#3983);
#3983 = DEFINITIONAL_REPRESENTATION('',(#3984),#3987);
#3984 = B_SPLINE_CURVE_WITH_KNOTS('',1,(#3985,#3986),.UNSPECIFIED.,.F.,
  .F.,(2,2),(0.,1.595314381586E-02),.PIECEWISE_BEZIER_KNOTS.);
#3985 = CARTESIAN_POINT('',(0.,-4.770528411213E-03));
#3986 = CARTESIAN_POINT('',(1.595314381586E-02,-4.770528411213E-03));
#3987 = ( GEOMETRIC_REPRESENTATION_CONTEXT(2) 
PARAMETRIC_REPRESENTATION_CONTEXT() REPRESENTATION_CONTEXT('2D SPACE',''
  ) );
#3988 = PCURVE('',#3835,#3989);
#3989 = DEFINITIONAL_REPRESENTATION('',(#3990),#3993);
#3990 = B_SPLINE_CURVE_WITH_KNOTS('',1,(#3991,#3992),.UNSPECIFIED.,.F.,
  .F.,(2,2),(0.,1.595314381586E-02),.PIECEWISE_BEZIER_KNOTS.);
#3991 = CARTESIAN_POINT('',(-7.848702062546E-03,-4.819598467363E-03));
#3992 = CARTESIAN_POINT('',(8.104356413425E-03,-4.767417324302E-03));
#3993 = ( GEOMETRIC_REPRESENTATION_CONTEXT(2) 
PARAMETRIC_REPRESENTATION_CONTEXT() REPRESENTATION_CONTEXT('2D SPACE',''
  ) );
#3994 = ORIENTED_EDGE('',*,*,#3995,.F.);
#3995 = EDGE_CURVE('',#3996,#3976,#3998,.T.);
#3996 = VERTEX_POINT('',#3997);
#3997 = CARTESIAN_POINT('',(-22.12631733843,-7.244142809105,
    14.430289072599));
#3998 = SURFACE_CURVE('',#3999,(#4002,#4008),.PCURVE_S1.);
#3999 = B_SPLINE_CURVE_WITH_KNOTS('',1,(#4000,#4001),.UNSPECIFIED.,.F.,
  .F.,(2,2),(0.,4.770528411213E-03),.PIECEWISE_BEZIER_KNOTS.);
#4000 = CARTESIAN_POINT('',(-22.12631733843,-7.244142809105,
    14.430289072599));
#4001 = CARTESIAN_POINT('',(-22.12631733843,-7.244142809105,
    19.200817483812));
#4002 = PCURVE('',#3939,#4003);
#4003 = DEFINITIONAL_REPRESENTATION('',(#4004),#4007);
#4004 = B_SPLINE_CURVE_WITH_KNOTS('',1,(#4005,#4006),.UNSPECIFIED.,.F.,
  .F.,(2,2),(0.,4.770528411213E-03),.PIECEWISE_BEZIER_KNOTS.);
#4005 = CARTESIAN_POINT('',(1.595314381586E-02,0.));
#4006 = CARTESIAN_POINT('',(1.595314381586E-02,-4.770528411213E-03));
#4007 = ( GEOMETRIC_REPRESENTATION_CONTEXT(2) 
PARAMETRIC_REPRESENTATION_CONTEXT() REPRESENTATION_CONTEXT('2D SPACE',''
  ) );
#4008 = PCURVE('',#3807,#4009);
#4009 = DEFINITIONAL_REPRESENTATION('',(#4010),#4014);
#4010 = B_SPLINE_CURVE_WITH_KNOTS('',2,(#4011,#4012,#4013),
  .UNSPECIFIED.,.F.,.F.,(3,3),(0.,4.770528411213E-03),
  .PIECEWISE_BEZIER_KNOTS.);
#4011 = CARTESIAN_POINT('',(3.143833920953,0.));
#4012 = CARTESIAN_POINT('',(3.143833920953,-2.385264205606E-03));
#4013 = CARTESIAN_POINT('',(3.143833920953,-4.770528411213E-03));
#4014 = ( GEOMETRIC_REPRESENTATION_CONTEXT(2) 
PARAMETRIC_REPRESENTATION_CONTEXT() REPRESENTATION_CONTEXT('2D SPACE',''
  ) );
#4015 = ORIENTED_EDGE('',*,*,#4016,.F.);
#4016 = EDGE_CURVE('',#3925,#3996,#4017,.T.);
#4017 = SURFACE_CURVE('',#4018,(#4021,#4027),.PCURVE_S1.);
#4018 = B_SPLINE_CURVE_WITH_KNOTS('',1,(#4019,#4020),.UNSPECIFIED.,.F.,
  .F.,(2,2),(0.,1.595314381586E-02),.PIECEWISE_BEZIER_KNOTS.);
#4019 = CARTESIAN_POINT('',(-37.31470241684,-12.1242817743,
    14.430289072599));
#4020 = CARTESIAN_POINT('',(-22.12631733843,-7.244142809105,
    14.430289072599));
#4021 = PCURVE('',#3939,#4022);
#4022 = DEFINITIONAL_REPRESENTATION('',(#4023),#4026);
#4023 = B_SPLINE_CURVE_WITH_KNOTS('',1,(#4024,#4025),.UNSPECIFIED.,.F.,
  .F.,(2,2),(0.,1.595314381586E-02),.PIECEWISE_BEZIER_KNOTS.);
#4024 = CARTESIAN_POINT('',(0.,0.));
#4025 = CARTESIAN_POINT('',(1.595314381586E-02,0.));
#4026 = ( GEOMETRIC_REPRESENTATION_CONTEXT(2) 
PARAMETRIC_REPRESENTATION_CONTEXT() REPRESENTATION_CONTEXT('2D SPACE',''
  ) );
#4027 = PCURVE('',#3886,#4028);
#4028 = DEFINITIONAL_REPRESENTATION('',(#4029),#4032);
#4029 = B_SPLINE_CURVE_WITH_KNOTS('',1,(#4030,#4031),.UNSPECIFIED.,.F.,
  .F.,(2,2),(0.,1.595314381586E-02),.PIECEWISE_BEZIER_KNOTS.);
#4030 = CARTESIAN_POINT('',(-7.848702062546E-03,-4.819598467363E-03));
#4031 = CARTESIAN_POINT('',(8.104356413425E-03,-4.767417324302E-03));
#4032 = ( GEOMETRIC_REPRESENTATION_CONTEXT(2) 
PARAMETRIC_REPRESENTATION_CONTEXT() REPRESENTATION_CONTEXT('2D SPACE',''
  ) );
#4033 = ADVANCED_FACE('',(#4034),#3807,.T.);
#4034 = FACE_BOUND('',#4035,.T.);
#4035 = EDGE_LOOP('',(#4036,#4037,#4058,#4059));
#4036 = ORIENTED_EDGE('',*,*,#3995,.T.);
#4037 = ORIENTED_EDGE('',*,*,#4038,.T.);
#4038 = EDGE_CURVE('',#3976,#3789,#4039,.T.);
#4039 = SURFACE_CURVE('',#4040,(#4044,#4051),.PCURVE_S1.);
#4040 = ( BOUNDED_CURVE() B_SPLINE_CURVE(2,(#4041,#4042,#4043),
.UNSPECIFIED.,.F.,.F.) B_SPLINE_CURVE_WITH_KNOTS((3,3),(3.143833920953,
3.444085873625),.PIECEWISE_BEZIER_KNOTS.) CURVE() 
GEOMETRIC_REPRESENTATION_ITEM() RATIONAL_B_SPLINE_CURVE((1.,
0.988752244422,1.)) REPRESENTATION_ITEM('') );
#4041 = CARTESIAN_POINT('',(-22.12631733843,-7.244142809105,
    19.200817483812));
#4042 = CARTESIAN_POINT('',(-21.03053878173,-10.59105972077,
    19.200817483812));
#4043 = CARTESIAN_POINT('',(-18.99389601672,-13.46415382064,
    19.200817483812));
#4044 = PCURVE('',#3807,#4045);
#4045 = DEFINITIONAL_REPRESENTATION('',(#4046),#4050);
#4046 = B_SPLINE_CURVE_WITH_KNOTS('',2,(#4047,#4048,#4049),
  .UNSPECIFIED.,.F.,.F.,(3,3),(3.143833920953,3.444085873625),
  .PIECEWISE_BEZIER_KNOTS.);
#4047 = CARTESIAN_POINT('',(3.143833920953,-4.770528411213E-03));
#4048 = CARTESIAN_POINT('',(3.293959897289,-4.770528411213E-03));
#4049 = CARTESIAN_POINT('',(3.444085873625,-4.770528411213E-03));
#4050 = ( GEOMETRIC_REPRESENTATION_CONTEXT(2) 
PARAMETRIC_REPRESENTATION_CONTEXT() REPRESENTATION_CONTEXT('2D SPACE',''
  ) );
#4051 = PCURVE('',#3835,#4052);
#4052 = DEFINITIONAL_REPRESENTATION('',(#4053),#4057);
#4053 = ( BOUNDED_CURVE() B_SPLINE_CURVE(2,(#4054,#4055,#4056),
.UNSPECIFIED.,.F.,.F.) B_SPLINE_CURVE_WITH_KNOTS((3,3),(3.143833920953,
3.444085873625),.PIECEWISE_BEZIER_KNOTS.) CURVE() 
GEOMETRIC_REPRESENTATION_ITEM() RATIONAL_B_SPLINE_CURVE((1.,
0.988752244422,1.)) REPRESENTATION_ITEM('') );
#4054 = CARTESIAN_POINT('',(8.104356413425E-03,-4.767417324302E-03));
#4055 = CARTESIAN_POINT('',(8.11224954573E-03,-1.245695989867E-03));
#4056 = CARTESIAN_POINT('',(9.161377015459E-03,2.116136101598E-03));
#4057 = ( GEOMETRIC_REPRESENTATION_CONTEXT(2) 
PARAMETRIC_REPRESENTATION_CONTEXT() REPRESENTATION_CONTEXT('2D SPACE',''
  ) );
#4058 = ORIENTED_EDGE('',*,*,#3786,.F.);
#4059 = ORIENTED_EDGE('',*,*,#4060,.F.);
#4060 = EDGE_CURVE('',#3996,#3787,#4061,.T.);
#4061 = SURFACE_CURVE('',#4062,(#4066,#4073),.PCURVE_S1.);
#4062 = ( BOUNDED_CURVE() B_SPLINE_CURVE(2,(#4063,#4064,#4065),
.UNSPECIFIED.,.F.,.F.) B_SPLINE_CURVE_WITH_KNOTS((3,3),(3.143833920953,
3.444085873625),.PIECEWISE_BEZIER_KNOTS.) CURVE() 
GEOMETRIC_REPRESENTATION_ITEM() RATIONAL_B_SPLINE_CURVE((1.,
0.988752244422,1.)) REPRESENTATION_ITEM('') );
#4063 = CARTESIAN_POINT('',(-22.12631733843,-7.244142809105,
    14.430289072599));
#4064 = CARTESIAN_POINT('',(-21.03053878173,-10.59105972077,
    14.430289072599));
#4065 = CARTESIAN_POINT('',(-18.99389601672,-13.46415382064,
    14.430289072599));
#4066 = PCURVE('',#3807,#4067);
#4067 = DEFINITIONAL_REPRESENTATION('',(#4068),#4072);
#4068 = B_SPLINE_CURVE_WITH_KNOTS('',2,(#4069,#4070,#4071),
  .UNSPECIFIED.,.F.,.F.,(3,3),(3.143833920953,3.444085873625),
  .PIECEWISE_BEZIER_KNOTS.);
#4069 = CARTESIAN_POINT('',(3.143833920953,0.));
#4070 = CARTESIAN_POINT('',(3.293959897289,0.));
#4071 = CARTESIAN_POINT('',(3.444085873625,0.));
#4072 = ( GEOMETRIC_REPRESENTATION_CONTEXT(2) 
PARAMETRIC_REPRESENTATION_CONTEXT() REPRESENTATION_CONTEXT('2D SPACE',''
  ) );
#4073 = PCURVE('',#3886,#4074);
#4074 = DEFINITIONAL_REPRESENTATION('',(#4075),#4079);
#4075 = ( BOUNDED_CURVE() B_SPLINE_CURVE(2,(#4076,#4077,#4078),
.UNSPECIFIED.,.F.,.F.) B_SPLINE_CURVE_WITH_KNOTS((3,3),(3.143833920953,
3.444085873625),.PIECEWISE_BEZIER_KNOTS.) CURVE() 
GEOMETRIC_REPRESENTATION_ITEM() RATIONAL_B_SPLINE_CURVE((1.,
0.988752244422,1.)) REPRESENTATION_ITEM('') );
#4076 = CARTESIAN_POINT('',(8.104356413425E-03,-4.767417324302E-03));
#4077 = CARTESIAN_POINT('',(8.11224954573E-03,-1.245695989867E-03));
#4078 = CARTESIAN_POINT('',(9.161377015459E-03,2.116136101598E-03));
#4079 = ( GEOMETRIC_REPRESENTATION_CONTEXT(2) 
PARAMETRIC_REPRESENTATION_CONTEXT() REPRESENTATION_CONTEXT('2D SPACE',''
  ) );
#4080 = ADVANCED_FACE('',(#4081),#3886,.T.);
#4081 = FACE_BOUND('',#4082,.T.);
#4082 = EDGE_LOOP('',(#4083,#4084,#4085,#4086));
#4083 = ORIENTED_EDGE('',*,*,#3874,.T.);
#4084 = ORIENTED_EDGE('',*,*,#3950,.T.);
#4085 = ORIENTED_EDGE('',*,*,#4016,.T.);
#4086 = ORIENTED_EDGE('',*,*,#4060,.T.);
#4087 = ADVANCED_FACE('',(#4088),#3835,.F.);
#4088 = FACE_BOUND('',#4089,.F.);
#4089 = EDGE_LOOP('',(#4090,#4091,#4092,#4093));
#4090 = ORIENTED_EDGE('',*,*,#3821,.T.);
#4091 = ORIENTED_EDGE('',*,*,#3901,.T.);
#4092 = ORIENTED_EDGE('',*,*,#3975,.T.);
#4093 = ORIENTED_EDGE('',*,*,#4038,.T.);
#4094 = ( GEOMETRIC_REPRESENTATION_CONTEXT(3) 
GLOBAL_UNCERTAINTY_ASSIGNED_CONTEXT((#4098)) 
GLOBAL_UNIT_ASSIGNED_CONTEXT((#4095,#4096,#4097)) REPRESENTATION_CONTEXT
('Context #1','3D Context with UNIT and UNCERTAINTY') );
#4095 = ( LENGTH_UNIT() NAMED_UNIT(*) SI_UNIT(.MILLI.,.METRE.) );
#4096 = ( NAMED_UNIT(*) PLANE_ANGLE_UNIT() SI_UNIT($,.RADIAN.) );
#4097 = ( NAMED_UNIT(*) SI_UNIT($,.STERADIAN.) SOLID_ANGLE_UNIT() );
#4098 = UNCERTAINTY_MEASURE_WITH_UNIT(LENGTH_MEASURE(1.E-04),#4095,
  'distance_accuracy_value','confusion accuracy');
#4099 = CONTEXT_DEPENDENT_SHAPE_REPRESENTATION(#4100,#4102);
#4100 = ( REPRESENTATION_RELATIONSHIP('','',#3779,#10) 
REPRESENTATION_RELATIONSHIP_WITH_TRANSFORMATION(#4101) 
SHAPE_REPRESENTATION_RELATIONSHIP() );
#4101 = ITEM_DEFINED_TRANSFORMATION('','',#11,#59);
#4102 = PRODUCT_DEFINITION_SHAPE('Placement','Placement of an item',
  #4103);
#4103 = NEXT_ASSEMBLY_USAGE_OCCURRENCE('7790','','',#5,#3774,$);
#4104 = PRODUCT_RELATED_PRODUCT_CATEGORY('part',$,(#3776));
#4105 = SHAPE_DEFINITION_REPRESENTATION(#4106,#4112);
#4106 = PRODUCT_DEFINITION_SHAPE('','',#4107);
#4107 = PRODUCT_DEFINITION('design','',#4108,#4111);
#4108 = PRODUCT_DEFINITION_FORMATION('','',#4109);
#4109 = PRODUCT('Open CASCADE STEP translator 7.8 200.13',
  'Open CASCADE STEP translator 7.8 200.13','',(#4110));
#4110 = PRODUCT_CONTEXT('',#2,'mechanical');
#4111 = PRODUCT_DEFINITION_CONTEXT('part definition',#2,'design');
#4112 = ADVANCED_BREP_SHAPE_REPRESENTATION('',(#11,#4113),#4427);
#4113 = MANIFOLD_SOLID_BREP('',#4114);
#4114 = CLOSED_SHELL('',(#4115,#4229,#4303,#4366,#4413,#4420));
#4115 = ADVANCED_FACE('',(#4116),#4129,.T.);
#4116 = FACE_BOUND('',#4117,.T.);
#4117 = EDGE_LOOP('',(#4118,#4153,#4178,#4206));
#4118 = ORIENTED_EDGE('',*,*,#4119,.T.);
#4119 = EDGE_CURVE('',#4120,#4122,#4124,.T.);
#4120 = VERTEX_POINT('',#4121);
#4121 = CARTESIAN_POINT('',(-13.90361623108,-18.67460788607,
    14.430289072599));
#4122 = VERTEX_POINT('',#4123);
#4123 = CARTESIAN_POINT('',(-13.90361623108,-18.67460788607,
    19.200817483812));
#4124 = SURFACE_CURVE('',#4125,(#4128,#4139),.PCURVE_S1.);
#4125 = B_SPLINE_CURVE_WITH_KNOTS('',1,(#4126,#4127),.UNSPECIFIED.,.F.,
  .F.,(2,2),(0.,4.770528411213E-03),.PIECEWISE_BEZIER_KNOTS.);
#4126 = CARTESIAN_POINT('',(-13.90361623108,-18.67460788607,
    14.430289072599));
#4127 = CARTESIAN_POINT('',(-13.90361623108,-18.67460788607,
    19.200817483812));
#4128 = PCURVE('',#4129,#4134);
#4129 = B_SPLINE_SURFACE_WITH_KNOTS('',1,1,(
    (#4130,#4131)
    ,(#4132,#4133
    )),.UNSPECIFIED.,.F.,.F.,.F.,(2,2),(2,2),(0.,1.595314381586E-02),(
    -4.770528411213E-03,0.),.PIECEWISE_BEZIER_KNOTS.);
#4130 = CARTESIAN_POINT('',(-13.90361623108,-18.67460788607,
    19.200817483812));
#4131 = CARTESIAN_POINT('',(-13.90361623108,-18.67460788607,
    14.430289072599));
#4132 = CARTESIAN_POINT('',(-23.35988495095,-31.52302333339,
    19.200817483812));
#4133 = CARTESIAN_POINT('',(-23.35988495095,-31.52302333339,
    14.430289072599));
#4134 = DEFINITIONAL_REPRESENTATION('',(#4135),#4138);
#4135 = B_SPLINE_CURVE_WITH_KNOTS('',1,(#4136,#4137),.UNSPECIFIED.,.F.,
  .F.,(2,2),(0.,4.770528411213E-03),.PIECEWISE_BEZIER_KNOTS.);
#4136 = CARTESIAN_POINT('',(0.,0.));
#4137 = CARTESIAN_POINT('',(0.,-4.770528411213E-03));
#4138 = ( GEOMETRIC_REPRESENTATION_CONTEXT(2) 
PARAMETRIC_REPRESENTATION_CONTEXT() REPRESENTATION_CONTEXT('2D SPACE',''
  ) );
#4139 = PCURVE('',#4140,#4147);
#4140 = ( BOUNDED_SURFACE() B_SPLINE_SURFACE(2,1,(
    (#4141,#4142)
    ,(#4143,#4144)
    ,(#4145,#4146
)),.UNSPECIFIED.,.F.,.F.,.F.) B_SPLINE_SURFACE_WITH_KNOTS((3,3),(2,2),(
    3.143833920953,3.444085873625),(-4.770528411213E-03,0.),
.PIECEWISE_BEZIER_KNOTS.) GEOMETRIC_REPRESENTATION_ITEM() 
RATIONAL_B_SPLINE_SURFACE((
    (1.,1.)
    ,(0.988752244422,0.988752244422)
,(1.,1.))) REPRESENTATION_ITEM('') SURFACE() );
#4141 = CARTESIAN_POINT('',(-18.80481504864,-13.72699730408,
    19.200817483812));
#4142 = CARTESIAN_POINT('',(-18.80481504864,-13.72699730408,
    14.430289072599));
#4143 = CARTESIAN_POINT('',(-16.7284135074,-16.57149024632,
    19.200817483812));
#4144 = CARTESIAN_POINT('',(-16.7284135074,-16.57149024632,
    14.430289072599));
#4145 = CARTESIAN_POINT('',(-13.90361623108,-18.67460788607,
    19.200817483812));
#4146 = CARTESIAN_POINT('',(-13.90361623108,-18.67460788607,
    14.430289072599));
#4147 = DEFINITIONAL_REPRESENTATION('',(#4148),#4152);
#4148 = B_SPLINE_CURVE_WITH_KNOTS('',2,(#4149,#4150,#4151),
  .UNSPECIFIED.,.F.,.F.,(3,3),(0.,4.770528411213E-03),
  .PIECEWISE_BEZIER_KNOTS.);
#4149 = CARTESIAN_POINT('',(3.444085873625,0.));
#4150 = CARTESIAN_POINT('',(3.444085873625,-2.385264205606E-03));
#4151 = CARTESIAN_POINT('',(3.444085873625,-4.770528411213E-03));
#4152 = ( GEOMETRIC_REPRESENTATION_CONTEXT(2) 
PARAMETRIC_REPRESENTATION_CONTEXT() REPRESENTATION_CONTEXT('2D SPACE',''
  ) );
#4153 = ORIENTED_EDGE('',*,*,#4154,.T.);
#4154 = EDGE_CURVE('',#4122,#4155,#4157,.T.);
#4155 = VERTEX_POINT('',#4156);
#4156 = CARTESIAN_POINT('',(-23.35988495095,-31.52302333339,
    19.200817483812));
#4157 = SURFACE_CURVE('',#4158,(#4161,#4167),.PCURVE_S1.);
#4158 = B_SPLINE_CURVE_WITH_KNOTS('',1,(#4159,#4160),.UNSPECIFIED.,.F.,
  .F.,(2,2),(0.,1.595314381586E-02),.PIECEWISE_BEZIER_KNOTS.);
#4159 = CARTESIAN_POINT('',(-13.90361623108,-18.67460788607,
    19.200817483812));
#4160 = CARTESIAN_POINT('',(-23.35988495095,-31.52302333339,
    19.200817483812));
#4161 = PCURVE('',#4129,#4162);
#4162 = DEFINITIONAL_REPRESENTATION('',(#4163),#4166);
#4163 = B_SPLINE_CURVE_WITH_KNOTS('',1,(#4164,#4165),.UNSPECIFIED.,.F.,
  .F.,(2,2),(0.,1.595314381586E-02),.PIECEWISE_BEZIER_KNOTS.);
#4164 = CARTESIAN_POINT('',(0.,-4.770528411213E-03));
#4165 = CARTESIAN_POINT('',(1.595314381586E-02,-4.770528411213E-03));
#4166 = ( GEOMETRIC_REPRESENTATION_CONTEXT(2) 
PARAMETRIC_REPRESENTATION_CONTEXT() REPRESENTATION_CONTEXT('2D SPACE',''
  ) );
#4167 = PCURVE('',#4168,#4173);
#4168 = B_SPLINE_SURFACE_WITH_KNOTS('',1,1,(
    (#4169,#4170)
    ,(#4171,#4172
    )),.UNSPECIFIED.,.F.,.F.,.F.,(2,2),(2,2),(-7.848702062546E-03,
    9.161377015459E-03),(-4.819598467363E-03,6.952467254013E-03),
  .PIECEWISE_BEZIER_KNOTS.);
#4169 = CARTESIAN_POINT('',(-31.7417817743,-23.06175437369,
    19.200817483812));
#4170 = CARTESIAN_POINT('',(-24.82233515425,-32.58555560118,
    19.200817483812));
#4171 = CARTESIAN_POINT('',(-17.98033872453,-13.06348075131,
    19.200817483812));
#4172 = CARTESIAN_POINT('',(-11.06089210449,-22.5872819788,
    19.200817483812));
#4173 = DEFINITIONAL_REPRESENTATION('',(#4174),#4177);
#4174 = B_SPLINE_CURVE_WITH_KNOTS('',1,(#4175,#4176),.UNSPECIFIED.,.F.,
  .F.,(2,2),(0.,1.595314381586E-02),.PIECEWISE_BEZIER_KNOTS.);
#4175 = CARTESIAN_POINT('',(9.161377015459E-03,2.116136101598E-03));
#4176 = CARTESIAN_POINT('',(-6.041014197558E-03,6.952467254013E-03));
#4177 = ( GEOMETRIC_REPRESENTATION_CONTEXT(2) 
PARAMETRIC_REPRESENTATION_CONTEXT() REPRESENTATION_CONTEXT('2D SPACE',''
  ) );
#4178 = ORIENTED_EDGE('',*,*,#4179,.F.);
#4179 = EDGE_CURVE('',#4180,#4155,#4182,.T.);
#4180 = VERTEX_POINT('',#4181);
#4181 = CARTESIAN_POINT('',(-23.35988495095,-31.52302333339,
    14.430289072599));
#4182 = SURFACE_CURVE('',#4183,(#4186,#4192),.PCURVE_S1.);
#4183 = B_SPLINE_CURVE_WITH_KNOTS('',1,(#4184,#4185),.UNSPECIFIED.,.F.,
  .F.,(2,2),(0.,4.770528411213E-03),.PIECEWISE_BEZIER_KNOTS.);
#4184 = CARTESIAN_POINT('',(-23.35988495095,-31.52302333339,
    14.430289072599));
#4185 = CARTESIAN_POINT('',(-23.35988495095,-31.52302333339,
    19.200817483812));
#4186 = PCURVE('',#4129,#4187);
#4187 = DEFINITIONAL_REPRESENTATION('',(#4188),#4191);
#4188 = B_SPLINE_CURVE_WITH_KNOTS('',1,(#4189,#4190),.UNSPECIFIED.,.F.,
  .F.,(2,2),(0.,4.770528411213E-03),.PIECEWISE_BEZIER_KNOTS.);
#4189 = CARTESIAN_POINT('',(1.595314381586E-02,0.));
#4190 = CARTESIAN_POINT('',(1.595314381586E-02,-4.770528411213E-03));
#4191 = ( GEOMETRIC_REPRESENTATION_CONTEXT(2) 
PARAMETRIC_REPRESENTATION_CONTEXT() REPRESENTATION_CONTEXT('2D SPACE',''
  ) );
#4192 = PCURVE('',#4193,#4200);
#4193 = ( BOUNDED_SURFACE() B_SPLINE_SURFACE(2,1,(
    (#4194,#4195)
    ,(#4196,#4197)
    ,(#4198,#4199
)),.UNSPECIFIED.,.F.,.F.,.F.) B_SPLINE_SURFACE_WITH_KNOTS((3,3),(2,2),(
    5.978450819781,6.28318530718),(-4.770528411213E-03,0.),
.PIECEWISE_BEZIER_KNOTS.) GEOMETRIC_REPRESENTATION_ITEM() 
RATIONAL_B_SPLINE_SURFACE((
    (1.,1.)
    ,(0.988414551331,0.988414551331)
,(1.,1.))) REPRESENTATION_ITEM('') SURFACE() );
#4194 = CARTESIAN_POINT('',(-23.35988495095,-31.52302333339,
    19.200817483812));
#4195 = CARTESIAN_POINT('',(-23.35988495095,-31.52302333339,
    14.430289072599));
#4196 = CARTESIAN_POINT('',(-28.20047861533,-27.9359400166,
    19.200817483812));
#4197 = CARTESIAN_POINT('',(-28.20047861533,-27.9359400166,
    14.430289072599));
#4198 = CARTESIAN_POINT('',(-31.7417817743,-23.06175437369,
    19.200817483812));
#4199 = CARTESIAN_POINT('',(-31.7417817743,-23.06175437369,
    14.430289072599));
#4200 = DEFINITIONAL_REPRESENTATION('',(#4201),#4205);
#4201 = B_SPLINE_CURVE_WITH_KNOTS('',2,(#4202,#4203,#4204),
  .UNSPECIFIED.,.F.,.F.,(3,3),(0.,4.770528411213E-03),
  .PIECEWISE_BEZIER_KNOTS.);
#4202 = CARTESIAN_POINT('',(5.978450819781,0.));
#4203 = CARTESIAN_POINT('',(5.978450819781,-2.385264205606E-03));
#4204 = CARTESIAN_POINT('',(5.978450819781,-4.770528411213E-03));
#4205 = ( GEOMETRIC_REPRESENTATION_CONTEXT(2) 
PARAMETRIC_REPRESENTATION_CONTEXT() REPRESENTATION_CONTEXT('2D SPACE',''
  ) );
#4206 = ORIENTED_EDGE('',*,*,#4207,.F.);
#4207 = EDGE_CURVE('',#4120,#4180,#4208,.T.);
#4208 = SURFACE_CURVE('',#4209,(#4212,#4218),.PCURVE_S1.);
#4209 = B_SPLINE_CURVE_WITH_KNOTS('',1,(#4210,#4211),.UNSPECIFIED.,.F.,
  .F.,(2,2),(0.,1.595314381586E-02),.PIECEWISE_BEZIER_KNOTS.);
#4210 = CARTESIAN_POINT('',(-13.90361623108,-18.67460788607,
    14.430289072599));
#4211 = CARTESIAN_POINT('',(-23.35988495095,-31.52302333339,
    14.430289072599));
#4212 = PCURVE('',#4129,#4213);
#4213 = DEFINITIONAL_REPRESENTATION('',(#4214),#4217);
#4214 = B_SPLINE_CURVE_WITH_KNOTS('',1,(#4215,#4216),.UNSPECIFIED.,.F.,
  .F.,(2,2),(0.,1.595314381586E-02),.PIECEWISE_BEZIER_KNOTS.);
#4215 = CARTESIAN_POINT('',(0.,0.));
#4216 = CARTESIAN_POINT('',(1.595314381586E-02,0.));
#4217 = ( GEOMETRIC_REPRESENTATION_CONTEXT(2) 
PARAMETRIC_REPRESENTATION_CONTEXT() REPRESENTATION_CONTEXT('2D SPACE',''
  ) );
#4218 = PCURVE('',#4219,#4224);
#4219 = B_SPLINE_SURFACE_WITH_KNOTS('',1,1,(
    (#4220,#4221)
    ,(#4222,#4223
    )),.UNSPECIFIED.,.F.,.F.,.F.,(2,2),(2,2),(-7.848702062546E-03,
    9.161377015459E-03),(-4.819598467363E-03,6.952467254013E-03),
  .PIECEWISE_BEZIER_KNOTS.);
#4220 = CARTESIAN_POINT('',(-31.7417817743,-23.06175437369,
    14.430289072599));
#4221 = CARTESIAN_POINT('',(-24.82233515425,-32.58555560118,
    14.430289072599));
#4222 = CARTESIAN_POINT('',(-17.98033872453,-13.06348075131,
    14.430289072599));
#4223 = CARTESIAN_POINT('',(-11.06089210449,-22.5872819788,
    14.430289072599));
#4224 = DEFINITIONAL_REPRESENTATION('',(#4225),#4228);
#4225 = B_SPLINE_CURVE_WITH_KNOTS('',1,(#4226,#4227),.UNSPECIFIED.,.F.,
  .F.,(2,2),(0.,1.595314381586E-02),.PIECEWISE_BEZIER_KNOTS.);
#4226 = CARTESIAN_POINT('',(9.161377015459E-03,2.116136101598E-03));
#4227 = CARTESIAN_POINT('',(-6.041014197558E-03,6.952467254013E-03));
#4228 = ( GEOMETRIC_REPRESENTATION_CONTEXT(2) 
PARAMETRIC_REPRESENTATION_CONTEXT() REPRESENTATION_CONTEXT('2D SPACE',''
  ) );
#4229 = ADVANCED_FACE('',(#4230),#4193,.T.);
#4230 = FACE_BOUND('',#4231,.T.);
#4231 = EDGE_LOOP('',(#4232,#4233,#4256,#4282));
#4232 = ORIENTED_EDGE('',*,*,#4179,.T.);
#4233 = ORIENTED_EDGE('',*,*,#4234,.T.);
#4234 = EDGE_CURVE('',#4155,#4235,#4237,.T.);
#4235 = VERTEX_POINT('',#4236);
#4236 = CARTESIAN_POINT('',(-31.7417817743,-23.06175437369,
    19.200817483812));
#4237 = SURFACE_CURVE('',#4238,(#4242,#4249),.PCURVE_S1.);
#4238 = ( BOUNDED_CURVE() B_SPLINE_CURVE(2,(#4239,#4240,#4241),
.UNSPECIFIED.,.F.,.F.) B_SPLINE_CURVE_WITH_KNOTS((3,3),(5.978450819781,
6.28318530718),.PIECEWISE_BEZIER_KNOTS.) CURVE() 
GEOMETRIC_REPRESENTATION_ITEM() RATIONAL_B_SPLINE_CURVE((1.,
0.988414551331,1.)) REPRESENTATION_ITEM('') );
#4239 = CARTESIAN_POINT('',(-23.35988495095,-31.52302333339,
    19.200817483812));
#4240 = CARTESIAN_POINT('',(-28.20047861533,-27.9359400166,
    19.200817483812));
#4241 = CARTESIAN_POINT('',(-31.7417817743,-23.06175437369,
    19.200817483812));
#4242 = PCURVE('',#4193,#4243);
#4243 = DEFINITIONAL_REPRESENTATION('',(#4244),#4248);
#4244 = B_SPLINE_CURVE_WITH_KNOTS('',2,(#4245,#4246,#4247),
  .UNSPECIFIED.,.F.,.F.,(3,3),(5.978450819781,6.28318530718),
  .PIECEWISE_BEZIER_KNOTS.);
#4245 = CARTESIAN_POINT('',(5.978450819781,-4.770528411213E-03));
#4246 = CARTESIAN_POINT('',(6.13081806348,-4.770528411213E-03));
#4247 = CARTESIAN_POINT('',(6.28318530718,-4.770528411213E-03));
#4248 = ( GEOMETRIC_REPRESENTATION_CONTEXT(2) 
PARAMETRIC_REPRESENTATION_CONTEXT() REPRESENTATION_CONTEXT('2D SPACE',''
  ) );
#4249 = PCURVE('',#4168,#4250);
#4250 = DEFINITIONAL_REPRESENTATION('',(#4251),#4255);
#4251 = ( BOUNDED_CURVE() B_SPLINE_CURVE(2,(#4252,#4253,#4254),
.UNSPECIFIED.,.F.,.F.) B_SPLINE_CURVE_WITH_KNOTS((3,3),(5.978450819781,
6.28318530718),.PIECEWISE_BEZIER_KNOTS.) CURVE() 
GEOMETRIC_REPRESENTATION_ITEM() RATIONAL_B_SPLINE_CURVE((1.,
0.988414551331,1.)) REPRESENTATION_ITEM('') );
#4252 = CARTESIAN_POINT('',(-6.041014197558E-03,6.952467254013E-03));
#4253 = CARTESIAN_POINT('',(-7.848702062546E-03,1.205226322226E-03));
#4254 = CARTESIAN_POINT('',(-7.848702062546E-03,-4.819598467363E-03));
#4255 = ( GEOMETRIC_REPRESENTATION_CONTEXT(2) 
PARAMETRIC_REPRESENTATION_CONTEXT() REPRESENTATION_CONTEXT('2D SPACE',''
  ) );
#4256 = ORIENTED_EDGE('',*,*,#4257,.F.);
#4257 = EDGE_CURVE('',#4258,#4235,#4260,.T.);
#4258 = VERTEX_POINT('',#4259);
#4259 = CARTESIAN_POINT('',(-31.7417817743,-23.06175437369,
    14.430289072599));
#4260 = SURFACE_CURVE('',#4261,(#4264,#4271),.PCURVE_S1.);
#4261 = B_SPLINE_CURVE_WITH_KNOTS('',1,(#4262,#4263),.UNSPECIFIED.,.F.,
  .F.,(2,2),(0.,4.770528411213E-03),.PIECEWISE_BEZIER_KNOTS.);
#4262 = CARTESIAN_POINT('',(-31.7417817743,-23.06175437369,
    14.430289072599));
#4263 = CARTESIAN_POINT('',(-31.7417817743,-23.06175437369,
    19.200817483812));
#4264 = PCURVE('',#4193,#4265);
#4265 = DEFINITIONAL_REPRESENTATION('',(#4266),#4270);
#4266 = B_SPLINE_CURVE_WITH_KNOTS('',2,(#4267,#4268,#4269),
  .UNSPECIFIED.,.F.,.F.,(3,3),(0.,4.770528411213E-03),
  .PIECEWISE_BEZIER_KNOTS.);
#4267 = CARTESIAN_POINT('',(6.28318530718,0.));
#4268 = CARTESIAN_POINT('',(6.28318530718,-2.385264205606E-03));
#4269 = CARTESIAN_POINT('',(6.28318530718,-4.770528411213E-03));
#4270 = ( GEOMETRIC_REPRESENTATION_CONTEXT(2) 
PARAMETRIC_REPRESENTATION_CONTEXT() REPRESENTATION_CONTEXT('2D SPACE',''
  ) );
#4271 = PCURVE('',#4272,#4277);
#4272 = B_SPLINE_SURFACE_WITH_KNOTS('',1,1,(
    (#4273,#4274)
    ,(#4275,#4276
    )),.UNSPECIFIED.,.F.,.F.,.F.,(2,2),(2,2),(0.,1.595314381586E-02),(
    -4.770528411213E-03,0.),.PIECEWISE_BEZIER_KNOTS.);
#4273 = CARTESIAN_POINT('',(-31.7417817743,-23.06175437369,
    19.200817483812));
#4274 = CARTESIAN_POINT('',(-31.7417817743,-23.06175437369,
    14.430289072599));
#4275 = CARTESIAN_POINT('',(-18.80481504864,-13.72699730408,
    19.200817483812));
#4276 = CARTESIAN_POINT('',(-18.80481504864,-13.72699730408,
    14.430289072599));
#4277 = DEFINITIONAL_REPRESENTATION('',(#4278),#4281);
#4278 = B_SPLINE_CURVE_WITH_KNOTS('',1,(#4279,#4280),.UNSPECIFIED.,.F.,
  .F.,(2,2),(0.,4.770528411213E-03),.PIECEWISE_BEZIER_KNOTS.);
#4279 = CARTESIAN_POINT('',(0.,0.));
#4280 = CARTESIAN_POINT('',(0.,-4.770528411213E-03));
#4281 = ( GEOMETRIC_REPRESENTATION_CONTEXT(2) 
PARAMETRIC_REPRESENTATION_CONTEXT() REPRESENTATION_CONTEXT('2D SPACE',''
  ) );
#4282 = ORIENTED_EDGE('',*,*,#4283,.F.);
#4283 = EDGE_CURVE('',#4180,#4258,#4284,.T.);
#4284 = SURFACE_CURVE('',#4285,(#4289,#4296),.PCURVE_S1.);
#4285 = ( BOUNDED_CURVE() B_SPLINE_CURVE(2,(#4286,#4287,#4288),
.UNSPECIFIED.,.F.,.F.) B_SPLINE_CURVE_WITH_KNOTS((3,3),(5.978450819781,
6.28318530718),.PIECEWISE_BEZIER_KNOTS.) CURVE() 
GEOMETRIC_REPRESENTATION_ITEM() RATIONAL_B_SPLINE_CURVE((1.,
0.988414551331,1.)) REPRESENTATION_ITEM('') );
#4286 = CARTESIAN_POINT('',(-23.35988495095,-31.52302333339,
    14.430289072599));
#4287 = CARTESIAN_POINT('',(-28.20047861533,-27.9359400166,
    14.430289072599));
#4288 = CARTESIAN_POINT('',(-31.7417817743,-23.06175437369,
    14.430289072599));
#4289 = PCURVE('',#4193,#4290);
#4290 = DEFINITIONAL_REPRESENTATION('',(#4291),#4295);
#4291 = B_SPLINE_CURVE_WITH_KNOTS('',2,(#4292,#4293,#4294),
  .UNSPECIFIED.,.F.,.F.,(3,3),(5.978450819781,6.28318530718),
  .PIECEWISE_BEZIER_KNOTS.);
#4292 = CARTESIAN_POINT('',(5.978450819781,0.));
#4293 = CARTESIAN_POINT('',(6.13081806348,0.));
#4294 = CARTESIAN_POINT('',(6.28318530718,0.));
#4295 = ( GEOMETRIC_REPRESENTATION_CONTEXT(2) 
PARAMETRIC_REPRESENTATION_CONTEXT() REPRESENTATION_CONTEXT('2D SPACE',''
  ) );
#4296 = PCURVE('',#4219,#4297);
#4297 = DEFINITIONAL_REPRESENTATION('',(#4298),#4302);
#4298 = ( BOUNDED_CURVE() B_SPLINE_CURVE(2,(#4299,#4300,#4301),
.UNSPECIFIED.,.F.,.F.) B_SPLINE_CURVE_WITH_KNOTS((3,3),(5.978450819781,
6.28318530718),.PIECEWISE_BEZIER_KNOTS.) CURVE() 
GEOMETRIC_REPRESENTATION_ITEM() RATIONAL_B_SPLINE_CURVE((1.,
0.988414551331,1.)) REPRESENTATION_ITEM('') );
#4299 = CARTESIAN_POINT('',(-6.041014197558E-03,6.952467254013E-03));
#4300 = CARTESIAN_POINT('',(-7.848702062546E-03,1.205226322226E-03));
#4301 = CARTESIAN_POINT('',(-7.848702062546E-03,-4.819598467363E-03));
#4302 = ( GEOMETRIC_REPRESENTATION_CONTEXT(2) 
PARAMETRIC_REPRESENTATION_CONTEXT() REPRESENTATION_CONTEXT('2D SPACE',''
  ) );
#4303 = ADVANCED_FACE('',(#4304),#4272,.T.);
#4304 = FACE_BOUND('',#4305,.T.);
#4305 = EDGE_LOOP('',(#4306,#4307,#4327,#4348));
#4306 = ORIENTED_EDGE('',*,*,#4257,.T.);
#4307 = ORIENTED_EDGE('',*,*,#4308,.T.);
#4308 = EDGE_CURVE('',#4235,#4309,#4311,.T.);
#4309 = VERTEX_POINT('',#4310);
#4310 = CARTESIAN_POINT('',(-18.80481504864,-13.72699730408,
    19.200817483812));
#4311 = SURFACE_CURVE('',#4312,(#4315,#4321),.PCURVE_S1.);
#4312 = B_SPLINE_CURVE_WITH_KNOTS('',1,(#4313,#4314),.UNSPECIFIED.,.F.,
  .F.,(2,2),(0.,1.595314381586E-02),.PIECEWISE_BEZIER_KNOTS.);
#4313 = CARTESIAN_POINT('',(-31.7417817743,-23.06175437369,
    19.200817483812));
#4314 = CARTESIAN_POINT('',(-18.80481504864,-13.72699730408,
    19.200817483812));
#4315 = PCURVE('',#4272,#4316);
#4316 = DEFINITIONAL_REPRESENTATION('',(#4317),#4320);
#4317 = B_SPLINE_CURVE_WITH_KNOTS('',1,(#4318,#4319),.UNSPECIFIED.,.F.,
  .F.,(2,2),(0.,1.595314381586E-02),.PIECEWISE_BEZIER_KNOTS.);
#4318 = CARTESIAN_POINT('',(0.,-4.770528411213E-03));
#4319 = CARTESIAN_POINT('',(1.595314381586E-02,-4.770528411213E-03));
#4320 = ( GEOMETRIC_REPRESENTATION_CONTEXT(2) 
PARAMETRIC_REPRESENTATION_CONTEXT() REPRESENTATION_CONTEXT('2D SPACE',''
  ) );
#4321 = PCURVE('',#4168,#4322);
#4322 = DEFINITIONAL_REPRESENTATION('',(#4323),#4326);
#4323 = B_SPLINE_CURVE_WITH_KNOTS('',1,(#4324,#4325),.UNSPECIFIED.,.F.,
  .F.,(2,2),(0.,1.595314381586E-02),.PIECEWISE_BEZIER_KNOTS.);
#4324 = CARTESIAN_POINT('',(-7.848702062546E-03,-4.819598467363E-03));
#4325 = CARTESIAN_POINT('',(8.104356413425E-03,-4.767417324302E-03));
#4326 = ( GEOMETRIC_REPRESENTATION_CONTEXT(2) 
PARAMETRIC_REPRESENTATION_CONTEXT() REPRESENTATION_CONTEXT('2D SPACE',''
  ) );
#4327 = ORIENTED_EDGE('',*,*,#4328,.F.);
#4328 = EDGE_CURVE('',#4329,#4309,#4331,.T.);
#4329 = VERTEX_POINT('',#4330);
#4330 = CARTESIAN_POINT('',(-18.80481504864,-13.72699730408,
    14.430289072599));
#4331 = SURFACE_CURVE('',#4332,(#4335,#4341),.PCURVE_S1.);
#4332 = B_SPLINE_CURVE_WITH_KNOTS('',1,(#4333,#4334),.UNSPECIFIED.,.F.,
  .F.,(2,2),(0.,4.770528411213E-03),.PIECEWISE_BEZIER_KNOTS.);
#4333 = CARTESIAN_POINT('',(-18.80481504864,-13.72699730408,
    14.430289072599));
#4334 = CARTESIAN_POINT('',(-18.80481504864,-13.72699730408,
    19.200817483812));
#4335 = PCURVE('',#4272,#4336);
#4336 = DEFINITIONAL_REPRESENTATION('',(#4337),#4340);
#4337 = B_SPLINE_CURVE_WITH_KNOTS('',1,(#4338,#4339),.UNSPECIFIED.,.F.,
  .F.,(2,2),(0.,4.770528411213E-03),.PIECEWISE_BEZIER_KNOTS.);
#4338 = CARTESIAN_POINT('',(1.595314381586E-02,0.));
#4339 = CARTESIAN_POINT('',(1.595314381586E-02,-4.770528411213E-03));
#4340 = ( GEOMETRIC_REPRESENTATION_CONTEXT(2) 
PARAMETRIC_REPRESENTATION_CONTEXT() REPRESENTATION_CONTEXT('2D SPACE',''
  ) );
#4341 = PCURVE('',#4140,#4342);
#4342 = DEFINITIONAL_REPRESENTATION('',(#4343),#4347);
#4343 = B_SPLINE_CURVE_WITH_KNOTS('',2,(#4344,#4345,#4346),
  .UNSPECIFIED.,.F.,.F.,(3,3),(0.,4.770528411213E-03),
  .PIECEWISE_BEZIER_KNOTS.);
#4344 = CARTESIAN_POINT('',(3.143833920953,0.));
#4345 = CARTESIAN_POINT('',(3.143833920953,-2.385264205606E-03));
#4346 = CARTESIAN_POINT('',(3.143833920953,-4.770528411213E-03));
#4347 = ( GEOMETRIC_REPRESENTATION_CONTEXT(2) 
PARAMETRIC_REPRESENTATION_CONTEXT() REPRESENTATION_CONTEXT('2D SPACE',''
  ) );
#4348 = ORIENTED_EDGE('',*,*,#4349,.F.);
#4349 = EDGE_CURVE('',#4258,#4329,#4350,.T.);
#4350 = SURFACE_CURVE('',#4351,(#4354,#4360),.PCURVE_S1.);
#4351 = B_SPLINE_CURVE_WITH_KNOTS('',1,(#4352,#4353),.UNSPECIFIED.,.F.,
  .F.,(2,2),(0.,1.595314381586E-02),.PIECEWISE_BEZIER_KNOTS.);
#4352 = CARTESIAN_POINT('',(-31.7417817743,-23.06175437369,
    14.430289072599));
#4353 = CARTESIAN_POINT('',(-18.80481504864,-13.72699730408,
    14.430289072599));
#4354 = PCURVE('',#4272,#4355);
#4355 = DEFINITIONAL_REPRESENTATION('',(#4356),#4359);
#4356 = B_SPLINE_CURVE_WITH_KNOTS('',1,(#4357,#4358),.UNSPECIFIED.,.F.,
  .F.,(2,2),(0.,1.595314381586E-02),.PIECEWISE_BEZIER_KNOTS.);
#4357 = CARTESIAN_POINT('',(0.,0.));
#4358 = CARTESIAN_POINT('',(1.595314381586E-02,0.));
#4359 = ( GEOMETRIC_REPRESENTATION_CONTEXT(2) 
PARAMETRIC_REPRESENTATION_CONTEXT() REPRESENTATION_CONTEXT('2D SPACE',''
  ) );
#4360 = PCURVE('',#4219,#4361);
#4361 = DEFINITIONAL_REPRESENTATION('',(#4362),#4365);
#4362 = B_SPLINE_CURVE_WITH_KNOTS('',1,(#4363,#4364),.UNSPECIFIED.,.F.,
  .F.,(2,2),(0.,1.595314381586E-02),.PIECEWISE_BEZIER_KNOTS.);
#4363 = CARTESIAN_POINT('',(-7.848702062546E-03,-4.819598467363E-03));
#4364 = CARTESIAN_POINT('',(8.104356413425E-03,-4.767417324302E-03));
#4365 = ( GEOMETRIC_REPRESENTATION_CONTEXT(2) 
PARAMETRIC_REPRESENTATION_CONTEXT() REPRESENTATION_CONTEXT('2D SPACE',''
  ) );
#4366 = ADVANCED_FACE('',(#4367),#4140,.T.);
#4367 = FACE_BOUND('',#4368,.T.);
#4368 = EDGE_LOOP('',(#4369,#4370,#4391,#4392));
#4369 = ORIENTED_EDGE('',*,*,#4328,.T.);
#4370 = ORIENTED_EDGE('',*,*,#4371,.T.);
#4371 = EDGE_CURVE('',#4309,#4122,#4372,.T.);
#4372 = SURFACE_CURVE('',#4373,(#4377,#4384),.PCURVE_S1.);
#4373 = ( BOUNDED_CURVE() B_SPLINE_CURVE(2,(#4374,#4375,#4376),
.UNSPECIFIED.,.F.,.F.) B_SPLINE_CURVE_WITH_KNOTS((3,3),(3.143833920953,
3.444085873625),.PIECEWISE_BEZIER_KNOTS.) CURVE() 
GEOMETRIC_REPRESENTATION_ITEM() RATIONAL_B_SPLINE_CURVE((1.,
0.988752244422,1.)) REPRESENTATION_ITEM('') );
#4374 = CARTESIAN_POINT('',(-18.80481504864,-13.72699730408,
    19.200817483812));
#4375 = CARTESIAN_POINT('',(-16.7284135074,-16.57149024632,
    19.200817483812));
#4376 = CARTESIAN_POINT('',(-13.90361623108,-18.67460788607,
    19.200817483812));
#4377 = PCURVE('',#4140,#4378);
#4378 = DEFINITIONAL_REPRESENTATION('',(#4379),#4383);
#4379 = B_SPLINE_CURVE_WITH_KNOTS('',2,(#4380,#4381,#4382),
  .UNSPECIFIED.,.F.,.F.,(3,3),(3.143833920953,3.444085873625),
  .PIECEWISE_BEZIER_KNOTS.);
#4380 = CARTESIAN_POINT('',(3.143833920953,-4.770528411213E-03));
#4381 = CARTESIAN_POINT('',(3.293959897289,-4.770528411213E-03));
#4382 = CARTESIAN_POINT('',(3.444085873625,-4.770528411213E-03));
#4383 = ( GEOMETRIC_REPRESENTATION_CONTEXT(2) 
PARAMETRIC_REPRESENTATION_CONTEXT() REPRESENTATION_CONTEXT('2D SPACE',''
  ) );
#4384 = PCURVE('',#4168,#4385);
#4385 = DEFINITIONAL_REPRESENTATION('',(#4386),#4390);
#4386 = ( BOUNDED_CURVE() B_SPLINE_CURVE(2,(#4387,#4388,#4389),
.UNSPECIFIED.,.F.,.F.) B_SPLINE_CURVE_WITH_KNOTS((3,3),(3.143833920953,
3.444085873625),.PIECEWISE_BEZIER_KNOTS.) CURVE() 
GEOMETRIC_REPRESENTATION_ITEM() RATIONAL_B_SPLINE_CURVE((1.,
0.988752244422,1.)) REPRESENTATION_ITEM('') );
#4387 = CARTESIAN_POINT('',(8.104356413425E-03,-4.767417324302E-03));
#4388 = CARTESIAN_POINT('',(8.11224954573E-03,-1.245695989867E-03));
#4389 = CARTESIAN_POINT('',(9.161377015459E-03,2.116136101598E-03));
#4390 = ( GEOMETRIC_REPRESENTATION_CONTEXT(2) 
PARAMETRIC_REPRESENTATION_CONTEXT() REPRESENTATION_CONTEXT('2D SPACE',''
  ) );
#4391 = ORIENTED_EDGE('',*,*,#4119,.F.);
#4392 = ORIENTED_EDGE('',*,*,#4393,.F.);
#4393 = EDGE_CURVE('',#4329,#4120,#4394,.T.);
#4394 = SURFACE_CURVE('',#4395,(#4399,#4406),.PCURVE_S1.);
#4395 = ( BOUNDED_CURVE() B_SPLINE_CURVE(2,(#4396,#4397,#4398),
.UNSPECIFIED.,.F.,.F.) B_SPLINE_CURVE_WITH_KNOTS((3,3),(3.143833920953,
3.444085873625),.PIECEWISE_BEZIER_KNOTS.) CURVE() 
GEOMETRIC_REPRESENTATION_ITEM() RATIONAL_B_SPLINE_CURVE((1.,
0.988752244422,1.)) REPRESENTATION_ITEM('') );
#4396 = CARTESIAN_POINT('',(-18.80481504864,-13.72699730408,
    14.430289072599));
#4397 = CARTESIAN_POINT('',(-16.7284135074,-16.57149024632,
    14.430289072599));
#4398 = CARTESIAN_POINT('',(-13.90361623108,-18.67460788607,
    14.430289072599));
#4399 = PCURVE('',#4140,#4400);
#4400 = DEFINITIONAL_REPRESENTATION('',(#4401),#4405);
#4401 = B_SPLINE_CURVE_WITH_KNOTS('',2,(#4402,#4403,#4404),
  .UNSPECIFIED.,.F.,.F.,(3,3),(3.143833920953,3.444085873625),
  .PIECEWISE_BEZIER_KNOTS.);
#4402 = CARTESIAN_POINT('',(3.143833920953,0.));
#4403 = CARTESIAN_POINT('',(3.293959897289,0.));
#4404 = CARTESIAN_POINT('',(3.444085873625,0.));
#4405 = ( GEOMETRIC_REPRESENTATION_CONTEXT(2) 
PARAMETRIC_REPRESENTATION_CONTEXT() REPRESENTATION_CONTEXT('2D SPACE',''
  ) );
#4406 = PCURVE('',#4219,#4407);
#4407 = DEFINITIONAL_REPRESENTATION('',(#4408),#4412);
#4408 = ( BOUNDED_CURVE() B_SPLINE_CURVE(2,(#4409,#4410,#4411),
.UNSPECIFIED.,.F.,.F.) B_SPLINE_CURVE_WITH_KNOTS((3,3),(3.143833920953,
3.444085873625),.PIECEWISE_BEZIER_KNOTS.) CURVE() 
GEOMETRIC_REPRESENTATION_ITEM() RATIONAL_B_SPLINE_CURVE((1.,
0.988752244422,1.)) REPRESENTATION_ITEM('') );
#4409 = CARTESIAN_POINT('',(8.104356413425E-03,-4.767417324302E-03));
#4410 = CARTESIAN_POINT('',(8.11224954573E-03,-1.245695989867E-03));
#4411 = CARTESIAN_POINT('',(9.161377015459E-03,2.116136101598E-03));
#4412 = ( GEOMETRIC_REPRESENTATION_CONTEXT(2) 
PARAMETRIC_REPRESENTATION_CONTEXT() REPRESENTATION_CONTEXT('2D SPACE',''
  ) );
#4413 = ADVANCED_FACE('',(#4414),#4219,.T.);
#4414 = FACE_BOUND('',#4415,.T.);
#4415 = EDGE_LOOP('',(#4416,#4417,#4418,#4419));
#4416 = ORIENTED_EDGE('',*,*,#4207,.T.);
#4417 = ORIENTED_EDGE('',*,*,#4283,.T.);
#4418 = ORIENTED_EDGE('',*,*,#4349,.T.);
#4419 = ORIENTED_EDGE('',*,*,#4393,.T.);
#4420 = ADVANCED_FACE('',(#4421),#4168,.F.);
#4421 = FACE_BOUND('',#4422,.F.);
#4422 = EDGE_LOOP('',(#4423,#4424,#4425,#4426));
#4423 = ORIENTED_EDGE('',*,*,#4154,.T.);
#4424 = ORIENTED_EDGE('',*,*,#4234,.T.);
#4425 = ORIENTED_EDGE('',*,*,#4308,.T.);
#4426 = ORIENTED_EDGE('',*,*,#4371,.T.);
#4427 = ( GEOMETRIC_REPRESENTATION_CONTEXT(3) 
GLOBAL_UNCERTAINTY_ASSIGNED_CONTEXT((#4431)) 
GLOBAL_UNIT_ASSIGNED_CONTEXT((#4428,#4429,#4430)) REPRESENTATION_CONTEXT
('Context #1','3D Context with UNIT and UNCERTAINTY') );
#4428 = ( LENGTH_UNIT() NAMED_UNIT(*) SI_UNIT(.MILLI.,.METRE.) );
#4429 = ( NAMED_UNIT(*) PLANE_ANGLE_UNIT() SI_UNIT($,.RADIAN.) );
#4430 = ( NAMED_UNIT(*) SI_UNIT($,.STERADIAN.) SOLID_ANGLE_UNIT() );
#4431 = UNCERTAINTY_MEASURE_WITH_UNIT(LENGTH_MEASURE(1.E-04),#4428,
  'distance_accuracy_value','confusion accuracy');
#4432 = CONTEXT_DEPENDENT_SHAPE_REPRESENTATION(#4433,#4435);
#4433 = ( REPRESENTATION_RELATIONSHIP('','',#4112,#10) 
REPRESENTATION_RELATIONSHIP_WITH_TRANSFORMATION(#4434) 
SHAPE_REPRESENTATION_RELATIONSHIP() );
#4434 = ITEM_DEFINED_TRANSFORMATION('','',#11,#63);
#4435 = PRODUCT_DEFINITION_SHAPE('Placement','Placement of an item',
  #4436);
#4436 = NEXT_ASSEMBLY_USAGE_OCCURRENCE('7791','','',#5,#4107,$);
#4437 = PRODUCT_RELATED_PRODUCT_CATEGORY('part',$,(#4109));
#4438 = SHAPE_DEFINITION_REPRESENTATION(#4439,#4445);
#4439 = PRODUCT_DEFINITION_SHAPE('','',#4440);
#4440 = PRODUCT_DEFINITION('design','',#4441,#4444);
#4441 = PRODUCT_DEFINITION_FORMATION('','',#4442);
#4442 = PRODUCT('Open CASCADE STEP translator 7.8 200.14',
  'Open CASCADE STEP translator 7.8 200.14','',(#4443));
#4443 = PRODUCT_CONTEXT('',#2,'mechanical');
#4444 = PRODUCT_DEFINITION_CONTEXT('part definition',#2,'design');
#4445 = ADVANCED_BREP_SHAPE_REPRESENTATION('',(#11,#4446),#4760);
#4446 = MANIFOLD_SOLID_BREP('',#4447);
#4447 = CLOSED_SHELL('',(#4448,#4562,#4636,#4699,#4746,#4753));
#4448 = ADVANCED_FACE('',(#4449),#4462,.T.);
#4449 = FACE_BOUND('',#4450,.T.);
#4450 = EDGE_LOOP('',(#4451,#4486,#4511,#4539));
#4451 = ORIENTED_EDGE('',*,*,#4452,.T.);
#4452 = EDGE_CURVE('',#4453,#4455,#4457,.T.);
#4453 = VERTEX_POINT('',#4454);
#4454 = CARTESIAN_POINT('',(-7.452353616551,-22.05706121798,
    14.430289072599));
#4455 = VERTEX_POINT('',#4456);
#4456 = CARTESIAN_POINT('',(-7.452353616551,-22.05706121798,
    19.200817483812));
#4457 = SURFACE_CURVE('',#4458,(#4461,#4472),.PCURVE_S1.);
#4458 = B_SPLINE_CURVE_WITH_KNOTS('',1,(#4459,#4460),.UNSPECIFIED.,.F.,
  .F.,(2,2),(0.,4.770528411213E-03),.PIECEWISE_BEZIER_KNOTS.);
#4459 = CARTESIAN_POINT('',(-7.452353616551,-22.05706121798,
    14.430289072599));
#4460 = CARTESIAN_POINT('',(-7.452353616551,-22.05706121798,
    19.200817483812));
#4461 = PCURVE('',#4462,#4467);
#4462 = B_SPLINE_SURFACE_WITH_KNOTS('',1,1,(
    (#4463,#4464)
    ,(#4465,#4466
    )),.UNSPECIFIED.,.F.,.F.,.F.,(2,2),(2,2),(0.,1.595314381586E-02),(
    -4.770528411213E-03,0.),.PIECEWISE_BEZIER_KNOTS.);
#4463 = CARTESIAN_POINT('',(-7.452353616551,-22.05706121798,
    19.200817483812));
#4464 = CARTESIAN_POINT('',(-7.452353616551,-22.05706121798,
    14.430289072599));
#4465 = CARTESIAN_POINT('',(-12.47542087841,-37.19877819104,
    19.200817483812));
#4466 = CARTESIAN_POINT('',(-12.47542087841,-37.19877819104,
    14.430289072599));
#4467 = DEFINITIONAL_REPRESENTATION('',(#4468),#4471);
#4468 = B_SPLINE_CURVE_WITH_KNOTS('',1,(#4469,#4470),.UNSPECIFIED.,.F.,
  .F.,(2,2),(0.,4.770528411213E-03),.PIECEWISE_BEZIER_KNOTS.);
#4469 = CARTESIAN_POINT('',(0.,0.));
#4470 = CARTESIAN_POINT('',(0.,-4.770528411213E-03));
#4471 = ( GEOMETRIC_REPRESENTATION_CONTEXT(2) 
PARAMETRIC_REPRESENTATION_CONTEXT() REPRESENTATION_CONTEXT('2D SPACE',''
  ) );
#4472 = PCURVE('',#4473,#4480);
#4473 = ( BOUNDED_SURFACE() B_SPLINE_SURFACE(2,1,(
    (#4474,#4475)
    ,(#4476,#4477)
    ,(#4478,#4479
)),.UNSPECIFIED.,.F.,.F.,.F.) B_SPLINE_SURFACE_WITH_KNOTS((3,3),(2,2),(
    3.143833920953,3.444085873625),(-4.770528411213E-03,0.),
.PIECEWISE_BEZIER_KNOTS.) GEOMETRIC_REPRESENTATION_ITEM() 
RATIONAL_B_SPLINE_SURFACE((
    (1.,1.)
    ,(0.988752244422,0.988752244422)
,(1.,1.))) REPRESENTATION_ITEM('') SURFACE() );
#4474 = CARTESIAN_POINT('',(-13.64256644103,-18.86615766132,
    19.200817483812));
#4475 = CARTESIAN_POINT('',(-13.64256644103,-18.86615766132,
    14.430289072599));
#4476 = CARTESIAN_POINT('',(-10.78879456526,-20.92978784621,
    19.200817483812));
#4477 = CARTESIAN_POINT('',(-10.78879456526,-20.92978784621,
    14.430289072599));
#4478 = CARTESIAN_POINT('',(-7.452353616551,-22.05706121798,
    19.200817483812));
#4479 = CARTESIAN_POINT('',(-7.452353616551,-22.05706121798,
    14.430289072599));
#4480 = DEFINITIONAL_REPRESENTATION('',(#4481),#4485);
#4481 = B_SPLINE_CURVE_WITH_KNOTS('',2,(#4482,#4483,#4484),
  .UNSPECIFIED.,.F.,.F.,(3,3),(0.,4.770528411213E-03),
  .PIECEWISE_BEZIER_KNOTS.);
#4482 = CARTESIAN_POINT('',(3.444085873625,0.));
#4483 = CARTESIAN_POINT('',(3.444085873625,-2.385264205606E-03));
#4484 = CARTESIAN_POINT('',(3.444085873625,-4.770528411213E-03));
#4485 = ( GEOMETRIC_REPRESENTATION_CONTEXT(2) 
PARAMETRIC_REPRESENTATION_CONTEXT() REPRESENTATION_CONTEXT('2D SPACE',''
  ) );
#4486 = ORIENTED_EDGE('',*,*,#4487,.T.);
#4487 = EDGE_CURVE('',#4455,#4488,#4490,.T.);
#4488 = VERTEX_POINT('',#4489);
#4489 = CARTESIAN_POINT('',(-12.47542087841,-37.19877819104,
    19.200817483812));
#4490 = SURFACE_CURVE('',#4491,(#4494,#4500),.PCURVE_S1.);
#4491 = B_SPLINE_CURVE_WITH_KNOTS('',1,(#4492,#4493),.UNSPECIFIED.,.F.,
  .F.,(2,2),(0.,1.595314381586E-02),.PIECEWISE_BEZIER_KNOTS.);
#4492 = CARTESIAN_POINT('',(-7.452353616551,-22.05706121798,
    19.200817483812));
#4493 = CARTESIAN_POINT('',(-12.47542087841,-37.19877819104,
    19.200817483812));
#4494 = PCURVE('',#4462,#4495);
#4495 = DEFINITIONAL_REPRESENTATION('',(#4496),#4499);
#4496 = B_SPLINE_CURVE_WITH_KNOTS('',1,(#4497,#4498),.UNSPECIFIED.,.F.,
  .F.,(2,2),(0.,1.595314381586E-02),.PIECEWISE_BEZIER_KNOTS.);
#4497 = CARTESIAN_POINT('',(0.,-4.770528411213E-03));
#4498 = CARTESIAN_POINT('',(1.595314381586E-02,-4.770528411213E-03));
#4499 = ( GEOMETRIC_REPRESENTATION_CONTEXT(2) 
PARAMETRIC_REPRESENTATION_CONTEXT() REPRESENTATION_CONTEXT('2D SPACE',''
  ) );
#4500 = PCURVE('',#4501,#4506);
#4501 = B_SPLINE_SURFACE_WITH_KNOTS('',1,1,(
    (#4502,#4503)
    ,(#4504,#4505
    )),.UNSPECIFIED.,.F.,.F.,.F.,(2,2),(2,2),(-7.848702062546E-03,
    9.161377015459E-03),(-4.819598467363E-03,6.952467254013E-03),
  .PIECEWISE_BEZIER_KNOTS.);
#4502 = CARTESIAN_POINT('',(-23.06175437369,-31.7417817743,
    19.200817483812));
#4503 = CARTESIAN_POINT('',(-13.5379531462,-38.66122839434,
    19.200817483812));
#4504 = CARTESIAN_POINT('',(-13.06348075131,-17.98033872453,
    19.200817483812));
#4505 = CARTESIAN_POINT('',(-3.539679523823,-24.89978534457,
    19.200817483812));
#4506 = DEFINITIONAL_REPRESENTATION('',(#4507),#4510);
#4507 = B_SPLINE_CURVE_WITH_KNOTS('',1,(#4508,#4509),.UNSPECIFIED.,.F.,
  .F.,(2,2),(0.,1.595314381586E-02),.PIECEWISE_BEZIER_KNOTS.);
#4508 = CARTESIAN_POINT('',(9.161377015459E-03,2.116136101598E-03));
#4509 = CARTESIAN_POINT('',(-6.041014197558E-03,6.952467254013E-03));
#4510 = ( GEOMETRIC_REPRESENTATION_CONTEXT(2) 
PARAMETRIC_REPRESENTATION_CONTEXT() REPRESENTATION_CONTEXT('2D SPACE',''
  ) );
#4511 = ORIENTED_EDGE('',*,*,#4512,.F.);
#4512 = EDGE_CURVE('',#4513,#4488,#4515,.T.);
#4513 = VERTEX_POINT('',#4514);
#4514 = CARTESIAN_POINT('',(-12.47542087841,-37.19877819104,
    14.430289072599));
#4515 = SURFACE_CURVE('',#4516,(#4519,#4525),.PCURVE_S1.);
#4516 = B_SPLINE_CURVE_WITH_KNOTS('',1,(#4517,#4518),.UNSPECIFIED.,.F.,
  .F.,(2,2),(0.,4.770528411213E-03),.PIECEWISE_BEZIER_KNOTS.);
#4517 = CARTESIAN_POINT('',(-12.47542087841,-37.19877819104,
    14.430289072599));
#4518 = CARTESIAN_POINT('',(-12.47542087841,-37.19877819104,
    19.200817483812));
#4519 = PCURVE('',#4462,#4520);
#4520 = DEFINITIONAL_REPRESENTATION('',(#4521),#4524);
#4521 = B_SPLINE_CURVE_WITH_KNOTS('',1,(#4522,#4523),.UNSPECIFIED.,.F.,
  .F.,(2,2),(0.,4.770528411213E-03),.PIECEWISE_BEZIER_KNOTS.);
#4522 = CARTESIAN_POINT('',(1.595314381586E-02,0.));
#4523 = CARTESIAN_POINT('',(1.595314381586E-02,-4.770528411213E-03));
#4524 = ( GEOMETRIC_REPRESENTATION_CONTEXT(2) 
PARAMETRIC_REPRESENTATION_CONTEXT() REPRESENTATION_CONTEXT('2D SPACE',''
  ) );
#4525 = PCURVE('',#4526,#4533);
#4526 = ( BOUNDED_SURFACE() B_SPLINE_SURFACE(2,1,(
    (#4527,#4528)
    ,(#4529,#4530)
    ,(#4531,#4532
)),.UNSPECIFIED.,.F.,.F.,.F.) B_SPLINE_SURFACE_WITH_KNOTS((3,3),(2,2),(
    5.978450819781,6.28318530718),(-4.770528411213E-03,0.),
.PIECEWISE_BEZIER_KNOTS.) GEOMETRIC_REPRESENTATION_ITEM() 
RATIONAL_B_SPLINE_SURFACE((
    (1.,1.)
    ,(0.988414551331,0.988414551331)
,(1.,1.))) REPRESENTATION_ITEM('') SURFACE() );
#4527 = CARTESIAN_POINT('',(-12.47542087841,-37.19877819104,
    19.200817483812));
#4528 = CARTESIAN_POINT('',(-12.47542087841,-37.19877819104,
    14.430289072599));
#4529 = CARTESIAN_POINT('',(-18.18756873078,-35.28308493326,
    19.200817483812));
#4530 = CARTESIAN_POINT('',(-18.18756873078,-35.28308493326,
    14.430289072599));
#4531 = CARTESIAN_POINT('',(-23.06175437369,-31.7417817743,
    19.200817483812));
#4532 = CARTESIAN_POINT('',(-23.06175437369,-31.7417817743,
    14.430289072599));
#4533 = DEFINITIONAL_REPRESENTATION('',(#4534),#4538);
#4534 = B_SPLINE_CURVE_WITH_KNOTS('',2,(#4535,#4536,#4537),
  .UNSPECIFIED.,.F.,.F.,(3,3),(0.,4.770528411213E-03),
  .PIECEWISE_BEZIER_KNOTS.);
#4535 = CARTESIAN_POINT('',(5.978450819781,0.));
#4536 = CARTESIAN_POINT('',(5.978450819781,-2.385264205606E-03));
#4537 = CARTESIAN_POINT('',(5.978450819781,-4.770528411213E-03));
#4538 = ( GEOMETRIC_REPRESENTATION_CONTEXT(2) 
PARAMETRIC_REPRESENTATION_CONTEXT() REPRESENTATION_CONTEXT('2D SPACE',''
  ) );
#4539 = ORIENTED_EDGE('',*,*,#4540,.F.);
#4540 = EDGE_CURVE('',#4453,#4513,#4541,.T.);
#4541 = SURFACE_CURVE('',#4542,(#4545,#4551),.PCURVE_S1.);
#4542 = B_SPLINE_CURVE_WITH_KNOTS('',1,(#4543,#4544),.UNSPECIFIED.,.F.,
  .F.,(2,2),(0.,1.595314381586E-02),.PIECEWISE_BEZIER_KNOTS.);
#4543 = CARTESIAN_POINT('',(-7.452353616551,-22.05706121798,
    14.430289072599));
#4544 = CARTESIAN_POINT('',(-12.47542087841,-37.19877819104,
    14.430289072599));
#4545 = PCURVE('',#4462,#4546);
#4546 = DEFINITIONAL_REPRESENTATION('',(#4547),#4550);
#4547 = B_SPLINE_CURVE_WITH_KNOTS('',1,(#4548,#4549),.UNSPECIFIED.,.F.,
  .F.,(2,2),(0.,1.595314381586E-02),.PIECEWISE_BEZIER_KNOTS.);
#4548 = CARTESIAN_POINT('',(0.,0.));
#4549 = CARTESIAN_POINT('',(1.595314381586E-02,0.));
#4550 = ( GEOMETRIC_REPRESENTATION_CONTEXT(2) 
PARAMETRIC_REPRESENTATION_CONTEXT() REPRESENTATION_CONTEXT('2D SPACE',''
  ) );
#4551 = PCURVE('',#4552,#4557);
#4552 = B_SPLINE_SURFACE_WITH_KNOTS('',1,1,(
    (#4553,#4554)
    ,(#4555,#4556
    )),.UNSPECIFIED.,.F.,.F.,.F.,(2,2),(2,2),(-7.848702062546E-03,
    9.161377015459E-03),(-4.819598467363E-03,6.952467254013E-03),
  .PIECEWISE_BEZIER_KNOTS.);
#4553 = CARTESIAN_POINT('',(-23.06175437369,-31.7417817743,
    14.430289072599));
#4554 = CARTESIAN_POINT('',(-13.5379531462,-38.66122839434,
    14.430289072599));
#4555 = CARTESIAN_POINT('',(-13.06348075131,-17.98033872453,
    14.430289072599));
#4556 = CARTESIAN_POINT('',(-3.539679523823,-24.89978534457,
    14.430289072599));
#4557 = DEFINITIONAL_REPRESENTATION('',(#4558),#4561);
#4558 = B_SPLINE_CURVE_WITH_KNOTS('',1,(#4559,#4560),.UNSPECIFIED.,.F.,
  .F.,(2,2),(0.,1.595314381586E-02),.PIECEWISE_BEZIER_KNOTS.);
#4559 = CARTESIAN_POINT('',(9.161377015459E-03,2.116136101598E-03));
#4560 = CARTESIAN_POINT('',(-6.041014197558E-03,6.952467254013E-03));
#4561 = ( GEOMETRIC_REPRESENTATION_CONTEXT(2) 
PARAMETRIC_REPRESENTATION_CONTEXT() REPRESENTATION_CONTEXT('2D SPACE',''
  ) );
#4562 = ADVANCED_FACE('',(#4563),#4526,.T.);
#4563 = FACE_BOUND('',#4564,.T.);
#4564 = EDGE_LOOP('',(#4565,#4566,#4589,#4615));
#4565 = ORIENTED_EDGE('',*,*,#4512,.T.);
#4566 = ORIENTED_EDGE('',*,*,#4567,.T.);
#4567 = EDGE_CURVE('',#4488,#4568,#4570,.T.);
#4568 = VERTEX_POINT('',#4569);
#4569 = CARTESIAN_POINT('',(-23.06175437369,-31.7417817743,
    19.200817483812));
#4570 = SURFACE_CURVE('',#4571,(#4575,#4582),.PCURVE_S1.);
#4571 = ( BOUNDED_CURVE() B_SPLINE_CURVE(2,(#4572,#4573,#4574),
.UNSPECIFIED.,.F.,.F.) B_SPLINE_CURVE_WITH_KNOTS((3,3),(5.978450819781,
6.28318530718),.PIECEWISE_BEZIER_KNOTS.) CURVE() 
GEOMETRIC_REPRESENTATION_ITEM() RATIONAL_B_SPLINE_CURVE((1.,
0.988414551331,1.)) REPRESENTATION_ITEM('') );
#4572 = CARTESIAN_POINT('',(-12.47542087841,-37.19877819104,
    19.200817483812));
#4573 = CARTESIAN_POINT('',(-18.18756873078,-35.28308493326,
    19.200817483812));
#4574 = CARTESIAN_POINT('',(-23.06175437369,-31.7417817743,
    19.200817483812));
#4575 = PCURVE('',#4526,#4576);
#4576 = DEFINITIONAL_REPRESENTATION('',(#4577),#4581);
#4577 = B_SPLINE_CURVE_WITH_KNOTS('',2,(#4578,#4579,#4580),
  .UNSPECIFIED.,.F.,.F.,(3,3),(5.978450819781,6.28318530718),
  .PIECEWISE_BEZIER_KNOTS.);
#4578 = CARTESIAN_POINT('',(5.978450819781,-4.770528411213E-03));
#4579 = CARTESIAN_POINT('',(6.13081806348,-4.770528411213E-03));
#4580 = CARTESIAN_POINT('',(6.28318530718,-4.770528411213E-03));
#4581 = ( GEOMETRIC_REPRESENTATION_CONTEXT(2) 
PARAMETRIC_REPRESENTATION_CONTEXT() REPRESENTATION_CONTEXT('2D SPACE',''
  ) );
#4582 = PCURVE('',#4501,#4583);
#4583 = DEFINITIONAL_REPRESENTATION('',(#4584),#4588);
#4584 = ( BOUNDED_CURVE() B_SPLINE_CURVE(2,(#4585,#4586,#4587),
.UNSPECIFIED.,.F.,.F.) B_SPLINE_CURVE_WITH_KNOTS((3,3),(5.978450819781,
6.28318530718),.PIECEWISE_BEZIER_KNOTS.) CURVE() 
GEOMETRIC_REPRESENTATION_ITEM() RATIONAL_B_SPLINE_CURVE((1.,
0.988414551331,1.)) REPRESENTATION_ITEM('') );
#4585 = CARTESIAN_POINT('',(-6.041014197558E-03,6.952467254013E-03));
#4586 = CARTESIAN_POINT('',(-7.848702062546E-03,1.205226322226E-03));
#4587 = CARTESIAN_POINT('',(-7.848702062546E-03,-4.819598467363E-03));
#4588 = ( GEOMETRIC_REPRESENTATION_CONTEXT(2) 
PARAMETRIC_REPRESENTATION_CONTEXT() REPRESENTATION_CONTEXT('2D SPACE',''
  ) );
#4589 = ORIENTED_EDGE('',*,*,#4590,.F.);
#4590 = EDGE_CURVE('',#4591,#4568,#4593,.T.);
#4591 = VERTEX_POINT('',#4592);
#4592 = CARTESIAN_POINT('',(-23.06175437369,-31.7417817743,
    14.430289072599));
#4593 = SURFACE_CURVE('',#4594,(#4597,#4604),.PCURVE_S1.);
#4594 = B_SPLINE_CURVE_WITH_KNOTS('',1,(#4595,#4596),.UNSPECIFIED.,.F.,
  .F.,(2,2),(0.,4.770528411213E-03),.PIECEWISE_BEZIER_KNOTS.);
#4595 = CARTESIAN_POINT('',(-23.06175437369,-31.7417817743,
    14.430289072599));
#4596 = CARTESIAN_POINT('',(-23.06175437369,-31.7417817743,
    19.200817483812));
#4597 = PCURVE('',#4526,#4598);
#4598 = DEFINITIONAL_REPRESENTATION('',(#4599),#4603);
#4599 = B_SPLINE_CURVE_WITH_KNOTS('',2,(#4600,#4601,#4602),
  .UNSPECIFIED.,.F.,.F.,(3,3),(0.,4.770528411213E-03),
  .PIECEWISE_BEZIER_KNOTS.);
#4600 = CARTESIAN_POINT('',(6.28318530718,0.));
#4601 = CARTESIAN_POINT('',(6.28318530718,-2.385264205606E-03));
#4602 = CARTESIAN_POINT('',(6.28318530718,-4.770528411213E-03));
#4603 = ( GEOMETRIC_REPRESENTATION_CONTEXT(2) 
PARAMETRIC_REPRESENTATION_CONTEXT() REPRESENTATION_CONTEXT('2D SPACE',''
  ) );
#4604 = PCURVE('',#4605,#4610);
#4605 = B_SPLINE_SURFACE_WITH_KNOTS('',1,1,(
    (#4606,#4607)
    ,(#4608,#4609
    )),.UNSPECIFIED.,.F.,.F.,.F.,(2,2),(2,2),(0.,1.595314381586E-02),(
    -4.770528411213E-03,0.),.PIECEWISE_BEZIER_KNOTS.);
#4606 = CARTESIAN_POINT('',(-23.06175437369,-31.7417817743,
    19.200817483812));
#4607 = CARTESIAN_POINT('',(-23.06175437369,-31.7417817743,
    14.430289072599));
#4608 = CARTESIAN_POINT('',(-13.64256644103,-18.86615766132,
    19.200817483812));
#4609 = CARTESIAN_POINT('',(-13.64256644103,-18.86615766132,
    14.430289072599));
#4610 = DEFINITIONAL_REPRESENTATION('',(#4611),#4614);
#4611 = B_SPLINE_CURVE_WITH_KNOTS('',1,(#4612,#4613),.UNSPECIFIED.,.F.,
  .F.,(2,2),(0.,4.770528411213E-03),.PIECEWISE_BEZIER_KNOTS.);
#4612 = CARTESIAN_POINT('',(0.,0.));
#4613 = CARTESIAN_POINT('',(0.,-4.770528411213E-03));
#4614 = ( GEOMETRIC_REPRESENTATION_CONTEXT(2) 
PARAMETRIC_REPRESENTATION_CONTEXT() REPRESENTATION_CONTEXT('2D SPACE',''
  ) );
#4615 = ORIENTED_EDGE('',*,*,#4616,.F.);
#4616 = EDGE_CURVE('',#4513,#4591,#4617,.T.);
#4617 = SURFACE_CURVE('',#4618,(#4622,#4629),.PCURVE_S1.);
#4618 = ( BOUNDED_CURVE() B_SPLINE_CURVE(2,(#4619,#4620,#4621),
.UNSPECIFIED.,.F.,.F.) B_SPLINE_CURVE_WITH_KNOTS((3,3),(5.978450819781,
6.28318530718),.PIECEWISE_BEZIER_KNOTS.) CURVE() 
GEOMETRIC_REPRESENTATION_ITEM() RATIONAL_B_SPLINE_CURVE((1.,
0.988414551331,1.)) REPRESENTATION_ITEM('') );
#4619 = CARTESIAN_POINT('',(-12.47542087841,-37.19877819104,
    14.430289072599));
#4620 = CARTESIAN_POINT('',(-18.18756873078,-35.28308493326,
    14.430289072599));
#4621 = CARTESIAN_POINT('',(-23.06175437369,-31.7417817743,
    14.430289072599));
#4622 = PCURVE('',#4526,#4623);
#4623 = DEFINITIONAL_REPRESENTATION('',(#4624),#4628);
#4624 = B_SPLINE_CURVE_WITH_KNOTS('',2,(#4625,#4626,#4627),
  .UNSPECIFIED.,.F.,.F.,(3,3),(5.978450819781,6.28318530718),
  .PIECEWISE_BEZIER_KNOTS.);
#4625 = CARTESIAN_POINT('',(5.978450819781,0.));
#4626 = CARTESIAN_POINT('',(6.13081806348,0.));
#4627 = CARTESIAN_POINT('',(6.28318530718,0.));
#4628 = ( GEOMETRIC_REPRESENTATION_CONTEXT(2) 
PARAMETRIC_REPRESENTATION_CONTEXT() REPRESENTATION_CONTEXT('2D SPACE',''
  ) );
#4629 = PCURVE('',#4552,#4630);
#4630 = DEFINITIONAL_REPRESENTATION('',(#4631),#4635);
#4631 = ( BOUNDED_CURVE() B_SPLINE_CURVE(2,(#4632,#4633,#4634),
.UNSPECIFIED.,.F.,.F.) B_SPLINE_CURVE_WITH_KNOTS((3,3),(5.978450819781,
6.28318530718),.PIECEWISE_BEZIER_KNOTS.) CURVE() 
GEOMETRIC_REPRESENTATION_ITEM() RATIONAL_B_SPLINE_CURVE((1.,
0.988414551331,1.)) REPRESENTATION_ITEM('') );
#4632 = CARTESIAN_POINT('',(-6.041014197558E-03,6.952467254013E-03));
#4633 = CARTESIAN_POINT('',(-7.848702062546E-03,1.205226322226E-03));
#4634 = CARTESIAN_POINT('',(-7.848702062546E-03,-4.819598467363E-03));
#4635 = ( GEOMETRIC_REPRESENTATION_CONTEXT(2) 
PARAMETRIC_REPRESENTATION_CONTEXT() REPRESENTATION_CONTEXT('2D SPACE',''
  ) );
#4636 = ADVANCED_FACE('',(#4637),#4605,.T.);
#4637 = FACE_BOUND('',#4638,.T.);
#4638 = EDGE_LOOP('',(#4639,#4640,#4660,#4681));
#4639 = ORIENTED_EDGE('',*,*,#4590,.T.);
#4640 = ORIENTED_EDGE('',*,*,#4641,.T.);
#4641 = EDGE_CURVE('',#4568,#4642,#4644,.T.);
#4642 = VERTEX_POINT('',#4643);
#4643 = CARTESIAN_POINT('',(-13.64256644103,-18.86615766132,
    19.200817483812));
#4644 = SURFACE_CURVE('',#4645,(#4648,#4654),.PCURVE_S1.);
#4645 = B_SPLINE_CURVE_WITH_KNOTS('',1,(#4646,#4647),.UNSPECIFIED.,.F.,
  .F.,(2,2),(0.,1.595314381586E-02),.PIECEWISE_BEZIER_KNOTS.);
#4646 = CARTESIAN_POINT('',(-23.06175437369,-31.7417817743,
    19.200817483812));
#4647 = CARTESIAN_POINT('',(-13.64256644103,-18.86615766132,
    19.200817483812));
#4648 = PCURVE('',#4605,#4649);
#4649 = DEFINITIONAL_REPRESENTATION('',(#4650),#4653);
#4650 = B_SPLINE_CURVE_WITH_KNOTS('',1,(#4651,#4652),.UNSPECIFIED.,.F.,
  .F.,(2,2),(0.,1.595314381586E-02),.PIECEWISE_BEZIER_KNOTS.);
#4651 = CARTESIAN_POINT('',(0.,-4.770528411213E-03));
#4652 = CARTESIAN_POINT('',(1.595314381586E-02,-4.770528411213E-03));
#4653 = ( GEOMETRIC_REPRESENTATION_CONTEXT(2) 
PARAMETRIC_REPRESENTATION_CONTEXT() REPRESENTATION_CONTEXT('2D SPACE',''
  ) );
#4654 = PCURVE('',#4501,#4655);
#4655 = DEFINITIONAL_REPRESENTATION('',(#4656),#4659);
#4656 = B_SPLINE_CURVE_WITH_KNOTS('',1,(#4657,#4658),.UNSPECIFIED.,.F.,
  .F.,(2,2),(0.,1.595314381586E-02),.PIECEWISE_BEZIER_KNOTS.);
#4657 = CARTESIAN_POINT('',(-7.848702062546E-03,-4.819598467363E-03));
#4658 = CARTESIAN_POINT('',(8.104356413425E-03,-4.767417324302E-03));
#4659 = ( GEOMETRIC_REPRESENTATION_CONTEXT(2) 
PARAMETRIC_REPRESENTATION_CONTEXT() REPRESENTATION_CONTEXT('2D SPACE',''
  ) );
#4660 = ORIENTED_EDGE('',*,*,#4661,.F.);
#4661 = EDGE_CURVE('',#4662,#4642,#4664,.T.);
#4662 = VERTEX_POINT('',#4663);
#4663 = CARTESIAN_POINT('',(-13.64256644103,-18.86615766132,
    14.430289072599));
#4664 = SURFACE_CURVE('',#4665,(#4668,#4674),.PCURVE_S1.);
#4665 = B_SPLINE_CURVE_WITH_KNOTS('',1,(#4666,#4667),.UNSPECIFIED.,.F.,
  .F.,(2,2),(0.,4.770528411213E-03),.PIECEWISE_BEZIER_KNOTS.);
#4666 = CARTESIAN_POINT('',(-13.64256644103,-18.86615766132,
    14.430289072599));
#4667 = CARTESIAN_POINT('',(-13.64256644103,-18.86615766132,
    19.200817483812));
#4668 = PCURVE('',#4605,#4669);
#4669 = DEFINITIONAL_REPRESENTATION('',(#4670),#4673);
#4670 = B_SPLINE_CURVE_WITH_KNOTS('',1,(#4671,#4672),.UNSPECIFIED.,.F.,
  .F.,(2,2),(0.,4.770528411213E-03),.PIECEWISE_BEZIER_KNOTS.);
#4671 = CARTESIAN_POINT('',(1.595314381586E-02,0.));
#4672 = CARTESIAN_POINT('',(1.595314381586E-02,-4.770528411213E-03));
#4673 = ( GEOMETRIC_REPRESENTATION_CONTEXT(2) 
PARAMETRIC_REPRESENTATION_CONTEXT() REPRESENTATION_CONTEXT('2D SPACE',''
  ) );
#4674 = PCURVE('',#4473,#4675);
#4675 = DEFINITIONAL_REPRESENTATION('',(#4676),#4680);
#4676 = B_SPLINE_CURVE_WITH_KNOTS('',2,(#4677,#4678,#4679),
  .UNSPECIFIED.,.F.,.F.,(3,3),(0.,4.770528411213E-03),
  .PIECEWISE_BEZIER_KNOTS.);
#4677 = CARTESIAN_POINT('',(3.143833920953,0.));
#4678 = CARTESIAN_POINT('',(3.143833920953,-2.385264205606E-03));
#4679 = CARTESIAN_POINT('',(3.143833920953,-4.770528411213E-03));
#4680 = ( GEOMETRIC_REPRESENTATION_CONTEXT(2) 
PARAMETRIC_REPRESENTATION_CONTEXT() REPRESENTATION_CONTEXT('2D SPACE',''
  ) );
#4681 = ORIENTED_EDGE('',*,*,#4682,.F.);
#4682 = EDGE_CURVE('',#4591,#4662,#4683,.T.);
#4683 = SURFACE_CURVE('',#4684,(#4687,#4693),.PCURVE_S1.);
#4684 = B_SPLINE_CURVE_WITH_KNOTS('',1,(#4685,#4686),.UNSPECIFIED.,.F.,
  .F.,(2,2),(0.,1.595314381586E-02),.PIECEWISE_BEZIER_KNOTS.);
#4685 = CARTESIAN_POINT('',(-23.06175437369,-31.7417817743,
    14.430289072599));
#4686 = CARTESIAN_POINT('',(-13.64256644103,-18.86615766132,
    14.430289072599));
#4687 = PCURVE('',#4605,#4688);
#4688 = DEFINITIONAL_REPRESENTATION('',(#4689),#4692);
#4689 = B_SPLINE_CURVE_WITH_KNOTS('',1,(#4690,#4691),.UNSPECIFIED.,.F.,
  .F.,(2,2),(0.,1.595314381586E-02),.PIECEWISE_BEZIER_KNOTS.);
#4690 = CARTESIAN_POINT('',(0.,0.));
#4691 = CARTESIAN_POINT('',(1.595314381586E-02,0.));
#4692 = ( GEOMETRIC_REPRESENTATION_CONTEXT(2) 
PARAMETRIC_REPRESENTATION_CONTEXT() REPRESENTATION_CONTEXT('2D SPACE',''
  ) );
#4693 = PCURVE('',#4552,#4694);
#4694 = DEFINITIONAL_REPRESENTATION('',(#4695),#4698);
#4695 = B_SPLINE_CURVE_WITH_KNOTS('',1,(#4696,#4697),.UNSPECIFIED.,.F.,
  .F.,(2,2),(0.,1.595314381586E-02),.PIECEWISE_BEZIER_KNOTS.);
#4696 = CARTESIAN_POINT('',(-7.848702062546E-03,-4.819598467363E-03));
#4697 = CARTESIAN_POINT('',(8.104356413425E-03,-4.767417324302E-03));
#4698 = ( GEOMETRIC_REPRESENTATION_CONTEXT(2) 
PARAMETRIC_REPRESENTATION_CONTEXT() REPRESENTATION_CONTEXT('2D SPACE',''
  ) );
#4699 = ADVANCED_FACE('',(#4700),#4473,.T.);
#4700 = FACE_BOUND('',#4701,.T.);
#4701 = EDGE_LOOP('',(#4702,#4703,#4724,#4725));
#4702 = ORIENTED_EDGE('',*,*,#4661,.T.);
#4703 = ORIENTED_EDGE('',*,*,#4704,.T.);
#4704 = EDGE_CURVE('',#4642,#4455,#4705,.T.);
#4705 = SURFACE_CURVE('',#4706,(#4710,#4717),.PCURVE_S1.);
#4706 = ( BOUNDED_CURVE() B_SPLINE_CURVE(2,(#4707,#4708,#4709),
.UNSPECIFIED.,.F.,.F.) B_SPLINE_CURVE_WITH_KNOTS((3,3),(3.143833920953,
3.444085873625),.PIECEWISE_BEZIER_KNOTS.) CURVE() 
GEOMETRIC_REPRESENTATION_ITEM() RATIONAL_B_SPLINE_CURVE((1.,
0.988752244422,1.)) REPRESENTATION_ITEM('') );
#4707 = CARTESIAN_POINT('',(-13.64256644103,-18.86615766132,
    19.200817483812));
#4708 = CARTESIAN_POINT('',(-10.78879456526,-20.92978784621,
    19.200817483812));
#4709 = CARTESIAN_POINT('',(-7.452353616551,-22.05706121798,
    19.200817483812));
#4710 = PCURVE('',#4473,#4711);
#4711 = DEFINITIONAL_REPRESENTATION('',(#4712),#4716);
#4712 = B_SPLINE_CURVE_WITH_KNOTS('',2,(#4713,#4714,#4715),
  .UNSPECIFIED.,.F.,.F.,(3,3),(3.143833920953,3.444085873625),
  .PIECEWISE_BEZIER_KNOTS.);
#4713 = CARTESIAN_POINT('',(3.143833920953,-4.770528411213E-03));
#4714 = CARTESIAN_POINT('',(3.293959897289,-4.770528411213E-03));
#4715 = CARTESIAN_POINT('',(3.444085873625,-4.770528411213E-03));
#4716 = ( GEOMETRIC_REPRESENTATION_CONTEXT(2) 
PARAMETRIC_REPRESENTATION_CONTEXT() REPRESENTATION_CONTEXT('2D SPACE',''
  ) );
#4717 = PCURVE('',#4501,#4718);
#4718 = DEFINITIONAL_REPRESENTATION('',(#4719),#4723);
#4719 = ( BOUNDED_CURVE() B_SPLINE_CURVE(2,(#4720,#4721,#4722),
.UNSPECIFIED.,.F.,.F.) B_SPLINE_CURVE_WITH_KNOTS((3,3),(3.143833920953,
3.444085873625),.PIECEWISE_BEZIER_KNOTS.) CURVE() 
GEOMETRIC_REPRESENTATION_ITEM() RATIONAL_B_SPLINE_CURVE((1.,
0.988752244422,1.)) REPRESENTATION_ITEM('') );
#4720 = CARTESIAN_POINT('',(8.104356413425E-03,-4.767417324302E-03));
#4721 = CARTESIAN_POINT('',(8.11224954573E-03,-1.245695989867E-03));
#4722 = CARTESIAN_POINT('',(9.161377015459E-03,2.116136101598E-03));
#4723 = ( GEOMETRIC_REPRESENTATION_CONTEXT(2) 
PARAMETRIC_REPRESENTATION_CONTEXT() REPRESENTATION_CONTEXT('2D SPACE',''
  ) );
#4724 = ORIENTED_EDGE('',*,*,#4452,.F.);
#4725 = ORIENTED_EDGE('',*,*,#4726,.F.);
#4726 = EDGE_CURVE('',#4662,#4453,#4727,.T.);
#4727 = SURFACE_CURVE('',#4728,(#4732,#4739),.PCURVE_S1.);
#4728 = ( BOUNDED_CURVE() B_SPLINE_CURVE(2,(#4729,#4730,#4731),
.UNSPECIFIED.,.F.,.F.) B_SPLINE_CURVE_WITH_KNOTS((3,3),(3.143833920953,
3.444085873625),.PIECEWISE_BEZIER_KNOTS.) CURVE() 
GEOMETRIC_REPRESENTATION_ITEM() RATIONAL_B_SPLINE_CURVE((1.,
0.988752244422,1.)) REPRESENTATION_ITEM('') );
#4729 = CARTESIAN_POINT('',(-13.64256644103,-18.86615766132,
    14.430289072599));
#4730 = CARTESIAN_POINT('',(-10.78879456526,-20.92978784621,
    14.430289072599));
#4731 = CARTESIAN_POINT('',(-7.452353616551,-22.05706121798,
    14.430289072599));
#4732 = PCURVE('',#4473,#4733);
#4733 = DEFINITIONAL_REPRESENTATION('',(#4734),#4738);
#4734 = B_SPLINE_CURVE_WITH_KNOTS('',2,(#4735,#4736,#4737),
  .UNSPECIFIED.,.F.,.F.,(3,3),(3.143833920953,3.444085873625),
  .PIECEWISE_BEZIER_KNOTS.);
#4735 = CARTESIAN_POINT('',(3.143833920953,0.));
#4736 = CARTESIAN_POINT('',(3.293959897289,0.));
#4737 = CARTESIAN_POINT('',(3.444085873625,0.));
#4738 = ( GEOMETRIC_REPRESENTATION_CONTEXT(2) 
PARAMETRIC_REPRESENTATION_CONTEXT() REPRESENTATION_CONTEXT('2D SPACE',''
  ) );
#4739 = PCURVE('',#4552,#4740);
#4740 = DEFINITIONAL_REPRESENTATION('',(#4741),#4745);
#4741 = ( BOUNDED_CURVE() B_SPLINE_CURVE(2,(#4742,#4743,#4744),
.UNSPECIFIED.,.F.,.F.) B_SPLINE_CURVE_WITH_KNOTS((3,3),(3.143833920953,
3.444085873625),.PIECEWISE_BEZIER_KNOTS.) CURVE() 
GEOMETRIC_REPRESENTATION_ITEM() RATIONAL_B_SPLINE_CURVE((1.,
0.988752244422,1.)) REPRESENTATION_ITEM('') );
#4742 = CARTESIAN_POINT('',(8.104356413425E-03,-4.767417324302E-03));
#4743 = CARTESIAN_POINT('',(8.11224954573E-03,-1.245695989867E-03));
#4744 = CARTESIAN_POINT('',(9.161377015459E-03,2.116136101598E-03));
#4745 = ( GEOMETRIC_REPRESENTATION_CONTEXT(2) 
PARAMETRIC_REPRESENTATION_CONTEXT() REPRESENTATION_CONTEXT('2D SPACE',''
  ) );
#4746 = ADVANCED_FACE('',(#4747),#4552,.T.);
#4747 = FACE_BOUND('',#4748,.T.);
#4748 = EDGE_LOOP('',(#4749,#4750,#4751,#4752));
#4749 = ORIENTED_EDGE('',*,*,#4540,.T.);
#4750 = ORIENTED_EDGE('',*,*,#4616,.T.);
#4751 = ORIENTED_EDGE('',*,*,#4682,.T.);
#4752 = ORIENTED_EDGE('',*,*,#4726,.T.);
#4753 = ADVANCED_FACE('',(#4754),#4501,.F.);
#4754 = FACE_BOUND('',#4755,.F.);
#4755 = EDGE_LOOP('',(#4756,#4757,#4758,#4759));
#4756 = ORIENTED_EDGE('',*,*,#4487,.T.);
#4757 = ORIENTED_EDGE('',*,*,#4567,.T.);
#4758 = ORIENTED_EDGE('',*,*,#4641,.T.);
#4759 = ORIENTED_EDGE('',*,*,#4704,.T.);
#4760 = ( GEOMETRIC_REPRESENTATION_CONTEXT(3) 
GLOBAL_UNCERTAINTY_ASSIGNED_CONTEXT((#4764)) 
GLOBAL_UNIT_ASSIGNED_CONTEXT((#4761,#4762,#4763)) REPRESENTATION_CONTEXT
('Context #1','3D Context with UNIT and UNCERTAINTY') );
#4761 = ( LENGTH_UNIT() NAMED_UNIT(*) SI_UNIT(.MILLI.,.METRE.) );
#4762 = ( NAMED_UNIT(*) PLANE_ANGLE_UNIT() SI_UNIT($,.RADIAN.) );
#4763 = ( NAMED_UNIT(*) SI_UNIT($,.STERADIAN.) SOLID_ANGLE_UNIT() );
#4764 = UNCERTAINTY_MEASURE_WITH_UNIT(LENGTH_MEASURE(1.E-04),#4761,
  'distance_accuracy_value','confusion accuracy');
#4765 = CONTEXT_DEPENDENT_SHAPE_REPRESENTATION(#4766,#4768);
#4766 = ( REPRESENTATION_RELATIONSHIP('','',#4445,#10) 
REPRESENTATION_RELATIONSHIP_WITH_TRANSFORMATION(#4767) 
SHAPE_REPRESENTATION_RELATIONSHIP() );
#4767 = ITEM_DEFINED_TRANSFORMATION('','',#11,#67);
#4768 = PRODUCT_DEFINITION_SHAPE('Placement','Placement of an item',
  #4769);
#4769 = NEXT_ASSEMBLY_USAGE_OCCURRENCE('7792','','',#5,#4440,$);
#4770 = PRODUCT_RELATED_PRODUCT_CATEGORY('part',$,(#4442));
#4771 = SHAPE_DEFINITION_REPRESENTATION(#4772,#4778);
#4772 = PRODUCT_DEFINITION_SHAPE('','',#4773);
#4773 = PRODUCT_DEFINITION('design','',#4774,#4777);
#4774 = PRODUCT_DEFINITION_FORMATION('','',#4775);
#4775 = PRODUCT('Open CASCADE STEP translator 7.8 200.15',
  'Open CASCADE STEP translator 7.8 200.15','',(#4776));
#4776 = PRODUCT_CONTEXT('',#2,'mechanical');
#4777 = PRODUCT_DEFINITION_CONTEXT('part definition',#2,'design');
#4778 = ADVANCED_BREP_SHAPE_REPRESENTATION('',(#11,#4779),#5093);
#4779 = MANIFOLD_SOLID_BREP('',#4780);
#4780 = CLOSED_SHELL('',(#4781,#4895,#4969,#5032,#5079,#5086));
#4781 = ADVANCED_FACE('',(#4782),#4795,.T.);
#4782 = FACE_BOUND('',#4783,.T.);
#4783 = EDGE_LOOP('',(#4784,#4819,#4844,#4872));
#4784 = ORIENTED_EDGE('',*,*,#4785,.T.);
#4785 = EDGE_CURVE('',#4786,#4788,#4790,.T.);
#4786 = VERTEX_POINT('',#4787);
#4787 = CARTESIAN_POINT('',(-0.271602706431,-23.28041571729,
    14.430289072599));
#4788 = VERTEX_POINT('',#4789);
#4789 = CARTESIAN_POINT('',(-0.271602706431,-23.28041571729,
    19.200817483812));
#4790 = SURFACE_CURVE('',#4791,(#4794,#4805),.PCURVE_S1.);
#4791 = B_SPLINE_CURVE_WITH_KNOTS('',1,(#4792,#4793),.UNSPECIFIED.,.F.,
  .F.,(2,2),(0.,4.770528411213E-03),.PIECEWISE_BEZIER_KNOTS.);
#4792 = CARTESIAN_POINT('',(-0.271602706431,-23.28041571729,
    14.430289072599));
#4793 = CARTESIAN_POINT('',(-0.271602706431,-23.28041571729,
    19.200817483812));
#4794 = PCURVE('',#4795,#4800);
#4795 = B_SPLINE_SURFACE_WITH_KNOTS('',1,1,(
    (#4796,#4797)
    ,(#4798,#4799
    )),.UNSPECIFIED.,.F.,.F.,.F.,(2,2),(2,2),(0.,1.595314381586E-02),(
    -4.770528411213E-03,0.),.PIECEWISE_BEZIER_KNOTS.);
#4796 = CARTESIAN_POINT('',(-0.271602706431,-23.28041571729,
    19.200817483812));
#4797 = CARTESIAN_POINT('',(-0.271602706431,-23.28041571729,
    14.430289072599));
#4798 = CARTESIAN_POINT('',(-0.369775688924,-39.23325746022,
    19.200817483812));
#4799 = CARTESIAN_POINT('',(-0.369775688924,-39.23325746022,
    14.430289072599));
#4800 = DEFINITIONAL_REPRESENTATION('',(#4801),#4804);
#4801 = B_SPLINE_CURVE_WITH_KNOTS('',1,(#4802,#4803),.UNSPECIFIED.,.F.,
  .F.,(2,2),(0.,4.770528411213E-03),.PIECEWISE_BEZIER_KNOTS.);
#4802 = CARTESIAN_POINT('',(0.,0.));
#4803 = CARTESIAN_POINT('',(0.,-4.770528411213E-03));
#4804 = ( GEOMETRIC_REPRESENTATION_CONTEXT(2) 
PARAMETRIC_REPRESENTATION_CONTEXT() REPRESENTATION_CONTEXT('2D SPACE',''
  ) );
#4805 = PCURVE('',#4806,#4813);
#4806 = ( BOUNDED_SURFACE() B_SPLINE_SURFACE(2,1,(
    (#4807,#4808)
    ,(#4809,#4810)
    ,(#4811,#4812
)),.UNSPECIFIED.,.F.,.F.,.F.) B_SPLINE_SURFACE_WITH_KNOTS((3,3),(2,2),(
    3.143833920953,3.444085873625),(-4.770528411213E-03,0.),
.PIECEWISE_BEZIER_KNOTS.) GEOMETRIC_REPRESENTATION_ITEM() 
RATIONAL_B_SPLINE_SURFACE((
    (1.,1.)
    ,(0.988752244422,0.988752244422)
,(1.,1.))) REPRESENTATION_ITEM('') SURFACE() );
#4807 = CARTESIAN_POINT('',(-7.144888376833,-22.15856705842,
    19.200817483812));
#4808 = CARTESIAN_POINT('',(-7.144888376833,-22.15856705842,
    14.430289072599));
#4809 = CARTESIAN_POINT('',(-3.793093241122,-23.2393319853,
    19.200817483812));
#4810 = CARTESIAN_POINT('',(-3.793093241122,-23.2393319853,
    14.430289072599));
#4811 = CARTESIAN_POINT('',(-0.271602706431,-23.28041571729,
    19.200817483812));
#4812 = CARTESIAN_POINT('',(-0.271602706431,-23.28041571729,
    14.430289072599));
#4813 = DEFINITIONAL_REPRESENTATION('',(#4814),#4818);
#4814 = B_SPLINE_CURVE_WITH_KNOTS('',2,(#4815,#4816,#4817),
  .UNSPECIFIED.,.F.,.F.,(3,3),(0.,4.770528411213E-03),
  .PIECEWISE_BEZIER_KNOTS.);
#4815 = CARTESIAN_POINT('',(3.444085873625,0.));
#4816 = CARTESIAN_POINT('',(3.444085873625,-2.385264205606E-03));
#4817 = CARTESIAN_POINT('',(3.444085873625,-4.770528411213E-03));
#4818 = ( GEOMETRIC_REPRESENTATION_CONTEXT(2) 
PARAMETRIC_REPRESENTATION_CONTEXT() REPRESENTATION_CONTEXT('2D SPACE',''
  ) );
#4819 = ORIENTED_EDGE('',*,*,#4820,.T.);
#4820 = EDGE_CURVE('',#4788,#4821,#4823,.T.);
#4821 = VERTEX_POINT('',#4822);
#4822 = CARTESIAN_POINT('',(-0.369775688924,-39.23325746022,
    19.200817483812));
#4823 = SURFACE_CURVE('',#4824,(#4827,#4833),.PCURVE_S1.);
#4824 = B_SPLINE_CURVE_WITH_KNOTS('',1,(#4825,#4826),.UNSPECIFIED.,.F.,
  .F.,(2,2),(0.,1.595314381586E-02),.PIECEWISE_BEZIER_KNOTS.);
#4825 = CARTESIAN_POINT('',(-0.271602706431,-23.28041571729,
    19.200817483812));
#4826 = CARTESIAN_POINT('',(-0.369775688924,-39.23325746022,
    19.200817483812));
#4827 = PCURVE('',#4795,#4828);
#4828 = DEFINITIONAL_REPRESENTATION('',(#4829),#4832);
#4829 = B_SPLINE_CURVE_WITH_KNOTS('',1,(#4830,#4831),.UNSPECIFIED.,.F.,
  .F.,(2,2),(0.,1.595314381586E-02),.PIECEWISE_BEZIER_KNOTS.);
#4830 = CARTESIAN_POINT('',(0.,-4.770528411213E-03));
#4831 = CARTESIAN_POINT('',(1.595314381586E-02,-4.770528411213E-03));
#4832 = ( GEOMETRIC_REPRESENTATION_CONTEXT(2) 
PARAMETRIC_REPRESENTATION_CONTEXT() REPRESENTATION_CONTEXT('2D SPACE',''
  ) );
#4833 = PCURVE('',#4834,#4839);
#4834 = B_SPLINE_SURFACE_WITH_KNOTS('',1,1,(
    (#4835,#4836)
    ,(#4837,#4838
    )),.UNSPECIFIED.,.F.,.F.,.F.,(2,2),(2,2),(-7.848702062546E-03,
    9.161377015459E-03),(-4.819598467363E-03,6.952467254013E-03),
  .PIECEWISE_BEZIER_KNOTS.);
#4835 = CARTESIAN_POINT('',(-12.1242817743,-37.31470241684,
    19.200817483812));
#4836 = CARTESIAN_POINT('',(-0.928381959731,-40.95247078364,
    19.200817483812));
#4837 = CARTESIAN_POINT('',(-6.867878263536,-21.137155867,
    19.200817483812));
#4838 = CARTESIAN_POINT('',(4.328021551034,-24.77492423381,
    19.200817483812));
#4839 = DEFINITIONAL_REPRESENTATION('',(#4840),#4843);
#4840 = B_SPLINE_CURVE_WITH_KNOTS('',1,(#4841,#4842),.UNSPECIFIED.,.F.,
  .F.,(2,2),(0.,1.595314381586E-02),.PIECEWISE_BEZIER_KNOTS.);
#4841 = CARTESIAN_POINT('',(9.161377015459E-03,2.116136101598E-03));
#4842 = CARTESIAN_POINT('',(-6.041014197558E-03,6.952467254013E-03));
#4843 = ( GEOMETRIC_REPRESENTATION_CONTEXT(2) 
PARAMETRIC_REPRESENTATION_CONTEXT() REPRESENTATION_CONTEXT('2D SPACE',''
  ) );
#4844 = ORIENTED_EDGE('',*,*,#4845,.F.);
#4845 = EDGE_CURVE('',#4846,#4821,#4848,.T.);
#4846 = VERTEX_POINT('',#4847);
#4847 = CARTESIAN_POINT('',(-0.369775688924,-39.23325746022,
    14.430289072599));
#4848 = SURFACE_CURVE('',#4849,(#4852,#4858),.PCURVE_S1.);
#4849 = B_SPLINE_CURVE_WITH_KNOTS('',1,(#4850,#4851),.UNSPECIFIED.,.F.,
  .F.,(2,2),(0.,4.770528411213E-03),.PIECEWISE_BEZIER_KNOTS.);
#4850 = CARTESIAN_POINT('',(-0.369775688924,-39.23325746022,
    14.430289072599));
#4851 = CARTESIAN_POINT('',(-0.369775688924,-39.23325746022,
    19.200817483812));
#4852 = PCURVE('',#4795,#4853);
#4853 = DEFINITIONAL_REPRESENTATION('',(#4854),#4857);
#4854 = B_SPLINE_CURVE_WITH_KNOTS('',1,(#4855,#4856),.UNSPECIFIED.,.F.,
  .F.,(2,2),(0.,4.770528411213E-03),.PIECEWISE_BEZIER_KNOTS.);
#4855 = CARTESIAN_POINT('',(1.595314381586E-02,0.));
#4856 = CARTESIAN_POINT('',(1.595314381586E-02,-4.770528411213E-03));
#4857 = ( GEOMETRIC_REPRESENTATION_CONTEXT(2) 
PARAMETRIC_REPRESENTATION_CONTEXT() REPRESENTATION_CONTEXT('2D SPACE',''
  ) );
#4858 = PCURVE('',#4859,#4866);
#4859 = ( BOUNDED_SURFACE() B_SPLINE_SURFACE(2,1,(
    (#4860,#4861)
    ,(#4862,#4863)
    ,(#4864,#4865
)),.UNSPECIFIED.,.F.,.F.,.F.) B_SPLINE_SURFACE_WITH_KNOTS((3,3),(2,2),(
    5.978450819781,6.28318530718),(-4.770528411213E-03,0.),
.PIECEWISE_BEZIER_KNOTS.) GEOMETRIC_REPRESENTATION_ITEM() 
RATIONAL_B_SPLINE_SURFACE((
    (1.,1.)
    ,(0.988414551331,0.988414551331)
,(1.,1.))) REPRESENTATION_ITEM('') SURFACE() );
#4860 = CARTESIAN_POINT('',(-0.369775688924,-39.23325746022,
    19.200817483812));
#4861 = CARTESIAN_POINT('',(-0.369775688924,-39.23325746022,
    14.430289072599));
#4862 = CARTESIAN_POINT('',(-6.394332898626,-39.17647566495,
    19.200817483812));
#4863 = CARTESIAN_POINT('',(-6.394332898626,-39.17647566495,
    14.430289072599));
#4864 = CARTESIAN_POINT('',(-12.1242817743,-37.31470241684,
    19.200817483812));
#4865 = CARTESIAN_POINT('',(-12.1242817743,-37.31470241684,
    14.430289072599));
#4866 = DEFINITIONAL_REPRESENTATION('',(#4867),#4871);
#4867 = B_SPLINE_CURVE_WITH_KNOTS('',2,(#4868,#4869,#4870),
  .UNSPECIFIED.,.F.,.F.,(3,3),(0.,4.770528411213E-03),
  .PIECEWISE_BEZIER_KNOTS.);
#4868 = CARTESIAN_POINT('',(5.978450819781,0.));
#4869 = CARTESIAN_POINT('',(5.978450819781,-2.385264205606E-03));
#4870 = CARTESIAN_POINT('',(5.978450819781,-4.770528411213E-03));
#4871 = ( GEOMETRIC_REPRESENTATION_CONTEXT(2) 
PARAMETRIC_REPRESENTATION_CONTEXT() REPRESENTATION_CONTEXT('2D SPACE',''
  ) );
#4872 = ORIENTED_EDGE('',*,*,#4873,.F.);
#4873 = EDGE_CURVE('',#4786,#4846,#4874,.T.);
#4874 = SURFACE_CURVE('',#4875,(#4878,#4884),.PCURVE_S1.);
#4875 = B_SPLINE_CURVE_WITH_KNOTS('',1,(#4876,#4877),.UNSPECIFIED.,.F.,
  .F.,(2,2),(0.,1.595314381586E-02),.PIECEWISE_BEZIER_KNOTS.);
#4876 = CARTESIAN_POINT('',(-0.271602706431,-23.28041571729,
    14.430289072599));
#4877 = CARTESIAN_POINT('',(-0.369775688924,-39.23325746022,
    14.430289072599));
#4878 = PCURVE('',#4795,#4879);
#4879 = DEFINITIONAL_REPRESENTATION('',(#4880),#4883);
#4880 = B_SPLINE_CURVE_WITH_KNOTS('',1,(#4881,#4882),.UNSPECIFIED.,.F.,
  .F.,(2,2),(0.,1.595314381586E-02),.PIECEWISE_BEZIER_KNOTS.);
#4881 = CARTESIAN_POINT('',(0.,0.));
#4882 = CARTESIAN_POINT('',(1.595314381586E-02,0.));
#4883 = ( GEOMETRIC_REPRESENTATION_CONTEXT(2) 
PARAMETRIC_REPRESENTATION_CONTEXT() REPRESENTATION_CONTEXT('2D SPACE',''
  ) );
#4884 = PCURVE('',#4885,#4890);
#4885 = B_SPLINE_SURFACE_WITH_KNOTS('',1,1,(
    (#4886,#4887)
    ,(#4888,#4889
    )),.UNSPECIFIED.,.F.,.F.,.F.,(2,2),(2,2),(-7.848702062546E-03,
    9.161377015459E-03),(-4.819598467363E-03,6.952467254013E-03),
  .PIECEWISE_BEZIER_KNOTS.);
#4886 = CARTESIAN_POINT('',(-12.1242817743,-37.31470241684,
    14.430289072599));
#4887 = CARTESIAN_POINT('',(-0.928381959731,-40.95247078364,
    14.430289072599));
#4888 = CARTESIAN_POINT('',(-6.867878263536,-21.137155867,
    14.430289072599));
#4889 = CARTESIAN_POINT('',(4.328021551034,-24.77492423381,
    14.430289072599));
#4890 = DEFINITIONAL_REPRESENTATION('',(#4891),#4894);
#4891 = B_SPLINE_CURVE_WITH_KNOTS('',1,(#4892,#4893),.UNSPECIFIED.,.F.,
  .F.,(2,2),(0.,1.595314381586E-02),.PIECEWISE_BEZIER_KNOTS.);
#4892 = CARTESIAN_POINT('',(9.161377015459E-03,2.116136101598E-03));
#4893 = CARTESIAN_POINT('',(-6.041014197558E-03,6.952467254013E-03));
#4894 = ( GEOMETRIC_REPRESENTATION_CONTEXT(2) 
PARAMETRIC_REPRESENTATION_CONTEXT() REPRESENTATION_CONTEXT('2D SPACE',''
  ) );
#4895 = ADVANCED_FACE('',(#4896),#4859,.T.);
#4896 = FACE_BOUND('',#4897,.T.);
#4897 = EDGE_LOOP('',(#4898,#4899,#4922,#4948));
#4898 = ORIENTED_EDGE('',*,*,#4845,.T.);
#4899 = ORIENTED_EDGE('',*,*,#4900,.T.);
#4900 = EDGE_CURVE('',#4821,#4901,#4903,.T.);
#4901 = VERTEX_POINT('',#4902);
#4902 = CARTESIAN_POINT('',(-12.1242817743,-37.31470241684,
    19.200817483812));
#4903 = SURFACE_CURVE('',#4904,(#4908,#4915),.PCURVE_S1.);
#4904 = ( BOUNDED_CURVE() B_SPLINE_CURVE(2,(#4905,#4906,#4907),
.UNSPECIFIED.,.F.,.F.) B_SPLINE_CURVE_WITH_KNOTS((3,3),(5.978450819781,
6.28318530718),.PIECEWISE_BEZIER_KNOTS.) CURVE() 
GEOMETRIC_REPRESENTATION_ITEM() RATIONAL_B_SPLINE_CURVE((1.,
0.988414551331,1.)) REPRESENTATION_ITEM('') );
#4905 = CARTESIAN_POINT('',(-0.369775688924,-39.23325746022,
    19.200817483812));
#4906 = CARTESIAN_POINT('',(-6.394332898626,-39.17647566495,
    19.200817483812));
#4907 = CARTESIAN_POINT('',(-12.1242817743,-37.31470241684,
    19.200817483812));
#4908 = PCURVE('',#4859,#4909);
#4909 = DEFINITIONAL_REPRESENTATION('',(#4910),#4914);
#4910 = B_SPLINE_CURVE_WITH_KNOTS('',2,(#4911,#4912,#4913),
  .UNSPECIFIED.,.F.,.F.,(3,3),(5.978450819781,6.28318530718),
  .PIECEWISE_BEZIER_KNOTS.);
#4911 = CARTESIAN_POINT('',(5.978450819781,-4.770528411213E-03));
#4912 = CARTESIAN_POINT('',(6.13081806348,-4.770528411213E-03));
#4913 = CARTESIAN_POINT('',(6.28318530718,-4.770528411213E-03));
#4914 = ( GEOMETRIC_REPRESENTATION_CONTEXT(2) 
PARAMETRIC_REPRESENTATION_CONTEXT() REPRESENTATION_CONTEXT('2D SPACE',''
  ) );
#4915 = PCURVE('',#4834,#4916);
#4916 = DEFINITIONAL_REPRESENTATION('',(#4917),#4921);
#4917 = ( BOUNDED_CURVE() B_SPLINE_CURVE(2,(#4918,#4919,#4920),
.UNSPECIFIED.,.F.,.F.) B_SPLINE_CURVE_WITH_KNOTS((3,3),(5.978450819781,
6.28318530718),.PIECEWISE_BEZIER_KNOTS.) CURVE() 
GEOMETRIC_REPRESENTATION_ITEM() RATIONAL_B_SPLINE_CURVE((1.,
0.988414551331,1.)) REPRESENTATION_ITEM('') );
#4918 = CARTESIAN_POINT('',(-6.041014197558E-03,6.952467254013E-03));
#4919 = CARTESIAN_POINT('',(-7.848702062546E-03,1.205226322226E-03));
#4920 = CARTESIAN_POINT('',(-7.848702062546E-03,-4.819598467363E-03));
#4921 = ( GEOMETRIC_REPRESENTATION_CONTEXT(2) 
PARAMETRIC_REPRESENTATION_CONTEXT() REPRESENTATION_CONTEXT('2D SPACE',''
  ) );
#4922 = ORIENTED_EDGE('',*,*,#4923,.F.);
#4923 = EDGE_CURVE('',#4924,#4901,#4926,.T.);
#4924 = VERTEX_POINT('',#4925);
#4925 = CARTESIAN_POINT('',(-12.1242817743,-37.31470241684,
    14.430289072599));
#4926 = SURFACE_CURVE('',#4927,(#4930,#4937),.PCURVE_S1.);
#4927 = B_SPLINE_CURVE_WITH_KNOTS('',1,(#4928,#4929),.UNSPECIFIED.,.F.,
  .F.,(2,2),(0.,4.770528411213E-03),.PIECEWISE_BEZIER_KNOTS.);
#4928 = CARTESIAN_POINT('',(-12.1242817743,-37.31470241684,
    14.430289072599));
#4929 = CARTESIAN_POINT('',(-12.1242817743,-37.31470241684,
    19.200817483812));
#4930 = PCURVE('',#4859,#4931);
#4931 = DEFINITIONAL_REPRESENTATION('',(#4932),#4936);
#4932 = B_SPLINE_CURVE_WITH_KNOTS('',2,(#4933,#4934,#4935),
  .UNSPECIFIED.,.F.,.F.,(3,3),(0.,4.770528411213E-03),
  .PIECEWISE_BEZIER_KNOTS.);
#4933 = CARTESIAN_POINT('',(6.28318530718,0.));
#4934 = CARTESIAN_POINT('',(6.28318530718,-2.385264205606E-03));
#4935 = CARTESIAN_POINT('',(6.28318530718,-4.770528411213E-03));
#4936 = ( GEOMETRIC_REPRESENTATION_CONTEXT(2) 
PARAMETRIC_REPRESENTATION_CONTEXT() REPRESENTATION_CONTEXT('2D SPACE',''
  ) );
#4937 = PCURVE('',#4938,#4943);
#4938 = B_SPLINE_SURFACE_WITH_KNOTS('',1,1,(
    (#4939,#4940)
    ,(#4941,#4942
    )),.UNSPECIFIED.,.F.,.F.,.F.,(2,2),(2,2),(0.,1.595314381586E-02),(
    -4.770528411213E-03,0.),.PIECEWISE_BEZIER_KNOTS.);
#4939 = CARTESIAN_POINT('',(-12.1242817743,-37.31470241684,
    19.200817483812));
#4940 = CARTESIAN_POINT('',(-12.1242817743,-37.31470241684,
    14.430289072599));
#4941 = CARTESIAN_POINT('',(-7.144888376833,-22.15856705842,
    19.200817483812));
#4942 = CARTESIAN_POINT('',(-7.144888376833,-22.15856705842,
    14.430289072599));
#4943 = DEFINITIONAL_REPRESENTATION('',(#4944),#4947);
#4944 = B_SPLINE_CURVE_WITH_KNOTS('',1,(#4945,#4946),.UNSPECIFIED.,.F.,
  .F.,(2,2),(0.,4.770528411213E-03),.PIECEWISE_BEZIER_KNOTS.);
#4945 = CARTESIAN_POINT('',(0.,0.));
#4946 = CARTESIAN_POINT('',(0.,-4.770528411213E-03));
#4947 = ( GEOMETRIC_REPRESENTATION_CONTEXT(2) 
PARAMETRIC_REPRESENTATION_CONTEXT() REPRESENTATION_CONTEXT('2D SPACE',''
  ) );
#4948 = ORIENTED_EDGE('',*,*,#4949,.F.);
#4949 = EDGE_CURVE('',#4846,#4924,#4950,.T.);
#4950 = SURFACE_CURVE('',#4951,(#4955,#4962),.PCURVE_S1.);
#4951 = ( BOUNDED_CURVE() B_SPLINE_CURVE(2,(#4952,#4953,#4954),
.UNSPECIFIED.,.F.,.F.) B_SPLINE_CURVE_WITH_KNOTS((3,3),(5.978450819781,
6.28318530718),.PIECEWISE_BEZIER_KNOTS.) CURVE() 
GEOMETRIC_REPRESENTATION_ITEM() RATIONAL_B_SPLINE_CURVE((1.,
0.988414551331,1.)) REPRESENTATION_ITEM('') );
#4952 = CARTESIAN_POINT('',(-0.369775688924,-39.23325746022,
    14.430289072599));
#4953 = CARTESIAN_POINT('',(-6.394332898626,-39.17647566495,
    14.430289072599));
#4954 = CARTESIAN_POINT('',(-12.1242817743,-37.31470241684,
    14.430289072599));
#4955 = PCURVE('',#4859,#4956);
#4956 = DEFINITIONAL_REPRESENTATION('',(#4957),#4961);
#4957 = B_SPLINE_CURVE_WITH_KNOTS('',2,(#4958,#4959,#4960),
  .UNSPECIFIED.,.F.,.F.,(3,3),(5.978450819781,6.28318530718),
  .PIECEWISE_BEZIER_KNOTS.);
#4958 = CARTESIAN_POINT('',(5.978450819781,0.));
#4959 = CARTESIAN_POINT('',(6.13081806348,0.));
#4960 = CARTESIAN_POINT('',(6.28318530718,0.));
#4961 = ( GEOMETRIC_REPRESENTATION_CONTEXT(2) 
PARAMETRIC_REPRESENTATION_CONTEXT() REPRESENTATION_CONTEXT('2D SPACE',''
  ) );
#4962 = PCURVE('',#4885,#4963);
#4963 = DEFINITIONAL_REPRESENTATION('',(#4964),#4968);
#4964 = ( BOUNDED_CURVE() B_SPLINE_CURVE(2,(#4965,#4966,#4967),
.UNSPECIFIED.,.F.,.F.) B_SPLINE_CURVE_WITH_KNOTS((3,3),(5.978450819781,
6.28318530718),.PIECEWISE_BEZIER_KNOTS.) CURVE() 
GEOMETRIC_REPRESENTATION_ITEM() RATIONAL_B_SPLINE_CURVE((1.,
0.988414551331,1.)) REPRESENTATION_ITEM('') );
#4965 = CARTESIAN_POINT('',(-6.041014197558E-03,6.952467254013E-03));
#4966 = CARTESIAN_POINT('',(-7.848702062546E-03,1.205226322226E-03));
#4967 = CARTESIAN_POINT('',(-7.848702062546E-03,-4.819598467363E-03));
#4968 = ( GEOMETRIC_REPRESENTATION_CONTEXT(2) 
PARAMETRIC_REPRESENTATION_CONTEXT() REPRESENTATION_CONTEXT('2D SPACE',''
  ) );
#4969 = ADVANCED_FACE('',(#4970),#4938,.T.);
#4970 = FACE_BOUND('',#4971,.T.);
#4971 = EDGE_LOOP('',(#4972,#4973,#4993,#5014));
#4972 = ORIENTED_EDGE('',*,*,#4923,.T.);
#4973 = ORIENTED_EDGE('',*,*,#4974,.T.);
#4974 = EDGE_CURVE('',#4901,#4975,#4977,.T.);
#4975 = VERTEX_POINT('',#4976);
#4976 = CARTESIAN_POINT('',(-7.144888376833,-22.15856705842,
    19.200817483812));
#4977 = SURFACE_CURVE('',#4978,(#4981,#4987),.PCURVE_S1.);
#4978 = B_SPLINE_CURVE_WITH_KNOTS('',1,(#4979,#4980),.UNSPECIFIED.,.F.,
  .F.,(2,2),(0.,1.595314381586E-02),.PIECEWISE_BEZIER_KNOTS.);
#4979 = CARTESIAN_POINT('',(-12.1242817743,-37.31470241684,
    19.200817483812));
#4980 = CARTESIAN_POINT('',(-7.144888376833,-22.15856705842,
    19.200817483812));
#4981 = PCURVE('',#4938,#4982);
#4982 = DEFINITIONAL_REPRESENTATION('',(#4983),#4986);
#4983 = B_SPLINE_CURVE_WITH_KNOTS('',1,(#4984,#4985),.UNSPECIFIED.,.F.,
  .F.,(2,2),(0.,1.595314381586E-02),.PIECEWISE_BEZIER_KNOTS.);
#4984 = CARTESIAN_POINT('',(0.,-4.770528411213E-03));
#4985 = CARTESIAN_POINT('',(1.595314381586E-02,-4.770528411213E-03));
#4986 = ( GEOMETRIC_REPRESENTATION_CONTEXT(2) 
PARAMETRIC_REPRESENTATION_CONTEXT() REPRESENTATION_CONTEXT('2D SPACE',''
  ) );
#4987 = PCURVE('',#4834,#4988);
#4988 = DEFINITIONAL_REPRESENTATION('',(#4989),#4992);
#4989 = B_SPLINE_CURVE_WITH_KNOTS('',1,(#4990,#4991),.UNSPECIFIED.,.F.,
  .F.,(2,2),(0.,1.595314381586E-02),.PIECEWISE_BEZIER_KNOTS.);
#4990 = CARTESIAN_POINT('',(-7.848702062546E-03,-4.819598467363E-03));
#4991 = CARTESIAN_POINT('',(8.104356413425E-03,-4.767417324302E-03));
#4992 = ( GEOMETRIC_REPRESENTATION_CONTEXT(2) 
PARAMETRIC_REPRESENTATION_CONTEXT() REPRESENTATION_CONTEXT('2D SPACE',''
  ) );
#4993 = ORIENTED_EDGE('',*,*,#4994,.F.);
#4994 = EDGE_CURVE('',#4995,#4975,#4997,.T.);
#4995 = VERTEX_POINT('',#4996);
#4996 = CARTESIAN_POINT('',(-7.144888376833,-22.15856705842,
    14.430289072599));
#4997 = SURFACE_CURVE('',#4998,(#5001,#5007),.PCURVE_S1.);
#4998 = B_SPLINE_CURVE_WITH_KNOTS('',1,(#4999,#5000),.UNSPECIFIED.,.F.,
  .F.,(2,2),(0.,4.770528411213E-03),.PIECEWISE_BEZIER_KNOTS.);
#4999 = CARTESIAN_POINT('',(-7.144888376833,-22.15856705842,
    14.430289072599));
#5000 = CARTESIAN_POINT('',(-7.144888376833,-22.15856705842,
    19.200817483812));
#5001 = PCURVE('',#4938,#5002);
#5002 = DEFINITIONAL_REPRESENTATION('',(#5003),#5006);
#5003 = B_SPLINE_CURVE_WITH_KNOTS('',1,(#5004,#5005),.UNSPECIFIED.,.F.,
  .F.,(2,2),(0.,4.770528411213E-03),.PIECEWISE_BEZIER_KNOTS.);
#5004 = CARTESIAN_POINT('',(1.595314381586E-02,0.));
#5005 = CARTESIAN_POINT('',(1.595314381586E-02,-4.770528411213E-03));
#5006 = ( GEOMETRIC_REPRESENTATION_CONTEXT(2) 
PARAMETRIC_REPRESENTATION_CONTEXT() REPRESENTATION_CONTEXT('2D SPACE',''
  ) );
#5007 = PCURVE('',#4806,#5008);
#5008 = DEFINITIONAL_REPRESENTATION('',(#5009),#5013);
#5009 = B_SPLINE_CURVE_WITH_KNOTS('',2,(#5010,#5011,#5012),
  .UNSPECIFIED.,.F.,.F.,(3,3),(0.,4.770528411213E-03),
  .PIECEWISE_BEZIER_KNOTS.);
#5010 = CARTESIAN_POINT('',(3.143833920953,0.));
#5011 = CARTESIAN_POINT('',(3.143833920953,-2.385264205606E-03));
#5012 = CARTESIAN_POINT('',(3.143833920953,-4.770528411213E-03));
#5013 = ( GEOMETRIC_REPRESENTATION_CONTEXT(2) 
PARAMETRIC_REPRESENTATION_CONTEXT() REPRESENTATION_CONTEXT('2D SPACE',''
  ) );
#5014 = ORIENTED_EDGE('',*,*,#5015,.F.);
#5015 = EDGE_CURVE('',#4924,#4995,#5016,.T.);
#5016 = SURFACE_CURVE('',#5017,(#5020,#5026),.PCURVE_S1.);
#5017 = B_SPLINE_CURVE_WITH_KNOTS('',1,(#5018,#5019),.UNSPECIFIED.,.F.,
  .F.,(2,2),(0.,1.595314381586E-02),.PIECEWISE_BEZIER_KNOTS.);
#5018 = CARTESIAN_POINT('',(-12.1242817743,-37.31470241684,
    14.430289072599));
#5019 = CARTESIAN_POINT('',(-7.144888376833,-22.15856705842,
    14.430289072599));
#5020 = PCURVE('',#4938,#5021);
#5021 = DEFINITIONAL_REPRESENTATION('',(#5022),#5025);
#5022 = B_SPLINE_CURVE_WITH_KNOTS('',1,(#5023,#5024),.UNSPECIFIED.,.F.,
  .F.,(2,2),(0.,1.595314381586E-02),.PIECEWISE_BEZIER_KNOTS.);
#5023 = CARTESIAN_POINT('',(0.,0.));
#5024 = CARTESIAN_POINT('',(1.595314381586E-02,0.));
#5025 = ( GEOMETRIC_REPRESENTATION_CONTEXT(2) 
PARAMETRIC_REPRESENTATION_CONTEXT() REPRESENTATION_CONTEXT('2D SPACE',''
  ) );
#5026 = PCURVE('',#4885,#5027);
#5027 = DEFINITIONAL_REPRESENTATION('',(#5028),#5031);
#5028 = B_SPLINE_CURVE_WITH_KNOTS('',1,(#5029,#5030),.UNSPECIFIED.,.F.,
  .F.,(2,2),(0.,1.595314381586E-02),.PIECEWISE_BEZIER_KNOTS.);
#5029 = CARTESIAN_POINT('',(-7.848702062546E-03,-4.819598467363E-03));
#5030 = CARTESIAN_POINT('',(8.104356413425E-03,-4.767417324302E-03));
#5031 = ( GEOMETRIC_REPRESENTATION_CONTEXT(2) 
PARAMETRIC_REPRESENTATION_CONTEXT() REPRESENTATION_CONTEXT('2D SPACE',''
  ) );
#5032 = ADVANCED_FACE('',(#5033),#4806,.T.);
#5033 = FACE_BOUND('',#5034,.T.);
#5034 = EDGE_LOOP('',(#5035,#5036,#5057,#5058));
#5035 = ORIENTED_EDGE('',*,*,#4994,.T.);
#5036 = ORIENTED_EDGE('',*,*,#5037,.T.);
#5037 = EDGE_CURVE('',#4975,#4788,#5038,.T.);
#5038 = SURFACE_CURVE('',#5039,(#5043,#5050),.PCURVE_S1.);
#5039 = ( BOUNDED_CURVE() B_SPLINE_CURVE(2,(#5040,#5041,#5042),
.UNSPECIFIED.,.F.,.F.) B_SPLINE_CURVE_WITH_KNOTS((3,3),(3.143833920953,
3.444085873625),.PIECEWISE_BEZIER_KNOTS.) CURVE() 
GEOMETRIC_REPRESENTATION_ITEM() RATIONAL_B_SPLINE_CURVE((1.,
0.988752244422,1.)) REPRESENTATION_ITEM('') );
#5040 = CARTESIAN_POINT('',(-7.144888376833,-22.15856705842,
    19.200817483812));
#5041 = CARTESIAN_POINT('',(-3.793093241122,-23.2393319853,
    19.200817483812));
#5042 = CARTESIAN_POINT('',(-0.271602706431,-23.28041571729,
    19.200817483812));
#5043 = PCURVE('',#4806,#5044);
#5044 = DEFINITIONAL_REPRESENTATION('',(#5045),#5049);
#5045 = B_SPLINE_CURVE_WITH_KNOTS('',2,(#5046,#5047,#5048),
  .UNSPECIFIED.,.F.,.F.,(3,3),(3.143833920953,3.444085873625),
  .PIECEWISE_BEZIER_KNOTS.);
#5046 = CARTESIAN_POINT('',(3.143833920953,-4.770528411213E-03));
#5047 = CARTESIAN_POINT('',(3.293959897289,-4.770528411213E-03));
#5048 = CARTESIAN_POINT('',(3.444085873625,-4.770528411213E-03));
#5049 = ( GEOMETRIC_REPRESENTATION_CONTEXT(2) 
PARAMETRIC_REPRESENTATION_CONTEXT() REPRESENTATION_CONTEXT('2D SPACE',''
  ) );
#5050 = PCURVE('',#4834,#5051);
#5051 = DEFINITIONAL_REPRESENTATION('',(#5052),#5056);
#5052 = ( BOUNDED_CURVE() B_SPLINE_CURVE(2,(#5053,#5054,#5055),
.UNSPECIFIED.,.F.,.F.) B_SPLINE_CURVE_WITH_KNOTS((3,3),(3.143833920953,
3.444085873625),.PIECEWISE_BEZIER_KNOTS.) CURVE() 
GEOMETRIC_REPRESENTATION_ITEM() RATIONAL_B_SPLINE_CURVE((1.,
0.988752244422,1.)) REPRESENTATION_ITEM('') );
#5053 = CARTESIAN_POINT('',(8.104356413425E-03,-4.767417324302E-03));
#5054 = CARTESIAN_POINT('',(8.11224954573E-03,-1.245695989867E-03));
#5055 = CARTESIAN_POINT('',(9.161377015459E-03,2.116136101598E-03));
#5056 = ( GEOMETRIC_REPRESENTATION_CONTEXT(2) 
PARAMETRIC_REPRESENTATION_CONTEXT() REPRESENTATION_CONTEXT('2D SPACE',''
  ) );
#5057 = ORIENTED_EDGE('',*,*,#4785,.F.);
#5058 = ORIENTED_EDGE('',*,*,#5059,.F.);
#5059 = EDGE_CURVE('',#4995,#4786,#5060,.T.);
#5060 = SURFACE_CURVE('',#5061,(#5065,#5072),.PCURVE_S1.);
#5061 = ( BOUNDED_CURVE() B_SPLINE_CURVE(2,(#5062,#5063,#5064),
.UNSPECIFIED.,.F.,.F.) B_SPLINE_CURVE_WITH_KNOTS((3,3),(3.143833920953,
3.444085873625),.PIECEWISE_BEZIER_KNOTS.) CURVE() 
GEOMETRIC_REPRESENTATION_ITEM() RATIONAL_B_SPLINE_CURVE((1.,
0.988752244422,1.)) REPRESENTATION_ITEM('') );
#5062 = CARTESIAN_POINT('',(-7.144888376833,-22.15856705842,
    14.430289072599));
#5063 = CARTESIAN_POINT('',(-3.793093241122,-23.2393319853,
    14.430289072599));
#5064 = CARTESIAN_POINT('',(-0.271602706431,-23.28041571729,
    14.430289072599));
#5065 = PCURVE('',#4806,#5066);
#5066 = DEFINITIONAL_REPRESENTATION('',(#5067),#5071);
#5067 = B_SPLINE_CURVE_WITH_KNOTS('',2,(#5068,#5069,#5070),
  .UNSPECIFIED.,.F.,.F.,(3,3),(3.143833920953,3.444085873625),
  .PIECEWISE_BEZIER_KNOTS.);
#5068 = CARTESIAN_POINT('',(3.143833920953,0.));
#5069 = CARTESIAN_POINT('',(3.293959897289,0.));
#5070 = CARTESIAN_POINT('',(3.444085873625,0.));
#5071 = ( GEOMETRIC_REPRESENTATION_CONTEXT(2) 
PARAMETRIC_REPRESENTATION_CONTEXT() REPRESENTATION_CONTEXT('2D SPACE',''
  ) );
#5072 = PCURVE('',#4885,#5073);
#5073 = DEFINITIONAL_REPRESENTATION('',(#5074),#5078);
#5074 = ( BOUNDED_CURVE() B_SPLINE_CURVE(2,(#5075,#5076,#5077),
.UNSPECIFIED.,.F.,.F.) B_SPLINE_CURVE_WITH_KNOTS((3,3),(3.143833920953,
3.444085873625),.PIECEWISE_BEZIER_KNOTS.) CURVE() 
GEOMETRIC_REPRESENTATION_ITEM() RATIONAL_B_SPLINE_CURVE((1.,
0.988752244422,1.)) REPRESENTATION_ITEM('') );
#5075 = CARTESIAN_POINT('',(8.104356413425E-03,-4.767417324302E-03));
#5076 = CARTESIAN_POINT('',(8.11224954573E-03,-1.245695989867E-03));
#5077 = CARTESIAN_POINT('',(9.161377015459E-03,2.116136101598E-03));
#5078 = ( GEOMETRIC_REPRESENTATION_CONTEXT(2) 
PARAMETRIC_REPRESENTATION_CONTEXT() REPRESENTATION_CONTEXT('2D SPACE',''
  ) );
#5079 = ADVANCED_FACE('',(#5080),#4885,.T.);
#5080 = FACE_BOUND('',#5081,.T.);
#5081 = EDGE_LOOP('',(#5082,#5083,#5084,#5085));
#5082 = ORIENTED_EDGE('',*,*,#4873,.T.);
#5083 = ORIENTED_EDGE('',*,*,#4949,.T.);
#5084 = ORIENTED_EDGE('',*,*,#5015,.T.);
#5085 = ORIENTED_EDGE('',*,*,#5059,.T.);
#5086 = ADVANCED_FACE('',(#5087),#4834,.F.);
#5087 = FACE_BOUND('',#5088,.F.);
#5088 = EDGE_LOOP('',(#5089,#5090,#5091,#5092));
#5089 = ORIENTED_EDGE('',*,*,#4820,.T.);
#5090 = ORIENTED_EDGE('',*,*,#4900,.T.);
#5091 = ORIENTED_EDGE('',*,*,#4974,.T.);
#5092 = ORIENTED_EDGE('',*,*,#5037,.T.);
#5093 = ( GEOMETRIC_REPRESENTATION_CONTEXT(3) 
GLOBAL_UNCERTAINTY_ASSIGNED_CONTEXT((#5097)) 
GLOBAL_UNIT_ASSIGNED_CONTEXT((#5094,#5095,#5096)) REPRESENTATION_CONTEXT
('Context #1','3D Context with UNIT and UNCERTAINTY') );
#5094 = ( LENGTH_UNIT() NAMED_UNIT(*) SI_UNIT(.MILLI.,.METRE.) );
#5095 = ( NAMED_UNIT(*) PLANE_ANGLE_UNIT() SI_UNIT($,.RADIAN.) );
#5096 = ( NAMED_UNIT(*) SI_UNIT($,.STERADIAN.) SOLID_ANGLE_UNIT() );
#5097 = UNCERTAINTY_MEASURE_WITH_UNIT(LENGTH_MEASURE(1.E-04),#5094,
  'distance_accuracy_value','confusion accuracy');
#5098 = CONTEXT_DEPENDENT_SHAPE_REPRESENTATION(#5099,#5101);
#5099 = ( REPRESENTATION_RELATIONSHIP('','',#4778,#10) 
REPRESENTATION_RELATIONSHIP_WITH_TRANSFORMATION(#5100) 
SHAPE_REPRESENTATION_RELATIONSHIP() );
#5100 = ITEM_DEFINED_TRANSFORMATION('','',#11,#71);
#5101 = PRODUCT_DEFINITION_SHAPE('Placement','Placement of an item',
  #5102);
#5102 = NEXT_ASSEMBLY_USAGE_OCCURRENCE('7793','','',#5,#4773,$);
#5103 = PRODUCT_RELATED_PRODUCT_CATEGORY('part',$,(#4775));
#5104 = SHAPE_DEFINITION_REPRESENTATION(#5105,#5111);
#5105 = PRODUCT_DEFINITION_SHAPE('','',#5106);
#5106 = PRODUCT_DEFINITION('design','',#5107,#5110);
#5107 = PRODUCT_DEFINITION_FORMATION('','',#5108);
#5108 = PRODUCT('Open CASCADE STEP translator 7.8 200.16',
  'Open CASCADE STEP translator 7.8 200.16','',(#5109));
#5109 = PRODUCT_CONTEXT('',#2,'mechanical');
#5110 = PRODUCT_DEFINITION_CONTEXT('part definition',#2,'design');
#5111 = ADVANCED_BREP_SHAPE_REPRESENTATION('',(#11,#5112),#5426);
#5112 = MANIFOLD_SOLID_BREP('',#5113);
#5113 = CLOSED_SHELL('',(#5114,#5228,#5302,#5365,#5412,#5419));
#5114 = ADVANCED_FACE('',(#5115),#5128,.T.);
#5115 = FACE_BOUND('',#5116,.T.);
#5116 = EDGE_LOOP('',(#5117,#5152,#5177,#5205));
#5117 = ORIENTED_EDGE('',*,*,#5118,.T.);
#5118 = EDGE_CURVE('',#5119,#5121,#5123,.T.);
#5119 = VERTEX_POINT('',#5120);
#5120 = CARTESIAN_POINT('',(6.935734568961,-22.22492092199,
    14.430289072599));
#5121 = VERTEX_POINT('',#5122);
#5122 = CARTESIAN_POINT('',(6.935734568961,-22.22492092199,
    19.200817483812));
#5123 = SURFACE_CURVE('',#5124,(#5127,#5138),.PCURVE_S1.);
#5124 = B_SPLINE_CURVE_WITH_KNOTS('',1,(#5125,#5126),.UNSPECIFIED.,.F.,
  .F.,(2,2),(0.,4.770528411213E-03),.PIECEWISE_BEZIER_KNOTS.);
#5125 = CARTESIAN_POINT('',(6.935734568961,-22.22492092199,
    14.430289072599));
#5126 = CARTESIAN_POINT('',(6.935734568961,-22.22492092199,
    19.200817483812));
#5127 = PCURVE('',#5128,#5133);
#5128 = B_SPLINE_SURFACE_WITH_KNOTS('',1,1,(
    (#5129,#5130)
    ,(#5131,#5132
    )),.UNSPECIFIED.,.F.,.F.,.F.,(2,2),(2,2),(0.,1.595314381586E-02),(
    -4.770528411213E-03,0.),.PIECEWISE_BEZIER_KNOTS.);
#5129 = CARTESIAN_POINT('',(6.935734568961,-22.22492092199,
    19.200817483812));
#5130 = CARTESIAN_POINT('',(6.935734568961,-22.22492092199,
    14.430289072599));
#5131 = CARTESIAN_POINT('',(11.772065721376,-37.42731213501,
    19.200817483812));
#5132 = CARTESIAN_POINT('',(11.772065721376,-37.42731213501,
    14.430289072599));
#5133 = DEFINITIONAL_REPRESENTATION('',(#5134),#5137);
#5134 = B_SPLINE_CURVE_WITH_KNOTS('',1,(#5135,#5136),.UNSPECIFIED.,.F.,
  .F.,(2,2),(0.,4.770528411213E-03),.PIECEWISE_BEZIER_KNOTS.);
#5135 = CARTESIAN_POINT('',(0.,0.));
#5136 = CARTESIAN_POINT('',(0.,-4.770528411213E-03));
#5137 = ( GEOMETRIC_REPRESENTATION_CONTEXT(2) 
PARAMETRIC_REPRESENTATION_CONTEXT() REPRESENTATION_CONTEXT('2D SPACE',''
  ) );
#5138 = PCURVE('',#5139,#5146);
#5139 = ( BOUNDED_SURFACE() B_SPLINE_SURFACE(2,1,(
    (#5140,#5141)
    ,(#5142,#5143)
    ,(#5144,#5145
)),.UNSPECIFIED.,.F.,.F.,.F.) B_SPLINE_SURFACE_WITH_KNOTS((3,3),(2,2),(
    3.143833920953,3.444085873625),(-4.770528411213E-03,0.),
.PIECEWISE_BEZIER_KNOTS.) GEOMETRIC_REPRESENTATION_ITEM() 
RATIONAL_B_SPLINE_SURFACE((
    (1.,1.)
    ,(0.988752244422,0.988752244422)
,(1.,1.))) REPRESENTATION_ITEM('') SURFACE() );
#5140 = CARTESIAN_POINT('',(5.218114306117E-02,-23.28194152402,
    19.200817483812));
#5141 = CARTESIAN_POINT('',(5.218114306117E-02,-23.28194152402,
    14.430289072599));
#5142 = CARTESIAN_POINT('',(3.573902477496,-23.27404839172,
    19.200817483812));
#5143 = CARTESIAN_POINT('',(3.573902477496,-23.27404839172,
    14.430289072599));
#5144 = CARTESIAN_POINT('',(6.935734568961,-22.22492092199,
    19.200817483812));
#5145 = CARTESIAN_POINT('',(6.935734568961,-22.22492092199,
    14.430289072599));
#5146 = DEFINITIONAL_REPRESENTATION('',(#5147),#5151);
#5147 = B_SPLINE_CURVE_WITH_KNOTS('',2,(#5148,#5149,#5150),
  .UNSPECIFIED.,.F.,.F.,(3,3),(0.,4.770528411213E-03),
  .PIECEWISE_BEZIER_KNOTS.);
#5148 = CARTESIAN_POINT('',(3.444085873625,0.));
#5149 = CARTESIAN_POINT('',(3.444085873625,-2.385264205606E-03));
#5150 = CARTESIAN_POINT('',(3.444085873625,-4.770528411213E-03));
#5151 = ( GEOMETRIC_REPRESENTATION_CONTEXT(2) 
PARAMETRIC_REPRESENTATION_CONTEXT() REPRESENTATION_CONTEXT('2D SPACE',''
  ) );
#5152 = ORIENTED_EDGE('',*,*,#5153,.T.);
#5153 = EDGE_CURVE('',#5121,#5154,#5156,.T.);
#5154 = VERTEX_POINT('',#5155);
#5155 = CARTESIAN_POINT('',(11.772065721376,-37.42731213501,
    19.200817483812));
#5156 = SURFACE_CURVE('',#5157,(#5160,#5166),.PCURVE_S1.);
#5157 = B_SPLINE_CURVE_WITH_KNOTS('',1,(#5158,#5159),.UNSPECIFIED.,.F.,
  .F.,(2,2),(0.,1.595314381586E-02),.PIECEWISE_BEZIER_KNOTS.);
#5158 = CARTESIAN_POINT('',(6.935734568961,-22.22492092199,
    19.200817483812));
#5159 = CARTESIAN_POINT('',(11.772065721376,-37.42731213501,
    19.200817483812));
#5160 = PCURVE('',#5128,#5161);
#5161 = DEFINITIONAL_REPRESENTATION('',(#5162),#5165);
#5162 = B_SPLINE_CURVE_WITH_KNOTS('',1,(#5163,#5164),.UNSPECIFIED.,.F.,
  .F.,(2,2),(0.,1.595314381586E-02),.PIECEWISE_BEZIER_KNOTS.);
#5163 = CARTESIAN_POINT('',(0.,-4.770528411213E-03));
#5164 = CARTESIAN_POINT('',(1.595314381586E-02,-4.770528411213E-03));
#5165 = ( GEOMETRIC_REPRESENTATION_CONTEXT(2) 
PARAMETRIC_REPRESENTATION_CONTEXT() REPRESENTATION_CONTEXT('2D SPACE',''
  ) );
#5166 = PCURVE('',#5167,#5172);
#5167 = B_SPLINE_SURFACE_WITH_KNOTS('',1,1,(
    (#5168,#5169)
    ,(#5170,#5171
    )),.UNSPECIFIED.,.F.,.F.,.F.,(2,2),(2,2),(-7.848702062546E-03,
    9.161377015459E-03),(-4.819598467363E-03,6.952467254013E-03),
  .PIECEWISE_BEZIER_KNOTS.);
#5168 = CARTESIAN_POINT('',(-6.938893903907E-15,-39.235,19.200817483812)
  );
#5169 = CARTESIAN_POINT('',(11.772065721376,-39.235,19.200817483812));
#5170 = CARTESIAN_POINT('',(-6.938893903907E-15,-22.22492092199,
    19.200817483812));
#5171 = CARTESIAN_POINT('',(11.772065721376,-22.22492092199,
    19.200817483812));
#5172 = DEFINITIONAL_REPRESENTATION('',(#5173),#5176);
#5173 = B_SPLINE_CURVE_WITH_KNOTS('',1,(#5174,#5175),.UNSPECIFIED.,.F.,
  .F.,(2,2),(0.,1.595314381586E-02),.PIECEWISE_BEZIER_KNOTS.);
#5174 = CARTESIAN_POINT('',(9.161377015459E-03,2.116136101598E-03));
#5175 = CARTESIAN_POINT('',(-6.041014197558E-03,6.952467254013E-03));
#5176 = ( GEOMETRIC_REPRESENTATION_CONTEXT(2) 
PARAMETRIC_REPRESENTATION_CONTEXT() REPRESENTATION_CONTEXT('2D SPACE',''
  ) );
#5177 = ORIENTED_EDGE('',*,*,#5178,.F.);
#5178 = EDGE_CURVE('',#5179,#5154,#5181,.T.);
#5179 = VERTEX_POINT('',#5180);
#5180 = CARTESIAN_POINT('',(11.772065721376,-37.42731213501,
    14.430289072599));
#5181 = SURFACE_CURVE('',#5182,(#5185,#5191),.PCURVE_S1.);
#5182 = B_SPLINE_CURVE_WITH_KNOTS('',1,(#5183,#5184),.UNSPECIFIED.,.F.,
  .F.,(2,2),(0.,4.770528411213E-03),.PIECEWISE_BEZIER_KNOTS.);
#5183 = CARTESIAN_POINT('',(11.772065721376,-37.42731213501,
    14.430289072599));
#5184 = CARTESIAN_POINT('',(11.772065721376,-37.42731213501,
    19.200817483812));
#5185 = PCURVE('',#5128,#5186);
#5186 = DEFINITIONAL_REPRESENTATION('',(#5187),#5190);
#5187 = B_SPLINE_CURVE_WITH_KNOTS('',1,(#5188,#5189),.UNSPECIFIED.,.F.,
  .F.,(2,2),(0.,4.770528411213E-03),.PIECEWISE_BEZIER_KNOTS.);
#5188 = CARTESIAN_POINT('',(1.595314381586E-02,0.));
#5189 = CARTESIAN_POINT('',(1.595314381586E-02,-4.770528411213E-03));
#5190 = ( GEOMETRIC_REPRESENTATION_CONTEXT(2) 
PARAMETRIC_REPRESENTATION_CONTEXT() REPRESENTATION_CONTEXT('2D SPACE',''
  ) );
#5191 = PCURVE('',#5192,#5199);
#5192 = ( BOUNDED_SURFACE() B_SPLINE_SURFACE(2,1,(
    (#5193,#5194)
    ,(#5195,#5196)
    ,(#5197,#5198
)),.UNSPECIFIED.,.F.,.F.,.F.) B_SPLINE_SURFACE_WITH_KNOTS((3,3),(2,2),(
    5.978450819781,6.28318530718),(-4.770528411213E-03,0.),
.PIECEWISE_BEZIER_KNOTS.) GEOMETRIC_REPRESENTATION_ITEM() 
RATIONAL_B_SPLINE_SURFACE((
    (1.,1.)
    ,(0.988414551331,0.988414551331)
,(1.,1.))) REPRESENTATION_ITEM('') SURFACE() );
#5193 = CARTESIAN_POINT('',(11.772065721376,-37.42731213501,
    19.200817483812));
#5194 = CARTESIAN_POINT('',(11.772065721376,-37.42731213501,
    14.430289072599));
#5195 = CARTESIAN_POINT('',(6.024824789589,-39.235,19.200817483812));
#5196 = CARTESIAN_POINT('',(6.024824789589,-39.235,14.430289072599));
#5197 = CARTESIAN_POINT('',(9.609803432909E-15,-39.235,19.200817483812)
  );
#5198 = CARTESIAN_POINT('',(9.609803432909E-15,-39.235,14.430289072599)
  );
#5199 = DEFINITIONAL_REPRESENTATION('',(#5200),#5204);
#5200 = B_SPLINE_CURVE_WITH_KNOTS('',2,(#5201,#5202,#5203),
  .UNSPECIFIED.,.F.,.F.,(3,3),(0.,4.770528411213E-03),
  .PIECEWISE_BEZIER_KNOTS.);
#5201 = CARTESIAN_POINT('',(5.978450819781,0.));
#5202 = CARTESIAN_POINT('',(5.978450819781,-2.385264205606E-03));
#5203 = CARTESIAN_POINT('',(5.978450819781,-4.770528411213E-03));
#5204 = ( GEOMETRIC_REPRESENTATION_CONTEXT(2) 
PARAMETRIC_REPRESENTATION_CONTEXT() REPRESENTATION_CONTEXT('2D SPACE',''
  ) );
#5205 = ORIENTED_EDGE('',*,*,#5206,.F.);
#5206 = EDGE_CURVE('',#5119,#5179,#5207,.T.);
#5207 = SURFACE_CURVE('',#5208,(#5211,#5217),.PCURVE_S1.);
#5208 = B_SPLINE_CURVE_WITH_KNOTS('',1,(#5209,#5210),.UNSPECIFIED.,.F.,
  .F.,(2,2),(0.,1.595314381586E-02),.PIECEWISE_BEZIER_KNOTS.);
#5209 = CARTESIAN_POINT('',(6.935734568961,-22.22492092199,
    14.430289072599));
#5210 = CARTESIAN_POINT('',(11.772065721376,-37.42731213501,
    14.430289072599));
#5211 = PCURVE('',#5128,#5212);
#5212 = DEFINITIONAL_REPRESENTATION('',(#5213),#5216);
#5213 = B_SPLINE_CURVE_WITH_KNOTS('',1,(#5214,#5215),.UNSPECIFIED.,.F.,
  .F.,(2,2),(0.,1.595314381586E-02),.PIECEWISE_BEZIER_KNOTS.);
#5214 = CARTESIAN_POINT('',(0.,0.));
#5215 = CARTESIAN_POINT('',(1.595314381586E-02,0.));
#5216 = ( GEOMETRIC_REPRESENTATION_CONTEXT(2) 
PARAMETRIC_REPRESENTATION_CONTEXT() REPRESENTATION_CONTEXT('2D SPACE',''
  ) );
#5217 = PCURVE('',#5218,#5223);
#5218 = B_SPLINE_SURFACE_WITH_KNOTS('',1,1,(
    (#5219,#5220)
    ,(#5221,#5222
    )),.UNSPECIFIED.,.F.,.F.,.F.,(2,2),(2,2),(-7.848702062546E-03,
    9.161377015459E-03),(-4.819598467363E-03,6.952467254013E-03),
  .PIECEWISE_BEZIER_KNOTS.);
#5219 = CARTESIAN_POINT('',(-6.938893903907E-15,-39.235,14.430289072599)
  );
#5220 = CARTESIAN_POINT('',(11.772065721376,-39.235,14.430289072599));
#5221 = CARTESIAN_POINT('',(-6.938893903907E-15,-22.22492092199,
    14.430289072599));
#5222 = CARTESIAN_POINT('',(11.772065721376,-22.22492092199,
    14.430289072599));
#5223 = DEFINITIONAL_REPRESENTATION('',(#5224),#5227);
#5224 = B_SPLINE_CURVE_WITH_KNOTS('',1,(#5225,#5226),.UNSPECIFIED.,.F.,
  .F.,(2,2),(0.,1.595314381586E-02),.PIECEWISE_BEZIER_KNOTS.);
#5225 = CARTESIAN_POINT('',(9.161377015459E-03,2.116136101598E-03));
#5226 = CARTESIAN_POINT('',(-6.041014197558E-03,6.952467254013E-03));
#5227 = ( GEOMETRIC_REPRESENTATION_CONTEXT(2) 
PARAMETRIC_REPRESENTATION_CONTEXT() REPRESENTATION_CONTEXT('2D SPACE',''
  ) );
#5228 = ADVANCED_FACE('',(#5229),#5192,.T.);
#5229 = FACE_BOUND('',#5230,.T.);
#5230 = EDGE_LOOP('',(#5231,#5232,#5255,#5281));
#5231 = ORIENTED_EDGE('',*,*,#5178,.T.);
#5232 = ORIENTED_EDGE('',*,*,#5233,.T.);
#5233 = EDGE_CURVE('',#5154,#5234,#5236,.T.);
#5234 = VERTEX_POINT('',#5235);
#5235 = CARTESIAN_POINT('',(-4.625929269271E-15,-39.235,19.200817483812)
  );
#5236 = SURFACE_CURVE('',#5237,(#5241,#5248),.PCURVE_S1.);
#5237 = ( BOUNDED_CURVE() B_SPLINE_CURVE(2,(#5238,#5239,#5240),
.UNSPECIFIED.,.F.,.F.) B_SPLINE_CURVE_WITH_KNOTS((3,3),(5.978450819781,
6.28318530718),.PIECEWISE_BEZIER_KNOTS.) CURVE() 
GEOMETRIC_REPRESENTATION_ITEM() RATIONAL_B_SPLINE_CURVE((1.,
0.988414551331,1.)) REPRESENTATION_ITEM('') );
#5238 = CARTESIAN_POINT('',(11.772065721376,-37.42731213501,
    19.200817483812));
#5239 = CARTESIAN_POINT('',(6.024824789589,-39.235,19.200817483812));
#5240 = CARTESIAN_POINT('',(9.609803432909E-15,-39.235,19.200817483812)
  );
#5241 = PCURVE('',#5192,#5242);
#5242 = DEFINITIONAL_REPRESENTATION('',(#5243),#5247);
#5243 = B_SPLINE_CURVE_WITH_KNOTS('',2,(#5244,#5245,#5246),
  .UNSPECIFIED.,.F.,.F.,(3,3),(5.978450819781,6.28318530718),
  .PIECEWISE_BEZIER_KNOTS.);
#5244 = CARTESIAN_POINT('',(5.978450819781,-4.770528411213E-03));
#5245 = CARTESIAN_POINT('',(6.13081806348,-4.770528411213E-03));
#5246 = CARTESIAN_POINT('',(6.28318530718,-4.770528411213E-03));
#5247 = ( GEOMETRIC_REPRESENTATION_CONTEXT(2) 
PARAMETRIC_REPRESENTATION_CONTEXT() REPRESENTATION_CONTEXT('2D SPACE',''
  ) );
#5248 = PCURVE('',#5167,#5249);
#5249 = DEFINITIONAL_REPRESENTATION('',(#5250),#5254);
#5250 = ( BOUNDED_CURVE() B_SPLINE_CURVE(2,(#5251,#5252,#5253),
.UNSPECIFIED.,.F.,.F.) B_SPLINE_CURVE_WITH_KNOTS((3,3),(5.978450819781,
6.28318530718),.PIECEWISE_BEZIER_KNOTS.) CURVE() 
GEOMETRIC_REPRESENTATION_ITEM() RATIONAL_B_SPLINE_CURVE((1.,
0.988414551331,1.)) REPRESENTATION_ITEM('') );
#5251 = CARTESIAN_POINT('',(-6.041014197558E-03,6.952467254013E-03));
#5252 = CARTESIAN_POINT('',(-7.848702062546E-03,1.205226322226E-03));
#5253 = CARTESIAN_POINT('',(-7.848702062546E-03,-4.819598467363E-03));
#5254 = ( GEOMETRIC_REPRESENTATION_CONTEXT(2) 
PARAMETRIC_REPRESENTATION_CONTEXT() REPRESENTATION_CONTEXT('2D SPACE',''
  ) );
#5255 = ORIENTED_EDGE('',*,*,#5256,.F.);
#5256 = EDGE_CURVE('',#5257,#5234,#5259,.T.);
#5257 = VERTEX_POINT('',#5258);
#5258 = CARTESIAN_POINT('',(-6.938893903907E-15,-39.235,14.430289072599)
  );
#5259 = SURFACE_CURVE('',#5260,(#5263,#5270),.PCURVE_S1.);
#5260 = B_SPLINE_CURVE_WITH_KNOTS('',1,(#5261,#5262),.UNSPECIFIED.,.F.,
  .F.,(2,2),(0.,4.770528411213E-03),.PIECEWISE_BEZIER_KNOTS.);
#5261 = CARTESIAN_POINT('',(-6.938893903907E-15,-39.235,14.430289072599)
  );
#5262 = CARTESIAN_POINT('',(-6.938893903907E-15,-39.235,19.200817483812)
  );
#5263 = PCURVE('',#5192,#5264);
#5264 = DEFINITIONAL_REPRESENTATION('',(#5265),#5269);
#5265 = B_SPLINE_CURVE_WITH_KNOTS('',2,(#5266,#5267,#5268),
  .UNSPECIFIED.,.F.,.F.,(3,3),(0.,4.770528411213E-03),
  .PIECEWISE_BEZIER_KNOTS.);
#5266 = CARTESIAN_POINT('',(6.28318530718,0.));
#5267 = CARTESIAN_POINT('',(6.28318530718,-2.385264205606E-03));
#5268 = CARTESIAN_POINT('',(6.28318530718,-4.770528411213E-03));
#5269 = ( GEOMETRIC_REPRESENTATION_CONTEXT(2) 
PARAMETRIC_REPRESENTATION_CONTEXT() REPRESENTATION_CONTEXT('2D SPACE',''
  ) );
#5270 = PCURVE('',#5271,#5276);
#5271 = B_SPLINE_SURFACE_WITH_KNOTS('',1,1,(
    (#5272,#5273)
    ,(#5274,#5275
    )),.UNSPECIFIED.,.F.,.F.,.F.,(2,2),(2,2),(0.,1.595314381586E-02),(
    -4.770528411213E-03,0.),.PIECEWISE_BEZIER_KNOTS.);
#5272 = CARTESIAN_POINT('',(-6.938893903907E-15,-39.235,19.200817483812)
  );
#5273 = CARTESIAN_POINT('',(-6.938893903907E-15,-39.235,14.430289072599)
  );
#5274 = CARTESIAN_POINT('',(5.218114306116E-02,-23.28194152402,
    19.200817483812));
#5275 = CARTESIAN_POINT('',(5.218114306116E-02,-23.28194152402,
    14.430289072599));
#5276 = DEFINITIONAL_REPRESENTATION('',(#5277),#5280);
#5277 = B_SPLINE_CURVE_WITH_KNOTS('',1,(#5278,#5279),.UNSPECIFIED.,.F.,
  .F.,(2,2),(0.,4.770528411213E-03),.PIECEWISE_BEZIER_KNOTS.);
#5278 = CARTESIAN_POINT('',(0.,0.));
#5279 = CARTESIAN_POINT('',(0.,-4.770528411213E-03));
#5280 = ( GEOMETRIC_REPRESENTATION_CONTEXT(2) 
PARAMETRIC_REPRESENTATION_CONTEXT() REPRESENTATION_CONTEXT('2D SPACE',''
  ) );
#5281 = ORIENTED_EDGE('',*,*,#5282,.F.);
#5282 = EDGE_CURVE('',#5179,#5257,#5283,.T.);
#5283 = SURFACE_CURVE('',#5284,(#5288,#5295),.PCURVE_S1.);
#5284 = ( BOUNDED_CURVE() B_SPLINE_CURVE(2,(#5285,#5286,#5287),
.UNSPECIFIED.,.F.,.F.) B_SPLINE_CURVE_WITH_KNOTS((3,3),(5.978450819781,
6.28318530718),.PIECEWISE_BEZIER_KNOTS.) CURVE() 
GEOMETRIC_REPRESENTATION_ITEM() RATIONAL_B_SPLINE_CURVE((1.,
0.988414551331,1.)) REPRESENTATION_ITEM('') );
#5285 = CARTESIAN_POINT('',(11.772065721376,-37.42731213501,
    14.430289072599));
#5286 = CARTESIAN_POINT('',(6.024824789589,-39.235,14.430289072599));
#5287 = CARTESIAN_POINT('',(9.609803432909E-15,-39.235,14.430289072599)
  );
#5288 = PCURVE('',#5192,#5289);
#5289 = DEFINITIONAL_REPRESENTATION('',(#5290),#5294);
#5290 = B_SPLINE_CURVE_WITH_KNOTS('',2,(#5291,#5292,#5293),
  .UNSPECIFIED.,.F.,.F.,(3,3),(5.978450819781,6.28318530718),
  .PIECEWISE_BEZIER_KNOTS.);
#5291 = CARTESIAN_POINT('',(5.978450819781,0.));
#5292 = CARTESIAN_POINT('',(6.13081806348,0.));
#5293 = CARTESIAN_POINT('',(6.28318530718,0.));
#5294 = ( GEOMETRIC_REPRESENTATION_CONTEXT(2) 
PARAMETRIC_REPRESENTATION_CONTEXT() REPRESENTATION_CONTEXT('2D SPACE',''
  ) );
#5295 = PCURVE('',#5218,#5296);
#5296 = DEFINITIONAL_REPRESENTATION('',(#5297),#5301);
#5297 = ( BOUNDED_CURVE() B_SPLINE_CURVE(2,(#5298,#5299,#5300),
.UNSPECIFIED.,.F.,.F.) B_SPLINE_CURVE_WITH_KNOTS((3,3),(5.978450819781,
6.28318530718),.PIECEWISE_BEZIER_KNOTS.) CURVE() 
GEOMETRIC_REPRESENTATION_ITEM() RATIONAL_B_SPLINE_CURVE((1.,
0.988414551331,1.)) REPRESENTATION_ITEM('') );
#5298 = CARTESIAN_POINT('',(-6.041014197558E-03,6.952467254013E-03));
#5299 = CARTESIAN_POINT('',(-7.848702062546E-03,1.205226322226E-03));
#5300 = CARTESIAN_POINT('',(-7.848702062546E-03,-4.819598467363E-03));
#5301 = ( GEOMETRIC_REPRESENTATION_CONTEXT(2) 
PARAMETRIC_REPRESENTATION_CONTEXT() REPRESENTATION_CONTEXT('2D SPACE',''
  ) );
#5302 = ADVANCED_FACE('',(#5303),#5271,.T.);
#5303 = FACE_BOUND('',#5304,.T.);
#5304 = EDGE_LOOP('',(#5305,#5306,#5326,#5347));
#5305 = ORIENTED_EDGE('',*,*,#5256,.T.);
#5306 = ORIENTED_EDGE('',*,*,#5307,.T.);
#5307 = EDGE_CURVE('',#5234,#5308,#5310,.T.);
#5308 = VERTEX_POINT('',#5309);
#5309 = CARTESIAN_POINT('',(5.218114306116E-02,-23.28194152402,
    19.200817483812));
#5310 = SURFACE_CURVE('',#5311,(#5314,#5320),.PCURVE_S1.);
#5311 = B_SPLINE_CURVE_WITH_KNOTS('',1,(#5312,#5313),.UNSPECIFIED.,.F.,
  .F.,(2,2),(0.,1.595314381586E-02),.PIECEWISE_BEZIER_KNOTS.);
#5312 = CARTESIAN_POINT('',(-6.938893903907E-15,-39.235,19.200817483812)
  );
#5313 = CARTESIAN_POINT('',(5.218114306116E-02,-23.28194152402,
    19.200817483812));
#5314 = PCURVE('',#5271,#5315);
#5315 = DEFINITIONAL_REPRESENTATION('',(#5316),#5319);
#5316 = B_SPLINE_CURVE_WITH_KNOTS('',1,(#5317,#5318),.UNSPECIFIED.,.F.,
  .F.,(2,2),(0.,1.595314381586E-02),.PIECEWISE_BEZIER_KNOTS.);
#5317 = CARTESIAN_POINT('',(0.,-4.770528411213E-03));
#5318 = CARTESIAN_POINT('',(1.595314381586E-02,-4.770528411213E-03));
#5319 = ( GEOMETRIC_REPRESENTATION_CONTEXT(2) 
PARAMETRIC_REPRESENTATION_CONTEXT() REPRESENTATION_CONTEXT('2D SPACE',''
  ) );
#5320 = PCURVE('',#5167,#5321);
#5321 = DEFINITIONAL_REPRESENTATION('',(#5322),#5325);
#5322 = B_SPLINE_CURVE_WITH_KNOTS('',1,(#5323,#5324),.UNSPECIFIED.,.F.,
  .F.,(2,2),(0.,1.595314381586E-02),.PIECEWISE_BEZIER_KNOTS.);
#5323 = CARTESIAN_POINT('',(-7.848702062546E-03,-4.819598467363E-03));
#5324 = CARTESIAN_POINT('',(8.104356413425E-03,-4.767417324302E-03));
#5325 = ( GEOMETRIC_REPRESENTATION_CONTEXT(2) 
PARAMETRIC_REPRESENTATION_CONTEXT() REPRESENTATION_CONTEXT('2D SPACE',''
  ) );
#5326 = ORIENTED_EDGE('',*,*,#5327,.F.);
#5327 = EDGE_CURVE('',#5328,#5308,#5330,.T.);
#5328 = VERTEX_POINT('',#5329);
#5329 = CARTESIAN_POINT('',(5.218114306116E-02,-23.28194152402,
    14.430289072599));
#5330 = SURFACE_CURVE('',#5331,(#5334,#5340),.PCURVE_S1.);
#5331 = B_SPLINE_CURVE_WITH_KNOTS('',1,(#5332,#5333),.UNSPECIFIED.,.F.,
  .F.,(2,2),(0.,4.770528411213E-03),.PIECEWISE_BEZIER_KNOTS.);
#5332 = CARTESIAN_POINT('',(5.218114306116E-02,-23.28194152402,
    14.430289072599));
#5333 = CARTESIAN_POINT('',(5.218114306116E-02,-23.28194152402,
    19.200817483812));
#5334 = PCURVE('',#5271,#5335);
#5335 = DEFINITIONAL_REPRESENTATION('',(#5336),#5339);
#5336 = B_SPLINE_CURVE_WITH_KNOTS('',1,(#5337,#5338),.UNSPECIFIED.,.F.,
  .F.,(2,2),(0.,4.770528411213E-03),.PIECEWISE_BEZIER_KNOTS.);
#5337 = CARTESIAN_POINT('',(1.595314381586E-02,0.));
#5338 = CARTESIAN_POINT('',(1.595314381586E-02,-4.770528411213E-03));
#5339 = ( GEOMETRIC_REPRESENTATION_CONTEXT(2) 
PARAMETRIC_REPRESENTATION_CONTEXT() REPRESENTATION_CONTEXT('2D SPACE',''
  ) );
#5340 = PCURVE('',#5139,#5341);
#5341 = DEFINITIONAL_REPRESENTATION('',(#5342),#5346);
#5342 = B_SPLINE_CURVE_WITH_KNOTS('',2,(#5343,#5344,#5345),
  .UNSPECIFIED.,.F.,.F.,(3,3),(0.,4.770528411213E-03),
  .PIECEWISE_BEZIER_KNOTS.);
#5343 = CARTESIAN_POINT('',(3.143833920953,0.));
#5344 = CARTESIAN_POINT('',(3.143833920953,-2.385264205606E-03));
#5345 = CARTESIAN_POINT('',(3.143833920953,-4.770528411213E-03));
#5346 = ( GEOMETRIC_REPRESENTATION_CONTEXT(2) 
PARAMETRIC_REPRESENTATION_CONTEXT() REPRESENTATION_CONTEXT('2D SPACE',''
  ) );
#5347 = ORIENTED_EDGE('',*,*,#5348,.F.);
#5348 = EDGE_CURVE('',#5257,#5328,#5349,.T.);
#5349 = SURFACE_CURVE('',#5350,(#5353,#5359),.PCURVE_S1.);
#5350 = B_SPLINE_CURVE_WITH_KNOTS('',1,(#5351,#5352),.UNSPECIFIED.,.F.,
  .F.,(2,2),(0.,1.595314381586E-02),.PIECEWISE_BEZIER_KNOTS.);
#5351 = CARTESIAN_POINT('',(-6.938893903907E-15,-39.235,14.430289072599)
  );
#5352 = CARTESIAN_POINT('',(5.218114306116E-02,-23.28194152402,
    14.430289072599));
#5353 = PCURVE('',#5271,#5354);
#5354 = DEFINITIONAL_REPRESENTATION('',(#5355),#5358);
#5355 = B_SPLINE_CURVE_WITH_KNOTS('',1,(#5356,#5357),.UNSPECIFIED.,.F.,
  .F.,(2,2),(0.,1.595314381586E-02),.PIECEWISE_BEZIER_KNOTS.);
#5356 = CARTESIAN_POINT('',(0.,0.));
#5357 = CARTESIAN_POINT('',(1.595314381586E-02,0.));
#5358 = ( GEOMETRIC_REPRESENTATION_CONTEXT(2) 
PARAMETRIC_REPRESENTATION_CONTEXT() REPRESENTATION_CONTEXT('2D SPACE',''
  ) );
#5359 = PCURVE('',#5218,#5360);
#5360 = DEFINITIONAL_REPRESENTATION('',(#5361),#5364);
#5361 = B_SPLINE_CURVE_WITH_KNOTS('',1,(#5362,#5363),.UNSPECIFIED.,.F.,
  .F.,(2,2),(0.,1.595314381586E-02),.PIECEWISE_BEZIER_KNOTS.);
#5362 = CARTESIAN_POINT('',(-7.848702062546E-03,-4.819598467363E-03));
#5363 = CARTESIAN_POINT('',(8.104356413425E-03,-4.767417324302E-03));
#5364 = ( GEOMETRIC_REPRESENTATION_CONTEXT(2) 
PARAMETRIC_REPRESENTATION_CONTEXT() REPRESENTATION_CONTEXT('2D SPACE',''
  ) );
#5365 = ADVANCED_FACE('',(#5366),#5139,.T.);
#5366 = FACE_BOUND('',#5367,.T.);
#5367 = EDGE_LOOP('',(#5368,#5369,#5390,#5391));
#5368 = ORIENTED_EDGE('',*,*,#5327,.T.);
#5369 = ORIENTED_EDGE('',*,*,#5370,.T.);
#5370 = EDGE_CURVE('',#5308,#5121,#5371,.T.);
#5371 = SURFACE_CURVE('',#5372,(#5376,#5383),.PCURVE_S1.);
#5372 = ( BOUNDED_CURVE() B_SPLINE_CURVE(2,(#5373,#5374,#5375),
.UNSPECIFIED.,.F.,.F.) B_SPLINE_CURVE_WITH_KNOTS((3,3),(3.143833920953,
3.444085873625),.PIECEWISE_BEZIER_KNOTS.) CURVE() 
GEOMETRIC_REPRESENTATION_ITEM() RATIONAL_B_SPLINE_CURVE((1.,
0.988752244422,1.)) REPRESENTATION_ITEM('') );
#5373 = CARTESIAN_POINT('',(5.218114306117E-02,-23.28194152402,
    19.200817483812));
#5374 = CARTESIAN_POINT('',(3.573902477496,-23.27404839172,
    19.200817483812));
#5375 = CARTESIAN_POINT('',(6.935734568961,-22.22492092199,
    19.200817483812));
#5376 = PCURVE('',#5139,#5377);
#5377 = DEFINITIONAL_REPRESENTATION('',(#5378),#5382);
#5378 = B_SPLINE_CURVE_WITH_KNOTS('',2,(#5379,#5380,#5381),
  .UNSPECIFIED.,.F.,.F.,(3,3),(3.143833920953,3.444085873625),
  .PIECEWISE_BEZIER_KNOTS.);
#5379 = CARTESIAN_POINT('',(3.143833920953,-4.770528411213E-03));
#5380 = CARTESIAN_POINT('',(3.293959897289,-4.770528411213E-03));
#5381 = CARTESIAN_POINT('',(3.444085873625,-4.770528411213E-03));
#5382 = ( GEOMETRIC_REPRESENTATION_CONTEXT(2) 
PARAMETRIC_REPRESENTATION_CONTEXT() REPRESENTATION_CONTEXT('2D SPACE',''
  ) );
#5383 = PCURVE('',#5167,#5384);
#5384 = DEFINITIONAL_REPRESENTATION('',(#5385),#5389);
#5385 = ( BOUNDED_CURVE() B_SPLINE_CURVE(2,(#5386,#5387,#5388),
.UNSPECIFIED.,.F.,.F.) B_SPLINE_CURVE_WITH_KNOTS((3,3),(3.143833920953,
3.444085873625),.PIECEWISE_BEZIER_KNOTS.) CURVE() 
GEOMETRIC_REPRESENTATION_ITEM() RATIONAL_B_SPLINE_CURVE((1.,
0.988752244422,1.)) REPRESENTATION_ITEM('') );
#5386 = CARTESIAN_POINT('',(8.104356413425E-03,-4.767417324302E-03));
#5387 = CARTESIAN_POINT('',(8.11224954573E-03,-1.245695989867E-03));
#5388 = CARTESIAN_POINT('',(9.161377015459E-03,2.116136101598E-03));
#5389 = ( GEOMETRIC_REPRESENTATION_CONTEXT(2) 
PARAMETRIC_REPRESENTATION_CONTEXT() REPRESENTATION_CONTEXT('2D SPACE',''
  ) );
#5390 = ORIENTED_EDGE('',*,*,#5118,.F.);
#5391 = ORIENTED_EDGE('',*,*,#5392,.F.);
#5392 = EDGE_CURVE('',#5328,#5119,#5393,.T.);
#5393 = SURFACE_CURVE('',#5394,(#5398,#5405),.PCURVE_S1.);
#5394 = ( BOUNDED_CURVE() B_SPLINE_CURVE(2,(#5395,#5396,#5397),
.UNSPECIFIED.,.F.,.F.) B_SPLINE_CURVE_WITH_KNOTS((3,3),(3.143833920953,
3.444085873625),.PIECEWISE_BEZIER_KNOTS.) CURVE() 
GEOMETRIC_REPRESENTATION_ITEM() RATIONAL_B_SPLINE_CURVE((1.,
0.988752244422,1.)) REPRESENTATION_ITEM('') );
#5395 = CARTESIAN_POINT('',(5.218114306117E-02,-23.28194152402,
    14.430289072599));
#5396 = CARTESIAN_POINT('',(3.573902477496,-23.27404839172,
    14.430289072599));
#5397 = CARTESIAN_POINT('',(6.935734568961,-22.22492092199,
    14.430289072599));
#5398 = PCURVE('',#5139,#5399);
#5399 = DEFINITIONAL_REPRESENTATION('',(#5400),#5404);
#5400 = B_SPLINE_CURVE_WITH_KNOTS('',2,(#5401,#5402,#5403),
  .UNSPECIFIED.,.F.,.F.,(3,3),(3.143833920953,3.444085873625),
  .PIECEWISE_BEZIER_KNOTS.);
#5401 = CARTESIAN_POINT('',(3.143833920953,0.));
#5402 = CARTESIAN_POINT('',(3.293959897289,0.));
#5403 = CARTESIAN_POINT('',(3.444085873625,0.));
#5404 = ( GEOMETRIC_REPRESENTATION_CONTEXT(2) 
PARAMETRIC_REPRESENTATION_CONTEXT() REPRESENTATION_CONTEXT('2D SPACE',''
  ) );
#5405 = PCURVE('',#5218,#5406);
#5406 = DEFINITIONAL_REPRESENTATION('',(#5407),#5411);
#5407 = ( BOUNDED_CURVE() B_SPLINE_CURVE(2,(#5408,#5409,#5410),
.UNSPECIFIED.,.F.,.F.) B_SPLINE_CURVE_WITH_KNOTS((3,3),(3.143833920953,
3.444085873625),.PIECEWISE_BEZIER_KNOTS.) CURVE() 
GEOMETRIC_REPRESENTATION_ITEM() RATIONAL_B_SPLINE_CURVE((1.,
0.988752244422,1.)) REPRESENTATION_ITEM('') );
#5408 = CARTESIAN_POINT('',(8.104356413425E-03,-4.767417324302E-03));
#5409 = CARTESIAN_POINT('',(8.11224954573E-03,-1.245695989867E-03));
#5410 = CARTESIAN_POINT('',(9.161377015459E-03,2.116136101598E-03));
#5411 = ( GEOMETRIC_REPRESENTATION_CONTEXT(2) 
PARAMETRIC_REPRESENTATION_CONTEXT() REPRESENTATION_CONTEXT('2D SPACE',''
  ) );
#5412 = ADVANCED_FACE('',(#5413),#5218,.T.);
#5413 = FACE_BOUND('',#5414,.T.);
#5414 = EDGE_LOOP('',(#5415,#5416,#5417,#5418));
#5415 = ORIENTED_EDGE('',*,*,#5206,.T.);
#5416 = ORIENTED_EDGE('',*,*,#5282,.T.);
#5417 = ORIENTED_EDGE('',*,*,#5348,.T.);
#5418 = ORIENTED_EDGE('',*,*,#5392,.T.);
#5419 = ADVANCED_FACE('',(#5420),#5167,.F.);
#5420 = FACE_BOUND('',#5421,.F.);
#5421 = EDGE_LOOP('',(#5422,#5423,#5424,#5425));
#5422 = ORIENTED_EDGE('',*,*,#5153,.T.);
#5423 = ORIENTED_EDGE('',*,*,#5233,.T.);
#5424 = ORIENTED_EDGE('',*,*,#5307,.T.);
#5425 = ORIENTED_EDGE('',*,*,#5370,.T.);
#5426 = ( GEOMETRIC_REPRESENTATION_CONTEXT(3) 
GLOBAL_UNCERTAINTY_ASSIGNED_CONTEXT((#5430)) 
GLOBAL_UNIT_ASSIGNED_CONTEXT((#5427,#5428,#5429)) REPRESENTATION_CONTEXT
('Context #1','3D Context with UNIT and UNCERTAINTY') );
#5427 = ( LENGTH_UNIT() NAMED_UNIT(*) SI_UNIT(.MILLI.,.METRE.) );
#5428 = ( NAMED_UNIT(*) PLANE_ANGLE_UNIT() SI_UNIT($,.RADIAN.) );
#5429 = ( NAMED_UNIT(*) SI_UNIT($,.STERADIAN.) SOLID_ANGLE_UNIT() );
#5430 = UNCERTAINTY_MEASURE_WITH_UNIT(LENGTH_MEASURE(1.E-04),#5427,
  'distance_accuracy_value','confusion accuracy');
#5431 = CONTEXT_DEPENDENT_SHAPE_REPRESENTATION(#5432,#5434);
#5432 = ( REPRESENTATION_RELATIONSHIP('','',#5111,#10) 
REPRESENTATION_RELATIONSHIP_WITH_TRANSFORMATION(#5433) 
SHAPE_REPRESENTATION_RELATIONSHIP() );
#5433 = ITEM_DEFINED_TRANSFORMATION('','',#11,#75);
#5434 = PRODUCT_DEFINITION_SHAPE('Placement','Placement of an item',
  #5435);
#5435 = NEXT_ASSEMBLY_USAGE_OCCURRENCE('7794','','',#5,#5106,$);
#5436 = PRODUCT_RELATED_PRODUCT_CATEGORY('part',$,(#5108));
#5437 = SHAPE_DEFINITION_REPRESENTATION(#5438,#5444);
#5438 = PRODUCT_DEFINITION_SHAPE('','',#5439);
#5439 = PRODUCT_DEFINITION('design','',#5440,#5443);
#5440 = PRODUCT_DEFINITION_FORMATION('','',#5441);
#5441 = PRODUCT('Open CASCADE STEP translator 7.8 200.17',
  'Open CASCADE STEP translator 7.8 200.17','',(#5442));
#5442 = PRODUCT_CONTEXT('',#2,'mechanical');
#5443 = PRODUCT_DEFINITION_CONTEXT('part definition',#2,'design');
#5444 = ADVANCED_BREP_SHAPE_REPRESENTATION('',(#11,#5445),#5759);
#5445 = MANIFOLD_SOLID_BREP('',#5446);
#5446 = CLOSED_SHELL('',(#5447,#5561,#5635,#5698,#5745,#5752));
#5447 = ADVANCED_FACE('',(#5448),#5461,.T.);
#5448 = FACE_BOUND('',#5449,.T.);
#5449 = EDGE_LOOP('',(#5450,#5485,#5510,#5538));
#5450 = ORIENTED_EDGE('',*,*,#5451,.T.);
#5451 = EDGE_CURVE('',#5452,#5454,#5456,.T.);
#5452 = VERTEX_POINT('',#5453);
#5453 = CARTESIAN_POINT('',(13.46415382064,-18.99389601672,
    14.430289072599));
#5454 = VERTEX_POINT('',#5455);
#5455 = CARTESIAN_POINT('',(13.46415382064,-18.99389601672,
    19.200817483812));
#5456 = SURFACE_CURVE('',#5457,(#5460,#5471),.PCURVE_S1.);
#5457 = B_SPLINE_CURVE_WITH_KNOTS('',1,(#5458,#5459),.UNSPECIFIED.,.F.,
  .F.,(2,2),(0.,4.770528411213E-03),.PIECEWISE_BEZIER_KNOTS.);
#5458 = CARTESIAN_POINT('',(13.46415382064,-18.99389601672,
    14.430289072599));
#5459 = CARTESIAN_POINT('',(13.46415382064,-18.99389601672,
    19.200817483812));
#5460 = PCURVE('',#5461,#5466);
#5461 = B_SPLINE_SURFACE_WITH_KNOTS('',1,1,(
    (#5462,#5463)
    ,(#5464,#5465
    )),.UNSPECIFIED.,.F.,.F.,.F.,(2,2),(2,2),(0.,1.595314381586E-02),(
    -4.770528411213E-03,0.),.PIECEWISE_BEZIER_KNOTS.);
#5462 = CARTESIAN_POINT('',(13.46415382064,-18.99389601672,
    19.200817483812));
#5463 = CARTESIAN_POINT('',(13.46415382064,-18.99389601672,
    14.430289072599));
#5464 = CARTESIAN_POINT('',(22.761575318064,-31.95772072661,
    19.200817483812));
#5465 = CARTESIAN_POINT('',(22.761575318064,-31.95772072661,
    14.430289072599));
#5466 = DEFINITIONAL_REPRESENTATION('',(#5467),#5470);
#5467 = B_SPLINE_CURVE_WITH_KNOTS('',1,(#5468,#5469),.UNSPECIFIED.,.F.,
  .F.,(2,2),(0.,4.770528411213E-03),.PIECEWISE_BEZIER_KNOTS.);
#5468 = CARTESIAN_POINT('',(0.,0.));
#5469 = CARTESIAN_POINT('',(0.,-4.770528411213E-03));
#5470 = ( GEOMETRIC_REPRESENTATION_CONTEXT(2) 
PARAMETRIC_REPRESENTATION_CONTEXT() REPRESENTATION_CONTEXT('2D SPACE',''
  ) );
#5471 = PCURVE('',#5472,#5479);
#5472 = ( BOUNDED_SURFACE() B_SPLINE_SURFACE(2,1,(
    (#5473,#5474)
    ,(#5475,#5476)
    ,(#5477,#5478
)),.UNSPECIFIED.,.F.,.F.,.F.) B_SPLINE_SURFACE_WITH_KNOTS((3,3),(2,2),(
    3.143833920953,3.444085873625),(-4.770528411213E-03,0.),
.PIECEWISE_BEZIER_KNOTS.) GEOMETRIC_REPRESENTATION_ITEM() 
RATIONAL_B_SPLINE_SURFACE((
    (1.,1.)
    ,(0.988752244422,0.988752244422)
,(1.,1.))) REPRESENTATION_ITEM('') SURFACE() );
#5473 = CARTESIAN_POINT('',(7.244142809105,-22.12631733843,
    19.200817483812));
#5474 = CARTESIAN_POINT('',(7.244142809105,-22.12631733843,
    14.430289072599));
#5475 = CARTESIAN_POINT('',(10.591059720773,-21.03053878173,
    19.200817483812));
#5476 = CARTESIAN_POINT('',(10.591059720773,-21.03053878173,
    14.430289072599));
#5477 = CARTESIAN_POINT('',(13.46415382064,-18.99389601672,
    19.200817483812));
#5478 = CARTESIAN_POINT('',(13.46415382064,-18.99389601672,
    14.430289072599));
#5479 = DEFINITIONAL_REPRESENTATION('',(#5480),#5484);
#5480 = B_SPLINE_CURVE_WITH_KNOTS('',2,(#5481,#5482,#5483),
  .UNSPECIFIED.,.F.,.F.,(3,3),(0.,4.770528411213E-03),
  .PIECEWISE_BEZIER_KNOTS.);
#5481 = CARTESIAN_POINT('',(3.444085873625,0.));
#5482 = CARTESIAN_POINT('',(3.444085873625,-2.385264205606E-03));
#5483 = CARTESIAN_POINT('',(3.444085873625,-4.770528411213E-03));
#5484 = ( GEOMETRIC_REPRESENTATION_CONTEXT(2) 
PARAMETRIC_REPRESENTATION_CONTEXT() REPRESENTATION_CONTEXT('2D SPACE',''
  ) );
#5485 = ORIENTED_EDGE('',*,*,#5486,.T.);
#5486 = EDGE_CURVE('',#5454,#5487,#5489,.T.);
#5487 = VERTEX_POINT('',#5488);
#5488 = CARTESIAN_POINT('',(22.761575318064,-31.95772072661,
    19.200817483812));
#5489 = SURFACE_CURVE('',#5490,(#5493,#5499),.PCURVE_S1.);
#5490 = B_SPLINE_CURVE_WITH_KNOTS('',1,(#5491,#5492),.UNSPECIFIED.,.F.,
  .F.,(2,2),(0.,1.595314381586E-02),.PIECEWISE_BEZIER_KNOTS.);
#5491 = CARTESIAN_POINT('',(13.46415382064,-18.99389601672,
    19.200817483812));
#5492 = CARTESIAN_POINT('',(22.761575318064,-31.95772072661,
    19.200817483812));
#5493 = PCURVE('',#5461,#5494);
#5494 = DEFINITIONAL_REPRESENTATION('',(#5495),#5498);
#5495 = B_SPLINE_CURVE_WITH_KNOTS('',1,(#5496,#5497),.UNSPECIFIED.,.F.,
  .F.,(2,2),(0.,1.595314381586E-02),.PIECEWISE_BEZIER_KNOTS.);
#5496 = CARTESIAN_POINT('',(0.,-4.770528411213E-03));
#5497 = CARTESIAN_POINT('',(1.595314381586E-02,-4.770528411213E-03));
#5498 = ( GEOMETRIC_REPRESENTATION_CONTEXT(2) 
PARAMETRIC_REPRESENTATION_CONTEXT() REPRESENTATION_CONTEXT('2D SPACE',''
  ) );
#5499 = PCURVE('',#5500,#5505);
#5500 = B_SPLINE_SURFACE_WITH_KNOTS('',1,1,(
    (#5501,#5502)
    ,(#5503,#5504
    )),.UNSPECIFIED.,.F.,.F.,.F.,(2,2),(2,2),(-7.848702062546E-03,
    9.161377015459E-03),(-4.819598467363E-03,6.952467254013E-03),
  .PIECEWISE_BEZIER_KNOTS.);
#5501 = CARTESIAN_POINT('',(12.124281774301,-37.31470241684,
    19.200817483812));
#5502 = CARTESIAN_POINT('',(23.320181588871,-33.67693405003,
    19.200817483812));
#5503 = CARTESIAN_POINT('',(6.867878263536,-21.137155867,19.200817483812
    ));
#5504 = CARTESIAN_POINT('',(18.063778078106,-17.4993875002,
    19.200817483812));
#5505 = DEFINITIONAL_REPRESENTATION('',(#5506),#5509);
#5506 = B_SPLINE_CURVE_WITH_KNOTS('',1,(#5507,#5508),.UNSPECIFIED.,.F.,
  .F.,(2,2),(0.,1.595314381586E-02),.PIECEWISE_BEZIER_KNOTS.);
#5507 = CARTESIAN_POINT('',(9.161377015459E-03,2.116136101598E-03));
#5508 = CARTESIAN_POINT('',(-6.041014197558E-03,6.952467254013E-03));
#5509 = ( GEOMETRIC_REPRESENTATION_CONTEXT(2) 
PARAMETRIC_REPRESENTATION_CONTEXT() REPRESENTATION_CONTEXT('2D SPACE',''
  ) );
#5510 = ORIENTED_EDGE('',*,*,#5511,.F.);
#5511 = EDGE_CURVE('',#5512,#5487,#5514,.T.);
#5512 = VERTEX_POINT('',#5513);
#5513 = CARTESIAN_POINT('',(22.761575318064,-31.95772072661,
    14.430289072599));
#5514 = SURFACE_CURVE('',#5515,(#5518,#5524),.PCURVE_S1.);
#5515 = B_SPLINE_CURVE_WITH_KNOTS('',1,(#5516,#5517),.UNSPECIFIED.,.F.,
  .F.,(2,2),(0.,4.770528411213E-03),.PIECEWISE_BEZIER_KNOTS.);
#5516 = CARTESIAN_POINT('',(22.761575318064,-31.95772072661,
    14.430289072599));
#5517 = CARTESIAN_POINT('',(22.761575318064,-31.95772072661,
    19.200817483812));
#5518 = PCURVE('',#5461,#5519);
#5519 = DEFINITIONAL_REPRESENTATION('',(#5520),#5523);
#5520 = B_SPLINE_CURVE_WITH_KNOTS('',1,(#5521,#5522),.UNSPECIFIED.,.F.,
  .F.,(2,2),(0.,4.770528411213E-03),.PIECEWISE_BEZIER_KNOTS.);
#5521 = CARTESIAN_POINT('',(1.595314381586E-02,0.));
#5522 = CARTESIAN_POINT('',(1.595314381586E-02,-4.770528411213E-03));
#5523 = ( GEOMETRIC_REPRESENTATION_CONTEXT(2) 
PARAMETRIC_REPRESENTATION_CONTEXT() REPRESENTATION_CONTEXT('2D SPACE',''
  ) );
#5524 = PCURVE('',#5525,#5532);
#5525 = ( BOUNDED_SURFACE() B_SPLINE_SURFACE(2,1,(
    (#5526,#5527)
    ,(#5528,#5529)
    ,(#5530,#5531
)),.UNSPECIFIED.,.F.,.F.,.F.) B_SPLINE_SURFACE_WITH_KNOTS((3,3),(2,2),(
    5.978450819781,6.28318530718),(-4.770528411213E-03,0.),
.PIECEWISE_BEZIER_KNOTS.) GEOMETRIC_REPRESENTATION_ITEM() 
RATIONAL_B_SPLINE_SURFACE((
    (1.,1.)
    ,(0.988414551331,0.988414551331)
,(1.,1.))) REPRESENTATION_ITEM('') SURFACE() );
#5526 = CARTESIAN_POINT('',(22.761575318064,-31.95772072661,
    19.200817483812));
#5527 = CARTESIAN_POINT('',(22.761575318064,-31.95772072661,
    14.430289072599));
#5528 = CARTESIAN_POINT('',(17.854230649976,-35.45292916872,
    19.200817483812));
#5529 = CARTESIAN_POINT('',(17.854230649976,-35.45292916872,
    14.430289072599));
#5530 = CARTESIAN_POINT('',(12.124281774301,-37.31470241684,
    19.200817483812));
#5531 = CARTESIAN_POINT('',(12.124281774301,-37.31470241684,
    14.430289072599));
#5532 = DEFINITIONAL_REPRESENTATION('',(#5533),#5537);
#5533 = B_SPLINE_CURVE_WITH_KNOTS('',2,(#5534,#5535,#5536),
  .UNSPECIFIED.,.F.,.F.,(3,3),(0.,4.770528411213E-03),
  .PIECEWISE_BEZIER_KNOTS.);
#5534 = CARTESIAN_POINT('',(5.978450819781,0.));
#5535 = CARTESIAN_POINT('',(5.978450819781,-2.385264205606E-03));
#5536 = CARTESIAN_POINT('',(5.978450819781,-4.770528411213E-03));
#5537 = ( GEOMETRIC_REPRESENTATION_CONTEXT(2) 
PARAMETRIC_REPRESENTATION_CONTEXT() REPRESENTATION_CONTEXT('2D SPACE',''
  ) );
#5538 = ORIENTED_EDGE('',*,*,#5539,.F.);
#5539 = EDGE_CURVE('',#5452,#5512,#5540,.T.);
#5540 = SURFACE_CURVE('',#5541,(#5544,#5550),.PCURVE_S1.);
#5541 = B_SPLINE_CURVE_WITH_KNOTS('',1,(#5542,#5543),.UNSPECIFIED.,.F.,
  .F.,(2,2),(0.,1.595314381586E-02),.PIECEWISE_BEZIER_KNOTS.);
#5542 = CARTESIAN_POINT('',(13.46415382064,-18.99389601672,
    14.430289072599));
#5543 = CARTESIAN_POINT('',(22.761575318064,-31.95772072661,
    14.430289072599));
#5544 = PCURVE('',#5461,#5545);
#5545 = DEFINITIONAL_REPRESENTATION('',(#5546),#5549);
#5546 = B_SPLINE_CURVE_WITH_KNOTS('',1,(#5547,#5548),.UNSPECIFIED.,.F.,
  .F.,(2,2),(0.,1.595314381586E-02),.PIECEWISE_BEZIER_KNOTS.);
#5547 = CARTESIAN_POINT('',(0.,0.));
#5548 = CARTESIAN_POINT('',(1.595314381586E-02,0.));
#5549 = ( GEOMETRIC_REPRESENTATION_CONTEXT(2) 
PARAMETRIC_REPRESENTATION_CONTEXT() REPRESENTATION_CONTEXT('2D SPACE',''
  ) );
#5550 = PCURVE('',#5551,#5556);
#5551 = B_SPLINE_SURFACE_WITH_KNOTS('',1,1,(
    (#5552,#5553)
    ,(#5554,#5555
    )),.UNSPECIFIED.,.F.,.F.,.F.,(2,2),(2,2),(-7.848702062546E-03,
    9.161377015459E-03),(-4.819598467363E-03,6.952467254013E-03),
  .PIECEWISE_BEZIER_KNOTS.);
#5552 = CARTESIAN_POINT('',(12.124281774301,-37.31470241684,
    14.430289072599));
#5553 = CARTESIAN_POINT('',(23.320181588871,-33.67693405003,
    14.430289072599));
#5554 = CARTESIAN_POINT('',(6.867878263536,-21.137155867,14.430289072599
    ));
#5555 = CARTESIAN_POINT('',(18.063778078106,-17.4993875002,
    14.430289072599));
#5556 = DEFINITIONAL_REPRESENTATION('',(#5557),#5560);
#5557 = B_SPLINE_CURVE_WITH_KNOTS('',1,(#5558,#5559),.UNSPECIFIED.,.F.,
  .F.,(2,2),(0.,1.595314381586E-02),.PIECEWISE_BEZIER_KNOTS.);
#5558 = CARTESIAN_POINT('',(9.161377015459E-03,2.116136101598E-03));
#5559 = CARTESIAN_POINT('',(-6.041014197558E-03,6.952467254013E-03));
#5560 = ( GEOMETRIC_REPRESENTATION_CONTEXT(2) 
PARAMETRIC_REPRESENTATION_CONTEXT() REPRESENTATION_CONTEXT('2D SPACE',''
  ) );
#5561 = ADVANCED_FACE('',(#5562),#5525,.T.);
#5562 = FACE_BOUND('',#5563,.T.);
#5563 = EDGE_LOOP('',(#5564,#5565,#5588,#5614));
#5564 = ORIENTED_EDGE('',*,*,#5511,.T.);
#5565 = ORIENTED_EDGE('',*,*,#5566,.T.);
#5566 = EDGE_CURVE('',#5487,#5567,#5569,.T.);
#5567 = VERTEX_POINT('',#5568);
#5568 = CARTESIAN_POINT('',(12.124281774301,-37.31470241684,
    19.200817483812));
#5569 = SURFACE_CURVE('',#5570,(#5574,#5581),.PCURVE_S1.);
#5570 = ( BOUNDED_CURVE() B_SPLINE_CURVE(2,(#5571,#5572,#5573),
.UNSPECIFIED.,.F.,.F.) B_SPLINE_CURVE_WITH_KNOTS((3,3),(5.978450819781,
6.28318530718),.PIECEWISE_BEZIER_KNOTS.) CURVE() 
GEOMETRIC_REPRESENTATION_ITEM() RATIONAL_B_SPLINE_CURVE((1.,
0.988414551331,1.)) REPRESENTATION_ITEM('') );
#5571 = CARTESIAN_POINT('',(22.761575318064,-31.95772072661,
    19.200817483812));
#5572 = CARTESIAN_POINT('',(17.854230649976,-35.45292916872,
    19.200817483812));
#5573 = CARTESIAN_POINT('',(12.124281774301,-37.31470241684,
    19.200817483812));
#5574 = PCURVE('',#5525,#5575);
#5575 = DEFINITIONAL_REPRESENTATION('',(#5576),#5580);
#5576 = B_SPLINE_CURVE_WITH_KNOTS('',2,(#5577,#5578,#5579),
  .UNSPECIFIED.,.F.,.F.,(3,3),(5.978450819781,6.28318530718),
  .PIECEWISE_BEZIER_KNOTS.);
#5577 = CARTESIAN_POINT('',(5.978450819781,-4.770528411213E-03));
#5578 = CARTESIAN_POINT('',(6.13081806348,-4.770528411213E-03));
#5579 = CARTESIAN_POINT('',(6.28318530718,-4.770528411213E-03));
#5580 = ( GEOMETRIC_REPRESENTATION_CONTEXT(2) 
PARAMETRIC_REPRESENTATION_CONTEXT() REPRESENTATION_CONTEXT('2D SPACE',''
  ) );
#5581 = PCURVE('',#5500,#5582);
#5582 = DEFINITIONAL_REPRESENTATION('',(#5583),#5587);
#5583 = ( BOUNDED_CURVE() B_SPLINE_CURVE(2,(#5584,#5585,#5586),
.UNSPECIFIED.,.F.,.F.) B_SPLINE_CURVE_WITH_KNOTS((3,3),(5.978450819781,
6.28318530718),.PIECEWISE_BEZIER_KNOTS.) CURVE() 
GEOMETRIC_REPRESENTATION_ITEM() RATIONAL_B_SPLINE_CURVE((1.,
0.988414551331,1.)) REPRESENTATION_ITEM('') );
#5584 = CARTESIAN_POINT('',(-6.041014197558E-03,6.952467254013E-03));
#5585 = CARTESIAN_POINT('',(-7.848702062546E-03,1.205226322226E-03));
#5586 = CARTESIAN_POINT('',(-7.848702062546E-03,-4.819598467363E-03));
#5587 = ( GEOMETRIC_REPRESENTATION_CONTEXT(2) 
PARAMETRIC_REPRESENTATION_CONTEXT() REPRESENTATION_CONTEXT('2D SPACE',''
  ) );
#5588 = ORIENTED_EDGE('',*,*,#5589,.F.);
#5589 = EDGE_CURVE('',#5590,#5567,#5592,.T.);
#5590 = VERTEX_POINT('',#5591);
#5591 = CARTESIAN_POINT('',(12.124281774301,-37.31470241684,
    14.430289072599));
#5592 = SURFACE_CURVE('',#5593,(#5596,#5603),.PCURVE_S1.);
#5593 = B_SPLINE_CURVE_WITH_KNOTS('',1,(#5594,#5595),.UNSPECIFIED.,.F.,
  .F.,(2,2),(0.,4.770528411213E-03),.PIECEWISE_BEZIER_KNOTS.);
#5594 = CARTESIAN_POINT('',(12.124281774301,-37.31470241684,
    14.430289072599));
#5595 = CARTESIAN_POINT('',(12.124281774301,-37.31470241684,
    19.200817483812));
#5596 = PCURVE('',#5525,#5597);
#5597 = DEFINITIONAL_REPRESENTATION('',(#5598),#5602);
#5598 = B_SPLINE_CURVE_WITH_KNOTS('',2,(#5599,#5600,#5601),
  .UNSPECIFIED.,.F.,.F.,(3,3),(0.,4.770528411213E-03),
  .PIECEWISE_BEZIER_KNOTS.);
#5599 = CARTESIAN_POINT('',(6.28318530718,0.));
#5600 = CARTESIAN_POINT('',(6.28318530718,-2.385264205606E-03));
#5601 = CARTESIAN_POINT('',(6.28318530718,-4.770528411213E-03));
#5602 = ( GEOMETRIC_REPRESENTATION_CONTEXT(2) 
PARAMETRIC_REPRESENTATION_CONTEXT() REPRESENTATION_CONTEXT('2D SPACE',''
  ) );
#5603 = PCURVE('',#5604,#5609);
#5604 = B_SPLINE_SURFACE_WITH_KNOTS('',1,1,(
    (#5605,#5606)
    ,(#5607,#5608
    )),.UNSPECIFIED.,.F.,.F.,.F.,(2,2),(2,2),(0.,1.595314381586E-02),(
    -4.770528411213E-03,0.),.PIECEWISE_BEZIER_KNOTS.);
#5605 = CARTESIAN_POINT('',(12.124281774301,-37.31470241684,
    19.200817483812));
#5606 = CARTESIAN_POINT('',(12.124281774301,-37.31470241684,
    14.430289072599));
#5607 = CARTESIAN_POINT('',(7.244142809105,-22.12631733843,
    19.200817483812));
#5608 = CARTESIAN_POINT('',(7.244142809105,-22.12631733843,
    14.430289072599));
#5609 = DEFINITIONAL_REPRESENTATION('',(#5610),#5613);
#5610 = B_SPLINE_CURVE_WITH_KNOTS('',1,(#5611,#5612),.UNSPECIFIED.,.F.,
  .F.,(2,2),(0.,4.770528411213E-03),.PIECEWISE_BEZIER_KNOTS.);
#5611 = CARTESIAN_POINT('',(0.,0.));
#5612 = CARTESIAN_POINT('',(0.,-4.770528411213E-03));
#5613 = ( GEOMETRIC_REPRESENTATION_CONTEXT(2) 
PARAMETRIC_REPRESENTATION_CONTEXT() REPRESENTATION_CONTEXT('2D SPACE',''
  ) );
#5614 = ORIENTED_EDGE('',*,*,#5615,.F.);
#5615 = EDGE_CURVE('',#5512,#5590,#5616,.T.);
#5616 = SURFACE_CURVE('',#5617,(#5621,#5628),.PCURVE_S1.);
#5617 = ( BOUNDED_CURVE() B_SPLINE_CURVE(2,(#5618,#5619,#5620),
.UNSPECIFIED.,.F.,.F.) B_SPLINE_CURVE_WITH_KNOTS((3,3),(5.978450819781,
6.28318530718),.PIECEWISE_BEZIER_KNOTS.) CURVE() 
GEOMETRIC_REPRESENTATION_ITEM() RATIONAL_B_SPLINE_CURVE((1.,
0.988414551331,1.)) REPRESENTATION_ITEM('') );
#5618 = CARTESIAN_POINT('',(22.761575318064,-31.95772072661,
    14.430289072599));
#5619 = CARTESIAN_POINT('',(17.854230649976,-35.45292916872,
    14.430289072599));
#5620 = CARTESIAN_POINT('',(12.124281774301,-37.31470241684,
    14.430289072599));
#5621 = PCURVE('',#5525,#5622);
#5622 = DEFINITIONAL_REPRESENTATION('',(#5623),#5627);
#5623 = B_SPLINE_CURVE_WITH_KNOTS('',2,(#5624,#5625,#5626),
  .UNSPECIFIED.,.F.,.F.,(3,3),(5.978450819781,6.28318530718),
  .PIECEWISE_BEZIER_KNOTS.);
#5624 = CARTESIAN_POINT('',(5.978450819781,0.));
#5625 = CARTESIAN_POINT('',(6.13081806348,0.));
#5626 = CARTESIAN_POINT('',(6.28318530718,0.));
#5627 = ( GEOMETRIC_REPRESENTATION_CONTEXT(2) 
PARAMETRIC_REPRESENTATION_CONTEXT() REPRESENTATION_CONTEXT('2D SPACE',''
  ) );
#5628 = PCURVE('',#5551,#5629);
#5629 = DEFINITIONAL_REPRESENTATION('',(#5630),#5634);
#5630 = ( BOUNDED_CURVE() B_SPLINE_CURVE(2,(#5631,#5632,#5633),
.UNSPECIFIED.,.F.,.F.) B_SPLINE_CURVE_WITH_KNOTS((3,3),(5.978450819781,
6.28318530718),.PIECEWISE_BEZIER_KNOTS.) CURVE() 
GEOMETRIC_REPRESENTATION_ITEM() RATIONAL_B_SPLINE_CURVE((1.,
0.988414551331,1.)) REPRESENTATION_ITEM('') );
#5631 = CARTESIAN_POINT('',(-6.041014197558E-03,6.952467254013E-03));
#5632 = CARTESIAN_POINT('',(-7.848702062546E-03,1.205226322226E-03));
#5633 = CARTESIAN_POINT('',(-7.848702062546E-03,-4.819598467363E-03));
#5634 = ( GEOMETRIC_REPRESENTATION_CONTEXT(2) 
PARAMETRIC_REPRESENTATION_CONTEXT() REPRESENTATION_CONTEXT('2D SPACE',''
  ) );
#5635 = ADVANCED_FACE('',(#5636),#5604,.T.);
#5636 = FACE_BOUND('',#5637,.T.);
#5637 = EDGE_LOOP('',(#5638,#5639,#5659,#5680));
#5638 = ORIENTED_EDGE('',*,*,#5589,.T.);
#5639 = ORIENTED_EDGE('',*,*,#5640,.T.);
#5640 = EDGE_CURVE('',#5567,#5641,#5643,.T.);
#5641 = VERTEX_POINT('',#5642);
#5642 = CARTESIAN_POINT('',(7.244142809105,-22.12631733843,
    19.200817483812));
#5643 = SURFACE_CURVE('',#5644,(#5647,#5653),.PCURVE_S1.);
#5644 = B_SPLINE_CURVE_WITH_KNOTS('',1,(#5645,#5646),.UNSPECIFIED.,.F.,
  .F.,(2,2),(0.,1.595314381586E-02),.PIECEWISE_BEZIER_KNOTS.);
#5645 = CARTESIAN_POINT('',(12.124281774301,-37.31470241684,
    19.200817483812));
#5646 = CARTESIAN_POINT('',(7.244142809105,-22.12631733843,
    19.200817483812));
#5647 = PCURVE('',#5604,#5648);
#5648 = DEFINITIONAL_REPRESENTATION('',(#5649),#5652);
#5649 = B_SPLINE_CURVE_WITH_KNOTS('',1,(#5650,#5651),.UNSPECIFIED.,.F.,
  .F.,(2,2),(0.,1.595314381586E-02),.PIECEWISE_BEZIER_KNOTS.);
#5650 = CARTESIAN_POINT('',(0.,-4.770528411213E-03));
#5651 = CARTESIAN_POINT('',(1.595314381586E-02,-4.770528411213E-03));
#5652 = ( GEOMETRIC_REPRESENTATION_CONTEXT(2) 
PARAMETRIC_REPRESENTATION_CONTEXT() REPRESENTATION_CONTEXT('2D SPACE',''
  ) );
#5653 = PCURVE('',#5500,#5654);
#5654 = DEFINITIONAL_REPRESENTATION('',(#5655),#5658);
#5655 = B_SPLINE_CURVE_WITH_KNOTS('',1,(#5656,#5657),.UNSPECIFIED.,.F.,
  .F.,(2,2),(0.,1.595314381586E-02),.PIECEWISE_BEZIER_KNOTS.);
#5656 = CARTESIAN_POINT('',(-7.848702062546E-03,-4.819598467363E-03));
#5657 = CARTESIAN_POINT('',(8.104356413425E-03,-4.767417324302E-03));
#5658 = ( GEOMETRIC_REPRESENTATION_CONTEXT(2) 
PARAMETRIC_REPRESENTATION_CONTEXT() REPRESENTATION_CONTEXT('2D SPACE',''
  ) );
#5659 = ORIENTED_EDGE('',*,*,#5660,.F.);
#5660 = EDGE_CURVE('',#5661,#5641,#5663,.T.);
#5661 = VERTEX_POINT('',#5662);
#5662 = CARTESIAN_POINT('',(7.244142809105,-22.12631733843,
    14.430289072599));
#5663 = SURFACE_CURVE('',#5664,(#5667,#5673),.PCURVE_S1.);
#5664 = B_SPLINE_CURVE_WITH_KNOTS('',1,(#5665,#5666),.UNSPECIFIED.,.F.,
  .F.,(2,2),(0.,4.770528411213E-03),.PIECEWISE_BEZIER_KNOTS.);
#5665 = CARTESIAN_POINT('',(7.244142809105,-22.12631733843,
    14.430289072599));
#5666 = CARTESIAN_POINT('',(7.244142809105,-22.12631733843,
    19.200817483812));
#5667 = PCURVE('',#5604,#5668);
#5668 = DEFINITIONAL_REPRESENTATION('',(#5669),#5672);
#5669 = B_SPLINE_CURVE_WITH_KNOTS('',1,(#5670,#5671),.UNSPECIFIED.,.F.,
  .F.,(2,2),(0.,4.770528411213E-03),.PIECEWISE_BEZIER_KNOTS.);
#5670 = CARTESIAN_POINT('',(1.595314381586E-02,0.));
#5671 = CARTESIAN_POINT('',(1.595314381586E-02,-4.770528411213E-03));
#5672 = ( GEOMETRIC_REPRESENTATION_CONTEXT(2) 
PARAMETRIC_REPRESENTATION_CONTEXT() REPRESENTATION_CONTEXT('2D SPACE',''
  ) );
#5673 = PCURVE('',#5472,#5674);
#5674 = DEFINITIONAL_REPRESENTATION('',(#5675),#5679);
#5675 = B_SPLINE_CURVE_WITH_KNOTS('',2,(#5676,#5677,#5678),
  .UNSPECIFIED.,.F.,.F.,(3,3),(0.,4.770528411213E-03),
  .PIECEWISE_BEZIER_KNOTS.);
#5676 = CARTESIAN_POINT('',(3.143833920953,0.));
#5677 = CARTESIAN_POINT('',(3.143833920953,-2.385264205606E-03));
#5678 = CARTESIAN_POINT('',(3.143833920953,-4.770528411213E-03));
#5679 = ( GEOMETRIC_REPRESENTATION_CONTEXT(2) 
PARAMETRIC_REPRESENTATION_CONTEXT() REPRESENTATION_CONTEXT('2D SPACE',''
  ) );
#5680 = ORIENTED_EDGE('',*,*,#5681,.F.);
#5681 = EDGE_CURVE('',#5590,#5661,#5682,.T.);
#5682 = SURFACE_CURVE('',#5683,(#5686,#5692),.PCURVE_S1.);
#5683 = B_SPLINE_CURVE_WITH_KNOTS('',1,(#5684,#5685),.UNSPECIFIED.,.F.,
  .F.,(2,2),(0.,1.595314381586E-02),.PIECEWISE_BEZIER_KNOTS.);
#5684 = CARTESIAN_POINT('',(12.124281774301,-37.31470241684,
    14.430289072599));
#5685 = CARTESIAN_POINT('',(7.244142809105,-22.12631733843,
    14.430289072599));
#5686 = PCURVE('',#5604,#5687);
#5687 = DEFINITIONAL_REPRESENTATION('',(#5688),#5691);
#5688 = B_SPLINE_CURVE_WITH_KNOTS('',1,(#5689,#5690),.UNSPECIFIED.,.F.,
  .F.,(2,2),(0.,1.595314381586E-02),.PIECEWISE_BEZIER_KNOTS.);
#5689 = CARTESIAN_POINT('',(0.,0.));
#5690 = CARTESIAN_POINT('',(1.595314381586E-02,0.));
#5691 = ( GEOMETRIC_REPRESENTATION_CONTEXT(2) 
PARAMETRIC_REPRESENTATION_CONTEXT() REPRESENTATION_CONTEXT('2D SPACE',''
  ) );
#5692 = PCURVE('',#5551,#5693);
#5693 = DEFINITIONAL_REPRESENTATION('',(#5694),#5697);
#5694 = B_SPLINE_CURVE_WITH_KNOTS('',1,(#5695,#5696),.UNSPECIFIED.,.F.,
  .F.,(2,2),(0.,1.595314381586E-02),.PIECEWISE_BEZIER_KNOTS.);
#5695 = CARTESIAN_POINT('',(-7.848702062546E-03,-4.819598467363E-03));
#5696 = CARTESIAN_POINT('',(8.104356413425E-03,-4.767417324302E-03));
#5697 = ( GEOMETRIC_REPRESENTATION_CONTEXT(2) 
PARAMETRIC_REPRESENTATION_CONTEXT() REPRESENTATION_CONTEXT('2D SPACE',''
  ) );
#5698 = ADVANCED_FACE('',(#5699),#5472,.T.);
#5699 = FACE_BOUND('',#5700,.T.);
#5700 = EDGE_LOOP('',(#5701,#5702,#5723,#5724));
#5701 = ORIENTED_EDGE('',*,*,#5660,.T.);
#5702 = ORIENTED_EDGE('',*,*,#5703,.T.);
#5703 = EDGE_CURVE('',#5641,#5454,#5704,.T.);
#5704 = SURFACE_CURVE('',#5705,(#5709,#5716),.PCURVE_S1.);
#5705 = ( BOUNDED_CURVE() B_SPLINE_CURVE(2,(#5706,#5707,#5708),
.UNSPECIFIED.,.F.,.F.) B_SPLINE_CURVE_WITH_KNOTS((3,3),(3.143833920953,
3.444085873625),.PIECEWISE_BEZIER_KNOTS.) CURVE() 
GEOMETRIC_REPRESENTATION_ITEM() RATIONAL_B_SPLINE_CURVE((1.,
0.988752244422,1.)) REPRESENTATION_ITEM('') );
#5706 = CARTESIAN_POINT('',(7.244142809105,-22.12631733843,
    19.200817483812));
#5707 = CARTESIAN_POINT('',(10.591059720773,-21.03053878173,
    19.200817483812));
#5708 = CARTESIAN_POINT('',(13.46415382064,-18.99389601672,
    19.200817483812));
#5709 = PCURVE('',#5472,#5710);
#5710 = DEFINITIONAL_REPRESENTATION('',(#5711),#5715);
#5711 = B_SPLINE_CURVE_WITH_KNOTS('',2,(#5712,#5713,#5714),
  .UNSPECIFIED.,.F.,.F.,(3,3),(3.143833920953,3.444085873625),
  .PIECEWISE_BEZIER_KNOTS.);
#5712 = CARTESIAN_POINT('',(3.143833920953,-4.770528411213E-03));
#5713 = CARTESIAN_POINT('',(3.293959897289,-4.770528411213E-03));
#5714 = CARTESIAN_POINT('',(3.444085873625,-4.770528411213E-03));
#5715 = ( GEOMETRIC_REPRESENTATION_CONTEXT(2) 
PARAMETRIC_REPRESENTATION_CONTEXT() REPRESENTATION_CONTEXT('2D SPACE',''
  ) );
#5716 = PCURVE('',#5500,#5717);
#5717 = DEFINITIONAL_REPRESENTATION('',(#5718),#5722);
#5718 = ( BOUNDED_CURVE() B_SPLINE_CURVE(2,(#5719,#5720,#5721),
.UNSPECIFIED.,.F.,.F.) B_SPLINE_CURVE_WITH_KNOTS((3,3),(3.143833920953,
3.444085873625),.PIECEWISE_BEZIER_KNOTS.) CURVE() 
GEOMETRIC_REPRESENTATION_ITEM() RATIONAL_B_SPLINE_CURVE((1.,
0.988752244422,1.)) REPRESENTATION_ITEM('') );
#5719 = CARTESIAN_POINT('',(8.104356413425E-03,-4.767417324302E-03));
#5720 = CARTESIAN_POINT('',(8.11224954573E-03,-1.245695989867E-03));
#5721 = CARTESIAN_POINT('',(9.161377015459E-03,2.116136101598E-03));
#5722 = ( GEOMETRIC_REPRESENTATION_CONTEXT(2) 
PARAMETRIC_REPRESENTATION_CONTEXT() REPRESENTATION_CONTEXT('2D SPACE',''
  ) );
#5723 = ORIENTED_EDGE('',*,*,#5451,.F.);
#5724 = ORIENTED_EDGE('',*,*,#5725,.F.);
#5725 = EDGE_CURVE('',#5661,#5452,#5726,.T.);
#5726 = SURFACE_CURVE('',#5727,(#5731,#5738),.PCURVE_S1.);
#5727 = ( BOUNDED_CURVE() B_SPLINE_CURVE(2,(#5728,#5729,#5730),
.UNSPECIFIED.,.F.,.F.) B_SPLINE_CURVE_WITH_KNOTS((3,3),(3.143833920953,
3.444085873625),.PIECEWISE_BEZIER_KNOTS.) CURVE() 
GEOMETRIC_REPRESENTATION_ITEM() RATIONAL_B_SPLINE_CURVE((1.,
0.988752244422,1.)) REPRESENTATION_ITEM('') );
#5728 = CARTESIAN_POINT('',(7.244142809105,-22.12631733843,
    14.430289072599));
#5729 = CARTESIAN_POINT('',(10.591059720773,-21.03053878173,
    14.430289072599));
#5730 = CARTESIAN_POINT('',(13.46415382064,-18.99389601672,
    14.430289072599));
#5731 = PCURVE('',#5472,#5732);
#5732 = DEFINITIONAL_REPRESENTATION('',(#5733),#5737);
#5733 = B_SPLINE_CURVE_WITH_KNOTS('',2,(#5734,#5735,#5736),
  .UNSPECIFIED.,.F.,.F.,(3,3),(3.143833920953,3.444085873625),
  .PIECEWISE_BEZIER_KNOTS.);
#5734 = CARTESIAN_POINT('',(3.143833920953,0.));
#5735 = CARTESIAN_POINT('',(3.293959897289,0.));
#5736 = CARTESIAN_POINT('',(3.444085873625,0.));
#5737 = ( GEOMETRIC_REPRESENTATION_CONTEXT(2) 
PARAMETRIC_REPRESENTATION_CONTEXT() REPRESENTATION_CONTEXT('2D SPACE',''
  ) );
#5738 = PCURVE('',#5551,#5739);
#5739 = DEFINITIONAL_REPRESENTATION('',(#5740),#5744);
#5740 = ( BOUNDED_CURVE() B_SPLINE_CURVE(2,(#5741,#5742,#5743),
.UNSPECIFIED.,.F.,.F.) B_SPLINE_CURVE_WITH_KNOTS((3,3),(3.143833920953,
3.444085873625),.PIECEWISE_BEZIER_KNOTS.) CURVE() 
GEOMETRIC_REPRESENTATION_ITEM() RATIONAL_B_SPLINE_CURVE((1.,
0.988752244422,1.)) REPRESENTATION_ITEM('') );
#5741 = CARTESIAN_POINT('',(8.104356413425E-03,-4.767417324302E-03));
#5742 = CARTESIAN_POINT('',(8.11224954573E-03,-1.245695989867E-03));
#5743 = CARTESIAN_POINT('',(9.161377015459E-03,2.116136101598E-03));
#5744 = ( GEOMETRIC_REPRESENTATION_CONTEXT(2) 
PARAMETRIC_REPRESENTATION_CONTEXT() REPRESENTATION_CONTEXT('2D SPACE',''
  ) );
#5745 = ADVANCED_FACE('',(#5746),#5551,.T.);
#5746 = FACE_BOUND('',#5747,.T.);
#5747 = EDGE_LOOP('',(#5748,#5749,#5750,#5751));
#5748 = ORIENTED_EDGE('',*,*,#5539,.T.);
#5749 = ORIENTED_EDGE('',*,*,#5615,.T.);
#5750 = ORIENTED_EDGE('',*,*,#5681,.T.);
#5751 = ORIENTED_EDGE('',*,*,#5725,.T.);
#5752 = ADVANCED_FACE('',(#5753),#5500,.F.);
#5753 = FACE_BOUND('',#5754,.F.);
#5754 = EDGE_LOOP('',(#5755,#5756,#5757,#5758));
#5755 = ORIENTED_EDGE('',*,*,#5486,.T.);
#5756 = ORIENTED_EDGE('',*,*,#5566,.T.);
#5757 = ORIENTED_EDGE('',*,*,#5640,.T.);
#5758 = ORIENTED_EDGE('',*,*,#5703,.T.);
#5759 = ( GEOMETRIC_REPRESENTATION_CONTEXT(3) 
GLOBAL_UNCERTAINTY_ASSIGNED_CONTEXT((#5763)) 
GLOBAL_UNIT_ASSIGNED_CONTEXT((#5760,#5761,#5762)) REPRESENTATION_CONTEXT
('Context #1','3D Context with UNIT and UNCERTAINTY') );
#5760 = ( LENGTH_UNIT() NAMED_UNIT(*) SI_UNIT(.MILLI.,.METRE.) );
#5761 = ( NAMED_UNIT(*) PLANE_ANGLE_UNIT() SI_UNIT($,.RADIAN.) );
#5762 = ( NAMED_UNIT(*) SI_UNIT($,.STERADIAN.) SOLID_ANGLE_UNIT() );
#5763 = UNCERTAINTY_MEASURE_WITH_UNIT(LENGTH_MEASURE(1.E-04),#5760,
  'distance_accuracy_value','confusion accuracy');
#5764 = CONTEXT_DEPENDENT_SHAPE_REPRESENTATION(#5765,#5767);
#5765 = ( REPRESENTATION_RELATIONSHIP('','',#5444,#10) 
REPRESENTATION_RELATIONSHIP_WITH_TRANSFORMATION(#5766) 
SHAPE_REPRESENTATION_RELATIONSHIP() );
#5766 = ITEM_DEFINED_TRANSFORMATION('','',#11,#79);
#5767 = PRODUCT_DEFINITION_SHAPE('Placement','Placement of an item',
  #5768);
#5768 = NEXT_ASSEMBLY_USAGE_OCCURRENCE('7795','','',#5,#5439,$);
#5769 = PRODUCT_RELATED_PRODUCT_CATEGORY('part',$,(#5441));
#5770 = SHAPE_DEFINITION_REPRESENTATION(#5771,#5777);
#5771 = PRODUCT_DEFINITION_SHAPE('','',#5772);
#5772 = PRODUCT_DEFINITION('design','',#5773,#5776);
#5773 = PRODUCT_DEFINITION_FORMATION('','',#5774);
#5774 = PRODUCT('Open CASCADE STEP translator 7.8 200.18',
  'Open CASCADE STEP translator 7.8 200.18','',(#5775));
#5775 = PRODUCT_CONTEXT('',#2,'mechanical');
#5776 = PRODUCT_DEFINITION_CONTEXT('part definition',#2,'design');
#5777 = ADVANCED_BREP_SHAPE_REPRESENTATION('',(#11,#5778),#6092);
#5778 = MANIFOLD_SOLID_BREP('',#5779);
#5779 = CLOSED_SHELL('',(#5780,#5894,#5968,#6031,#6078,#6085));
#5780 = ADVANCED_FACE('',(#5781),#5794,.T.);
#5781 = FACE_BOUND('',#5782,.T.);
#5782 = EDGE_LOOP('',(#5783,#5818,#5843,#5871));
#5783 = ORIENTED_EDGE('',*,*,#5784,.T.);
#5784 = EDGE_CURVE('',#5785,#5787,#5789,.T.);
#5785 = VERTEX_POINT('',#5786);
#5786 = CARTESIAN_POINT('',(18.674607886078,-13.90361623108,
    14.430289072599));
#5787 = VERTEX_POINT('',#5788);
#5788 = CARTESIAN_POINT('',(18.674607886078,-13.90361623108,
    19.200817483812));
#5789 = SURFACE_CURVE('',#5790,(#5793,#5804),.PCURVE_S1.);
#5790 = B_SPLINE_CURVE_WITH_KNOTS('',1,(#5791,#5792),.UNSPECIFIED.,.F.,
  .F.,(2,2),(0.,4.770528411213E-03),.PIECEWISE_BEZIER_KNOTS.);
#5791 = CARTESIAN_POINT('',(18.674607886078,-13.90361623108,
    14.430289072599));
#5792 = CARTESIAN_POINT('',(18.674607886078,-13.90361623108,
    19.200817483812));
#5793 = PCURVE('',#5794,#5799);
#5794 = B_SPLINE_SURFACE_WITH_KNOTS('',1,1,(
    (#5795,#5796)
    ,(#5797,#5798
    )),.UNSPECIFIED.,.F.,.F.,.F.,(2,2),(2,2),(0.,1.595314381586E-02),(
    -4.770528411213E-03,0.),.PIECEWISE_BEZIER_KNOTS.);
#5795 = CARTESIAN_POINT('',(18.674607886078,-13.90361623108,
    19.200817483812));
#5796 = CARTESIAN_POINT('',(18.674607886078,-13.90361623108,
    14.430289072599));
#5797 = CARTESIAN_POINT('',(31.523023333399,-23.35988495095,
    19.200817483812));
#5798 = CARTESIAN_POINT('',(31.523023333399,-23.35988495095,
    14.430289072599));
#5799 = DEFINITIONAL_REPRESENTATION('',(#5800),#5803);
#5800 = B_SPLINE_CURVE_WITH_KNOTS('',1,(#5801,#5802),.UNSPECIFIED.,.F.,
  .F.,(2,2),(0.,4.770528411213E-03),.PIECEWISE_BEZIER_KNOTS.);
#5801 = CARTESIAN_POINT('',(0.,0.));
#5802 = CARTESIAN_POINT('',(0.,-4.770528411213E-03));
#5803 = ( GEOMETRIC_REPRESENTATION_CONTEXT(2) 
PARAMETRIC_REPRESENTATION_CONTEXT() REPRESENTATION_CONTEXT('2D SPACE',''
  ) );
#5804 = PCURVE('',#5805,#5812);
#5805 = ( BOUNDED_SURFACE() B_SPLINE_SURFACE(2,1,(
    (#5806,#5807)
    ,(#5808,#5809)
    ,(#5810,#5811
)),.UNSPECIFIED.,.F.,.F.,.F.) B_SPLINE_SURFACE_WITH_KNOTS((3,3),(2,2),(
    3.143833920953,3.444085873625),(-4.770528411213E-03,0.),
.PIECEWISE_BEZIER_KNOTS.) GEOMETRIC_REPRESENTATION_ITEM() 
RATIONAL_B_SPLINE_SURFACE((
    (1.,1.)
    ,(0.988752244422,0.988752244422)
,(1.,1.))) REPRESENTATION_ITEM('') SURFACE() );
#5806 = CARTESIAN_POINT('',(13.726997304082,-18.80481504864,
    19.200817483812));
#5807 = CARTESIAN_POINT('',(13.726997304082,-18.80481504864,
    14.430289072599));
#5808 = CARTESIAN_POINT('',(16.571490246329,-16.7284135074,
    19.200817483812));
#5809 = CARTESIAN_POINT('',(16.571490246329,-16.7284135074,
    14.430289072599));
#5810 = CARTESIAN_POINT('',(18.674607886078,-13.90361623108,
    19.200817483812));
#5811 = CARTESIAN_POINT('',(18.674607886078,-13.90361623108,
    14.430289072599));
#5812 = DEFINITIONAL_REPRESENTATION('',(#5813),#5817);
#5813 = B_SPLINE_CURVE_WITH_KNOTS('',2,(#5814,#5815,#5816),
  .UNSPECIFIED.,.F.,.F.,(3,3),(0.,4.770528411213E-03),
  .PIECEWISE_BEZIER_KNOTS.);
#5814 = CARTESIAN_POINT('',(3.444085873625,0.));
#5815 = CARTESIAN_POINT('',(3.444085873625,-2.385264205606E-03));
#5816 = CARTESIAN_POINT('',(3.444085873625,-4.770528411213E-03));
#5817 = ( GEOMETRIC_REPRESENTATION_CONTEXT(2) 
PARAMETRIC_REPRESENTATION_CONTEXT() REPRESENTATION_CONTEXT('2D SPACE',''
  ) );
#5818 = ORIENTED_EDGE('',*,*,#5819,.T.);
#5819 = EDGE_CURVE('',#5787,#5820,#5822,.T.);
#5820 = VERTEX_POINT('',#5821);
#5821 = CARTESIAN_POINT('',(31.523023333399,-23.35988495095,
    19.200817483812));
#5822 = SURFACE_CURVE('',#5823,(#5826,#5832),.PCURVE_S1.);
#5823 = B_SPLINE_CURVE_WITH_KNOTS('',1,(#5824,#5825),.UNSPECIFIED.,.F.,
  .F.,(2,2),(0.,1.595314381586E-02),.PIECEWISE_BEZIER_KNOTS.);
#5824 = CARTESIAN_POINT('',(18.674607886078,-13.90361623108,
    19.200817483812));
#5825 = CARTESIAN_POINT('',(31.523023333399,-23.35988495095,
    19.200817483812));
#5826 = PCURVE('',#5794,#5827);
#5827 = DEFINITIONAL_REPRESENTATION('',(#5828),#5831);
#5828 = B_SPLINE_CURVE_WITH_KNOTS('',1,(#5829,#5830),.UNSPECIFIED.,.F.,
  .F.,(2,2),(0.,1.595314381586E-02),.PIECEWISE_BEZIER_KNOTS.);
#5829 = CARTESIAN_POINT('',(0.,-4.770528411213E-03));
#5830 = CARTESIAN_POINT('',(1.595314381586E-02,-4.770528411213E-03));
#5831 = ( GEOMETRIC_REPRESENTATION_CONTEXT(2) 
PARAMETRIC_REPRESENTATION_CONTEXT() REPRESENTATION_CONTEXT('2D SPACE',''
  ) );
#5832 = PCURVE('',#5833,#5838);
#5833 = B_SPLINE_SURFACE_WITH_KNOTS('',1,1,(
    (#5834,#5835)
    ,(#5836,#5837
    )),.UNSPECIFIED.,.F.,.F.,.F.,(2,2),(2,2),(-7.848702062546E-03,
    9.161377015459E-03),(-4.819598467363E-03,6.952467254013E-03),
  .PIECEWISE_BEZIER_KNOTS.);
#5834 = CARTESIAN_POINT('',(23.061754373695,-31.7417817743,
    19.200817483812));
#5835 = CARTESIAN_POINT('',(32.585555601188,-24.82233515425,
    19.200817483812));
#5836 = CARTESIAN_POINT('',(13.063480751315,-17.98033872453,
    19.200817483812));
#5837 = CARTESIAN_POINT('',(22.587281978807,-11.06089210449,
    19.200817483812));
#5838 = DEFINITIONAL_REPRESENTATION('',(#5839),#5842);
#5839 = B_SPLINE_CURVE_WITH_KNOTS('',1,(#5840,#5841),.UNSPECIFIED.,.F.,
  .F.,(2,2),(0.,1.595314381586E-02),.PIECEWISE_BEZIER_KNOTS.);
#5840 = CARTESIAN_POINT('',(9.161377015459E-03,2.116136101598E-03));
#5841 = CARTESIAN_POINT('',(-6.041014197558E-03,6.952467254013E-03));
#5842 = ( GEOMETRIC_REPRESENTATION_CONTEXT(2) 
PARAMETRIC_REPRESENTATION_CONTEXT() REPRESENTATION_CONTEXT('2D SPACE',''
  ) );
#5843 = ORIENTED_EDGE('',*,*,#5844,.F.);
#5844 = EDGE_CURVE('',#5845,#5820,#5847,.T.);
#5845 = VERTEX_POINT('',#5846);
#5846 = CARTESIAN_POINT('',(31.523023333399,-23.35988495095,
    14.430289072599));
#5847 = SURFACE_CURVE('',#5848,(#5851,#5857),.PCURVE_S1.);
#5848 = B_SPLINE_CURVE_WITH_KNOTS('',1,(#5849,#5850),.UNSPECIFIED.,.F.,
  .F.,(2,2),(0.,4.770528411213E-03),.PIECEWISE_BEZIER_KNOTS.);
#5849 = CARTESIAN_POINT('',(31.523023333399,-23.35988495095,
    14.430289072599));
#5850 = CARTESIAN_POINT('',(31.523023333399,-23.35988495095,
    19.200817483812));
#5851 = PCURVE('',#5794,#5852);
#5852 = DEFINITIONAL_REPRESENTATION('',(#5853),#5856);
#5853 = B_SPLINE_CURVE_WITH_KNOTS('',1,(#5854,#5855),.UNSPECIFIED.,.F.,
  .F.,(2,2),(0.,4.770528411213E-03),.PIECEWISE_BEZIER_KNOTS.);
#5854 = CARTESIAN_POINT('',(1.595314381586E-02,0.));
#5855 = CARTESIAN_POINT('',(1.595314381586E-02,-4.770528411213E-03));
#5856 = ( GEOMETRIC_REPRESENTATION_CONTEXT(2) 
PARAMETRIC_REPRESENTATION_CONTEXT() REPRESENTATION_CONTEXT('2D SPACE',''
  ) );
#5857 = PCURVE('',#5858,#5865);
#5858 = ( BOUNDED_SURFACE() B_SPLINE_SURFACE(2,1,(
    (#5859,#5860)
    ,(#5861,#5862)
    ,(#5863,#5864
)),.UNSPECIFIED.,.F.,.F.,.F.) B_SPLINE_SURFACE_WITH_KNOTS((3,3),(2,2),(
    5.978450819781,6.28318530718),(-4.770528411213E-03,0.),
.PIECEWISE_BEZIER_KNOTS.) GEOMETRIC_REPRESENTATION_ITEM() 
RATIONAL_B_SPLINE_SURFACE((
    (1.,1.)
    ,(0.988414551331,0.988414551331)
,(1.,1.))) REPRESENTATION_ITEM('') SURFACE() );
#5859 = CARTESIAN_POINT('',(31.523023333399,-23.35988495095,
    19.200817483812));
#5860 = CARTESIAN_POINT('',(31.523023333399,-23.35988495095,
    14.430289072599));
#5861 = CARTESIAN_POINT('',(27.935940016604,-28.20047861533,
    19.200817483812));
#5862 = CARTESIAN_POINT('',(27.935940016604,-28.20047861533,
    14.430289072599));
#5863 = CARTESIAN_POINT('',(23.061754373695,-31.7417817743,
    19.200817483812));
#5864 = CARTESIAN_POINT('',(23.061754373695,-31.7417817743,
    14.430289072599));
#5865 = DEFINITIONAL_REPRESENTATION('',(#5866),#5870);
#5866 = B_SPLINE_CURVE_WITH_KNOTS('',2,(#5867,#5868,#5869),
  .UNSPECIFIED.,.F.,.F.,(3,3),(0.,4.770528411213E-03),
  .PIECEWISE_BEZIER_KNOTS.);
#5867 = CARTESIAN_POINT('',(5.978450819781,0.));
#5868 = CARTESIAN_POINT('',(5.978450819781,-2.385264205606E-03));
#5869 = CARTESIAN_POINT('',(5.978450819781,-4.770528411213E-03));
#5870 = ( GEOMETRIC_REPRESENTATION_CONTEXT(2) 
PARAMETRIC_REPRESENTATION_CONTEXT() REPRESENTATION_CONTEXT('2D SPACE',''
  ) );
#5871 = ORIENTED_EDGE('',*,*,#5872,.F.);
#5872 = EDGE_CURVE('',#5785,#5845,#5873,.T.);
#5873 = SURFACE_CURVE('',#5874,(#5877,#5883),.PCURVE_S1.);
#5874 = B_SPLINE_CURVE_WITH_KNOTS('',1,(#5875,#5876),.UNSPECIFIED.,.F.,
  .F.,(2,2),(0.,1.595314381586E-02),.PIECEWISE_BEZIER_KNOTS.);
#5875 = CARTESIAN_POINT('',(18.674607886078,-13.90361623108,
    14.430289072599));
#5876 = CARTESIAN_POINT('',(31.523023333399,-23.35988495095,
    14.430289072599));
#5877 = PCURVE('',#5794,#5878);
#5878 = DEFINITIONAL_REPRESENTATION('',(#5879),#5882);
#5879 = B_SPLINE_CURVE_WITH_KNOTS('',1,(#5880,#5881),.UNSPECIFIED.,.F.,
  .F.,(2,2),(0.,1.595314381586E-02),.PIECEWISE_BEZIER_KNOTS.);
#5880 = CARTESIAN_POINT('',(0.,0.));
#5881 = CARTESIAN_POINT('',(1.595314381586E-02,0.));
#5882 = ( GEOMETRIC_REPRESENTATION_CONTEXT(2) 
PARAMETRIC_REPRESENTATION_CONTEXT() REPRESENTATION_CONTEXT('2D SPACE',''
  ) );
#5883 = PCURVE('',#5884,#5889);
#5884 = B_SPLINE_SURFACE_WITH_KNOTS('',1,1,(
    (#5885,#5886)
    ,(#5887,#5888
    )),.UNSPECIFIED.,.F.,.F.,.F.,(2,2),(2,2),(-7.848702062546E-03,
    9.161377015459E-03),(-4.819598467363E-03,6.952467254013E-03),
  .PIECEWISE_BEZIER_KNOTS.);
#5885 = CARTESIAN_POINT('',(23.061754373695,-31.7417817743,
    14.430289072599));
#5886 = CARTESIAN_POINT('',(32.585555601188,-24.82233515425,
    14.430289072599));
#5887 = CARTESIAN_POINT('',(13.063480751315,-17.98033872453,
    14.430289072599));
#5888 = CARTESIAN_POINT('',(22.587281978807,-11.06089210449,
    14.430289072599));
#5889 = DEFINITIONAL_REPRESENTATION('',(#5890),#5893);
#5890 = B_SPLINE_CURVE_WITH_KNOTS('',1,(#5891,#5892),.UNSPECIFIED.,.F.,
  .F.,(2,2),(0.,1.595314381586E-02),.PIECEWISE_BEZIER_KNOTS.);
#5891 = CARTESIAN_POINT('',(9.161377015459E-03,2.116136101598E-03));
#5892 = CARTESIAN_POINT('',(-6.041014197558E-03,6.952467254013E-03));
#5893 = ( GEOMETRIC_REPRESENTATION_CONTEXT(2) 
PARAMETRIC_REPRESENTATION_CONTEXT() REPRESENTATION_CONTEXT('2D SPACE',''
  ) );
#5894 = ADVANCED_FACE('',(#5895),#5858,.T.);
#5895 = FACE_BOUND('',#5896,.T.);
#5896 = EDGE_LOOP('',(#5897,#5898,#5921,#5947));
#5897 = ORIENTED_EDGE('',*,*,#5844,.T.);
#5898 = ORIENTED_EDGE('',*,*,#5899,.T.);
#5899 = EDGE_CURVE('',#5820,#5900,#5902,.T.);
#5900 = VERTEX_POINT('',#5901);
#5901 = CARTESIAN_POINT('',(23.061754373695,-31.7417817743,
    19.200817483812));
#5902 = SURFACE_CURVE('',#5903,(#5907,#5914),.PCURVE_S1.);
#5903 = ( BOUNDED_CURVE() B_SPLINE_CURVE(2,(#5904,#5905,#5906),
.UNSPECIFIED.,.F.,.F.) B_SPLINE_CURVE_WITH_KNOTS((3,3),(5.978450819781,
6.28318530718),.PIECEWISE_BEZIER_KNOTS.) CURVE() 
GEOMETRIC_REPRESENTATION_ITEM() RATIONAL_B_SPLINE_CURVE((1.,
0.988414551331,1.)) REPRESENTATION_ITEM('') );
#5904 = CARTESIAN_POINT('',(31.523023333399,-23.35988495095,
    19.200817483812));
#5905 = CARTESIAN_POINT('',(27.935940016604,-28.20047861533,
    19.200817483812));
#5906 = CARTESIAN_POINT('',(23.061754373695,-31.7417817743,
    19.200817483812));
#5907 = PCURVE('',#5858,#5908);
#5908 = DEFINITIONAL_REPRESENTATION('',(#5909),#5913);
#5909 = B_SPLINE_CURVE_WITH_KNOTS('',2,(#5910,#5911,#5912),
  .UNSPECIFIED.,.F.,.F.,(3,3),(5.978450819781,6.28318530718),
  .PIECEWISE_BEZIER_KNOTS.);
#5910 = CARTESIAN_POINT('',(5.978450819781,-4.770528411213E-03));
#5911 = CARTESIAN_POINT('',(6.13081806348,-4.770528411213E-03));
#5912 = CARTESIAN_POINT('',(6.28318530718,-4.770528411213E-03));
#5913 = ( GEOMETRIC_REPRESENTATION_CONTEXT(2) 
PARAMETRIC_REPRESENTATION_CONTEXT() REPRESENTATION_CONTEXT('2D SPACE',''
  ) );
#5914 = PCURVE('',#5833,#5915);
#5915 = DEFINITIONAL_REPRESENTATION('',(#5916),#5920);
#5916 = ( BOUNDED_CURVE() B_SPLINE_CURVE(2,(#5917,#5918,#5919),
.UNSPECIFIED.,.F.,.F.) B_SPLINE_CURVE_WITH_KNOTS((3,3),(5.978450819781,
6.28318530718),.PIECEWISE_BEZIER_KNOTS.) CURVE() 
GEOMETRIC_REPRESENTATION_ITEM() RATIONAL_B_SPLINE_CURVE((1.,
0.988414551331,1.)) REPRESENTATION_ITEM('') );
#5917 = CARTESIAN_POINT('',(-6.041014197558E-03,6.952467254013E-03));
#5918 = CARTESIAN_POINT('',(-7.848702062546E-03,1.205226322226E-03));
#5919 = CARTESIAN_POINT('',(-7.848702062546E-03,-4.819598467363E-03));
#5920 = ( GEOMETRIC_REPRESENTATION_CONTEXT(2) 
PARAMETRIC_REPRESENTATION_CONTEXT() REPRESENTATION_CONTEXT('2D SPACE',''
  ) );
#5921 = ORIENTED_EDGE('',*,*,#5922,.F.);
#5922 = EDGE_CURVE('',#5923,#5900,#5925,.T.);
#5923 = VERTEX_POINT('',#5924);
#5924 = CARTESIAN_POINT('',(23.061754373695,-31.7417817743,
    14.430289072599));
#5925 = SURFACE_CURVE('',#5926,(#5929,#5936),.PCURVE_S1.);
#5926 = B_SPLINE_CURVE_WITH_KNOTS('',1,(#5927,#5928),.UNSPECIFIED.,.F.,
  .F.,(2,2),(0.,4.770528411213E-03),.PIECEWISE_BEZIER_KNOTS.);
#5927 = CARTESIAN_POINT('',(23.061754373695,-31.7417817743,
    14.430289072599));
#5928 = CARTESIAN_POINT('',(23.061754373695,-31.7417817743,
    19.200817483812));
#5929 = PCURVE('',#5858,#5930);
#5930 = DEFINITIONAL_REPRESENTATION('',(#5931),#5935);
#5931 = B_SPLINE_CURVE_WITH_KNOTS('',2,(#5932,#5933,#5934),
  .UNSPECIFIED.,.F.,.F.,(3,3),(0.,4.770528411213E-03),
  .PIECEWISE_BEZIER_KNOTS.);
#5932 = CARTESIAN_POINT('',(6.28318530718,0.));
#5933 = CARTESIAN_POINT('',(6.28318530718,-2.385264205606E-03));
#5934 = CARTESIAN_POINT('',(6.28318530718,-4.770528411213E-03));
#5935 = ( GEOMETRIC_REPRESENTATION_CONTEXT(2) 
PARAMETRIC_REPRESENTATION_CONTEXT() REPRESENTATION_CONTEXT('2D SPACE',''
  ) );
#5936 = PCURVE('',#5937,#5942);
#5937 = B_SPLINE_SURFACE_WITH_KNOTS('',1,1,(
    (#5938,#5939)
    ,(#5940,#5941
    )),.UNSPECIFIED.,.F.,.F.,.F.,(2,2),(2,2),(0.,1.595314381586E-02),(
    -4.770528411213E-03,0.),.PIECEWISE_BEZIER_KNOTS.);
#5938 = CARTESIAN_POINT('',(23.061754373695,-31.7417817743,
    19.200817483812));
#5939 = CARTESIAN_POINT('',(23.061754373695,-31.7417817743,
    14.430289072599));
#5940 = CARTESIAN_POINT('',(13.726997304082,-18.80481504864,
    19.200817483812));
#5941 = CARTESIAN_POINT('',(13.726997304082,-18.80481504864,
    14.430289072599));
#5942 = DEFINITIONAL_REPRESENTATION('',(#5943),#5946);
#5943 = B_SPLINE_CURVE_WITH_KNOTS('',1,(#5944,#5945),.UNSPECIFIED.,.F.,
  .F.,(2,2),(0.,4.770528411213E-03),.PIECEWISE_BEZIER_KNOTS.);
#5944 = CARTESIAN_POINT('',(0.,0.));
#5945 = CARTESIAN_POINT('',(0.,-4.770528411213E-03));
#5946 = ( GEOMETRIC_REPRESENTATION_CONTEXT(2) 
PARAMETRIC_REPRESENTATION_CONTEXT() REPRESENTATION_CONTEXT('2D SPACE',''
  ) );
#5947 = ORIENTED_EDGE('',*,*,#5948,.F.);
#5948 = EDGE_CURVE('',#5845,#5923,#5949,.T.);
#5949 = SURFACE_CURVE('',#5950,(#5954,#5961),.PCURVE_S1.);
#5950 = ( BOUNDED_CURVE() B_SPLINE_CURVE(2,(#5951,#5952,#5953),
.UNSPECIFIED.,.F.,.F.) B_SPLINE_CURVE_WITH_KNOTS((3,3),(5.978450819781,
6.28318530718),.PIECEWISE_BEZIER_KNOTS.) CURVE() 
GEOMETRIC_REPRESENTATION_ITEM() RATIONAL_B_SPLINE_CURVE((1.,
0.988414551331,1.)) REPRESENTATION_ITEM('') );
#5951 = CARTESIAN_POINT('',(31.523023333399,-23.35988495095,
    14.430289072599));
#5952 = CARTESIAN_POINT('',(27.935940016604,-28.20047861533,
    14.430289072599));
#5953 = CARTESIAN_POINT('',(23.061754373695,-31.7417817743,
    14.430289072599));
#5954 = PCURVE('',#5858,#5955);
#5955 = DEFINITIONAL_REPRESENTATION('',(#5956),#5960);
#5956 = B_SPLINE_CURVE_WITH_KNOTS('',2,(#5957,#5958,#5959),
  .UNSPECIFIED.,.F.,.F.,(3,3),(5.978450819781,6.28318530718),
  .PIECEWISE_BEZIER_KNOTS.);
#5957 = CARTESIAN_POINT('',(5.978450819781,0.));
#5958 = CARTESIAN_POINT('',(6.13081806348,0.));
#5959 = CARTESIAN_POINT('',(6.28318530718,0.));
#5960 = ( GEOMETRIC_REPRESENTATION_CONTEXT(2) 
PARAMETRIC_REPRESENTATION_CONTEXT() REPRESENTATION_CONTEXT('2D SPACE',''
  ) );
#5961 = PCURVE('',#5884,#5962);
#5962 = DEFINITIONAL_REPRESENTATION('',(#5963),#5967);
#5963 = ( BOUNDED_CURVE() B_SPLINE_CURVE(2,(#5964,#5965,#5966),
.UNSPECIFIED.,.F.,.F.) B_SPLINE_CURVE_WITH_KNOTS((3,3),(5.978450819781,
6.28318530718),.PIECEWISE_BEZIER_KNOTS.) CURVE() 
GEOMETRIC_REPRESENTATION_ITEM() RATIONAL_B_SPLINE_CURVE((1.,
0.988414551331,1.)) REPRESENTATION_ITEM('') );
#5964 = CARTESIAN_POINT('',(-6.041014197558E-03,6.952467254013E-03));
#5965 = CARTESIAN_POINT('',(-7.848702062546E-03,1.205226322226E-03));
#5966 = CARTESIAN_POINT('',(-7.848702062546E-03,-4.819598467363E-03));
#5967 = ( GEOMETRIC_REPRESENTATION_CONTEXT(2) 
PARAMETRIC_REPRESENTATION_CONTEXT() REPRESENTATION_CONTEXT('2D SPACE',''
  ) );
#5968 = ADVANCED_FACE('',(#5969),#5937,.T.);
#5969 = FACE_BOUND('',#5970,.T.);
#5970 = EDGE_LOOP('',(#5971,#5972,#5992,#6013));
#5971 = ORIENTED_EDGE('',*,*,#5922,.T.);
#5972 = ORIENTED_EDGE('',*,*,#5973,.T.);
#5973 = EDGE_CURVE('',#5900,#5974,#5976,.T.);
#5974 = VERTEX_POINT('',#5975);
#5975 = CARTESIAN_POINT('',(13.726997304082,-18.80481504864,
    19.200817483812));
#5976 = SURFACE_CURVE('',#5977,(#5980,#5986),.PCURVE_S1.);
#5977 = B_SPLINE_CURVE_WITH_KNOTS('',1,(#5978,#5979),.UNSPECIFIED.,.F.,
  .F.,(2,2),(0.,1.595314381586E-02),.PIECEWISE_BEZIER_KNOTS.);
#5978 = CARTESIAN_POINT('',(23.061754373695,-31.7417817743,
    19.200817483812));
#5979 = CARTESIAN_POINT('',(13.726997304082,-18.80481504864,
    19.200817483812));
#5980 = PCURVE('',#5937,#5981);
#5981 = DEFINITIONAL_REPRESENTATION('',(#5982),#5985);
#5982 = B_SPLINE_CURVE_WITH_KNOTS('',1,(#5983,#5984),.UNSPECIFIED.,.F.,
  .F.,(2,2),(0.,1.595314381586E-02),.PIECEWISE_BEZIER_KNOTS.);
#5983 = CARTESIAN_POINT('',(0.,-4.770528411213E-03));
#5984 = CARTESIAN_POINT('',(1.595314381586E-02,-4.770528411213E-03));
#5985 = ( GEOMETRIC_REPRESENTATION_CONTEXT(2) 
PARAMETRIC_REPRESENTATION_CONTEXT() REPRESENTATION_CONTEXT('2D SPACE',''
  ) );
#5986 = PCURVE('',#5833,#5987);
#5987 = DEFINITIONAL_REPRESENTATION('',(#5988),#5991);
#5988 = B_SPLINE_CURVE_WITH_KNOTS('',1,(#5989,#5990),.UNSPECIFIED.,.F.,
  .F.,(2,2),(0.,1.595314381586E-02),.PIECEWISE_BEZIER_KNOTS.);
#5989 = CARTESIAN_POINT('',(-7.848702062546E-03,-4.819598467363E-03));
#5990 = CARTESIAN_POINT('',(8.104356413425E-03,-4.767417324302E-03));
#5991 = ( GEOMETRIC_REPRESENTATION_CONTEXT(2) 
PARAMETRIC_REPRESENTATION_CONTEXT() REPRESENTATION_CONTEXT('2D SPACE',''
  ) );
#5992 = ORIENTED_EDGE('',*,*,#5993,.F.);
#5993 = EDGE_CURVE('',#5994,#5974,#5996,.T.);
#5994 = VERTEX_POINT('',#5995);
#5995 = CARTESIAN_POINT('',(13.726997304082,-18.80481504864,
    14.430289072599));
#5996 = SURFACE_CURVE('',#5997,(#6000,#6006),.PCURVE_S1.);
#5997 = B_SPLINE_CURVE_WITH_KNOTS('',1,(#5998,#5999),.UNSPECIFIED.,.F.,
  .F.,(2,2),(0.,4.770528411213E-03),.PIECEWISE_BEZIER_KNOTS.);
#5998 = CARTESIAN_POINT('',(13.726997304082,-18.80481504864,
    14.430289072599));
#5999 = CARTESIAN_POINT('',(13.726997304082,-18.80481504864,
    19.200817483812));
#6000 = PCURVE('',#5937,#6001);
#6001 = DEFINITIONAL_REPRESENTATION('',(#6002),#6005);
#6002 = B_SPLINE_CURVE_WITH_KNOTS('',1,(#6003,#6004),.UNSPECIFIED.,.F.,
  .F.,(2,2),(0.,4.770528411213E-03),.PIECEWISE_BEZIER_KNOTS.);
#6003 = CARTESIAN_POINT('',(1.595314381586E-02,0.));
#6004 = CARTESIAN_POINT('',(1.595314381586E-02,-4.770528411213E-03));
#6005 = ( GEOMETRIC_REPRESENTATION_CONTEXT(2) 
PARAMETRIC_REPRESENTATION_CONTEXT() REPRESENTATION_CONTEXT('2D SPACE',''
  ) );
#6006 = PCURVE('',#5805,#6007);
#6007 = DEFINITIONAL_REPRESENTATION('',(#6008),#6012);
#6008 = B_SPLINE_CURVE_WITH_KNOTS('',2,(#6009,#6010,#6011),
  .UNSPECIFIED.,.F.,.F.,(3,3),(0.,4.770528411213E-03),
  .PIECEWISE_BEZIER_KNOTS.);
#6009 = CARTESIAN_POINT('',(3.143833920953,0.));
#6010 = CARTESIAN_POINT('',(3.143833920953,-2.385264205606E-03));
#6011 = CARTESIAN_POINT('',(3.143833920953,-4.770528411213E-03));
#6012 = ( GEOMETRIC_REPRESENTATION_CONTEXT(2) 
PARAMETRIC_REPRESENTATION_CONTEXT() REPRESENTATION_CONTEXT('2D SPACE',''
  ) );
#6013 = ORIENTED_EDGE('',*,*,#6014,.F.);
#6014 = EDGE_CURVE('',#5923,#5994,#6015,.T.);
#6015 = SURFACE_CURVE('',#6016,(#6019,#6025),.PCURVE_S1.);
#6016 = B_SPLINE_CURVE_WITH_KNOTS('',1,(#6017,#6018),.UNSPECIFIED.,.F.,
  .F.,(2,2),(0.,1.595314381586E-02),.PIECEWISE_BEZIER_KNOTS.);
#6017 = CARTESIAN_POINT('',(23.061754373695,-31.7417817743,
    14.430289072599));
#6018 = CARTESIAN_POINT('',(13.726997304082,-18.80481504864,
    14.430289072599));
#6019 = PCURVE('',#5937,#6020);
#6020 = DEFINITIONAL_REPRESENTATION('',(#6021),#6024);
#6021 = B_SPLINE_CURVE_WITH_KNOTS('',1,(#6022,#6023),.UNSPECIFIED.,.F.,
  .F.,(2,2),(0.,1.595314381586E-02),.PIECEWISE_BEZIER_KNOTS.);
#6022 = CARTESIAN_POINT('',(0.,0.));
#6023 = CARTESIAN_POINT('',(1.595314381586E-02,0.));
#6024 = ( GEOMETRIC_REPRESENTATION_CONTEXT(2) 
PARAMETRIC_REPRESENTATION_CONTEXT() REPRESENTATION_CONTEXT('2D SPACE',''
  ) );
#6025 = PCURVE('',#5884,#6026);
#6026 = DEFINITIONAL_REPRESENTATION('',(#6027),#6030);
#6027 = B_SPLINE_CURVE_WITH_KNOTS('',1,(#6028,#6029),.UNSPECIFIED.,.F.,
  .F.,(2,2),(0.,1.595314381586E-02),.PIECEWISE_BEZIER_KNOTS.);
#6028 = CARTESIAN_POINT('',(-7.848702062546E-03,-4.819598467363E-03));
#6029 = CARTESIAN_POINT('',(8.104356413425E-03,-4.767417324302E-03));
#6030 = ( GEOMETRIC_REPRESENTATION_CONTEXT(2) 
PARAMETRIC_REPRESENTATION_CONTEXT() REPRESENTATION_CONTEXT('2D SPACE',''
  ) );
#6031 = ADVANCED_FACE('',(#6032),#5805,.T.);
#6032 = FACE_BOUND('',#6033,.T.);
#6033 = EDGE_LOOP('',(#6034,#6035,#6056,#6057));
#6034 = ORIENTED_EDGE('',*,*,#5993,.T.);
#6035 = ORIENTED_EDGE('',*,*,#6036,.T.);
#6036 = EDGE_CURVE('',#5974,#5787,#6037,.T.);
#6037 = SURFACE_CURVE('',#6038,(#6042,#6049),.PCURVE_S1.);
#6038 = ( BOUNDED_CURVE() B_SPLINE_CURVE(2,(#6039,#6040,#6041),
.UNSPECIFIED.,.F.,.F.) B_SPLINE_CURVE_WITH_KNOTS((3,3),(3.143833920953,
3.444085873625),.PIECEWISE_BEZIER_KNOTS.) CURVE() 
GEOMETRIC_REPRESENTATION_ITEM() RATIONAL_B_SPLINE_CURVE((1.,
0.988752244422,1.)) REPRESENTATION_ITEM('') );
#6039 = CARTESIAN_POINT('',(13.726997304082,-18.80481504864,
    19.200817483812));
#6040 = CARTESIAN_POINT('',(16.571490246329,-16.7284135074,
    19.200817483812));
#6041 = CARTESIAN_POINT('',(18.674607886078,-13.90361623108,
    19.200817483812));
#6042 = PCURVE('',#5805,#6043);
#6043 = DEFINITIONAL_REPRESENTATION('',(#6044),#6048);
#6044 = B_SPLINE_CURVE_WITH_KNOTS('',2,(#6045,#6046,#6047),
  .UNSPECIFIED.,.F.,.F.,(3,3),(3.143833920953,3.444085873625),
  .PIECEWISE_BEZIER_KNOTS.);
#6045 = CARTESIAN_POINT('',(3.143833920953,-4.770528411213E-03));
#6046 = CARTESIAN_POINT('',(3.293959897289,-4.770528411213E-03));
#6047 = CARTESIAN_POINT('',(3.444085873625,-4.770528411213E-03));
#6048 = ( GEOMETRIC_REPRESENTATION_CONTEXT(2) 
PARAMETRIC_REPRESENTATION_CONTEXT() REPRESENTATION_CONTEXT('2D SPACE',''
  ) );
#6049 = PCURVE('',#5833,#6050);
#6050 = DEFINITIONAL_REPRESENTATION('',(#6051),#6055);
#6051 = ( BOUNDED_CURVE() B_SPLINE_CURVE(2,(#6052,#6053,#6054),
.UNSPECIFIED.,.F.,.F.) B_SPLINE_CURVE_WITH_KNOTS((3,3),(3.143833920953,
3.444085873625),.PIECEWISE_BEZIER_KNOTS.) CURVE() 
GEOMETRIC_REPRESENTATION_ITEM() RATIONAL_B_SPLINE_CURVE((1.,
0.988752244422,1.)) REPRESENTATION_ITEM('') );
#6052 = CARTESIAN_POINT('',(8.104356413425E-03,-4.767417324302E-03));
#6053 = CARTESIAN_POINT('',(8.11224954573E-03,-1.245695989867E-03));
#6054 = CARTESIAN_POINT('',(9.161377015459E-03,2.116136101598E-03));
#6055 = ( GEOMETRIC_REPRESENTATION_CONTEXT(2) 
PARAMETRIC_REPRESENTATION_CONTEXT() REPRESENTATION_CONTEXT('2D SPACE',''
  ) );
#6056 = ORIENTED_EDGE('',*,*,#5784,.F.);
#6057 = ORIENTED_EDGE('',*,*,#6058,.F.);
#6058 = EDGE_CURVE('',#5994,#5785,#6059,.T.);
#6059 = SURFACE_CURVE('',#6060,(#6064,#6071),.PCURVE_S1.);
#6060 = ( BOUNDED_CURVE() B_SPLINE_CURVE(2,(#6061,#6062,#6063),
.UNSPECIFIED.,.F.,.F.) B_SPLINE_CURVE_WITH_KNOTS((3,3),(3.143833920953,
3.444085873625),.PIECEWISE_BEZIER_KNOTS.) CURVE() 
GEOMETRIC_REPRESENTATION_ITEM() RATIONAL_B_SPLINE_CURVE((1.,
0.988752244422,1.)) REPRESENTATION_ITEM('') );
#6061 = CARTESIAN_POINT('',(13.726997304082,-18.80481504864,
    14.430289072599));
#6062 = CARTESIAN_POINT('',(16.571490246329,-16.7284135074,
    14.430289072599));
#6063 = CARTESIAN_POINT('',(18.674607886078,-13.90361623108,
    14.430289072599));
#6064 = PCURVE('',#5805,#6065);
#6065 = DEFINITIONAL_REPRESENTATION('',(#6066),#6070);
#6066 = B_SPLINE_CURVE_WITH_KNOTS('',2,(#6067,#6068,#6069),
  .UNSPECIFIED.,.F.,.F.,(3,3),(3.143833920953,3.444085873625),
  .PIECEWISE_BEZIER_KNOTS.);
#6067 = CARTESIAN_POINT('',(3.143833920953,0.));
#6068 = CARTESIAN_POINT('',(3.293959897289,0.));
#6069 = CARTESIAN_POINT('',(3.444085873625,0.));
#6070 = ( GEOMETRIC_REPRESENTATION_CONTEXT(2) 
PARAMETRIC_REPRESENTATION_CONTEXT() REPRESENTATION_CONTEXT('2D SPACE',''
  ) );
#6071 = PCURVE('',#5884,#6072);
#6072 = DEFINITIONAL_REPRESENTATION('',(#6073),#6077);
#6073 = ( BOUNDED_CURVE() B_SPLINE_CURVE(2,(#6074,#6075,#6076),
.UNSPECIFIED.,.F.,.F.) B_SPLINE_CURVE_WITH_KNOTS((3,3),(3.143833920953,
3.444085873625),.PIECEWISE_BEZIER_KNOTS.) CURVE() 
GEOMETRIC_REPRESENTATION_ITEM() RATIONAL_B_SPLINE_CURVE((1.,
0.988752244422,1.)) REPRESENTATION_ITEM('') );
#6074 = CARTESIAN_POINT('',(8.104356413425E-03,-4.767417324302E-03));
#6075 = CARTESIAN_POINT('',(8.11224954573E-03,-1.245695989867E-03));
#6076 = CARTESIAN_POINT('',(9.161377015459E-03,2.116136101598E-03));
#6077 = ( GEOMETRIC_REPRESENTATION_CONTEXT(2) 
PARAMETRIC_REPRESENTATION_CONTEXT() REPRESENTATION_CONTEXT('2D SPACE',''
  ) );
#6078 = ADVANCED_FACE('',(#6079),#5884,.T.);
#6079 = FACE_BOUND('',#6080,.T.);
#6080 = EDGE_LOOP('',(#6081,#6082,#6083,#6084));
#6081 = ORIENTED_EDGE('',*,*,#5872,.T.);
#6082 = ORIENTED_EDGE('',*,*,#5948,.T.);
#6083 = ORIENTED_EDGE('',*,*,#6014,.T.);
#6084 = ORIENTED_EDGE('',*,*,#6058,.T.);
#6085 = ADVANCED_FACE('',(#6086),#5833,.F.);
#6086 = FACE_BOUND('',#6087,.F.);
#6087 = EDGE_LOOP('',(#6088,#6089,#6090,#6091));
#6088 = ORIENTED_EDGE('',*,*,#5819,.T.);
#6089 = ORIENTED_EDGE('',*,*,#5899,.T.);
#6090 = ORIENTED_EDGE('',*,*,#5973,.T.);
#6091 = ORIENTED_EDGE('',*,*,#6036,.T.);
#6092 = ( GEOMETRIC_REPRESENTATION_CONTEXT(3) 
GLOBAL_UNCERTAINTY_ASSIGNED_CONTEXT((#6096)) 
GLOBAL_UNIT_ASSIGNED_CONTEXT((#6093,#6094,#6095)) REPRESENTATION_CONTEXT
('Context #1','3D Context with UNIT and UNCERTAINTY') );
#6093 = ( LENGTH_UNIT() NAMED_UNIT(*) SI_UNIT(.MILLI.,.METRE.) );
#6094 = ( NAMED_UNIT(*) PLANE_ANGLE_UNIT() SI_UNIT($,.RADIAN.) );
#6095 = ( NAMED_UNIT(*) SI_UNIT($,.STERADIAN.) SOLID_ANGLE_UNIT() );
#6096 = UNCERTAINTY_MEASURE_WITH_UNIT(LENGTH_MEASURE(1.E-04),#6093,
  'distance_accuracy_value','confusion accuracy');
#6097 = CONTEXT_DEPENDENT_SHAPE_REPRESENTATION(#6098,#6100);
#6098 = ( REPRESENTATION_RELATIONSHIP('','',#5777,#10) 
REPRESENTATION_RELATIONSHIP_WITH_TRANSFORMATION(#6099) 
SHAPE_REPRESENTATION_RELATIONSHIP() );
#6099 = ITEM_DEFINED_TRANSFORMATION('','',#11,#83);
#6100 = PRODUCT_DEFINITION_SHAPE('Placement','Placement of an item',
  #6101);
#6101 = NEXT_ASSEMBLY_USAGE_OCCURRENCE('7796','','',#5,#5772,$);
#6102 = PRODUCT_RELATED_PRODUCT_CATEGORY('part',$,(#5774));
#6103 = SHAPE_DEFINITION_REPRESENTATION(#6104,#6110);
#6104 = PRODUCT_DEFINITION_SHAPE('','',#6105);
#6105 = PRODUCT_DEFINITION('design','',#6106,#6109);
#6106 = PRODUCT_DEFINITION_FORMATION('','',#6107);
#6107 = PRODUCT('Open CASCADE STEP translator 7.8 200.19',
  'Open CASCADE STEP translator 7.8 200.19','',(#6108));
#6108 = PRODUCT_CONTEXT('',#2,'mechanical');
#6109 = PRODUCT_DEFINITION_CONTEXT('part definition',#2,'design');
#6110 = ADVANCED_BREP_SHAPE_REPRESENTATION('',(#11,#6111),#6425);
#6111 = MANIFOLD_SOLID_BREP('',#6112);
#6112 = CLOSED_SHELL('',(#6113,#6227,#6301,#6364,#6411,#6418));
#6113 = ADVANCED_FACE('',(#6114),#6127,.T.);
#6114 = FACE_BOUND('',#6115,.T.);
#6115 = EDGE_LOOP('',(#6116,#6151,#6176,#6204));
#6116 = ORIENTED_EDGE('',*,*,#6117,.T.);
#6117 = EDGE_CURVE('',#6118,#6120,#6122,.T.);
#6118 = VERTEX_POINT('',#6119);
#6119 = CARTESIAN_POINT('',(22.057061217984,-7.452353616551,
    14.430289072599));
#6120 = VERTEX_POINT('',#6121);
#6121 = CARTESIAN_POINT('',(22.057061217984,-7.452353616551,
    19.200817483812));
#6122 = SURFACE_CURVE('',#6123,(#6126,#6137),.PCURVE_S1.);
#6123 = B_SPLINE_CURVE_WITH_KNOTS('',1,(#6124,#6125),.UNSPECIFIED.,.F.,
  .F.,(2,2),(0.,4.770528411213E-03),.PIECEWISE_BEZIER_KNOTS.);
#6124 = CARTESIAN_POINT('',(22.057061217984,-7.452353616551,
    14.430289072599));
#6125 = CARTESIAN_POINT('',(22.057061217984,-7.452353616551,
    19.200817483812));
#6126 = PCURVE('',#6127,#6132);
#6127 = B_SPLINE_SURFACE_WITH_KNOTS('',1,1,(
    (#6128,#6129)
    ,(#6130,#6131
    )),.UNSPECIFIED.,.F.,.F.,.F.,(2,2),(2,2),(0.,1.595314381586E-02),(
    -4.770528411213E-03,0.),.PIECEWISE_BEZIER_KNOTS.);
#6128 = CARTESIAN_POINT('',(22.057061217984,-7.452353616551,
    19.200817483812));
#6129 = CARTESIAN_POINT('',(22.057061217984,-7.452353616551,
    14.430289072599));
#6130 = CARTESIAN_POINT('',(37.198778191043,-12.47542087841,
    19.200817483812));
#6131 = CARTESIAN_POINT('',(37.198778191043,-12.47542087841,
    14.430289072599));
#6132 = DEFINITIONAL_REPRESENTATION('',(#6133),#6136);
#6133 = B_SPLINE_CURVE_WITH_KNOTS('',1,(#6134,#6135),.UNSPECIFIED.,.F.,
  .F.,(2,2),(0.,4.770528411213E-03),.PIECEWISE_BEZIER_KNOTS.);
#6134 = CARTESIAN_POINT('',(0.,0.));
#6135 = CARTESIAN_POINT('',(0.,-4.770528411213E-03));
#6136 = ( GEOMETRIC_REPRESENTATION_CONTEXT(2) 
PARAMETRIC_REPRESENTATION_CONTEXT() REPRESENTATION_CONTEXT('2D SPACE',''
  ) );
#6137 = PCURVE('',#6138,#6145);
#6138 = ( BOUNDED_SURFACE() B_SPLINE_SURFACE(2,1,(
    (#6139,#6140)
    ,(#6141,#6142)
    ,(#6143,#6144
)),.UNSPECIFIED.,.F.,.F.,.F.) B_SPLINE_SURFACE_WITH_KNOTS((3,3),(2,2),(
    3.143833920953,3.444085873625),(-4.770528411213E-03,0.),
.PIECEWISE_BEZIER_KNOTS.) GEOMETRIC_REPRESENTATION_ITEM() 
RATIONAL_B_SPLINE_SURFACE((
    (1.,1.)
    ,(0.988752244422,0.988752244422)
,(1.,1.))) REPRESENTATION_ITEM('') SURFACE() );
#6139 = CARTESIAN_POINT('',(18.866157661322,-13.64256644103,
    19.200817483812));
#6140 = CARTESIAN_POINT('',(18.866157661322,-13.64256644103,
    14.430289072599));
#6141 = CARTESIAN_POINT('',(20.929787846213,-10.78879456526,
    19.200817483812));
#6142 = CARTESIAN_POINT('',(20.929787846213,-10.78879456526,
    14.430289072599));
#6143 = CARTESIAN_POINT('',(22.057061217984,-7.452353616551,
    19.200817483812));
#6144 = CARTESIAN_POINT('',(22.057061217984,-7.452353616551,
    14.430289072599));
#6145 = DEFINITIONAL_REPRESENTATION('',(#6146),#6150);
#6146 = B_SPLINE_CURVE_WITH_KNOTS('',2,(#6147,#6148,#6149),
  .UNSPECIFIED.,.F.,.F.,(3,3),(0.,4.770528411213E-03),
  .PIECEWISE_BEZIER_KNOTS.);
#6147 = CARTESIAN_POINT('',(3.444085873625,0.));
#6148 = CARTESIAN_POINT('',(3.444085873625,-2.385264205606E-03));
#6149 = CARTESIAN_POINT('',(3.444085873625,-4.770528411213E-03));
#6150 = ( GEOMETRIC_REPRESENTATION_CONTEXT(2) 
PARAMETRIC_REPRESENTATION_CONTEXT() REPRESENTATION_CONTEXT('2D SPACE',''
  ) );
#6151 = ORIENTED_EDGE('',*,*,#6152,.T.);
#6152 = EDGE_CURVE('',#6120,#6153,#6155,.T.);
#6153 = VERTEX_POINT('',#6154);
#6154 = CARTESIAN_POINT('',(37.198778191043,-12.47542087841,
    19.200817483812));
#6155 = SURFACE_CURVE('',#6156,(#6159,#6165),.PCURVE_S1.);
#6156 = B_SPLINE_CURVE_WITH_KNOTS('',1,(#6157,#6158),.UNSPECIFIED.,.F.,
  .F.,(2,2),(0.,1.595314381586E-02),.PIECEWISE_BEZIER_KNOTS.);
#6157 = CARTESIAN_POINT('',(22.057061217984,-7.452353616551,
    19.200817483812));
#6158 = CARTESIAN_POINT('',(37.198778191043,-12.47542087841,
    19.200817483812));
#6159 = PCURVE('',#6127,#6160);
#6160 = DEFINITIONAL_REPRESENTATION('',(#6161),#6164);
#6161 = B_SPLINE_CURVE_WITH_KNOTS('',1,(#6162,#6163),.UNSPECIFIED.,.F.,
  .F.,(2,2),(0.,1.595314381586E-02),.PIECEWISE_BEZIER_KNOTS.);
#6162 = CARTESIAN_POINT('',(0.,-4.770528411213E-03));
#6163 = CARTESIAN_POINT('',(1.595314381586E-02,-4.770528411213E-03));
#6164 = ( GEOMETRIC_REPRESENTATION_CONTEXT(2) 
PARAMETRIC_REPRESENTATION_CONTEXT() REPRESENTATION_CONTEXT('2D SPACE',''
  ) );
#6165 = PCURVE('',#6166,#6171);
#6166 = B_SPLINE_SURFACE_WITH_KNOTS('',1,1,(
    (#6167,#6168)
    ,(#6169,#6170
    )),.UNSPECIFIED.,.F.,.F.,.F.,(2,2),(2,2),(-7.848702062546E-03,
    9.161377015459E-03),(-4.819598467363E-03,6.952467254013E-03),
  .PIECEWISE_BEZIER_KNOTS.);
#6167 = CARTESIAN_POINT('',(31.741781774301,-23.06175437369,
    19.200817483812));
#6168 = CARTESIAN_POINT('',(38.661228394344,-13.5379531462,
    19.200817483812));
#6169 = CARTESIAN_POINT('',(17.980338724533,-13.06348075131,
    19.200817483812));
#6170 = CARTESIAN_POINT('',(24.899785344576,-3.539679523823,
    19.200817483812));
#6171 = DEFINITIONAL_REPRESENTATION('',(#6172),#6175);
#6172 = B_SPLINE_CURVE_WITH_KNOTS('',1,(#6173,#6174),.UNSPECIFIED.,.F.,
  .F.,(2,2),(0.,1.595314381586E-02),.PIECEWISE_BEZIER_KNOTS.);
#6173 = CARTESIAN_POINT('',(9.161377015459E-03,2.116136101598E-03));
#6174 = CARTESIAN_POINT('',(-6.041014197558E-03,6.952467254013E-03));
#6175 = ( GEOMETRIC_REPRESENTATION_CONTEXT(2) 
PARAMETRIC_REPRESENTATION_CONTEXT() REPRESENTATION_CONTEXT('2D SPACE',''
  ) );
#6176 = ORIENTED_EDGE('',*,*,#6177,.F.);
#6177 = EDGE_CURVE('',#6178,#6153,#6180,.T.);
#6178 = VERTEX_POINT('',#6179);
#6179 = CARTESIAN_POINT('',(37.198778191043,-12.47542087841,
    14.430289072599));
#6180 = SURFACE_CURVE('',#6181,(#6184,#6190),.PCURVE_S1.);
#6181 = B_SPLINE_CURVE_WITH_KNOTS('',1,(#6182,#6183),.UNSPECIFIED.,.F.,
  .F.,(2,2),(0.,4.770528411213E-03),.PIECEWISE_BEZIER_KNOTS.);
#6182 = CARTESIAN_POINT('',(37.198778191043,-12.47542087841,
    14.430289072599));
#6183 = CARTESIAN_POINT('',(37.198778191043,-12.47542087841,
    19.200817483812));
#6184 = PCURVE('',#6127,#6185);
#6185 = DEFINITIONAL_REPRESENTATION('',(#6186),#6189);
#6186 = B_SPLINE_CURVE_WITH_KNOTS('',1,(#6187,#6188),.UNSPECIFIED.,.F.,
  .F.,(2,2),(0.,4.770528411213E-03),.PIECEWISE_BEZIER_KNOTS.);
#6187 = CARTESIAN_POINT('',(1.595314381586E-02,0.));
#6188 = CARTESIAN_POINT('',(1.595314381586E-02,-4.770528411213E-03));
#6189 = ( GEOMETRIC_REPRESENTATION_CONTEXT(2) 
PARAMETRIC_REPRESENTATION_CONTEXT() REPRESENTATION_CONTEXT('2D SPACE',''
  ) );
#6190 = PCURVE('',#6191,#6198);
#6191 = ( BOUNDED_SURFACE() B_SPLINE_SURFACE(2,1,(
    (#6192,#6193)
    ,(#6194,#6195)
    ,(#6196,#6197
)),.UNSPECIFIED.,.F.,.F.,.F.) B_SPLINE_SURFACE_WITH_KNOTS((3,3),(2,2),(
    5.978450819781,6.28318530718),(-4.770528411213E-03,0.),
.PIECEWISE_BEZIER_KNOTS.) GEOMETRIC_REPRESENTATION_ITEM() 
RATIONAL_B_SPLINE_SURFACE((
    (1.,1.)
    ,(0.988414551331,0.988414551331)
,(1.,1.))) REPRESENTATION_ITEM('') SURFACE() );
#6192 = CARTESIAN_POINT('',(37.198778191043,-12.47542087841,
    19.200817483812));
#6193 = CARTESIAN_POINT('',(37.198778191043,-12.47542087841,
    14.430289072599));
#6194 = CARTESIAN_POINT('',(35.283084933267,-18.18756873078,
    19.200817483812));
#6195 = CARTESIAN_POINT('',(35.283084933267,-18.18756873078,
    14.430289072599));
#6196 = CARTESIAN_POINT('',(31.741781774301,-23.06175437369,
    19.200817483812));
#6197 = CARTESIAN_POINT('',(31.741781774301,-23.06175437369,
    14.430289072599));
#6198 = DEFINITIONAL_REPRESENTATION('',(#6199),#6203);
#6199 = B_SPLINE_CURVE_WITH_KNOTS('',2,(#6200,#6201,#6202),
  .UNSPECIFIED.,.F.,.F.,(3,3),(0.,4.770528411213E-03),
  .PIECEWISE_BEZIER_KNOTS.);
#6200 = CARTESIAN_POINT('',(5.978450819781,0.));
#6201 = CARTESIAN_POINT('',(5.978450819781,-2.385264205606E-03));
#6202 = CARTESIAN_POINT('',(5.978450819781,-4.770528411213E-03));
#6203 = ( GEOMETRIC_REPRESENTATION_CONTEXT(2) 
PARAMETRIC_REPRESENTATION_CONTEXT() REPRESENTATION_CONTEXT('2D SPACE',''
  ) );
#6204 = ORIENTED_EDGE('',*,*,#6205,.F.);
#6205 = EDGE_CURVE('',#6118,#6178,#6206,.T.);
#6206 = SURFACE_CURVE('',#6207,(#6210,#6216),.PCURVE_S1.);
#6207 = B_SPLINE_CURVE_WITH_KNOTS('',1,(#6208,#6209),.UNSPECIFIED.,.F.,
  .F.,(2,2),(0.,1.595314381586E-02),.PIECEWISE_BEZIER_KNOTS.);
#6208 = CARTESIAN_POINT('',(22.057061217984,-7.452353616551,
    14.430289072599));
#6209 = CARTESIAN_POINT('',(37.198778191043,-12.47542087841,
    14.430289072599));
#6210 = PCURVE('',#6127,#6211);
#6211 = DEFINITIONAL_REPRESENTATION('',(#6212),#6215);
#6212 = B_SPLINE_CURVE_WITH_KNOTS('',1,(#6213,#6214),.UNSPECIFIED.,.F.,
  .F.,(2,2),(0.,1.595314381586E-02),.PIECEWISE_BEZIER_KNOTS.);
#6213 = CARTESIAN_POINT('',(0.,0.));
#6214 = CARTESIAN_POINT('',(1.595314381586E-02,0.));
#6215 = ( GEOMETRIC_REPRESENTATION_CONTEXT(2) 
PARAMETRIC_REPRESENTATION_CONTEXT() REPRESENTATION_CONTEXT('2D SPACE',''
  ) );
#6216 = PCURVE('',#6217,#6222);
#6217 = B_SPLINE_SURFACE_WITH_KNOTS('',1,1,(
    (#6218,#6219)
    ,(#6220,#6221
    )),.UNSPECIFIED.,.F.,.F.,.F.,(2,2),(2,2),(-7.848702062546E-03,
    9.161377015459E-03),(-4.819598467363E-03,6.952467254013E-03),
  .PIECEWISE_BEZIER_KNOTS.);
#6218 = CARTESIAN_POINT('',(31.741781774301,-23.06175437369,
    14.430289072599));
#6219 = CARTESIAN_POINT('',(38.661228394344,-13.5379531462,
    14.430289072599));
#6220 = CARTESIAN_POINT('',(17.980338724533,-13.06348075131,
    14.430289072599));
#6221 = CARTESIAN_POINT('',(24.899785344576,-3.539679523823,
    14.430289072599));
#6222 = DEFINITIONAL_REPRESENTATION('',(#6223),#6226);
#6223 = B_SPLINE_CURVE_WITH_KNOTS('',1,(#6224,#6225),.UNSPECIFIED.,.F.,
  .F.,(2,2),(0.,1.595314381586E-02),.PIECEWISE_BEZIER_KNOTS.);
#6224 = CARTESIAN_POINT('',(9.161377015459E-03,2.116136101598E-03));
#6225 = CARTESIAN_POINT('',(-6.041014197558E-03,6.952467254013E-03));
#6226 = ( GEOMETRIC_REPRESENTATION_CONTEXT(2) 
PARAMETRIC_REPRESENTATION_CONTEXT() REPRESENTATION_CONTEXT('2D SPACE',''
  ) );
#6227 = ADVANCED_FACE('',(#6228),#6191,.T.);
#6228 = FACE_BOUND('',#6229,.T.);
#6229 = EDGE_LOOP('',(#6230,#6231,#6254,#6280));
#6230 = ORIENTED_EDGE('',*,*,#6177,.T.);
#6231 = ORIENTED_EDGE('',*,*,#6232,.T.);
#6232 = EDGE_CURVE('',#6153,#6233,#6235,.T.);
#6233 = VERTEX_POINT('',#6234);
#6234 = CARTESIAN_POINT('',(31.741781774301,-23.06175437369,
    19.200817483812));
#6235 = SURFACE_CURVE('',#6236,(#6240,#6247),.PCURVE_S1.);
#6236 = ( BOUNDED_CURVE() B_SPLINE_CURVE(2,(#6237,#6238,#6239),
.UNSPECIFIED.,.F.,.F.) B_SPLINE_CURVE_WITH_KNOTS((3,3),(5.978450819781,
6.28318530718),.PIECEWISE_BEZIER_KNOTS.) CURVE() 
GEOMETRIC_REPRESENTATION_ITEM() RATIONAL_B_SPLINE_CURVE((1.,
0.988414551331,1.)) REPRESENTATION_ITEM('') );
#6237 = CARTESIAN_POINT('',(37.198778191043,-12.47542087841,
    19.200817483812));
#6238 = CARTESIAN_POINT('',(35.283084933267,-18.18756873078,
    19.200817483812));
#6239 = CARTESIAN_POINT('',(31.741781774301,-23.06175437369,
    19.200817483812));
#6240 = PCURVE('',#6191,#6241);
#6241 = DEFINITIONAL_REPRESENTATION('',(#6242),#6246);
#6242 = B_SPLINE_CURVE_WITH_KNOTS('',2,(#6243,#6244,#6245),
  .UNSPECIFIED.,.F.,.F.,(3,3),(5.978450819781,6.28318530718),
  .PIECEWISE_BEZIER_KNOTS.);
#6243 = CARTESIAN_POINT('',(5.978450819781,-4.770528411213E-03));
#6244 = CARTESIAN_POINT('',(6.13081806348,-4.770528411213E-03));
#6245 = CARTESIAN_POINT('',(6.28318530718,-4.770528411213E-03));
#6246 = ( GEOMETRIC_REPRESENTATION_CONTEXT(2) 
PARAMETRIC_REPRESENTATION_CONTEXT() REPRESENTATION_CONTEXT('2D SPACE',''
  ) );
#6247 = PCURVE('',#6166,#6248);
#6248 = DEFINITIONAL_REPRESENTATION('',(#6249),#6253);
#6249 = ( BOUNDED_CURVE() B_SPLINE_CURVE(2,(#6250,#6251,#6252),
.UNSPECIFIED.,.F.,.F.) B_SPLINE_CURVE_WITH_KNOTS((3,3),(5.978450819781,
6.28318530718),.PIECEWISE_BEZIER_KNOTS.) CURVE() 
GEOMETRIC_REPRESENTATION_ITEM() RATIONAL_B_SPLINE_CURVE((1.,
0.988414551331,1.)) REPRESENTATION_ITEM('') );
#6250 = CARTESIAN_POINT('',(-6.041014197558E-03,6.952467254013E-03));
#6251 = CARTESIAN_POINT('',(-7.848702062546E-03,1.205226322226E-03));
#6252 = CARTESIAN_POINT('',(-7.848702062546E-03,-4.819598467363E-03));
#6253 = ( GEOMETRIC_REPRESENTATION_CONTEXT(2) 
PARAMETRIC_REPRESENTATION_CONTEXT() REPRESENTATION_CONTEXT('2D SPACE',''
  ) );
#6254 = ORIENTED_EDGE('',*,*,#6255,.F.);
#6255 = EDGE_CURVE('',#6256,#6233,#6258,.T.);
#6256 = VERTEX_POINT('',#6257);
#6257 = CARTESIAN_POINT('',(31.741781774301,-23.06175437369,
    14.430289072599));
#6258 = SURFACE_CURVE('',#6259,(#6262,#6269),.PCURVE_S1.);
#6259 = B_SPLINE_CURVE_WITH_KNOTS('',1,(#6260,#6261),.UNSPECIFIED.,.F.,
  .F.,(2,2),(0.,4.770528411213E-03),.PIECEWISE_BEZIER_KNOTS.);
#6260 = CARTESIAN_POINT('',(31.741781774301,-23.06175437369,
    14.430289072599));
#6261 = CARTESIAN_POINT('',(31.741781774301,-23.06175437369,
    19.200817483812));
#6262 = PCURVE('',#6191,#6263);
#6263 = DEFINITIONAL_REPRESENTATION('',(#6264),#6268);
#6264 = B_SPLINE_CURVE_WITH_KNOTS('',2,(#6265,#6266,#6267),
  .UNSPECIFIED.,.F.,.F.,(3,3),(0.,4.770528411213E-03),
  .PIECEWISE_BEZIER_KNOTS.);
#6265 = CARTESIAN_POINT('',(6.28318530718,0.));
#6266 = CARTESIAN_POINT('',(6.28318530718,-2.385264205606E-03));
#6267 = CARTESIAN_POINT('',(6.28318530718,-4.770528411213E-03));
#6268 = ( GEOMETRIC_REPRESENTATION_CONTEXT(2) 
PARAMETRIC_REPRESENTATION_CONTEXT() REPRESENTATION_CONTEXT('2D SPACE',''
  ) );
#6269 = PCURVE('',#6270,#6275);
#6270 = B_SPLINE_SURFACE_WITH_KNOTS('',1,1,(
    (#6271,#6272)
    ,(#6273,#6274
    )),.UNSPECIFIED.,.F.,.F.,.F.,(2,2),(2,2),(0.,1.595314381586E-02),(
    -4.770528411213E-03,0.),.PIECEWISE_BEZIER_KNOTS.);
#6271 = CARTESIAN_POINT('',(31.741781774301,-23.06175437369,
    19.200817483812));
#6272 = CARTESIAN_POINT('',(31.741781774301,-23.06175437369,
    14.430289072599));
#6273 = CARTESIAN_POINT('',(18.866157661322,-13.64256644103,
    19.200817483812));
#6274 = CARTESIAN_POINT('',(18.866157661322,-13.64256644103,
    14.430289072599));
#6275 = DEFINITIONAL_REPRESENTATION('',(#6276),#6279);
#6276 = B_SPLINE_CURVE_WITH_KNOTS('',1,(#6277,#6278),.UNSPECIFIED.,.F.,
  .F.,(2,2),(0.,4.770528411213E-03),.PIECEWISE_BEZIER_KNOTS.);
#6277 = CARTESIAN_POINT('',(0.,0.));
#6278 = CARTESIAN_POINT('',(0.,-4.770528411213E-03));
#6279 = ( GEOMETRIC_REPRESENTATION_CONTEXT(2) 
PARAMETRIC_REPRESENTATION_CONTEXT() REPRESENTATION_CONTEXT('2D SPACE',''
  ) );
#6280 = ORIENTED_EDGE('',*,*,#6281,.F.);
#6281 = EDGE_CURVE('',#6178,#6256,#6282,.T.);
#6282 = SURFACE_CURVE('',#6283,(#6287,#6294),.PCURVE_S1.);
#6283 = ( BOUNDED_CURVE() B_SPLINE_CURVE(2,(#6284,#6285,#6286),
.UNSPECIFIED.,.F.,.F.) B_SPLINE_CURVE_WITH_KNOTS((3,3),(5.978450819781,
6.28318530718),.PIECEWISE_BEZIER_KNOTS.) CURVE() 
GEOMETRIC_REPRESENTATION_ITEM() RATIONAL_B_SPLINE_CURVE((1.,
0.988414551331,1.)) REPRESENTATION_ITEM('') );
#6284 = CARTESIAN_POINT('',(37.198778191043,-12.47542087841,
    14.430289072599));
#6285 = CARTESIAN_POINT('',(35.283084933267,-18.18756873078,
    14.430289072599));
#6286 = CARTESIAN_POINT('',(31.741781774301,-23.06175437369,
    14.430289072599));
#6287 = PCURVE('',#6191,#6288);
#6288 = DEFINITIONAL_REPRESENTATION('',(#6289),#6293);
#6289 = B_SPLINE_CURVE_WITH_KNOTS('',2,(#6290,#6291,#6292),
  .UNSPECIFIED.,.F.,.F.,(3,3),(5.978450819781,6.28318530718),
  .PIECEWISE_BEZIER_KNOTS.);
#6290 = CARTESIAN_POINT('',(5.978450819781,0.));
#6291 = CARTESIAN_POINT('',(6.13081806348,0.));
#6292 = CARTESIAN_POINT('',(6.28318530718,0.));
#6293 = ( GEOMETRIC_REPRESENTATION_CONTEXT(2) 
PARAMETRIC_REPRESENTATION_CONTEXT() REPRESENTATION_CONTEXT('2D SPACE',''
  ) );
#6294 = PCURVE('',#6217,#6295);
#6295 = DEFINITIONAL_REPRESENTATION('',(#6296),#6300);
#6296 = ( BOUNDED_CURVE() B_SPLINE_CURVE(2,(#6297,#6298,#6299),
.UNSPECIFIED.,.F.,.F.) B_SPLINE_CURVE_WITH_KNOTS((3,3),(5.978450819781,
6.28318530718),.PIECEWISE_BEZIER_KNOTS.) CURVE() 
GEOMETRIC_REPRESENTATION_ITEM() RATIONAL_B_SPLINE_CURVE((1.,
0.988414551331,1.)) REPRESENTATION_ITEM('') );
#6297 = CARTESIAN_POINT('',(-6.041014197558E-03,6.952467254013E-03));
#6298 = CARTESIAN_POINT('',(-7.848702062546E-03,1.205226322226E-03));
#6299 = CARTESIAN_POINT('',(-7.848702062546E-03,-4.819598467363E-03));
#6300 = ( GEOMETRIC_REPRESENTATION_CONTEXT(2) 
PARAMETRIC_REPRESENTATION_CONTEXT() REPRESENTATION_CONTEXT('2D SPACE',''
  ) );
#6301 = ADVANCED_FACE('',(#6302),#6270,.T.);
#6302 = FACE_BOUND('',#6303,.T.);
#6303 = EDGE_LOOP('',(#6304,#6305,#6325,#6346));
#6304 = ORIENTED_EDGE('',*,*,#6255,.T.);
#6305 = ORIENTED_EDGE('',*,*,#6306,.T.);
#6306 = EDGE_CURVE('',#6233,#6307,#6309,.T.);
#6307 = VERTEX_POINT('',#6308);
#6308 = CARTESIAN_POINT('',(18.866157661322,-13.64256644103,
    19.200817483812));
#6309 = SURFACE_CURVE('',#6310,(#6313,#6319),.PCURVE_S1.);
#6310 = B_SPLINE_CURVE_WITH_KNOTS('',1,(#6311,#6312),.UNSPECIFIED.,.F.,
  .F.,(2,2),(0.,1.595314381586E-02),.PIECEWISE_BEZIER_KNOTS.);
#6311 = CARTESIAN_POINT('',(31.741781774301,-23.06175437369,
    19.200817483812));
#6312 = CARTESIAN_POINT('',(18.866157661322,-13.64256644103,
    19.200817483812));
#6313 = PCURVE('',#6270,#6314);
#6314 = DEFINITIONAL_REPRESENTATION('',(#6315),#6318);
#6315 = B_SPLINE_CURVE_WITH_KNOTS('',1,(#6316,#6317),.UNSPECIFIED.,.F.,
  .F.,(2,2),(0.,1.595314381586E-02),.PIECEWISE_BEZIER_KNOTS.);
#6316 = CARTESIAN_POINT('',(0.,-4.770528411213E-03));
#6317 = CARTESIAN_POINT('',(1.595314381586E-02,-4.770528411213E-03));
#6318 = ( GEOMETRIC_REPRESENTATION_CONTEXT(2) 
PARAMETRIC_REPRESENTATION_CONTEXT() REPRESENTATION_CONTEXT('2D SPACE',''
  ) );
#6319 = PCURVE('',#6166,#6320);
#6320 = DEFINITIONAL_REPRESENTATION('',(#6321),#6324);
#6321 = B_SPLINE_CURVE_WITH_KNOTS('',1,(#6322,#6323),.UNSPECIFIED.,.F.,
  .F.,(2,2),(0.,1.595314381586E-02),.PIECEWISE_BEZIER_KNOTS.);
#6322 = CARTESIAN_POINT('',(-7.848702062546E-03,-4.819598467363E-03));
#6323 = CARTESIAN_POINT('',(8.104356413425E-03,-4.767417324302E-03));
#6324 = ( GEOMETRIC_REPRESENTATION_CONTEXT(2) 
PARAMETRIC_REPRESENTATION_CONTEXT() REPRESENTATION_CONTEXT('2D SPACE',''
  ) );
#6325 = ORIENTED_EDGE('',*,*,#6326,.F.);
#6326 = EDGE_CURVE('',#6327,#6307,#6329,.T.);
#6327 = VERTEX_POINT('',#6328);
#6328 = CARTESIAN_POINT('',(18.866157661322,-13.64256644103,
    14.430289072599));
#6329 = SURFACE_CURVE('',#6330,(#6333,#6339),.PCURVE_S1.);
#6330 = B_SPLINE_CURVE_WITH_KNOTS('',1,(#6331,#6332),.UNSPECIFIED.,.F.,
  .F.,(2,2),(0.,4.770528411213E-03),.PIECEWISE_BEZIER_KNOTS.);
#6331 = CARTESIAN_POINT('',(18.866157661322,-13.64256644103,
    14.430289072599));
#6332 = CARTESIAN_POINT('',(18.866157661322,-13.64256644103,
    19.200817483812));
#6333 = PCURVE('',#6270,#6334);
#6334 = DEFINITIONAL_REPRESENTATION('',(#6335),#6338);
#6335 = B_SPLINE_CURVE_WITH_KNOTS('',1,(#6336,#6337),.UNSPECIFIED.,.F.,
  .F.,(2,2),(0.,4.770528411213E-03),.PIECEWISE_BEZIER_KNOTS.);
#6336 = CARTESIAN_POINT('',(1.595314381586E-02,0.));
#6337 = CARTESIAN_POINT('',(1.595314381586E-02,-4.770528411213E-03));
#6338 = ( GEOMETRIC_REPRESENTATION_CONTEXT(2) 
PARAMETRIC_REPRESENTATION_CONTEXT() REPRESENTATION_CONTEXT('2D SPACE',''
  ) );
#6339 = PCURVE('',#6138,#6340);
#6340 = DEFINITIONAL_REPRESENTATION('',(#6341),#6345);
#6341 = B_SPLINE_CURVE_WITH_KNOTS('',2,(#6342,#6343,#6344),
  .UNSPECIFIED.,.F.,.F.,(3,3),(0.,4.770528411213E-03),
  .PIECEWISE_BEZIER_KNOTS.);
#6342 = CARTESIAN_POINT('',(3.143833920953,0.));
#6343 = CARTESIAN_POINT('',(3.143833920953,-2.385264205606E-03));
#6344 = CARTESIAN_POINT('',(3.143833920953,-4.770528411213E-03));
#6345 = ( GEOMETRIC_REPRESENTATION_CONTEXT(2) 
PARAMETRIC_REPRESENTATION_CONTEXT() REPRESENTATION_CONTEXT('2D SPACE',''
  ) );
#6346 = ORIENTED_EDGE('',*,*,#6347,.F.);
#6347 = EDGE_CURVE('',#6256,#6327,#6348,.T.);
#6348 = SURFACE_CURVE('',#6349,(#6352,#6358),.PCURVE_S1.);
#6349 = B_SPLINE_CURVE_WITH_KNOTS('',1,(#6350,#6351),.UNSPECIFIED.,.F.,
  .F.,(2,2),(0.,1.595314381586E-02),.PIECEWISE_BEZIER_KNOTS.);
#6350 = CARTESIAN_POINT('',(31.741781774301,-23.06175437369,
    14.430289072599));
#6351 = CARTESIAN_POINT('',(18.866157661322,-13.64256644103,
    14.430289072599));
#6352 = PCURVE('',#6270,#6353);
#6353 = DEFINITIONAL_REPRESENTATION('',(#6354),#6357);
#6354 = B_SPLINE_CURVE_WITH_KNOTS('',1,(#6355,#6356),.UNSPECIFIED.,.F.,
  .F.,(2,2),(0.,1.595314381586E-02),.PIECEWISE_BEZIER_KNOTS.);
#6355 = CARTESIAN_POINT('',(0.,0.));
#6356 = CARTESIAN_POINT('',(1.595314381586E-02,0.));
#6357 = ( GEOMETRIC_REPRESENTATION_CONTEXT(2) 
PARAMETRIC_REPRESENTATION_CONTEXT() REPRESENTATION_CONTEXT('2D SPACE',''
  ) );
#6358 = PCURVE('',#6217,#6359);
#6359 = DEFINITIONAL_REPRESENTATION('',(#6360),#6363);
#6360 = B_SPLINE_CURVE_WITH_KNOTS('',1,(#6361,#6362),.UNSPECIFIED.,.F.,
  .F.,(2,2),(0.,1.595314381586E-02),.PIECEWISE_BEZIER_KNOTS.);
#6361 = CARTESIAN_POINT('',(-7.848702062546E-03,-4.819598467363E-03));
#6362 = CARTESIAN_POINT('',(8.104356413425E-03,-4.767417324302E-03));
#6363 = ( GEOMETRIC_REPRESENTATION_CONTEXT(2) 
PARAMETRIC_REPRESENTATION_CONTEXT() REPRESENTATION_CONTEXT('2D SPACE',''
  ) );
#6364 = ADVANCED_FACE('',(#6365),#6138,.T.);
#6365 = FACE_BOUND('',#6366,.T.);
#6366 = EDGE_LOOP('',(#6367,#6368,#6389,#6390));
#6367 = ORIENTED_EDGE('',*,*,#6326,.T.);
#6368 = ORIENTED_EDGE('',*,*,#6369,.T.);
#6369 = EDGE_CURVE('',#6307,#6120,#6370,.T.);
#6370 = SURFACE_CURVE('',#6371,(#6375,#6382),.PCURVE_S1.);
#6371 = ( BOUNDED_CURVE() B_SPLINE_CURVE(2,(#6372,#6373,#6374),
.UNSPECIFIED.,.F.,.F.) B_SPLINE_CURVE_WITH_KNOTS((3,3),(3.143833920953,
3.444085873625),.PIECEWISE_BEZIER_KNOTS.) CURVE() 
GEOMETRIC_REPRESENTATION_ITEM() RATIONAL_B_SPLINE_CURVE((1.,
0.988752244422,1.)) REPRESENTATION_ITEM('') );
#6372 = CARTESIAN_POINT('',(18.866157661322,-13.64256644103,
    19.200817483812));
#6373 = CARTESIAN_POINT('',(20.929787846213,-10.78879456526,
    19.200817483812));
#6374 = CARTESIAN_POINT('',(22.057061217984,-7.452353616551,
    19.200817483812));
#6375 = PCURVE('',#6138,#6376);
#6376 = DEFINITIONAL_REPRESENTATION('',(#6377),#6381);
#6377 = B_SPLINE_CURVE_WITH_KNOTS('',2,(#6378,#6379,#6380),
  .UNSPECIFIED.,.F.,.F.,(3,3),(3.143833920953,3.444085873625),
  .PIECEWISE_BEZIER_KNOTS.);
#6378 = CARTESIAN_POINT('',(3.143833920953,-4.770528411213E-03));
#6379 = CARTESIAN_POINT('',(3.293959897289,-4.770528411213E-03));
#6380 = CARTESIAN_POINT('',(3.444085873625,-4.770528411213E-03));
#6381 = ( GEOMETRIC_REPRESENTATION_CONTEXT(2) 
PARAMETRIC_REPRESENTATION_CONTEXT() REPRESENTATION_CONTEXT('2D SPACE',''
  ) );
#6382 = PCURVE('',#6166,#6383);
#6383 = DEFINITIONAL_REPRESENTATION('',(#6384),#6388);
#6384 = ( BOUNDED_CURVE() B_SPLINE_CURVE(2,(#6385,#6386,#6387),
.UNSPECIFIED.,.F.,.F.) B_SPLINE_CURVE_WITH_KNOTS((3,3),(3.143833920953,
3.444085873625),.PIECEWISE_BEZIER_KNOTS.) CURVE() 
GEOMETRIC_REPRESENTATION_ITEM() RATIONAL_B_SPLINE_CURVE((1.,
0.988752244422,1.)) REPRESENTATION_ITEM('') );
#6385 = CARTESIAN_POINT('',(8.104356413425E-03,-4.767417324302E-03));
#6386 = CARTESIAN_POINT('',(8.11224954573E-03,-1.245695989867E-03));
#6387 = CARTESIAN_POINT('',(9.161377015459E-03,2.116136101598E-03));
#6388 = ( GEOMETRIC_REPRESENTATION_CONTEXT(2) 
PARAMETRIC_REPRESENTATION_CONTEXT() REPRESENTATION_CONTEXT('2D SPACE',''
  ) );
#6389 = ORIENTED_EDGE('',*,*,#6117,.F.);
#6390 = ORIENTED_EDGE('',*,*,#6391,.F.);
#6391 = EDGE_CURVE('',#6327,#6118,#6392,.T.);
#6392 = SURFACE_CURVE('',#6393,(#6397,#6404),.PCURVE_S1.);
#6393 = ( BOUNDED_CURVE() B_SPLINE_CURVE(2,(#6394,#6395,#6396),
.UNSPECIFIED.,.F.,.F.) B_SPLINE_CURVE_WITH_KNOTS((3,3),(3.143833920953,
3.444085873625),.PIECEWISE_BEZIER_KNOTS.) CURVE() 
GEOMETRIC_REPRESENTATION_ITEM() RATIONAL_B_SPLINE_CURVE((1.,
0.988752244422,1.)) REPRESENTATION_ITEM('') );
#6394 = CARTESIAN_POINT('',(18.866157661322,-13.64256644103,
    14.430289072599));
#6395 = CARTESIAN_POINT('',(20.929787846213,-10.78879456526,
    14.430289072599));
#6396 = CARTESIAN_POINT('',(22.057061217984,-7.452353616551,
    14.430289072599));
#6397 = PCURVE('',#6138,#6398);
#6398 = DEFINITIONAL_REPRESENTATION('',(#6399),#6403);
#6399 = B_SPLINE_CURVE_WITH_KNOTS('',2,(#6400,#6401,#6402),
  .UNSPECIFIED.,.F.,.F.,(3,3),(3.143833920953,3.444085873625),
  .PIECEWISE_BEZIER_KNOTS.);
#6400 = CARTESIAN_POINT('',(3.143833920953,0.));
#6401 = CARTESIAN_POINT('',(3.293959897289,0.));
#6402 = CARTESIAN_POINT('',(3.444085873625,0.));
#6403 = ( GEOMETRIC_REPRESENTATION_CONTEXT(2) 
PARAMETRIC_REPRESENTATION_CONTEXT() REPRESENTATION_CONTEXT('2D SPACE',''
  ) );
#6404 = PCURVE('',#6217,#6405);
#6405 = DEFINITIONAL_REPRESENTATION('',(#6406),#6410);
#6406 = ( BOUNDED_CURVE() B_SPLINE_CURVE(2,(#6407,#6408,#6409),
.UNSPECIFIED.,.F.,.F.) B_SPLINE_CURVE_WITH_KNOTS((3,3),(3.143833920953,
3.444085873625),.PIECEWISE_BEZIER_KNOTS.) CURVE() 
GEOMETRIC_REPRESENTATION_ITEM() RATIONAL_B_SPLINE_CURVE((1.,
0.988752244422,1.)) REPRESENTATION_ITEM('') );
#6407 = CARTESIAN_POINT('',(8.104356413425E-03,-4.767417324302E-03));
#6408 = CARTESIAN_POINT('',(8.11224954573E-03,-1.245695989867E-03));
#6409 = CARTESIAN_POINT('',(9.161377015459E-03,2.116136101598E-03));
#6410 = ( GEOMETRIC_REPRESENTATION_CONTEXT(2) 
PARAMETRIC_REPRESENTATION_CONTEXT() REPRESENTATION_CONTEXT('2D SPACE',''
  ) );
#6411 = ADVANCED_FACE('',(#6412),#6217,.T.);
#6412 = FACE_BOUND('',#6413,.T.);
#6413 = EDGE_LOOP('',(#6414,#6415,#6416,#6417));
#6414 = ORIENTED_EDGE('',*,*,#6205,.T.);
#6415 = ORIENTED_EDGE('',*,*,#6281,.T.);
#6416 = ORIENTED_EDGE('',*,*,#6347,.T.);
#6417 = ORIENTED_EDGE('',*,*,#6391,.T.);
#6418 = ADVANCED_FACE('',(#6419),#6166,.F.);
#6419 = FACE_BOUND('',#6420,.F.);
#6420 = EDGE_LOOP('',(#6421,#6422,#6423,#6424));
#6421 = ORIENTED_EDGE('',*,*,#6152,.T.);
#6422 = ORIENTED_EDGE('',*,*,#6232,.T.);
#6423 = ORIENTED_EDGE('',*,*,#6306,.T.);
#6424 = ORIENTED_EDGE('',*,*,#6369,.T.);
#6425 = ( GEOMETRIC_REPRESENTATION_CONTEXT(3) 
GLOBAL_UNCERTAINTY_ASSIGNED_CONTEXT((#6429)) 
GLOBAL_UNIT_ASSIGNED_CONTEXT((#6426,#6427,#6428)) REPRESENTATION_CONTEXT
('Context #1','3D Context with UNIT and UNCERTAINTY') );
#6426 = ( LENGTH_UNIT() NAMED_UNIT(*) SI_UNIT(.MILLI.,.METRE.) );
#6427 = ( NAMED_UNIT(*) PLANE_ANGLE_UNIT() SI_UNIT($,.RADIAN.) );
#6428 = ( NAMED_UNIT(*) SI_UNIT($,.STERADIAN.) SOLID_ANGLE_UNIT() );
#6429 = UNCERTAINTY_MEASURE_WITH_UNIT(LENGTH_MEASURE(1.E-04),#6426,
  'distance_accuracy_value','confusion accuracy');
#6430 = CONTEXT_DEPENDENT_SHAPE_REPRESENTATION(#6431,#6433);
#6431 = ( REPRESENTATION_RELATIONSHIP('','',#6110,#10) 
REPRESENTATION_RELATIONSHIP_WITH_TRANSFORMATION(#6432) 
SHAPE_REPRESENTATION_RELATIONSHIP() );
#6432 = ITEM_DEFINED_TRANSFORMATION('','',#11,#87);
#6433 = PRODUCT_DEFINITION_SHAPE('Placement','Placement of an item',
  #6434);
#6434 = NEXT_ASSEMBLY_USAGE_OCCURRENCE('7797','','',#5,#6105,$);
#6435 = PRODUCT_RELATED_PRODUCT_CATEGORY('part',$,(#6107));
#6436 = SHAPE_DEFINITION_REPRESENTATION(#6437,#6443);
#6437 = PRODUCT_DEFINITION_SHAPE('','',#6438);
#6438 = PRODUCT_DEFINITION('design','',#6439,#6442);
#6439 = PRODUCT_DEFINITION_FORMATION('','',#6440);
#6440 = PRODUCT('Open CASCADE STEP translator 7.8 200.20',
  'Open CASCADE STEP translator 7.8 200.20','',(#6441));
#6441 = PRODUCT_CONTEXT('',#2,'mechanical');
#6442 = PRODUCT_DEFINITION_CONTEXT('part definition',#2,'design');
#6443 = ADVANCED_BREP_SHAPE_REPRESENTATION('',(#11,#6444),#6758);
#6444 = MANIFOLD_SOLID_BREP('',#6445);
#6445 = CLOSED_SHELL('',(#6446,#6560,#6634,#6697,#6744,#6751));
#6446 = ADVANCED_FACE('',(#6447),#6460,.T.);
#6447 = FACE_BOUND('',#6448,.T.);
#6448 = EDGE_LOOP('',(#6449,#6484,#6509,#6537));
#6449 = ORIENTED_EDGE('',*,*,#6450,.T.);
#6450 = EDGE_CURVE('',#6451,#6453,#6455,.T.);
#6451 = VERTEX_POINT('',#6452);
#6452 = CARTESIAN_POINT('',(23.28041571729,-0.271602706431,
    14.430289072599));
#6453 = VERTEX_POINT('',#6454);
#6454 = CARTESIAN_POINT('',(23.28041571729,-0.271602706431,
    19.200817483812));
#6455 = SURFACE_CURVE('',#6456,(#6459,#6470),.PCURVE_S1.);
#6456 = B_SPLINE_CURVE_WITH_KNOTS('',1,(#6457,#6458),.UNSPECIFIED.,.F.,
  .F.,(2,2),(0.,4.770528411213E-03),.PIECEWISE_BEZIER_KNOTS.);
#6457 = CARTESIAN_POINT('',(23.28041571729,-0.271602706431,
    14.430289072599));
#6458 = CARTESIAN_POINT('',(23.28041571729,-0.271602706431,
    19.200817483812));
#6459 = PCURVE('',#6460,#6465);
#6460 = B_SPLINE_SURFACE_WITH_KNOTS('',1,1,(
    (#6461,#6462)
    ,(#6463,#6464
    )),.UNSPECIFIED.,.F.,.F.,.F.,(2,2),(2,2),(0.,1.595314381586E-02),(
    -4.770528411213E-03,0.),.PIECEWISE_BEZIER_KNOTS.);
#6461 = CARTESIAN_POINT('',(23.28041571729,-0.271602706431,
    19.200817483812));
#6462 = CARTESIAN_POINT('',(23.28041571729,-0.271602706431,
    14.430289072599));
#6463 = CARTESIAN_POINT('',(39.23325746022,-0.369775688924,
    19.200817483812));
#6464 = CARTESIAN_POINT('',(39.23325746022,-0.369775688924,
    14.430289072599));
#6465 = DEFINITIONAL_REPRESENTATION('',(#6466),#6469);
#6466 = B_SPLINE_CURVE_WITH_KNOTS('',1,(#6467,#6468),.UNSPECIFIED.,.F.,
  .F.,(2,2),(0.,4.770528411213E-03),.PIECEWISE_BEZIER_KNOTS.);
#6467 = CARTESIAN_POINT('',(0.,0.));
#6468 = CARTESIAN_POINT('',(0.,-4.770528411213E-03));
#6469 = ( GEOMETRIC_REPRESENTATION_CONTEXT(2) 
PARAMETRIC_REPRESENTATION_CONTEXT() REPRESENTATION_CONTEXT('2D SPACE',''
  ) );
#6470 = PCURVE('',#6471,#6478);
#6471 = ( BOUNDED_SURFACE() B_SPLINE_SURFACE(2,1,(
    (#6472,#6473)
    ,(#6474,#6475)
    ,(#6476,#6477
)),.UNSPECIFIED.,.F.,.F.,.F.) B_SPLINE_SURFACE_WITH_KNOTS((3,3),(2,2),(
    3.143833920953,3.444085873625),(-4.770528411213E-03,0.),
.PIECEWISE_BEZIER_KNOTS.) GEOMETRIC_REPRESENTATION_ITEM() 
RATIONAL_B_SPLINE_SURFACE((
    (1.,1.)
    ,(0.988752244422,0.988752244422)
,(1.,1.))) REPRESENTATION_ITEM('') SURFACE() );
#6472 = CARTESIAN_POINT('',(22.158567058422,-7.144888376833,
    19.200817483812));
#6473 = CARTESIAN_POINT('',(22.158567058422,-7.144888376833,
    14.430289072599));
#6474 = CARTESIAN_POINT('',(23.239331985303,-3.793093241122,
    19.200817483812));
#6475 = CARTESIAN_POINT('',(23.239331985303,-3.793093241122,
    14.430289072599));
#6476 = CARTESIAN_POINT('',(23.28041571729,-0.271602706431,
    19.200817483812));
#6477 = CARTESIAN_POINT('',(23.28041571729,-0.271602706431,
    14.430289072599));
#6478 = DEFINITIONAL_REPRESENTATION('',(#6479),#6483);
#6479 = B_SPLINE_CURVE_WITH_KNOTS('',2,(#6480,#6481,#6482),
  .UNSPECIFIED.,.F.,.F.,(3,3),(0.,4.770528411213E-03),
  .PIECEWISE_BEZIER_KNOTS.);
#6480 = CARTESIAN_POINT('',(3.444085873625,0.));
#6481 = CARTESIAN_POINT('',(3.444085873625,-2.385264205606E-03));
#6482 = CARTESIAN_POINT('',(3.444085873625,-4.770528411213E-03));
#6483 = ( GEOMETRIC_REPRESENTATION_CONTEXT(2) 
PARAMETRIC_REPRESENTATION_CONTEXT() REPRESENTATION_CONTEXT('2D SPACE',''
  ) );
#6484 = ORIENTED_EDGE('',*,*,#6485,.T.);
#6485 = EDGE_CURVE('',#6453,#6486,#6488,.T.);
#6486 = VERTEX_POINT('',#6487);
#6487 = CARTESIAN_POINT('',(39.23325746022,-0.369775688924,
    19.200817483812));
#6488 = SURFACE_CURVE('',#6489,(#6492,#6498),.PCURVE_S1.);
#6489 = B_SPLINE_CURVE_WITH_KNOTS('',1,(#6490,#6491),.UNSPECIFIED.,.F.,
  .F.,(2,2),(0.,1.595314381586E-02),.PIECEWISE_BEZIER_KNOTS.);
#6490 = CARTESIAN_POINT('',(23.28041571729,-0.271602706431,
    19.200817483812));
#6491 = CARTESIAN_POINT('',(39.23325746022,-0.369775688924,
    19.200817483812));
#6492 = PCURVE('',#6460,#6493);
#6493 = DEFINITIONAL_REPRESENTATION('',(#6494),#6497);
#6494 = B_SPLINE_CURVE_WITH_KNOTS('',1,(#6495,#6496),.UNSPECIFIED.,.F.,
  .F.,(2,2),(0.,1.595314381586E-02),.PIECEWISE_BEZIER_KNOTS.);
#6495 = CARTESIAN_POINT('',(0.,-4.770528411213E-03));
#6496 = CARTESIAN_POINT('',(1.595314381586E-02,-4.770528411213E-03));
#6497 = ( GEOMETRIC_REPRESENTATION_CONTEXT(2) 
PARAMETRIC_REPRESENTATION_CONTEXT() REPRESENTATION_CONTEXT('2D SPACE',''
  ) );
#6498 = PCURVE('',#6499,#6504);
#6499 = B_SPLINE_SURFACE_WITH_KNOTS('',1,1,(
    (#6500,#6501)
    ,(#6502,#6503
    )),.UNSPECIFIED.,.F.,.F.,.F.,(2,2),(2,2),(-7.848702062546E-03,
    9.161377015459E-03),(-4.819598467363E-03,6.952467254013E-03),
  .PIECEWISE_BEZIER_KNOTS.);
#6500 = CARTESIAN_POINT('',(37.31470241684,-12.1242817743,
    19.200817483812));
#6501 = CARTESIAN_POINT('',(40.952470783644,-0.928381959731,
    19.200817483812));
#6502 = CARTESIAN_POINT('',(21.137155867007,-6.867878263536,
    19.200817483812));
#6503 = CARTESIAN_POINT('',(24.774924233812,4.328021551034,
    19.200817483812));
#6504 = DEFINITIONAL_REPRESENTATION('',(#6505),#6508);
#6505 = B_SPLINE_CURVE_WITH_KNOTS('',1,(#6506,#6507),.UNSPECIFIED.,.F.,
  .F.,(2,2),(0.,1.595314381586E-02),.PIECEWISE_BEZIER_KNOTS.);
#6506 = CARTESIAN_POINT('',(9.161377015459E-03,2.116136101598E-03));
#6507 = CARTESIAN_POINT('',(-6.041014197558E-03,6.952467254013E-03));
#6508 = ( GEOMETRIC_REPRESENTATION_CONTEXT(2) 
PARAMETRIC_REPRESENTATION_CONTEXT() REPRESENTATION_CONTEXT('2D SPACE',''
  ) );
#6509 = ORIENTED_EDGE('',*,*,#6510,.F.);
#6510 = EDGE_CURVE('',#6511,#6486,#6513,.T.);
#6511 = VERTEX_POINT('',#6512);
#6512 = CARTESIAN_POINT('',(39.23325746022,-0.369775688924,
    14.430289072599));
#6513 = SURFACE_CURVE('',#6514,(#6517,#6523),.PCURVE_S1.);
#6514 = B_SPLINE_CURVE_WITH_KNOTS('',1,(#6515,#6516),.UNSPECIFIED.,.F.,
  .F.,(2,2),(0.,4.770528411213E-03),.PIECEWISE_BEZIER_KNOTS.);
#6515 = CARTESIAN_POINT('',(39.23325746022,-0.369775688924,
    14.430289072599));
#6516 = CARTESIAN_POINT('',(39.23325746022,-0.369775688924,
    19.200817483812));
#6517 = PCURVE('',#6460,#6518);
#6518 = DEFINITIONAL_REPRESENTATION('',(#6519),#6522);
#6519 = B_SPLINE_CURVE_WITH_KNOTS('',1,(#6520,#6521),.UNSPECIFIED.,.F.,
  .F.,(2,2),(0.,4.770528411213E-03),.PIECEWISE_BEZIER_KNOTS.);
#6520 = CARTESIAN_POINT('',(1.595314381586E-02,0.));
#6521 = CARTESIAN_POINT('',(1.595314381586E-02,-4.770528411213E-03));
#6522 = ( GEOMETRIC_REPRESENTATION_CONTEXT(2) 
PARAMETRIC_REPRESENTATION_CONTEXT() REPRESENTATION_CONTEXT('2D SPACE',''
  ) );
#6523 = PCURVE('',#6524,#6531);
#6524 = ( BOUNDED_SURFACE() B_SPLINE_SURFACE(2,1,(
    (#6525,#6526)
    ,(#6527,#6528)
    ,(#6529,#6530
)),.UNSPECIFIED.,.F.,.F.,.F.) B_SPLINE_SURFACE_WITH_KNOTS((3,3),(2,2),(
    5.978450819781,6.28318530718),(-4.770528411213E-03,0.),
.PIECEWISE_BEZIER_KNOTS.) GEOMETRIC_REPRESENTATION_ITEM() 
RATIONAL_B_SPLINE_SURFACE((
    (1.,1.)
    ,(0.988414551331,0.988414551331)
,(1.,1.))) REPRESENTATION_ITEM('') SURFACE() );
#6525 = CARTESIAN_POINT('',(39.23325746022,-0.369775688924,
    19.200817483812));
#6526 = CARTESIAN_POINT('',(39.23325746022,-0.369775688924,
    14.430289072599));
#6527 = CARTESIAN_POINT('',(39.176475664955,-6.394332898626,
    19.200817483812));
#6528 = CARTESIAN_POINT('',(39.176475664955,-6.394332898626,
    14.430289072599));
#6529 = CARTESIAN_POINT('',(37.31470241684,-12.1242817743,
    19.200817483812));
#6530 = CARTESIAN_POINT('',(37.31470241684,-12.1242817743,
    14.430289072599));
#6531 = DEFINITIONAL_REPRESENTATION('',(#6532),#6536);
#6532 = B_SPLINE_CURVE_WITH_KNOTS('',2,(#6533,#6534,#6535),
  .UNSPECIFIED.,.F.,.F.,(3,3),(0.,4.770528411213E-03),
  .PIECEWISE_BEZIER_KNOTS.);
#6533 = CARTESIAN_POINT('',(5.978450819781,0.));
#6534 = CARTESIAN_POINT('',(5.978450819781,-2.385264205606E-03));
#6535 = CARTESIAN_POINT('',(5.978450819781,-4.770528411213E-03));
#6536 = ( GEOMETRIC_REPRESENTATION_CONTEXT(2) 
PARAMETRIC_REPRESENTATION_CONTEXT() REPRESENTATION_CONTEXT('2D SPACE',''
  ) );
#6537 = ORIENTED_EDGE('',*,*,#6538,.F.);
#6538 = EDGE_CURVE('',#6451,#6511,#6539,.T.);
#6539 = SURFACE_CURVE('',#6540,(#6543,#6549),.PCURVE_S1.);
#6540 = B_SPLINE_CURVE_WITH_KNOTS('',1,(#6541,#6542),.UNSPECIFIED.,.F.,
  .F.,(2,2),(0.,1.595314381586E-02),.PIECEWISE_BEZIER_KNOTS.);
#6541 = CARTESIAN_POINT('',(23.28041571729,-0.271602706431,
    14.430289072599));
#6542 = CARTESIAN_POINT('',(39.23325746022,-0.369775688924,
    14.430289072599));
#6543 = PCURVE('',#6460,#6544);
#6544 = DEFINITIONAL_REPRESENTATION('',(#6545),#6548);
#6545 = B_SPLINE_CURVE_WITH_KNOTS('',1,(#6546,#6547),.UNSPECIFIED.,.F.,
  .F.,(2,2),(0.,1.595314381586E-02),.PIECEWISE_BEZIER_KNOTS.);
#6546 = CARTESIAN_POINT('',(0.,0.));
#6547 = CARTESIAN_POINT('',(1.595314381586E-02,0.));
#6548 = ( GEOMETRIC_REPRESENTATION_CONTEXT(2) 
PARAMETRIC_REPRESENTATION_CONTEXT() REPRESENTATION_CONTEXT('2D SPACE',''
  ) );
#6549 = PCURVE('',#6550,#6555);
#6550 = B_SPLINE_SURFACE_WITH_KNOTS('',1,1,(
    (#6551,#6552)
    ,(#6553,#6554
    )),.UNSPECIFIED.,.F.,.F.,.F.,(2,2),(2,2),(-7.848702062546E-03,
    9.161377015459E-03),(-4.819598467363E-03,6.952467254013E-03),
  .PIECEWISE_BEZIER_KNOTS.);
#6551 = CARTESIAN_POINT('',(37.31470241684,-12.1242817743,
    14.430289072599));
#6552 = CARTESIAN_POINT('',(40.952470783644,-0.928381959731,
    14.430289072599));
#6553 = CARTESIAN_POINT('',(21.137155867007,-6.867878263536,
    14.430289072599));
#6554 = CARTESIAN_POINT('',(24.774924233812,4.328021551034,
    14.430289072599));
#6555 = DEFINITIONAL_REPRESENTATION('',(#6556),#6559);
#6556 = B_SPLINE_CURVE_WITH_KNOTS('',1,(#6557,#6558),.UNSPECIFIED.,.F.,
  .F.,(2,2),(0.,1.595314381586E-02),.PIECEWISE_BEZIER_KNOTS.);
#6557 = CARTESIAN_POINT('',(9.161377015459E-03,2.116136101598E-03));
#6558 = CARTESIAN_POINT('',(-6.041014197558E-03,6.952467254013E-03));
#6559 = ( GEOMETRIC_REPRESENTATION_CONTEXT(2) 
PARAMETRIC_REPRESENTATION_CONTEXT() REPRESENTATION_CONTEXT('2D SPACE',''
  ) );
#6560 = ADVANCED_FACE('',(#6561),#6524,.T.);
#6561 = FACE_BOUND('',#6562,.T.);
#6562 = EDGE_LOOP('',(#6563,#6564,#6587,#6613));
#6563 = ORIENTED_EDGE('',*,*,#6510,.T.);
#6564 = ORIENTED_EDGE('',*,*,#6565,.T.);
#6565 = EDGE_CURVE('',#6486,#6566,#6568,.T.);
#6566 = VERTEX_POINT('',#6567);
#6567 = CARTESIAN_POINT('',(37.31470241684,-12.1242817743,
    19.200817483812));
#6568 = SURFACE_CURVE('',#6569,(#6573,#6580),.PCURVE_S1.);
#6569 = ( BOUNDED_CURVE() B_SPLINE_CURVE(2,(#6570,#6571,#6572),
.UNSPECIFIED.,.F.,.F.) B_SPLINE_CURVE_WITH_KNOTS((3,3),(5.978450819781,
6.28318530718),.PIECEWISE_BEZIER_KNOTS.) CURVE() 
GEOMETRIC_REPRESENTATION_ITEM() RATIONAL_B_SPLINE_CURVE((1.,
0.988414551331,1.)) REPRESENTATION_ITEM('') );
#6570 = CARTESIAN_POINT('',(39.23325746022,-0.369775688924,
    19.200817483812));
#6571 = CARTESIAN_POINT('',(39.176475664955,-6.394332898626,
    19.200817483812));
#6572 = CARTESIAN_POINT('',(37.31470241684,-12.1242817743,
    19.200817483812));
#6573 = PCURVE('',#6524,#6574);
#6574 = DEFINITIONAL_REPRESENTATION('',(#6575),#6579);
#6575 = B_SPLINE_CURVE_WITH_KNOTS('',2,(#6576,#6577,#6578),
  .UNSPECIFIED.,.F.,.F.,(3,3),(5.978450819781,6.28318530718),
  .PIECEWISE_BEZIER_KNOTS.);
#6576 = CARTESIAN_POINT('',(5.978450819781,-4.770528411213E-03));
#6577 = CARTESIAN_POINT('',(6.13081806348,-4.770528411213E-03));
#6578 = CARTESIAN_POINT('',(6.28318530718,-4.770528411213E-03));
#6579 = ( GEOMETRIC_REPRESENTATION_CONTEXT(2) 
PARAMETRIC_REPRESENTATION_CONTEXT() REPRESENTATION_CONTEXT('2D SPACE',''
  ) );
#6580 = PCURVE('',#6499,#6581);
#6581 = DEFINITIONAL_REPRESENTATION('',(#6582),#6586);
#6582 = ( BOUNDED_CURVE() B_SPLINE_CURVE(2,(#6583,#6584,#6585),
.UNSPECIFIED.,.F.,.F.) B_SPLINE_CURVE_WITH_KNOTS((3,3),(5.978450819781,
6.28318530718),.PIECEWISE_BEZIER_KNOTS.) CURVE() 
GEOMETRIC_REPRESENTATION_ITEM() RATIONAL_B_SPLINE_CURVE((1.,
0.988414551331,1.)) REPRESENTATION_ITEM('') );
#6583 = CARTESIAN_POINT('',(-6.041014197558E-03,6.952467254013E-03));
#6584 = CARTESIAN_POINT('',(-7.848702062546E-03,1.205226322226E-03));
#6585 = CARTESIAN_POINT('',(-7.848702062546E-03,-4.819598467363E-03));
#6586 = ( GEOMETRIC_REPRESENTATION_CONTEXT(2) 
PARAMETRIC_REPRESENTATION_CONTEXT() REPRESENTATION_CONTEXT('2D SPACE',''
  ) );
#6587 = ORIENTED_EDGE('',*,*,#6588,.F.);
#6588 = EDGE_CURVE('',#6589,#6566,#6591,.T.);
#6589 = VERTEX_POINT('',#6590);
#6590 = CARTESIAN_POINT('',(37.31470241684,-12.1242817743,
    14.430289072599));
#6591 = SURFACE_CURVE('',#6592,(#6595,#6602),.PCURVE_S1.);
#6592 = B_SPLINE_CURVE_WITH_KNOTS('',1,(#6593,#6594),.UNSPECIFIED.,.F.,
  .F.,(2,2),(0.,4.770528411213E-03),.PIECEWISE_BEZIER_KNOTS.);
#6593 = CARTESIAN_POINT('',(37.31470241684,-12.1242817743,
    14.430289072599));
#6594 = CARTESIAN_POINT('',(37.31470241684,-12.1242817743,
    19.200817483812));
#6595 = PCURVE('',#6524,#6596);
#6596 = DEFINITIONAL_REPRESENTATION('',(#6597),#6601);
#6597 = B_SPLINE_CURVE_WITH_KNOTS('',2,(#6598,#6599,#6600),
  .UNSPECIFIED.,.F.,.F.,(3,3),(0.,4.770528411213E-03),
  .PIECEWISE_BEZIER_KNOTS.);
#6598 = CARTESIAN_POINT('',(6.28318530718,0.));
#6599 = CARTESIAN_POINT('',(6.28318530718,-2.385264205606E-03));
#6600 = CARTESIAN_POINT('',(6.28318530718,-4.770528411213E-03));
#6601 = ( GEOMETRIC_REPRESENTATION_CONTEXT(2) 
PARAMETRIC_REPRESENTATION_CONTEXT() REPRESENTATION_CONTEXT('2D SPACE',''
  ) );
#6602 = PCURVE('',#6603,#6608);
#6603 = B_SPLINE_SURFACE_WITH_KNOTS('',1,1,(
    (#6604,#6605)
    ,(#6606,#6607
    )),.UNSPECIFIED.,.F.,.F.,.F.,(2,2),(2,2),(0.,1.595314381586E-02),(
    -4.770528411213E-03,0.),.PIECEWISE_BEZIER_KNOTS.);
#6604 = CARTESIAN_POINT('',(37.31470241684,-12.1242817743,
    19.200817483812));
#6605 = CARTESIAN_POINT('',(37.31470241684,-12.1242817743,
    14.430289072599));
#6606 = CARTESIAN_POINT('',(22.158567058422,-7.144888376833,
    19.200817483812));
#6607 = CARTESIAN_POINT('',(22.158567058422,-7.144888376833,
    14.430289072599));
#6608 = DEFINITIONAL_REPRESENTATION('',(#6609),#6612);
#6609 = B_SPLINE_CURVE_WITH_KNOTS('',1,(#6610,#6611),.UNSPECIFIED.,.F.,
  .F.,(2,2),(0.,4.770528411213E-03),.PIECEWISE_BEZIER_KNOTS.);
#6610 = CARTESIAN_POINT('',(0.,0.));
#6611 = CARTESIAN_POINT('',(0.,-4.770528411213E-03));
#6612 = ( GEOMETRIC_REPRESENTATION_CONTEXT(2) 
PARAMETRIC_REPRESENTATION_CONTEXT() REPRESENTATION_CONTEXT('2D SPACE',''
  ) );
#6613 = ORIENTED_EDGE('',*,*,#6614,.F.);
#6614 = EDGE_CURVE('',#6511,#6589,#6615,.T.);
#6615 = SURFACE_CURVE('',#6616,(#6620,#6627),.PCURVE_S1.);
#6616 = ( BOUNDED_CURVE() B_SPLINE_CURVE(2,(#6617,#6618,#6619),
.UNSPECIFIED.,.F.,.F.) B_SPLINE_CURVE_WITH_KNOTS((3,3),(5.978450819781,
6.28318530718),.PIECEWISE_BEZIER_KNOTS.) CURVE() 
GEOMETRIC_REPRESENTATION_ITEM() RATIONAL_B_SPLINE_CURVE((1.,
0.988414551331,1.)) REPRESENTATION_ITEM('') );
#6617 = CARTESIAN_POINT('',(39.23325746022,-0.369775688924,
    14.430289072599));
#6618 = CARTESIAN_POINT('',(39.176475664955,-6.394332898626,
    14.430289072599));
#6619 = CARTESIAN_POINT('',(37.31470241684,-12.1242817743,
    14.430289072599));
#6620 = PCURVE('',#6524,#6621);
#6621 = DEFINITIONAL_REPRESENTATION('',(#6622),#6626);
#6622 = B_SPLINE_CURVE_WITH_KNOTS('',2,(#6623,#6624,#6625),
  .UNSPECIFIED.,.F.,.F.,(3,3),(5.978450819781,6.28318530718),
  .PIECEWISE_BEZIER_KNOTS.);
#6623 = CARTESIAN_POINT('',(5.978450819781,0.));
#6624 = CARTESIAN_POINT('',(6.13081806348,0.));
#6625 = CARTESIAN_POINT('',(6.28318530718,0.));
#6626 = ( GEOMETRIC_REPRESENTATION_CONTEXT(2) 
PARAMETRIC_REPRESENTATION_CONTEXT() REPRESENTATION_CONTEXT('2D SPACE',''
  ) );
#6627 = PCURVE('',#6550,#6628);
#6628 = DEFINITIONAL_REPRESENTATION('',(#6629),#6633);
#6629 = ( BOUNDED_CURVE() B_SPLINE_CURVE(2,(#6630,#6631,#6632),
.UNSPECIFIED.,.F.,.F.) B_SPLINE_CURVE_WITH_KNOTS((3,3),(5.978450819781,
6.28318530718),.PIECEWISE_BEZIER_KNOTS.) CURVE() 
GEOMETRIC_REPRESENTATION_ITEM() RATIONAL_B_SPLINE_CURVE((1.,
0.988414551331,1.)) REPRESENTATION_ITEM('') );
#6630 = CARTESIAN_POINT('',(-6.041014197558E-03,6.952467254013E-03));
#6631 = CARTESIAN_POINT('',(-7.848702062546E-03,1.205226322226E-03));
#6632 = CARTESIAN_POINT('',(-7.848702062546E-03,-4.819598467363E-03));
#6633 = ( GEOMETRIC_REPRESENTATION_CONTEXT(2) 
PARAMETRIC_REPRESENTATION_CONTEXT() REPRESENTATION_CONTEXT('2D SPACE',''
  ) );
#6634 = ADVANCED_FACE('',(#6635),#6603,.T.);
#6635 = FACE_BOUND('',#6636,.T.);
#6636 = EDGE_LOOP('',(#6637,#6638,#6658,#6679));
#6637 = ORIENTED_EDGE('',*,*,#6588,.T.);
#6638 = ORIENTED_EDGE('',*,*,#6639,.T.);
#6639 = EDGE_CURVE('',#6566,#6640,#6642,.T.);
#6640 = VERTEX_POINT('',#6641);
#6641 = CARTESIAN_POINT('',(22.158567058422,-7.144888376833,
    19.200817483812));
#6642 = SURFACE_CURVE('',#6643,(#6646,#6652),.PCURVE_S1.);
#6643 = B_SPLINE_CURVE_WITH_KNOTS('',1,(#6644,#6645),.UNSPECIFIED.,.F.,
  .F.,(2,2),(0.,1.595314381586E-02),.PIECEWISE_BEZIER_KNOTS.);
#6644 = CARTESIAN_POINT('',(37.31470241684,-12.1242817743,
    19.200817483812));
#6645 = CARTESIAN_POINT('',(22.158567058422,-7.144888376833,
    19.200817483812));
#6646 = PCURVE('',#6603,#6647);
#6647 = DEFINITIONAL_REPRESENTATION('',(#6648),#6651);
#6648 = B_SPLINE_CURVE_WITH_KNOTS('',1,(#6649,#6650),.UNSPECIFIED.,.F.,
  .F.,(2,2),(0.,1.595314381586E-02),.PIECEWISE_BEZIER_KNOTS.);
#6649 = CARTESIAN_POINT('',(0.,-4.770528411213E-03));
#6650 = CARTESIAN_POINT('',(1.595314381586E-02,-4.770528411213E-03));
#6651 = ( GEOMETRIC_REPRESENTATION_CONTEXT(2) 
PARAMETRIC_REPRESENTATION_CONTEXT() REPRESENTATION_CONTEXT('2D SPACE',''
  ) );
#6652 = PCURVE('',#6499,#6653);
#6653 = DEFINITIONAL_REPRESENTATION('',(#6654),#6657);
#6654 = B_SPLINE_CURVE_WITH_KNOTS('',1,(#6655,#6656),.UNSPECIFIED.,.F.,
  .F.,(2,2),(0.,1.595314381586E-02),.PIECEWISE_BEZIER_KNOTS.);
#6655 = CARTESIAN_POINT('',(-7.848702062546E-03,-4.819598467363E-03));
#6656 = CARTESIAN_POINT('',(8.104356413425E-03,-4.767417324302E-03));
#6657 = ( GEOMETRIC_REPRESENTATION_CONTEXT(2) 
PARAMETRIC_REPRESENTATION_CONTEXT() REPRESENTATION_CONTEXT('2D SPACE',''
  ) );
#6658 = ORIENTED_EDGE('',*,*,#6659,.F.);
#6659 = EDGE_CURVE('',#6660,#6640,#6662,.T.);
#6660 = VERTEX_POINT('',#6661);
#6661 = CARTESIAN_POINT('',(22.158567058422,-7.144888376833,
    14.430289072599));
#6662 = SURFACE_CURVE('',#6663,(#6666,#6672),.PCURVE_S1.);
#6663 = B_SPLINE_CURVE_WITH_KNOTS('',1,(#6664,#6665),.UNSPECIFIED.,.F.,
  .F.,(2,2),(0.,4.770528411213E-03),.PIECEWISE_BEZIER_KNOTS.);
#6664 = CARTESIAN_POINT('',(22.158567058422,-7.144888376833,
    14.430289072599));
#6665 = CARTESIAN_POINT('',(22.158567058422,-7.144888376833,
    19.200817483812));
#6666 = PCURVE('',#6603,#6667);
#6667 = DEFINITIONAL_REPRESENTATION('',(#6668),#6671);
#6668 = B_SPLINE_CURVE_WITH_KNOTS('',1,(#6669,#6670),.UNSPECIFIED.,.F.,
  .F.,(2,2),(0.,4.770528411213E-03),.PIECEWISE_BEZIER_KNOTS.);
#6669 = CARTESIAN_POINT('',(1.595314381586E-02,0.));
#6670 = CARTESIAN_POINT('',(1.595314381586E-02,-4.770528411213E-03));
#6671 = ( GEOMETRIC_REPRESENTATION_CONTEXT(2) 
PARAMETRIC_REPRESENTATION_CONTEXT() REPRESENTATION_CONTEXT('2D SPACE',''
  ) );
#6672 = PCURVE('',#6471,#6673);
#6673 = DEFINITIONAL_REPRESENTATION('',(#6674),#6678);
#6674 = B_SPLINE_CURVE_WITH_KNOTS('',2,(#6675,#6676,#6677),
  .UNSPECIFIED.,.F.,.F.,(3,3),(0.,4.770528411213E-03),
  .PIECEWISE_BEZIER_KNOTS.);
#6675 = CARTESIAN_POINT('',(3.143833920953,0.));
#6676 = CARTESIAN_POINT('',(3.143833920953,-2.385264205606E-03));
#6677 = CARTESIAN_POINT('',(3.143833920953,-4.770528411213E-03));
#6678 = ( GEOMETRIC_REPRESENTATION_CONTEXT(2) 
PARAMETRIC_REPRESENTATION_CONTEXT() REPRESENTATION_CONTEXT('2D SPACE',''
  ) );
#6679 = ORIENTED_EDGE('',*,*,#6680,.F.);
#6680 = EDGE_CURVE('',#6589,#6660,#6681,.T.);
#6681 = SURFACE_CURVE('',#6682,(#6685,#6691),.PCURVE_S1.);
#6682 = B_SPLINE_CURVE_WITH_KNOTS('',1,(#6683,#6684),.UNSPECIFIED.,.F.,
  .F.,(2,2),(0.,1.595314381586E-02),.PIECEWISE_BEZIER_KNOTS.);
#6683 = CARTESIAN_POINT('',(37.31470241684,-12.1242817743,
    14.430289072599));
#6684 = CARTESIAN_POINT('',(22.158567058422,-7.144888376833,
    14.430289072599));
#6685 = PCURVE('',#6603,#6686);
#6686 = DEFINITIONAL_REPRESENTATION('',(#6687),#6690);
#6687 = B_SPLINE_CURVE_WITH_KNOTS('',1,(#6688,#6689),.UNSPECIFIED.,.F.,
  .F.,(2,2),(0.,1.595314381586E-02),.PIECEWISE_BEZIER_KNOTS.);
#6688 = CARTESIAN_POINT('',(0.,0.));
#6689 = CARTESIAN_POINT('',(1.595314381586E-02,0.));
#6690 = ( GEOMETRIC_REPRESENTATION_CONTEXT(2) 
PARAMETRIC_REPRESENTATION_CONTEXT() REPRESENTATION_CONTEXT('2D SPACE',''
  ) );
#6691 = PCURVE('',#6550,#6692);
#6692 = DEFINITIONAL_REPRESENTATION('',(#6693),#6696);
#6693 = B_SPLINE_CURVE_WITH_KNOTS('',1,(#6694,#6695),.UNSPECIFIED.,.F.,
  .F.,(2,2),(0.,1.595314381586E-02),.PIECEWISE_BEZIER_KNOTS.);
#6694 = CARTESIAN_POINT('',(-7.848702062546E-03,-4.819598467363E-03));
#6695 = CARTESIAN_POINT('',(8.104356413425E-03,-4.767417324302E-03));
#6696 = ( GEOMETRIC_REPRESENTATION_CONTEXT(2) 
PARAMETRIC_REPRESENTATION_CONTEXT() REPRESENTATION_CONTEXT('2D SPACE',''
  ) );
#6697 = ADVANCED_FACE('',(#6698),#6471,.T.);
#6698 = FACE_BOUND('',#6699,.T.);
#6699 = EDGE_LOOP('',(#6700,#6701,#6722,#6723));
#6700 = ORIENTED_EDGE('',*,*,#6659,.T.);
#6701 = ORIENTED_EDGE('',*,*,#6702,.T.);
#6702 = EDGE_CURVE('',#6640,#6453,#6703,.T.);
#6703 = SURFACE_CURVE('',#6704,(#6708,#6715),.PCURVE_S1.);
#6704 = ( BOUNDED_CURVE() B_SPLINE_CURVE(2,(#6705,#6706,#6707),
.UNSPECIFIED.,.F.,.F.) B_SPLINE_CURVE_WITH_KNOTS((3,3),(3.143833920953,
3.444085873625),.PIECEWISE_BEZIER_KNOTS.) CURVE() 
GEOMETRIC_REPRESENTATION_ITEM() RATIONAL_B_SPLINE_CURVE((1.,
0.988752244422,1.)) REPRESENTATION_ITEM('') );
#6705 = CARTESIAN_POINT('',(22.158567058422,-7.144888376833,
    19.200817483812));
#6706 = CARTESIAN_POINT('',(23.239331985303,-3.793093241122,
    19.200817483812));
#6707 = CARTESIAN_POINT('',(23.28041571729,-0.271602706431,
    19.200817483812));
#6708 = PCURVE('',#6471,#6709);
#6709 = DEFINITIONAL_REPRESENTATION('',(#6710),#6714);
#6710 = B_SPLINE_CURVE_WITH_KNOTS('',2,(#6711,#6712,#6713),
  .UNSPECIFIED.,.F.,.F.,(3,3),(3.143833920953,3.444085873625),
  .PIECEWISE_BEZIER_KNOTS.);
#6711 = CARTESIAN_POINT('',(3.143833920953,-4.770528411213E-03));
#6712 = CARTESIAN_POINT('',(3.293959897289,-4.770528411213E-03));
#6713 = CARTESIAN_POINT('',(3.444085873625,-4.770528411213E-03));
#6714 = ( GEOMETRIC_REPRESENTATION_CONTEXT(2) 
PARAMETRIC_REPRESENTATION_CONTEXT() REPRESENTATION_CONTEXT('2D SPACE',''
  ) );
#6715 = PCURVE('',#6499,#6716);
#6716 = DEFINITIONAL_REPRESENTATION('',(#6717),#6721);
#6717 = ( BOUNDED_CURVE() B_SPLINE_CURVE(2,(#6718,#6719,#6720),
.UNSPECIFIED.,.F.,.F.) B_SPLINE_CURVE_WITH_KNOTS((3,3),(3.143833920953,
3.444085873625),.PIECEWISE_BEZIER_KNOTS.) CURVE() 
GEOMETRIC_REPRESENTATION_ITEM() RATIONAL_B_SPLINE_CURVE((1.,
0.988752244422,1.)) REPRESENTATION_ITEM('') );
#6718 = CARTESIAN_POINT('',(8.104356413425E-03,-4.767417324302E-03));
#6719 = CARTESIAN_POINT('',(8.11224954573E-03,-1.245695989867E-03));
#6720 = CARTESIAN_POINT('',(9.161377015459E-03,2.116136101598E-03));
#6721 = ( GEOMETRIC_REPRESENTATION_CONTEXT(2) 
PARAMETRIC_REPRESENTATION_CONTEXT() REPRESENTATION_CONTEXT('2D SPACE',''
  ) );
#6722 = ORIENTED_EDGE('',*,*,#6450,.F.);
#6723 = ORIENTED_EDGE('',*,*,#6724,.F.);
#6724 = EDGE_CURVE('',#6660,#6451,#6725,.T.);
#6725 = SURFACE_CURVE('',#6726,(#6730,#6737),.PCURVE_S1.);
#6726 = ( BOUNDED_CURVE() B_SPLINE_CURVE(2,(#6727,#6728,#6729),
.UNSPECIFIED.,.F.,.F.) B_SPLINE_CURVE_WITH_KNOTS((3,3),(3.143833920953,
3.444085873625),.PIECEWISE_BEZIER_KNOTS.) CURVE() 
GEOMETRIC_REPRESENTATION_ITEM() RATIONAL_B_SPLINE_CURVE((1.,
0.988752244422,1.)) REPRESENTATION_ITEM('') );
#6727 = CARTESIAN_POINT('',(22.158567058422,-7.144888376833,
    14.430289072599));
#6728 = CARTESIAN_POINT('',(23.239331985303,-3.793093241122,
    14.430289072599));
#6729 = CARTESIAN_POINT('',(23.28041571729,-0.271602706431,
    14.430289072599));
#6730 = PCURVE('',#6471,#6731);
#6731 = DEFINITIONAL_REPRESENTATION('',(#6732),#6736);
#6732 = B_SPLINE_CURVE_WITH_KNOTS('',2,(#6733,#6734,#6735),
  .UNSPECIFIED.,.F.,.F.,(3,3),(3.143833920953,3.444085873625),
  .PIECEWISE_BEZIER_KNOTS.);
#6733 = CARTESIAN_POINT('',(3.143833920953,0.));
#6734 = CARTESIAN_POINT('',(3.293959897289,0.));
#6735 = CARTESIAN_POINT('',(3.444085873625,0.));
#6736 = ( GEOMETRIC_REPRESENTATION_CONTEXT(2) 
PARAMETRIC_REPRESENTATION_CONTEXT() REPRESENTATION_CONTEXT('2D SPACE',''
  ) );
#6737 = PCURVE('',#6550,#6738);
#6738 = DEFINITIONAL_REPRESENTATION('',(#6739),#6743);
#6739 = ( BOUNDED_CURVE() B_SPLINE_CURVE(2,(#6740,#6741,#6742),
.UNSPECIFIED.,.F.,.F.) B_SPLINE_CURVE_WITH_KNOTS((3,3),(3.143833920953,
3.444085873625),.PIECEWISE_BEZIER_KNOTS.) CURVE() 
GEOMETRIC_REPRESENTATION_ITEM() RATIONAL_B_SPLINE_CURVE((1.,
0.988752244422,1.)) REPRESENTATION_ITEM('') );
#6740 = CARTESIAN_POINT('',(8.104356413425E-03,-4.767417324302E-03));
#6741 = CARTESIAN_POINT('',(8.11224954573E-03,-1.245695989867E-03));
#6742 = CARTESIAN_POINT('',(9.161377015459E-03,2.116136101598E-03));
#6743 = ( GEOMETRIC_REPRESENTATION_CONTEXT(2) 
PARAMETRIC_REPRESENTATION_CONTEXT() REPRESENTATION_CONTEXT('2D SPACE',''
  ) );
#6744 = ADVANCED_FACE('',(#6745),#6550,.T.);
#6745 = FACE_BOUND('',#6746,.T.);
#6746 = EDGE_LOOP('',(#6747,#6748,#6749,#6750));
#6747 = ORIENTED_EDGE('',*,*,#6538,.T.);
#6748 = ORIENTED_EDGE('',*,*,#6614,.T.);
#6749 = ORIENTED_EDGE('',*,*,#6680,.T.);
#6750 = ORIENTED_EDGE('',*,*,#6724,.T.);
#6751 = ADVANCED_FACE('',(#6752),#6499,.F.);
#6752 = FACE_BOUND('',#6753,.F.);
#6753 = EDGE_LOOP('',(#6754,#6755,#6756,#6757));
#6754 = ORIENTED_EDGE('',*,*,#6485,.T.);
#6755 = ORIENTED_EDGE('',*,*,#6565,.T.);
#6756 = ORIENTED_EDGE('',*,*,#6639,.T.);
#6757 = ORIENTED_EDGE('',*,*,#6702,.T.);
#6758 = ( GEOMETRIC_REPRESENTATION_CONTEXT(3) 
GLOBAL_UNCERTAINTY_ASSIGNED_CONTEXT((#6762)) 
GLOBAL_UNIT_ASSIGNED_CONTEXT((#6759,#6760,#6761)) REPRESENTATION_CONTEXT
('Context #1','3D Context with UNIT and UNCERTAINTY') );
#6759 = ( LENGTH_UNIT() NAMED_UNIT(*) SI_UNIT(.MILLI.,.METRE.) );
#6760 = ( NAMED_UNIT(*) PLANE_ANGLE_UNIT() SI_UNIT($,.RADIAN.) );
#6761 = ( NAMED_UNIT(*) SI_UNIT($,.STERADIAN.) SOLID_ANGLE_UNIT() );
#6762 = UNCERTAINTY_MEASURE_WITH_UNIT(LENGTH_MEASURE(1.E-04),#6759,
  'distance_accuracy_value','confusion accuracy');
#6763 = CONTEXT_DEPENDENT_SHAPE_REPRESENTATION(#6764,#6766);
#6764 = ( REPRESENTATION_RELATIONSHIP('','',#6443,#10) 
REPRESENTATION_RELATIONSHIP_WITH_TRANSFORMATION(#6765) 
SHAPE_REPRESENTATION_RELATIONSHIP() );
#6765 = ITEM_DEFINED_TRANSFORMATION('','',#11,#91);
#6766 = PRODUCT_DEFINITION_SHAPE('Placement','Placement of an item',
  #6767);
#6767 = NEXT_ASSEMBLY_USAGE_OCCURRENCE('7798','','',#5,#6438,$);
#6768 = PRODUCT_RELATED_PRODUCT_CATEGORY('part',$,(#6440));
#6769 = SHAPE_DEFINITION_REPRESENTATION(#6770,#6776);
#6770 = PRODUCT_DEFINITION_SHAPE('','',#6771);
#6771 = PRODUCT_DEFINITION('design','',#6772,#6775);
#6772 = PRODUCT_DEFINITION_FORMATION('','',#6773);
#6773 = PRODUCT('Open CASCADE STEP translator 7.8 200.21',
  'Open CASCADE STEP translator 7.8 200.21','',(#6774));
#6774 = PRODUCT_CONTEXT('',#2,'mechanical');
#6775 = PRODUCT_DEFINITION_CONTEXT('part definition',#2,'design');
#6776 = ADVANCED_BREP_SHAPE_REPRESENTATION('',(#11,#6777),#10357);
#6777 = MANIFOLD_SOLID_BREP('',#6778);
#6778 = CLOSED_SHELL('',(#6779,#7159,#7497,#7828,#8136,#8484,#8795,#9099
    ,#9380,#9421,#9446,#9470,#9494,#9518,#9542,#9566,#9590,#9614,#9638,
    #9662,#9686,#9710,#9734,#9758,#9782,#9806,#9830,#9855,#9879,#9903,
    #9928,#9952,#9976,#10000,#10024,#10048,#10072,#10096,#10120,#10144,
    #10168,#10192,#10216,#10240,#10264,#10288,#10312,#10337,#10344));
#6779 = ADVANCED_FACE('',(#6780),#6793,.F.);
#6780 = FACE_BOUND('',#6781,.F.);
#6781 = EDGE_LOOP('',(#6782,#6820,#6848,#6877,#6905,#6934,#6962,#6991,
    #7019,#7047,#7075,#7104,#7132));
#6782 = ORIENTED_EDGE('',*,*,#6783,.T.);
#6783 = EDGE_CURVE('',#6784,#6786,#6788,.T.);
#6784 = VERTEX_POINT('',#6785);
#6785 = CARTESIAN_POINT('',(39.235,4.752037796291E-16,19.200817483812));
#6786 = VERTEX_POINT('',#6787);
#6787 = CARTESIAN_POINT('',(39.235,0.,21.659463498333));
#6788 = SURFACE_CURVE('',#6789,(#6792,#6806),.PCURVE_S1.);
#6789 = B_SPLINE_CURVE_WITH_KNOTS('',1,(#6790,#6791),.UNSPECIFIED.,.F.,
  .F.,(2,2),(0.,2.458646014521E-03),.PIECEWISE_BEZIER_KNOTS.);
#6790 = CARTESIAN_POINT('',(39.235,0.,19.200817483812));
#6791 = CARTESIAN_POINT('',(39.235,0.,21.659463498333));
#6792 = PCURVE('',#6793,#6800);
#6793 = ( BOUNDED_SURFACE() B_SPLINE_SURFACE(2,1,(
    (#6794,#6795)
    ,(#6796,#6797)
    ,(#6798,#6799
)),.UNSPECIFIED.,.F.,.F.,.F.) B_SPLINE_SURFACE_WITH_KNOTS((3,3),(2,2),(
    3.14159265359,4.712388980385),(-2.458646014521E-03,0.),
.PIECEWISE_BEZIER_KNOTS.) GEOMETRIC_REPRESENTATION_ITEM() 
RATIONAL_B_SPLINE_SURFACE((
    (1.,1.)
    ,(0.707106781187,0.707106781187)
,(1.,1.))) REPRESENTATION_ITEM('') SURFACE() );
#6794 = CARTESIAN_POINT('',(39.235,-4.804901716455E-15,21.659463498333)
  );
#6795 = CARTESIAN_POINT('',(39.235,-4.804901716455E-15,19.200817483812)
  );
#6796 = CARTESIAN_POINT('',(39.235,39.235,21.659463498333));
#6797 = CARTESIAN_POINT('',(39.235,39.235,19.200817483812));
#6798 = CARTESIAN_POINT('',(7.207352574682E-15,39.235,21.659463498333));
#6799 = CARTESIAN_POINT('',(7.207352574682E-15,39.235,19.200817483812));
#6800 = DEFINITIONAL_REPRESENTATION('',(#6801),#6805);
#6801 = B_SPLINE_CURVE_WITH_KNOTS('',2,(#6802,#6803,#6804),
  .UNSPECIFIED.,.F.,.F.,(3,3),(0.,2.458646014521E-03),
  .PIECEWISE_BEZIER_KNOTS.);
#6802 = CARTESIAN_POINT('',(3.14159265359,0.));
#6803 = CARTESIAN_POINT('',(3.14159265359,-1.22932300726E-03));
#6804 = CARTESIAN_POINT('',(3.14159265359,-2.458646014521E-03));
#6805 = ( GEOMETRIC_REPRESENTATION_CONTEXT(2) 
PARAMETRIC_REPRESENTATION_CONTEXT() REPRESENTATION_CONTEXT('2D SPACE',''
  ) );
#6806 = PCURVE('',#6807,#6814);
#6807 = ( BOUNDED_SURFACE() B_SPLINE_SURFACE(2,1,(
    (#6808,#6809)
    ,(#6810,#6811)
    ,(#6812,#6813
)),.UNSPECIFIED.,.F.,.F.,.F.) B_SPLINE_SURFACE_WITH_KNOTS((3,3),(2,2),(
    1.570796326795,3.14159265359),(-2.458646014521E-03,0.),
.PIECEWISE_BEZIER_KNOTS.) GEOMETRIC_REPRESENTATION_ITEM() 
RATIONAL_B_SPLINE_SURFACE((
    (1.,1.)
    ,(0.707106781187,0.707106781187)
,(1.,1.))) REPRESENTATION_ITEM('') SURFACE() );
#6808 = CARTESIAN_POINT('',(-2.402450858227E-15,-39.235,21.659463498333)
  );
#6809 = CARTESIAN_POINT('',(-2.402450858227E-15,-39.235,19.200817483812)
  );
#6810 = CARTESIAN_POINT('',(39.235,-39.235,21.659463498333));
#6811 = CARTESIAN_POINT('',(39.235,-39.235,19.200817483812));
#6812 = CARTESIAN_POINT('',(39.235,-4.804901716455E-15,21.659463498333)
  );
#6813 = CARTESIAN_POINT('',(39.235,-4.804901716455E-15,19.200817483812)
  );
#6814 = DEFINITIONAL_REPRESENTATION('',(#6815),#6819);
#6815 = B_SPLINE_CURVE_WITH_KNOTS('',2,(#6816,#6817,#6818),
  .UNSPECIFIED.,.F.,.F.,(3,3),(0.,2.458646014521E-03),
  .PIECEWISE_BEZIER_KNOTS.);
#6816 = CARTESIAN_POINT('',(3.14159265359,0.));
#6817 = CARTESIAN_POINT('',(3.14159265359,-1.22932300726E-03));
#6818 = CARTESIAN_POINT('',(3.14159265359,-2.458646014521E-03));
#6819 = ( GEOMETRIC_REPRESENTATION_CONTEXT(2) 
PARAMETRIC_REPRESENTATION_CONTEXT() REPRESENTATION_CONTEXT('2D SPACE',''
  ) );
#6820 = ORIENTED_EDGE('',*,*,#6821,.T.);
#6821 = EDGE_CURVE('',#6786,#6822,#6824,.T.);
#6822 = VERTEX_POINT('',#6823);
#6823 = CARTESIAN_POINT('',(0.,39.235,21.659463498333));
#6824 = SURFACE_CURVE('',#6825,(#6829,#6836),.PCURVE_S1.);
#6825 = ( BOUNDED_CURVE() B_SPLINE_CURVE(2,(#6826,#6827,#6828),
.UNSPECIFIED.,.F.,.F.) B_SPLINE_CURVE_WITH_KNOTS((3,3),(3.14159265359,
4.712388980385),.PIECEWISE_BEZIER_KNOTS.) CURVE() 
GEOMETRIC_REPRESENTATION_ITEM() RATIONAL_B_SPLINE_CURVE((1.,
0.707106781187,1.)) REPRESENTATION_ITEM('') );
#6826 = CARTESIAN_POINT('',(39.235,-4.804901716455E-15,21.659463498333)
  );
#6827 = CARTESIAN_POINT('',(39.235,39.235,21.659463498333));
#6828 = CARTESIAN_POINT('',(7.207352574682E-15,39.235,21.659463498333));
#6829 = PCURVE('',#6793,#6830);
#6830 = DEFINITIONAL_REPRESENTATION('',(#6831),#6835);
#6831 = B_SPLINE_CURVE_WITH_KNOTS('',2,(#6832,#6833,#6834),
  .UNSPECIFIED.,.F.,.F.,(3,3),(3.14159265359,4.712388980385),
  .PIECEWISE_BEZIER_KNOTS.);
#6832 = CARTESIAN_POINT('',(3.14159265359,-2.458646014521E-03));
#6833 = CARTESIAN_POINT('',(3.926990816987,-2.458646014521E-03));
#6834 = CARTESIAN_POINT('',(4.712388980385,-2.458646014521E-03));
#6835 = ( GEOMETRIC_REPRESENTATION_CONTEXT(2) 
PARAMETRIC_REPRESENTATION_CONTEXT() REPRESENTATION_CONTEXT('2D SPACE',''
  ) );
#6836 = PCURVE('',#6837,#6842);
#6837 = B_SPLINE_SURFACE_WITH_KNOTS('',1,1,(
    (#6838,#6839)
    ,(#6840,#6841
    )),.UNSPECIFIED.,.F.,.F.,.F.,(2,2),(2,2),(-3.9235E-02,3.9235E-02),(
    -3.9235E-02,3.9235E-02),.PIECEWISE_BEZIER_KNOTS.);
#6838 = CARTESIAN_POINT('',(-39.235,-39.235,21.659463498333));
#6839 = CARTESIAN_POINT('',(-39.235,39.235,21.659463498333));
#6840 = CARTESIAN_POINT('',(39.235,-39.235,21.659463498333));
#6841 = CARTESIAN_POINT('',(39.235,39.235,21.659463498333));
#6842 = DEFINITIONAL_REPRESENTATION('',(#6843),#6847);
#6843 = ( BOUNDED_CURVE() B_SPLINE_CURVE(2,(#6844,#6845,#6846),
.UNSPECIFIED.,.F.,.F.) B_SPLINE_CURVE_WITH_KNOTS((3,3),(3.14159265359,
4.712388980385),.PIECEWISE_BEZIER_KNOTS.) CURVE() 
GEOMETRIC_REPRESENTATION_ITEM() RATIONAL_B_SPLINE_CURVE((1.,
0.707106781187,1.)) REPRESENTATION_ITEM('') );
#6844 = CARTESIAN_POINT('',(3.9235E-02,-3.714965623783E-18));
#6845 = CARTESIAN_POINT('',(3.9235E-02,3.9235E-02));
#6846 = CARTESIAN_POINT('',(7.429785538303E-18,3.9235E-02));
#6847 = ( GEOMETRIC_REPRESENTATION_CONTEXT(2) 
PARAMETRIC_REPRESENTATION_CONTEXT() REPRESENTATION_CONTEXT('2D SPACE',''
  ) );
#6848 = ORIENTED_EDGE('',*,*,#6849,.F.);
#6849 = EDGE_CURVE('',#6850,#6822,#6852,.T.);
#6850 = VERTEX_POINT('',#6851);
#6851 = CARTESIAN_POINT('',(-1.734723475977E-15,39.235,19.200817483812)
  );
#6852 = SURFACE_CURVE('',#6853,(#6856,#6863),.PCURVE_S1.);
#6853 = B_SPLINE_CURVE_WITH_KNOTS('',1,(#6854,#6855),.UNSPECIFIED.,.F.,
  .F.,(2,2),(0.,2.458646014521E-03),.PIECEWISE_BEZIER_KNOTS.);
#6854 = CARTESIAN_POINT('',(0.,39.235,19.200817483812));
#6855 = CARTESIAN_POINT('',(0.,39.235,21.659463498333));
#6856 = PCURVE('',#6793,#6857);
#6857 = DEFINITIONAL_REPRESENTATION('',(#6858),#6862);
#6858 = B_SPLINE_CURVE_WITH_KNOTS('',2,(#6859,#6860,#6861),
  .UNSPECIFIED.,.F.,.F.,(3,3),(0.,2.458646014521E-03),
  .PIECEWISE_BEZIER_KNOTS.);
#6859 = CARTESIAN_POINT('',(4.712388980385,0.));
#6860 = CARTESIAN_POINT('',(4.712388980385,-1.22932300726E-03));
#6861 = CARTESIAN_POINT('',(4.712388980385,-2.458646014521E-03));
#6862 = ( GEOMETRIC_REPRESENTATION_CONTEXT(2) 
PARAMETRIC_REPRESENTATION_CONTEXT() REPRESENTATION_CONTEXT('2D SPACE',''
  ) );
#6863 = PCURVE('',#6864,#6871);
#6864 = ( BOUNDED_SURFACE() B_SPLINE_SURFACE(2,1,(
    (#6865,#6866)
    ,(#6867,#6868)
    ,(#6869,#6870
)),.UNSPECIFIED.,.F.,.F.,.F.) B_SPLINE_SURFACE_WITH_KNOTS((3,3),(2,2),(
    4.712388980385,6.28318530718),(-2.458646014521E-03,0.),
.PIECEWISE_BEZIER_KNOTS.) GEOMETRIC_REPRESENTATION_ITEM() 
RATIONAL_B_SPLINE_SURFACE((
    (1.,1.)
    ,(0.707106781187,0.707106781187)
,(1.,1.))) REPRESENTATION_ITEM('') SURFACE() );
#6865 = CARTESIAN_POINT('',(7.207352574682E-15,39.235,21.659463498333));
#6866 = CARTESIAN_POINT('',(7.207352574682E-15,39.235,19.200817483812));
#6867 = CARTESIAN_POINT('',(-39.235,39.235,21.659463498333));
#6868 = CARTESIAN_POINT('',(-39.235,39.235,19.200817483812));
#6869 = CARTESIAN_POINT('',(-39.235,9.609803432909E-15,21.659463498333)
  );
#6870 = CARTESIAN_POINT('',(-39.235,9.609803432909E-15,19.200817483812)
  );
#6871 = DEFINITIONAL_REPRESENTATION('',(#6872),#6876);
#6872 = B_SPLINE_CURVE_WITH_KNOTS('',2,(#6873,#6874,#6875),
  .UNSPECIFIED.,.F.,.F.,(3,3),(0.,2.458646014521E-03),
  .PIECEWISE_BEZIER_KNOTS.);
#6873 = CARTESIAN_POINT('',(4.712388980385,0.));
#6874 = CARTESIAN_POINT('',(4.712388980385,-1.22932300726E-03));
#6875 = CARTESIAN_POINT('',(4.712388980385,-2.458646014521E-03));
#6876 = ( GEOMETRIC_REPRESENTATION_CONTEXT(2) 
PARAMETRIC_REPRESENTATION_CONTEXT() REPRESENTATION_CONTEXT('2D SPACE',''
  ) );
#6877 = ORIENTED_EDGE('',*,*,#6878,.F.);
#6878 = EDGE_CURVE('',#6879,#6850,#6881,.T.);
#6879 = VERTEX_POINT('',#6880);
#6880 = CARTESIAN_POINT('',(0.369775688924,39.23325746022,
    19.200817483812));
#6881 = SURFACE_CURVE('',#6882,(#6886,#6893),.PCURVE_S1.);
#6882 = ( BOUNDED_CURVE() B_SPLINE_CURVE(2,(#6883,#6884,#6885),
.UNSPECIFIED.,.F.,.F.) B_SPLINE_CURVE_WITH_KNOTS((3,3),(4.702964202424,
4.712388980385),.PIECEWISE_BEZIER_KNOTS.) CURVE() 
GEOMETRIC_REPRESENTATION_ITEM() RATIONAL_B_SPLINE_CURVE((1.,
0.999988896716,1.)) REPRESENTATION_ITEM('') );
#6883 = CARTESIAN_POINT('',(0.369775688924,39.23325746022,
    19.200817483812));
#6884 = CARTESIAN_POINT('',(0.184891950255,39.235,19.200817483812));
#6885 = CARTESIAN_POINT('',(7.207352574682E-15,39.235,19.200817483812));
#6886 = PCURVE('',#6793,#6887);
#6887 = DEFINITIONAL_REPRESENTATION('',(#6888),#6892);
#6888 = B_SPLINE_CURVE_WITH_KNOTS('',2,(#6889,#6890,#6891),
  .UNSPECIFIED.,.F.,.F.,(3,3),(4.702964202424,4.712388980385),
  .PIECEWISE_BEZIER_KNOTS.);
#6889 = CARTESIAN_POINT('',(4.701941000529,-2.268531999179E-21));
#6890 = CARTESIAN_POINT('',(4.707154861435,1.736339161914E-17));
#6891 = CARTESIAN_POINT('',(4.712388980385,0.));
#6892 = ( GEOMETRIC_REPRESENTATION_CONTEXT(2) 
PARAMETRIC_REPRESENTATION_CONTEXT() REPRESENTATION_CONTEXT('2D SPACE',''
  ) );
#6893 = PCURVE('',#6894,#6899);
#6894 = B_SPLINE_SURFACE_WITH_KNOTS('',1,1,(
    (#6895,#6896)
    ,(#6897,#6898
    )),.UNSPECIFIED.,.F.,.F.,.F.,(2,2),(2,2),(-5.218114306117E-05,
    3.697756889244E-04),(2.328041571729E-02,3.9235E-02),
  .PIECEWISE_BEZIER_KNOTS.);
#6895 = CARTESIAN_POINT('',(-5.218114306117E-02,23.28041571729,
    19.200817483812));
#6896 = CARTESIAN_POINT('',(-5.218114306117E-02,39.235,19.200817483812)
  );
#6897 = CARTESIAN_POINT('',(0.369775688924,23.28041571729,
    19.200817483812));
#6898 = CARTESIAN_POINT('',(0.369775688924,39.235,19.200817483812));
#6899 = DEFINITIONAL_REPRESENTATION('',(#6900),#6904);
#6900 = ( BOUNDED_CURVE() B_SPLINE_CURVE(2,(#6901,#6902,#6903),
.UNSPECIFIED.,.F.,.F.) B_SPLINE_CURVE_WITH_KNOTS((3,3),(4.702964202424,
4.712388980385),.PIECEWISE_BEZIER_KNOTS.) CURVE() 
GEOMETRIC_REPRESENTATION_ITEM() RATIONAL_B_SPLINE_CURVE((1.,
0.999988896716,1.)) REPRESENTATION_ITEM('') );
#6901 = CARTESIAN_POINT('',(3.697756889244E-04,3.923325746022E-02));
#6902 = CARTESIAN_POINT('',(1.848919502553E-04,3.9235E-02));
#6903 = CARTESIAN_POINT('',(7.429785538303E-18,3.9235E-02));
#6904 = ( GEOMETRIC_REPRESENTATION_CONTEXT(2) 
PARAMETRIC_REPRESENTATION_CONTEXT() REPRESENTATION_CONTEXT('2D SPACE',''
  ) );
#6905 = ORIENTED_EDGE('',*,*,#6906,.T.);
#6906 = EDGE_CURVE('',#6879,#6907,#6909,.T.);
#6907 = VERTEX_POINT('',#6908);
#6908 = CARTESIAN_POINT('',(12.124281774301,37.31470241684,
    19.200817483812));
#6909 = SURFACE_CURVE('',#6910,(#6914,#6922),.PCURVE_S1.);
#6910 = ( BOUNDED_CURVE() B_SPLINE_CURVE(2,(#6911,#6912,#6913),
.UNSPECIFIED.,.F.,.F.) B_SPLINE_CURVE_WITH_KNOTS((3,3),(5.978450819781,
6.28318530718),.PIECEWISE_BEZIER_KNOTS.) CURVE() 
GEOMETRIC_REPRESENTATION_ITEM() RATIONAL_B_SPLINE_CURVE((1.,
0.988414551331,1.)) REPRESENTATION_ITEM('') );
#6911 = CARTESIAN_POINT('',(0.369775688924,39.23325746022,
    19.200817483812));
#6912 = CARTESIAN_POINT('',(6.394332898626,39.176475664955,
    19.200817483812));
#6913 = CARTESIAN_POINT('',(12.124281774301,37.31470241684,
    19.200817483812));
#6914 = PCURVE('',#6793,#6915);
#6915 = DEFINITIONAL_REPRESENTATION('',(#6916),#6921);
#6916 = B_SPLINE_CURVE_WITH_KNOTS('',3,(#6917,#6918,#6919,#6920),
  .UNSPECIFIED.,.F.,.F.,(4,4),(5.978450819781,6.28318530718),
  .PIECEWISE_BEZIER_KNOTS.);
#6917 = CARTESIAN_POINT('',(4.701941000529,-2.268531999177E-21));
#6918 = CARTESIAN_POINT('',(4.589989692014,7.929526525322E-18));
#6919 = CARTESIAN_POINT('',(4.483670366701,-3.834483813681E-18));
#6920 = CARTESIAN_POINT('',(4.382208689072,6.948595929626E-18));
#6921 = ( GEOMETRIC_REPRESENTATION_CONTEXT(2) 
PARAMETRIC_REPRESENTATION_CONTEXT() REPRESENTATION_CONTEXT('2D SPACE',''
  ) );
#6922 = PCURVE('',#6923,#6928);
#6923 = B_SPLINE_SURFACE_WITH_KNOTS('',1,1,(
    (#6924,#6925)
    ,(#6926,#6927
    )),.UNSPECIFIED.,.F.,.F.,.F.,(2,2),(2,2),(-7.848702062546E-03,
    9.161377015459E-03),(-4.819598467363E-03,6.952467254013E-03),
  .PIECEWISE_BEZIER_KNOTS.);
#6924 = CARTESIAN_POINT('',(12.124281774301,37.31470241684,
    19.200817483812));
#6925 = CARTESIAN_POINT('',(0.928381959731,40.952470783644,
    19.200817483812));
#6926 = CARTESIAN_POINT('',(6.867878263536,21.137155867007,
    19.200817483812));
#6927 = CARTESIAN_POINT('',(-4.328021551034,24.774924233812,
    19.200817483812));
#6928 = DEFINITIONAL_REPRESENTATION('',(#6929),#6933);
#6929 = ( BOUNDED_CURVE() B_SPLINE_CURVE(2,(#6930,#6931,#6932),
.UNSPECIFIED.,.F.,.F.) B_SPLINE_CURVE_WITH_KNOTS((3,3),(5.978450819781,
6.28318530718),.PIECEWISE_BEZIER_KNOTS.) CURVE() 
GEOMETRIC_REPRESENTATION_ITEM() RATIONAL_B_SPLINE_CURVE((1.,
0.988414551331,1.)) REPRESENTATION_ITEM('') );
#6930 = CARTESIAN_POINT('',(-6.041014197558E-03,6.952467254013E-03));
#6931 = CARTESIAN_POINT('',(-7.848702062546E-03,1.205226322226E-03));
#6932 = CARTESIAN_POINT('',(-7.848702062546E-03,-4.819598467363E-03));
#6933 = ( GEOMETRIC_REPRESENTATION_CONTEXT(2) 
PARAMETRIC_REPRESENTATION_CONTEXT() REPRESENTATION_CONTEXT('2D SPACE',''
  ) );
#6934 = ORIENTED_EDGE('',*,*,#6935,.F.);
#6935 = EDGE_CURVE('',#6936,#6907,#6938,.T.);
#6936 = VERTEX_POINT('',#6937);
#6937 = CARTESIAN_POINT('',(12.475420878415,37.198778191043,
    19.200817483812));
#6938 = SURFACE_CURVE('',#6939,(#6943,#6950),.PCURVE_S1.);
#6939 = ( BOUNDED_CURVE() B_SPLINE_CURVE(2,(#6940,#6941,#6942),
.UNSPECIFIED.,.F.,.F.) B_SPLINE_CURVE_WITH_KNOTS((3,3),(4.388804937065,
4.398229715026),.PIECEWISE_BEZIER_KNOTS.) CURVE() 
GEOMETRIC_REPRESENTATION_ITEM() RATIONAL_B_SPLINE_CURVE((1.,
0.999988896716,1.)) REPRESENTATION_ITEM('') );
#6940 = CARTESIAN_POINT('',(12.475420878415,37.198778191043,
    19.200817483812));
#6941 = CARTESIAN_POINT('',(12.300124468402,37.257567662088,
    19.200817483812));
#6942 = CARTESIAN_POINT('',(12.124281774301,37.31470241684,
    19.200817483812));
#6943 = PCURVE('',#6793,#6944);
#6944 = DEFINITIONAL_REPRESENTATION('',(#6945),#6949);
#6945 = B_SPLINE_CURVE_WITH_KNOTS('',2,(#6946,#6947,#6948),
  .UNSPECIFIED.,.F.,.F.,(3,3),(4.388804937065,4.398229715026),
  .PIECEWISE_BEZIER_KNOTS.);
#6946 = CARTESIAN_POINT('',(4.372769040657,3.45959585982E-18));
#6947 = CARTESIAN_POINT('',(4.377483580502,8.390450777353E-18));
#6948 = CARTESIAN_POINT('',(4.382208689072,6.948595929626E-18));
#6949 = ( GEOMETRIC_REPRESENTATION_CONTEXT(2) 
PARAMETRIC_REPRESENTATION_CONTEXT() REPRESENTATION_CONTEXT('2D SPACE',''
  ) );
#6950 = PCURVE('',#6951,#6956);
#6951 = B_SPLINE_SURFACE_WITH_KNOTS('',1,1,(
    (#6952,#6953)
    ,(#6954,#6955
    )),.UNSPECIFIED.,.F.,.F.,.F.,(2,2),(2,2),(7.144888376833E-03,
    1.247542087841E-02),(2.205706121798E-02,3.731470241684E-02),
  .PIECEWISE_BEZIER_KNOTS.);
#6952 = CARTESIAN_POINT('',(7.144888376833,22.057061217984,
    19.200817483812));
#6953 = CARTESIAN_POINT('',(7.144888376833,37.31470241684,
    19.200817483812));
#6954 = CARTESIAN_POINT('',(12.475420878415,22.057061217984,
    19.200817483812));
#6955 = CARTESIAN_POINT('',(12.475420878415,37.31470241684,
    19.200817483812));
#6956 = DEFINITIONAL_REPRESENTATION('',(#6957),#6961);
#6957 = ( BOUNDED_CURVE() B_SPLINE_CURVE(2,(#6958,#6959,#6960),
.UNSPECIFIED.,.F.,.F.) B_SPLINE_CURVE_WITH_KNOTS((3,3),(4.388804937065,
4.398229715026),.PIECEWISE_BEZIER_KNOTS.) CURVE() 
GEOMETRIC_REPRESENTATION_ITEM() RATIONAL_B_SPLINE_CURVE((1.,
0.999988896716,1.)) REPRESENTATION_ITEM('') );
#6958 = CARTESIAN_POINT('',(1.247542087841E-02,3.719877819104E-02));
#6959 = CARTESIAN_POINT('',(1.23001244684E-02,3.725756766209E-02));
#6960 = CARTESIAN_POINT('',(1.21242817743E-02,3.731470241684E-02));
#6961 = ( GEOMETRIC_REPRESENTATION_CONTEXT(2) 
PARAMETRIC_REPRESENTATION_CONTEXT() REPRESENTATION_CONTEXT('2D SPACE',''
  ) );
#6962 = ORIENTED_EDGE('',*,*,#6963,.T.);
#6963 = EDGE_CURVE('',#6936,#6964,#6966,.T.);
#6964 = VERTEX_POINT('',#6965);
#6965 = CARTESIAN_POINT('',(23.061754373695,31.741781774301,
    19.200817483812));
#6966 = SURFACE_CURVE('',#6967,(#6971,#6979),.PCURVE_S1.);
#6967 = ( BOUNDED_CURVE() B_SPLINE_CURVE(2,(#6968,#6969,#6970),
.UNSPECIFIED.,.F.,.F.) B_SPLINE_CURVE_WITH_KNOTS((3,3),(5.978450819781,
6.28318530718),.PIECEWISE_BEZIER_KNOTS.) CURVE() 
GEOMETRIC_REPRESENTATION_ITEM() RATIONAL_B_SPLINE_CURVE((1.,
0.988414551331,1.)) REPRESENTATION_ITEM('') );
#6968 = CARTESIAN_POINT('',(12.475420878415,37.198778191043,
    19.200817483812));
#6969 = CARTESIAN_POINT('',(18.187568730786,35.283084933267,
    19.200817483812));
#6970 = CARTESIAN_POINT('',(23.061754373695,31.741781774301,
    19.200817483812));
#6971 = PCURVE('',#6793,#6972);
#6972 = DEFINITIONAL_REPRESENTATION('',(#6973),#6978);
#6973 = B_SPLINE_CURVE_WITH_KNOTS('',3,(#6974,#6975,#6976,#6977),
  .UNSPECIFIED.,.F.,.F.,(4,4),(5.978450819781,6.28318530718),
  .PIECEWISE_BEZIER_KNOTS.);
#6974 = CARTESIAN_POINT('',(4.372769040657,3.45959585982E-18));
#6975 = CARTESIAN_POINT('',(4.271537109764,-6.189492080107E-18));
#6976 = CARTESIAN_POINT('',(4.172743013305,8.936522415857E-18));
#6977 = CARTESIAN_POINT('',(4.076218610597,3.471969389606E-18));
#6978 = ( GEOMETRIC_REPRESENTATION_CONTEXT(2) 
PARAMETRIC_REPRESENTATION_CONTEXT() REPRESENTATION_CONTEXT('2D SPACE',''
  ) );
#6979 = PCURVE('',#6980,#6985);
#6980 = B_SPLINE_SURFACE_WITH_KNOTS('',1,1,(
    (#6981,#6982)
    ,(#6983,#6984
    )),.UNSPECIFIED.,.F.,.F.,.F.,(2,2),(2,2),(-7.848702062546E-03,
    9.161377015459E-03),(-4.819598467363E-03,6.952467254013E-03),
  .PIECEWISE_BEZIER_KNOTS.);
#6981 = CARTESIAN_POINT('',(23.061754373695,31.741781774301,
    19.200817483812));
#6982 = CARTESIAN_POINT('',(13.537953146203,38.661228394344,
    19.200817483812));
#6983 = CARTESIAN_POINT('',(13.063480751315,17.980338724533,
    19.200817483812));
#6984 = CARTESIAN_POINT('',(3.539679523823,24.899785344576,
    19.200817483812));
#6985 = DEFINITIONAL_REPRESENTATION('',(#6986),#6990);
#6986 = ( BOUNDED_CURVE() B_SPLINE_CURVE(2,(#6987,#6988,#6989),
.UNSPECIFIED.,.F.,.F.) B_SPLINE_CURVE_WITH_KNOTS((3,3),(5.978450819781,
6.28318530718),.PIECEWISE_BEZIER_KNOTS.) CURVE() 
GEOMETRIC_REPRESENTATION_ITEM() RATIONAL_B_SPLINE_CURVE((1.,
0.988414551331,1.)) REPRESENTATION_ITEM('') );
#6987 = CARTESIAN_POINT('',(-6.041014197558E-03,6.952467254013E-03));
#6988 = CARTESIAN_POINT('',(-7.848702062546E-03,1.205226322226E-03));
#6989 = CARTESIAN_POINT('',(-7.848702062546E-03,-4.819598467363E-03));
#6990 = ( GEOMETRIC_REPRESENTATION_CONTEXT(2) 
PARAMETRIC_REPRESENTATION_CONTEXT() REPRESENTATION_CONTEXT('2D SPACE',''
  ) );
#6991 = ORIENTED_EDGE('',*,*,#6992,.F.);
#6992 = EDGE_CURVE('',#6993,#6964,#6995,.T.);
#6993 = VERTEX_POINT('',#6994);
#6994 = CARTESIAN_POINT('',(23.359884950957,31.523023333399,
    19.200817483812));
#6995 = SURFACE_CURVE('',#6996,(#7000,#7007),.PCURVE_S1.);
#6996 = ( BOUNDED_CURVE() B_SPLINE_CURVE(2,(#6997,#6998,#6999),
.UNSPECIFIED.,.F.,.F.) B_SPLINE_CURVE_WITH_KNOTS((3,3),(4.074645671706,
4.084070449667),.PIECEWISE_BEZIER_KNOTS.) CURVE() 
GEOMETRIC_REPRESENTATION_ITEM() RATIONAL_B_SPLINE_CURVE((1.,
0.999988896716,1.)) REPRESENTATION_ITEM('') );
#6997 = CARTESIAN_POINT('',(23.359884950957,31.523023333399,
    19.200817483812));
#6998 = CARTESIAN_POINT('',(23.211335103575,31.633105012673,
    19.200817483812));
#6999 = CARTESIAN_POINT('',(23.061754373695,31.741781774301,
    19.200817483812));
#7000 = PCURVE('',#6793,#7001);
#7001 = DEFINITIONAL_REPRESENTATION('',(#7002),#7006);
#7002 = B_SPLINE_CURVE_WITH_KNOTS('',2,(#7003,#7004,#7005),
  .UNSPECIFIED.,.F.,.F.,(3,3),(4.074645671706,4.084070449667),
  .PIECEWISE_BEZIER_KNOTS.);
#7003 = CARTESIAN_POINT('',(4.067231282861,6.941282108109E-18));
#7004 = CARTESIAN_POINT('',(4.071723330342,6.661182723643E-18));
#7005 = CARTESIAN_POINT('',(4.076218610597,3.471972015045E-18));
#7006 = ( GEOMETRIC_REPRESENTATION_CONTEXT(2) 
PARAMETRIC_REPRESENTATION_CONTEXT() REPRESENTATION_CONTEXT('2D SPACE',''
  ) );
#7007 = PCURVE('',#7008,#7013);
#7008 = B_SPLINE_SURFACE_WITH_KNOTS('',1,1,(
    (#7009,#7010)
    ,(#7011,#7012
    )),.UNSPECIFIED.,.F.,.F.,.F.,(2,2),(2,2),(1.364256644104E-02,
    2.335988495096E-02),(1.867460788608E-02,3.17417817743E-02),
  .PIECEWISE_BEZIER_KNOTS.);
#7009 = CARTESIAN_POINT('',(13.642566441038,18.674607886078,
    19.200817483812));
#7010 = CARTESIAN_POINT('',(13.642566441038,31.741781774301,
    19.200817483812));
#7011 = CARTESIAN_POINT('',(23.359884950957,18.674607886078,
    19.200817483812));
#7012 = CARTESIAN_POINT('',(23.359884950957,31.741781774301,
    19.200817483812));
#7013 = DEFINITIONAL_REPRESENTATION('',(#7014),#7018);
#7014 = ( BOUNDED_CURVE() B_SPLINE_CURVE(2,(#7015,#7016,#7017),
.UNSPECIFIED.,.F.,.F.) B_SPLINE_CURVE_WITH_KNOTS((3,3),(4.074645671706,
4.084070449667),.PIECEWISE_BEZIER_KNOTS.) CURVE() 
GEOMETRIC_REPRESENTATION_ITEM() RATIONAL_B_SPLINE_CURVE((1.,
0.999988896716,1.)) REPRESENTATION_ITEM('') );
#7015 = CARTESIAN_POINT('',(2.335988495096E-02,3.15230233334E-02));
#7016 = CARTESIAN_POINT('',(2.321133510357E-02,3.163310501267E-02));
#7017 = CARTESIAN_POINT('',(2.30617543737E-02,3.17417817743E-02));
#7018 = ( GEOMETRIC_REPRESENTATION_CONTEXT(2) 
PARAMETRIC_REPRESENTATION_CONTEXT() REPRESENTATION_CONTEXT('2D SPACE',''
  ) );
#7019 = ORIENTED_EDGE('',*,*,#7020,.T.);
#7020 = EDGE_CURVE('',#6993,#7021,#7023,.T.);
#7021 = VERTEX_POINT('',#7022);
#7022 = CARTESIAN_POINT('',(31.741781774301,23.061754373695,
    19.200817483812));
#7023 = SURFACE_CURVE('',#7024,(#7028,#7035),.PCURVE_S1.);
#7024 = ( BOUNDED_CURVE() B_SPLINE_CURVE(2,(#7025,#7026,#7027),
.UNSPECIFIED.,.F.,.F.) B_SPLINE_CURVE_WITH_KNOTS((3,3),(5.978450819781,
6.28318530718),.PIECEWISE_BEZIER_KNOTS.) CURVE() 
GEOMETRIC_REPRESENTATION_ITEM() RATIONAL_B_SPLINE_CURVE((1.,
0.988414551331,1.)) REPRESENTATION_ITEM('') );
#7025 = CARTESIAN_POINT('',(23.359884950957,31.523023333399,
    19.200817483812));
#7026 = CARTESIAN_POINT('',(28.200478615335,27.935940016604,
    19.200817483812));
#7027 = CARTESIAN_POINT('',(31.741781774301,23.061754373695,
    19.200817483812));
#7028 = PCURVE('',#6793,#7029);
#7029 = DEFINITIONAL_REPRESENTATION('',(#7030),#7034);
#7030 = B_SPLINE_CURVE_WITH_KNOTS('',2,(#7031,#7032,#7033),
  .UNSPECIFIED.,.F.,.F.,(3,3),(5.978450819781,6.28318530718),
  .PIECEWISE_BEZIER_KNOTS.);
#7031 = CARTESIAN_POINT('',(4.067231282861,6.941282108107E-18));
#7032 = CARTESIAN_POINT('',(3.922549214521,-7.278111786609E-18));
#7033 = CARTESIAN_POINT('',(3.777763023377,3.471972015045E-18));
#7034 = ( GEOMETRIC_REPRESENTATION_CONTEXT(2) 
PARAMETRIC_REPRESENTATION_CONTEXT() REPRESENTATION_CONTEXT('2D SPACE',''
  ) );
#7035 = PCURVE('',#7036,#7041);
#7036 = B_SPLINE_SURFACE_WITH_KNOTS('',1,1,(
    (#7037,#7038)
    ,(#7039,#7040
    )),.UNSPECIFIED.,.F.,.F.,.F.,(2,2),(2,2),(-7.848702062546E-03,
    9.161377015459E-03),(-4.819598467363E-03,6.952467254013E-03),
  .PIECEWISE_BEZIER_KNOTS.);
#7037 = CARTESIAN_POINT('',(31.741781774301,23.061754373695,
    19.200817483812));
#7038 = CARTESIAN_POINT('',(24.822335154258,32.585555601188,
    19.200817483812));
#7039 = CARTESIAN_POINT('',(17.980338724533,13.063480751315,
    19.200817483812));
#7040 = CARTESIAN_POINT('',(11.06089210449,22.587281978807,
    19.200817483812));
#7041 = DEFINITIONAL_REPRESENTATION('',(#7042),#7046);
#7042 = ( BOUNDED_CURVE() B_SPLINE_CURVE(2,(#7043,#7044,#7045),
.UNSPECIFIED.,.F.,.F.) B_SPLINE_CURVE_WITH_KNOTS((3,3),(5.978450819781,
6.28318530718),.PIECEWISE_BEZIER_KNOTS.) CURVE() 
GEOMETRIC_REPRESENTATION_ITEM() RATIONAL_B_SPLINE_CURVE((1.,
0.988414551331,1.)) REPRESENTATION_ITEM('') );
#7043 = CARTESIAN_POINT('',(-6.041014197558E-03,6.952467254013E-03));
#7044 = CARTESIAN_POINT('',(-7.848702062546E-03,1.205226322226E-03));
#7045 = CARTESIAN_POINT('',(-7.848702062546E-03,-4.819598467363E-03));
#7046 = ( GEOMETRIC_REPRESENTATION_CONTEXT(2) 
PARAMETRIC_REPRESENTATION_CONTEXT() REPRESENTATION_CONTEXT('2D SPACE',''
  ) );
#7047 = ORIENTED_EDGE('',*,*,#7048,.F.);
#7048 = EDGE_CURVE('',#7049,#7021,#7051,.T.);
#7049 = VERTEX_POINT('',#7050);
#7050 = CARTESIAN_POINT('',(31.957720726611,22.761575318064,
    19.200817483812));
#7051 = SURFACE_CURVE('',#7052,(#7056,#7063),.PCURVE_S1.);
#7052 = ( BOUNDED_CURVE() B_SPLINE_CURVE(2,(#7053,#7054,#7055),
.UNSPECIFIED.,.F.,.F.) B_SPLINE_CURVE_WITH_KNOTS((3,3),(3.760486406347,
3.769911184308),.PIECEWISE_BEZIER_KNOTS.) CURVE() 
GEOMETRIC_REPRESENTATION_ITEM() RATIONAL_B_SPLINE_CURVE((1.,
0.999988896716,1.)) REPRESENTATION_ITEM('') );
#7053 = CARTESIAN_POINT('',(31.957720726611,22.761575318064,
    19.200817483812));
#7054 = CARTESIAN_POINT('',(31.850458535929,22.912173643816,
    19.200817483812));
#7055 = CARTESIAN_POINT('',(31.741781774301,23.061754373695,
    19.200817483812));
#7056 = PCURVE('',#6793,#7057);
#7057 = DEFINITIONAL_REPRESENTATION('',(#7058),#7062);
#7058 = B_SPLINE_CURVE_WITH_KNOTS('',2,(#7059,#7060,#7061),
  .UNSPECIFIED.,.F.,.F.,(3,3),(3.760486406347,3.769911184308),
  .PIECEWISE_BEZIER_KNOTS.);
#7059 = CARTESIAN_POINT('',(3.768769026803,3.472111723429E-18));
#7060 = CARTESIAN_POINT('',(3.773267743159,1.540739686359E-18));
#7061 = CARTESIAN_POINT('',(3.777763023377,3.471972015048E-18));
#7062 = ( GEOMETRIC_REPRESENTATION_CONTEXT(2) 
PARAMETRIC_REPRESENTATION_CONTEXT() REPRESENTATION_CONTEXT('2D SPACE',''
  ) );
#7063 = PCURVE('',#7064,#7069);
#7064 = B_SPLINE_SURFACE_WITH_KNOTS('',1,1,(
    (#7065,#7066)
    ,(#7067,#7068
    )),.UNSPECIFIED.,.F.,.F.,.F.,(2,2),(2,2),(1.880481504864E-02,
    3.195772072661E-02),(1.346415382064E-02,2.30617543737E-02),
  .PIECEWISE_BEZIER_KNOTS.);
#7065 = CARTESIAN_POINT('',(18.804815048644,13.46415382064,
    19.200817483812));
#7066 = CARTESIAN_POINT('',(18.804815048644,23.061754373695,
    19.200817483812));
#7067 = CARTESIAN_POINT('',(31.957720726611,13.46415382064,
    19.200817483812));
#7068 = CARTESIAN_POINT('',(31.957720726611,23.061754373695,
    19.200817483812));
#7069 = DEFINITIONAL_REPRESENTATION('',(#7070),#7074);
#7070 = ( BOUNDED_CURVE() B_SPLINE_CURVE(2,(#7071,#7072,#7073),
.UNSPECIFIED.,.F.,.F.) B_SPLINE_CURVE_WITH_KNOTS((3,3),(3.760486406347,
3.769911184308),.PIECEWISE_BEZIER_KNOTS.) CURVE() 
GEOMETRIC_REPRESENTATION_ITEM() RATIONAL_B_SPLINE_CURVE((1.,
0.999988896716,1.)) REPRESENTATION_ITEM('') );
#7071 = CARTESIAN_POINT('',(3.195772072661E-02,2.276157531806E-02));
#7072 = CARTESIAN_POINT('',(3.185045853593E-02,2.291217364382E-02));
#7073 = CARTESIAN_POINT('',(3.17417817743E-02,2.30617543737E-02));
#7074 = ( GEOMETRIC_REPRESENTATION_CONTEXT(2) 
PARAMETRIC_REPRESENTATION_CONTEXT() REPRESENTATION_CONTEXT('2D SPACE',''
  ) );
#7075 = ORIENTED_EDGE('',*,*,#7076,.T.);
#7076 = EDGE_CURVE('',#7049,#7077,#7079,.T.);
#7077 = VERTEX_POINT('',#7078);
#7078 = CARTESIAN_POINT('',(37.31470241684,12.124281774301,
    19.200817483812));
#7079 = SURFACE_CURVE('',#7080,(#7084,#7092),.PCURVE_S1.);
#7080 = ( BOUNDED_CURVE() B_SPLINE_CURVE(2,(#7081,#7082,#7083),
.UNSPECIFIED.,.F.,.F.) B_SPLINE_CURVE_WITH_KNOTS((3,3),(5.978450819781,
6.28318530718),.PIECEWISE_BEZIER_KNOTS.) CURVE() 
GEOMETRIC_REPRESENTATION_ITEM() RATIONAL_B_SPLINE_CURVE((1.,
0.988414551331,1.)) REPRESENTATION_ITEM('') );
#7081 = CARTESIAN_POINT('',(31.957720726611,22.761575318064,
    19.200817483812));
#7082 = CARTESIAN_POINT('',(35.452929168726,17.854230649976,
    19.200817483812));
#7083 = CARTESIAN_POINT('',(37.31470241684,12.124281774301,
    19.200817483812));
#7084 = PCURVE('',#6793,#7085);
#7085 = DEFINITIONAL_REPRESENTATION('',(#7086),#7091);
#7086 = B_SPLINE_CURVE_WITH_KNOTS('',3,(#7087,#7088,#7089,#7090),
  .UNSPECIFIED.,.F.,.F.,(4,4),(5.978450819781,6.28318530718),
  .PIECEWISE_BEZIER_KNOTS.);
#7087 = CARTESIAN_POINT('',(3.768769026803,3.466788364148E-18));
#7088 = CARTESIAN_POINT('',(3.67217081607,8.415825583612E-18));
#7089 = CARTESIAN_POINT('',(3.573231784211,-7.376205646386E-18));
#7090 = CARTESIAN_POINT('',(3.471772944902,6.948655050088E-18));
#7091 = ( GEOMETRIC_REPRESENTATION_CONTEXT(2) 
PARAMETRIC_REPRESENTATION_CONTEXT() REPRESENTATION_CONTEXT('2D SPACE',''
  ) );
#7092 = PCURVE('',#7093,#7098);
#7093 = B_SPLINE_SURFACE_WITH_KNOTS('',1,1,(
    (#7094,#7095)
    ,(#7096,#7097
    )),.UNSPECIFIED.,.F.,.F.,.F.,(2,2),(2,2),(-7.848702062546E-03,
    9.161377015459E-03),(-4.819598467363E-03,6.952467254013E-03),
  .PIECEWISE_BEZIER_KNOTS.);
#7094 = CARTESIAN_POINT('',(37.31470241684,12.124281774301,
    19.200817483812));
#7095 = CARTESIAN_POINT('',(33.676934050036,23.320181588871,
    19.200817483812));
#7096 = CARTESIAN_POINT('',(21.137155867007,6.867878263536,
    19.200817483812));
#7097 = CARTESIAN_POINT('',(17.499387500203,18.063778078106,
    19.200817483812));
#7098 = DEFINITIONAL_REPRESENTATION('',(#7099),#7103);
#7099 = ( BOUNDED_CURVE() B_SPLINE_CURVE(2,(#7100,#7101,#7102),
.UNSPECIFIED.,.F.,.F.) B_SPLINE_CURVE_WITH_KNOTS((3,3),(5.978450819781,
6.28318530718),.PIECEWISE_BEZIER_KNOTS.) CURVE() 
GEOMETRIC_REPRESENTATION_ITEM() RATIONAL_B_SPLINE_CURVE((1.,
0.988414551331,1.)) REPRESENTATION_ITEM('') );
#7100 = CARTESIAN_POINT('',(-6.041014197558E-03,6.952467254013E-03));
#7101 = CARTESIAN_POINT('',(-7.848702062546E-03,1.205226322226E-03));
#7102 = CARTESIAN_POINT('',(-7.848702062546E-03,-4.819598467363E-03));
#7103 = ( GEOMETRIC_REPRESENTATION_CONTEXT(2) 
PARAMETRIC_REPRESENTATION_CONTEXT() REPRESENTATION_CONTEXT('2D SPACE',''
  ) );
#7104 = ORIENTED_EDGE('',*,*,#7105,.F.);
#7105 = EDGE_CURVE('',#7106,#7077,#7108,.T.);
#7106 = VERTEX_POINT('',#7107);
#7107 = CARTESIAN_POINT('',(37.427312135012,11.772065721376,
    19.200817483812));
#7108 = SURFACE_CURVE('',#7109,(#7113,#7120),.PCURVE_S1.);
#7109 = ( BOUNDED_CURVE() B_SPLINE_CURVE(2,(#7110,#7111,#7112),
.UNSPECIFIED.,.F.,.F.) B_SPLINE_CURVE_WITH_KNOTS((3,3),(3.446327140988,
3.455751918949),.PIECEWISE_BEZIER_KNOTS.) CURVE() 
GEOMETRIC_REPRESENTATION_ITEM() RATIONAL_B_SPLINE_CURVE((1.,
0.999988896716,1.)) REPRESENTATION_ITEM('') );
#7110 = CARTESIAN_POINT('',(37.427312135012,11.772065721376,
    19.200817483812));
#7111 = CARTESIAN_POINT('',(37.371837171592,11.9484390802,
    19.200817483812));
#7112 = CARTESIAN_POINT('',(37.31470241684,12.124281774301,
    19.200817483812));
#7113 = PCURVE('',#6793,#7114);
#7114 = DEFINITIONAL_REPRESENTATION('',(#7115),#7119);
#7115 = B_SPLINE_CURVE_WITH_KNOTS('',2,(#7116,#7117,#7118),
  .UNSPECIFIED.,.F.,.F.,(3,3),(3.446327140988,3.455751918949),
  .PIECEWISE_BEZIER_KNOTS.);
#7116 = CARTESIAN_POINT('',(3.462311913148,3.479282651391E-18));
#7117 = CARTESIAN_POINT('',(3.467047836462,7.263568038288E-18));
#7118 = CARTESIAN_POINT('',(3.471772944902,6.948595929626E-18));
#7119 = ( GEOMETRIC_REPRESENTATION_CONTEXT(2) 
PARAMETRIC_REPRESENTATION_CONTEXT() REPRESENTATION_CONTEXT('2D SPACE',''
  ) );
#7120 = PCURVE('',#7121,#7126);
#7121 = B_SPLINE_SURFACE_WITH_KNOTS('',1,1,(
    (#7122,#7123)
    ,(#7124,#7125
    )),.UNSPECIFIED.,.F.,.F.,.F.,(2,2),(2,2),(2.212631733844E-02,
    3.742731213501E-02),(6.935734568961E-03,1.21242817743E-02),
  .PIECEWISE_BEZIER_KNOTS.);
#7122 = CARTESIAN_POINT('',(22.126317338439,6.935734568961,
    19.200817483812));
#7123 = CARTESIAN_POINT('',(22.126317338439,12.124281774301,
    19.200817483812));
#7124 = CARTESIAN_POINT('',(37.427312135012,6.935734568961,
    19.200817483812));
#7125 = CARTESIAN_POINT('',(37.427312135012,12.124281774301,
    19.200817483812));
#7126 = DEFINITIONAL_REPRESENTATION('',(#7127),#7131);
#7127 = ( BOUNDED_CURVE() B_SPLINE_CURVE(2,(#7128,#7129,#7130),
.UNSPECIFIED.,.F.,.F.) B_SPLINE_CURVE_WITH_KNOTS((3,3),(3.446327140988,
3.455751918949),.PIECEWISE_BEZIER_KNOTS.) CURVE() 
GEOMETRIC_REPRESENTATION_ITEM() RATIONAL_B_SPLINE_CURVE((1.,
0.999988896716,1.)) REPRESENTATION_ITEM('') );
#7128 = CARTESIAN_POINT('',(3.742731213501E-02,1.177206572138E-02));
#7129 = CARTESIAN_POINT('',(3.737183717159E-02,1.19484390802E-02));
#7130 = CARTESIAN_POINT('',(3.731470241684E-02,1.21242817743E-02));
#7131 = ( GEOMETRIC_REPRESENTATION_CONTEXT(2) 
PARAMETRIC_REPRESENTATION_CONTEXT() REPRESENTATION_CONTEXT('2D SPACE',''
  ) );
#7132 = ORIENTED_EDGE('',*,*,#7133,.F.);
#7133 = EDGE_CURVE('',#6784,#7106,#7134,.T.);
#7134 = SURFACE_CURVE('',#7135,(#7139,#7147),.PCURVE_S1.);
#7135 = ( BOUNDED_CURVE() B_SPLINE_CURVE(2,(#7136,#7137,#7138),
.UNSPECIFIED.,.F.,.F.) B_SPLINE_CURVE_WITH_KNOTS((3,3),(3.14159265359,
3.446327140988),.PIECEWISE_BEZIER_KNOTS.) CURVE() 
GEOMETRIC_REPRESENTATION_ITEM() RATIONAL_B_SPLINE_CURVE((1.,
0.988414551331,1.)) REPRESENTATION_ITEM('') );
#7136 = CARTESIAN_POINT('',(39.235,-4.804901716455E-15,19.200817483812)
  );
#7137 = CARTESIAN_POINT('',(39.235,6.024824789589,19.200817483812));
#7138 = CARTESIAN_POINT('',(37.427312135012,11.772065721376,
    19.200817483812));
#7139 = PCURVE('',#6793,#7140);
#7140 = DEFINITIONAL_REPRESENTATION('',(#7141),#7146);
#7141 = B_SPLINE_CURVE_WITH_KNOTS('',3,(#7142,#7143,#7144,#7145),
  .UNSPECIFIED.,.F.,.F.,(4,4),(3.14159265359,3.446327140988),
  .PIECEWISE_BEZIER_KNOTS.);
#7142 = CARTESIAN_POINT('',(3.14159265359,0.));
#7143 = CARTESIAN_POINT('',(3.253978810931,8.930138868926E-18));
#7144 = CARTESIAN_POINT('',(3.360617882377,1.792465998627E-18));
#7145 = CARTESIAN_POINT('',(3.462311913148,3.479282651391E-18));
#7146 = ( GEOMETRIC_REPRESENTATION_CONTEXT(2) 
PARAMETRIC_REPRESENTATION_CONTEXT() REPRESENTATION_CONTEXT('2D SPACE',''
  ) );
#7147 = PCURVE('',#7148,#7153);
#7148 = B_SPLINE_SURFACE_WITH_KNOTS('',1,1,(
    (#7149,#7150)
    ,(#7151,#7152
    )),.UNSPECIFIED.,.F.,.F.,.F.,(2,2),(2,2),(2.222492092199E-02,
    3.9235E-02),(-3.714965623783E-18,1.177206572138E-02),
  .PIECEWISE_BEZIER_KNOTS.);
#7149 = CARTESIAN_POINT('',(22.224920921995,-4.804901716455E-15,
    19.200817483812));
#7150 = CARTESIAN_POINT('',(22.224920921995,11.772065721376,
    19.200817483812));
#7151 = CARTESIAN_POINT('',(39.235,-4.804901716455E-15,19.200817483812)
  );
#7152 = CARTESIAN_POINT('',(39.235,11.772065721376,19.200817483812));
#7153 = DEFINITIONAL_REPRESENTATION('',(#7154),#7158);
#7154 = ( BOUNDED_CURVE() B_SPLINE_CURVE(2,(#7155,#7156,#7157),
.UNSPECIFIED.,.F.,.F.) B_SPLINE_CURVE_WITH_KNOTS((3,3),(3.14159265359,
3.446327140988),.PIECEWISE_BEZIER_KNOTS.) CURVE() 
GEOMETRIC_REPRESENTATION_ITEM() RATIONAL_B_SPLINE_CURVE((1.,
0.988414551331,1.)) REPRESENTATION_ITEM('') );
#7155 = CARTESIAN_POINT('',(3.9235E-02,-3.714965623783E-18));
#7156 = CARTESIAN_POINT('',(3.9235E-02,6.024824789589E-03));
#7157 = CARTESIAN_POINT('',(3.742731213501E-02,1.177206572138E-02));
#7158 = ( GEOMETRIC_REPRESENTATION_CONTEXT(2) 
PARAMETRIC_REPRESENTATION_CONTEXT() REPRESENTATION_CONTEXT('2D SPACE',''
  ) );
#7159 = ADVANCED_FACE('',(#7160),#6807,.F.);
#7160 = FACE_BOUND('',#7161,.F.);
#7161 = EDGE_LOOP('',(#7162,#7193,#7214,#7215,#7243,#7272,#7300,#7329,
    #7357,#7385,#7413,#7442,#7470));
#7162 = ORIENTED_EDGE('',*,*,#7163,.T.);
#7163 = EDGE_CURVE('',#7164,#7166,#7168,.T.);
#7164 = VERTEX_POINT('',#7165);
#7165 = CARTESIAN_POINT('',(-4.625929269271E-15,-39.235,19.200817483812)
  );
#7166 = VERTEX_POINT('',#7167);
#7167 = CARTESIAN_POINT('',(0.,-39.235,21.659463498333));
#7168 = SURFACE_CURVE('',#7169,(#7172,#7179),.PCURVE_S1.);
#7169 = B_SPLINE_CURVE_WITH_KNOTS('',1,(#7170,#7171),.UNSPECIFIED.,.F.,
  .F.,(2,2),(0.,2.458646014521E-03),.PIECEWISE_BEZIER_KNOTS.);
#7170 = CARTESIAN_POINT('',(0.,-39.235,19.200817483812));
#7171 = CARTESIAN_POINT('',(0.,-39.235,21.659463498333));
#7172 = PCURVE('',#6807,#7173);
#7173 = DEFINITIONAL_REPRESENTATION('',(#7174),#7178);
#7174 = B_SPLINE_CURVE_WITH_KNOTS('',2,(#7175,#7176,#7177),
  .UNSPECIFIED.,.F.,.F.,(3,3),(0.,2.458646014521E-03),
  .PIECEWISE_BEZIER_KNOTS.);
#7175 = CARTESIAN_POINT('',(1.570796326795,0.));
#7176 = CARTESIAN_POINT('',(1.570796326795,-1.22932300726E-03));
#7177 = CARTESIAN_POINT('',(1.570796326795,-2.458646014521E-03));
#7178 = ( GEOMETRIC_REPRESENTATION_CONTEXT(2) 
PARAMETRIC_REPRESENTATION_CONTEXT() REPRESENTATION_CONTEXT('2D SPACE',''
  ) );
#7179 = PCURVE('',#7180,#7187);
#7180 = ( BOUNDED_SURFACE() B_SPLINE_SURFACE(2,1,(
    (#7181,#7182)
    ,(#7183,#7184)
    ,(#7185,#7186
)),.UNSPECIFIED.,.F.,.F.,.F.) B_SPLINE_SURFACE_WITH_KNOTS((3,3),(2,2),(
    0.,1.570796326795),(-2.458646014521E-03,0.),
.PIECEWISE_BEZIER_KNOTS.) GEOMETRIC_REPRESENTATION_ITEM() 
RATIONAL_B_SPLINE_SURFACE((
    (1.,1.)
    ,(0.707106781187,0.707106781187)
,(1.,1.))) REPRESENTATION_ITEM('') SURFACE() );
#7181 = CARTESIAN_POINT('',(-39.235,0.,21.659463498333));
#7182 = CARTESIAN_POINT('',(-39.235,0.,19.200817483812));
#7183 = CARTESIAN_POINT('',(-39.235,-39.235,21.659463498333));
#7184 = CARTESIAN_POINT('',(-39.235,-39.235,19.200817483812));
#7185 = CARTESIAN_POINT('',(-2.402450858227E-15,-39.235,21.659463498333)
  );
#7186 = CARTESIAN_POINT('',(-2.402450858227E-15,-39.235,19.200817483812)
  );
#7187 = DEFINITIONAL_REPRESENTATION('',(#7188),#7192);
#7188 = B_SPLINE_CURVE_WITH_KNOTS('',2,(#7189,#7190,#7191),
  .UNSPECIFIED.,.F.,.F.,(3,3),(0.,2.458646014521E-03),
  .PIECEWISE_BEZIER_KNOTS.);
#7189 = CARTESIAN_POINT('',(1.570796326795,0.));
#7190 = CARTESIAN_POINT('',(1.570796326795,-1.22932300726E-03));
#7191 = CARTESIAN_POINT('',(1.570796326795,-2.458646014521E-03));
#7192 = ( GEOMETRIC_REPRESENTATION_CONTEXT(2) 
PARAMETRIC_REPRESENTATION_CONTEXT() REPRESENTATION_CONTEXT('2D SPACE',''
  ) );
#7193 = ORIENTED_EDGE('',*,*,#7194,.T.);
#7194 = EDGE_CURVE('',#7166,#6786,#7195,.T.);
#7195 = SURFACE_CURVE('',#7196,(#7200,#7207),.PCURVE_S1.);
#7196 = ( BOUNDED_CURVE() B_SPLINE_CURVE(2,(#7197,#7198,#7199),
.UNSPECIFIED.,.F.,.F.) B_SPLINE_CURVE_WITH_KNOTS((3,3),(1.570796326795,
3.14159265359),.PIECEWISE_BEZIER_KNOTS.) CURVE() 
GEOMETRIC_REPRESENTATION_ITEM() RATIONAL_B_SPLINE_CURVE((1.,
0.707106781187,1.)) REPRESENTATION_ITEM('') );
#7197 = CARTESIAN_POINT('',(-2.402450858227E-15,-39.235,21.659463498333)
  );
#7198 = CARTESIAN_POINT('',(39.235,-39.235,21.659463498333));
#7199 = CARTESIAN_POINT('',(39.235,-4.804901716455E-15,21.659463498333)
  );
#7200 = PCURVE('',#6807,#7201);
#7201 = DEFINITIONAL_REPRESENTATION('',(#7202),#7206);
#7202 = B_SPLINE_CURVE_WITH_KNOTS('',2,(#7203,#7204,#7205),
  .UNSPECIFIED.,.F.,.F.,(3,3),(1.570796326795,3.14159265359),
  .PIECEWISE_BEZIER_KNOTS.);
#7203 = CARTESIAN_POINT('',(1.570796326795,-2.458646014521E-03));
#7204 = CARTESIAN_POINT('',(2.356194490192,-2.458646014521E-03));
#7205 = CARTESIAN_POINT('',(3.14159265359,-2.458646014521E-03));
#7206 = ( GEOMETRIC_REPRESENTATION_CONTEXT(2) 
PARAMETRIC_REPRESENTATION_CONTEXT() REPRESENTATION_CONTEXT('2D SPACE',''
  ) );
#7207 = PCURVE('',#6837,#7208);
#7208 = DEFINITIONAL_REPRESENTATION('',(#7209),#7213);
#7209 = ( BOUNDED_CURVE() B_SPLINE_CURVE(2,(#7210,#7211,#7212),
.UNSPECIFIED.,.F.,.F.) B_SPLINE_CURVE_WITH_KNOTS((3,3),(1.570796326795,
3.14159265359),.PIECEWISE_BEZIER_KNOTS.) CURVE() 
GEOMETRIC_REPRESENTATION_ITEM() RATIONAL_B_SPLINE_CURVE((1.,
0.707106781187,1.)) REPRESENTATION_ITEM('') );
#7210 = CARTESIAN_POINT('',(-2.180017894606E-18,-3.9235E-02));
#7211 = CARTESIAN_POINT('',(3.9235E-02,-3.9235E-02));
#7212 = CARTESIAN_POINT('',(3.9235E-02,-3.714965623783E-18));
#7213 = ( GEOMETRIC_REPRESENTATION_CONTEXT(2) 
PARAMETRIC_REPRESENTATION_CONTEXT() REPRESENTATION_CONTEXT('2D SPACE',''
  ) );
#7214 = ORIENTED_EDGE('',*,*,#6783,.F.);
#7215 = ORIENTED_EDGE('',*,*,#7216,.F.);
#7216 = EDGE_CURVE('',#7217,#6784,#7219,.T.);
#7217 = VERTEX_POINT('',#7218);
#7218 = CARTESIAN_POINT('',(39.23325746022,-0.369775688924,
    19.200817483812));
#7219 = SURFACE_CURVE('',#7220,(#7224,#7231),.PCURVE_S1.);
#7220 = ( BOUNDED_CURVE() B_SPLINE_CURVE(2,(#7221,#7222,#7223),
.UNSPECIFIED.,.F.,.F.) B_SPLINE_CURVE_WITH_KNOTS((3,3),(3.132167875629,
3.14159265359),.PIECEWISE_BEZIER_KNOTS.) CURVE() 
GEOMETRIC_REPRESENTATION_ITEM() RATIONAL_B_SPLINE_CURVE((1.,
0.999988896716,1.)) REPRESENTATION_ITEM('') );
#7221 = CARTESIAN_POINT('',(39.23325746022,-0.369775688924,
    19.200817483812));
#7222 = CARTESIAN_POINT('',(39.235,-0.184891950255,19.200817483812));
#7223 = CARTESIAN_POINT('',(39.235,-4.804901716455E-15,19.200817483812)
  );
#7224 = PCURVE('',#6807,#7225);
#7225 = DEFINITIONAL_REPRESENTATION('',(#7226),#7230);
#7226 = B_SPLINE_CURVE_WITH_KNOTS('',2,(#7227,#7228,#7229),
  .UNSPECIFIED.,.F.,.F.,(3,3),(3.132167875629,3.14159265359),
  .PIECEWISE_BEZIER_KNOTS.);
#7227 = CARTESIAN_POINT('',(3.131144673734,-2.268531999178E-21));
#7228 = CARTESIAN_POINT('',(3.13635853464,1.624361029289E-17));
#7229 = CARTESIAN_POINT('',(3.14159265359,0.));
#7230 = ( GEOMETRIC_REPRESENTATION_CONTEXT(2) 
PARAMETRIC_REPRESENTATION_CONTEXT() REPRESENTATION_CONTEXT('2D SPACE',''
  ) );
#7231 = PCURVE('',#7232,#7237);
#7232 = B_SPLINE_SURFACE_WITH_KNOTS('',1,1,(
    (#7233,#7234)
    ,(#7235,#7236
    )),.UNSPECIFIED.,.F.,.F.,.F.,(2,2),(2,2),(2.328041571729E-02,
    3.9235E-02),(-3.697756889244E-04,5.218114306117E-05),
  .PIECEWISE_BEZIER_KNOTS.);
#7233 = CARTESIAN_POINT('',(23.28041571729,-0.369775688924,
    19.200817483812));
#7234 = CARTESIAN_POINT('',(23.28041571729,5.218114306117E-02,
    19.200817483812));
#7235 = CARTESIAN_POINT('',(39.235,-0.369775688924,19.200817483812));
#7236 = CARTESIAN_POINT('',(39.235,5.218114306117E-02,19.200817483812));
#7237 = DEFINITIONAL_REPRESENTATION('',(#7238),#7242);
#7238 = ( BOUNDED_CURVE() B_SPLINE_CURVE(2,(#7239,#7240,#7241),
.UNSPECIFIED.,.F.,.F.) B_SPLINE_CURVE_WITH_KNOTS((3,3),(3.132167875629,
3.14159265359),.PIECEWISE_BEZIER_KNOTS.) CURVE() 
GEOMETRIC_REPRESENTATION_ITEM() RATIONAL_B_SPLINE_CURVE((1.,
0.999988896716,1.)) REPRESENTATION_ITEM('') );
#7239 = CARTESIAN_POINT('',(3.923325746022E-02,-3.697756889244E-04));
#7240 = CARTESIAN_POINT('',(3.9235E-02,-1.848919502552E-04));
#7241 = CARTESIAN_POINT('',(3.9235E-02,-3.714965623783E-18));
#7242 = ( GEOMETRIC_REPRESENTATION_CONTEXT(2) 
PARAMETRIC_REPRESENTATION_CONTEXT() REPRESENTATION_CONTEXT('2D SPACE',''
  ) );
#7243 = ORIENTED_EDGE('',*,*,#7244,.T.);
#7244 = EDGE_CURVE('',#7217,#7245,#7247,.T.);
#7245 = VERTEX_POINT('',#7246);
#7246 = CARTESIAN_POINT('',(37.31470241684,-12.1242817743,
    19.200817483812));
#7247 = SURFACE_CURVE('',#7248,(#7252,#7260),.PCURVE_S1.);
#7248 = ( BOUNDED_CURVE() B_SPLINE_CURVE(2,(#7249,#7250,#7251),
.UNSPECIFIED.,.F.,.F.) B_SPLINE_CURVE_WITH_KNOTS((3,3),(5.978450819781,
6.28318530718),.PIECEWISE_BEZIER_KNOTS.) CURVE() 
GEOMETRIC_REPRESENTATION_ITEM() RATIONAL_B_SPLINE_CURVE((1.,
0.988414551331,1.)) REPRESENTATION_ITEM('') );
#7249 = CARTESIAN_POINT('',(39.23325746022,-0.369775688924,
    19.200817483812));
#7250 = CARTESIAN_POINT('',(39.176475664955,-6.394332898626,
    19.200817483812));
#7251 = CARTESIAN_POINT('',(37.31470241684,-12.1242817743,
    19.200817483812));
#7252 = PCURVE('',#6807,#7253);
#7253 = DEFINITIONAL_REPRESENTATION('',(#7254),#7259);
#7254 = B_SPLINE_CURVE_WITH_KNOTS('',3,(#7255,#7256,#7257,#7258),
  .UNSPECIFIED.,.F.,.F.,(4,4),(5.978450819781,6.28318530718),
  .PIECEWISE_BEZIER_KNOTS.);
#7255 = CARTESIAN_POINT('',(3.131144673734,-2.269176338785E-21));
#7256 = CARTESIAN_POINT('',(3.019193365219,4.76043513477E-18));
#7257 = CARTESIAN_POINT('',(2.912874039906,3.78034609013E-18));
#7258 = CARTESIAN_POINT('',(2.811412362277,9.642915513781E-21));
#7259 = ( GEOMETRIC_REPRESENTATION_CONTEXT(2) 
PARAMETRIC_REPRESENTATION_CONTEXT() REPRESENTATION_CONTEXT('2D SPACE',''
  ) );
#7260 = PCURVE('',#7261,#7266);
#7261 = B_SPLINE_SURFACE_WITH_KNOTS('',1,1,(
    (#7262,#7263)
    ,(#7264,#7265
    )),.UNSPECIFIED.,.F.,.F.,.F.,(2,2),(2,2),(-7.848702062546E-03,
    9.161377015459E-03),(-4.819598467363E-03,6.952467254013E-03),
  .PIECEWISE_BEZIER_KNOTS.);
#7262 = CARTESIAN_POINT('',(37.31470241684,-12.1242817743,
    19.200817483812));
#7263 = CARTESIAN_POINT('',(40.952470783644,-0.928381959731,
    19.200817483812));
#7264 = CARTESIAN_POINT('',(21.137155867007,-6.867878263536,
    19.200817483812));
#7265 = CARTESIAN_POINT('',(24.774924233812,4.328021551034,
    19.200817483812));
#7266 = DEFINITIONAL_REPRESENTATION('',(#7267),#7271);
#7267 = ( BOUNDED_CURVE() B_SPLINE_CURVE(2,(#7268,#7269,#7270),
.UNSPECIFIED.,.F.,.F.) B_SPLINE_CURVE_WITH_KNOTS((3,3),(5.978450819781,
6.28318530718),.PIECEWISE_BEZIER_KNOTS.) CURVE() 
GEOMETRIC_REPRESENTATION_ITEM() RATIONAL_B_SPLINE_CURVE((1.,
0.988414551331,1.)) REPRESENTATION_ITEM('') );
#7268 = CARTESIAN_POINT('',(-6.041014197558E-03,6.952467254013E-03));
#7269 = CARTESIAN_POINT('',(-7.848702062546E-03,1.205226322226E-03));
#7270 = CARTESIAN_POINT('',(-7.848702062546E-03,-4.819598467363E-03));
#7271 = ( GEOMETRIC_REPRESENTATION_CONTEXT(2) 
PARAMETRIC_REPRESENTATION_CONTEXT() REPRESENTATION_CONTEXT('2D SPACE',''
  ) );
#7272 = ORIENTED_EDGE('',*,*,#7273,.F.);
#7273 = EDGE_CURVE('',#7274,#7245,#7276,.T.);
#7274 = VERTEX_POINT('',#7275);
#7275 = CARTESIAN_POINT('',(37.198778191043,-12.47542087841,
    19.200817483812));
#7276 = SURFACE_CURVE('',#7277,(#7281,#7288),.PCURVE_S1.);
#7277 = ( BOUNDED_CURVE() B_SPLINE_CURVE(2,(#7278,#7279,#7280),
.UNSPECIFIED.,.F.,.F.) B_SPLINE_CURVE_WITH_KNOTS((3,3),(2.81800861027,
2.827433388231),.PIECEWISE_BEZIER_KNOTS.) CURVE() 
GEOMETRIC_REPRESENTATION_ITEM() RATIONAL_B_SPLINE_CURVE((1.,
0.999988896716,1.)) REPRESENTATION_ITEM('') );
#7278 = CARTESIAN_POINT('',(37.198778191043,-12.47542087841,
    19.200817483812));
#7279 = CARTESIAN_POINT('',(37.257567662088,-12.3001244684,
    19.200817483812));
#7280 = CARTESIAN_POINT('',(37.31470241684,-12.1242817743,
    19.200817483812));
#7281 = PCURVE('',#6807,#7282);
#7282 = DEFINITIONAL_REPRESENTATION('',(#7283),#7287);
#7283 = B_SPLINE_CURVE_WITH_KNOTS('',2,(#7284,#7285,#7286),
  .UNSPECIFIED.,.F.,.F.,(3,3),(2.81800861027,2.827433388231),
  .PIECEWISE_BEZIER_KNOTS.);
#7284 = CARTESIAN_POINT('',(2.801972713862,3.45959585982E-18));
#7285 = CARTESIAN_POINT('',(2.806687253707,8.38340452421E-18));
#7286 = CARTESIAN_POINT('',(2.811412362277,6.948655050088E-18));
#7287 = ( GEOMETRIC_REPRESENTATION_CONTEXT(2) 
PARAMETRIC_REPRESENTATION_CONTEXT() REPRESENTATION_CONTEXT('2D SPACE',''
  ) );
#7288 = PCURVE('',#7289,#7294);
#7289 = B_SPLINE_SURFACE_WITH_KNOTS('',1,1,(
    (#7290,#7291)
    ,(#7292,#7293
    )),.UNSPECIFIED.,.F.,.F.,.F.,(2,2),(2,2),(2.205706121798E-02,
    3.731470241684E-02),(-1.247542087841E-02,-7.144888376833E-03),
  .PIECEWISE_BEZIER_KNOTS.);
#7290 = CARTESIAN_POINT('',(22.057061217984,-12.47542087841,
    19.200817483812));
#7291 = CARTESIAN_POINT('',(22.057061217984,-7.144888376833,
    19.200817483812));
#7292 = CARTESIAN_POINT('',(37.31470241684,-12.47542087841,
    19.200817483812));
#7293 = CARTESIAN_POINT('',(37.31470241684,-7.144888376833,
    19.200817483812));
#7294 = DEFINITIONAL_REPRESENTATION('',(#7295),#7299);
#7295 = ( BOUNDED_CURVE() B_SPLINE_CURVE(2,(#7296,#7297,#7298),
.UNSPECIFIED.,.F.,.F.) B_SPLINE_CURVE_WITH_KNOTS((3,3),(2.81800861027,
2.827433388231),.PIECEWISE_BEZIER_KNOTS.) CURVE() 
GEOMETRIC_REPRESENTATION_ITEM() RATIONAL_B_SPLINE_CURVE((1.,
0.999988896716,1.)) REPRESENTATION_ITEM('') );
#7296 = CARTESIAN_POINT('',(3.719877819104E-02,-1.247542087841E-02));
#7297 = CARTESIAN_POINT('',(3.725756766209E-02,-1.23001244684E-02));
#7298 = CARTESIAN_POINT('',(3.731470241684E-02,-1.21242817743E-02));
#7299 = ( GEOMETRIC_REPRESENTATION_CONTEXT(2) 
PARAMETRIC_REPRESENTATION_CONTEXT() REPRESENTATION_CONTEXT('2D SPACE',''
  ) );
#7300 = ORIENTED_EDGE('',*,*,#7301,.T.);
#7301 = EDGE_CURVE('',#7274,#7302,#7304,.T.);
#7302 = VERTEX_POINT('',#7303);
#7303 = CARTESIAN_POINT('',(31.741781774301,-23.06175437369,
    19.200817483812));
#7304 = SURFACE_CURVE('',#7305,(#7309,#7317),.PCURVE_S1.);
#7305 = ( BOUNDED_CURVE() B_SPLINE_CURVE(2,(#7306,#7307,#7308),
.UNSPECIFIED.,.F.,.F.) B_SPLINE_CURVE_WITH_KNOTS((3,3),(5.978450819781,
6.28318530718),.PIECEWISE_BEZIER_KNOTS.) CURVE() 
GEOMETRIC_REPRESENTATION_ITEM() RATIONAL_B_SPLINE_CURVE((1.,
0.988414551331,1.)) REPRESENTATION_ITEM('') );
#7306 = CARTESIAN_POINT('',(37.198778191043,-12.47542087841,
    19.200817483812));
#7307 = CARTESIAN_POINT('',(35.283084933267,-18.18756873078,
    19.200817483812));
#7308 = CARTESIAN_POINT('',(31.741781774301,-23.06175437369,
    19.200817483812));
#7309 = PCURVE('',#6807,#7310);
#7310 = DEFINITIONAL_REPRESENTATION('',(#7311),#7316);
#7311 = B_SPLINE_CURVE_WITH_KNOTS('',3,(#7312,#7313,#7314,#7315),
  .UNSPECIFIED.,.F.,.F.,(4,4),(5.978450819781,6.28318530718),
  .PIECEWISE_BEZIER_KNOTS.);
#7312 = CARTESIAN_POINT('',(2.801972713862,3.459654176702E-18));
#7313 = CARTESIAN_POINT('',(2.700740782969,6.025706580864E-19));
#7314 = CARTESIAN_POINT('',(2.60194668651,4.60610280132E-18));
#7315 = CARTESIAN_POINT('',(2.505422283802,3.471972015048E-18));
#7316 = ( GEOMETRIC_REPRESENTATION_CONTEXT(2) 
PARAMETRIC_REPRESENTATION_CONTEXT() REPRESENTATION_CONTEXT('2D SPACE',''
  ) );
#7317 = PCURVE('',#7318,#7323);
#7318 = B_SPLINE_SURFACE_WITH_KNOTS('',1,1,(
    (#7319,#7320)
    ,(#7321,#7322
    )),.UNSPECIFIED.,.F.,.F.,.F.,(2,2),(2,2),(-7.848702062546E-03,
    9.161377015459E-03),(-4.819598467363E-03,6.952467254013E-03),
  .PIECEWISE_BEZIER_KNOTS.);
#7319 = CARTESIAN_POINT('',(31.741781774301,-23.06175437369,
    19.200817483812));
#7320 = CARTESIAN_POINT('',(38.661228394344,-13.5379531462,
    19.200817483812));
#7321 = CARTESIAN_POINT('',(17.980338724533,-13.06348075131,
    19.200817483812));
#7322 = CARTESIAN_POINT('',(24.899785344576,-3.539679523823,
    19.200817483812));
#7323 = DEFINITIONAL_REPRESENTATION('',(#7324),#7328);
#7324 = ( BOUNDED_CURVE() B_SPLINE_CURVE(2,(#7325,#7326,#7327),
.UNSPECIFIED.,.F.,.F.) B_SPLINE_CURVE_WITH_KNOTS((3,3),(5.978450819781,
6.28318530718),.PIECEWISE_BEZIER_KNOTS.) CURVE() 
GEOMETRIC_REPRESENTATION_ITEM() RATIONAL_B_SPLINE_CURVE((1.,
0.988414551331,1.)) REPRESENTATION_ITEM('') );
#7325 = CARTESIAN_POINT('',(-6.041014197558E-03,6.952467254013E-03));
#7326 = CARTESIAN_POINT('',(-7.848702062546E-03,1.205226322226E-03));
#7327 = CARTESIAN_POINT('',(-7.848702062546E-03,-4.819598467363E-03));
#7328 = ( GEOMETRIC_REPRESENTATION_CONTEXT(2) 
PARAMETRIC_REPRESENTATION_CONTEXT() REPRESENTATION_CONTEXT('2D SPACE',''
  ) );
#7329 = ORIENTED_EDGE('',*,*,#7330,.F.);
#7330 = EDGE_CURVE('',#7331,#7302,#7333,.T.);
#7331 = VERTEX_POINT('',#7332);
#7332 = CARTESIAN_POINT('',(31.523023333399,-23.35988495095,
    19.200817483812));
#7333 = SURFACE_CURVE('',#7334,(#7338,#7345),.PCURVE_S1.);
#7334 = ( BOUNDED_CURVE() B_SPLINE_CURVE(2,(#7335,#7336,#7337),
.UNSPECIFIED.,.F.,.F.) B_SPLINE_CURVE_WITH_KNOTS((3,3),(2.503849344911,
2.513274122872),.PIECEWISE_BEZIER_KNOTS.) CURVE() 
GEOMETRIC_REPRESENTATION_ITEM() RATIONAL_B_SPLINE_CURVE((1.,
0.999988896716,1.)) REPRESENTATION_ITEM('') );
#7335 = CARTESIAN_POINT('',(31.523023333399,-23.35988495095,
    19.200817483812));
#7336 = CARTESIAN_POINT('',(31.633105012673,-23.21133510357,
    19.200817483812));
#7337 = CARTESIAN_POINT('',(31.741781774301,-23.06175437369,
    19.200817483812));
#7338 = PCURVE('',#6807,#7339);
#7339 = DEFINITIONAL_REPRESENTATION('',(#7340),#7344);
#7340 = B_SPLINE_CURVE_WITH_KNOTS('',2,(#7341,#7342,#7343),
  .UNSPECIFIED.,.F.,.F.,(3,3),(2.503849344911,2.513274122872),
  .PIECEWISE_BEZIER_KNOTS.);
#7341 = CARTESIAN_POINT('',(2.496434956066,6.941282108107E-18));
#7342 = CARTESIAN_POINT('',(2.500927003547,6.659419952315E-18));
#7343 = CARTESIAN_POINT('',(2.505422283802,3.471972015045E-18));
#7344 = ( GEOMETRIC_REPRESENTATION_CONTEXT(2) 
PARAMETRIC_REPRESENTATION_CONTEXT() REPRESENTATION_CONTEXT('2D SPACE',''
  ) );
#7345 = PCURVE('',#7346,#7351);
#7346 = B_SPLINE_SURFACE_WITH_KNOTS('',1,1,(
    (#7347,#7348)
    ,(#7349,#7350
    )),.UNSPECIFIED.,.F.,.F.,.F.,(2,2),(2,2),(1.867460788608E-02,
    3.17417817743E-02),(-2.335988495096E-02,-1.364256644104E-02),
  .PIECEWISE_BEZIER_KNOTS.);
#7347 = CARTESIAN_POINT('',(18.674607886078,-23.35988495095,
    19.200817483812));
#7348 = CARTESIAN_POINT('',(18.674607886078,-13.64256644103,
    19.200817483812));
#7349 = CARTESIAN_POINT('',(31.741781774301,-23.35988495095,
    19.200817483812));
#7350 = CARTESIAN_POINT('',(31.741781774301,-13.64256644103,
    19.200817483812));
#7351 = DEFINITIONAL_REPRESENTATION('',(#7352),#7356);
#7352 = ( BOUNDED_CURVE() B_SPLINE_CURVE(2,(#7353,#7354,#7355),
.UNSPECIFIED.,.F.,.F.) B_SPLINE_CURVE_WITH_KNOTS((3,3),(2.503849344911,
2.513274122872),.PIECEWISE_BEZIER_KNOTS.) CURVE() 
GEOMETRIC_REPRESENTATION_ITEM() RATIONAL_B_SPLINE_CURVE((1.,
0.999988896716,1.)) REPRESENTATION_ITEM('') );
#7353 = CARTESIAN_POINT('',(3.15230233334E-02,-2.335988495096E-02));
#7354 = CARTESIAN_POINT('',(3.163310501267E-02,-2.321133510357E-02));
#7355 = CARTESIAN_POINT('',(3.17417817743E-02,-2.30617543737E-02));
#7356 = ( GEOMETRIC_REPRESENTATION_CONTEXT(2) 
PARAMETRIC_REPRESENTATION_CONTEXT() REPRESENTATION_CONTEXT('2D SPACE',''
  ) );
#7357 = ORIENTED_EDGE('',*,*,#7358,.T.);
#7358 = EDGE_CURVE('',#7331,#7359,#7361,.T.);
#7359 = VERTEX_POINT('',#7360);
#7360 = CARTESIAN_POINT('',(23.061754373695,-31.7417817743,
    19.200817483812));
#7361 = SURFACE_CURVE('',#7362,(#7366,#7373),.PCURVE_S1.);
#7362 = ( BOUNDED_CURVE() B_SPLINE_CURVE(2,(#7363,#7364,#7365),
.UNSPECIFIED.,.F.,.F.) B_SPLINE_CURVE_WITH_KNOTS((3,3),(5.978450819781,
6.28318530718),.PIECEWISE_BEZIER_KNOTS.) CURVE() 
GEOMETRIC_REPRESENTATION_ITEM() RATIONAL_B_SPLINE_CURVE((1.,
0.988414551331,1.)) REPRESENTATION_ITEM('') );
#7363 = CARTESIAN_POINT('',(31.523023333399,-23.35988495095,
    19.200817483812));
#7364 = CARTESIAN_POINT('',(27.935940016604,-28.20047861533,
    19.200817483812));
#7365 = CARTESIAN_POINT('',(23.061754373695,-31.7417817743,
    19.200817483812));
#7366 = PCURVE('',#6807,#7367);
#7367 = DEFINITIONAL_REPRESENTATION('',(#7368),#7372);
#7368 = B_SPLINE_CURVE_WITH_KNOTS('',2,(#7369,#7370,#7371),
  .UNSPECIFIED.,.F.,.F.,(3,3),(5.978450819781,6.28318530718),
  .PIECEWISE_BEZIER_KNOTS.);
#7369 = CARTESIAN_POINT('',(2.496434956066,6.941282108107E-18));
#7370 = CARTESIAN_POINT('',(2.351752887726,-3.699819506133E-18));
#7371 = CARTESIAN_POINT('',(2.206966696582,3.471972015045E-18));
#7372 = ( GEOMETRIC_REPRESENTATION_CONTEXT(2) 
PARAMETRIC_REPRESENTATION_CONTEXT() REPRESENTATION_CONTEXT('2D SPACE',''
  ) );
#7373 = PCURVE('',#7374,#7379);
#7374 = B_SPLINE_SURFACE_WITH_KNOTS('',1,1,(
    (#7375,#7376)
    ,(#7377,#7378
    )),.UNSPECIFIED.,.F.,.F.,.F.,(2,2),(2,2),(-7.848702062546E-03,
    9.161377015459E-03),(-4.819598467363E-03,6.952467254013E-03),
  .PIECEWISE_BEZIER_KNOTS.);
#7375 = CARTESIAN_POINT('',(23.061754373695,-31.7417817743,
    19.200817483812));
#7376 = CARTESIAN_POINT('',(32.585555601188,-24.82233515425,
    19.200817483812));
#7377 = CARTESIAN_POINT('',(13.063480751315,-17.98033872453,
    19.200817483812));
#7378 = CARTESIAN_POINT('',(22.587281978807,-11.06089210449,
    19.200817483812));
#7379 = DEFINITIONAL_REPRESENTATION('',(#7380),#7384);
#7380 = ( BOUNDED_CURVE() B_SPLINE_CURVE(2,(#7381,#7382,#7383),
.UNSPECIFIED.,.F.,.F.) B_SPLINE_CURVE_WITH_KNOTS((3,3),(5.978450819781,
6.28318530718),.PIECEWISE_BEZIER_KNOTS.) CURVE() 
GEOMETRIC_REPRESENTATION_ITEM() RATIONAL_B_SPLINE_CURVE((1.,
0.988414551331,1.)) REPRESENTATION_ITEM('') );
#7381 = CARTESIAN_POINT('',(-6.041014197558E-03,6.952467254013E-03));
#7382 = CARTESIAN_POINT('',(-7.848702062546E-03,1.205226322226E-03));
#7383 = CARTESIAN_POINT('',(-7.848702062546E-03,-4.819598467363E-03));
#7384 = ( GEOMETRIC_REPRESENTATION_CONTEXT(2) 
PARAMETRIC_REPRESENTATION_CONTEXT() REPRESENTATION_CONTEXT('2D SPACE',''
  ) );
#7385 = ORIENTED_EDGE('',*,*,#7386,.F.);
#7386 = EDGE_CURVE('',#7387,#7359,#7389,.T.);
#7387 = VERTEX_POINT('',#7388);
#7388 = CARTESIAN_POINT('',(22.761575318064,-31.95772072661,
    19.200817483812));
#7389 = SURFACE_CURVE('',#7390,(#7394,#7401),.PCURVE_S1.);
#7390 = ( BOUNDED_CURVE() B_SPLINE_CURVE(2,(#7391,#7392,#7393),
.UNSPECIFIED.,.F.,.F.) B_SPLINE_CURVE_WITH_KNOTS((3,3),(2.189690079552,
2.199114857513),.PIECEWISE_BEZIER_KNOTS.) CURVE() 
GEOMETRIC_REPRESENTATION_ITEM() RATIONAL_B_SPLINE_CURVE((1.,
0.999988896716,1.)) REPRESENTATION_ITEM('') );
#7391 = CARTESIAN_POINT('',(22.761575318064,-31.95772072661,
    19.200817483812));
#7392 = CARTESIAN_POINT('',(22.912173643816,-31.85045853592,
    19.200817483812));
#7393 = CARTESIAN_POINT('',(23.061754373695,-31.7417817743,
    19.200817483812));
#7394 = PCURVE('',#6807,#7395);
#7395 = DEFINITIONAL_REPRESENTATION('',(#7396),#7400);
#7396 = B_SPLINE_CURVE_WITH_KNOTS('',2,(#7397,#7398,#7399),
  .UNSPECIFIED.,.F.,.F.,(3,3),(2.189690079552,2.199114857513),
  .PIECEWISE_BEZIER_KNOTS.);
#7397 = CARTESIAN_POINT('',(2.197972700008,3.472111723429E-18));
#7398 = CARTESIAN_POINT('',(2.202471416364,1.540741797666E-18));
#7399 = CARTESIAN_POINT('',(2.206966696582,3.471972015048E-18));
#7400 = ( GEOMETRIC_REPRESENTATION_CONTEXT(2) 
PARAMETRIC_REPRESENTATION_CONTEXT() REPRESENTATION_CONTEXT('2D SPACE',''
  ) );
#7401 = PCURVE('',#7402,#7407);
#7402 = B_SPLINE_SURFACE_WITH_KNOTS('',1,1,(
    (#7403,#7404)
    ,(#7405,#7406
    )),.UNSPECIFIED.,.F.,.F.,.F.,(2,2),(2,2),(1.346415382064E-02,
    2.30617543737E-02),(-3.195772072661E-02,-1.880481504864E-02),
  .PIECEWISE_BEZIER_KNOTS.);
#7403 = CARTESIAN_POINT('',(13.46415382064,-31.95772072661,
    19.200817483812));
#7404 = CARTESIAN_POINT('',(13.46415382064,-18.80481504864,
    19.200817483812));
#7405 = CARTESIAN_POINT('',(23.061754373695,-31.95772072661,
    19.200817483812));
#7406 = CARTESIAN_POINT('',(23.061754373695,-18.80481504864,
    19.200817483812));
#7407 = DEFINITIONAL_REPRESENTATION('',(#7408),#7412);
#7408 = ( BOUNDED_CURVE() B_SPLINE_CURVE(2,(#7409,#7410,#7411),
.UNSPECIFIED.,.F.,.F.) B_SPLINE_CURVE_WITH_KNOTS((3,3),(2.189690079552,
2.199114857513),.PIECEWISE_BEZIER_KNOTS.) CURVE() 
GEOMETRIC_REPRESENTATION_ITEM() RATIONAL_B_SPLINE_CURVE((1.,
0.999988896716,1.)) REPRESENTATION_ITEM('') );
#7409 = CARTESIAN_POINT('',(2.276157531806E-02,-3.195772072661E-02));
#7410 = CARTESIAN_POINT('',(2.291217364382E-02,-3.185045853593E-02));
#7411 = CARTESIAN_POINT('',(2.30617543737E-02,-3.17417817743E-02));
#7412 = ( GEOMETRIC_REPRESENTATION_CONTEXT(2) 
PARAMETRIC_REPRESENTATION_CONTEXT() REPRESENTATION_CONTEXT('2D SPACE',''
  ) );
#7413 = ORIENTED_EDGE('',*,*,#7414,.T.);
#7414 = EDGE_CURVE('',#7387,#7415,#7417,.T.);
#7415 = VERTEX_POINT('',#7416);
#7416 = CARTESIAN_POINT('',(12.124281774301,-37.31470241684,
    19.200817483812));
#7417 = SURFACE_CURVE('',#7418,(#7422,#7430),.PCURVE_S1.);
#7418 = ( BOUNDED_CURVE() B_SPLINE_CURVE(2,(#7419,#7420,#7421),
.UNSPECIFIED.,.F.,.F.) B_SPLINE_CURVE_WITH_KNOTS((3,3),(5.978450819781,
6.28318530718),.PIECEWISE_BEZIER_KNOTS.) CURVE() 
GEOMETRIC_REPRESENTATION_ITEM() RATIONAL_B_SPLINE_CURVE((1.,
0.988414551331,1.)) REPRESENTATION_ITEM('') );
#7419 = CARTESIAN_POINT('',(22.761575318064,-31.95772072661,
    19.200817483812));
#7420 = CARTESIAN_POINT('',(17.854230649976,-35.45292916872,
    19.200817483812));
#7421 = CARTESIAN_POINT('',(12.124281774301,-37.31470241684,
    19.200817483812));
#7422 = PCURVE('',#6807,#7423);
#7423 = DEFINITIONAL_REPRESENTATION('',(#7424),#7429);
#7424 = B_SPLINE_CURVE_WITH_KNOTS('',3,(#7425,#7426,#7427,#7428),
  .UNSPECIFIED.,.F.,.F.,(4,4),(5.978450819781,6.28318530718),
  .PIECEWISE_BEZIER_KNOTS.);
#7425 = CARTESIAN_POINT('',(2.197972700008,3.466788364148E-18));
#7426 = CARTESIAN_POINT('',(2.101374489275,8.538188359013E-18));
#7427 = CARTESIAN_POINT('',(2.002435457416,-1.12829872687E-17));
#7428 = CARTESIAN_POINT('',(1.900976618107,6.948773282806E-18));
#7429 = ( GEOMETRIC_REPRESENTATION_CONTEXT(2) 
PARAMETRIC_REPRESENTATION_CONTEXT() REPRESENTATION_CONTEXT('2D SPACE',''
  ) );
#7430 = PCURVE('',#7431,#7436);
#7431 = B_SPLINE_SURFACE_WITH_KNOTS('',1,1,(
    (#7432,#7433)
    ,(#7434,#7435
    )),.UNSPECIFIED.,.F.,.F.,.F.,(2,2),(2,2),(-7.848702062546E-03,
    9.161377015459E-03),(-4.819598467363E-03,6.952467254013E-03),
  .PIECEWISE_BEZIER_KNOTS.);
#7432 = CARTESIAN_POINT('',(12.124281774301,-37.31470241684,
    19.200817483812));
#7433 = CARTESIAN_POINT('',(23.320181588871,-33.67693405003,
    19.200817483812));
#7434 = CARTESIAN_POINT('',(6.867878263536,-21.137155867,19.200817483812
    ));
#7435 = CARTESIAN_POINT('',(18.063778078106,-17.4993875002,
    19.200817483812));
#7436 = DEFINITIONAL_REPRESENTATION('',(#7437),#7441);
#7437 = ( BOUNDED_CURVE() B_SPLINE_CURVE(2,(#7438,#7439,#7440),
.UNSPECIFIED.,.F.,.F.) B_SPLINE_CURVE_WITH_KNOTS((3,3),(5.978450819781,
6.28318530718),.PIECEWISE_BEZIER_KNOTS.) CURVE() 
GEOMETRIC_REPRESENTATION_ITEM() RATIONAL_B_SPLINE_CURVE((1.,
0.988414551331,1.)) REPRESENTATION_ITEM('') );
#7438 = CARTESIAN_POINT('',(-6.041014197558E-03,6.952467254013E-03));
#7439 = CARTESIAN_POINT('',(-7.848702062546E-03,1.205226322226E-03));
#7440 = CARTESIAN_POINT('',(-7.848702062546E-03,-4.819598467363E-03));
#7441 = ( GEOMETRIC_REPRESENTATION_CONTEXT(2) 
PARAMETRIC_REPRESENTATION_CONTEXT() REPRESENTATION_CONTEXT('2D SPACE',''
  ) );
#7442 = ORIENTED_EDGE('',*,*,#7443,.F.);
#7443 = EDGE_CURVE('',#7444,#7415,#7446,.T.);
#7444 = VERTEX_POINT('',#7445);
#7445 = CARTESIAN_POINT('',(11.772065721376,-37.42731213501,
    19.200817483812));
#7446 = SURFACE_CURVE('',#7447,(#7451,#7458),.PCURVE_S1.);
#7447 = ( BOUNDED_CURVE() B_SPLINE_CURVE(2,(#7448,#7449,#7450),
.UNSPECIFIED.,.F.,.F.) B_SPLINE_CURVE_WITH_KNOTS((3,3),(1.875530814193,
1.884955592154),.PIECEWISE_BEZIER_KNOTS.) CURVE() 
GEOMETRIC_REPRESENTATION_ITEM() RATIONAL_B_SPLINE_CURVE((1.,
0.999988896716,1.)) REPRESENTATION_ITEM('') );
#7448 = CARTESIAN_POINT('',(11.772065721376,-37.42731213501,
    19.200817483812));
#7449 = CARTESIAN_POINT('',(11.9484390802,-37.37183717159,
    19.200817483812));
#7450 = CARTESIAN_POINT('',(12.124281774301,-37.31470241684,
    19.200817483812));
#7451 = PCURVE('',#6807,#7452);
#7452 = DEFINITIONAL_REPRESENTATION('',(#7453),#7457);
#7453 = B_SPLINE_CURVE_WITH_KNOTS('',2,(#7454,#7455,#7456),
  .UNSPECIFIED.,.F.,.F.,(3,3),(1.875530814193,1.884955592154),
  .PIECEWISE_BEZIER_KNOTS.);
#7454 = CARTESIAN_POINT('',(1.891515586353,-9.77595431467E-21));
#7455 = CARTESIAN_POINT('',(1.896251509667,1.625073359668E-17));
#7456 = CARTESIAN_POINT('',(1.900976618107,9.761150283854E-21));
#7457 = ( GEOMETRIC_REPRESENTATION_CONTEXT(2) 
PARAMETRIC_REPRESENTATION_CONTEXT() REPRESENTATION_CONTEXT('2D SPACE',''
  ) );
#7458 = PCURVE('',#7459,#7464);
#7459 = B_SPLINE_SURFACE_WITH_KNOTS('',1,1,(
    (#7460,#7461)
    ,(#7462,#7463
    )),.UNSPECIFIED.,.F.,.F.,.F.,(2,2),(2,2),(6.935734568961E-03,
    1.21242817743E-02),(-3.742731213501E-02,-2.212631733844E-02),
  .PIECEWISE_BEZIER_KNOTS.);
#7460 = CARTESIAN_POINT('',(6.935734568961,-37.42731213501,
    19.200817483812));
#7461 = CARTESIAN_POINT('',(6.935734568961,-22.12631733843,
    19.200817483812));
#7462 = CARTESIAN_POINT('',(12.124281774301,-37.42731213501,
    19.200817483812));
#7463 = CARTESIAN_POINT('',(12.124281774301,-22.12631733843,
    19.200817483812));
#7464 = DEFINITIONAL_REPRESENTATION('',(#7465),#7469);
#7465 = ( BOUNDED_CURVE() B_SPLINE_CURVE(2,(#7466,#7467,#7468),
.UNSPECIFIED.,.F.,.F.) B_SPLINE_CURVE_WITH_KNOTS((3,3),(1.875530814193,
1.884955592154),.PIECEWISE_BEZIER_KNOTS.) CURVE() 
GEOMETRIC_REPRESENTATION_ITEM() RATIONAL_B_SPLINE_CURVE((1.,
0.999988896716,1.)) REPRESENTATION_ITEM('') );
#7466 = CARTESIAN_POINT('',(1.177206572138E-02,-3.742731213501E-02));
#7467 = CARTESIAN_POINT('',(1.19484390802E-02,-3.737183717159E-02));
#7468 = CARTESIAN_POINT('',(1.21242817743E-02,-3.731470241684E-02));
#7469 = ( GEOMETRIC_REPRESENTATION_CONTEXT(2) 
PARAMETRIC_REPRESENTATION_CONTEXT() REPRESENTATION_CONTEXT('2D SPACE',''
  ) );
#7470 = ORIENTED_EDGE('',*,*,#7471,.T.);
#7471 = EDGE_CURVE('',#7444,#7164,#7472,.T.);
#7472 = SURFACE_CURVE('',#7473,(#7477,#7485),.PCURVE_S1.);
#7473 = ( BOUNDED_CURVE() B_SPLINE_CURVE(2,(#7474,#7475,#7476),
.UNSPECIFIED.,.F.,.F.) B_SPLINE_CURVE_WITH_KNOTS((3,3),(5.978450819781,
6.28318530718),.PIECEWISE_BEZIER_KNOTS.) CURVE() 
GEOMETRIC_REPRESENTATION_ITEM() RATIONAL_B_SPLINE_CURVE((1.,
0.988414551331,1.)) REPRESENTATION_ITEM('') );
#7474 = CARTESIAN_POINT('',(11.772065721376,-37.42731213501,
    19.200817483812));
#7475 = CARTESIAN_POINT('',(6.024824789589,-39.235,19.200817483812));
#7476 = CARTESIAN_POINT('',(9.609803432909E-15,-39.235,19.200817483812)
  );
#7477 = PCURVE('',#6807,#7478);
#7478 = DEFINITIONAL_REPRESENTATION('',(#7479),#7484);
#7479 = B_SPLINE_CURVE_WITH_KNOTS('',3,(#7480,#7481,#7482,#7483),
  .UNSPECIFIED.,.F.,.F.,(4,4),(5.978450819781,6.28318530718),
  .PIECEWISE_BEZIER_KNOTS.);
#7480 = CARTESIAN_POINT('',(1.891515586353,-5.973656836553E-23));
#7481 = CARTESIAN_POINT('',(1.789821555582,6.854277935164E-18));
#7482 = CARTESIAN_POINT('',(1.683182484136,7.831701784536E-18));
#7483 = CARTESIAN_POINT('',(1.570796326795,0.));
#7484 = ( GEOMETRIC_REPRESENTATION_CONTEXT(2) 
PARAMETRIC_REPRESENTATION_CONTEXT() REPRESENTATION_CONTEXT('2D SPACE',''
  ) );
#7485 = PCURVE('',#7486,#7491);
#7486 = B_SPLINE_SURFACE_WITH_KNOTS('',1,1,(
    (#7487,#7488)
    ,(#7489,#7490
    )),.UNSPECIFIED.,.F.,.F.,.F.,(2,2),(2,2),(-7.848702062546E-03,
    9.161377015459E-03),(-4.819598467363E-03,6.952467254013E-03),
  .PIECEWISE_BEZIER_KNOTS.);
#7487 = CARTESIAN_POINT('',(-6.938893903907E-15,-39.235,19.200817483812)
  );
#7488 = CARTESIAN_POINT('',(11.772065721376,-39.235,19.200817483812));
#7489 = CARTESIAN_POINT('',(-6.938893903907E-15,-22.22492092199,
    19.200817483812));
#7490 = CARTESIAN_POINT('',(11.772065721376,-22.22492092199,
    19.200817483812));
#7491 = DEFINITIONAL_REPRESENTATION('',(#7492),#7496);
#7492 = ( BOUNDED_CURVE() B_SPLINE_CURVE(2,(#7493,#7494,#7495),
.UNSPECIFIED.,.F.,.F.) B_SPLINE_CURVE_WITH_KNOTS((3,3),(5.978450819781,
6.28318530718),.PIECEWISE_BEZIER_KNOTS.) CURVE() 
GEOMETRIC_REPRESENTATION_ITEM() RATIONAL_B_SPLINE_CURVE((1.,
0.988414551331,1.)) REPRESENTATION_ITEM('') );
#7493 = CARTESIAN_POINT('',(-6.041014197558E-03,6.952467254013E-03));
#7494 = CARTESIAN_POINT('',(-7.848702062546E-03,1.205226322226E-03));
#7495 = CARTESIAN_POINT('',(-7.848702062546E-03,-4.819598467363E-03));
#7496 = ( GEOMETRIC_REPRESENTATION_CONTEXT(2) 
PARAMETRIC_REPRESENTATION_CONTEXT() REPRESENTATION_CONTEXT('2D SPACE',''
  ) );
#7497 = ADVANCED_FACE('',(#7498),#6864,.F.);
#7498 = FACE_BOUND('',#7499,.F.);
#7499 = EDGE_LOOP('',(#7500,#7501,#7524,#7546,#7574,#7603,#7631,#7660,
    #7688,#7716,#7744,#7773,#7801));
#7500 = ORIENTED_EDGE('',*,*,#6849,.T.);
#7501 = ORIENTED_EDGE('',*,*,#7502,.T.);
#7502 = EDGE_CURVE('',#6822,#7503,#7505,.T.);
#7503 = VERTEX_POINT('',#7504);
#7504 = CARTESIAN_POINT('',(-39.235,0.,21.659463498333));
#7505 = SURFACE_CURVE('',#7506,(#7510,#7517),.PCURVE_S1.);
#7506 = ( BOUNDED_CURVE() B_SPLINE_CURVE(2,(#7507,#7508,#7509),
.UNSPECIFIED.,.F.,.F.) B_SPLINE_CURVE_WITH_KNOTS((3,3),(4.712388980385,
6.28318530718),.PIECEWISE_BEZIER_KNOTS.) CURVE() 
GEOMETRIC_REPRESENTATION_ITEM() RATIONAL_B_SPLINE_CURVE((1.,
0.707106781187,1.)) REPRESENTATION_ITEM('') );
#7507 = CARTESIAN_POINT('',(7.207352574682E-15,39.235,21.659463498333));
#7508 = CARTESIAN_POINT('',(-39.235,39.235,21.659463498333));
#7509 = CARTESIAN_POINT('',(-39.235,9.609803432909E-15,21.659463498333)
  );
#7510 = PCURVE('',#6864,#7511);
#7511 = DEFINITIONAL_REPRESENTATION('',(#7512),#7516);
#7512 = B_SPLINE_CURVE_WITH_KNOTS('',2,(#7513,#7514,#7515),
  .UNSPECIFIED.,.F.,.F.,(3,3),(4.712388980385,6.28318530718),
  .PIECEWISE_BEZIER_KNOTS.);
#7513 = CARTESIAN_POINT('',(4.712388980385,-2.458646014521E-03));
#7514 = CARTESIAN_POINT('',(5.497787143782,-2.458646014521E-03));
#7515 = CARTESIAN_POINT('',(6.28318530718,-2.458646014521E-03));
#7516 = ( GEOMETRIC_REPRESENTATION_CONTEXT(2) 
PARAMETRIC_REPRESENTATION_CONTEXT() REPRESENTATION_CONTEXT('2D SPACE',''
  ) );
#7517 = PCURVE('',#6837,#7518);
#7518 = DEFINITIONAL_REPRESENTATION('',(#7519),#7523);
#7519 = ( BOUNDED_CURVE() B_SPLINE_CURVE(2,(#7520,#7521,#7522),
.UNSPECIFIED.,.F.,.F.) B_SPLINE_CURVE_WITH_KNOTS((3,3),(4.712388980385,
6.28318530718),.PIECEWISE_BEZIER_KNOTS.) CURVE() 
GEOMETRIC_REPRESENTATION_ITEM() RATIONAL_B_SPLINE_CURVE((1.,
0.707106781187,1.)) REPRESENTATION_ITEM('') );
#7520 = CARTESIAN_POINT('',(7.429785538303E-18,3.9235E-02));
#7521 = CARTESIAN_POINT('',(-3.9235E-02,3.9235E-02));
#7522 = CARTESIAN_POINT('',(-3.9235E-02,1.069973952558E-17));
#7523 = ( GEOMETRIC_REPRESENTATION_CONTEXT(2) 
PARAMETRIC_REPRESENTATION_CONTEXT() REPRESENTATION_CONTEXT('2D SPACE',''
  ) );
#7524 = ORIENTED_EDGE('',*,*,#7525,.F.);
#7525 = EDGE_CURVE('',#7526,#7503,#7528,.T.);
#7526 = VERTEX_POINT('',#7527);
#7527 = CARTESIAN_POINT('',(-39.235,0.,19.200817483812));
#7528 = SURFACE_CURVE('',#7529,(#7532,#7539),.PCURVE_S1.);
#7529 = B_SPLINE_CURVE_WITH_KNOTS('',1,(#7530,#7531),.UNSPECIFIED.,.F.,
  .F.,(2,2),(0.,2.458646014521E-03),.PIECEWISE_BEZIER_KNOTS.);
#7530 = CARTESIAN_POINT('',(-39.235,0.,19.200817483812));
#7531 = CARTESIAN_POINT('',(-39.235,0.,21.659463498333));
#7532 = PCURVE('',#6864,#7533);
#7533 = DEFINITIONAL_REPRESENTATION('',(#7534),#7538);
#7534 = B_SPLINE_CURVE_WITH_KNOTS('',2,(#7535,#7536,#7537),
  .UNSPECIFIED.,.F.,.F.,(3,3),(0.,2.458646014521E-03),
  .PIECEWISE_BEZIER_KNOTS.);
#7535 = CARTESIAN_POINT('',(6.28318530718,0.));
#7536 = CARTESIAN_POINT('',(6.28318530718,-1.22932300726E-03));
#7537 = CARTESIAN_POINT('',(6.28318530718,-2.458646014521E-03));
#7538 = ( GEOMETRIC_REPRESENTATION_CONTEXT(2) 
PARAMETRIC_REPRESENTATION_CONTEXT() REPRESENTATION_CONTEXT('2D SPACE',''
  ) );
#7539 = PCURVE('',#7180,#7540);
#7540 = DEFINITIONAL_REPRESENTATION('',(#7541),#7545);
#7541 = B_SPLINE_CURVE_WITH_KNOTS('',2,(#7542,#7543,#7544),
  .UNSPECIFIED.,.F.,.F.,(3,3),(0.,2.458646014521E-03),
  .PIECEWISE_BEZIER_KNOTS.);
#7542 = CARTESIAN_POINT('',(0.,0.));
#7543 = CARTESIAN_POINT('',(0.,-1.22932300726E-03));
#7544 = CARTESIAN_POINT('',(0.,-2.458646014521E-03));
#7545 = ( GEOMETRIC_REPRESENTATION_CONTEXT(2) 
PARAMETRIC_REPRESENTATION_CONTEXT() REPRESENTATION_CONTEXT('2D SPACE',''
  ) );
#7546 = ORIENTED_EDGE('',*,*,#7547,.F.);
#7547 = EDGE_CURVE('',#7548,#7526,#7550,.T.);
#7548 = VERTEX_POINT('',#7549);
#7549 = CARTESIAN_POINT('',(-39.23325746022,0.369775688924,
    19.200817483812));
#7550 = SURFACE_CURVE('',#7551,(#7555,#7562),.PCURVE_S1.);
#7551 = ( BOUNDED_CURVE() B_SPLINE_CURVE(2,(#7552,#7553,#7554),
.UNSPECIFIED.,.F.,.F.) B_SPLINE_CURVE_WITH_KNOTS((3,3),(6.273760529219,
6.28318530718),.PIECEWISE_BEZIER_KNOTS.) CURVE() 
GEOMETRIC_REPRESENTATION_ITEM() RATIONAL_B_SPLINE_CURVE((1.,
0.999988896716,1.)) REPRESENTATION_ITEM('') );
#7552 = CARTESIAN_POINT('',(-39.23325746022,0.369775688924,
    19.200817483812));
#7553 = CARTESIAN_POINT('',(-39.235,0.184891950255,19.200817483812));
#7554 = CARTESIAN_POINT('',(-39.235,9.609803432909E-15,19.200817483812)
  );
#7555 = PCURVE('',#6864,#7556);
#7556 = DEFINITIONAL_REPRESENTATION('',(#7557),#7561);
#7557 = B_SPLINE_CURVE_WITH_KNOTS('',2,(#7558,#7559,#7560),
  .UNSPECIFIED.,.F.,.F.,(3,3),(6.273760529219,6.28318530718),
  .PIECEWISE_BEZIER_KNOTS.);
#7558 = CARTESIAN_POINT('',(6.272737327324,-2.268531999179E-21));
#7559 = CARTESIAN_POINT('',(6.27795118823,1.736339162009E-17));
#7560 = CARTESIAN_POINT('',(6.28318530718,0.));
#7561 = ( GEOMETRIC_REPRESENTATION_CONTEXT(2) 
PARAMETRIC_REPRESENTATION_CONTEXT() REPRESENTATION_CONTEXT('2D SPACE',''
  ) );
#7562 = PCURVE('',#7563,#7568);
#7563 = B_SPLINE_SURFACE_WITH_KNOTS('',1,1,(
    (#7564,#7565)
    ,(#7566,#7567)),.UNSPECIFIED.,.F.,.F.,.F.,(2,2),(2,2),(-3.9235E-02,
    -2.328041571729E-02),(-5.218114306117E-05,3.697756889244E-04),
  .PIECEWISE_BEZIER_KNOTS.);
#7564 = CARTESIAN_POINT('',(-39.235,-5.218114306117E-02,19.200817483812)
  );
#7565 = CARTESIAN_POINT('',(-39.235,0.369775688924,19.200817483812));
#7566 = CARTESIAN_POINT('',(-23.28041571729,-5.218114306117E-02,
    19.200817483812));
#7567 = CARTESIAN_POINT('',(-23.28041571729,0.369775688924,
    19.200817483812));
#7568 = DEFINITIONAL_REPRESENTATION('',(#7569),#7573);
#7569 = ( BOUNDED_CURVE() B_SPLINE_CURVE(2,(#7570,#7571,#7572),
.UNSPECIFIED.,.F.,.F.) B_SPLINE_CURVE_WITH_KNOTS((3,3),(6.273760529219,
6.28318530718),.PIECEWISE_BEZIER_KNOTS.) CURVE() 
GEOMETRIC_REPRESENTATION_ITEM() RATIONAL_B_SPLINE_CURVE((1.,
0.999988896716,1.)) REPRESENTATION_ITEM('') );
#7570 = CARTESIAN_POINT('',(-3.923325746022E-02,3.697756889244E-04));
#7571 = CARTESIAN_POINT('',(-3.9235E-02,1.848919502553E-04));
#7572 = CARTESIAN_POINT('',(-3.9235E-02,1.069973952558E-17));
#7573 = ( GEOMETRIC_REPRESENTATION_CONTEXT(2) 
PARAMETRIC_REPRESENTATION_CONTEXT() REPRESENTATION_CONTEXT('2D SPACE',''
  ) );
#7574 = ORIENTED_EDGE('',*,*,#7575,.T.);
#7575 = EDGE_CURVE('',#7548,#7576,#7578,.T.);
#7576 = VERTEX_POINT('',#7577);
#7577 = CARTESIAN_POINT('',(-37.31470241684,12.124281774301,
    19.200817483812));
#7578 = SURFACE_CURVE('',#7579,(#7583,#7591),.PCURVE_S1.);
#7579 = ( BOUNDED_CURVE() B_SPLINE_CURVE(2,(#7580,#7581,#7582),
.UNSPECIFIED.,.F.,.F.) B_SPLINE_CURVE_WITH_KNOTS((3,3),(5.978450819781,
6.28318530718),.PIECEWISE_BEZIER_KNOTS.) CURVE() 
GEOMETRIC_REPRESENTATION_ITEM() RATIONAL_B_SPLINE_CURVE((1.,
0.988414551331,1.)) REPRESENTATION_ITEM('') );
#7580 = CARTESIAN_POINT('',(-39.23325746022,0.369775688924,
    19.200817483812));
#7581 = CARTESIAN_POINT('',(-39.17647566495,6.394332898626,
    19.200817483812));
#7582 = CARTESIAN_POINT('',(-37.31470241684,12.124281774301,
    19.200817483812));
#7583 = PCURVE('',#6864,#7584);
#7584 = DEFINITIONAL_REPRESENTATION('',(#7585),#7590);
#7585 = B_SPLINE_CURVE_WITH_KNOTS('',3,(#7586,#7587,#7588,#7589),
  .UNSPECIFIED.,.F.,.F.,(4,4),(5.978450819781,6.28318530718),
  .PIECEWISE_BEZIER_KNOTS.);
#7586 = CARTESIAN_POINT('',(6.272737327324,-2.268531999177E-21));
#7587 = CARTESIAN_POINT('',(6.160786018809,7.929526525322E-18));
#7588 = CARTESIAN_POINT('',(6.054466693496,-3.834483813681E-18));
#7589 = CARTESIAN_POINT('',(5.953005015867,6.948595929626E-18));
#7590 = ( GEOMETRIC_REPRESENTATION_CONTEXT(2) 
PARAMETRIC_REPRESENTATION_CONTEXT() REPRESENTATION_CONTEXT('2D SPACE',''
  ) );
#7591 = PCURVE('',#7592,#7597);
#7592 = B_SPLINE_SURFACE_WITH_KNOTS('',1,1,(
    (#7593,#7594)
    ,(#7595,#7596
    )),.UNSPECIFIED.,.F.,.F.,.F.,(2,2),(2,2),(-7.848702062546E-03,
    9.161377015459E-03),(-4.819598467363E-03,6.952467254013E-03),
  .PIECEWISE_BEZIER_KNOTS.);
#7593 = CARTESIAN_POINT('',(-37.31470241684,12.124281774301,
    19.200817483812));
#7594 = CARTESIAN_POINT('',(-40.95247078364,0.928381959731,
    19.200817483812));
#7595 = CARTESIAN_POINT('',(-21.137155867,6.867878263536,19.200817483812
    ));
#7596 = CARTESIAN_POINT('',(-24.77492423381,-4.328021551034,
    19.200817483812));
#7597 = DEFINITIONAL_REPRESENTATION('',(#7598),#7602);
#7598 = ( BOUNDED_CURVE() B_SPLINE_CURVE(2,(#7599,#7600,#7601),
.UNSPECIFIED.,.F.,.F.) B_SPLINE_CURVE_WITH_KNOTS((3,3),(5.978450819781,
6.28318530718),.PIECEWISE_BEZIER_KNOTS.) CURVE() 
GEOMETRIC_REPRESENTATION_ITEM() RATIONAL_B_SPLINE_CURVE((1.,
0.988414551331,1.)) REPRESENTATION_ITEM('') );
#7599 = CARTESIAN_POINT('',(-6.041014197558E-03,6.952467254013E-03));
#7600 = CARTESIAN_POINT('',(-7.848702062546E-03,1.205226322226E-03));
#7601 = CARTESIAN_POINT('',(-7.848702062546E-03,-4.819598467363E-03));
#7602 = ( GEOMETRIC_REPRESENTATION_CONTEXT(2) 
PARAMETRIC_REPRESENTATION_CONTEXT() REPRESENTATION_CONTEXT('2D SPACE',''
  ) );
#7603 = ORIENTED_EDGE('',*,*,#7604,.F.);
#7604 = EDGE_CURVE('',#7605,#7576,#7607,.T.);
#7605 = VERTEX_POINT('',#7606);
#7606 = CARTESIAN_POINT('',(-37.19877819104,12.475420878415,
    19.200817483812));
#7607 = SURFACE_CURVE('',#7608,(#7612,#7619),.PCURVE_S1.);
#7608 = ( BOUNDED_CURVE() B_SPLINE_CURVE(2,(#7609,#7610,#7611),
.UNSPECIFIED.,.F.,.F.) B_SPLINE_CURVE_WITH_KNOTS((3,3),(5.95960126386,
5.969026041821),.PIECEWISE_BEZIER_KNOTS.) CURVE() 
GEOMETRIC_REPRESENTATION_ITEM() RATIONAL_B_SPLINE_CURVE((1.,
0.999988896716,1.)) REPRESENTATION_ITEM('') );
#7609 = CARTESIAN_POINT('',(-37.19877819104,12.475420878415,
    19.200817483812));
#7610 = CARTESIAN_POINT('',(-37.25756766208,12.300124468402,
    19.200817483812));
#7611 = CARTESIAN_POINT('',(-37.31470241684,12.124281774301,
    19.200817483812));
#7612 = PCURVE('',#6864,#7613);
#7613 = DEFINITIONAL_REPRESENTATION('',(#7614),#7618);
#7614 = B_SPLINE_CURVE_WITH_KNOTS('',2,(#7615,#7616,#7617),
  .UNSPECIFIED.,.F.,.F.,(3,3),(5.95960126386,5.969026041821),
  .PIECEWISE_BEZIER_KNOTS.);
#7615 = CARTESIAN_POINT('',(5.943565367452,3.45959585982E-18));
#7616 = CARTESIAN_POINT('',(5.948279907297,8.390399178827E-18));
#7617 = CARTESIAN_POINT('',(5.953005015867,6.948595929626E-18));
#7618 = ( GEOMETRIC_REPRESENTATION_CONTEXT(2) 
PARAMETRIC_REPRESENTATION_CONTEXT() REPRESENTATION_CONTEXT('2D SPACE',''
  ) );
#7619 = PCURVE('',#7620,#7625);
#7620 = B_SPLINE_SURFACE_WITH_KNOTS('',1,1,(
    (#7621,#7622)
    ,(#7623,#7624
    )),.UNSPECIFIED.,.F.,.F.,.F.,(2,2),(2,2),(-3.731470241684E-02,
    -2.205706121798E-02),(7.144888376833E-03,1.247542087841E-02),
  .PIECEWISE_BEZIER_KNOTS.);
#7621 = CARTESIAN_POINT('',(-37.31470241684,7.144888376833,
    19.200817483812));
#7622 = CARTESIAN_POINT('',(-37.31470241684,12.475420878415,
    19.200817483812));
#7623 = CARTESIAN_POINT('',(-22.05706121798,7.144888376833,
    19.200817483812));
#7624 = CARTESIAN_POINT('',(-22.05706121798,12.475420878415,
    19.200817483812));
#7625 = DEFINITIONAL_REPRESENTATION('',(#7626),#7630);
#7626 = ( BOUNDED_CURVE() B_SPLINE_CURVE(2,(#7627,#7628,#7629),
.UNSPECIFIED.,.F.,.F.) B_SPLINE_CURVE_WITH_KNOTS((3,3),(5.95960126386,
5.969026041821),.PIECEWISE_BEZIER_KNOTS.) CURVE() 
GEOMETRIC_REPRESENTATION_ITEM() RATIONAL_B_SPLINE_CURVE((1.,
0.999988896716,1.)) REPRESENTATION_ITEM('') );
#7627 = CARTESIAN_POINT('',(-3.719877819104E-02,1.247542087841E-02));
#7628 = CARTESIAN_POINT('',(-3.725756766209E-02,1.23001244684E-02));
#7629 = CARTESIAN_POINT('',(-3.731470241684E-02,1.21242817743E-02));
#7630 = ( GEOMETRIC_REPRESENTATION_CONTEXT(2) 
PARAMETRIC_REPRESENTATION_CONTEXT() REPRESENTATION_CONTEXT('2D SPACE',''
  ) );
#7631 = ORIENTED_EDGE('',*,*,#7632,.T.);
#7632 = EDGE_CURVE('',#7605,#7633,#7635,.T.);
#7633 = VERTEX_POINT('',#7634);
#7634 = CARTESIAN_POINT('',(-31.7417817743,23.061754373695,
    19.200817483812));
#7635 = SURFACE_CURVE('',#7636,(#7640,#7648),.PCURVE_S1.);
#7636 = ( BOUNDED_CURVE() B_SPLINE_CURVE(2,(#7637,#7638,#7639),
.UNSPECIFIED.,.F.,.F.) B_SPLINE_CURVE_WITH_KNOTS((3,3),(5.978450819781,
6.28318530718),.PIECEWISE_BEZIER_KNOTS.) CURVE() 
GEOMETRIC_REPRESENTATION_ITEM() RATIONAL_B_SPLINE_CURVE((1.,
0.988414551331,1.)) REPRESENTATION_ITEM('') );
#7637 = CARTESIAN_POINT('',(-37.19877819104,12.475420878415,
    19.200817483812));
#7638 = CARTESIAN_POINT('',(-35.28308493326,18.187568730786,
    19.200817483812));
#7639 = CARTESIAN_POINT('',(-31.7417817743,23.061754373695,
    19.200817483812));
#7640 = PCURVE('',#6864,#7641);
#7641 = DEFINITIONAL_REPRESENTATION('',(#7642),#7647);
#7642 = B_SPLINE_CURVE_WITH_KNOTS('',3,(#7643,#7644,#7645,#7646),
  .UNSPECIFIED.,.F.,.F.,(4,4),(5.978450819781,6.28318530718),
  .PIECEWISE_BEZIER_KNOTS.);
#7643 = CARTESIAN_POINT('',(5.943565367452,3.45959585982E-18));
#7644 = CARTESIAN_POINT('',(5.842333436559,-6.189492080107E-18));
#7645 = CARTESIAN_POINT('',(5.7435393401,8.936522415857E-18));
#7646 = CARTESIAN_POINT('',(5.647014937392,3.471969389606E-18));
#7647 = ( GEOMETRIC_REPRESENTATION_CONTEXT(2) 
PARAMETRIC_REPRESENTATION_CONTEXT() REPRESENTATION_CONTEXT('2D SPACE',''
  ) );
#7648 = PCURVE('',#7649,#7654);
#7649 = B_SPLINE_SURFACE_WITH_KNOTS('',1,1,(
    (#7650,#7651)
    ,(#7652,#7653
    )),.UNSPECIFIED.,.F.,.F.,.F.,(2,2),(2,2),(-7.848702062546E-03,
    9.161377015459E-03),(-4.819598467363E-03,6.952467254013E-03),
  .PIECEWISE_BEZIER_KNOTS.);
#7650 = CARTESIAN_POINT('',(-31.7417817743,23.061754373695,
    19.200817483812));
#7651 = CARTESIAN_POINT('',(-38.66122839434,13.537953146203,
    19.200817483812));
#7652 = CARTESIAN_POINT('',(-17.98033872453,13.063480751315,
    19.200817483812));
#7653 = CARTESIAN_POINT('',(-24.89978534457,3.539679523823,
    19.200817483812));
#7654 = DEFINITIONAL_REPRESENTATION('',(#7655),#7659);
#7655 = ( BOUNDED_CURVE() B_SPLINE_CURVE(2,(#7656,#7657,#7658),
.UNSPECIFIED.,.F.,.F.) B_SPLINE_CURVE_WITH_KNOTS((3,3),(5.978450819781,
6.28318530718),.PIECEWISE_BEZIER_KNOTS.) CURVE() 
GEOMETRIC_REPRESENTATION_ITEM() RATIONAL_B_SPLINE_CURVE((1.,
0.988414551331,1.)) REPRESENTATION_ITEM('') );
#7656 = CARTESIAN_POINT('',(-6.041014197558E-03,6.952467254013E-03));
#7657 = CARTESIAN_POINT('',(-7.848702062546E-03,1.205226322226E-03));
#7658 = CARTESIAN_POINT('',(-7.848702062546E-03,-4.819598467363E-03));
#7659 = ( GEOMETRIC_REPRESENTATION_CONTEXT(2) 
PARAMETRIC_REPRESENTATION_CONTEXT() REPRESENTATION_CONTEXT('2D SPACE',''
  ) );
#7660 = ORIENTED_EDGE('',*,*,#7661,.F.);
#7661 = EDGE_CURVE('',#7662,#7633,#7664,.T.);
#7662 = VERTEX_POINT('',#7663);
#7663 = CARTESIAN_POINT('',(-31.52302333339,23.359884950957,
    19.200817483812));
#7664 = SURFACE_CURVE('',#7665,(#7669,#7676),.PCURVE_S1.);
#7665 = ( BOUNDED_CURVE() B_SPLINE_CURVE(2,(#7666,#7667,#7668),
.UNSPECIFIED.,.F.,.F.) B_SPLINE_CURVE_WITH_KNOTS((3,3),(5.645441998501,
5.654866776462),.PIECEWISE_BEZIER_KNOTS.) CURVE() 
GEOMETRIC_REPRESENTATION_ITEM() RATIONAL_B_SPLINE_CURVE((1.,
0.999988896716,1.)) REPRESENTATION_ITEM('') );
#7666 = CARTESIAN_POINT('',(-31.52302333339,23.359884950957,
    19.200817483812));
#7667 = CARTESIAN_POINT('',(-31.63310501267,23.211335103575,
    19.200817483812));
#7668 = CARTESIAN_POINT('',(-31.7417817743,23.061754373695,
    19.200817483812));
#7669 = PCURVE('',#6864,#7670);
#7670 = DEFINITIONAL_REPRESENTATION('',(#7671),#7675);
#7671 = B_SPLINE_CURVE_WITH_KNOTS('',2,(#7672,#7673,#7674),
  .UNSPECIFIED.,.F.,.F.,(3,3),(5.645441998501,5.654866776462),
  .PIECEWISE_BEZIER_KNOTS.);
#7672 = CARTESIAN_POINT('',(5.638027609656,6.941282108109E-18));
#7673 = CARTESIAN_POINT('',(5.642519657136,9.708853771632E-18));
#7674 = CARTESIAN_POINT('',(5.647014937392,3.471972015045E-18));
#7675 = ( GEOMETRIC_REPRESENTATION_CONTEXT(2) 
PARAMETRIC_REPRESENTATION_CONTEXT() REPRESENTATION_CONTEXT('2D SPACE',''
  ) );
#7676 = PCURVE('',#7677,#7682);
#7677 = B_SPLINE_SURFACE_WITH_KNOTS('',1,1,(
    (#7678,#7679)
    ,(#7680,#7681
    )),.UNSPECIFIED.,.F.,.F.,.F.,(2,2),(2,2),(-3.17417817743E-02,
    -1.867460788608E-02),(1.364256644104E-02,2.335988495096E-02),
  .PIECEWISE_BEZIER_KNOTS.);
#7678 = CARTESIAN_POINT('',(-31.7417817743,13.642566441038,
    19.200817483812));
#7679 = CARTESIAN_POINT('',(-31.7417817743,23.359884950957,
    19.200817483812));
#7680 = CARTESIAN_POINT('',(-18.67460788607,13.642566441038,
    19.200817483812));
#7681 = CARTESIAN_POINT('',(-18.67460788607,23.359884950957,
    19.200817483812));
#7682 = DEFINITIONAL_REPRESENTATION('',(#7683),#7687);
#7683 = ( BOUNDED_CURVE() B_SPLINE_CURVE(2,(#7684,#7685,#7686),
.UNSPECIFIED.,.F.,.F.) B_SPLINE_CURVE_WITH_KNOTS((3,3),(5.645441998501,
5.654866776462),.PIECEWISE_BEZIER_KNOTS.) CURVE() 
GEOMETRIC_REPRESENTATION_ITEM() RATIONAL_B_SPLINE_CURVE((1.,
0.999988896716,1.)) REPRESENTATION_ITEM('') );
#7684 = CARTESIAN_POINT('',(-3.15230233334E-02,2.335988495096E-02));
#7685 = CARTESIAN_POINT('',(-3.163310501267E-02,2.321133510357E-02));
#7686 = CARTESIAN_POINT('',(-3.17417817743E-02,2.30617543737E-02));
#7687 = ( GEOMETRIC_REPRESENTATION_CONTEXT(2) 
PARAMETRIC_REPRESENTATION_CONTEXT() REPRESENTATION_CONTEXT('2D SPACE',''
  ) );
#7688 = ORIENTED_EDGE('',*,*,#7689,.T.);
#7689 = EDGE_CURVE('',#7662,#7690,#7692,.T.);
#7690 = VERTEX_POINT('',#7691);
#7691 = CARTESIAN_POINT('',(-23.06175437369,31.741781774301,
    19.200817483812));
#7692 = SURFACE_CURVE('',#7693,(#7697,#7704),.PCURVE_S1.);
#7693 = ( BOUNDED_CURVE() B_SPLINE_CURVE(2,(#7694,#7695,#7696),
.UNSPECIFIED.,.F.,.F.) B_SPLINE_CURVE_WITH_KNOTS((3,3),(5.978450819781,
6.28318530718),.PIECEWISE_BEZIER_KNOTS.) CURVE() 
GEOMETRIC_REPRESENTATION_ITEM() RATIONAL_B_SPLINE_CURVE((1.,
0.988414551331,1.)) REPRESENTATION_ITEM('') );
#7694 = CARTESIAN_POINT('',(-31.52302333339,23.359884950957,
    19.200817483812));
#7695 = CARTESIAN_POINT('',(-27.9359400166,28.200478615335,
    19.200817483812));
#7696 = CARTESIAN_POINT('',(-23.06175437369,31.741781774301,
    19.200817483812));
#7697 = PCURVE('',#6864,#7698);
#7698 = DEFINITIONAL_REPRESENTATION('',(#7699),#7703);
#7699 = B_SPLINE_CURVE_WITH_KNOTS('',2,(#7700,#7701,#7702),
  .UNSPECIFIED.,.F.,.F.,(3,3),(5.978450819781,6.28318530718),
  .PIECEWISE_BEZIER_KNOTS.);
#7700 = CARTESIAN_POINT('',(5.638027609656,6.941282108107E-18));
#7701 = CARTESIAN_POINT('',(5.493345541315,-7.278112105944E-18));
#7702 = CARTESIAN_POINT('',(5.348559350172,3.471972015045E-18));
#7703 = ( GEOMETRIC_REPRESENTATION_CONTEXT(2) 
PARAMETRIC_REPRESENTATION_CONTEXT() REPRESENTATION_CONTEXT('2D SPACE',''
  ) );
#7704 = PCURVE('',#7705,#7710);
#7705 = B_SPLINE_SURFACE_WITH_KNOTS('',1,1,(
    (#7706,#7707)
    ,(#7708,#7709
    )),.UNSPECIFIED.,.F.,.F.,.F.,(2,2),(2,2),(-7.848702062546E-03,
    9.161377015459E-03),(-4.819598467363E-03,6.952467254013E-03),
  .PIECEWISE_BEZIER_KNOTS.);
#7706 = CARTESIAN_POINT('',(-23.06175437369,31.741781774301,
    19.200817483812));
#7707 = CARTESIAN_POINT('',(-32.58555560118,24.822335154258,
    19.200817483812));
#7708 = CARTESIAN_POINT('',(-13.06348075131,17.980338724533,
    19.200817483812));
#7709 = CARTESIAN_POINT('',(-22.5872819788,11.06089210449,
    19.200817483812));
#7710 = DEFINITIONAL_REPRESENTATION('',(#7711),#7715);
#7711 = ( BOUNDED_CURVE() B_SPLINE_CURVE(2,(#7712,#7713,#7714),
.UNSPECIFIED.,.F.,.F.) B_SPLINE_CURVE_WITH_KNOTS((3,3),(5.978450819781,
6.28318530718),.PIECEWISE_BEZIER_KNOTS.) CURVE() 
GEOMETRIC_REPRESENTATION_ITEM() RATIONAL_B_SPLINE_CURVE((1.,
0.988414551331,1.)) REPRESENTATION_ITEM('') );
#7712 = CARTESIAN_POINT('',(-6.041014197558E-03,6.952467254013E-03));
#7713 = CARTESIAN_POINT('',(-7.848702062546E-03,1.205226322226E-03));
#7714 = CARTESIAN_POINT('',(-7.848702062546E-03,-4.819598467363E-03));
#7715 = ( GEOMETRIC_REPRESENTATION_CONTEXT(2) 
PARAMETRIC_REPRESENTATION_CONTEXT() REPRESENTATION_CONTEXT('2D SPACE',''
  ) );
#7716 = ORIENTED_EDGE('',*,*,#7717,.F.);
#7717 = EDGE_CURVE('',#7718,#7690,#7720,.T.);
#7718 = VERTEX_POINT('',#7719);
#7719 = CARTESIAN_POINT('',(-22.76157531806,31.957720726611,
    19.200817483812));
#7720 = SURFACE_CURVE('',#7721,(#7725,#7732),.PCURVE_S1.);
#7721 = ( BOUNDED_CURVE() B_SPLINE_CURVE(2,(#7722,#7723,#7724),
.UNSPECIFIED.,.F.,.F.) B_SPLINE_CURVE_WITH_KNOTS((3,3),(5.331282733142,
5.340707511103),.PIECEWISE_BEZIER_KNOTS.) CURVE() 
GEOMETRIC_REPRESENTATION_ITEM() RATIONAL_B_SPLINE_CURVE((1.,
0.999988896716,1.)) REPRESENTATION_ITEM('') );
#7722 = CARTESIAN_POINT('',(-22.76157531806,31.957720726611,
    19.200817483812));
#7723 = CARTESIAN_POINT('',(-22.91217364381,31.850458535929,
    19.200817483812));
#7724 = CARTESIAN_POINT('',(-23.06175437369,31.741781774301,
    19.200817483812));
#7725 = PCURVE('',#6864,#7726);
#7726 = DEFINITIONAL_REPRESENTATION('',(#7727),#7731);
#7727 = B_SPLINE_CURVE_WITH_KNOTS('',2,(#7728,#7729,#7730),
  .UNSPECIFIED.,.F.,.F.,(3,3),(5.331282733142,5.340707511103),
  .PIECEWISE_BEZIER_KNOTS.);
#7728 = CARTESIAN_POINT('',(5.339565353598,3.466788364148E-18));
#7729 = CARTESIAN_POINT('',(5.344064069954,1.003640229155E-17));
#7730 = CARTESIAN_POINT('',(5.348559350172,3.471972015045E-18));
#7731 = ( GEOMETRIC_REPRESENTATION_CONTEXT(2) 
PARAMETRIC_REPRESENTATION_CONTEXT() REPRESENTATION_CONTEXT('2D SPACE',''
  ) );
#7732 = PCURVE('',#7733,#7738);
#7733 = B_SPLINE_SURFACE_WITH_KNOTS('',1,1,(
    (#7734,#7735)
    ,(#7736,#7737
    )),.UNSPECIFIED.,.F.,.F.,.F.,(2,2),(2,2),(-2.30617543737E-02,
    -1.346415382064E-02),(1.880481504864E-02,3.195772072661E-02),
  .PIECEWISE_BEZIER_KNOTS.);
#7734 = CARTESIAN_POINT('',(-23.06175437369,18.804815048644,
    19.200817483812));
#7735 = CARTESIAN_POINT('',(-23.06175437369,31.957720726611,
    19.200817483812));
#7736 = CARTESIAN_POINT('',(-13.46415382064,18.804815048644,
    19.200817483812));
#7737 = CARTESIAN_POINT('',(-13.46415382064,31.957720726611,
    19.200817483812));
#7738 = DEFINITIONAL_REPRESENTATION('',(#7739),#7743);
#7739 = ( BOUNDED_CURVE() B_SPLINE_CURVE(2,(#7740,#7741,#7742),
.UNSPECIFIED.,.F.,.F.) B_SPLINE_CURVE_WITH_KNOTS((3,3),(5.331282733142,
5.340707511103),.PIECEWISE_BEZIER_KNOTS.) CURVE() 
GEOMETRIC_REPRESENTATION_ITEM() RATIONAL_B_SPLINE_CURVE((1.,
0.999988896716,1.)) REPRESENTATION_ITEM('') );
#7740 = CARTESIAN_POINT('',(-2.276157531806E-02,3.195772072661E-02));
#7741 = CARTESIAN_POINT('',(-2.291217364382E-02,3.185045853593E-02));
#7742 = CARTESIAN_POINT('',(-2.30617543737E-02,3.17417817743E-02));
#7743 = ( GEOMETRIC_REPRESENTATION_CONTEXT(2) 
PARAMETRIC_REPRESENTATION_CONTEXT() REPRESENTATION_CONTEXT('2D SPACE',''
  ) );
#7744 = ORIENTED_EDGE('',*,*,#7745,.T.);
#7745 = EDGE_CURVE('',#7718,#7746,#7748,.T.);
#7746 = VERTEX_POINT('',#7747);
#7747 = CARTESIAN_POINT('',(-12.1242817743,37.31470241684,
    19.200817483812));
#7748 = SURFACE_CURVE('',#7749,(#7753,#7761),.PCURVE_S1.);
#7749 = ( BOUNDED_CURVE() B_SPLINE_CURVE(2,(#7750,#7751,#7752),
.UNSPECIFIED.,.F.,.F.) B_SPLINE_CURVE_WITH_KNOTS((3,3),(5.978450819781,
6.28318530718),.PIECEWISE_BEZIER_KNOTS.) CURVE() 
GEOMETRIC_REPRESENTATION_ITEM() RATIONAL_B_SPLINE_CURVE((1.,
0.988414551331,1.)) REPRESENTATION_ITEM('') );
#7750 = CARTESIAN_POINT('',(-22.76157531806,31.957720726611,
    19.200817483812));
#7751 = CARTESIAN_POINT('',(-17.85423064997,35.452929168726,
    19.200817483812));
#7752 = CARTESIAN_POINT('',(-12.1242817743,37.31470241684,
    19.200817483812));
#7753 = PCURVE('',#6864,#7754);
#7754 = DEFINITIONAL_REPRESENTATION('',(#7755),#7760);
#7755 = B_SPLINE_CURVE_WITH_KNOTS('',3,(#7756,#7757,#7758,#7759),
  .UNSPECIFIED.,.F.,.F.,(4,4),(5.978450819781,6.28318530718),
  .PIECEWISE_BEZIER_KNOTS.);
#7756 = CARTESIAN_POINT('',(5.339565353598,3.466788364148E-18));
#7757 = CARTESIAN_POINT('',(5.242967142865,8.537997245675E-18));
#7758 = CARTESIAN_POINT('',(5.144028111006,-1.128270476465E-17));
#7759 = CARTESIAN_POINT('',(5.042569271697,6.948595929626E-18));
#7760 = ( GEOMETRIC_REPRESENTATION_CONTEXT(2) 
PARAMETRIC_REPRESENTATION_CONTEXT() REPRESENTATION_CONTEXT('2D SPACE',''
  ) );
#7761 = PCURVE('',#7762,#7767);
#7762 = B_SPLINE_SURFACE_WITH_KNOTS('',1,1,(
    (#7763,#7764)
    ,(#7765,#7766
    )),.UNSPECIFIED.,.F.,.F.,.F.,(2,2),(2,2),(-7.848702062546E-03,
    9.161377015459E-03),(-4.819598467363E-03,6.952467254013E-03),
  .PIECEWISE_BEZIER_KNOTS.);
#7763 = CARTESIAN_POINT('',(-12.1242817743,37.31470241684,
    19.200817483812));
#7764 = CARTESIAN_POINT('',(-23.32018158887,33.676934050036,
    19.200817483812));
#7765 = CARTESIAN_POINT('',(-6.867878263536,21.137155867007,
    19.200817483812));
#7766 = CARTESIAN_POINT('',(-18.0637780781,17.499387500203,
    19.200817483812));
#7767 = DEFINITIONAL_REPRESENTATION('',(#7768),#7772);
#7768 = ( BOUNDED_CURVE() B_SPLINE_CURVE(2,(#7769,#7770,#7771),
.UNSPECIFIED.,.F.,.F.) B_SPLINE_CURVE_WITH_KNOTS((3,3),(5.978450819781,
6.28318530718),.PIECEWISE_BEZIER_KNOTS.) CURVE() 
GEOMETRIC_REPRESENTATION_ITEM() RATIONAL_B_SPLINE_CURVE((1.,
0.988414551331,1.)) REPRESENTATION_ITEM('') );
#7769 = CARTESIAN_POINT('',(-6.041014197558E-03,6.952467254013E-03));
#7770 = CARTESIAN_POINT('',(-7.848702062546E-03,1.205226322226E-03));
#7771 = CARTESIAN_POINT('',(-7.848702062546E-03,-4.819598467363E-03));
#7772 = ( GEOMETRIC_REPRESENTATION_CONTEXT(2) 
PARAMETRIC_REPRESENTATION_CONTEXT() REPRESENTATION_CONTEXT('2D SPACE',''
  ) );
#7773 = ORIENTED_EDGE('',*,*,#7774,.F.);
#7774 = EDGE_CURVE('',#7775,#7746,#7777,.T.);
#7775 = VERTEX_POINT('',#7776);
#7776 = CARTESIAN_POINT('',(-11.77206572137,37.427312135012,
    19.200817483812));
#7777 = SURFACE_CURVE('',#7778,(#7782,#7789),.PCURVE_S1.);
#7778 = ( BOUNDED_CURVE() B_SPLINE_CURVE(2,(#7779,#7780,#7781),
.UNSPECIFIED.,.F.,.F.) B_SPLINE_CURVE_WITH_KNOTS((3,3),(5.017123467783,
5.026548245744),.PIECEWISE_BEZIER_KNOTS.) CURVE() 
GEOMETRIC_REPRESENTATION_ITEM() RATIONAL_B_SPLINE_CURVE((1.,
0.999988896716,1.)) REPRESENTATION_ITEM('') );
#7779 = CARTESIAN_POINT('',(-11.77206572137,37.427312135012,
    19.200817483812));
#7780 = CARTESIAN_POINT('',(-11.9484390802,37.371837171592,
    19.200817483812));
#7781 = CARTESIAN_POINT('',(-12.1242817743,37.31470241684,
    19.200817483812));
#7782 = PCURVE('',#6864,#7783);
#7783 = DEFINITIONAL_REPRESENTATION('',(#7784),#7788);
#7784 = B_SPLINE_CURVE_WITH_KNOTS('',2,(#7785,#7786,#7787),
  .UNSPECIFIED.,.F.,.F.,(3,3),(5.017123467783,5.026548245744),
  .PIECEWISE_BEZIER_KNOTS.);
#7785 = CARTESIAN_POINT('',(5.033108239943,3.469506690661E-18));
#7786 = CARTESIAN_POINT('',(5.037844163257,3.088101096371E-18));
#7787 = CARTESIAN_POINT('',(5.042569271697,6.948595929626E-18));
#7788 = ( GEOMETRIC_REPRESENTATION_CONTEXT(2) 
PARAMETRIC_REPRESENTATION_CONTEXT() REPRESENTATION_CONTEXT('2D SPACE',''
  ) );
#7789 = PCURVE('',#7790,#7795);
#7790 = B_SPLINE_SURFACE_WITH_KNOTS('',1,1,(
    (#7791,#7792)
    ,(#7793,#7794
    )),.UNSPECIFIED.,.F.,.F.,.F.,(2,2),(2,2),(-1.21242817743E-02,
    -6.935734568961E-03),(2.212631733844E-02,3.742731213501E-02),
  .PIECEWISE_BEZIER_KNOTS.);
#7791 = CARTESIAN_POINT('',(-12.1242817743,22.126317338439,
    19.200817483812));
#7792 = CARTESIAN_POINT('',(-12.1242817743,37.427312135012,
    19.200817483812));
#7793 = CARTESIAN_POINT('',(-6.935734568961,22.126317338439,
    19.200817483812));
#7794 = CARTESIAN_POINT('',(-6.935734568961,37.427312135012,
    19.200817483812));
#7795 = DEFINITIONAL_REPRESENTATION('',(#7796),#7800);
#7796 = ( BOUNDED_CURVE() B_SPLINE_CURVE(2,(#7797,#7798,#7799),
.UNSPECIFIED.,.F.,.F.) B_SPLINE_CURVE_WITH_KNOTS((3,3),(5.017123467783,
5.026548245744),.PIECEWISE_BEZIER_KNOTS.) CURVE() 
GEOMETRIC_REPRESENTATION_ITEM() RATIONAL_B_SPLINE_CURVE((1.,
0.999988896716,1.)) REPRESENTATION_ITEM('') );
#7797 = CARTESIAN_POINT('',(-1.177206572138E-02,3.742731213501E-02));
#7798 = CARTESIAN_POINT('',(-1.19484390802E-02,3.737183717159E-02));
#7799 = CARTESIAN_POINT('',(-1.21242817743E-02,3.731470241684E-02));
#7800 = ( GEOMETRIC_REPRESENTATION_CONTEXT(2) 
PARAMETRIC_REPRESENTATION_CONTEXT() REPRESENTATION_CONTEXT('2D SPACE',''
  ) );
#7801 = ORIENTED_EDGE('',*,*,#7802,.F.);
#7802 = EDGE_CURVE('',#6850,#7775,#7803,.T.);
#7803 = SURFACE_CURVE('',#7804,(#7808,#7816),.PCURVE_S1.);
#7804 = ( BOUNDED_CURVE() B_SPLINE_CURVE(2,(#7805,#7806,#7807),
.UNSPECIFIED.,.F.,.F.) B_SPLINE_CURVE_WITH_KNOTS((3,3),(4.712388980385,
5.017123467783),.PIECEWISE_BEZIER_KNOTS.) CURVE() 
GEOMETRIC_REPRESENTATION_ITEM() RATIONAL_B_SPLINE_CURVE((1.,
0.988414551331,1.)) REPRESENTATION_ITEM('') );
#7805 = CARTESIAN_POINT('',(7.207352574682E-15,39.235,19.200817483812));
#7806 = CARTESIAN_POINT('',(-6.024824789589,39.235,19.200817483812));
#7807 = CARTESIAN_POINT('',(-11.77206572137,37.427312135012,
    19.200817483812));
#7808 = PCURVE('',#6864,#7809);
#7809 = DEFINITIONAL_REPRESENTATION('',(#7810),#7815);
#7810 = B_SPLINE_CURVE_WITH_KNOTS('',3,(#7811,#7812,#7813,#7814),
  .UNSPECIFIED.,.F.,.F.,(4,4),(4.712388980385,5.017123467783),
  .PIECEWISE_BEZIER_KNOTS.);
#7811 = CARTESIAN_POINT('',(4.712388980385,0.));
#7812 = CARTESIAN_POINT('',(4.824775137726,1.13189676905E-17));
#7813 = CARTESIAN_POINT('',(4.931414209172,1.644522293463E-19));
#7814 = CARTESIAN_POINT('',(5.033108239943,3.469506690661E-18));
#7815 = ( GEOMETRIC_REPRESENTATION_CONTEXT(2) 
PARAMETRIC_REPRESENTATION_CONTEXT() REPRESENTATION_CONTEXT('2D SPACE',''
  ) );
#7816 = PCURVE('',#7817,#7822);
#7817 = B_SPLINE_SURFACE_WITH_KNOTS('',1,1,(
    (#7818,#7819)
    ,(#7820,#7821
    )),.UNSPECIFIED.,.F.,.F.,.F.,(2,2),(2,2),(-1.177206572138E-02,
    7.429785538303E-18),(2.222492092199E-02,3.9235E-02),
  .PIECEWISE_BEZIER_KNOTS.);
#7818 = CARTESIAN_POINT('',(-11.77206572137,22.224920921995,
    19.200817483812));
#7819 = CARTESIAN_POINT('',(-11.77206572137,39.235,19.200817483812));
#7820 = CARTESIAN_POINT('',(7.207352574682E-15,22.224920921995,
    19.200817483812));
#7821 = CARTESIAN_POINT('',(7.207352574682E-15,39.235,19.200817483812));
#7822 = DEFINITIONAL_REPRESENTATION('',(#7823),#7827);
#7823 = ( BOUNDED_CURVE() B_SPLINE_CURVE(2,(#7824,#7825,#7826),
.UNSPECIFIED.,.F.,.F.) B_SPLINE_CURVE_WITH_KNOTS((3,3),(4.712388980385,
5.017123467783),.PIECEWISE_BEZIER_KNOTS.) CURVE() 
GEOMETRIC_REPRESENTATION_ITEM() RATIONAL_B_SPLINE_CURVE((1.,
0.988414551331,1.)) REPRESENTATION_ITEM('') );
#7824 = CARTESIAN_POINT('',(7.429785538303E-18,3.9235E-02));
#7825 = CARTESIAN_POINT('',(-6.024824789589E-03,3.9235E-02));
#7826 = CARTESIAN_POINT('',(-1.177206572138E-02,3.742731213501E-02));
#7827 = ( GEOMETRIC_REPRESENTATION_CONTEXT(2) 
PARAMETRIC_REPRESENTATION_CONTEXT() REPRESENTATION_CONTEXT('2D SPACE',''
  ) );
#7828 = ADVANCED_FACE('',(#7829),#7180,.F.);
#7829 = FACE_BOUND('',#7830,.F.);
#7830 = EDGE_LOOP('',(#7831,#7832,#7853,#7854,#7882,#7911,#7939,#7968,
    #7996,#8024,#8052,#8081,#8109));
#7831 = ORIENTED_EDGE('',*,*,#7525,.T.);
#7832 = ORIENTED_EDGE('',*,*,#7833,.T.);
#7833 = EDGE_CURVE('',#7503,#7166,#7834,.T.);
#7834 = SURFACE_CURVE('',#7835,(#7839,#7846),.PCURVE_S1.);
#7835 = ( BOUNDED_CURVE() B_SPLINE_CURVE(2,(#7836,#7837,#7838),
.UNSPECIFIED.,.F.,.F.) B_SPLINE_CURVE_WITH_KNOTS((3,3),(0.,
1.570796326795),.PIECEWISE_BEZIER_KNOTS.) CURVE() 
GEOMETRIC_REPRESENTATION_ITEM() RATIONAL_B_SPLINE_CURVE((1.,
0.707106781187,1.)) REPRESENTATION_ITEM('') );
#7836 = CARTESIAN_POINT('',(-39.235,0.,21.659463498333));
#7837 = CARTESIAN_POINT('',(-39.235,-39.235,21.659463498333));
#7838 = CARTESIAN_POINT('',(-2.402450858227E-15,-39.235,21.659463498333)
  );
#7839 = PCURVE('',#7180,#7840);
#7840 = DEFINITIONAL_REPRESENTATION('',(#7841),#7845);
#7841 = B_SPLINE_CURVE_WITH_KNOTS('',2,(#7842,#7843,#7844),
  .UNSPECIFIED.,.F.,.F.,(3,3),(0.,1.570796326795),
  .PIECEWISE_BEZIER_KNOTS.);
#7842 = CARTESIAN_POINT('',(0.,-2.458646014521E-03));
#7843 = CARTESIAN_POINT('',(0.785398163397,-2.458646014521E-03));
#7844 = CARTESIAN_POINT('',(1.570796326795,-2.458646014521E-03));
#7845 = ( GEOMETRIC_REPRESENTATION_CONTEXT(2) 
PARAMETRIC_REPRESENTATION_CONTEXT() REPRESENTATION_CONTEXT('2D SPACE',''
  ) );
#7846 = PCURVE('',#6837,#7847);
#7847 = DEFINITIONAL_REPRESENTATION('',(#7848),#7852);
#7848 = ( BOUNDED_CURVE() B_SPLINE_CURVE(2,(#7849,#7850,#7851),
.UNSPECIFIED.,.F.,.F.) B_SPLINE_CURVE_WITH_KNOTS((3,3),(0.,
1.570796326795),.PIECEWISE_BEZIER_KNOTS.) CURVE() 
GEOMETRIC_REPRESENTATION_ITEM() RATIONAL_B_SPLINE_CURVE((1.,
0.707106781187,1.)) REPRESENTATION_ITEM('') );
#7849 = CARTESIAN_POINT('',(-3.9235E-02,1.089936092671E-18));
#7850 = CARTESIAN_POINT('',(-3.9235E-02,-3.9235E-02));
#7851 = CARTESIAN_POINT('',(-2.180017894606E-18,-3.9235E-02));
#7852 = ( GEOMETRIC_REPRESENTATION_CONTEXT(2) 
PARAMETRIC_REPRESENTATION_CONTEXT() REPRESENTATION_CONTEXT('2D SPACE',''
  ) );
#7853 = ORIENTED_EDGE('',*,*,#7163,.F.);
#7854 = ORIENTED_EDGE('',*,*,#7855,.F.);
#7855 = EDGE_CURVE('',#7856,#7164,#7858,.T.);
#7856 = VERTEX_POINT('',#7857);
#7857 = CARTESIAN_POINT('',(-0.369775688924,-39.23325746022,
    19.200817483812));
#7858 = SURFACE_CURVE('',#7859,(#7863,#7870),.PCURVE_S1.);
#7859 = ( BOUNDED_CURVE() B_SPLINE_CURVE(2,(#7860,#7861,#7862),
.UNSPECIFIED.,.F.,.F.) B_SPLINE_CURVE_WITH_KNOTS((3,3),(1.561371548834,
1.570796326795),.PIECEWISE_BEZIER_KNOTS.) CURVE() 
GEOMETRIC_REPRESENTATION_ITEM() RATIONAL_B_SPLINE_CURVE((1.,
0.999988896716,1.)) REPRESENTATION_ITEM('') );
#7860 = CARTESIAN_POINT('',(-0.369775688924,-39.23325746022,
    19.200817483812));
#7861 = CARTESIAN_POINT('',(-0.184891950255,-39.235,19.200817483812));
#7862 = CARTESIAN_POINT('',(-2.402450858227E-15,-39.235,19.200817483812)
  );
#7863 = PCURVE('',#7180,#7864);
#7864 = DEFINITIONAL_REPRESENTATION('',(#7865),#7869);
#7865 = B_SPLINE_CURVE_WITH_KNOTS('',2,(#7866,#7867,#7868),
  .UNSPECIFIED.,.F.,.F.,(3,3),(1.561371548834,1.570796326795),
  .PIECEWISE_BEZIER_KNOTS.);
#7866 = CARTESIAN_POINT('',(1.560348346939,3.467177775615E-18));
#7867 = CARTESIAN_POINT('',(1.565562207845,8.706298616751E-18));
#7868 = CARTESIAN_POINT('',(1.570796326795,0.));
#7869 = ( GEOMETRIC_REPRESENTATION_CONTEXT(2) 
PARAMETRIC_REPRESENTATION_CONTEXT() REPRESENTATION_CONTEXT('2D SPACE',''
  ) );
#7870 = PCURVE('',#7871,#7876);
#7871 = B_SPLINE_SURFACE_WITH_KNOTS('',1,1,(
    (#7872,#7873)
    ,(#7874,#7875
    )),.UNSPECIFIED.,.F.,.F.,.F.,(2,2),(2,2),(-3.697756889244E-04,
    5.218114306116E-05),(-3.9235E-02,-2.328041571729E-02),
  .PIECEWISE_BEZIER_KNOTS.);
#7872 = CARTESIAN_POINT('',(-0.369775688924,-39.235,19.200817483812));
#7873 = CARTESIAN_POINT('',(-0.369775688924,-23.28041571729,
    19.200817483812));
#7874 = CARTESIAN_POINT('',(5.218114306116E-02,-39.235,19.200817483812)
  );
#7875 = CARTESIAN_POINT('',(5.218114306116E-02,-23.28041571729,
    19.200817483812));
#7876 = DEFINITIONAL_REPRESENTATION('',(#7877),#7881);
#7877 = ( BOUNDED_CURVE() B_SPLINE_CURVE(2,(#7878,#7879,#7880),
.UNSPECIFIED.,.F.,.F.) B_SPLINE_CURVE_WITH_KNOTS((3,3),(1.561371548834,
1.570796326795),.PIECEWISE_BEZIER_KNOTS.) CURVE() 
GEOMETRIC_REPRESENTATION_ITEM() RATIONAL_B_SPLINE_CURVE((1.,
0.999988896716,1.)) REPRESENTATION_ITEM('') );
#7878 = CARTESIAN_POINT('',(-3.697756889244E-04,-3.923325746022E-02));
#7879 = CARTESIAN_POINT('',(-1.848919502552E-04,-3.9235E-02));
#7880 = CARTESIAN_POINT('',(-2.180017894606E-18,-3.9235E-02));
#7881 = ( GEOMETRIC_REPRESENTATION_CONTEXT(2) 
PARAMETRIC_REPRESENTATION_CONTEXT() REPRESENTATION_CONTEXT('2D SPACE',''
  ) );
#7882 = ORIENTED_EDGE('',*,*,#7883,.T.);
#7883 = EDGE_CURVE('',#7856,#7884,#7886,.T.);
#7884 = VERTEX_POINT('',#7885);
#7885 = CARTESIAN_POINT('',(-12.1242817743,-37.31470241684,
    19.200817483812));
#7886 = SURFACE_CURVE('',#7887,(#7891,#7899),.PCURVE_S1.);
#7887 = ( BOUNDED_CURVE() B_SPLINE_CURVE(2,(#7888,#7889,#7890),
.UNSPECIFIED.,.F.,.F.) B_SPLINE_CURVE_WITH_KNOTS((3,3),(5.978450819781,
6.28318530718),.PIECEWISE_BEZIER_KNOTS.) CURVE() 
GEOMETRIC_REPRESENTATION_ITEM() RATIONAL_B_SPLINE_CURVE((1.,
0.988414551331,1.)) REPRESENTATION_ITEM('') );
#7888 = CARTESIAN_POINT('',(-0.369775688924,-39.23325746022,
    19.200817483812));
#7889 = CARTESIAN_POINT('',(-6.394332898626,-39.17647566495,
    19.200817483812));
#7890 = CARTESIAN_POINT('',(-12.1242817743,-37.31470241684,
    19.200817483812));
#7891 = PCURVE('',#7180,#7892);
#7892 = DEFINITIONAL_REPRESENTATION('',(#7893),#7898);
#7893 = B_SPLINE_CURVE_WITH_KNOTS('',3,(#7894,#7895,#7896,#7897),
  .UNSPECIFIED.,.F.,.F.,(4,4),(5.978450819781,6.28318530718),
  .PIECEWISE_BEZIER_KNOTS.);
#7894 = CARTESIAN_POINT('',(1.560348346939,3.467177775615E-18));
#7895 = CARTESIAN_POINT('',(1.448397038424,-4.814933516386E-18));
#7896 = CARTESIAN_POINT('',(1.342077713111,1.147561962729E-17));
#7897 = CARTESIAN_POINT('',(1.240616035483,9.761150283854E-21));
#7898 = ( GEOMETRIC_REPRESENTATION_CONTEXT(2) 
PARAMETRIC_REPRESENTATION_CONTEXT() REPRESENTATION_CONTEXT('2D SPACE',''
  ) );
#7899 = PCURVE('',#7900,#7905);
#7900 = B_SPLINE_SURFACE_WITH_KNOTS('',1,1,(
    (#7901,#7902)
    ,(#7903,#7904
    )),.UNSPECIFIED.,.F.,.F.,.F.,(2,2),(2,2),(-7.848702062546E-03,
    9.161377015459E-03),(-4.819598467363E-03,6.952467254013E-03),
  .PIECEWISE_BEZIER_KNOTS.);
#7901 = CARTESIAN_POINT('',(-12.1242817743,-37.31470241684,
    19.200817483812));
#7902 = CARTESIAN_POINT('',(-0.928381959731,-40.95247078364,
    19.200817483812));
#7903 = CARTESIAN_POINT('',(-6.867878263536,-21.137155867,
    19.200817483812));
#7904 = CARTESIAN_POINT('',(4.328021551034,-24.77492423381,
    19.200817483812));
#7905 = DEFINITIONAL_REPRESENTATION('',(#7906),#7910);
#7906 = ( BOUNDED_CURVE() B_SPLINE_CURVE(2,(#7907,#7908,#7909),
.UNSPECIFIED.,.F.,.F.) B_SPLINE_CURVE_WITH_KNOTS((3,3),(5.978450819781,
6.28318530718),.PIECEWISE_BEZIER_KNOTS.) CURVE() 
GEOMETRIC_REPRESENTATION_ITEM() RATIONAL_B_SPLINE_CURVE((1.,
0.988414551331,1.)) REPRESENTATION_ITEM('') );
#7907 = CARTESIAN_POINT('',(-6.041014197558E-03,6.952467254013E-03));
#7908 = CARTESIAN_POINT('',(-7.848702062546E-03,1.205226322226E-03));
#7909 = CARTESIAN_POINT('',(-7.848702062546E-03,-4.819598467363E-03));
#7910 = ( GEOMETRIC_REPRESENTATION_CONTEXT(2) 
PARAMETRIC_REPRESENTATION_CONTEXT() REPRESENTATION_CONTEXT('2D SPACE',''
  ) );
#7911 = ORIENTED_EDGE('',*,*,#7912,.F.);
#7912 = EDGE_CURVE('',#7913,#7884,#7915,.T.);
#7913 = VERTEX_POINT('',#7914);
#7914 = CARTESIAN_POINT('',(-12.47542087841,-37.19877819104,
    19.200817483812));
#7915 = SURFACE_CURVE('',#7916,(#7920,#7927),.PCURVE_S1.);
#7916 = ( BOUNDED_CURVE() B_SPLINE_CURVE(2,(#7917,#7918,#7919),
.UNSPECIFIED.,.F.,.F.) B_SPLINE_CURVE_WITH_KNOTS((3,3),(1.247212283475,
1.256637061436),.PIECEWISE_BEZIER_KNOTS.) CURVE() 
GEOMETRIC_REPRESENTATION_ITEM() RATIONAL_B_SPLINE_CURVE((1.,
0.999988896716,1.)) REPRESENTATION_ITEM('') );
#7917 = CARTESIAN_POINT('',(-12.47542087841,-37.19877819104,
    19.200817483812));
#7918 = CARTESIAN_POINT('',(-12.3001244684,-37.25756766208,
    19.200817483812));
#7919 = CARTESIAN_POINT('',(-12.1242817743,-37.31470241684,
    19.200817483812));
#7920 = PCURVE('',#7180,#7921);
#7921 = DEFINITIONAL_REPRESENTATION('',(#7922),#7926);
#7922 = B_SPLINE_CURVE_WITH_KNOTS('',2,(#7923,#7924,#7925),
  .UNSPECIFIED.,.F.,.F.,(3,3),(1.247212283475,1.256637061436),
  .PIECEWISE_BEZIER_KNOTS.);
#7923 = CARTESIAN_POINT('',(1.231176387067,3.479298044088E-18));
#7924 = CARTESIAN_POINT('',(1.235890926913,5.550497148286E-18));
#7925 = CARTESIAN_POINT('',(1.240616035483,6.948714166447E-18));
#7926 = ( GEOMETRIC_REPRESENTATION_CONTEXT(2) 
PARAMETRIC_REPRESENTATION_CONTEXT() REPRESENTATION_CONTEXT('2D SPACE',''
  ) );
#7927 = PCURVE('',#7928,#7933);
#7928 = B_SPLINE_SURFACE_WITH_KNOTS('',1,1,(
    (#7929,#7930)
    ,(#7931,#7932
    )),.UNSPECIFIED.,.F.,.F.,.F.,(2,2),(2,2),(-1.247542087841E-02,
    -7.144888376833E-03),(-3.731470241684E-02,-2.205706121798E-02),
  .PIECEWISE_BEZIER_KNOTS.);
#7929 = CARTESIAN_POINT('',(-12.47542087841,-37.31470241684,
    19.200817483812));
#7930 = CARTESIAN_POINT('',(-12.47542087841,-22.05706121798,
    19.200817483812));
#7931 = CARTESIAN_POINT('',(-7.144888376833,-37.31470241684,
    19.200817483812));
#7932 = CARTESIAN_POINT('',(-7.144888376833,-22.05706121798,
    19.200817483812));
#7933 = DEFINITIONAL_REPRESENTATION('',(#7934),#7938);
#7934 = ( BOUNDED_CURVE() B_SPLINE_CURVE(2,(#7935,#7936,#7937),
.UNSPECIFIED.,.F.,.F.) B_SPLINE_CURVE_WITH_KNOTS((3,3),(1.247212283475,
1.256637061436),.PIECEWISE_BEZIER_KNOTS.) CURVE() 
GEOMETRIC_REPRESENTATION_ITEM() RATIONAL_B_SPLINE_CURVE((1.,
0.999988896716,1.)) REPRESENTATION_ITEM('') );
#7935 = CARTESIAN_POINT('',(-1.247542087841E-02,-3.719877819104E-02));
#7936 = CARTESIAN_POINT('',(-1.23001244684E-02,-3.725756766209E-02));
#7937 = CARTESIAN_POINT('',(-1.21242817743E-02,-3.731470241684E-02));
#7938 = ( GEOMETRIC_REPRESENTATION_CONTEXT(2) 
PARAMETRIC_REPRESENTATION_CONTEXT() REPRESENTATION_CONTEXT('2D SPACE',''
  ) );
#7939 = ORIENTED_EDGE('',*,*,#7940,.T.);
#7940 = EDGE_CURVE('',#7913,#7941,#7943,.T.);
#7941 = VERTEX_POINT('',#7942);
#7942 = CARTESIAN_POINT('',(-23.06175437369,-31.7417817743,
    19.200817483812));
#7943 = SURFACE_CURVE('',#7944,(#7948,#7956),.PCURVE_S1.);
#7944 = ( BOUNDED_CURVE() B_SPLINE_CURVE(2,(#7945,#7946,#7947),
.UNSPECIFIED.,.F.,.F.) B_SPLINE_CURVE_WITH_KNOTS((3,3),(5.978450819781,
6.28318530718),.PIECEWISE_BEZIER_KNOTS.) CURVE() 
GEOMETRIC_REPRESENTATION_ITEM() RATIONAL_B_SPLINE_CURVE((1.,
0.988414551331,1.)) REPRESENTATION_ITEM('') );
#7945 = CARTESIAN_POINT('',(-12.47542087841,-37.19877819104,
    19.200817483812));
#7946 = CARTESIAN_POINT('',(-18.18756873078,-35.28308493326,
    19.200817483812));
#7947 = CARTESIAN_POINT('',(-23.06175437369,-31.7417817743,
    19.200817483812));
#7948 = PCURVE('',#7180,#7949);
#7949 = DEFINITIONAL_REPRESENTATION('',(#7950),#7955);
#7950 = B_SPLINE_CURVE_WITH_KNOTS('',3,(#7951,#7952,#7953,#7954),
  .UNSPECIFIED.,.F.,.F.,(4,4),(5.978450819781,6.28318530718),
  .PIECEWISE_BEZIER_KNOTS.);
#7951 = CARTESIAN_POINT('',(1.231176387067,3.459654176702E-18));
#7952 = CARTESIAN_POINT('',(1.129944456174,2.338724923257E-18));
#7953 = CARTESIAN_POINT('',(1.031150359716,4.829454904973E-18));
#7954 = CARTESIAN_POINT('',(0.934625957008,3.471972015045E-18));
#7955 = ( GEOMETRIC_REPRESENTATION_CONTEXT(2) 
PARAMETRIC_REPRESENTATION_CONTEXT() REPRESENTATION_CONTEXT('2D SPACE',''
  ) );
#7956 = PCURVE('',#7957,#7962);
#7957 = B_SPLINE_SURFACE_WITH_KNOTS('',1,1,(
    (#7958,#7959)
    ,(#7960,#7961
    )),.UNSPECIFIED.,.F.,.F.,.F.,(2,2),(2,2),(-7.848702062546E-03,
    9.161377015459E-03),(-4.819598467363E-03,6.952467254013E-03),
  .PIECEWISE_BEZIER_KNOTS.);
#7958 = CARTESIAN_POINT('',(-23.06175437369,-31.7417817743,
    19.200817483812));
#7959 = CARTESIAN_POINT('',(-13.5379531462,-38.66122839434,
    19.200817483812));
#7960 = CARTESIAN_POINT('',(-13.06348075131,-17.98033872453,
    19.200817483812));
#7961 = CARTESIAN_POINT('',(-3.539679523823,-24.89978534457,
    19.200817483812));
#7962 = DEFINITIONAL_REPRESENTATION('',(#7963),#7967);
#7963 = ( BOUNDED_CURVE() B_SPLINE_CURVE(2,(#7964,#7965,#7966),
.UNSPECIFIED.,.F.,.F.) B_SPLINE_CURVE_WITH_KNOTS((3,3),(5.978450819781,
6.28318530718),.PIECEWISE_BEZIER_KNOTS.) CURVE() 
GEOMETRIC_REPRESENTATION_ITEM() RATIONAL_B_SPLINE_CURVE((1.,
0.988414551331,1.)) REPRESENTATION_ITEM('') );
#7964 = CARTESIAN_POINT('',(-6.041014197558E-03,6.952467254013E-03));
#7965 = CARTESIAN_POINT('',(-7.848702062546E-03,1.205226322226E-03));
#7966 = CARTESIAN_POINT('',(-7.848702062546E-03,-4.819598467363E-03));
#7967 = ( GEOMETRIC_REPRESENTATION_CONTEXT(2) 
PARAMETRIC_REPRESENTATION_CONTEXT() REPRESENTATION_CONTEXT('2D SPACE',''
  ) );
#7968 = ORIENTED_EDGE('',*,*,#7969,.F.);
#7969 = EDGE_CURVE('',#7970,#7941,#7972,.T.);
#7970 = VERTEX_POINT('',#7971);
#7971 = CARTESIAN_POINT('',(-23.35988495095,-31.52302333339,
    19.200817483812));
#7972 = SURFACE_CURVE('',#7973,(#7977,#7984),.PCURVE_S1.);
#7973 = ( BOUNDED_CURVE() B_SPLINE_CURVE(2,(#7974,#7975,#7976),
.UNSPECIFIED.,.F.,.F.) B_SPLINE_CURVE_WITH_KNOTS((3,3),(0.933053018116,
0.942477796077),.PIECEWISE_BEZIER_KNOTS.) CURVE() 
GEOMETRIC_REPRESENTATION_ITEM() RATIONAL_B_SPLINE_CURVE((1.,
0.999988896716,1.)) REPRESENTATION_ITEM('') );
#7974 = CARTESIAN_POINT('',(-23.35988495095,-31.52302333339,
    19.200817483812));
#7975 = CARTESIAN_POINT('',(-23.21133510357,-31.63310501267,
    19.200817483812));
#7976 = CARTESIAN_POINT('',(-23.06175437369,-31.7417817743,
    19.200817483812));
#7977 = PCURVE('',#7180,#7978);
#7978 = DEFINITIONAL_REPRESENTATION('',(#7979),#7983);
#7979 = B_SPLINE_CURVE_WITH_KNOTS('',2,(#7980,#7981,#7982),
  .UNSPECIFIED.,.F.,.F.,(3,3),(0.933053018116,0.942477796077),
  .PIECEWISE_BEZIER_KNOTS.);
#7980 = CARTESIAN_POINT('',(0.925638629271,6.936512311259E-18));
#7981 = CARTESIAN_POINT('',(0.930130676752,9.718334658446E-18));
#7982 = CARTESIAN_POINT('',(0.934625957008,3.466921888862E-18));
#7983 = ( GEOMETRIC_REPRESENTATION_CONTEXT(2) 
PARAMETRIC_REPRESENTATION_CONTEXT() REPRESENTATION_CONTEXT('2D SPACE',''
  ) );
#7984 = PCURVE('',#7985,#7990);
#7985 = B_SPLINE_SURFACE_WITH_KNOTS('',1,1,(
    (#7986,#7987)
    ,(#7988,#7989
    )),.UNSPECIFIED.,.F.,.F.,.F.,(2,2),(2,2),(-2.335988495096E-02,
    -1.364256644104E-02),(-3.17417817743E-02,-1.867460788608E-02),
  .PIECEWISE_BEZIER_KNOTS.);
#7986 = CARTESIAN_POINT('',(-23.35988495095,-31.7417817743,
    19.200817483812));
#7987 = CARTESIAN_POINT('',(-23.35988495095,-18.67460788607,
    19.200817483812));
#7988 = CARTESIAN_POINT('',(-13.64256644103,-31.7417817743,
    19.200817483812));
#7989 = CARTESIAN_POINT('',(-13.64256644103,-18.67460788607,
    19.200817483812));
#7990 = DEFINITIONAL_REPRESENTATION('',(#7991),#7995);
#7991 = ( BOUNDED_CURVE() B_SPLINE_CURVE(2,(#7992,#7993,#7994),
.UNSPECIFIED.,.F.,.F.) B_SPLINE_CURVE_WITH_KNOTS((3,3),(0.933053018116,
0.942477796077),.PIECEWISE_BEZIER_KNOTS.) CURVE() 
GEOMETRIC_REPRESENTATION_ITEM() RATIONAL_B_SPLINE_CURVE((1.,
0.999988896716,1.)) REPRESENTATION_ITEM('') );
#7992 = CARTESIAN_POINT('',(-2.335988495096E-02,-3.15230233334E-02));
#7993 = CARTESIAN_POINT('',(-2.321133510357E-02,-3.163310501267E-02));
#7994 = CARTESIAN_POINT('',(-2.30617543737E-02,-3.17417817743E-02));
#7995 = ( GEOMETRIC_REPRESENTATION_CONTEXT(2) 
PARAMETRIC_REPRESENTATION_CONTEXT() REPRESENTATION_CONTEXT('2D SPACE',''
  ) );
#7996 = ORIENTED_EDGE('',*,*,#7997,.T.);
#7997 = EDGE_CURVE('',#7970,#7998,#8000,.T.);
#7998 = VERTEX_POINT('',#7999);
#7999 = CARTESIAN_POINT('',(-31.7417817743,-23.06175437369,
    19.200817483812));
#8000 = SURFACE_CURVE('',#8001,(#8005,#8012),.PCURVE_S1.);
#8001 = ( BOUNDED_CURVE() B_SPLINE_CURVE(2,(#8002,#8003,#8004),
.UNSPECIFIED.,.F.,.F.) B_SPLINE_CURVE_WITH_KNOTS((3,3),(5.978450819781,
6.28318530718),.PIECEWISE_BEZIER_KNOTS.) CURVE() 
GEOMETRIC_REPRESENTATION_ITEM() RATIONAL_B_SPLINE_CURVE((1.,
0.988414551331,1.)) REPRESENTATION_ITEM('') );
#8002 = CARTESIAN_POINT('',(-23.35988495095,-31.52302333339,
    19.200817483812));
#8003 = CARTESIAN_POINT('',(-28.20047861533,-27.9359400166,
    19.200817483812));
#8004 = CARTESIAN_POINT('',(-31.7417817743,-23.06175437369,
    19.200817483812));
#8005 = PCURVE('',#7180,#8006);
#8006 = DEFINITIONAL_REPRESENTATION('',(#8007),#8011);
#8007 = B_SPLINE_CURVE_WITH_KNOTS('',2,(#8008,#8009,#8010),
  .UNSPECIFIED.,.F.,.F.,(3,3),(5.978450819781,6.28318530718),
  .PIECEWISE_BEZIER_KNOTS.);
#8008 = CARTESIAN_POINT('',(0.925638629271,6.941284311962E-18));
#8009 = CARTESIAN_POINT('',(0.780956560931,-3.699821793457E-18));
#8010 = CARTESIAN_POINT('',(0.636170369787,3.471972015045E-18));
#8011 = ( GEOMETRIC_REPRESENTATION_CONTEXT(2) 
PARAMETRIC_REPRESENTATION_CONTEXT() REPRESENTATION_CONTEXT('2D SPACE',''
  ) );
#8012 = PCURVE('',#8013,#8018);
#8013 = B_SPLINE_SURFACE_WITH_KNOTS('',1,1,(
    (#8014,#8015)
    ,(#8016,#8017
    )),.UNSPECIFIED.,.F.,.F.,.F.,(2,2),(2,2),(-7.848702062546E-03,
    9.161377015459E-03),(-4.819598467363E-03,6.952467254013E-03),
  .PIECEWISE_BEZIER_KNOTS.);
#8014 = CARTESIAN_POINT('',(-31.7417817743,-23.06175437369,
    19.200817483812));
#8015 = CARTESIAN_POINT('',(-24.82233515425,-32.58555560118,
    19.200817483812));
#8016 = CARTESIAN_POINT('',(-17.98033872453,-13.06348075131,
    19.200817483812));
#8017 = CARTESIAN_POINT('',(-11.06089210449,-22.5872819788,
    19.200817483812));
#8018 = DEFINITIONAL_REPRESENTATION('',(#8019),#8023);
#8019 = ( BOUNDED_CURVE() B_SPLINE_CURVE(2,(#8020,#8021,#8022),
.UNSPECIFIED.,.F.,.F.) B_SPLINE_CURVE_WITH_KNOTS((3,3),(5.978450819781,
6.28318530718),.PIECEWISE_BEZIER_KNOTS.) CURVE() 
GEOMETRIC_REPRESENTATION_ITEM() RATIONAL_B_SPLINE_CURVE((1.,
0.988414551331,1.)) REPRESENTATION_ITEM('') );
#8020 = CARTESIAN_POINT('',(-6.041014197558E-03,6.952467254013E-03));
#8021 = CARTESIAN_POINT('',(-7.848702062546E-03,1.205226322226E-03));
#8022 = CARTESIAN_POINT('',(-7.848702062546E-03,-4.819598467363E-03));
#8023 = ( GEOMETRIC_REPRESENTATION_CONTEXT(2) 
PARAMETRIC_REPRESENTATION_CONTEXT() REPRESENTATION_CONTEXT('2D SPACE',''
  ) );
#8024 = ORIENTED_EDGE('',*,*,#8025,.F.);
#8025 = EDGE_CURVE('',#8026,#7998,#8028,.T.);
#8026 = VERTEX_POINT('',#8027);
#8027 = CARTESIAN_POINT('',(-31.95772072661,-22.76157531806,
    19.200817483812));
#8028 = SURFACE_CURVE('',#8029,(#8033,#8040),.PCURVE_S1.);
#8029 = ( BOUNDED_CURVE() B_SPLINE_CURVE(2,(#8030,#8031,#8032),
.UNSPECIFIED.,.F.,.F.) B_SPLINE_CURVE_WITH_KNOTS((3,3),(0.618893752757,
0.628318530718),.PIECEWISE_BEZIER_KNOTS.) CURVE() 
GEOMETRIC_REPRESENTATION_ITEM() RATIONAL_B_SPLINE_CURVE((1.,
0.999988896716,1.)) REPRESENTATION_ITEM('') );
#8030 = CARTESIAN_POINT('',(-31.95772072661,-22.76157531806,
    19.200817483812));
#8031 = CARTESIAN_POINT('',(-31.85045853592,-22.91217364381,
    19.200817483812));
#8032 = CARTESIAN_POINT('',(-31.7417817743,-23.06175437369,
    19.200817483812));
#8033 = PCURVE('',#7180,#8034);
#8034 = DEFINITIONAL_REPRESENTATION('',(#8035),#8039);
#8035 = B_SPLINE_CURVE_WITH_KNOTS('',2,(#8036,#8037,#8038),
  .UNSPECIFIED.,.F.,.F.,(3,3),(0.618893752757,0.628318530718),
  .PIECEWISE_BEZIER_KNOTS.);
#8036 = CARTESIAN_POINT('',(0.627176373213,3.466788364144E-18));
#8037 = CARTESIAN_POINT('',(0.631675089569,3.784674514742E-18));
#8038 = CARTESIAN_POINT('',(0.636170369787,3.474497078139E-18));
#8039 = ( GEOMETRIC_REPRESENTATION_CONTEXT(2) 
PARAMETRIC_REPRESENTATION_CONTEXT() REPRESENTATION_CONTEXT('2D SPACE',''
  ) );
#8040 = PCURVE('',#8041,#8046);
#8041 = B_SPLINE_SURFACE_WITH_KNOTS('',1,1,(
    (#8042,#8043)
    ,(#8044,#8045
    )),.UNSPECIFIED.,.F.,.F.,.F.,(2,2),(2,2),(-3.195772072661E-02,
    -1.880481504864E-02),(-2.30617543737E-02,-1.346415382064E-02),
  .PIECEWISE_BEZIER_KNOTS.);
#8042 = CARTESIAN_POINT('',(-31.95772072661,-23.06175437369,
    19.200817483812));
#8043 = CARTESIAN_POINT('',(-31.95772072661,-13.46415382064,
    19.200817483812));
#8044 = CARTESIAN_POINT('',(-18.80481504864,-23.06175437369,
    19.200817483812));
#8045 = CARTESIAN_POINT('',(-18.80481504864,-13.46415382064,
    19.200817483812));
#8046 = DEFINITIONAL_REPRESENTATION('',(#8047),#8051);
#8047 = ( BOUNDED_CURVE() B_SPLINE_CURVE(2,(#8048,#8049,#8050),
.UNSPECIFIED.,.F.,.F.) B_SPLINE_CURVE_WITH_KNOTS((3,3),(0.618893752757,
0.628318530718),.PIECEWISE_BEZIER_KNOTS.) CURVE() 
GEOMETRIC_REPRESENTATION_ITEM() RATIONAL_B_SPLINE_CURVE((1.,
0.999988896716,1.)) REPRESENTATION_ITEM('') );
#8048 = CARTESIAN_POINT('',(-3.195772072661E-02,-2.276157531806E-02));
#8049 = CARTESIAN_POINT('',(-3.185045853593E-02,-2.291217364382E-02));
#8050 = CARTESIAN_POINT('',(-3.17417817743E-02,-2.30617543737E-02));
#8051 = ( GEOMETRIC_REPRESENTATION_CONTEXT(2) 
PARAMETRIC_REPRESENTATION_CONTEXT() REPRESENTATION_CONTEXT('2D SPACE',''
  ) );
#8052 = ORIENTED_EDGE('',*,*,#8053,.T.);
#8053 = EDGE_CURVE('',#8026,#8054,#8056,.T.);
#8054 = VERTEX_POINT('',#8055);
#8055 = CARTESIAN_POINT('',(-37.31470241684,-12.1242817743,
    19.200817483812));
#8056 = SURFACE_CURVE('',#8057,(#8061,#8069),.PCURVE_S1.);
#8057 = ( BOUNDED_CURVE() B_SPLINE_CURVE(2,(#8058,#8059,#8060),
.UNSPECIFIED.,.F.,.F.) B_SPLINE_CURVE_WITH_KNOTS((3,3),(5.978450819781,
6.28318530718),.PIECEWISE_BEZIER_KNOTS.) CURVE() 
GEOMETRIC_REPRESENTATION_ITEM() RATIONAL_B_SPLINE_CURVE((1.,
0.988414551331,1.)) REPRESENTATION_ITEM('') );
#8058 = CARTESIAN_POINT('',(-31.95772072661,-22.76157531806,
    19.200817483812));
#8059 = CARTESIAN_POINT('',(-35.45292916872,-17.85423064997,
    19.200817483812));
#8060 = CARTESIAN_POINT('',(-37.31470241684,-12.1242817743,
    19.200817483812));
#8061 = PCURVE('',#7180,#8062);
#8062 = DEFINITIONAL_REPRESENTATION('',(#8063),#8068);
#8063 = B_SPLINE_CURVE_WITH_KNOTS('',3,(#8064,#8065,#8066,#8067),
  .UNSPECIFIED.,.F.,.F.,(4,4),(5.978450819781,6.28318530718),
  .PIECEWISE_BEZIER_KNOTS.);
#8064 = CARTESIAN_POINT('',(0.627176373213,3.466788364148E-18));
#8065 = CARTESIAN_POINT('',(0.53057816248,8.538022893642E-18));
#8066 = CARTESIAN_POINT('',(0.431639130621,-1.128266243315E-17));
#8067 = CARTESIAN_POINT('',(0.330180291312,6.948655048036E-18));
#8068 = ( GEOMETRIC_REPRESENTATION_CONTEXT(2) 
PARAMETRIC_REPRESENTATION_CONTEXT() REPRESENTATION_CONTEXT('2D SPACE',''
  ) );
#8069 = PCURVE('',#8070,#8075);
#8070 = B_SPLINE_SURFACE_WITH_KNOTS('',1,1,(
    (#8071,#8072)
    ,(#8073,#8074
    )),.UNSPECIFIED.,.F.,.F.,.F.,(2,2),(2,2),(-7.848702062546E-03,
    9.161377015459E-03),(-4.819598467363E-03,6.952467254013E-03),
  .PIECEWISE_BEZIER_KNOTS.);
#8071 = CARTESIAN_POINT('',(-37.31470241684,-12.1242817743,
    19.200817483812));
#8072 = CARTESIAN_POINT('',(-33.67693405003,-23.32018158887,
    19.200817483812));
#8073 = CARTESIAN_POINT('',(-21.137155867,-6.867878263536,
    19.200817483812));
#8074 = CARTESIAN_POINT('',(-17.4993875002,-18.0637780781,
    19.200817483812));
#8075 = DEFINITIONAL_REPRESENTATION('',(#8076),#8080);
#8076 = ( BOUNDED_CURVE() B_SPLINE_CURVE(2,(#8077,#8078,#8079),
.UNSPECIFIED.,.F.,.F.) B_SPLINE_CURVE_WITH_KNOTS((3,3),(5.978450819781,
6.28318530718),.PIECEWISE_BEZIER_KNOTS.) CURVE() 
GEOMETRIC_REPRESENTATION_ITEM() RATIONAL_B_SPLINE_CURVE((1.,
0.988414551331,1.)) REPRESENTATION_ITEM('') );
#8077 = CARTESIAN_POINT('',(-6.041014197558E-03,6.952467254013E-03));
#8078 = CARTESIAN_POINT('',(-7.848702062546E-03,1.205226322226E-03));
#8079 = CARTESIAN_POINT('',(-7.848702062546E-03,-4.819598467363E-03));
#8080 = ( GEOMETRIC_REPRESENTATION_CONTEXT(2) 
PARAMETRIC_REPRESENTATION_CONTEXT() REPRESENTATION_CONTEXT('2D SPACE',''
  ) );
#8081 = ORIENTED_EDGE('',*,*,#8082,.F.);
#8082 = EDGE_CURVE('',#8083,#8054,#8085,.T.);
#8083 = VERTEX_POINT('',#8084);
#8084 = CARTESIAN_POINT('',(-37.42731213501,-11.77206572137,
    19.200817483812));
#8085 = SURFACE_CURVE('',#8086,(#8090,#8097),.PCURVE_S1.);
#8086 = ( BOUNDED_CURVE() B_SPLINE_CURVE(2,(#8087,#8088,#8089),
.UNSPECIFIED.,.F.,.F.) B_SPLINE_CURVE_WITH_KNOTS((3,3),(0.304734487398,
0.314159265359),.PIECEWISE_BEZIER_KNOTS.) CURVE() 
GEOMETRIC_REPRESENTATION_ITEM() RATIONAL_B_SPLINE_CURVE((1.,
0.999988896716,1.)) REPRESENTATION_ITEM('') );
#8087 = CARTESIAN_POINT('',(-37.42731213501,-11.77206572137,
    19.200817483812));
#8088 = CARTESIAN_POINT('',(-37.37183717159,-11.9484390802,
    19.200817483812));
#8089 = CARTESIAN_POINT('',(-37.31470241684,-12.1242817743,
    19.200817483812));
#8090 = PCURVE('',#7180,#8091);
#8091 = DEFINITIONAL_REPRESENTATION('',(#8092),#8096);
#8092 = B_SPLINE_CURVE_WITH_KNOTS('',2,(#8093,#8094,#8095),
  .UNSPECIFIED.,.F.,.F.,(3,3),(0.304734487398,0.314159265359),
  .PIECEWISE_BEZIER_KNOTS.);
#8093 = CARTESIAN_POINT('',(0.320719259558,3.44989503477E-18));
#8094 = CARTESIAN_POINT('',(0.325455182872,6.177273561199E-18));
#8095 = CARTESIAN_POINT('',(0.330180291312,6.948595931677E-18));
#8096 = ( GEOMETRIC_REPRESENTATION_CONTEXT(2) 
PARAMETRIC_REPRESENTATION_CONTEXT() REPRESENTATION_CONTEXT('2D SPACE',''
  ) );
#8097 = PCURVE('',#8098,#8103);
#8098 = B_SPLINE_SURFACE_WITH_KNOTS('',1,1,(
    (#8099,#8100)
    ,(#8101,#8102
    )),.UNSPECIFIED.,.F.,.F.,.F.,(2,2),(2,2),(-3.742731213501E-02,
    -2.212631733844E-02),(-1.21242817743E-02,-6.935734568961E-03),
  .PIECEWISE_BEZIER_KNOTS.);
#8099 = CARTESIAN_POINT('',(-37.42731213501,-12.1242817743,
    19.200817483812));
#8100 = CARTESIAN_POINT('',(-37.42731213501,-6.935734568961,
    19.200817483812));
#8101 = CARTESIAN_POINT('',(-22.12631733843,-12.1242817743,
    19.200817483812));
#8102 = CARTESIAN_POINT('',(-22.12631733843,-6.935734568961,
    19.200817483812));
#8103 = DEFINITIONAL_REPRESENTATION('',(#8104),#8108);
#8104 = ( BOUNDED_CURVE() B_SPLINE_CURVE(2,(#8105,#8106,#8107),
.UNSPECIFIED.,.F.,.F.) B_SPLINE_CURVE_WITH_KNOTS((3,3),(0.304734487398,
0.314159265359),.PIECEWISE_BEZIER_KNOTS.) CURVE() 
GEOMETRIC_REPRESENTATION_ITEM() RATIONAL_B_SPLINE_CURVE((1.,
0.999988896716,1.)) REPRESENTATION_ITEM('') );
#8105 = CARTESIAN_POINT('',(-3.742731213501E-02,-1.177206572138E-02));
#8106 = CARTESIAN_POINT('',(-3.737183717159E-02,-1.19484390802E-02));
#8107 = CARTESIAN_POINT('',(-3.731470241684E-02,-1.21242817743E-02));
#8108 = ( GEOMETRIC_REPRESENTATION_CONTEXT(2) 
PARAMETRIC_REPRESENTATION_CONTEXT() REPRESENTATION_CONTEXT('2D SPACE',''
  ) );
#8109 = ORIENTED_EDGE('',*,*,#8110,.T.);
#8110 = EDGE_CURVE('',#8083,#7526,#8111,.T.);
#8111 = SURFACE_CURVE('',#8112,(#8116,#8124),.PCURVE_S1.);
#8112 = ( BOUNDED_CURVE() B_SPLINE_CURVE(2,(#8113,#8114,#8115),
.UNSPECIFIED.,.F.,.F.) B_SPLINE_CURVE_WITH_KNOTS((3,3),(5.978450819781,
6.28318530718),.PIECEWISE_BEZIER_KNOTS.) CURVE() 
GEOMETRIC_REPRESENTATION_ITEM() RATIONAL_B_SPLINE_CURVE((1.,
0.988414551331,1.)) REPRESENTATION_ITEM('') );
#8113 = CARTESIAN_POINT('',(-37.42731213501,-11.77206572137,
    19.200817483812));
#8114 = CARTESIAN_POINT('',(-39.235,-6.024824789589,19.200817483812));
#8115 = CARTESIAN_POINT('',(-39.235,-9.609803432909E-15,19.200817483812)
  );
#8116 = PCURVE('',#7180,#8117);
#8117 = DEFINITIONAL_REPRESENTATION('',(#8118),#8123);
#8118 = B_SPLINE_CURVE_WITH_KNOTS('',3,(#8119,#8120,#8121,#8122),
  .UNSPECIFIED.,.F.,.F.,(4,4),(5.978450819781,6.28318530718),
  .PIECEWISE_BEZIER_KNOTS.);
#8119 = CARTESIAN_POINT('',(0.320719259558,3.469387211108E-18));
#8120 = CARTESIAN_POINT('',(0.219025228787,1.644723435259E-19));
#8121 = CARTESIAN_POINT('',(0.112386157341,1.131894104778E-17));
#8122 = CARTESIAN_POINT('',(0.,0.));
#8123 = ( GEOMETRIC_REPRESENTATION_CONTEXT(2) 
PARAMETRIC_REPRESENTATION_CONTEXT() REPRESENTATION_CONTEXT('2D SPACE',''
  ) );
#8124 = PCURVE('',#8125,#8130);
#8125 = B_SPLINE_SURFACE_WITH_KNOTS('',1,1,(
    (#8126,#8127)
    ,(#8128,#8129
    )),.UNSPECIFIED.,.F.,.F.,.F.,(2,2),(2,2),(-7.848702062546E-03,
    9.161377015459E-03),(-4.819598467363E-03,6.952467254013E-03),
  .PIECEWISE_BEZIER_KNOTS.);
#8126 = CARTESIAN_POINT('',(-39.235,0.,19.200817483812));
#8127 = CARTESIAN_POINT('',(-39.235,-11.77206572137,19.200817483812));
#8128 = CARTESIAN_POINT('',(-22.22492092199,0.,19.200817483812));
#8129 = CARTESIAN_POINT('',(-22.22492092199,-11.77206572137,
    19.200817483812));
#8130 = DEFINITIONAL_REPRESENTATION('',(#8131),#8135);
#8131 = ( BOUNDED_CURVE() B_SPLINE_CURVE(2,(#8132,#8133,#8134),
.UNSPECIFIED.,.F.,.F.) B_SPLINE_CURVE_WITH_KNOTS((3,3),(5.978450819781,
6.28318530718),.PIECEWISE_BEZIER_KNOTS.) CURVE() 
GEOMETRIC_REPRESENTATION_ITEM() RATIONAL_B_SPLINE_CURVE((1.,
0.988414551331,1.)) REPRESENTATION_ITEM('') );
#8132 = CARTESIAN_POINT('',(-6.041014197558E-03,6.952467254013E-03));
#8133 = CARTESIAN_POINT('',(-7.848702062546E-03,1.205226322226E-03));
#8134 = CARTESIAN_POINT('',(-7.848702062546E-03,-4.819598467363E-03));
#8135 = ( GEOMETRIC_REPRESENTATION_CONTEXT(2) 
PARAMETRIC_REPRESENTATION_CONTEXT() REPRESENTATION_CONTEXT('2D SPACE',''
  ) );
#8136 = ADVANCED_FACE('',(#8137),#8150,.T.);
#8137 = FACE_BOUND('',#8138,.T.);
#8138 = EDGE_LOOP('',(#8139,#8177,#8200,#8229,#8252,#8276,#8299,#8323,
    #8346,#8369,#8392,#8416,#8439,#8463));
#8139 = ORIENTED_EDGE('',*,*,#8140,.T.);
#8140 = EDGE_CURVE('',#8141,#8143,#8145,.T.);
#8141 = VERTEX_POINT('',#8142);
#8142 = CARTESIAN_POINT('',(23.282,0.,19.200817483812));
#8143 = VERTEX_POINT('',#8144);
#8144 = CARTESIAN_POINT('',(23.282,0.,21.659463498333));
#8145 = SURFACE_CURVE('',#8146,(#8149,#8163),.PCURVE_S1.);
#8146 = B_SPLINE_CURVE_WITH_KNOTS('',1,(#8147,#8148),.UNSPECIFIED.,.F.,
  .F.,(2,2),(0.,2.458646014521E-03),.PIECEWISE_BEZIER_KNOTS.);
#8147 = CARTESIAN_POINT('',(23.282,0.,19.200817483812));
#8148 = CARTESIAN_POINT('',(23.282,0.,21.659463498333));
#8149 = PCURVE('',#8150,#8157);
#8150 = ( BOUNDED_SURFACE() B_SPLINE_SURFACE(2,1,(
    (#8151,#8152)
    ,(#8153,#8154)
    ,(#8155,#8156
)),.UNSPECIFIED.,.F.,.F.,.F.) B_SPLINE_SURFACE_WITH_KNOTS((3,3),(2,2),(
    3.14159265359,4.712388980385),(-2.458646014521E-03,0.),
.PIECEWISE_BEZIER_KNOTS.) GEOMETRIC_REPRESENTATION_ITEM() 
RATIONAL_B_SPLINE_SURFACE((
    (1.,1.)
    ,(0.707106781187,0.707106781187)
,(1.,1.))) REPRESENTATION_ITEM('') SURFACE() );
#8151 = CARTESIAN_POINT('',(23.282,-2.851222677775E-15,21.659463498333)
  );
#8152 = CARTESIAN_POINT('',(23.282,-2.851222677775E-15,19.200817483812)
  );
#8153 = CARTESIAN_POINT('',(23.282,23.282,21.659463498333));
#8154 = CARTESIAN_POINT('',(23.282,23.282,19.200817483812));
#8155 = CARTESIAN_POINT('',(4.276834016662E-15,23.282,21.659463498333));
#8156 = CARTESIAN_POINT('',(4.276834016662E-15,23.282,19.200817483812));
#8157 = DEFINITIONAL_REPRESENTATION('',(#8158),#8162);
#8158 = B_SPLINE_CURVE_WITH_KNOTS('',2,(#8159,#8160,#8161),
  .UNSPECIFIED.,.F.,.F.,(3,3),(0.,2.458646014521E-03),
  .PIECEWISE_BEZIER_KNOTS.);
#8159 = CARTESIAN_POINT('',(3.14159265359,0.));
#8160 = CARTESIAN_POINT('',(3.14159265359,-1.22932300726E-03));
#8161 = CARTESIAN_POINT('',(3.14159265359,-2.458646014521E-03));
#8162 = ( GEOMETRIC_REPRESENTATION_CONTEXT(2) 
PARAMETRIC_REPRESENTATION_CONTEXT() REPRESENTATION_CONTEXT('2D SPACE',''
  ) );
#8163 = PCURVE('',#8164,#8171);
#8164 = ( BOUNDED_SURFACE() B_SPLINE_SURFACE(2,1,(
    (#8165,#8166)
    ,(#8167,#8168)
    ,(#8169,#8170
)),.UNSPECIFIED.,.F.,.F.,.F.) B_SPLINE_SURFACE_WITH_KNOTS((3,3),(2,2),(
    1.570796326795,3.14159265359),(-2.458646014521E-03,0.),
.PIECEWISE_BEZIER_KNOTS.) GEOMETRIC_REPRESENTATION_ITEM() 
RATIONAL_B_SPLINE_SURFACE((
    (1.,1.)
    ,(0.707106781187,0.707106781187)
,(1.,1.))) REPRESENTATION_ITEM('') SURFACE() );
#8165 = CARTESIAN_POINT('',(-1.425611338887E-15,-23.282,21.659463498333)
  );
#8166 = CARTESIAN_POINT('',(-1.425611338887E-15,-23.282,19.200817483812)
  );
#8167 = CARTESIAN_POINT('',(23.282,-23.282,21.659463498333));
#8168 = CARTESIAN_POINT('',(23.282,-23.282,19.200817483812));
#8169 = CARTESIAN_POINT('',(23.282,-2.851222677775E-15,21.659463498333)
  );
#8170 = CARTESIAN_POINT('',(23.282,-2.851222677775E-15,19.200817483812)
  );
#8171 = DEFINITIONAL_REPRESENTATION('',(#8172),#8176);
#8172 = B_SPLINE_CURVE_WITH_KNOTS('',2,(#8173,#8174,#8175),
  .UNSPECIFIED.,.F.,.F.,(3,3),(0.,2.458646014521E-03),
  .PIECEWISE_BEZIER_KNOTS.);
#8173 = CARTESIAN_POINT('',(3.14159265359,0.));
#8174 = CARTESIAN_POINT('',(3.14159265359,-1.22932300726E-03));
#8175 = CARTESIAN_POINT('',(3.14159265359,-2.458646014521E-03));
#8176 = ( GEOMETRIC_REPRESENTATION_CONTEXT(2) 
PARAMETRIC_REPRESENTATION_CONTEXT() REPRESENTATION_CONTEXT('2D SPACE',''
  ) );
#8177 = ORIENTED_EDGE('',*,*,#8178,.T.);
#8178 = EDGE_CURVE('',#8143,#8179,#8181,.T.);
#8179 = VERTEX_POINT('',#8180);
#8180 = CARTESIAN_POINT('',(0.,23.282,21.659463498333));
#8181 = SURFACE_CURVE('',#8182,(#8186,#8193),.PCURVE_S1.);
#8182 = ( BOUNDED_CURVE() B_SPLINE_CURVE(2,(#8183,#8184,#8185),
.UNSPECIFIED.,.F.,.F.) B_SPLINE_CURVE_WITH_KNOTS((3,3),(3.14159265359,
4.712388980385),.PIECEWISE_BEZIER_KNOTS.) CURVE() 
GEOMETRIC_REPRESENTATION_ITEM() RATIONAL_B_SPLINE_CURVE((1.,
0.707106781187,1.)) REPRESENTATION_ITEM('') );
#8183 = CARTESIAN_POINT('',(23.282,-2.851222677775E-15,21.659463498333)
  );
#8184 = CARTESIAN_POINT('',(23.282,23.282,21.659463498333));
#8185 = CARTESIAN_POINT('',(4.276834016662E-15,23.282,21.659463498333));
#8186 = PCURVE('',#8150,#8187);
#8187 = DEFINITIONAL_REPRESENTATION('',(#8188),#8192);
#8188 = B_SPLINE_CURVE_WITH_KNOTS('',2,(#8189,#8190,#8191),
  .UNSPECIFIED.,.F.,.F.,(3,3),(3.14159265359,4.712388980385),
  .PIECEWISE_BEZIER_KNOTS.);
#8189 = CARTESIAN_POINT('',(3.14159265359,-2.458646014521E-03));
#8190 = CARTESIAN_POINT('',(3.926990816987,-2.458646014521E-03));
#8191 = CARTESIAN_POINT('',(4.712388980385,-2.458646014521E-03));
#8192 = ( GEOMETRIC_REPRESENTATION_CONTEXT(2) 
PARAMETRIC_REPRESENTATION_CONTEXT() REPRESENTATION_CONTEXT('2D SPACE',''
  ) );
#8193 = PCURVE('',#6837,#8194);
#8194 = DEFINITIONAL_REPRESENTATION('',(#8195),#8199);
#8195 = ( BOUNDED_CURVE() B_SPLINE_CURVE(2,(#8196,#8197,#8198),
.UNSPECIFIED.,.F.,.F.) B_SPLINE_CURVE_WITH_KNOTS((3,3),(3.14159265359,
4.712388980385),.PIECEWISE_BEZIER_KNOTS.) CURVE() 
GEOMETRIC_REPRESENTATION_ITEM() RATIONAL_B_SPLINE_CURVE((1.,
0.707106781187,1.)) REPRESENTATION_ITEM('') );
#8196 = CARTESIAN_POINT('',(2.3282E-02,-1.761286585103E-18));
#8197 = CARTESIAN_POINT('',(2.3282E-02,2.3282E-02));
#8198 = CARTESIAN_POINT('',(4.499266980284E-18,2.3282E-02));
#8199 = ( GEOMETRIC_REPRESENTATION_CONTEXT(2) 
PARAMETRIC_REPRESENTATION_CONTEXT() REPRESENTATION_CONTEXT('2D SPACE',''
  ) );
#8200 = ORIENTED_EDGE('',*,*,#8201,.F.);
#8201 = EDGE_CURVE('',#8202,#8179,#8204,.T.);
#8202 = VERTEX_POINT('',#8203);
#8203 = CARTESIAN_POINT('',(0.,23.282,19.200817483812));
#8204 = SURFACE_CURVE('',#8205,(#8208,#8215),.PCURVE_S1.);
#8205 = B_SPLINE_CURVE_WITH_KNOTS('',1,(#8206,#8207),.UNSPECIFIED.,.F.,
  .F.,(2,2),(0.,2.458646014521E-03),.PIECEWISE_BEZIER_KNOTS.);
#8206 = CARTESIAN_POINT('',(0.,23.282,19.200817483812));
#8207 = CARTESIAN_POINT('',(0.,23.282,21.659463498333));
#8208 = PCURVE('',#8150,#8209);
#8209 = DEFINITIONAL_REPRESENTATION('',(#8210),#8214);
#8210 = B_SPLINE_CURVE_WITH_KNOTS('',2,(#8211,#8212,#8213),
  .UNSPECIFIED.,.F.,.F.,(3,3),(0.,2.458646014521E-03),
  .PIECEWISE_BEZIER_KNOTS.);
#8211 = CARTESIAN_POINT('',(4.712388980385,0.));
#8212 = CARTESIAN_POINT('',(4.712388980385,-1.22932300726E-03));
#8213 = CARTESIAN_POINT('',(4.712388980385,-2.458646014521E-03));
#8214 = ( GEOMETRIC_REPRESENTATION_CONTEXT(2) 
PARAMETRIC_REPRESENTATION_CONTEXT() REPRESENTATION_CONTEXT('2D SPACE',''
  ) );
#8215 = PCURVE('',#8216,#8223);
#8216 = ( BOUNDED_SURFACE() B_SPLINE_SURFACE(2,1,(
    (#8217,#8218)
    ,(#8219,#8220)
    ,(#8221,#8222
)),.UNSPECIFIED.,.F.,.F.,.F.) B_SPLINE_SURFACE_WITH_KNOTS((3,3),(2,2),(
    4.712388980385,6.28318530718),(-2.458646014521E-03,0.),
.PIECEWISE_BEZIER_KNOTS.) GEOMETRIC_REPRESENTATION_ITEM() 
RATIONAL_B_SPLINE_SURFACE((
    (1.,1.)
    ,(0.707106781187,0.707106781187)
,(1.,1.))) REPRESENTATION_ITEM('') SURFACE() );
#8217 = CARTESIAN_POINT('',(4.276834016662E-15,23.282,21.659463498333));
#8218 = CARTESIAN_POINT('',(4.276834016662E-15,23.282,19.200817483812));
#8219 = CARTESIAN_POINT('',(-23.282,23.282,21.659463498333));
#8220 = CARTESIAN_POINT('',(-23.282,23.282,19.200817483812));
#8221 = CARTESIAN_POINT('',(-23.282,5.70244535555E-15,21.659463498333));
#8222 = CARTESIAN_POINT('',(-23.282,5.70244535555E-15,19.200817483812));
#8223 = DEFINITIONAL_REPRESENTATION('',(#8224),#8228);
#8224 = B_SPLINE_CURVE_WITH_KNOTS('',2,(#8225,#8226,#8227),
  .UNSPECIFIED.,.F.,.F.,(3,3),(0.,2.458646014521E-03),
  .PIECEWISE_BEZIER_KNOTS.);
#8225 = CARTESIAN_POINT('',(4.712388980385,0.));
#8226 = CARTESIAN_POINT('',(4.712388980385,-1.22932300726E-03));
#8227 = CARTESIAN_POINT('',(4.712388980385,-2.458646014521E-03));
#8228 = ( GEOMETRIC_REPRESENTATION_CONTEXT(2) 
PARAMETRIC_REPRESENTATION_CONTEXT() REPRESENTATION_CONTEXT('2D SPACE',''
  ) );
#8229 = ORIENTED_EDGE('',*,*,#8230,.F.);
#8230 = EDGE_CURVE('',#8231,#8202,#8233,.T.);
#8231 = VERTEX_POINT('',#8232);
#8232 = CARTESIAN_POINT('',(0.271602706431,23.28041571729,
    19.200817483812));
#8233 = SURFACE_CURVE('',#8234,(#8238,#8245),.PCURVE_S1.);
#8234 = ( BOUNDED_CURVE() B_SPLINE_CURVE(2,(#8235,#8236,#8237),
.UNSPECIFIED.,.F.,.F.) B_SPLINE_CURVE_WITH_KNOTS((3,3),(4.700722935061,
4.712388980385),.PIECEWISE_BEZIER_KNOTS.) CURVE() 
GEOMETRIC_REPRESENTATION_ITEM() RATIONAL_B_SPLINE_CURVE((1.,
0.999982987972,1.)) REPRESENTATION_ITEM('') );
#8235 = CARTESIAN_POINT('',(0.271602706431,23.28041571729,
    19.200817483812));
#8236 = CARTESIAN_POINT('',(0.135805973847,23.282,19.200817483812));
#8237 = CARTESIAN_POINT('',(4.276834016662E-15,23.282,19.200817483812));
#8238 = PCURVE('',#8150,#8239);
#8239 = DEFINITIONAL_REPRESENTATION('',(#8240),#8244);
#8240 = B_SPLINE_CURVE_WITH_KNOTS('',2,(#8241,#8242,#8243),
  .UNSPECIFIED.,.F.,.F.,(3,3),(4.700722935061,4.712388980385),
  .PIECEWISE_BEZIER_KNOTS.);
#8241 = CARTESIAN_POINT('',(4.699462347605,3.468046819139E-18));
#8242 = CARTESIAN_POINT('',(4.705910176482,1.368154892807E-17));
#8243 = CARTESIAN_POINT('',(4.712388980385,0.));
#8244 = ( GEOMETRIC_REPRESENTATION_CONTEXT(2) 
PARAMETRIC_REPRESENTATION_CONTEXT() REPRESENTATION_CONTEXT('2D SPACE',''
  ) );
#8245 = PCURVE('',#6894,#8246);
#8246 = DEFINITIONAL_REPRESENTATION('',(#8247),#8251);
#8247 = ( BOUNDED_CURVE() B_SPLINE_CURVE(2,(#8248,#8249,#8250),
.UNSPECIFIED.,.F.,.F.) B_SPLINE_CURVE_WITH_KNOTS((3,3),(4.700722935061,
4.712388980385),.PIECEWISE_BEZIER_KNOTS.) CURVE() 
GEOMETRIC_REPRESENTATION_ITEM() RATIONAL_B_SPLINE_CURVE((1.,
0.999982987972,1.)) REPRESENTATION_ITEM('') );
#8248 = CARTESIAN_POINT('',(2.716027064313E-04,2.328041571729E-02));
#8249 = CARTESIAN_POINT('',(1.358059738465E-04,2.3282E-02));
#8250 = CARTESIAN_POINT('',(4.499266980284E-18,2.3282E-02));
#8251 = ( GEOMETRIC_REPRESENTATION_CONTEXT(2) 
PARAMETRIC_REPRESENTATION_CONTEXT() REPRESENTATION_CONTEXT('2D SPACE',''
  ) );
#8252 = ORIENTED_EDGE('',*,*,#8253,.F.);
#8253 = EDGE_CURVE('',#8254,#8231,#8256,.T.);
#8254 = VERTEX_POINT('',#8255);
#8255 = CARTESIAN_POINT('',(7.144888376833,22.158567058422,
    19.200817483812));
#8256 = SURFACE_CURVE('',#8257,(#8261,#8269),.PCURVE_S1.);
#8257 = ( BOUNDED_CURVE() B_SPLINE_CURVE(2,(#8258,#8259,#8260),
.UNSPECIFIED.,.F.,.F.) B_SPLINE_CURVE_WITH_KNOTS((3,3),(3.143833920953,
3.444085873625),.PIECEWISE_BEZIER_KNOTS.) CURVE() 
GEOMETRIC_REPRESENTATION_ITEM() RATIONAL_B_SPLINE_CURVE((1.,
0.988752244422,1.)) REPRESENTATION_ITEM('') );
#8258 = CARTESIAN_POINT('',(7.144888376833,22.158567058422,
    19.200817483812));
#8259 = CARTESIAN_POINT('',(3.793093241122,23.239331985303,
    19.200817483812));
#8260 = CARTESIAN_POINT('',(0.271602706431,23.28041571729,
    19.200817483812));
#8261 = PCURVE('',#8150,#8262);
#8262 = DEFINITIONAL_REPRESENTATION('',(#8263),#8268);
#8263 = B_SPLINE_CURVE_WITH_KNOTS('',3,(#8264,#8265,#8266,#8267),
  .UNSPECIFIED.,.F.,.F.,(4,4),(3.143833920953,3.444085873625),
  .PIECEWISE_BEZIER_KNOTS.);
#8264 = CARTESIAN_POINT('',(4.384456621472,6.948704859486E-18));
#8265 = CARTESIAN_POINT('',(4.484490982792,-8.882599050749E-18));
#8266 = CARTESIAN_POINT('',(4.589246051321,4.378363402369E-18));
#8267 = CARTESIAN_POINT('',(4.699462347605,3.468046819139E-18));
#8268 = ( GEOMETRIC_REPRESENTATION_CONTEXT(2) 
PARAMETRIC_REPRESENTATION_CONTEXT() REPRESENTATION_CONTEXT('2D SPACE',''
  ) );
#8269 = PCURVE('',#6923,#8270);
#8270 = DEFINITIONAL_REPRESENTATION('',(#8271),#8275);
#8271 = ( BOUNDED_CURVE() B_SPLINE_CURVE(2,(#8272,#8273,#8274),
.UNSPECIFIED.,.F.,.F.) B_SPLINE_CURVE_WITH_KNOTS((3,3),(3.143833920953,
3.444085873625),.PIECEWISE_BEZIER_KNOTS.) CURVE() 
GEOMETRIC_REPRESENTATION_ITEM() RATIONAL_B_SPLINE_CURVE((1.,
0.988752244422,1.)) REPRESENTATION_ITEM('') );
#8272 = CARTESIAN_POINT('',(8.104356413425E-03,-4.767417324302E-03));
#8273 = CARTESIAN_POINT('',(8.11224954573E-03,-1.245695989867E-03));
#8274 = CARTESIAN_POINT('',(9.161377015459E-03,2.116136101598E-03));
#8275 = ( GEOMETRIC_REPRESENTATION_CONTEXT(2) 
PARAMETRIC_REPRESENTATION_CONTEXT() REPRESENTATION_CONTEXT('2D SPACE',''
  ) );
#8276 = ORIENTED_EDGE('',*,*,#8277,.F.);
#8277 = EDGE_CURVE('',#8278,#8254,#8280,.T.);
#8278 = VERTEX_POINT('',#8279);
#8279 = CARTESIAN_POINT('',(7.452353616551,22.057061217984,
    19.200817483812));
#8280 = SURFACE_CURVE('',#8281,(#8285,#8292),.PCURVE_S1.);
#8281 = ( BOUNDED_CURVE() B_SPLINE_CURVE(2,(#8282,#8283,#8284),
.UNSPECIFIED.,.F.,.F.) B_SPLINE_CURVE_WITH_KNOTS((3,3),(4.386563669702,
4.400470982389),.PIECEWISE_BEZIER_KNOTS.) CURVE() 
GEOMETRIC_REPRESENTATION_ITEM() RATIONAL_B_SPLINE_CURVE((1.,
0.999975823429,1.)) REPRESENTATION_ITEM('') );
#8282 = CARTESIAN_POINT('',(7.452353616551,22.057061217984,
    19.200817483812));
#8283 = CARTESIAN_POINT('',(7.298973920746,22.108883159241,
    19.200817483812));
#8284 = CARTESIAN_POINT('',(7.144888376833,22.158567058422,
    19.200817483812));
#8285 = PCURVE('',#8150,#8286);
#8286 = DEFINITIONAL_REPRESENTATION('',(#8287),#8291);
#8287 = B_SPLINE_CURVE_WITH_KNOTS('',2,(#8288,#8289,#8290),
  .UNSPECIFIED.,.F.,.F.,(3,3),(4.386563669702,4.400470982389),
  .PIECEWISE_BEZIER_KNOTS.);
#8288 = CARTESIAN_POINT('',(4.370527330278,3.469446953884E-18));
#8289 = CARTESIAN_POINT('',(4.377480469491,-1.015377248384E-18));
#8290 = CARTESIAN_POINT('',(4.384456621472,6.948704859486E-18));
#8291 = ( GEOMETRIC_REPRESENTATION_CONTEXT(2) 
PARAMETRIC_REPRESENTATION_CONTEXT() REPRESENTATION_CONTEXT('2D SPACE',''
  ) );
#8292 = PCURVE('',#6951,#8293);
#8293 = DEFINITIONAL_REPRESENTATION('',(#8294),#8298);
#8294 = ( BOUNDED_CURVE() B_SPLINE_CURVE(2,(#8295,#8296,#8297),
.UNSPECIFIED.,.F.,.F.) B_SPLINE_CURVE_WITH_KNOTS((3,3),(4.386563669702,
4.400470982389),.PIECEWISE_BEZIER_KNOTS.) CURVE() 
GEOMETRIC_REPRESENTATION_ITEM() RATIONAL_B_SPLINE_CURVE((1.,
0.999975823429,1.)) REPRESENTATION_ITEM('') );
#8295 = CARTESIAN_POINT('',(7.452353616551E-03,2.205706121798E-02));
#8296 = CARTESIAN_POINT('',(7.298973920746E-03,2.210888315924E-02));
#8297 = CARTESIAN_POINT('',(7.144888376833E-03,2.215856705842E-02));
#8298 = ( GEOMETRIC_REPRESENTATION_CONTEXT(2) 
PARAMETRIC_REPRESENTATION_CONTEXT() REPRESENTATION_CONTEXT('2D SPACE',''
  ) );
#8299 = ORIENTED_EDGE('',*,*,#8300,.F.);
#8300 = EDGE_CURVE('',#8301,#8278,#8303,.T.);
#8301 = VERTEX_POINT('',#8302);
#8302 = CARTESIAN_POINT('',(13.642566441038,18.866157661322,
    19.200817483812));
#8303 = SURFACE_CURVE('',#8304,(#8308,#8316),.PCURVE_S1.);
#8304 = ( BOUNDED_CURVE() B_SPLINE_CURVE(2,(#8305,#8306,#8307),
.UNSPECIFIED.,.F.,.F.) B_SPLINE_CURVE_WITH_KNOTS((3,3),(3.143833920953,
3.444085873625),.PIECEWISE_BEZIER_KNOTS.) CURVE() 
GEOMETRIC_REPRESENTATION_ITEM() RATIONAL_B_SPLINE_CURVE((1.,
0.988752244422,1.)) REPRESENTATION_ITEM('') );
#8305 = CARTESIAN_POINT('',(13.642566441038,18.866157661322,
    19.200817483812));
#8306 = CARTESIAN_POINT('',(10.788794565264,20.929787846213,
    19.200817483812));
#8307 = CARTESIAN_POINT('',(7.452353616551,22.057061217984,
    19.200817483812));
#8308 = PCURVE('',#8150,#8309);
#8309 = DEFINITIONAL_REPRESENTATION('',(#8310),#8315);
#8310 = B_SPLINE_CURVE_WITH_KNOTS('',3,(#8311,#8312,#8313,#8314),
  .UNSPECIFIED.,.F.,.F.,(4,4),(3.143833920953,3.444085873625),
  .PIECEWISE_BEZIER_KNOTS.);
#8311 = CARTESIAN_POINT('',(4.078356816037,3.469446951954E-18));
#8312 = CARTESIAN_POINT('',(4.173489030443,3.919922500659E-19));
#8313 = CARTESIAN_POINT('',(4.270825601475,5.943959582988E-18));
#8314 = CARTESIAN_POINT('',(4.370527330278,3.469446953884E-18));
#8315 = ( GEOMETRIC_REPRESENTATION_CONTEXT(2) 
PARAMETRIC_REPRESENTATION_CONTEXT() REPRESENTATION_CONTEXT('2D SPACE',''
  ) );
#8316 = PCURVE('',#6980,#8317);
#8317 = DEFINITIONAL_REPRESENTATION('',(#8318),#8322);
#8318 = ( BOUNDED_CURVE() B_SPLINE_CURVE(2,(#8319,#8320,#8321),
.UNSPECIFIED.,.F.,.F.) B_SPLINE_CURVE_WITH_KNOTS((3,3),(3.143833920953,
3.444085873625),.PIECEWISE_BEZIER_KNOTS.) CURVE() 
GEOMETRIC_REPRESENTATION_ITEM() RATIONAL_B_SPLINE_CURVE((1.,
0.988752244422,1.)) REPRESENTATION_ITEM('') );
#8319 = CARTESIAN_POINT('',(8.104356413425E-03,-4.767417324302E-03));
#8320 = CARTESIAN_POINT('',(8.11224954573E-03,-1.245695989867E-03));
#8321 = CARTESIAN_POINT('',(9.161377015459E-03,2.116136101598E-03));
#8322 = ( GEOMETRIC_REPRESENTATION_CONTEXT(2) 
PARAMETRIC_REPRESENTATION_CONTEXT() REPRESENTATION_CONTEXT('2D SPACE',''
  ) );
#8323 = ORIENTED_EDGE('',*,*,#8324,.F.);
#8324 = EDGE_CURVE('',#8325,#8301,#8327,.T.);
#8325 = VERTEX_POINT('',#8326);
#8326 = CARTESIAN_POINT('',(13.903616231082,18.674607886078,
    19.200817483812));
#8327 = SURFACE_CURVE('',#8328,(#8332,#8339),.PCURVE_S1.);
#8328 = ( BOUNDED_CURVE() B_SPLINE_CURVE(2,(#8329,#8330,#8331),
.UNSPECIFIED.,.F.,.F.) B_SPLINE_CURVE_WITH_KNOTS((3,3),(4.072404404343,
4.08631171703),.PIECEWISE_BEZIER_KNOTS.) CURVE() 
GEOMETRIC_REPRESENTATION_ITEM() RATIONAL_B_SPLINE_CURVE((1.,
0.999975823429,1.)) REPRESENTATION_ITEM('') );
#8329 = CARTESIAN_POINT('',(13.903616231082,18.674607886078,
    19.200817483812));
#8330 = CARTESIAN_POINT('',(13.773757332449,18.771290413594,
    19.200817483812));
#8331 = CARTESIAN_POINT('',(13.642566441038,18.866157661322,
    19.200817483812));
#8332 = PCURVE('',#8150,#8333);
#8333 = DEFINITIONAL_REPRESENTATION('',(#8334),#8338);
#8334 = B_SPLINE_CURVE_WITH_KNOTS('',2,(#8335,#8336,#8337),
  .UNSPECIFIED.,.F.,.F.,(3,3),(4.072404404343,4.08631171703),
  .PIECEWISE_BEZIER_KNOTS.);
#8335 = CARTESIAN_POINT('',(4.06509498062,3.469449062052E-18));
#8336 = CARTESIAN_POINT('',(4.071722378742,1.76382809007E-18));
#8337 = CARTESIAN_POINT('',(4.078356816037,3.469446951954E-18));
#8338 = ( GEOMETRIC_REPRESENTATION_CONTEXT(2) 
PARAMETRIC_REPRESENTATION_CONTEXT() REPRESENTATION_CONTEXT('2D SPACE',''
  ) );
#8339 = PCURVE('',#7008,#8340);
#8340 = DEFINITIONAL_REPRESENTATION('',(#8341),#8345);
#8341 = ( BOUNDED_CURVE() B_SPLINE_CURVE(2,(#8342,#8343,#8344),
.UNSPECIFIED.,.F.,.F.) B_SPLINE_CURVE_WITH_KNOTS((3,3),(4.072404404343,
4.08631171703),.PIECEWISE_BEZIER_KNOTS.) CURVE() 
GEOMETRIC_REPRESENTATION_ITEM() RATIONAL_B_SPLINE_CURVE((1.,
0.999975823429,1.)) REPRESENTATION_ITEM('') );
#8342 = CARTESIAN_POINT('',(1.390361623108E-02,1.867460788608E-02));
#8343 = CARTESIAN_POINT('',(1.377375733245E-02,1.877129041359E-02));
#8344 = CARTESIAN_POINT('',(1.364256644104E-02,1.886615766132E-02));
#8345 = ( GEOMETRIC_REPRESENTATION_CONTEXT(2) 
PARAMETRIC_REPRESENTATION_CONTEXT() REPRESENTATION_CONTEXT('2D SPACE',''
  ) );
#8346 = ORIENTED_EDGE('',*,*,#8347,.F.);
#8347 = EDGE_CURVE('',#8348,#8325,#8350,.T.);
#8348 = VERTEX_POINT('',#8349);
#8349 = CARTESIAN_POINT('',(18.804815048644,13.726997304082,
    19.200817483812));
#8350 = SURFACE_CURVE('',#8351,(#8355,#8362),.PCURVE_S1.);
#8351 = ( BOUNDED_CURVE() B_SPLINE_CURVE(2,(#8352,#8353,#8354),
.UNSPECIFIED.,.F.,.F.) B_SPLINE_CURVE_WITH_KNOTS((3,3),(3.143833920953,
3.444085873625),.PIECEWISE_BEZIER_KNOTS.) CURVE() 
GEOMETRIC_REPRESENTATION_ITEM() RATIONAL_B_SPLINE_CURVE((1.,
0.988752244422,1.)) REPRESENTATION_ITEM('') );
#8352 = CARTESIAN_POINT('',(18.804815048644,13.726997304082,
    19.200817483812));
#8353 = CARTESIAN_POINT('',(16.728413507406,16.571490246329,
    19.200817483812));
#8354 = CARTESIAN_POINT('',(13.903616231082,18.674607886078,
    19.200817483812));
#8355 = PCURVE('',#8150,#8356);
#8356 = DEFINITIONAL_REPRESENTATION('',(#8357),#8361);
#8357 = B_SPLINE_CURVE_WITH_KNOTS('',2,(#8358,#8359,#8360),
  .UNSPECIFIED.,.F.,.F.,(3,3),(3.143833920953,3.444085873625),
  .PIECEWISE_BEZIER_KNOTS.);
#8358 = CARTESIAN_POINT('',(3.779900851688,-2.521150431236E-24));
#8359 = CARTESIAN_POINT('',(3.922548451485,6.836563225864E-18));
#8360 = CARTESIAN_POINT('',(4.06509498062,3.469449062052E-18));
#8361 = ( GEOMETRIC_REPRESENTATION_CONTEXT(2) 
PARAMETRIC_REPRESENTATION_CONTEXT() REPRESENTATION_CONTEXT('2D SPACE',''
  ) );
#8362 = PCURVE('',#7036,#8363);
#8363 = DEFINITIONAL_REPRESENTATION('',(#8364),#8368);
#8364 = ( BOUNDED_CURVE() B_SPLINE_CURVE(2,(#8365,#8366,#8367),
.UNSPECIFIED.,.F.,.F.) B_SPLINE_CURVE_WITH_KNOTS((3,3),(3.143833920953,
3.444085873625),.PIECEWISE_BEZIER_KNOTS.) CURVE() 
GEOMETRIC_REPRESENTATION_ITEM() RATIONAL_B_SPLINE_CURVE((1.,
0.988752244422,1.)) REPRESENTATION_ITEM('') );
#8365 = CARTESIAN_POINT('',(8.104356413425E-03,-4.767417324302E-03));
#8366 = CARTESIAN_POINT('',(8.11224954573E-03,-1.245695989867E-03));
#8367 = CARTESIAN_POINT('',(9.161377015459E-03,2.116136101598E-03));
#8368 = ( GEOMETRIC_REPRESENTATION_CONTEXT(2) 
PARAMETRIC_REPRESENTATION_CONTEXT() REPRESENTATION_CONTEXT('2D SPACE',''
  ) );
#8369 = ORIENTED_EDGE('',*,*,#8370,.F.);
#8370 = EDGE_CURVE('',#8371,#8348,#8373,.T.);
#8371 = VERTEX_POINT('',#8372);
#8372 = CARTESIAN_POINT('',(18.993896016725,13.46415382064,
    19.200817483812));
#8373 = SURFACE_CURVE('',#8374,(#8378,#8385),.PCURVE_S1.);
#8374 = ( BOUNDED_CURVE() B_SPLINE_CURVE(2,(#8375,#8376,#8377),
.UNSPECIFIED.,.F.,.F.) B_SPLINE_CURVE_WITH_KNOTS((3,3),(3.758245138984,
3.772152451671),.PIECEWISE_BEZIER_KNOTS.) CURVE() 
GEOMETRIC_REPRESENTATION_ITEM() RATIONAL_B_SPLINE_CURVE((1.,
0.999975823429,1.)) REPRESENTATION_ITEM('') );
#8375 = CARTESIAN_POINT('',(18.993896016725,13.46415382064,
    19.200817483812));
#8376 = CARTESIAN_POINT('',(18.900269409042,13.596232974994,
    19.200817483812));
#8377 = CARTESIAN_POINT('',(18.804815048644,13.726997304082,
    19.200817483812));
#8378 = PCURVE('',#8150,#8379);
#8379 = DEFINITIONAL_REPRESENTATION('',(#8380),#8384);
#8380 = B_SPLINE_CURVE_WITH_KNOTS('',2,(#8381,#8382,#8383),
  .UNSPECIFIED.,.F.,.F.,(3,3),(3.758245138984,3.772152451671),
  .PIECEWISE_BEZIER_KNOTS.);
#8381 = CARTESIAN_POINT('',(3.76662917557,3.466749950512E-18));
#8382 = CARTESIAN_POINT('',(3.77326875462,-2.831494827094E-18));
#8383 = CARTESIAN_POINT('',(3.779900851688,-2.521150431236E-24));
#8384 = ( GEOMETRIC_REPRESENTATION_CONTEXT(2) 
PARAMETRIC_REPRESENTATION_CONTEXT() REPRESENTATION_CONTEXT('2D SPACE',''
  ) );
#8385 = PCURVE('',#7064,#8386);
#8386 = DEFINITIONAL_REPRESENTATION('',(#8387),#8391);
#8387 = ( BOUNDED_CURVE() B_SPLINE_CURVE(2,(#8388,#8389,#8390),
.UNSPECIFIED.,.F.,.F.) B_SPLINE_CURVE_WITH_KNOTS((3,3),(3.758245138984,
3.772152451671),.PIECEWISE_BEZIER_KNOTS.) CURVE() 
GEOMETRIC_REPRESENTATION_ITEM() RATIONAL_B_SPLINE_CURVE((1.,
0.999975823429,1.)) REPRESENTATION_ITEM('') );
#8388 = CARTESIAN_POINT('',(1.899389601672E-02,1.346415382064E-02));
#8389 = CARTESIAN_POINT('',(1.890026940904E-02,1.359623297499E-02));
#8390 = CARTESIAN_POINT('',(1.880481504864E-02,1.372699730408E-02));
#8391 = ( GEOMETRIC_REPRESENTATION_CONTEXT(2) 
PARAMETRIC_REPRESENTATION_CONTEXT() REPRESENTATION_CONTEXT('2D SPACE',''
  ) );
#8392 = ORIENTED_EDGE('',*,*,#8393,.F.);
#8393 = EDGE_CURVE('',#8394,#8371,#8396,.T.);
#8394 = VERTEX_POINT('',#8395);
#8395 = CARTESIAN_POINT('',(22.126317338439,7.244142809105,
    19.200817483812));
#8396 = SURFACE_CURVE('',#8397,(#8401,#8409),.PCURVE_S1.);
#8397 = ( BOUNDED_CURVE() B_SPLINE_CURVE(2,(#8398,#8399,#8400),
.UNSPECIFIED.,.F.,.F.) B_SPLINE_CURVE_WITH_KNOTS((3,3),(3.143833920953,
3.444085873625),.PIECEWISE_BEZIER_KNOTS.) CURVE() 
GEOMETRIC_REPRESENTATION_ITEM() RATIONAL_B_SPLINE_CURVE((1.,
0.988752244422,1.)) REPRESENTATION_ITEM('') );
#8398 = CARTESIAN_POINT('',(22.126317338439,7.244142809105,
    19.200817483812));
#8399 = CARTESIAN_POINT('',(21.030538781733,10.591059720773,
    19.200817483812));
#8400 = CARTESIAN_POINT('',(18.993896016725,13.46415382064,
    19.200817483812));
#8401 = PCURVE('',#8150,#8402);
#8402 = DEFINITIONAL_REPRESENTATION('',(#8403),#8408);
#8403 = B_SPLINE_CURVE_WITH_KNOTS('',3,(#8404,#8405,#8406,#8407),
  .UNSPECIFIED.,.F.,.F.,(4,4),(3.143833920953,3.444085873625),
  .PIECEWISE_BEZIER_KNOTS.);
#8404 = CARTESIAN_POINT('',(3.474019668057,3.469505893576E-18));
#8405 = CARTESIAN_POINT('',(3.573943761833,3.569963606176E-18));
#8406 = CARTESIAN_POINT('',(3.671423206571,-7.520215662821E-18));
#8407 = CARTESIAN_POINT('',(3.76662917557,3.469443742543E-18));
#8408 = ( GEOMETRIC_REPRESENTATION_CONTEXT(2) 
PARAMETRIC_REPRESENTATION_CONTEXT() REPRESENTATION_CONTEXT('2D SPACE',''
  ) );
#8409 = PCURVE('',#7093,#8410);
#8410 = DEFINITIONAL_REPRESENTATION('',(#8411),#8415);
#8411 = ( BOUNDED_CURVE() B_SPLINE_CURVE(2,(#8412,#8413,#8414),
.UNSPECIFIED.,.F.,.F.) B_SPLINE_CURVE_WITH_KNOTS((3,3),(3.143833920953,
3.444085873625),.PIECEWISE_BEZIER_KNOTS.) CURVE() 
GEOMETRIC_REPRESENTATION_ITEM() RATIONAL_B_SPLINE_CURVE((1.,
0.988752244422,1.)) REPRESENTATION_ITEM('') );
#8412 = CARTESIAN_POINT('',(8.104356413425E-03,-4.767417324302E-03));
#8413 = CARTESIAN_POINT('',(8.11224954573E-03,-1.245695989867E-03));
#8414 = CARTESIAN_POINT('',(9.161377015459E-03,2.116136101598E-03));
#8415 = ( GEOMETRIC_REPRESENTATION_CONTEXT(2) 
PARAMETRIC_REPRESENTATION_CONTEXT() REPRESENTATION_CONTEXT('2D SPACE',''
  ) );
#8416 = ORIENTED_EDGE('',*,*,#8417,.F.);
#8417 = EDGE_CURVE('',#8418,#8394,#8420,.T.);
#8418 = VERTEX_POINT('',#8419);
#8419 = CARTESIAN_POINT('',(22.224920921995,6.935734568961,
    19.200817483812));
#8420 = SURFACE_CURVE('',#8421,(#8425,#8432),.PCURVE_S1.);
#8421 = ( BOUNDED_CURVE() B_SPLINE_CURVE(2,(#8422,#8423,#8424),
.UNSPECIFIED.,.F.,.F.) B_SPLINE_CURVE_WITH_KNOTS((3,3),(3.444085873625,
3.457993186312),.PIECEWISE_BEZIER_KNOTS.) CURVE() 
GEOMETRIC_REPRESENTATION_ITEM() RATIONAL_B_SPLINE_CURVE((1.,
0.999975823429,1.)) REPRESENTATION_ITEM('') );
#8422 = CARTESIAN_POINT('',(22.224920921995,6.935734568961,
    19.200817483812));
#8423 = CARTESIAN_POINT('',(22.176691429958,7.090281522276,
    19.200817483812));
#8424 = CARTESIAN_POINT('',(22.126317338439,7.244142809105,
    19.200817483812));
#8425 = PCURVE('',#8150,#8426);
#8426 = DEFINITIONAL_REPRESENTATION('',(#8427),#8431);
#8427 = B_SPLINE_CURVE_WITH_KNOTS('',2,(#8428,#8429,#8430),
  .UNSPECIFIED.,.F.,.F.,(3,3),(3.444085873625,3.457993186312),
  .PIECEWISE_BEZIER_KNOTS.);
#8428 = CARTESIAN_POINT('',(3.460058823059,3.459743398958E-18));
#8429 = CARTESIAN_POINT('',(3.46705101993,8.401806613249E-18));
#8430 = CARTESIAN_POINT('',(3.474019668057,3.469446949924E-18));
#8431 = ( GEOMETRIC_REPRESENTATION_CONTEXT(2) 
PARAMETRIC_REPRESENTATION_CONTEXT() REPRESENTATION_CONTEXT('2D SPACE',''
  ) );
#8432 = PCURVE('',#7121,#8433);
#8433 = DEFINITIONAL_REPRESENTATION('',(#8434),#8438);
#8434 = ( BOUNDED_CURVE() B_SPLINE_CURVE(2,(#8435,#8436,#8437),
.UNSPECIFIED.,.F.,.F.) B_SPLINE_CURVE_WITH_KNOTS((3,3),(3.444085873625,
3.457993186312),.PIECEWISE_BEZIER_KNOTS.) CURVE() 
GEOMETRIC_REPRESENTATION_ITEM() RATIONAL_B_SPLINE_CURVE((1.,
0.999975823429,1.)) REPRESENTATION_ITEM('') );
#8435 = CARTESIAN_POINT('',(2.222492092199E-02,6.935734568961E-03));
#8436 = CARTESIAN_POINT('',(2.217669142996E-02,7.090281522276E-03));
#8437 = CARTESIAN_POINT('',(2.212631733844E-02,7.244142809105E-03));
#8438 = ( GEOMETRIC_REPRESENTATION_CONTEXT(2) 
PARAMETRIC_REPRESENTATION_CONTEXT() REPRESENTATION_CONTEXT('2D SPACE',''
  ) );
#8439 = ORIENTED_EDGE('',*,*,#8440,.F.);
#8440 = EDGE_CURVE('',#8441,#8418,#8443,.T.);
#8441 = VERTEX_POINT('',#8442);
#8442 = CARTESIAN_POINT('',(23.281941524029,5.218114306116E-02,
    19.200817483812));
#8443 = SURFACE_CURVE('',#8444,(#8448,#8456),.PCURVE_S1.);
#8444 = ( BOUNDED_CURVE() B_SPLINE_CURVE(2,(#8445,#8446,#8447),
.UNSPECIFIED.,.F.,.F.) B_SPLINE_CURVE_WITH_KNOTS((3,3),(3.143833920953,
3.444085873625),.PIECEWISE_BEZIER_KNOTS.) CURVE() 
GEOMETRIC_REPRESENTATION_ITEM() RATIONAL_B_SPLINE_CURVE((1.,
0.988752244422,1.)) REPRESENTATION_ITEM('') );
#8445 = CARTESIAN_POINT('',(23.281941524029,5.218114306117E-02,
    19.200817483812));
#8446 = CARTESIAN_POINT('',(23.274048391724,3.573902477496,
    19.200817483812));
#8447 = CARTESIAN_POINT('',(22.224920921995,6.935734568961,
    19.200817483812));
#8448 = PCURVE('',#8150,#8449);
#8449 = DEFINITIONAL_REPRESENTATION('',(#8450),#8455);
#8450 = B_SPLINE_CURVE_WITH_KNOTS('',3,(#8451,#8452,#8453,#8454),
  .UNSPECIFIED.,.F.,.F.,(4,4),(3.143833920953,3.444085873625),
  .PIECEWISE_BEZIER_KNOTS.);
#8451 = CARTESIAN_POINT('',(3.144080921755,3.469173946475E-18));
#8452 = CARTESIAN_POINT('',(3.254723967267,-5.710255294034E-18));
#8453 = CARTESIAN_POINT('',(3.359794261189,6.980808202078E-18));
#8454 = CARTESIAN_POINT('',(3.460058823059,3.459743398958E-18));
#8455 = ( GEOMETRIC_REPRESENTATION_CONTEXT(2) 
PARAMETRIC_REPRESENTATION_CONTEXT() REPRESENTATION_CONTEXT('2D SPACE',''
  ) );
#8456 = PCURVE('',#7148,#8457);
#8457 = DEFINITIONAL_REPRESENTATION('',(#8458),#8462);
#8458 = ( BOUNDED_CURVE() B_SPLINE_CURVE(2,(#8459,#8460,#8461),
.UNSPECIFIED.,.F.,.F.) B_SPLINE_CURVE_WITH_KNOTS((3,3),(3.143833920953,
3.444085873625),.PIECEWISE_BEZIER_KNOTS.) CURVE() 
GEOMETRIC_REPRESENTATION_ITEM() RATIONAL_B_SPLINE_CURVE((1.,
0.988752244422,1.)) REPRESENTATION_ITEM('') );
#8459 = CARTESIAN_POINT('',(2.328194152403E-02,5.218114306117E-05));
#8460 = CARTESIAN_POINT('',(2.327404839172E-02,3.573902477496E-03));
#8461 = CARTESIAN_POINT('',(2.222492092199E-02,6.935734568961E-03));
#8462 = ( GEOMETRIC_REPRESENTATION_CONTEXT(2) 
PARAMETRIC_REPRESENTATION_CONTEXT() REPRESENTATION_CONTEXT('2D SPACE',''
  ) );
#8463 = ORIENTED_EDGE('',*,*,#8464,.F.);
#8464 = EDGE_CURVE('',#8141,#8441,#8465,.T.);
#8465 = SURFACE_CURVE('',#8466,(#8470,#8477),.PCURVE_S1.);
#8466 = ( BOUNDED_CURVE() B_SPLINE_CURVE(2,(#8467,#8468,#8469),
.UNSPECIFIED.,.F.,.F.) B_SPLINE_CURVE_WITH_KNOTS((3,3),(3.14159265359,
3.143833920953),.PIECEWISE_BEZIER_KNOTS.) CURVE() 
GEOMETRIC_REPRESENTATION_ITEM() RATIONAL_B_SPLINE_CURVE((1.,
0.99999937209,1.)) REPRESENTATION_ITEM('') );
#8467 = CARTESIAN_POINT('',(23.282,-2.851222677775E-15,19.200817483812)
  );
#8468 = CARTESIAN_POINT('',(23.282,2.609060429567E-02,19.200817483812));
#8469 = CARTESIAN_POINT('',(23.281941524029,5.218114306117E-02,
    19.200817483812));
#8470 = PCURVE('',#8150,#8471);
#8471 = DEFINITIONAL_REPRESENTATION('',(#8472),#8476);
#8472 = B_SPLINE_CURVE_WITH_KNOTS('',2,(#8473,#8474,#8475),
  .UNSPECIFIED.,.F.,.F.,(3,3),(3.14159265359,3.143833920953),
  .PIECEWISE_BEZIER_KNOTS.);
#8473 = CARTESIAN_POINT('',(3.14159265359,0.));
#8474 = CARTESIAN_POINT('',(3.142837364262,2.668993995548E-18));
#8475 = CARTESIAN_POINT('',(3.144080921755,3.469173946475E-18));
#8476 = ( GEOMETRIC_REPRESENTATION_CONTEXT(2) 
PARAMETRIC_REPRESENTATION_CONTEXT() REPRESENTATION_CONTEXT('2D SPACE',''
  ) );
#8477 = PCURVE('',#7232,#8478);
#8478 = DEFINITIONAL_REPRESENTATION('',(#8479),#8483);
#8479 = ( BOUNDED_CURVE() B_SPLINE_CURVE(2,(#8480,#8481,#8482),
.UNSPECIFIED.,.F.,.F.) B_SPLINE_CURVE_WITH_KNOTS((3,3),(3.14159265359,
3.143833920953),.PIECEWISE_BEZIER_KNOTS.) CURVE() 
GEOMETRIC_REPRESENTATION_ITEM() RATIONAL_B_SPLINE_CURVE((1.,
0.99999937209,1.)) REPRESENTATION_ITEM('') );
#8480 = CARTESIAN_POINT('',(2.3282E-02,-1.761286585103E-18));
#8481 = CARTESIAN_POINT('',(2.3282E-02,2.609060429567E-05));
#8482 = CARTESIAN_POINT('',(2.328194152403E-02,5.218114306117E-05));
#8483 = ( GEOMETRIC_REPRESENTATION_CONTEXT(2) 
PARAMETRIC_REPRESENTATION_CONTEXT() REPRESENTATION_CONTEXT('2D SPACE',''
  ) );
#8484 = ADVANCED_FACE('',(#8485),#8216,.T.);
#8485 = FACE_BOUND('',#8486,.T.);
#8486 = EDGE_LOOP('',(#8487,#8488,#8511,#8540,#8563,#8587,#8610,#8634,
    #8657,#8680,#8703,#8727,#8750,#8774));
#8487 = ORIENTED_EDGE('',*,*,#8201,.T.);
#8488 = ORIENTED_EDGE('',*,*,#8489,.T.);
#8489 = EDGE_CURVE('',#8179,#8490,#8492,.T.);
#8490 = VERTEX_POINT('',#8491);
#8491 = CARTESIAN_POINT('',(-23.282,0.,21.659463498333));
#8492 = SURFACE_CURVE('',#8493,(#8497,#8504),.PCURVE_S1.);
#8493 = ( BOUNDED_CURVE() B_SPLINE_CURVE(2,(#8494,#8495,#8496),
.UNSPECIFIED.,.F.,.F.) B_SPLINE_CURVE_WITH_KNOTS((3,3),(4.712388980385,
6.28318530718),.PIECEWISE_BEZIER_KNOTS.) CURVE() 
GEOMETRIC_REPRESENTATION_ITEM() RATIONAL_B_SPLINE_CURVE((1.,
0.707106781187,1.)) REPRESENTATION_ITEM('') );
#8494 = CARTESIAN_POINT('',(4.276834016662E-15,23.282,21.659463498333));
#8495 = CARTESIAN_POINT('',(-23.282,23.282,21.659463498333));
#8496 = CARTESIAN_POINT('',(-23.282,5.70244535555E-15,21.659463498333));
#8497 = PCURVE('',#8216,#8498);
#8498 = DEFINITIONAL_REPRESENTATION('',(#8499),#8503);
#8499 = B_SPLINE_CURVE_WITH_KNOTS('',2,(#8500,#8501,#8502),
  .UNSPECIFIED.,.F.,.F.,(3,3),(4.712388980385,6.28318530718),
  .PIECEWISE_BEZIER_KNOTS.);
#8500 = CARTESIAN_POINT('',(4.712388980385,-2.458646014521E-03));
#8501 = CARTESIAN_POINT('',(5.497787143782,-2.458646014521E-03));
#8502 = CARTESIAN_POINT('',(6.28318530718,-2.458646014521E-03));
#8503 = ( GEOMETRIC_REPRESENTATION_CONTEXT(2) 
PARAMETRIC_REPRESENTATION_CONTEXT() REPRESENTATION_CONTEXT('2D SPACE',''
  ) );
#8504 = PCURVE('',#6837,#8505);
#8505 = DEFINITIONAL_REPRESENTATION('',(#8506),#8510);
#8506 = ( BOUNDED_CURVE() B_SPLINE_CURVE(2,(#8507,#8508,#8509),
.UNSPECIFIED.,.F.,.F.) B_SPLINE_CURVE_WITH_KNOTS((3,3),(4.712388980385,
6.28318530718),.PIECEWISE_BEZIER_KNOTS.) CURVE() 
GEOMETRIC_REPRESENTATION_ITEM() RATIONAL_B_SPLINE_CURVE((1.,
0.707106781187,1.)) REPRESENTATION_ITEM('') );
#8507 = CARTESIAN_POINT('',(4.499266980284E-18,2.3282E-02));
#8508 = CARTESIAN_POINT('',(-2.3282E-02,2.3282E-02));
#8509 = CARTESIAN_POINT('',(-2.3282E-02,6.792381448221E-18));
#8510 = ( GEOMETRIC_REPRESENTATION_CONTEXT(2) 
PARAMETRIC_REPRESENTATION_CONTEXT() REPRESENTATION_CONTEXT('2D SPACE',''
  ) );
#8511 = ORIENTED_EDGE('',*,*,#8512,.F.);
#8512 = EDGE_CURVE('',#8513,#8490,#8515,.T.);
#8513 = VERTEX_POINT('',#8514);
#8514 = CARTESIAN_POINT('',(-23.282,0.,19.200817483812));
#8515 = SURFACE_CURVE('',#8516,(#8519,#8526),.PCURVE_S1.);
#8516 = B_SPLINE_CURVE_WITH_KNOTS('',1,(#8517,#8518),.UNSPECIFIED.,.F.,
  .F.,(2,2),(0.,2.458646014521E-03),.PIECEWISE_BEZIER_KNOTS.);
#8517 = CARTESIAN_POINT('',(-23.282,0.,19.200817483812));
#8518 = CARTESIAN_POINT('',(-23.282,0.,21.659463498333));
#8519 = PCURVE('',#8216,#8520);
#8520 = DEFINITIONAL_REPRESENTATION('',(#8521),#8525);
#8521 = B_SPLINE_CURVE_WITH_KNOTS('',2,(#8522,#8523,#8524),
  .UNSPECIFIED.,.F.,.F.,(3,3),(0.,2.458646014521E-03),
  .PIECEWISE_BEZIER_KNOTS.);
#8522 = CARTESIAN_POINT('',(6.28318530718,0.));
#8523 = CARTESIAN_POINT('',(6.28318530718,-1.22932300726E-03));
#8524 = CARTESIAN_POINT('',(6.28318530718,-2.458646014521E-03));
#8525 = ( GEOMETRIC_REPRESENTATION_CONTEXT(2) 
PARAMETRIC_REPRESENTATION_CONTEXT() REPRESENTATION_CONTEXT('2D SPACE',''
  ) );
#8526 = PCURVE('',#8527,#8534);
#8527 = ( BOUNDED_SURFACE() B_SPLINE_SURFACE(2,1,(
    (#8528,#8529)
    ,(#8530,#8531)
    ,(#8532,#8533
)),.UNSPECIFIED.,.F.,.F.,.F.) B_SPLINE_SURFACE_WITH_KNOTS((3,3),(2,2),(
    0.,1.570796326795),(-2.458646014521E-03,0.),
.PIECEWISE_BEZIER_KNOTS.) GEOMETRIC_REPRESENTATION_ITEM() 
RATIONAL_B_SPLINE_SURFACE((
    (1.,1.)
    ,(0.707106781187,0.707106781187)
,(1.,1.))) REPRESENTATION_ITEM('') SURFACE() );
#8528 = CARTESIAN_POINT('',(-23.282,0.,21.659463498333));
#8529 = CARTESIAN_POINT('',(-23.282,0.,19.200817483812));
#8530 = CARTESIAN_POINT('',(-23.282,-23.282,21.659463498333));
#8531 = CARTESIAN_POINT('',(-23.282,-23.282,19.200817483812));
#8532 = CARTESIAN_POINT('',(-1.425611338887E-15,-23.282,21.659463498333)
  );
#8533 = CARTESIAN_POINT('',(-1.425611338887E-15,-23.282,19.200817483812)
  );
#8534 = DEFINITIONAL_REPRESENTATION('',(#8535),#8539);
#8535 = B_SPLINE_CURVE_WITH_KNOTS('',2,(#8536,#8537,#8538),
  .UNSPECIFIED.,.F.,.F.,(3,3),(0.,2.458646014521E-03),
  .PIECEWISE_BEZIER_KNOTS.);
#8536 = CARTESIAN_POINT('',(0.,0.));
#8537 = CARTESIAN_POINT('',(0.,-1.22932300726E-03));
#8538 = CARTESIAN_POINT('',(0.,-2.458646014521E-03));
#8539 = ( GEOMETRIC_REPRESENTATION_CONTEXT(2) 
PARAMETRIC_REPRESENTATION_CONTEXT() REPRESENTATION_CONTEXT('2D SPACE',''
  ) );
#8540 = ORIENTED_EDGE('',*,*,#8541,.F.);
#8541 = EDGE_CURVE('',#8542,#8513,#8544,.T.);
#8542 = VERTEX_POINT('',#8543);
#8543 = CARTESIAN_POINT('',(-23.28041571729,0.271602706431,
    19.200817483812));
#8544 = SURFACE_CURVE('',#8545,(#8549,#8556),.PCURVE_S1.);
#8545 = ( BOUNDED_CURVE() B_SPLINE_CURVE(2,(#8546,#8547,#8548),
.UNSPECIFIED.,.F.,.F.) B_SPLINE_CURVE_WITH_KNOTS((3,3),(6.271519261856,
6.28318530718),.PIECEWISE_BEZIER_KNOTS.) CURVE() 
GEOMETRIC_REPRESENTATION_ITEM() RATIONAL_B_SPLINE_CURVE((1.,
0.999982987972,1.)) REPRESENTATION_ITEM('') );
#8546 = CARTESIAN_POINT('',(-23.28041571729,0.271602706431,
    19.200817483812));
#8547 = CARTESIAN_POINT('',(-23.282,0.135805973847,19.200817483812));
#8548 = CARTESIAN_POINT('',(-23.282,5.70244535555E-15,19.200817483812));
#8549 = PCURVE('',#8216,#8550);
#8550 = DEFINITIONAL_REPRESENTATION('',(#8551),#8555);
#8551 = B_SPLINE_CURVE_WITH_KNOTS('',2,(#8552,#8553,#8554),
  .UNSPECIFIED.,.F.,.F.,(3,3),(6.271519261856,6.28318530718),
  .PIECEWISE_BEZIER_KNOTS.);
#8552 = CARTESIAN_POINT('',(6.2702586744,3.468046819139E-18));
#8553 = CARTESIAN_POINT('',(6.276706503277,1.368154892807E-17));
#8554 = CARTESIAN_POINT('',(6.28318530718,0.));
#8555 = ( GEOMETRIC_REPRESENTATION_CONTEXT(2) 
PARAMETRIC_REPRESENTATION_CONTEXT() REPRESENTATION_CONTEXT('2D SPACE',''
  ) );
#8556 = PCURVE('',#7563,#8557);
#8557 = DEFINITIONAL_REPRESENTATION('',(#8558),#8562);
#8558 = ( BOUNDED_CURVE() B_SPLINE_CURVE(2,(#8559,#8560,#8561),
.UNSPECIFIED.,.F.,.F.) B_SPLINE_CURVE_WITH_KNOTS((3,3),(6.271519261856,
6.28318530718),.PIECEWISE_BEZIER_KNOTS.) CURVE() 
GEOMETRIC_REPRESENTATION_ITEM() RATIONAL_B_SPLINE_CURVE((1.,
0.999982987972,1.)) REPRESENTATION_ITEM('') );
#8559 = CARTESIAN_POINT('',(-2.328041571729E-02,2.716027064313E-04));
#8560 = CARTESIAN_POINT('',(-2.3282E-02,1.358059738465E-04));
#8561 = CARTESIAN_POINT('',(-2.3282E-02,6.792381448221E-18));
#8562 = ( GEOMETRIC_REPRESENTATION_CONTEXT(2) 
PARAMETRIC_REPRESENTATION_CONTEXT() REPRESENTATION_CONTEXT('2D SPACE',''
  ) );
#8563 = ORIENTED_EDGE('',*,*,#8564,.F.);
#8564 = EDGE_CURVE('',#8565,#8542,#8567,.T.);
#8565 = VERTEX_POINT('',#8566);
#8566 = CARTESIAN_POINT('',(-22.15856705842,7.144888376833,
    19.200817483812));
#8567 = SURFACE_CURVE('',#8568,(#8572,#8580),.PCURVE_S1.);
#8568 = ( BOUNDED_CURVE() B_SPLINE_CURVE(2,(#8569,#8570,#8571),
.UNSPECIFIED.,.F.,.F.) B_SPLINE_CURVE_WITH_KNOTS((3,3),(3.143833920953,
3.444085873625),.PIECEWISE_BEZIER_KNOTS.) CURVE() 
GEOMETRIC_REPRESENTATION_ITEM() RATIONAL_B_SPLINE_CURVE((1.,
0.988752244422,1.)) REPRESENTATION_ITEM('') );
#8569 = CARTESIAN_POINT('',(-22.15856705842,7.144888376833,
    19.200817483812));
#8570 = CARTESIAN_POINT('',(-23.2393319853,3.793093241122,
    19.200817483812));
#8571 = CARTESIAN_POINT('',(-23.28041571729,0.271602706431,
    19.200817483812));
#8572 = PCURVE('',#8216,#8573);
#8573 = DEFINITIONAL_REPRESENTATION('',(#8574),#8579);
#8574 = B_SPLINE_CURVE_WITH_KNOTS('',3,(#8575,#8576,#8577,#8578),
  .UNSPECIFIED.,.F.,.F.,(4,4),(3.143833920953,3.444085873625),
  .PIECEWISE_BEZIER_KNOTS.);
#8575 = CARTESIAN_POINT('',(5.955252948267,6.948704859486E-18));
#8576 = CARTESIAN_POINT('',(6.055287309587,-1.031530304468E-17));
#8577 = CARTESIAN_POINT('',(6.160042378115,8.487481104899E-18));
#8578 = CARTESIAN_POINT('',(6.2702586744,3.468046819139E-18));
#8579 = ( GEOMETRIC_REPRESENTATION_CONTEXT(2) 
PARAMETRIC_REPRESENTATION_CONTEXT() REPRESENTATION_CONTEXT('2D SPACE',''
  ) );
#8580 = PCURVE('',#7592,#8581);
#8581 = DEFINITIONAL_REPRESENTATION('',(#8582),#8586);
#8582 = ( BOUNDED_CURVE() B_SPLINE_CURVE(2,(#8583,#8584,#8585),
.UNSPECIFIED.,.F.,.F.) B_SPLINE_CURVE_WITH_KNOTS((3,3),(3.143833920953,
3.444085873625),.PIECEWISE_BEZIER_KNOTS.) CURVE() 
GEOMETRIC_REPRESENTATION_ITEM() RATIONAL_B_SPLINE_CURVE((1.,
0.988752244422,1.)) REPRESENTATION_ITEM('') );
#8583 = CARTESIAN_POINT('',(8.104356413425E-03,-4.767417324302E-03));
#8584 = CARTESIAN_POINT('',(8.11224954573E-03,-1.245695989867E-03));
#8585 = CARTESIAN_POINT('',(9.161377015459E-03,2.116136101598E-03));
#8586 = ( GEOMETRIC_REPRESENTATION_CONTEXT(2) 
PARAMETRIC_REPRESENTATION_CONTEXT() REPRESENTATION_CONTEXT('2D SPACE',''
  ) );
#8587 = ORIENTED_EDGE('',*,*,#8588,.F.);
#8588 = EDGE_CURVE('',#8589,#8565,#8591,.T.);
#8589 = VERTEX_POINT('',#8590);
#8590 = CARTESIAN_POINT('',(-22.05706121798,7.452353616551,
    19.200817483812));
#8591 = SURFACE_CURVE('',#8592,(#8596,#8603),.PCURVE_S1.);
#8592 = ( BOUNDED_CURVE() B_SPLINE_CURVE(2,(#8593,#8594,#8595),
.UNSPECIFIED.,.F.,.F.) B_SPLINE_CURVE_WITH_KNOTS((3,3),(5.957359996497,
5.971267309184),.PIECEWISE_BEZIER_KNOTS.) CURVE() 
GEOMETRIC_REPRESENTATION_ITEM() RATIONAL_B_SPLINE_CURVE((1.,
0.999975823429,1.)) REPRESENTATION_ITEM('') );
#8593 = CARTESIAN_POINT('',(-22.05706121798,7.452353616551,
    19.200817483812));
#8594 = CARTESIAN_POINT('',(-22.10888315924,7.298973920746,
    19.200817483812));
#8595 = CARTESIAN_POINT('',(-22.15856705842,7.144888376833,
    19.200817483812));
#8596 = PCURVE('',#8216,#8597);
#8597 = DEFINITIONAL_REPRESENTATION('',(#8598),#8602);
#8598 = B_SPLINE_CURVE_WITH_KNOTS('',2,(#8599,#8600,#8601),
  .UNSPECIFIED.,.F.,.F.,(3,3),(5.957359996497,5.971267309184),
  .PIECEWISE_BEZIER_KNOTS.);
#8599 = CARTESIAN_POINT('',(5.941323657072,3.469446953884E-18));
#8600 = CARTESIAN_POINT('',(5.948276796286,-1.015377248384E-18));
#8601 = CARTESIAN_POINT('',(5.955252948267,6.948704859486E-18));
#8602 = ( GEOMETRIC_REPRESENTATION_CONTEXT(2) 
PARAMETRIC_REPRESENTATION_CONTEXT() REPRESENTATION_CONTEXT('2D SPACE',''
  ) );
#8603 = PCURVE('',#7620,#8604);
#8604 = DEFINITIONAL_REPRESENTATION('',(#8605),#8609);
#8605 = ( BOUNDED_CURVE() B_SPLINE_CURVE(2,(#8606,#8607,#8608),
.UNSPECIFIED.,.F.,.F.) B_SPLINE_CURVE_WITH_KNOTS((3,3),(5.957359996497,
5.971267309184),.PIECEWISE_BEZIER_KNOTS.) CURVE() 
GEOMETRIC_REPRESENTATION_ITEM() RATIONAL_B_SPLINE_CURVE((1.,
0.999975823429,1.)) REPRESENTATION_ITEM('') );
#8606 = CARTESIAN_POINT('',(-2.205706121798E-02,7.452353616551E-03));
#8607 = CARTESIAN_POINT('',(-2.210888315924E-02,7.298973920746E-03));
#8608 = CARTESIAN_POINT('',(-2.215856705842E-02,7.144888376833E-03));
#8609 = ( GEOMETRIC_REPRESENTATION_CONTEXT(2) 
PARAMETRIC_REPRESENTATION_CONTEXT() REPRESENTATION_CONTEXT('2D SPACE',''
  ) );
#8610 = ORIENTED_EDGE('',*,*,#8611,.F.);
#8611 = EDGE_CURVE('',#8612,#8589,#8614,.T.);
#8612 = VERTEX_POINT('',#8613);
#8613 = CARTESIAN_POINT('',(-18.86615766132,13.642566441038,
    19.200817483812));
#8614 = SURFACE_CURVE('',#8615,(#8619,#8627),.PCURVE_S1.);
#8615 = ( BOUNDED_CURVE() B_SPLINE_CURVE(2,(#8616,#8617,#8618),
.UNSPECIFIED.,.F.,.F.) B_SPLINE_CURVE_WITH_KNOTS((3,3),(3.143833920953,
3.444085873625),.PIECEWISE_BEZIER_KNOTS.) CURVE() 
GEOMETRIC_REPRESENTATION_ITEM() RATIONAL_B_SPLINE_CURVE((1.,
0.988752244422,1.)) REPRESENTATION_ITEM('') );
#8616 = CARTESIAN_POINT('',(-18.86615766132,13.642566441038,
    19.200817483812));
#8617 = CARTESIAN_POINT('',(-20.92978784621,10.788794565264,
    19.200817483812));
#8618 = CARTESIAN_POINT('',(-22.05706121798,7.452353616551,
    19.200817483812));
#8619 = PCURVE('',#8216,#8620);
#8620 = DEFINITIONAL_REPRESENTATION('',(#8621),#8626);
#8621 = B_SPLINE_CURVE_WITH_KNOTS('',3,(#8622,#8623,#8624,#8625),
  .UNSPECIFIED.,.F.,.F.,(4,4),(3.143833920953,3.444085873625),
  .PIECEWISE_BEZIER_KNOTS.);
#8622 = CARTESIAN_POINT('',(5.649153142831,3.472004730337E-18));
#8623 = CARTESIAN_POINT('',(5.744285357238,3.893389200351E-19));
#8624 = CARTESIAN_POINT('',(5.84162192827,5.926511743924E-18));
#8625 = CARTESIAN_POINT('',(5.941323657072,3.469446953884E-18));
#8626 = ( GEOMETRIC_REPRESENTATION_CONTEXT(2) 
PARAMETRIC_REPRESENTATION_CONTEXT() REPRESENTATION_CONTEXT('2D SPACE',''
  ) );
#8627 = PCURVE('',#7649,#8628);
#8628 = DEFINITIONAL_REPRESENTATION('',(#8629),#8633);
#8629 = ( BOUNDED_CURVE() B_SPLINE_CURVE(2,(#8630,#8631,#8632),
.UNSPECIFIED.,.F.,.F.) B_SPLINE_CURVE_WITH_KNOTS((3,3),(3.143833920953,
3.444085873625),.PIECEWISE_BEZIER_KNOTS.) CURVE() 
GEOMETRIC_REPRESENTATION_ITEM() RATIONAL_B_SPLINE_CURVE((1.,
0.988752244422,1.)) REPRESENTATION_ITEM('') );
#8630 = CARTESIAN_POINT('',(8.104356413425E-03,-4.767417324302E-03));
#8631 = CARTESIAN_POINT('',(8.11224954573E-03,-1.245695989867E-03));
#8632 = CARTESIAN_POINT('',(9.161377015459E-03,2.116136101598E-03));
#8633 = ( GEOMETRIC_REPRESENTATION_CONTEXT(2) 
PARAMETRIC_REPRESENTATION_CONTEXT() REPRESENTATION_CONTEXT('2D SPACE',''
  ) );
#8634 = ORIENTED_EDGE('',*,*,#8635,.F.);
#8635 = EDGE_CURVE('',#8636,#8612,#8638,.T.);
#8636 = VERTEX_POINT('',#8637);
#8637 = CARTESIAN_POINT('',(-18.67460788607,13.903616231082,
    19.200817483812));
#8638 = SURFACE_CURVE('',#8639,(#8643,#8650),.PCURVE_S1.);
#8639 = ( BOUNDED_CURVE() B_SPLINE_CURVE(2,(#8640,#8641,#8642),
.UNSPECIFIED.,.F.,.F.) B_SPLINE_CURVE_WITH_KNOTS((3,3),(5.643200731138,
5.657108043825),.PIECEWISE_BEZIER_KNOTS.) CURVE() 
GEOMETRIC_REPRESENTATION_ITEM() RATIONAL_B_SPLINE_CURVE((1.,
0.999975823429,1.)) REPRESENTATION_ITEM('') );
#8640 = CARTESIAN_POINT('',(-18.67460788607,13.903616231082,
    19.200817483812));
#8641 = CARTESIAN_POINT('',(-18.77129041359,13.773757332449,
    19.200817483812));
#8642 = CARTESIAN_POINT('',(-18.86615766132,13.642566441038,
    19.200817483812));
#8643 = PCURVE('',#8216,#8644);
#8644 = DEFINITIONAL_REPRESENTATION('',(#8645),#8649);
#8645 = B_SPLINE_CURVE_WITH_KNOTS('',2,(#8646,#8647,#8648),
  .UNSPECIFIED.,.F.,.F.,(3,3),(5.643200731138,5.657108043825),
  .PIECEWISE_BEZIER_KNOTS.);
#8646 = CARTESIAN_POINT('',(5.635891307415,3.469449062052E-18));
#8647 = CARTESIAN_POINT('',(5.642518705537,2.667407271617E-18));
#8648 = CARTESIAN_POINT('',(5.649153142831,2.555046118076E-21));
#8649 = ( GEOMETRIC_REPRESENTATION_CONTEXT(2) 
PARAMETRIC_REPRESENTATION_CONTEXT() REPRESENTATION_CONTEXT('2D SPACE',''
  ) );
#8650 = PCURVE('',#7677,#8651);
#8651 = DEFINITIONAL_REPRESENTATION('',(#8652),#8656);
#8652 = ( BOUNDED_CURVE() B_SPLINE_CURVE(2,(#8653,#8654,#8655),
.UNSPECIFIED.,.F.,.F.) B_SPLINE_CURVE_WITH_KNOTS((3,3),(5.643200731138,
5.657108043825),.PIECEWISE_BEZIER_KNOTS.) CURVE() 
GEOMETRIC_REPRESENTATION_ITEM() RATIONAL_B_SPLINE_CURVE((1.,
0.999975823429,1.)) REPRESENTATION_ITEM('') );
#8653 = CARTESIAN_POINT('',(-1.867460788608E-02,1.390361623108E-02));
#8654 = CARTESIAN_POINT('',(-1.877129041359E-02,1.377375733245E-02));
#8655 = CARTESIAN_POINT('',(-1.886615766132E-02,1.364256644104E-02));
#8656 = ( GEOMETRIC_REPRESENTATION_CONTEXT(2) 
PARAMETRIC_REPRESENTATION_CONTEXT() REPRESENTATION_CONTEXT('2D SPACE',''
  ) );
#8657 = ORIENTED_EDGE('',*,*,#8658,.F.);
#8658 = EDGE_CURVE('',#8659,#8636,#8661,.T.);
#8659 = VERTEX_POINT('',#8660);
#8660 = CARTESIAN_POINT('',(-13.72699730408,18.804815048644,
    19.200817483812));
#8661 = SURFACE_CURVE('',#8662,(#8666,#8673),.PCURVE_S1.);
#8662 = ( BOUNDED_CURVE() B_SPLINE_CURVE(2,(#8663,#8664,#8665),
.UNSPECIFIED.,.F.,.F.) B_SPLINE_CURVE_WITH_KNOTS((3,3),(3.143833920953,
3.444085873625),.PIECEWISE_BEZIER_KNOTS.) CURVE() 
GEOMETRIC_REPRESENTATION_ITEM() RATIONAL_B_SPLINE_CURVE((1.,
0.988752244422,1.)) REPRESENTATION_ITEM('') );
#8663 = CARTESIAN_POINT('',(-13.72699730408,18.804815048644,
    19.200817483812));
#8664 = CARTESIAN_POINT('',(-16.57149024632,16.728413507406,
    19.200817483812));
#8665 = CARTESIAN_POINT('',(-18.67460788607,13.903616231082,
    19.200817483812));
#8666 = PCURVE('',#8216,#8667);
#8667 = DEFINITIONAL_REPRESENTATION('',(#8668),#8672);
#8668 = B_SPLINE_CURVE_WITH_KNOTS('',2,(#8669,#8670,#8671),
  .UNSPECIFIED.,.F.,.F.,(3,3),(3.143833920953,3.444085873625),
  .PIECEWISE_BEZIER_KNOTS.);
#8669 = CARTESIAN_POINT('',(5.350697178483,-2.494730611745E-21));
#8670 = CARTESIAN_POINT('',(5.49334477828,6.83912992332E-18));
#8671 = CARTESIAN_POINT('',(5.635891307415,3.469449062052E-18));
#8672 = ( GEOMETRIC_REPRESENTATION_CONTEXT(2) 
PARAMETRIC_REPRESENTATION_CONTEXT() REPRESENTATION_CONTEXT('2D SPACE',''
  ) );
#8673 = PCURVE('',#7705,#8674);
#8674 = DEFINITIONAL_REPRESENTATION('',(#8675),#8679);
#8675 = ( BOUNDED_CURVE() B_SPLINE_CURVE(2,(#8676,#8677,#8678),
.UNSPECIFIED.,.F.,.F.) B_SPLINE_CURVE_WITH_KNOTS((3,3),(3.143833920953,
3.444085873625),.PIECEWISE_BEZIER_KNOTS.) CURVE() 
GEOMETRIC_REPRESENTATION_ITEM() RATIONAL_B_SPLINE_CURVE((1.,
0.988752244422,1.)) REPRESENTATION_ITEM('') );
#8676 = CARTESIAN_POINT('',(8.104356413425E-03,-4.767417324302E-03));
#8677 = CARTESIAN_POINT('',(8.11224954573E-03,-1.245695989867E-03));
#8678 = CARTESIAN_POINT('',(9.161377015459E-03,2.116136101598E-03));
#8679 = ( GEOMETRIC_REPRESENTATION_CONTEXT(2) 
PARAMETRIC_REPRESENTATION_CONTEXT() REPRESENTATION_CONTEXT('2D SPACE',''
  ) );
#8680 = ORIENTED_EDGE('',*,*,#8681,.F.);
#8681 = EDGE_CURVE('',#8682,#8659,#8684,.T.);
#8682 = VERTEX_POINT('',#8683);
#8683 = CARTESIAN_POINT('',(-13.46415382064,18.993896016725,
    19.200817483812));
#8684 = SURFACE_CURVE('',#8685,(#8689,#8696),.PCURVE_S1.);
#8685 = ( BOUNDED_CURVE() B_SPLINE_CURVE(2,(#8686,#8687,#8688),
.UNSPECIFIED.,.F.,.F.) B_SPLINE_CURVE_WITH_KNOTS((3,3),(5.329041465779,
5.342948778466),.PIECEWISE_BEZIER_KNOTS.) CURVE() 
GEOMETRIC_REPRESENTATION_ITEM() RATIONAL_B_SPLINE_CURVE((1.,
0.999975823429,1.)) REPRESENTATION_ITEM('') );
#8686 = CARTESIAN_POINT('',(-13.46415382064,18.993896016725,
    19.200817483812));
#8687 = CARTESIAN_POINT('',(-13.59623297499,18.900269409042,
    19.200817483812));
#8688 = CARTESIAN_POINT('',(-13.72699730408,18.804815048644,
    19.200817483812));
#8689 = PCURVE('',#8216,#8690);
#8690 = DEFINITIONAL_REPRESENTATION('',(#8691),#8695);
#8691 = B_SPLINE_CURVE_WITH_KNOTS('',2,(#8692,#8693,#8694),
  .UNSPECIFIED.,.F.,.F.,(3,3),(5.329041465779,5.342948778466),
  .PIECEWISE_BEZIER_KNOTS.);
#8692 = CARTESIAN_POINT('',(5.337425502365,3.466749950512E-18));
#8693 = CARTESIAN_POINT('',(5.344065081415,2.11384797387E-19));
#8694 = CARTESIAN_POINT('',(5.350697178483,-2.494730611745E-21));
#8695 = ( GEOMETRIC_REPRESENTATION_CONTEXT(2) 
PARAMETRIC_REPRESENTATION_CONTEXT() REPRESENTATION_CONTEXT('2D SPACE',''
  ) );
#8696 = PCURVE('',#7733,#8697);
#8697 = DEFINITIONAL_REPRESENTATION('',(#8698),#8702);
#8698 = ( BOUNDED_CURVE() B_SPLINE_CURVE(2,(#8699,#8700,#8701),
.UNSPECIFIED.,.F.,.F.) B_SPLINE_CURVE_WITH_KNOTS((3,3),(5.329041465779,
5.342948778466),.PIECEWISE_BEZIER_KNOTS.) CURVE() 
GEOMETRIC_REPRESENTATION_ITEM() RATIONAL_B_SPLINE_CURVE((1.,
0.999975823429,1.)) REPRESENTATION_ITEM('') );
#8699 = CARTESIAN_POINT('',(-1.346415382064E-02,1.899389601672E-02));
#8700 = CARTESIAN_POINT('',(-1.359623297499E-02,1.890026940904E-02));
#8701 = CARTESIAN_POINT('',(-1.372699730408E-02,1.880481504864E-02));
#8702 = ( GEOMETRIC_REPRESENTATION_CONTEXT(2) 
PARAMETRIC_REPRESENTATION_CONTEXT() REPRESENTATION_CONTEXT('2D SPACE',''
  ) );
#8703 = ORIENTED_EDGE('',*,*,#8704,.F.);
#8704 = EDGE_CURVE('',#8705,#8682,#8707,.T.);
#8705 = VERTEX_POINT('',#8706);
#8706 = CARTESIAN_POINT('',(-7.244142809105,22.126317338439,
    19.200817483812));
#8707 = SURFACE_CURVE('',#8708,(#8712,#8720),.PCURVE_S1.);
#8708 = ( BOUNDED_CURVE() B_SPLINE_CURVE(2,(#8709,#8710,#8711),
.UNSPECIFIED.,.F.,.F.) B_SPLINE_CURVE_WITH_KNOTS((3,3),(3.143833920953,
3.444085873625),.PIECEWISE_BEZIER_KNOTS.) CURVE() 
GEOMETRIC_REPRESENTATION_ITEM() RATIONAL_B_SPLINE_CURVE((1.,
0.988752244422,1.)) REPRESENTATION_ITEM('') );
#8709 = CARTESIAN_POINT('',(-7.244142809105,22.126317338439,
    19.200817483812));
#8710 = CARTESIAN_POINT('',(-10.59105972077,21.030538781733,
    19.200817483812));
#8711 = CARTESIAN_POINT('',(-13.46415382064,18.993896016725,
    19.200817483812));
#8712 = PCURVE('',#8216,#8713);
#8713 = DEFINITIONAL_REPRESENTATION('',(#8714),#8719);
#8714 = B_SPLINE_CURVE_WITH_KNOTS('',3,(#8715,#8716,#8717,#8718),
  .UNSPECIFIED.,.F.,.F.,(4,4),(3.143833920953,3.444085873625),
  .PIECEWISE_BEZIER_KNOTS.);
#8715 = CARTESIAN_POINT('',(5.044815994852,3.469388008301E-18));
#8716 = CARTESIAN_POINT('',(5.144740088627,3.58162834182E-18));
#8717 = CARTESIAN_POINT('',(5.242219533366,-7.52729997081E-18));
#8718 = CARTESIAN_POINT('',(5.337425502365,3.466749950512E-18));
#8719 = ( GEOMETRIC_REPRESENTATION_CONTEXT(2) 
PARAMETRIC_REPRESENTATION_CONTEXT() REPRESENTATION_CONTEXT('2D SPACE',''
  ) );
#8720 = PCURVE('',#7762,#8721);
#8721 = DEFINITIONAL_REPRESENTATION('',(#8722),#8726);
#8722 = ( BOUNDED_CURVE() B_SPLINE_CURVE(2,(#8723,#8724,#8725),
.UNSPECIFIED.,.F.,.F.) B_SPLINE_CURVE_WITH_KNOTS((3,3),(3.143833920953,
3.444085873625),.PIECEWISE_BEZIER_KNOTS.) CURVE() 
GEOMETRIC_REPRESENTATION_ITEM() RATIONAL_B_SPLINE_CURVE((1.,
0.988752244422,1.)) REPRESENTATION_ITEM('') );
#8723 = CARTESIAN_POINT('',(8.104356413425E-03,-4.767417324302E-03));
#8724 = CARTESIAN_POINT('',(8.11224954573E-03,-1.245695989867E-03));
#8725 = CARTESIAN_POINT('',(9.161377015459E-03,2.116136101598E-03));
#8726 = ( GEOMETRIC_REPRESENTATION_CONTEXT(2) 
PARAMETRIC_REPRESENTATION_CONTEXT() REPRESENTATION_CONTEXT('2D SPACE',''
  ) );
#8727 = ORIENTED_EDGE('',*,*,#8728,.F.);
#8728 = EDGE_CURVE('',#8729,#8705,#8731,.T.);
#8729 = VERTEX_POINT('',#8730);
#8730 = CARTESIAN_POINT('',(-6.935734568961,22.224920921995,
    19.200817483812));
#8731 = SURFACE_CURVE('',#8732,(#8736,#8743),.PCURVE_S1.);
#8732 = ( BOUNDED_CURVE() B_SPLINE_CURVE(2,(#8733,#8734,#8735),
.UNSPECIFIED.,.F.,.F.) B_SPLINE_CURVE_WITH_KNOTS((3,3),(5.01488220042,
5.028789513107),.PIECEWISE_BEZIER_KNOTS.) CURVE() 
GEOMETRIC_REPRESENTATION_ITEM() RATIONAL_B_SPLINE_CURVE((1.,
0.999975823429,1.)) REPRESENTATION_ITEM('') );
#8733 = CARTESIAN_POINT('',(-6.935734568961,22.224920921995,
    19.200817483812));
#8734 = CARTESIAN_POINT('',(-7.090281522276,22.176691429958,
    19.200817483812));
#8735 = CARTESIAN_POINT('',(-7.244142809105,22.126317338439,
    19.200817483812));
#8736 = PCURVE('',#8216,#8737);
#8737 = DEFINITIONAL_REPRESENTATION('',(#8738),#8742);
#8738 = B_SPLINE_CURVE_WITH_KNOTS('',2,(#8739,#8740,#8741),
  .UNSPECIFIED.,.F.,.F.,(3,3),(5.01488220042,5.028789513107),
  .PIECEWISE_BEZIER_KNOTS.);
#8739 = CARTESIAN_POINT('',(5.030855149854,3.459743398958E-18));
#8740 = CARTESIAN_POINT('',(5.037847346725,2.886514666877E-18));
#8741 = CARTESIAN_POINT('',(5.044815994852,3.469446949924E-18));
#8742 = ( GEOMETRIC_REPRESENTATION_CONTEXT(2) 
PARAMETRIC_REPRESENTATION_CONTEXT() REPRESENTATION_CONTEXT('2D SPACE',''
  ) );
#8743 = PCURVE('',#7790,#8744);
#8744 = DEFINITIONAL_REPRESENTATION('',(#8745),#8749);
#8745 = ( BOUNDED_CURVE() B_SPLINE_CURVE(2,(#8746,#8747,#8748),
.UNSPECIFIED.,.F.,.F.) B_SPLINE_CURVE_WITH_KNOTS((3,3),(5.01488220042,
5.028789513107),.PIECEWISE_BEZIER_KNOTS.) CURVE() 
GEOMETRIC_REPRESENTATION_ITEM() RATIONAL_B_SPLINE_CURVE((1.,
0.999975823429,1.)) REPRESENTATION_ITEM('') );
#8746 = CARTESIAN_POINT('',(-6.935734568961E-03,2.222492092199E-02));
#8747 = CARTESIAN_POINT('',(-7.090281522276E-03,2.217669142996E-02));
#8748 = CARTESIAN_POINT('',(-7.244142809105E-03,2.212631733844E-02));
#8749 = ( GEOMETRIC_REPRESENTATION_CONTEXT(2) 
PARAMETRIC_REPRESENTATION_CONTEXT() REPRESENTATION_CONTEXT('2D SPACE',''
  ) );
#8750 = ORIENTED_EDGE('',*,*,#8751,.F.);
#8751 = EDGE_CURVE('',#8752,#8729,#8754,.T.);
#8752 = VERTEX_POINT('',#8753);
#8753 = CARTESIAN_POINT('',(-5.218114306116E-02,23.281941524029,
    19.200817483812));
#8754 = SURFACE_CURVE('',#8755,(#8759,#8767),.PCURVE_S1.);
#8755 = ( BOUNDED_CURVE() B_SPLINE_CURVE(2,(#8756,#8757,#8758),
.UNSPECIFIED.,.F.,.F.) B_SPLINE_CURVE_WITH_KNOTS((3,3),(3.143833920953,
3.444085873625),.PIECEWISE_BEZIER_KNOTS.) CURVE() 
GEOMETRIC_REPRESENTATION_ITEM() RATIONAL_B_SPLINE_CURVE((1.,
0.988752244422,1.)) REPRESENTATION_ITEM('') );
#8756 = CARTESIAN_POINT('',(-5.218114306117E-02,23.281941524029,
    19.200817483812));
#8757 = CARTESIAN_POINT('',(-3.573902477496,23.274048391724,
    19.200817483812));
#8758 = CARTESIAN_POINT('',(-6.935734568961,22.224920921995,
    19.200817483812));
#8759 = PCURVE('',#8216,#8760);
#8760 = DEFINITIONAL_REPRESENTATION('',(#8761),#8766);
#8761 = B_SPLINE_CURVE_WITH_KNOTS('',3,(#8762,#8763,#8764,#8765),
  .UNSPECIFIED.,.F.,.F.,(4,4),(3.143833920953,3.444085873625),
  .PIECEWISE_BEZIER_KNOTS.);
#8762 = CARTESIAN_POINT('',(4.71487724855,3.469173946475E-18));
#8763 = CARTESIAN_POINT('',(4.825520294062,-3.245094568575E-18));
#8764 = CARTESIAN_POINT('',(4.930590587984,4.874895153588E-18));
#8765 = CARTESIAN_POINT('',(5.030855149854,3.459743398958E-18));
#8766 = ( GEOMETRIC_REPRESENTATION_CONTEXT(2) 
PARAMETRIC_REPRESENTATION_CONTEXT() REPRESENTATION_CONTEXT('2D SPACE',''
  ) );
#8767 = PCURVE('',#7817,#8768);
#8768 = DEFINITIONAL_REPRESENTATION('',(#8769),#8773);
#8769 = ( BOUNDED_CURVE() B_SPLINE_CURVE(2,(#8770,#8771,#8772),
.UNSPECIFIED.,.F.,.F.) B_SPLINE_CURVE_WITH_KNOTS((3,3),(3.143833920953,
3.444085873625),.PIECEWISE_BEZIER_KNOTS.) CURVE() 
GEOMETRIC_REPRESENTATION_ITEM() RATIONAL_B_SPLINE_CURVE((1.,
0.988752244422,1.)) REPRESENTATION_ITEM('') );
#8770 = CARTESIAN_POINT('',(-5.218114306117E-05,2.328194152403E-02));
#8771 = CARTESIAN_POINT('',(-3.573902477496E-03,2.327404839172E-02));
#8772 = CARTESIAN_POINT('',(-6.935734568961E-03,2.222492092199E-02));
#8773 = ( GEOMETRIC_REPRESENTATION_CONTEXT(2) 
PARAMETRIC_REPRESENTATION_CONTEXT() REPRESENTATION_CONTEXT('2D SPACE',''
  ) );
#8774 = ORIENTED_EDGE('',*,*,#8775,.F.);
#8775 = EDGE_CURVE('',#8202,#8752,#8776,.T.);
#8776 = SURFACE_CURVE('',#8777,(#8781,#8788),.PCURVE_S1.);
#8777 = ( BOUNDED_CURVE() B_SPLINE_CURVE(2,(#8778,#8779,#8780),
.UNSPECIFIED.,.F.,.F.) B_SPLINE_CURVE_WITH_KNOTS((3,3),(4.712388980385,
4.714630247748),.PIECEWISE_BEZIER_KNOTS.) CURVE() 
GEOMETRIC_REPRESENTATION_ITEM() RATIONAL_B_SPLINE_CURVE((1.,
0.99999937209,1.)) REPRESENTATION_ITEM('') );
#8778 = CARTESIAN_POINT('',(4.276834016662E-15,23.282,19.200817483812));
#8779 = CARTESIAN_POINT('',(-2.609060429567E-02,23.282,19.200817483812)
  );
#8780 = CARTESIAN_POINT('',(-5.218114306115E-02,23.281941524029,
    19.200817483812));
#8781 = PCURVE('',#8216,#8782);
#8782 = DEFINITIONAL_REPRESENTATION('',(#8783),#8787);
#8783 = B_SPLINE_CURVE_WITH_KNOTS('',2,(#8784,#8785,#8786),
  .UNSPECIFIED.,.F.,.F.,(3,3),(4.712388980385,4.714630247748),
  .PIECEWISE_BEZIER_KNOTS.);
#8784 = CARTESIAN_POINT('',(4.712388980385,0.));
#8785 = CARTESIAN_POINT('',(4.713633691056,5.126910479454E-18));
#8786 = CARTESIAN_POINT('',(4.71487724855,3.469173908819E-18));
#8787 = ( GEOMETRIC_REPRESENTATION_CONTEXT(2) 
PARAMETRIC_REPRESENTATION_CONTEXT() REPRESENTATION_CONTEXT('2D SPACE',''
  ) );
#8788 = PCURVE('',#6894,#8789);
#8789 = DEFINITIONAL_REPRESENTATION('',(#8790),#8794);
#8790 = ( BOUNDED_CURVE() B_SPLINE_CURVE(2,(#8791,#8792,#8793),
.UNSPECIFIED.,.F.,.F.) B_SPLINE_CURVE_WITH_KNOTS((3,3),(4.712388980385,
4.714630247748),.PIECEWISE_BEZIER_KNOTS.) CURVE() 
GEOMETRIC_REPRESENTATION_ITEM() RATIONAL_B_SPLINE_CURVE((1.,
0.99999937209,1.)) REPRESENTATION_ITEM('') );
#8791 = CARTESIAN_POINT('',(4.499266980284E-18,2.3282E-02));
#8792 = CARTESIAN_POINT('',(-2.609060429567E-05,2.3282E-02));
#8793 = CARTESIAN_POINT('',(-5.218114306115E-05,2.328194152403E-02));
#8794 = ( GEOMETRIC_REPRESENTATION_CONTEXT(2) 
PARAMETRIC_REPRESENTATION_CONTEXT() REPRESENTATION_CONTEXT('2D SPACE',''
  ) );
#8795 = ADVANCED_FACE('',(#8796),#8527,.T.);
#8796 = FACE_BOUND('',#8797,.T.);
#8797 = EDGE_LOOP('',(#8798,#8799,#8822,#8844,#8867,#8891,#8914,#8938,
    #8961,#8984,#9007,#9031,#9054,#9078));
#8798 = ORIENTED_EDGE('',*,*,#8512,.T.);
#8799 = ORIENTED_EDGE('',*,*,#8800,.T.);
#8800 = EDGE_CURVE('',#8490,#8801,#8803,.T.);
#8801 = VERTEX_POINT('',#8802);
#8802 = CARTESIAN_POINT('',(0.,-23.282,21.659463498333));
#8803 = SURFACE_CURVE('',#8804,(#8808,#8815),.PCURVE_S1.);
#8804 = ( BOUNDED_CURVE() B_SPLINE_CURVE(2,(#8805,#8806,#8807),
.UNSPECIFIED.,.F.,.F.) B_SPLINE_CURVE_WITH_KNOTS((3,3),(0.,
1.570796326795),.PIECEWISE_BEZIER_KNOTS.) CURVE() 
GEOMETRIC_REPRESENTATION_ITEM() RATIONAL_B_SPLINE_CURVE((1.,
0.707106781187,1.)) REPRESENTATION_ITEM('') );
#8805 = CARTESIAN_POINT('',(-23.282,0.,21.659463498333));
#8806 = CARTESIAN_POINT('',(-23.282,-23.282,21.659463498333));
#8807 = CARTESIAN_POINT('',(-1.425611338887E-15,-23.282,21.659463498333)
  );
#8808 = PCURVE('',#8527,#8809);
#8809 = DEFINITIONAL_REPRESENTATION('',(#8810),#8814);
#8810 = B_SPLINE_CURVE_WITH_KNOTS('',2,(#8811,#8812,#8813),
  .UNSPECIFIED.,.F.,.F.,(3,3),(0.,1.570796326795),
  .PIECEWISE_BEZIER_KNOTS.);
#8811 = CARTESIAN_POINT('',(0.,-2.458646014521E-03));
#8812 = CARTESIAN_POINT('',(0.785398163397,-2.458646014521E-03));
#8813 = CARTESIAN_POINT('',(1.570796326795,-2.458646014521E-03));
#8814 = ( GEOMETRIC_REPRESENTATION_CONTEXT(2) 
PARAMETRIC_REPRESENTATION_CONTEXT() REPRESENTATION_CONTEXT('2D SPACE',''
  ) );
#8815 = PCURVE('',#6837,#8816);
#8816 = DEFINITIONAL_REPRESENTATION('',(#8817),#8821);
#8817 = ( BOUNDED_CURVE() B_SPLINE_CURVE(2,(#8818,#8819,#8820),
.UNSPECIFIED.,.F.,.F.) B_SPLINE_CURVE_WITH_KNOTS((3,3),(0.,
1.570796326795),.PIECEWISE_BEZIER_KNOTS.) CURVE() 
GEOMETRIC_REPRESENTATION_ITEM() RATIONAL_B_SPLINE_CURVE((1.,
0.707106781187,1.)) REPRESENTATION_ITEM('') );
#8818 = CARTESIAN_POINT('',(-2.3282E-02,1.089936092671E-18));
#8819 = CARTESIAN_POINT('',(-2.3282E-02,-2.3282E-02));
#8820 = CARTESIAN_POINT('',(-1.203178375266E-18,-2.3282E-02));
#8821 = ( GEOMETRIC_REPRESENTATION_CONTEXT(2) 
PARAMETRIC_REPRESENTATION_CONTEXT() REPRESENTATION_CONTEXT('2D SPACE',''
  ) );
#8822 = ORIENTED_EDGE('',*,*,#8823,.F.);
#8823 = EDGE_CURVE('',#8824,#8801,#8826,.T.);
#8824 = VERTEX_POINT('',#8825);
#8825 = CARTESIAN_POINT('',(0.,-23.282,19.200817483812));
#8826 = SURFACE_CURVE('',#8827,(#8830,#8837),.PCURVE_S1.);
#8827 = B_SPLINE_CURVE_WITH_KNOTS('',1,(#8828,#8829),.UNSPECIFIED.,.F.,
  .F.,(2,2),(0.,2.458646014521E-03),.PIECEWISE_BEZIER_KNOTS.);
#8828 = CARTESIAN_POINT('',(0.,-23.282,19.200817483812));
#8829 = CARTESIAN_POINT('',(0.,-23.282,21.659463498333));
#8830 = PCURVE('',#8527,#8831);
#8831 = DEFINITIONAL_REPRESENTATION('',(#8832),#8836);
#8832 = B_SPLINE_CURVE_WITH_KNOTS('',2,(#8833,#8834,#8835),
  .UNSPECIFIED.,.F.,.F.,(3,3),(0.,2.458646014521E-03),
  .PIECEWISE_BEZIER_KNOTS.);
#8833 = CARTESIAN_POINT('',(1.570796326795,0.));
#8834 = CARTESIAN_POINT('',(1.570796326795,-1.22932300726E-03));
#8835 = CARTESIAN_POINT('',(1.570796326795,-2.458646014521E-03));
#8836 = ( GEOMETRIC_REPRESENTATION_CONTEXT(2) 
PARAMETRIC_REPRESENTATION_CONTEXT() REPRESENTATION_CONTEXT('2D SPACE',''
  ) );
#8837 = PCURVE('',#8164,#8838);
#8838 = DEFINITIONAL_REPRESENTATION('',(#8839),#8843);
#8839 = B_SPLINE_CURVE_WITH_KNOTS('',2,(#8840,#8841,#8842),
  .UNSPECIFIED.,.F.,.F.,(3,3),(0.,2.458646014521E-03),
  .PIECEWISE_BEZIER_KNOTS.);
#8840 = CARTESIAN_POINT('',(1.570796326795,0.));
#8841 = CARTESIAN_POINT('',(1.570796326795,-1.22932300726E-03));
#8842 = CARTESIAN_POINT('',(1.570796326795,-2.458646014521E-03));
#8843 = ( GEOMETRIC_REPRESENTATION_CONTEXT(2) 
PARAMETRIC_REPRESENTATION_CONTEXT() REPRESENTATION_CONTEXT('2D SPACE',''
  ) );
#8844 = ORIENTED_EDGE('',*,*,#8845,.F.);
#8845 = EDGE_CURVE('',#8846,#8824,#8848,.T.);
#8846 = VERTEX_POINT('',#8847);
#8847 = CARTESIAN_POINT('',(-0.271602706431,-23.28041571729,
    19.200817483812));
#8848 = SURFACE_CURVE('',#8849,(#8853,#8860),.PCURVE_S1.);
#8849 = ( BOUNDED_CURVE() B_SPLINE_CURVE(2,(#8850,#8851,#8852),
.UNSPECIFIED.,.F.,.F.) B_SPLINE_CURVE_WITH_KNOTS((3,3),(1.559130281471,
1.570796326795),.PIECEWISE_BEZIER_KNOTS.) CURVE() 
GEOMETRIC_REPRESENTATION_ITEM() RATIONAL_B_SPLINE_CURVE((1.,
0.999982987972,1.)) REPRESENTATION_ITEM('') );
#8850 = CARTESIAN_POINT('',(-0.271602706431,-23.28041571729,
    19.200817483812));
#8851 = CARTESIAN_POINT('',(-0.135805973847,-23.282,19.200817483812));
#8852 = CARTESIAN_POINT('',(-1.425611338887E-15,-23.282,19.200817483812)
  );
#8853 = PCURVE('',#8527,#8854);
#8854 = DEFINITIONAL_REPRESENTATION('',(#8855),#8859);
#8855 = B_SPLINE_CURVE_WITH_KNOTS('',2,(#8856,#8857,#8858),
  .UNSPECIFIED.,.F.,.F.,(3,3),(1.559130281471,1.570796326795),
  .PIECEWISE_BEZIER_KNOTS.);
#8856 = CARTESIAN_POINT('',(1.557869694015,3.470845130591E-18));
#8857 = CARTESIAN_POINT('',(1.564317522893,1.255822492011E-17));
#8858 = CARTESIAN_POINT('',(1.570796326795,0.));
#8859 = ( GEOMETRIC_REPRESENTATION_CONTEXT(2) 
PARAMETRIC_REPRESENTATION_CONTEXT() REPRESENTATION_CONTEXT('2D SPACE',''
  ) );
#8860 = PCURVE('',#7871,#8861);
#8861 = DEFINITIONAL_REPRESENTATION('',(#8862),#8866);
#8862 = ( BOUNDED_CURVE() B_SPLINE_CURVE(2,(#8863,#8864,#8865),
.UNSPECIFIED.,.F.,.F.) B_SPLINE_CURVE_WITH_KNOTS((3,3),(1.559130281471,
1.570796326795),.PIECEWISE_BEZIER_KNOTS.) CURVE() 
GEOMETRIC_REPRESENTATION_ITEM() RATIONAL_B_SPLINE_CURVE((1.,
0.999982987972,1.)) REPRESENTATION_ITEM('') );
#8863 = CARTESIAN_POINT('',(-2.716027064313E-04,-2.328041571729E-02));
#8864 = CARTESIAN_POINT('',(-1.358059738465E-04,-2.3282E-02));
#8865 = CARTESIAN_POINT('',(-1.203178375266E-18,-2.3282E-02));
#8866 = ( GEOMETRIC_REPRESENTATION_CONTEXT(2) 
PARAMETRIC_REPRESENTATION_CONTEXT() REPRESENTATION_CONTEXT('2D SPACE',''
  ) );
#8867 = ORIENTED_EDGE('',*,*,#8868,.F.);
#8868 = EDGE_CURVE('',#8869,#8846,#8871,.T.);
#8869 = VERTEX_POINT('',#8870);
#8870 = CARTESIAN_POINT('',(-7.144888376833,-22.15856705842,
    19.200817483812));
#8871 = SURFACE_CURVE('',#8872,(#8876,#8884),.PCURVE_S1.);
#8872 = ( BOUNDED_CURVE() B_SPLINE_CURVE(2,(#8873,#8874,#8875),
.UNSPECIFIED.,.F.,.F.) B_SPLINE_CURVE_WITH_KNOTS((3,3),(3.143833920953,
3.444085873625),.PIECEWISE_BEZIER_KNOTS.) CURVE() 
GEOMETRIC_REPRESENTATION_ITEM() RATIONAL_B_SPLINE_CURVE((1.,
0.988752244422,1.)) REPRESENTATION_ITEM('') );
#8873 = CARTESIAN_POINT('',(-7.144888376833,-22.15856705842,
    19.200817483812));
#8874 = CARTESIAN_POINT('',(-3.793093241122,-23.2393319853,
    19.200817483812));
#8875 = CARTESIAN_POINT('',(-0.271602706431,-23.28041571729,
    19.200817483812));
#8876 = PCURVE('',#8527,#8877);
#8877 = DEFINITIONAL_REPRESENTATION('',(#8878),#8883);
#8878 = B_SPLINE_CURVE_WITH_KNOTS('',3,(#8879,#8880,#8881,#8882),
  .UNSPECIFIED.,.F.,.F.,(4,4),(3.143833920953,3.444085873625),
  .PIECEWISE_BEZIER_KNOTS.);
#8879 = CARTESIAN_POINT('',(1.242863967882,3.469446951954E-18));
#8880 = CARTESIAN_POINT('',(1.342898329203,-3.382888542478E-18));
#8881 = CARTESIAN_POINT('',(1.447653397731,-3.454202423231E-18));
#8882 = CARTESIAN_POINT('',(1.557869694015,3.470847084768E-18));
#8883 = ( GEOMETRIC_REPRESENTATION_CONTEXT(2) 
PARAMETRIC_REPRESENTATION_CONTEXT() REPRESENTATION_CONTEXT('2D SPACE',''
  ) );
#8884 = PCURVE('',#7900,#8885);
#8885 = DEFINITIONAL_REPRESENTATION('',(#8886),#8890);
#8886 = ( BOUNDED_CURVE() B_SPLINE_CURVE(2,(#8887,#8888,#8889),
.UNSPECIFIED.,.F.,.F.) B_SPLINE_CURVE_WITH_KNOTS((3,3),(3.143833920953,
3.444085873625),.PIECEWISE_BEZIER_KNOTS.) CURVE() 
GEOMETRIC_REPRESENTATION_ITEM() RATIONAL_B_SPLINE_CURVE((1.,
0.988752244422,1.)) REPRESENTATION_ITEM('') );
#8887 = CARTESIAN_POINT('',(8.104356413425E-03,-4.767417324302E-03));
#8888 = CARTESIAN_POINT('',(8.11224954573E-03,-1.245695989867E-03));
#8889 = CARTESIAN_POINT('',(9.161377015459E-03,2.116136101598E-03));
#8890 = ( GEOMETRIC_REPRESENTATION_CONTEXT(2) 
PARAMETRIC_REPRESENTATION_CONTEXT() REPRESENTATION_CONTEXT('2D SPACE',''
  ) );
#8891 = ORIENTED_EDGE('',*,*,#8892,.F.);
#8892 = EDGE_CURVE('',#8893,#8869,#8895,.T.);
#8893 = VERTEX_POINT('',#8894);
#8894 = CARTESIAN_POINT('',(-7.452353616551,-22.05706121798,
    19.200817483812));
#8895 = SURFACE_CURVE('',#8896,(#8900,#8907),.PCURVE_S1.);
#8896 = ( BOUNDED_CURVE() B_SPLINE_CURVE(2,(#8897,#8898,#8899),
.UNSPECIFIED.,.F.,.F.) B_SPLINE_CURVE_WITH_KNOTS((3,3),(1.244971016112,
1.258878328799),.PIECEWISE_BEZIER_KNOTS.) CURVE() 
GEOMETRIC_REPRESENTATION_ITEM() RATIONAL_B_SPLINE_CURVE((1.,
0.999975823429,1.)) REPRESENTATION_ITEM('') );
#8897 = CARTESIAN_POINT('',(-7.452353616551,-22.05706121798,
    19.200817483812));
#8898 = CARTESIAN_POINT('',(-7.298973920746,-22.10888315924,
    19.200817483812));
#8899 = CARTESIAN_POINT('',(-7.144888376833,-22.15856705842,
    19.200817483812));
#8900 = PCURVE('',#8527,#8901);
#8901 = DEFINITIONAL_REPRESENTATION('',(#8902),#8906);
#8902 = B_SPLINE_CURVE_WITH_KNOTS('',2,(#8903,#8904,#8905),
  .UNSPECIFIED.,.F.,.F.,(3,3),(1.244971016112,1.258878328799),
  .PIECEWISE_BEZIER_KNOTS.);
#8903 = CARTESIAN_POINT('',(1.228934676688,3.469446953884E-18));
#8904 = CARTESIAN_POINT('',(1.235887815901,3.700832683676E-18));
#8905 = CARTESIAN_POINT('',(1.242863967882,3.469446951954E-18));
#8906 = ( GEOMETRIC_REPRESENTATION_CONTEXT(2) 
PARAMETRIC_REPRESENTATION_CONTEXT() REPRESENTATION_CONTEXT('2D SPACE',''
  ) );
#8907 = PCURVE('',#7928,#8908);
#8908 = DEFINITIONAL_REPRESENTATION('',(#8909),#8913);
#8909 = ( BOUNDED_CURVE() B_SPLINE_CURVE(2,(#8910,#8911,#8912),
.UNSPECIFIED.,.F.,.F.) B_SPLINE_CURVE_WITH_KNOTS((3,3),(1.244971016112,
1.258878328799),.PIECEWISE_BEZIER_KNOTS.) CURVE() 
GEOMETRIC_REPRESENTATION_ITEM() RATIONAL_B_SPLINE_CURVE((1.,
0.999975823429,1.)) REPRESENTATION_ITEM('') );
#8910 = CARTESIAN_POINT('',(-7.452353616551E-03,-2.205706121798E-02));
#8911 = CARTESIAN_POINT('',(-7.298973920746E-03,-2.210888315924E-02));
#8912 = CARTESIAN_POINT('',(-7.144888376833E-03,-2.215856705842E-02));
#8913 = ( GEOMETRIC_REPRESENTATION_CONTEXT(2) 
PARAMETRIC_REPRESENTATION_CONTEXT() REPRESENTATION_CONTEXT('2D SPACE',''
  ) );
#8914 = ORIENTED_EDGE('',*,*,#8915,.F.);
#8915 = EDGE_CURVE('',#8916,#8893,#8918,.T.);
#8916 = VERTEX_POINT('',#8917);
#8917 = CARTESIAN_POINT('',(-13.64256644103,-18.86615766132,
    19.200817483812));
#8918 = SURFACE_CURVE('',#8919,(#8923,#8931),.PCURVE_S1.);
#8919 = ( BOUNDED_CURVE() B_SPLINE_CURVE(2,(#8920,#8921,#8922),
.UNSPECIFIED.,.F.,.F.) B_SPLINE_CURVE_WITH_KNOTS((3,3),(3.143833920953,
3.444085873625),.PIECEWISE_BEZIER_KNOTS.) CURVE() 
GEOMETRIC_REPRESENTATION_ITEM() RATIONAL_B_SPLINE_CURVE((1.,
0.988752244422,1.)) REPRESENTATION_ITEM('') );
#8920 = CARTESIAN_POINT('',(-13.64256644103,-18.86615766132,
    19.200817483812));
#8921 = CARTESIAN_POINT('',(-10.78879456526,-20.92978784621,
    19.200817483812));
#8922 = CARTESIAN_POINT('',(-7.452353616551,-22.05706121798,
    19.200817483812));
#8923 = PCURVE('',#8527,#8924);
#8924 = DEFINITIONAL_REPRESENTATION('',(#8925),#8930);
#8925 = B_SPLINE_CURVE_WITH_KNOTS('',3,(#8926,#8927,#8928,#8929),
  .UNSPECIFIED.,.F.,.F.,(4,4),(3.143833920953,3.444085873625),
  .PIECEWISE_BEZIER_KNOTS.);
#8926 = CARTESIAN_POINT('',(0.936764162447,3.469444219689E-18));
#8927 = CARTESIAN_POINT('',(1.031896376853,-5.348979033055E-18));
#8928 = CARTESIAN_POINT('',(1.129232947885,9.711656591422E-18));
#8929 = CARTESIAN_POINT('',(1.228934676688,3.469505053007E-18));
#8930 = ( GEOMETRIC_REPRESENTATION_CONTEXT(2) 
PARAMETRIC_REPRESENTATION_CONTEXT() REPRESENTATION_CONTEXT('2D SPACE',''
  ) );
#8931 = PCURVE('',#7957,#8932);
#8932 = DEFINITIONAL_REPRESENTATION('',(#8933),#8937);
#8933 = ( BOUNDED_CURVE() B_SPLINE_CURVE(2,(#8934,#8935,#8936),
.UNSPECIFIED.,.F.,.F.) B_SPLINE_CURVE_WITH_KNOTS((3,3),(3.143833920953,
3.444085873625),.PIECEWISE_BEZIER_KNOTS.) CURVE() 
GEOMETRIC_REPRESENTATION_ITEM() RATIONAL_B_SPLINE_CURVE((1.,
0.988752244422,1.)) REPRESENTATION_ITEM('') );
#8934 = CARTESIAN_POINT('',(8.104356413425E-03,-4.767417324302E-03));
#8935 = CARTESIAN_POINT('',(8.11224954573E-03,-1.245695989867E-03));
#8936 = CARTESIAN_POINT('',(9.161377015459E-03,2.116136101598E-03));
#8937 = ( GEOMETRIC_REPRESENTATION_CONTEXT(2) 
PARAMETRIC_REPRESENTATION_CONTEXT() REPRESENTATION_CONTEXT('2D SPACE',''
  ) );
#8938 = ORIENTED_EDGE('',*,*,#8939,.F.);
#8939 = EDGE_CURVE('',#8940,#8916,#8942,.T.);
#8940 = VERTEX_POINT('',#8941);
#8941 = CARTESIAN_POINT('',(-13.90361623108,-18.67460788607,
    19.200817483812));
#8942 = SURFACE_CURVE('',#8943,(#8947,#8954),.PCURVE_S1.);
#8943 = ( BOUNDED_CURVE() B_SPLINE_CURVE(2,(#8944,#8945,#8946),
.UNSPECIFIED.,.F.,.F.) B_SPLINE_CURVE_WITH_KNOTS((3,3),(0.930811750753,
0.94471906344),.PIECEWISE_BEZIER_KNOTS.) CURVE() 
GEOMETRIC_REPRESENTATION_ITEM() RATIONAL_B_SPLINE_CURVE((1.,
0.999975823429,1.)) REPRESENTATION_ITEM('') );
#8944 = CARTESIAN_POINT('',(-13.90361623108,-18.67460788607,
    19.200817483812));
#8945 = CARTESIAN_POINT('',(-13.77375733244,-18.77129041359,
    19.200817483812));
#8946 = CARTESIAN_POINT('',(-13.64256644103,-18.86615766132,
    19.200817483812));
#8947 = PCURVE('',#8527,#8948);
#8948 = DEFINITIONAL_REPRESENTATION('',(#8949),#8953);
#8949 = B_SPLINE_CURVE_WITH_KNOTS('',2,(#8950,#8951,#8952),
  .UNSPECIFIED.,.F.,.F.,(3,3),(0.930811750753,0.94471906344),
  .PIECEWISE_BEZIER_KNOTS.);
#8950 = CARTESIAN_POINT('',(0.92350232703,3.467094365731E-18));
#8951 = CARTESIAN_POINT('',(0.930129725153,-3.154041038047E-18));
#8952 = CARTESIAN_POINT('',(0.936764162447,3.469444219686E-18));
#8953 = ( GEOMETRIC_REPRESENTATION_CONTEXT(2) 
PARAMETRIC_REPRESENTATION_CONTEXT() REPRESENTATION_CONTEXT('2D SPACE',''
  ) );
#8954 = PCURVE('',#7985,#8955);
#8955 = DEFINITIONAL_REPRESENTATION('',(#8956),#8960);
#8956 = ( BOUNDED_CURVE() B_SPLINE_CURVE(2,(#8957,#8958,#8959),
.UNSPECIFIED.,.F.,.F.) B_SPLINE_CURVE_WITH_KNOTS((3,3),(0.930811750753,
0.94471906344),.PIECEWISE_BEZIER_KNOTS.) CURVE() 
GEOMETRIC_REPRESENTATION_ITEM() RATIONAL_B_SPLINE_CURVE((1.,
0.999975823429,1.)) REPRESENTATION_ITEM('') );
#8957 = CARTESIAN_POINT('',(-1.390361623108E-02,-1.867460788608E-02));
#8958 = CARTESIAN_POINT('',(-1.377375733245E-02,-1.877129041359E-02));
#8959 = CARTESIAN_POINT('',(-1.364256644104E-02,-1.886615766132E-02));
#8960 = ( GEOMETRIC_REPRESENTATION_CONTEXT(2) 
PARAMETRIC_REPRESENTATION_CONTEXT() REPRESENTATION_CONTEXT('2D SPACE',''
  ) );
#8961 = ORIENTED_EDGE('',*,*,#8962,.F.);
#8962 = EDGE_CURVE('',#8963,#8940,#8965,.T.);
#8963 = VERTEX_POINT('',#8964);
#8964 = CARTESIAN_POINT('',(-18.80481504864,-13.72699730408,
    19.200817483812));
#8965 = SURFACE_CURVE('',#8966,(#8970,#8977),.PCURVE_S1.);
#8966 = ( BOUNDED_CURVE() B_SPLINE_CURVE(2,(#8967,#8968,#8969),
.UNSPECIFIED.,.F.,.F.) B_SPLINE_CURVE_WITH_KNOTS((3,3),(3.143833920953,
3.444085873625),.PIECEWISE_BEZIER_KNOTS.) CURVE() 
GEOMETRIC_REPRESENTATION_ITEM() RATIONAL_B_SPLINE_CURVE((1.,
0.988752244422,1.)) REPRESENTATION_ITEM('') );
#8967 = CARTESIAN_POINT('',(-18.80481504864,-13.72699730408,
    19.200817483812));
#8968 = CARTESIAN_POINT('',(-16.7284135074,-16.57149024632,
    19.200817483812));
#8969 = CARTESIAN_POINT('',(-13.90361623108,-18.67460788607,
    19.200817483812));
#8970 = PCURVE('',#8527,#8971);
#8971 = DEFINITIONAL_REPRESENTATION('',(#8972),#8976);
#8972 = B_SPLINE_CURVE_WITH_KNOTS('',2,(#8973,#8974,#8975),
  .UNSPECIFIED.,.F.,.F.,(3,3),(3.143833920953,3.444085873625),
  .PIECEWISE_BEZIER_KNOTS.);
#8973 = CARTESIAN_POINT('',(0.638308198098,-5.042305685E-24));
#8974 = CARTESIAN_POINT('',(0.780955797896,6.836567729759E-18));
#8975 = CARTESIAN_POINT('',(0.92350232703,3.469446951954E-18));
#8976 = ( GEOMETRIC_REPRESENTATION_CONTEXT(2) 
PARAMETRIC_REPRESENTATION_CONTEXT() REPRESENTATION_CONTEXT('2D SPACE',''
  ) );
#8977 = PCURVE('',#8013,#8978);
#8978 = DEFINITIONAL_REPRESENTATION('',(#8979),#8983);
#8979 = ( BOUNDED_CURVE() B_SPLINE_CURVE(2,(#8980,#8981,#8982),
.UNSPECIFIED.,.F.,.F.) B_SPLINE_CURVE_WITH_KNOTS((3,3),(3.143833920953,
3.444085873625),.PIECEWISE_BEZIER_KNOTS.) CURVE() 
GEOMETRIC_REPRESENTATION_ITEM() RATIONAL_B_SPLINE_CURVE((1.,
0.988752244422,1.)) REPRESENTATION_ITEM('') );
#8980 = CARTESIAN_POINT('',(8.104356413425E-03,-4.767417324302E-03));
#8981 = CARTESIAN_POINT('',(8.11224954573E-03,-1.245695989867E-03));
#8982 = CARTESIAN_POINT('',(9.161377015459E-03,2.116136101598E-03));
#8983 = ( GEOMETRIC_REPRESENTATION_CONTEXT(2) 
PARAMETRIC_REPRESENTATION_CONTEXT() REPRESENTATION_CONTEXT('2D SPACE',''
  ) );
#8984 = ORIENTED_EDGE('',*,*,#8985,.F.);
#8985 = EDGE_CURVE('',#8986,#8963,#8988,.T.);
#8986 = VERTEX_POINT('',#8987);
#8987 = CARTESIAN_POINT('',(-18.99389601672,-13.46415382064,
    19.200817483812));
#8988 = SURFACE_CURVE('',#8989,(#8993,#9000),.PCURVE_S1.);
#8989 = ( BOUNDED_CURVE() B_SPLINE_CURVE(2,(#8990,#8991,#8992),
.UNSPECIFIED.,.F.,.F.) B_SPLINE_CURVE_WITH_KNOTS((3,3),(0.616652485394,
0.630559798081),.PIECEWISE_BEZIER_KNOTS.) CURVE() 
GEOMETRIC_REPRESENTATION_ITEM() RATIONAL_B_SPLINE_CURVE((1.,
0.999975823429,1.)) REPRESENTATION_ITEM('') );
#8990 = CARTESIAN_POINT('',(-18.99389601672,-13.46415382064,
    19.200817483812));
#8991 = CARTESIAN_POINT('',(-18.90026940904,-13.59623297499,
    19.200817483812));
#8992 = CARTESIAN_POINT('',(-18.80481504864,-13.72699730408,
    19.200817483812));
#8993 = PCURVE('',#8527,#8994);
#8994 = DEFINITIONAL_REPRESENTATION('',(#8995),#8999);
#8995 = B_SPLINE_CURVE_WITH_KNOTS('',2,(#8996,#8997,#8998),
  .UNSPECIFIED.,.F.,.F.,(3,3),(0.616652485394,0.630559798081),
  .PIECEWISE_BEZIER_KNOTS.);
#8996 = CARTESIAN_POINT('',(0.62503652198,3.466749950512E-18));
#8997 = CARTESIAN_POINT('',(0.63167610103,8.059320475071E-19));
#8998 = CARTESIAN_POINT('',(0.638308198098,-2.521150430466E-24));
#8999 = ( GEOMETRIC_REPRESENTATION_CONTEXT(2) 
PARAMETRIC_REPRESENTATION_CONTEXT() REPRESENTATION_CONTEXT('2D SPACE',''
  ) );
#9000 = PCURVE('',#8041,#9001);
#9001 = DEFINITIONAL_REPRESENTATION('',(#9002),#9006);
#9002 = ( BOUNDED_CURVE() B_SPLINE_CURVE(2,(#9003,#9004,#9005),
.UNSPECIFIED.,.F.,.F.) B_SPLINE_CURVE_WITH_KNOTS((3,3),(0.616652485394,
0.630559798081),.PIECEWISE_BEZIER_KNOTS.) CURVE() 
GEOMETRIC_REPRESENTATION_ITEM() RATIONAL_B_SPLINE_CURVE((1.,
0.999975823429,1.)) REPRESENTATION_ITEM('') );
#9003 = CARTESIAN_POINT('',(-1.899389601672E-02,-1.346415382064E-02));
#9004 = CARTESIAN_POINT('',(-1.890026940904E-02,-1.359623297499E-02));
#9005 = CARTESIAN_POINT('',(-1.880481504864E-02,-1.372699730408E-02));
#9006 = ( GEOMETRIC_REPRESENTATION_CONTEXT(2) 
PARAMETRIC_REPRESENTATION_CONTEXT() REPRESENTATION_CONTEXT('2D SPACE',''
  ) );
#9007 = ORIENTED_EDGE('',*,*,#9008,.F.);
#9008 = EDGE_CURVE('',#9009,#8986,#9011,.T.);
#9009 = VERTEX_POINT('',#9010);
#9010 = CARTESIAN_POINT('',(-22.12631733843,-7.244142809105,
    19.200817483812));
#9011 = SURFACE_CURVE('',#9012,(#9016,#9024),.PCURVE_S1.);
#9012 = ( BOUNDED_CURVE() B_SPLINE_CURVE(2,(#9013,#9014,#9015),
.UNSPECIFIED.,.F.,.F.) B_SPLINE_CURVE_WITH_KNOTS((3,3),(3.143833920953,
3.444085873625),.PIECEWISE_BEZIER_KNOTS.) CURVE() 
GEOMETRIC_REPRESENTATION_ITEM() RATIONAL_B_SPLINE_CURVE((1.,
0.988752244422,1.)) REPRESENTATION_ITEM('') );
#9013 = CARTESIAN_POINT('',(-22.12631733843,-7.244142809105,
    19.200817483812));
#9014 = CARTESIAN_POINT('',(-21.03053878173,-10.59105972077,
    19.200817483812));
#9015 = CARTESIAN_POINT('',(-18.99389601672,-13.46415382064,
    19.200817483812));
#9016 = PCURVE('',#8527,#9017);
#9017 = DEFINITIONAL_REPRESENTATION('',(#9018),#9023);
#9018 = B_SPLINE_CURVE_WITH_KNOTS('',3,(#9019,#9020,#9021,#9022),
  .UNSPECIFIED.,.F.,.F.,(4,4),(3.143833920953,3.444085873625),
  .PIECEWISE_BEZIER_KNOTS.);
#9019 = CARTESIAN_POINT('',(0.332427014468,3.489163517773E-18));
#9020 = CARTESIAN_POINT('',(0.432351108243,-8.568691257902E-18));
#9021 = CARTESIAN_POINT('',(0.529830552981,5.637577610393E-18));
#9022 = CARTESIAN_POINT('',(0.62503652198,3.466753159919E-18));
#9023 = ( GEOMETRIC_REPRESENTATION_CONTEXT(2) 
PARAMETRIC_REPRESENTATION_CONTEXT() REPRESENTATION_CONTEXT('2D SPACE',''
  ) );
#9024 = PCURVE('',#8070,#9025);
#9025 = DEFINITIONAL_REPRESENTATION('',(#9026),#9030);
#9026 = ( BOUNDED_CURVE() B_SPLINE_CURVE(2,(#9027,#9028,#9029),
.UNSPECIFIED.,.F.,.F.) B_SPLINE_CURVE_WITH_KNOTS((3,3),(3.143833920953,
3.444085873625),.PIECEWISE_BEZIER_KNOTS.) CURVE() 
GEOMETRIC_REPRESENTATION_ITEM() RATIONAL_B_SPLINE_CURVE((1.,
0.988752244422,1.)) REPRESENTATION_ITEM('') );
#9027 = CARTESIAN_POINT('',(8.104356413425E-03,-4.767417324302E-03));
#9028 = CARTESIAN_POINT('',(8.11224954573E-03,-1.245695989867E-03));
#9029 = CARTESIAN_POINT('',(9.161377015459E-03,2.116136101598E-03));
#9030 = ( GEOMETRIC_REPRESENTATION_CONTEXT(2) 
PARAMETRIC_REPRESENTATION_CONTEXT() REPRESENTATION_CONTEXT('2D SPACE',''
  ) );
#9031 = ORIENTED_EDGE('',*,*,#9032,.F.);
#9032 = EDGE_CURVE('',#9033,#9009,#9035,.T.);
#9033 = VERTEX_POINT('',#9034);
#9034 = CARTESIAN_POINT('',(-22.22492092199,-6.935734568961,
    19.200817483812));
#9035 = SURFACE_CURVE('',#9036,(#9040,#9047),.PCURVE_S1.);
#9036 = ( BOUNDED_CURVE() B_SPLINE_CURVE(2,(#9037,#9038,#9039),
.UNSPECIFIED.,.F.,.F.) B_SPLINE_CURVE_WITH_KNOTS((3,3),(0.302493220035,
0.316400532722),.PIECEWISE_BEZIER_KNOTS.) CURVE() 
GEOMETRIC_REPRESENTATION_ITEM() RATIONAL_B_SPLINE_CURVE((1.,
0.999975823429,1.)) REPRESENTATION_ITEM('') );
#9037 = CARTESIAN_POINT('',(-22.22492092199,-6.935734568961,
    19.200817483812));
#9038 = CARTESIAN_POINT('',(-22.17669142995,-7.090281522276,
    19.200817483812));
#9039 = CARTESIAN_POINT('',(-22.12631733843,-7.244142809105,
    19.200817483812));
#9040 = PCURVE('',#8527,#9041);
#9041 = DEFINITIONAL_REPRESENTATION('',(#9042),#9046);
#9042 = B_SPLINE_CURVE_WITH_KNOTS('',2,(#9043,#9044,#9045),
  .UNSPECIFIED.,.F.,.F.,(3,3),(0.302493220035,0.316400532722),
  .PIECEWISE_BEZIER_KNOTS.);
#9043 = CARTESIAN_POINT('',(0.31846616947,3.469506813369E-18));
#9044 = CARTESIAN_POINT('',(0.32545836634,3.919740313183E-19));
#9045 = CARTESIAN_POINT('',(0.332427014468,3.489104574121E-18));
#9046 = ( GEOMETRIC_REPRESENTATION_CONTEXT(2) 
PARAMETRIC_REPRESENTATION_CONTEXT() REPRESENTATION_CONTEXT('2D SPACE',''
  ) );
#9047 = PCURVE('',#8098,#9048);
#9048 = DEFINITIONAL_REPRESENTATION('',(#9049),#9053);
#9049 = ( BOUNDED_CURVE() B_SPLINE_CURVE(2,(#9050,#9051,#9052),
.UNSPECIFIED.,.F.,.F.) B_SPLINE_CURVE_WITH_KNOTS((3,3),(0.302493220035,
0.316400532722),.PIECEWISE_BEZIER_KNOTS.) CURVE() 
GEOMETRIC_REPRESENTATION_ITEM() RATIONAL_B_SPLINE_CURVE((1.,
0.999975823429,1.)) REPRESENTATION_ITEM('') );
#9050 = CARTESIAN_POINT('',(-2.222492092199E-02,-6.935734568961E-03));
#9051 = CARTESIAN_POINT('',(-2.217669142996E-02,-7.090281522276E-03));
#9052 = CARTESIAN_POINT('',(-2.212631733844E-02,-7.244142809105E-03));
#9053 = ( GEOMETRIC_REPRESENTATION_CONTEXT(2) 
PARAMETRIC_REPRESENTATION_CONTEXT() REPRESENTATION_CONTEXT('2D SPACE',''
  ) );
#9054 = ORIENTED_EDGE('',*,*,#9055,.F.);
#9055 = EDGE_CURVE('',#9056,#9033,#9058,.T.);
#9056 = VERTEX_POINT('',#9057);
#9057 = CARTESIAN_POINT('',(-23.28194152402,-5.218114306116E-02,
    19.200817483812));
#9058 = SURFACE_CURVE('',#9059,(#9063,#9071),.PCURVE_S1.);
#9059 = ( BOUNDED_CURVE() B_SPLINE_CURVE(2,(#9060,#9061,#9062),
.UNSPECIFIED.,.F.,.F.) B_SPLINE_CURVE_WITH_KNOTS((3,3),(3.143833920953,
3.444085873625),.PIECEWISE_BEZIER_KNOTS.) CURVE() 
GEOMETRIC_REPRESENTATION_ITEM() RATIONAL_B_SPLINE_CURVE((1.,
0.988752244422,1.)) REPRESENTATION_ITEM('') );
#9060 = CARTESIAN_POINT('',(-23.28194152402,-5.218114306117E-02,
    19.200817483812));
#9061 = CARTESIAN_POINT('',(-23.27404839172,-3.573902477496,
    19.200817483812));
#9062 = CARTESIAN_POINT('',(-22.22492092199,-6.935734568961,
    19.200817483812));
#9063 = PCURVE('',#8527,#9064);
#9064 = DEFINITIONAL_REPRESENTATION('',(#9065),#9070);
#9065 = B_SPLINE_CURVE_WITH_KNOTS('',3,(#9066,#9067,#9068,#9069),
  .UNSPECIFIED.,.F.,.F.,(4,4),(3.143833920953,3.444085873625),
  .PIECEWISE_BEZIER_KNOTS.);
#9066 = CARTESIAN_POINT('',(2.488268164989E-03,3.469173871162E-18));
#9067 = CARTESIAN_POINT('',(0.113131313677,1.383769710026E-18));
#9068 = CARTESIAN_POINT('',(0.218201607599,-1.132875627837E-19));
#9069 = CARTESIAN_POINT('',(0.31846616947,3.459743396801E-18));
#9070 = ( GEOMETRIC_REPRESENTATION_CONTEXT(2) 
PARAMETRIC_REPRESENTATION_CONTEXT() REPRESENTATION_CONTEXT('2D SPACE',''
  ) );
#9071 = PCURVE('',#8125,#9072);
#9072 = DEFINITIONAL_REPRESENTATION('',(#9073),#9077);
#9073 = ( BOUNDED_CURVE() B_SPLINE_CURVE(2,(#9074,#9075,#9076),
.UNSPECIFIED.,.F.,.F.) B_SPLINE_CURVE_WITH_KNOTS((3,3),(3.143833920953,
3.444085873625),.PIECEWISE_BEZIER_KNOTS.) CURVE() 
GEOMETRIC_REPRESENTATION_ITEM() RATIONAL_B_SPLINE_CURVE((1.,
0.988752244422,1.)) REPRESENTATION_ITEM('') );
#9074 = CARTESIAN_POINT('',(8.104356413425E-03,-4.767417324302E-03));
#9075 = CARTESIAN_POINT('',(8.11224954573E-03,-1.245695989867E-03));
#9076 = CARTESIAN_POINT('',(9.161377015459E-03,2.116136101598E-03));
#9077 = ( GEOMETRIC_REPRESENTATION_CONTEXT(2) 
PARAMETRIC_REPRESENTATION_CONTEXT() REPRESENTATION_CONTEXT('2D SPACE',''
  ) );
#9078 = ORIENTED_EDGE('',*,*,#9079,.F.);
#9079 = EDGE_CURVE('',#8513,#9056,#9080,.T.);
#9080 = SURFACE_CURVE('',#9081,(#9085,#9092),.PCURVE_S1.);
#9081 = ( BOUNDED_CURVE() B_SPLINE_CURVE(2,(#9082,#9083,#9084),
.UNSPECIFIED.,.F.,.F.) B_SPLINE_CURVE_WITH_KNOTS((3,3),(0.,
2.24126736311E-03),.PIECEWISE_BEZIER_KNOTS.) CURVE() 
GEOMETRIC_REPRESENTATION_ITEM() RATIONAL_B_SPLINE_CURVE((1.,
0.99999937209,1.)) REPRESENTATION_ITEM('') );
#9082 = CARTESIAN_POINT('',(-23.282,0.,19.200817483812));
#9083 = CARTESIAN_POINT('',(-23.282,-2.609060429567E-02,19.200817483812)
  );
#9084 = CARTESIAN_POINT('',(-23.28194152402,-5.218114306116E-02,
    19.200817483812));
#9085 = PCURVE('',#8527,#9086);
#9086 = DEFINITIONAL_REPRESENTATION('',(#9087),#9091);
#9087 = B_SPLINE_CURVE_WITH_KNOTS('',2,(#9088,#9089,#9090),
  .UNSPECIFIED.,.F.,.F.,(3,3),(0.,2.24126736311E-03),
  .PIECEWISE_BEZIER_KNOTS.);
#9088 = CARTESIAN_POINT('',(0.,0.));
#9089 = CARTESIAN_POINT('',(1.244710671771E-03,3.258363481417E-18));
#9090 = CARTESIAN_POINT('',(2.488268164989E-03,3.469446951954E-18));
#9091 = ( GEOMETRIC_REPRESENTATION_CONTEXT(2) 
PARAMETRIC_REPRESENTATION_CONTEXT() REPRESENTATION_CONTEXT('2D SPACE',''
  ) );
#9092 = PCURVE('',#7563,#9093);
#9093 = DEFINITIONAL_REPRESENTATION('',(#9094),#9098);
#9094 = ( BOUNDED_CURVE() B_SPLINE_CURVE(2,(#9095,#9096,#9097),
.UNSPECIFIED.,.F.,.F.) B_SPLINE_CURVE_WITH_KNOTS((3,3),(0.,
2.24126736311E-03),.PIECEWISE_BEZIER_KNOTS.) CURVE() 
GEOMETRIC_REPRESENTATION_ITEM() RATIONAL_B_SPLINE_CURVE((1.,
0.99999937209,1.)) REPRESENTATION_ITEM('') );
#9095 = CARTESIAN_POINT('',(-2.3282E-02,1.089936092671E-18));
#9096 = CARTESIAN_POINT('',(-2.3282E-02,-2.609060429567E-05));
#9097 = CARTESIAN_POINT('',(-2.328194152403E-02,-5.218114306116E-05));
#9098 = ( GEOMETRIC_REPRESENTATION_CONTEXT(2) 
PARAMETRIC_REPRESENTATION_CONTEXT() REPRESENTATION_CONTEXT('2D SPACE',''
  ) );
#9099 = ADVANCED_FACE('',(#9100),#8164,.T.);
#9100 = FACE_BOUND('',#9101,.T.);
#9101 = EDGE_LOOP('',(#9102,#9103,#9124,#9125,#9148,#9172,#9195,#9219,
    #9242,#9265,#9288,#9312,#9335,#9359));
#9102 = ORIENTED_EDGE('',*,*,#8823,.T.);
#9103 = ORIENTED_EDGE('',*,*,#9104,.T.);
#9104 = EDGE_CURVE('',#8801,#8143,#9105,.T.);
#9105 = SURFACE_CURVE('',#9106,(#9110,#9117),.PCURVE_S1.);
#9106 = ( BOUNDED_CURVE() B_SPLINE_CURVE(2,(#9107,#9108,#9109),
.UNSPECIFIED.,.F.,.F.) B_SPLINE_CURVE_WITH_KNOTS((3,3),(1.570796326795,
3.14159265359),.PIECEWISE_BEZIER_KNOTS.) CURVE() 
GEOMETRIC_REPRESENTATION_ITEM() RATIONAL_B_SPLINE_CURVE((1.,
0.707106781187,1.)) REPRESENTATION_ITEM('') );
#9107 = CARTESIAN_POINT('',(-1.425611338887E-15,-23.282,21.659463498333)
  );
#9108 = CARTESIAN_POINT('',(23.282,-23.282,21.659463498333));
#9109 = CARTESIAN_POINT('',(23.282,-2.851222677775E-15,21.659463498333)
  );
#9110 = PCURVE('',#8164,#9111);
#9111 = DEFINITIONAL_REPRESENTATION('',(#9112),#9116);
#9112 = B_SPLINE_CURVE_WITH_KNOTS('',2,(#9113,#9114,#9115),
  .UNSPECIFIED.,.F.,.F.,(3,3),(1.570796326795,3.14159265359),
  .PIECEWISE_BEZIER_KNOTS.);
#9113 = CARTESIAN_POINT('',(1.570796326795,-2.458646014521E-03));
#9114 = CARTESIAN_POINT('',(2.356194490192,-2.458646014521E-03));
#9115 = CARTESIAN_POINT('',(3.14159265359,-2.458646014521E-03));
#9116 = ( GEOMETRIC_REPRESENTATION_CONTEXT(2) 
PARAMETRIC_REPRESENTATION_CONTEXT() REPRESENTATION_CONTEXT('2D SPACE',''
  ) );
#9117 = PCURVE('',#6837,#9118);
#9118 = DEFINITIONAL_REPRESENTATION('',(#9119),#9123);
#9119 = ( BOUNDED_CURVE() B_SPLINE_CURVE(2,(#9120,#9121,#9122),
.UNSPECIFIED.,.F.,.F.) B_SPLINE_CURVE_WITH_KNOTS((3,3),(1.570796326795,
3.14159265359),.PIECEWISE_BEZIER_KNOTS.) CURVE() 
GEOMETRIC_REPRESENTATION_ITEM() RATIONAL_B_SPLINE_CURVE((1.,
0.707106781187,1.)) REPRESENTATION_ITEM('') );
#9120 = CARTESIAN_POINT('',(-1.203178375266E-18,-2.3282E-02));
#9121 = CARTESIAN_POINT('',(2.3282E-02,-2.3282E-02));
#9122 = CARTESIAN_POINT('',(2.3282E-02,-1.761286585103E-18));
#9123 = ( GEOMETRIC_REPRESENTATION_CONTEXT(2) 
PARAMETRIC_REPRESENTATION_CONTEXT() REPRESENTATION_CONTEXT('2D SPACE',''
  ) );
#9124 = ORIENTED_EDGE('',*,*,#8140,.F.);
#9125 = ORIENTED_EDGE('',*,*,#9126,.F.);
#9126 = EDGE_CURVE('',#9127,#8141,#9129,.T.);
#9127 = VERTEX_POINT('',#9128);
#9128 = CARTESIAN_POINT('',(23.28041571729,-0.271602706431,
    19.200817483812));
#9129 = SURFACE_CURVE('',#9130,(#9134,#9141),.PCURVE_S1.);
#9130 = ( BOUNDED_CURVE() B_SPLINE_CURVE(2,(#9131,#9132,#9133),
.UNSPECIFIED.,.F.,.F.) B_SPLINE_CURVE_WITH_KNOTS((3,3),(3.129926608266,
3.14159265359),.PIECEWISE_BEZIER_KNOTS.) CURVE() 
GEOMETRIC_REPRESENTATION_ITEM() RATIONAL_B_SPLINE_CURVE((1.,
0.999982987972,1.)) REPRESENTATION_ITEM('') );
#9131 = CARTESIAN_POINT('',(23.28041571729,-0.271602706431,
    19.200817483812));
#9132 = CARTESIAN_POINT('',(23.282,-0.135805973847,19.200817483812));
#9133 = CARTESIAN_POINT('',(23.282,-2.851222677775E-15,19.200817483812)
  );
#9134 = PCURVE('',#8164,#9135);
#9135 = DEFINITIONAL_REPRESENTATION('',(#9136),#9140);
#9136 = B_SPLINE_CURVE_WITH_KNOTS('',2,(#9137,#9138,#9139),
  .UNSPECIFIED.,.F.,.F.,(3,3),(3.129926608266,3.14159265359),
  .PIECEWISE_BEZIER_KNOTS.);
#9137 = CARTESIAN_POINT('',(3.12866602081,3.468046819139E-18));
#9138 = CARTESIAN_POINT('',(3.135113849688,1.063387838856E-17));
#9139 = CARTESIAN_POINT('',(3.14159265359,0.));
#9140 = ( GEOMETRIC_REPRESENTATION_CONTEXT(2) 
PARAMETRIC_REPRESENTATION_CONTEXT() REPRESENTATION_CONTEXT('2D SPACE',''
  ) );
#9141 = PCURVE('',#7232,#9142);
#9142 = DEFINITIONAL_REPRESENTATION('',(#9143),#9147);
#9143 = ( BOUNDED_CURVE() B_SPLINE_CURVE(2,(#9144,#9145,#9146),
.UNSPECIFIED.,.F.,.F.) B_SPLINE_CURVE_WITH_KNOTS((3,3),(3.129926608266,
3.14159265359),.PIECEWISE_BEZIER_KNOTS.) CURVE() 
GEOMETRIC_REPRESENTATION_ITEM() RATIONAL_B_SPLINE_CURVE((1.,
0.999982987972,1.)) REPRESENTATION_ITEM('') );
#9144 = CARTESIAN_POINT('',(2.328041571729E-02,-2.716027064313E-04));
#9145 = CARTESIAN_POINT('',(2.3282E-02,-1.358059738465E-04));
#9146 = CARTESIAN_POINT('',(2.3282E-02,-1.761286585103E-18));
#9147 = ( GEOMETRIC_REPRESENTATION_CONTEXT(2) 
PARAMETRIC_REPRESENTATION_CONTEXT() REPRESENTATION_CONTEXT('2D SPACE',''
  ) );
#9148 = ORIENTED_EDGE('',*,*,#9149,.F.);
#9149 = EDGE_CURVE('',#9150,#9127,#9152,.T.);
#9150 = VERTEX_POINT('',#9151);
#9151 = CARTESIAN_POINT('',(22.158567058422,-7.144888376833,
    19.200817483812));
#9152 = SURFACE_CURVE('',#9153,(#9157,#9165),.PCURVE_S1.);
#9153 = ( BOUNDED_CURVE() B_SPLINE_CURVE(2,(#9154,#9155,#9156),
.UNSPECIFIED.,.F.,.F.) B_SPLINE_CURVE_WITH_KNOTS((3,3),(3.143833920953,
3.444085873625),.PIECEWISE_BEZIER_KNOTS.) CURVE() 
GEOMETRIC_REPRESENTATION_ITEM() RATIONAL_B_SPLINE_CURVE((1.,
0.988752244422,1.)) REPRESENTATION_ITEM('') );
#9154 = CARTESIAN_POINT('',(22.158567058422,-7.144888376833,
    19.200817483812));
#9155 = CARTESIAN_POINT('',(23.239331985303,-3.793093241122,
    19.200817483812));
#9156 = CARTESIAN_POINT('',(23.28041571729,-0.271602706431,
    19.200817483812));
#9157 = PCURVE('',#8164,#9158);
#9158 = DEFINITIONAL_REPRESENTATION('',(#9159),#9164);
#9159 = B_SPLINE_CURVE_WITH_KNOTS('',3,(#9160,#9161,#9162,#9163),
  .UNSPECIFIED.,.F.,.F.,(4,4),(3.143833920953,3.444085873625),
  .PIECEWISE_BEZIER_KNOTS.);
#9160 = CARTESIAN_POINT('',(2.813660294677,6.948704859486E-18));
#9161 = CARTESIAN_POINT('',(2.913694655998,-7.607040936257E-18));
#9162 = CARTESIAN_POINT('',(3.018449724526,4.039482200904E-18));
#9163 = CARTESIAN_POINT('',(3.12866602081,3.468047796227E-18));
#9164 = ( GEOMETRIC_REPRESENTATION_CONTEXT(2) 
PARAMETRIC_REPRESENTATION_CONTEXT() REPRESENTATION_CONTEXT('2D SPACE',''
  ) );
#9165 = PCURVE('',#7261,#9166);
#9166 = DEFINITIONAL_REPRESENTATION('',(#9167),#9171);
#9167 = ( BOUNDED_CURVE() B_SPLINE_CURVE(2,(#9168,#9169,#9170),
.UNSPECIFIED.,.F.,.F.) B_SPLINE_CURVE_WITH_KNOTS((3,3),(3.143833920953,
3.444085873625),.PIECEWISE_BEZIER_KNOTS.) CURVE() 
GEOMETRIC_REPRESENTATION_ITEM() RATIONAL_B_SPLINE_CURVE((1.,
0.988752244422,1.)) REPRESENTATION_ITEM('') );
#9168 = CARTESIAN_POINT('',(8.104356413425E-03,-4.767417324302E-03));
#9169 = CARTESIAN_POINT('',(8.11224954573E-03,-1.245695989867E-03));
#9170 = CARTESIAN_POINT('',(9.161377015459E-03,2.116136101598E-03));
#9171 = ( GEOMETRIC_REPRESENTATION_CONTEXT(2) 
PARAMETRIC_REPRESENTATION_CONTEXT() REPRESENTATION_CONTEXT('2D SPACE',''
  ) );
#9172 = ORIENTED_EDGE('',*,*,#9173,.F.);
#9173 = EDGE_CURVE('',#9174,#9150,#9176,.T.);
#9174 = VERTEX_POINT('',#9175);
#9175 = CARTESIAN_POINT('',(22.057061217984,-7.452353616551,
    19.200817483812));
#9176 = SURFACE_CURVE('',#9177,(#9181,#9188),.PCURVE_S1.);
#9177 = ( BOUNDED_CURVE() B_SPLINE_CURVE(2,(#9178,#9179,#9180),
.UNSPECIFIED.,.F.,.F.) B_SPLINE_CURVE_WITH_KNOTS((3,3),(2.815767342907,
2.829674655594),.PIECEWISE_BEZIER_KNOTS.) CURVE() 
GEOMETRIC_REPRESENTATION_ITEM() RATIONAL_B_SPLINE_CURVE((1.,
0.999975823429,1.)) REPRESENTATION_ITEM('') );
#9178 = CARTESIAN_POINT('',(22.057061217984,-7.452353616551,
    19.200817483812));
#9179 = CARTESIAN_POINT('',(22.108883159241,-7.298973920746,
    19.200817483812));
#9180 = CARTESIAN_POINT('',(22.158567058422,-7.144888376833,
    19.200817483812));
#9181 = PCURVE('',#8164,#9182);
#9182 = DEFINITIONAL_REPRESENTATION('',(#9183),#9187);
#9183 = B_SPLINE_CURVE_WITH_KNOTS('',2,(#9184,#9185,#9186),
  .UNSPECIFIED.,.F.,.F.,(3,3),(2.815767342907,2.829674655594),
  .PIECEWISE_BEZIER_KNOTS.);
#9184 = CARTESIAN_POINT('',(2.799731003483,3.459590492237E-18));
#9185 = CARTESIAN_POINT('',(2.806684142696,1.765050589449E-18));
#9186 = CARTESIAN_POINT('',(2.813660294677,3.479198626567E-18));
#9187 = ( GEOMETRIC_REPRESENTATION_CONTEXT(2) 
PARAMETRIC_REPRESENTATION_CONTEXT() REPRESENTATION_CONTEXT('2D SPACE',''
  ) );
#9188 = PCURVE('',#7289,#9189);
#9189 = DEFINITIONAL_REPRESENTATION('',(#9190),#9194);
#9190 = ( BOUNDED_CURVE() B_SPLINE_CURVE(2,(#9191,#9192,#9193),
.UNSPECIFIED.,.F.,.F.) B_SPLINE_CURVE_WITH_KNOTS((3,3),(2.815767342907,
2.829674655594),.PIECEWISE_BEZIER_KNOTS.) CURVE() 
GEOMETRIC_REPRESENTATION_ITEM() RATIONAL_B_SPLINE_CURVE((1.,
0.999975823429,1.)) REPRESENTATION_ITEM('') );
#9191 = CARTESIAN_POINT('',(2.205706121798E-02,-7.452353616551E-03));
#9192 = CARTESIAN_POINT('',(2.210888315924E-02,-7.298973920746E-03));
#9193 = CARTESIAN_POINT('',(2.215856705842E-02,-7.144888376833E-03));
#9194 = ( GEOMETRIC_REPRESENTATION_CONTEXT(2) 
PARAMETRIC_REPRESENTATION_CONTEXT() REPRESENTATION_CONTEXT('2D SPACE',''
  ) );
#9195 = ORIENTED_EDGE('',*,*,#9196,.F.);
#9196 = EDGE_CURVE('',#9197,#9174,#9199,.T.);
#9197 = VERTEX_POINT('',#9198);
#9198 = CARTESIAN_POINT('',(18.866157661322,-13.64256644103,
    19.200817483812));
#9199 = SURFACE_CURVE('',#9200,(#9204,#9212),.PCURVE_S1.);
#9200 = ( BOUNDED_CURVE() B_SPLINE_CURVE(2,(#9201,#9202,#9203),
.UNSPECIFIED.,.F.,.F.) B_SPLINE_CURVE_WITH_KNOTS((3,3),(3.143833920953,
3.444085873625),.PIECEWISE_BEZIER_KNOTS.) CURVE() 
GEOMETRIC_REPRESENTATION_ITEM() RATIONAL_B_SPLINE_CURVE((1.,
0.988752244422,1.)) REPRESENTATION_ITEM('') );
#9201 = CARTESIAN_POINT('',(18.866157661322,-13.64256644103,
    19.200817483812));
#9202 = CARTESIAN_POINT('',(20.929787846213,-10.78879456526,
    19.200817483812));
#9203 = CARTESIAN_POINT('',(22.057061217984,-7.452353616551,
    19.200817483812));
#9204 = PCURVE('',#8164,#9205);
#9205 = DEFINITIONAL_REPRESENTATION('',(#9206),#9211);
#9206 = B_SPLINE_CURVE_WITH_KNOTS('',3,(#9207,#9208,#9209,#9210),
  .UNSPECIFIED.,.F.,.F.,(4,4),(3.143833920953,3.444085873625),
  .PIECEWISE_BEZIER_KNOTS.);
#9207 = CARTESIAN_POINT('',(2.507560489242,3.472004730334E-18));
#9208 = CARTESIAN_POINT('',(2.602692703648,-6.753840766638E-19));
#9209 = CARTESIAN_POINT('',(2.70002927468,6.509407591145E-18));
#9210 = CARTESIAN_POINT('',(2.799731003483,-9.856459716745E-21));
#9211 = ( GEOMETRIC_REPRESENTATION_CONTEXT(2) 
PARAMETRIC_REPRESENTATION_CONTEXT() REPRESENTATION_CONTEXT('2D SPACE',''
  ) );
#9212 = PCURVE('',#7318,#9213);
#9213 = DEFINITIONAL_REPRESENTATION('',(#9214),#9218);
#9214 = ( BOUNDED_CURVE() B_SPLINE_CURVE(2,(#9215,#9216,#9217),
.UNSPECIFIED.,.F.,.F.) B_SPLINE_CURVE_WITH_KNOTS((3,3),(3.143833920953,
3.444085873625),.PIECEWISE_BEZIER_KNOTS.) CURVE() 
GEOMETRIC_REPRESENTATION_ITEM() RATIONAL_B_SPLINE_CURVE((1.,
0.988752244422,1.)) REPRESENTATION_ITEM('') );
#9215 = CARTESIAN_POINT('',(8.104356413425E-03,-4.767417324302E-03));
#9216 = CARTESIAN_POINT('',(8.11224954573E-03,-1.245695989867E-03));
#9217 = CARTESIAN_POINT('',(9.161377015459E-03,2.116136101598E-03));
#9218 = ( GEOMETRIC_REPRESENTATION_CONTEXT(2) 
PARAMETRIC_REPRESENTATION_CONTEXT() REPRESENTATION_CONTEXT('2D SPACE',''
  ) );
#9219 = ORIENTED_EDGE('',*,*,#9220,.F.);
#9220 = EDGE_CURVE('',#9221,#9197,#9223,.T.);
#9221 = VERTEX_POINT('',#9222);
#9222 = CARTESIAN_POINT('',(18.674607886078,-13.90361623108,
    19.200817483812));
#9223 = SURFACE_CURVE('',#9224,(#9228,#9235),.PCURVE_S1.);
#9224 = ( BOUNDED_CURVE() B_SPLINE_CURVE(2,(#9225,#9226,#9227),
.UNSPECIFIED.,.F.,.F.) B_SPLINE_CURVE_WITH_KNOTS((3,3),(2.501608077548,
2.515515390235),.PIECEWISE_BEZIER_KNOTS.) CURVE() 
GEOMETRIC_REPRESENTATION_ITEM() RATIONAL_B_SPLINE_CURVE((1.,
0.999975823429,1.)) REPRESENTATION_ITEM('') );
#9225 = CARTESIAN_POINT('',(18.674607886078,-13.90361623108,
    19.200817483812));
#9226 = CARTESIAN_POINT('',(18.771290413594,-13.77375733244,
    19.200817483812));
#9227 = CARTESIAN_POINT('',(18.866157661322,-13.64256644103,
    19.200817483812));
#9228 = PCURVE('',#8164,#9229);
#9229 = DEFINITIONAL_REPRESENTATION('',(#9230),#9234);
#9230 = B_SPLINE_CURVE_WITH_KNOTS('',2,(#9231,#9232,#9233),
  .UNSPECIFIED.,.F.,.F.,(3,3),(2.501608077548,2.515515390235),
  .PIECEWISE_BEZIER_KNOTS.);
#9231 = CARTESIAN_POINT('',(2.494298653825,3.469446951954E-18));
#9232 = CARTESIAN_POINT('',(2.500926051947,-3.836749507655E-19));
#9233 = CARTESIAN_POINT('',(2.507560489242,2.555046118076E-21));
#9234 = ( GEOMETRIC_REPRESENTATION_CONTEXT(2) 
PARAMETRIC_REPRESENTATION_CONTEXT() REPRESENTATION_CONTEXT('2D SPACE',''
  ) );
#9235 = PCURVE('',#7346,#9236);
#9236 = DEFINITIONAL_REPRESENTATION('',(#9237),#9241);
#9237 = ( BOUNDED_CURVE() B_SPLINE_CURVE(2,(#9238,#9239,#9240),
.UNSPECIFIED.,.F.,.F.) B_SPLINE_CURVE_WITH_KNOTS((3,3),(2.501608077548,
2.515515390235),.PIECEWISE_BEZIER_KNOTS.) CURVE() 
GEOMETRIC_REPRESENTATION_ITEM() RATIONAL_B_SPLINE_CURVE((1.,
0.999975823429,1.)) REPRESENTATION_ITEM('') );
#9238 = CARTESIAN_POINT('',(1.867460788608E-02,-1.390361623108E-02));
#9239 = CARTESIAN_POINT('',(1.877129041359E-02,-1.377375733245E-02));
#9240 = CARTESIAN_POINT('',(1.886615766132E-02,-1.364256644104E-02));
#9241 = ( GEOMETRIC_REPRESENTATION_CONTEXT(2) 
PARAMETRIC_REPRESENTATION_CONTEXT() REPRESENTATION_CONTEXT('2D SPACE',''
  ) );
#9242 = ORIENTED_EDGE('',*,*,#9243,.F.);
#9243 = EDGE_CURVE('',#9244,#9221,#9246,.T.);
#9244 = VERTEX_POINT('',#9245);
#9245 = CARTESIAN_POINT('',(13.726997304082,-18.80481504864,
    19.200817483812));
#9246 = SURFACE_CURVE('',#9247,(#9251,#9258),.PCURVE_S1.);
#9247 = ( BOUNDED_CURVE() B_SPLINE_CURVE(2,(#9248,#9249,#9250),
.UNSPECIFIED.,.F.,.F.) B_SPLINE_CURVE_WITH_KNOTS((3,3),(3.143833920953,
3.444085873625),.PIECEWISE_BEZIER_KNOTS.) CURVE() 
GEOMETRIC_REPRESENTATION_ITEM() RATIONAL_B_SPLINE_CURVE((1.,
0.988752244422,1.)) REPRESENTATION_ITEM('') );
#9248 = CARTESIAN_POINT('',(13.726997304082,-18.80481504864,
    19.200817483812));
#9249 = CARTESIAN_POINT('',(16.571490246329,-16.7284135074,
    19.200817483812));
#9250 = CARTESIAN_POINT('',(18.674607886078,-13.90361623108,
    19.200817483812));
#9251 = PCURVE('',#8164,#9252);
#9252 = DEFINITIONAL_REPRESENTATION('',(#9253),#9257);
#9253 = B_SPLINE_CURVE_WITH_KNOTS('',2,(#9254,#9255,#9256),
  .UNSPECIFIED.,.F.,.F.,(3,3),(3.143833920953,3.444085873625),
  .PIECEWISE_BEZIER_KNOTS.);
#9254 = CARTESIAN_POINT('',(2.209104524893,-2.521150431236E-24));
#9255 = CARTESIAN_POINT('',(2.351752124691,6.836562974626E-18));
#9256 = CARTESIAN_POINT('',(2.494298653825,3.469449062052E-18));
#9257 = ( GEOMETRIC_REPRESENTATION_CONTEXT(2) 
PARAMETRIC_REPRESENTATION_CONTEXT() REPRESENTATION_CONTEXT('2D SPACE',''
  ) );
#9258 = PCURVE('',#7374,#9259);
#9259 = DEFINITIONAL_REPRESENTATION('',(#9260),#9264);
#9260 = ( BOUNDED_CURVE() B_SPLINE_CURVE(2,(#9261,#9262,#9263),
.UNSPECIFIED.,.F.,.F.) B_SPLINE_CURVE_WITH_KNOTS((3,3),(3.143833920953,
3.444085873625),.PIECEWISE_BEZIER_KNOTS.) CURVE() 
GEOMETRIC_REPRESENTATION_ITEM() RATIONAL_B_SPLINE_CURVE((1.,
0.988752244422,1.)) REPRESENTATION_ITEM('') );
#9261 = CARTESIAN_POINT('',(8.104356413425E-03,-4.767417324302E-03));
#9262 = CARTESIAN_POINT('',(8.11224954573E-03,-1.245695989867E-03));
#9263 = CARTESIAN_POINT('',(9.161377015459E-03,2.116136101598E-03));
#9264 = ( GEOMETRIC_REPRESENTATION_CONTEXT(2) 
PARAMETRIC_REPRESENTATION_CONTEXT() REPRESENTATION_CONTEXT('2D SPACE',''
  ) );
#9265 = ORIENTED_EDGE('',*,*,#9266,.F.);
#9266 = EDGE_CURVE('',#9267,#9244,#9269,.T.);
#9267 = VERTEX_POINT('',#9268);
#9268 = CARTESIAN_POINT('',(13.46415382064,-18.99389601672,
    19.200817483812));
#9269 = SURFACE_CURVE('',#9270,(#9274,#9281),.PCURVE_S1.);
#9270 = ( BOUNDED_CURVE() B_SPLINE_CURVE(2,(#9271,#9272,#9273),
.UNSPECIFIED.,.F.,.F.) B_SPLINE_CURVE_WITH_KNOTS((3,3),(2.187448812189,
2.201356124876),.PIECEWISE_BEZIER_KNOTS.) CURVE() 
GEOMETRIC_REPRESENTATION_ITEM() RATIONAL_B_SPLINE_CURVE((1.,
0.999975823429,1.)) REPRESENTATION_ITEM('') );
#9271 = CARTESIAN_POINT('',(13.46415382064,-18.99389601672,
    19.200817483812));
#9272 = CARTESIAN_POINT('',(13.596232974994,-18.90026940904,
    19.200817483812));
#9273 = CARTESIAN_POINT('',(13.726997304082,-18.80481504864,
    19.200817483812));
#9274 = PCURVE('',#8164,#9275);
#9275 = DEFINITIONAL_REPRESENTATION('',(#9276),#9280);
#9276 = B_SPLINE_CURVE_WITH_KNOTS('',2,(#9277,#9278,#9279),
  .UNSPECIFIED.,.F.,.F.,(3,3),(2.187448812189,2.201356124876),
  .PIECEWISE_BEZIER_KNOTS.);
#9277 = CARTESIAN_POINT('',(2.195832848775,3.469443742543E-18));
#9278 = CARTESIAN_POINT('',(2.202472427825,-2.242942946723E-18));
#9279 = CARTESIAN_POINT('',(2.209104524893,-2.521150431236E-24));
#9280 = ( GEOMETRIC_REPRESENTATION_CONTEXT(2) 
PARAMETRIC_REPRESENTATION_CONTEXT() REPRESENTATION_CONTEXT('2D SPACE',''
  ) );
#9281 = PCURVE('',#7402,#9282);
#9282 = DEFINITIONAL_REPRESENTATION('',(#9283),#9287);
#9283 = ( BOUNDED_CURVE() B_SPLINE_CURVE(2,(#9284,#9285,#9286),
.UNSPECIFIED.,.F.,.F.) B_SPLINE_CURVE_WITH_KNOTS((3,3),(2.187448812189,
2.201356124876),.PIECEWISE_BEZIER_KNOTS.) CURVE() 
GEOMETRIC_REPRESENTATION_ITEM() RATIONAL_B_SPLINE_CURVE((1.,
0.999975823429,1.)) REPRESENTATION_ITEM('') );
#9284 = CARTESIAN_POINT('',(1.346415382064E-02,-1.899389601672E-02));
#9285 = CARTESIAN_POINT('',(1.359623297499E-02,-1.890026940904E-02));
#9286 = CARTESIAN_POINT('',(1.372699730408E-02,-1.880481504864E-02));
#9287 = ( GEOMETRIC_REPRESENTATION_CONTEXT(2) 
PARAMETRIC_REPRESENTATION_CONTEXT() REPRESENTATION_CONTEXT('2D SPACE',''
  ) );
#9288 = ORIENTED_EDGE('',*,*,#9289,.F.);
#9289 = EDGE_CURVE('',#9290,#9267,#9292,.T.);
#9290 = VERTEX_POINT('',#9291);
#9291 = CARTESIAN_POINT('',(7.244142809105,-22.12631733843,
    19.200817483812));
#9292 = SURFACE_CURVE('',#9293,(#9297,#9305),.PCURVE_S1.);
#9293 = ( BOUNDED_CURVE() B_SPLINE_CURVE(2,(#9294,#9295,#9296),
.UNSPECIFIED.,.F.,.F.) B_SPLINE_CURVE_WITH_KNOTS((3,3),(3.143833920953,
3.444085873625),.PIECEWISE_BEZIER_KNOTS.) CURVE() 
GEOMETRIC_REPRESENTATION_ITEM() RATIONAL_B_SPLINE_CURVE((1.,
0.988752244422,1.)) REPRESENTATION_ITEM('') );
#9294 = CARTESIAN_POINT('',(7.244142809105,-22.12631733843,
    19.200817483812));
#9295 = CARTESIAN_POINT('',(10.591059720773,-21.03053878173,
    19.200817483812));
#9296 = CARTESIAN_POINT('',(13.46415382064,-18.99389601672,
    19.200817483812));
#9297 = PCURVE('',#8164,#9298);
#9298 = DEFINITIONAL_REPRESENTATION('',(#9299),#9304);
#9299 = B_SPLINE_CURVE_WITH_KNOTS('',3,(#9300,#9301,#9302,#9303),
  .UNSPECIFIED.,.F.,.F.,(4,4),(3.143833920953,3.444085873625),
  .PIECEWISE_BEZIER_KNOTS.);
#9300 = CARTESIAN_POINT('',(1.903223341263,3.489163515743E-18));
#9301 = CARTESIAN_POINT('',(2.003147435038,-3.206011263695E-18));
#9302 = CARTESIAN_POINT('',(2.100626879776,-3.210961365507E-18));
#9303 = CARTESIAN_POINT('',(2.195832848775,3.466749950512E-18));
#9304 = ( GEOMETRIC_REPRESENTATION_CONTEXT(2) 
PARAMETRIC_REPRESENTATION_CONTEXT() REPRESENTATION_CONTEXT('2D SPACE',''
  ) );
#9305 = PCURVE('',#7431,#9306);
#9306 = DEFINITIONAL_REPRESENTATION('',(#9307),#9311);
#9307 = ( BOUNDED_CURVE() B_SPLINE_CURVE(2,(#9308,#9309,#9310),
.UNSPECIFIED.,.F.,.F.) B_SPLINE_CURVE_WITH_KNOTS((3,3),(3.143833920953,
3.444085873625),.PIECEWISE_BEZIER_KNOTS.) CURVE() 
GEOMETRIC_REPRESENTATION_ITEM() RATIONAL_B_SPLINE_CURVE((1.,
0.988752244422,1.)) REPRESENTATION_ITEM('') );
#9308 = CARTESIAN_POINT('',(8.104356413425E-03,-4.767417324302E-03));
#9309 = CARTESIAN_POINT('',(8.11224954573E-03,-1.245695989867E-03));
#9310 = CARTESIAN_POINT('',(9.161377015459E-03,2.116136101598E-03));
#9311 = ( GEOMETRIC_REPRESENTATION_CONTEXT(2) 
PARAMETRIC_REPRESENTATION_CONTEXT() REPRESENTATION_CONTEXT('2D SPACE',''
  ) );
#9312 = ORIENTED_EDGE('',*,*,#9313,.F.);
#9313 = EDGE_CURVE('',#9314,#9290,#9316,.T.);
#9314 = VERTEX_POINT('',#9315);
#9315 = CARTESIAN_POINT('',(6.935734568961,-22.22492092199,
    19.200817483812));
#9316 = SURFACE_CURVE('',#9317,(#9321,#9328),.PCURVE_S1.);
#9317 = ( BOUNDED_CURVE() B_SPLINE_CURVE(2,(#9318,#9319,#9320),
.UNSPECIFIED.,.F.,.F.) B_SPLINE_CURVE_WITH_KNOTS((3,3),(1.87328954683,
1.887196859517),.PIECEWISE_BEZIER_KNOTS.) CURVE() 
GEOMETRIC_REPRESENTATION_ITEM() RATIONAL_B_SPLINE_CURVE((1.,
0.999975823429,1.)) REPRESENTATION_ITEM('') );
#9318 = CARTESIAN_POINT('',(6.935734568961,-22.22492092199,
    19.200817483812));
#9319 = CARTESIAN_POINT('',(7.090281522276,-22.17669142995,
    19.200817483812));
#9320 = CARTESIAN_POINT('',(7.244142809105,-22.12631733843,
    19.200817483812));
#9321 = PCURVE('',#8164,#9322);
#9322 = DEFINITIONAL_REPRESENTATION('',(#9323),#9327);
#9323 = B_SPLINE_CURVE_WITH_KNOTS('',2,(#9324,#9325,#9326),
  .UNSPECIFIED.,.F.,.F.,(3,3),(1.87328954683,1.887196859517),
  .PIECEWISE_BEZIER_KNOTS.);
#9324 = CARTESIAN_POINT('',(1.889262496264,3.469506813369E-18));
#9325 = CARTESIAN_POINT('',(1.896254693135,2.864304285931E-18));
#9326 = CARTESIAN_POINT('',(1.903223341263,3.489163519802E-18));
#9327 = ( GEOMETRIC_REPRESENTATION_CONTEXT(2) 
PARAMETRIC_REPRESENTATION_CONTEXT() REPRESENTATION_CONTEXT('2D SPACE',''
  ) );
#9328 = PCURVE('',#7459,#9329);
#9329 = DEFINITIONAL_REPRESENTATION('',(#9330),#9334);
#9330 = ( BOUNDED_CURVE() B_SPLINE_CURVE(2,(#9331,#9332,#9333),
.UNSPECIFIED.,.F.,.F.) B_SPLINE_CURVE_WITH_KNOTS((3,3),(1.87328954683,
1.887196859517),.PIECEWISE_BEZIER_KNOTS.) CURVE() 
GEOMETRIC_REPRESENTATION_ITEM() RATIONAL_B_SPLINE_CURVE((1.,
0.999975823429,1.)) REPRESENTATION_ITEM('') );
#9331 = CARTESIAN_POINT('',(6.935734568961E-03,-2.222492092199E-02));
#9332 = CARTESIAN_POINT('',(7.090281522276E-03,-2.217669142996E-02));
#9333 = CARTESIAN_POINT('',(7.244142809105E-03,-2.212631733844E-02));
#9334 = ( GEOMETRIC_REPRESENTATION_CONTEXT(2) 
PARAMETRIC_REPRESENTATION_CONTEXT() REPRESENTATION_CONTEXT('2D SPACE',''
  ) );
#9335 = ORIENTED_EDGE('',*,*,#9336,.F.);
#9336 = EDGE_CURVE('',#9337,#9314,#9339,.T.);
#9337 = VERTEX_POINT('',#9338);
#9338 = CARTESIAN_POINT('',(5.218114306116E-02,-23.28194152402,
    19.200817483812));
#9339 = SURFACE_CURVE('',#9340,(#9344,#9352),.PCURVE_S1.);
#9340 = ( BOUNDED_CURVE() B_SPLINE_CURVE(2,(#9341,#9342,#9343),
.UNSPECIFIED.,.F.,.F.) B_SPLINE_CURVE_WITH_KNOTS((3,3),(3.143833920953,
3.444085873625),.PIECEWISE_BEZIER_KNOTS.) CURVE() 
GEOMETRIC_REPRESENTATION_ITEM() RATIONAL_B_SPLINE_CURVE((1.,
0.988752244422,1.)) REPRESENTATION_ITEM('') );
#9341 = CARTESIAN_POINT('',(5.218114306117E-02,-23.28194152402,
    19.200817483812));
#9342 = CARTESIAN_POINT('',(3.573902477496,-23.27404839172,
    19.200817483812));
#9343 = CARTESIAN_POINT('',(6.935734568961,-22.22492092199,
    19.200817483812));
#9344 = PCURVE('',#8164,#9345);
#9345 = DEFINITIONAL_REPRESENTATION('',(#9346),#9351);
#9346 = B_SPLINE_CURVE_WITH_KNOTS('',3,(#9347,#9348,#9349,#9350),
  .UNSPECIFIED.,.F.,.F.,(4,4),(3.143833920953,3.444085873625),
  .PIECEWISE_BEZIER_KNOTS.);
#9347 = CARTESIAN_POINT('',(1.57328459496,3.469446951954E-18));
#9348 = CARTESIAN_POINT('',(1.683927640472,-1.668614290041E-18));
#9349 = CARTESIAN_POINT('',(1.788997934394,-3.216710919909E-18));
#9350 = CARTESIAN_POINT('',(1.889262496264,3.469506811212E-18));
#9351 = ( GEOMETRIC_REPRESENTATION_CONTEXT(2) 
PARAMETRIC_REPRESENTATION_CONTEXT() REPRESENTATION_CONTEXT('2D SPACE',''
  ) );
#9352 = PCURVE('',#7486,#9353);
#9353 = DEFINITIONAL_REPRESENTATION('',(#9354),#9358);
#9354 = ( BOUNDED_CURVE() B_SPLINE_CURVE(2,(#9355,#9356,#9357),
.UNSPECIFIED.,.F.,.F.) B_SPLINE_CURVE_WITH_KNOTS((3,3),(3.143833920953,
3.444085873625),.PIECEWISE_BEZIER_KNOTS.) CURVE() 
GEOMETRIC_REPRESENTATION_ITEM() RATIONAL_B_SPLINE_CURVE((1.,
0.988752244422,1.)) REPRESENTATION_ITEM('') );
#9355 = CARTESIAN_POINT('',(8.104356413425E-03,-4.767417324302E-03));
#9356 = CARTESIAN_POINT('',(8.11224954573E-03,-1.245695989867E-03));
#9357 = CARTESIAN_POINT('',(9.161377015459E-03,2.116136101598E-03));
#9358 = ( GEOMETRIC_REPRESENTATION_CONTEXT(2) 
PARAMETRIC_REPRESENTATION_CONTEXT() REPRESENTATION_CONTEXT('2D SPACE',''
  ) );
#9359 = ORIENTED_EDGE('',*,*,#9360,.F.);
#9360 = EDGE_CURVE('',#8824,#9337,#9361,.T.);
#9361 = SURFACE_CURVE('',#9362,(#9366,#9373),.PCURVE_S1.);
#9362 = ( BOUNDED_CURVE() B_SPLINE_CURVE(2,(#9363,#9364,#9365),
.UNSPECIFIED.,.F.,.F.) B_SPLINE_CURVE_WITH_KNOTS((3,3),(1.570796326795,
1.573037594158),.PIECEWISE_BEZIER_KNOTS.) CURVE() 
GEOMETRIC_REPRESENTATION_ITEM() RATIONAL_B_SPLINE_CURVE((1.,
0.99999937209,1.)) REPRESENTATION_ITEM('') );
#9363 = CARTESIAN_POINT('',(-1.425611338887E-15,-23.282,19.200817483812)
  );
#9364 = CARTESIAN_POINT('',(2.609060429566E-02,-23.282,19.200817483812)
  );
#9365 = CARTESIAN_POINT('',(5.218114306116E-02,-23.28194152402,
    19.200817483812));
#9366 = PCURVE('',#8164,#9367);
#9367 = DEFINITIONAL_REPRESENTATION('',(#9368),#9372);
#9368 = B_SPLINE_CURVE_WITH_KNOTS('',2,(#9369,#9370,#9371),
  .UNSPECIFIED.,.F.,.F.,(3,3),(1.570796326795,1.573037594158),
  .PIECEWISE_BEZIER_KNOTS.);
#9369 = CARTESIAN_POINT('',(1.570796326795,0.));
#9370 = CARTESIAN_POINT('',(1.572041037467,2.668603409817E-18));
#9371 = CARTESIAN_POINT('',(1.57328459496,3.469446951954E-18));
#9372 = ( GEOMETRIC_REPRESENTATION_CONTEXT(2) 
PARAMETRIC_REPRESENTATION_CONTEXT() REPRESENTATION_CONTEXT('2D SPACE',''
  ) );
#9373 = PCURVE('',#7871,#9374);
#9374 = DEFINITIONAL_REPRESENTATION('',(#9375),#9379);
#9375 = ( BOUNDED_CURVE() B_SPLINE_CURVE(2,(#9376,#9377,#9378),
.UNSPECIFIED.,.F.,.F.) B_SPLINE_CURVE_WITH_KNOTS((3,3),(1.570796326795,
1.573037594158),.PIECEWISE_BEZIER_KNOTS.) CURVE() 
GEOMETRIC_REPRESENTATION_ITEM() RATIONAL_B_SPLINE_CURVE((1.,
0.99999937209,1.)) REPRESENTATION_ITEM('') );
#9376 = CARTESIAN_POINT('',(-1.203178375266E-18,-2.3282E-02));
#9377 = CARTESIAN_POINT('',(2.609060429566E-05,-2.3282E-02));
#9378 = CARTESIAN_POINT('',(5.218114306116E-05,-2.328194152403E-02));
#9379 = ( GEOMETRIC_REPRESENTATION_CONTEXT(2) 
PARAMETRIC_REPRESENTATION_CONTEXT() REPRESENTATION_CONTEXT('2D SPACE',''
  ) );
#9380 = ADVANCED_FACE('',(#9381),#7148,.F.);
#9381 = FACE_BOUND('',#9382,.F.);
#9382 = EDGE_LOOP('',(#9383,#9401,#9402,#9420));
#9383 = ORIENTED_EDGE('',*,*,#9384,.F.);
#9384 = EDGE_CURVE('',#6784,#8441,#9385,.T.);
#9385 = SURFACE_CURVE('',#9386,(#9389,#9395),.PCURVE_S1.);
#9386 = B_SPLINE_CURVE_WITH_KNOTS('',1,(#9387,#9388),.UNSPECIFIED.,.F.,
  .F.,(2,2),(0.,1.595314381586E-02),.PIECEWISE_BEZIER_KNOTS.);
#9387 = CARTESIAN_POINT('',(39.235,1.425611338887E-15,19.200817483812));
#9388 = CARTESIAN_POINT('',(23.281941524029,5.218114306116E-02,
    19.200817483812));
#9389 = PCURVE('',#7148,#9390);
#9390 = DEFINITIONAL_REPRESENTATION('',(#9391),#9394);
#9391 = B_SPLINE_CURVE_WITH_KNOTS('',1,(#9392,#9393),.UNSPECIFIED.,.F.,
  .F.,(2,2),(0.,1.595314381586E-02),.PIECEWISE_BEZIER_KNOTS.);
#9392 = CARTESIAN_POINT('',(3.9235E-02,2.515547431559E-18));
#9393 = CARTESIAN_POINT('',(2.328194152403E-02,5.218114306117E-05));
#9394 = ( GEOMETRIC_REPRESENTATION_CONTEXT(2) 
PARAMETRIC_REPRESENTATION_CONTEXT() REPRESENTATION_CONTEXT('2D SPACE',''
  ) );
#9395 = PCURVE('',#7232,#9396);
#9396 = DEFINITIONAL_REPRESENTATION('',(#9397),#9400);
#9397 = B_SPLINE_CURVE_WITH_KNOTS('',1,(#9398,#9399),.UNSPECIFIED.,.F.,
  .F.,(2,2),(0.,1.595314381586E-02),.PIECEWISE_BEZIER_KNOTS.);
#9398 = CARTESIAN_POINT('',(3.9235E-02,2.515547431559E-18));
#9399 = CARTESIAN_POINT('',(2.328194152403E-02,5.218114306117E-05));
#9400 = ( GEOMETRIC_REPRESENTATION_CONTEXT(2) 
PARAMETRIC_REPRESENTATION_CONTEXT() REPRESENTATION_CONTEXT('2D SPACE',''
  ) );
#9401 = ORIENTED_EDGE('',*,*,#7133,.T.);
#9402 = ORIENTED_EDGE('',*,*,#9403,.F.);
#9403 = EDGE_CURVE('',#8418,#7106,#9404,.T.);
#9404 = SURFACE_CURVE('',#9405,(#9408,#9414),.PCURVE_S1.);
#9405 = B_SPLINE_CURVE_WITH_KNOTS('',1,(#9406,#9407),.UNSPECIFIED.,.F.,
  .F.,(2,2),(0.,1.595314381586E-02),.PIECEWISE_BEZIER_KNOTS.);
#9406 = CARTESIAN_POINT('',(22.224920921995,6.935734568961,
    19.200817483812));
#9407 = CARTESIAN_POINT('',(37.427312135012,11.772065721376,
    19.200817483812));
#9408 = PCURVE('',#7148,#9409);
#9409 = DEFINITIONAL_REPRESENTATION('',(#9410),#9413);
#9410 = B_SPLINE_CURVE_WITH_KNOTS('',1,(#9411,#9412),.UNSPECIFIED.,.F.,
  .F.,(2,2),(0.,1.595314381586E-02),.PIECEWISE_BEZIER_KNOTS.);
#9411 = CARTESIAN_POINT('',(2.222492092199E-02,6.935734568961E-03));
#9412 = CARTESIAN_POINT('',(3.742731213501E-02,1.177206572138E-02));
#9413 = ( GEOMETRIC_REPRESENTATION_CONTEXT(2) 
PARAMETRIC_REPRESENTATION_CONTEXT() REPRESENTATION_CONTEXT('2D SPACE',''
  ) );
#9414 = PCURVE('',#7121,#9415);
#9415 = DEFINITIONAL_REPRESENTATION('',(#9416),#9419);
#9416 = B_SPLINE_CURVE_WITH_KNOTS('',1,(#9417,#9418),.UNSPECIFIED.,.F.,
  .F.,(2,2),(0.,1.595314381586E-02),.PIECEWISE_BEZIER_KNOTS.);
#9417 = CARTESIAN_POINT('',(2.222492092199E-02,6.935734568961E-03));
#9418 = CARTESIAN_POINT('',(3.742731213501E-02,1.177206572138E-02));
#9419 = ( GEOMETRIC_REPRESENTATION_CONTEXT(2) 
PARAMETRIC_REPRESENTATION_CONTEXT() REPRESENTATION_CONTEXT('2D SPACE',''
  ) );
#9420 = ORIENTED_EDGE('',*,*,#8440,.F.);
#9421 = ADVANCED_FACE('',(#9422),#7232,.F.);
#9422 = FACE_BOUND('',#9423,.F.);
#9423 = EDGE_LOOP('',(#9424,#9425,#9426,#9427,#9428));
#9424 = ORIENTED_EDGE('',*,*,#7216,.T.);
#9425 = ORIENTED_EDGE('',*,*,#9384,.T.);
#9426 = ORIENTED_EDGE('',*,*,#8464,.F.);
#9427 = ORIENTED_EDGE('',*,*,#9126,.F.);
#9428 = ORIENTED_EDGE('',*,*,#9429,.T.);
#9429 = EDGE_CURVE('',#9127,#7217,#9430,.T.);
#9430 = SURFACE_CURVE('',#9431,(#9434,#9440),.PCURVE_S1.);
#9431 = B_SPLINE_CURVE_WITH_KNOTS('',1,(#9432,#9433),.UNSPECIFIED.,.F.,
  .F.,(2,2),(0.,1.595314381586E-02),.PIECEWISE_BEZIER_KNOTS.);
#9432 = CARTESIAN_POINT('',(23.28041571729,-0.271602706431,
    19.200817483812));
#9433 = CARTESIAN_POINT('',(39.23325746022,-0.369775688924,
    19.200817483812));
#9434 = PCURVE('',#7232,#9435);
#9435 = DEFINITIONAL_REPRESENTATION('',(#9436),#9439);
#9436 = B_SPLINE_CURVE_WITH_KNOTS('',1,(#9437,#9438),.UNSPECIFIED.,.F.,
  .F.,(2,2),(0.,1.595314381586E-02),.PIECEWISE_BEZIER_KNOTS.);
#9437 = CARTESIAN_POINT('',(2.328041571729E-02,-2.716027064313E-04));
#9438 = CARTESIAN_POINT('',(3.923325746022E-02,-3.697756889244E-04));
#9439 = ( GEOMETRIC_REPRESENTATION_CONTEXT(2) 
PARAMETRIC_REPRESENTATION_CONTEXT() REPRESENTATION_CONTEXT('2D SPACE',''
  ) );
#9440 = PCURVE('',#7261,#9441);
#9441 = DEFINITIONAL_REPRESENTATION('',(#9442),#9445);
#9442 = B_SPLINE_CURVE_WITH_KNOTS('',1,(#9443,#9444),.UNSPECIFIED.,.F.,
  .F.,(2,2),(0.,1.595314381586E-02),.PIECEWISE_BEZIER_KNOTS.);
#9443 = CARTESIAN_POINT('',(9.161377015459E-03,2.116136101598E-03));
#9444 = CARTESIAN_POINT('',(-6.041014197558E-03,6.952467254013E-03));
#9445 = ( GEOMETRIC_REPRESENTATION_CONTEXT(2) 
PARAMETRIC_REPRESENTATION_CONTEXT() REPRESENTATION_CONTEXT('2D SPACE',''
  ) );
#9446 = ADVANCED_FACE('',(#9447),#7121,.F.);
#9447 = FACE_BOUND('',#9448,.F.);
#9448 = EDGE_LOOP('',(#9449,#9450,#9451,#9469));
#9449 = ORIENTED_EDGE('',*,*,#9403,.T.);
#9450 = ORIENTED_EDGE('',*,*,#7105,.T.);
#9451 = ORIENTED_EDGE('',*,*,#9452,.T.);
#9452 = EDGE_CURVE('',#7077,#8394,#9453,.T.);
#9453 = SURFACE_CURVE('',#9454,(#9457,#9463),.PCURVE_S1.);
#9454 = B_SPLINE_CURVE_WITH_KNOTS('',1,(#9455,#9456),.UNSPECIFIED.,.F.,
  .F.,(2,2),(0.,1.595314381586E-02),.PIECEWISE_BEZIER_KNOTS.);
#9455 = CARTESIAN_POINT('',(37.31470241684,12.124281774301,
    19.200817483812));
#9456 = CARTESIAN_POINT('',(22.126317338439,7.244142809105,
    19.200817483812));
#9457 = PCURVE('',#7121,#9458);
#9458 = DEFINITIONAL_REPRESENTATION('',(#9459),#9462);
#9459 = B_SPLINE_CURVE_WITH_KNOTS('',1,(#9460,#9461),.UNSPECIFIED.,.F.,
  .F.,(2,2),(0.,1.595314381586E-02),.PIECEWISE_BEZIER_KNOTS.);
#9460 = CARTESIAN_POINT('',(3.731470241684E-02,1.21242817743E-02));
#9461 = CARTESIAN_POINT('',(2.212631733844E-02,7.244142809105E-03));
#9462 = ( GEOMETRIC_REPRESENTATION_CONTEXT(2) 
PARAMETRIC_REPRESENTATION_CONTEXT() REPRESENTATION_CONTEXT('2D SPACE',''
  ) );
#9463 = PCURVE('',#7093,#9464);
#9464 = DEFINITIONAL_REPRESENTATION('',(#9465),#9468);
#9465 = B_SPLINE_CURVE_WITH_KNOTS('',1,(#9466,#9467),.UNSPECIFIED.,.F.,
  .F.,(2,2),(0.,1.595314381586E-02),.PIECEWISE_BEZIER_KNOTS.);
#9466 = CARTESIAN_POINT('',(-7.848702062546E-03,-4.819598467363E-03));
#9467 = CARTESIAN_POINT('',(8.104356413425E-03,-4.767417324302E-03));
#9468 = ( GEOMETRIC_REPRESENTATION_CONTEXT(2) 
PARAMETRIC_REPRESENTATION_CONTEXT() REPRESENTATION_CONTEXT('2D SPACE',''
  ) );
#9469 = ORIENTED_EDGE('',*,*,#8417,.F.);
#9470 = ADVANCED_FACE('',(#9471),#7261,.T.);
#9471 = FACE_BOUND('',#9472,.T.);
#9472 = EDGE_LOOP('',(#9473,#9474,#9475,#9493));
#9473 = ORIENTED_EDGE('',*,*,#9429,.T.);
#9474 = ORIENTED_EDGE('',*,*,#7244,.T.);
#9475 = ORIENTED_EDGE('',*,*,#9476,.T.);
#9476 = EDGE_CURVE('',#7245,#9150,#9477,.T.);
#9477 = SURFACE_CURVE('',#9478,(#9481,#9487),.PCURVE_S1.);
#9478 = B_SPLINE_CURVE_WITH_KNOTS('',1,(#9479,#9480),.UNSPECIFIED.,.F.,
  .F.,(2,2),(0.,1.595314381586E-02),.PIECEWISE_BEZIER_KNOTS.);
#9479 = CARTESIAN_POINT('',(37.31470241684,-12.1242817743,
    19.200817483812));
#9480 = CARTESIAN_POINT('',(22.158567058422,-7.144888376833,
    19.200817483812));
#9481 = PCURVE('',#7261,#9482);
#9482 = DEFINITIONAL_REPRESENTATION('',(#9483),#9486);
#9483 = B_SPLINE_CURVE_WITH_KNOTS('',1,(#9484,#9485),.UNSPECIFIED.,.F.,
  .F.,(2,2),(0.,1.595314381586E-02),.PIECEWISE_BEZIER_KNOTS.);
#9484 = CARTESIAN_POINT('',(-7.848702062546E-03,-4.819598467363E-03));
#9485 = CARTESIAN_POINT('',(8.104356413425E-03,-4.767417324302E-03));
#9486 = ( GEOMETRIC_REPRESENTATION_CONTEXT(2) 
PARAMETRIC_REPRESENTATION_CONTEXT() REPRESENTATION_CONTEXT('2D SPACE',''
  ) );
#9487 = PCURVE('',#7289,#9488);
#9488 = DEFINITIONAL_REPRESENTATION('',(#9489),#9492);
#9489 = B_SPLINE_CURVE_WITH_KNOTS('',1,(#9490,#9491),.UNSPECIFIED.,.F.,
  .F.,(2,2),(0.,1.595314381586E-02),.PIECEWISE_BEZIER_KNOTS.);
#9490 = CARTESIAN_POINT('',(3.731470241684E-02,-1.21242817743E-02));
#9491 = CARTESIAN_POINT('',(2.215856705842E-02,-7.144888376833E-03));
#9492 = ( GEOMETRIC_REPRESENTATION_CONTEXT(2) 
PARAMETRIC_REPRESENTATION_CONTEXT() REPRESENTATION_CONTEXT('2D SPACE',''
  ) );
#9493 = ORIENTED_EDGE('',*,*,#9149,.T.);
#9494 = ADVANCED_FACE('',(#9495),#7093,.T.);
#9495 = FACE_BOUND('',#9496,.T.);
#9496 = EDGE_LOOP('',(#9497,#9515,#9516,#9517));
#9497 = ORIENTED_EDGE('',*,*,#9498,.T.);
#9498 = EDGE_CURVE('',#8371,#7049,#9499,.T.);
#9499 = SURFACE_CURVE('',#9500,(#9503,#9509),.PCURVE_S1.);
#9500 = B_SPLINE_CURVE_WITH_KNOTS('',1,(#9501,#9502),.UNSPECIFIED.,.F.,
  .F.,(2,2),(0.,1.595314381586E-02),.PIECEWISE_BEZIER_KNOTS.);
#9501 = CARTESIAN_POINT('',(18.993896016725,13.46415382064,
    19.200817483812));
#9502 = CARTESIAN_POINT('',(31.957720726611,22.761575318064,
    19.200817483812));
#9503 = PCURVE('',#7093,#9504);
#9504 = DEFINITIONAL_REPRESENTATION('',(#9505),#9508);
#9505 = B_SPLINE_CURVE_WITH_KNOTS('',1,(#9506,#9507),.UNSPECIFIED.,.F.,
  .F.,(2,2),(0.,1.595314381586E-02),.PIECEWISE_BEZIER_KNOTS.);
#9506 = CARTESIAN_POINT('',(9.161377015459E-03,2.116136101598E-03));
#9507 = CARTESIAN_POINT('',(-6.041014197558E-03,6.952467254013E-03));
#9508 = ( GEOMETRIC_REPRESENTATION_CONTEXT(2) 
PARAMETRIC_REPRESENTATION_CONTEXT() REPRESENTATION_CONTEXT('2D SPACE',''
  ) );
#9509 = PCURVE('',#7064,#9510);
#9510 = DEFINITIONAL_REPRESENTATION('',(#9511),#9514);
#9511 = B_SPLINE_CURVE_WITH_KNOTS('',1,(#9512,#9513),.UNSPECIFIED.,.F.,
  .F.,(2,2),(0.,1.595314381586E-02),.PIECEWISE_BEZIER_KNOTS.);
#9512 = CARTESIAN_POINT('',(1.899389601672E-02,1.346415382064E-02));
#9513 = CARTESIAN_POINT('',(3.195772072661E-02,2.276157531806E-02));
#9514 = ( GEOMETRIC_REPRESENTATION_CONTEXT(2) 
PARAMETRIC_REPRESENTATION_CONTEXT() REPRESENTATION_CONTEXT('2D SPACE',''
  ) );
#9515 = ORIENTED_EDGE('',*,*,#7076,.T.);
#9516 = ORIENTED_EDGE('',*,*,#9452,.T.);
#9517 = ORIENTED_EDGE('',*,*,#8393,.T.);
#9518 = ADVANCED_FACE('',(#9519),#7289,.F.);
#9519 = FACE_BOUND('',#9520,.F.);
#9520 = EDGE_LOOP('',(#9521,#9522,#9523,#9524));
#9521 = ORIENTED_EDGE('',*,*,#7273,.T.);
#9522 = ORIENTED_EDGE('',*,*,#9476,.T.);
#9523 = ORIENTED_EDGE('',*,*,#9173,.F.);
#9524 = ORIENTED_EDGE('',*,*,#9525,.T.);
#9525 = EDGE_CURVE('',#9174,#7274,#9526,.T.);
#9526 = SURFACE_CURVE('',#9527,(#9530,#9536),.PCURVE_S1.);
#9527 = B_SPLINE_CURVE_WITH_KNOTS('',1,(#9528,#9529),.UNSPECIFIED.,.F.,
  .F.,(2,2),(0.,1.595314381586E-02),.PIECEWISE_BEZIER_KNOTS.);
#9528 = CARTESIAN_POINT('',(22.057061217984,-7.452353616551,
    19.200817483812));
#9529 = CARTESIAN_POINT('',(37.198778191043,-12.47542087841,
    19.200817483812));
#9530 = PCURVE('',#7289,#9531);
#9531 = DEFINITIONAL_REPRESENTATION('',(#9532),#9535);
#9532 = B_SPLINE_CURVE_WITH_KNOTS('',1,(#9533,#9534),.UNSPECIFIED.,.F.,
  .F.,(2,2),(0.,1.595314381586E-02),.PIECEWISE_BEZIER_KNOTS.);
#9533 = CARTESIAN_POINT('',(2.205706121798E-02,-7.452353616551E-03));
#9534 = CARTESIAN_POINT('',(3.719877819104E-02,-1.247542087841E-02));
#9535 = ( GEOMETRIC_REPRESENTATION_CONTEXT(2) 
PARAMETRIC_REPRESENTATION_CONTEXT() REPRESENTATION_CONTEXT('2D SPACE',''
  ) );
#9536 = PCURVE('',#7318,#9537);
#9537 = DEFINITIONAL_REPRESENTATION('',(#9538),#9541);
#9538 = B_SPLINE_CURVE_WITH_KNOTS('',1,(#9539,#9540),.UNSPECIFIED.,.F.,
  .F.,(2,2),(0.,1.595314381586E-02),.PIECEWISE_BEZIER_KNOTS.);
#9539 = CARTESIAN_POINT('',(9.161377015459E-03,2.116136101598E-03));
#9540 = CARTESIAN_POINT('',(-6.041014197558E-03,6.952467254013E-03));
#9541 = ( GEOMETRIC_REPRESENTATION_CONTEXT(2) 
PARAMETRIC_REPRESENTATION_CONTEXT() REPRESENTATION_CONTEXT('2D SPACE',''
  ) );
#9542 = ADVANCED_FACE('',(#9543),#7064,.F.);
#9543 = FACE_BOUND('',#9544,.F.);
#9544 = EDGE_LOOP('',(#9545,#9546,#9547,#9565));
#9545 = ORIENTED_EDGE('',*,*,#9498,.T.);
#9546 = ORIENTED_EDGE('',*,*,#7048,.T.);
#9547 = ORIENTED_EDGE('',*,*,#9548,.T.);
#9548 = EDGE_CURVE('',#7021,#8348,#9549,.T.);
#9549 = SURFACE_CURVE('',#9550,(#9553,#9559),.PCURVE_S1.);
#9550 = B_SPLINE_CURVE_WITH_KNOTS('',1,(#9551,#9552),.UNSPECIFIED.,.F.,
  .F.,(2,2),(0.,1.595314381586E-02),.PIECEWISE_BEZIER_KNOTS.);
#9551 = CARTESIAN_POINT('',(31.741781774301,23.061754373695,
    19.200817483812));
#9552 = CARTESIAN_POINT('',(18.804815048644,13.726997304082,
    19.200817483812));
#9553 = PCURVE('',#7064,#9554);
#9554 = DEFINITIONAL_REPRESENTATION('',(#9555),#9558);
#9555 = B_SPLINE_CURVE_WITH_KNOTS('',1,(#9556,#9557),.UNSPECIFIED.,.F.,
  .F.,(2,2),(0.,1.595314381586E-02),.PIECEWISE_BEZIER_KNOTS.);
#9556 = CARTESIAN_POINT('',(3.17417817743E-02,2.30617543737E-02));
#9557 = CARTESIAN_POINT('',(1.880481504864E-02,1.372699730408E-02));
#9558 = ( GEOMETRIC_REPRESENTATION_CONTEXT(2) 
PARAMETRIC_REPRESENTATION_CONTEXT() REPRESENTATION_CONTEXT('2D SPACE',''
  ) );
#9559 = PCURVE('',#7036,#9560);
#9560 = DEFINITIONAL_REPRESENTATION('',(#9561),#9564);
#9561 = B_SPLINE_CURVE_WITH_KNOTS('',1,(#9562,#9563),.UNSPECIFIED.,.F.,
  .F.,(2,2),(0.,1.595314381586E-02),.PIECEWISE_BEZIER_KNOTS.);
#9562 = CARTESIAN_POINT('',(-7.848702062546E-03,-4.819598467363E-03));
#9563 = CARTESIAN_POINT('',(8.104356413425E-03,-4.767417324302E-03));
#9564 = ( GEOMETRIC_REPRESENTATION_CONTEXT(2) 
PARAMETRIC_REPRESENTATION_CONTEXT() REPRESENTATION_CONTEXT('2D SPACE',''
  ) );
#9565 = ORIENTED_EDGE('',*,*,#8370,.F.);
#9566 = ADVANCED_FACE('',(#9567),#7318,.T.);
#9567 = FACE_BOUND('',#9568,.T.);
#9568 = EDGE_LOOP('',(#9569,#9570,#9571,#9589));
#9569 = ORIENTED_EDGE('',*,*,#9525,.T.);
#9570 = ORIENTED_EDGE('',*,*,#7301,.T.);
#9571 = ORIENTED_EDGE('',*,*,#9572,.T.);
#9572 = EDGE_CURVE('',#7302,#9197,#9573,.T.);
#9573 = SURFACE_CURVE('',#9574,(#9577,#9583),.PCURVE_S1.);
#9574 = B_SPLINE_CURVE_WITH_KNOTS('',1,(#9575,#9576),.UNSPECIFIED.,.F.,
  .F.,(2,2),(0.,1.595314381586E-02),.PIECEWISE_BEZIER_KNOTS.);
#9575 = CARTESIAN_POINT('',(31.741781774301,-23.06175437369,
    19.200817483812));
#9576 = CARTESIAN_POINT('',(18.866157661322,-13.64256644103,
    19.200817483812));
#9577 = PCURVE('',#7318,#9578);
#9578 = DEFINITIONAL_REPRESENTATION('',(#9579),#9582);
#9579 = B_SPLINE_CURVE_WITH_KNOTS('',1,(#9580,#9581),.UNSPECIFIED.,.F.,
  .F.,(2,2),(0.,1.595314381586E-02),.PIECEWISE_BEZIER_KNOTS.);
#9580 = CARTESIAN_POINT('',(-7.848702062546E-03,-4.819598467363E-03));
#9581 = CARTESIAN_POINT('',(8.104356413425E-03,-4.767417324302E-03));
#9582 = ( GEOMETRIC_REPRESENTATION_CONTEXT(2) 
PARAMETRIC_REPRESENTATION_CONTEXT() REPRESENTATION_CONTEXT('2D SPACE',''
  ) );
#9583 = PCURVE('',#7346,#9584);
#9584 = DEFINITIONAL_REPRESENTATION('',(#9585),#9588);
#9585 = B_SPLINE_CURVE_WITH_KNOTS('',1,(#9586,#9587),.UNSPECIFIED.,.F.,
  .F.,(2,2),(0.,1.595314381586E-02),.PIECEWISE_BEZIER_KNOTS.);
#9586 = CARTESIAN_POINT('',(3.17417817743E-02,-2.30617543737E-02));
#9587 = CARTESIAN_POINT('',(1.886615766132E-02,-1.364256644104E-02));
#9588 = ( GEOMETRIC_REPRESENTATION_CONTEXT(2) 
PARAMETRIC_REPRESENTATION_CONTEXT() REPRESENTATION_CONTEXT('2D SPACE',''
  ) );
#9589 = ORIENTED_EDGE('',*,*,#9196,.T.);
#9590 = ADVANCED_FACE('',(#9591),#7036,.T.);
#9591 = FACE_BOUND('',#9592,.T.);
#9592 = EDGE_LOOP('',(#9593,#9611,#9612,#9613));
#9593 = ORIENTED_EDGE('',*,*,#9594,.T.);
#9594 = EDGE_CURVE('',#8325,#6993,#9595,.T.);
#9595 = SURFACE_CURVE('',#9596,(#9599,#9605),.PCURVE_S1.);
#9596 = B_SPLINE_CURVE_WITH_KNOTS('',1,(#9597,#9598),.UNSPECIFIED.,.F.,
  .F.,(2,2),(0.,1.595314381586E-02),.PIECEWISE_BEZIER_KNOTS.);
#9597 = CARTESIAN_POINT('',(13.903616231082,18.674607886078,
    19.200817483812));
#9598 = CARTESIAN_POINT('',(23.359884950957,31.523023333399,
    19.200817483812));
#9599 = PCURVE('',#7036,#9600);
#9600 = DEFINITIONAL_REPRESENTATION('',(#9601),#9604);
#9601 = B_SPLINE_CURVE_WITH_KNOTS('',1,(#9602,#9603),.UNSPECIFIED.,.F.,
  .F.,(2,2),(0.,1.595314381586E-02),.PIECEWISE_BEZIER_KNOTS.);
#9602 = CARTESIAN_POINT('',(9.161377015459E-03,2.116136101598E-03));
#9603 = CARTESIAN_POINT('',(-6.041014197558E-03,6.952467254013E-03));
#9604 = ( GEOMETRIC_REPRESENTATION_CONTEXT(2) 
PARAMETRIC_REPRESENTATION_CONTEXT() REPRESENTATION_CONTEXT('2D SPACE',''
  ) );
#9605 = PCURVE('',#7008,#9606);
#9606 = DEFINITIONAL_REPRESENTATION('',(#9607),#9610);
#9607 = B_SPLINE_CURVE_WITH_KNOTS('',1,(#9608,#9609),.UNSPECIFIED.,.F.,
  .F.,(2,2),(0.,1.595314381586E-02),.PIECEWISE_BEZIER_KNOTS.);
#9608 = CARTESIAN_POINT('',(1.390361623108E-02,1.867460788608E-02));
#9609 = CARTESIAN_POINT('',(2.335988495096E-02,3.15230233334E-02));
#9610 = ( GEOMETRIC_REPRESENTATION_CONTEXT(2) 
PARAMETRIC_REPRESENTATION_CONTEXT() REPRESENTATION_CONTEXT('2D SPACE',''
  ) );
#9611 = ORIENTED_EDGE('',*,*,#7020,.T.);
#9612 = ORIENTED_EDGE('',*,*,#9548,.T.);
#9613 = ORIENTED_EDGE('',*,*,#8347,.T.);
#9614 = ADVANCED_FACE('',(#9615),#7346,.F.);
#9615 = FACE_BOUND('',#9616,.F.);
#9616 = EDGE_LOOP('',(#9617,#9618,#9619,#9620));
#9617 = ORIENTED_EDGE('',*,*,#7330,.T.);
#9618 = ORIENTED_EDGE('',*,*,#9572,.T.);
#9619 = ORIENTED_EDGE('',*,*,#9220,.F.);
#9620 = ORIENTED_EDGE('',*,*,#9621,.T.);
#9621 = EDGE_CURVE('',#9221,#7331,#9622,.T.);
#9622 = SURFACE_CURVE('',#9623,(#9626,#9632),.PCURVE_S1.);
#9623 = B_SPLINE_CURVE_WITH_KNOTS('',1,(#9624,#9625),.UNSPECIFIED.,.F.,
  .F.,(2,2),(0.,1.595314381586E-02),.PIECEWISE_BEZIER_KNOTS.);
#9624 = CARTESIAN_POINT('',(18.674607886078,-13.90361623108,
    19.200817483812));
#9625 = CARTESIAN_POINT('',(31.523023333399,-23.35988495095,
    19.200817483812));
#9626 = PCURVE('',#7346,#9627);
#9627 = DEFINITIONAL_REPRESENTATION('',(#9628),#9631);
#9628 = B_SPLINE_CURVE_WITH_KNOTS('',1,(#9629,#9630),.UNSPECIFIED.,.F.,
  .F.,(2,2),(0.,1.595314381586E-02),.PIECEWISE_BEZIER_KNOTS.);
#9629 = CARTESIAN_POINT('',(1.867460788608E-02,-1.390361623108E-02));
#9630 = CARTESIAN_POINT('',(3.15230233334E-02,-2.335988495096E-02));
#9631 = ( GEOMETRIC_REPRESENTATION_CONTEXT(2) 
PARAMETRIC_REPRESENTATION_CONTEXT() REPRESENTATION_CONTEXT('2D SPACE',''
  ) );
#9632 = PCURVE('',#7374,#9633);
#9633 = DEFINITIONAL_REPRESENTATION('',(#9634),#9637);
#9634 = B_SPLINE_CURVE_WITH_KNOTS('',1,(#9635,#9636),.UNSPECIFIED.,.F.,
  .F.,(2,2),(0.,1.595314381586E-02),.PIECEWISE_BEZIER_KNOTS.);
#9635 = CARTESIAN_POINT('',(9.161377015459E-03,2.116136101598E-03));
#9636 = CARTESIAN_POINT('',(-6.041014197558E-03,6.952467254013E-03));
#9637 = ( GEOMETRIC_REPRESENTATION_CONTEXT(2) 
PARAMETRIC_REPRESENTATION_CONTEXT() REPRESENTATION_CONTEXT('2D SPACE',''
  ) );
#9638 = ADVANCED_FACE('',(#9639),#7008,.F.);
#9639 = FACE_BOUND('',#9640,.F.);
#9640 = EDGE_LOOP('',(#9641,#9642,#9643,#9661));
#9641 = ORIENTED_EDGE('',*,*,#9594,.T.);
#9642 = ORIENTED_EDGE('',*,*,#6992,.T.);
#9643 = ORIENTED_EDGE('',*,*,#9644,.T.);
#9644 = EDGE_CURVE('',#6964,#8301,#9645,.T.);
#9645 = SURFACE_CURVE('',#9646,(#9649,#9655),.PCURVE_S1.);
#9646 = B_SPLINE_CURVE_WITH_KNOTS('',1,(#9647,#9648),.UNSPECIFIED.,.F.,
  .F.,(2,2),(0.,1.595314381586E-02),.PIECEWISE_BEZIER_KNOTS.);
#9647 = CARTESIAN_POINT('',(23.061754373695,31.741781774301,
    19.200817483812));
#9648 = CARTESIAN_POINT('',(13.642566441038,18.866157661322,
    19.200817483812));
#9649 = PCURVE('',#7008,#9650);
#9650 = DEFINITIONAL_REPRESENTATION('',(#9651),#9654);
#9651 = B_SPLINE_CURVE_WITH_KNOTS('',1,(#9652,#9653),.UNSPECIFIED.,.F.,
  .F.,(2,2),(0.,1.595314381586E-02),.PIECEWISE_BEZIER_KNOTS.);
#9652 = CARTESIAN_POINT('',(2.30617543737E-02,3.17417817743E-02));
#9653 = CARTESIAN_POINT('',(1.364256644104E-02,1.886615766132E-02));
#9654 = ( GEOMETRIC_REPRESENTATION_CONTEXT(2) 
PARAMETRIC_REPRESENTATION_CONTEXT() REPRESENTATION_CONTEXT('2D SPACE',''
  ) );
#9655 = PCURVE('',#6980,#9656);
#9656 = DEFINITIONAL_REPRESENTATION('',(#9657),#9660);
#9657 = B_SPLINE_CURVE_WITH_KNOTS('',1,(#9658,#9659),.UNSPECIFIED.,.F.,
  .F.,(2,2),(0.,1.595314381586E-02),.PIECEWISE_BEZIER_KNOTS.);
#9658 = CARTESIAN_POINT('',(-7.848702062546E-03,-4.819598467363E-03));
#9659 = CARTESIAN_POINT('',(8.104356413425E-03,-4.767417324302E-03));
#9660 = ( GEOMETRIC_REPRESENTATION_CONTEXT(2) 
PARAMETRIC_REPRESENTATION_CONTEXT() REPRESENTATION_CONTEXT('2D SPACE',''
  ) );
#9661 = ORIENTED_EDGE('',*,*,#8324,.F.);
#9662 = ADVANCED_FACE('',(#9663),#7374,.T.);
#9663 = FACE_BOUND('',#9664,.T.);
#9664 = EDGE_LOOP('',(#9665,#9666,#9667,#9685));
#9665 = ORIENTED_EDGE('',*,*,#9621,.T.);
#9666 = ORIENTED_EDGE('',*,*,#7358,.T.);
#9667 = ORIENTED_EDGE('',*,*,#9668,.T.);
#9668 = EDGE_CURVE('',#7359,#9244,#9669,.T.);
#9669 = SURFACE_CURVE('',#9670,(#9673,#9679),.PCURVE_S1.);
#9670 = B_SPLINE_CURVE_WITH_KNOTS('',1,(#9671,#9672),.UNSPECIFIED.,.F.,
  .F.,(2,2),(0.,1.595314381586E-02),.PIECEWISE_BEZIER_KNOTS.);
#9671 = CARTESIAN_POINT('',(23.061754373695,-31.7417817743,
    19.200817483812));
#9672 = CARTESIAN_POINT('',(13.726997304082,-18.80481504864,
    19.200817483812));
#9673 = PCURVE('',#7374,#9674);
#9674 = DEFINITIONAL_REPRESENTATION('',(#9675),#9678);
#9675 = B_SPLINE_CURVE_WITH_KNOTS('',1,(#9676,#9677),.UNSPECIFIED.,.F.,
  .F.,(2,2),(0.,1.595314381586E-02),.PIECEWISE_BEZIER_KNOTS.);
#9676 = CARTESIAN_POINT('',(-7.848702062546E-03,-4.819598467363E-03));
#9677 = CARTESIAN_POINT('',(8.104356413425E-03,-4.767417324302E-03));
#9678 = ( GEOMETRIC_REPRESENTATION_CONTEXT(2) 
PARAMETRIC_REPRESENTATION_CONTEXT() REPRESENTATION_CONTEXT('2D SPACE',''
  ) );
#9679 = PCURVE('',#7402,#9680);
#9680 = DEFINITIONAL_REPRESENTATION('',(#9681),#9684);
#9681 = B_SPLINE_CURVE_WITH_KNOTS('',1,(#9682,#9683),.UNSPECIFIED.,.F.,
  .F.,(2,2),(0.,1.595314381586E-02),.PIECEWISE_BEZIER_KNOTS.);
#9682 = CARTESIAN_POINT('',(2.30617543737E-02,-3.17417817743E-02));
#9683 = CARTESIAN_POINT('',(1.372699730408E-02,-1.880481504864E-02));
#9684 = ( GEOMETRIC_REPRESENTATION_CONTEXT(2) 
PARAMETRIC_REPRESENTATION_CONTEXT() REPRESENTATION_CONTEXT('2D SPACE',''
  ) );
#9685 = ORIENTED_EDGE('',*,*,#9243,.T.);
#9686 = ADVANCED_FACE('',(#9687),#6980,.T.);
#9687 = FACE_BOUND('',#9688,.T.);
#9688 = EDGE_LOOP('',(#9689,#9707,#9708,#9709));
#9689 = ORIENTED_EDGE('',*,*,#9690,.T.);
#9690 = EDGE_CURVE('',#8278,#6936,#9691,.T.);
#9691 = SURFACE_CURVE('',#9692,(#9695,#9701),.PCURVE_S1.);
#9692 = B_SPLINE_CURVE_WITH_KNOTS('',1,(#9693,#9694),.UNSPECIFIED.,.F.,
  .F.,(2,2),(0.,1.595314381586E-02),.PIECEWISE_BEZIER_KNOTS.);
#9693 = CARTESIAN_POINT('',(7.452353616551,22.057061217984,
    19.200817483812));
#9694 = CARTESIAN_POINT('',(12.475420878415,37.198778191043,
    19.200817483812));
#9695 = PCURVE('',#6980,#9696);
#9696 = DEFINITIONAL_REPRESENTATION('',(#9697),#9700);
#9697 = B_SPLINE_CURVE_WITH_KNOTS('',1,(#9698,#9699),.UNSPECIFIED.,.F.,
  .F.,(2,2),(0.,1.595314381586E-02),.PIECEWISE_BEZIER_KNOTS.);
#9698 = CARTESIAN_POINT('',(9.161377015459E-03,2.116136101598E-03));
#9699 = CARTESIAN_POINT('',(-6.041014197558E-03,6.952467254013E-03));
#9700 = ( GEOMETRIC_REPRESENTATION_CONTEXT(2) 
PARAMETRIC_REPRESENTATION_CONTEXT() REPRESENTATION_CONTEXT('2D SPACE',''
  ) );
#9701 = PCURVE('',#6951,#9702);
#9702 = DEFINITIONAL_REPRESENTATION('',(#9703),#9706);
#9703 = B_SPLINE_CURVE_WITH_KNOTS('',1,(#9704,#9705),.UNSPECIFIED.,.F.,
  .F.,(2,2),(0.,1.595314381586E-02),.PIECEWISE_BEZIER_KNOTS.);
#9704 = CARTESIAN_POINT('',(7.452353616551E-03,2.205706121798E-02));
#9705 = CARTESIAN_POINT('',(1.247542087841E-02,3.719877819104E-02));
#9706 = ( GEOMETRIC_REPRESENTATION_CONTEXT(2) 
PARAMETRIC_REPRESENTATION_CONTEXT() REPRESENTATION_CONTEXT('2D SPACE',''
  ) );
#9707 = ORIENTED_EDGE('',*,*,#6963,.T.);
#9708 = ORIENTED_EDGE('',*,*,#9644,.T.);
#9709 = ORIENTED_EDGE('',*,*,#8300,.T.);
#9710 = ADVANCED_FACE('',(#9711),#7402,.F.);
#9711 = FACE_BOUND('',#9712,.F.);
#9712 = EDGE_LOOP('',(#9713,#9714,#9715,#9716));
#9713 = ORIENTED_EDGE('',*,*,#7386,.T.);
#9714 = ORIENTED_EDGE('',*,*,#9668,.T.);
#9715 = ORIENTED_EDGE('',*,*,#9266,.F.);
#9716 = ORIENTED_EDGE('',*,*,#9717,.T.);
#9717 = EDGE_CURVE('',#9267,#7387,#9718,.T.);
#9718 = SURFACE_CURVE('',#9719,(#9722,#9728),.PCURVE_S1.);
#9719 = B_SPLINE_CURVE_WITH_KNOTS('',1,(#9720,#9721),.UNSPECIFIED.,.F.,
  .F.,(2,2),(0.,1.595314381586E-02),.PIECEWISE_BEZIER_KNOTS.);
#9720 = CARTESIAN_POINT('',(13.46415382064,-18.99389601672,
    19.200817483812));
#9721 = CARTESIAN_POINT('',(22.761575318064,-31.95772072661,
    19.200817483812));
#9722 = PCURVE('',#7402,#9723);
#9723 = DEFINITIONAL_REPRESENTATION('',(#9724),#9727);
#9724 = B_SPLINE_CURVE_WITH_KNOTS('',1,(#9725,#9726),.UNSPECIFIED.,.F.,
  .F.,(2,2),(0.,1.595314381586E-02),.PIECEWISE_BEZIER_KNOTS.);
#9725 = CARTESIAN_POINT('',(1.346415382064E-02,-1.899389601672E-02));
#9726 = CARTESIAN_POINT('',(2.276157531806E-02,-3.195772072661E-02));
#9727 = ( GEOMETRIC_REPRESENTATION_CONTEXT(2) 
PARAMETRIC_REPRESENTATION_CONTEXT() REPRESENTATION_CONTEXT('2D SPACE',''
  ) );
#9728 = PCURVE('',#7431,#9729);
#9729 = DEFINITIONAL_REPRESENTATION('',(#9730),#9733);
#9730 = B_SPLINE_CURVE_WITH_KNOTS('',1,(#9731,#9732),.UNSPECIFIED.,.F.,
  .F.,(2,2),(0.,1.595314381586E-02),.PIECEWISE_BEZIER_KNOTS.);
#9731 = CARTESIAN_POINT('',(9.161377015459E-03,2.116136101598E-03));
#9732 = CARTESIAN_POINT('',(-6.041014197558E-03,6.952467254013E-03));
#9733 = ( GEOMETRIC_REPRESENTATION_CONTEXT(2) 
PARAMETRIC_REPRESENTATION_CONTEXT() REPRESENTATION_CONTEXT('2D SPACE',''
  ) );
#9734 = ADVANCED_FACE('',(#9735),#6951,.F.);
#9735 = FACE_BOUND('',#9736,.F.);
#9736 = EDGE_LOOP('',(#9737,#9738,#9739,#9757));
#9737 = ORIENTED_EDGE('',*,*,#9690,.T.);
#9738 = ORIENTED_EDGE('',*,*,#6935,.T.);
#9739 = ORIENTED_EDGE('',*,*,#9740,.T.);
#9740 = EDGE_CURVE('',#6907,#8254,#9741,.T.);
#9741 = SURFACE_CURVE('',#9742,(#9745,#9751),.PCURVE_S1.);
#9742 = B_SPLINE_CURVE_WITH_KNOTS('',1,(#9743,#9744),.UNSPECIFIED.,.F.,
  .F.,(2,2),(0.,1.595314381586E-02),.PIECEWISE_BEZIER_KNOTS.);
#9743 = CARTESIAN_POINT('',(12.124281774301,37.31470241684,
    19.200817483812));
#9744 = CARTESIAN_POINT('',(7.144888376833,22.158567058422,
    19.200817483812));
#9745 = PCURVE('',#6951,#9746);
#9746 = DEFINITIONAL_REPRESENTATION('',(#9747),#9750);
#9747 = B_SPLINE_CURVE_WITH_KNOTS('',1,(#9748,#9749),.UNSPECIFIED.,.F.,
  .F.,(2,2),(0.,1.595314381586E-02),.PIECEWISE_BEZIER_KNOTS.);
#9748 = CARTESIAN_POINT('',(1.21242817743E-02,3.731470241684E-02));
#9749 = CARTESIAN_POINT('',(7.144888376833E-03,2.215856705842E-02));
#9750 = ( GEOMETRIC_REPRESENTATION_CONTEXT(2) 
PARAMETRIC_REPRESENTATION_CONTEXT() REPRESENTATION_CONTEXT('2D SPACE',''
  ) );
#9751 = PCURVE('',#6923,#9752);
#9752 = DEFINITIONAL_REPRESENTATION('',(#9753),#9756);
#9753 = B_SPLINE_CURVE_WITH_KNOTS('',1,(#9754,#9755),.UNSPECIFIED.,.F.,
  .F.,(2,2),(0.,1.595314381586E-02),.PIECEWISE_BEZIER_KNOTS.);
#9754 = CARTESIAN_POINT('',(-7.848702062546E-03,-4.819598467363E-03));
#9755 = CARTESIAN_POINT('',(8.104356413425E-03,-4.767417324302E-03));
#9756 = ( GEOMETRIC_REPRESENTATION_CONTEXT(2) 
PARAMETRIC_REPRESENTATION_CONTEXT() REPRESENTATION_CONTEXT('2D SPACE',''
  ) );
#9757 = ORIENTED_EDGE('',*,*,#8277,.F.);
#9758 = ADVANCED_FACE('',(#9759),#7431,.T.);
#9759 = FACE_BOUND('',#9760,.T.);
#9760 = EDGE_LOOP('',(#9761,#9762,#9763,#9781));
#9761 = ORIENTED_EDGE('',*,*,#9717,.T.);
#9762 = ORIENTED_EDGE('',*,*,#7414,.T.);
#9763 = ORIENTED_EDGE('',*,*,#9764,.T.);
#9764 = EDGE_CURVE('',#7415,#9290,#9765,.T.);
#9765 = SURFACE_CURVE('',#9766,(#9769,#9775),.PCURVE_S1.);
#9766 = B_SPLINE_CURVE_WITH_KNOTS('',1,(#9767,#9768),.UNSPECIFIED.,.F.,
  .F.,(2,2),(0.,1.595314381586E-02),.PIECEWISE_BEZIER_KNOTS.);
#9767 = CARTESIAN_POINT('',(12.124281774301,-37.31470241684,
    19.200817483812));
#9768 = CARTESIAN_POINT('',(7.244142809105,-22.12631733843,
    19.200817483812));
#9769 = PCURVE('',#7431,#9770);
#9770 = DEFINITIONAL_REPRESENTATION('',(#9771),#9774);
#9771 = B_SPLINE_CURVE_WITH_KNOTS('',1,(#9772,#9773),.UNSPECIFIED.,.F.,
  .F.,(2,2),(0.,1.595314381586E-02),.PIECEWISE_BEZIER_KNOTS.);
#9772 = CARTESIAN_POINT('',(-7.848702062546E-03,-4.819598467363E-03));
#9773 = CARTESIAN_POINT('',(8.104356413425E-03,-4.767417324302E-03));
#9774 = ( GEOMETRIC_REPRESENTATION_CONTEXT(2) 
PARAMETRIC_REPRESENTATION_CONTEXT() REPRESENTATION_CONTEXT('2D SPACE',''
  ) );
#9775 = PCURVE('',#7459,#9776);
#9776 = DEFINITIONAL_REPRESENTATION('',(#9777),#9780);
#9777 = B_SPLINE_CURVE_WITH_KNOTS('',1,(#9778,#9779),.UNSPECIFIED.,.F.,
  .F.,(2,2),(0.,1.595314381586E-02),.PIECEWISE_BEZIER_KNOTS.);
#9778 = CARTESIAN_POINT('',(1.21242817743E-02,-3.731470241684E-02));
#9779 = CARTESIAN_POINT('',(7.244142809105E-03,-2.212631733844E-02));
#9780 = ( GEOMETRIC_REPRESENTATION_CONTEXT(2) 
PARAMETRIC_REPRESENTATION_CONTEXT() REPRESENTATION_CONTEXT('2D SPACE',''
  ) );
#9781 = ORIENTED_EDGE('',*,*,#9289,.T.);
#9782 = ADVANCED_FACE('',(#9783),#6923,.T.);
#9783 = FACE_BOUND('',#9784,.T.);
#9784 = EDGE_LOOP('',(#9785,#9803,#9804,#9805));
#9785 = ORIENTED_EDGE('',*,*,#9786,.T.);
#9786 = EDGE_CURVE('',#8231,#6879,#9787,.T.);
#9787 = SURFACE_CURVE('',#9788,(#9791,#9797),.PCURVE_S1.);
#9788 = B_SPLINE_CURVE_WITH_KNOTS('',1,(#9789,#9790),.UNSPECIFIED.,.F.,
  .F.,(2,2),(0.,1.595314381586E-02),.PIECEWISE_BEZIER_KNOTS.);
#9789 = CARTESIAN_POINT('',(0.271602706431,23.28041571729,
    19.200817483812));
#9790 = CARTESIAN_POINT('',(0.369775688924,39.23325746022,
    19.200817483812));
#9791 = PCURVE('',#6923,#9792);
#9792 = DEFINITIONAL_REPRESENTATION('',(#9793),#9796);
#9793 = B_SPLINE_CURVE_WITH_KNOTS('',1,(#9794,#9795),.UNSPECIFIED.,.F.,
  .F.,(2,2),(0.,1.595314381586E-02),.PIECEWISE_BEZIER_KNOTS.);
#9794 = CARTESIAN_POINT('',(9.161377015459E-03,2.116136101598E-03));
#9795 = CARTESIAN_POINT('',(-6.041014197558E-03,6.952467254013E-03));
#9796 = ( GEOMETRIC_REPRESENTATION_CONTEXT(2) 
PARAMETRIC_REPRESENTATION_CONTEXT() REPRESENTATION_CONTEXT('2D SPACE',''
  ) );
#9797 = PCURVE('',#6894,#9798);
#9798 = DEFINITIONAL_REPRESENTATION('',(#9799),#9802);
#9799 = B_SPLINE_CURVE_WITH_KNOTS('',1,(#9800,#9801),.UNSPECIFIED.,.F.,
  .F.,(2,2),(0.,1.595314381586E-02),.PIECEWISE_BEZIER_KNOTS.);
#9800 = CARTESIAN_POINT('',(2.716027064313E-04,2.328041571729E-02));
#9801 = CARTESIAN_POINT('',(3.697756889244E-04,3.923325746022E-02));
#9802 = ( GEOMETRIC_REPRESENTATION_CONTEXT(2) 
PARAMETRIC_REPRESENTATION_CONTEXT() REPRESENTATION_CONTEXT('2D SPACE',''
  ) );
#9803 = ORIENTED_EDGE('',*,*,#6906,.T.);
#9804 = ORIENTED_EDGE('',*,*,#9740,.T.);
#9805 = ORIENTED_EDGE('',*,*,#8253,.T.);
#9806 = ADVANCED_FACE('',(#9807),#7459,.F.);
#9807 = FACE_BOUND('',#9808,.F.);
#9808 = EDGE_LOOP('',(#9809,#9810,#9811,#9812));
#9809 = ORIENTED_EDGE('',*,*,#7443,.T.);
#9810 = ORIENTED_EDGE('',*,*,#9764,.T.);
#9811 = ORIENTED_EDGE('',*,*,#9313,.F.);
#9812 = ORIENTED_EDGE('',*,*,#9813,.T.);
#9813 = EDGE_CURVE('',#9314,#7444,#9814,.T.);
#9814 = SURFACE_CURVE('',#9815,(#9818,#9824),.PCURVE_S1.);
#9815 = B_SPLINE_CURVE_WITH_KNOTS('',1,(#9816,#9817),.UNSPECIFIED.,.F.,
  .F.,(2,2),(0.,1.595314381586E-02),.PIECEWISE_BEZIER_KNOTS.);
#9816 = CARTESIAN_POINT('',(6.935734568961,-22.22492092199,
    19.200817483812));
#9817 = CARTESIAN_POINT('',(11.772065721376,-37.42731213501,
    19.200817483812));
#9818 = PCURVE('',#7459,#9819);
#9819 = DEFINITIONAL_REPRESENTATION('',(#9820),#9823);
#9820 = B_SPLINE_CURVE_WITH_KNOTS('',1,(#9821,#9822),.UNSPECIFIED.,.F.,
  .F.,(2,2),(0.,1.595314381586E-02),.PIECEWISE_BEZIER_KNOTS.);
#9821 = CARTESIAN_POINT('',(6.935734568961E-03,-2.222492092199E-02));
#9822 = CARTESIAN_POINT('',(1.177206572138E-02,-3.742731213501E-02));
#9823 = ( GEOMETRIC_REPRESENTATION_CONTEXT(2) 
PARAMETRIC_REPRESENTATION_CONTEXT() REPRESENTATION_CONTEXT('2D SPACE',''
  ) );
#9824 = PCURVE('',#7486,#9825);
#9825 = DEFINITIONAL_REPRESENTATION('',(#9826),#9829);
#9826 = B_SPLINE_CURVE_WITH_KNOTS('',1,(#9827,#9828),.UNSPECIFIED.,.F.,
  .F.,(2,2),(0.,1.595314381586E-02),.PIECEWISE_BEZIER_KNOTS.);
#9827 = CARTESIAN_POINT('',(9.161377015459E-03,2.116136101598E-03));
#9828 = CARTESIAN_POINT('',(-6.041014197558E-03,6.952467254013E-03));
#9829 = ( GEOMETRIC_REPRESENTATION_CONTEXT(2) 
PARAMETRIC_REPRESENTATION_CONTEXT() REPRESENTATION_CONTEXT('2D SPACE',''
  ) );
#9830 = ADVANCED_FACE('',(#9831),#6894,.F.);
#9831 = FACE_BOUND('',#9832,.F.);
#9832 = EDGE_LOOP('',(#9833,#9834,#9835,#9853,#9854));
#9833 = ORIENTED_EDGE('',*,*,#9786,.T.);
#9834 = ORIENTED_EDGE('',*,*,#6878,.T.);
#9835 = ORIENTED_EDGE('',*,*,#9836,.T.);
#9836 = EDGE_CURVE('',#6850,#8752,#9837,.T.);
#9837 = SURFACE_CURVE('',#9838,(#9841,#9847),.PCURVE_S1.);
#9838 = B_SPLINE_CURVE_WITH_KNOTS('',1,(#9839,#9840),.UNSPECIFIED.,.F.,
  .F.,(2,2),(0.,1.595314381586E-02),.PIECEWISE_BEZIER_KNOTS.);
#9839 = CARTESIAN_POINT('',(-5.20417042793E-15,39.235,19.200817483812));
#9840 = CARTESIAN_POINT('',(-5.218114306117E-02,23.281941524029,
    19.200817483812));
#9841 = PCURVE('',#6894,#9842);
#9842 = DEFINITIONAL_REPRESENTATION('',(#9843),#9846);
#9843 = B_SPLINE_CURVE_WITH_KNOTS('',1,(#9844,#9845),.UNSPECIFIED.,.F.,
  .F.,(2,2),(0.,1.595314381586E-02),.PIECEWISE_BEZIER_KNOTS.);
#9844 = CARTESIAN_POINT('',(-4.981737464309E-18,3.9235E-02));
#9845 = CARTESIAN_POINT('',(-5.218114306117E-05,2.328194152403E-02));
#9846 = ( GEOMETRIC_REPRESENTATION_CONTEXT(2) 
PARAMETRIC_REPRESENTATION_CONTEXT() REPRESENTATION_CONTEXT('2D SPACE',''
  ) );
#9847 = PCURVE('',#7817,#9848);
#9848 = DEFINITIONAL_REPRESENTATION('',(#9849),#9852);
#9849 = B_SPLINE_CURVE_WITH_KNOTS('',1,(#9850,#9851),.UNSPECIFIED.,.F.,
  .F.,(2,2),(0.,1.595314381586E-02),.PIECEWISE_BEZIER_KNOTS.);
#9850 = CARTESIAN_POINT('',(-4.981737464309E-18,3.9235E-02));
#9851 = CARTESIAN_POINT('',(-5.218114306117E-05,2.328194152403E-02));
#9852 = ( GEOMETRIC_REPRESENTATION_CONTEXT(2) 
PARAMETRIC_REPRESENTATION_CONTEXT() REPRESENTATION_CONTEXT('2D SPACE',''
  ) );
#9853 = ORIENTED_EDGE('',*,*,#8775,.F.);
#9854 = ORIENTED_EDGE('',*,*,#8230,.F.);
#9855 = ADVANCED_FACE('',(#9856),#7486,.T.);
#9856 = FACE_BOUND('',#9857,.T.);
#9857 = EDGE_LOOP('',(#9858,#9859,#9860,#9878));
#9858 = ORIENTED_EDGE('',*,*,#9813,.T.);
#9859 = ORIENTED_EDGE('',*,*,#7471,.T.);
#9860 = ORIENTED_EDGE('',*,*,#9861,.T.);
#9861 = EDGE_CURVE('',#7164,#9337,#9862,.T.);
#9862 = SURFACE_CURVE('',#9863,(#9866,#9872),.PCURVE_S1.);
#9863 = B_SPLINE_CURVE_WITH_KNOTS('',1,(#9864,#9865),.UNSPECIFIED.,.F.,
  .F.,(2,2),(0.,1.595314381586E-02),.PIECEWISE_BEZIER_KNOTS.);
#9864 = CARTESIAN_POINT('',(-6.938893903907E-15,-39.235,19.200817483812)
  );
#9865 = CARTESIAN_POINT('',(5.218114306116E-02,-23.28194152402,
    19.200817483812));
#9866 = PCURVE('',#7486,#9867);
#9867 = DEFINITIONAL_REPRESENTATION('',(#9868),#9871);
#9868 = B_SPLINE_CURVE_WITH_KNOTS('',1,(#9869,#9870),.UNSPECIFIED.,.F.,
  .F.,(2,2),(0.,1.595314381586E-02),.PIECEWISE_BEZIER_KNOTS.);
#9869 = CARTESIAN_POINT('',(-7.848702062546E-03,-4.819598467363E-03));
#9870 = CARTESIAN_POINT('',(8.104356413425E-03,-4.767417324302E-03));
#9871 = ( GEOMETRIC_REPRESENTATION_CONTEXT(2) 
PARAMETRIC_REPRESENTATION_CONTEXT() REPRESENTATION_CONTEXT('2D SPACE',''
  ) );
#9872 = PCURVE('',#7871,#9873);
#9873 = DEFINITIONAL_REPRESENTATION('',(#9874),#9877);
#9874 = B_SPLINE_CURVE_WITH_KNOTS('',1,(#9875,#9876),.UNSPECIFIED.,.F.,
  .F.,(2,2),(0.,1.595314381586E-02),.PIECEWISE_BEZIER_KNOTS.);
#9875 = CARTESIAN_POINT('',(-6.716460940286E-18,-3.9235E-02));
#9876 = CARTESIAN_POINT('',(5.218114306116E-05,-2.328194152403E-02));
#9877 = ( GEOMETRIC_REPRESENTATION_CONTEXT(2) 
PARAMETRIC_REPRESENTATION_CONTEXT() REPRESENTATION_CONTEXT('2D SPACE',''
  ) );
#9878 = ORIENTED_EDGE('',*,*,#9336,.T.);
#9879 = ADVANCED_FACE('',(#9880),#7817,.F.);
#9880 = FACE_BOUND('',#9881,.F.);
#9881 = EDGE_LOOP('',(#9882,#9883,#9884,#9902));
#9882 = ORIENTED_EDGE('',*,*,#9836,.F.);
#9883 = ORIENTED_EDGE('',*,*,#7802,.T.);
#9884 = ORIENTED_EDGE('',*,*,#9885,.F.);
#9885 = EDGE_CURVE('',#8729,#7775,#9886,.T.);
#9886 = SURFACE_CURVE('',#9887,(#9890,#9896),.PCURVE_S1.);
#9887 = B_SPLINE_CURVE_WITH_KNOTS('',1,(#9888,#9889),.UNSPECIFIED.,.F.,
  .F.,(2,2),(0.,1.595314381586E-02),.PIECEWISE_BEZIER_KNOTS.);
#9888 = CARTESIAN_POINT('',(-6.935734568961,22.224920921995,
    19.200817483812));
#9889 = CARTESIAN_POINT('',(-11.77206572137,37.427312135012,
    19.200817483812));
#9890 = PCURVE('',#7817,#9891);
#9891 = DEFINITIONAL_REPRESENTATION('',(#9892),#9895);
#9892 = B_SPLINE_CURVE_WITH_KNOTS('',1,(#9893,#9894),.UNSPECIFIED.,.F.,
  .F.,(2,2),(0.,1.595314381586E-02),.PIECEWISE_BEZIER_KNOTS.);
#9893 = CARTESIAN_POINT('',(-6.935734568961E-03,2.222492092199E-02));
#9894 = CARTESIAN_POINT('',(-1.177206572138E-02,3.742731213501E-02));
#9895 = ( GEOMETRIC_REPRESENTATION_CONTEXT(2) 
PARAMETRIC_REPRESENTATION_CONTEXT() REPRESENTATION_CONTEXT('2D SPACE',''
  ) );
#9896 = PCURVE('',#7790,#9897);
#9897 = DEFINITIONAL_REPRESENTATION('',(#9898),#9901);
#9898 = B_SPLINE_CURVE_WITH_KNOTS('',1,(#9899,#9900),.UNSPECIFIED.,.F.,
  .F.,(2,2),(0.,1.595314381586E-02),.PIECEWISE_BEZIER_KNOTS.);
#9899 = CARTESIAN_POINT('',(-6.935734568961E-03,2.222492092199E-02));
#9900 = CARTESIAN_POINT('',(-1.177206572138E-02,3.742731213501E-02));
#9901 = ( GEOMETRIC_REPRESENTATION_CONTEXT(2) 
PARAMETRIC_REPRESENTATION_CONTEXT() REPRESENTATION_CONTEXT('2D SPACE',''
  ) );
#9902 = ORIENTED_EDGE('',*,*,#8751,.F.);
#9903 = ADVANCED_FACE('',(#9904),#7871,.F.);
#9904 = FACE_BOUND('',#9905,.F.);
#9905 = EDGE_LOOP('',(#9906,#9907,#9908,#9909,#9910));
#9906 = ORIENTED_EDGE('',*,*,#7855,.T.);
#9907 = ORIENTED_EDGE('',*,*,#9861,.T.);
#9908 = ORIENTED_EDGE('',*,*,#9360,.F.);
#9909 = ORIENTED_EDGE('',*,*,#8845,.F.);
#9910 = ORIENTED_EDGE('',*,*,#9911,.T.);
#9911 = EDGE_CURVE('',#8846,#7856,#9912,.T.);
#9912 = SURFACE_CURVE('',#9913,(#9916,#9922),.PCURVE_S1.);
#9913 = B_SPLINE_CURVE_WITH_KNOTS('',1,(#9914,#9915),.UNSPECIFIED.,.F.,
  .F.,(2,2),(0.,1.595314381586E-02),.PIECEWISE_BEZIER_KNOTS.);
#9914 = CARTESIAN_POINT('',(-0.271602706431,-23.28041571729,
    19.200817483812));
#9915 = CARTESIAN_POINT('',(-0.369775688924,-39.23325746022,
    19.200817483812));
#9916 = PCURVE('',#7871,#9917);
#9917 = DEFINITIONAL_REPRESENTATION('',(#9918),#9921);
#9918 = B_SPLINE_CURVE_WITH_KNOTS('',1,(#9919,#9920),.UNSPECIFIED.,.F.,
  .F.,(2,2),(0.,1.595314381586E-02),.PIECEWISE_BEZIER_KNOTS.);
#9919 = CARTESIAN_POINT('',(-2.716027064313E-04,-2.328041571729E-02));
#9920 = CARTESIAN_POINT('',(-3.697756889244E-04,-3.923325746022E-02));
#9921 = ( GEOMETRIC_REPRESENTATION_CONTEXT(2) 
PARAMETRIC_REPRESENTATION_CONTEXT() REPRESENTATION_CONTEXT('2D SPACE',''
  ) );
#9922 = PCURVE('',#7900,#9923);
#9923 = DEFINITIONAL_REPRESENTATION('',(#9924),#9927);
#9924 = B_SPLINE_CURVE_WITH_KNOTS('',1,(#9925,#9926),.UNSPECIFIED.,.F.,
  .F.,(2,2),(0.,1.595314381586E-02),.PIECEWISE_BEZIER_KNOTS.);
#9925 = CARTESIAN_POINT('',(9.161377015459E-03,2.116136101598E-03));
#9926 = CARTESIAN_POINT('',(-6.041014197558E-03,6.952467254013E-03));
#9927 = ( GEOMETRIC_REPRESENTATION_CONTEXT(2) 
PARAMETRIC_REPRESENTATION_CONTEXT() REPRESENTATION_CONTEXT('2D SPACE',''
  ) );
#9928 = ADVANCED_FACE('',(#9929),#7790,.F.);
#9929 = FACE_BOUND('',#9930,.F.);
#9930 = EDGE_LOOP('',(#9931,#9932,#9933,#9951));
#9931 = ORIENTED_EDGE('',*,*,#9885,.T.);
#9932 = ORIENTED_EDGE('',*,*,#7774,.T.);
#9933 = ORIENTED_EDGE('',*,*,#9934,.T.);
#9934 = EDGE_CURVE('',#7746,#8705,#9935,.T.);
#9935 = SURFACE_CURVE('',#9936,(#9939,#9945),.PCURVE_S1.);
#9936 = B_SPLINE_CURVE_WITH_KNOTS('',1,(#9937,#9938),.UNSPECIFIED.,.F.,
  .F.,(2,2),(0.,1.595314381586E-02),.PIECEWISE_BEZIER_KNOTS.);
#9937 = CARTESIAN_POINT('',(-12.1242817743,37.31470241684,
    19.200817483812));
#9938 = CARTESIAN_POINT('',(-7.244142809105,22.126317338439,
    19.200817483812));
#9939 = PCURVE('',#7790,#9940);
#9940 = DEFINITIONAL_REPRESENTATION('',(#9941),#9944);
#9941 = B_SPLINE_CURVE_WITH_KNOTS('',1,(#9942,#9943),.UNSPECIFIED.,.F.,
  .F.,(2,2),(0.,1.595314381586E-02),.PIECEWISE_BEZIER_KNOTS.);
#9942 = CARTESIAN_POINT('',(-1.21242817743E-02,3.731470241684E-02));
#9943 = CARTESIAN_POINT('',(-7.244142809105E-03,2.212631733844E-02));
#9944 = ( GEOMETRIC_REPRESENTATION_CONTEXT(2) 
PARAMETRIC_REPRESENTATION_CONTEXT() REPRESENTATION_CONTEXT('2D SPACE',''
  ) );
#9945 = PCURVE('',#7762,#9946);
#9946 = DEFINITIONAL_REPRESENTATION('',(#9947),#9950);
#9947 = B_SPLINE_CURVE_WITH_KNOTS('',1,(#9948,#9949),.UNSPECIFIED.,.F.,
  .F.,(2,2),(0.,1.595314381586E-02),.PIECEWISE_BEZIER_KNOTS.);
#9948 = CARTESIAN_POINT('',(-7.848702062546E-03,-4.819598467363E-03));
#9949 = CARTESIAN_POINT('',(8.104356413425E-03,-4.767417324302E-03));
#9950 = ( GEOMETRIC_REPRESENTATION_CONTEXT(2) 
PARAMETRIC_REPRESENTATION_CONTEXT() REPRESENTATION_CONTEXT('2D SPACE',''
  ) );
#9951 = ORIENTED_EDGE('',*,*,#8728,.F.);
#9952 = ADVANCED_FACE('',(#9953),#7900,.T.);
#9953 = FACE_BOUND('',#9954,.T.);
#9954 = EDGE_LOOP('',(#9955,#9956,#9957,#9975));
#9955 = ORIENTED_EDGE('',*,*,#9911,.T.);
#9956 = ORIENTED_EDGE('',*,*,#7883,.T.);
#9957 = ORIENTED_EDGE('',*,*,#9958,.T.);
#9958 = EDGE_CURVE('',#7884,#8869,#9959,.T.);
#9959 = SURFACE_CURVE('',#9960,(#9963,#9969),.PCURVE_S1.);
#9960 = B_SPLINE_CURVE_WITH_KNOTS('',1,(#9961,#9962),.UNSPECIFIED.,.F.,
  .F.,(2,2),(0.,1.595314381586E-02),.PIECEWISE_BEZIER_KNOTS.);
#9961 = CARTESIAN_POINT('',(-12.1242817743,-37.31470241684,
    19.200817483812));
#9962 = CARTESIAN_POINT('',(-7.144888376833,-22.15856705842,
    19.200817483812));
#9963 = PCURVE('',#7900,#9964);
#9964 = DEFINITIONAL_REPRESENTATION('',(#9965),#9968);
#9965 = B_SPLINE_CURVE_WITH_KNOTS('',1,(#9966,#9967),.UNSPECIFIED.,.F.,
  .F.,(2,2),(0.,1.595314381586E-02),.PIECEWISE_BEZIER_KNOTS.);
#9966 = CARTESIAN_POINT('',(-7.848702062546E-03,-4.819598467363E-03));
#9967 = CARTESIAN_POINT('',(8.104356413425E-03,-4.767417324302E-03));
#9968 = ( GEOMETRIC_REPRESENTATION_CONTEXT(2) 
PARAMETRIC_REPRESENTATION_CONTEXT() REPRESENTATION_CONTEXT('2D SPACE',''
  ) );
#9969 = PCURVE('',#7928,#9970);
#9970 = DEFINITIONAL_REPRESENTATION('',(#9971),#9974);
#9971 = B_SPLINE_CURVE_WITH_KNOTS('',1,(#9972,#9973),.UNSPECIFIED.,.F.,
  .F.,(2,2),(0.,1.595314381586E-02),.PIECEWISE_BEZIER_KNOTS.);
#9972 = CARTESIAN_POINT('',(-1.21242817743E-02,-3.731470241684E-02));
#9973 = CARTESIAN_POINT('',(-7.144888376833E-03,-2.215856705842E-02));
#9974 = ( GEOMETRIC_REPRESENTATION_CONTEXT(2) 
PARAMETRIC_REPRESENTATION_CONTEXT() REPRESENTATION_CONTEXT('2D SPACE',''
  ) );
#9975 = ORIENTED_EDGE('',*,*,#8868,.T.);
#9976 = ADVANCED_FACE('',(#9977),#7762,.T.);
#9977 = FACE_BOUND('',#9978,.T.);
#9978 = EDGE_LOOP('',(#9979,#9997,#9998,#9999));
#9979 = ORIENTED_EDGE('',*,*,#9980,.T.);
#9980 = EDGE_CURVE('',#8682,#7718,#9981,.T.);
#9981 = SURFACE_CURVE('',#9982,(#9985,#9991),.PCURVE_S1.);
#9982 = B_SPLINE_CURVE_WITH_KNOTS('',1,(#9983,#9984),.UNSPECIFIED.,.F.,
  .F.,(2,2),(0.,1.595314381586E-02),.PIECEWISE_BEZIER_KNOTS.);
#9983 = CARTESIAN_POINT('',(-13.46415382064,18.993896016725,
    19.200817483812));
#9984 = CARTESIAN_POINT('',(-22.76157531806,31.957720726611,
    19.200817483812));
#9985 = PCURVE('',#7762,#9986);
#9986 = DEFINITIONAL_REPRESENTATION('',(#9987),#9990);
#9987 = B_SPLINE_CURVE_WITH_KNOTS('',1,(#9988,#9989),.UNSPECIFIED.,.F.,
  .F.,(2,2),(0.,1.595314381586E-02),.PIECEWISE_BEZIER_KNOTS.);
#9988 = CARTESIAN_POINT('',(9.161377015459E-03,2.116136101598E-03));
#9989 = CARTESIAN_POINT('',(-6.041014197558E-03,6.952467254013E-03));
#9990 = ( GEOMETRIC_REPRESENTATION_CONTEXT(2) 
PARAMETRIC_REPRESENTATION_CONTEXT() REPRESENTATION_CONTEXT('2D SPACE',''
  ) );
#9991 = PCURVE('',#7733,#9992);
#9992 = DEFINITIONAL_REPRESENTATION('',(#9993),#9996);
#9993 = B_SPLINE_CURVE_WITH_KNOTS('',1,(#9994,#9995),.UNSPECIFIED.,.F.,
  .F.,(2,2),(0.,1.595314381586E-02),.PIECEWISE_BEZIER_KNOTS.);
#9994 = CARTESIAN_POINT('',(-1.346415382064E-02,1.899389601672E-02));
#9995 = CARTESIAN_POINT('',(-2.276157531806E-02,3.195772072661E-02));
#9996 = ( GEOMETRIC_REPRESENTATION_CONTEXT(2) 
PARAMETRIC_REPRESENTATION_CONTEXT() REPRESENTATION_CONTEXT('2D SPACE',''
  ) );
#9997 = ORIENTED_EDGE('',*,*,#7745,.T.);
#9998 = ORIENTED_EDGE('',*,*,#9934,.T.);
#9999 = ORIENTED_EDGE('',*,*,#8704,.T.);
#10000 = ADVANCED_FACE('',(#10001),#7928,.F.);
#10001 = FACE_BOUND('',#10002,.F.);
#10002 = EDGE_LOOP('',(#10003,#10004,#10005,#10006));
#10003 = ORIENTED_EDGE('',*,*,#7912,.T.);
#10004 = ORIENTED_EDGE('',*,*,#9958,.T.);
#10005 = ORIENTED_EDGE('',*,*,#8892,.F.);
#10006 = ORIENTED_EDGE('',*,*,#10007,.T.);
#10007 = EDGE_CURVE('',#8893,#7913,#10008,.T.);
#10008 = SURFACE_CURVE('',#10009,(#10012,#10018),.PCURVE_S1.);
#10009 = B_SPLINE_CURVE_WITH_KNOTS('',1,(#10010,#10011),.UNSPECIFIED.,
  .F.,.F.,(2,2),(0.,1.595314381586E-02),.PIECEWISE_BEZIER_KNOTS.);
#10010 = CARTESIAN_POINT('',(-7.452353616551,-22.05706121798,
    19.200817483812));
#10011 = CARTESIAN_POINT('',(-12.47542087841,-37.19877819104,
    19.200817483812));
#10012 = PCURVE('',#7928,#10013);
#10013 = DEFINITIONAL_REPRESENTATION('',(#10014),#10017);
#10014 = B_SPLINE_CURVE_WITH_KNOTS('',1,(#10015,#10016),.UNSPECIFIED.,
  .F.,.F.,(2,2),(0.,1.595314381586E-02),.PIECEWISE_BEZIER_KNOTS.);
#10015 = CARTESIAN_POINT('',(-7.452353616551E-03,-2.205706121798E-02));
#10016 = CARTESIAN_POINT('',(-1.247542087841E-02,-3.719877819104E-02));
#10017 = ( GEOMETRIC_REPRESENTATION_CONTEXT(2) 
PARAMETRIC_REPRESENTATION_CONTEXT() REPRESENTATION_CONTEXT('2D SPACE',''
  ) );
#10018 = PCURVE('',#7957,#10019);
#10019 = DEFINITIONAL_REPRESENTATION('',(#10020),#10023);
#10020 = B_SPLINE_CURVE_WITH_KNOTS('',1,(#10021,#10022),.UNSPECIFIED.,
  .F.,.F.,(2,2),(0.,1.595314381586E-02),.PIECEWISE_BEZIER_KNOTS.);
#10021 = CARTESIAN_POINT('',(9.161377015459E-03,2.116136101598E-03));
#10022 = CARTESIAN_POINT('',(-6.041014197558E-03,6.952467254013E-03));
#10023 = ( GEOMETRIC_REPRESENTATION_CONTEXT(2) 
PARAMETRIC_REPRESENTATION_CONTEXT() REPRESENTATION_CONTEXT('2D SPACE',''
  ) );
#10024 = ADVANCED_FACE('',(#10025),#7733,.F.);
#10025 = FACE_BOUND('',#10026,.F.);
#10026 = EDGE_LOOP('',(#10027,#10028,#10029,#10047));
#10027 = ORIENTED_EDGE('',*,*,#9980,.T.);
#10028 = ORIENTED_EDGE('',*,*,#7717,.T.);
#10029 = ORIENTED_EDGE('',*,*,#10030,.T.);
#10030 = EDGE_CURVE('',#7690,#8659,#10031,.T.);
#10031 = SURFACE_CURVE('',#10032,(#10035,#10041),.PCURVE_S1.);
#10032 = B_SPLINE_CURVE_WITH_KNOTS('',1,(#10033,#10034),.UNSPECIFIED.,
  .F.,.F.,(2,2),(0.,1.595314381586E-02),.PIECEWISE_BEZIER_KNOTS.);
#10033 = CARTESIAN_POINT('',(-23.06175437369,31.741781774301,
    19.200817483812));
#10034 = CARTESIAN_POINT('',(-13.72699730408,18.804815048644,
    19.200817483812));
#10035 = PCURVE('',#7733,#10036);
#10036 = DEFINITIONAL_REPRESENTATION('',(#10037),#10040);
#10037 = B_SPLINE_CURVE_WITH_KNOTS('',1,(#10038,#10039),.UNSPECIFIED.,
  .F.,.F.,(2,2),(0.,1.595314381586E-02),.PIECEWISE_BEZIER_KNOTS.);
#10038 = CARTESIAN_POINT('',(-2.30617543737E-02,3.17417817743E-02));
#10039 = CARTESIAN_POINT('',(-1.372699730408E-02,1.880481504864E-02));
#10040 = ( GEOMETRIC_REPRESENTATION_CONTEXT(2) 
PARAMETRIC_REPRESENTATION_CONTEXT() REPRESENTATION_CONTEXT('2D SPACE',''
  ) );
#10041 = PCURVE('',#7705,#10042);
#10042 = DEFINITIONAL_REPRESENTATION('',(#10043),#10046);
#10043 = B_SPLINE_CURVE_WITH_KNOTS('',1,(#10044,#10045),.UNSPECIFIED.,
  .F.,.F.,(2,2),(0.,1.595314381586E-02),.PIECEWISE_BEZIER_KNOTS.);
#10044 = CARTESIAN_POINT('',(-7.848702062546E-03,-4.819598467363E-03));
#10045 = CARTESIAN_POINT('',(8.104356413425E-03,-4.767417324302E-03));
#10046 = ( GEOMETRIC_REPRESENTATION_CONTEXT(2) 
PARAMETRIC_REPRESENTATION_CONTEXT() REPRESENTATION_CONTEXT('2D SPACE',''
  ) );
#10047 = ORIENTED_EDGE('',*,*,#8681,.F.);
#10048 = ADVANCED_FACE('',(#10049),#7957,.T.);
#10049 = FACE_BOUND('',#10050,.T.);
#10050 = EDGE_LOOP('',(#10051,#10052,#10053,#10071));
#10051 = ORIENTED_EDGE('',*,*,#10007,.T.);
#10052 = ORIENTED_EDGE('',*,*,#7940,.T.);
#10053 = ORIENTED_EDGE('',*,*,#10054,.T.);
#10054 = EDGE_CURVE('',#7941,#8916,#10055,.T.);
#10055 = SURFACE_CURVE('',#10056,(#10059,#10065),.PCURVE_S1.);
#10056 = B_SPLINE_CURVE_WITH_KNOTS('',1,(#10057,#10058),.UNSPECIFIED.,
  .F.,.F.,(2,2),(0.,1.595314381586E-02),.PIECEWISE_BEZIER_KNOTS.);
#10057 = CARTESIAN_POINT('',(-23.06175437369,-31.7417817743,
    19.200817483812));
#10058 = CARTESIAN_POINT('',(-13.64256644103,-18.86615766132,
    19.200817483812));
#10059 = PCURVE('',#7957,#10060);
#10060 = DEFINITIONAL_REPRESENTATION('',(#10061),#10064);
#10061 = B_SPLINE_CURVE_WITH_KNOTS('',1,(#10062,#10063),.UNSPECIFIED.,
  .F.,.F.,(2,2),(0.,1.595314381586E-02),.PIECEWISE_BEZIER_KNOTS.);
#10062 = CARTESIAN_POINT('',(-7.848702062546E-03,-4.819598467363E-03));
#10063 = CARTESIAN_POINT('',(8.104356413425E-03,-4.767417324302E-03));
#10064 = ( GEOMETRIC_REPRESENTATION_CONTEXT(2) 
PARAMETRIC_REPRESENTATION_CONTEXT() REPRESENTATION_CONTEXT('2D SPACE',''
  ) );
#10065 = PCURVE('',#7985,#10066);
#10066 = DEFINITIONAL_REPRESENTATION('',(#10067),#10070);
#10067 = B_SPLINE_CURVE_WITH_KNOTS('',1,(#10068,#10069),.UNSPECIFIED.,
  .F.,.F.,(2,2),(0.,1.595314381586E-02),.PIECEWISE_BEZIER_KNOTS.);
#10068 = CARTESIAN_POINT('',(-2.30617543737E-02,-3.17417817743E-02));
#10069 = CARTESIAN_POINT('',(-1.364256644104E-02,-1.886615766132E-02));
#10070 = ( GEOMETRIC_REPRESENTATION_CONTEXT(2) 
PARAMETRIC_REPRESENTATION_CONTEXT() REPRESENTATION_CONTEXT('2D SPACE',''
  ) );
#10071 = ORIENTED_EDGE('',*,*,#8915,.T.);
#10072 = ADVANCED_FACE('',(#10073),#7705,.T.);
#10073 = FACE_BOUND('',#10074,.T.);
#10074 = EDGE_LOOP('',(#10075,#10093,#10094,#10095));
#10075 = ORIENTED_EDGE('',*,*,#10076,.T.);
#10076 = EDGE_CURVE('',#8636,#7662,#10077,.T.);
#10077 = SURFACE_CURVE('',#10078,(#10081,#10087),.PCURVE_S1.);
#10078 = B_SPLINE_CURVE_WITH_KNOTS('',1,(#10079,#10080),.UNSPECIFIED.,
  .F.,.F.,(2,2),(0.,1.595314381586E-02),.PIECEWISE_BEZIER_KNOTS.);
#10079 = CARTESIAN_POINT('',(-18.67460788607,13.903616231082,
    19.200817483812));
#10080 = CARTESIAN_POINT('',(-31.52302333339,23.359884950957,
    19.200817483812));
#10081 = PCURVE('',#7705,#10082);
#10082 = DEFINITIONAL_REPRESENTATION('',(#10083),#10086);
#10083 = B_SPLINE_CURVE_WITH_KNOTS('',1,(#10084,#10085),.UNSPECIFIED.,
  .F.,.F.,(2,2),(0.,1.595314381586E-02),.PIECEWISE_BEZIER_KNOTS.);
#10084 = CARTESIAN_POINT('',(9.161377015459E-03,2.116136101598E-03));
#10085 = CARTESIAN_POINT('',(-6.041014197558E-03,6.952467254013E-03));
#10086 = ( GEOMETRIC_REPRESENTATION_CONTEXT(2) 
PARAMETRIC_REPRESENTATION_CONTEXT() REPRESENTATION_CONTEXT('2D SPACE',''
  ) );
#10087 = PCURVE('',#7677,#10088);
#10088 = DEFINITIONAL_REPRESENTATION('',(#10089),#10092);
#10089 = B_SPLINE_CURVE_WITH_KNOTS('',1,(#10090,#10091),.UNSPECIFIED.,
  .F.,.F.,(2,2),(0.,1.595314381586E-02),.PIECEWISE_BEZIER_KNOTS.);
#10090 = CARTESIAN_POINT('',(-1.867460788608E-02,1.390361623108E-02));
#10091 = CARTESIAN_POINT('',(-3.15230233334E-02,2.335988495096E-02));
#10092 = ( GEOMETRIC_REPRESENTATION_CONTEXT(2) 
PARAMETRIC_REPRESENTATION_CONTEXT() REPRESENTATION_CONTEXT('2D SPACE',''
  ) );
#10093 = ORIENTED_EDGE('',*,*,#7689,.T.);
#10094 = ORIENTED_EDGE('',*,*,#10030,.T.);
#10095 = ORIENTED_EDGE('',*,*,#8658,.T.);
#10096 = ADVANCED_FACE('',(#10097),#7985,.F.);
#10097 = FACE_BOUND('',#10098,.F.);
#10098 = EDGE_LOOP('',(#10099,#10100,#10101,#10102));
#10099 = ORIENTED_EDGE('',*,*,#7969,.T.);
#10100 = ORIENTED_EDGE('',*,*,#10054,.T.);
#10101 = ORIENTED_EDGE('',*,*,#8939,.F.);
#10102 = ORIENTED_EDGE('',*,*,#10103,.T.);
#10103 = EDGE_CURVE('',#8940,#7970,#10104,.T.);
#10104 = SURFACE_CURVE('',#10105,(#10108,#10114),.PCURVE_S1.);
#10105 = B_SPLINE_CURVE_WITH_KNOTS('',1,(#10106,#10107),.UNSPECIFIED.,
  .F.,.F.,(2,2),(0.,1.595314381586E-02),.PIECEWISE_BEZIER_KNOTS.);
#10106 = CARTESIAN_POINT('',(-13.90361623108,-18.67460788607,
    19.200817483812));
#10107 = CARTESIAN_POINT('',(-23.35988495095,-31.52302333339,
    19.200817483812));
#10108 = PCURVE('',#7985,#10109);
#10109 = DEFINITIONAL_REPRESENTATION('',(#10110),#10113);
#10110 = B_SPLINE_CURVE_WITH_KNOTS('',1,(#10111,#10112),.UNSPECIFIED.,
  .F.,.F.,(2,2),(0.,1.595314381586E-02),.PIECEWISE_BEZIER_KNOTS.);
#10111 = CARTESIAN_POINT('',(-1.390361623108E-02,-1.867460788608E-02));
#10112 = CARTESIAN_POINT('',(-2.335988495096E-02,-3.15230233334E-02));
#10113 = ( GEOMETRIC_REPRESENTATION_CONTEXT(2) 
PARAMETRIC_REPRESENTATION_CONTEXT() REPRESENTATION_CONTEXT('2D SPACE',''
  ) );
#10114 = PCURVE('',#8013,#10115);
#10115 = DEFINITIONAL_REPRESENTATION('',(#10116),#10119);
#10116 = B_SPLINE_CURVE_WITH_KNOTS('',1,(#10117,#10118),.UNSPECIFIED.,
  .F.,.F.,(2,2),(0.,1.595314381586E-02),.PIECEWISE_BEZIER_KNOTS.);
#10117 = CARTESIAN_POINT('',(9.161377015459E-03,2.116136101598E-03));
#10118 = CARTESIAN_POINT('',(-6.041014197558E-03,6.952467254013E-03));
#10119 = ( GEOMETRIC_REPRESENTATION_CONTEXT(2) 
PARAMETRIC_REPRESENTATION_CONTEXT() REPRESENTATION_CONTEXT('2D SPACE',''
  ) );
#10120 = ADVANCED_FACE('',(#10121),#7677,.F.);
#10121 = FACE_BOUND('',#10122,.F.);
#10122 = EDGE_LOOP('',(#10123,#10124,#10125,#10143));
#10123 = ORIENTED_EDGE('',*,*,#10076,.T.);
#10124 = ORIENTED_EDGE('',*,*,#7661,.T.);
#10125 = ORIENTED_EDGE('',*,*,#10126,.T.);
#10126 = EDGE_CURVE('',#7633,#8612,#10127,.T.);
#10127 = SURFACE_CURVE('',#10128,(#10131,#10137),.PCURVE_S1.);
#10128 = B_SPLINE_CURVE_WITH_KNOTS('',1,(#10129,#10130),.UNSPECIFIED.,
  .F.,.F.,(2,2),(0.,1.595314381586E-02),.PIECEWISE_BEZIER_KNOTS.);
#10129 = CARTESIAN_POINT('',(-31.7417817743,23.061754373695,
    19.200817483812));
#10130 = CARTESIAN_POINT('',(-18.86615766132,13.642566441038,
    19.200817483812));
#10131 = PCURVE('',#7677,#10132);
#10132 = DEFINITIONAL_REPRESENTATION('',(#10133),#10136);
#10133 = B_SPLINE_CURVE_WITH_KNOTS('',1,(#10134,#10135),.UNSPECIFIED.,
  .F.,.F.,(2,2),(0.,1.595314381586E-02),.PIECEWISE_BEZIER_KNOTS.);
#10134 = CARTESIAN_POINT('',(-3.17417817743E-02,2.30617543737E-02));
#10135 = CARTESIAN_POINT('',(-1.886615766132E-02,1.364256644104E-02));
#10136 = ( GEOMETRIC_REPRESENTATION_CONTEXT(2) 
PARAMETRIC_REPRESENTATION_CONTEXT() REPRESENTATION_CONTEXT('2D SPACE',''
  ) );
#10137 = PCURVE('',#7649,#10138);
#10138 = DEFINITIONAL_REPRESENTATION('',(#10139),#10142);
#10139 = B_SPLINE_CURVE_WITH_KNOTS('',1,(#10140,#10141),.UNSPECIFIED.,
  .F.,.F.,(2,2),(0.,1.595314381586E-02),.PIECEWISE_BEZIER_KNOTS.);
#10140 = CARTESIAN_POINT('',(-7.848702062546E-03,-4.819598467363E-03));
#10141 = CARTESIAN_POINT('',(8.104356413425E-03,-4.767417324302E-03));
#10142 = ( GEOMETRIC_REPRESENTATION_CONTEXT(2) 
PARAMETRIC_REPRESENTATION_CONTEXT() REPRESENTATION_CONTEXT('2D SPACE',''
  ) );
#10143 = ORIENTED_EDGE('',*,*,#8635,.F.);
#10144 = ADVANCED_FACE('',(#10145),#8013,.T.);
#10145 = FACE_BOUND('',#10146,.T.);
#10146 = EDGE_LOOP('',(#10147,#10148,#10149,#10167));
#10147 = ORIENTED_EDGE('',*,*,#10103,.T.);
#10148 = ORIENTED_EDGE('',*,*,#7997,.T.);
#10149 = ORIENTED_EDGE('',*,*,#10150,.T.);
#10150 = EDGE_CURVE('',#7998,#8963,#10151,.T.);
#10151 = SURFACE_CURVE('',#10152,(#10155,#10161),.PCURVE_S1.);
#10152 = B_SPLINE_CURVE_WITH_KNOTS('',1,(#10153,#10154),.UNSPECIFIED.,
  .F.,.F.,(2,2),(0.,1.595314381586E-02),.PIECEWISE_BEZIER_KNOTS.);
#10153 = CARTESIAN_POINT('',(-31.7417817743,-23.06175437369,
    19.200817483812));
#10154 = CARTESIAN_POINT('',(-18.80481504864,-13.72699730408,
    19.200817483812));
#10155 = PCURVE('',#8013,#10156);
#10156 = DEFINITIONAL_REPRESENTATION('',(#10157),#10160);
#10157 = B_SPLINE_CURVE_WITH_KNOTS('',1,(#10158,#10159),.UNSPECIFIED.,
  .F.,.F.,(2,2),(0.,1.595314381586E-02),.PIECEWISE_BEZIER_KNOTS.);
#10158 = CARTESIAN_POINT('',(-7.848702062546E-03,-4.819598467363E-03));
#10159 = CARTESIAN_POINT('',(8.104356413425E-03,-4.767417324302E-03));
#10160 = ( GEOMETRIC_REPRESENTATION_CONTEXT(2) 
PARAMETRIC_REPRESENTATION_CONTEXT() REPRESENTATION_CONTEXT('2D SPACE',''
  ) );
#10161 = PCURVE('',#8041,#10162);
#10162 = DEFINITIONAL_REPRESENTATION('',(#10163),#10166);
#10163 = B_SPLINE_CURVE_WITH_KNOTS('',1,(#10164,#10165),.UNSPECIFIED.,
  .F.,.F.,(2,2),(0.,1.595314381586E-02),.PIECEWISE_BEZIER_KNOTS.);
#10164 = CARTESIAN_POINT('',(-3.17417817743E-02,-2.30617543737E-02));
#10165 = CARTESIAN_POINT('',(-1.880481504864E-02,-1.372699730408E-02));
#10166 = ( GEOMETRIC_REPRESENTATION_CONTEXT(2) 
PARAMETRIC_REPRESENTATION_CONTEXT() REPRESENTATION_CONTEXT('2D SPACE',''
  ) );
#10167 = ORIENTED_EDGE('',*,*,#8962,.T.);
#10168 = ADVANCED_FACE('',(#10169),#7649,.T.);
#10169 = FACE_BOUND('',#10170,.T.);
#10170 = EDGE_LOOP('',(#10171,#10189,#10190,#10191));
#10171 = ORIENTED_EDGE('',*,*,#10172,.T.);
#10172 = EDGE_CURVE('',#8589,#7605,#10173,.T.);
#10173 = SURFACE_CURVE('',#10174,(#10177,#10183),.PCURVE_S1.);
#10174 = B_SPLINE_CURVE_WITH_KNOTS('',1,(#10175,#10176),.UNSPECIFIED.,
  .F.,.F.,(2,2),(0.,1.595314381586E-02),.PIECEWISE_BEZIER_KNOTS.);
#10175 = CARTESIAN_POINT('',(-22.05706121798,7.452353616551,
    19.200817483812));
#10176 = CARTESIAN_POINT('',(-37.19877819104,12.475420878415,
    19.200817483812));
#10177 = PCURVE('',#7649,#10178);
#10178 = DEFINITIONAL_REPRESENTATION('',(#10179),#10182);
#10179 = B_SPLINE_CURVE_WITH_KNOTS('',1,(#10180,#10181),.UNSPECIFIED.,
  .F.,.F.,(2,2),(0.,1.595314381586E-02),.PIECEWISE_BEZIER_KNOTS.);
#10180 = CARTESIAN_POINT('',(9.161377015459E-03,2.116136101598E-03));
#10181 = CARTESIAN_POINT('',(-6.041014197558E-03,6.952467254013E-03));
#10182 = ( GEOMETRIC_REPRESENTATION_CONTEXT(2) 
PARAMETRIC_REPRESENTATION_CONTEXT() REPRESENTATION_CONTEXT('2D SPACE',''
  ) );
#10183 = PCURVE('',#7620,#10184);
#10184 = DEFINITIONAL_REPRESENTATION('',(#10185),#10188);
#10185 = B_SPLINE_CURVE_WITH_KNOTS('',1,(#10186,#10187),.UNSPECIFIED.,
  .F.,.F.,(2,2),(0.,1.595314381586E-02),.PIECEWISE_BEZIER_KNOTS.);
#10186 = CARTESIAN_POINT('',(-2.205706121798E-02,7.452353616551E-03));
#10187 = CARTESIAN_POINT('',(-3.719877819104E-02,1.247542087841E-02));
#10188 = ( GEOMETRIC_REPRESENTATION_CONTEXT(2) 
PARAMETRIC_REPRESENTATION_CONTEXT() REPRESENTATION_CONTEXT('2D SPACE',''
  ) );
#10189 = ORIENTED_EDGE('',*,*,#7632,.T.);
#10190 = ORIENTED_EDGE('',*,*,#10126,.T.);
#10191 = ORIENTED_EDGE('',*,*,#8611,.T.);
#10192 = ADVANCED_FACE('',(#10193),#8041,.F.);
#10193 = FACE_BOUND('',#10194,.F.);
#10194 = EDGE_LOOP('',(#10195,#10196,#10197,#10198));
#10195 = ORIENTED_EDGE('',*,*,#8025,.T.);
#10196 = ORIENTED_EDGE('',*,*,#10150,.T.);
#10197 = ORIENTED_EDGE('',*,*,#8985,.F.);
#10198 = ORIENTED_EDGE('',*,*,#10199,.T.);
#10199 = EDGE_CURVE('',#8986,#8026,#10200,.T.);
#10200 = SURFACE_CURVE('',#10201,(#10204,#10210),.PCURVE_S1.);
#10201 = B_SPLINE_CURVE_WITH_KNOTS('',1,(#10202,#10203),.UNSPECIFIED.,
  .F.,.F.,(2,2),(0.,1.595314381586E-02),.PIECEWISE_BEZIER_KNOTS.);
#10202 = CARTESIAN_POINT('',(-18.99389601672,-13.46415382064,
    19.200817483812));
#10203 = CARTESIAN_POINT('',(-31.95772072661,-22.76157531806,
    19.200817483812));
#10204 = PCURVE('',#8041,#10205);
#10205 = DEFINITIONAL_REPRESENTATION('',(#10206),#10209);
#10206 = B_SPLINE_CURVE_WITH_KNOTS('',1,(#10207,#10208),.UNSPECIFIED.,
  .F.,.F.,(2,2),(0.,1.595314381586E-02),.PIECEWISE_BEZIER_KNOTS.);
#10207 = CARTESIAN_POINT('',(-1.899389601672E-02,-1.346415382064E-02));
#10208 = CARTESIAN_POINT('',(-3.195772072661E-02,-2.276157531806E-02));
#10209 = ( GEOMETRIC_REPRESENTATION_CONTEXT(2) 
PARAMETRIC_REPRESENTATION_CONTEXT() REPRESENTATION_CONTEXT('2D SPACE',''
  ) );
#10210 = PCURVE('',#8070,#10211);
#10211 = DEFINITIONAL_REPRESENTATION('',(#10212),#10215);
#10212 = B_SPLINE_CURVE_WITH_KNOTS('',1,(#10213,#10214),.UNSPECIFIED.,
  .F.,.F.,(2,2),(0.,1.595314381586E-02),.PIECEWISE_BEZIER_KNOTS.);
#10213 = CARTESIAN_POINT('',(9.161377015459E-03,2.116136101598E-03));
#10214 = CARTESIAN_POINT('',(-6.041014197558E-03,6.952467254013E-03));
#10215 = ( GEOMETRIC_REPRESENTATION_CONTEXT(2) 
PARAMETRIC_REPRESENTATION_CONTEXT() REPRESENTATION_CONTEXT('2D SPACE',''
  ) );
#10216 = ADVANCED_FACE('',(#10217),#7620,.F.);
#10217 = FACE_BOUND('',#10218,.F.);
#10218 = EDGE_LOOP('',(#10219,#10220,#10221,#10239));
#10219 = ORIENTED_EDGE('',*,*,#10172,.T.);
#10220 = ORIENTED_EDGE('',*,*,#7604,.T.);
#10221 = ORIENTED_EDGE('',*,*,#10222,.T.);
#10222 = EDGE_CURVE('',#7576,#8565,#10223,.T.);
#10223 = SURFACE_CURVE('',#10224,(#10227,#10233),.PCURVE_S1.);
#10224 = B_SPLINE_CURVE_WITH_KNOTS('',1,(#10225,#10226),.UNSPECIFIED.,
  .F.,.F.,(2,2),(0.,1.595314381586E-02),.PIECEWISE_BEZIER_KNOTS.);
#10225 = CARTESIAN_POINT('',(-37.31470241684,12.124281774301,
    19.200817483812));
#10226 = CARTESIAN_POINT('',(-22.15856705842,7.144888376833,
    19.200817483812));
#10227 = PCURVE('',#7620,#10228);
#10228 = DEFINITIONAL_REPRESENTATION('',(#10229),#10232);
#10229 = B_SPLINE_CURVE_WITH_KNOTS('',1,(#10230,#10231),.UNSPECIFIED.,
  .F.,.F.,(2,2),(0.,1.595314381586E-02),.PIECEWISE_BEZIER_KNOTS.);
#10230 = CARTESIAN_POINT('',(-3.731470241684E-02,1.21242817743E-02));
#10231 = CARTESIAN_POINT('',(-2.215856705842E-02,7.144888376833E-03));
#10232 = ( GEOMETRIC_REPRESENTATION_CONTEXT(2) 
PARAMETRIC_REPRESENTATION_CONTEXT() REPRESENTATION_CONTEXT('2D SPACE',''
  ) );
#10233 = PCURVE('',#7592,#10234);
#10234 = DEFINITIONAL_REPRESENTATION('',(#10235),#10238);
#10235 = B_SPLINE_CURVE_WITH_KNOTS('',1,(#10236,#10237),.UNSPECIFIED.,
  .F.,.F.,(2,2),(0.,1.595314381586E-02),.PIECEWISE_BEZIER_KNOTS.);
#10236 = CARTESIAN_POINT('',(-7.848702062546E-03,-4.819598467363E-03));
#10237 = CARTESIAN_POINT('',(8.104356413425E-03,-4.767417324302E-03));
#10238 = ( GEOMETRIC_REPRESENTATION_CONTEXT(2) 
PARAMETRIC_REPRESENTATION_CONTEXT() REPRESENTATION_CONTEXT('2D SPACE',''
  ) );
#10239 = ORIENTED_EDGE('',*,*,#8588,.F.);
#10240 = ADVANCED_FACE('',(#10241),#8070,.T.);
#10241 = FACE_BOUND('',#10242,.T.);
#10242 = EDGE_LOOP('',(#10243,#10244,#10245,#10263));
#10243 = ORIENTED_EDGE('',*,*,#10199,.T.);
#10244 = ORIENTED_EDGE('',*,*,#8053,.T.);
#10245 = ORIENTED_EDGE('',*,*,#10246,.T.);
#10246 = EDGE_CURVE('',#8054,#9009,#10247,.T.);
#10247 = SURFACE_CURVE('',#10248,(#10251,#10257),.PCURVE_S1.);
#10248 = B_SPLINE_CURVE_WITH_KNOTS('',1,(#10249,#10250),.UNSPECIFIED.,
  .F.,.F.,(2,2),(0.,1.595314381586E-02),.PIECEWISE_BEZIER_KNOTS.);
#10249 = CARTESIAN_POINT('',(-37.31470241684,-12.1242817743,
    19.200817483812));
#10250 = CARTESIAN_POINT('',(-22.12631733843,-7.244142809105,
    19.200817483812));
#10251 = PCURVE('',#8070,#10252);
#10252 = DEFINITIONAL_REPRESENTATION('',(#10253),#10256);
#10253 = B_SPLINE_CURVE_WITH_KNOTS('',1,(#10254,#10255),.UNSPECIFIED.,
  .F.,.F.,(2,2),(0.,1.595314381586E-02),.PIECEWISE_BEZIER_KNOTS.);
#10254 = CARTESIAN_POINT('',(-7.848702062546E-03,-4.819598467363E-03));
#10255 = CARTESIAN_POINT('',(8.104356413425E-03,-4.767417324302E-03));
#10256 = ( GEOMETRIC_REPRESENTATION_CONTEXT(2) 
PARAMETRIC_REPRESENTATION_CONTEXT() REPRESENTATION_CONTEXT('2D SPACE',''
  ) );
#10257 = PCURVE('',#8098,#10258);
#10258 = DEFINITIONAL_REPRESENTATION('',(#10259),#10262);
#10259 = B_SPLINE_CURVE_WITH_KNOTS('',1,(#10260,#10261),.UNSPECIFIED.,
  .F.,.F.,(2,2),(0.,1.595314381586E-02),.PIECEWISE_BEZIER_KNOTS.);
#10260 = CARTESIAN_POINT('',(-3.731470241684E-02,-1.21242817743E-02));
#10261 = CARTESIAN_POINT('',(-2.212631733844E-02,-7.244142809105E-03));
#10262 = ( GEOMETRIC_REPRESENTATION_CONTEXT(2) 
PARAMETRIC_REPRESENTATION_CONTEXT() REPRESENTATION_CONTEXT('2D SPACE',''
  ) );
#10263 = ORIENTED_EDGE('',*,*,#9008,.T.);
#10264 = ADVANCED_FACE('',(#10265),#7592,.T.);
#10265 = FACE_BOUND('',#10266,.T.);
#10266 = EDGE_LOOP('',(#10267,#10285,#10286,#10287));
#10267 = ORIENTED_EDGE('',*,*,#10268,.T.);
#10268 = EDGE_CURVE('',#8542,#7548,#10269,.T.);
#10269 = SURFACE_CURVE('',#10270,(#10273,#10279),.PCURVE_S1.);
#10270 = B_SPLINE_CURVE_WITH_KNOTS('',1,(#10271,#10272),.UNSPECIFIED.,
  .F.,.F.,(2,2),(0.,1.595314381586E-02),.PIECEWISE_BEZIER_KNOTS.);
#10271 = CARTESIAN_POINT('',(-23.28041571729,0.271602706431,
    19.200817483812));
#10272 = CARTESIAN_POINT('',(-39.23325746022,0.369775688924,
    19.200817483812));
#10273 = PCURVE('',#7592,#10274);
#10274 = DEFINITIONAL_REPRESENTATION('',(#10275),#10278);
#10275 = B_SPLINE_CURVE_WITH_KNOTS('',1,(#10276,#10277),.UNSPECIFIED.,
  .F.,.F.,(2,2),(0.,1.595314381586E-02),.PIECEWISE_BEZIER_KNOTS.);
#10276 = CARTESIAN_POINT('',(9.161377015459E-03,2.116136101598E-03));
#10277 = CARTESIAN_POINT('',(-6.041014197558E-03,6.952467254013E-03));
#10278 = ( GEOMETRIC_REPRESENTATION_CONTEXT(2) 
PARAMETRIC_REPRESENTATION_CONTEXT() REPRESENTATION_CONTEXT('2D SPACE',''
  ) );
#10279 = PCURVE('',#7563,#10280);
#10280 = DEFINITIONAL_REPRESENTATION('',(#10281),#10284);
#10281 = B_SPLINE_CURVE_WITH_KNOTS('',1,(#10282,#10283),.UNSPECIFIED.,
  .F.,.F.,(2,2),(0.,1.595314381586E-02),.PIECEWISE_BEZIER_KNOTS.);
#10282 = CARTESIAN_POINT('',(-2.328041571729E-02,2.716027064313E-04));
#10283 = CARTESIAN_POINT('',(-3.923325746022E-02,3.697756889244E-04));
#10284 = ( GEOMETRIC_REPRESENTATION_CONTEXT(2) 
PARAMETRIC_REPRESENTATION_CONTEXT() REPRESENTATION_CONTEXT('2D SPACE',''
  ) );
#10285 = ORIENTED_EDGE('',*,*,#7575,.T.);
#10286 = ORIENTED_EDGE('',*,*,#10222,.T.);
#10287 = ORIENTED_EDGE('',*,*,#8564,.T.);
#10288 = ADVANCED_FACE('',(#10289),#8098,.F.);
#10289 = FACE_BOUND('',#10290,.F.);
#10290 = EDGE_LOOP('',(#10291,#10292,#10293,#10294));
#10291 = ORIENTED_EDGE('',*,*,#8082,.T.);
#10292 = ORIENTED_EDGE('',*,*,#10246,.T.);
#10293 = ORIENTED_EDGE('',*,*,#9032,.F.);
#10294 = ORIENTED_EDGE('',*,*,#10295,.T.);
#10295 = EDGE_CURVE('',#9033,#8083,#10296,.T.);
#10296 = SURFACE_CURVE('',#10297,(#10300,#10306),.PCURVE_S1.);
#10297 = B_SPLINE_CURVE_WITH_KNOTS('',1,(#10298,#10299),.UNSPECIFIED.,
  .F.,.F.,(2,2),(0.,1.595314381586E-02),.PIECEWISE_BEZIER_KNOTS.);
#10298 = CARTESIAN_POINT('',(-22.22492092199,-6.935734568961,
    19.200817483812));
#10299 = CARTESIAN_POINT('',(-37.42731213501,-11.77206572137,
    19.200817483812));
#10300 = PCURVE('',#8098,#10301);
#10301 = DEFINITIONAL_REPRESENTATION('',(#10302),#10305);
#10302 = B_SPLINE_CURVE_WITH_KNOTS('',1,(#10303,#10304),.UNSPECIFIED.,
  .F.,.F.,(2,2),(0.,1.595314381586E-02),.PIECEWISE_BEZIER_KNOTS.);
#10303 = CARTESIAN_POINT('',(-2.222492092199E-02,-6.935734568961E-03));
#10304 = CARTESIAN_POINT('',(-3.742731213501E-02,-1.177206572138E-02));
#10305 = ( GEOMETRIC_REPRESENTATION_CONTEXT(2) 
PARAMETRIC_REPRESENTATION_CONTEXT() REPRESENTATION_CONTEXT('2D SPACE',''
  ) );
#10306 = PCURVE('',#8125,#10307);
#10307 = DEFINITIONAL_REPRESENTATION('',(#10308),#10311);
#10308 = B_SPLINE_CURVE_WITH_KNOTS('',1,(#10309,#10310),.UNSPECIFIED.,
  .F.,.F.,(2,2),(0.,1.595314381586E-02),.PIECEWISE_BEZIER_KNOTS.);
#10309 = CARTESIAN_POINT('',(9.161377015459E-03,2.116136101598E-03));
#10310 = CARTESIAN_POINT('',(-6.041014197558E-03,6.952467254013E-03));
#10311 = ( GEOMETRIC_REPRESENTATION_CONTEXT(2) 
PARAMETRIC_REPRESENTATION_CONTEXT() REPRESENTATION_CONTEXT('2D SPACE',''
  ) );
#10312 = ADVANCED_FACE('',(#10313),#7563,.F.);
#10313 = FACE_BOUND('',#10314,.F.);
#10314 = EDGE_LOOP('',(#10315,#10316,#10317,#10335,#10336));
#10315 = ORIENTED_EDGE('',*,*,#10268,.T.);
#10316 = ORIENTED_EDGE('',*,*,#7547,.T.);
#10317 = ORIENTED_EDGE('',*,*,#10318,.T.);
#10318 = EDGE_CURVE('',#7526,#9056,#10319,.T.);
#10319 = SURFACE_CURVE('',#10320,(#10323,#10329),.PCURVE_S1.);
#10320 = B_SPLINE_CURVE_WITH_KNOTS('',1,(#10321,#10322),.UNSPECIFIED.,
  .F.,.F.,(2,2),(0.,1.595314381586E-02),.PIECEWISE_BEZIER_KNOTS.);
#10321 = CARTESIAN_POINT('',(-39.235,0.,19.200817483812));
#10322 = CARTESIAN_POINT('',(-23.28194152402,-5.218114306117E-02,
    19.200817483812));
#10323 = PCURVE('',#7563,#10324);
#10324 = DEFINITIONAL_REPRESENTATION('',(#10325),#10328);
#10325 = B_SPLINE_CURVE_WITH_KNOTS('',1,(#10326,#10327),.UNSPECIFIED.,
  .F.,.F.,(2,2),(0.,1.595314381586E-02),.PIECEWISE_BEZIER_KNOTS.);
#10326 = CARTESIAN_POINT('',(-3.9235E-02,1.089936092671E-18));
#10327 = CARTESIAN_POINT('',(-2.328194152403E-02,-5.218114306117E-05));
#10328 = ( GEOMETRIC_REPRESENTATION_CONTEXT(2) 
PARAMETRIC_REPRESENTATION_CONTEXT() REPRESENTATION_CONTEXT('2D SPACE',''
  ) );
#10329 = PCURVE('',#8125,#10330);
#10330 = DEFINITIONAL_REPRESENTATION('',(#10331),#10334);
#10331 = B_SPLINE_CURVE_WITH_KNOTS('',1,(#10332,#10333),.UNSPECIFIED.,
  .F.,.F.,(2,2),(0.,1.595314381586E-02),.PIECEWISE_BEZIER_KNOTS.);
#10332 = CARTESIAN_POINT('',(-7.848702062546E-03,-4.819598467363E-03));
#10333 = CARTESIAN_POINT('',(8.104356413425E-03,-4.767417324302E-03));
#10334 = ( GEOMETRIC_REPRESENTATION_CONTEXT(2) 
PARAMETRIC_REPRESENTATION_CONTEXT() REPRESENTATION_CONTEXT('2D SPACE',''
  ) );
#10335 = ORIENTED_EDGE('',*,*,#9079,.F.);
#10336 = ORIENTED_EDGE('',*,*,#8541,.F.);
#10337 = ADVANCED_FACE('',(#10338),#8125,.T.);
#10338 = FACE_BOUND('',#10339,.T.);
#10339 = EDGE_LOOP('',(#10340,#10341,#10342,#10343));
#10340 = ORIENTED_EDGE('',*,*,#10295,.T.);
#10341 = ORIENTED_EDGE('',*,*,#8110,.T.);
#10342 = ORIENTED_EDGE('',*,*,#10318,.T.);
#10343 = ORIENTED_EDGE('',*,*,#9055,.T.);
#10344 = ADVANCED_FACE('',(#10345,#10351),#6837,.T.);
#10345 = FACE_BOUND('',#10346,.T.);
#10346 = EDGE_LOOP('',(#10347,#10348,#10349,#10350));
#10347 = ORIENTED_EDGE('',*,*,#6821,.T.);
#10348 = ORIENTED_EDGE('',*,*,#7502,.T.);
#10349 = ORIENTED_EDGE('',*,*,#7833,.T.);
#10350 = ORIENTED_EDGE('',*,*,#7194,.T.);
#10351 = FACE_BOUND('',#10352,.T.);
#10352 = EDGE_LOOP('',(#10353,#10354,#10355,#10356));
#10353 = ORIENTED_EDGE('',*,*,#8178,.F.);
#10354 = ORIENTED_EDGE('',*,*,#9104,.F.);
#10355 = ORIENTED_EDGE('',*,*,#8800,.F.);
#10356 = ORIENTED_EDGE('',*,*,#8489,.F.);
#10357 = ( GEOMETRIC_REPRESENTATION_CONTEXT(3) 
GLOBAL_UNCERTAINTY_ASSIGNED_CONTEXT((#10361)) 
GLOBAL_UNIT_ASSIGNED_CONTEXT((#10358,#10359,#10360)) 
REPRESENTATION_CONTEXT('Context #1',
  '3D Context with UNIT and UNCERTAINTY') );
#10358 = ( LENGTH_UNIT() NAMED_UNIT(*) SI_UNIT(.MILLI.,.METRE.) );
#10359 = ( NAMED_UNIT(*) PLANE_ANGLE_UNIT() SI_UNIT($,.RADIAN.) );
#10360 = ( NAMED_UNIT(*) SI_UNIT($,.STERADIAN.) SOLID_ANGLE_UNIT() );
#10361 = UNCERTAINTY_MEASURE_WITH_UNIT(LENGTH_MEASURE(1.E-04),#10358,
  'distance_accuracy_value','confusion accuracy');
#10362 = CONTEXT_DEPENDENT_SHAPE_REPRESENTATION(#10363,#10365);
#10363 = ( REPRESENTATION_RELATIONSHIP('','',#6776,#10) 
REPRESENTATION_RELATIONSHIP_WITH_TRANSFORMATION(#10364) 
SHAPE_REPRESENTATION_RELATIONSHIP() );
#10364 = ITEM_DEFINED_TRANSFORMATION('','',#11,#95);
#10365 = PRODUCT_DEFINITION_SHAPE('Placement','Placement of an item',
  #10366);
#10366 = NEXT_ASSEMBLY_USAGE_OCCURRENCE('7799','','',#5,#6771,$);
#10367 = PRODUCT_RELATED_PRODUCT_CATEGORY('part',$,(#6773));
#10368 = SHAPE_DEFINITION_REPRESENTATION(#10369,#10375);
#10369 = PRODUCT_DEFINITION_SHAPE('','',#10370);
#10370 = PRODUCT_DEFINITION('design','',#10371,#10374);
#10371 = PRODUCT_DEFINITION_FORMATION('','',#10372);
#10372 = PRODUCT('Open CASCADE STEP translator 7.8 200.22',
  'Open CASCADE STEP translator 7.8 200.22','',(#10373));
#10373 = PRODUCT_CONTEXT('',#2,'mechanical');
#10374 = PRODUCT_DEFINITION_CONTEXT('part definition',#2,'design');
#10375 = GEOMETRICALLY_BOUNDED_WIREFRAME_SHAPE_REPRESENTATION('',(#11,
    #10376),#10382);
#10376 = GEOMETRIC_CURVE_SET('',(#10377,#10378,#10379,#10380,#10381));
#10377 = CARTESIAN_POINT('',(0.,0.,1.41802890726E-02));
#10378 = CARTESIAN_POINT('',(0.,0.,1.43052890726E-02));
#10379 = CARTESIAN_POINT('',(0.,0.,1.44302890726E-02));
#10380 = CARTESIAN_POINT('',(0.,0.,1.920081748381E-02));
#10381 = CARTESIAN_POINT('',(0.,0.,1.44302890726E-02));
#10382 = ( GEOMETRIC_REPRESENTATION_CONTEXT(3) 
GLOBAL_UNCERTAINTY_ASSIGNED_CONTEXT((#10386)) 
GLOBAL_UNIT_ASSIGNED_CONTEXT((#10383,#10384,#10385)) 
REPRESENTATION_CONTEXT('Context #1',
  '3D Context with UNIT and UNCERTAINTY') );
#10383 = ( LENGTH_UNIT() NAMED_UNIT(*) SI_UNIT(.MILLI.,.METRE.) );
#10384 = ( NAMED_UNIT(*) PLANE_ANGLE_UNIT() SI_UNIT($,.RADIAN.) );
#10385 = ( NAMED_UNIT(*) SI_UNIT($,.STERADIAN.) SOLID_ANGLE_UNIT() );
#10386 = UNCERTAINTY_MEASURE_WITH_UNIT(LENGTH_MEASURE(1.E-07),#10383,
  'distance_accuracy_value','confusion accuracy');
#10387 = CONTEXT_DEPENDENT_SHAPE_REPRESENTATION(#10388,#10390);
#10388 = ( REPRESENTATION_RELATIONSHIP('','',#10375,#10) 
REPRESENTATION_RELATIONSHIP_WITH_TRANSFORMATION(#10389) 
SHAPE_REPRESENTATION_RELATIONSHIP() );
#10389 = ITEM_DEFINED_TRANSFORMATION('','',#11,#99);
#10390 = PRODUCT_DEFINITION_SHAPE('Placement','Placement of an item',
  #10391);
#10391 = NEXT_ASSEMBLY_USAGE_OCCURRENCE('7800','','',#5,#10370,$);
#10392 = PRODUCT_RELATED_PRODUCT_CATEGORY('part',$,(#10372));
ENDSEC;
END-ISO-10303-21;
